teste,modelo,falha,janela,passo_cfg,passo_real,amostras_treino,amostras_teste,positivos_treino,negativos_treino,positivos_teste,negativos_teste,eventos_reais_teste,eventos_detectados,diferenca_eventos,accuracy,balanced_accuracy,precision_pos,recall_pos,f1_pos,specificity,tn,fp,fn,tp
sem_erro,catboost,lacuna,20,5,5,947,947,283,664,0,947,0,0,0,1.0,1.0,0.0,0.0,0.0,0.9999999999989441,947,0,0,0
sem_erro,catboost,lacuna,20,10,10,474,474,144,330,0,474,0,0,0,1.0,1.0,0.0,0.0,0.0,0.9999999999978904,474,0,0,0
sem_erro,catboost,lacuna,20,15,15,316,316,96,220,0,316,0,0,0,1.0,1.0,0.0,0.0,0.0,0.9999999999968355,316,0,0,0
sem_erro,catboost,lacuna,20,20,20,237,237,72,165,0,237,0,0,0,1.0,1.0,0.0,0.0,0.0,0.9999999999957806,237,0,0,0
sem_erro,catboost,lacuna,30,5,5,945,945,321,624,0,945,0,0,0,1.0,1.0,0.0,0.0,0.0,0.9999999999989418,945,0,0,0
sem_erro,catboost,lacuna,30,10,10,473,473,163,310,0,473,0,0,0,1.0,1.0,0.0,0.0,0.0,0.9999999999978858,473,0,0,0
sem_erro,catboost,lacuna,30,15,15,315,315,106,209,0,315,0,0,0,1.0,1.0,0.0,0.0,0.0,0.9999999999968254,315,0,0,0
sem_erro,catboost,lacuna,30,20,20,237,237,82,155,0,237,0,0,0,1.0,1.0,0.0,0.0,0.0,0.9999999999957806,237,0,0,0
sem_erro,catboost,lacuna,30,25,25,189,189,68,121,0,189,0,0,0,1.0,1.0,0.0,0.0,0.0,0.999999999994709,189,0,0,0
sem_erro,catboost,lacuna,30,30,30,158,158,55,103,0,158,0,0,0,1.0,1.0,0.0,0.0,0.0,0.999999999993671,158,0,0,0
sem_erro,catboost,lacuna,40,5,5,943,943,359,584,0,943,0,0,0,1.0,1.0,0.0,0.0,0.0,0.9999999999989395,943,0,0,0
sem_erro,catboost,lacuna,40,10,10,472,472,182,290,0,472,0,0,0,1.0,1.0,0.0,0.0,0.0,0.9999999999978814,472,0,0,0
sem_erro,catboost,lacuna,40,15,15,315,315,121,194,0,315,0,0,0,1.0,1.0,0.0,0.0,0.0,0.9999999999968254,315,0,0,0
sem_erro,catboost,lacuna,40,20,20,236,236,91,145,0,236,0,0,0,1.0,1.0,0.0,0.0,0.0,0.9999999999957627,236,0,0,0
sem_erro,catboost,lacuna,40,25,25,189,189,73,116,0,189,0,0,0,1.0,1.0,0.0,0.0,0.0,0.999999999994709,189,0,0,0
sem_erro,catboost,lacuna,40,30,30,158,158,60,98,0,158,0,0,0,1.0,1.0,0.0,0.0,0.0,0.999999999993671,158,0,0,0
sem_erro,catboost,lacuna,40,35,35,135,135,51,84,0,135,0,0,0,1.0,1.0,0.0,0.0,0.0,0.9999999999925927,135,0,0,0
sem_erro,catboost,lacuna,40,40,40,118,118,46,72,0,118,0,0,0,1.0,1.0,0.0,0.0,0.0,0.9999999999915254,118,0,0,0
sem_erro,catboost,lacuna,50,5,5,941,941,394,547,0,941,0,0,0,1.0,1.0,0.0,0.0,0.0,0.9999999999989373,941,0,0,0
sem_erro,catboost,lacuna,50,10,10,471,471,199,272,0,471,0,0,0,1.0,1.0,0.0,0.0,0.0,0.9999999999978769,471,0,0,0
sem_erro,catboost,lacuna,50,15,15,314,314,132,182,0,314,0,0,0,1.0,1.0,0.0,0.0,0.0,0.9999999999968153,314,0,0,0
sem_erro,catboost,lacuna,50,20,20,236,236,99,137,0,236,0,0,0,1.0,1.0,0.0,0.0,0.0,0.9999999999957627,236,0,0,0
sem_erro,catboost,lacuna,50,25,25,189,189,85,104,0,189,0,0,0,1.0,1.0,0.0,0.0,0.0,0.999999999994709,189,0,0,0
sem_erro,catboost,lacuna,50,30,30,157,157,66,91,0,157,0,0,0,1.0,1.0,0.0,0.0,0.0,0.9999999999936307,157,0,0,0
sem_erro,catboost,lacuna,50,35,35,135,135,58,77,0,135,0,0,0,1.0,1.0,0.0,0.0,0.0,0.9999999999925927,135,0,0,0
sem_erro,catboost,lacuna,50,40,40,118,118,48,70,0,118,0,0,0,1.0,1.0,0.0,0.0,0.0,0.9999999999915254,118,0,0,0
sem_erro,catboost,lacuna,50,45,45,105,105,41,64,0,105,0,0,0,1.0,1.0,0.0,0.0,0.0,0.9999999999904762,105,0,0,0
sem_erro,catboost,lacuna,50,50,50,95,95,43,52,0,95,0,0,0,1.0,1.0,0.0,0.0,0.0,0.9999999999894736,95,0,0,0
sem_erro,catboost,lacuna,60,5,5,939,939,428,511,0,939,0,0,0,1.0,1.0,0.0,0.0,0.0,0.9999999999989351,939,0,0,0
sem_erro,catboost,lacuna,60,10,10,470,470,216,254,0,470,0,0,0,1.0,1.0,0.0,0.0,0.0,0.9999999999978724,470,0,0,0
sem_erro,catboost,lacuna,60,15,15,313,313,141,172,0,313,0,0,0,1.0,1.0,0.0,0.0,0.0,0.9999999999968051,313,0,0,0
sem_erro,catboost,lacuna,60,20,20,235,235,108,127,0,235,0,0,0,1.0,1.0,0.0,0.0,0.0,0.9999999999957447,235,0,0,0
sem_erro,catboost,lacuna,60,25,25,188,188,89,99,0,188,0,0,0,1.0,1.0,0.0,0.0,0.0,0.9999999999946809,188,0,0,0
sem_erro,catboost,lacuna,60,30,30,157,157,72,85,0,157,0,0,0,1.0,1.0,0.0,0.0,0.0,0.9999999999936307,157,0,0,0
sem_erro,catboost,lacuna,60,35,35,135,135,60,75,0,135,0,0,0,1.0,1.0,0.0,0.0,0.0,0.9999999999925927,135,0,0,0
sem_erro,catboost,lacuna,60,40,40,118,118,53,65,0,118,0,0,0,1.0,1.0,0.0,0.0,0.0,0.9999999999915254,118,0,0,0
sem_erro,catboost,lacuna,60,45,45,105,105,48,57,0,105,0,0,0,1.0,1.0,0.0,0.0,0.0,0.9999999999904762,105,0,0,0
sem_erro,catboost,lacuna,60,50,50,94,94,47,47,0,94,0,0,0,1.0,1.0,0.0,0.0,0.0,0.9999999999893616,94,0,0,0
sem_erro,catboost,lacuna,60,55,55,86,86,40,46,0,86,0,0,0,1.0,1.0,0.0,0.0,0.0,0.9999999999883721,86,0,0,0
sem_erro,catboost,lacuna,60,60,60,79,79,34,45,0,79,0,0,0,1.0,1.0,0.0,0.0,0.0,0.9999999999873417,79,0,0,0
sem_erro,catboost,lacuna,70,5,5,937,937,462,475,0,937,0,0,0,1.0,1.0,0.0,0.0,0.0,0.9999999999989327,937,0,0,0
sem_erro,catboost,lacuna,70,10,10,469,469,233,236,0,469,0,0,0,1.0,1.0,0.0,0.0,0.0,0.9999999999978678,469,0,0,0
sem_erro,catboost,lacuna,70,15,15,313,313,155,158,0,313,0,0,0,1.0,1.0,0.0,0.0,0.0,0.9999999999968051,313,0,0,0
sem_erro,catboost,lacuna,70,20,20,235,235,116,119,0,235,0,0,0,1.0,1.0,0.0,0.0,0.0,0.9999999999957447,235,0,0,0
sem_erro,catboost,lacuna,70,25,25,188,188,95,93,0,188,0,0,0,1.0,1.0,0.0,0.0,0.0,0.9999999999946809,188,0,0,0
sem_erro,catboost,lacuna,70,30,30,157,157,77,80,0,157,0,0,0,1.0,1.0,0.0,0.0,0.0,0.9999999999936307,157,0,0,0
sem_erro,catboost,lacuna,70,35,35,134,134,63,71,0,134,0,0,0,1.0,1.0,0.0,0.0,0.0,0.9999999999925374,134,0,0,0
sem_erro,catboost,lacuna,70,40,40,118,118,59,59,0,118,0,0,0,1.0,1.0,0.0,0.0,0.0,0.9999999999915254,118,0,0,0
sem_erro,catboost,lacuna,70,45,45,105,105,52,53,0,105,0,0,0,1.0,1.0,0.0,0.0,0.0,0.9999999999904762,105,0,0,0
sem_erro,catboost,lacuna,70,50,50,94,94,50,44,0,94,0,0,0,1.0,1.0,0.0,0.0,0.0,0.9999999999893616,94,0,0,0
sem_erro,catboost,lacuna,70,55,55,86,86,43,43,0,86,0,0,0,1.0,1.0,0.0,0.0,0.0,0.9999999999883721,86,0,0,0
sem_erro,catboost,lacuna,70,60,60,79,79,37,42,0,79,0,0,0,1.0,1.0,0.0,0.0,0.0,0.9999999999873417,79,0,0,0
sem_erro,catboost,lacuna,70,65,65,73,73,38,35,0,73,0,0,0,1.0,1.0,0.0,0.0,0.0,0.9999999999863013,73,0,0,0
sem_erro,catboost,lacuna,70,70,70,67,67,29,38,0,67,0,0,0,1.0,1.0,0.0,0.0,0.0,0.9999999999850746,67,0,0,0
sem_erro,catboost,lacuna,80,5,5,935,935,494,441,0,935,0,0,0,1.0,1.0,0.0,0.0,0.0,0.9999999999989305,935,0,0,0
sem_erro,catboost,lacuna,80,10,10,468,468,249,219,0,468,0,0,0,1.0,1.0,0.0,0.0,0.0,0.9999999999978633,468,0,0,0
sem_erro,catboost,lacuna,80,15,15,312,312,166,146,0,312,0,0,0,1.0,1.0,0.0,0.0,0.0,0.9999999999967949,312,0,0,0
sem_erro,catboost,lacuna,80,20,20,234,234,125,109,0,234,0,0,0,1.0,1.0,0.0,0.0,0.0,0.9999999999957265,234,0,0,0
sem_erro,catboost,lacuna,80,25,25,187,187,102,85,0,187,0,0,0,1.0,1.0,0.0,0.0,0.0,0.9999999999946525,187,0,0,0
sem_erro,catboost,lacuna,80,30,30,156,156,83,73,0,156,0,0,0,1.0,1.0,0.0,0.0,0.0,0.9999999999935898,156,0,0,0
sem_erro,catboost,lacuna,80,35,35,134,134,71,63,0,134,0,0,0,1.0,1.0,0.0,0.0,0.0,0.9999999999925374,134,0,0,0
sem_erro,catboost,lacuna,80,40,40,117,117,63,54,0,117,0,0,0,1.0,1.0,0.0,0.0,0.0,0.999999999991453,117,0,0,0
sem_erro,catboost,lacuna,80,45,45,104,104,53,51,0,104,0,0,0,1.0,1.0,0.0,0.0,0.0,0.9999999999903846,104,0,0,0
sem_erro,catboost,lacuna,80,50,50,94,94,52,42,0,94,0,0,0,1.0,1.0,0.0,0.0,0.0,0.9999999999893616,94,0,0,0
sem_erro,catboost,lacuna,80,55,55,85,85,45,40,0,85,0,0,0,1.0,1.0,0.0,0.0,0.0,0.9999999999882353,85,0,0,0
sem_erro,catboost,lacuna,80,60,60,78,78,42,36,0,78,0,0,0,1.0,1.0,0.0,0.0,0.0,0.9999999999871795,78,0,0,0
sem_erro,catboost,lacuna,80,65,65,72,72,38,34,0,72,0,0,0,1.0,1.0,0.0,0.0,0.0,0.9999999999861111,72,0,0,0
sem_erro,catboost,lacuna,80,70,70,67,67,34,33,0,67,0,0,0,1.0,1.0,0.0,0.0,0.0,0.9999999999850746,67,0,0,0
sem_erro,catboost,lacuna,80,75,75,63,63,34,29,0,63,0,0,0,1.0,1.0,0.0,0.0,0.0,0.999999999984127,63,0,0,0
sem_erro,catboost,lacuna,80,80,80,59,59,32,27,0,59,0,0,0,1.0,1.0,0.0,0.0,0.0,0.9999999999830509,59,0,0,0
sem_erro,catboost,lacuna,90,5,5,933,933,526,407,0,933,0,0,0,1.0,1.0,0.0,0.0,0.0,0.9999999999989282,933,0,0,0
sem_erro,catboost,lacuna,90,10,10,467,467,265,202,0,467,0,0,0,1.0,1.0,0.0,0.0,0.0,0.9999999999978587,467,0,0,0
sem_erro,catboost,lacuna,90,15,15,311,311,174,137,0,311,0,0,0,1.0,1.0,0.0,0.0,0.0,0.9999999999967846,311,0,0,0
sem_erro,catboost,lacuna,90,20,20,234,234,132,102,0,234,0,0,0,1.0,1.0,0.0,0.0,0.0,0.9999999999957265,234,0,0,0
sem_erro,catboost,lacuna,90,25,25,187,187,106,81,0,187,0,0,0,1.0,1.0,0.0,0.0,0.0,0.9999999999946525,187,0,0,0
sem_erro,catboost,lacuna,90,30,30,156,156,88,68,0,156,0,0,0,1.0,1.0,0.0,0.0,0.0,0.9999999999935898,156,0,0,0
sem_erro,catboost,lacuna,90,35,35,134,134,76,58,0,134,0,0,0,1.0,1.0,0.0,0.0,0.0,0.9999999999925374,134,0,0,0
sem_erro,catboost,lacuna,90,40,40,117,117,65,52,0,117,0,0,0,1.0,1.0,0.0,0.0,0.0,0.999999999991453,117,0,0,0
sem_erro,catboost,lacuna,90,45,45,104,104,55,49,0,104,0,0,0,1.0,1.0,0.0,0.0,0.0,0.9999999999903846,104,0,0,0
sem_erro,catboost,lacuna,90,50,50,94,94,52,42,0,94,0,0,0,1.0,1.0,0.0,0.0,0.0,0.9999999999893616,94,0,0,0
sem_erro,catboost,lacuna,90,55,55,85,85,46,39,0,85,0,0,0,1.0,1.0,0.0,0.0,0.0,0.9999999999882353,85,0,0,0
sem_erro,catboost,lacuna,90,60,60,78,78,45,33,0,78,0,0,0,1.0,1.0,0.0,0.0,0.0,0.9999999999871795,78,0,0,0
sem_erro,catboost,lacuna,90,65,65,72,72,40,32,0,72,0,0,0,1.0,1.0,0.0,0.0,0.0,0.9999999999861111,72,0,0,0
sem_erro,catboost,lacuna,90,70,70,67,67,37,30,0,67,0,0,0,1.0,1.0,0.0,0.0,0.0,0.9999999999850746,67,0,0,0
sem_erro,catboost,lacuna,90,75,75,63,63,36,27,0,63,0,0,0,1.0,1.0,0.0,0.0,0.0,0.999999999984127,63,0,0,0
sem_erro,catboost,lacuna,90,80,80,59,59,33,26,0,59,0,0,0,1.0,1.0,0.0,0.0,0.0,0.9999999999830509,59,0,0,0
sem_erro,catboost,lacuna,90,85,85,55,55,31,24,0,55,0,0,0,1.0,1.0,0.0,0.0,0.0,0.9999999999818182,55,0,0,0
sem_erro,catboost,lacuna,90,90,90,52,52,26,26,0,52,0,0,0,1.0,1.0,0.0,0.0,0.0,0.9999999999807693,52,0,0,0
sem_erro,catboost,lacuna,100,5,5,931,931,555,376,0,931,0,0,0,1.0,1.0,0.0,0.0,0.0,0.9999999999989259,931,0,0,0
sem_erro,catboost,lacuna,100,10,10,466,466,279,187,0,466,0,0,0,1.0,1.0,0.0,0.0,0.0,0.999999999997854,466,0,0,0
sem_erro,catboost,lacuna,100,15,15,311,311,187,124,0,311,0,0,0,1.0,1.0,0.0,0.0,0.0,0.9999999999967846,311,0,0,0
sem_erro,catboost,lacuna,100,20,20,233,233,139,94,0,233,0,0,0,1.0,1.0,0.0,0.0,0.0,0.9999999999957082,233,0,0,0
sem_erro,catboost,lacuna,100,25,25,187,187,115,72,0,187,0,0,0,1.0,1.0,0.0,0.0,0.0,0.9999999999946525,187,0,0,0
sem_erro,catboost,lacuna,100,30,30,156,156,93,63,0,156,0,0,0,1.0,1.0,0.0,0.0,0.0,0.9999999999935898,156,0,0,0
sem_erro,catboost,lacuna,100,35,35,133,133,78,55,0,133,0,0,0,1.0,1.0,0.0,0.0,0.0,0.9999999999924812,133,0,0,0
sem_erro,catboost,lacuna,100,40,40,117,117,69,48,0,117,0,0,0,1.0,1.0,0.0,0.0,0.0,0.999999999991453,117,0,0,0
sem_erro,catboost,lacuna,100,45,45,104,104,62,42,0,104,0,0,0,1.0,1.0,0.0,0.0,0.0,0.9999999999903846,104,0,0,0
sem_erro,catboost,lacuna,100,50,50,94,94,58,36,0,94,0,0,0,1.0,1.0,0.0,0.0,0.0,0.9999999999893616,94,0,0,0
sem_erro,catboost,lacuna,100,55,55,85,85,51,34,0,85,0,0,0,1.0,1.0,0.0,0.0,0.0,0.9999999999882353,85,0,0,0
sem_erro,catboost,lacuna,100,60,60,78,78,47,31,0,78,0,0,0,1.0,1.0,0.0,0.0,0.0,0.9999999999871795,78,0,0,0
sem_erro,catboost,lacuna,100,65,65,72,72,42,30,0,72,0,0,0,1.0,1.0,0.0,0.0,0.0,0.9999999999861111,72,0,0,0
sem_erro,catboost,lacuna,100,70,70,67,67,40,27,0,67,0,0,0,1.0,1.0,0.0,0.0,0.0,0.9999999999850746,67,0,0,0
sem_erro,catboost,lacuna,100,75,75,63,63,39,24,0,63,0,0,0,1.0,1.0,0.0,0.0,0.0,0.999999999984127,63,0,0,0
sem_erro,catboost,lacuna,100,80,80,59,59,35,24,0,59,0,0,0,1.0,1.0,0.0,0.0,0.0,0.9999999999830509,59,0,0,0
sem_erro,catboost,lacuna,100,85,85,55,55,33,22,0,55,0,0,0,1.0,1.0,0.0,0.0,0.0,0.9999999999818182,55,0,0,0
sem_erro,catboost,lacuna,100,90,90,52,52,29,23,0,52,0,0,0,1.0,1.0,0.0,0.0,0.0,0.9999999999807693,52,0,0,0
sem_erro,catboost,lacuna,100,95,95,49,49,26,23,0,49,0,0,0,1.0,1.0,0.0,0.0,0.0,0.9999999999795919,49,0,0,0
sem_erro,catboost,lacuna,100,100,100,47,47,28,19,0,47,0,0,0,1.0,1.0,0.0,0.0,0.0,0.9999999999787235,47,0,0,0
sem_erro,catboost,oscilacao,20,5,5,947,947,366,581,0,947,0,14,14,0.9736008447729673,0.9736008447729673,0.0,0.0,0.0,0.9736008447719392,922,25,0,0
sem_erro,catboost,oscilacao,20,10,10,474,474,181,293,0,474,0,9,9,0.9725738396624473,0.9725738396624473,0.0,0.0,0.0,0.9725738396603955,461,13,0,0
sem_erro,catboost,oscilacao,20,15,15,316,316,123,193,0,316,0,7,7,0.9651898734177216,0.9651898734177216,0.0,0.0,0.0,0.9651898734146671,305,11,0,0
sem_erro,catboost,oscilacao,20,20,20,237,237,89,148,0,237,0,9,9,0.9620253164556962,0.9620253164556962,0.0,0.0,0.0,0.962025316451637,228,9,0,0
sem_erro,catboost,oscilacao,30,5,5,945,945,400,545,0,945,0,17,17,0.9544973544973545,0.9544973544973545,0.0,0.0,0.0,0.9544973544963444,902,43,0,0
sem_erro,catboost,oscilacao,30,10,10,473,473,198,275,0,473,0,12,12,0.9492600422832981,0.9492600422832981,0.0,0.0,0.0,0.9492600422812912,449,24,0,0
sem_erro,catboost,oscilacao,30,15,15,315,315,134,181,0,315,0,12,12,0.9174603174603174,0.9174603174603174,0.0,0.0,0.0,0.917460317457405,289,26,0,0
sem_erro,catboost,oscilacao,30,20,20,237,237,102,135,0,237,0,12,12,0.9240506329113924,0.9240506329113924,0.0,0.0,0.0,0.9240506329074935,219,18,0,0
sem_erro,catboost,oscilacao,30,25,25,189,189,78,111,0,189,0,7,7,0.9629629629629629,0.9629629629629629,0.0,0.0,0.0,0.962962962957868,182,7,0,0
sem_erro,catboost,oscilacao,30,30,30,158,158,65,93,0,158,0,10,10,0.8987341772151899,0.8987341772151899,0.0,0.0,0.0,0.8987341772095018,142,16,0,0
sem_erro,catboost,oscilacao,40,5,5,943,943,432,511,0,943,0,15,15,0.9204665959703076,0.9204665959703076,0.0,0.0,0.0,0.9204665959693314,868,75,0,0
sem_erro,catboost,oscilacao,40,10,10,472,472,214,258,0,472,0,11,11,0.9088983050847458,0.9088983050847458,0.0,0.0,0.0,0.9088983050828201,429,43,0,0
sem_erro,catboost,oscilacao,40,15,15,315,315,143,172,0,315,0,10,10,0.926984126984127,0.926984126984127,0.0,0.0,0.0,0.9269841269811842,292,23,0,0
sem_erro,catboost,oscilacao,40,20,20,236,236,106,130,0,236,0,11,11,0.8940677966101694,0.8940677966101694,0.0,0.0,0.0,0.8940677966063811,211,25,0,0
sem_erro,catboost,oscilacao,40,25,25,189,189,88,101,0,189,0,8,8,0.9523809523809523,0.9523809523809523,0.0,0.0,0.0,0.9523809523759134,180,9,0,0
sem_erro,catboost,oscilacao,40,30,30,158,158,70,88,0,158,0,7,7,0.9177215189873418,0.9177215189873418,0.0,0.0,0.0,0.9177215189815334,145,13,0,0
sem_erro,catboost,oscilacao,40,35,35,135,135,60,75,0,135,0,10,10,0.8962962962962963,0.8962962962962963,0.0,0.0,0.0,0.8962962962896571,121,14,0,0
sem_erro,catboost,oscilacao,40,40,40,118,118,52,66,0,118,0,7,7,0.8983050847457628,0.8983050847457628,0.0,0.0,0.0,0.89830508473815,106,12,0,0
sem_erro,catboost,oscilacao,50,5,5,941,941,463,478,0,941,0,11,11,0.8916046758767269,0.8916046758767269,0.0,0.0,0.0,0.8916046758757794,839,102,0,0
sem_erro,catboost,oscilacao,50,10,10,471,471,230,241,0,471,0,8,8,0.8853503184713376,0.8853503184713376,0.0,0.0,0.0,0.8853503184694579,417,54,0,0
sem_erro,catboost,oscilacao,50,15,15,314,314,155,159,0,314,0,8,8,0.8885350318471338,0.8885350318471338,0.0,0.0,0.0,0.888535031844304,279,35,0,0
sem_erro,catboost,oscilacao,50,20,20,236,236,118,118,0,236,0,9,9,0.8771186440677966,0.8771186440677966,0.0,0.0,0.0,0.87711864406408,207,29,0,0
sem_erro,catboost,oscilacao,50,25,25,189,189,91,98,0,189,0,6,6,0.9312169312169312,0.9312169312169312,0.0,0.0,0.0,0.9312169312120042,176,13,0,0
sem_erro,catboost,oscilacao,50,30,30,157,157,76,81,0,157,0,7,7,0.8535031847133758,0.8535031847133758,0.0,0.0,0.0,0.8535031847079395,134,23,0,0
sem_erro,catboost,oscilacao,50,35,35,135,135,66,69,0,135,0,7,7,0.8518518518518519,0.8518518518518519,0.0,0.0,0.0,0.8518518518455419,115,20,0,0
sem_erro,catboost,oscilacao,50,40,40,118,118,59,59,0,118,0,7,7,0.8559322033898306,0.8559322033898306,0.0,0.0,0.0,0.8559322033825768,101,17,0,0
sem_erro,catboost,oscilacao,50,45,45,105,105,51,54,0,105,0,5,5,0.8571428571428571,0.8571428571428571,0.0,0.0,0.0,0.8571428571346938,90,15,0,0
sem_erro,catboost,oscilacao,50,50,50,95,95,45,50,0,95,0,5,5,0.8631578947368421,0.8631578947368421,0.0,0.0,0.0,0.8631578947277562,82,13,0,0
sem_erro,catboost,oscilacao,60,5,5,939,939,491,448,0,939,0,10,10,0.8722044728434505,0.8722044728434505,0.0,0.0,0.0,0.8722044728425217,819,120,0,0
sem_erro,catboost,oscilacao,60,10,10,470,470,244,226,0,470,0,6,6,0.8680851063829788,0.8680851063829788,0.0,0.0,0.0,0.8680851063811318,408,62,0,0
sem_erro,catboost,oscilacao,60,15,15,313,313,165,148,0,313,0,15,15,0.792332268370607,0.792332268370607,0.0,0.0,0.0,0.7923322683680757,248,65,0,0
sem_erro,catboost,oscilacao,60,20,20,235,235,122,113,0,235,0,7,7,0.851063829787234,0.851063829787234,0.0,0.0,0.0,0.8510638297836125,200,35,0,0
sem_erro,catboost,oscilacao,60,25,25,188,188,100,88,0,188,0,10,10,0.851063829787234,0.851063829787234,0.0,0.0,0.0,0.8510638297827071,160,28,0,0
sem_erro,catboost,oscilacao,60,30,30,157,157,81,76,0,157,0,7,7,0.8407643312101911,0.8407643312101911,0.0,0.0,0.0,0.840764331204836,132,25,0,0
sem_erro,catboost,oscilacao,60,35,35,135,135,71,64,0,135,0,8,8,0.837037037037037,0.837037037037037,0.0,0.0,0.0,0.8370370370308369,113,22,0,0
sem_erro,catboost,oscilacao,60,40,40,118,118,62,56,0,118,0,7,7,0.8389830508474576,0.8389830508474576,0.0,0.0,0.0,0.8389830508403475,99,19,0,0
sem_erro,catboost,oscilacao,60,45,45,105,105,55,50,0,105,0,5,5,0.8476190476190476,0.8476190476190476,0.0,0.0,0.0,0.8476190476109751,89,16,0,0
sem_erro,catboost,oscilacao,60,50,50,94,94,47,47,0,94,0,7,7,0.8617021276595744,0.8617021276595744,0.0,0.0,0.0,0.8617021276504074,81,13,0,0
sem_erro,catboost,oscilacao,60,55,55,86,86,45,41,0,86,0,7,7,0.8488372093023255,0.8488372093023255,0.0,0.0,0.0,0.8488372092924553,73,13,0,0
sem_erro,catboost,oscilacao,60,60,60,79,79,42,37,0,79,0,6,6,0.8607594936708861,0.8607594936708861,0.0,0.0,0.0,0.8607594936599904,68,11,0,0
sem_erro,catboost,oscilacao,70,5,5,937,937,515,422,0,937,0,9,9,0.8537886872998933,0.8537886872998933,0.0,0.0,0.0,0.853788687298982,800,137,0,0
sem_erro,catboost,oscilacao,70,10,10,469,469,256,213,0,469,0,8,8,0.8486140724946695,0.8486140724946695,0.0,0.0,0.0,0.8486140724928601,398,71,0,0
sem_erro,catboost,oscilacao,70,15,15,313,313,171,142,0,313,0,7,7,0.853035143769968,0.853035143769968,0.0,0.0,0.0,0.8530351437672428,267,46,0,0
sem_erro,catboost,oscilacao,70,20,20,235,235,131,104,0,235,0,8,8,0.8340425531914893,0.8340425531914893,0.0,0.0,0.0,0.8340425531879403,196,39,0,0
sem_erro,catboost,oscilacao,70,25,25,188,188,104,84,0,188,0,7,7,0.8457446808510638,0.8457446808510638,0.0,0.0,0.0,0.8457446808465653,159,29,0,0
sem_erro,catboost,oscilacao,70,30,30,157,157,83,74,0,157,0,7,7,0.8343949044585988,0.8343949044585988,0.0,0.0,0.0,0.8343949044532841,131,26,0,0
sem_erro,catboost,oscilacao,70,35,35,134,134,73,61,0,134,0,8,8,0.7985074626865671,0.7985074626865671,0.0,0.0,0.0,0.7985074626806082,107,27,0,0
sem_erro,catboost,oscilacao,70,40,40,118,118,66,52,0,118,0,9,9,0.8135593220338984,0.8135593220338984,0.0,0.0,0.0,0.8135593220270038,96,22,0,0
sem_erro,catboost,oscilacao,70,45,45,105,105,56,49,0,105,0,7,7,0.8476190476190476,0.8476190476190476,0.0,0.0,0.0,0.8476190476109751,89,16,0,0
sem_erro,catboost,oscilacao,70,50,50,94,94,50,44,0,94,0,9,9,0.7978723404255319,0.7978723404255319,0.0,0.0,0.0,0.7978723404170439,75,19,0,0
sem_erro,catboost,oscilacao,70,55,55,86,86,47,39,0,86,0,8,8,0.8023255813953488,0.8023255813953488,0.0,0.0,0.0,0.8023255813860194,69,17,0,0
sem_erro,catboost,oscilacao,70,60,60,79,79,44,35,0,79,0,7,7,0.7974683544303798,0.7974683544303798,0.0,0.0,0.0,0.7974683544202852,63,16,0,0
sem_erro,catboost,oscilacao,70,65,65,73,73,42,31,0,73,0,8,8,0.821917808219178,0.821917808219178,0.0,0.0,0.0,0.8219178082079189,60,13,0,0
sem_erro,catboost,oscilacao,70,70,70,67,67,39,28,0,67,0,6,6,0.746268656716418,0.746268656716418,0.0,0.0,0.0,0.7462686567052795,50,17,0,0
sem_erro,catboost,oscilacao,80,5,5,935,935,537,398,0,935,0,9,9,0.8438502673796792,0.8438502673796792,0.0,0.0,0.0,0.8438502673787767,789,146,0,0
sem_erro,catboost,oscilacao,80,10,10,468,468,267,201,0,468,0,8,8,0.8141025641025641,0.8141025641025641,0.0,0.0,0.0,0.8141025641008246,381,87,0,0
sem_erro,catboost,oscilacao,80,15,15,312,312,179,133,0,312,0,9,9,0.8365384615384616,0.8365384615384616,0.0,0.0,0.0,0.8365384615357804,261,51,0,0
sem_erro,catboost,oscilacao,80,20,20,234,234,134,100,0,234,0,8,8,0.7991452991452992,0.7991452991452992,0.0,0.0,0.0,0.799145299141884,187,47,0,0
sem_erro,catboost,oscilacao,80,25,25,187,187,106,81,0,187,0,10,10,0.8021390374331551,0.8021390374331551,0.0,0.0,0.0,0.8021390374288656,150,37,0,0
sem_erro,catboost,oscilacao,80,30,30,156,156,88,68,0,156,0,10,10,0.782051282051282,0.782051282051282,0.0,0.0,0.0,0.782051282046269,122,34,0,0
sem_erro,catboost,oscilacao,80,35,35,134,134,77,57,0,134,0,7,7,0.8283582089552238,0.8283582089552238,0.0,0.0,0.0,0.8283582089490422,111,23,0,0
sem_erro,catboost,oscilacao,80,40,40,117,117,67,50,0,117,0,8,8,0.8034188034188035,0.8034188034188035,0.0,0.0,0.0,0.8034188034119366,94,23,0,0
sem_erro,catboost,oscilacao,80,45,45,104,104,57,47,0,104,0,7,7,0.8173076923076923,0.8173076923076923,0.0,0.0,0.0,0.8173076922998336,85,19,0,0
sem_erro,catboost,oscilacao,80,50,50,94,94,51,43,0,94,0,6,6,0.8723404255319149,0.8723404255319149,0.0,0.0,0.0,0.8723404255226347,82,12,0,0
sem_erro,catboost,oscilacao,80,55,55,85,85,48,37,0,85,0,4,4,0.8588235294117647,0.8588235294117647,0.0,0.0,0.0,0.8588235294016608,73,12,0,0
sem_erro,catboost,oscilacao,80,60,60,78,78,45,33,0,78,0,8,8,0.6794871794871795,0.6794871794871795,0.0,0.0,0.0,0.679487179478468,53,25,0,0
sem_erro,catboost,oscilacao,80,65,65,72,72,42,30,0,72,0,8,8,0.7916666666666666,0.7916666666666666,0.0,0.0,0.0,0.7916666666556712,57,15,0,0
sem_erro,catboost,oscilacao,80,70,70,67,67,39,28,0,67,0,6,6,0.7611940298507462,0.7611940298507462,0.0,0.0,0.0,0.7611940298393851,51,16,0,0
sem_erro,catboost,oscilacao,80,75,75,63,63,35,28,0,63,0,6,6,0.8412698412698413,0.8412698412698413,0.0,0.0,0.0,0.8412698412564878,53,10,0,0
sem_erro,catboost,oscilacao,80,80,80,59,59,34,25,0,59,0,5,5,0.7627118644067796,0.7627118644067796,0.0,0.0,0.0,0.7627118643938524,45,14,0,0
sem_erro,catboost,oscilacao,90,5,5,933,933,559,374,0,933,0,15,15,0.8231511254019293,0.8231511254019293,0.0,0.0,0.0,0.823151125401047,768,165,0,0
sem_erro,catboost,oscilacao,90,10,10,467,467,278,189,0,467,0,10,10,0.815845824411135,0.815845824411135,0.0,0.0,0.0,0.8158458244093879,381,86,0,0
sem_erro,catboost,oscilacao,90,15,15,311,311,187,124,0,311,0,10,10,0.8231511254019293,0.8231511254019293,0.0,0.0,0.0,0.8231511253992825,256,55,0,0
sem_erro,catboost,oscilacao,90,20,20,234,234,142,92,0,234,0,14,14,0.7521367521367521,0.7521367521367521,0.0,0.0,0.0,0.7521367521335379,176,58,0,0
sem_erro,catboost,oscilacao,90,25,25,187,187,113,74,0,187,0,8,8,0.8235294117647058,0.8235294117647058,0.0,0.0,0.0,0.823529411760302,154,33,0,0
sem_erro,catboost,oscilacao,90,30,30,156,156,92,64,0,156,0,9,9,0.7756410256410257,0.7756410256410257,0.0,0.0,0.0,0.7756410256360536,121,35,0,0
sem_erro,catboost,oscilacao,90,35,35,134,134,82,52,0,134,0,8,8,0.7761194029850746,0.7761194029850746,0.0,0.0,0.0,0.7761194029792827,104,30,0,0
sem_erro,catboost,oscilacao,90,40,40,117,117,71,46,0,117,0,9,9,0.7692307692307693,0.7692307692307693,0.0,0.0,0.0,0.7692307692241945,90,27,0,0
sem_erro,catboost,oscilacao,90,45,45,104,104,61,43,0,104,0,5,5,0.7211538461538461,0.7211538461538461,0.0,0.0,0.0,0.7211538461469119,75,29,0,0
sem_erro,catboost,oscilacao,90,50,50,94,94,56,38,0,94,0,6,6,0.8085106382978723,0.8085106382978723,0.0,0.0,0.0,0.8085106382892712,76,18,0,0
sem_erro,catboost,oscilacao,90,55,55,85,85,48,37,0,85,0,6,6,0.8,0.8,0.0,0.0,0.0,0.7999999999905882,68,17,0,0
sem_erro,catboost,oscilacao,90,60,60,78,78,47,31,0,78,0,6,6,0.7564102564102564,0.7564102564102564,0.0,0.0,0.0,0.7564102564005588,59,19,0,0
sem_erro,catboost,oscilacao,90,65,65,72,72,44,28,0,72,0,7,7,0.7083333333333334,0.7083333333333334,0.0,0.0,0.0,0.7083333333234954,51,21,0,0
sem_erro,catboost,oscilacao,90,70,70,67,67,40,27,0,67,0,5,5,0.746268656716418,0.746268656716418,0.0,0.0,0.0,0.7462686567052795,50,17,0,0
sem_erro,catboost,oscilacao,90,75,75,63,63,37,26,0,63,0,10,10,0.7777777777777778,0.7777777777777778,0.0,0.0,0.0,0.7777777777654321,49,14,0,0
sem_erro,catboost,oscilacao,90,80,80,59,59,36,23,0,59,0,4,4,0.7796610169491526,0.7796610169491526,0.0,0.0,0.0,0.779661016935938,46,13,0,0
sem_erro,catboost,oscilacao,90,85,85,55,55,31,24,0,55,0,6,6,0.8181818181818182,0.8181818181818182,0.0,0.0,0.0,0.8181818181669422,45,10,0,0
sem_erro,catboost,oscilacao,90,90,90,52,52,29,23,0,52,0,5,5,0.8269230769230769,0.8269230769230769,0.0,0.0,0.0,0.8269230769071746,43,9,0,0
sem_erro,catboost,oscilacao,100,5,5,931,931,580,351,0,931,0,10,10,0.8453276047261009,0.8453276047261009,0.0,0.0,0.0,0.845327604725193,787,144,0,0
sem_erro,catboost,oscilacao,100,10,10,466,466,289,177,0,466,0,10,10,0.8197424892703863,0.8197424892703863,0.0,0.0,0.0,0.8197424892686271,382,84,0,0
sem_erro,catboost,oscilacao,100,15,15,311,311,193,118,0,311,0,6,6,0.864951768488746,0.864951768488746,0.0,0.0,0.0,0.8649517684859648,269,42,0,0
sem_erro,catboost,oscilacao,100,20,20,233,233,145,88,0,233,0,14,14,0.7253218884120172,0.7253218884120172,0.0,0.0,0.0,0.7253218884089042,169,64,0,0
sem_erro,catboost,oscilacao,100,25,25,187,187,115,72,0,187,0,5,5,0.8663101604278075,0.8663101604278075,0.0,0.0,0.0,0.8663101604231749,162,25,0,0
sem_erro,catboost,oscilacao,100,30,30,156,156,94,62,0,156,0,7,7,0.7948717948717948,0.7948717948717948,0.0,0.0,0.0,0.7948717948666996,124,32,0,0
sem_erro,catboost,oscilacao,100,35,35,133,133,82,51,0,133,0,7,7,0.8345864661654135,0.8345864661654135,0.0,0.0,0.0,0.8345864661591386,111,22,0,0
sem_erro,catboost,oscilacao,100,40,40,117,117,73,44,0,117,0,7,7,0.7777777777777778,0.7777777777777778,0.0,0.0,0.0,0.7777777777711301,91,26,0,0
sem_erro,catboost,oscilacao,100,45,45,104,104,65,39,0,104,0,6,6,0.8076923076923077,0.8076923076923077,0.0,0.0,0.0,0.8076923076845414,84,20,0,0
sem_erro,catboost,oscilacao,100,50,50,94,94,57,37,0,94,0,3,3,0.8297872340425532,0.8297872340425532,0.0,0.0,0.0,0.8297872340337257,78,16,0,0
sem_erro,catboost,oscilacao,100,55,55,85,85,50,35,0,85,0,6,6,0.7294117647058823,0.7294117647058823,0.0,0.0,0.0,0.729411764697301,62,23,0,0
sem_erro,catboost,oscilacao,100,60,60,78,78,47,31,0,78,0,3,3,0.8076923076923077,0.8076923076923077,0.0,0.0,0.0,0.8076923076819527,63,15,0,0
sem_erro,catboost,oscilacao,100,65,65,72,72,44,28,0,72,0,9,9,0.6527777777777778,0.6527777777777778,0.0,0.0,0.0,0.6527777777687114,47,25,0,0
sem_erro,catboost,oscilacao,100,70,70,67,67,40,27,0,67,0,5,5,0.7910447761194029,0.7910447761194029,0.0,0.0,0.0,0.7910447761075963,53,14,0,0
sem_erro,catboost,oscilacao,100,75,75,63,63,38,25,0,63,0,5,5,0.8571428571428571,0.8571428571428571,0.0,0.0,0.0,0.8571428571292518,54,9,0,0
sem_erro,catboost,oscilacao,100,80,80,59,59,37,22,0,59,0,4,4,0.7627118644067796,0.7627118644067796,0.0,0.0,0.0,0.7627118643938524,45,14,0,0
sem_erro,catboost,oscilacao,100,85,85,55,55,33,22,0,55,0,6,6,0.7272727272727273,0.7272727272727273,0.0,0.0,0.0,0.7272727272595042,40,15,0,0
sem_erro,catboost,oscilacao,100,90,90,52,52,31,21,0,52,0,6,6,0.8076923076923077,0.8076923076923077,0.0,0.0,0.0,0.8076923076767752,42,10,0,0
sem_erro,catboost,oscilacao,100,95,95,49,49,32,17,0,49,0,3,3,0.6938775510204082,0.6938775510204082,0.0,0.0,0.0,0.6938775510062475,34,15,0,0
sem_erro,catboost,oscilacao,100,100,100,47,47,27,20,0,47,0,2,2,0.7872340425531915,0.7872340425531915,0.0,0.0,0.0,0.7872340425364419,37,10,0,0
sem_erro,catboost,queda,20,5,5,947,947,221,726,0,947,0,1,1,0.9651531151003168,0.9651531151003168,0.0,0.0,0.0,0.9651531150992977,914,33,0,0
sem_erro,catboost,queda,20,10,10,474,474,111,363,0,474,0,1,1,0.9662447257383966,0.9662447257383966,0.0,0.0,0.0,0.9662447257363581,458,16,0,0
sem_erro,catboost,queda,20,15,15,316,316,71,245,0,316,0,1,1,0.9651898734177216,0.9651898734177216,0.0,0.0,0.0,0.9651898734146671,305,11,0,0
sem_erro,catboost,queda,20,20,20,237,237,55,182,0,237,0,1,1,0.9662447257383966,0.9662447257383966,0.0,0.0,0.0,0.9662447257343196,229,8,0,0
sem_erro,catboost,queda,30,5,5,945,945,261,684,0,945,0,1,1,0.9629629629629629,0.9629629629629629,0.0,0.0,0.0,0.962962962961944,910,35,0,0
sem_erro,catboost,queda,30,10,10,473,473,131,342,0,473,0,1,1,0.9640591966173362,0.9640591966173362,0.0,0.0,0.0,0.964059196615298,456,17,0,0
sem_erro,catboost,queda,30,15,15,315,315,87,228,0,315,0,1,1,0.9619047619047619,0.9619047619047619,0.0,0.0,0.0,0.9619047619017083,303,12,0,0
sem_erro,catboost,queda,30,20,20,237,237,69,168,0,237,0,1,1,0.9620253164556962,0.9620253164556962,0.0,0.0,0.0,0.962025316451637,228,9,0,0
sem_erro,catboost,queda,30,25,25,189,189,49,140,0,189,0,1,1,0.9629629629629629,0.9629629629629629,0.0,0.0,0.0,0.962962962957868,182,7,0,0
sem_erro,catboost,queda,30,30,30,158,158,44,114,0,158,0,1,1,0.9620253164556962,0.9620253164556962,0.0,0.0,0.0,0.9620253164496075,152,6,0,0
sem_erro,catboost,queda,40,5,5,943,943,300,643,0,943,0,1,1,0.9607635206786851,0.9607635206786851,0.0,0.0,0.0,0.9607635206776662,906,37,0,0
sem_erro,catboost,queda,40,10,10,472,472,151,321,0,472,0,1,1,0.961864406779661,0.961864406779661,0.0,0.0,0.0,0.9618644067776232,454,18,0,0
sem_erro,catboost,queda,40,15,15,315,315,102,213,0,315,0,1,1,0.9587301587301588,0.9587301587301588,0.0,0.0,0.0,0.9587301587271152,302,13,0,0
sem_erro,catboost,queda,40,20,20,236,236,75,161,0,236,0,1,1,0.961864406779661,0.961864406779661,0.0,0.0,0.0,0.9618644067755854,227,9,0,0
sem_erro,catboost,queda,40,25,25,189,189,58,131,0,189,0,1,1,0.9629629629629629,0.9629629629629629,0.0,0.0,0.0,0.962962962957868,182,7,0,0
sem_erro,catboost,queda,40,30,30,158,158,54,104,0,158,0,1,1,0.9620253164556962,0.9620253164556962,0.0,0.0,0.0,0.9620253164496075,152,6,0,0
sem_erro,catboost,queda,40,35,35,135,135,44,91,0,135,0,1,1,0.9629629629629629,0.9629629629629629,0.0,0.0,0.0,0.96296296295583,130,5,0,0
sem_erro,catboost,queda,40,40,40,118,118,35,83,0,118,0,1,1,0.9576271186440678,0.9576271186440678,0.0,0.0,0.0,0.9576271186359523,113,5,0,0
sem_erro,catboost,queda,50,5,5,941,941,337,604,0,941,0,1,1,0.9585547290116897,0.9585547290116897,0.0,0.0,0.0,0.9585547290106711,902,39,0,0
sem_erro,catboost,queda,50,10,10,471,471,169,302,0,471,0,1,1,0.9596602972399151,0.9596602972399151,0.0,0.0,0.0,0.9596602972378776,452,19,0,0
sem_erro,catboost,queda,50,15,15,314,314,110,204,0,314,0,1,1,0.9585987261146497,0.9585987261146497,0.0,0.0,0.0,0.9585987261115968,301,13,0,0
sem_erro,catboost,queda,50,20,20,236,236,87,149,0,236,0,1,1,0.9576271186440678,0.9576271186440678,0.0,0.0,0.0,0.95762711864001,226,10,0,0
sem_erro,catboost,queda,50,25,25,189,189,66,123,0,189,0,1,1,0.9576719576719577,0.9576719576719577,0.0,0.0,0.0,0.9576719576668907,181,8,0,0
sem_erro,catboost,queda,50,30,30,157,157,55,102,0,157,0,1,1,0.9617834394904459,0.9617834394904459,0.0,0.0,0.0,0.9617834394843199,151,6,0,0
sem_erro,catboost,queda,50,35,35,135,135,50,85,0,135,0,1,1,0.9629629629629629,0.9629629629629629,0.0,0.0,0.0,0.96296296295583,130,5,0,0
sem_erro,catboost,queda,50,40,40,118,118,42,76,0,118,0,1,1,0.9576271186440678,0.9576271186440678,0.0,0.0,0.0,0.9576271186359523,113,5,0,0
sem_erro,catboost,queda,50,45,45,105,105,37,68,0,105,0,1,1,0.9619047619047619,0.9619047619047619,0.0,0.0,0.0,0.9619047618956009,101,4,0,0
sem_erro,catboost,queda,50,50,50,95,95,31,64,0,95,0,1,1,0.9578947368421052,0.9578947368421052,0.0,0.0,0.0,0.9578947368320221,91,4,0,0
sem_erro,catboost,queda,60,5,5,939,939,368,571,0,939,0,1,1,0.9563365282215123,0.9563365282215123,0.0,0.0,0.0,0.9563365282204938,898,41,0,0
sem_erro,catboost,queda,60,10,10,470,470,184,286,0,470,0,1,1,0.9574468085106383,0.9574468085106383,0.0,0.0,0.0,0.9574468085086012,450,20,0,0
sem_erro,catboost,queda,60,15,15,313,313,122,191,0,313,0,1,1,0.9552715654952076,0.9552715654952076,0.0,0.0,0.0,0.9552715654921557,299,14,0,0
sem_erro,catboost,queda,60,20,20,235,235,91,144,0,235,0,1,1,0.9574468085106383,0.9574468085106383,0.0,0.0,0.0,0.957446808506564,225,10,0,0
sem_erro,catboost,queda,60,25,25,188,188,72,116,0,188,0,1,1,0.9574468085106383,0.9574468085106383,0.0,0.0,0.0,0.9574468085055455,180,8,0,0
sem_erro,catboost,queda,60,30,30,157,157,60,97,0,157,0,1,1,0.9617834394904459,0.9617834394904459,0.0,0.0,0.0,0.9617834394843199,151,6,0,0
sem_erro,catboost,queda,60,35,35,135,135,56,79,0,135,0,2,2,0.9481481481481482,0.9481481481481482,0.0,0.0,0.0,0.9481481481411249,128,7,0,0
sem_erro,catboost,queda,60,40,40,118,118,44,74,0,118,0,1,1,0.9576271186440678,0.9576271186440678,0.0,0.0,0.0,0.9576271186359523,113,5,0,0
sem_erro,catboost,queda,60,45,45,105,105,40,65,0,105,0,1,1,0.9619047619047619,0.9619047619047619,0.0,0.0,0.0,0.9619047618956009,101,4,0,0
sem_erro,catboost,queda,60,50,50,94,94,35,59,0,94,0,1,1,0.9574468085106383,0.9574468085106383,0.0,0.0,0.0,0.9574468085004526,90,4,0,0
sem_erro,catboost,queda,60,55,55,86,86,33,53,0,86,0,0,0,1.0,1.0,0.0,0.0,0.0,0.9999999999883721,86,0,0,0
sem_erro,catboost,queda,60,60,60,79,79,30,49,0,79,0,1,1,0.9620253164556962,0.9620253164556962,0.0,0.0,0.0,0.9620253164435186,76,3,0,0
sem_erro,catboost,queda,70,5,5,937,937,393,544,0,937,0,1,1,0.9541088580576307,0.9541088580576307,0.0,0.0,0.0,0.9541088580566125,894,43,0,0
sem_erro,catboost,queda,70,10,10,469,469,196,273,0,469,0,1,1,0.9552238805970149,0.9552238805970149,0.0,0.0,0.0,0.9552238805949782,448,21,0,0
sem_erro,catboost,queda,70,15,15,313,313,134,179,0,313,0,1,1,0.952076677316294,0.952076677316294,0.0,0.0,0.0,0.9520766773132522,298,15,0,0
sem_erro,catboost,queda,70,20,20,235,235,100,135,0,235,0,1,1,0.9531914893617022,0.9531914893617022,0.0,0.0,0.0,0.9531914893576461,224,11,0,0
sem_erro,catboost,queda,70,25,25,188,188,80,108,0,188,0,1,1,0.9574468085106383,0.9574468085106383,0.0,0.0,0.0,0.9574468085055455,180,8,0,0
sem_erro,catboost,queda,70,30,30,157,157,68,89,0,157,0,1,1,0.9554140127388535,0.9554140127388535,0.0,0.0,0.0,0.9554140127327682,150,7,0,0
sem_erro,catboost,queda,70,35,35,134,134,57,77,0,134,0,1,1,0.9850746268656716,0.9850746268656716,0.0,0.0,0.0,0.9850746268583204,132,2,0,0
sem_erro,catboost,queda,70,40,40,118,118,48,70,0,118,0,1,1,0.9830508474576272,0.9830508474576272,0.0,0.0,0.0,0.9830508474492962,116,2,0,0
sem_erro,catboost,queda,70,45,45,105,105,47,58,0,105,0,2,2,0.8952380952380953,0.8952380952380953,0.0,0.0,0.0,0.8952380952295691,94,11,0,0
sem_erro,catboost,queda,70,50,50,94,94,39,55,0,94,0,1,1,0.9574468085106383,0.9574468085106383,0.0,0.0,0.0,0.9574468085004526,90,4,0,0
sem_erro,catboost,queda,70,55,55,86,86,34,52,0,86,0,1,1,0.9534883720930233,0.9534883720930233,0.0,0.0,0.0,0.9534883720819362,82,4,0,0
sem_erro,catboost,queda,70,60,60,79,79,35,44,0,79,0,1,1,0.9620253164556962,0.9620253164556962,0.0,0.0,0.0,0.9620253164435186,76,3,0,0
sem_erro,catboost,queda,70,65,65,73,73,31,42,0,73,0,0,0,1.0,1.0,0.0,0.0,0.0,0.9999999999863013,73,0,0,0
sem_erro,catboost,queda,70,70,70,67,67,26,41,0,67,0,1,1,0.9701492537313433,0.9701492537313433,0.0,0.0,0.0,0.9701492537168634,65,2,0,0
sem_erro,catboost,queda,80,5,5,935,935,416,519,0,935,0,1,1,0.9518716577540107,0.9518716577540107,0.0,0.0,0.0,0.9518716577529927,890,45,0,0
sem_erro,catboost,queda,80,10,10,468,468,208,260,0,468,0,1,1,0.9529914529914529,0.9529914529914529,0.0,0.0,0.0,0.9529914529894167,446,22,0,0
sem_erro,catboost,queda,80,15,15,312,312,135,177,0,312,0,1,1,0.9551282051282052,0.9551282051282052,0.0,0.0,0.0,0.9551282051251438,298,14,0,0
sem_erro,catboost,queda,80,20,20,234,234,103,131,0,234,0,1,1,0.9529914529914529,0.9529914529914529,0.0,0.0,0.0,0.9529914529873804,223,11,0,0
sem_erro,catboost,queda,80,25,25,187,187,82,105,0,187,0,1,1,0.9518716577540107,0.9518716577540107,0.0,0.0,0.0,0.9518716577489206,178,9,0,0
sem_erro,catboost,queda,80,30,30,156,156,68,88,0,156,0,1,1,0.9551282051282052,0.9551282051282052,0.0,0.0,0.0,0.9551282051220826,149,7,0,0
sem_erro,catboost,queda,80,35,35,134,134,60,74,0,134,0,1,1,0.9552238805970149,0.9552238805970149,0.0,0.0,0.0,0.9552238805898865,128,6,0,0
sem_erro,catboost,queda,80,40,40,117,117,49,68,0,117,0,1,1,0.9487179487179487,0.9487179487179487,0.0,0.0,0.0,0.9487179487098399,111,6,0,0
sem_erro,catboost,queda,80,45,45,104,104,46,58,0,104,0,3,3,0.9326923076923077,0.9326923076923077,0.0,0.0,0.0,0.9326923076833394,97,7,0,0
sem_erro,catboost,queda,80,50,50,94,94,40,54,0,94,0,1,1,0.9574468085106383,0.9574468085106383,0.0,0.0,0.0,0.9574468085004526,90,4,0,0
sem_erro,catboost,queda,80,55,55,85,85,37,48,0,85,0,1,1,0.9529411764705882,0.9529411764705882,0.0,0.0,0.0,0.9529411764593771,81,4,0,0
sem_erro,catboost,queda,80,60,60,78,78,34,44,0,78,0,1,1,0.9615384615384616,0.9615384615384616,0.0,0.0,0.0,0.9615384615261341,75,3,0,0
sem_erro,catboost,queda,80,65,65,72,72,32,40,0,72,0,1,1,0.9583333333333334,0.9583333333333334,0.0,0.0,0.0,0.9583333333200231,69,3,0,0
sem_erro,catboost,queda,80,70,70,67,67,27,40,0,67,0,1,1,0.9850746268656716,0.9850746268656716,0.0,0.0,0.0,0.985074626850969,66,1,0,0
sem_erro,catboost,queda,80,75,75,63,63,26,37,0,63,0,1,1,0.9523809523809523,0.9523809523809523,0.0,0.0,0.0,0.9523809523658353,60,3,0,0
sem_erro,catboost,queda,80,80,80,59,59,25,34,0,59,0,0,0,1.0,1.0,0.0,0.0,0.0,0.9999999999830509,59,0,0,0
sem_erro,catboost,queda,90,5,5,933,933,438,495,0,933,0,1,1,0.9496248660235799,0.9496248660235799,0.0,0.0,0.0,0.949624866022562,886,47,0,0
sem_erro,catboost,queda,90,10,10,467,467,219,248,0,467,0,1,1,0.9507494646680942,0.9507494646680942,0.0,0.0,0.0,0.9507494646660584,444,23,0,0
sem_erro,catboost,queda,90,15,15,311,311,145,166,0,311,0,1,1,0.9485530546623794,0.9485530546623794,0.0,0.0,0.0,0.9485530546593295,295,16,0,0
sem_erro,catboost,queda,90,20,20,234,234,111,123,0,234,0,1,1,0.9529914529914529,0.9529914529914529,0.0,0.0,0.0,0.9529914529873804,223,11,0,0
sem_erro,catboost,queda,90,25,25,187,187,86,101,0,187,0,1,1,0.9518716577540107,0.9518716577540107,0.0,0.0,0.0,0.9518716577489206,178,9,0,0
sem_erro,catboost,queda,90,30,30,156,156,72,84,0,156,0,1,1,0.9551282051282052,0.9551282051282052,0.0,0.0,0.0,0.9551282051220826,149,7,0,0
sem_erro,catboost,queda,90,35,35,134,134,66,68,0,134,0,2,2,0.9477611940298507,0.9477611940298507,0.0,0.0,0.0,0.947761194022778,127,7,0,0
sem_erro,catboost,queda,90,40,40,117,117,54,63,0,117,0,1,1,0.9487179487179487,0.9487179487179487,0.0,0.0,0.0,0.9487179487098399,111,6,0,0
sem_erro,catboost,queda,90,45,45,104,104,48,56,0,104,0,1,1,0.875,0.875,0.0,0.0,0.0,0.8749999999915865,91,13,0,0
sem_erro,catboost,queda,90,50,50,94,94,41,53,0,94,0,1,1,0.9787234042553191,0.9787234042553191,0.0,0.0,0.0,0.9787234042449071,92,2,0,0
sem_erro,catboost,queda,90,55,55,85,85,40,45,0,85,0,1,1,0.8705882352941177,0.8705882352941177,0.0,0.0,0.0,0.8705882352838754,74,11,0,0
sem_erro,catboost,queda,90,60,60,78,78,37,41,0,78,0,1,1,0.8717948717948718,0.8717948717948718,0.0,0.0,0.0,0.8717948717836949,68,10,0,0
sem_erro,catboost,queda,90,65,65,72,72,32,40,0,72,0,1,1,0.9583333333333334,0.9583333333333334,0.0,0.0,0.0,0.9583333333200231,69,3,0,0
sem_erro,catboost,queda,90,70,70,67,67,33,34,0,67,0,2,2,0.9402985074626866,0.9402985074626866,0.0,0.0,0.0,0.9402985074486522,63,4,0,0
sem_erro,catboost,queda,90,75,75,63,63,29,34,0,63,0,1,1,0.9523809523809523,0.9523809523809523,0.0,0.0,0.0,0.9523809523658353,60,3,0,0
sem_erro,catboost,queda,90,80,80,59,59,27,32,0,59,0,0,0,1.0,1.0,0.0,0.0,0.0,0.9999999999830509,59,0,0,0
sem_erro,catboost,queda,90,85,85,55,55,28,27,0,55,0,2,2,0.8363636363636363,0.8363636363636363,0.0,0.0,0.0,0.8363636363484298,46,9,0,0
sem_erro,catboost,queda,90,90,90,52,52,25,27,0,52,0,0,0,1.0,1.0,0.0,0.0,0.0,0.9999999999807693,52,0,0,0
sem_erro,catboost,queda,100,5,5,931,931,460,471,0,931,0,1,1,0.9473684210526315,0.9473684210526315,0.0,0.0,0.0,0.947368421051614,882,49,0,0
sem_erro,catboost,queda,100,10,10,466,466,230,236,0,466,0,1,1,0.9484978540772532,0.9484978540772532,0.0,0.0,0.0,0.9484978540752178,442,24,0,0
sem_erro,catboost,queda,100,15,15,311,311,156,155,0,311,0,1,1,0.9485530546623794,0.9485530546623794,0.0,0.0,0.0,0.9485530546593295,295,16,0,0
sem_erro,catboost,queda,100,20,20,233,233,114,119,0,233,0,2,2,0.9570815450643777,0.9570815450643777,0.0,0.0,0.0,0.9570815450602701,223,10,0,0
sem_erro,catboost,queda,100,25,25,187,187,92,95,0,187,0,1,1,0.9518716577540107,0.9518716577540107,0.0,0.0,0.0,0.9518716577489206,178,9,0,0
sem_erro,catboost,queda,100,30,30,156,156,79,77,0,156,0,1,1,0.9487179487179487,0.9487179487179487,0.0,0.0,0.0,0.9487179487118672,148,8,0,0
sem_erro,catboost,queda,100,35,35,133,133,67,66,0,133,0,1,1,0.9624060150375939,0.9624060150375939,0.0,0.0,0.0,0.9624060150303579,128,5,0,0
sem_erro,catboost,queda,100,40,40,117,117,56,61,0,117,0,1,1,0.9743589743589743,0.9743589743589743,0.0,0.0,0.0,0.9743589743506464,114,3,0,0
sem_erro,catboost,queda,100,45,45,104,104,51,53,0,104,0,3,3,0.9038461538461539,0.9038461538461539,0.0,0.0,0.0,0.903846153837463,94,10,0,0
sem_erro,catboost,queda,100,50,50,94,94,44,50,0,94,0,1,1,0.9468085106382979,0.9468085106382979,0.0,0.0,0.0,0.9468085106282254,89,5,0,0
sem_erro,catboost,queda,100,55,55,85,85,41,44,0,85,0,1,1,0.9529411764705882,0.9529411764705882,0.0,0.0,0.0,0.9529411764593771,81,4,0,0
sem_erro,catboost,queda,100,60,60,78,78,40,38,0,78,0,3,3,0.8333333333333334,0.8333333333333334,0.0,0.0,0.0,0.8333333333226496,65,13,0,0
sem_erro,catboost,queda,100,65,65,72,72,35,37,0,72,0,2,2,0.9444444444444444,0.9444444444444444,0.0,0.0,0.0,0.9444444444313271,68,4,0,0
sem_erro,catboost,queda,100,70,70,67,67,34,33,0,67,0,0,0,1.0,1.0,0.0,0.0,0.0,0.9999999999850746,67,0,0,0
sem_erro,catboost,queda,100,75,75,63,63,31,32,0,63,0,2,2,0.9365079365079365,0.9365079365079365,0.0,0.0,0.0,0.9365079364930714,59,4,0,0
sem_erro,catboost,queda,100,80,80,59,59,28,31,0,59,0,0,0,1.0,1.0,0.0,0.0,0.0,0.9999999999830509,59,0,0,0
sem_erro,catboost,queda,100,85,85,55,55,28,27,0,55,0,2,2,0.8363636363636363,0.8363636363636363,0.0,0.0,0.0,0.8363636363484298,46,9,0,0
sem_erro,catboost,queda,100,90,90,52,52,26,26,0,52,0,1,1,0.9038461538461539,0.9038461538461539,0.0,0.0,0.0,0.9038461538287722,47,5,0,0
sem_erro,catboost,queda,100,95,95,49,49,23,26,0,49,0,1,1,0.9795918367346939,0.9795918367346939,0.0,0.0,0.0,0.9795918367147023,48,1,0,0
sem_erro,catboost,queda,100,100,100,47,47,21,26,0,47,0,0,0,1.0,1.0,0.0,0.0,0.0,0.9999999999787235,47,0,0,0
sem_erro,mlp,lacuna,20,5,5,947,947,283,664,0,947,0,0,0,1.0,1.0,0.0,0.0,0.0,0.9999999999989441,947,0,0,0
sem_erro,mlp,lacuna,20,10,10,474,474,144,330,0,474,0,0,0,1.0,1.0,0.0,0.0,0.0,0.9999999999978904,474,0,0,0
sem_erro,mlp,lacuna,20,15,15,316,316,96,220,0,316,0,0,0,1.0,1.0,0.0,0.0,0.0,0.9999999999968355,316,0,0,0
sem_erro,mlp,lacuna,20,20,20,237,237,72,165,0,237,0,0,0,1.0,1.0,0.0,0.0,0.0,0.9999999999957806,237,0,0,0
sem_erro,mlp,lacuna,30,5,5,945,945,321,624,0,945,0,0,0,1.0,1.0,0.0,0.0,0.0,0.9999999999989418,945,0,0,0
sem_erro,mlp,lacuna,30,10,10,473,473,163,310,0,473,0,0,0,1.0,1.0,0.0,0.0,0.0,0.9999999999978858,473,0,0,0
sem_erro,mlp,lacuna,30,15,15,315,315,106,209,0,315,0,0,0,1.0,1.0,0.0,0.0,0.0,0.9999999999968254,315,0,0,0
sem_erro,mlp,lacuna,30,20,20,237,237,82,155,0,237,0,0,0,1.0,1.0,0.0,0.0,0.0,0.9999999999957806,237,0,0,0
sem_erro,mlp,lacuna,30,25,25,189,189,68,121,0,189,0,0,0,1.0,1.0,0.0,0.0,0.0,0.999999999994709,189,0,0,0
sem_erro,mlp,lacuna,30,30,30,158,158,55,103,0,158,0,0,0,1.0,1.0,0.0,0.0,0.0,0.999999999993671,158,0,0,0
sem_erro,mlp,lacuna,40,5,5,943,943,359,584,0,943,0,1,1,0.9989395546129375,0.9989395546129375,0.0,0.0,0.0,0.9989395546118781,942,1,0,0
sem_erro,mlp,lacuna,40,10,10,472,472,182,290,0,472,0,1,1,0.9936440677966102,0.9936440677966102,0.0,0.0,0.0,0.993644067794505,469,3,0,0
sem_erro,mlp,lacuna,40,15,15,315,315,121,194,0,315,0,0,0,1.0,1.0,0.0,0.0,0.0,0.9999999999968254,315,0,0,0
sem_erro,mlp,lacuna,40,20,20,236,236,91,145,0,236,0,3,3,0.9872881355932204,0.9872881355932204,0.0,0.0,0.0,0.9872881355890369,233,3,0,0
sem_erro,mlp,lacuna,40,25,25,189,189,73,116,0,189,0,2,2,0.9788359788359788,0.9788359788359788,0.0,0.0,0.0,0.9788359788307999,185,4,0,0
sem_erro,mlp,lacuna,40,30,30,158,158,60,98,0,158,0,1,1,0.9936708860759493,0.9936708860759493,0.0,0.0,0.0,0.9936708860696604,157,1,0,0
sem_erro,mlp,lacuna,40,35,35,135,135,51,84,0,135,0,3,3,0.9777777777777777,0.9777777777777777,0.0,0.0,0.0,0.9777777777705351,132,3,0,0
sem_erro,mlp,lacuna,40,40,40,118,118,46,72,0,118,0,1,1,0.9915254237288136,0.9915254237288136,0.0,0.0,0.0,0.9915254237204107,117,1,0,0
sem_erro,mlp,lacuna,50,5,5,941,941,394,547,0,941,0,0,0,1.0,1.0,0.0,0.0,0.0,0.9999999999989373,941,0,0,0
sem_erro,mlp,lacuna,50,10,10,471,471,199,272,0,471,0,0,0,1.0,1.0,0.0,0.0,0.0,0.9999999999978769,471,0,0,0
sem_erro,mlp,lacuna,50,15,15,314,314,132,182,0,314,0,0,0,1.0,1.0,0.0,0.0,0.0,0.9999999999968153,314,0,0,0
sem_erro,mlp,lacuna,50,20,20,236,236,99,137,0,236,0,3,3,0.9872881355932204,0.9872881355932204,0.0,0.0,0.0,0.9872881355890369,233,3,0,0
sem_erro,mlp,lacuna,50,25,25,189,189,85,104,0,189,0,3,3,0.9841269841269841,0.9841269841269841,0.0,0.0,0.0,0.9841269841217771,186,3,0,0
sem_erro,mlp,lacuna,50,30,30,157,157,66,91,0,157,0,6,6,0.9490445859872612,0.9490445859872612,0.0,0.0,0.0,0.9490445859812163,149,8,0,0
sem_erro,mlp,lacuna,50,35,35,135,135,58,77,0,135,0,0,0,1.0,1.0,0.0,0.0,0.0,0.9999999999925927,135,0,0,0
sem_erro,mlp,lacuna,50,40,40,118,118,48,70,0,118,0,0,0,1.0,1.0,0.0,0.0,0.0,0.9999999999915254,118,0,0,0
sem_erro,mlp,lacuna,50,45,45,105,105,41,64,0,105,0,3,3,0.9428571428571428,0.9428571428571428,0.0,0.0,0.0,0.9428571428481632,99,6,0,0
sem_erro,mlp,lacuna,50,50,50,95,95,43,52,0,95,0,2,2,0.9789473684210527,0.9789473684210527,0.0,0.0,0.0,0.9789473684107479,93,2,0,0
sem_erro,mlp,lacuna,60,5,5,939,939,428,511,0,939,0,0,0,1.0,1.0,0.0,0.0,0.0,0.9999999999989351,939,0,0,0
sem_erro,mlp,lacuna,60,10,10,470,470,216,254,0,470,0,1,1,0.997872340425532,0.997872340425532,0.0,0.0,0.0,0.9978723404234088,469,1,0,0
sem_erro,mlp,lacuna,60,15,15,313,313,141,172,0,313,0,3,3,0.9904153354632588,0.9904153354632588,0.0,0.0,0.0,0.9904153354600945,310,3,0,0
sem_erro,mlp,lacuna,60,20,20,235,235,108,127,0,235,0,0,0,1.0,1.0,0.0,0.0,0.0,0.9999999999957447,235,0,0,0
sem_erro,mlp,lacuna,60,25,25,188,188,89,99,0,188,0,5,5,0.973404255319149,0.973404255319149,0.0,0.0,0.0,0.9734042553139713,183,5,0,0
sem_erro,mlp,lacuna,60,30,30,157,157,72,85,0,157,0,8,8,0.9235668789808917,0.9235668789808917,0.0,0.0,0.0,0.9235668789750092,145,12,0,0
sem_erro,mlp,lacuna,60,35,35,135,135,60,75,0,135,0,0,0,1.0,1.0,0.0,0.0,0.0,0.9999999999925927,135,0,0,0
sem_erro,mlp,lacuna,60,40,40,118,118,53,65,0,118,0,0,0,1.0,1.0,0.0,0.0,0.0,0.9999999999915254,118,0,0,0
sem_erro,mlp,lacuna,60,45,45,105,105,48,57,0,105,0,1,1,0.9809523809523809,0.9809523809523809,0.0,0.0,0.0,0.9809523809430385,103,2,0,0
sem_erro,mlp,lacuna,60,50,50,94,94,47,47,0,94,0,2,2,0.9574468085106383,0.9574468085106383,0.0,0.0,0.0,0.9574468085004526,90,4,0,0
sem_erro,mlp,lacuna,60,55,55,86,86,40,46,0,86,0,5,5,0.9418604651162791,0.9418604651162791,0.0,0.0,0.0,0.9418604651053272,81,5,0,0
sem_erro,mlp,lacuna,60,60,60,79,79,34,45,0,79,0,0,0,1.0,1.0,0.0,0.0,0.0,0.9999999999873417,79,0,0,0
sem_erro,mlp,lacuna,70,5,5,937,937,462,475,0,937,0,1,1,0.9978655282817502,0.9978655282817502,0.0,0.0,0.0,0.9978655282806853,935,2,0,0
sem_erro,mlp,lacuna,70,10,10,469,469,233,236,0,469,0,1,1,0.997867803837953,0.997867803837953,0.0,0.0,0.0,0.9978678038358255,468,1,0,0
sem_erro,mlp,lacuna,70,15,15,313,313,155,158,0,313,0,3,3,0.987220447284345,0.987220447284345,0.0,0.0,0.0,0.9872204472811911,309,4,0,0
sem_erro,mlp,lacuna,70,20,20,235,235,116,119,0,235,0,0,0,1.0,1.0,0.0,0.0,0.0,0.9999999999957447,235,0,0,0
sem_erro,mlp,lacuna,70,25,25,188,188,95,93,0,188,0,2,2,0.9627659574468085,0.9627659574468085,0.0,0.0,0.0,0.9627659574416875,181,7,0,0
sem_erro,mlp,lacuna,70,30,30,157,157,77,80,0,157,0,9,9,0.910828025477707,0.910828025477707,0.0,0.0,0.0,0.9108280254719057,143,14,0,0
sem_erro,mlp,lacuna,70,35,35,134,134,63,71,0,134,0,0,0,1.0,1.0,0.0,0.0,0.0,0.9999999999925374,134,0,0,0
sem_erro,mlp,lacuna,70,40,40,118,118,59,59,0,118,0,16,16,0.7796610169491526,0.7796610169491526,0.0,0.0,0.0,0.7796610169425452,92,26,0,0
sem_erro,mlp,lacuna,70,45,45,105,105,52,53,0,105,0,0,0,1.0,1.0,0.0,0.0,0.0,0.9999999999904762,105,0,0,0
sem_erro,mlp,lacuna,70,50,50,94,94,50,44,0,94,0,0,0,1.0,1.0,0.0,0.0,0.0,0.9999999999893616,94,0,0,0
sem_erro,mlp,lacuna,70,55,55,86,86,43,43,0,86,0,12,12,0.7674418604651163,0.7674418604651163,0.0,0.0,0.0,0.7674418604561926,66,20,0,0
sem_erro,mlp,lacuna,70,60,60,79,79,37,42,0,79,0,1,1,0.9873417721518988,0.9873417721518988,0.0,0.0,0.0,0.9873417721394007,78,1,0,0
sem_erro,mlp,lacuna,70,65,65,73,73,38,35,0,73,0,12,12,0.7397260273972602,0.7397260273972602,0.0,0.0,0.0,0.739726027387127,54,19,0,0
sem_erro,mlp,lacuna,70,70,70,67,67,29,38,0,67,0,1,1,0.9850746268656716,0.9850746268656716,0.0,0.0,0.0,0.985074626850969,66,1,0,0
sem_erro,mlp,lacuna,80,5,5,935,935,494,441,0,935,0,35,35,0.9208556149732621,0.9208556149732621,0.0,0.0,0.0,0.9208556149722772,861,74,0,0
sem_erro,mlp,lacuna,80,10,10,468,468,249,219,0,468,0,28,28,0.8226495726495726,0.8226495726495726,0.0,0.0,0.0,0.8226495726478149,385,83,0,0
sem_erro,mlp,lacuna,80,15,15,312,312,166,146,0,312,0,18,18,0.9166666666666666,0.9166666666666666,0.0,0.0,0.0,0.9166666666637286,286,26,0,0
sem_erro,mlp,lacuna,80,20,20,234,234,125,109,0,234,0,6,6,0.9658119658119658,0.9658119658119658,0.0,0.0,0.0,0.9658119658078385,226,8,0,0
sem_erro,mlp,lacuna,80,25,25,187,187,102,85,0,187,0,1,1,0.9893048128342246,0.9893048128342246,0.0,0.0,0.0,0.9893048128289342,185,2,0,0
sem_erro,mlp,lacuna,80,30,30,156,156,83,73,0,156,0,17,17,0.6089743589743589,0.6089743589743589,0.0,0.0,0.0,0.6089743589704554,95,61,0,0
sem_erro,mlp,lacuna,80,35,35,134,134,71,63,0,134,0,20,20,0.8134328358208955,0.8134328358208955,0.0,0.0,0.0,0.8134328358148252,109,25,0,0
sem_erro,mlp,lacuna,80,40,40,117,117,63,54,0,117,0,21,21,0.5042735042735043,0.5042735042735043,0.0,0.0,0.0,0.5042735042691943,59,58,0,0
sem_erro,mlp,lacuna,80,45,45,104,104,53,51,0,104,0,15,15,0.8173076923076923,0.8173076923076923,0.0,0.0,0.0,0.8173076922998336,85,19,0,0
sem_erro,mlp,lacuna,80,50,50,94,94,52,42,0,94,0,2,2,0.9680851063829787,0.9680851063829787,0.0,0.0,0.0,0.9680851063726799,91,3,0,0
sem_erro,mlp,lacuna,80,55,55,85,85,45,40,0,85,0,8,8,0.8352941176470589,0.8352941176470589,0.0,0.0,0.0,0.8352941176372318,71,14,0,0
sem_erro,mlp,lacuna,80,60,60,78,78,42,36,0,78,0,15,15,0.6410256410256411,0.6410256410256411,0.0,0.0,0.0,0.6410256410174228,50,28,0,0
sem_erro,mlp,lacuna,80,65,65,72,72,38,34,0,72,0,8,8,0.8194444444444444,0.8194444444444444,0.0,0.0,0.0,0.8194444444330632,59,13,0,0
sem_erro,mlp,lacuna,80,70,70,67,67,34,33,0,67,0,14,14,0.6716417910447762,0.6716417910447762,0.0,0.0,0.0,0.6716417910347516,45,22,0,0
sem_erro,mlp,lacuna,80,75,75,63,63,34,29,0,63,0,2,2,0.9523809523809523,0.9523809523809523,0.0,0.0,0.0,0.9523809523658353,60,3,0,0
sem_erro,mlp,lacuna,80,80,80,59,59,32,27,0,59,0,10,10,0.5932203389830508,0.5932203389830508,0.0,0.0,0.0,0.5932203389729963,35,24,0,0
sem_erro,mlp,lacuna,90,5,5,933,933,526,407,0,933,0,28,28,0.9506966773847803,0.9506966773847803,0.0,0.0,0.0,0.9506966773837613,887,46,0,0
sem_erro,mlp,lacuna,90,10,10,467,467,265,202,0,467,0,36,36,0.8094218415417559,0.8094218415417559,0.0,0.0,0.0,0.8094218415400227,378,89,0,0
sem_erro,mlp,lacuna,90,15,15,311,311,174,137,0,311,0,20,20,0.8713826366559485,0.8713826366559485,0.0,0.0,0.0,0.8713826366531467,271,40,0,0
sem_erro,mlp,lacuna,90,20,20,234,234,132,102,0,234,0,4,4,0.9700854700854701,0.9700854700854701,0.0,0.0,0.0,0.9700854700813245,227,7,0,0
sem_erro,mlp,lacuna,90,25,25,187,187,106,81,0,187,0,12,12,0.839572192513369,0.839572192513369,0.0,0.0,0.0,0.8395721925088794,157,30,0,0
sem_erro,mlp,lacuna,90,30,30,156,156,88,68,0,156,0,17,17,0.6346153846153846,0.6346153846153846,0.0,0.0,0.0,0.6346153846113166,99,57,0,0
sem_erro,mlp,lacuna,90,35,35,134,134,76,58,0,134,0,3,3,0.9701492537313433,0.9701492537313433,0.0,0.0,0.0,0.9701492537241034,130,4,0,0
sem_erro,mlp,lacuna,90,40,40,117,117,65,52,0,117,0,5,5,0.9230769230769231,0.9230769230769231,0.0,0.0,0.0,0.9230769230690336,108,9,0,0
sem_erro,mlp,lacuna,90,45,45,104,104,55,49,0,104,0,2,2,0.9807692307692307,0.9807692307692307,0.0,0.0,0.0,0.9807692307598003,102,2,0,0
sem_erro,mlp,lacuna,90,50,50,94,94,52,42,0,94,0,1,1,0.9680851063829787,0.9680851063829787,0.0,0.0,0.0,0.9680851063726799,91,3,0,0
sem_erro,mlp,lacuna,90,55,55,85,85,46,39,0,85,0,2,2,0.8823529411764706,0.8823529411764706,0.0,0.0,0.0,0.88235294116609,75,10,0,0
sem_erro,mlp,lacuna,90,60,60,78,78,45,33,0,78,0,6,6,0.6923076923076923,0.6923076923076923,0.0,0.0,0.0,0.6923076922988165,54,24,0,0
sem_erro,mlp,lacuna,90,65,65,72,72,40,32,0,72,0,4,4,0.9305555555555556,0.9305555555555556,0.0,0.0,0.0,0.9305555555426311,67,5,0,0
sem_erro,mlp,lacuna,90,70,70,67,67,37,30,0,67,0,1,1,0.9850746268656716,0.9850746268656716,0.0,0.0,0.0,0.985074626850969,66,1,0,0
sem_erro,mlp,lacuna,90,75,75,63,63,36,27,0,63,0,4,4,0.9206349206349206,0.9206349206349206,0.0,0.0,0.0,0.9206349206203074,58,5,0,0
sem_erro,mlp,lacuna,90,80,80,59,59,33,26,0,59,0,5,5,0.711864406779661,0.711864406779661,0.0,0.0,0.0,0.7118644067675955,42,17,0,0
sem_erro,mlp,lacuna,90,85,85,55,55,31,24,0,55,0,4,4,0.9090909090909091,0.9090909090909091,0.0,0.0,0.0,0.9090909090743802,50,5,0,0
sem_erro,mlp,lacuna,90,90,90,52,52,26,26,0,52,0,1,1,0.9807692307692307,0.9807692307692307,0.0,0.0,0.0,0.9807692307503699,51,1,0,0
sem_erro,mlp,lacuna,100,5,5,931,931,555,376,0,931,0,19,19,0.9720730397422127,0.9720730397422127,0.0,0.0,0.0,0.9720730397411685,905,26,0,0
sem_erro,mlp,lacuna,100,10,10,466,466,279,187,0,466,0,32,32,0.851931330472103,0.851931330472103,0.0,0.0,0.0,0.8519313304702748,397,69,0,0
sem_erro,mlp,lacuna,100,15,15,311,311,187,124,0,311,0,9,9,0.954983922829582,0.954983922829582,0.0,0.0,0.0,0.9549839228265113,297,14,0,0
sem_erro,mlp,lacuna,100,20,20,233,233,139,94,0,233,0,10,10,0.8841201716738197,0.8841201716738197,0.0,0.0,0.0,0.8841201716700253,206,27,0,0
sem_erro,mlp,lacuna,100,25,25,187,187,115,72,0,187,0,18,18,0.839572192513369,0.839572192513369,0.0,0.0,0.0,0.8395721925088794,157,30,0,0
sem_erro,mlp,lacuna,100,30,30,156,156,93,63,0,156,0,22,22,0.7307692307692307,0.7307692307692307,0.0,0.0,0.0,0.7307692307645464,114,42,0,0
sem_erro,mlp,lacuna,100,35,35,133,133,78,55,0,133,0,16,16,0.7969924812030075,0.7969924812030075,0.0,0.0,0.0,0.7969924811970152,106,27,0,0
sem_erro,mlp,lacuna,100,40,40,117,117,69,48,0,117,0,2,2,0.9316239316239316,0.9316239316239316,0.0,0.0,0.0,0.931623931615969,109,8,0,0
sem_erro,mlp,lacuna,100,45,45,104,104,62,42,0,104,0,4,4,0.9038461538461539,0.9038461538461539,0.0,0.0,0.0,0.903846153837463,94,10,0,0
sem_erro,mlp,lacuna,100,50,50,94,94,58,36,0,94,0,17,17,0.7127659574468085,0.7127659574468085,0.0,0.0,0.0,0.7127659574392259,67,27,0,0
sem_erro,mlp,lacuna,100,55,55,85,85,51,34,0,85,0,4,4,0.8588235294117647,0.8588235294117647,0.0,0.0,0.0,0.8588235294016608,73,12,0,0
sem_erro,mlp,lacuna,100,60,60,78,78,47,31,0,78,0,4,4,0.9358974358974359,0.9358974358974359,0.0,0.0,0.0,0.9358974358854372,73,5,0,0
sem_erro,mlp,lacuna,100,65,65,72,72,42,30,0,72,0,2,2,0.9722222222222222,0.9722222222222222,0.0,0.0,0.0,0.9722222222087191,70,2,0,0
sem_erro,mlp,lacuna,100,70,70,67,67,40,27,0,67,0,14,14,0.4626865671641791,0.4626865671641791,0.0,0.0,0.0,0.4626865671572733,31,36,0,0
sem_erro,mlp,lacuna,100,75,75,63,63,39,24,0,63,0,5,5,0.8253968253968254,0.8253968253968254,0.0,0.0,0.0,0.8253968253837239,52,11,0,0
sem_erro,mlp,lacuna,100,80,80,59,59,35,24,0,59,0,2,2,0.8813559322033898,0.8813559322033898,0.0,0.0,0.0,0.8813559321884517,52,7,0,0
sem_erro,mlp,lacuna,100,85,85,55,55,33,22,0,55,0,1,1,0.8909090909090909,0.8909090909090909,0.0,0.0,0.0,0.8909090908928926,49,6,0,0
sem_erro,mlp,lacuna,100,90,90,52,52,29,23,0,52,0,10,10,0.7692307692307693,0.7692307692307693,0.0,0.0,0.0,0.7692307692159763,40,12,0,0
sem_erro,mlp,lacuna,100,95,95,49,49,26,23,0,49,0,2,2,0.9591836734693877,0.9591836734693877,0.0,0.0,0.0,0.9591836734498127,47,2,0,0
sem_erro,mlp,lacuna,100,100,100,47,47,28,19,0,47,0,6,6,0.8723404255319149,0.8723404255319149,0.0,0.0,0.0,0.8723404255133546,41,6,0,0
sem_erro,mlp,oscilacao,20,5,5,947,947,366,581,0,947,0,30,30,0.9482576557550159,0.9482576557550159,0.0,0.0,0.0,0.9482576557540146,898,49,0,0
sem_erro,mlp,oscilacao,20,10,10,474,474,181,293,0,474,0,10,10,0.9641350210970464,0.9641350210970464,0.0,0.0,0.0,0.9641350210950124,457,17,0,0
sem_erro,mlp,oscilacao,20,15,15,316,316,123,193,0,316,0,12,12,0.9620253164556962,0.9620253164556962,0.0,0.0,0.0,0.9620253164526519,304,12,0,0
sem_erro,mlp,oscilacao,20,20,20,237,237,89,148,0,237,0,6,6,0.9704641350210971,0.9704641350210971,0.0,0.0,0.0,0.9704641350170023,230,7,0,0
sem_erro,mlp,oscilacao,30,5,5,945,945,400,545,0,945,0,35,35,0.9428571428571428,0.9428571428571428,0.0,0.0,0.0,0.9428571428561451,891,54,0,0
sem_erro,mlp,oscilacao,30,10,10,473,473,198,275,0,473,0,11,11,0.9534883720930233,0.9534883720930233,0.0,0.0,0.0,0.9534883720910075,451,22,0,0
sem_erro,mlp,oscilacao,30,15,15,315,315,134,181,0,315,0,10,10,0.9396825396825397,0.9396825396825397,0.0,0.0,0.0,0.9396825396795566,296,19,0,0
sem_erro,mlp,oscilacao,30,20,20,237,237,102,135,0,237,0,6,6,0.9704641350210971,0.9704641350210971,0.0,0.0,0.0,0.9704641350170023,230,7,0,0
sem_erro,mlp,oscilacao,30,25,25,189,189,78,111,0,189,0,7,7,0.9576719576719577,0.9576719576719577,0.0,0.0,0.0,0.9576719576668907,181,8,0,0
sem_erro,mlp,oscilacao,30,30,30,158,158,65,93,0,158,0,5,5,0.9430379746835443,0.9430379746835443,0.0,0.0,0.0,0.9430379746775758,149,9,0,0
sem_erro,mlp,oscilacao,40,5,5,943,943,432,511,0,943,0,30,30,0.9088016967126193,0.9088016967126193,0.0,0.0,0.0,0.9088016967116556,857,86,0,0
sem_erro,mlp,oscilacao,40,10,10,472,472,214,258,0,472,0,11,11,0.9661016949152542,0.9661016949152542,0.0,0.0,0.0,0.9661016949132074,456,16,0,0
sem_erro,mlp,oscilacao,40,15,15,315,315,143,172,0,315,0,12,12,0.9555555555555556,0.9555555555555556,0.0,0.0,0.0,0.955555555552522,301,14,0,0
sem_erro,mlp,oscilacao,40,20,20,236,236,106,130,0,236,0,11,11,0.9322033898305084,0.9322033898305084,0.0,0.0,0.0,0.9322033898265585,220,16,0,0
sem_erro,mlp,oscilacao,40,25,25,189,189,88,101,0,189,0,9,9,0.9153439153439153,0.9153439153439153,0.0,0.0,0.0,0.9153439153390723,173,16,0,0
sem_erro,mlp,oscilacao,40,30,30,158,158,70,88,0,158,0,5,5,0.9620253164556962,0.9620253164556962,0.0,0.0,0.0,0.9620253164496075,152,6,0,0
sem_erro,mlp,oscilacao,40,35,35,135,135,60,75,0,135,0,11,11,0.8814814814814815,0.8814814814814815,0.0,0.0,0.0,0.8814814814749521,119,16,0,0
sem_erro,mlp,oscilacao,40,40,40,118,118,52,66,0,118,0,9,9,0.8898305084745762,0.8898305084745762,0.0,0.0,0.0,0.8898305084670353,105,13,0,0
sem_erro,mlp,oscilacao,50,5,5,941,941,463,478,0,941,0,31,31,0.8469713071200851,0.8469713071200851,0.0,0.0,0.0,0.846971307119185,797,144,0,0
sem_erro,mlp,oscilacao,50,10,10,471,471,230,241,0,471,0,16,16,0.9023354564755839,0.9023354564755839,0.0,0.0,0.0,0.9023354564736681,425,46,0,0
sem_erro,mlp,oscilacao,50,15,15,314,314,155,159,0,314,0,12,12,0.9394904458598726,0.9394904458598726,0.0,0.0,0.0,0.9394904458568807,295,19,0,0
sem_erro,mlp,oscilacao,50,20,20,236,236,118,118,0,236,0,10,10,0.923728813559322,0.923728813559322,0.0,0.0,0.0,0.9237288135554079,218,18,0,0
sem_erro,mlp,oscilacao,50,25,25,189,189,91,98,0,189,0,13,13,0.9206349206349206,0.9206349206349206,0.0,0.0,0.0,0.9206349206300496,174,15,0,0
sem_erro,mlp,oscilacao,50,30,30,157,157,76,81,0,157,0,9,9,0.8598726114649682,0.8598726114649682,0.0,0.0,0.0,0.8598726114594913,135,22,0,0
sem_erro,mlp,oscilacao,50,35,35,135,135,66,69,0,135,0,12,12,0.837037037037037,0.837037037037037,0.0,0.0,0.0,0.8370370370308369,113,22,0,0
sem_erro,mlp,oscilacao,50,40,40,118,118,59,59,0,118,0,8,8,0.8728813559322034,0.8728813559322034,0.0,0.0,0.0,0.8728813559248061,103,15,0,0
sem_erro,mlp,oscilacao,50,45,45,105,105,51,54,0,105,0,4,4,0.8857142857142857,0.8857142857142857,0.0,0.0,0.0,0.8857142857058503,93,12,0,0
sem_erro,mlp,oscilacao,50,50,50,95,95,45,50,0,95,0,7,7,0.9157894736842105,0.9157894736842105,0.0,0.0,0.0,0.9157894736745706,87,8,0,0
sem_erro,mlp,oscilacao,60,5,5,939,939,491,448,0,939,0,43,43,0.8487752928647497,0.8487752928647497,0.0,0.0,0.0,0.8487752928638458,797,142,0,0
sem_erro,mlp,oscilacao,60,10,10,470,470,244,226,0,470,0,12,12,0.9170212765957447,0.9170212765957447,0.0,0.0,0.0,0.9170212765937936,431,39,0,0
sem_erro,mlp,oscilacao,60,15,15,313,313,165,148,0,313,0,12,12,0.8498402555910544,0.8498402555910544,0.0,0.0,0.0,0.8498402555883392,266,47,0,0
sem_erro,mlp,oscilacao,60,20,20,235,235,122,113,0,235,0,10,10,0.902127659574468,0.902127659574468,0.0,0.0,0.0,0.9021276595706292,212,23,0,0
sem_erro,mlp,oscilacao,60,25,25,188,188,100,88,0,188,0,17,17,0.8776595744680851,0.8776595744680851,0.0,0.0,0.0,0.8776595744634168,165,23,0,0
sem_erro,mlp,oscilacao,60,30,30,157,157,81,76,0,157,0,8,8,0.8980891719745223,0.8980891719745223,0.0,0.0,0.0,0.898089171968802,141,16,0,0
sem_erro,mlp,oscilacao,60,35,35,135,135,71,64,0,135,0,11,11,0.8296296296296296,0.8296296296296296,0.0,0.0,0.0,0.8296296296234843,112,23,0,0
sem_erro,mlp,oscilacao,60,40,40,118,118,62,56,0,118,0,7,7,0.9152542372881356,0.9152542372881356,0.0,0.0,0.0,0.9152542372803791,108,10,0,0
sem_erro,mlp,oscilacao,60,45,45,105,105,55,50,0,105,0,6,6,0.8666666666666667,0.8666666666666667,0.0,0.0,0.0,0.8666666666584126,91,14,0,0
sem_erro,mlp,oscilacao,60,50,50,94,94,47,47,0,94,0,6,6,0.8829787234042553,0.8829787234042553,0.0,0.0,0.0,0.8829787233948619,83,11,0,0
sem_erro,mlp,oscilacao,60,55,55,86,86,45,41,0,86,0,16,16,0.7674418604651163,0.7674418604651163,0.0,0.0,0.0,0.7674418604561926,66,20,0,0
sem_erro,mlp,oscilacao,60,60,60,79,79,42,37,0,79,0,6,6,0.8607594936708861,0.8607594936708861,0.0,0.0,0.0,0.8607594936599904,68,11,0,0
sem_erro,mlp,oscilacao,70,5,5,937,937,515,422,0,937,0,28,28,0.855923159018143,0.855923159018143,0.0,0.0,0.0,0.8559231590172296,802,135,0,0
sem_erro,mlp,oscilacao,70,10,10,469,469,256,213,0,469,0,21,21,0.8464818763326226,0.8464818763326226,0.0,0.0,0.0,0.8464818763308177,397,72,0,0
sem_erro,mlp,oscilacao,70,15,15,313,313,171,142,0,313,0,15,15,0.9041533546325878,0.9041533546325878,0.0,0.0,0.0,0.9041533546296993,283,30,0,0
sem_erro,mlp,oscilacao,70,20,20,235,235,131,104,0,235,0,13,13,0.8340425531914893,0.8340425531914893,0.0,0.0,0.0,0.8340425531879403,196,39,0,0
sem_erro,mlp,oscilacao,70,25,25,188,188,104,84,0,188,0,13,13,0.8936170212765957,0.8936170212765957,0.0,0.0,0.0,0.8936170212718425,168,20,0,0
sem_erro,mlp,oscilacao,70,30,30,157,157,83,74,0,157,0,3,3,0.9426751592356688,0.9426751592356688,0.0,0.0,0.0,0.9426751592296646,148,9,0,0
sem_erro,mlp,oscilacao,70,35,35,134,134,73,61,0,134,0,7,7,0.8880597014925373,0.8880597014925373,0.0,0.0,0.0,0.8880597014859101,119,15,0,0
sem_erro,mlp,oscilacao,70,40,40,118,118,66,52,0,118,0,5,5,0.9322033898305084,0.9322033898305084,0.0,0.0,0.0,0.9322033898226084,110,8,0,0
sem_erro,mlp,oscilacao,70,45,45,105,105,56,49,0,105,0,6,6,0.8761904761904762,0.8761904761904762,0.0,0.0,0.0,0.8761904761821315,92,13,0,0
sem_erro,mlp,oscilacao,70,50,50,94,94,50,44,0,94,0,2,2,0.9787234042553191,0.9787234042553191,0.0,0.0,0.0,0.9787234042449071,92,2,0,0
sem_erro,mlp,oscilacao,70,55,55,86,86,47,39,0,86,0,10,10,0.8488372093023255,0.8488372093023255,0.0,0.0,0.0,0.8488372092924553,73,13,0,0
sem_erro,mlp,oscilacao,70,60,60,79,79,44,35,0,79,0,6,6,0.9240506329113924,0.9240506329113924,0.0,0.0,0.0,0.9240506328996955,73,6,0,0
sem_erro,mlp,oscilacao,70,65,65,73,73,42,31,0,73,0,6,6,0.8493150684931506,0.8493150684931506,0.0,0.0,0.0,0.8493150684815162,62,11,0,0
sem_erro,mlp,oscilacao,70,70,70,67,67,39,28,0,67,0,6,6,0.835820895522388,0.835820895522388,0.0,0.0,0.0,0.8358208955099131,56,11,0,0
sem_erro,mlp,oscilacao,80,5,5,935,935,537,398,0,935,0,20,20,0.8780748663101604,0.8780748663101604,0.0,0.0,0.0,0.8780748663092213,821,114,0,0
sem_erro,mlp,oscilacao,80,10,10,468,468,267,201,0,468,0,10,10,0.8696581196581197,0.8696581196581197,0.0,0.0,0.0,0.8696581196562614,407,61,0,0
sem_erro,mlp,oscilacao,80,15,15,312,312,179,133,0,312,0,22,22,0.8525641025641025,0.8525641025641025,0.0,0.0,0.0,0.85256410256137,266,46,0,0
sem_erro,mlp,oscilacao,80,20,20,234,234,134,100,0,234,0,10,10,0.811965811965812,0.811965811965812,0.0,0.0,0.0,0.8119658119623421,190,44,0,0
sem_erro,mlp,oscilacao,80,25,25,187,187,106,81,0,187,0,13,13,0.8021390374331551,0.8021390374331551,0.0,0.0,0.0,0.8021390374288656,150,37,0,0
sem_erro,mlp,oscilacao,80,30,30,156,156,88,68,0,156,0,7,7,0.8076923076923077,0.8076923076923077,0.0,0.0,0.0,0.8076923076871302,126,30,0,0
sem_erro,mlp,oscilacao,80,35,35,134,134,77,57,0,134,0,10,10,0.8507462686567164,0.8507462686567164,0.0,0.0,0.0,0.8507462686503676,114,20,0,0
sem_erro,mlp,oscilacao,80,40,40,117,117,67,50,0,117,0,10,10,0.8034188034188035,0.8034188034188035,0.0,0.0,0.0,0.8034188034119366,94,23,0,0
sem_erro,mlp,oscilacao,80,45,45,104,104,57,47,0,104,0,4,4,0.8269230769230769,0.8269230769230769,0.0,0.0,0.0,0.8269230769151257,86,18,0,0
sem_erro,mlp,oscilacao,80,50,50,94,94,51,43,0,94,0,5,5,0.9361702127659575,0.9361702127659575,0.0,0.0,0.0,0.9361702127559981,88,6,0,0
sem_erro,mlp,oscilacao,80,55,55,85,85,48,37,0,85,0,5,5,0.8588235294117647,0.8588235294117647,0.0,0.0,0.0,0.8588235294016608,73,12,0,0
sem_erro,mlp,oscilacao,80,60,60,78,78,45,33,0,78,0,5,5,0.782051282051282,0.782051282051282,0.0,0.0,0.0,0.7820512820412557,61,17,0,0
sem_erro,mlp,oscilacao,80,65,65,72,72,42,30,0,72,0,8,8,0.7777777777777778,0.7777777777777778,0.0,0.0,0.0,0.7777777777669753,56,16,0,0
sem_erro,mlp,oscilacao,80,70,70,67,67,39,28,0,67,0,5,5,0.8507462686567164,0.8507462686567164,0.0,0.0,0.0,0.8507462686440187,57,10,0,0
sem_erro,mlp,oscilacao,80,75,75,63,63,35,28,0,63,0,10,10,0.7777777777777778,0.7777777777777778,0.0,0.0,0.0,0.7777777777654321,49,14,0,0
sem_erro,mlp,oscilacao,80,80,80,59,59,34,25,0,59,0,4,4,0.847457627118644,0.847457627118644,0.0,0.0,0.0,0.8474576271042804,50,9,0,0
sem_erro,mlp,oscilacao,90,5,5,933,933,559,374,0,933,0,34,34,0.8445873526259379,0.8445873526259379,0.0,0.0,0.0,0.8445873526250326,788,145,0,0
sem_erro,mlp,oscilacao,90,10,10,467,467,278,189,0,467,0,12,12,0.8779443254817987,0.8779443254817987,0.0,0.0,0.0,0.8779443254799187,410,57,0,0
sem_erro,mlp,oscilacao,90,15,15,311,311,187,124,0,311,0,24,24,0.8263665594855305,0.8263665594855305,0.0,0.0,0.0,0.8263665594828734,257,54,0,0
sem_erro,mlp,oscilacao,90,20,20,234,234,142,92,0,234,0,15,15,0.8888888888888888,0.8888888888888888,0.0,0.0,0.0,0.8888888888850902,208,26,0,0
sem_erro,mlp,oscilacao,90,25,25,187,187,113,74,0,187,0,13,13,0.893048128342246,0.893048128342246,0.0,0.0,0.0,0.8930481283374704,167,20,0,0
sem_erro,mlp,oscilacao,90,30,30,156,156,92,64,0,156,0,9,9,0.8589743589743589,0.8589743589743589,0.0,0.0,0.0,0.8589743589688528,134,22,0,0
sem_erro,mlp,oscilacao,90,35,35,134,134,82,52,0,134,0,8,8,0.8656716417910447,0.8656716417910447,0.0,0.0,0.0,0.8656716417845846,116,18,0,0
sem_erro,mlp,oscilacao,90,40,40,117,117,71,46,0,117,0,8,8,0.8974358974358975,0.8974358974358975,0.0,0.0,0.0,0.897435897428227,105,12,0,0
sem_erro,mlp,oscilacao,90,45,45,104,104,61,43,0,104,0,9,9,0.8269230769230769,0.8269230769230769,0.0,0.0,0.0,0.8269230769151257,86,18,0,0
sem_erro,mlp,oscilacao,90,50,50,94,94,56,38,0,94,0,7,7,0.9042553191489362,0.9042553191489362,0.0,0.0,0.0,0.9042553191393164,85,9,0,0
sem_erro,mlp,oscilacao,90,55,55,85,85,48,37,0,85,0,6,6,0.8941176470588236,0.8941176470588236,0.0,0.0,0.0,0.8941176470483044,76,9,0,0
sem_erro,mlp,oscilacao,90,60,60,78,78,47,31,0,78,0,5,5,0.8846153846153846,0.8846153846153846,0.0,0.0,0.0,0.8846153846040433,69,9,0,0
sem_erro,mlp,oscilacao,90,65,65,72,72,44,28,0,72,0,9,9,0.7916666666666666,0.7916666666666666,0.0,0.0,0.0,0.7916666666556712,57,15,0,0
sem_erro,mlp,oscilacao,90,70,70,67,67,40,27,0,67,0,5,5,0.9104477611940298,0.9104477611940298,0.0,0.0,0.0,0.910447761180441,61,6,0,0
sem_erro,mlp,oscilacao,90,75,75,63,63,37,26,0,63,0,11,11,0.7619047619047619,0.7619047619047619,0.0,0.0,0.0,0.7619047618926682,48,15,0,0
sem_erro,mlp,oscilacao,90,80,80,59,59,36,23,0,59,0,6,6,0.7796610169491526,0.7796610169491526,0.0,0.0,0.0,0.779661016935938,46,13,0,0
sem_erro,mlp,oscilacao,90,85,85,55,55,31,24,0,55,0,3,3,0.8545454545454545,0.8545454545454545,0.0,0.0,0.0,0.8545454545299174,47,8,0,0
sem_erro,mlp,oscilacao,90,90,90,52,52,29,23,0,52,0,3,3,0.8653846153846154,0.8653846153846154,0.0,0.0,0.0,0.8653846153679734,45,7,0,0
sem_erro,mlp,oscilacao,100,5,5,931,931,580,351,0,931,0,22,22,0.8313641245972073,0.8313641245972073,0.0,0.0,0.0,0.8313641245963144,774,157,0,0
sem_erro,mlp,oscilacao,100,10,10,466,466,289,177,0,466,0,16,16,0.8626609442060086,0.8626609442060086,0.0,0.0,0.0,0.8626609442041574,402,64,0,0
sem_erro,mlp,oscilacao,100,15,15,311,311,193,118,0,311,0,16,16,0.8585209003215434,0.8585209003215434,0.0,0.0,0.0,0.8585209003187829,267,44,0,0
sem_erro,mlp,oscilacao,100,20,20,233,233,145,88,0,233,0,9,9,0.8240343347639485,0.8240343347639485,0.0,0.0,0.0,0.8240343347604119,192,41,0,0
sem_erro,mlp,oscilacao,100,25,25,187,187,115,72,0,187,0,11,11,0.8877005347593583,0.8877005347593583,0.0,0.0,0.0,0.8877005347546113,166,21,0,0
sem_erro,mlp,oscilacao,100,30,30,156,156,94,62,0,156,0,6,6,0.8974358974358975,0.8974358974358975,0.0,0.0,0.0,0.8974358974301447,140,16,0,0
sem_erro,mlp,oscilacao,100,35,35,133,133,82,51,0,133,0,7,7,0.8270676691729323,0.8270676691729323,0.0,0.0,0.0,0.8270676691667138,110,23,0,0
sem_erro,mlp,oscilacao,100,40,40,117,117,73,44,0,117,0,7,7,0.8034188034188035,0.8034188034188035,0.0,0.0,0.0,0.8034188034119366,94,23,0,0
sem_erro,mlp,oscilacao,100,45,45,104,104,65,39,0,104,0,8,8,0.7980769230769231,0.7980769230769231,0.0,0.0,0.0,0.7980769230692493,83,21,0,0
sem_erro,mlp,oscilacao,100,50,50,94,94,57,37,0,94,0,5,5,0.8723404255319149,0.8723404255319149,0.0,0.0,0.0,0.8723404255226347,82,12,0,0
sem_erro,mlp,oscilacao,100,55,55,85,85,50,35,0,85,0,7,7,0.7647058823529411,0.7647058823529411,0.0,0.0,0.0,0.7647058823439447,65,20,0,0
sem_erro,mlp,oscilacao,100,60,60,78,78,47,31,0,78,0,7,7,0.8589743589743589,0.8589743589743589,0.0,0.0,0.0,0.8589743589633464,67,11,0,0
sem_erro,mlp,oscilacao,100,65,65,72,72,44,28,0,72,0,9,9,0.7638888888888888,0.7638888888888888,0.0,0.0,0.0,0.7638888888782793,55,17,0,0
sem_erro,mlp,oscilacao,100,70,70,67,67,40,27,0,67,0,4,4,0.8805970149253731,0.8805970149253731,0.0,0.0,0.0,0.8805970149122299,59,8,0,0
sem_erro,mlp,oscilacao,100,75,75,63,63,38,25,0,63,0,7,7,0.8571428571428571,0.8571428571428571,0.0,0.0,0.0,0.8571428571292518,54,9,0,0
sem_erro,mlp,oscilacao,100,80,80,59,59,37,22,0,59,0,6,6,0.8135593220338984,0.8135593220338984,0.0,0.0,0.0,0.8135593220201092,48,11,0,0
sem_erro,mlp,oscilacao,100,85,85,55,55,33,22,0,55,0,5,5,0.8181818181818182,0.8181818181818182,0.0,0.0,0.0,0.8181818181669422,45,10,0,0
sem_erro,mlp,oscilacao,100,90,90,52,52,31,21,0,52,0,3,3,0.8461538461538461,0.8461538461538461,0.0,0.0,0.0,0.846153846137574,44,8,0,0
sem_erro,mlp,oscilacao,100,95,95,49,49,32,17,0,49,0,9,9,0.7755102040816326,0.7755102040816326,0.0,0.0,0.0,0.775510204065806,38,11,0,0
sem_erro,mlp,oscilacao,100,100,100,47,47,27,20,0,47,0,3,3,0.8936170212765957,0.8936170212765957,0.0,0.0,0.0,0.8936170212575827,42,5,0,0
sem_erro,mlp,queda,20,5,5,947,947,221,726,0,947,0,8,8,0.9736008447729673,0.9736008447729673,0.0,0.0,0.0,0.9736008447719392,922,25,0,0
sem_erro,mlp,queda,20,10,10,474,474,111,363,0,474,0,3,3,0.9915611814345991,0.9915611814345991,0.0,0.0,0.0,0.9915611814325073,470,4,0,0
sem_erro,mlp,queda,20,15,15,316,316,71,245,0,316,0,2,2,0.9936708860759493,0.9936708860759493,0.0,0.0,0.0,0.9936708860728048,314,2,0,0
sem_erro,mlp,queda,20,20,20,237,237,55,182,0,237,0,2,2,0.9915611814345991,0.9915611814345991,0.0,0.0,0.0,0.9915611814304154,235,2,0,0
sem_erro,mlp,queda,30,5,5,945,945,261,684,0,945,0,6,6,0.9883597883597883,0.9883597883597883,0.0,0.0,0.0,0.9883597883587425,934,11,0,0
sem_erro,mlp,queda,30,10,10,473,473,131,342,0,473,0,2,2,0.9915433403805497,0.9915433403805497,0.0,0.0,0.0,0.9915433403784534,469,4,0,0
sem_erro,mlp,queda,30,15,15,315,315,87,228,0,315,0,2,2,0.9904761904761905,0.9904761904761905,0.0,0.0,0.0,0.9904761904730461,312,3,0,0
sem_erro,mlp,queda,30,20,20,237,237,69,168,0,237,0,3,3,0.9831223628691983,0.9831223628691983,0.0,0.0,0.0,0.9831223628650502,233,4,0,0
sem_erro,mlp,queda,30,25,25,189,189,49,140,0,189,0,0,0,1.0,1.0,0.0,0.0,0.0,0.999999999994709,189,0,0,0
sem_erro,mlp,queda,30,30,30,158,158,44,114,0,158,0,0,0,1.0,1.0,0.0,0.0,0.0,0.999999999993671,158,0,0,0
sem_erro,mlp,queda,40,5,5,943,943,300,643,0,943,0,3,3,0.9893955461293743,0.9893955461293743,0.0,0.0,0.0,0.9893955461283251,933,10,0,0
sem_erro,mlp,queda,40,10,10,472,472,151,321,0,472,0,4,4,0.9830508474576272,0.9830508474576272,0.0,0.0,0.0,0.9830508474555444,464,8,0,0
sem_erro,mlp,queda,40,15,15,315,315,102,213,0,315,0,3,3,0.9809523809523809,0.9809523809523809,0.0,0.0,0.0,0.9809523809492668,309,6,0,0
sem_erro,mlp,queda,40,20,20,236,236,75,161,0,236,0,6,6,0.9491525423728814,0.9491525423728814,0.0,0.0,0.0,0.9491525423688596,224,12,0,0
sem_erro,mlp,queda,40,25,25,189,189,58,131,0,189,0,1,1,0.9841269841269841,0.9841269841269841,0.0,0.0,0.0,0.9841269841217771,186,3,0,0
sem_erro,mlp,queda,40,30,30,158,158,54,104,0,158,0,0,0,1.0,1.0,0.0,0.0,0.0,0.999999999993671,158,0,0,0
sem_erro,mlp,queda,40,35,35,135,135,44,91,0,135,0,2,2,0.9629629629629629,0.9629629629629629,0.0,0.0,0.0,0.96296296295583,130,5,0,0
sem_erro,mlp,queda,40,40,40,118,118,35,83,0,118,0,2,2,0.9661016949152542,0.9661016949152542,0.0,0.0,0.0,0.9661016949070669,114,4,0,0
sem_erro,mlp,queda,50,5,5,941,941,337,604,0,941,0,8,8,0.9819341126461212,0.9819341126461212,0.0,0.0,0.0,0.9819341126450777,924,17,0,0
sem_erro,mlp,queda,50,10,10,471,471,169,302,0,471,0,4,4,0.9808917197452229,0.9808917197452229,0.0,0.0,0.0,0.9808917197431404,462,9,0,0
sem_erro,mlp,queda,50,15,15,314,314,110,204,0,314,0,5,5,0.9713375796178344,0.9713375796178344,0.0,0.0,0.0,0.971337579614741,305,9,0,0
sem_erro,mlp,queda,50,20,20,236,236,87,149,0,236,0,7,7,0.9491525423728814,0.9491525423728814,0.0,0.0,0.0,0.9491525423688596,224,12,0,0
sem_erro,mlp,queda,50,25,25,189,189,66,123,0,189,0,3,3,0.9735449735449735,0.9735449735449735,0.0,0.0,0.0,0.9735449735398226,184,5,0,0
sem_erro,mlp,queda,50,30,30,157,157,55,102,0,157,0,2,2,0.9872611464968153,0.9872611464968153,0.0,0.0,0.0,0.9872611464905271,155,2,0,0
sem_erro,mlp,queda,50,35,35,135,135,50,85,0,135,0,2,2,0.9481481481481482,0.9481481481481482,0.0,0.0,0.0,0.9481481481411249,128,7,0,0
sem_erro,mlp,queda,50,40,40,118,118,42,76,0,118,0,3,3,0.9491525423728814,0.9491525423728814,0.0,0.0,0.0,0.9491525423648377,112,6,0,0
sem_erro,mlp,queda,50,45,45,105,105,37,68,0,105,0,1,1,0.9714285714285714,0.9714285714285714,0.0,0.0,0.0,0.9714285714193197,102,3,0,0
sem_erro,mlp,queda,50,50,50,95,95,31,64,0,95,0,2,2,0.9789473684210527,0.9789473684210527,0.0,0.0,0.0,0.9789473684107479,93,2,0,0
sem_erro,mlp,queda,60,5,5,939,939,368,571,0,939,0,5,5,0.9818956336528222,0.9818956336528222,0.0,0.0,0.0,0.9818956336517765,922,17,0,0
sem_erro,mlp,queda,60,10,10,470,470,184,286,0,470,0,6,6,0.9595744680851064,0.9595744680851064,0.0,0.0,0.0,0.9595744680830648,451,19,0,0
sem_erro,mlp,queda,60,15,15,313,313,122,191,0,313,0,1,1,0.987220447284345,0.987220447284345,0.0,0.0,0.0,0.9872204472811911,309,4,0,0
sem_erro,mlp,queda,60,20,20,235,235,91,144,0,235,0,1,1,0.9957446808510638,0.9957446808510638,0.0,0.0,0.0,0.9957446808468267,234,1,0,0
sem_erro,mlp,queda,60,25,25,188,188,72,116,0,188,0,4,4,0.9521276595744681,0.9521276595744681,0.0,0.0,0.0,0.9521276595694036,179,9,0,0
sem_erro,mlp,queda,60,30,30,157,157,60,97,0,157,0,0,0,1.0,1.0,0.0,0.0,0.0,0.9999999999936307,157,0,0,0
sem_erro,mlp,queda,60,35,35,135,135,56,79,0,135,0,1,1,0.9851851851851852,0.9851851851851852,0.0,0.0,0.0,0.9851851851778876,133,2,0,0
sem_erro,mlp,queda,60,40,40,118,118,44,74,0,118,0,1,1,0.9915254237288136,0.9915254237288136,0.0,0.0,0.0,0.9915254237204107,117,1,0,0
sem_erro,mlp,queda,60,45,45,105,105,40,65,0,105,0,0,0,1.0,1.0,0.0,0.0,0.0,0.9999999999904762,105,0,0,0
sem_erro,mlp,queda,60,50,50,94,94,35,59,0,94,0,0,0,1.0,1.0,0.0,0.0,0.0,0.9999999999893616,94,0,0,0
sem_erro,mlp,queda,60,55,55,86,86,33,53,0,86,0,0,0,1.0,1.0,0.0,0.0,0.0,0.9999999999883721,86,0,0,0
sem_erro,mlp,queda,60,60,60,79,79,30,49,0,79,0,3,3,0.9620253164556962,0.9620253164556962,0.0,0.0,0.0,0.9620253164435186,76,3,0,0
sem_erro,mlp,queda,70,5,5,937,937,393,544,0,937,0,6,6,0.9743863393810032,0.9743863393810032,0.0,0.0,0.0,0.9743863393799633,913,24,0,0
sem_erro,mlp,queda,70,10,10,469,469,196,273,0,469,0,5,5,0.9744136460554371,0.9744136460554371,0.0,0.0,0.0,0.9744136460533595,457,12,0,0
sem_erro,mlp,queda,70,15,15,313,313,134,179,0,313,0,2,2,0.9808306709265175,0.9808306709265175,0.0,0.0,0.0,0.9808306709233839,307,6,0,0
sem_erro,mlp,queda,70,20,20,235,235,100,135,0,235,0,2,2,0.9702127659574468,0.9702127659574468,0.0,0.0,0.0,0.9702127659533183,228,7,0,0
sem_erro,mlp,queda,70,25,25,188,188,80,108,0,188,0,1,1,0.9680851063829787,0.9680851063829787,0.0,0.0,0.0,0.9680851063778294,182,6,0,0
sem_erro,mlp,queda,70,30,30,157,157,68,89,0,157,0,1,1,0.9936305732484076,0.9936305732484076,0.0,0.0,0.0,0.9936305732420788,156,1,0,0
sem_erro,mlp,queda,70,35,35,134,134,57,77,0,134,0,1,1,0.9850746268656716,0.9850746268656716,0.0,0.0,0.0,0.9850746268583204,132,2,0,0
sem_erro,mlp,queda,70,40,40,118,118,48,70,0,118,0,1,1,0.9830508474576272,0.9830508474576272,0.0,0.0,0.0,0.9830508474492962,116,2,0,0
sem_erro,mlp,queda,70,45,45,105,105,47,58,0,105,0,3,3,0.9047619047619048,0.9047619047619048,0.0,0.0,0.0,0.904761904753288,95,10,0,0
sem_erro,mlp,queda,70,50,50,94,94,39,55,0,94,0,1,1,0.9680851063829787,0.9680851063829787,0.0,0.0,0.0,0.9680851063726799,91,3,0,0
sem_erro,mlp,queda,70,55,55,86,86,34,52,0,86,0,0,0,1.0,1.0,0.0,0.0,0.0,0.9999999999883721,86,0,0,0
sem_erro,mlp,queda,70,60,60,79,79,35,44,0,79,0,1,1,0.9873417721518988,0.9873417721518988,0.0,0.0,0.0,0.9873417721394007,78,1,0,0
sem_erro,mlp,queda,70,65,65,73,73,31,42,0,73,0,0,0,1.0,1.0,0.0,0.0,0.0,0.9999999999863013,73,0,0,0
sem_erro,mlp,queda,70,70,70,67,67,26,41,0,67,0,1,1,0.9850746268656716,0.9850746268656716,0.0,0.0,0.0,0.985074626850969,66,1,0,0
sem_erro,mlp,queda,80,5,5,935,935,416,519,0,935,0,4,4,0.9764705882352941,0.9764705882352941,0.0,0.0,0.0,0.9764705882342498,913,22,0,0
sem_erro,mlp,queda,80,10,10,468,468,208,260,0,468,0,6,6,0.9658119658119658,0.9658119658119658,0.0,0.0,0.0,0.9658119658099021,452,16,0,0
sem_erro,mlp,queda,80,15,15,312,312,135,177,0,312,0,5,5,0.9647435897435898,0.9647435897435898,0.0,0.0,0.0,0.9647435897404977,301,11,0,0
sem_erro,mlp,queda,80,20,20,234,234,103,131,0,234,0,4,4,0.9700854700854701,0.9700854700854701,0.0,0.0,0.0,0.9700854700813245,227,7,0,0
sem_erro,mlp,queda,80,25,25,187,187,82,105,0,187,0,6,6,0.9572192513368984,0.9572192513368984,0.0,0.0,0.0,0.9572192513317797,179,8,0,0
sem_erro,mlp,queda,80,30,30,156,156,68,88,0,156,0,5,5,0.9487179487179487,0.9487179487179487,0.0,0.0,0.0,0.9487179487118672,148,8,0,0
sem_erro,mlp,queda,80,35,35,134,134,60,74,0,134,0,2,2,0.9701492537313433,0.9701492537313433,0.0,0.0,0.0,0.9701492537241034,130,4,0,0
sem_erro,mlp,queda,80,40,40,117,117,49,68,0,117,0,2,2,0.9743589743589743,0.9743589743589743,0.0,0.0,0.0,0.9743589743506464,114,3,0,0
sem_erro,mlp,queda,80,45,45,104,104,46,58,0,104,0,2,2,0.9615384615384616,0.9615384615384616,0.0,0.0,0.0,0.961538461529216,100,4,0,0
sem_erro,mlp,queda,80,50,50,94,94,40,54,0,94,0,2,2,0.9680851063829787,0.9680851063829787,0.0,0.0,0.0,0.9680851063726799,91,3,0,0
sem_erro,mlp,queda,80,55,55,85,85,37,48,0,85,0,2,2,0.9764705882352941,0.9764705882352941,0.0,0.0,0.0,0.9764705882238062,83,2,0,0
sem_erro,mlp,queda,80,60,60,78,78,34,44,0,78,0,3,3,0.9615384615384616,0.9615384615384616,0.0,0.0,0.0,0.9615384615261341,75,3,0,0
sem_erro,mlp,queda,80,65,65,72,72,32,40,0,72,0,2,2,0.9583333333333334,0.9583333333333334,0.0,0.0,0.0,0.9583333333200231,69,3,0,0
sem_erro,mlp,queda,80,70,70,67,67,27,40,0,67,0,1,1,0.9701492537313433,0.9701492537313433,0.0,0.0,0.0,0.9701492537168634,65,2,0,0
sem_erro,mlp,queda,80,75,75,63,63,26,37,0,63,0,1,1,0.9523809523809523,0.9523809523809523,0.0,0.0,0.0,0.9523809523658353,60,3,0,0
sem_erro,mlp,queda,80,80,80,59,59,25,34,0,59,0,0,0,1.0,1.0,0.0,0.0,0.0,0.9999999999830509,59,0,0,0
sem_erro,mlp,queda,90,5,5,933,933,438,495,0,933,0,13,13,0.9571275455519829,0.9571275455519829,0.0,0.0,0.0,0.957127545550957,893,40,0,0
sem_erro,mlp,queda,90,10,10,467,467,219,248,0,467,0,12,12,0.9100642398286938,0.9100642398286938,0.0,0.0,0.0,0.9100642398267451,425,42,0,0
sem_erro,mlp,queda,90,15,15,311,311,145,166,0,311,0,10,10,0.9131832797427653,0.9131832797427653,0.0,0.0,0.0,0.913183279739829,284,27,0,0
sem_erro,mlp,queda,90,20,20,234,234,111,123,0,234,0,6,6,0.9145299145299145,0.9145299145299145,0.0,0.0,0.0,0.9145299145260063,214,20,0,0
sem_erro,mlp,queda,90,25,25,187,187,86,101,0,187,0,3,3,0.9358288770053476,0.9358288770053476,0.0,0.0,0.0,0.9358288770003432,175,12,0,0
sem_erro,mlp,queda,90,30,30,156,156,72,84,0,156,0,7,7,0.8269230769230769,0.8269230769230769,0.0,0.0,0.0,0.8269230769177762,129,27,0,0
sem_erro,mlp,queda,90,35,35,134,134,66,68,0,134,0,3,3,0.8134328358208955,0.8134328358208955,0.0,0.0,0.0,0.8134328358148252,109,25,0,0
sem_erro,mlp,queda,90,40,40,117,117,54,63,0,117,0,3,3,0.8376068376068376,0.8376068376068376,0.0,0.0,0.0,0.8376068375996786,98,19,0,0
sem_erro,mlp,queda,90,45,45,104,104,48,56,0,104,0,1,1,0.8461538461538461,0.8461538461538461,0.0,0.0,0.0,0.84615384614571,88,16,0,0
sem_erro,mlp,queda,90,50,50,94,94,41,53,0,94,0,1,1,0.9468085106382979,0.9468085106382979,0.0,0.0,0.0,0.9468085106282254,89,5,0,0
sem_erro,mlp,queda,90,55,55,85,85,40,45,0,85,0,3,3,0.8588235294117647,0.8588235294117647,0.0,0.0,0.0,0.8588235294016608,73,12,0,0
sem_erro,mlp,queda,90,60,60,78,78,37,41,0,78,0,1,1,0.8333333333333334,0.8333333333333334,0.0,0.0,0.0,0.8333333333226496,65,13,0,0
sem_erro,mlp,queda,90,65,65,72,72,32,40,0,72,0,2,2,0.8333333333333334,0.8333333333333334,0.0,0.0,0.0,0.8333333333217592,60,12,0,0
sem_erro,mlp,queda,90,70,70,67,67,33,34,0,67,0,2,2,0.8208955223880597,0.8208955223880597,0.0,0.0,0.0,0.8208955223758075,55,12,0,0
sem_erro,mlp,queda,90,75,75,63,63,29,34,0,63,0,1,1,0.9682539682539683,0.9682539682539683,0.0,0.0,0.0,0.9682539682385992,61,2,0,0
sem_erro,mlp,queda,90,80,80,59,59,27,32,0,59,0,2,2,0.9661016949152542,0.9661016949152542,0.0,0.0,0.0,0.9661016948988796,57,2,0,0
sem_erro,mlp,queda,90,85,85,55,55,28,27,0,55,0,4,4,0.7636363636363637,0.7636363636363637,0.0,0.0,0.0,0.7636363636224794,42,13,0,0
sem_erro,mlp,queda,90,90,90,52,52,25,27,0,52,0,1,1,0.8653846153846154,0.8653846153846154,0.0,0.0,0.0,0.8653846153679734,45,7,0,0
sem_erro,mlp,queda,100,5,5,931,931,460,471,0,931,0,7,7,0.9430719656283566,0.9430719656283566,0.0,0.0,0.0,0.9430719656273436,878,53,0,0
sem_erro,mlp,queda,100,10,10,466,466,230,236,0,466,0,11,11,0.9163090128755365,0.9163090128755365,0.0,0.0,0.0,0.9163090128735701,427,39,0,0
sem_erro,mlp,queda,100,15,15,311,311,156,155,0,311,0,7,7,0.842443729903537,0.842443729903537,0.0,0.0,0.0,0.8424437299008282,262,49,0,0
sem_erro,mlp,queda,100,20,20,233,233,114,119,0,233,0,10,10,0.9141630901287554,0.9141630901287554,0.0,0.0,0.0,0.914163090124832,213,20,0,0
sem_erro,mlp,queda,100,25,25,187,187,92,95,0,187,0,4,4,0.946524064171123,0.946524064171123,0.0,0.0,0.0,0.9465240641660614,177,10,0,0
sem_erro,mlp,queda,100,30,30,156,156,79,77,0,156,0,2,2,0.8910256410256411,0.8910256410256411,0.0,0.0,0.0,0.8910256410199294,139,17,0,0
sem_erro,mlp,queda,100,35,35,133,133,67,66,0,133,0,6,6,0.8270676691729323,0.8270676691729323,0.0,0.0,0.0,0.8270676691667138,110,23,0,0
sem_erro,mlp,queda,100,40,40,117,117,56,61,0,117,0,3,3,0.8974358974358975,0.8974358974358975,0.0,0.0,0.0,0.897435897428227,105,12,0,0
sem_erro,mlp,queda,100,45,45,104,104,51,53,0,104,0,2,2,0.8846153846153846,0.8846153846153846,0.0,0.0,0.0,0.8846153846068787,92,12,0,0
sem_erro,mlp,queda,100,50,50,94,94,44,50,0,94,0,3,3,0.9680851063829787,0.9680851063829787,0.0,0.0,0.0,0.9680851063726799,91,3,0,0
sem_erro,mlp,queda,100,55,55,85,85,41,44,0,85,0,2,2,0.8823529411764706,0.8823529411764706,0.0,0.0,0.0,0.88235294116609,75,10,0,0
sem_erro,mlp,queda,100,60,60,78,78,40,38,0,78,0,1,1,0.8846153846153846,0.8846153846153846,0.0,0.0,0.0,0.8846153846040433,69,9,0,0
sem_erro,mlp,queda,100,65,65,72,72,35,37,0,72,0,3,3,0.875,0.875,0.0,0.0,0.0,0.8749999999878472,63,9,0,0
sem_erro,mlp,queda,100,70,70,67,67,34,33,0,67,0,3,3,0.835820895522388,0.835820895522388,0.0,0.0,0.0,0.8358208955099131,56,11,0,0
sem_erro,mlp,queda,100,75,75,63,63,31,32,0,63,0,2,2,0.9206349206349206,0.9206349206349206,0.0,0.0,0.0,0.9206349206203074,58,5,0,0
sem_erro,mlp,queda,100,80,80,59,59,28,31,0,59,0,2,2,0.9661016949152542,0.9661016949152542,0.0,0.0,0.0,0.9661016948988796,57,2,0,0
sem_erro,mlp,queda,100,85,85,55,55,28,27,0,55,0,3,3,0.8363636363636363,0.8363636363636363,0.0,0.0,0.0,0.8363636363484298,46,9,0,0
sem_erro,mlp,queda,100,90,90,52,52,26,26,0,52,0,1,1,0.9038461538461539,0.9038461538461539,0.0,0.0,0.0,0.9038461538287722,47,5,0,0
sem_erro,mlp,queda,100,95,95,49,49,23,26,0,49,0,2,2,0.8775510204081632,0.8775510204081632,0.0,0.0,0.0,0.8775510203902541,43,6,0,0
sem_erro,mlp,queda,100,100,100,47,47,21,26,0,47,0,0,0,1.0,1.0,0.0,0.0,0.0,0.9999999999787235,47,0,0,0
sem_erro,random_forest,lacuna,20,5,5,947,947,283,664,0,947,0,0,0,1.0,1.0,0.0,0.0,0.0,0.9999999999989441,947,0,0,0
sem_erro,random_forest,lacuna,20,10,10,474,474,144,330,0,474,0,0,0,1.0,1.0,0.0,0.0,0.0,0.9999999999978904,474,0,0,0
sem_erro,random_forest,lacuna,20,15,15,316,316,96,220,0,316,0,0,0,1.0,1.0,0.0,0.0,0.0,0.9999999999968355,316,0,0,0
sem_erro,random_forest,lacuna,20,20,20,237,237,72,165,0,237,0,0,0,1.0,1.0,0.0,0.0,0.0,0.9999999999957806,237,0,0,0
sem_erro,random_forest,lacuna,30,5,5,945,945,321,624,0,945,0,0,0,1.0,1.0,0.0,0.0,0.0,0.9999999999989418,945,0,0,0
sem_erro,random_forest,lacuna,30,10,10,473,473,163,310,0,473,0,0,0,1.0,1.0,0.0,0.0,0.0,0.9999999999978858,473,0,0,0
sem_erro,random_forest,lacuna,30,15,15,315,315,106,209,0,315,0,0,0,1.0,1.0,0.0,0.0,0.0,0.9999999999968254,315,0,0,0
sem_erro,random_forest,lacuna,30,20,20,237,237,82,155,0,237,0,0,0,1.0,1.0,0.0,0.0,0.0,0.9999999999957806,237,0,0,0
sem_erro,random_forest,lacuna,30,25,25,189,189,68,121,0,189,0,0,0,1.0,1.0,0.0,0.0,0.0,0.999999999994709,189,0,0,0
sem_erro,random_forest,lacuna,30,30,30,158,158,55,103,0,158,0,0,0,1.0,1.0,0.0,0.0,0.0,0.999999999993671,158,0,0,0
sem_erro,random_forest,lacuna,40,5,5,943,943,359,584,0,943,0,0,0,1.0,1.0,0.0,0.0,0.0,0.9999999999989395,943,0,0,0
sem_erro,random_forest,lacuna,40,10,10,472,472,182,290,0,472,0,0,0,1.0,1.0,0.0,0.0,0.0,0.9999999999978814,472,0,0,0
sem_erro,random_forest,lacuna,40,15,15,315,315,121,194,0,315,0,0,0,1.0,1.0,0.0,0.0,0.0,0.9999999999968254,315,0,0,0
sem_erro,random_forest,lacuna,40,20,20,236,236,91,145,0,236,0,0,0,1.0,1.0,0.0,0.0,0.0,0.9999999999957627,236,0,0,0
sem_erro,random_forest,lacuna,40,25,25,189,189,73,116,0,189,0,0,0,1.0,1.0,0.0,0.0,0.0,0.999999999994709,189,0,0,0
sem_erro,random_forest,lacuna,40,30,30,158,158,60,98,0,158,0,0,0,1.0,1.0,0.0,0.0,0.0,0.999999999993671,158,0,0,0
sem_erro,random_forest,lacuna,40,35,35,135,135,51,84,0,135,0,0,0,1.0,1.0,0.0,0.0,0.0,0.9999999999925927,135,0,0,0
sem_erro,random_forest,lacuna,40,40,40,118,118,46,72,0,118,0,0,0,1.0,1.0,0.0,0.0,0.0,0.9999999999915254,118,0,0,0
sem_erro,random_forest,lacuna,50,5,5,941,941,394,547,0,941,0,0,0,1.0,1.0,0.0,0.0,0.0,0.9999999999989373,941,0,0,0
sem_erro,random_forest,lacuna,50,10,10,471,471,199,272,0,471,0,0,0,1.0,1.0,0.0,0.0,0.0,0.9999999999978769,471,0,0,0
sem_erro,random_forest,lacuna,50,15,15,314,314,132,182,0,314,0,0,0,1.0,1.0,0.0,0.0,0.0,0.9999999999968153,314,0,0,0
sem_erro,random_forest,lacuna,50,20,20,236,236,99,137,0,236,0,0,0,1.0,1.0,0.0,0.0,0.0,0.9999999999957627,236,0,0,0
sem_erro,random_forest,lacuna,50,25,25,189,189,85,104,0,189,0,0,0,1.0,1.0,0.0,0.0,0.0,0.999999999994709,189,0,0,0
sem_erro,random_forest,lacuna,50,30,30,157,157,66,91,0,157,0,0,0,1.0,1.0,0.0,0.0,0.0,0.9999999999936307,157,0,0,0
sem_erro,random_forest,lacuna,50,35,35,135,135,58,77,0,135,0,0,0,1.0,1.0,0.0,0.0,0.0,0.9999999999925927,135,0,0,0
sem_erro,random_forest,lacuna,50,40,40,118,118,48,70,0,118,0,0,0,1.0,1.0,0.0,0.0,0.0,0.9999999999915254,118,0,0,0
sem_erro,random_forest,lacuna,50,45,45,105,105,41,64,0,105,0,0,0,1.0,1.0,0.0,0.0,0.0,0.9999999999904762,105,0,0,0
sem_erro,random_forest,lacuna,50,50,50,95,95,43,52,0,95,0,0,0,1.0,1.0,0.0,0.0,0.0,0.9999999999894736,95,0,0,0
sem_erro,random_forest,lacuna,60,5,5,939,939,428,511,0,939,0,0,0,1.0,1.0,0.0,0.0,0.0,0.9999999999989351,939,0,0,0
sem_erro,random_forest,lacuna,60,10,10,470,470,216,254,0,470,0,0,0,1.0,1.0,0.0,0.0,0.0,0.9999999999978724,470,0,0,0
sem_erro,random_forest,lacuna,60,15,15,313,313,141,172,0,313,0,0,0,1.0,1.0,0.0,0.0,0.0,0.9999999999968051,313,0,0,0
sem_erro,random_forest,lacuna,60,20,20,235,235,108,127,0,235,0,0,0,1.0,1.0,0.0,0.0,0.0,0.9999999999957447,235,0,0,0
sem_erro,random_forest,lacuna,60,25,25,188,188,89,99,0,188,0,0,0,1.0,1.0,0.0,0.0,0.0,0.9999999999946809,188,0,0,0
sem_erro,random_forest,lacuna,60,30,30,157,157,72,85,0,157,0,0,0,1.0,1.0,0.0,0.0,0.0,0.9999999999936307,157,0,0,0
sem_erro,random_forest,lacuna,60,35,35,135,135,60,75,0,135,0,0,0,1.0,1.0,0.0,0.0,0.0,0.9999999999925927,135,0,0,0
sem_erro,random_forest,lacuna,60,40,40,118,118,53,65,0,118,0,0,0,1.0,1.0,0.0,0.0,0.0,0.9999999999915254,118,0,0,0
sem_erro,random_forest,lacuna,60,45,45,105,105,48,57,0,105,0,0,0,1.0,1.0,0.0,0.0,0.0,0.9999999999904762,105,0,0,0
sem_erro,random_forest,lacuna,60,50,50,94,94,47,47,0,94,0,0,0,1.0,1.0,0.0,0.0,0.0,0.9999999999893616,94,0,0,0
sem_erro,random_forest,lacuna,60,55,55,86,86,40,46,0,86,0,0,0,1.0,1.0,0.0,0.0,0.0,0.9999999999883721,86,0,0,0
sem_erro,random_forest,lacuna,60,60,60,79,79,34,45,0,79,0,0,0,1.0,1.0,0.0,0.0,0.0,0.9999999999873417,79,0,0,0
sem_erro,random_forest,lacuna,70,5,5,937,937,462,475,0,937,0,0,0,1.0,1.0,0.0,0.0,0.0,0.9999999999989327,937,0,0,0
sem_erro,random_forest,lacuna,70,10,10,469,469,233,236,0,469,0,0,0,1.0,1.0,0.0,0.0,0.0,0.9999999999978678,469,0,0,0
sem_erro,random_forest,lacuna,70,15,15,313,313,155,158,0,313,0,0,0,1.0,1.0,0.0,0.0,0.0,0.9999999999968051,313,0,0,0
sem_erro,random_forest,lacuna,70,20,20,235,235,116,119,0,235,0,0,0,1.0,1.0,0.0,0.0,0.0,0.9999999999957447,235,0,0,0
sem_erro,random_forest,lacuna,70,25,25,188,188,95,93,0,188,0,0,0,1.0,1.0,0.0,0.0,0.0,0.9999999999946809,188,0,0,0
sem_erro,random_forest,lacuna,70,30,30,157,157,77,80,0,157,0,0,0,1.0,1.0,0.0,0.0,0.0,0.9999999999936307,157,0,0,0
sem_erro,random_forest,lacuna,70,35,35,134,134,63,71,0,134,0,0,0,1.0,1.0,0.0,0.0,0.0,0.9999999999925374,134,0,0,0
sem_erro,random_forest,lacuna,70,40,40,118,118,59,59,0,118,0,0,0,1.0,1.0,0.0,0.0,0.0,0.9999999999915254,118,0,0,0
sem_erro,random_forest,lacuna,70,45,45,105,105,52,53,0,105,0,0,0,1.0,1.0,0.0,0.0,0.0,0.9999999999904762,105,0,0,0
sem_erro,random_forest,lacuna,70,50,50,94,94,50,44,0,94,0,0,0,1.0,1.0,0.0,0.0,0.0,0.9999999999893616,94,0,0,0
sem_erro,random_forest,lacuna,70,55,55,86,86,43,43,0,86,0,0,0,1.0,1.0,0.0,0.0,0.0,0.9999999999883721,86,0,0,0
sem_erro,random_forest,lacuna,70,60,60,79,79,37,42,0,79,0,2,2,0.9746835443037974,0.9746835443037974,0.0,0.0,0.0,0.9746835442914596,77,2,0,0
sem_erro,random_forest,lacuna,70,65,65,73,73,38,35,0,73,0,3,3,0.9452054794520548,0.9452054794520548,0.0,0.0,0.0,0.9452054794391067,69,4,0,0
sem_erro,random_forest,lacuna,70,70,70,67,67,29,38,0,67,0,0,0,1.0,1.0,0.0,0.0,0.0,0.9999999999850746,67,0,0,0
sem_erro,random_forest,lacuna,80,5,5,935,935,494,441,0,935,0,0,0,1.0,1.0,0.0,0.0,0.0,0.9999999999989305,935,0,0,0
sem_erro,random_forest,lacuna,80,10,10,468,468,249,219,0,468,0,0,0,1.0,1.0,0.0,0.0,0.0,0.9999999999978633,468,0,0,0
sem_erro,random_forest,lacuna,80,15,15,312,312,166,146,0,312,0,0,0,1.0,1.0,0.0,0.0,0.0,0.9999999999967949,312,0,0,0
sem_erro,random_forest,lacuna,80,20,20,234,234,125,109,0,234,0,0,0,1.0,1.0,0.0,0.0,0.0,0.9999999999957265,234,0,0,0
sem_erro,random_forest,lacuna,80,25,25,187,187,102,85,0,187,0,0,0,1.0,1.0,0.0,0.0,0.0,0.9999999999946525,187,0,0,0
sem_erro,random_forest,lacuna,80,30,30,156,156,83,73,0,156,0,0,0,1.0,1.0,0.0,0.0,0.0,0.9999999999935898,156,0,0,0
sem_erro,random_forest,lacuna,80,35,35,134,134,71,63,0,134,0,0,0,1.0,1.0,0.0,0.0,0.0,0.9999999999925374,134,0,0,0
sem_erro,random_forest,lacuna,80,40,40,117,117,63,54,0,117,0,4,4,0.9658119658119658,0.9658119658119658,0.0,0.0,0.0,0.965811965803711,113,4,0,0
sem_erro,random_forest,lacuna,80,45,45,104,104,53,51,0,104,0,0,0,1.0,1.0,0.0,0.0,0.0,0.9999999999903846,104,0,0,0
sem_erro,random_forest,lacuna,80,50,50,94,94,52,42,0,94,0,0,0,1.0,1.0,0.0,0.0,0.0,0.9999999999893616,94,0,0,0
sem_erro,random_forest,lacuna,80,55,55,85,85,45,40,0,85,0,1,1,0.9882352941176471,0.9882352941176471,0.0,0.0,0.0,0.9882352941060207,84,1,0,0
sem_erro,random_forest,lacuna,80,60,60,78,78,42,36,0,78,0,5,5,0.9358974358974359,0.9358974358974359,0.0,0.0,0.0,0.9358974358854372,73,5,0,0
sem_erro,random_forest,lacuna,80,65,65,72,72,38,34,0,72,0,10,10,0.8611111111111112,0.8611111111111112,0.0,0.0,0.0,0.8611111110991512,62,10,0,0
sem_erro,random_forest,lacuna,80,70,70,67,67,34,33,0,67,0,0,0,1.0,1.0,0.0,0.0,0.0,0.9999999999850746,67,0,0,0
sem_erro,random_forest,lacuna,80,75,75,63,63,34,29,0,63,0,0,0,1.0,1.0,0.0,0.0,0.0,0.999999999984127,63,0,0,0
sem_erro,random_forest,lacuna,80,80,80,59,59,32,27,0,59,0,8,8,0.847457627118644,0.847457627118644,0.0,0.0,0.0,0.8474576271042804,50,9,0,0
sem_erro,random_forest,lacuna,90,5,5,933,933,526,407,0,933,0,0,0,1.0,1.0,0.0,0.0,0.0,0.9999999999989282,933,0,0,0
sem_erro,random_forest,lacuna,90,10,10,467,467,265,202,0,467,0,0,0,1.0,1.0,0.0,0.0,0.0,0.9999999999978587,467,0,0,0
sem_erro,random_forest,lacuna,90,15,15,311,311,174,137,0,311,0,0,0,1.0,1.0,0.0,0.0,0.0,0.9999999999967846,311,0,0,0
sem_erro,random_forest,lacuna,90,20,20,234,234,132,102,0,234,0,0,0,1.0,1.0,0.0,0.0,0.0,0.9999999999957265,234,0,0,0
sem_erro,random_forest,lacuna,90,25,25,187,187,106,81,0,187,0,0,0,1.0,1.0,0.0,0.0,0.0,0.9999999999946525,187,0,0,0
sem_erro,random_forest,lacuna,90,30,30,156,156,88,68,0,156,0,0,0,1.0,1.0,0.0,0.0,0.0,0.9999999999935898,156,0,0,0
sem_erro,random_forest,lacuna,90,35,35,134,134,76,58,0,134,0,0,0,1.0,1.0,0.0,0.0,0.0,0.9999999999925374,134,0,0,0
sem_erro,random_forest,lacuna,90,40,40,117,117,65,52,0,117,0,3,3,0.9743589743589743,0.9743589743589743,0.0,0.0,0.0,0.9743589743506464,114,3,0,0
sem_erro,random_forest,lacuna,90,45,45,104,104,55,49,0,104,0,0,0,1.0,1.0,0.0,0.0,0.0,0.9999999999903846,104,0,0,0
sem_erro,random_forest,lacuna,90,50,50,94,94,52,42,0,94,0,0,0,1.0,1.0,0.0,0.0,0.0,0.9999999999893616,94,0,0,0
sem_erro,random_forest,lacuna,90,55,55,85,85,46,39,0,85,0,0,0,1.0,1.0,0.0,0.0,0.0,0.9999999999882353,85,0,0,0
sem_erro,random_forest,lacuna,90,60,60,78,78,45,33,0,78,0,0,0,1.0,1.0,0.0,0.0,0.0,0.9999999999871795,78,0,0,0
sem_erro,random_forest,lacuna,90,65,65,72,72,40,32,0,72,0,5,5,0.9305555555555556,0.9305555555555556,0.0,0.0,0.0,0.9305555555426311,67,5,0,0
sem_erro,random_forest,lacuna,90,70,70,67,67,37,30,0,67,0,0,0,1.0,1.0,0.0,0.0,0.0,0.9999999999850746,67,0,0,0
sem_erro,random_forest,lacuna,90,75,75,63,63,36,27,0,63,0,0,0,1.0,1.0,0.0,0.0,0.0,0.999999999984127,63,0,0,0
sem_erro,random_forest,lacuna,90,80,80,59,59,33,26,0,59,0,5,5,0.9152542372881356,0.9152542372881356,0.0,0.0,0.0,0.9152542372726229,54,5,0,0
sem_erro,random_forest,lacuna,90,85,85,55,55,31,24,0,55,0,1,1,0.9818181818181818,0.9818181818181818,0.0,0.0,0.0,0.9818181818003306,54,1,0,0
sem_erro,random_forest,lacuna,90,90,90,52,52,26,26,0,52,0,0,0,1.0,1.0,0.0,0.0,0.0,0.9999999999807693,52,0,0,0
sem_erro,random_forest,lacuna,100,5,5,931,931,555,376,0,931,0,0,0,1.0,1.0,0.0,0.0,0.0,0.9999999999989259,931,0,0,0
sem_erro,random_forest,lacuna,100,10,10,466,466,279,187,0,466,0,0,0,1.0,1.0,0.0,0.0,0.0,0.999999999997854,466,0,0,0
sem_erro,random_forest,lacuna,100,15,15,311,311,187,124,0,311,0,0,0,1.0,1.0,0.0,0.0,0.0,0.9999999999967846,311,0,0,0
sem_erro,random_forest,lacuna,100,20,20,233,233,139,94,0,233,0,0,0,1.0,1.0,0.0,0.0,0.0,0.9999999999957082,233,0,0,0
sem_erro,random_forest,lacuna,100,25,25,187,187,115,72,0,187,0,0,0,1.0,1.0,0.0,0.0,0.0,0.9999999999946525,187,0,0,0
sem_erro,random_forest,lacuna,100,30,30,156,156,93,63,0,156,0,0,0,1.0,1.0,0.0,0.0,0.0,0.9999999999935898,156,0,0,0
sem_erro,random_forest,lacuna,100,35,35,133,133,78,55,0,133,0,0,0,1.0,1.0,0.0,0.0,0.0,0.9999999999924812,133,0,0,0
sem_erro,random_forest,lacuna,100,40,40,117,117,69,48,0,117,0,1,1,0.9914529914529915,0.9914529914529915,0.0,0.0,0.0,0.9914529914445175,116,1,0,0
sem_erro,random_forest,lacuna,100,45,45,104,104,62,42,0,104,0,8,8,0.9230769230769231,0.9230769230769231,0.0,0.0,0.0,0.9230769230680473,96,8,0,0
sem_erro,random_forest,lacuna,100,50,50,94,94,58,36,0,94,0,13,13,0.776595744680851,0.776595744680851,0.0,0.0,0.0,0.7765957446725894,73,21,0,0
sem_erro,random_forest,lacuna,100,55,55,85,85,51,34,0,85,0,4,4,0.9529411764705882,0.9529411764705882,0.0,0.0,0.0,0.9529411764593771,81,4,0,0
sem_erro,random_forest,lacuna,100,60,60,78,78,47,31,0,78,0,15,15,0.7564102564102564,0.7564102564102564,0.0,0.0,0.0,0.7564102564005588,59,19,0,0
sem_erro,random_forest,lacuna,100,65,65,72,72,42,30,0,72,0,3,3,0.9583333333333334,0.9583333333333334,0.0,0.0,0.0,0.9583333333200231,69,3,0,0
sem_erro,random_forest,lacuna,100,70,70,67,67,40,27,0,67,0,15,15,0.7611940298507462,0.7611940298507462,0.0,0.0,0.0,0.7611940298393851,51,16,0,0
sem_erro,random_forest,lacuna,100,75,75,63,63,39,24,0,63,0,11,11,0.7619047619047619,0.7619047619047619,0.0,0.0,0.0,0.7619047618926682,48,15,0,0
sem_erro,random_forest,lacuna,100,80,80,59,59,35,24,0,59,0,9,9,0.6101694915254238,0.6101694915254238,0.0,0.0,0.0,0.6101694915150819,36,23,0,0
sem_erro,random_forest,lacuna,100,85,85,55,55,33,22,0,55,0,8,8,0.7818181818181819,0.7818181818181819,0.0,0.0,0.0,0.781818181803967,43,12,0,0
sem_erro,random_forest,lacuna,100,90,90,52,52,29,23,0,52,0,9,9,0.7307692307692307,0.7307692307692307,0.0,0.0,0.0,0.7307692307551775,38,14,0,0
sem_erro,random_forest,lacuna,100,95,95,49,49,26,23,0,49,0,4,4,0.7755102040816326,0.7755102040816326,0.0,0.0,0.0,0.775510204065806,38,11,0,0
sem_erro,random_forest,lacuna,100,100,100,47,47,28,19,0,47,0,8,8,0.6595744680851063,0.6595744680851063,0.0,0.0,0.0,0.6595744680710729,31,16,0,0
sem_erro,random_forest,oscilacao,20,5,5,947,947,366,581,0,947,0,9,9,0.9820485744456178,0.9820485744456178,0.0,0.0,0.0,0.9820485744445807,930,17,0,0
sem_erro,random_forest,oscilacao,20,10,10,474,474,181,293,0,474,0,5,5,0.989451476793249,0.989451476793249,0.0,0.0,0.0,0.9894514767911615,469,5,0,0
sem_erro,random_forest,oscilacao,20,15,15,316,316,123,193,0,316,0,7,7,0.9778481012658228,0.9778481012658228,0.0,0.0,0.0,0.9778481012627284,309,7,0,0
sem_erro,random_forest,oscilacao,20,20,20,237,237,89,148,0,237,0,8,8,0.9535864978902954,0.9535864978902954,0.0,0.0,0.0,0.9535864978862718,226,11,0,0
sem_erro,random_forest,oscilacao,30,5,5,945,945,400,545,0,945,0,8,8,0.9851851851851852,0.9851851851851852,0.0,0.0,0.0,0.9851851851841427,931,14,0,0
sem_erro,random_forest,oscilacao,30,10,10,473,473,198,275,0,473,0,5,5,0.9873150105708245,0.9873150105708245,0.0,0.0,0.0,0.9873150105687372,467,6,0,0
sem_erro,random_forest,oscilacao,30,15,15,315,315,134,181,0,315,0,11,11,0.926984126984127,0.926984126984127,0.0,0.0,0.0,0.9269841269811842,292,23,0,0
sem_erro,random_forest,oscilacao,30,20,20,237,237,102,135,0,237,0,6,6,0.9662447257383966,0.9662447257383966,0.0,0.0,0.0,0.9662447257343196,229,8,0,0
sem_erro,random_forest,oscilacao,30,25,25,189,189,78,111,0,189,0,6,6,0.9523809523809523,0.9523809523809523,0.0,0.0,0.0,0.9523809523759134,180,9,0,0
sem_erro,random_forest,oscilacao,30,30,30,158,158,65,93,0,158,0,2,2,0.9873417721518988,0.9873417721518988,0.0,0.0,0.0,0.9873417721456498,156,2,0,0
sem_erro,random_forest,oscilacao,40,5,5,943,943,432,511,0,943,0,5,5,0.9883351007423118,0.9883351007423118,0.0,0.0,0.0,0.9883351007412637,932,11,0,0
sem_erro,random_forest,oscilacao,40,10,10,472,472,214,258,0,472,0,7,7,0.9809322033898306,0.9809322033898306,0.0,0.0,0.0,0.9809322033877523,463,9,0,0
sem_erro,random_forest,oscilacao,40,15,15,315,315,143,172,0,315,0,5,5,0.9809523809523809,0.9809523809523809,0.0,0.0,0.0,0.9809523809492668,309,6,0,0
sem_erro,random_forest,oscilacao,40,20,20,236,236,106,130,0,236,0,8,8,0.9491525423728814,0.9491525423728814,0.0,0.0,0.0,0.9491525423688596,224,12,0,0
sem_erro,random_forest,oscilacao,40,25,25,189,189,88,101,0,189,0,0,0,1.0,1.0,0.0,0.0,0.0,0.999999999994709,189,0,0,0
sem_erro,random_forest,oscilacao,40,30,30,158,158,70,88,0,158,0,3,3,0.9683544303797469,0.9683544303797469,0.0,0.0,0.0,0.9683544303736181,153,5,0,0
sem_erro,random_forest,oscilacao,40,35,35,135,135,60,75,0,135,0,7,7,0.9333333333333333,0.9333333333333333,0.0,0.0,0.0,0.9333333333264199,126,9,0,0
sem_erro,random_forest,oscilacao,40,40,40,118,118,52,66,0,118,0,7,7,0.8983050847457628,0.8983050847457628,0.0,0.0,0.0,0.89830508473815,106,12,0,0
sem_erro,random_forest,oscilacao,50,5,5,941,941,463,478,0,941,0,14,14,0.975557917109458,0.975557917109458,0.0,0.0,0.0,0.9755579171084213,918,23,0,0
sem_erro,random_forest,oscilacao,50,10,10,471,471,230,241,0,471,0,8,8,0.9554140127388535,0.9554140127388535,0.0,0.0,0.0,0.955414012736825,450,21,0,0
sem_erro,random_forest,oscilacao,50,15,15,314,314,155,159,0,314,0,6,6,0.9490445859872612,0.9490445859872612,0.0,0.0,0.0,0.9490445859842388,298,16,0,0
sem_erro,random_forest,oscilacao,50,20,20,236,236,118,118,0,236,0,6,6,0.902542372881356,0.902542372881356,0.0,0.0,0.0,0.9025423728775317,213,23,0,0
sem_erro,random_forest,oscilacao,50,25,25,189,189,91,98,0,189,0,3,3,0.9841269841269841,0.9841269841269841,0.0,0.0,0.0,0.9841269841217771,186,3,0,0
sem_erro,random_forest,oscilacao,50,30,30,157,157,76,81,0,157,0,5,5,0.8789808917197452,0.8789808917197452,0.0,0.0,0.0,0.8789808917141467,138,19,0,0
sem_erro,random_forest,oscilacao,50,35,35,135,135,66,69,0,135,0,0,0,1.0,1.0,0.0,0.0,0.0,0.9999999999925927,135,0,0,0
sem_erro,random_forest,oscilacao,50,40,40,118,118,59,59,0,118,0,7,7,0.847457627118644,0.847457627118644,0.0,0.0,0.0,0.8474576271114622,100,18,0,0
sem_erro,random_forest,oscilacao,50,45,45,105,105,51,54,0,105,0,6,6,0.9047619047619048,0.9047619047619048,0.0,0.0,0.0,0.904761904753288,95,10,0,0
sem_erro,random_forest,oscilacao,50,50,50,95,95,45,50,0,95,0,4,4,0.9052631578947369,0.9052631578947369,0.0,0.0,0.0,0.9052631578852077,86,9,0,0
sem_erro,random_forest,oscilacao,60,5,5,939,939,491,448,0,939,0,15,15,0.9616613418530351,0.9616613418530351,0.0,0.0,0.0,0.961661341852011,903,36,0,0
sem_erro,random_forest,oscilacao,60,10,10,470,470,244,226,0,470,0,7,7,0.9702127659574468,0.9702127659574468,0.0,0.0,0.0,0.9702127659553825,456,14,0,0
sem_erro,random_forest,oscilacao,60,15,15,313,313,165,148,0,313,0,9,9,0.8370607028753994,0.8370607028753994,0.0,0.0,0.0,0.837060702872725,262,51,0,0
sem_erro,random_forest,oscilacao,60,20,20,235,235,122,113,0,235,0,6,6,0.8765957446808511,0.8765957446808511,0.0,0.0,0.0,0.8765957446771209,206,29,0,0
sem_erro,random_forest,oscilacao,60,25,25,188,188,100,88,0,188,0,6,6,0.8723404255319149,0.8723404255319149,0.0,0.0,0.0,0.8723404255272749,164,24,0,0
sem_erro,random_forest,oscilacao,60,30,30,157,157,81,76,0,157,0,4,4,0.8853503184713376,0.8853503184713376,0.0,0.0,0.0,0.8853503184656984,139,18,0,0
sem_erro,random_forest,oscilacao,60,35,35,135,135,71,64,0,135,0,4,4,0.8962962962962963,0.8962962962962963,0.0,0.0,0.0,0.8962962962896571,121,14,0,0
sem_erro,random_forest,oscilacao,60,40,40,118,118,62,56,0,118,0,7,7,0.847457627118644,0.847457627118644,0.0,0.0,0.0,0.8474576271114622,100,18,0,0
sem_erro,random_forest,oscilacao,60,45,45,105,105,55,50,0,105,0,4,4,0.8952380952380953,0.8952380952380953,0.0,0.0,0.0,0.8952380952295691,94,11,0,0
sem_erro,random_forest,oscilacao,60,50,50,94,94,47,47,0,94,0,5,5,0.8936170212765957,0.8936170212765957,0.0,0.0,0.0,0.8936170212670892,84,10,0,0
sem_erro,random_forest,oscilacao,60,55,55,86,86,45,41,0,86,0,7,7,0.8372093023255814,0.8372093023255814,0.0,0.0,0.0,0.8372093023158463,72,14,0,0
sem_erro,random_forest,oscilacao,60,60,60,79,79,42,37,0,79,0,6,6,0.8481012658227848,0.8481012658227848,0.0,0.0,0.0,0.8481012658120494,67,12,0,0
sem_erro,random_forest,oscilacao,70,5,5,937,937,515,422,0,937,0,16,16,0.9551760939167556,0.9551760939167556,0.0,0.0,0.0,0.9551760939157362,895,42,0,0
sem_erro,random_forest,oscilacao,70,10,10,469,469,256,213,0,469,0,15,15,0.9189765458422174,0.9189765458422174,0.0,0.0,0.0,0.9189765458402581,431,38,0,0
sem_erro,random_forest,oscilacao,70,15,15,313,313,171,142,0,313,0,9,9,0.9329073482428115,0.9329073482428115,0.0,0.0,0.0,0.932907348239831,292,21,0,0
sem_erro,random_forest,oscilacao,70,20,20,235,235,131,104,0,235,0,7,7,0.8680851063829788,0.8680851063829788,0.0,0.0,0.0,0.8680851063792848,204,31,0,0
sem_erro,random_forest,oscilacao,70,25,25,188,188,104,84,0,188,0,4,4,0.8936170212765957,0.8936170212765957,0.0,0.0,0.0,0.8936170212718425,168,20,0,0
sem_erro,random_forest,oscilacao,70,30,30,157,157,83,74,0,157,0,4,4,0.89171974522293,0.89171974522293,0.0,0.0,0.0,0.8917197452172503,140,17,0,0
sem_erro,random_forest,oscilacao,70,35,35,134,134,73,61,0,134,0,4,4,0.8955223880597015,0.8955223880597015,0.0,0.0,0.0,0.8955223880530185,120,14,0,0
sem_erro,random_forest,oscilacao,70,40,40,118,118,66,52,0,118,0,5,5,0.8559322033898306,0.8559322033898306,0.0,0.0,0.0,0.8559322033825768,101,17,0,0
sem_erro,random_forest,oscilacao,70,45,45,105,105,56,49,0,105,0,4,4,0.9047619047619048,0.9047619047619048,0.0,0.0,0.0,0.904761904753288,95,10,0,0
sem_erro,random_forest,oscilacao,70,50,50,94,94,50,44,0,94,0,4,4,0.8829787234042553,0.8829787234042553,0.0,0.0,0.0,0.8829787233948619,83,11,0,0
sem_erro,random_forest,oscilacao,70,55,55,86,86,47,39,0,86,0,6,6,0.8604651162790697,0.8604651162790697,0.0,0.0,0.0,0.8604651162690643,74,12,0,0
sem_erro,random_forest,oscilacao,70,60,60,79,79,44,35,0,79,0,5,5,0.8607594936708861,0.8607594936708861,0.0,0.0,0.0,0.8607594936599904,68,11,0,0
sem_erro,random_forest,oscilacao,70,65,65,73,73,42,31,0,73,0,5,5,0.8767123287671232,0.8767123287671232,0.0,0.0,0.0,0.8767123287551135,64,9,0,0
sem_erro,random_forest,oscilacao,70,70,70,67,67,39,28,0,67,0,5,5,0.8656716417910447,0.8656716417910447,0.0,0.0,0.0,0.8656716417781243,58,9,0,0
sem_erro,random_forest,oscilacao,80,5,5,935,935,537,398,0,935,0,19,19,0.8363636363636363,0.8363636363636363,0.0,0.0,0.0,0.8363636363627419,782,153,0,0
sem_erro,random_forest,oscilacao,80,10,10,468,468,267,201,0,468,0,8,8,0.8547008547008547,0.8547008547008547,0.0,0.0,0.0,0.8547008546990285,400,68,0,0
sem_erro,random_forest,oscilacao,80,15,15,312,312,179,133,0,312,0,8,8,0.8653846153846154,0.8653846153846154,0.0,0.0,0.0,0.8653846153818417,270,42,0,0
sem_erro,random_forest,oscilacao,80,20,20,234,234,134,100,0,234,0,9,9,0.8333333333333334,0.8333333333333334,0.0,0.0,0.0,0.8333333333297721,195,39,0,0
sem_erro,random_forest,oscilacao,80,25,25,187,187,106,81,0,187,0,6,6,0.8663101604278075,0.8663101604278075,0.0,0.0,0.0,0.8663101604231749,162,25,0,0
sem_erro,random_forest,oscilacao,80,30,30,156,156,88,68,0,156,0,7,7,0.8269230769230769,0.8269230769230769,0.0,0.0,0.0,0.8269230769177762,129,27,0,0
sem_erro,random_forest,oscilacao,80,35,35,134,134,77,57,0,134,0,6,6,0.8507462686567164,0.8507462686567164,0.0,0.0,0.0,0.8507462686503676,114,20,0,0
sem_erro,random_forest,oscilacao,80,40,40,117,117,67,50,0,117,0,7,7,0.811965811965812,0.811965811965812,0.0,0.0,0.0,0.8119658119588721,95,22,0,0
sem_erro,random_forest,oscilacao,80,45,45,104,104,57,47,0,104,0,3,3,0.875,0.875,0.0,0.0,0.0,0.8749999999915865,91,13,0,0
sem_erro,random_forest,oscilacao,80,50,50,94,94,51,43,0,94,0,4,4,0.8829787234042553,0.8829787234042553,0.0,0.0,0.0,0.8829787233948619,83,11,0,0
sem_erro,random_forest,oscilacao,80,55,55,85,85,48,37,0,85,0,4,4,0.8705882352941177,0.8705882352941177,0.0,0.0,0.0,0.8705882352838754,74,11,0,0
sem_erro,random_forest,oscilacao,80,60,60,78,78,45,33,0,78,0,5,5,0.8076923076923077,0.8076923076923077,0.0,0.0,0.0,0.8076923076819527,63,15,0,0
sem_erro,random_forest,oscilacao,80,65,65,72,72,42,30,0,72,0,6,6,0.8194444444444444,0.8194444444444444,0.0,0.0,0.0,0.8194444444330632,59,13,0,0
sem_erro,random_forest,oscilacao,80,70,70,67,67,39,28,0,67,0,5,5,0.8507462686567164,0.8507462686567164,0.0,0.0,0.0,0.8507462686440187,57,10,0,0
sem_erro,random_forest,oscilacao,80,75,75,63,63,35,28,0,63,0,3,3,0.9047619047619048,0.9047619047619048,0.0,0.0,0.0,0.9047619047475435,57,6,0,0
sem_erro,random_forest,oscilacao,80,80,80,59,59,34,25,0,59,0,4,4,0.7627118644067796,0.7627118644067796,0.0,0.0,0.0,0.7627118643938524,45,14,0,0
sem_erro,random_forest,oscilacao,90,5,5,933,933,559,374,0,933,0,18,18,0.8006430868167203,0.8006430868167203,0.0,0.0,0.0,0.8006430868158622,747,186,0,0
sem_erro,random_forest,oscilacao,90,10,10,467,467,278,189,0,467,0,10,10,0.8179871520342612,0.8179871520342612,0.0,0.0,0.0,0.8179871520325097,382,85,0,0
sem_erro,random_forest,oscilacao,90,15,15,311,311,187,124,0,311,0,12,12,0.7942122186495176,0.7942122186495176,0.0,0.0,0.0,0.794212218646964,247,64,0,0
sem_erro,random_forest,oscilacao,90,20,20,234,234,142,92,0,234,0,10,10,0.8034188034188035,0.8034188034188035,0.0,0.0,0.0,0.8034188034153701,188,46,0,0
sem_erro,random_forest,oscilacao,90,25,25,187,187,113,74,0,187,0,7,7,0.8663101604278075,0.8663101604278075,0.0,0.0,0.0,0.8663101604231749,162,25,0,0
sem_erro,random_forest,oscilacao,90,30,30,156,156,92,64,0,156,0,5,5,0.8397435897435898,0.8397435897435898,0.0,0.0,0.0,0.8397435897382068,131,25,0,0
sem_erro,random_forest,oscilacao,90,35,35,134,134,82,52,0,134,0,7,7,0.8134328358208955,0.8134328358208955,0.0,0.0,0.0,0.8134328358148252,109,25,0,0
sem_erro,random_forest,oscilacao,90,40,40,117,117,71,46,0,117,0,8,8,0.7777777777777778,0.7777777777777778,0.0,0.0,0.0,0.7777777777711301,91,26,0,0
sem_erro,random_forest,oscilacao,90,45,45,104,104,61,43,0,104,0,4,4,0.8269230769230769,0.8269230769230769,0.0,0.0,0.0,0.8269230769151257,86,18,0,0
sem_erro,random_forest,oscilacao,90,50,50,94,94,56,38,0,94,0,5,5,0.851063829787234,0.851063829787234,0.0,0.0,0.0,0.8510638297781802,80,14,0,0
sem_erro,random_forest,oscilacao,90,55,55,85,85,48,37,0,85,0,4,4,0.8823529411764706,0.8823529411764706,0.0,0.0,0.0,0.88235294116609,75,10,0,0
sem_erro,random_forest,oscilacao,90,60,60,78,78,47,31,0,78,0,5,5,0.8076923076923077,0.8076923076923077,0.0,0.0,0.0,0.8076923076819527,63,15,0,0
sem_erro,random_forest,oscilacao,90,65,65,72,72,44,28,0,72,0,5,5,0.8333333333333334,0.8333333333333334,0.0,0.0,0.0,0.8333333333217592,60,12,0,0
sem_erro,random_forest,oscilacao,90,70,70,67,67,40,27,0,67,0,4,4,0.8507462686567164,0.8507462686567164,0.0,0.0,0.0,0.8507462686440187,57,10,0,0
sem_erro,random_forest,oscilacao,90,75,75,63,63,37,26,0,63,0,5,5,0.8571428571428571,0.8571428571428571,0.0,0.0,0.0,0.8571428571292518,54,9,0,0
sem_erro,random_forest,oscilacao,90,80,80,59,59,36,23,0,59,0,3,3,0.7796610169491526,0.7796610169491526,0.0,0.0,0.0,0.779661016935938,46,13,0,0
sem_erro,random_forest,oscilacao,90,85,85,55,55,31,24,0,55,0,4,4,0.8545454545454545,0.8545454545454545,0.0,0.0,0.0,0.8545454545299174,47,8,0,0
sem_erro,random_forest,oscilacao,90,90,90,52,52,29,23,0,52,0,3,3,0.8653846153846154,0.8653846153846154,0.0,0.0,0.0,0.8653846153679734,45,7,0,0
sem_erro,random_forest,oscilacao,100,5,5,931,931,580,351,0,931,0,14,14,0.7465091299677766,0.7465091299677766,0.0,0.0,0.0,0.7465091299669747,695,236,0,0
sem_erro,random_forest,oscilacao,100,10,10,466,466,289,177,0,466,0,5,5,0.759656652360515,0.759656652360515,0.0,0.0,0.0,0.7596566523588849,354,112,0,0
sem_erro,random_forest,oscilacao,100,15,15,311,311,193,118,0,311,0,7,7,0.8938906752411575,0.8938906752411575,0.0,0.0,0.0,0.8938906752382834,278,33,0,0
sem_erro,random_forest,oscilacao,100,20,20,233,233,145,88,0,233,0,12,12,0.7339055793991416,0.7339055793991416,0.0,0.0,0.0,0.7339055793959919,171,62,0,0
sem_erro,random_forest,oscilacao,100,25,25,187,187,115,72,0,187,0,4,4,0.8823529411764706,0.8823529411764706,0.0,0.0,0.0,0.8823529411717522,165,22,0,0
sem_erro,random_forest,oscilacao,100,30,30,156,156,94,62,0,156,0,5,5,0.8653846153846154,0.8653846153846154,0.0,0.0,0.0,0.8653846153790681,135,21,0,0
sem_erro,random_forest,oscilacao,100,35,35,133,133,82,51,0,133,0,5,5,0.849624060150376,0.849624060150376,0.0,0.0,0.0,0.8496240601439878,113,20,0,0
sem_erro,random_forest,oscilacao,100,40,40,117,117,73,44,0,117,0,7,7,0.8034188034188035,0.8034188034188035,0.0,0.0,0.0,0.8034188034119366,94,23,0,0
sem_erro,random_forest,oscilacao,100,45,45,104,104,65,39,0,104,0,5,5,0.8557692307692307,0.8557692307692307,0.0,0.0,0.0,0.8557692307610022,89,15,0,0
sem_erro,random_forest,oscilacao,100,50,50,94,94,57,37,0,94,0,4,4,0.8404255319148937,0.8404255319148937,0.0,0.0,0.0,0.8404255319059529,79,15,0,0
sem_erro,random_forest,oscilacao,100,55,55,85,85,50,35,0,85,0,2,2,0.788235294117647,0.788235294117647,0.0,0.0,0.0,0.7882352941083737,67,18,0,0
sem_erro,random_forest,oscilacao,100,60,60,78,78,47,31,0,78,0,5,5,0.8205128205128205,0.8205128205128205,0.0,0.0,0.0,0.8205128205023011,64,14,0,0
sem_erro,random_forest,oscilacao,100,65,65,72,72,44,28,0,72,0,4,4,0.8194444444444444,0.8194444444444444,0.0,0.0,0.0,0.8194444444330632,59,13,0,0
sem_erro,random_forest,oscilacao,100,70,70,67,67,40,27,0,67,0,4,4,0.8507462686567164,0.8507462686567164,0.0,0.0,0.0,0.8507462686440187,57,10,0,0
sem_erro,random_forest,oscilacao,100,75,75,63,63,38,25,0,63,0,4,4,0.873015873015873,0.873015873015873,0.0,0.0,0.0,0.8730158730020157,55,8,0,0
sem_erro,random_forest,oscilacao,100,80,80,59,59,37,22,0,59,0,4,4,0.7457627118644068,0.7457627118644068,0.0,0.0,0.0,0.7457627118517668,44,15,0,0
sem_erro,random_forest,oscilacao,100,85,85,55,55,33,22,0,55,0,4,4,0.7818181818181819,0.7818181818181819,0.0,0.0,0.0,0.781818181803967,43,12,0,0
sem_erro,random_forest,oscilacao,100,90,90,52,52,31,21,0,52,0,4,4,0.8653846153846154,0.8653846153846154,0.0,0.0,0.0,0.8653846153679734,45,7,0,0
sem_erro,random_forest,oscilacao,100,95,95,49,49,32,17,0,49,0,6,6,0.7959183673469388,0.7959183673469388,0.0,0.0,0.0,0.7959183673306957,39,10,0,0
sem_erro,random_forest,oscilacao,100,100,100,47,47,27,20,0,47,0,3,3,0.8297872340425532,0.8297872340425532,0.0,0.0,0.0,0.8297872340248982,39,8,0,0
sem_erro,random_forest,queda,20,5,5,947,947,221,726,0,947,0,1,1,0.9651531151003168,0.9651531151003168,0.0,0.0,0.0,0.9651531150992977,914,33,0,0
sem_erro,random_forest,queda,20,10,10,474,474,111,363,0,474,0,1,1,0.9662447257383966,0.9662447257383966,0.0,0.0,0.0,0.9662447257363581,458,16,0,0
sem_erro,random_forest,queda,20,15,15,316,316,71,245,0,316,0,1,1,0.9651898734177216,0.9651898734177216,0.0,0.0,0.0,0.9651898734146671,305,11,0,0
sem_erro,random_forest,queda,20,20,20,237,237,55,182,0,237,0,1,1,0.9662447257383966,0.9662447257383966,0.0,0.0,0.0,0.9662447257343196,229,8,0,0
sem_erro,random_forest,queda,30,5,5,945,945,261,684,0,945,0,1,1,0.9629629629629629,0.9629629629629629,0.0,0.0,0.0,0.962962962961944,910,35,0,0
sem_erro,random_forest,queda,30,10,10,473,473,131,342,0,473,0,1,1,0.9640591966173362,0.9640591966173362,0.0,0.0,0.0,0.964059196615298,456,17,0,0
sem_erro,random_forest,queda,30,15,15,315,315,87,228,0,315,0,1,1,0.9650793650793651,0.9650793650793651,0.0,0.0,0.0,0.9650793650763013,304,11,0,0
sem_erro,random_forest,queda,30,20,20,237,237,69,168,0,237,0,2,2,0.9746835443037974,0.9746835443037974,0.0,0.0,0.0,0.974683544299685,231,6,0,0
sem_erro,random_forest,queda,30,25,25,189,189,49,140,0,189,0,1,1,0.9682539682539683,0.9682539682539683,0.0,0.0,0.0,0.9682539682488452,183,6,0,0
sem_erro,random_forest,queda,30,30,30,158,158,44,114,0,158,0,1,1,0.9683544303797469,0.9683544303797469,0.0,0.0,0.0,0.9683544303736181,153,5,0,0
sem_erro,random_forest,queda,40,5,5,943,943,300,643,0,943,0,1,1,0.9607635206786851,0.9607635206786851,0.0,0.0,0.0,0.9607635206776662,906,37,0,0
sem_erro,random_forest,queda,40,10,10,472,472,151,321,0,472,0,1,1,0.961864406779661,0.961864406779661,0.0,0.0,0.0,0.9618644067776232,454,18,0,0
sem_erro,random_forest,queda,40,15,15,315,315,102,213,0,315,0,1,1,0.9650793650793651,0.9650793650793651,0.0,0.0,0.0,0.9650793650763013,304,11,0,0
sem_erro,random_forest,queda,40,20,20,236,236,75,161,0,236,0,1,1,0.961864406779661,0.961864406779661,0.0,0.0,0.0,0.9618644067755854,227,9,0,0
sem_erro,random_forest,queda,40,25,25,189,189,58,131,0,189,0,2,2,0.9788359788359788,0.9788359788359788,0.0,0.0,0.0,0.9788359788307999,185,4,0,0
sem_erro,random_forest,queda,40,30,30,158,158,54,104,0,158,0,1,1,0.9873417721518988,0.9873417721518988,0.0,0.0,0.0,0.9873417721456498,156,2,0,0
sem_erro,random_forest,queda,40,35,35,135,135,44,91,0,135,0,1,1,0.9925925925925926,0.9925925925925926,0.0,0.0,0.0,0.9925925925852401,134,1,0,0
sem_erro,random_forest,queda,40,40,40,118,118,35,83,0,118,0,1,1,0.9661016949152542,0.9661016949152542,0.0,0.0,0.0,0.9661016949070669,114,4,0,0
sem_erro,random_forest,queda,50,5,5,941,941,337,604,0,941,0,2,2,0.9574920297555791,0.9574920297555791,0.0,0.0,0.0,0.9574920297545616,901,40,0,0
sem_erro,random_forest,queda,50,10,10,471,471,169,302,0,471,0,1,1,0.9596602972399151,0.9596602972399151,0.0,0.0,0.0,0.9596602972378776,452,19,0,0
sem_erro,random_forest,queda,50,15,15,314,314,110,204,0,314,0,2,2,0.9585987261146497,0.9585987261146497,0.0,0.0,0.0,0.9585987261115968,301,13,0,0
sem_erro,random_forest,queda,50,20,20,236,236,87,149,0,236,0,1,1,0.961864406779661,0.961864406779661,0.0,0.0,0.0,0.9618644067755854,227,9,0,0
sem_erro,random_forest,queda,50,25,25,189,189,66,123,0,189,0,1,1,0.9629629629629629,0.9629629629629629,0.0,0.0,0.0,0.962962962957868,182,7,0,0
sem_erro,random_forest,queda,50,30,30,157,157,55,102,0,157,0,2,2,0.9745222929936306,0.9745222929936306,0.0,0.0,0.0,0.9745222929874235,153,4,0,0
sem_erro,random_forest,queda,50,35,35,135,135,50,85,0,135,0,1,1,0.9777777777777777,0.9777777777777777,0.0,0.0,0.0,0.9777777777705351,132,3,0,0
sem_erro,random_forest,queda,50,40,40,118,118,42,76,0,118,0,2,2,0.9830508474576272,0.9830508474576272,0.0,0.0,0.0,0.9830508474492962,116,2,0,0
sem_erro,random_forest,queda,50,45,45,105,105,37,68,0,105,0,1,1,0.9619047619047619,0.9619047619047619,0.0,0.0,0.0,0.9619047618956009,101,4,0,0
sem_erro,random_forest,queda,50,50,50,95,95,31,64,0,95,0,1,1,0.968421052631579,0.968421052631579,0.0,0.0,0.0,0.968421052621385,92,3,0,0
sem_erro,random_forest,queda,60,5,5,939,939,368,571,0,939,0,3,3,0.9542066027689031,0.9542066027689031,0.0,0.0,0.0,0.9542066027678869,896,43,0,0
sem_erro,random_forest,queda,60,10,10,470,470,184,286,0,470,0,1,1,0.9574468085106383,0.9574468085106383,0.0,0.0,0.0,0.9574468085086012,450,20,0,0
sem_erro,random_forest,queda,60,15,15,313,313,122,191,0,313,0,1,1,0.9584664536741214,0.9584664536741214,0.0,0.0,0.0,0.9584664536710592,300,13,0,0
sem_erro,random_forest,queda,60,20,20,235,235,91,144,0,235,0,1,1,0.9659574468085106,0.9659574468085106,0.0,0.0,0.0,0.9659574468044002,227,8,0,0
sem_erro,random_forest,queda,60,25,25,188,188,72,116,0,188,0,1,1,0.9627659574468085,0.9627659574468085,0.0,0.0,0.0,0.9627659574416875,181,7,0,0
sem_erro,random_forest,queda,60,30,30,157,157,60,97,0,157,0,1,1,0.9617834394904459,0.9617834394904459,0.0,0.0,0.0,0.9617834394843199,151,6,0,0
sem_erro,random_forest,queda,60,35,35,135,135,56,79,0,135,0,1,1,0.9703703703703703,0.9703703703703703,0.0,0.0,0.0,0.9703703703631825,131,4,0,0
sem_erro,random_forest,queda,60,40,40,118,118,44,74,0,118,0,2,2,0.9830508474576272,0.9830508474576272,0.0,0.0,0.0,0.9830508474492962,116,2,0,0
sem_erro,random_forest,queda,60,45,45,105,105,40,65,0,105,0,2,2,0.9809523809523809,0.9809523809523809,0.0,0.0,0.0,0.9809523809430385,103,2,0,0
sem_erro,random_forest,queda,60,50,50,94,94,35,59,0,94,0,1,1,0.9680851063829787,0.9680851063829787,0.0,0.0,0.0,0.9680851063726799,91,3,0,0
sem_erro,random_forest,queda,60,55,55,86,86,33,53,0,86,0,0,0,1.0,1.0,0.0,0.0,0.0,0.9999999999883721,86,0,0,0
sem_erro,random_forest,queda,60,60,60,79,79,30,49,0,79,0,1,1,0.9873417721518988,0.9873417721518988,0.0,0.0,0.0,0.9873417721394007,78,1,0,0
sem_erro,random_forest,queda,70,5,5,937,937,393,544,0,937,0,2,2,0.9541088580576307,0.9541088580576307,0.0,0.0,0.0,0.9541088580566125,894,43,0,0
sem_erro,random_forest,queda,70,10,10,469,469,196,273,0,469,0,1,1,0.9552238805970149,0.9552238805970149,0.0,0.0,0.0,0.9552238805949782,448,21,0,0
sem_erro,random_forest,queda,70,15,15,313,313,134,179,0,313,0,1,1,0.9584664536741214,0.9584664536741214,0.0,0.0,0.0,0.9584664536710592,300,13,0,0
sem_erro,random_forest,queda,70,20,20,235,235,100,135,0,235,0,1,1,0.9574468085106383,0.9574468085106383,0.0,0.0,0.0,0.957446808506564,225,10,0,0
sem_erro,random_forest,queda,70,25,25,188,188,80,108,0,188,0,1,1,0.9627659574468085,0.9627659574468085,0.0,0.0,0.0,0.9627659574416875,181,7,0,0
sem_erro,random_forest,queda,70,30,30,157,157,68,89,0,157,0,1,1,0.9617834394904459,0.9617834394904459,0.0,0.0,0.0,0.9617834394843199,151,6,0,0
sem_erro,random_forest,queda,70,35,35,134,134,57,77,0,134,0,1,1,0.9850746268656716,0.9850746268656716,0.0,0.0,0.0,0.9850746268583204,132,2,0,0
sem_erro,random_forest,queda,70,40,40,118,118,48,70,0,118,0,1,1,0.9661016949152542,0.9661016949152542,0.0,0.0,0.0,0.9661016949070669,114,4,0,0
sem_erro,random_forest,queda,70,45,45,105,105,47,58,0,105,0,1,1,0.8761904761904762,0.8761904761904762,0.0,0.0,0.0,0.8761904761821315,92,13,0,0
sem_erro,random_forest,queda,70,50,50,94,94,39,55,0,94,0,1,1,0.9680851063829787,0.9680851063829787,0.0,0.0,0.0,0.9680851063726799,91,3,0,0
sem_erro,random_forest,queda,70,55,55,86,86,34,52,0,86,0,1,1,0.9883720930232558,0.9883720930232558,0.0,0.0,0.0,0.9883720930117631,85,1,0,0
sem_erro,random_forest,queda,70,60,60,79,79,35,44,0,79,0,0,0,1.0,1.0,0.0,0.0,0.0,0.9999999999873417,79,0,0,0
sem_erro,random_forest,queda,70,65,65,73,73,31,42,0,73,0,1,1,0.9863013698630136,0.9863013698630136,0.0,0.0,0.0,0.9863013698495027,72,1,0,0
sem_erro,random_forest,queda,70,70,70,67,67,26,41,0,67,0,0,0,1.0,1.0,0.0,0.0,0.0,0.9999999999850746,67,0,0,0
sem_erro,random_forest,queda,80,5,5,935,935,416,519,0,935,0,2,2,0.9508021390374332,0.9508021390374332,0.0,0.0,0.0,0.9508021390364163,889,46,0,0
sem_erro,random_forest,queda,80,10,10,468,468,208,260,0,468,0,2,2,0.9508547008547008,0.9508547008547008,0.0,0.0,0.0,0.9508547008526691,445,23,0,0
sem_erro,random_forest,queda,80,15,15,312,312,135,177,0,312,0,1,1,0.9583333333333334,0.9583333333333334,0.0,0.0,0.0,0.9583333333302618,299,13,0,0
sem_erro,random_forest,queda,80,20,20,234,234,103,131,0,234,0,1,1,0.9658119658119658,0.9658119658119658,0.0,0.0,0.0,0.9658119658078385,226,8,0,0
sem_erro,random_forest,queda,80,25,25,187,187,82,105,0,187,0,1,1,0.9518716577540107,0.9518716577540107,0.0,0.0,0.0,0.9518716577489206,178,9,0,0
sem_erro,random_forest,queda,80,30,30,156,156,68,88,0,156,0,1,1,0.9615384615384616,0.9615384615384616,0.0,0.0,0.0,0.9615384615322979,150,6,0,0
sem_erro,random_forest,queda,80,35,35,134,134,60,74,0,134,0,1,1,0.9701492537313433,0.9701492537313433,0.0,0.0,0.0,0.9701492537241034,130,4,0,0
sem_erro,random_forest,queda,80,40,40,117,117,49,68,0,117,0,1,1,0.9658119658119658,0.9658119658119658,0.0,0.0,0.0,0.965811965803711,113,4,0,0
sem_erro,random_forest,queda,80,45,45,104,104,46,58,0,104,0,1,1,0.875,0.875,0.0,0.0,0.0,0.8749999999915865,91,13,0,0
sem_erro,random_forest,queda,80,50,50,94,94,40,54,0,94,0,0,0,1.0,1.0,0.0,0.0,0.0,0.9999999999893616,94,0,0,0
sem_erro,random_forest,queda,80,55,55,85,85,37,48,0,85,0,1,1,0.9647058823529412,0.9647058823529412,0.0,0.0,0.0,0.9647058823415916,82,3,0,0
sem_erro,random_forest,queda,80,60,60,78,78,34,44,0,78,0,0,0,1.0,1.0,0.0,0.0,0.0,0.9999999999871795,78,0,0,0
sem_erro,random_forest,queda,80,65,65,72,72,32,40,0,72,0,1,1,0.9583333333333334,0.9583333333333334,0.0,0.0,0.0,0.9583333333200231,69,3,0,0
sem_erro,random_forest,queda,80,70,70,67,67,27,40,0,67,0,0,0,1.0,1.0,0.0,0.0,0.0,0.9999999999850746,67,0,0,0
sem_erro,random_forest,queda,80,75,75,63,63,26,37,0,63,0,1,1,0.9682539682539683,0.9682539682539683,0.0,0.0,0.0,0.9682539682385992,61,2,0,0
sem_erro,random_forest,queda,80,80,80,59,59,25,34,0,59,0,0,0,1.0,1.0,0.0,0.0,0.0,0.9999999999830509,59,0,0,0
sem_erro,random_forest,queda,90,5,5,933,933,438,495,0,933,0,2,2,0.9496248660235799,0.9496248660235799,0.0,0.0,0.0,0.949624866022562,886,47,0,0
sem_erro,random_forest,queda,90,10,10,467,467,219,248,0,467,0,1,1,0.9528907922912205,0.9528907922912205,0.0,0.0,0.0,0.9528907922891802,445,22,0,0
sem_erro,random_forest,queda,90,15,15,311,311,145,166,0,311,0,1,1,0.9517684887459807,0.9517684887459807,0.0,0.0,0.0,0.9517684887429204,296,15,0,0
sem_erro,random_forest,queda,90,20,20,234,234,111,123,0,234,0,1,1,0.9487179487179487,0.9487179487179487,0.0,0.0,0.0,0.9487179487138944,222,12,0,0
sem_erro,random_forest,queda,90,25,25,187,187,86,101,0,187,0,1,1,0.9518716577540107,0.9518716577540107,0.0,0.0,0.0,0.9518716577489206,178,9,0,0
sem_erro,random_forest,queda,90,30,30,156,156,72,84,0,156,0,1,1,0.9551282051282052,0.9551282051282052,0.0,0.0,0.0,0.9551282051220826,149,7,0,0
sem_erro,random_forest,queda,90,35,35,134,134,66,68,0,134,0,1,1,0.8656716417910447,0.8656716417910447,0.0,0.0,0.0,0.8656716417845846,116,18,0,0
sem_erro,random_forest,queda,90,40,40,117,117,54,63,0,117,0,1,1,0.9487179487179487,0.9487179487179487,0.0,0.0,0.0,0.9487179487098399,111,6,0,0
sem_erro,random_forest,queda,90,45,45,104,104,48,56,0,104,0,1,1,0.8653846153846154,0.8653846153846154,0.0,0.0,0.0,0.8653846153762943,90,14,0,0
sem_erro,random_forest,queda,90,50,50,94,94,41,53,0,94,0,0,0,1.0,1.0,0.0,0.0,0.0,0.9999999999893616,94,0,0,0
sem_erro,random_forest,queda,90,55,55,85,85,40,45,0,85,0,1,1,0.8588235294117647,0.8588235294117647,0.0,0.0,0.0,0.8588235294016608,73,12,0,0
sem_erro,random_forest,queda,90,60,60,78,78,37,41,0,78,0,1,1,0.8717948717948718,0.8717948717948718,0.0,0.0,0.0,0.8717948717836949,68,10,0,0
sem_erro,random_forest,queda,90,65,65,72,72,32,40,0,72,0,1,1,0.875,0.875,0.0,0.0,0.0,0.8749999999878472,63,9,0,0
sem_erro,random_forest,queda,90,70,70,67,67,33,34,0,67,0,1,1,0.8656716417910447,0.8656716417910447,0.0,0.0,0.0,0.8656716417781243,58,9,0,0
sem_erro,random_forest,queda,90,75,75,63,63,29,34,0,63,0,1,1,0.873015873015873,0.873015873015873,0.0,0.0,0.0,0.8730158730020157,55,8,0,0
sem_erro,random_forest,queda,90,80,80,59,59,27,32,0,59,0,1,1,0.9830508474576272,0.9830508474576272,0.0,0.0,0.0,0.9830508474409653,58,1,0,0
sem_erro,random_forest,queda,90,85,85,55,55,28,27,0,55,0,1,1,0.8545454545454545,0.8545454545454545,0.0,0.0,0.0,0.8545454545299174,47,8,0,0
sem_erro,random_forest,queda,90,90,90,52,52,25,27,0,52,0,1,1,0.8846153846153846,0.8846153846153846,0.0,0.0,0.0,0.8846153845983729,46,6,0,0
sem_erro,random_forest,queda,100,5,5,931,931,460,471,0,931,0,2,2,0.9473684210526315,0.9473684210526315,0.0,0.0,0.0,0.947368421051614,882,49,0,0
sem_erro,random_forest,queda,100,10,10,466,466,230,236,0,466,0,1,1,0.9484978540772532,0.9484978540772532,0.0,0.0,0.0,0.9484978540752178,442,24,0,0
sem_erro,random_forest,queda,100,15,15,311,311,156,155,0,311,0,1,1,0.8585209003215434,0.8585209003215434,0.0,0.0,0.0,0.8585209003187829,267,44,0,0
sem_erro,random_forest,queda,100,20,20,233,233,114,119,0,233,0,1,1,0.9527896995708155,0.9527896995708155,0.0,0.0,0.0,0.9527896995667263,222,11,0,0
sem_erro,random_forest,queda,100,25,25,187,187,92,95,0,187,0,1,1,0.9518716577540107,0.9518716577540107,0.0,0.0,0.0,0.9518716577489206,178,9,0,0
sem_erro,random_forest,queda,100,30,30,156,156,79,77,0,156,0,1,1,0.8589743589743589,0.8589743589743589,0.0,0.0,0.0,0.8589743589688528,134,22,0,0
sem_erro,random_forest,queda,100,35,35,133,133,67,66,0,133,0,1,1,0.8646616541353384,0.8646616541353384,0.0,0.0,0.0,0.8646616541288372,115,18,0,0
sem_erro,random_forest,queda,100,40,40,117,117,56,61,0,117,0,1,1,0.9572649572649573,0.9572649572649573,0.0,0.0,0.0,0.9572649572567755,112,5,0,0
sem_erro,random_forest,queda,100,45,45,104,104,51,53,0,104,0,1,1,0.8653846153846154,0.8653846153846154,0.0,0.0,0.0,0.8653846153762943,90,14,0,0
sem_erro,random_forest,queda,100,50,50,94,94,44,50,0,94,0,2,2,0.9361702127659575,0.9361702127659575,0.0,0.0,0.0,0.9361702127559981,88,6,0,0
sem_erro,random_forest,queda,100,55,55,85,85,41,44,0,85,0,1,1,0.8705882352941177,0.8705882352941177,0.0,0.0,0.0,0.8705882352838754,74,11,0,0
sem_erro,random_forest,queda,100,60,60,78,78,40,38,0,78,0,1,1,0.8589743589743589,0.8589743589743589,0.0,0.0,0.0,0.8589743589633464,67,11,0,0
sem_erro,random_forest,queda,100,65,65,72,72,35,37,0,72,0,1,1,0.8611111111111112,0.8611111111111112,0.0,0.0,0.0,0.8611111110991512,62,10,0,0
sem_erro,random_forest,queda,100,70,70,67,67,34,33,0,67,0,1,1,0.8656716417910447,0.8656716417910447,0.0,0.0,0.0,0.8656716417781243,58,9,0,0
sem_erro,random_forest,queda,100,75,75,63,63,31,32,0,63,0,1,1,0.873015873015873,0.873015873015873,0.0,0.0,0.0,0.8730158730020157,55,8,0,0
sem_erro,random_forest,queda,100,80,80,59,59,28,31,0,59,0,0,0,1.0,1.0,0.0,0.0,0.0,0.9999999999830509,59,0,0,0
sem_erro,random_forest,queda,100,85,85,55,55,28,27,0,55,0,1,1,0.8545454545454545,0.8545454545454545,0.0,0.0,0.0,0.8545454545299174,47,8,0,0
sem_erro,random_forest,queda,100,90,90,52,52,26,26,0,52,0,1,1,0.9615384615384616,0.9615384615384616,0.0,0.0,0.0,0.9615384615199705,50,2,0,0
sem_erro,random_forest,queda,100,95,95,49,49,23,26,0,49,0,1,1,0.8775510204081632,0.8775510204081632,0.0,0.0,0.0,0.8775510203902541,43,6,0,0
sem_erro,random_forest,queda,100,100,100,47,47,21,26,0,47,0,0,0,1.0,1.0,0.0,0.0,0.0,0.9999999999787235,47,0,0,0
sem_erro,xgboost,lacuna,20,5,5,947,947,283,664,0,947,0,0,0,1.0,1.0,0.0,0.0,0.0,0.9999999999989441,947,0,0,0
sem_erro,xgboost,lacuna,20,10,10,474,474,144,330,0,474,0,0,0,1.0,1.0,0.0,0.0,0.0,0.9999999999978904,474,0,0,0
sem_erro,xgboost,lacuna,20,15,15,316,316,96,220,0,316,0,0,0,1.0,1.0,0.0,0.0,0.0,0.9999999999968355,316,0,0,0
sem_erro,xgboost,lacuna,20,20,20,237,237,72,165,0,237,0,0,0,1.0,1.0,0.0,0.0,0.0,0.9999999999957806,237,0,0,0
sem_erro,xgboost,lacuna,30,5,5,945,945,321,624,0,945,0,0,0,1.0,1.0,0.0,0.0,0.0,0.9999999999989418,945,0,0,0
sem_erro,xgboost,lacuna,30,10,10,473,473,163,310,0,473,0,0,0,1.0,1.0,0.0,0.0,0.0,0.9999999999978858,473,0,0,0
sem_erro,xgboost,lacuna,30,15,15,315,315,106,209,0,315,0,0,0,1.0,1.0,0.0,0.0,0.0,0.9999999999968254,315,0,0,0
sem_erro,xgboost,lacuna,30,20,20,237,237,82,155,0,237,0,0,0,1.0,1.0,0.0,0.0,0.0,0.9999999999957806,237,0,0,0
sem_erro,xgboost,lacuna,30,25,25,189,189,68,121,0,189,0,0,0,1.0,1.0,0.0,0.0,0.0,0.999999999994709,189,0,0,0
sem_erro,xgboost,lacuna,30,30,30,158,158,55,103,0,158,0,0,0,1.0,1.0,0.0,0.0,0.0,0.999999999993671,158,0,0,0
sem_erro,xgboost,lacuna,40,5,5,943,943,359,584,0,943,0,0,0,1.0,1.0,0.0,0.0,0.0,0.9999999999989395,943,0,0,0
sem_erro,xgboost,lacuna,40,10,10,472,472,182,290,0,472,0,0,0,1.0,1.0,0.0,0.0,0.0,0.9999999999978814,472,0,0,0
sem_erro,xgboost,lacuna,40,15,15,315,315,121,194,0,315,0,0,0,1.0,1.0,0.0,0.0,0.0,0.9999999999968254,315,0,0,0
sem_erro,xgboost,lacuna,40,20,20,236,236,91,145,0,236,0,0,0,1.0,1.0,0.0,0.0,0.0,0.9999999999957627,236,0,0,0
sem_erro,xgboost,lacuna,40,25,25,189,189,73,116,0,189,0,0,0,1.0,1.0,0.0,0.0,0.0,0.999999999994709,189,0,0,0
sem_erro,xgboost,lacuna,40,30,30,158,158,60,98,0,158,0,0,0,1.0,1.0,0.0,0.0,0.0,0.999999999993671,158,0,0,0
sem_erro,xgboost,lacuna,40,35,35,135,135,51,84,0,135,0,0,0,1.0,1.0,0.0,0.0,0.0,0.9999999999925927,135,0,0,0
sem_erro,xgboost,lacuna,40,40,40,118,118,46,72,0,118,0,0,0,1.0,1.0,0.0,0.0,0.0,0.9999999999915254,118,0,0,0
sem_erro,xgboost,lacuna,50,5,5,941,941,394,547,0,941,0,0,0,1.0,1.0,0.0,0.0,0.0,0.9999999999989373,941,0,0,0
sem_erro,xgboost,lacuna,50,10,10,471,471,199,272,0,471,0,0,0,1.0,1.0,0.0,0.0,0.0,0.9999999999978769,471,0,0,0
sem_erro,xgboost,lacuna,50,15,15,314,314,132,182,0,314,0,0,0,1.0,1.0,0.0,0.0,0.0,0.9999999999968153,314,0,0,0
sem_erro,xgboost,lacuna,50,20,20,236,236,99,137,0,236,0,0,0,1.0,1.0,0.0,0.0,0.0,0.9999999999957627,236,0,0,0
sem_erro,xgboost,lacuna,50,25,25,189,189,85,104,0,189,0,0,0,1.0,1.0,0.0,0.0,0.0,0.999999999994709,189,0,0,0
sem_erro,xgboost,lacuna,50,30,30,157,157,66,91,0,157,0,0,0,1.0,1.0,0.0,0.0,0.0,0.9999999999936307,157,0,0,0
sem_erro,xgboost,lacuna,50,35,35,135,135,58,77,0,135,0,0,0,1.0,1.0,0.0,0.0,0.0,0.9999999999925927,135,0,0,0
sem_erro,xgboost,lacuna,50,40,40,118,118,48,70,0,118,0,0,0,1.0,1.0,0.0,0.0,0.0,0.9999999999915254,118,0,0,0
sem_erro,xgboost,lacuna,50,45,45,105,105,41,64,0,105,0,0,0,1.0,1.0,0.0,0.0,0.0,0.9999999999904762,105,0,0,0
sem_erro,xgboost,lacuna,50,50,50,95,95,43,52,0,95,0,0,0,1.0,1.0,0.0,0.0,0.0,0.9999999999894736,95,0,0,0
sem_erro,xgboost,lacuna,60,5,5,939,939,428,511,0,939,0,0,0,1.0,1.0,0.0,0.0,0.0,0.9999999999989351,939,0,0,0
sem_erro,xgboost,lacuna,60,10,10,470,470,216,254,0,470,0,0,0,1.0,1.0,0.0,0.0,0.0,0.9999999999978724,470,0,0,0
sem_erro,xgboost,lacuna,60,15,15,313,313,141,172,0,313,0,0,0,1.0,1.0,0.0,0.0,0.0,0.9999999999968051,313,0,0,0
sem_erro,xgboost,lacuna,60,20,20,235,235,108,127,0,235,0,0,0,1.0,1.0,0.0,0.0,0.0,0.9999999999957447,235,0,0,0
sem_erro,xgboost,lacuna,60,25,25,188,188,89,99,0,188,0,0,0,1.0,1.0,0.0,0.0,0.0,0.9999999999946809,188,0,0,0
sem_erro,xgboost,lacuna,60,30,30,157,157,72,85,0,157,0,0,0,1.0,1.0,0.0,0.0,0.0,0.9999999999936307,157,0,0,0
sem_erro,xgboost,lacuna,60,35,35,135,135,60,75,0,135,0,0,0,1.0,1.0,0.0,0.0,0.0,0.9999999999925927,135,0,0,0
sem_erro,xgboost,lacuna,60,40,40,118,118,53,65,0,118,0,0,0,1.0,1.0,0.0,0.0,0.0,0.9999999999915254,118,0,0,0
sem_erro,xgboost,lacuna,60,45,45,105,105,48,57,0,105,0,0,0,1.0,1.0,0.0,0.0,0.0,0.9999999999904762,105,0,0,0
sem_erro,xgboost,lacuna,60,50,50,94,94,47,47,0,94,0,0,0,1.0,1.0,0.0,0.0,0.0,0.9999999999893616,94,0,0,0
sem_erro,xgboost,lacuna,60,55,55,86,86,40,46,0,86,0,0,0,1.0,1.0,0.0,0.0,0.0,0.9999999999883721,86,0,0,0
sem_erro,xgboost,lacuna,60,60,60,79,79,34,45,0,79,0,0,0,1.0,1.0,0.0,0.0,0.0,0.9999999999873417,79,0,0,0
sem_erro,xgboost,lacuna,70,5,5,937,937,462,475,0,937,0,0,0,1.0,1.0,0.0,0.0,0.0,0.9999999999989327,937,0,0,0
sem_erro,xgboost,lacuna,70,10,10,469,469,233,236,0,469,0,0,0,1.0,1.0,0.0,0.0,0.0,0.9999999999978678,469,0,0,0
sem_erro,xgboost,lacuna,70,15,15,313,313,155,158,0,313,0,0,0,1.0,1.0,0.0,0.0,0.0,0.9999999999968051,313,0,0,0
sem_erro,xgboost,lacuna,70,20,20,235,235,116,119,0,235,0,0,0,1.0,1.0,0.0,0.0,0.0,0.9999999999957447,235,0,0,0
sem_erro,xgboost,lacuna,70,25,25,188,188,95,93,0,188,0,0,0,1.0,1.0,0.0,0.0,0.0,0.9999999999946809,188,0,0,0
sem_erro,xgboost,lacuna,70,30,30,157,157,77,80,0,157,0,0,0,1.0,1.0,0.0,0.0,0.0,0.9999999999936307,157,0,0,0
sem_erro,xgboost,lacuna,70,35,35,134,134,63,71,0,134,0,0,0,1.0,1.0,0.0,0.0,0.0,0.9999999999925374,134,0,0,0
sem_erro,xgboost,lacuna,70,40,40,118,118,59,59,0,118,0,0,0,1.0,1.0,0.0,0.0,0.0,0.9999999999915254,118,0,0,0
sem_erro,xgboost,lacuna,70,45,45,105,105,52,53,0,105,0,0,0,1.0,1.0,0.0,0.0,0.0,0.9999999999904762,105,0,0,0
sem_erro,xgboost,lacuna,70,50,50,94,94,50,44,0,94,0,0,0,1.0,1.0,0.0,0.0,0.0,0.9999999999893616,94,0,0,0
sem_erro,xgboost,lacuna,70,55,55,86,86,43,43,0,86,0,0,0,1.0,1.0,0.0,0.0,0.0,0.9999999999883721,86,0,0,0
sem_erro,xgboost,lacuna,70,60,60,79,79,37,42,0,79,0,0,0,1.0,1.0,0.0,0.0,0.0,0.9999999999873417,79,0,0,0
sem_erro,xgboost,lacuna,70,65,65,73,73,38,35,0,73,0,0,0,1.0,1.0,0.0,0.0,0.0,0.9999999999863013,73,0,0,0
sem_erro,xgboost,lacuna,70,70,70,67,67,29,38,0,67,0,0,0,1.0,1.0,0.0,0.0,0.0,0.9999999999850746,67,0,0,0
sem_erro,xgboost,lacuna,80,5,5,935,935,494,441,0,935,0,0,0,1.0,1.0,0.0,0.0,0.0,0.9999999999989305,935,0,0,0
sem_erro,xgboost,lacuna,80,10,10,468,468,249,219,0,468,0,0,0,1.0,1.0,0.0,0.0,0.0,0.9999999999978633,468,0,0,0
sem_erro,xgboost,lacuna,80,15,15,312,312,166,146,0,312,0,0,0,1.0,1.0,0.0,0.0,0.0,0.9999999999967949,312,0,0,0
sem_erro,xgboost,lacuna,80,20,20,234,234,125,109,0,234,0,0,0,1.0,1.0,0.0,0.0,0.0,0.9999999999957265,234,0,0,0
sem_erro,xgboost,lacuna,80,25,25,187,187,102,85,0,187,0,0,0,1.0,1.0,0.0,0.0,0.0,0.9999999999946525,187,0,0,0
sem_erro,xgboost,lacuna,80,30,30,156,156,83,73,0,156,0,0,0,1.0,1.0,0.0,0.0,0.0,0.9999999999935898,156,0,0,0
sem_erro,xgboost,lacuna,80,35,35,134,134,71,63,0,134,0,0,0,1.0,1.0,0.0,0.0,0.0,0.9999999999925374,134,0,0,0
sem_erro,xgboost,lacuna,80,40,40,117,117,63,54,0,117,0,0,0,1.0,1.0,0.0,0.0,0.0,0.999999999991453,117,0,0,0
sem_erro,xgboost,lacuna,80,45,45,104,104,53,51,0,104,0,0,0,1.0,1.0,0.0,0.0,0.0,0.9999999999903846,104,0,0,0
sem_erro,xgboost,lacuna,80,50,50,94,94,52,42,0,94,0,0,0,1.0,1.0,0.0,0.0,0.0,0.9999999999893616,94,0,0,0
sem_erro,xgboost,lacuna,80,55,55,85,85,45,40,0,85,0,0,0,1.0,1.0,0.0,0.0,0.0,0.9999999999882353,85,0,0,0
sem_erro,xgboost,lacuna,80,60,60,78,78,42,36,0,78,0,0,0,1.0,1.0,0.0,0.0,0.0,0.9999999999871795,78,0,0,0
sem_erro,xgboost,lacuna,80,65,65,72,72,38,34,0,72,0,0,0,1.0,1.0,0.0,0.0,0.0,0.9999999999861111,72,0,0,0
sem_erro,xgboost,lacuna,80,70,70,67,67,34,33,0,67,0,0,0,1.0,1.0,0.0,0.0,0.0,0.9999999999850746,67,0,0,0
sem_erro,xgboost,lacuna,80,75,75,63,63,34,29,0,63,0,0,0,1.0,1.0,0.0,0.0,0.0,0.999999999984127,63,0,0,0
sem_erro,xgboost,lacuna,80,80,80,59,59,32,27,0,59,0,0,0,1.0,1.0,0.0,0.0,0.0,0.9999999999830509,59,0,0,0
sem_erro,xgboost,lacuna,90,5,5,933,933,526,407,0,933,0,0,0,1.0,1.0,0.0,0.0,0.0,0.9999999999989282,933,0,0,0
sem_erro,xgboost,lacuna,90,10,10,467,467,265,202,0,467,0,0,0,1.0,1.0,0.0,0.0,0.0,0.9999999999978587,467,0,0,0
sem_erro,xgboost,lacuna,90,15,15,311,311,174,137,0,311,0,0,0,1.0,1.0,0.0,0.0,0.0,0.9999999999967846,311,0,0,0
sem_erro,xgboost,lacuna,90,20,20,234,234,132,102,0,234,0,0,0,1.0,1.0,0.0,0.0,0.0,0.9999999999957265,234,0,0,0
sem_erro,xgboost,lacuna,90,25,25,187,187,106,81,0,187,0,0,0,1.0,1.0,0.0,0.0,0.0,0.9999999999946525,187,0,0,0
sem_erro,xgboost,lacuna,90,30,30,156,156,88,68,0,156,0,0,0,1.0,1.0,0.0,0.0,0.0,0.9999999999935898,156,0,0,0
sem_erro,xgboost,lacuna,90,35,35,134,134,76,58,0,134,0,0,0,1.0,1.0,0.0,0.0,0.0,0.9999999999925374,134,0,0,0
sem_erro,xgboost,lacuna,90,40,40,117,117,65,52,0,117,0,0,0,1.0,1.0,0.0,0.0,0.0,0.999999999991453,117,0,0,0
sem_erro,xgboost,lacuna,90,45,45,104,104,55,49,0,104,0,0,0,1.0,1.0,0.0,0.0,0.0,0.9999999999903846,104,0,0,0
sem_erro,xgboost,lacuna,90,50,50,94,94,52,42,0,94,0,0,0,1.0,1.0,0.0,0.0,0.0,0.9999999999893616,94,0,0,0
sem_erro,xgboost,lacuna,90,55,55,85,85,46,39,0,85,0,0,0,1.0,1.0,0.0,0.0,0.0,0.9999999999882353,85,0,0,0
sem_erro,xgboost,lacuna,90,60,60,78,78,45,33,0,78,0,0,0,1.0,1.0,0.0,0.0,0.0,0.9999999999871795,78,0,0,0
sem_erro,xgboost,lacuna,90,65,65,72,72,40,32,0,72,0,0,0,1.0,1.0,0.0,0.0,0.0,0.9999999999861111,72,0,0,0
sem_erro,xgboost,lacuna,90,70,70,67,67,37,30,0,67,0,0,0,1.0,1.0,0.0,0.0,0.0,0.9999999999850746,67,0,0,0
sem_erro,xgboost,lacuna,90,75,75,63,63,36,27,0,63,0,0,0,1.0,1.0,0.0,0.0,0.0,0.999999999984127,63,0,0,0
sem_erro,xgboost,lacuna,90,80,80,59,59,33,26,0,59,0,0,0,1.0,1.0,0.0,0.0,0.0,0.9999999999830509,59,0,0,0
sem_erro,xgboost,lacuna,90,85,85,55,55,31,24,0,55,0,0,0,1.0,1.0,0.0,0.0,0.0,0.9999999999818182,55,0,0,0
sem_erro,xgboost,lacuna,90,90,90,52,52,26,26,0,52,0,0,0,1.0,1.0,0.0,0.0,0.0,0.9999999999807693,52,0,0,0
sem_erro,xgboost,lacuna,100,5,5,931,931,555,376,0,931,0,0,0,1.0,1.0,0.0,0.0,0.0,0.9999999999989259,931,0,0,0
sem_erro,xgboost,lacuna,100,10,10,466,466,279,187,0,466,0,0,0,1.0,1.0,0.0,0.0,0.0,0.999999999997854,466,0,0,0
sem_erro,xgboost,lacuna,100,15,15,311,311,187,124,0,311,0,0,0,1.0,1.0,0.0,0.0,0.0,0.9999999999967846,311,0,0,0
sem_erro,xgboost,lacuna,100,20,20,233,233,139,94,0,233,0,0,0,1.0,1.0,0.0,0.0,0.0,0.9999999999957082,233,0,0,0
sem_erro,xgboost,lacuna,100,25,25,187,187,115,72,0,187,0,0,0,1.0,1.0,0.0,0.0,0.0,0.9999999999946525,187,0,0,0
sem_erro,xgboost,lacuna,100,30,30,156,156,93,63,0,156,0,0,0,1.0,1.0,0.0,0.0,0.0,0.9999999999935898,156,0,0,0
sem_erro,xgboost,lacuna,100,35,35,133,133,78,55,0,133,0,0,0,1.0,1.0,0.0,0.0,0.0,0.9999999999924812,133,0,0,0
sem_erro,xgboost,lacuna,100,40,40,117,117,69,48,0,117,0,0,0,1.0,1.0,0.0,0.0,0.0,0.999999999991453,117,0,0,0
sem_erro,xgboost,lacuna,100,45,45,104,104,62,42,0,104,0,0,0,1.0,1.0,0.0,0.0,0.0,0.9999999999903846,104,0,0,0
sem_erro,xgboost,lacuna,100,50,50,94,94,58,36,0,94,0,0,0,1.0,1.0,0.0,0.0,0.0,0.9999999999893616,94,0,0,0
sem_erro,xgboost,lacuna,100,55,55,85,85,51,34,0,85,0,0,0,1.0,1.0,0.0,0.0,0.0,0.9999999999882353,85,0,0,0
sem_erro,xgboost,lacuna,100,60,60,78,78,47,31,0,78,0,0,0,1.0,1.0,0.0,0.0,0.0,0.9999999999871795,78,0,0,0
sem_erro,xgboost,lacuna,100,65,65,72,72,42,30,0,72,0,0,0,1.0,1.0,0.0,0.0,0.0,0.9999999999861111,72,0,0,0
sem_erro,xgboost,lacuna,100,70,70,67,67,40,27,0,67,0,0,0,1.0,1.0,0.0,0.0,0.0,0.9999999999850746,67,0,0,0
sem_erro,xgboost,lacuna,100,75,75,63,63,39,24,0,63,0,0,0,1.0,1.0,0.0,0.0,0.0,0.999999999984127,63,0,0,0
sem_erro,xgboost,lacuna,100,80,80,59,59,35,24,0,59,0,0,0,1.0,1.0,0.0,0.0,0.0,0.9999999999830509,59,0,0,0
sem_erro,xgboost,lacuna,100,85,85,55,55,33,22,0,55,0,0,0,1.0,1.0,0.0,0.0,0.0,0.9999999999818182,55,0,0,0
sem_erro,xgboost,lacuna,100,90,90,52,52,29,23,0,52,0,0,0,1.0,1.0,0.0,0.0,0.0,0.9999999999807693,52,0,0,0
sem_erro,xgboost,lacuna,100,95,95,49,49,26,23,0,49,0,0,0,1.0,1.0,0.0,0.0,0.0,0.9999999999795919,49,0,0,0
sem_erro,xgboost,lacuna,100,100,100,47,47,28,19,0,47,0,0,0,1.0,1.0,0.0,0.0,0.0,0.9999999999787235,47,0,0,0
sem_erro,xgboost,oscilacao,20,5,5,947,947,366,581,0,947,0,18,18,0.9577613516367476,0.9577613516367476,0.0,0.0,0.0,0.9577613516357363,907,40,0,0
sem_erro,xgboost,oscilacao,20,10,10,474,474,181,293,0,474,0,12,12,0.9620253164556962,0.9620253164556962,0.0,0.0,0.0,0.9620253164536666,456,18,0,0
sem_erro,xgboost,oscilacao,20,15,15,316,316,123,193,0,316,0,10,10,0.9462025316455697,0.9462025316455697,0.0,0.0,0.0,0.9462025316425754,299,17,0,0
sem_erro,xgboost,oscilacao,20,20,20,237,237,89,148,0,237,0,12,12,0.9282700421940928,0.9282700421940928,0.0,0.0,0.0,0.9282700421901762,220,17,0,0
sem_erro,xgboost,oscilacao,30,5,5,945,945,400,545,0,945,0,21,21,0.928042328042328,0.928042328042328,0.0,0.0,0.0,0.928042328041346,877,68,0,0
sem_erro,xgboost,oscilacao,30,10,10,473,473,198,275,0,473,0,11,11,0.9492600422832981,0.9492600422832981,0.0,0.0,0.0,0.9492600422812912,449,24,0,0
sem_erro,xgboost,oscilacao,30,15,15,315,315,134,181,0,315,0,18,18,0.8603174603174604,0.8603174603174604,0.0,0.0,0.0,0.8603174603147292,271,44,0,0
sem_erro,xgboost,oscilacao,30,20,20,237,237,102,135,0,237,0,14,14,0.8987341772151899,0.8987341772151899,0.0,0.0,0.0,0.8987341772113978,213,24,0,0
sem_erro,xgboost,oscilacao,30,25,25,189,189,78,111,0,189,0,14,14,0.8994708994708994,0.8994708994708994,0.0,0.0,0.0,0.8994708994661404,170,19,0,0
sem_erro,xgboost,oscilacao,30,30,30,158,158,65,93,0,158,0,9,9,0.8924050632911392,0.8924050632911392,0.0,0.0,0.0,0.8924050632854912,141,17,0,0
sem_erro,xgboost,oscilacao,40,5,5,943,943,432,511,0,943,0,20,20,0.9204665959703076,0.9204665959703076,0.0,0.0,0.0,0.9204665959693314,868,75,0,0
sem_erro,xgboost,oscilacao,40,10,10,472,472,214,258,0,472,0,13,13,0.9216101694915254,0.9216101694915254,0.0,0.0,0.0,0.9216101694895729,435,37,0,0
sem_erro,xgboost,oscilacao,40,15,15,315,315,143,172,0,315,0,9,9,0.9206349206349206,0.9206349206349206,0.0,0.0,0.0,0.920634920631998,290,25,0,0
sem_erro,xgboost,oscilacao,40,20,20,236,236,106,130,0,236,0,11,11,0.8898305084745762,0.8898305084745762,0.0,0.0,0.0,0.8898305084708058,210,26,0,0
sem_erro,xgboost,oscilacao,40,25,25,189,189,88,101,0,189,0,9,9,0.91005291005291,0.91005291005291,0.0,0.0,0.0,0.910052910048095,172,17,0,0
sem_erro,xgboost,oscilacao,40,30,30,158,158,70,88,0,158,0,6,6,0.9177215189873418,0.9177215189873418,0.0,0.0,0.0,0.9177215189815334,145,13,0,0
sem_erro,xgboost,oscilacao,40,35,35,135,135,60,75,0,135,0,8,8,0.8444444444444444,0.8444444444444444,0.0,0.0,0.0,0.8444444444381893,114,21,0,0
sem_erro,xgboost,oscilacao,40,40,40,118,118,52,66,0,118,0,9,9,0.8813559322033898,0.8813559322033898,0.0,0.0,0.0,0.8813559321959207,104,14,0,0
sem_erro,xgboost,oscilacao,50,5,5,941,941,463,478,0,941,0,17,17,0.8852284803400637,0.8852284803400637,0.0,0.0,0.0,0.885228480339123,833,108,0,0
sem_erro,xgboost,oscilacao,50,10,10,471,471,230,241,0,471,0,9,9,0.8683651804670913,0.8683651804670913,0.0,0.0,0.0,0.8683651804652477,409,62,0,0
sem_erro,xgboost,oscilacao,50,15,15,314,314,155,159,0,314,0,10,10,0.8980891719745223,0.8980891719745223,0.0,0.0,0.0,0.8980891719716622,282,32,0,0
sem_erro,xgboost,oscilacao,50,20,20,236,236,118,118,0,236,0,7,7,0.864406779661017,0.864406779661017,0.0,0.0,0.0,0.8644067796573542,204,32,0,0
sem_erro,xgboost,oscilacao,50,25,25,189,189,91,98,0,189,0,9,9,0.8941798941798942,0.8941798941798942,0.0,0.0,0.0,0.8941798941751631,169,20,0,0
sem_erro,xgboost,oscilacao,50,30,30,157,157,76,81,0,157,0,7,7,0.8471337579617835,0.8471337579617835,0.0,0.0,0.0,0.8471337579563878,133,24,0,0
sem_erro,xgboost,oscilacao,50,35,35,135,135,66,69,0,135,0,8,8,0.8296296296296296,0.8296296296296296,0.0,0.0,0.0,0.8296296296234843,112,23,0,0
sem_erro,xgboost,oscilacao,50,40,40,118,118,59,59,0,118,0,10,10,0.8050847457627118,0.8050847457627118,0.0,0.0,0.0,0.8050847457558891,95,23,0,0
sem_erro,xgboost,oscilacao,50,45,45,105,105,51,54,0,105,0,13,13,0.7904761904761904,0.7904761904761904,0.0,0.0,0.0,0.7904761904686621,83,22,0,0
sem_erro,xgboost,oscilacao,50,50,50,95,95,45,50,0,95,0,8,8,0.8315789473684211,0.8315789473684211,0.0,0.0,0.0,0.8315789473596675,79,16,0,0
sem_erro,xgboost,oscilacao,60,5,5,939,939,491,448,0,939,0,28,28,0.8019169329073482,0.8019169329073482,0.0,0.0,0.0,0.8019169329064942,753,186,0,0
sem_erro,xgboost,oscilacao,60,10,10,470,470,244,226,0,470,0,7,7,0.8595744680851064,0.8595744680851064,0.0,0.0,0.0,0.8595744680832775,404,66,0,0
sem_erro,xgboost,oscilacao,60,15,15,313,313,165,148,0,313,0,11,11,0.7220447284345048,0.7220447284345048,0.0,0.0,0.0,0.7220447284321979,226,87,0,0
sem_erro,xgboost,oscilacao,60,20,20,235,235,122,113,0,235,0,7,7,0.851063829787234,0.851063829787234,0.0,0.0,0.0,0.8510638297836125,200,35,0,0
sem_erro,xgboost,oscilacao,60,25,25,188,188,100,88,0,188,0,8,8,0.8351063829787234,0.8351063829787234,0.0,0.0,0.0,0.8351063829742814,157,31,0,0
sem_erro,xgboost,oscilacao,60,30,30,157,157,81,76,0,157,0,9,9,0.8089171974522293,0.8089171974522293,0.0,0.0,0.0,0.808917197447077,127,30,0,0
sem_erro,xgboost,oscilacao,60,35,35,135,135,71,64,0,135,0,9,9,0.8074074074074075,0.8074074074074075,0.0,0.0,0.0,0.8074074074014267,109,26,0,0
sem_erro,xgboost,oscilacao,60,40,40,118,118,62,56,0,118,0,11,11,0.788135593220339,0.788135593220339,0.0,0.0,0.0,0.7881355932136599,93,25,0,0
sem_erro,xgboost,oscilacao,60,45,45,105,105,55,50,0,105,0,9,9,0.7904761904761904,0.7904761904761904,0.0,0.0,0.0,0.7904761904686621,83,22,0,0
sem_erro,xgboost,oscilacao,60,50,50,94,94,47,47,0,94,0,9,9,0.7978723404255319,0.7978723404255319,0.0,0.0,0.0,0.7978723404170439,75,19,0,0
sem_erro,xgboost,oscilacao,60,55,55,86,86,45,41,0,86,0,8,8,0.7906976744186046,0.7906976744186046,0.0,0.0,0.0,0.7906976744094104,68,18,0,0
sem_erro,xgboost,oscilacao,60,60,60,79,79,42,37,0,79,0,6,6,0.8354430379746836,0.8354430379746836,0.0,0.0,0.0,0.8354430379641082,66,13,0,0
sem_erro,xgboost,oscilacao,70,5,5,937,937,515,422,0,937,0,8,8,0.8452508004268944,0.8452508004268944,0.0,0.0,0.0,0.8452508004259923,792,145,0,0
sem_erro,xgboost,oscilacao,70,10,10,469,469,256,213,0,469,0,8,8,0.8400852878464818,0.8400852878464818,0.0,0.0,0.0,0.8400852878446907,394,75,0,0
sem_erro,xgboost,oscilacao,70,15,15,313,313,171,142,0,313,0,6,6,0.8562300319488818,0.8562300319488818,0.0,0.0,0.0,0.8562300319461462,268,45,0,0
sem_erro,xgboost,oscilacao,70,20,20,235,235,131,104,0,235,0,11,11,0.8170212765957446,0.8170212765957446,0.0,0.0,0.0,0.8170212765922681,192,43,0,0
sem_erro,xgboost,oscilacao,70,25,25,188,188,104,84,0,188,0,7,7,0.8404255319148937,0.8404255319148937,0.0,0.0,0.0,0.8404255319104234,158,30,0,0
sem_erro,xgboost,oscilacao,70,30,30,157,157,83,74,0,157,0,8,8,0.8089171974522293,0.8089171974522293,0.0,0.0,0.0,0.808917197447077,127,30,0,0
sem_erro,xgboost,oscilacao,70,35,35,134,134,73,61,0,134,0,9,9,0.7611940298507462,0.7611940298507462,0.0,0.0,0.0,0.7611940298450658,102,32,0,0
sem_erro,xgboost,oscilacao,70,40,40,118,118,66,52,0,118,0,11,11,0.7627118644067796,0.7627118644067796,0.0,0.0,0.0,0.762711864400316,90,28,0,0
sem_erro,xgboost,oscilacao,70,45,45,105,105,56,49,0,105,0,7,7,0.8380952380952381,0.8380952380952381,0.0,0.0,0.0,0.8380952380872562,88,17,0,0
sem_erro,xgboost,oscilacao,70,50,50,94,94,50,44,0,94,0,7,7,0.8297872340425532,0.8297872340425532,0.0,0.0,0.0,0.8297872340337257,78,16,0,0
sem_erro,xgboost,oscilacao,70,55,55,86,86,47,39,0,86,0,9,9,0.7674418604651163,0.7674418604651163,0.0,0.0,0.0,0.7674418604561926,66,20,0,0
sem_erro,xgboost,oscilacao,70,60,60,79,79,44,35,0,79,0,8,8,0.7721518987341772,0.7721518987341772,0.0,0.0,0.0,0.7721518987244032,61,18,0,0
sem_erro,xgboost,oscilacao,70,65,65,73,73,42,31,0,73,0,8,8,0.7808219178082192,0.7808219178082192,0.0,0.0,0.0,0.780821917797523,57,16,0,0
sem_erro,xgboost,oscilacao,70,70,70,67,67,39,28,0,67,0,10,10,0.6567164179104478,0.6567164179104478,0.0,0.0,0.0,0.6567164179006459,44,23,0,0
sem_erro,xgboost,oscilacao,80,5,5,935,935,537,398,0,935,0,12,12,0.8320855614973262,0.8320855614973262,0.0,0.0,0.0,0.8320855614964363,778,157,0,0
sem_erro,xgboost,oscilacao,80,10,10,468,468,267,201,0,468,0,8,8,0.8205128205128205,0.8205128205128205,0.0,0.0,0.0,0.8205128205110673,384,84,0,0
sem_erro,xgboost,oscilacao,80,15,15,312,312,179,133,0,312,0,8,8,0.8237179487179487,0.8237179487179487,0.0,0.0,0.0,0.8237179487153087,257,55,0,0
sem_erro,xgboost,oscilacao,80,20,20,234,234,134,100,0,234,0,12,12,0.7777777777777778,0.7777777777777778,0.0,0.0,0.0,0.777777777774454,182,52,0,0
sem_erro,xgboost,oscilacao,80,25,25,187,187,106,81,0,187,0,12,12,0.7754010695187166,0.7754010695187166,0.0,0.0,0.0,0.7754010695145701,145,42,0,0
sem_erro,xgboost,oscilacao,80,30,30,156,156,88,68,0,156,0,11,11,0.6602564102564102,0.6602564102564102,0.0,0.0,0.0,0.6602564102521778,103,53,0,0
sem_erro,xgboost,oscilacao,80,35,35,134,134,77,57,0,134,0,9,9,0.8134328358208955,0.8134328358208955,0.0,0.0,0.0,0.8134328358148252,109,25,0,0
sem_erro,xgboost,oscilacao,80,40,40,117,117,67,50,0,117,0,10,10,0.7350427350427351,0.7350427350427351,0.0,0.0,0.0,0.7350427350364526,86,31,0,0
sem_erro,xgboost,oscilacao,80,45,45,104,104,57,47,0,104,0,8,8,0.7019230769230769,0.7019230769230769,0.0,0.0,0.0,0.7019230769163276,73,31,0,0
sem_erro,xgboost,oscilacao,80,50,50,94,94,51,43,0,94,0,11,11,0.7340425531914894,0.7340425531914894,0.0,0.0,0.0,0.7340425531836804,69,25,0,0
sem_erro,xgboost,oscilacao,80,55,55,85,85,48,37,0,85,0,8,8,0.788235294117647,0.788235294117647,0.0,0.0,0.0,0.7882352941083737,67,18,0,0
sem_erro,xgboost,oscilacao,80,60,60,78,78,45,33,0,78,0,8,8,0.7307692307692307,0.7307692307692307,0.0,0.0,0.0,0.7307692307598619,57,21,0,0
sem_erro,xgboost,oscilacao,80,65,65,72,72,42,30,0,72,0,10,10,0.6666666666666666,0.6666666666666666,0.0,0.0,0.0,0.6666666666574074,48,24,0,0
sem_erro,xgboost,oscilacao,80,70,70,67,67,39,28,0,67,0,8,8,0.6865671641791045,0.6865671641791045,0.0,0.0,0.0,0.6865671641688572,46,21,0,0
sem_erro,xgboost,oscilacao,80,75,75,63,63,35,28,0,63,0,13,13,0.6825396825396826,0.6825396825396826,0.0,0.0,0.0,0.6825396825288487,43,20,0,0
sem_erro,xgboost,oscilacao,80,80,80,59,59,34,25,0,59,0,5,5,0.7288135593220338,0.7288135593220338,0.0,0.0,0.0,0.7288135593096812,43,16,0,0
sem_erro,xgboost,oscilacao,90,5,5,933,933,559,374,0,933,0,16,16,0.804930332261522,0.804930332261522,0.0,0.0,0.0,0.8049303322606592,751,182,0,0
sem_erro,xgboost,oscilacao,90,10,10,467,467,278,189,0,467,0,9,9,0.7987152034261242,0.7987152034261242,0.0,0.0,0.0,0.7987152034244139,373,94,0,0
sem_erro,xgboost,oscilacao,90,15,15,311,311,187,124,0,311,0,13,13,0.7877813504823151,0.7877813504823151,0.0,0.0,0.0,0.787781350479782,245,66,0,0
sem_erro,xgboost,oscilacao,90,20,20,234,234,142,92,0,234,0,15,15,0.7008547008547008,0.7008547008547008,0.0,0.0,0.0,0.7008547008517058,164,70,0,0
sem_erro,xgboost,oscilacao,90,25,25,187,187,113,74,0,187,0,11,11,0.7807486631016043,0.7807486631016043,0.0,0.0,0.0,0.7807486630974292,146,41,0,0
sem_erro,xgboost,oscilacao,90,30,30,156,156,92,64,0,156,0,10,10,0.6217948717948718,0.6217948717948718,0.0,0.0,0.0,0.621794871790886,97,59,0,0
sem_erro,xgboost,oscilacao,90,35,35,134,134,82,52,0,134,0,12,12,0.7014925373134329,0.7014925373134329,0.0,0.0,0.0,0.7014925373081978,94,40,0,0
sem_erro,xgboost,oscilacao,90,40,40,117,117,71,46,0,117,0,9,9,0.7008547008547008,0.7008547008547008,0.0,0.0,0.0,0.7008547008487106,82,35,0,0
sem_erro,xgboost,oscilacao,90,45,45,104,104,61,43,0,104,0,14,14,0.7403846153846154,0.7403846153846154,0.0,0.0,0.0,0.7403846153774962,77,27,0,0
sem_erro,xgboost,oscilacao,90,50,50,94,94,56,38,0,94,0,8,8,0.7127659574468085,0.7127659574468085,0.0,0.0,0.0,0.7127659574392259,67,27,0,0
sem_erro,xgboost,oscilacao,90,55,55,85,85,48,37,0,85,0,6,6,0.788235294117647,0.788235294117647,0.0,0.0,0.0,0.7882352941083737,67,18,0,0
sem_erro,xgboost,oscilacao,90,60,60,78,78,47,31,0,78,0,9,9,0.6410256410256411,0.6410256410256411,0.0,0.0,0.0,0.6410256410174228,50,28,0,0
sem_erro,xgboost,oscilacao,90,65,65,72,72,44,28,0,72,0,9,9,0.5833333333333334,0.5833333333333334,0.0,0.0,0.0,0.5833333333252314,42,30,0,0
sem_erro,xgboost,oscilacao,90,70,70,67,67,40,27,0,67,0,8,8,0.7014925373134329,0.7014925373134329,0.0,0.0,0.0,0.7014925373029628,47,20,0,0
sem_erro,xgboost,oscilacao,90,75,75,63,63,37,26,0,63,0,13,13,0.5396825396825397,0.5396825396825397,0.0,0.0,0.0,0.5396825396739733,34,29,0,0
sem_erro,xgboost,oscilacao,90,80,80,59,59,36,23,0,59,0,5,5,0.7288135593220338,0.7288135593220338,0.0,0.0,0.0,0.7288135593096812,43,16,0,0
sem_erro,xgboost,oscilacao,90,85,85,55,55,31,24,0,55,0,5,5,0.7272727272727273,0.7272727272727273,0.0,0.0,0.0,0.7272727272595042,40,15,0,0
sem_erro,xgboost,oscilacao,90,90,90,52,52,29,23,0,52,0,10,10,0.6153846153846154,0.6153846153846154,0.0,0.0,0.0,0.6153846153727811,32,20,0,0
sem_erro,xgboost,oscilacao,100,5,5,931,931,580,351,0,931,0,11,11,0.7873254564983888,0.7873254564983888,0.0,0.0,0.0,0.7873254564975432,733,198,0,0
sem_erro,xgboost,oscilacao,100,10,10,466,466,289,177,0,466,0,9,9,0.7639484978540773,0.7639484978540773,0.0,0.0,0.0,0.7639484978524379,356,110,0,0
sem_erro,xgboost,oscilacao,100,15,15,311,311,193,118,0,311,0,13,13,0.8135048231511254,0.8135048231511254,0.0,0.0,0.0,0.8135048231485097,253,58,0,0
sem_erro,xgboost,oscilacao,100,20,20,233,233,145,88,0,233,0,10,10,0.7167381974248928,0.7167381974248928,0.0,0.0,0.0,0.7167381974218167,167,66,0,0
sem_erro,xgboost,oscilacao,100,25,25,187,187,115,72,0,187,0,13,13,0.8074866310160428,0.8074866310160428,0.0,0.0,0.0,0.8074866310117247,151,36,0,0
sem_erro,xgboost,oscilacao,100,30,30,156,156,94,62,0,156,0,10,10,0.7628205128205128,0.7628205128205128,0.0,0.0,0.0,0.762820512815623,119,37,0,0
sem_erro,xgboost,oscilacao,100,35,35,133,133,82,51,0,133,0,8,8,0.7142857142857143,0.7142857142857143,0.0,0.0,0.0,0.7142857142803438,95,38,0,0
sem_erro,xgboost,oscilacao,100,40,40,117,117,73,44,0,117,0,10,10,0.6752136752136753,0.6752136752136753,0.0,0.0,0.0,0.6752136752079041,79,38,0,0
sem_erro,xgboost,oscilacao,100,45,45,104,104,65,39,0,104,0,16,16,0.6057692307692307,0.6057692307692307,0.0,0.0,0.0,0.605769230763406,63,41,0,0
sem_erro,xgboost,oscilacao,100,50,50,94,94,57,37,0,94,0,5,5,0.7659574468085106,0.7659574468085106,0.0,0.0,0.0,0.7659574468003622,72,22,0,0
sem_erro,xgboost,oscilacao,100,55,55,85,85,50,35,0,85,0,6,6,0.6470588235294118,0.6470588235294118,0.0,0.0,0.0,0.6470588235217993,55,30,0,0
sem_erro,xgboost,oscilacao,100,60,60,78,78,47,31,0,78,0,8,8,0.6025641025641025,0.6025641025641025,0.0,0.0,0.0,0.6025641025563774,47,31,0,0
sem_erro,xgboost,oscilacao,100,65,65,72,72,44,28,0,72,0,9,9,0.5972222222222222,0.5972222222222222,0.0,0.0,0.0,0.5972222222139274,43,29,0,0
sem_erro,xgboost,oscilacao,100,70,70,67,67,40,27,0,67,0,8,8,0.746268656716418,0.746268656716418,0.0,0.0,0.0,0.7462686567052795,50,17,0,0
sem_erro,xgboost,oscilacao,100,75,75,63,63,38,25,0,63,0,10,10,0.6507936507936508,0.6507936507936508,0.0,0.0,0.0,0.6507936507833207,41,22,0,0
sem_erro,xgboost,oscilacao,100,80,80,59,59,37,22,0,59,0,5,5,0.6949152542372882,0.6949152542372882,0.0,0.0,0.0,0.6949152542255099,41,18,0,0
sem_erro,xgboost,oscilacao,100,85,85,55,55,33,22,0,55,0,9,9,0.5818181818181818,0.5818181818181818,0.0,0.0,0.0,0.5818181818076034,32,23,0,0
sem_erro,xgboost,oscilacao,100,90,90,52,52,31,21,0,52,0,10,10,0.6538461538461539,0.6538461538461539,0.0,0.0,0.0,0.6538461538335799,34,18,0,0
sem_erro,xgboost,oscilacao,100,95,95,49,49,32,17,0,49,0,7,7,0.5714285714285714,0.5714285714285714,0.0,0.0,0.0,0.5714285714169096,28,21,0,0
sem_erro,xgboost,oscilacao,100,100,100,47,47,27,20,0,47,0,3,3,0.574468085106383,0.574468085106383,0.0,0.0,0.0,0.5744680850941603,27,20,0,0
sem_erro,xgboost,queda,20,5,5,947,947,221,726,0,947,0,1,1,0.9651531151003168,0.9651531151003168,0.0,0.0,0.0,0.9651531150992977,914,33,0,0
sem_erro,xgboost,queda,20,10,10,474,474,111,363,0,474,0,1,1,0.9662447257383966,0.9662447257383966,0.0,0.0,0.0,0.9662447257363581,458,16,0,0
sem_erro,xgboost,queda,20,15,15,316,316,71,245,0,316,0,2,2,0.9620253164556962,0.9620253164556962,0.0,0.0,0.0,0.9620253164526519,304,12,0,0
sem_erro,xgboost,queda,20,20,20,237,237,55,182,0,237,0,1,1,0.9662447257383966,0.9662447257383966,0.0,0.0,0.0,0.9662447257343196,229,8,0,0
sem_erro,xgboost,queda,30,5,5,945,945,261,684,0,945,0,1,1,0.9629629629629629,0.9629629629629629,0.0,0.0,0.0,0.962962962961944,910,35,0,0
sem_erro,xgboost,queda,30,10,10,473,473,131,342,0,473,0,1,1,0.9640591966173362,0.9640591966173362,0.0,0.0,0.0,0.964059196615298,456,17,0,0
sem_erro,xgboost,queda,30,15,15,315,315,87,228,0,315,0,1,1,0.9619047619047619,0.9619047619047619,0.0,0.0,0.0,0.9619047619017083,303,12,0,0
sem_erro,xgboost,queda,30,20,20,237,237,69,168,0,237,0,2,2,0.9578059071729957,0.9578059071729957,0.0,0.0,0.0,0.9578059071689544,227,10,0,0
sem_erro,xgboost,queda,30,25,25,189,189,49,140,0,189,0,1,1,0.9629629629629629,0.9629629629629629,0.0,0.0,0.0,0.962962962957868,182,7,0,0
sem_erro,xgboost,queda,30,30,30,158,158,44,114,0,158,0,1,1,0.9683544303797469,0.9683544303797469,0.0,0.0,0.0,0.9683544303736181,153,5,0,0
sem_erro,xgboost,queda,40,5,5,943,943,300,643,0,943,0,1,1,0.9607635206786851,0.9607635206786851,0.0,0.0,0.0,0.9607635206776662,906,37,0,0
sem_erro,xgboost,queda,40,10,10,472,472,151,321,0,472,0,1,1,0.961864406779661,0.961864406779661,0.0,0.0,0.0,0.9618644067776232,454,18,0,0
sem_erro,xgboost,queda,40,15,15,315,315,102,213,0,315,0,1,1,0.9587301587301588,0.9587301587301588,0.0,0.0,0.0,0.9587301587271152,302,13,0,0
sem_erro,xgboost,queda,40,20,20,236,236,75,161,0,236,0,1,1,0.961864406779661,0.961864406779661,0.0,0.0,0.0,0.9618644067755854,227,9,0,0
sem_erro,xgboost,queda,40,25,25,189,189,58,131,0,189,0,1,1,0.9629629629629629,0.9629629629629629,0.0,0.0,0.0,0.962962962957868,182,7,0,0
sem_erro,xgboost,queda,40,30,30,158,158,54,104,0,158,0,1,1,0.9620253164556962,0.9620253164556962,0.0,0.0,0.0,0.9620253164496075,152,6,0,0
sem_erro,xgboost,queda,40,35,35,135,135,44,91,0,135,0,2,2,0.9851851851851852,0.9851851851851852,0.0,0.0,0.0,0.9851851851778876,133,2,0,0
sem_erro,xgboost,queda,40,40,40,118,118,35,83,0,118,0,1,1,0.9576271186440678,0.9576271186440678,0.0,0.0,0.0,0.9576271186359523,113,5,0,0
sem_erro,xgboost,queda,50,5,5,941,941,337,604,0,941,0,1,1,0.9585547290116897,0.9585547290116897,0.0,0.0,0.0,0.9585547290106711,902,39,0,0
sem_erro,xgboost,queda,50,10,10,471,471,169,302,0,471,0,1,1,0.9596602972399151,0.9596602972399151,0.0,0.0,0.0,0.9596602972378776,452,19,0,0
sem_erro,xgboost,queda,50,15,15,314,314,110,204,0,314,0,1,1,0.9585987261146497,0.9585987261146497,0.0,0.0,0.0,0.9585987261115968,301,13,0,0
sem_erro,xgboost,queda,50,20,20,236,236,87,149,0,236,0,1,1,0.9576271186440678,0.9576271186440678,0.0,0.0,0.0,0.95762711864001,226,10,0,0
sem_erro,xgboost,queda,50,25,25,189,189,66,123,0,189,0,1,1,0.9576719576719577,0.9576719576719577,0.0,0.0,0.0,0.9576719576668907,181,8,0,0
sem_erro,xgboost,queda,50,30,30,157,157,55,102,0,157,0,1,1,0.9617834394904459,0.9617834394904459,0.0,0.0,0.0,0.9617834394843199,151,6,0,0
sem_erro,xgboost,queda,50,35,35,135,135,50,85,0,135,0,1,1,0.9629629629629629,0.9629629629629629,0.0,0.0,0.0,0.96296296295583,130,5,0,0
sem_erro,xgboost,queda,50,40,40,118,118,42,76,0,118,0,1,1,0.9576271186440678,0.9576271186440678,0.0,0.0,0.0,0.9576271186359523,113,5,0,0
sem_erro,xgboost,queda,50,45,45,105,105,37,68,0,105,0,1,1,0.9619047619047619,0.9619047619047619,0.0,0.0,0.0,0.9619047618956009,101,4,0,0
sem_erro,xgboost,queda,50,50,50,95,95,31,64,0,95,0,1,1,0.9578947368421052,0.9578947368421052,0.0,0.0,0.0,0.9578947368320221,91,4,0,0
sem_erro,xgboost,queda,60,5,5,939,939,368,571,0,939,0,2,2,0.9552715654952076,0.9552715654952076,0.0,0.0,0.0,0.9552715654941903,897,42,0,0
sem_erro,xgboost,queda,60,10,10,470,470,184,286,0,470,0,1,1,0.9574468085106383,0.9574468085106383,0.0,0.0,0.0,0.9574468085086012,450,20,0,0
sem_erro,xgboost,queda,60,15,15,313,313,122,191,0,313,0,1,1,0.9552715654952076,0.9552715654952076,0.0,0.0,0.0,0.9552715654921557,299,14,0,0
sem_erro,xgboost,queda,60,20,20,235,235,91,144,0,235,0,1,1,0.9574468085106383,0.9574468085106383,0.0,0.0,0.0,0.957446808506564,225,10,0,0
sem_erro,xgboost,queda,60,25,25,188,188,72,116,0,188,0,1,1,0.9574468085106383,0.9574468085106383,0.0,0.0,0.0,0.9574468085055455,180,8,0,0
sem_erro,xgboost,queda,60,30,30,157,157,60,97,0,157,0,1,1,0.9554140127388535,0.9554140127388535,0.0,0.0,0.0,0.9554140127327682,150,7,0,0
sem_erro,xgboost,queda,60,35,35,135,135,56,79,0,135,0,2,2,0.9629629629629629,0.9629629629629629,0.0,0.0,0.0,0.96296296295583,130,5,0,0
sem_erro,xgboost,queda,60,40,40,118,118,44,74,0,118,0,1,1,0.9830508474576272,0.9830508474576272,0.0,0.0,0.0,0.9830508474492962,116,2,0,0
sem_erro,xgboost,queda,60,45,45,105,105,40,65,0,105,0,1,1,0.9523809523809523,0.9523809523809523,0.0,0.0,0.0,0.952380952371882,100,5,0,0
sem_erro,xgboost,queda,60,50,50,94,94,35,59,0,94,0,1,1,0.9574468085106383,0.9574468085106383,0.0,0.0,0.0,0.9574468085004526,90,4,0,0
sem_erro,xgboost,queda,60,55,55,86,86,33,53,0,86,0,1,1,0.9883720930232558,0.9883720930232558,0.0,0.0,0.0,0.9883720930117631,85,1,0,0
sem_erro,xgboost,queda,60,60,60,79,79,30,49,0,79,0,1,1,0.9746835443037974,0.9746835443037974,0.0,0.0,0.0,0.9746835442914596,77,2,0,0
sem_erro,xgboost,queda,70,5,5,937,937,393,544,0,937,0,1,1,0.9541088580576307,0.9541088580576307,0.0,0.0,0.0,0.9541088580566125,894,43,0,0
sem_erro,xgboost,queda,70,10,10,469,469,196,273,0,469,0,1,1,0.9552238805970149,0.9552238805970149,0.0,0.0,0.0,0.9552238805949782,448,21,0,0
sem_erro,xgboost,queda,70,15,15,313,313,134,179,0,313,0,1,1,0.952076677316294,0.952076677316294,0.0,0.0,0.0,0.9520766773132522,298,15,0,0
sem_erro,xgboost,queda,70,20,20,235,235,100,135,0,235,0,1,1,0.9531914893617022,0.9531914893617022,0.0,0.0,0.0,0.9531914893576461,224,11,0,0
sem_erro,xgboost,queda,70,25,25,188,188,80,108,0,188,0,1,1,0.9574468085106383,0.9574468085106383,0.0,0.0,0.0,0.9574468085055455,180,8,0,0
sem_erro,xgboost,queda,70,30,30,157,157,68,89,0,157,0,1,1,0.9554140127388535,0.9554140127388535,0.0,0.0,0.0,0.9554140127327682,150,7,0,0
sem_erro,xgboost,queda,70,35,35,134,134,57,77,0,134,0,1,1,0.9850746268656716,0.9850746268656716,0.0,0.0,0.0,0.9850746268583204,132,2,0,0
sem_erro,xgboost,queda,70,40,40,118,118,48,70,0,118,0,4,4,0.923728813559322,0.923728813559322,0.0,0.0,0.0,0.9237288135514938,109,9,0,0
sem_erro,xgboost,queda,70,45,45,105,105,47,58,0,105,0,2,2,0.9523809523809523,0.9523809523809523,0.0,0.0,0.0,0.952380952371882,100,5,0,0
sem_erro,xgboost,queda,70,50,50,94,94,39,55,0,94,0,1,1,0.9574468085106383,0.9574468085106383,0.0,0.0,0.0,0.9574468085004526,90,4,0,0
sem_erro,xgboost,queda,70,55,55,86,86,34,52,0,86,0,1,1,0.9883720930232558,0.9883720930232558,0.0,0.0,0.0,0.9883720930117631,85,1,0,0
sem_erro,xgboost,queda,70,60,60,79,79,35,44,0,79,0,1,1,0.9873417721518988,0.9873417721518988,0.0,0.0,0.0,0.9873417721394007,78,1,0,0
sem_erro,xgboost,queda,70,65,65,73,73,31,42,0,73,0,1,1,0.9863013698630136,0.9863013698630136,0.0,0.0,0.0,0.9863013698495027,72,1,0,0
sem_erro,xgboost,queda,70,70,70,67,67,26,41,0,67,0,1,1,0.9850746268656716,0.9850746268656716,0.0,0.0,0.0,0.985074626850969,66,1,0,0
sem_erro,xgboost,queda,80,5,5,935,935,416,519,0,935,0,1,1,0.9518716577540107,0.9518716577540107,0.0,0.0,0.0,0.9518716577529927,890,45,0,0
sem_erro,xgboost,queda,80,10,10,468,468,208,260,0,468,0,1,1,0.9529914529914529,0.9529914529914529,0.0,0.0,0.0,0.9529914529894167,446,22,0,0
sem_erro,xgboost,queda,80,15,15,312,312,135,177,0,312,0,2,2,0.9775641025641025,0.9775641025641025,0.0,0.0,0.0,0.9775641025609694,305,7,0,0
sem_erro,xgboost,queda,80,20,20,234,234,103,131,0,234,0,1,1,0.9529914529914529,0.9529914529914529,0.0,0.0,0.0,0.9529914529873804,223,11,0,0
sem_erro,xgboost,queda,80,25,25,187,187,82,105,0,187,0,1,1,0.9518716577540107,0.9518716577540107,0.0,0.0,0.0,0.9518716577489206,178,9,0,0
sem_erro,xgboost,queda,80,30,30,156,156,68,88,0,156,0,1,1,0.9871794871794872,0.9871794871794872,0.0,0.0,0.0,0.9871794871731592,154,2,0,0
sem_erro,xgboost,queda,80,35,35,134,134,60,74,0,134,0,1,1,0.9850746268656716,0.9850746268656716,0.0,0.0,0.0,0.9850746268583204,132,2,0,0
sem_erro,xgboost,queda,80,40,40,117,117,49,68,0,117,0,1,1,0.9487179487179487,0.9487179487179487,0.0,0.0,0.0,0.9487179487098399,111,6,0,0
sem_erro,xgboost,queda,80,45,45,104,104,46,58,0,104,0,1,1,0.9615384615384616,0.9615384615384616,0.0,0.0,0.0,0.961538461529216,100,4,0,0
sem_erro,xgboost,queda,80,50,50,94,94,40,54,0,94,0,1,1,0.9468085106382979,0.9468085106382979,0.0,0.0,0.0,0.9468085106282254,89,5,0,0
sem_erro,xgboost,queda,80,55,55,85,85,37,48,0,85,0,1,1,0.9529411764705882,0.9529411764705882,0.0,0.0,0.0,0.9529411764593771,81,4,0,0
sem_erro,xgboost,queda,80,60,60,78,78,34,44,0,78,0,1,1,0.9871794871794872,0.9871794871794872,0.0,0.0,0.0,0.987179487166831,77,1,0,0
sem_erro,xgboost,queda,80,65,65,72,72,32,40,0,72,0,1,1,0.9583333333333334,0.9583333333333334,0.0,0.0,0.0,0.9583333333200231,69,3,0,0
sem_erro,xgboost,queda,80,70,70,67,67,27,40,0,67,0,1,1,0.9850746268656716,0.9850746268656716,0.0,0.0,0.0,0.985074626850969,66,1,0,0
sem_erro,xgboost,queda,80,75,75,63,63,26,37,0,63,0,1,1,0.9523809523809523,0.9523809523809523,0.0,0.0,0.0,0.9523809523658353,60,3,0,0
sem_erro,xgboost,queda,80,80,80,59,59,25,34,0,59,0,1,1,0.9830508474576272,0.9830508474576272,0.0,0.0,0.0,0.9830508474409653,58,1,0,0
sem_erro,xgboost,queda,90,5,5,933,933,438,495,0,933,0,1,1,0.9496248660235799,0.9496248660235799,0.0,0.0,0.0,0.949624866022562,886,47,0,0
sem_erro,xgboost,queda,90,10,10,467,467,219,248,0,467,0,1,1,0.9507494646680942,0.9507494646680942,0.0,0.0,0.0,0.9507494646660584,444,23,0,0
sem_erro,xgboost,queda,90,15,15,311,311,145,166,0,311,0,1,1,0.9485530546623794,0.9485530546623794,0.0,0.0,0.0,0.9485530546593295,295,16,0,0
sem_erro,xgboost,queda,90,20,20,234,234,111,123,0,234,0,1,1,0.9487179487179487,0.9487179487179487,0.0,0.0,0.0,0.9487179487138944,222,12,0,0
sem_erro,xgboost,queda,90,25,25,187,187,86,101,0,187,0,3,3,0.9518716577540107,0.9518716577540107,0.0,0.0,0.0,0.9518716577489206,178,9,0,0
sem_erro,xgboost,queda,90,30,30,156,156,72,84,0,156,0,1,1,0.9551282051282052,0.9551282051282052,0.0,0.0,0.0,0.9551282051220826,149,7,0,0
sem_erro,xgboost,queda,90,35,35,134,134,66,68,0,134,0,2,2,0.9477611940298507,0.9477611940298507,0.0,0.0,0.0,0.947761194022778,127,7,0,0
sem_erro,xgboost,queda,90,40,40,117,117,54,63,0,117,0,1,1,0.9487179487179487,0.9487179487179487,0.0,0.0,0.0,0.9487179487098399,111,6,0,0
sem_erro,xgboost,queda,90,45,45,104,104,48,56,0,104,0,1,1,0.8557692307692307,0.8557692307692307,0.0,0.0,0.0,0.8557692307610022,89,15,0,0
sem_erro,xgboost,queda,90,50,50,94,94,41,53,0,94,0,1,1,0.9787234042553191,0.9787234042553191,0.0,0.0,0.0,0.9787234042449071,92,2,0,0
sem_erro,xgboost,queda,90,55,55,85,85,40,45,0,85,0,1,1,0.8705882352941177,0.8705882352941177,0.0,0.0,0.0,0.8705882352838754,74,11,0,0
sem_erro,xgboost,queda,90,60,60,78,78,37,41,0,78,0,1,1,0.9615384615384616,0.9615384615384616,0.0,0.0,0.0,0.9615384615261341,75,3,0,0
sem_erro,xgboost,queda,90,65,65,72,72,32,40,0,72,0,1,1,0.9722222222222222,0.9722222222222222,0.0,0.0,0.0,0.9722222222087191,70,2,0,0
sem_erro,xgboost,queda,90,70,70,67,67,33,34,0,67,0,3,3,0.9552238805970149,0.9552238805970149,0.0,0.0,0.0,0.9552238805827578,64,3,0,0
sem_erro,xgboost,queda,90,75,75,63,63,29,34,0,63,0,1,1,0.9523809523809523,0.9523809523809523,0.0,0.0,0.0,0.9523809523658353,60,3,0,0
sem_erro,xgboost,queda,90,80,80,59,59,27,32,0,59,0,0,0,1.0,1.0,0.0,0.0,0.0,0.9999999999830509,59,0,0,0
sem_erro,xgboost,queda,90,85,85,55,55,28,27,0,55,0,3,3,0.8,0.8,0.0,0.0,0.0,0.7999999999854546,44,11,0,0
sem_erro,xgboost,queda,90,90,90,52,52,25,27,0,52,0,1,1,0.9615384615384616,0.9615384615384616,0.0,0.0,0.0,0.9615384615199705,50,2,0,0
sem_erro,xgboost,queda,100,5,5,931,931,460,471,0,931,0,1,1,0.9473684210526315,0.9473684210526315,0.0,0.0,0.0,0.947368421051614,882,49,0,0
sem_erro,xgboost,queda,100,10,10,466,466,230,236,0,466,0,1,1,0.9484978540772532,0.9484978540772532,0.0,0.0,0.0,0.9484978540752178,442,24,0,0
sem_erro,xgboost,queda,100,15,15,311,311,156,155,0,311,0,2,2,0.9453376205787781,0.9453376205787781,0.0,0.0,0.0,0.9453376205757384,294,17,0,0
sem_erro,xgboost,queda,100,20,20,233,233,114,119,0,233,0,1,1,0.9527896995708155,0.9527896995708155,0.0,0.0,0.0,0.9527896995667263,222,11,0,0
sem_erro,xgboost,queda,100,25,25,187,187,92,95,0,187,0,1,1,0.9518716577540107,0.9518716577540107,0.0,0.0,0.0,0.9518716577489206,178,9,0,0
sem_erro,xgboost,queda,100,30,30,156,156,79,77,0,156,0,1,1,0.9807692307692307,0.9807692307692307,0.0,0.0,0.0,0.9807692307629439,153,3,0,0
sem_erro,xgboost,queda,100,35,35,133,133,67,66,0,133,0,1,1,0.9849624060150376,0.9849624060150376,0.0,0.0,0.0,0.984962406007632,131,2,0,0
sem_erro,xgboost,queda,100,40,40,117,117,56,61,0,117,0,1,1,0.9743589743589743,0.9743589743589743,0.0,0.0,0.0,0.9743589743506464,114,3,0,0
sem_erro,xgboost,queda,100,45,45,104,104,51,53,0,104,0,1,1,0.8557692307692307,0.8557692307692307,0.0,0.0,0.0,0.8557692307610022,89,15,0,0
sem_erro,xgboost,queda,100,50,50,94,94,44,50,0,94,0,2,2,0.9680851063829787,0.9680851063829787,0.0,0.0,0.0,0.9680851063726799,91,3,0,0
sem_erro,xgboost,queda,100,55,55,85,85,41,44,0,85,0,0,0,1.0,1.0,0.0,0.0,0.0,0.9999999999882353,85,0,0,0
sem_erro,xgboost,queda,100,60,60,78,78,40,38,0,78,0,5,5,0.8974358974358975,0.8974358974358975,0.0,0.0,0.0,0.8974358974243918,70,8,0,0
sem_erro,xgboost,queda,100,65,65,72,72,35,37,0,72,0,1,1,0.8611111111111112,0.8611111111111112,0.0,0.0,0.0,0.8611111110991512,62,10,0,0
sem_erro,xgboost,queda,100,70,70,67,67,34,33,0,67,0,1,1,0.9850746268656716,0.9850746268656716,0.0,0.0,0.0,0.985074626850969,66,1,0,0
sem_erro,xgboost,queda,100,75,75,63,63,31,32,0,63,0,2,2,0.9365079365079365,0.9365079365079365,0.0,0.0,0.0,0.9365079364930714,59,4,0,0
sem_erro,xgboost,queda,100,80,80,59,59,28,31,0,59,0,0,0,1.0,1.0,0.0,0.0,0.0,0.9999999999830509,59,0,0,0
sem_erro,xgboost,queda,100,85,85,55,55,28,27,0,55,0,1,1,0.8545454545454545,0.8545454545454545,0.0,0.0,0.0,0.8545454545299174,47,8,0,0
sem_erro,xgboost,queda,100,90,90,52,52,26,26,0,52,0,0,0,1.0,1.0,0.0,0.0,0.0,0.9999999999807693,52,0,0,0
sem_erro,xgboost,queda,100,95,95,49,49,23,26,0,49,0,0,0,1.0,1.0,0.0,0.0,0.0,0.9999999999795919,49,0,0,0
sem_erro,xgboost,queda,100,100,100,47,47,21,26,0,47,0,0,0,1.0,1.0,0.0,0.0,0.0,0.9999999999787235,47,0,0,0
