teste,modelo,falha,janela,passo_cfg,passo_real,amostras_treino,amostras_teste,positivos_treino,negativos_treino,positivos_teste,negativos_teste,eventos_reais_teste,eventos_detectados,diferenca_eventos,accuracy,balanced_accuracy,precision_pos,recall_pos,f1_pos,specificity,tn,fp,fn,tp
com_erro,catboost,lacuna,20,5,5,947,947,233,714,250,697,20,20,0,1.0,1.0,1.0,1.0,1.0,0.9999999999985653,697,0,0,250
com_erro,catboost,lacuna,20,10,10,474,474,115,359,127,347,19,19,0,1.0,1.0,1.0,1.0,1.0,0.9999999999971182,347,0,0,127
com_erro,catboost,lacuna,20,15,15,316,316,77,239,84,232,19,19,0,1.0,1.0,1.0,1.0,1.0,0.9999999999956897,232,0,0,84
com_erro,catboost,lacuna,20,20,20,237,237,60,177,61,176,18,18,0,1.0,1.0,1.0,1.0,1.0,0.9999999999943182,176,0,0,61
com_erro,catboost,lacuna,30,5,5,945,945,266,679,287,658,19,19,0,1.0,1.0,1.0,1.0,1.0,0.9999999999984802,658,0,0,287
com_erro,catboost,lacuna,30,10,10,473,473,132,341,145,328,19,19,0,1.0,1.0,1.0,1.0,1.0,0.9999999999969512,328,0,0,145
com_erro,catboost,lacuna,30,15,15,315,315,88,227,96,219,18,18,0,1.0,1.0,1.0,1.0,1.0,0.9999999999954339,219,0,0,96
com_erro,catboost,lacuna,30,20,20,237,237,66,171,74,163,19,19,0,1.0,1.0,1.0,1.0,1.0,0.9999999999938651,163,0,0,74
com_erro,catboost,lacuna,30,25,25,189,189,52,137,55,134,18,18,0,0.9947089947089947,0.990909090909091,1.0,0.9818181818181818,0.9908256880733946,0.9999999999925374,134,0,1,54
com_erro,catboost,lacuna,30,30,30,158,158,43,115,48,110,18,18,0,0.9873417721518988,0.9791666666666667,1.0,0.9583333333333334,0.9787234042553191,0.999999999990909,110,0,2,46
com_erro,catboost,lacuna,40,5,5,943,943,298,645,323,620,19,19,0,1.0,1.0,1.0,1.0,1.0,0.9999999999983871,620,0,0,323
com_erro,catboost,lacuna,40,10,10,472,472,148,324,163,309,19,19,0,1.0,1.0,1.0,1.0,1.0,0.9999999999967638,309,0,0,163
com_erro,catboost,lacuna,40,15,15,315,315,98,217,110,205,19,19,0,1.0,1.0,1.0,1.0,1.0,0.999999999995122,205,0,0,110
com_erro,catboost,lacuna,40,20,20,236,236,76,160,79,157,18,18,0,1.0,1.0,1.0,1.0,1.0,0.9999999999936307,157,0,0,79
com_erro,catboost,lacuna,40,25,25,189,189,60,129,65,124,17,18,1,0.9788359788359788,0.9692307692307692,1.0,0.9384615384615385,0.9682539682539683,0.9999999999919355,124,0,4,61
com_erro,catboost,lacuna,40,30,30,158,158,49,109,54,104,19,19,0,1.0,1.0,1.0,1.0,1.0,0.9999999999903846,104,0,0,54
com_erro,catboost,lacuna,40,35,35,135,135,43,92,47,88,18,18,0,1.0,1.0,1.0,1.0,1.0,0.9999999999886363,88,0,0,47
com_erro,catboost,lacuna,40,40,40,118,118,38,80,40,78,17,17,0,1.0,1.0,1.0,1.0,1.0,0.9999999999871795,78,0,0,40
com_erro,catboost,lacuna,50,5,5,941,941,330,611,359,582,18,18,0,1.0,1.0,1.0,1.0,1.0,0.9999999999982818,582,0,0,359
com_erro,catboost,lacuna,50,10,10,471,471,164,307,181,290,18,18,0,1.0,1.0,1.0,1.0,1.0,0.9999999999965518,290,0,0,181
com_erro,catboost,lacuna,50,15,15,314,314,110,204,120,194,18,18,0,1.0,1.0,1.0,1.0,1.0,0.9999999999948455,194,0,0,120
com_erro,catboost,lacuna,50,20,20,236,236,82,154,92,144,18,18,0,1.0,1.0,1.0,1.0,1.0,0.9999999999930557,144,0,0,92
com_erro,catboost,lacuna,50,25,25,189,189,65,124,73,116,18,18,0,1.0,1.0,1.0,1.0,1.0,0.9999999999913792,116,0,0,73
com_erro,catboost,lacuna,50,30,30,157,157,55,102,60,97,17,18,1,0.9808917197452229,0.975,1.0,0.95,0.9743589743589743,0.9999999999896907,97,0,3,57
com_erro,catboost,lacuna,50,35,35,135,135,49,86,54,81,16,16,0,1.0,1.0,1.0,1.0,1.0,0.9999999999876543,81,0,0,54
com_erro,catboost,lacuna,50,40,40,118,118,43,75,44,74,17,17,0,1.0,1.0,1.0,1.0,1.0,0.9999999999864865,74,0,0,44
com_erro,catboost,lacuna,50,45,45,105,105,35,70,36,69,16,17,1,0.9809523809523809,0.9722222222222222,1.0,0.9444444444444444,0.9714285714285714,0.9999999999855071,69,0,2,34
com_erro,catboost,lacuna,50,50,50,95,95,36,59,35,60,18,18,0,1.0,1.0,1.0,1.0,1.0,0.9999999999833334,60,0,0,35
com_erro,catboost,lacuna,60,5,5,939,939,362,577,393,546,18,18,0,1.0,1.0,1.0,1.0,1.0,0.9999999999981685,546,0,0,393
com_erro,catboost,lacuna,60,10,10,470,470,180,290,198,272,18,18,0,1.0,1.0,1.0,1.0,1.0,0.9999999999963236,272,0,0,198
com_erro,catboost,lacuna,60,15,15,313,313,120,193,132,181,17,17,0,1.0,1.0,1.0,1.0,1.0,0.9999999999944752,181,0,0,132
com_erro,catboost,lacuna,60,20,20,235,235,92,143,97,138,17,17,0,1.0,1.0,1.0,1.0,1.0,0.9999999999927537,138,0,0,97
com_erro,catboost,lacuna,60,25,25,188,188,73,115,77,111,16,16,0,0.9946808510638298,0.9935064935064934,1.0,0.987012987012987,0.9934640522875817,0.999999999990991,111,0,1,76
com_erro,catboost,lacuna,60,30,30,157,157,59,98,66,91,15,15,0,0.9872611464968153,0.9848484848484849,1.0,0.9696969696969697,0.9846153846153847,0.9999999999890109,91,0,2,64
com_erro,catboost,lacuna,60,35,35,135,135,51,84,59,76,16,16,0,1.0,1.0,1.0,1.0,1.0,0.9999999999868421,76,0,0,59
com_erro,catboost,lacuna,60,40,40,118,118,48,70,48,70,17,17,0,0.9915254237288136,0.9895833333333333,1.0,0.9791666666666666,0.9894736842105263,0.9999999999857142,70,0,1,47
com_erro,catboost,lacuna,60,45,45,105,105,39,66,43,62,15,16,1,0.9809523809523809,0.9767441860465116,1.0,0.9534883720930233,0.9761904761904762,0.999999999983871,62,0,2,41
com_erro,catboost,lacuna,60,50,50,94,94,37,57,37,57,16,16,0,0.9893617021276596,0.9864864864864865,1.0,0.972972972972973,0.9863013698630136,0.9999999999824563,57,0,1,36
com_erro,catboost,lacuna,60,55,55,86,86,34,52,35,51,15,15,0,1.0,1.0,1.0,1.0,1.0,0.9999999999803922,51,0,0,35
com_erro,catboost,lacuna,60,60,60,79,79,31,48,33,46,15,15,0,0.9873417721518988,0.9848484848484849,1.0,0.9696969696969697,0.9846153846153847,0.999999999978261,46,0,1,32
com_erro,catboost,lacuna,70,5,5,937,937,392,545,427,510,18,18,0,1.0,1.0,1.0,1.0,1.0,0.9999999999980392,510,0,0,427
com_erro,catboost,lacuna,70,10,10,469,469,195,274,215,254,18,18,0,1.0,1.0,1.0,1.0,1.0,0.999999999996063,254,0,0,215
com_erro,catboost,lacuna,70,15,15,313,313,130,183,145,168,17,17,0,1.0,1.0,1.0,1.0,1.0,0.9999999999940477,168,0,0,145
com_erro,catboost,lacuna,70,20,20,235,235,97,138,109,126,16,16,0,1.0,1.0,1.0,1.0,1.0,0.9999999999920635,126,0,0,109
com_erro,catboost,lacuna,70,25,25,188,188,78,110,87,101,16,16,0,0.9946808510638298,0.9942528735632183,1.0,0.9885057471264368,0.9942196531791907,0.9999999999900989,101,0,1,86
com_erro,catboost,lacuna,70,30,30,157,157,65,92,72,85,16,16,0,1.0,1.0,1.0,1.0,1.0,0.9999999999882353,85,0,0,72
com_erro,catboost,lacuna,70,35,35,134,134,59,75,63,71,15,15,0,0.9850746268656716,0.9841269841269842,1.0,0.9682539682539683,0.9838709677419355,0.9999999999859155,71,0,2,61
com_erro,catboost,lacuna,70,40,40,118,118,48,70,56,62,16,16,0,0.9915254237288136,0.9910714285714286,1.0,0.9821428571428571,0.990990990990991,0.999999999983871,62,0,1,55
com_erro,catboost,lacuna,70,45,45,105,105,43,62,49,56,16,16,0,1.0,1.0,1.0,1.0,1.0,0.999999999982143,56,0,0,49
com_erro,catboost,lacuna,70,50,50,94,94,38,56,44,50,14,14,0,0.9893617021276596,0.9886363636363636,1.0,0.9772727272727273,0.9885057471264368,0.9999999999800001,50,0,1,43
com_erro,catboost,lacuna,70,55,55,86,86,35,51,40,46,15,15,0,0.9534883720930233,0.95,1.0,0.9,0.9473684210526315,0.999999999978261,46,0,4,36
com_erro,catboost,lacuna,70,60,60,79,79,32,47,36,43,16,17,1,0.9620253164556962,0.9583333333333333,1.0,0.9166666666666666,0.9565217391304348,0.9999999999767443,43,0,3,33
com_erro,catboost,lacuna,70,65,65,73,73,32,41,30,43,17,17,0,1.0,1.0,1.0,1.0,1.0,0.9999999999767443,43,0,0,30
com_erro,catboost,lacuna,70,70,70,67,67,30,37,34,33,11,12,1,0.9701492537313433,0.9705882352941176,1.0,0.9411764705882353,0.9696969696969697,0.9999999999696971,33,0,2,32
com_erro,catboost,lacuna,80,5,5,935,935,421,514,461,474,16,16,0,1.0,1.0,1.0,1.0,1.0,0.9999999999978904,474,0,0,461
com_erro,catboost,lacuna,80,10,10,468,468,210,258,232,236,16,16,0,1.0,1.0,1.0,1.0,1.0,0.9999999999957627,236,0,0,232
com_erro,catboost,lacuna,80,15,15,312,312,141,171,154,158,16,16,0,1.0,1.0,1.0,1.0,1.0,0.999999999993671,158,0,0,154
com_erro,catboost,lacuna,80,20,20,234,234,107,127,114,120,15,15,0,1.0,1.0,1.0,1.0,1.0,0.9999999999916667,120,0,0,114
com_erro,catboost,lacuna,80,25,25,187,187,83,104,90,97,15,15,0,0.9946524064171123,0.9944444444444445,1.0,0.9888888888888889,0.994413407821229,0.9999999999896907,97,0,1,89
com_erro,catboost,lacuna,80,30,30,156,156,71,85,77,79,15,15,0,0.9871794871794872,0.987012987012987,1.0,0.974025974025974,0.9868421052631579,0.9999999999873417,79,0,2,75
com_erro,catboost,lacuna,80,35,35,134,134,62,72,68,66,14,14,0,1.0,1.0,1.0,1.0,1.0,0.9999999999848485,66,0,0,68
com_erro,catboost,lacuna,80,40,40,117,117,53,64,57,60,14,14,0,1.0,1.0,1.0,1.0,1.0,0.9999999999833334,60,0,0,57
com_erro,catboost,lacuna,80,45,45,104,104,48,56,50,54,15,15,0,0.9903846153846154,0.99,1.0,0.98,0.98989898989899,0.9999999999814816,54,0,1,49
com_erro,catboost,lacuna,80,50,50,94,94,42,52,46,48,14,14,0,0.9893617021276596,0.9891304347826086,1.0,0.9782608695652174,0.989010989010989,0.9999999999791668,48,0,1,45
com_erro,catboost,lacuna,80,55,55,85,85,38,47,40,45,14,14,0,1.0,1.0,1.0,1.0,1.0,0.9999999999777779,45,0,0,40
com_erro,catboost,lacuna,80,60,60,78,78,35,43,37,41,15,15,0,0.9743589743589743,0.972972972972973,1.0,0.9459459459459459,0.9722222222222222,0.9999999999756098,41,0,2,35
com_erro,catboost,lacuna,80,65,65,72,72,35,37,32,40,15,15,0,1.0,1.0,1.0,1.0,1.0,0.9999999999750001,40,0,0,32
com_erro,catboost,lacuna,80,70,70,67,67,32,35,37,30,10,10,0,1.0,1.0,1.0,1.0,1.0,0.9999999999666667,30,0,0,37
com_erro,catboost,lacuna,80,75,75,63,63,27,36,30,33,12,12,0,1.0,1.0,1.0,1.0,1.0,0.9999999999696971,33,0,0,30
com_erro,catboost,lacuna,80,80,80,59,59,27,32,31,28,11,11,0,1.0,1.0,1.0,1.0,1.0,0.9999999999642857,28,0,0,31
com_erro,catboost,lacuna,90,5,5,933,933,449,484,491,442,16,16,0,1.0,1.0,1.0,1.0,1.0,0.9999999999977376,442,0,0,491
com_erro,catboost,lacuna,90,10,10,467,467,224,243,247,220,16,16,0,1.0,1.0,1.0,1.0,1.0,0.9999999999954546,220,0,0,247
com_erro,catboost,lacuna,90,15,15,311,311,149,162,164,147,15,15,0,1.0,1.0,1.0,1.0,1.0,0.9999999999931973,147,0,0,164
com_erro,catboost,lacuna,90,20,20,234,234,111,123,124,110,16,16,0,1.0,1.0,1.0,1.0,1.0,0.999999999990909,110,0,0,124
com_erro,catboost,lacuna,90,25,25,187,187,90,97,97,90,15,15,0,0.983957219251337,0.9845360824742269,1.0,0.9690721649484536,0.9842931937172775,0.9999999999888889,90,0,3,94
com_erro,catboost,lacuna,90,30,30,156,156,73,83,81,75,15,15,0,0.9871794871794872,0.9876543209876543,1.0,0.9753086419753086,0.9875,0.9999999999866667,75,0,2,79
com_erro,catboost,lacuna,90,35,35,134,134,64,70,73,61,15,15,0,1.0,1.0,1.0,1.0,1.0,0.9999999999836067,61,0,0,73
com_erro,catboost,lacuna,90,40,40,117,117,57,60,61,56,14,14,0,1.0,1.0,1.0,1.0,1.0,0.999999999982143,56,0,0,61
com_erro,catboost,lacuna,90,45,45,104,104,48,56,50,54,15,15,0,0.9711538461538461,0.97,1.0,0.94,0.9690721649484536,0.9999999999814816,54,0,3,47
com_erro,catboost,lacuna,90,50,50,94,94,48,46,49,45,13,14,1,0.9680851063829787,0.9693877551020409,1.0,0.9387755102040817,0.968421052631579,0.9999999999777779,45,0,3,46
com_erro,catboost,lacuna,90,55,55,85,85,40,45,46,39,12,12,0,1.0,1.0,1.0,1.0,1.0,0.9999999999743591,39,0,0,46
com_erro,catboost,lacuna,90,60,60,78,78,35,43,40,38,14,15,1,0.9743589743589743,0.975,1.0,0.95,0.9743589743589743,0.9999999999736843,38,0,2,38
com_erro,catboost,lacuna,90,65,65,72,72,36,36,38,34,13,13,0,1.0,1.0,1.0,1.0,1.0,0.9999999999705883,34,0,0,38
com_erro,catboost,lacuna,90,70,70,67,67,34,33,38,29,10,10,0,1.0,1.0,1.0,1.0,1.0,0.9999999999655173,29,0,0,38
com_erro,catboost,lacuna,90,75,75,63,63,30,33,35,28,11,12,1,0.9841269841269841,0.9857142857142858,1.0,0.9714285714285714,0.9855072463768116,0.9999999999642857,28,0,1,34
com_erro,catboost,lacuna,90,80,80,59,59,28,31,33,26,11,11,0,1.0,1.0,1.0,1.0,1.0,0.9999999999615384,26,0,0,33
com_erro,catboost,lacuna,90,85,85,55,55,25,30,28,27,12,12,0,1.0,1.0,1.0,1.0,1.0,0.999999999962963,27,0,0,28
com_erro,catboost,lacuna,90,90,90,52,52,25,27,25,27,13,13,0,1.0,1.0,1.0,1.0,1.0,0.999999999962963,27,0,0,25
com_erro,catboost,lacuna,100,5,5,931,931,477,454,521,410,15,15,0,1.0,1.0,1.0,1.0,1.0,0.999999999997561,410,0,0,521
com_erro,catboost,lacuna,100,10,10,466,466,238,228,262,204,15,15,0,1.0,1.0,1.0,1.0,1.0,0.9999999999950981,204,0,0,262
com_erro,catboost,lacuna,100,15,15,311,311,158,153,176,135,15,15,0,1.0,1.0,1.0,1.0,1.0,0.9999999999925927,135,0,0,176
com_erro,catboost,lacuna,100,20,20,233,233,121,112,129,104,14,14,0,1.0,1.0,1.0,1.0,1.0,0.9999999999903846,104,0,0,129
com_erro,catboost,lacuna,100,25,25,187,187,95,92,105,82,14,14,0,1.0,1.0,1.0,1.0,1.0,0.9999999999878049,82,0,0,105
com_erro,catboost,lacuna,100,30,30,156,156,79,77,87,69,14,14,0,1.0,1.0,1.0,1.0,1.0,0.9999999999855071,69,0,0,87
com_erro,catboost,lacuna,100,35,35,133,133,69,64,76,57,12,12,0,1.0,1.0,1.0,1.0,1.0,0.9999999999824563,57,0,0,76
com_erro,catboost,lacuna,100,40,40,117,117,62,55,65,52,13,13,0,0.9914529914529915,0.9923076923076923,1.0,0.9846153846153847,0.9922480620155039,0.9999999999807693,52,0,1,64
com_erro,catboost,lacuna,100,45,45,104,104,51,53,56,48,13,13,0,1.0,1.0,1.0,1.0,1.0,0.9999999999791668,48,0,0,56
com_erro,catboost,lacuna,100,50,50,94,94,50,44,52,42,13,13,0,1.0,1.0,1.0,1.0,1.0,0.9999999999761906,42,0,0,52
com_erro,catboost,lacuna,100,55,55,85,85,44,41,48,37,12,12,0,1.0,1.0,1.0,1.0,1.0,0.9999999999729731,37,0,0,48
com_erro,catboost,lacuna,100,60,60,78,78,40,38,43,35,12,12,0,1.0,1.0,1.0,1.0,1.0,0.9999999999714286,35,0,0,43
com_erro,catboost,lacuna,100,65,65,72,72,37,35,41,31,11,11,0,1.0,1.0,1.0,1.0,1.0,0.9999999999677419,31,0,0,41
com_erro,catboost,lacuna,100,70,70,67,67,36,31,40,27,9,9,0,1.0,1.0,1.0,1.0,1.0,0.999999999962963,27,0,0,40
com_erro,catboost,lacuna,100,75,75,63,63,32,31,38,25,11,11,0,1.0,1.0,1.0,1.0,1.0,0.99999999996,25,0,0,38
com_erro,catboost,lacuna,100,80,80,59,59,30,29,35,24,10,10,0,1.0,1.0,1.0,1.0,1.0,0.9999999999583333,24,0,0,35
com_erro,catboost,lacuna,100,85,85,55,55,29,26,29,26,11,11,0,1.0,1.0,1.0,1.0,1.0,0.9999999999615384,26,0,0,29
com_erro,catboost,lacuna,100,90,90,52,52,26,26,27,25,12,12,0,1.0,1.0,1.0,1.0,1.0,0.99999999996,25,0,0,27
com_erro,catboost,lacuna,100,95,95,49,49,26,23,25,24,11,11,0,1.0,1.0,1.0,1.0,1.0,0.9999999999583333,24,0,0,25
com_erro,catboost,lacuna,100,100,100,47,47,24,23,26,21,11,11,0,1.0,1.0,1.0,1.0,1.0,0.999999999952381,21,0,0,26
com_erro,catboost,oscilacao,20,5,5,947,947,401,546,389,558,19,49,30,0.8458289334741288,0.8399789000377772,0.8155844155844156,0.8071979434447301,0.8113695090439277,0.8727598566292603,487,71,75,314
com_erro,catboost,oscilacao,20,10,10,474,474,200,274,196,278,18,33,15,0.8523206751054853,0.8424974306269271,0.8461538461538461,0.7857142857142857,0.8148148148148148,0.8992805755363336,250,28,42,154
com_erro,catboost,oscilacao,20,15,15,316,316,132,184,129,187,18,32,14,0.8670886075949367,0.8600505741408615,0.848,0.8217054263565892,0.8346456692913385,0.8983957219203295,168,19,23,106
com_erro,catboost,oscilacao,20,20,20,237,237,99,138,98,139,18,30,12,0.8354430379746836,0.8235941858757891,0.8314606741573034,0.7551020408163265,0.7914438502673797,0.8920863309288339,124,15,24,74
com_erro,catboost,oscilacao,30,5,5,945,945,437,508,424,521,18,53,35,0.816931216931217,0.8144329663564263,0.7995226730310262,0.7900943396226415,0.7947805456702254,0.8387715930886013,437,84,89,335
com_erro,catboost,oscilacao,30,10,10,473,473,219,254,213,260,18,36,18,0.8202959830866807,0.817018779342723,0.8106796116504854,0.784037558685446,0.7971360381861575,0.8499999999967308,221,39,46,167
com_erro,catboost,oscilacao,30,15,15,315,315,145,170,137,178,18,30,12,0.8317460317460318,0.8275854998769786,0.8134328358208955,0.7956204379562044,0.8044280442804428,0.8595505617929239,153,25,28,109
com_erro,catboost,oscilacao,30,20,20,237,237,108,129,109,128,18,30,12,0.8059071729957806,0.8012471330275229,0.8181818181818182,0.7431192660550459,0.7788461538461539,0.8593749999932863,110,18,28,81
com_erro,catboost,oscilacao,30,25,25,189,189,88,101,85,104,17,25,8,0.8095238095238095,0.8086538461538462,0.7816091954022989,0.8,0.7906976744186046,0.8173076922998336,85,19,17,68
com_erro,catboost,oscilacao,30,30,30,158,158,74,84,68,90,18,25,7,0.8481012658227848,0.8450980392156863,0.8235294117647058,0.8235294117647058,0.8235294117647058,0.866666666657037,78,12,12,56
com_erro,catboost,oscilacao,40,5,5,943,943,470,473,458,485,18,45,27,0.806998939554613,0.8062328366272002,0.815068493150685,0.7794759825327511,0.796875,0.832989690719932,404,81,101,357
com_erro,catboost,oscilacao,40,10,10,472,472,236,236,230,242,18,38,20,0.798728813559322,0.7982213438735177,0.8026905829596412,0.7782608695652173,0.7902869757174393,0.8181818181784373,198,44,51,179
com_erro,catboost,oscilacao,40,15,15,315,315,157,158,153,162,18,27,9,0.7968253968253968,0.796477850399419,0.7947019867549668,0.7843137254901961,0.7894736842105263,0.8086419753036505,131,31,33,120
com_erro,catboost,oscilacao,40,20,20,236,236,117,119,115,121,18,26,8,0.809322033898305,0.8086597197269134,0.8181818181818182,0.782608695652174,0.8,0.8347107437947544,101,20,25,90
com_erro,catboost,oscilacao,40,25,25,189,189,93,96,92,97,17,26,9,0.7883597883597884,0.7873711340206185,0.8023255813953488,0.75,0.7752808988764045,0.8247422680327345,80,17,23,69
com_erro,catboost,oscilacao,40,30,30,158,158,79,79,78,80,17,23,6,0.7531645569620253,0.7525641025641026,0.7746478873239436,0.7051282051282052,0.738255033557047,0.7999999999899999,64,16,23,55
com_erro,catboost,oscilacao,40,35,35,135,135,66,69,67,68,16,26,10,0.7703703703703704,0.76986391571554,0.8103448275862069,0.7014925373134329,0.752,0.83823529410532,57,11,20,47
com_erro,catboost,oscilacao,40,40,40,118,118,59,59,58,60,15,22,7,0.7711864406779662,0.7706896551724138,0.7818181818181819,0.7413793103448276,0.7610619469026548,0.7999999999866667,48,12,15,43
com_erro,catboost,oscilacao,50,5,5,941,941,496,445,492,449,17,39,22,0.7874601487778958,0.7868207579625908,0.7943548387096774,0.8008130081300813,0.7975708502024291,0.772828507793379,347,102,98,394
com_erro,catboost,oscilacao,50,10,10,471,471,250,221,247,224,17,39,22,0.7770700636942676,0.7768489733950261,0.7909836065573771,0.7813765182186235,0.7861507128309573,0.7723214285679807,173,51,54,193
com_erro,catboost,oscilacao,50,15,15,314,314,163,151,163,151,17,29,12,0.7770700636942676,0.7777190915369927,0.8,0.7607361963190185,0.779874213836478,0.794701986749704,120,31,39,124
com_erro,catboost,oscilacao,50,20,20,236,236,123,113,126,110,17,25,8,0.788135593220339,0.7877344877344877,0.8064516129032258,0.7936507936507936,0.8,0.7818181818110743,86,24,26,100
com_erro,catboost,oscilacao,50,25,25,189,189,101,88,99,90,16,27,11,0.8095238095238095,0.8106060606060606,0.8387096774193549,0.7878787878787878,0.8125,0.833333333324074,75,15,21,78
com_erro,catboost,oscilacao,50,30,30,157,157,84,73,82,75,15,26,11,0.7452229299363057,0.7447154471544715,0.7560975609756098,0.7560975609756098,0.7560975609756098,0.7333333333235555,55,20,20,62
com_erro,catboost,oscilacao,50,35,35,135,135,73,62,72,63,15,26,11,0.7407407407407407,0.7400793650793651,0.7605633802816901,0.75,0.7552447552447552,0.7301587301471404,46,17,18,54
com_erro,catboost,oscilacao,50,40,40,118,118,61,57,62,56,15,21,6,0.7542372881355932,0.7557603686635945,0.7894736842105263,0.7258064516129032,0.7563025210084033,0.7857142857002551,44,12,17,45
com_erro,catboost,oscilacao,50,45,45,105,105,55,50,57,48,14,23,9,0.6857142857142857,0.6858552631578947,0.7222222222222222,0.6842105263157895,0.7027027027027027,0.6874999999856771,33,15,18,39
com_erro,catboost,oscilacao,50,50,50,95,95,52,43,51,44,16,24,8,0.7578947368421053,0.7526737967914439,0.75,0.8235294117647058,0.7850467289719626,0.681818181802686,30,14,9,42
com_erro,catboost,oscilacao,60,5,5,939,939,514,425,523,416,16,42,26,0.7784877529286475,0.779016215619944,0.8181818181818182,0.7743785850860421,0.7956777996070727,0.7836538461519624,326,90,118,405
com_erro,catboost,oscilacao,60,10,10,470,470,259,211,263,207,16,34,18,0.774468085106383,0.7768777208353999,0.8257261410788381,0.7566539923954373,0.7896825396825397,0.7971014492715116,165,42,64,199
com_erro,catboost,oscilacao,60,15,15,313,313,171,142,171,142,15,26,11,0.7795527156549521,0.7779425088542953,0.8,0.7953216374269005,0.7976539589442815,0.7605633802763341,108,34,35,136
com_erro,catboost,oscilacao,60,20,20,235,235,130,105,132,103,15,25,10,0.7489361702127659,0.7519858781994704,0.8067226890756303,0.7272727272727273,0.7649402390438247,0.7766990291186728,80,23,36,96
com_erro,catboost,oscilacao,60,25,25,188,188,103,85,105,83,15,24,9,0.7712765957446809,0.7687320711417096,0.7980769230769231,0.7904761904761904,0.7942583732057417,0.7469879517982291,62,21,22,83
com_erro,catboost,oscilacao,60,30,30,157,157,86,71,85,72,15,26,11,0.7515923566878981,0.75359477124183,0.7948717948717948,0.7294117647058823,0.7607361963190185,0.7777777777669753,56,16,23,62
com_erro,catboost,oscilacao,60,35,35,135,135,75,60,77,58,14,22,8,0.762962962962963,0.7624272279444693,0.8082191780821918,0.7662337662337663,0.7866666666666666,0.7586206896420928,44,14,18,59
com_erro,catboost,oscilacao,60,40,40,118,118,64,54,66,52,13,20,7,0.7288135593220338,0.7310606060606061,0.7833333333333333,0.7121212121212122,0.746031746031746,0.749999999985577,39,13,19,47
com_erro,catboost,oscilacao,60,45,45,105,105,57,48,59,46,14,22,8,0.6952380952380952,0.6880987472365512,0.7213114754098361,0.7457627118644068,0.7333333333333333,0.6304347825949906,29,17,15,44
com_erro,catboost,oscilacao,60,50,50,94,94,52,42,53,41,14,21,7,0.7446808510638298,0.7321675103543488,0.7457627118644068,0.8301886792452831,0.7857142857142857,0.6341463414479477,26,15,9,44
com_erro,catboost,oscilacao,60,55,55,86,86,46,40,48,38,13,22,9,0.7209302325581395,0.7198464912280702,0.7608695652173914,0.7291666666666666,0.7446808510638298,0.7105263157707757,27,11,13,35
com_erro,catboost,oscilacao,60,60,60,79,79,42,37,40,39,14,21,7,0.7088607594936709,0.7089743589743589,0.717948717948718,0.7,0.7088607594936709,0.7179487179303091,28,11,12,28
com_erro,catboost,oscilacao,70,5,5,937,937,532,405,552,385,14,44,30,0.7449306296691569,0.7430453604366648,0.8015414258188824,0.7536231884057971,0.776844070961718,0.73246753246563,282,103,136,416
com_erro,catboost,oscilacao,70,10,10,469,469,268,201,278,191,14,38,24,0.744136460554371,0.7448491468605221,0.8110236220472441,0.7410071942446043,0.7744360902255639,0.74869109947252,143,48,72,206
com_erro,catboost,oscilacao,70,15,15,313,313,178,135,185,128,14,27,13,0.7348242811501597,0.7311444256756756,0.7897727272727273,0.7513513513513513,0.7700831024930748,0.7109374999944459,91,37,46,139
com_erro,catboost,oscilacao,70,20,20,235,235,132,103,142,93,14,27,13,0.7446808510638298,0.7516280478570347,0.8360655737704918,0.7183098591549296,0.7727272727272727,0.7849462365506995,73,20,40,102
com_erro,catboost,oscilacao,70,25,25,188,188,107,81,111,77,14,27,13,0.7127659574468085,0.709020709020709,0.7714285714285715,0.7297297297297297,0.75,0.6883116883027491,53,24,30,81
com_erro,catboost,oscilacao,70,30,30,157,157,90,67,94,63,14,27,13,0.7006369426751592,0.6950354609929078,0.7640449438202247,0.723404255319149,0.7431693989071039,0.6666666666560846,42,21,26,68
com_erro,catboost,oscilacao,70,35,35,134,134,77,57,79,55,13,26,13,0.7313432835820896,0.7279631760644418,0.7866666666666666,0.7468354430379747,0.7662337662337663,0.7090909090780165,39,16,20,59
com_erro,catboost,oscilacao,70,40,40,118,118,66,52,72,46,12,22,10,0.7372881355932204,0.7376207729468599,0.8153846153846154,0.7361111111111112,0.7737226277372263,0.7391304347665407,34,12,19,53
com_erro,catboost,oscilacao,70,45,45,105,105,59,46,63,42,13,20,7,0.7238095238095238,0.7103174603174603,0.765625,0.7777777777777778,0.7716535433070866,0.6428571428418368,27,15,14,49
com_erro,catboost,oscilacao,70,50,50,94,94,55,39,56,38,12,22,10,0.7446808510638298,0.730733082706767,0.7758620689655172,0.8035714285714286,0.7894736842105263,0.6578947368247923,25,13,11,45
com_erro,catboost,oscilacao,70,55,55,86,86,49,37,52,34,12,19,7,0.7790697674418605,0.7816742081447964,0.851063829787234,0.7692307692307693,0.8080808080808081,0.7941176470354672,27,7,12,40
com_erro,catboost,oscilacao,70,60,60,79,79,44,35,49,30,10,16,6,0.6962025316455697,0.6969387755102041,0.7906976744186046,0.6938775510204082,0.7391304347826086,0.6999999999766666,21,9,15,34
com_erro,catboost,oscilacao,70,65,65,73,73,41,32,45,28,11,19,8,0.6027397260273972,0.6035714285714285,0.7105263157894737,0.6,0.6506024096385542,0.6071428571211734,17,11,18,27
com_erro,catboost,oscilacao,70,70,70,67,67,39,28,39,28,12,21,9,0.6417910447761194,0.6268315018315018,0.6829268292682927,0.717948717948718,0.7,0.5357142856951531,15,13,11,28
com_erro,catboost,oscilacao,80,5,5,935,935,549,386,576,359,14,49,35,0.7283422459893049,0.7217966573816156,0.7970479704797048,0.75,0.7728085867620751,0.6935933147612992,249,110,144,432
com_erro,catboost,oscilacao,80,10,10,468,468,277,191,290,178,14,37,23,0.7435897435897436,0.7366912049593181,0.8102189781021898,0.7655172413793103,0.7872340425531915,0.7078651685353491,126,52,68,222
com_erro,catboost,oscilacao,80,15,15,312,312,181,131,191,121,14,30,16,0.7275641025641025,0.7199385573969106,0.7912087912087912,0.7539267015706806,0.7721179624664879,0.6859504132174714,83,38,47,144
com_erro,catboost,oscilacao,80,20,20,234,234,139,95,146,88,12,29,17,0.7350427350427351,0.726727895392279,0.8043478260869565,0.7602739726027398,0.7816901408450704,0.6931818181739411,61,27,35,111
com_erro,catboost,oscilacao,80,25,25,187,187,111,76,116,71,13,23,10,0.7700534759358288,0.7600169985429821,0.8230088495575221,0.8017241379310345,0.8122270742358079,0.7183098591448125,51,20,23,93
com_erro,catboost,oscilacao,80,30,30,156,156,93,63,97,59,12,26,14,0.717948717948718,0.713437008561943,0.797752808988764,0.7319587628865979,0.7634408602150538,0.6949152542255099,41,18,26,71
com_erro,catboost,oscilacao,80,35,35,134,134,81,53,85,49,12,26,14,0.7089552238805971,0.692797118847539,0.7804878048780488,0.7529411764705882,0.7664670658682635,0.6326530612115786,31,18,21,64
com_erro,catboost,oscilacao,80,40,40,117,117,70,47,73,44,12,22,10,0.717948717948718,0.7152864259028643,0.803030303030303,0.726027397260274,0.762589928057554,0.7045454545294422,31,13,20,53
com_erro,catboost,oscilacao,80,45,45,104,104,61,43,65,39,12,19,7,0.7403846153846154,0.7256410256410256,0.796875,0.7846153846153846,0.7906976744186046,0.6666666666495727,26,13,14,51
com_erro,catboost,oscilacao,80,50,50,94,94,57,37,59,35,11,19,8,0.7553191489361702,0.7295399515738499,0.7903225806451613,0.8305084745762712,0.8099173553719008,0.6285714285534695,22,13,10,49
com_erro,catboost,oscilacao,80,55,55,85,85,51,34,51,34,12,16,4,0.7647058823529411,0.7450980392156863,0.7818181818181819,0.8431372549019608,0.8113207547169812,0.6470588235103807,22,12,8,43
com_erro,catboost,oscilacao,80,60,60,78,78,47,31,52,26,7,16,9,0.6794871794871795,0.6346153846153846,0.7547169811320755,0.7692307692307693,0.7619047619047619,0.4999999999807692,13,13,12,40
com_erro,catboost,oscilacao,80,65,65,72,72,43,29,45,27,10,15,5,0.7083333333333334,0.7,0.7857142857142857,0.7333333333333333,0.7586206896551724,0.6666666666419753,18,9,12,33
com_erro,catboost,oscilacao,80,70,70,67,67,42,25,42,25,10,16,6,0.6716417910447762,0.6409523809523809,0.7272727272727273,0.7619047619047619,0.7441860465116279,0.5199999999792,13,12,10,32
com_erro,catboost,oscilacao,80,75,75,63,63,38,25,39,24,9,14,5,0.6984126984126984,0.6923076923076923,0.7777777777777778,0.717948717948718,0.7466666666666667,0.6666666666388888,16,8,11,28
com_erro,catboost,oscilacao,80,80,80,59,59,35,24,34,25,12,15,3,0.6949152542372882,0.6876470588235295,0.7352941176470589,0.7352941176470589,0.7352941176470589,0.6399999999744,16,9,9,25
com_erro,catboost,oscilacao,90,5,5,933,933,565,368,600,333,12,44,32,0.7256162915326902,0.7038138138138138,0.7905405405405406,0.78,0.785234899328859,0.6276276276257429,209,124,132,468
com_erro,catboost,oscilacao,90,10,10,467,467,285,182,302,165,12,34,22,0.7366167023554604,0.7207505518763797,0.8096885813148789,0.7748344370860927,0.7918781725888325,0.6666666666626263,110,55,68,234
com_erro,catboost,oscilacao,90,15,15,311,311,188,123,197,114,12,31,19,0.7363344051446945,0.7179624187371983,0.7948717948717948,0.7868020304568528,0.7908163265306123,0.6491228070118498,74,40,42,155
com_erro,catboost,oscilacao,90,20,20,234,234,141,93,154,80,12,27,15,0.7478632478632479,0.7333603896103896,0.8275862068965517,0.7792207792207793,0.802675585284281,0.6874999999914062,55,25,34,120
com_erro,catboost,oscilacao,90,25,25,187,187,112,75,120,67,12,28,16,0.7700534759358288,0.7615049751243781,0.8407079646017699,0.7916666666666666,0.8154506437768241,0.731343283571174,49,18,25,95
com_erro,catboost,oscilacao,90,30,30,156,156,94,62,99,57,12,25,13,0.717948717948718,0.7070707070707071,0.7956989247311828,0.7474747474747475,0.7708333333333334,0.6666666666549708,38,19,25,74
com_erro,catboost,oscilacao,90,35,35,134,134,83,51,88,46,11,23,12,0.7164179104477612,0.695899209486166,0.7976190476190477,0.7613636363636364,0.7790697674418605,0.6304347825949906,29,17,21,67
com_erro,catboost,oscilacao,90,40,40,117,117,70,47,77,40,9,21,12,0.7008547008547008,0.6886363636363637,0.8,0.7272727272727273,0.7619047619047619,0.64999999998375,26,14,21,56
com_erro,catboost,oscilacao,90,45,45,104,104,63,41,67,37,11,18,7,0.7115384615384616,0.6853569987898347,0.7761194029850746,0.7761194029850746,0.7761194029850746,0.5945945945785245,22,15,15,52
com_erro,catboost,oscilacao,90,50,50,94,94,57,37,62,32,9,22,13,0.7340425531914894,0.7152217741935484,0.8135593220338984,0.7741935483870968,0.7933884297520661,0.6562499999794923,21,11,14,48
com_erro,catboost,oscilacao,90,55,55,85,85,52,33,55,30,10,16,6,0.7647058823529411,0.7424242424242424,0.8181818181818182,0.8181818181818182,0.8181818181818182,0.6666666666444444,20,10,10,45
com_erro,catboost,oscilacao,90,60,60,78,78,47,31,53,25,7,16,9,0.6794871794871795,0.6373584905660378,0.7692307692307693,0.7547169811320755,0.7619047619047619,0.5199999999792,13,12,13,40
com_erro,catboost,oscilacao,90,65,65,72,72,43,29,45,27,10,16,6,0.6805555555555556,0.6777777777777778,0.775,0.6888888888888889,0.7294117647058823,0.6666666666419753,18,9,14,31
com_erro,catboost,oscilacao,90,70,70,67,67,44,23,44,23,9,15,6,0.582089552238806,0.5261857707509882,0.6739130434782609,0.7045454545454546,0.6888888888888889,0.3478260869413989,8,15,13,31
com_erro,catboost,oscilacao,90,75,75,63,63,39,24,41,22,8,12,4,0.7619047619047619,0.7328159645232816,0.8095238095238095,0.8292682926829268,0.8192771084337349,0.6363636363347107,14,8,7,34
com_erro,catboost,oscilacao,90,80,80,59,59,35,24,38,21,9,12,3,0.6949152542372882,0.7098997493734336,0.8333333333333334,0.6578947368421053,0.7352941176470589,0.7619047618684808,16,5,13,25
com_erro,catboost,oscilacao,90,85,85,55,55,35,20,35,20,9,13,4,0.7272727272727273,0.6892857142857143,0.7631578947368421,0.8285714285714286,0.7945205479452054,0.5499999999725,11,9,6,29
com_erro,catboost,oscilacao,90,90,90,52,52,30,22,35,17,8,13,5,0.6538461538461539,0.6067226890756303,0.7428571428571429,0.7428571428571429,0.7428571428571429,0.470588235266436,8,9,9,26
com_erro,catboost,oscilacao,100,5,5,931,931,581,350,620,311,12,45,33,0.728249194414608,0.6950082978944093,0.7964458804523424,0.7951612903225806,0.7958030669895076,0.5948553054643252,185,126,127,493
com_erro,catboost,oscilacao,100,10,10,466,466,293,173,312,154,12,29,17,0.7167381974248928,0.6815892440892442,0.7903225806451613,0.7852564102564102,0.7877813504823151,0.5779220779183252,89,65,67,245
com_erro,catboost,oscilacao,100,15,15,311,311,194,117,208,103,12,27,15,0.7266881028938906,0.7074542569081403,0.8153846153846154,0.7644230769230769,0.7890818858560794,0.6504854368868884,67,36,49,159
com_erro,catboost,oscilacao,100,20,20,233,233,147,86,156,77,12,25,13,0.7424892703862661,0.7254828504828505,0.8287671232876712,0.7756410256410257,0.8013245033112583,0.6753246753159048,52,25,35,121
com_erro,catboost,oscilacao,100,25,25,187,187,118,69,126,61,11,26,15,0.7272727272727273,0.696135831381733,0.8048780487804879,0.7857142857142857,0.7951807228915663,0.6065573770392368,37,24,27,99
com_erro,catboost,oscilacao,100,30,30,156,156,98,58,106,50,9,21,12,0.717948717948718,0.7079245283018868,0.8297872340425532,0.7358490566037735,0.78,0.6799999999864,34,16,28,78
com_erro,catboost,oscilacao,100,35,35,133,133,85,48,90,43,9,20,11,0.6390977443609023,0.5875968992248062,0.7333333333333333,0.7333333333333333,0.7333333333333333,0.4418604651060033,19,24,24,66
com_erro,catboost,oscilacao,100,40,40,117,117,73,44,78,39,8,19,11,0.6923076923076923,0.6538461538461539,0.7692307692307693,0.7692307692307693,0.7692307692307693,0.5384615384477318,21,18,18,60
com_erro,catboost,oscilacao,100,45,45,104,104,65,39,72,32,8,15,7,0.7403846153846154,0.6822916666666667,0.8,0.8333333333333334,0.8163265306122449,0.5312499999833985,17,15,12,60
com_erro,catboost,oscilacao,100,50,50,94,94,60,34,66,28,8,17,9,0.6382978723404256,0.5882034632034632,0.7580645161290323,0.7121212121212122,0.734375,0.4642857142691327,13,15,19,47
com_erro,catboost,oscilacao,100,55,55,85,85,52,33,56,29,10,17,7,0.7647058823529411,0.7632389162561577,0.86,0.7678571428571429,0.8113207547169812,0.7586206896290131,22,7,13,43
com_erro,catboost,oscilacao,100,60,60,78,78,49,29,53,25,7,17,10,0.6538461538461539,0.629056603773585,0.7708333333333334,0.6981132075471698,0.7326732673267327,0.5599999999776,14,11,16,37
com_erro,catboost,oscilacao,100,65,65,72,72,44,28,45,27,10,14,4,0.7222222222222222,0.7185185185185186,0.8048780487804879,0.7333333333333333,0.7674418604651163,0.7037037036776406,19,8,12,33
com_erro,catboost,oscilacao,100,70,70,67,67,44,23,45,22,8,15,7,0.6865671641791045,0.6272727272727273,0.75,0.8,0.7741935483870968,0.4545454545247934,10,12,9,36
com_erro,catboost,oscilacao,100,75,75,63,63,40,23,43,20,8,15,7,0.6666666666666666,0.6488372093023256,0.7894736842105263,0.6976744186046512,0.7407407407407407,0.59999999997,12,8,13,30
com_erro,catboost,oscilacao,100,80,80,59,59,36,23,39,20,8,13,5,0.576271186440678,0.5576923076923077,0.7058823529411765,0.6153846153846154,0.6575342465753424,0.499999999975,10,10,15,24
com_erro,catboost,oscilacao,100,85,85,55,55,36,19,37,18,8,15,7,0.6363636363636364,0.6156156156156156,0.7575757575757576,0.6756756756756757,0.7142857142857143,0.5555555555246914,10,8,12,25
com_erro,catboost,oscilacao,100,90,90,52,52,32,20,38,14,6,12,6,0.7115384615384616,0.599624060150376,0.7804878048780488,0.8421052631578947,0.810126582278481,0.35714285711734695,5,9,6,32
com_erro,catboost,oscilacao,100,95,95,49,49,30,19,32,17,9,9,0,0.6326530612244898,0.5395220588235294,0.675,0.84375,0.75,0.235294117633218,4,13,5,27
com_erro,catboost,oscilacao,100,100,100,47,47,30,17,31,16,8,10,2,0.5957446808510638,0.5272177419354839,0.6764705882352942,0.7419354838709677,0.7076923076923077,0.31249999998046873,5,11,8,23
com_erro,catboost,queda,20,5,5,947,947,218,729,195,752,21,43,22,0.8595564941921858,0.7482371794871795,0.6987179487179487,0.558974358974359,0.6210826210826211,0.9374999999987533,705,47,86,109
com_erro,catboost,queda,20,10,10,474,474,108,366,97,377,20,34,14,0.8776371308016878,0.7507998578030572,0.8,0.5360824742268041,0.6419753086419753,0.9655172413767493,364,13,45,52
com_erro,catboost,queda,20,15,15,316,316,73,243,67,249,19,34,15,0.8607594936708861,0.7480069531858778,0.7254901960784313,0.5522388059701493,0.6271186440677966,0.9437751003978162,235,14,30,37
com_erro,catboost,queda,20,20,20,237,237,54,183,47,190,18,24,6,0.8776371308016878,0.7555431131019037,0.7647058823529411,0.5531914893617021,0.6419753086419753,0.9578947368370637,182,8,21,26
com_erro,catboost,queda,30,5,5,945,945,259,686,234,711,19,55,36,0.8243386243386244,0.7485123877528941,0.660377358490566,0.5982905982905983,0.6278026905829597,0.8987341772139258,639,72,94,140
com_erro,catboost,queda,30,10,10,473,473,129,344,116,357,19,37,18,0.8583509513742071,0.7606732348111658,0.7951807228915663,0.5689655172413793,0.6633165829145728,0.9523809523782847,340,17,50,66
com_erro,catboost,queda,30,15,15,315,315,89,226,78,237,16,25,9,0.8507936507936508,0.7589256734826355,0.7627118644067796,0.5769230769230769,0.656934306569343,0.940928270038224,223,14,33,45
com_erro,catboost,queda,30,20,20,237,237,68,169,60,177,16,25,9,0.8523206751054853,0.7689265536723164,0.7659574468085106,0.6,0.6728971962616822,0.9378531073393342,166,11,24,36
com_erro,catboost,queda,30,25,25,189,189,47,142,46,143,15,17,2,0.873015873015873,0.7686226816661599,0.8666666666666667,0.5652173913043478,0.6842105263157895,0.9720279720211747,139,4,20,26
com_erro,catboost,queda,30,30,30,158,158,44,114,41,117,14,21,7,0.8354430379746836,0.762143006045445,0.7142857142857143,0.6097560975609756,0.6578947368421053,0.914529914522098,107,10,16,25
com_erro,catboost,queda,40,5,5,943,943,297,646,268,675,17,50,33,0.8038176033934252,0.7695936981757878,0.6445993031358885,0.6902985074626866,0.6666666666666666,0.8488888888876313,573,102,83,185
com_erro,catboost,queda,40,10,10,472,472,148,324,134,338,16,41,25,0.8177966101694916,0.7556742912655656,0.7068965517241379,0.6119402985074627,0.656,0.8994082840210077,304,34,52,82
com_erro,catboost,queda,40,15,15,315,315,97,218,91,224,16,38,22,0.8222222222222222,0.7803914835164836,0.6966292134831461,0.6813186813186813,0.6888888888888889,0.8794642857103596,197,27,29,62
com_erro,catboost,queda,40,20,20,236,236,74,162,65,171,14,29,15,0.8516949152542372,0.8022941970310391,0.75,0.6923076923076923,0.72,0.9122807017490511,156,15,20,45
com_erro,catboost,queda,40,25,25,189,189,59,130,50,139,14,22,8,0.8148148148148148,0.7268345323741008,0.6923076923076923,0.54,0.6067415730337079,0.9136690647416283,127,12,23,27
com_erro,catboost,queda,40,30,30,158,158,48,110,45,113,15,27,12,0.8037974683544303,0.7491642084562439,0.6666666666666666,0.6222222222222222,0.6436781609195402,0.8761061946825123,99,14,17,28
com_erro,catboost,queda,40,35,35,135,135,44,91,35,100,15,23,8,0.7703703703703704,0.687142857142857,0.5625,0.5142857142857142,0.5373134328358209,0.8599999999914,86,14,17,18
com_erro,catboost,queda,40,40,40,118,118,35,83,33,85,14,17,3,0.8050847457627118,0.7256684491978609,0.6923076923076923,0.5454545454545454,0.6101694915254238,0.905882352930519,77,8,15,18
com_erro,catboost,queda,50,5,5,941,941,332,609,298,643,15,50,35,0.7906482465462275,0.7684902982036803,0.6573208722741433,0.7080536912751678,0.6817447495961227,0.8289269051309037,533,110,87,211
com_erro,catboost,queda,50,10,10,471,471,165,306,149,322,15,43,28,0.7983014861995754,0.7695506273708783,0.6776315789473685,0.6912751677852349,0.6843853820598007,0.8478260869538887,273,49,46,103
com_erro,catboost,queda,50,15,15,314,314,112,202,102,212,14,35,21,0.802547770700637,0.7825564187939327,0.6851851851851852,0.7254901960784313,0.7047619047619048,0.8396226415054735,178,34,28,74
com_erro,catboost,queda,50,20,20,236,236,85,151,75,161,15,30,15,0.8135593220338984,0.7885714285714285,0.7012987012987013,0.72,0.7105263157894737,0.8571428571375334,138,23,21,54
com_erro,catboost,queda,50,25,25,189,189,65,124,60,129,15,25,10,0.746031746031746,0.6936046511627907,0.6111111111111112,0.55,0.5789473684210527,0.8372093023190915,108,21,27,33
com_erro,catboost,queda,50,30,30,157,157,56,101,50,107,14,29,15,0.7898089171974523,0.7499065420560748,0.6808510638297872,0.64,0.6597938144329897,0.8598130841041138,92,15,18,32
com_erro,catboost,queda,50,35,35,135,135,51,84,40,95,14,22,8,0.7777777777777778,0.7118421052631579,0.6470588235294118,0.55,0.5945945945945946,0.8736842105171191,83,12,18,22
com_erro,catboost,queda,50,40,40,118,118,43,75,38,80,13,22,9,0.8050847457627118,0.7664473684210527,0.7142857142857143,0.6578947368421053,0.684931506849315,0.8749999999890624,70,10,13,25
com_erro,catboost,queda,50,45,45,105,105,38,67,34,71,13,14,1,0.8,0.7294946147473074,0.782608695652174,0.5294117647058824,0.631578947368421,0.9295774647756397,66,5,16,18
com_erro,catboost,queda,50,50,50,95,95,32,63,31,64,14,22,8,0.7473684210526316,0.7043850806451613,0.6206896551724138,0.5806451612903226,0.6,0.8281249999870605,53,11,13,18
com_erro,catboost,queda,60,5,5,939,939,364,575,326,613,15,58,43,0.7348242811501597,0.7250923247830743,0.6026666666666667,0.6932515337423313,0.644793152639087,0.7569331158225825,464,149,100,226
com_erro,catboost,queda,60,10,10,470,470,181,289,163,307,15,42,27,0.7595744680851064,0.7598469255210727,0.6262626262626263,0.7607361963190185,0.6869806094182825,0.7589576547206549,233,74,39,124
com_erro,catboost,queda,60,15,15,313,313,123,190,108,205,14,37,23,0.7731629392971247,0.769873532068654,0.6456692913385826,0.7592592592592593,0.6978723404255319,0.7804878048742415,160,45,26,82
com_erro,catboost,queda,60,20,20,235,235,91,144,79,156,14,35,21,0.7872340425531915,0.7741398896462188,0.6666666666666666,0.7341772151898734,0.6987951807228916,0.8141025640973456,127,29,21,58
com_erro,catboost,queda,60,25,25,188,188,71,117,63,125,14,27,13,0.7712765957446809,0.7492698412698413,0.6515151515151515,0.6825396825396826,0.6666666666666666,0.815999999993472,102,23,20,43
com_erro,catboost,queda,60,30,30,157,157,61,96,55,102,14,29,15,0.7834394904458599,0.7914438502673797,0.6521739130434783,0.8181818181818182,0.7258064516129032,0.764705882345444,78,24,10,45
com_erro,catboost,queda,60,35,35,135,135,54,81,48,87,14,24,10,0.6962962962962963,0.6616379310344828,0.5777777777777777,0.5416666666666666,0.5591397849462365,0.7816091953933149,68,19,22,26
com_erro,catboost,queda,60,40,40,118,118,47,71,39,79,13,23,10,0.8135593220338984,0.789354105809802,0.717948717948718,0.717948717948718,0.717948717948718,0.8607594936599904,68,11,11,28
com_erro,catboost,queda,60,45,45,105,105,40,65,37,68,13,22,9,0.7523809523809524,0.7102543720190779,0.6774193548387096,0.5675675675675675,0.6176470588235294,0.8529411764580449,58,10,16,21
com_erro,catboost,queda,60,50,50,94,94,35,59,30,64,13,19,6,0.7446808510638298,0.7151041666666667,0.59375,0.6333333333333333,0.6129032258064516,0.7968749999875487,51,13,11,19
com_erro,catboost,queda,60,55,55,86,86,34,52,28,58,13,20,7,0.7674418604651163,0.7444581280788177,0.6333333333333333,0.6785714285714286,0.6551724137931034,0.8103448275722355,47,11,9,19
com_erro,catboost,queda,60,60,60,79,79,31,48,27,52,13,16,3,0.6962025316455697,0.6712962962962963,0.5517241379310345,0.5925925925925926,0.5714285714285714,0.749999999985577,39,13,11,16
com_erro,catboost,queda,70,5,5,937,937,394,543,354,583,15,51,36,0.6990394877267876,0.6982294967584383,0.5857142857142857,0.6949152542372882,0.6356589147286822,0.701543739278385,409,174,108,246
com_erro,catboost,queda,70,10,10,469,469,196,273,177,292,15,44,29,0.7228144989339019,0.719545700797152,0.6157635467980296,0.7062146892655368,0.6578947368421053,0.7328767123262573,214,78,52,125
com_erro,catboost,queda,70,15,15,313,313,129,184,120,193,14,33,19,0.7156549520766773,0.7142702936096719,0.6115107913669064,0.7083333333333334,0.6563706563706564,0.7202072538822788,139,54,35,85
com_erro,catboost,queda,70,20,20,235,235,100,135,89,146,14,31,17,0.7404255319148936,0.7318762505771894,0.6458333333333334,0.6966292134831461,0.6702702702702703,0.7671232876659787,112,34,27,62
com_erro,catboost,queda,70,25,25,188,188,77,111,67,121,13,27,14,0.75,0.7358455655606266,0.6388888888888888,0.6865671641791045,0.6618705035971223,0.7851239669356601,95,26,21,46
com_erro,catboost,queda,70,30,30,157,157,64,93,59,98,14,25,11,0.7452229299363057,0.7352127291594603,0.6507936507936508,0.6949152542372882,0.6721311475409836,0.7755102040737193,76,22,18,41
com_erro,catboost,queda,70,35,35,134,134,58,76,50,84,13,29,16,0.664179104477612,0.6430952380952382,0.5490196078431373,0.56,0.5544554455445545,0.7261904761818311,61,23,22,28
com_erro,catboost,queda,70,40,40,118,118,50,68,44,74,14,25,11,0.7457627118644068,0.7374078624078624,0.6458333333333334,0.7045454545454546,0.6739130434782609,0.7702702702598612,57,17,13,31
com_erro,catboost,queda,70,45,45,105,105,43,62,39,66,14,21,7,0.7523809523809524,0.7296037296037297,0.6756756756756757,0.6410256410256411,0.6578947368421053,0.8181818181694215,54,12,14,25
com_erro,catboost,queda,70,50,50,94,94,39,55,32,62,13,19,6,0.7340425531914894,0.7001008064516129,0.6129032258064516,0.59375,0.6031746031746031,0.8064516128902186,50,12,13,19
com_erro,catboost,queda,70,55,55,86,86,34,52,30,56,12,20,8,0.8023255813953488,0.8017857142857143,0.6857142857142857,0.8,0.7384615384615385,0.8035714285570791,45,11,6,24
com_erro,catboost,queda,70,60,60,79,79,33,46,31,48,12,18,6,0.620253164556962,0.5903897849462365,0.5185185185185185,0.45161290322580644,0.4827586206896552,0.7291666666514758,35,13,17,14
com_erro,catboost,queda,70,65,65,73,73,25,48,28,45,12,15,3,0.6986301369863014,0.6678571428571429,0.625,0.5357142857142857,0.5769230769230769,0.7999999999822223,36,9,13,15
com_erro,catboost,queda,70,70,70,67,67,30,37,23,44,12,14,2,0.7761194029850746,0.7465415019762847,0.6818181818181818,0.6521739130434783,0.6666666666666666,0.8409090908899794,37,7,8,15
com_erro,catboost,queda,80,5,5,935,935,424,511,381,554,14,52,38,0.6951871657754011,0.7026185129385902,0.6021276595744681,0.7427821522309711,0.6650998824911868,0.6624548736450137,367,187,98,283
com_erro,catboost,queda,80,10,10,468,468,211,257,191,277,14,45,31,0.688034188034188,0.6893227739240555,0.6018099547511312,0.6963350785340314,0.6456310679611651,0.6823104693116162,189,88,58,133
com_erro,catboost,queda,80,15,15,312,312,142,170,129,183,13,30,17,0.6987179487179487,0.6997077138136993,0.6190476190476191,0.7054263565891473,0.6594202898550725,0.6939890710344592,127,56,38,91
com_erro,catboost,queda,80,20,20,234,234,106,128,93,141,13,30,17,0.7051282051282052,0.7095630290551361,0.6071428571428571,0.7311827956989247,0.6634146341463415,0.6879432624064685,97,44,25,68
com_erro,catboost,queda,80,25,25,187,187,82,105,75,112,13,29,16,0.7058823529411765,0.6950000000000001,0.631578947368421,0.64,0.6357615894039735,0.7499999999933036,84,28,27,48
com_erro,catboost,queda,80,30,30,156,156,71,85,64,92,13,26,13,0.7115384615384616,0.7102581521739131,0.6338028169014085,0.703125,0.6666666666666666,0.7173913043400283,66,26,19,45
com_erro,catboost,queda,80,35,35,134,134,64,70,52,82,13,27,14,0.6492537313432836,0.6465759849906192,0.5409836065573771,0.6346153846153846,0.584070796460177,0.6585365853578227,54,28,19,33
com_erro,catboost,queda,80,40,40,117,117,52,65,47,70,12,24,12,0.717948717948718,0.7188449848024316,0.6296296296296297,0.723404255319149,0.6732673267326733,0.7142857142755101,50,20,13,34
com_erro,catboost,queda,80,45,45,104,104,48,56,42,62,11,21,10,0.7211538461538461,0.7162058371735791,0.6444444444444445,0.6904761904761905,0.6666666666666666,0.7419354838590011,46,16,13,29
com_erro,catboost,queda,80,50,50,94,94,42,52,36,58,13,22,9,0.6914893617021277,0.6762452107279694,0.5945945945945946,0.6111111111111112,0.6027397260273972,0.7413793103320452,43,15,14,22
com_erro,catboost,queda,80,55,55,85,85,38,47,35,50,11,22,11,0.6823529411764706,0.6828571428571428,0.6,0.6857142857142857,0.64,0.6799999999864,34,16,11,24
com_erro,catboost,queda,80,60,60,78,78,35,43,33,45,11,18,7,0.6666666666666666,0.6585858585858586,0.6060606060606061,0.6060606060606061,0.6060606060606061,0.7111111110953087,32,13,13,20
com_erro,catboost,queda,80,65,65,72,72,27,45,31,41,11,16,5,0.5972222222222222,0.5912667191188041,0.53125,0.5483870967741935,0.5396825396825397,0.6341463414479477,26,15,14,17
com_erro,catboost,queda,80,70,70,67,67,34,33,24,43,12,17,5,0.7014925373134329,0.7030038759689923,0.5666666666666667,0.7083333333333334,0.6296296296296297,0.6976744185884263,30,13,7,17
com_erro,catboost,queda,80,75,75,63,63,28,35,26,37,10,16,6,0.6190476190476191,0.6070686070686071,0.5384615384615384,0.5384615384615384,0.5384615384615384,0.6756756756574143,25,12,12,14
com_erro,catboost,queda,80,80,80,59,59,25,34,23,36,11,14,3,0.7288135593220338,0.7149758454106281,0.6521739130434783,0.6521739130434783,0.6521739130434783,0.777777777756173,28,8,8,15
com_erro,catboost,queda,90,5,5,933,933,454,479,407,526,14,55,41,0.6452304394426581,0.6539550265786007,0.57421875,0.7223587223587223,0.6398258977149075,0.5855513307973659,308,218,113,294
com_erro,catboost,queda,90,10,10,467,467,226,241,204,263,14,45,31,0.6809421841541756,0.6864888540967717,0.6131687242798354,0.7303921568627451,0.6666666666666666,0.6425855513283553,169,94,55,149
com_erro,catboost,queda,90,15,15,311,311,153,158,135,176,12,38,26,0.6591639871382636,0.6695286195286195,0.5838150289017341,0.7481481481481481,0.6558441558441559,0.5909090909057335,104,72,34,101
com_erro,catboost,queda,90,20,20,234,234,115,119,102,132,13,28,15,0.6752136752136753,0.6820409982174689,0.6048387096774194,0.7352941176470589,0.6637168141592921,0.6287878787831153,83,49,27,75
com_erro,catboost,queda,90,25,25,187,187,91,96,78,109,12,32,20,0.6844919786096256,0.6856033874382499,0.6067415730337079,0.6923076923076923,0.6467065868263473,0.6788990825625789,74,35,24,54
com_erro,catboost,queda,90,30,30,156,156,76,80,69,87,12,29,17,0.6730769230769231,0.684407796101949,0.6,0.782608695652174,0.6792452830188679,0.5862068965449861,51,36,15,54
com_erro,catboost,queda,90,35,35,134,134,67,67,57,77,12,24,12,0.6343283582089553,0.6339712918660287,0.5625,0.631578947368421,0.5950413223140496,0.6363636363553719,49,28,21,36
com_erro,catboost,queda,90,40,40,117,117,58,59,51,66,11,26,15,0.6581196581196581,0.6680035650623886,0.5846153846153846,0.7450980392156863,0.6551724137931034,0.5909090909001377,39,27,13,38
com_erro,catboost,queda,90,45,45,104,104,53,51,44,60,10,19,9,0.6730769230769231,0.6742424242424242,0.6,0.6818181818181818,0.6382978723404256,0.6666666666555556,40,20,14,30
com_erro,catboost,queda,90,50,50,94,94,45,49,38,56,12,20,8,0.7340425531914894,0.7260338345864662,0.6666666666666666,0.6842105263157895,0.6753246753246753,0.7678571428434312,43,13,12,26
com_erro,catboost,queda,90,55,55,85,85,42,43,35,50,11,19,8,0.6705882352941176,0.6728571428571428,0.5853658536585366,0.6857142857142857,0.631578947368421,0.6599999999868,33,17,11,24
com_erro,catboost,queda,90,60,60,78,78,37,41,36,42,11,20,9,0.6282051282051282,0.628968253968254,0.5897435897435898,0.6388888888888888,0.6133333333333333,0.6190476190328799,26,16,13,23
com_erro,catboost,queda,90,65,65,72,72,34,38,32,40,10,15,5,0.5972222222222222,0.603125,0.5384615384615384,0.65625,0.5915492957746479,0.54999999998625,22,18,11,21
com_erro,catboost,queda,90,70,70,67,67,35,32,25,42,12,15,3,0.6567164179104478,0.6614285714285715,0.53125,0.68,0.5964912280701754,0.6428571428418368,27,15,8,17
com_erro,catboost,queda,90,75,75,63,63,32,31,27,36,10,15,5,0.6825396825396826,0.6805555555555556,0.6206896551724138,0.6666666666666666,0.6428571428571429,0.6944444444251544,25,11,9,18
com_erro,catboost,queda,90,80,80,59,59,25,34,25,34,10,14,4,0.7627118644067796,0.7464705882352941,0.7619047619047619,0.64,0.6956521739130435,0.8529411764455018,29,5,9,16
com_erro,catboost,queda,90,85,85,55,55,26,29,24,31,11,13,2,0.6363636363636364,0.6256720430107527,0.5909090909090909,0.5416666666666666,0.5652173913043478,0.7096774193319458,22,9,11,13
com_erro,catboost,queda,90,90,90,52,52,26,26,23,29,10,15,5,0.6923076923076923,0.6791604197901049,0.6842105263157895,0.5652173913043478,0.6190476190476191,0.7931034482485136,23,6,10,13
com_erro,catboost,queda,100,5,5,931,931,482,449,432,499,12,55,43,0.6337271750805585,0.6419992763304386,0.5808170515097691,0.7569444444444444,0.6572864321608041,0.5270541082153767,263,236,105,327
com_erro,catboost,queda,100,10,10,466,466,240,226,217,249,12,48,36,0.628755364806867,0.6321784835193308,0.5873015873015873,0.6820276497695853,0.6311300639658849,0.5823293172667376,145,104,69,148
com_erro,catboost,queda,100,15,15,311,311,159,152,146,165,12,39,27,0.6270096463022508,0.6323163138231631,0.5833333333333334,0.7191780821917808,0.6441717791411042,0.5454545454512397,90,75,41,105
com_erro,catboost,queda,100,20,20,233,233,120,113,106,127,11,31,20,0.6566523605150214,0.6639800921111276,0.5984848484848485,0.7452830188679245,0.6638655462184874,0.5826771653497427,74,53,27,79
com_erro,catboost,queda,100,25,25,187,187,95,92,87,100,11,31,20,0.6310160427807486,0.6325862068965518,0.59375,0.6551724137931034,0.6229508196721312,0.6099999999939,61,39,30,57
com_erro,catboost,queda,100,30,30,156,156,79,77,72,84,12,27,15,0.6666666666666666,0.6716269841269842,0.6162790697674418,0.7361111111111112,0.6708860759493671,0.6071428571356292,51,33,19,53
com_erro,catboost,queda,100,35,35,133,133,70,63,62,71,10,27,17,0.5864661654135338,0.5901862789641072,0.547945205479452,0.6451612903225806,0.5925925925925926,0.5352112675980956,38,33,22,40
com_erro,catboost,queda,100,40,40,117,117,61,56,52,65,11,24,13,0.6666666666666666,0.6730769230769231,0.6031746031746031,0.7307692307692307,0.6608695652173913,0.6153846153751479,40,25,14,38
com_erro,catboost,queda,100,45,45,104,104,54,50,49,55,10,19,9,0.625,0.625417439703154,0.5961538461538461,0.6326530612244898,0.6138613861386139,0.6181818181705786,34,21,18,31
com_erro,catboost,queda,100,50,50,94,94,47,47,44,50,11,15,4,0.6063829787234043,0.6040909090909091,0.5813953488372093,0.5681818181818182,0.5747126436781609,0.6399999999872,32,18,19,25
com_erro,catboost,queda,100,55,55,85,85,46,39,37,48,11,17,6,0.611764705882353,0.6190878378378378,0.5434782608695652,0.6756756756756757,0.6024096385542169,0.5624999999882813,27,21,12,25
com_erro,catboost,queda,100,60,60,78,78,38,40,36,42,11,18,7,0.6794871794871795,0.6825396825396826,0.6341463414634146,0.7222222222222222,0.6753246753246753,0.6428571428418368,27,15,10,26
com_erro,catboost,queda,100,65,65,72,72,38,34,35,37,10,12,2,0.5694444444444444,0.5733590733590734,0.5434782608695652,0.7142857142857143,0.6172839506172839,0.4324324324207451,16,21,10,25
com_erro,catboost,queda,100,70,70,67,67,35,32,29,38,10,18,8,0.6268656716417911,0.6302177858439202,0.5588235294117647,0.6551724137931034,0.6031746031746031,0.6052631578788089,23,15,10,19
com_erro,catboost,queda,100,75,75,63,63,32,31,30,33,11,16,5,0.6190476190476191,0.6196969696969696,0.59375,0.6333333333333333,0.6129032258064516,0.6060606060422407,20,13,11,19
com_erro,catboost,queda,100,80,80,59,59,27,32,26,33,10,14,4,0.7288135593220338,0.7249417249417249,0.6923076923076923,0.6923076923076923,0.6923076923076923,0.7575757575528008,25,8,8,18
com_erro,catboost,queda,100,85,85,55,55,28,27,25,30,11,10,-1,0.5818181818181818,0.5766666666666667,0.5416666666666666,0.52,0.5306122448979592,0.6333333333122222,19,11,12,13
com_erro,catboost,queda,100,90,90,52,52,27,25,24,28,10,11,1,0.6923076923076923,0.6964285714285714,0.6428571428571429,0.75,0.6923076923076923,0.6428571428341837,18,10,6,18
com_erro,catboost,queda,100,95,95,49,49,25,24,25,24,10,13,3,0.5714285714285714,0.5733333333333333,0.6,0.48,0.5333333333333333,0.6666666666388888,16,8,13,12
com_erro,catboost,queda,100,100,100,47,47,21,26,22,25,10,11,1,0.6382978723404256,0.6327272727272727,0.631578947368421,0.5454545454545454,0.5853658536585366,0.7199999999712,18,7,10,12
com_erro,mlp,lacuna,20,5,5,947,947,233,714,250,697,20,21,1,0.989440337909187,0.98,1.0,0.96,0.9795918367346939,0.9999999999985653,697,0,10,240
com_erro,mlp,lacuna,20,10,10,474,474,115,359,127,347,19,21,2,0.9767932489451476,0.9566929133858268,1.0,0.9133858267716536,0.9547325102880658,0.9999999999971182,347,0,11,116
com_erro,mlp,lacuna,20,15,15,316,316,77,239,84,232,19,20,1,0.9778481012658228,0.9621305418719213,0.9873417721518988,0.9285714285714286,0.9570552147239264,0.995689655168122,231,1,6,78
com_erro,mlp,lacuna,20,20,20,237,237,60,177,61,176,18,20,2,0.9789029535864979,0.959016393442623,1.0,0.9180327868852459,0.9572649572649573,0.9999999999943182,176,0,5,56
com_erro,mlp,lacuna,30,5,5,945,945,266,679,287,658,19,19,0,0.9904761904761905,0.9843205574912892,1.0,0.9686411149825784,0.984070796460177,0.9999999999984802,658,0,9,278
com_erro,mlp,lacuna,30,10,10,473,473,132,341,145,328,19,19,0,0.9809725158562368,0.9689655172413794,1.0,0.9379310344827586,0.9679715302491103,0.9999999999969512,328,0,9,136
com_erro,mlp,lacuna,30,15,15,315,315,88,227,96,219,18,18,0,0.9777777777777777,0.9635416666666667,1.0,0.9270833333333334,0.9621621621621622,0.9999999999954339,219,0,7,89
com_erro,mlp,lacuna,30,20,20,237,237,66,171,74,163,19,20,1,0.9662447257383966,0.9459459459459459,1.0,0.8918918918918919,0.9428571428571428,0.9999999999938651,163,0,8,66
com_erro,mlp,lacuna,30,25,25,189,189,52,137,55,134,18,20,2,0.9682539682539683,0.9508141112618724,0.9803921568627451,0.9090909090909091,0.9433962264150944,0.992537313425429,133,1,5,50
com_erro,mlp,lacuna,30,30,30,158,158,43,115,48,110,18,18,0,0.9746835443037974,0.9583333333333333,1.0,0.9166666666666666,0.9565217391304348,0.999999999990909,110,0,4,44
com_erro,mlp,lacuna,40,5,5,943,943,298,645,323,620,19,20,1,0.985153764581124,0.9790697093778089,0.9967845659163987,0.9597523219814241,0.9779179810725552,0.9983870967725833,619,1,13,310
com_erro,mlp,lacuna,40,10,10,472,472,148,324,163,309,19,21,2,0.9788135593220338,0.9722238767446939,0.9872611464968153,0.950920245398773,0.96875,0.9935275080873996,307,2,8,155
com_erro,mlp,lacuna,40,15,15,315,315,98,217,110,205,19,20,1,0.9619047619047619,0.953880266075388,0.9622641509433962,0.9272727272727272,0.9444444444444444,0.9804878048732659,201,4,8,102
com_erro,mlp,lacuna,40,20,20,236,236,76,160,79,157,18,19,1,0.961864406779661,0.9524711763283077,0.9605263157894737,0.9240506329113924,0.9419354838709677,0.9808917197389753,154,3,6,73
com_erro,mlp,lacuna,40,25,25,189,189,60,129,65,124,17,19,2,0.9576719576719577,0.9421215880893301,0.9830508474576272,0.8923076923076924,0.9354838709677419,0.9919354838629683,123,1,7,58
com_erro,mlp,lacuna,40,30,30,158,158,49,109,54,104,19,21,2,0.9683544303797469,0.9626068376068375,0.9622641509433962,0.9444444444444444,0.9532710280373832,0.9807692307598003,102,2,3,51
com_erro,mlp,lacuna,40,35,35,135,135,43,92,47,88,18,18,0,0.9555555555555556,0.9361702127659575,1.0,0.8723404255319149,0.9318181818181818,0.9999999999886363,88,0,6,41
com_erro,mlp,lacuna,40,40,40,118,118,38,80,40,78,17,17,0,0.9745762711864406,0.9746794871794872,0.9512195121951219,0.975,0.9629629629629629,0.9743589743464826,76,2,1,39
com_erro,mlp,lacuna,50,5,5,941,941,330,611,359,582,18,19,1,0.9691817215727949,0.9596100278551531,1.0,0.9192200557103064,0.9579100145137881,0.9999999999982818,582,0,29,330
com_erro,mlp,lacuna,50,10,10,471,471,164,307,181,290,18,22,4,0.9596602972399151,0.9527052771956563,0.9709302325581395,0.9226519337016574,0.9461756373937678,0.9827586206862664,285,5,14,167
com_erro,mlp,lacuna,50,15,15,314,314,110,204,120,194,18,19,1,0.9713375796178344,0.9625,1.0,0.925,0.961038961038961,0.9999999999948455,194,0,9,111
com_erro,mlp,lacuna,50,20,20,236,236,82,154,92,144,18,20,2,0.9322033898305084,0.9228562801932367,0.9418604651162791,0.8804347826086957,0.9101123595505618,0.9652777777710745,139,5,11,81
com_erro,mlp,lacuna,50,25,25,189,189,65,124,73,116,18,18,0,0.9629629629629629,0.9545937647614549,0.9852941176470589,0.9178082191780822,0.950354609929078,0.9913793103362811,115,1,6,67
com_erro,mlp,lacuna,50,30,30,157,157,55,102,60,97,17,19,2,0.9426751592356688,0.9313573883161512,0.9636363636363636,0.8833333333333333,0.9217391304347826,0.9793814432888723,95,2,7,53
com_erro,mlp,lacuna,50,35,35,135,135,49,86,54,81,16,18,2,0.9555555555555556,0.9475308641975309,0.98,0.9074074074074074,0.9423076923076923,0.987654320975461,80,1,5,49
com_erro,mlp,lacuna,50,40,40,118,118,43,75,44,74,17,17,0,0.9661016949152542,0.9637592137592138,0.9545454545454546,0.9545454545454546,0.9545454545454546,0.9729729729598247,72,2,2,42
com_erro,mlp,lacuna,50,45,45,105,105,35,70,36,69,16,18,2,0.9142857142857143,0.8882850241545894,0.9354838709677419,0.8055555555555556,0.8656716417910447,0.9710144927395504,67,2,7,29
com_erro,mlp,lacuna,50,50,50,95,95,36,59,35,60,18,18,0,0.9263157894736842,0.9119047619047619,0.9375,0.8571428571428571,0.8955223880597015,0.9666666666505556,58,2,5,30
com_erro,mlp,lacuna,60,5,5,939,939,362,577,393,546,18,20,2,0.9510117145899893,0.9425453681178873,0.9915014164305949,0.8905852417302799,0.938337801608579,0.9945054945036731,543,3,43,350
com_erro,mlp,lacuna,60,10,10,470,470,180,290,198,272,18,17,-1,0.9297872340425531,0.9166666666666667,1.0,0.8333333333333334,0.9090909090909091,0.9999999999963236,272,0,33,165
com_erro,mlp,lacuna,60,15,15,313,313,120,193,132,181,17,18,1,0.9488817891373802,0.9404193872425917,0.9915254237288136,0.8863636363636364,0.936,0.9944751381160527,180,1,15,117
com_erro,mlp,lacuna,60,20,20,235,235,92,143,97,138,17,18,1,0.948936170212766,0.9396757806663678,0.9885057471264368,0.8865979381443299,0.9347826086956522,0.992753623181212,137,1,11,86
com_erro,mlp,lacuna,60,25,25,188,188,73,115,77,111,16,20,4,0.9574468085106383,0.9540189540189541,0.96,0.935064935064935,0.9473684210526315,0.9729729729642074,108,3,5,72
com_erro,mlp,lacuna,60,30,30,157,157,59,98,66,91,15,18,3,0.9617834394904459,0.9587079587079588,0.96875,0.9393939393939394,0.9538461538461539,0.9780219780112305,89,2,4,62
com_erro,mlp,lacuna,60,35,35,135,135,51,84,59,76,16,17,1,0.9629629629629629,0.9576271186440678,1.0,0.9152542372881356,0.9557522123893806,0.9999999999868421,76,0,5,54
com_erro,mlp,lacuna,60,40,40,118,118,48,70,48,70,17,18,1,0.9576271186440678,0.9544642857142858,0.9574468085106383,0.9375,0.9473684210526315,0.9714285714146939,68,2,3,45
com_erro,mlp,lacuna,60,45,45,105,105,39,66,43,62,15,17,2,0.9619047619047619,0.9534883720930232,1.0,0.9069767441860465,0.9512195121951219,0.999999999983871,62,0,4,39
com_erro,mlp,lacuna,60,50,50,94,94,37,57,37,57,16,17,1,0.9468085106382979,0.9324324324324325,1.0,0.8648648648648649,0.927536231884058,0.9999999999824563,57,0,5,32
com_erro,mlp,lacuna,60,55,55,86,86,34,52,35,51,15,15,0,0.9767441860465116,0.9803921568627452,0.9459459459459459,1.0,0.9722222222222222,0.9607843137066514,49,2,0,35
com_erro,mlp,lacuna,60,60,60,79,79,31,48,33,46,15,17,2,0.9493670886075949,0.9436758893280632,0.967741935483871,0.9090909090909091,0.9375,0.978260869543951,45,1,3,30
com_erro,mlp,lacuna,70,5,5,937,937,392,545,427,510,18,19,1,0.9701173959445037,0.9696904991504798,0.9694117647058823,0.9648711943793911,0.9671361502347418,0.9745098039196578,497,13,15,412
com_erro,mlp,lacuna,70,10,10,469,469,195,274,215,254,18,20,2,0.9680170575692963,0.9672587438198132,0.9716981132075472,0.958139534883721,0.9648711943793911,0.9763779527520615,248,6,9,206
com_erro,mlp,lacuna,70,15,15,313,313,130,183,145,168,17,19,2,0.9488817891373802,0.9467159277504105,0.9708029197080292,0.9172413793103448,0.9432624113475178,0.9761904761846656,164,4,12,133
com_erro,mlp,lacuna,70,20,20,235,235,97,138,109,126,16,19,3,0.9361702127659575,0.9336682685306539,0.9607843137254902,0.8990825688073395,0.9289099526066351,0.9682539682462836,122,4,11,98
com_erro,mlp,lacuna,70,25,25,188,188,78,110,87,101,16,16,0,0.9680851063829787,0.9655172413793103,1.0,0.9310344827586207,0.9642857142857143,0.9999999999900989,101,0,6,81
com_erro,mlp,lacuna,70,30,30,157,157,65,92,72,85,16,18,2,0.9363057324840764,0.9348039215686275,0.9428571428571428,0.9166666666666666,0.9295774647887324,0.9529411764593771,81,4,6,66
com_erro,mlp,lacuna,70,35,35,134,134,59,75,63,71,15,17,2,0.9477611940298507,0.9453386988598256,0.9827586206896551,0.9047619047619048,0.9421487603305785,0.9859154929438603,70,1,6,57
com_erro,mlp,lacuna,70,40,40,118,118,48,70,56,62,16,17,1,0.923728813559322,0.9205069124423964,0.9795918367346939,0.8571428571428571,0.9142857142857143,0.9838709677260666,61,1,8,48
com_erro,mlp,lacuna,70,45,45,105,105,43,62,49,56,16,18,2,0.9142857142857143,0.9107142857142857,0.9545454545454546,0.8571428571428571,0.9032258064516129,0.964285714268495,54,2,7,42
com_erro,mlp,lacuna,70,50,50,94,94,38,56,44,50,14,17,3,0.8617021276595744,0.855,0.9428571428571428,0.75,0.8354430379746836,0.9599999999808001,48,2,11,33
com_erro,mlp,lacuna,70,55,55,86,86,35,51,40,46,15,15,0,0.9186046511627907,0.9157608695652174,0.9459459459459459,0.875,0.9090909090909091,0.9565217391096409,44,2,5,35
com_erro,mlp,lacuna,70,60,60,79,79,32,47,36,43,16,17,1,0.9240506329113924,0.9166666666666667,1.0,0.8333333333333334,0.9090909090909091,0.9999999999767443,43,0,6,30
com_erro,mlp,lacuna,70,65,65,73,73,32,41,30,43,17,17,0,0.9178082191780822,0.92015503875969,0.875,0.9333333333333333,0.9032258064516129,0.9069767441649541,39,4,2,28
com_erro,mlp,lacuna,70,70,70,67,67,30,37,34,33,11,12,1,0.9253731343283582,0.9260249554367201,0.967741935483871,0.8823529411764706,0.9230769230769231,0.969696969667585,32,1,4,30
com_erro,mlp,lacuna,80,5,5,935,935,421,514,461,474,16,20,4,0.9721925133689839,0.972097897617544,0.978021978021978,0.96529284164859,0.9716157205240175,0.9789029535844327,464,10,16,445
com_erro,mlp,lacuna,80,10,10,468,468,210,258,232,236,16,18,2,0.9529914529914529,0.9526957919345412,0.9861111111111112,0.9181034482758621,0.9508928571428571,0.9872881355890369,233,3,19,213
com_erro,mlp,lacuna,80,15,15,312,312,141,171,154,158,16,19,3,0.9583333333333334,0.9582853855005754,0.9607843137254902,0.9545454545454546,0.9576547231270358,0.9620253164496075,152,6,7,147
com_erro,mlp,lacuna,80,20,20,234,234,107,127,114,120,15,17,2,0.9444444444444444,0.944078947368421,0.954954954954955,0.9298245614035088,0.9422222222222222,0.9583333333253472,115,5,8,106
com_erro,mlp,lacuna,80,25,25,187,187,83,104,90,97,15,16,1,0.9679144385026738,0.968270332187858,0.9565217391304348,0.9777777777777777,0.967032967032967,0.958762886588054,93,4,2,88
com_erro,mlp,lacuna,80,30,30,156,156,71,85,77,79,15,16,1,0.9615384615384616,0.9613677461778727,0.9733333333333334,0.948051948051948,0.9605263157894737,0.9746835442914596,77,2,4,73
com_erro,mlp,lacuna,80,35,35,134,134,62,72,68,66,14,17,3,0.9104477611940298,0.911096256684492,0.9516129032258065,0.8676470588235294,0.9076923076923077,0.9545454545309917,63,3,9,59
com_erro,mlp,lacuna,80,40,40,117,117,53,64,57,60,14,14,0,0.9658119658119658,0.9666666666666667,0.9344262295081968,1.0,0.9661016949152542,0.9333333333177778,56,4,0,57
com_erro,mlp,lacuna,80,45,45,104,104,48,56,50,54,15,16,1,0.9615384615384616,0.96,1.0,0.92,0.9583333333333334,0.9999999999814816,54,0,4,46
com_erro,mlp,lacuna,80,50,50,94,94,42,52,46,48,14,15,1,0.9468085106382979,0.9465579710144928,0.9555555555555556,0.9347826086956522,0.945054945054945,0.9583333333133681,46,2,3,43
com_erro,mlp,lacuna,80,55,55,85,85,38,47,40,45,14,15,1,0.9411764705882353,0.9402777777777778,0.9487179487179487,0.925,0.9367088607594937,0.955555555534321,43,2,3,37
com_erro,mlp,lacuna,80,60,60,78,78,35,43,37,41,15,16,1,0.9358974358974359,0.9337508239947264,0.9705882352941176,0.8918918918918919,0.9295774647887324,0.9756097560737657,40,1,4,33
com_erro,mlp,lacuna,80,65,65,72,72,35,37,32,40,15,15,0,0.9444444444444444,0.946875,0.9117647058823529,0.96875,0.9393939393939394,0.9249999999768751,37,3,1,31
com_erro,mlp,lacuna,80,70,70,67,67,32,35,37,30,10,13,3,0.8805970149253731,0.8824324324324324,0.9142857142857143,0.8648648648648649,0.8888888888888888,0.89999999997,27,3,5,32
com_erro,mlp,lacuna,80,75,75,63,63,27,36,30,33,12,13,1,0.9523809523809523,0.95,1.0,0.9,0.9473684210526315,0.9999999999696971,33,0,3,27
com_erro,mlp,lacuna,80,80,80,59,59,27,32,31,28,11,11,0,0.9830508474576272,0.9821428571428572,0.96875,1.0,0.9841269841269841,0.9642857142512755,27,1,0,31
com_erro,mlp,lacuna,90,5,5,933,933,449,484,491,442,16,16,0,0.9453376205787781,0.9470491470910782,0.980349344978166,0.9144602851323829,0.946259220231823,0.9796380090475574,433,9,42,449
com_erro,mlp,lacuna,90,10,10,467,467,224,243,247,220,16,17,1,0.9593147751605996,0.9593025395656974,0.9634146341463414,0.9595141700404858,0.9614604462474645,0.9590909090865496,211,9,10,237
com_erro,mlp,lacuna,90,15,15,311,311,149,162,164,147,15,16,1,0.9742765273311897,0.9741994358719097,0.975609756097561,0.975609756097561,0.975609756097561,0.972789115639641,143,4,4,160
com_erro,mlp,lacuna,90,20,20,234,234,111,123,124,110,16,16,0,0.9487179487179487,0.9505865102639296,0.9827586206896551,0.9193548387096774,0.95,0.9818181818092562,108,2,10,114
com_erro,mlp,lacuna,90,25,25,187,187,90,97,97,90,15,16,1,0.9732620320855615,0.9734249713631157,0.9791666666666666,0.9690721649484536,0.9740932642487047,0.9777777777669135,88,2,3,94
com_erro,mlp,lacuna,90,30,30,156,156,73,83,81,75,15,15,0,0.9358974358974359,0.9358024691358025,0.9382716049382716,0.9382716049382716,0.9382716049382716,0.9333333333208889,70,5,5,76
com_erro,mlp,lacuna,90,35,35,134,134,64,70,73,61,15,15,0,0.9402985074626866,0.9425106669660903,0.9710144927536232,0.9178082191780822,0.9436619718309859,0.9672131147382425,59,2,6,67
com_erro,mlp,lacuna,90,40,40,117,117,57,60,61,56,14,14,0,0.9743589743589743,0.9739461358313817,0.967741935483871,0.9836065573770492,0.975609756097561,0.964285714268495,54,2,1,60
com_erro,mlp,lacuna,90,45,45,104,104,48,56,50,54,15,15,0,0.9711538461538461,0.97,1.0,0.94,0.9690721649484536,0.9999999999814816,54,0,3,47
com_erro,mlp,lacuna,90,50,50,94,94,48,46,49,45,13,15,2,0.9468085106382979,0.9480725623582766,0.9782608695652174,0.9183673469387755,0.9473684210526315,0.9777777777560495,44,1,4,45
com_erro,mlp,lacuna,90,55,55,85,85,40,45,46,39,12,15,3,0.9294117647058824,0.9328316610925307,0.9761904761904762,0.8913043478260869,0.9318181818181818,0.9743589743339909,38,1,5,41
com_erro,mlp,lacuna,90,60,60,78,78,35,43,40,38,14,16,2,0.9230769230769231,0.925,1.0,0.85,0.918918918918919,0.9999999999736843,38,0,6,34
com_erro,mlp,lacuna,90,65,65,72,72,36,36,38,34,13,15,2,0.875,0.8753869969040248,0.8918918918918919,0.868421052631579,0.88,0.8823529411505191,30,4,5,33
com_erro,mlp,lacuna,90,70,70,67,67,34,33,38,29,10,11,1,0.9701492537313433,0.9696007259528131,0.9736842105263158,0.9736842105263158,0.9736842105263158,0.9655172413460167,28,1,1,37
com_erro,mlp,lacuna,90,75,75,63,63,30,33,35,28,11,13,2,0.9206349206349206,0.925,0.96875,0.8857142857142857,0.9253731343283582,0.9642857142512755,27,1,4,31
com_erro,mlp,lacuna,90,80,80,59,59,28,31,33,26,11,11,0,0.9491525423728814,0.9504662004662006,0.96875,0.9393939393939394,0.9538461538461539,0.9615384615014793,25,1,2,31
com_erro,mlp,lacuna,90,85,85,55,55,25,30,28,27,12,13,1,0.9272727272727272,0.9279100529100529,0.9615384615384616,0.8928571428571429,0.9259259259259259,0.9629629629272977,26,1,3,25
com_erro,mlp,lacuna,90,90,90,52,52,25,27,25,27,13,11,-2,0.9423076923076923,0.9444444444444444,0.8928571428571429,1.0,0.9433962264150944,0.8888888888559671,24,3,0,25
com_erro,mlp,lacuna,100,5,5,931,931,477,454,521,410,15,17,2,0.9720730397422127,0.9708908758953232,0.969639468690702,0.980806142034549,0.9751908396946565,0.9609756097537537,394,16,10,511
com_erro,mlp,lacuna,100,10,10,466,466,238,228,262,204,15,17,2,0.9527896995708155,0.9547597665020207,0.9761904761904762,0.9389312977099237,0.9571984435797666,0.9705882352893599,198,6,16,246
com_erro,mlp,lacuna,100,15,15,311,311,158,153,176,135,15,18,3,0.9517684887459807,0.952209595959596,0.9653179190751445,0.9488636363636364,0.9570200573065902,0.9555555555484775,129,6,9,167
com_erro,mlp,lacuna,100,20,20,233,233,121,112,129,104,14,15,1,0.9570815450643777,0.9584451401311866,0.976,0.9457364341085271,0.9606299212598425,0.9711538461445081,101,3,7,122
com_erro,mlp,lacuna,100,25,25,187,187,95,92,105,82,14,15,1,0.9893048128342246,0.9891405342624855,0.9904761904761905,0.9904761904761905,0.9904761904761905,0.987804878036734,81,1,1,104
com_erro,mlp,lacuna,100,30,30,156,156,79,77,87,69,14,16,2,0.9358974358974359,0.935032483758121,0.9425287356321839,0.9425287356321839,0.9425287356321839,0.9275362318706154,64,5,5,82
com_erro,mlp,lacuna,100,35,35,133,133,69,64,76,57,12,15,3,0.9323308270676691,0.9364035087719298,0.971830985915493,0.9078947368421053,0.9387755102040817,0.9649122806848262,55,2,7,69
com_erro,mlp,lacuna,100,40,40,117,117,62,55,65,52,13,14,1,0.9743589743589743,0.975,0.984375,0.9692307692307692,0.9767441860465116,0.9807692307503699,51,1,2,63
com_erro,mlp,lacuna,100,45,45,104,104,51,53,56,48,13,15,2,0.9038461538461539,0.90625,0.9423076923076923,0.875,0.9074074074074074,0.9374999999804688,45,3,7,49
com_erro,mlp,lacuna,100,50,50,94,94,50,44,52,42,13,15,2,0.9574468085106383,0.9592490842490842,0.98,0.9423076923076923,0.9607843137254902,0.9761904761672336,41,1,3,49
com_erro,mlp,lacuna,100,55,55,85,85,44,41,48,37,12,14,2,0.9294117647058824,0.9313063063063063,0.9565217391304348,0.9166666666666666,0.9361702127659575,0.94594594592038,35,2,4,44
com_erro,mlp,lacuna,100,60,60,78,78,40,38,43,35,12,13,1,0.9102564102564102,0.9079734219269102,0.9090909090909091,0.9302325581395349,0.9195402298850575,0.8857142856889797,31,4,3,40
com_erro,mlp,lacuna,100,65,65,72,72,37,35,41,31,11,12,1,0.9305555555555556,0.9232887490165225,0.9090909090909091,0.975609756097561,0.9411764705882353,0.8709677419073881,27,4,1,40
com_erro,mlp,lacuna,100,70,70,67,67,36,31,40,27,9,12,3,0.9253731343283582,0.9254629629629629,0.9487179487179487,0.925,0.9367088607594937,0.9259259258916324,25,2,3,37
com_erro,mlp,lacuna,100,75,75,63,63,32,31,38,25,11,14,3,0.9523809523809523,0.9605263157894737,1.0,0.9210526315789473,0.958904109589041,0.99999999996,25,0,3,35
com_erro,mlp,lacuna,100,80,80,59,59,30,29,35,24,10,10,0,0.9830508474576272,0.9791666666666667,0.9722222222222222,1.0,0.9859154929577465,0.9583333332934028,23,1,0,35
com_erro,mlp,lacuna,100,85,85,55,55,29,26,29,26,11,11,0,0.9636363636363636,0.9615384615384616,0.9354838709677419,1.0,0.9666666666666667,0.9230769230414201,24,2,0,29
com_erro,mlp,lacuna,100,90,90,52,52,26,26,27,25,12,12,0,0.9230769230769231,0.9214814814814815,0.896551724137931,0.9629629629629629,0.9285714285714286,0.8799999999648,22,3,1,26
com_erro,mlp,lacuna,100,95,95,49,49,26,23,25,24,11,13,2,0.9183673469387755,0.9183333333333333,0.92,0.92,0.92,0.9166666666284722,22,2,2,23
com_erro,mlp,lacuna,100,100,100,47,47,24,23,26,21,11,14,3,0.8936170212765957,0.8946886446886446,0.92,0.8846153846153846,0.9019607843137255,0.9047619047188209,19,2,3,23
com_erro,mlp,oscilacao,20,5,5,947,947,401,546,389,558,19,43,24,0.8152059134107709,0.8120467884751822,0.7648514851485149,0.794344473007712,0.7793190416141236,0.8297491039411653,463,95,80,309
com_erro,mlp,oscilacao,20,10,10,474,474,200,274,196,278,18,38,20,0.8059071729957806,0.8066913815886066,0.7429906542056075,0.8112244897959183,0.775609756097561,0.8021582733784095,223,55,37,159
com_erro,mlp,oscilacao,20,15,15,316,316,132,184,129,187,18,37,19,0.8481012658227848,0.8500186543962194,0.7872340425531915,0.8604651162790697,0.8222222222222222,0.8395721925088794,157,30,18,111
com_erro,mlp,oscilacao,20,20,20,237,237,99,138,98,139,18,30,12,0.7974683544303798,0.7852004110996917,0.7777777777777778,0.7142857142857143,0.7446808510638298,0.85611510790751,119,20,28,70
com_erro,mlp,oscilacao,30,5,5,945,945,437,508,424,521,18,45,27,0.7873015873015873,0.777901260275957,0.8105849582172702,0.6863207547169812,0.7432950191570882,0.869481765833264,453,68,133,291
com_erro,mlp,oscilacao,30,10,10,473,473,219,254,213,260,18,36,18,0.8033826638477801,0.8003611412062117,0.7884615384615384,0.7699530516431925,0.7790973871733967,0.8307692307660355,216,44,49,164
com_erro,mlp,oscilacao,30,15,15,315,315,145,170,137,178,18,33,15,0.7904761904761904,0.7944312310341999,0.7290322580645161,0.8248175182481752,0.773972602739726,0.7640449438159324,136,42,24,113
com_erro,mlp,oscilacao,30,20,20,237,237,108,129,109,128,18,23,5,0.6582278481012658,0.6338876146788991,0.8181818181818182,0.3302752293577982,0.47058823529411764,0.9374999999926759,120,8,73,36
com_erro,mlp,oscilacao,30,25,25,189,189,88,101,85,104,17,33,16,0.783068783068783,0.7792420814479638,0.7682926829268293,0.7411764705882353,0.7544910179640718,0.8173076922998336,85,19,22,63
com_erro,mlp,oscilacao,30,30,30,158,158,74,84,68,90,18,29,11,0.8164556962025317,0.8137254901960784,0.782608695652174,0.7941176470588235,0.7883211678832117,0.833333333324074,75,15,14,54
com_erro,mlp,oscilacao,40,5,5,943,943,470,473,458,485,18,46,28,0.7730646871686108,0.7762211317696843,0.7147887323943662,0.8864628820960698,0.7914230019493177,0.6659793814419258,323,162,52,406
com_erro,mlp,oscilacao,40,10,10,472,472,236,236,230,242,18,37,19,0.7711864406779662,0.7687747035573123,0.824468085106383,0.6739130434782609,0.7416267942583732,0.863636363632795,209,33,75,155
com_erro,mlp,oscilacao,40,15,15,315,315,157,158,153,162,18,30,12,0.7746031746031746,0.7757806826434277,0.7440476190476191,0.8169934640522876,0.778816199376947,0.7345679012300336,119,43,28,125
com_erro,mlp,oscilacao,40,20,20,236,236,117,119,115,121,18,28,10,0.7584745762711864,0.7556234279554437,0.8222222222222222,0.6434782608695652,0.7219512195121951,0.8677685950341506,105,16,41,74
com_erro,mlp,oscilacao,40,25,25,189,189,93,96,92,97,17,28,11,0.798941798941799,0.797400268937696,0.8292682926829268,0.7391304347826086,0.7816091954022989,0.8556701030839622,83,14,24,68
com_erro,mlp,oscilacao,40,30,30,158,158,79,79,78,80,17,25,8,0.7658227848101266,0.7655448717948719,0.7733333333333333,0.7435897435897436,0.7581699346405228,0.7874999999901562,63,17,20,58
com_erro,mlp,oscilacao,40,35,35,135,135,66,69,67,68,16,25,9,0.7555555555555555,0.7552677787532923,0.7741935483870968,0.7164179104477612,0.7441860465116279,0.7941176470471453,54,14,19,48
com_erro,mlp,oscilacao,40,40,40,118,118,59,59,58,60,15,21,6,0.8050847457627118,0.8043103448275861,0.8301886792452831,0.7586206896551724,0.7927927927927928,0.8499999999858334,51,9,14,44
com_erro,mlp,oscilacao,50,5,5,941,941,496,445,492,449,17,47,30,0.7640807651434643,0.7666041972223732,0.813953488372093,0.7113821138211383,0.7592190889370932,0.8218262806217776,369,80,142,350
com_erro,mlp,oscilacao,50,10,10,471,471,250,221,247,224,17,36,19,0.772823779193206,0.7736317958357433,0.7991452991452992,0.757085020242915,0.7775467775467776,0.7901785714250439,177,47,60,187
com_erro,mlp,oscilacao,50,15,15,314,314,163,151,163,151,17,30,13,0.7929936305732485,0.7945191565432901,0.831081081081081,0.754601226993865,0.7909967845659164,0.8344370860871893,126,25,40,123
com_erro,mlp,oscilacao,50,20,20,236,236,123,113,126,110,17,27,10,0.7796610169491526,0.7769119769119769,0.7803030303030303,0.8174603174603174,0.7984496124031008,0.7363636363569421,81,29,23,103
com_erro,mlp,oscilacao,50,25,25,189,189,101,88,99,90,16,33,17,0.7724867724867724,0.7737373737373738,0.8043478260869565,0.7474747474747475,0.774869109947644,0.799999999991111,72,18,25,74
com_erro,mlp,oscilacao,50,30,30,157,157,84,73,82,75,15,31,16,0.7707006369426752,0.7708130081300812,0.7875,0.7682926829268293,0.7777777777777778,0.7733333333230222,58,17,19,63
com_erro,mlp,oscilacao,50,35,35,135,135,73,62,72,63,15,23,8,0.7481481481481481,0.7509920634920635,0.796875,0.7083333333333334,0.75,0.793650793638196,50,13,21,51
com_erro,mlp,oscilacao,50,40,40,118,118,61,57,62,56,15,21,6,0.7542372881355932,0.7557603686635945,0.7894736842105263,0.7258064516129032,0.7563025210084033,0.7857142857002551,44,12,17,45
com_erro,mlp,oscilacao,50,45,45,105,105,55,50,57,48,14,18,4,0.6857142857142857,0.6875,0.7307692307692307,0.6666666666666666,0.6972477064220184,0.7083333333185764,34,14,19,38
com_erro,mlp,oscilacao,50,50,50,95,95,52,43,51,44,16,24,8,0.7473684210526316,0.7444295900178253,0.7547169811320755,0.7843137254901961,0.7692307692307693,0.7045454545294422,31,13,11,40
com_erro,mlp,oscilacao,60,5,5,939,939,514,425,523,416,16,51,35,0.7625133120340788,0.768856173702015,0.8363228699551569,0.7131931166347992,0.7698658410732714,0.8245192307672488,343,73,150,373
com_erro,mlp,oscilacao,60,10,10,470,470,259,211,263,207,16,35,19,0.774468085106383,0.7635054462629268,0.7679180887372014,0.8555133079847909,0.8093525179856115,0.6714975845378189,139,68,38,225
com_erro,mlp,oscilacao,60,15,15,313,313,171,142,171,142,15,32,17,0.7412140575079872,0.7488262910798122,0.8260869565217391,0.6666666666666666,0.7378640776699029,0.8309859154871058,118,24,57,114
com_erro,mlp,oscilacao,60,20,20,235,235,130,105,132,103,15,27,12,0.7829787234042553,0.7801559282141806,0.8091603053435115,0.803030303030303,0.8060836501901141,0.757281553390706,78,25,26,106
com_erro,mlp,oscilacao,60,25,25,188,188,103,85,105,83,15,24,9,0.776595744680851,0.7772805507745266,0.8181818181818182,0.7714285714285715,0.7941176470588235,0.7831325301110466,65,18,24,81
com_erro,mlp,oscilacao,60,30,30,157,157,86,71,85,72,15,27,12,0.7643312101910829,0.7664215686274509,0.8076923076923077,0.7411764705882353,0.7730061349693251,0.7916666666556712,57,15,22,63
com_erro,mlp,oscilacao,60,35,35,135,135,75,60,77,58,14,22,8,0.7703703703703704,0.7731751007613077,0.8285714285714286,0.7532467532467533,0.7891156462585034,0.7931034482621879,46,12,19,58
com_erro,mlp,oscilacao,60,40,40,118,118,64,54,66,52,13,22,9,0.7203389830508474,0.7296037296037297,0.8113207547169812,0.6515151515151515,0.7226890756302521,0.8076923076767752,42,10,23,43
com_erro,mlp,oscilacao,60,45,45,105,105,57,48,59,46,14,17,3,0.7238095238095238,0.72310243183493,0.7678571428571429,0.7288135593220338,0.7478260869565218,0.7173913043322306,33,13,16,43
com_erro,mlp,oscilacao,60,50,50,94,94,52,42,53,41,14,21,7,0.7659574468085106,0.7676023930050622,0.8163265306122449,0.7547169811320755,0.7843137254901961,0.7804878048590126,32,9,13,40
com_erro,mlp,oscilacao,60,55,55,86,86,46,40,48,38,13,18,5,0.7209302325581395,0.725328947368421,0.7857142857142857,0.6875,0.7333333333333333,0.7631578947167591,29,9,15,33
com_erro,mlp,oscilacao,60,60,60,79,79,42,37,40,39,14,22,8,0.7341772151898734,0.7346153846153847,0.7567567567567568,0.7,0.7272727272727273,0.7692307692110454,30,9,12,28
com_erro,mlp,oscilacao,70,5,5,937,937,532,405,552,385,14,38,24,0.7577374599786553,0.7590226802183324,0.8217821782178217,0.7518115942028986,0.7852412488174078,0.7662337662317761,295,90,137,415
com_erro,mlp,oscilacao,70,10,10,469,469,268,201,278,191,14,33,19,0.7803837953091685,0.7688707672605372,0.8048780487804879,0.8309352517985612,0.8176991150442477,0.7068062827188125,135,56,47,231
com_erro,mlp,oscilacao,70,15,15,313,313,178,135,185,128,14,33,19,0.7412140575079872,0.7365498310810811,0.7921348314606742,0.7621621621621621,0.7768595041322314,0.7109374999944459,91,37,44,141
com_erro,mlp,oscilacao,70,20,20,235,235,132,103,142,93,14,28,14,0.7489361702127659,0.7421626533393912,0.8029197080291971,0.7746478873239436,0.7885304659498208,0.7096774193472077,66,27,32,110
com_erro,mlp,oscilacao,70,25,25,188,188,107,81,111,77,14,23,9,0.7659574468085106,0.771966771966772,0.845360824742268,0.7387387387387387,0.7884615384615384,0.805194805184348,62,15,29,82
com_erro,mlp,oscilacao,70,30,30,157,157,90,67,94,63,14,25,11,0.7515923566878981,0.7532928064842959,0.8235294117647058,0.7446808510638298,0.7821229050279329,0.7619047618926682,48,15,24,70
com_erro,mlp,oscilacao,70,35,35,134,134,77,57,79,55,13,25,12,0.746268656716418,0.751668584579977,0.8260869565217391,0.7215189873417721,0.7702702702702703,0.781818181803967,43,12,22,57
com_erro,mlp,oscilacao,70,40,40,118,118,66,52,72,46,12,23,11,0.7457627118644068,0.7524154589371981,0.8387096774193549,0.7222222222222222,0.7761194029850746,0.7826086956351608,36,10,20,52
com_erro,mlp,oscilacao,70,45,45,105,105,59,46,63,42,13,17,4,0.7142857142857143,0.7142857142857143,0.7894736842105263,0.7142857142857143,0.75,0.7142857142687076,30,12,18,45
com_erro,mlp,oscilacao,70,50,50,94,94,55,39,56,38,12,20,8,0.7872340425531915,0.7918233082706767,0.86,0.7678571428571429,0.8113207547169812,0.8157894736627425,31,7,13,43
com_erro,mlp,oscilacao,70,55,55,86,86,49,37,52,34,12,18,6,0.7441860465116279,0.7375565610859729,0.8,0.7692307692307693,0.7843137254901961,0.7058823529204153,24,10,12,40
com_erro,mlp,oscilacao,70,60,60,79,79,44,35,49,30,10,18,8,0.6835443037974683,0.6738095238095239,0.7608695652173914,0.7142857142857143,0.7368421052631579,0.6333333333122222,19,11,14,35
com_erro,mlp,oscilacao,70,65,65,73,73,41,32,45,28,11,13,2,0.7808219178082192,0.7817460317460317,0.8536585365853658,0.7777777777777778,0.813953488372093,0.7857142856862245,22,6,10,35
com_erro,mlp,oscilacao,70,70,70,67,67,39,28,39,28,12,18,6,0.7313432835820896,0.723901098901099,0.7692307692307693,0.7692307692307693,0.7692307692307693,0.6785714285471939,19,9,9,30
com_erro,mlp,oscilacao,80,5,5,935,935,549,386,576,359,14,41,27,0.772192513368984,0.7741774025069638,0.8497109826589595,0.765625,0.8054794520547945,0.7827298050117473,281,78,135,441
com_erro,mlp,oscilacao,80,10,10,468,468,277,191,290,178,14,29,15,0.782051282051282,0.7460286710577295,0.7831325301204819,0.896551724137931,0.8360128617363344,0.5955056179741826,106,72,30,260
com_erro,mlp,oscilacao,80,15,15,312,312,181,131,191,121,14,26,12,0.8108974358974359,0.8076889792739388,0.8626373626373627,0.8219895287958116,0.8418230563002681,0.7933884297455092,96,25,34,157
com_erro,mlp,oscilacao,80,20,20,234,234,139,95,146,88,12,22,10,0.7222222222222222,0.660024906600249,0.7189189189189189,0.910958904109589,0.8036253776435045,0.40909090908626033,36,52,13,133
com_erro,mlp,oscilacao,80,25,25,187,187,111,76,116,71,13,22,9,0.7967914438502673,0.8034239922292374,0.8823529411764706,0.7758620689655172,0.8256880733944955,0.8309859154812537,59,12,26,90
com_erro,mlp,oscilacao,80,30,30,156,156,93,63,97,59,12,20,8,0.5897435897435898,0.5771448540975013,0.6853932584269663,0.6288659793814433,0.6559139784946236,0.5254237288046538,31,28,36,61
com_erro,mlp,oscilacao,80,35,35,134,134,81,53,85,49,12,19,7,0.7089552238805971,0.7057623049219688,0.8026315789473685,0.7176470588235294,0.7577639751552795,0.6938775510062475,34,15,24,61
com_erro,mlp,oscilacao,80,40,40,117,117,70,47,73,44,12,19,7,0.7350427350427351,0.7199564134495642,0.7916666666666666,0.7808219178082192,0.7862068965517242,0.6590909090759298,29,15,16,57
com_erro,mlp,oscilacao,80,45,45,104,104,61,43,65,39,12,21,9,0.7211538461538461,0.7205128205128205,0.8103448275862069,0.7230769230769231,0.7642276422764228,0.7179487179303091,28,11,18,47
com_erro,mlp,oscilacao,80,50,50,94,94,57,37,59,35,11,16,5,0.8191489361702128,0.8268765133171913,0.9038461538461539,0.7966101694915254,0.8468468468468469,0.8571428571183675,30,5,12,47
com_erro,mlp,oscilacao,80,55,55,85,85,51,34,51,34,12,14,2,0.7176470588235294,0.696078431372549,0.7454545454545455,0.803921568627451,0.7735849056603774,0.588235294100346,20,14,10,41
com_erro,mlp,oscilacao,80,60,60,78,78,47,31,52,26,7,12,5,0.7307692307692307,0.7115384615384616,0.8163265306122449,0.7692307692307693,0.7920792079207921,0.6538461538210059,17,9,12,40
com_erro,mlp,oscilacao,80,65,65,72,72,43,29,45,27,10,12,2,0.7777777777777778,0.7703703703703704,0.8372093023255814,0.8,0.8181818181818182,0.7407407407133059,20,7,9,36
com_erro,mlp,oscilacao,80,70,70,67,67,42,25,42,25,10,16,6,0.7313432835820896,0.7128571428571429,0.7857142857142857,0.7857142857142857,0.7857142857142857,0.6399999999744,16,9,9,33
com_erro,mlp,oscilacao,80,75,75,63,63,38,25,39,24,9,13,4,0.8095238095238095,0.8060897435897436,0.8648648648648649,0.8205128205128205,0.8421052631578947,0.7916666666336806,19,5,7,32
com_erro,mlp,oscilacao,80,80,80,59,59,35,24,34,25,12,14,2,0.6440677966101694,0.6170588235294118,0.6585365853658537,0.7941176470588235,0.72,0.4399999999824,11,14,7,27
com_erro,mlp,oscilacao,90,5,5,933,933,565,368,600,333,12,51,39,0.7288317256162915,0.7530855855855856,0.8813186813186813,0.6683333333333333,0.7601895734597156,0.8378378378353218,279,54,199,401
com_erro,mlp,oscilacao,90,10,10,467,467,285,182,302,165,12,33,21,0.7687366167023555,0.7813265101344571,0.8849206349206349,0.7384105960264901,0.8050541516245487,0.8242424242374289,136,29,79,223
com_erro,mlp,oscilacao,90,15,15,311,311,188,123,197,114,12,30,18,0.7942122186495176,0.7728871671564699,0.8275862068965517,0.8527918781725888,0.84,0.692982456134272,79,35,29,168
com_erro,mlp,oscilacao,90,20,20,234,234,141,93,154,80,12,29,17,0.7564102564102564,0.715827922077922,0.7975460122699386,0.8441558441558441,0.8201892744479495,0.5874999999926562,47,33,24,130
com_erro,mlp,oscilacao,90,25,25,187,187,112,75,120,67,12,21,9,0.7540106951871658,0.7753731343283582,0.8936170212765957,0.7,0.7850467289719626,0.8507462686440187,57,10,36,84
com_erro,mlp,oscilacao,90,30,30,156,156,94,62,99,57,12,22,10,0.7884615384615384,0.7961190855927698,0.8837209302325582,0.7676767676767676,0.8216216216216217,0.824561403494306,47,10,23,76
com_erro,mlp,oscilacao,90,35,35,134,134,83,51,88,46,11,17,6,0.7313432835820896,0.7435770750988142,0.8611111111111112,0.7045454545454546,0.775,0.7826086956351608,36,10,26,62
com_erro,mlp,oscilacao,90,40,40,117,117,70,47,77,40,9,20,11,0.7008547008547008,0.7006493506493506,0.8181818181818182,0.7012987012987013,0.7552447552447552,0.6999999999825001,28,12,23,54
com_erro,mlp,oscilacao,90,45,45,104,104,63,41,67,37,11,20,9,0.6730769230769231,0.6615570794675272,0.7704918032786885,0.7014925373134329,0.734375,0.6216216216048212,23,14,20,47
com_erro,mlp,oscilacao,90,50,50,94,94,57,37,62,32,9,19,10,0.7340425531914894,0.7605846774193548,0.8936170212765957,0.6774193548387096,0.7706422018348624,0.8437499999736329,27,5,20,42
com_erro,mlp,oscilacao,90,55,55,85,85,52,33,55,30,10,16,6,0.7647058823529411,0.7727272727272727,0.8723404255319149,0.7454545454545455,0.803921568627451,0.7999999999733334,24,6,14,41
com_erro,mlp,oscilacao,90,60,60,78,78,47,31,53,25,7,13,6,0.7307692307692307,0.7173584905660377,0.8333333333333334,0.7547169811320755,0.7920792079207921,0.6799999999728,17,8,13,40
com_erro,mlp,oscilacao,90,65,65,72,72,43,29,45,27,10,15,5,0.7916666666666666,0.788888888888889,0.8571428571428571,0.8,0.8275862068965517,0.7777777777489712,21,6,9,36
com_erro,mlp,oscilacao,90,70,70,67,67,44,23,44,23,9,14,5,0.746268656716418,0.7134387351778657,0.8,0.8181818181818182,0.8089887640449438,0.608695652147448,14,9,8,36
com_erro,mlp,oscilacao,90,75,75,63,63,39,24,41,22,8,12,4,0.6984126984126984,0.6735033259423504,0.775,0.7560975609756098,0.7654320987654321,0.5909090908822314,13,9,10,31
com_erro,mlp,oscilacao,90,80,80,59,59,35,24,38,21,9,13,4,0.7627118644067796,0.7731829573934836,0.875,0.7368421052631579,0.8,0.8095238094852608,17,4,10,28
com_erro,mlp,oscilacao,90,85,85,55,55,35,20,35,20,9,16,7,0.7090909090909091,0.6857142857142857,0.7714285714285715,0.7714285714285715,0.7714285714285715,0.59999999997,12,8,8,27
com_erro,mlp,oscilacao,90,90,90,52,52,30,22,35,17,8,13,5,0.75,0.723529411764706,0.8235294117647058,0.8,0.8115942028985508,0.6470588234913495,11,6,7,28
com_erro,mlp,oscilacao,100,5,5,931,931,581,350,620,311,12,47,35,0.6992481203007519,0.734130276942226,0.8863636363636364,0.6290322580645161,0.7358490566037735,0.8392282958172372,261,50,230,390
com_erro,mlp,oscilacao,100,10,10,466,466,293,173,312,154,12,38,26,0.7167381974248928,0.6536380286380287,0.7616279069767442,0.8397435897435898,0.7987804878048781,0.4675324675294316,72,82,50,262
com_erro,mlp,oscilacao,100,15,15,311,311,194,117,208,103,12,28,16,0.6977491961414791,0.7225774831964152,0.8653846153846154,0.6490384615384616,0.7417582417582418,0.7961165048466396,82,21,73,135
com_erro,mlp,oscilacao,100,20,20,233,233,147,86,156,77,12,31,19,0.703862660944206,0.6966366966366966,0.8175182481751825,0.717948717948718,0.764505119453925,0.6753246753159048,52,25,44,112
com_erro,mlp,oscilacao,100,25,25,187,187,118,69,126,61,11,18,7,0.7967914438502673,0.7857793390580275,0.8728813559322034,0.8174603174603174,0.8442622950819673,0.7540983606433754,46,15,23,103
com_erro,mlp,oscilacao,100,30,30,156,156,98,58,106,50,9,23,14,0.7243589743589743,0.6915094339622642,0.8058252427184466,0.7830188679245284,0.7942583732057417,0.599999999988,30,20,23,83
com_erro,mlp,oscilacao,100,35,35,133,133,85,48,90,43,9,22,13,0.7218045112781954,0.6972868217054264,0.8117647058823529,0.7666666666666667,0.7885714285714286,0.6279069767295836,27,16,21,69
com_erro,mlp,oscilacao,100,40,40,117,117,73,44,78,39,8,18,10,0.7094017094017094,0.717948717948718,0.84375,0.6923076923076923,0.7605633802816901,0.7435897435706772,29,10,24,54
com_erro,mlp,oscilacao,100,45,45,104,104,65,39,72,32,8,17,9,0.7692307692307693,0.7638888888888888,0.875,0.7777777777777778,0.8235294117647058,0.7499999999765626,24,8,16,56
com_erro,mlp,oscilacao,100,50,50,94,94,60,34,66,28,8,17,9,0.776595744680851,0.7689393939393939,0.8813559322033898,0.7878787878787878,0.832,0.7499999999732143,21,7,14,52
com_erro,mlp,oscilacao,100,55,55,85,85,52,33,56,29,10,18,8,0.7176470588235294,0.7025862068965517,0.8076923076923077,0.75,0.7777777777777778,0.6551724137705113,19,10,14,42
com_erro,mlp,oscilacao,100,60,60,78,78,49,29,53,25,7,12,5,0.7564102564102564,0.7256603773584906,0.8269230769230769,0.8113207547169812,0.819047619047619,0.6399999999744,16,9,10,43
com_erro,mlp,oscilacao,100,65,65,72,72,44,28,45,27,10,13,3,0.7222222222222222,0.711111111111111,0.7906976744186046,0.7555555555555555,0.7727272727272727,0.6666666666419753,18,9,11,34
com_erro,mlp,oscilacao,100,70,70,67,67,44,23,45,22,8,12,4,0.7313432835820896,0.6838383838383838,0.7872340425531915,0.8222222222222222,0.8043478260869565,0.545454545429752,12,10,8,37
com_erro,mlp,oscilacao,100,75,75,63,63,40,23,43,20,8,12,4,0.6825396825396826,0.647093023255814,0.7804878048780488,0.7441860465116279,0.7619047619047619,0.5499999999725,11,9,11,32
com_erro,mlp,oscilacao,100,80,80,59,59,36,23,39,20,8,14,6,0.711864406779661,0.7211538461538461,0.84375,0.6923076923076923,0.7605633802816901,0.7499999999625,15,5,12,27
com_erro,mlp,oscilacao,100,85,85,55,55,36,19,37,18,8,12,4,0.7818181818181819,0.7522522522522522,0.8378378378378378,0.8378378378378378,0.8378378378378378,0.6666666666296296,12,6,6,31
com_erro,mlp,oscilacao,100,90,90,52,52,32,20,38,14,6,10,4,0.75,0.7161654135338347,0.8571428571428571,0.7894736842105263,0.821917808219178,0.6428571428112245,9,5,8,30
com_erro,mlp,oscilacao,100,95,95,49,49,30,19,32,17,9,14,5,0.6938775510204082,0.6691176470588236,0.7741935483870968,0.75,0.7619047619047619,0.588235294083045,10,7,8,24
com_erro,mlp,oscilacao,100,100,100,47,47,30,17,31,16,8,11,3,0.723404255319149,0.6693548387096775,0.7647058823529411,0.8387096774193549,0.8,0.49999999996875,8,8,5,26
com_erro,mlp,queda,20,5,5,947,947,218,729,195,752,21,26,5,0.8479408658922915,0.6497613202400436,0.8591549295774648,0.3128205128205128,0.45864661654135336,0.9867021276582624,742,10,134,61
com_erro,mlp,queda,20,10,10,474,474,108,366,97,377,20,28,8,0.8523206751054853,0.6698022915584237,0.813953488372093,0.36082474226804123,0.5,0.9787798408462102,369,8,62,35
com_erro,mlp,queda,20,15,15,316,316,73,243,67,249,19,29,10,0.8227848101265823,0.6420907510639573,0.6666666666666666,0.3283582089552239,0.44,0.9558232931688522,238,11,45,22
com_erro,mlp,queda,20,20,20,237,237,54,183,47,190,18,25,7,0.8649789029535865,0.7476483762597985,0.7027027027027027,0.5531914893617021,0.6190476190476191,0.9421052631529363,179,11,21,26
com_erro,mlp,queda,30,5,5,945,945,259,686,234,711,19,58,39,0.8095238095238095,0.7071297197879476,0.6483516483516484,0.5042735042735043,0.5673076923076923,0.9099859353011112,647,64,116,118
com_erro,mlp,queda,30,10,10,473,473,129,344,116,357,19,20,1,0.813953488372093,0.6410581473968897,0.8333333333333334,0.3017241379310345,0.4430379746835443,0.9803921568599989,350,7,81,35
com_erro,mlp,queda,30,15,15,315,315,89,226,78,237,16,14,-2,0.8,0.613356053229471,0.8260869565217391,0.24358974358974358,0.37623762376237624,0.9831223628650502,233,4,59,19
com_erro,mlp,queda,30,20,20,237,237,68,169,60,177,16,30,14,0.7932489451476793,0.6853107344632768,0.6222222222222222,0.4666666666666667,0.5333333333333333,0.90395480225478,160,17,32,28
com_erro,mlp,queda,30,25,25,189,189,47,142,46,143,15,26,11,0.8201058201058201,0.7410307084220128,0.6428571428571429,0.5869565217391305,0.6136363636363636,0.8951048950986357,128,15,19,27
com_erro,mlp,queda,30,30,30,158,158,44,114,41,117,14,31,17,0.7531645569620253,0.690744215134459,0.5227272727272727,0.5609756097560976,0.5411764705882353,0.8205128205058075,96,21,18,23
com_erro,mlp,queda,40,5,5,943,943,297,646,268,675,17,69,52,0.767762460233298,0.6690381426202322,0.6310160427807486,0.44029850746268656,0.5186813186813187,0.8977777777764477,606,69,150,118
com_erro,mlp,queda,40,10,10,472,472,148,324,134,338,16,33,17,0.7669491525423728,0.6390974123465513,0.6764705882352942,0.34328358208955223,0.45544554455445546,0.9349112426007843,316,22,88,46
com_erro,mlp,queda,40,15,15,315,315,97,218,91,224,16,34,18,0.7619047619047619,0.6596840659340659,0.6333333333333333,0.4175824175824176,0.5033112582781457,0.9017857142816885,202,22,53,38
com_erro,mlp,queda,40,20,20,236,236,74,162,65,171,14,3,-11,0.7288135593220338,0.5124606387764282,0.6666666666666666,0.03076923076923077,0.058823529411764705,0.994152046777812,170,1,63,2
com_erro,mlp,queda,40,25,25,189,189,59,130,50,139,14,31,17,0.7883597883597884,0.7280575539568346,0.6,0.6,0.6,0.85611510790751,119,20,20,30
com_erro,mlp,queda,40,30,30,158,158,48,110,45,113,15,27,12,0.759493670886076,0.6914454277286135,0.5853658536585366,0.5333333333333333,0.5581395348837209,0.8495575221163756,96,17,21,24
com_erro,mlp,queda,40,35,35,135,135,44,91,35,100,15,23,8,0.7333333333333333,0.6435714285714286,0.48484848484848486,0.45714285714285713,0.47058823529411764,0.8299999999916999,83,17,19,16
com_erro,mlp,queda,40,40,40,118,118,35,83,33,85,14,24,10,0.788135593220339,0.741711229946524,0.6176470588235294,0.6363636363636364,0.6268656716417911,0.8470588235194463,72,13,12,21
com_erro,mlp,queda,50,5,5,941,941,332,609,298,643,15,56,41,0.7545164718384697,0.6583287233709436,0.6982248520710059,0.3959731543624161,0.5053533190578159,0.9206842923780394,592,51,180,118
com_erro,mlp,queda,50,10,10,471,471,165,306,149,322,15,67,52,0.6220806794055201,0.6821355621326441,0.4483985765124555,0.8456375838926175,0.586046511627907,0.5186335403710601,167,155,23,126
com_erro,mlp,queda,50,15,15,314,314,112,202,102,212,14,35,21,0.7643312101910829,0.6881243063263041,0.7058823529411765,0.47058823529411764,0.5647058823529412,0.9056603773542187,192,20,54,48
com_erro,mlp,queda,50,20,20,236,236,85,151,75,161,15,44,29,0.7161016949152542,0.6993374741200828,0.5444444444444444,0.6533333333333333,0.593939393939394,0.7453416149022029,120,41,26,49
com_erro,mlp,queda,50,25,25,189,189,65,124,60,129,15,19,4,0.7777777777777778,0.6856589147286822,0.7647058823529411,0.43333333333333335,0.5531914893617021,0.9379844961167599,121,8,34,26
com_erro,mlp,queda,50,30,30,157,157,56,101,50,107,14,26,12,0.7834394904458599,0.7185981308411216,0.7105263157894737,0.54,0.6136363636363636,0.8971962616738579,96,11,23,27
com_erro,mlp,queda,50,35,35,135,135,51,84,40,95,14,26,12,0.7111111111111111,0.6717105263157894,0.5111111111111111,0.575,0.5411764705882353,0.7684210526234903,73,22,17,23
com_erro,mlp,queda,50,40,40,118,118,43,75,38,80,13,21,8,0.711864406779661,0.65625,0.5588235294117647,0.5,0.5277777777777778,0.8124999999898437,65,15,19,19
com_erro,mlp,queda,50,45,45,105,105,38,67,34,71,13,18,5,0.6952380952380952,0.6213753106876554,0.5384615384615384,0.4117647058823529,0.4666666666666667,0.8309859154812537,59,12,20,14
com_erro,mlp,queda,50,50,50,95,95,32,63,31,64,14,18,4,0.6947368421052632,0.6320564516129032,0.5384615384615384,0.45161290322580644,0.49122807017543857,0.8124999999873046,52,12,17,14
com_erro,mlp,queda,60,5,5,939,939,364,575,326,613,15,104,89,0.650692225772098,0.6628093755942314,0.49782608695652175,0.7024539877300614,0.5826972010178118,0.6231647634573847,382,231,97,229
com_erro,mlp,queda,60,10,10,470,470,181,289,163,307,15,60,45,0.6808510638297872,0.6449111728382726,0.5408805031446541,0.5276073619631901,0.5341614906832298,0.7622149837108723,234,73,77,86
com_erro,mlp,queda,60,15,15,313,313,123,190,108,205,14,41,27,0.6741214057507987,0.6022583559168925,0.5405405405405406,0.37037037037037035,0.43956043956043955,0.8341463414593456,171,34,68,40
com_erro,mlp,queda,60,20,20,235,235,91,144,79,156,14,48,34,0.6893617021276596,0.6629341123012009,0.5348837209302325,0.5822784810126582,0.5575757575757576,0.7435897435849771,116,40,33,46
com_erro,mlp,queda,60,25,25,188,188,71,117,63,125,14,39,25,0.6861702127659575,0.6813333333333333,0.525,0.6666666666666666,0.5874125874125874,0.695999999994432,87,38,21,42
com_erro,mlp,queda,60,30,30,157,157,61,96,55,102,14,34,20,0.6942675159235668,0.6641711229946523,0.5636363636363636,0.5636363636363636,0.5636363636363636,0.764705882345444,78,24,24,31
com_erro,mlp,queda,60,35,35,135,135,54,81,48,87,14,28,14,0.6666666666666666,0.6386494252873562,0.5306122448979592,0.5416666666666666,0.5360824742268041,0.7356321838995904,64,23,22,26
com_erro,mlp,queda,60,40,40,118,118,47,71,39,79,13,25,12,0.7033898305084746,0.6746186303148329,0.5476190476190477,0.5897435897435898,0.5679012345679012,0.759493670876462,60,19,16,23
com_erro,mlp,queda,60,45,45,105,105,40,65,37,68,13,23,10,0.6190476190476191,0.5949920508744038,0.4634146341463415,0.5135135135135135,0.48717948717948717,0.676470588225346,46,22,18,19
com_erro,mlp,queda,60,50,50,94,94,35,59,30,64,13,18,5,0.6914893617021277,0.6583333333333333,0.5151515151515151,0.5666666666666667,0.5396825396825397,0.7499999999882813,48,16,13,17
com_erro,mlp,queda,60,55,55,86,86,34,52,28,58,13,22,9,0.6976744186046512,0.6557881773399015,0.5357142857142857,0.5357142857142857,0.5357142857142857,0.7758620689521404,45,13,13,15
com_erro,mlp,queda,60,60,60,79,79,31,48,27,52,13,14,1,0.6455696202531646,0.6239316239316239,0.4838709677419355,0.5555555555555556,0.5172413793103449,0.6923076922943787,36,16,12,15
com_erro,mlp,queda,70,5,5,937,937,394,543,354,583,15,71,56,0.6723585912486659,0.6351789400238392,0.5796610169491525,0.4830508474576271,0.5269645608628659,0.787307032588701,459,124,183,171
com_erro,mlp,queda,70,10,10,469,469,196,273,177,292,15,51,36,0.6695095948827292,0.6233360421020044,0.5833333333333334,0.4350282485875706,0.49838187702265374,0.8116438356136588,237,55,100,77
com_erro,mlp,queda,70,15,15,313,313,129,184,120,193,14,44,30,0.6932907348242812,0.6630397236614853,0.6153846153846154,0.5333333333333333,0.5714285714285714,0.7927461139855299,153,40,56,64
com_erro,mlp,queda,70,20,20,235,235,100,135,89,146,14,27,13,0.676595744680851,0.619093427735878,0.6181818181818182,0.38202247191011235,0.4722222222222222,0.8561643835557797,125,21,55,34
com_erro,mlp,queda,70,25,25,188,188,77,111,67,121,13,38,25,0.6436170212765957,0.6265572961638091,0.5,0.5671641791044776,0.5314685314685315,0.6859504132174714,83,38,29,38
com_erro,mlp,queda,70,30,30,157,157,64,93,59,98,14,27,13,0.6305732484076433,0.5995330335524041,0.509090909090909,0.4745762711864407,0.49122807017543857,0.7244897959109746,71,27,31,28
com_erro,mlp,queda,70,35,35,134,134,58,76,50,84,13,25,12,0.6417910447761194,0.6009523809523809,0.5238095238095238,0.44,0.4782608695652174,0.7619047618956916,64,20,28,22
com_erro,mlp,queda,70,40,40,118,118,50,68,44,74,14,23,9,0.6440677966101694,0.624078624078624,0.5217391304347826,0.5454545454545454,0.5333333333333333,0.7027027026932067,52,22,20,24
com_erro,mlp,queda,70,45,45,105,105,43,62,39,66,14,22,8,0.6857142857142857,0.666083916083916,0.575,0.5897435897435898,0.5822784810126582,0.7424242424129935,49,17,16,23
com_erro,mlp,queda,70,50,50,94,94,39,55,32,62,13,20,7,0.6276595744680851,0.5589717741935484,0.44,0.34375,0.38596491228070173,0.7741935483746099,48,14,21,11
com_erro,mlp,queda,70,55,55,86,86,34,52,30,56,12,21,9,0.6744186046511628,0.6571428571428571,0.5294117647058824,0.6,0.5625,0.7142857142729593,40,16,12,18
com_erro,mlp,queda,70,60,60,79,79,33,46,31,48,12,16,4,0.6075949367088608,0.574260752688172,0.5,0.41935483870967744,0.45614035087719296,0.7291666666514758,35,13,18,13
com_erro,mlp,queda,70,65,65,73,73,25,48,28,45,12,12,0,0.6575342465753424,0.5873015873015872,0.6153846153846154,0.2857142857142857,0.3902439024390244,0.8888888888691359,40,5,20,8
com_erro,mlp,queda,70,70,70,67,67,30,37,23,44,12,6,-6,0.746268656716418,0.6408102766798419,0.875,0.30434782608695654,0.45161290322580644,0.9772727272505166,43,1,16,7
com_erro,mlp,queda,80,5,5,935,935,424,511,381,554,14,86,72,0.6074866310160428,0.5872205956204933,0.52,0.4776902887139108,0.49794801641586867,0.6967509025258182,386,168,199,182
com_erro,mlp,queda,80,10,10,468,468,211,257,191,277,14,54,40,0.5769230769230769,0.6109021490540004,0.4887459807073955,0.7958115183246073,0.6055776892430279,0.4259927797818556,118,159,39,152
com_erro,mlp,queda,80,15,15,312,312,142,170,129,183,13,46,33,0.5993589743589743,0.6081458889312492,0.5120481927710844,0.6589147286821705,0.576271186440678,0.5573770491772821,102,81,44,85
com_erro,mlp,queda,80,20,20,234,234,106,128,93,141,13,34,21,0.6581196581196581,0.6193090825897963,0.5970149253731343,0.43010752688172044,0.5,0.8085106382921383,114,27,53,40
com_erro,mlp,queda,80,25,25,187,187,82,105,75,112,13,37,24,0.6256684491978609,0.6236309523809523,0.5287356321839081,0.6133333333333333,0.5679012345679012,0.6339285714229114,71,41,29,46
com_erro,mlp,queda,80,30,30,156,156,71,85,64,92,13,33,20,0.6153846153846154,0.6144701086956521,0.527027027027027,0.609375,0.5652173913043478,0.6195652173845699,57,35,25,39
com_erro,mlp,queda,80,35,35,134,134,64,70,52,82,13,28,15,0.6194029850746269,0.6045966228893058,0.509090909090909,0.5384615384615384,0.5233644859813084,0.6707317073088935,55,27,24,28
com_erro,mlp,queda,80,40,40,117,117,52,65,47,70,12,26,14,0.5470085470085471,0.541033434650456,0.4444444444444444,0.5106382978723404,0.4752475247524752,0.5714285714204081,40,30,23,24
com_erro,mlp,queda,80,45,45,104,104,48,56,42,62,11,26,15,0.5865384615384616,0.5879416282642089,0.49019607843137253,0.5952380952380952,0.5376344086021505,0.5806451612809573,36,26,17,25
com_erro,mlp,queda,80,50,50,94,94,42,52,36,58,13,24,11,0.5957446808510638,0.5775862068965517,0.47368421052631576,0.5,0.4864864864864865,0.6551724137818075,38,20,18,18
com_erro,mlp,queda,80,55,55,85,85,38,47,35,50,11,16,5,0.6235294117647059,0.6071428571428571,0.5454545454545454,0.5142857142857142,0.5294117647058824,0.699999999986,35,15,17,18
com_erro,mlp,queda,80,60,60,78,78,35,43,33,45,11,3,-8,0.5769230769230769,0.5080808080808081,0.5,0.06060606060606061,0.10810810810810811,0.955555555534321,43,2,31,2
com_erro,mlp,queda,80,65,65,72,72,27,45,31,41,11,15,4,0.5833333333333334,0.5554681353265145,0.5238095238095238,0.3548387096774194,0.4230769230769231,0.7560975609571684,31,10,20,11
com_erro,mlp,queda,80,70,70,67,67,34,33,24,43,12,14,2,0.5671641791044776,0.5799418604651163,0.42857142857142855,0.625,0.5084745762711864,0.5348837209177935,23,20,9,15
com_erro,mlp,queda,80,75,75,63,63,28,35,26,37,10,15,5,0.746031746031746,0.7437629937629937,0.6785714285714286,0.7307692307692307,0.7037037037037037,0.7567567567363039,28,9,7,19
com_erro,mlp,queda,80,80,80,59,59,25,34,23,36,11,11,0,0.7288135593220338,0.7228260869565217,0.64,0.6956521739130435,0.6666666666666666,0.7499999999791668,27,9,7,16
com_erro,mlp,queda,90,5,5,933,933,454,479,407,526,14,111,97,0.5841371918542336,0.5669766724899805,0.5285285285285285,0.43243243243243246,0.4756756756756757,0.7015209125461949,369,157,231,176
com_erro,mlp,queda,90,10,10,467,467,226,241,204,263,14,35,21,0.4603854389721627,0.5082662342503541,0.44146341463414634,0.8872549019607843,0.5895765472312704,0.1292775665394324,34,229,23,181
com_erro,mlp,queda,90,15,15,311,311,153,158,135,176,12,40,28,0.639871382636656,0.6084806397306397,0.6493506493506493,0.37037037037037035,0.4716981132075472,0.846590909086099,149,27,85,50
com_erro,mlp,queda,90,20,20,234,234,115,119,102,132,13,6,-7,0.4444444444444444,0.5053475935828877,0.43859649122807015,0.9803921568627451,0.6060606060606061,0.030303030302800738,4,128,2,100
com_erro,mlp,queda,90,25,25,187,187,91,96,78,109,12,34,22,0.6737967914438503,0.6855445777464126,0.5841584158415841,0.7564102564102564,0.659217877094972,0.6146788990769295,67,42,19,59
com_erro,mlp,queda,90,30,30,156,156,76,80,69,87,12,29,17,0.6410256410256411,0.6346826586706646,0.5970149253731343,0.5797101449275363,0.5882352941176471,0.689655172405866,60,27,29,40
com_erro,mlp,queda,90,35,35,134,134,67,67,57,77,12,30,18,0.5671641791044776,0.5550239234449761,0.4909090909090909,0.47368421052631576,0.48214285714285715,0.6363636363553719,49,28,30,27
com_erro,mlp,queda,90,40,40,117,117,58,59,51,66,11,26,15,0.5555555555555556,0.5525846702317291,0.4909090909090909,0.5294117647058824,0.5094339622641509,0.5757575757488521,38,28,24,27
com_erro,mlp,queda,90,45,45,104,104,53,51,44,60,10,24,14,0.625,0.6386363636363637,0.5423728813559322,0.7272727272727273,0.6213592233009708,0.5499999999908334,33,27,12,32
com_erro,mlp,queda,90,50,50,94,94,45,49,38,56,12,21,9,0.5319148936170213,0.5352443609022557,0.4375,0.5526315789473685,0.4883720930232558,0.5178571428478954,29,27,17,21
com_erro,mlp,queda,90,55,55,85,85,42,43,35,50,11,18,7,0.5764705882352941,0.5885714285714285,0.48936170212765956,0.6571428571428571,0.5609756097560976,0.5199999999896,26,24,12,23
com_erro,mlp,queda,90,60,60,78,78,37,41,36,42,11,18,7,0.6025641025641025,0.6031746031746033,0.5641025641025641,0.6111111111111112,0.5866666666666667,0.5952380952239229,25,17,14,22
com_erro,mlp,queda,90,65,65,72,72,34,38,32,40,10,18,8,0.5416666666666666,0.540625,0.4857142857142857,0.53125,0.5074626865671642,0.54999999998625,22,18,15,17
com_erro,mlp,queda,90,70,70,67,67,35,32,25,42,12,13,1,0.6417910447761194,0.6252380952380953,0.5185185185185185,0.56,0.5384615384615384,0.6904761904597506,29,13,11,14
com_erro,mlp,queda,90,75,75,63,63,32,31,27,36,10,11,1,0.746031746031746,0.7546296296296295,0.6666666666666666,0.8148148148148148,0.7333333333333333,0.6944444444251544,25,11,5,22
com_erro,mlp,queda,90,80,80,59,59,25,34,25,34,10,15,5,0.6779661016949152,0.678235294117647,0.6071428571428571,0.68,0.6415094339622641,0.676470588215398,23,11,8,17
com_erro,mlp,queda,90,85,85,55,55,26,29,24,31,11,15,4,0.509090909090909,0.4986559139784946,0.43478260869565216,0.4166666666666667,0.425531914893617,0.580645161271592,18,13,14,10
com_erro,mlp,queda,90,90,90,52,52,26,26,23,29,10,14,4,0.5384615384615384,0.5457271364317842,0.4827586206896552,0.6086956521739131,0.5384615384615384,0.48275862067300834,14,15,9,14
com_erro,mlp,queda,100,5,5,931,931,482,449,432,499,12,64,52,0.5413533834586466,0.5548945112447117,0.5039246467817896,0.7430555555555556,0.6005612722170253,0.3667334669331328,183,316,111,321
com_erro,mlp,queda,100,10,10,466,466,240,226,217,249,12,11,-1,0.463519313304721,0.4956230451760961,0.4634146341463415,0.9631336405529954,0.625748502994012,0.028112449799083887,7,242,8,209
com_erro,mlp,queda,100,15,15,311,311,159,152,146,165,12,50,38,0.5916398713826366,0.5946450809464507,0.5562130177514792,0.6438356164383562,0.5968253968253968,0.5454545454512397,90,75,52,94
com_erro,mlp,queda,100,20,20,233,233,120,113,106,127,11,20,9,0.592274678111588,0.558126578517308,0.7037037037037037,0.1792452830188679,0.2857142857142857,0.93700787400837,119,8,87,19
com_erro,mlp,queda,100,25,25,187,187,95,92,87,100,11,35,24,0.6524064171122995,0.6488505747126436,0.6341463414634146,0.5977011494252874,0.6153846153846154,0.699999999993,70,30,35,52
com_erro,mlp,queda,100,30,30,156,156,79,77,72,84,12,28,16,0.5897435897435898,0.6011904761904762,0.54,0.75,0.627906976744186,0.45238095237556686,38,46,18,54
com_erro,mlp,queda,100,35,35,133,133,70,63,62,71,10,23,13,0.518796992481203,0.5329395729213994,0.48936170212765956,0.7419354838709677,0.5897435897435898,0.32394366196726837,23,48,16,46
com_erro,mlp,queda,100,40,40,117,117,61,56,52,65,11,26,15,0.5470085470085471,0.5557692307692308,0.4925373134328358,0.6346153846153846,0.5546218487394958,0.4769230769157396,31,34,19,33
com_erro,mlp,queda,100,45,45,104,104,54,50,49,55,10,18,8,0.5865384615384616,0.5823747680890539,0.5681818181818182,0.5102040816326531,0.5376344086021505,0.6545454545335537,36,19,24,25
com_erro,mlp,queda,100,50,50,94,94,47,47,44,50,11,21,10,0.6063829787234043,0.5972727272727273,0.6060606060606061,0.45454545454545453,0.5194805194805194,0.7399999999852,37,13,24,20
com_erro,mlp,queda,100,55,55,85,85,46,39,37,48,11,23,12,0.5176470588235295,0.5202702702702703,0.45454545454545453,0.5405405405405406,0.49382716049382713,0.4999999999895834,24,24,17,20
com_erro,mlp,queda,100,60,60,78,78,38,40,36,42,11,22,11,0.5384615384615384,0.5357142857142857,0.5,0.5,0.5,0.5714285714149661,24,18,18,18
com_erro,mlp,queda,100,65,65,72,72,38,34,35,37,10,19,9,0.5,0.4988416988416988,0.48484848484848486,0.45714285714285713,0.47058823529411764,0.5405405405259314,20,17,19,16
com_erro,mlp,queda,100,70,70,67,67,35,32,29,38,10,13,3,0.582089552238806,0.574410163339383,0.5172413793103449,0.5172413793103449,0.5172413793103449,0.6315789473518006,24,14,14,15
com_erro,mlp,queda,100,75,75,63,63,32,31,30,33,11,13,2,0.5714285714285714,0.5727272727272728,0.5454545454545454,0.6,0.5714285714285714,0.5454545454380166,18,15,12,18
com_erro,mlp,queda,100,80,80,59,59,27,32,26,33,10,17,7,0.6271186440677966,0.62995337995338,0.5666666666666667,0.6538461538461539,0.6071428571428571,0.6060606060422407,20,13,9,17
com_erro,mlp,queda,100,85,85,55,55,28,27,25,30,11,13,2,0.5272727272727272,0.52,0.4782608695652174,0.44,0.4583333333333333,0.59999999998,18,12,14,11
com_erro,mlp,queda,100,90,90,52,52,27,25,24,28,10,14,4,0.6153846153846154,0.6130952380952381,0.5833333333333334,0.5833333333333334,0.5833333333333334,0.6428571428341837,18,10,10,14
com_erro,mlp,queda,100,95,95,49,49,25,24,25,24,10,10,0,0.5306122448979592,0.5325,0.55,0.44,0.4888888888888889,0.6249999999739584,15,9,14,11
com_erro,mlp,queda,100,100,100,47,47,21,26,22,25,10,14,4,0.6170212765957447,0.61,0.6111111111111112,0.5,0.55,0.7199999999712,18,7,11,11
com_erro,random_forest,lacuna,20,5,5,947,947,233,714,250,697,20,21,1,0.9989440337909187,0.998,1.0,0.996,0.9979959919839679,0.9999999999985653,697,0,1,249
com_erro,random_forest,lacuna,20,10,10,474,474,115,359,127,347,19,20,1,0.9957805907172996,0.9921259842519685,1.0,0.984251968503937,0.9920634920634921,0.9999999999971182,347,0,2,125
com_erro,random_forest,lacuna,20,15,15,316,316,77,239,84,232,19,19,0,1.0,1.0,1.0,1.0,1.0,0.9999999999956897,232,0,0,84
com_erro,random_forest,lacuna,20,20,20,237,237,60,177,61,176,18,19,1,0.9957805907172996,0.9918032786885246,1.0,0.9836065573770492,0.9917355371900827,0.9999999999943182,176,0,1,60
com_erro,random_forest,lacuna,30,5,5,945,945,266,679,287,658,19,19,0,1.0,1.0,1.0,1.0,1.0,0.9999999999984802,658,0,0,287
com_erro,random_forest,lacuna,30,10,10,473,473,132,341,145,328,19,19,0,0.9978858350951374,0.996551724137931,1.0,0.993103448275862,0.9965397923875432,0.9999999999969512,328,0,1,144
com_erro,random_forest,lacuna,30,15,15,315,315,88,227,96,219,18,18,0,1.0,1.0,1.0,1.0,1.0,0.9999999999954339,219,0,0,96
com_erro,random_forest,lacuna,30,20,20,237,237,66,171,74,163,19,19,0,0.9873417721518988,0.9797297297297297,1.0,0.9594594594594594,0.9793103448275862,0.9999999999938651,163,0,3,71
com_erro,random_forest,lacuna,30,25,25,189,189,52,137,55,134,18,18,0,0.9947089947089947,0.990909090909091,1.0,0.9818181818181818,0.9908256880733946,0.9999999999925374,134,0,1,54
com_erro,random_forest,lacuna,30,30,30,158,158,43,115,48,110,18,18,0,0.9746835443037974,0.9583333333333333,1.0,0.9166666666666666,0.9565217391304348,0.999999999990909,110,0,4,44
com_erro,random_forest,lacuna,40,5,5,943,943,298,645,323,620,19,19,0,1.0,1.0,1.0,1.0,1.0,0.9999999999983871,620,0,0,323
com_erro,random_forest,lacuna,40,10,10,472,472,148,324,163,309,19,19,0,0.9957627118644068,0.9938650306748467,1.0,0.9877300613496932,0.9938271604938271,0.9999999999967638,309,0,2,161
com_erro,random_forest,lacuna,40,15,15,315,315,98,217,110,205,19,19,0,1.0,1.0,1.0,1.0,1.0,0.999999999995122,205,0,0,110
com_erro,random_forest,lacuna,40,20,20,236,236,76,160,79,157,18,18,0,0.9957627118644068,0.9936708860759493,1.0,0.9873417721518988,0.9936305732484076,0.9999999999936307,157,0,1,78
com_erro,random_forest,lacuna,40,25,25,189,189,60,129,65,124,17,18,1,0.9788359788359788,0.9692307692307692,1.0,0.9384615384615385,0.9682539682539683,0.9999999999919355,124,0,4,61
com_erro,random_forest,lacuna,40,30,30,158,158,49,109,54,104,19,19,0,0.9936708860759493,0.9907407407407407,1.0,0.9814814814814815,0.9906542056074766,0.9999999999903846,104,0,1,53
com_erro,random_forest,lacuna,40,35,35,135,135,43,92,47,88,18,18,0,0.9925925925925926,0.9893617021276595,1.0,0.9787234042553191,0.989247311827957,0.9999999999886363,88,0,1,46
com_erro,random_forest,lacuna,40,40,40,118,118,38,80,40,78,17,17,0,1.0,1.0,1.0,1.0,1.0,0.9999999999871795,78,0,0,40
com_erro,random_forest,lacuna,50,5,5,941,941,330,611,359,582,18,18,0,1.0,1.0,1.0,1.0,1.0,0.9999999999982818,582,0,0,359
com_erro,random_forest,lacuna,50,10,10,471,471,164,307,181,290,18,18,0,0.9936305732484076,0.9917127071823204,1.0,0.9834254143646409,0.9916434540389972,0.9999999999965518,290,0,3,178
com_erro,random_forest,lacuna,50,15,15,314,314,110,204,120,194,18,18,0,1.0,1.0,1.0,1.0,1.0,0.9999999999948455,194,0,0,120
com_erro,random_forest,lacuna,50,20,20,236,236,82,154,92,144,18,19,1,0.9830508474576272,0.9782608695652174,1.0,0.9565217391304348,0.9777777777777777,0.9999999999930557,144,0,4,88
com_erro,random_forest,lacuna,50,25,25,189,189,65,124,73,116,18,18,0,0.9894179894179894,0.9863013698630136,1.0,0.9726027397260274,0.9861111111111112,0.9999999999913792,116,0,2,71
com_erro,random_forest,lacuna,50,30,30,157,157,55,102,60,97,17,18,1,0.9745222929936306,0.9666666666666667,1.0,0.9333333333333333,0.9655172413793104,0.9999999999896907,97,0,4,56
com_erro,random_forest,lacuna,50,35,35,135,135,49,86,54,81,16,16,0,1.0,1.0,1.0,1.0,1.0,0.9999999999876543,81,0,0,54
com_erro,random_forest,lacuna,50,40,40,118,118,43,75,44,74,17,17,0,1.0,1.0,1.0,1.0,1.0,0.9999999999864865,74,0,0,44
com_erro,random_forest,lacuna,50,45,45,105,105,35,70,36,69,16,18,2,0.9428571428571428,0.9166666666666667,1.0,0.8333333333333334,0.9090909090909091,0.9999999999855071,69,0,6,30
com_erro,random_forest,lacuna,50,50,50,95,95,36,59,35,60,18,17,-1,0.968421052631579,0.9571428571428571,1.0,0.9142857142857143,0.9552238805970149,0.9999999999833334,60,0,3,32
com_erro,random_forest,lacuna,60,5,5,939,939,362,577,393,546,18,18,0,1.0,1.0,1.0,1.0,1.0,0.9999999999981685,546,0,0,393
com_erro,random_forest,lacuna,60,10,10,470,470,180,290,198,272,18,18,0,0.9957446808510638,0.994949494949495,1.0,0.98989898989899,0.9949238578680203,0.9999999999963236,272,0,2,196
com_erro,random_forest,lacuna,60,15,15,313,313,120,193,132,181,17,17,0,1.0,1.0,1.0,1.0,1.0,0.9999999999944752,181,0,0,132
com_erro,random_forest,lacuna,60,20,20,235,235,92,143,97,138,17,17,0,0.9957446808510638,0.9948453608247423,1.0,0.9896907216494846,0.9948186528497409,0.9999999999927537,138,0,1,96
com_erro,random_forest,lacuna,60,25,25,188,188,73,115,77,111,16,16,0,0.9946808510638298,0.9935064935064934,1.0,0.987012987012987,0.9934640522875817,0.999999999990991,111,0,1,76
com_erro,random_forest,lacuna,60,30,30,157,157,59,98,66,91,15,16,1,0.9808917197452229,0.9772727272727273,1.0,0.9545454545454546,0.9767441860465116,0.9999999999890109,91,0,3,63
com_erro,random_forest,lacuna,60,35,35,135,135,51,84,59,76,16,16,0,1.0,1.0,1.0,1.0,1.0,0.9999999999868421,76,0,0,59
com_erro,random_forest,lacuna,60,40,40,118,118,48,70,48,70,17,17,0,0.9915254237288136,0.9895833333333333,1.0,0.9791666666666666,0.9894736842105263,0.9999999999857142,70,0,1,47
com_erro,random_forest,lacuna,60,45,45,105,105,39,66,43,62,15,17,2,0.9523809523809523,0.9418604651162791,1.0,0.8837209302325582,0.9382716049382716,0.999999999983871,62,0,5,38
com_erro,random_forest,lacuna,60,50,50,94,94,37,57,37,57,16,17,1,0.9680851063829787,0.9594594594594594,1.0,0.918918918918919,0.9577464788732394,0.9999999999824563,57,0,3,34
com_erro,random_forest,lacuna,60,55,55,86,86,34,52,35,51,15,15,0,1.0,1.0,1.0,1.0,1.0,0.9999999999803922,51,0,0,35
com_erro,random_forest,lacuna,60,60,60,79,79,31,48,33,46,15,16,1,0.9746835443037974,0.9696969696969697,1.0,0.9393939393939394,0.96875,0.999999999978261,46,0,2,31
com_erro,random_forest,lacuna,70,5,5,937,937,392,545,427,510,18,18,0,1.0,1.0,1.0,1.0,1.0,0.9999999999980392,510,0,0,427
com_erro,random_forest,lacuna,70,10,10,469,469,195,274,215,254,18,18,0,0.9936034115138592,0.9930232558139536,1.0,0.986046511627907,0.9929742388758782,0.999999999996063,254,0,3,212
com_erro,random_forest,lacuna,70,15,15,313,313,130,183,145,168,17,17,0,1.0,1.0,1.0,1.0,1.0,0.9999999999940477,168,0,0,145
com_erro,random_forest,lacuna,70,20,20,235,235,97,138,109,126,16,16,0,0.9914893617021276,0.9908256880733946,1.0,0.981651376146789,0.9907407407407407,0.9999999999920635,126,0,2,107
com_erro,random_forest,lacuna,70,25,25,188,188,78,110,87,101,16,16,0,0.9946808510638298,0.9942528735632183,1.0,0.9885057471264368,0.9942196531791907,0.9999999999900989,101,0,1,86
com_erro,random_forest,lacuna,70,30,30,157,157,65,92,72,85,16,17,1,0.9872611464968153,0.9861111111111112,1.0,0.9722222222222222,0.9859154929577465,0.9999999999882353,85,0,2,70
com_erro,random_forest,lacuna,70,35,35,134,134,59,75,63,71,15,15,0,0.9850746268656716,0.9841269841269842,1.0,0.9682539682539683,0.9838709677419355,0.9999999999859155,71,0,2,61
com_erro,random_forest,lacuna,70,40,40,118,118,48,70,56,62,16,17,1,0.9661016949152542,0.9642857142857143,1.0,0.9285714285714286,0.9629629629629629,0.999999999983871,62,0,4,52
com_erro,random_forest,lacuna,70,45,45,105,105,43,62,49,56,16,16,0,0.9523809523809523,0.9489795918367347,1.0,0.8979591836734694,0.946236559139785,0.999999999982143,56,0,5,44
com_erro,random_forest,lacuna,70,50,50,94,94,38,56,44,50,14,15,1,0.9787234042553191,0.9772727272727273,1.0,0.9545454545454546,0.9767441860465116,0.9999999999800001,50,0,2,42
com_erro,random_forest,lacuna,70,55,55,86,86,35,51,40,46,15,15,0,0.9534883720930233,0.95,1.0,0.9,0.9473684210526315,0.999999999978261,46,0,4,36
com_erro,random_forest,lacuna,70,60,60,79,79,32,47,36,43,16,17,1,0.9620253164556962,0.9583333333333333,1.0,0.9166666666666666,0.9565217391304348,0.9999999999767443,43,0,3,33
com_erro,random_forest,lacuna,70,65,65,73,73,32,41,30,43,17,17,0,1.0,1.0,1.0,1.0,1.0,0.9999999999767443,43,0,0,30
com_erro,random_forest,lacuna,70,70,70,67,67,30,37,34,33,11,12,1,0.9701492537313433,0.9705882352941176,1.0,0.9411764705882353,0.9696969696969697,0.9999999999696971,33,0,2,32
com_erro,random_forest,lacuna,80,5,5,935,935,421,514,461,474,16,16,0,1.0,1.0,1.0,1.0,1.0,0.9999999999978904,474,0,0,461
com_erro,random_forest,lacuna,80,10,10,468,468,210,258,232,236,16,16,0,0.9935897435897436,0.9935344827586207,1.0,0.9870689655172413,0.9934924078091106,0.9999999999957627,236,0,3,229
com_erro,random_forest,lacuna,80,15,15,312,312,141,171,154,158,16,16,0,1.0,1.0,1.0,1.0,1.0,0.999999999993671,158,0,0,154
com_erro,random_forest,lacuna,80,20,20,234,234,107,127,114,120,15,15,0,0.9914529914529915,0.9912280701754386,1.0,0.9824561403508771,0.9911504424778761,0.9999999999916667,120,0,2,112
com_erro,random_forest,lacuna,80,25,25,187,187,83,104,90,97,15,15,0,0.9946524064171123,0.9944444444444445,1.0,0.9888888888888889,0.994413407821229,0.9999999999896907,97,0,1,89
com_erro,random_forest,lacuna,80,30,30,156,156,71,85,77,79,15,16,1,0.9807692307692307,0.9805194805194806,1.0,0.961038961038961,0.9801324503311258,0.9999999999873417,79,0,3,74
com_erro,random_forest,lacuna,80,35,35,134,134,62,72,68,66,14,14,0,1.0,1.0,1.0,1.0,1.0,0.9999999999848485,66,0,0,68
com_erro,random_forest,lacuna,80,40,40,117,117,53,64,57,60,14,14,0,1.0,1.0,1.0,1.0,1.0,0.9999999999833334,60,0,0,57
com_erro,random_forest,lacuna,80,45,45,104,104,48,56,50,54,15,16,1,0.9615384615384616,0.96,1.0,0.92,0.9583333333333334,0.9999999999814816,54,0,4,46
com_erro,random_forest,lacuna,80,50,50,94,94,42,52,46,48,14,14,0,0.9893617021276596,0.9891304347826086,1.0,0.9782608695652174,0.989010989010989,0.9999999999791668,48,0,1,45
com_erro,random_forest,lacuna,80,55,55,85,85,38,47,40,45,14,14,0,1.0,1.0,1.0,1.0,1.0,0.9999999999777779,45,0,0,40
com_erro,random_forest,lacuna,80,60,60,78,78,35,43,37,41,15,16,1,0.9615384615384616,0.9594594594594594,1.0,0.918918918918919,0.9577464788732394,0.9999999999756098,41,0,3,34
com_erro,random_forest,lacuna,80,65,65,72,72,35,37,32,40,15,15,0,1.0,1.0,1.0,1.0,1.0,0.9999999999750001,40,0,0,32
com_erro,random_forest,lacuna,80,70,70,67,67,32,35,37,30,10,10,0,1.0,1.0,1.0,1.0,1.0,0.9999999999666667,30,0,0,37
com_erro,random_forest,lacuna,80,75,75,63,63,27,36,30,33,12,13,1,0.9841269841269841,0.9833333333333334,1.0,0.9666666666666667,0.9830508474576272,0.9999999999696971,33,0,1,29
com_erro,random_forest,lacuna,80,80,80,59,59,27,32,31,28,11,11,0,1.0,1.0,1.0,1.0,1.0,0.9999999999642857,28,0,0,31
com_erro,random_forest,lacuna,90,5,5,933,933,449,484,491,442,16,16,0,1.0,1.0,1.0,1.0,1.0,0.9999999999977376,442,0,0,491
com_erro,random_forest,lacuna,90,10,10,467,467,224,243,247,220,16,16,0,0.9935760171306209,0.9939271255060729,1.0,0.9878542510121457,0.9938900203665988,0.9999999999954546,220,0,3,244
com_erro,random_forest,lacuna,90,15,15,311,311,149,162,164,147,15,15,0,0.9967845659163987,0.9969512195121951,1.0,0.9939024390243902,0.9969418960244648,0.9999999999931973,147,0,1,163
com_erro,random_forest,lacuna,90,20,20,234,234,111,123,124,110,16,16,0,0.9914529914529915,0.9919354838709677,1.0,0.9838709677419355,0.991869918699187,0.999999999990909,110,0,2,122
com_erro,random_forest,lacuna,90,25,25,187,187,90,97,97,90,15,15,0,0.983957219251337,0.9845360824742269,1.0,0.9690721649484536,0.9842931937172775,0.9999999999888889,90,0,3,94
com_erro,random_forest,lacuna,90,30,30,156,156,73,83,81,75,15,15,0,0.9871794871794872,0.9876543209876543,1.0,0.9753086419753086,0.9875,0.9999999999866667,75,0,2,79
com_erro,random_forest,lacuna,90,35,35,134,134,64,70,73,61,15,14,-1,0.9776119402985075,0.9794520547945205,1.0,0.958904109589041,0.9790209790209791,0.9999999999836067,61,0,3,70
com_erro,random_forest,lacuna,90,40,40,117,117,57,60,61,56,14,14,0,1.0,1.0,1.0,1.0,1.0,0.999999999982143,56,0,0,61
com_erro,random_forest,lacuna,90,45,45,104,104,48,56,50,54,15,15,0,0.9711538461538461,0.97,1.0,0.94,0.9690721649484536,0.9999999999814816,54,0,3,47
com_erro,random_forest,lacuna,90,50,50,94,94,48,46,49,45,13,14,1,0.9680851063829787,0.9693877551020409,1.0,0.9387755102040817,0.968421052631579,0.9999999999777779,45,0,3,46
com_erro,random_forest,lacuna,90,55,55,85,85,40,45,46,39,12,12,0,0.9764705882352941,0.9782608695652174,1.0,0.9565217391304348,0.9777777777777777,0.9999999999743591,39,0,2,44
com_erro,random_forest,lacuna,90,60,60,78,78,35,43,40,38,14,16,2,0.9615384615384616,0.9625,1.0,0.925,0.961038961038961,0.9999999999736843,38,0,3,37
com_erro,random_forest,lacuna,90,65,65,72,72,36,36,38,34,13,13,0,1.0,1.0,1.0,1.0,1.0,0.9999999999705883,34,0,0,38
com_erro,random_forest,lacuna,90,70,70,67,67,34,33,38,29,10,10,0,1.0,1.0,1.0,1.0,1.0,0.9999999999655173,29,0,0,38
com_erro,random_forest,lacuna,90,75,75,63,63,30,33,35,28,11,12,1,0.9841269841269841,0.9857142857142858,1.0,0.9714285714285714,0.9855072463768116,0.9999999999642857,28,0,1,34
com_erro,random_forest,lacuna,90,80,80,59,59,28,31,33,26,11,11,0,1.0,1.0,1.0,1.0,1.0,0.9999999999615384,26,0,0,33
com_erro,random_forest,lacuna,90,85,85,55,55,25,30,28,27,12,12,0,1.0,1.0,1.0,1.0,1.0,0.999999999962963,27,0,0,28
com_erro,random_forest,lacuna,90,90,90,52,52,25,27,25,27,13,13,0,1.0,1.0,1.0,1.0,1.0,0.999999999962963,27,0,0,25
com_erro,random_forest,lacuna,100,5,5,931,931,477,454,521,410,15,15,0,1.0,1.0,1.0,1.0,1.0,0.999999999997561,410,0,0,521
com_erro,random_forest,lacuna,100,10,10,466,466,238,228,262,204,15,15,0,0.9957081545064378,0.9961832061068703,1.0,0.9923664122137404,0.9961685823754789,0.9999999999950981,204,0,2,260
com_erro,random_forest,lacuna,100,15,15,311,311,158,153,176,135,15,15,0,1.0,1.0,1.0,1.0,1.0,0.9999999999925927,135,0,0,176
com_erro,random_forest,lacuna,100,20,20,233,233,121,112,129,104,14,14,0,0.9914163090128756,0.9922480620155039,1.0,0.9844961240310077,0.9921875,0.9999999999903846,104,0,2,127
com_erro,random_forest,lacuna,100,25,25,187,187,95,92,105,82,14,14,0,0.9946524064171123,0.9952380952380953,1.0,0.9904761904761905,0.9952153110047847,0.9999999999878049,82,0,1,104
com_erro,random_forest,lacuna,100,30,30,156,156,79,77,87,69,14,14,0,0.9935897435897436,0.9942528735632183,1.0,0.9885057471264368,0.9942196531791907,0.9999999999855071,69,0,1,86
com_erro,random_forest,lacuna,100,35,35,133,133,69,64,76,57,12,12,0,1.0,1.0,1.0,1.0,1.0,0.9999999999824563,57,0,0,76
com_erro,random_forest,lacuna,100,40,40,117,117,62,55,65,52,13,13,0,0.9914529914529915,0.9923076923076923,1.0,0.9846153846153847,0.9922480620155039,0.9999999999807693,52,0,1,64
com_erro,random_forest,lacuna,100,45,45,104,104,51,53,56,48,13,14,1,0.9423076923076923,0.9464285714285714,1.0,0.8928571428571429,0.9433962264150944,0.9999999999791668,48,0,6,50
com_erro,random_forest,lacuna,100,50,50,94,94,50,44,52,42,13,13,0,1.0,1.0,1.0,1.0,1.0,0.9999999999761906,42,0,0,52
com_erro,random_forest,lacuna,100,55,55,85,85,44,41,48,37,12,12,0,0.9764705882352941,0.9791666666666667,1.0,0.9583333333333334,0.9787234042553191,0.9999999999729731,37,0,2,46
com_erro,random_forest,lacuna,100,60,60,78,78,40,38,43,35,12,12,0,0.9871794871794872,0.9883720930232558,1.0,0.9767441860465116,0.9882352941176471,0.9999999999714286,35,0,1,42
com_erro,random_forest,lacuna,100,65,65,72,72,37,35,41,31,11,11,0,1.0,1.0,1.0,1.0,1.0,0.9999999999677419,31,0,0,41
com_erro,random_forest,lacuna,100,70,70,67,67,36,31,40,27,9,9,0,1.0,1.0,1.0,1.0,1.0,0.999999999962963,27,0,0,40
com_erro,random_forest,lacuna,100,75,75,63,63,32,31,38,25,11,12,1,0.9841269841269841,0.986842105263158,1.0,0.9736842105263158,0.9866666666666667,0.99999999996,25,0,1,37
com_erro,random_forest,lacuna,100,80,80,59,59,30,29,35,24,10,10,0,1.0,1.0,1.0,1.0,1.0,0.9999999999583333,24,0,0,35
com_erro,random_forest,lacuna,100,85,85,55,55,29,26,29,26,11,11,0,1.0,1.0,1.0,1.0,1.0,0.9999999999615384,26,0,0,29
com_erro,random_forest,lacuna,100,90,90,52,52,26,26,27,25,12,12,0,1.0,1.0,1.0,1.0,1.0,0.99999999996,25,0,0,27
com_erro,random_forest,lacuna,100,95,95,49,49,26,23,25,24,11,12,1,0.9183673469387755,0.9191666666666667,0.9565217391304348,0.88,0.9166666666666666,0.9583333332934028,23,1,3,22
com_erro,random_forest,lacuna,100,100,100,47,47,24,23,26,21,11,11,0,0.9787234042553191,0.9761904761904762,0.9629629629629629,1.0,0.9811320754716981,0.9523809523356009,20,1,0,26
com_erro,random_forest,oscilacao,20,5,5,947,947,401,546,389,558,19,45,26,0.8437170010559663,0.8339045986860897,0.8301369863013699,0.7789203084832905,0.8037135278514589,0.8888888888872959,496,62,86,303
com_erro,random_forest,oscilacao,20,10,10,474,474,200,274,196,278,18,36,18,0.8333333333333334,0.8195382469534576,0.838150289017341,0.7397959183673469,0.7859078590785907,0.8992805755363336,250,28,51,145
com_erro,random_forest,oscilacao,20,15,15,316,316,132,184,129,187,18,27,9,0.8607594936708861,0.8498942917547568,0.8571428571428571,0.7906976744186046,0.8225806451612904,0.9090909090860477,170,17,27,102
com_erro,random_forest,oscilacao,20,20,20,237,237,99,138,98,139,18,28,10,0.8481012658227848,0.8328806342680958,0.8690476190476191,0.7448979591836735,0.8021978021978022,0.9208633093458931,128,11,25,73
com_erro,random_forest,oscilacao,30,5,5,945,945,437,508,424,521,18,39,21,0.8264550264550264,0.8208746785934161,0.8333333333333334,0.7665094339622641,0.7985257985257985,0.8752399232228882,456,65,99,325
com_erro,random_forest,oscilacao,30,10,10,473,473,219,254,213,260,18,33,15,0.8202959830866807,0.815745756590827,0.82,0.7699530516431925,0.7941888619854721,0.861538461535148,224,36,49,164
com_erro,random_forest,oscilacao,30,15,15,315,315,145,170,137,178,18,27,9,0.8285714285714286,0.8222545722955794,0.8217054263565892,0.7737226277372263,0.7969924812030075,0.8707865168490406,155,23,31,106
com_erro,random_forest,oscilacao,30,20,20,237,237,108,129,109,128,18,29,11,0.8016877637130801,0.7952981651376148,0.8297872340425532,0.7155963302752294,0.7684729064039408,0.8749999999931641,112,16,31,78
com_erro,random_forest,oscilacao,30,25,25,189,189,88,101,85,104,17,26,9,0.8201058201058201,0.8171945701357466,0.8072289156626506,0.788235294117647,0.7976190476190477,0.84615384614571,88,16,18,67
com_erro,random_forest,oscilacao,30,30,30,158,158,74,84,68,90,18,24,6,0.8227848101265823,0.8174836601307189,0.803030303030303,0.7794117647058824,0.7910447761194029,0.8555555555460493,77,13,15,53
com_erro,random_forest,oscilacao,40,5,5,943,943,470,473,458,485,18,38,20,0.7879109225874867,0.7864606311619322,0.8100961538461539,0.7358078602620087,0.7711670480549199,0.8371134020601296,406,79,121,337
com_erro,random_forest,oscilacao,40,10,10,472,472,236,236,230,242,18,36,18,0.7860169491525424,0.7845310815666546,0.8146341463414634,0.7260869565217392,0.767816091954023,0.8429752066080869,204,38,63,167
com_erro,random_forest,oscilacao,40,15,15,315,315,157,158,153,162,18,33,15,0.7682539682539683,0.7670660856935367,0.7816901408450704,0.7254901960784313,0.752542372881356,0.8086419753036505,131,31,42,111
com_erro,random_forest,oscilacao,40,20,20,236,236,117,119,115,121,18,27,9,0.8050847457627118,0.8045274883219548,0.8108108108108109,0.782608695652174,0.7964601769911505,0.8264462809849054,100,21,25,90
com_erro,random_forest,oscilacao,40,25,25,189,189,93,96,92,97,17,29,12,0.7619047619047619,0.761037651277454,0.7701149425287356,0.7282608695652174,0.7486033519553073,0.793814432981507,77,20,25,67
com_erro,random_forest,oscilacao,40,30,30,158,158,79,79,78,80,17,25,8,0.7468354430379747,0.7463141025641026,0.7638888888888888,0.7051282051282052,0.7333333333333333,0.7874999999901562,63,17,23,55
com_erro,random_forest,oscilacao,40,35,35,135,135,66,69,67,68,16,27,11,0.7481481481481481,0.7479148375768218,0.7619047619047619,0.7164179104477612,0.7384615384615385,0.7794117646944204,53,15,19,48
com_erro,random_forest,oscilacao,40,40,40,118,118,59,59,58,60,15,22,7,0.7711864406779662,0.7698275862068966,0.8163265306122449,0.6896551724137931,0.7476635514018691,0.8499999999858334,51,9,18,40
com_erro,random_forest,oscilacao,50,5,5,941,941,496,445,492,449,17,48,31,0.7704569606801275,0.7706579209444655,0.7887029288702929,0.766260162601626,0.777319587628866,0.775055679285579,348,101,115,377
com_erro,random_forest,oscilacao,50,10,10,471,471,250,221,247,224,17,35,18,0.772823779193206,0.7744632012724117,0.8097345132743363,0.7408906882591093,0.773784355179704,0.8080357142821071,181,43,64,183
com_erro,random_forest,oscilacao,50,15,15,314,314,163,151,163,151,17,34,17,0.7420382165605095,0.7430016657863731,0.7697368421052632,0.7177914110429447,0.7428571428571429,0.7682119205247139,116,35,46,117
com_erro,random_forest,oscilacao,50,20,20,236,236,123,113,126,110,17,30,13,0.7415254237288136,0.742929292929293,0.7777777777777778,0.7222222222222222,0.7489711934156379,0.7636363636294214,84,26,35,91
com_erro,random_forest,oscilacao,50,25,25,189,189,101,88,99,90,16,27,11,0.783068783068783,0.7833333333333333,0.8020833333333334,0.7777777777777778,0.7897435897435897,0.7888888888801234,71,19,22,77
com_erro,random_forest,oscilacao,50,30,30,157,157,84,73,82,75,15,26,11,0.7261146496815286,0.7247154471544716,0.7294117647058823,0.7560975609756098,0.7425149700598802,0.6933333333240889,52,23,20,62
com_erro,random_forest,oscilacao,50,35,35,135,135,73,62,72,63,15,25,10,0.7111111111111111,0.7093253968253969,0.726027397260274,0.7361111111111112,0.7310344827586207,0.6825396825288487,43,20,19,53
com_erro,random_forest,oscilacao,50,40,40,118,118,61,57,62,56,15,23,8,0.711864406779661,0.7137096774193548,0.75,0.6774193548387096,0.711864406779661,0.7499999999866072,42,14,20,42
com_erro,random_forest,oscilacao,50,45,45,105,105,55,50,57,48,14,23,9,0.6952380952380952,0.6946271929824561,0.7272727272727273,0.7017543859649122,0.7142857142857143,0.6874999999856771,33,15,17,40
com_erro,random_forest,oscilacao,50,50,50,95,95,52,43,51,44,16,24,8,0.7157894736842105,0.7087789661319073,0.7068965517241379,0.803921568627451,0.7522935779816514,0.6136363636224174,27,17,10,41
com_erro,random_forest,oscilacao,60,5,5,939,939,514,425,523,416,16,43,27,0.759318423855165,0.763037303279894,0.8179871520342612,0.7304015296367112,0.7717171717171717,0.7956730769211643,331,85,141,382
com_erro,random_forest,oscilacao,60,10,10,470,470,259,211,263,207,16,37,21,0.7425531914893617,0.7452747010525156,0.7983193277310925,0.7224334600760456,0.7584830339321357,0.7681159420252749,159,48,73,190
com_erro,random_forest,oscilacao,60,15,15,313,313,171,142,171,142,15,30,15,0.7571884984025559,0.758668972901738,0.7987421383647799,0.7426900584795322,0.7696969696969697,0.7746478873184884,110,32,44,127
com_erro,random_forest,oscilacao,60,20,20,235,235,130,105,132,103,15,26,11,0.7617021276595745,0.7622830244189467,0.8064516129032258,0.7575757575757576,0.78125,0.7669902912546894,79,24,32,100
com_erro,random_forest,oscilacao,60,25,25,188,188,103,85,105,83,15,27,12,0.75,0.7446356855995411,0.7685185185185185,0.7904761904761904,0.7793427230046949,0.6987951807144723,58,25,22,83
com_erro,random_forest,oscilacao,60,30,30,157,157,86,71,85,72,15,27,12,0.7133757961783439,0.7098039215686274,0.7272727272727273,0.7529411764705882,0.7398843930635838,0.6666666666574074,48,24,21,64
com_erro,random_forest,oscilacao,60,35,35,135,135,75,60,77,58,14,26,12,0.7333333333333333,0.7258172861621137,0.759493670886076,0.7792207792207793,0.7692307692307693,0.672413793091855,39,19,17,60
com_erro,random_forest,oscilacao,60,40,40,118,118,64,54,66,52,13,25,12,0.7457627118644068,0.7462121212121212,0.7903225806451613,0.7424242424242424,0.765625,0.749999999985577,39,13,17,49
com_erro,random_forest,oscilacao,60,45,45,105,105,57,48,59,46,14,22,8,0.7047619047619048,0.6989683124539425,0.7333333333333333,0.7457627118644068,0.7394957983193278,0.6521739130293006,30,16,15,44
com_erro,random_forest,oscilacao,60,50,50,94,94,52,42,53,41,14,21,7,0.7127659574468085,0.7011044638748274,0.7241379310344828,0.7924528301886793,0.7567567567567568,0.6097560975461036,25,16,11,42
com_erro,random_forest,oscilacao,60,55,55,86,86,46,40,48,38,13,22,9,0.6976744186046512,0.6990131578947368,0.75,0.6875,0.717391304347826,0.7105263157707757,27,11,15,33
com_erro,random_forest,oscilacao,60,60,60,79,79,42,37,40,39,14,24,10,0.7215189873417721,0.7211538461538461,0.7142857142857143,0.75,0.7317073170731707,0.6923076922899409,27,12,10,30
com_erro,random_forest,oscilacao,70,5,5,937,937,532,405,552,385,14,42,28,0.7342582710779082,0.734773197816676,0.8,0.7318840579710145,0.7644276253547777,0.7376623376604217,284,101,148,404
com_erro,random_forest,oscilacao,70,10,10,469,469,268,201,278,191,14,37,23,0.7398720682302772,0.7371558250781574,0.7977099236641222,0.7517985611510791,0.774074074074074,0.7225130890014528,138,53,69,209
com_erro,random_forest,oscilacao,70,15,15,313,313,178,135,185,128,14,35,21,0.731629392971246,0.7272381756756756,0.7853107344632768,0.7513513513513513,0.7679558011049724,0.703124999994507,90,38,46,139
com_erro,random_forest,oscilacao,70,20,20,235,235,132,103,142,93,14,32,18,0.7191489361702128,0.7212252006663638,0.8015873015873016,0.7112676056338029,0.753731343283582,0.7311827956910625,68,25,41,101
com_erro,random_forest,oscilacao,70,25,25,188,188,107,81,111,77,14,28,14,0.7127659574468085,0.712998712998713,0.7821782178217822,0.7117117117117117,0.7452830188679245,0.7142857142764378,55,22,32,79
com_erro,random_forest,oscilacao,70,30,30,157,157,90,67,94,63,14,26,12,0.7261146496815286,0.7189294157379265,0.7802197802197802,0.7553191489361702,0.7675675675675676,0.6825396825288487,43,20,23,71
com_erro,random_forest,oscilacao,70,35,35,134,134,77,57,79,55,13,26,13,0.7238805970149254,0.7243958573072498,0.7916666666666666,0.7215189873417721,0.7549668874172185,0.7272727272595042,40,15,22,57
com_erro,random_forest,oscilacao,70,40,40,118,118,66,52,72,46,12,24,12,0.7203389830508474,0.7276570048309179,0.819672131147541,0.6944444444444444,0.7518796992481203,0.7608695652008507,35,11,22,50
com_erro,random_forest,oscilacao,70,45,45,105,105,59,46,63,42,13,18,5,0.7142857142857143,0.7023809523809523,0.7619047619047619,0.7619047619047619,0.7619047619047619,0.6428571428418368,27,15,15,48
com_erro,random_forest,oscilacao,70,50,50,94,94,55,39,56,38,12,20,8,0.7127659574468085,0.6954887218045113,0.7457627118644068,0.7857142857142857,0.7652173913043478,0.6052631578788089,23,15,12,44
com_erro,random_forest,oscilacao,70,55,55,86,86,49,37,52,34,12,20,8,0.7790697674418605,0.7714932126696833,0.8235294117647058,0.8076923076923077,0.8155339805825242,0.7352941176254326,25,9,10,42
com_erro,random_forest,oscilacao,70,60,60,79,79,44,35,49,30,10,21,11,0.6582278481012658,0.6404761904761904,0.7291666666666666,0.7142857142857143,0.7216494845360825,0.5666666666477778,17,13,14,35
com_erro,random_forest,oscilacao,70,65,65,73,73,41,32,45,28,11,17,6,0.6164383561643836,0.6011904761904762,0.6976744186046512,0.6666666666666666,0.6818181818181818,0.5357142856951531,15,13,15,30
com_erro,random_forest,oscilacao,70,70,70,67,67,39,28,39,28,12,19,7,0.6567164179104478,0.6497252747252746,0.7105263157894737,0.6923076923076923,0.7012987012987013,0.6071428571211734,17,11,12,27
com_erro,random_forest,oscilacao,80,5,5,935,935,549,386,576,359,14,46,32,0.7240641711229947,0.7177997330547818,0.7944444444444444,0.7447916666666666,0.7688172043010753,0.6908077994409727,248,111,147,429
com_erro,random_forest,oscilacao,80,10,10,468,468,277,191,290,178,14,38,24,0.6965811965811965,0.6835722588144131,0.7642857142857142,0.7379310344827587,0.7508771929824561,0.6292134831425326,112,66,76,214
com_erro,random_forest,oscilacao,80,15,15,312,312,181,131,191,121,14,32,18,0.7467948717948718,0.7401886547531478,0.8076923076923077,0.7696335078534031,0.7882037533512064,0.7107438016470187,86,35,44,147
com_erro,random_forest,oscilacao,80,20,20,234,234,139,95,146,88,12,32,20,0.688034188034188,0.675513698630137,0.762589928057554,0.726027397260274,0.743859649122807,0.6249999999928977,55,33,40,106
com_erro,random_forest,oscilacao,80,25,25,187,187,111,76,116,71,13,26,13,0.7433155080213903,0.7302695483244293,0.7982456140350878,0.7844827586206896,0.7913043478260869,0.6760563380186471,48,23,25,91
com_erro,random_forest,oscilacao,80,30,30,156,156,93,63,97,59,12,27,15,0.6923076923076923,0.6762187663812687,0.7578947368421053,0.7422680412371134,0.75,0.6101694915150819,36,23,25,72
com_erro,random_forest,oscilacao,80,35,35,134,134,81,53,85,49,12,28,16,0.7089552238805971,0.6798319327731093,0.7613636363636364,0.788235294117647,0.7745664739884393,0.5714285714169096,28,21,18,67
com_erro,random_forest,oscilacao,80,40,40,117,117,70,47,73,44,12,24,12,0.7264957264957265,0.713107098381071,0.7887323943661971,0.7671232876712328,0.7777777777777778,0.6590909090759298,29,15,17,56
com_erro,random_forest,oscilacao,80,45,45,104,104,61,43,65,39,12,19,7,0.7115384615384616,0.6974358974358974,0.7777777777777778,0.7538461538461538,0.765625,0.6410256410092046,25,14,16,49
com_erro,random_forest,oscilacao,80,50,50,94,94,57,37,59,35,11,20,9,0.7127659574468085,0.6782082324455205,0.75,0.8135593220338984,0.7804878048780488,0.5428571428416327,19,16,11,48
com_erro,random_forest,oscilacao,80,55,55,85,85,51,34,51,34,12,16,4,0.8117647058823529,0.7941176470588236,0.8181818181818182,0.8823529411764706,0.8490566037735849,0.7058823529204153,24,10,6,45
com_erro,random_forest,oscilacao,80,60,60,78,78,47,31,52,26,7,16,9,0.6666666666666666,0.625,0.75,0.75,0.75,0.4999999999807692,13,13,13,39
com_erro,random_forest,oscilacao,80,65,65,72,72,43,29,45,27,10,15,5,0.6805555555555556,0.662962962962963,0.75,0.7333333333333333,0.7415730337078652,0.5925925925706447,16,11,12,33
com_erro,random_forest,oscilacao,80,70,70,67,67,42,25,42,25,10,16,6,0.6865671641791045,0.6366666666666667,0.7142857142857143,0.8333333333333334,0.7692307692307693,0.4399999999824,11,14,7,35
com_erro,random_forest,oscilacao,80,75,75,63,63,38,25,39,24,9,13,4,0.6825396825396826,0.6394230769230769,0.7111111111111111,0.8205128205128205,0.7619047619047619,0.4583333333142361,11,13,7,32
com_erro,random_forest,oscilacao,80,80,80,59,59,35,24,34,25,12,15,3,0.7796610169491526,0.7664705882352941,0.7837837837837838,0.8529411764705882,0.8169014084507042,0.6799999999728,17,8,5,29
com_erro,random_forest,oscilacao,90,5,5,933,933,565,368,600,333,12,43,31,0.6784565916398714,0.6571246246246246,0.759515570934256,0.7316666666666667,0.7453310696095077,0.5825825825808331,194,139,161,439
com_erro,random_forest,oscilacao,90,10,10,467,467,285,182,302,165,12,39,27,0.6788008565310493,0.6581778045354204,0.7638888888888888,0.7284768211920529,0.7457627118644068,0.587878787875225,97,68,82,220
com_erro,random_forest,oscilacao,90,15,15,311,311,188,123,197,114,12,31,19,0.7138263665594855,0.692804345890106,0.7755102040816326,0.7715736040609137,0.7735368956743003,0.6140350877139119,70,44,45,152
com_erro,random_forest,oscilacao,90,20,20,234,234,141,93,154,80,12,32,20,0.7008547008547008,0.6796266233766234,0.7876712328767124,0.7467532467532467,0.7666666666666667,0.6124999999923437,49,31,39,115
com_erro,random_forest,oscilacao,90,25,25,187,187,112,75,120,67,12,30,18,0.6898395721925134,0.6726368159203979,0.7719298245614035,0.7333333333333333,0.7521367521367521,0.6119402984983292,41,26,32,88
com_erro,random_forest,oscilacao,90,30,30,156,156,94,62,99,57,12,24,12,0.7051282051282052,0.6820839978734715,0.7676767676767676,0.7676767676767676,0.7676767676767676,0.5964912280597107,34,23,23,76
com_erro,random_forest,oscilacao,90,35,35,134,134,83,51,88,46,11,23,12,0.6791044776119403,0.6415513833992095,0.7528089887640449,0.7613636363636364,0.7570621468926554,0.5217391304234404,24,22,21,67
com_erro,random_forest,oscilacao,90,40,40,117,117,70,47,77,40,9,23,14,0.6837606837606838,0.6576298701298702,0.7702702702702703,0.7402597402597403,0.7549668874172185,0.574999999985625,23,17,20,57
com_erro,random_forest,oscilacao,90,45,45,104,104,63,41,67,37,11,22,11,0.6730769230769231,0.6373537716821298,0.7391304347826086,0.7611940298507462,0.75,0.5135135134996348,19,18,16,51
com_erro,random_forest,oscilacao,90,50,50,94,94,57,37,62,32,9,18,9,0.6808510638297872,0.6522177419354839,0.7666666666666667,0.7419354838709677,0.7540983606557377,0.562499999982422,18,14,16,46
com_erro,random_forest,oscilacao,90,55,55,85,85,52,33,55,30,10,17,7,0.7529411764705882,0.7106060606060606,0.7833333333333333,0.8545454545454545,0.8173913043478261,0.5666666666477778,17,13,8,47
com_erro,random_forest,oscilacao,90,60,60,78,78,47,31,53,25,7,18,11,0.6666666666666666,0.6173584905660378,0.7547169811320755,0.7547169811320755,0.7547169811320755,0.4799999999808,12,13,13,40
com_erro,random_forest,oscilacao,90,65,65,72,72,43,29,45,27,10,13,3,0.6944444444444444,0.6814814814814815,0.7674418604651163,0.7333333333333333,0.75,0.62962962960631,17,10,12,33
com_erro,random_forest,oscilacao,90,70,70,67,67,44,23,44,23,9,14,5,0.5970149253731343,0.5271739130434783,0.673469387755102,0.75,0.7096774193548387,0.304347826073724,7,16,11,33
com_erro,random_forest,oscilacao,90,75,75,63,63,39,24,41,22,8,9,1,0.6507936507936508,0.594789356984479,0.7111111111111111,0.7804878048780488,0.7441860465116279,0.40909090907231405,9,13,9,32
com_erro,random_forest,oscilacao,90,80,80,59,59,35,24,38,21,9,13,4,0.6101694915254238,0.5695488721804511,0.6923076923076923,0.7105263157894737,0.7012987012987013,0.42857142855102043,9,12,11,27
com_erro,random_forest,oscilacao,90,85,85,55,55,35,20,35,20,9,13,4,0.7090909090909091,0.6535714285714286,0.7317073170731707,0.8571428571428571,0.7894736842105263,0.4499999999775,9,11,5,30
com_erro,random_forest,oscilacao,90,90,90,52,52,30,22,35,17,8,12,4,0.6923076923076923,0.6504201680672269,0.7714285714285715,0.7714285714285715,0.7714285714285715,0.5294117646747405,9,8,8,27
com_erro,random_forest,oscilacao,100,5,5,931,931,581,350,620,311,12,37,25,0.6552094522019334,0.6185354216367597,0.7471074380165289,0.7290322580645161,0.7379591836734694,0.5080385852073697,158,153,168,452
com_erro,random_forest,oscilacao,100,10,10,466,466,293,173,312,154,12,35,23,0.6609442060085837,0.6218364968364969,0.7516339869281046,0.7371794871794872,0.7443365695792881,0.5064935064902176,78,76,82,230
com_erro,random_forest,oscilacao,100,15,15,311,311,194,117,208,103,12,30,18,0.6688102893890675,0.6323282300224048,0.7586206896551724,0.7403846153846154,0.7493917274939172,0.5242718446551041,54,49,54,154
com_erro,random_forest,oscilacao,100,20,20,233,233,147,86,156,77,12,26,14,0.6866952789699571,0.6443556443556444,0.7643312101910829,0.7692307692307693,0.7667731629392971,0.5194805194737729,40,37,36,120
com_erro,random_forest,oscilacao,100,25,25,187,187,118,69,126,61,11,27,16,0.6470588235294118,0.5985558157689306,0.7380952380952381,0.7380952380952381,0.7380952380952381,0.4590163934350981,28,33,33,93
com_erro,random_forest,oscilacao,100,30,30,156,156,98,58,106,50,9,24,15,0.6346153846153846,0.5937735849056603,0.7425742574257426,0.7075471698113207,0.7246376811594203,0.47999999999040005,24,26,31,75
com_erro,random_forest,oscilacao,100,35,35,133,133,85,48,90,43,9,24,15,0.6165413533834586,0.546640826873385,0.7052631578947368,0.7444444444444445,0.7243243243243244,0.34883720929421314,15,28,23,67
com_erro,random_forest,oscilacao,100,40,40,117,117,73,44,78,39,8,22,14,0.6239316239316239,0.5769230769230769,0.717948717948718,0.717948717948718,0.717948717948718,0.43589743588625907,17,22,22,56
com_erro,random_forest,oscilacao,100,45,45,104,104,65,39,72,32,8,15,7,0.6346153846153846,0.5451388888888888,0.717948717948718,0.7777777777777778,0.7466666666666667,0.3124999999902344,10,22,16,56
com_erro,random_forest,oscilacao,100,50,50,94,94,60,34,66,28,8,17,9,0.6276595744680851,0.560064935064935,0.7384615384615385,0.7272727272727273,0.732824427480916,0.39285714284311224,11,17,18,48
com_erro,random_forest,oscilacao,100,55,55,85,85,52,33,56,29,10,17,7,0.6705882352941176,0.6502463054187192,0.7692307692307693,0.7142857142857143,0.7407407407407407,0.5862068965315101,17,12,16,40
com_erro,random_forest,oscilacao,100,60,60,78,78,49,29,53,25,7,13,6,0.6923076923076923,0.6256603773584906,0.7543859649122807,0.8113207547169812,0.7818181818181819,0.4399999999824,11,14,10,43
com_erro,random_forest,oscilacao,100,65,65,72,72,44,28,45,27,10,13,3,0.6805555555555556,0.6555555555555556,0.7391304347826086,0.7555555555555555,0.7472527472527473,0.5555555555349794,15,12,11,34
com_erro,random_forest,oscilacao,100,70,70,67,67,44,23,45,22,8,10,2,0.6567164179104478,0.5585858585858585,0.7037037037037037,0.8444444444444444,0.7676767676767676,0.272727272714876,6,16,7,38
com_erro,random_forest,oscilacao,100,75,75,63,63,40,23,43,20,8,10,2,0.6349206349206349,0.5854651162790697,0.7380952380952381,0.7209302325581395,0.7294117647058823,0.4499999999775,9,11,12,31
com_erro,random_forest,oscilacao,100,80,80,59,59,36,23,39,20,8,13,5,0.5932203389830508,0.5583333333333333,0.7027027027027027,0.6666666666666666,0.6842105263157895,0.4499999999775,9,11,13,26
com_erro,random_forest,oscilacao,100,85,85,55,55,36,19,37,18,8,11,3,0.6909090909090909,0.5990990990990991,0.7272727272727273,0.8648648648648649,0.7901234567901234,0.3333333333148148,6,12,5,32
com_erro,random_forest,oscilacao,100,90,90,52,52,32,20,38,14,6,9,3,0.6730769230769231,0.5507518796992481,0.7560975609756098,0.8157894736842105,0.7848101265822784,0.2857142856938775,4,10,7,31
com_erro,random_forest,oscilacao,100,95,95,49,49,30,19,32,17,9,8,-1,0.5918367346938775,0.4944852941176471,0.65,0.8125,0.7222222222222222,0.1764705882249135,3,14,6,26
com_erro,random_forest,oscilacao,100,100,100,47,47,30,17,31,16,8,10,2,0.7021276595744681,0.622983870967742,0.7297297297297297,0.8709677419354839,0.7941176470588235,0.3749999999765625,6,10,4,27
com_erro,random_forest,queda,20,5,5,947,947,218,729,195,752,21,38,17,0.8585005279831045,0.7076888979814512,0.7652173913043478,0.4512820512820513,0.567741935483871,0.964095744679569,725,27,107,88
com_erro,random_forest,queda,20,10,10,474,474,108,366,97,377,20,23,3,0.8628691983122363,0.6917471082064044,0.8478260869565217,0.4020618556701031,0.5454545454545454,0.9814323607401023,370,7,58,39
com_erro,random_forest,queda,20,15,15,316,316,73,243,67,249,19,22,3,0.8386075949367089,0.6739495294611281,0.7222222222222222,0.3880597014925373,0.5048543689320388,0.9598393574258641,239,10,41,26
com_erro,random_forest,queda,20,20,20,237,237,54,183,47,190,18,16,-2,0.8523206751054853,0.6676931690929452,0.7727272727272727,0.3617021276595745,0.4927536231884058,0.9736842105211911,185,5,30,17
com_erro,random_forest,queda,30,5,5,945,945,259,686,234,711,19,36,17,0.8328042328042328,0.696797576544412,0.8064516129032258,0.42735042735042733,0.5586592178770949,0.9662447257370377,687,24,134,100
com_erro,random_forest,queda,30,10,10,473,473,129,344,116,357,19,25,6,0.8393234672304439,0.6927822853279242,0.8703703703703703,0.4051724137931034,0.5529411764705883,0.9803921568599989,350,7,69,47
com_erro,random_forest,queda,30,15,15,315,315,89,226,78,237,16,25,9,0.8444444444444444,0.7203018500486855,0.8222222222222222,0.47435897435897434,0.6016260162601627,0.9662447257343196,229,8,41,37
com_erro,random_forest,queda,30,20,20,237,237,68,169,60,177,16,17,1,0.8312236286919831,0.6942090395480226,0.8333333333333334,0.4166666666666667,0.5555555555555556,0.9717514124238885,172,5,35,25
com_erro,random_forest,queda,30,25,25,189,189,47,142,46,143,15,10,-5,0.8253968253968254,0.6560504712678625,0.8823529411764706,0.32608695652173914,0.47619047619047616,0.9860139860070909,141,2,31,15
com_erro,random_forest,queda,30,30,30,158,158,44,114,41,117,14,15,1,0.8354430379746836,0.6987700646237232,0.8947368421052632,0.4146341463414634,0.5666666666666667,0.982905982897582,115,2,24,17
com_erro,random_forest,queda,40,5,5,943,943,297,646,268,675,17,44,27,0.8006362672322376,0.6976257600884467,0.7409638554216867,0.458955223880597,0.5668202764976958,0.9362962962949092,632,43,145,123
com_erro,random_forest,queda,40,10,10,472,472,148,324,134,338,16,33,17,0.8072033898305084,0.7009847213635962,0.7721518987341772,0.4552238805970149,0.5727699530516432,0.9467455621273765,320,18,73,61
com_erro,random_forest,queda,40,15,15,315,315,97,218,91,224,16,29,13,0.8063492063492064,0.7072458791208791,0.7678571428571429,0.4725274725274725,0.5850340136054422,0.9419642857100805,211,13,48,43
com_erro,random_forest,queda,40,20,20,236,236,74,162,65,171,14,20,6,0.8050847457627118,0.6795321637426901,0.7878787878787878,0.4,0.5306122448979592,0.9590643274797717,164,7,39,26
com_erro,random_forest,queda,40,25,25,189,189,59,130,50,139,14,19,5,0.8465608465608465,0.7420143884892086,0.8387096774193549,0.52,0.6419753086419753,0.9640287769714819,134,5,24,26
com_erro,random_forest,queda,40,30,30,158,158,48,110,45,113,15,20,5,0.7911392405063291,0.6868239921337267,0.7142857142857143,0.4444444444444444,0.547945205479452,0.9292035398147858,105,8,25,20
com_erro,random_forest,queda,40,35,35,135,135,44,91,35,100,15,13,-2,0.762962962962963,0.6264285714285714,0.5714285714285714,0.34285714285714286,0.42857142857142855,0.9099999999909,91,9,23,12
com_erro,random_forest,queda,40,40,40,118,118,35,83,33,85,14,12,-2,0.788135593220339,0.6490196078431373,0.7857142857142857,0.3333333333333333,0.46808510638297873,0.9647058823415916,82,3,22,11
com_erro,random_forest,queda,50,5,5,941,941,332,609,298,643,15,49,34,0.7736450584484591,0.7056347657269302,0.6888888888888889,0.5201342281879194,0.5927342256214149,0.891135303264555,573,70,143,155
com_erro,random_forest,queda,50,10,10,471,471,165,306,149,322,15,35,20,0.7919320594479831,0.712607861936721,0.7628865979381443,0.4966442953020134,0.6016260162601627,0.9285714285685448,299,23,75,74
com_erro,random_forest,queda,50,15,15,314,314,112,202,102,212,14,28,14,0.767515923566879,0.6879393266740659,0.7230769230769231,0.46078431372549017,0.562874251497006,0.9150943396183251,194,18,55,47
com_erro,random_forest,queda,50,20,20,236,236,85,151,75,161,15,24,9,0.7584745762711864,0.6805383022774327,0.6730769230769231,0.4666666666666667,0.5511811023622047,0.8944099378826434,144,17,40,35
com_erro,random_forest,queda,50,25,25,189,189,65,124,60,129,15,23,8,0.7619047619047619,0.674031007751938,0.7027027027027027,0.43333333333333335,0.5360824742268041,0.9147286821634518,118,11,34,26
com_erro,random_forest,queda,50,30,30,157,157,56,101,50,107,14,20,6,0.7643312101910829,0.6779439252336449,0.7096774193548387,0.44,0.5432098765432098,0.91588785045873,98,9,28,22
com_erro,random_forest,queda,50,35,35,135,135,51,84,40,95,14,12,-2,0.8,0.6986842105263158,0.782608695652174,0.45,0.5714285714285714,0.9473684210426593,90,5,22,18
com_erro,random_forest,queda,50,40,40,118,118,43,75,38,80,13,14,1,0.788135593220339,0.7125,0.76,0.5,0.6031746031746031,0.9249999999884374,74,6,19,19
com_erro,random_forest,queda,50,45,45,105,105,38,67,34,71,13,12,-1,0.7523809523809524,0.6559652029826015,0.7222222222222222,0.38235294117647056,0.5,0.9295774647756397,66,5,21,13
com_erro,random_forest,queda,50,50,50,95,95,32,63,31,64,14,11,-3,0.7052631578947368,0.5899697580645161,0.6153846153846154,0.25806451612903225,0.36363636363636365,0.9218749999855956,59,5,23,8
com_erro,random_forest,queda,60,5,5,939,939,364,575,326,613,15,57,42,0.7465388711395101,0.7082136530589778,0.6506849315068494,0.5828220858895705,0.6148867313915858,0.8336052202270251,511,102,136,190
com_erro,random_forest,queda,60,10,10,470,470,181,289,163,307,15,40,25,0.7382978723404255,0.6888851142063508,0.6515151515151515,0.5276073619631901,0.5830508474576271,0.8501628664467422,261,46,77,86
com_erro,random_forest,queda,60,15,15,313,313,123,190,108,205,14,33,19,0.731629392971246,0.6855916892502258,0.6304347826086957,0.5370370370370371,0.58,0.8341463414593456,171,34,50,58
com_erro,random_forest,queda,60,20,20,235,235,91,144,79,156,14,24,10,0.7404255319148936,0.6670318078545927,0.6730769230769231,0.4430379746835443,0.5343511450381679,0.8910256410199294,139,17,44,35
com_erro,random_forest,queda,60,25,25,188,188,71,117,63,125,14,22,8,0.7606382978723404,0.694031746031746,0.7045454545454546,0.49206349206349204,0.5794392523364486,0.895999999992832,112,13,32,31
com_erro,random_forest,queda,60,30,30,157,157,61,96,55,102,14,23,9,0.732484076433121,0.6810160427807486,0.6511627906976745,0.509090909090909,0.5714285714285714,0.852941176462226,87,15,27,28
com_erro,random_forest,queda,60,35,35,135,135,54,81,48,87,14,21,7,0.7111111111111111,0.6544540229885057,0.6285714285714286,0.4583333333333333,0.5301204819277109,0.8505747126339014,74,13,26,22
com_erro,random_forest,queda,60,40,40,118,118,47,71,39,79,13,16,3,0.7711864406779662,0.7057773450178513,0.7142857142857143,0.5128205128205128,0.5970149253731343,0.8987341772038134,71,8,19,20
com_erro,random_forest,queda,60,45,45,105,105,40,65,37,68,13,15,2,0.7333333333333333,0.670906200317965,0.68,0.4594594594594595,0.5483870967741935,0.8823529411634947,60,8,20,17
com_erro,random_forest,queda,60,50,50,94,94,35,59,30,64,13,9,-4,0.7340425531914894,0.6453125,0.631578947368421,0.4,0.4897959183673469,0.8906249999860839,57,7,18,12
com_erro,random_forest,queda,60,55,55,86,86,34,52,28,58,13,14,1,0.7674418604651163,0.7259852216748768,0.6538461538461539,0.6071428571428571,0.6296296296296297,0.8448275861923306,49,9,11,17
com_erro,random_forest,queda,60,60,60,79,79,31,48,27,52,13,12,-1,0.7088607594936709,0.6363960113960114,0.6111111111111112,0.4074074074074074,0.4888888888888889,0.8653846153679734,45,7,16,11
com_erro,random_forest,queda,70,5,5,937,937,394,543,354,583,15,50,35,0.7139807897545357,0.6947020573499627,0.6228571428571429,0.615819209039548,0.6193181818181818,0.7735849056590505,451,132,136,218
com_erro,random_forest,queda,70,10,10,469,469,196,273,177,292,15,36,21,0.7313432835820896,0.7030318860769291,0.6624203821656051,0.5875706214689266,0.6227544910179641,0.8184931506821285,239,53,73,104
com_erro,random_forest,queda,70,15,15,313,313,129,184,120,193,14,33,19,0.7380191693290735,0.7119170984455958,0.6792452830188679,0.6,0.6371681415929203,0.8238341968869232,159,34,48,72
com_erro,random_forest,queda,70,20,20,235,235,100,135,89,146,14,28,14,0.7276595744680852,0.6996690780360166,0.6582278481012658,0.5842696629213483,0.6190476190476191,0.8150684931451023,119,27,37,52
com_erro,random_forest,queda,70,25,25,188,188,77,111,67,121,13,20,7,0.7659574468085106,0.7082767978290366,0.7555555555555555,0.5074626865671642,0.6071428571428571,0.909090909083396,110,11,33,34
com_erro,random_forest,queda,70,30,30,157,157,64,93,59,98,14,24,10,0.732484076433121,0.6946558284330682,0.6808510638297872,0.5423728813559322,0.6037735849056604,0.8469387755015618,83,15,27,32
com_erro,random_forest,queda,70,35,35,134,134,58,76,50,84,13,22,9,0.7238805970149254,0.6866666666666668,0.6585365853658537,0.54,0.5934065934065934,0.8333333333234126,70,14,23,27
com_erro,random_forest,queda,70,40,40,118,118,50,68,44,74,14,19,5,0.7457627118644068,0.7051597051597052,0.7058823529411765,0.5454545454545454,0.6153846153846154,0.8648648648531775,64,10,20,24
com_erro,random_forest,queda,70,45,45,105,105,43,62,39,66,14,16,2,0.7714285714285715,0.7342657342657343,0.7419354838709677,0.5897435897435898,0.6571428571428571,0.8787878787745638,58,8,16,23
com_erro,random_forest,queda,70,50,50,94,94,39,55,32,62,13,14,1,0.7978723404255319,0.733366935483871,0.8095238095238095,0.53125,0.6415094339622641,0.9354838709526535,58,4,15,17
com_erro,random_forest,queda,70,55,55,86,86,34,52,30,56,12,11,-1,0.8255813953488372,0.780952380952381,0.8260869565217391,0.6333333333333333,0.7169811320754716,0.928571428554847,52,4,11,19
com_erro,random_forest,queda,70,60,60,79,79,33,46,31,48,12,14,2,0.6329113924050633,0.5836693548387097,0.55,0.3548387096774194,0.43137254901960786,0.812499999983073,39,9,20,11
com_erro,random_forest,queda,70,65,65,73,73,25,48,28,45,12,11,-1,0.6438356164383562,0.5761904761904761,0.5714285714285714,0.2857142857142857,0.38095238095238093,0.8666666666474074,39,6,20,8
com_erro,random_forest,queda,70,70,70,67,67,30,37,23,44,12,8,-4,0.7611940298507462,0.7144268774703557,0.6842105263157895,0.5652173913043478,0.6190476190476191,0.8636363636167356,38,6,10,13
com_erro,random_forest,queda,80,5,5,935,935,424,511,381,554,14,44,30,0.6887700534759358,0.6828600396069625,0.6108374384236454,0.6509186351706037,0.6302414231257941,0.714801444042031,396,158,133,248
com_erro,random_forest,queda,80,10,10,468,468,211,257,191,277,14,40,26,0.6858974358974359,0.6761392632354888,0.6134020618556701,0.6230366492146597,0.6181818181818182,0.7292418772536851,202,75,72,119
com_erro,random_forest,queda,80,15,15,312,312,142,170,129,183,13,37,24,0.7051282051282052,0.6983098233574787,0.6390977443609023,0.6589147286821705,0.648854961832061,0.7377049180287557,135,48,44,85
com_erro,random_forest,queda,80,20,20,234,234,106,128,93,141,13,32,19,0.7350427350427351,0.7179135209334249,0.6781609195402298,0.6344086021505376,0.6555555555555556,0.8014184397106283,113,28,34,59
com_erro,random_forest,queda,80,25,25,187,187,82,105,75,112,13,31,18,0.7112299465240641,0.6906547619047618,0.6567164179104478,0.5866666666666667,0.6197183098591549,0.7946428571357621,89,23,31,44
com_erro,random_forest,queda,80,30,30,156,156,71,85,64,92,13,24,11,0.7243589743589743,0.7092391304347826,0.6779661016949152,0.625,0.6504065040650406,0.7934782608609404,73,19,24,40
com_erro,random_forest,queda,80,35,35,134,134,64,70,52,82,13,27,14,0.7089552238805971,0.7023921200750469,0.6140350877192983,0.6730769230769231,0.6422018348623854,0.7317073170642474,60,22,17,35
com_erro,random_forest,queda,80,40,40,117,117,52,65,47,70,12,22,10,0.7008547008547008,0.676595744680851,0.65,0.5531914893617021,0.5977011494252874,0.7999999999885714,56,14,21,26
com_erro,random_forest,queda,80,45,45,104,104,48,56,42,62,11,21,10,0.7403846153846154,0.7246543778801844,0.6923076923076923,0.6428571428571429,0.6666666666666666,0.8064516128902186,50,12,15,27
com_erro,random_forest,queda,80,50,50,94,94,42,52,36,58,13,15,2,0.7127659574468085,0.6724137931034483,0.6666666666666666,0.5,0.5714285714285714,0.8448275861923306,49,9,18,18
com_erro,random_forest,queda,80,55,55,85,85,38,47,35,50,11,18,7,0.6941176470588235,0.6842857142857143,0.6285714285714286,0.6285714285714286,0.6285714285714286,0.7399999999852,37,13,13,22
com_erro,random_forest,queda,80,60,60,78,78,35,43,33,45,11,17,6,0.6538461538461539,0.6353535353535353,0.6071428571428571,0.5151515151515151,0.5573770491803278,0.7555555555387655,34,11,16,17
com_erro,random_forest,queda,80,65,65,72,72,27,45,31,41,11,14,3,0.5972222222222222,0.5637293469708891,0.5555555555555556,0.3225806451612903,0.40816326530612246,0.8048780487608567,33,8,21,10
com_erro,random_forest,queda,80,70,70,67,67,34,33,24,43,12,10,-2,0.7164179104477612,0.687015503875969,0.6086956521739131,0.5833333333333334,0.5957446808510638,0.7906976744002164,34,9,10,14
com_erro,random_forest,queda,80,75,75,63,63,28,35,26,37,10,12,2,0.6825396825396826,0.6496881496881497,0.6666666666666666,0.46153846153846156,0.5454545454545454,0.8378378378151936,31,6,14,12
com_erro,random_forest,queda,80,80,80,59,59,25,34,23,36,11,10,-1,0.7966101694915254,0.7548309178743962,0.8666666666666667,0.5652173913043478,0.6842105263157895,0.94444444441821,34,2,10,13
com_erro,random_forest,queda,90,5,5,933,933,454,479,407,526,14,50,36,0.6655948553054662,0.6684027615586551,0.6017130620985011,0.6904176904176904,0.6430205949656751,0.646387832698391,340,186,126,281
com_erro,random_forest,queda,90,10,10,467,467,226,241,204,263,14,45,31,0.683083511777302,0.6839912771192127,0.6238938053097345,0.6911764705882353,0.6558139534883721,0.6768060836476167,178,85,63,141
com_erro,random_forest,queda,90,15,15,311,311,153,158,135,176,12,38,26,0.6655948553054662,0.6708964646464647,0.5962732919254659,0.7111111111111111,0.6486486486486487,0.6306818181782348,111,65,39,96
com_erro,random_forest,queda,90,20,20,234,234,115,119,102,132,13,32,19,0.6837606837606838,0.6829322638146168,0.6272727272727273,0.6764705882352942,0.6509433962264151,0.6893939393887167,91,41,33,69
com_erro,random_forest,queda,90,25,25,187,187,91,96,78,109,12,27,15,0.7272727272727273,0.7204775346977181,0.6708860759493671,0.6794871794871795,0.6751592356687898,0.7614678899012709,83,26,25,53
com_erro,random_forest,queda,90,30,30,156,156,76,80,69,87,12,24,12,0.7051282051282052,0.7026486756621689,0.6619718309859155,0.6811594202898551,0.6714285714285714,0.7241379310261593,63,24,22,47
com_erro,random_forest,queda,90,35,35,134,134,67,67,57,77,12,26,14,0.7238805970149254,0.7187286397812713,0.6724137931034483,0.6842105263157895,0.6782608695652174,0.7532467532369708,58,19,18,39
com_erro,random_forest,queda,90,40,40,117,117,58,59,51,66,11,25,14,0.6923076923076923,0.6938502673796791,0.631578947368421,0.7058823529411765,0.6666666666666666,0.6818181818078513,45,21,15,36
com_erro,random_forest,queda,90,45,45,104,104,53,51,44,60,10,17,7,0.7211538461538461,0.718939393939394,0.6595744680851063,0.7045454545454546,0.6813186813186813,0.7333333333211112,44,16,13,31
com_erro,random_forest,queda,90,50,50,94,94,45,49,38,56,12,14,2,0.7659574468085106,0.7401315789473684,0.7666666666666667,0.6052631578947368,0.6764705882352942,0.874999999984375,49,7,15,23
com_erro,random_forest,queda,90,55,55,85,85,42,43,35,50,11,15,4,0.6470588235294118,0.64,0.5675675675675675,0.6,0.5833333333333334,0.6799999999864,34,16,14,21
com_erro,random_forest,queda,90,60,60,78,78,37,41,36,42,11,17,6,0.6794871794871795,0.6746031746031746,0.6666666666666666,0.6111111111111112,0.6376811594202898,0.7380952380776644,31,11,14,22
com_erro,random_forest,queda,90,65,65,72,72,34,38,32,40,10,19,9,0.5833333333333334,0.58125,0.5294117647058824,0.5625,0.5454545454545454,0.5999999999850001,24,16,14,18
com_erro,random_forest,queda,90,70,70,67,67,35,32,25,42,12,12,0,0.6865671641791045,0.6771428571428572,0.5714285714285714,0.64,0.6037735849056604,0.7142857142687076,30,12,9,16
com_erro,random_forest,queda,90,75,75,63,63,32,31,27,36,10,13,3,0.746031746031746,0.7361111111111112,0.72,0.6666666666666666,0.6923076923076923,0.805555555533179,29,7,9,18
com_erro,random_forest,queda,90,80,80,59,59,25,34,25,34,10,10,0,0.8135593220338984,0.7958823529411765,0.85,0.68,0.7555555555555555,0.9117647058555364,31,3,8,17
com_erro,random_forest,queda,90,85,85,55,55,26,29,24,31,11,11,0,0.6727272727272727,0.6579301075268817,0.65,0.5416666666666666,0.5909090909090909,0.7741935483621228,24,7,11,13
com_erro,random_forest,queda,90,90,90,52,52,26,26,23,29,10,13,3,0.7307692307692307,0.7181409295352323,0.7368421052631579,0.6086956521739131,0.6666666666666666,0.8275862068680143,24,5,9,14
com_erro,random_forest,queda,100,5,5,931,931,482,449,432,499,12,52,40,0.6294307196562836,0.6353494025087212,0.5816135084427767,0.7175925925925926,0.6424870466321243,0.5531062124237413,276,223,122,310
com_erro,random_forest,queda,100,10,10,466,466,240,226,217,249,12,48,36,0.6652360515021459,0.6686839523994597,0.6215139442231076,0.7188940092165899,0.6666666666666666,0.6184738955798456,154,95,61,156
com_erro,random_forest,queda,100,15,15,311,311,159,152,146,165,12,39,27,0.684887459807074,0.6884391863843918,0.6411764705882353,0.7465753424657534,0.689873417721519,0.6303030302992103,104,61,37,109
com_erro,random_forest,queda,100,20,20,233,233,120,113,106,127,11,37,26,0.6824034334763949,0.6860421928391026,0.6311475409836066,0.7264150943396226,0.6754385964912281,0.6456692913334986,82,45,29,77
com_erro,random_forest,queda,100,25,25,187,187,95,92,87,100,11,29,18,0.679144385026738,0.6798275862068965,0.6451612903225806,0.6896551724137931,0.6666666666666666,0.6699999999933,67,33,27,60
com_erro,random_forest,queda,100,30,30,156,156,79,77,72,84,12,22,10,0.6730769230769231,0.6775793650793651,0.6235294117647059,0.7361111111111112,0.6751592356687898,0.6190476190402494,52,32,19,53
com_erro,random_forest,queda,100,35,35,133,133,70,63,62,71,10,25,15,0.6466165413533834,0.6495910949568378,0.6056338028169014,0.6935483870967742,0.6466165413533834,0.6056338028083713,43,28,19,43
com_erro,random_forest,queda,100,40,40,117,117,61,56,52,65,11,24,13,0.6837606837606838,0.6846153846153846,0.631578947368421,0.6923076923076923,0.6605504587155964,0.6769230769126627,44,21,16,36
com_erro,random_forest,queda,100,45,45,104,104,54,50,49,55,10,19,9,0.6730769230769231,0.6708719851576994,0.6595744680851063,0.6326530612244898,0.6458333333333334,0.7090909090780165,39,16,18,31
com_erro,random_forest,queda,100,50,50,94,94,47,47,44,50,11,18,7,0.6702127659574468,0.6668181818181818,0.6585365853658537,0.6136363636363636,0.6352941176470588,0.7199999999856,36,14,17,27
com_erro,random_forest,queda,100,55,55,85,85,46,39,37,48,11,18,7,0.611764705882353,0.6221846846846847,0.5416666666666666,0.7027027027027027,0.611764705882353,0.541666666655382,26,22,11,26
com_erro,random_forest,queda,100,60,60,78,78,38,40,36,42,11,17,6,0.6282051282051282,0.625,0.6,0.5833333333333334,0.5915492957746479,0.6666666666507937,28,14,15,21
com_erro,random_forest,queda,100,65,65,72,72,38,34,35,37,10,15,5,0.6111111111111112,0.6115830115830116,0.5945945945945946,0.6285714285714286,0.6111111111111112,0.5945945945785245,22,15,13,22
com_erro,random_forest,queda,100,70,70,67,67,35,32,29,38,10,12,2,0.6119402985074627,0.6048094373865699,0.5517241379310345,0.5517241379310345,0.5517241379310345,0.6578947368247923,25,13,13,16
com_erro,random_forest,queda,100,75,75,63,63,32,31,30,33,11,14,3,0.6984126984126984,0.6924242424242424,0.7391304347826086,0.5666666666666667,0.6415094339622641,0.8181818181570248,27,6,13,17
com_erro,random_forest,queda,100,80,80,59,59,27,32,26,33,10,12,2,0.711864406779661,0.6975524475524475,0.7142857142857143,0.5769230769230769,0.6382978723404256,0.8181818181570248,27,6,11,15
com_erro,random_forest,queda,100,85,85,55,55,28,27,25,30,11,12,1,0.6545454545454545,0.6533333333333333,0.6153846153846154,0.64,0.6274509803921569,0.6666666666444444,20,10,9,16
com_erro,random_forest,queda,100,90,90,52,52,27,25,24,28,10,12,2,0.7884615384615384,0.7797619047619048,0.8421052631578947,0.6666666666666666,0.7441860465116279,0.8928571428252551,25,3,8,16
com_erro,random_forest,queda,100,95,95,49,49,25,24,25,24,10,13,3,0.6122448979591837,0.6141666666666667,0.65,0.52,0.5777777777777777,0.7083333333038194,17,7,12,13
com_erro,random_forest,queda,100,100,100,47,47,21,26,22,25,10,9,-1,0.6382978723404256,0.6272727272727273,0.6666666666666666,0.45454545454545453,0.5405405405405406,0.799999999968,20,5,12,10
com_erro,xgboost,lacuna,20,5,5,947,947,233,714,250,697,20,20,0,1.0,1.0,1.0,1.0,1.0,0.9999999999985653,697,0,0,250
com_erro,xgboost,lacuna,20,10,10,474,474,115,359,127,347,19,19,0,1.0,1.0,1.0,1.0,1.0,0.9999999999971182,347,0,0,127
com_erro,xgboost,lacuna,20,15,15,316,316,77,239,84,232,19,19,0,1.0,1.0,1.0,1.0,1.0,0.9999999999956897,232,0,0,84
com_erro,xgboost,lacuna,20,20,20,237,237,60,177,61,176,18,18,0,1.0,1.0,1.0,1.0,1.0,0.9999999999943182,176,0,0,61
com_erro,xgboost,lacuna,30,5,5,945,945,266,679,287,658,19,19,0,1.0,1.0,1.0,1.0,1.0,0.9999999999984802,658,0,0,287
com_erro,xgboost,lacuna,30,10,10,473,473,132,341,145,328,19,19,0,1.0,1.0,1.0,1.0,1.0,0.9999999999969512,328,0,0,145
com_erro,xgboost,lacuna,30,15,15,315,315,88,227,96,219,18,18,0,1.0,1.0,1.0,1.0,1.0,0.9999999999954339,219,0,0,96
com_erro,xgboost,lacuna,30,20,20,237,237,66,171,74,163,19,19,0,1.0,1.0,1.0,1.0,1.0,0.9999999999938651,163,0,0,74
com_erro,xgboost,lacuna,30,25,25,189,189,52,137,55,134,18,18,0,0.9947089947089947,0.990909090909091,1.0,0.9818181818181818,0.9908256880733946,0.9999999999925374,134,0,1,54
com_erro,xgboost,lacuna,30,30,30,158,158,43,115,48,110,18,18,0,0.9873417721518988,0.9791666666666667,1.0,0.9583333333333334,0.9787234042553191,0.999999999990909,110,0,2,46
com_erro,xgboost,lacuna,40,5,5,943,943,298,645,323,620,19,19,0,1.0,1.0,1.0,1.0,1.0,0.9999999999983871,620,0,0,323
com_erro,xgboost,lacuna,40,10,10,472,472,148,324,163,309,19,19,0,1.0,1.0,1.0,1.0,1.0,0.9999999999967638,309,0,0,163
com_erro,xgboost,lacuna,40,15,15,315,315,98,217,110,205,19,19,0,1.0,1.0,1.0,1.0,1.0,0.999999999995122,205,0,0,110
com_erro,xgboost,lacuna,40,20,20,236,236,76,160,79,157,18,18,0,1.0,1.0,1.0,1.0,1.0,0.9999999999936307,157,0,0,79
com_erro,xgboost,lacuna,40,25,25,189,189,60,129,65,124,17,18,1,0.9788359788359788,0.9692307692307692,1.0,0.9384615384615385,0.9682539682539683,0.9999999999919355,124,0,4,61
com_erro,xgboost,lacuna,40,30,30,158,158,49,109,54,104,19,19,0,1.0,1.0,1.0,1.0,1.0,0.9999999999903846,104,0,0,54
com_erro,xgboost,lacuna,40,35,35,135,135,43,92,47,88,18,18,0,1.0,1.0,1.0,1.0,1.0,0.9999999999886363,88,0,0,47
com_erro,xgboost,lacuna,40,40,40,118,118,38,80,40,78,17,17,0,1.0,1.0,1.0,1.0,1.0,0.9999999999871795,78,0,0,40
com_erro,xgboost,lacuna,50,5,5,941,941,330,611,359,582,18,18,0,1.0,1.0,1.0,1.0,1.0,0.9999999999982818,582,0,0,359
com_erro,xgboost,lacuna,50,10,10,471,471,164,307,181,290,18,18,0,1.0,1.0,1.0,1.0,1.0,0.9999999999965518,290,0,0,181
com_erro,xgboost,lacuna,50,15,15,314,314,110,204,120,194,18,18,0,1.0,1.0,1.0,1.0,1.0,0.9999999999948455,194,0,0,120
com_erro,xgboost,lacuna,50,20,20,236,236,82,154,92,144,18,18,0,1.0,1.0,1.0,1.0,1.0,0.9999999999930557,144,0,0,92
com_erro,xgboost,lacuna,50,25,25,189,189,65,124,73,116,18,18,0,1.0,1.0,1.0,1.0,1.0,0.9999999999913792,116,0,0,73
com_erro,xgboost,lacuna,50,30,30,157,157,55,102,60,97,17,18,1,0.9808917197452229,0.975,1.0,0.95,0.9743589743589743,0.9999999999896907,97,0,3,57
com_erro,xgboost,lacuna,50,35,35,135,135,49,86,54,81,16,16,0,1.0,1.0,1.0,1.0,1.0,0.9999999999876543,81,0,0,54
com_erro,xgboost,lacuna,50,40,40,118,118,43,75,44,74,17,17,0,1.0,1.0,1.0,1.0,1.0,0.9999999999864865,74,0,0,44
com_erro,xgboost,lacuna,50,45,45,105,105,35,70,36,69,16,17,1,0.9809523809523809,0.9722222222222222,1.0,0.9444444444444444,0.9714285714285714,0.9999999999855071,69,0,2,34
com_erro,xgboost,lacuna,50,50,50,95,95,36,59,35,60,18,18,0,1.0,1.0,1.0,1.0,1.0,0.9999999999833334,60,0,0,35
com_erro,xgboost,lacuna,60,5,5,939,939,362,577,393,546,18,18,0,1.0,1.0,1.0,1.0,1.0,0.9999999999981685,546,0,0,393
com_erro,xgboost,lacuna,60,10,10,470,470,180,290,198,272,18,18,0,1.0,1.0,1.0,1.0,1.0,0.9999999999963236,272,0,0,198
com_erro,xgboost,lacuna,60,15,15,313,313,120,193,132,181,17,17,0,1.0,1.0,1.0,1.0,1.0,0.9999999999944752,181,0,0,132
com_erro,xgboost,lacuna,60,20,20,235,235,92,143,97,138,17,17,0,1.0,1.0,1.0,1.0,1.0,0.9999999999927537,138,0,0,97
com_erro,xgboost,lacuna,60,25,25,188,188,73,115,77,111,16,16,0,0.9946808510638298,0.9935064935064934,1.0,0.987012987012987,0.9934640522875817,0.999999999990991,111,0,1,76
com_erro,xgboost,lacuna,60,30,30,157,157,59,98,66,91,15,15,0,0.9872611464968153,0.9848484848484849,1.0,0.9696969696969697,0.9846153846153847,0.9999999999890109,91,0,2,64
com_erro,xgboost,lacuna,60,35,35,135,135,51,84,59,76,16,16,0,1.0,1.0,1.0,1.0,1.0,0.9999999999868421,76,0,0,59
com_erro,xgboost,lacuna,60,40,40,118,118,48,70,48,70,17,17,0,0.9915254237288136,0.9895833333333333,1.0,0.9791666666666666,0.9894736842105263,0.9999999999857142,70,0,1,47
com_erro,xgboost,lacuna,60,45,45,105,105,39,66,43,62,15,17,2,0.9523809523809523,0.9418604651162791,1.0,0.8837209302325582,0.9382716049382716,0.999999999983871,62,0,5,38
com_erro,xgboost,lacuna,60,50,50,94,94,37,57,37,57,16,17,1,0.9787234042553191,0.972972972972973,1.0,0.9459459459459459,0.9722222222222222,0.9999999999824563,57,0,2,35
com_erro,xgboost,lacuna,60,55,55,86,86,34,52,35,51,15,15,0,1.0,1.0,1.0,1.0,1.0,0.9999999999803922,51,0,0,35
com_erro,xgboost,lacuna,60,60,60,79,79,31,48,33,46,15,15,0,0.9873417721518988,0.9848484848484849,1.0,0.9696969696969697,0.9846153846153847,0.999999999978261,46,0,1,32
com_erro,xgboost,lacuna,70,5,5,937,937,392,545,427,510,18,18,0,1.0,1.0,1.0,1.0,1.0,0.9999999999980392,510,0,0,427
com_erro,xgboost,lacuna,70,10,10,469,469,195,274,215,254,18,18,0,1.0,1.0,1.0,1.0,1.0,0.999999999996063,254,0,0,215
com_erro,xgboost,lacuna,70,15,15,313,313,130,183,145,168,17,17,0,1.0,1.0,1.0,1.0,1.0,0.9999999999940477,168,0,0,145
com_erro,xgboost,lacuna,70,20,20,235,235,97,138,109,126,16,16,0,1.0,1.0,1.0,1.0,1.0,0.9999999999920635,126,0,0,109
com_erro,xgboost,lacuna,70,25,25,188,188,78,110,87,101,16,16,0,0.9946808510638298,0.9942528735632183,1.0,0.9885057471264368,0.9942196531791907,0.9999999999900989,101,0,1,86
com_erro,xgboost,lacuna,70,30,30,157,157,65,92,72,85,16,16,0,1.0,1.0,1.0,1.0,1.0,0.9999999999882353,85,0,0,72
com_erro,xgboost,lacuna,70,35,35,134,134,59,75,63,71,15,15,0,0.9850746268656716,0.9841269841269842,1.0,0.9682539682539683,0.9838709677419355,0.9999999999859155,71,0,2,61
com_erro,xgboost,lacuna,70,40,40,118,118,48,70,56,62,16,17,1,0.9830508474576272,0.9821428571428572,1.0,0.9642857142857143,0.9818181818181818,0.999999999983871,62,0,2,54
com_erro,xgboost,lacuna,70,45,45,105,105,43,62,49,56,16,16,0,1.0,1.0,1.0,1.0,1.0,0.999999999982143,56,0,0,49
com_erro,xgboost,lacuna,70,50,50,94,94,38,56,44,50,14,14,0,0.9893617021276596,0.9886363636363636,1.0,0.9772727272727273,0.9885057471264368,0.9999999999800001,50,0,1,43
com_erro,xgboost,lacuna,70,55,55,86,86,35,51,40,46,15,15,0,0.9418604651162791,0.9375,1.0,0.875,0.9333333333333333,0.999999999978261,46,0,5,35
com_erro,xgboost,lacuna,70,60,60,79,79,32,47,36,43,16,17,1,0.9493670886075949,0.9444444444444444,1.0,0.8888888888888888,0.9411764705882353,0.9999999999767443,43,0,4,32
com_erro,xgboost,lacuna,70,65,65,73,73,32,41,30,43,17,17,0,1.0,1.0,1.0,1.0,1.0,0.9999999999767443,43,0,0,30
com_erro,xgboost,lacuna,70,70,70,67,67,30,37,34,33,11,12,1,0.9701492537313433,0.9705882352941176,1.0,0.9411764705882353,0.9696969696969697,0.9999999999696971,33,0,2,32
com_erro,xgboost,lacuna,80,5,5,935,935,421,514,461,474,16,16,0,1.0,1.0,1.0,1.0,1.0,0.9999999999978904,474,0,0,461
com_erro,xgboost,lacuna,80,10,10,468,468,210,258,232,236,16,16,0,1.0,1.0,1.0,1.0,1.0,0.9999999999957627,236,0,0,232
com_erro,xgboost,lacuna,80,15,15,312,312,141,171,154,158,16,16,0,1.0,1.0,1.0,1.0,1.0,0.999999999993671,158,0,0,154
com_erro,xgboost,lacuna,80,20,20,234,234,107,127,114,120,15,15,0,1.0,1.0,1.0,1.0,1.0,0.9999999999916667,120,0,0,114
com_erro,xgboost,lacuna,80,25,25,187,187,83,104,90,97,15,15,0,0.9946524064171123,0.9944444444444445,1.0,0.9888888888888889,0.994413407821229,0.9999999999896907,97,0,1,89
com_erro,xgboost,lacuna,80,30,30,156,156,71,85,77,79,15,15,0,0.9871794871794872,0.987012987012987,1.0,0.974025974025974,0.9868421052631579,0.9999999999873417,79,0,2,75
com_erro,xgboost,lacuna,80,35,35,134,134,62,72,68,66,14,14,0,1.0,1.0,1.0,1.0,1.0,0.9999999999848485,66,0,0,68
com_erro,xgboost,lacuna,80,40,40,117,117,53,64,57,60,14,14,0,1.0,1.0,1.0,1.0,1.0,0.9999999999833334,60,0,0,57
com_erro,xgboost,lacuna,80,45,45,104,104,48,56,50,54,15,16,1,0.9615384615384616,0.96,1.0,0.92,0.9583333333333334,0.9999999999814816,54,0,4,46
com_erro,xgboost,lacuna,80,50,50,94,94,42,52,46,48,14,14,0,0.9893617021276596,0.9891304347826086,1.0,0.9782608695652174,0.989010989010989,0.9999999999791668,48,0,1,45
com_erro,xgboost,lacuna,80,55,55,85,85,38,47,40,45,14,14,0,1.0,1.0,1.0,1.0,1.0,0.9999999999777779,45,0,0,40
com_erro,xgboost,lacuna,80,60,60,78,78,35,43,37,41,15,15,0,0.9743589743589743,0.972972972972973,1.0,0.9459459459459459,0.9722222222222222,0.9999999999756098,41,0,2,35
com_erro,xgboost,lacuna,80,65,65,72,72,35,37,32,40,15,15,0,1.0,1.0,1.0,1.0,1.0,0.9999999999750001,40,0,0,32
com_erro,xgboost,lacuna,80,70,70,67,67,32,35,37,30,10,10,0,1.0,1.0,1.0,1.0,1.0,0.9999999999666667,30,0,0,37
com_erro,xgboost,lacuna,80,75,75,63,63,27,36,30,33,12,13,1,0.9682539682539683,0.9666666666666667,1.0,0.9333333333333333,0.9655172413793104,0.9999999999696971,33,0,2,28
com_erro,xgboost,lacuna,80,80,80,59,59,27,32,31,28,11,11,0,1.0,1.0,1.0,1.0,1.0,0.9999999999642857,28,0,0,31
com_erro,xgboost,lacuna,90,5,5,933,933,449,484,491,442,16,16,0,1.0,1.0,1.0,1.0,1.0,0.9999999999977376,442,0,0,491
com_erro,xgboost,lacuna,90,10,10,467,467,224,243,247,220,16,16,0,1.0,1.0,1.0,1.0,1.0,0.9999999999954546,220,0,0,247
com_erro,xgboost,lacuna,90,15,15,311,311,149,162,164,147,15,15,0,1.0,1.0,1.0,1.0,1.0,0.9999999999931973,147,0,0,164
com_erro,xgboost,lacuna,90,20,20,234,234,111,123,124,110,16,16,0,1.0,1.0,1.0,1.0,1.0,0.999999999990909,110,0,0,124
com_erro,xgboost,lacuna,90,25,25,187,187,90,97,97,90,15,15,0,0.983957219251337,0.9845360824742269,1.0,0.9690721649484536,0.9842931937172775,0.9999999999888889,90,0,3,94
com_erro,xgboost,lacuna,90,30,30,156,156,73,83,81,75,15,15,0,0.9871794871794872,0.9876543209876543,1.0,0.9753086419753086,0.9875,0.9999999999866667,75,0,2,79
com_erro,xgboost,lacuna,90,35,35,134,134,64,70,73,61,15,15,0,1.0,1.0,1.0,1.0,1.0,0.9999999999836067,61,0,0,73
com_erro,xgboost,lacuna,90,40,40,117,117,57,60,61,56,14,14,0,1.0,1.0,1.0,1.0,1.0,0.999999999982143,56,0,0,61
com_erro,xgboost,lacuna,90,45,45,104,104,48,56,50,54,15,15,0,0.9711538461538461,0.97,1.0,0.94,0.9690721649484536,0.9999999999814816,54,0,3,47
com_erro,xgboost,lacuna,90,50,50,94,94,48,46,49,45,13,14,1,0.9680851063829787,0.9693877551020409,1.0,0.9387755102040817,0.968421052631579,0.9999999999777779,45,0,3,46
com_erro,xgboost,lacuna,90,55,55,85,85,40,45,46,39,12,12,0,1.0,1.0,1.0,1.0,1.0,0.9999999999743591,39,0,0,46
com_erro,xgboost,lacuna,90,60,60,78,78,35,43,40,38,14,15,1,0.9615384615384616,0.9625,1.0,0.925,0.961038961038961,0.9999999999736843,38,0,3,37
com_erro,xgboost,lacuna,90,65,65,72,72,36,36,38,34,13,13,0,1.0,1.0,1.0,1.0,1.0,0.9999999999705883,34,0,0,38
com_erro,xgboost,lacuna,90,70,70,67,67,34,33,38,29,10,10,0,1.0,1.0,1.0,1.0,1.0,0.9999999999655173,29,0,0,38
com_erro,xgboost,lacuna,90,75,75,63,63,30,33,35,28,11,12,1,0.9841269841269841,0.9857142857142858,1.0,0.9714285714285714,0.9855072463768116,0.9999999999642857,28,0,1,34
com_erro,xgboost,lacuna,90,80,80,59,59,28,31,33,26,11,11,0,1.0,1.0,1.0,1.0,1.0,0.9999999999615384,26,0,0,33
com_erro,xgboost,lacuna,90,85,85,55,55,25,30,28,27,12,12,0,1.0,1.0,1.0,1.0,1.0,0.999999999962963,27,0,0,28
com_erro,xgboost,lacuna,90,90,90,52,52,25,27,25,27,13,13,0,1.0,1.0,1.0,1.0,1.0,0.999999999962963,27,0,0,25
com_erro,xgboost,lacuna,100,5,5,931,931,477,454,521,410,15,15,0,1.0,1.0,1.0,1.0,1.0,0.999999999997561,410,0,0,521
com_erro,xgboost,lacuna,100,10,10,466,466,238,228,262,204,15,15,0,1.0,1.0,1.0,1.0,1.0,0.9999999999950981,204,0,0,262
com_erro,xgboost,lacuna,100,15,15,311,311,158,153,176,135,15,15,0,1.0,1.0,1.0,1.0,1.0,0.9999999999925927,135,0,0,176
com_erro,xgboost,lacuna,100,20,20,233,233,121,112,129,104,14,14,0,1.0,1.0,1.0,1.0,1.0,0.9999999999903846,104,0,0,129
com_erro,xgboost,lacuna,100,25,25,187,187,95,92,105,82,14,14,0,1.0,1.0,1.0,1.0,1.0,0.9999999999878049,82,0,0,105
com_erro,xgboost,lacuna,100,30,30,156,156,79,77,87,69,14,14,0,1.0,1.0,1.0,1.0,1.0,0.9999999999855071,69,0,0,87
com_erro,xgboost,lacuna,100,35,35,133,133,69,64,76,57,12,12,0,1.0,1.0,1.0,1.0,1.0,0.9999999999824563,57,0,0,76
com_erro,xgboost,lacuna,100,40,40,117,117,62,55,65,52,13,13,0,0.9914529914529915,0.9923076923076923,1.0,0.9846153846153847,0.9922480620155039,0.9999999999807693,52,0,1,64
com_erro,xgboost,lacuna,100,45,45,104,104,51,53,56,48,13,13,0,0.9903846153846154,0.9910714285714286,1.0,0.9821428571428571,0.990990990990991,0.9999999999791668,48,0,1,55
com_erro,xgboost,lacuna,100,50,50,94,94,50,44,52,42,13,13,0,1.0,1.0,1.0,1.0,1.0,0.9999999999761906,42,0,0,52
com_erro,xgboost,lacuna,100,55,55,85,85,44,41,48,37,12,12,0,1.0,1.0,1.0,1.0,1.0,0.9999999999729731,37,0,0,48
com_erro,xgboost,lacuna,100,60,60,78,78,40,38,43,35,12,12,0,1.0,1.0,1.0,1.0,1.0,0.9999999999714286,35,0,0,43
com_erro,xgboost,lacuna,100,65,65,72,72,37,35,41,31,11,11,0,1.0,1.0,1.0,1.0,1.0,0.9999999999677419,31,0,0,41
com_erro,xgboost,lacuna,100,70,70,67,67,36,31,40,27,9,9,0,1.0,1.0,1.0,1.0,1.0,0.999999999962963,27,0,0,40
com_erro,xgboost,lacuna,100,75,75,63,63,32,31,38,25,11,11,0,1.0,1.0,1.0,1.0,1.0,0.99999999996,25,0,0,38
com_erro,xgboost,lacuna,100,80,80,59,59,30,29,35,24,10,10,0,1.0,1.0,1.0,1.0,1.0,0.9999999999583333,24,0,0,35
com_erro,xgboost,lacuna,100,85,85,55,55,29,26,29,26,11,11,0,1.0,1.0,1.0,1.0,1.0,0.9999999999615384,26,0,0,29
com_erro,xgboost,lacuna,100,90,90,52,52,26,26,27,25,12,12,0,1.0,1.0,1.0,1.0,1.0,0.99999999996,25,0,0,27
com_erro,xgboost,lacuna,100,95,95,49,49,26,23,25,24,11,11,0,1.0,1.0,1.0,1.0,1.0,0.9999999999583333,24,0,0,25
com_erro,xgboost,lacuna,100,100,100,47,47,24,23,26,21,11,11,0,1.0,1.0,1.0,1.0,1.0,0.999999999952381,21,0,0,26
com_erro,xgboost,oscilacao,20,5,5,947,947,401,546,389,558,19,63,44,0.8373812038014784,0.8437105527452986,0.7616926503340757,0.8791773778920309,0.8162291169451074,0.8082437275971178,451,107,47,342
com_erro,xgboost,oscilacao,20,10,10,474,474,200,274,196,278,18,41,23,0.8481012658227848,0.8501871971810306,0.7897196261682243,0.8622448979591837,0.824390243902439,0.8381294963998629,233,45,27,169
com_erro,xgboost,oscilacao,20,15,15,316,316,132,184,129,187,18,36,18,0.8481012658227848,0.8524229987978278,0.7793103448275862,0.875968992248062,0.8248175182481752,0.8288770053431611,155,32,16,113
com_erro,xgboost,oscilacao,20,20,20,237,237,99,138,98,139,18,33,15,0.810126582278481,0.8035163705770078,0.7731958762886598,0.7653061224489796,0.7692307692307693,0.8417266186989805,117,22,23,75
com_erro,xgboost,oscilacao,30,5,5,945,945,437,508,424,521,18,60,42,0.8253968253968254,0.8297948430087277,0.7692307692307693,0.8726415094339622,0.8176795580110497,0.7869481765819828,410,111,54,370
com_erro,xgboost,oscilacao,30,10,10,473,473,219,254,213,260,18,38,20,0.8266384778012685,0.8304261466233297,0.7740585774058577,0.8685446009389671,0.8185840707964602,0.792307692304645,206,54,28,185
com_erro,xgboost,oscilacao,30,15,15,315,315,145,170,137,178,18,34,16,0.819047619047619,0.8222340687279586,0.7631578947368421,0.8467153284671532,0.8027681660899654,0.7977528089842824,142,36,21,116
com_erro,xgboost,oscilacao,30,20,20,237,237,108,129,109,128,18,32,14,0.7932489451476793,0.7929329128440368,0.7678571428571429,0.7889908256880734,0.7782805429864253,0.7968749999937745,102,26,23,86
com_erro,xgboost,oscilacao,30,25,25,189,189,88,101,85,104,17,30,13,0.798941798941799,0.8044117647058824,0.7373737373737373,0.8588235294117647,0.7934782608695652,0.7499999999927884,78,26,12,73
com_erro,xgboost,oscilacao,30,30,30,158,158,74,84,68,90,18,27,9,0.8354430379746836,0.8375816993464051,0.7837837837837838,0.8529411764705882,0.8169014084507042,0.8222222222130864,74,16,10,58
com_erro,xgboost,oscilacao,40,5,5,943,943,470,473,458,485,18,47,29,0.8271474019088016,0.8281906991401431,0.7967806841046278,0.8646288209606987,0.8293193717277487,0.7917525773179551,384,101,62,396
com_erro,xgboost,oscilacao,40,10,10,472,472,236,236,230,242,18,41,23,0.7966101694915254,0.7977721882860223,0.7637795275590551,0.8434782608695652,0.8016528925619835,0.7520661156993717,182,60,36,194
com_erro,xgboost,oscilacao,40,15,15,315,315,157,158,153,162,18,26,8,0.7936507936507936,0.7950254175744371,0.7588235294117647,0.8431372549019608,0.7987616099071208,0.746913580242303,121,41,24,129
com_erro,xgboost,oscilacao,40,20,20,236,236,117,119,115,121,18,27,9,0.8050847457627118,0.8064678404599354,0.7674418604651163,0.8608695652173913,0.8114754098360656,0.7520661156962639,91,30,16,99
com_erro,xgboost,oscilacao,40,25,25,189,189,93,96,92,97,17,27,10,0.7883597883597884,0.7884917077543703,0.776595744680851,0.7934782608695652,0.7849462365591398,0.7835051546310978,76,21,19,73
com_erro,xgboost,oscilacao,40,30,30,158,158,79,79,78,80,17,23,6,0.740506329113924,0.7410256410256411,0.7176470588235294,0.782051282051282,0.7484662576687117,0.69999999999125,56,24,17,61
com_erro,xgboost,oscilacao,40,35,35,135,135,66,69,67,68,16,25,9,0.7555555555555555,0.7555970149253731,0.75,0.7611940298507462,0.7555555555555555,0.7499999999889706,51,17,16,51
com_erro,xgboost,oscilacao,40,40,40,118,118,59,59,58,60,15,20,5,0.8559322033898306,0.8566091954022989,0.8253968253968254,0.896551724137931,0.859504132231405,0.8166666666530557,49,11,6,52
com_erro,xgboost,oscilacao,50,5,5,941,941,496,445,492,449,17,46,29,0.79596174282678,0.7928096764263857,0.7737226277372263,0.8617886178861789,0.8153846153846154,0.7238307349649804,325,124,68,424
com_erro,xgboost,oscilacao,50,10,10,471,471,250,221,247,224,17,38,21,0.7855626326963907,0.7826597744360901,0.7703703703703704,0.8421052631578947,0.804642166344294,0.7232142857110571,162,62,39,208
com_erro,xgboost,oscilacao,50,15,15,314,314,163,151,163,151,17,26,9,0.7961783439490446,0.7944175842034698,0.7828571428571428,0.8404907975460123,0.8106508875739645,0.7483443708559713,113,38,26,137
com_erro,xgboost,oscilacao,50,20,20,236,236,123,113,126,110,17,26,9,0.7711864406779662,0.7683982683982684,0.7727272727272727,0.8095238095238095,0.7906976744186046,0.7272727272661157,80,30,24,102
com_erro,xgboost,oscilacao,50,25,25,189,189,101,88,99,90,16,29,13,0.7777777777777778,0.7752525252525253,0.7663551401869159,0.8282828282828283,0.7961165048543689,0.7222222222141975,65,25,17,82
com_erro,xgboost,oscilacao,50,30,30,157,157,84,73,82,75,15,25,10,0.732484076433121,0.7302439024390244,0.7272727272727273,0.7804878048780488,0.7529411764705882,0.6799999999909333,51,24,18,64
com_erro,xgboost,oscilacao,50,35,35,135,135,73,62,72,63,15,23,8,0.762962962962963,0.7589285714285714,0.7564102564102564,0.8194444444444444,0.7866666666666666,0.6984126984016126,44,19,13,59
com_erro,xgboost,oscilacao,50,40,40,118,118,61,57,62,56,15,22,7,0.7711864406779662,0.7684331797235023,0.7611940298507462,0.8225806451612904,0.7906976744186046,0.7142857142729593,40,16,11,51
com_erro,xgboost,oscilacao,50,45,45,105,105,55,50,57,48,14,21,7,0.7047619047619048,0.700109649122807,0.7166666666666667,0.7543859649122807,0.7350427350427351,0.6458333333198785,31,17,14,43
com_erro,xgboost,oscilacao,50,50,50,95,95,52,43,51,44,16,24,8,0.7368421052631579,0.7268270944741533,0.7096774193548387,0.8627450980392157,0.7787610619469026,0.5909090908956612,26,18,7,44
com_erro,xgboost,oscilacao,60,5,5,939,939,514,425,523,416,16,43,27,0.7806176783812566,0.7718299566112663,0.7775831873905429,0.8489483747609943,0.8117001828153565,0.6947115384598685,289,127,79,444
com_erro,xgboost,oscilacao,60,10,10,470,470,259,211,263,207,16,36,20,0.7723404255319148,0.7667474881063904,0.7867647058823529,0.8136882129277566,0.8,0.7198067632815469,149,58,49,214
com_erro,xgboost,oscilacao,60,15,15,313,313,171,142,171,142,15,27,12,0.7987220447284346,0.7930977678939132,0.7934782608695652,0.8538011695906432,0.8225352112676056,0.7323943661920255,104,38,25,146
com_erro,xgboost,oscilacao,60,20,20,235,235,130,105,132,103,15,27,12,0.7872340425531915,0.7807443365695793,0.7971014492753623,0.8333333333333334,0.8148148148148148,0.7281553397987558,75,28,22,110
com_erro,xgboost,oscilacao,60,25,25,188,188,103,85,105,83,15,21,6,0.7819148936170213,0.7757314974182444,0.7909090909090909,0.8285714285714286,0.8093023255813954,0.7228915662563506,60,23,18,87
com_erro,xgboost,oscilacao,60,30,30,157,157,86,71,85,72,15,26,11,0.7707006369426752,0.7638071895424836,0.7578947368421053,0.8470588235294118,0.8,0.6805555555461034,49,23,13,72
com_erro,xgboost,oscilacao,60,35,35,135,135,75,60,77,58,14,26,12,0.7185185185185186,0.706448723690103,0.7349397590361446,0.7922077922077922,0.7625,0.6206896551617123,36,22,16,61
com_erro,xgboost,oscilacao,60,40,40,118,118,64,54,66,52,13,23,10,0.7203389830508474,0.7112470862470862,0.7323943661971831,0.7878787878787878,0.7591240875912408,0.6346153846031806,33,19,14,52
com_erro,xgboost,oscilacao,60,45,45,105,105,57,48,59,46,14,22,8,0.6952380952380952,0.6809137803979366,0.7014925373134329,0.7966101694915254,0.746031746031746,0.5652173912920605,26,20,12,47
com_erro,xgboost,oscilacao,60,50,50,94,94,52,42,53,41,14,22,8,0.7340425531914894,0.7172112287160608,0.7258064516129032,0.8490566037735849,0.782608695652174,0.5853658536442594,24,17,8,45
com_erro,xgboost,oscilacao,60,55,55,86,86,46,40,48,38,13,21,8,0.7209302325581395,0.7143640350877194,0.74,0.7708333333333334,0.7551020408163265,0.6578947368247923,25,13,11,37
com_erro,xgboost,oscilacao,60,60,60,79,79,42,37,40,39,14,20,6,0.7341772151898734,0.7336538461538462,0.7209302325581395,0.775,0.7469879518072289,0.6923076922899409,27,12,9,31
com_erro,xgboost,oscilacao,70,5,5,937,937,532,405,552,385,14,40,26,0.759871931696905,0.745511010728402,0.7794871794871795,0.8260869565217391,0.8021108179419525,0.6649350649333379,256,129,96,456
com_erro,xgboost,oscilacao,70,10,10,469,469,268,201,278,191,14,31,17,0.7590618336886994,0.7476081961655806,0.7894736842105263,0.8093525179856115,0.7992895204262878,0.6858638743419588,131,60,53,225
com_erro,xgboost,oscilacao,70,15,15,313,313,178,135,185,128,14,30,16,0.7699680511182109,0.7524493243243243,0.7810945273631841,0.8486486486486486,0.8134715025906736,0.6562499999948731,84,44,28,157
com_erro,xgboost,oscilacao,70,20,20,235,235,132,103,142,93,14,29,15,0.7787234042553192,0.7723761926397092,0.8260869565217391,0.8028169014084507,0.8142857142857143,0.7419354838629899,69,24,28,114
com_erro,xgboost,oscilacao,70,25,25,188,188,107,81,111,77,14,27,13,0.7340425531914894,0.7230607230607231,0.7699115044247787,0.7837837837837838,0.7767857142857143,0.6623376623290606,51,26,24,87
com_erro,xgboost,oscilacao,70,30,30,157,157,90,67,94,63,14,27,13,0.7197452229299363,0.7005234718000675,0.75,0.7978723404255319,0.7731958762886598,0.603174603165029,38,25,19,75
com_erro,xgboost,oscilacao,70,35,35,134,134,77,57,79,55,13,24,11,0.7164179104477612,0.6987341772151898,0.7411764705882353,0.7974683544303798,0.7682926829268293,0.5999999999890909,33,22,16,63
com_erro,xgboost,oscilacao,70,40,40,118,118,66,52,72,46,12,21,9,0.711864406779661,0.6814613526570048,0.7375,0.8194444444444444,0.7763157894736842,0.5434782608577505,25,21,13,59
com_erro,xgboost,oscilacao,70,45,45,105,105,59,46,63,42,13,17,4,0.7047619047619048,0.6825396825396826,0.7352941176470589,0.7936507936507936,0.7633587786259542,0.5714285714149661,24,18,13,50
com_erro,xgboost,oscilacao,70,50,50,94,94,55,39,56,38,12,19,7,0.723404255319149,0.6917293233082706,0.7272727272727273,0.8571428571428571,0.7868852459016393,0.5263157894598338,20,18,8,48
com_erro,xgboost,oscilacao,70,55,55,86,86,49,37,52,34,12,20,8,0.8023255813953488,0.795814479638009,0.8431372549019608,0.8269230769230769,0.8349514563106796,0.7647058823304499,26,8,9,43
com_erro,xgboost,oscilacao,70,60,60,79,79,44,35,49,30,10,19,9,0.6835443037974683,0.6673469387755102,0.75,0.7346938775510204,0.7422680412371134,0.59999999998,18,12,13,36
com_erro,xgboost,oscilacao,70,65,65,73,73,41,32,45,28,11,17,6,0.6986301369863014,0.6880952380952381,0.7674418604651163,0.7333333333333333,0.75,0.6428571428341837,18,10,12,33
com_erro,xgboost,oscilacao,70,70,70,67,67,39,28,39,28,12,17,5,0.6865671641791045,0.6552197802197802,0.6875,0.8461538461538461,0.7586206896551724,0.4642857142691327,13,15,6,33
com_erro,xgboost,oscilacao,80,5,5,935,935,549,386,576,359,14,40,26,0.7625668449197861,0.7369815846487155,0.7845659163987139,0.8472222222222222,0.8146911519198664,0.6267409470734632,225,134,88,488
com_erro,xgboost,oscilacao,80,10,10,468,468,277,191,290,178,14,35,21,0.7371794871794872,0.7163308795040682,0.7792642140468228,0.803448275862069,0.7911714770797963,0.6292134831425326,112,66,57,233
com_erro,xgboost,oscilacao,80,15,15,312,312,181,131,191,121,14,29,15,0.7564102564102564,0.7374410453896414,0.7889447236180904,0.8219895287958116,0.8051282051282052,0.6528925619780752,79,42,34,157
com_erro,xgboost,oscilacao,80,20,20,234,234,139,95,146,88,12,27,15,0.7478632478632479,0.7257160647571607,0.7880794701986755,0.815068493150685,0.8013468013468014,0.6363636363564049,56,32,27,119
com_erro,xgboost,oscilacao,80,25,25,187,187,111,76,116,71,13,23,10,0.8021390374331551,0.7858790675084992,0.8319327731092437,0.853448275862069,0.8425531914893617,0.7183098591448125,51,20,17,99
com_erro,xgboost,oscilacao,80,30,30,156,156,93,63,97,59,12,23,11,0.75,0.7325703302463743,0.7959183673469388,0.8041237113402062,0.8,0.6610169491413387,39,20,19,78
com_erro,xgboost,oscilacao,80,35,35,134,134,81,53,85,49,12,18,6,0.7611940298507462,0.7339735894357744,0.797752808988764,0.8352941176470589,0.8160919540229885,0.6326530612115786,31,18,14,71
com_erro,xgboost,oscilacao,80,40,40,117,117,70,47,73,44,12,18,6,0.7094017094017094,0.6723225404732254,0.7407407407407407,0.821917808219178,0.7792207792207793,0.5227272727153927,23,21,13,60
com_erro,xgboost,oscilacao,80,45,45,104,104,61,43,65,39,12,17,5,0.7596153846153846,0.7410256410256411,0.803030303030303,0.8153846153846154,0.8091603053435115,0.6666666666495727,26,13,12,53
com_erro,xgboost,oscilacao,80,50,50,94,94,57,37,59,35,11,16,5,0.776595744680851,0.7523002421307505,0.8064516129032258,0.847457627118644,0.8264462809917356,0.6571428571240817,23,12,9,50
com_erro,xgboost,oscilacao,80,55,55,85,85,51,34,51,34,12,19,7,0.8470588235294118,0.8284313725490196,0.8392857142857143,0.9215686274509803,0.8785046728971962,0.7352941176254326,25,9,4,47
com_erro,xgboost,oscilacao,80,60,60,78,78,47,31,52,26,7,15,8,0.6538461538461539,0.5865384615384616,0.7192982456140351,0.7884615384615384,0.7522935779816514,0.3846153846005917,10,16,11,41
com_erro,xgboost,oscilacao,80,65,65,72,72,43,29,45,27,10,12,2,0.7638888888888888,0.7444444444444445,0.8043478260869565,0.8222222222222222,0.8131868131868132,0.6666666666419753,18,9,8,37
com_erro,xgboost,oscilacao,80,70,70,67,67,42,25,42,25,10,13,3,0.746268656716418,0.6923809523809523,0.7450980392156863,0.9047619047619048,0.8172043010752689,0.4799999999808,12,13,4,38
com_erro,xgboost,oscilacao,80,75,75,63,63,38,25,39,24,9,15,6,0.746031746031746,0.7227564102564102,0.7804878048780488,0.8205128205128205,0.8,0.6249999999739584,15,9,7,32
com_erro,xgboost,oscilacao,80,80,80,59,59,35,24,34,25,12,15,3,0.711864406779661,0.6970588235294117,0.7297297297297297,0.7941176470588235,0.7605633802816901,0.599999999976,15,10,7,27
com_erro,xgboost,oscilacao,90,5,5,933,933,565,368,600,333,12,44,32,0.7620578778135049,0.7294744744744746,0.7981072555205048,0.8433333333333334,0.820097244732577,0.615615615613767,205,128,94,506
com_erro,xgboost,oscilacao,90,10,10,467,467,285,182,302,165,12,35,23,0.7516059957173448,0.7117198474814369,0.7852760736196319,0.847682119205298,0.8152866242038217,0.5757575757540864,95,70,46,256
com_erro,xgboost,oscilacao,90,15,15,311,311,188,123,197,114,12,28,16,0.752411575562701,0.725109092528275,0.7912621359223301,0.8274111675126904,0.8089330024813896,0.6228070175383964,71,43,34,163
com_erro,xgboost,oscilacao,90,20,20,234,234,141,93,154,80,12,25,13,0.7478632478632479,0.7333603896103896,0.8275862068965517,0.7792207792207793,0.802675585284281,0.6874999999914062,55,25,34,120
com_erro,xgboost,oscilacao,90,25,25,187,187,112,75,120,67,12,25,13,0.7593582887700535,0.7399875621890548,0.8151260504201681,0.8083333333333333,0.8117154811715481,0.6716417910347516,45,22,23,97
com_erro,xgboost,oscilacao,90,30,30,156,156,94,62,99,57,12,21,9,0.75,0.7248803827751196,0.7941176470588235,0.8181818181818182,0.8059701492537313,0.6315789473573408,36,21,18,81
com_erro,xgboost,oscilacao,90,35,35,134,134,83,51,88,46,11,20,9,0.7014925373134329,0.6430335968379447,0.7448979591836735,0.8295454545454546,0.7849462365591398,0.4565217391205104,21,25,15,73
com_erro,xgboost,oscilacao,90,40,40,117,117,70,47,77,40,9,19,10,0.7264957264957265,0.7081168831168831,0.8082191780821918,0.7662337662337663,0.7866666666666666,0.64999999998375,26,14,18,59
com_erro,xgboost,oscilacao,90,45,45,104,104,63,41,67,37,11,15,4,0.6923076923076923,0.6462283178701089,0.7397260273972602,0.8059701492537313,0.7714285714285715,0.48648648647333825,18,19,13,54
com_erro,xgboost,oscilacao,90,50,50,94,94,57,37,62,32,9,20,11,0.7340425531914894,0.7152217741935484,0.8135593220338984,0.7741935483870968,0.7933884297520661,0.6562499999794923,21,11,14,48
com_erro,xgboost,oscilacao,90,55,55,85,85,52,33,55,30,10,17,7,0.788235294117647,0.7681818181818181,0.8363636363636363,0.8363636363636363,0.8363636363636363,0.6999999999766666,21,9,9,46
com_erro,xgboost,oscilacao,90,60,60,78,78,47,31,53,25,7,15,8,0.6794871794871795,0.6162264150943396,0.75,0.7924528301886793,0.7706422018348624,0.4399999999824,11,14,11,42
com_erro,xgboost,oscilacao,90,65,65,72,72,43,29,45,27,10,15,5,0.75,0.7259259259259259,0.7872340425531915,0.8222222222222222,0.8043478260869565,0.62962962960631,17,10,8,37
com_erro,xgboost,oscilacao,90,70,70,67,67,44,23,44,23,9,13,4,0.6716417910447762,0.6047430830039526,0.72,0.8181818181818182,0.7659574468085106,0.39130434780907375,9,14,8,36
com_erro,xgboost,oscilacao,90,75,75,63,63,39,24,41,22,8,14,6,0.7142857142857143,0.6751662971175166,0.7674418604651163,0.8048780487804879,0.7857142857142857,0.545454545429752,12,10,8,33
com_erro,xgboost,oscilacao,90,80,80,59,59,35,24,38,21,9,13,4,0.7288135593220338,0.7362155388471178,0.84375,0.7105263157894737,0.7714285714285715,0.7619047618684808,16,5,11,27
com_erro,xgboost,oscilacao,90,85,85,55,55,35,20,35,20,9,12,3,0.7636363636363637,0.7178571428571429,0.775,0.8857142857142857,0.8266666666666667,0.5499999999725,11,9,4,31
com_erro,xgboost,oscilacao,90,90,90,52,52,30,22,35,17,8,12,4,0.6923076923076923,0.6352941176470588,0.7567567567567568,0.8,0.7777777777777778,0.470588235266436,8,9,7,28
com_erro,xgboost,oscilacao,100,5,5,931,931,581,350,620,311,12,36,24,0.7389903329752954,0.6902525671610829,0.7851739788199698,0.8370967741935483,0.810304449648712,0.5434083601268701,169,142,101,519
com_erro,xgboost,oscilacao,100,10,10,466,466,293,173,312,154,12,30,18,0.7360515021459227,0.6828588078588078,0.7820895522388059,0.8397435897435898,0.8098918083462133,0.5259740259706106,81,73,50,262
com_erro,xgboost,oscilacao,100,15,15,311,311,194,117,208,103,12,25,13,0.7266881028938906,0.6829490291262136,0.786046511627907,0.8125,0.7990543735224587,0.5533980582470543,57,46,39,169
com_erro,xgboost,oscilacao,100,20,20,233,233,147,86,156,77,12,26,14,0.7553648068669528,0.7219447219447219,0.8152866242038217,0.8205128205128205,0.8178913738019169,0.6233766233685275,48,29,28,128
com_erro,xgboost,oscilacao,100,25,25,187,187,118,69,126,61,11,21,10,0.7272727272727273,0.6749934946656257,0.7819548872180451,0.8253968253968254,0.803088803088803,0.5245901639258265,32,29,22,104
com_erro,xgboost,oscilacao,100,30,30,156,156,98,58,106,50,9,23,14,0.6987179487179487,0.6567924528301887,0.780952380952381,0.7735849056603774,0.7772511848341233,0.5399999999892,27,23,24,82
com_erro,xgboost,oscilacao,100,35,35,133,133,85,48,90,43,9,20,11,0.7142857142857143,0.6674418604651162,0.782608695652174,0.8,0.7912087912087912,0.5348837209177935,23,20,18,72
com_erro,xgboost,oscilacao,100,40,40,117,117,73,44,78,39,8,17,9,0.7350427350427351,0.6987179487179487,0.7974683544303798,0.8076923076923077,0.802547770700637,0.5897435897284682,23,16,15,63
com_erro,xgboost,oscilacao,100,45,45,104,104,65,39,72,32,8,11,3,0.7596153846153846,0.6875,0.7974683544303798,0.875,0.8344370860927153,0.49999999998437505,16,16,9,63
com_erro,xgboost,oscilacao,100,50,50,94,94,60,34,66,28,8,14,6,0.6702127659574468,0.5800865800865801,0.7464788732394366,0.803030303030303,0.7737226277372263,0.357142857130102,10,18,13,53
com_erro,xgboost,oscilacao,100,55,55,85,85,52,33,56,29,10,14,4,0.7647058823529411,0.7549261083743842,0.8461538461538461,0.7857142857142857,0.8148148148148148,0.7241379310095125,21,8,12,44
com_erro,xgboost,oscilacao,100,60,60,78,78,49,29,53,25,7,11,4,0.6923076923076923,0.6362264150943396,0.7636363636363637,0.7924528301886793,0.7777777777777778,0.4799999999808,12,13,11,42
com_erro,xgboost,oscilacao,100,65,65,72,72,44,28,45,27,10,11,1,0.7638888888888888,0.7444444444444445,0.8043478260869565,0.8222222222222222,0.8131868131868132,0.6666666666419753,18,9,8,37
com_erro,xgboost,oscilacao,100,70,70,67,67,44,23,45,22,8,14,6,0.7164179104477612,0.6378787878787879,0.75,0.8666666666666667,0.8041237113402062,0.40909090907231405,9,13,6,39
com_erro,xgboost,oscilacao,100,75,75,63,63,40,23,43,20,8,15,7,0.6825396825396826,0.647093023255814,0.7804878048780488,0.7441860465116279,0.7619047619047619,0.5499999999725,11,9,11,32
com_erro,xgboost,oscilacao,100,80,80,59,59,36,23,39,20,8,14,6,0.6440677966101694,0.608974358974359,0.7368421052631579,0.717948717948718,0.7272727272727273,0.499999999975,10,10,11,28
com_erro,xgboost,oscilacao,100,85,85,55,55,36,19,37,18,8,13,5,0.7090909090909091,0.6411411411411412,0.7560975609756098,0.8378378378378378,0.7948717948717948,0.44444444441975306,8,10,6,31
com_erro,xgboost,oscilacao,100,90,90,52,52,32,20,38,14,6,8,2,0.6923076923076923,0.6090225563909775,0.7894736842105263,0.7894736842105263,0.7894736842105263,0.4285714285408163,6,8,8,30
com_erro,xgboost,oscilacao,100,95,95,49,49,30,19,32,17,9,9,0,0.6326530612244898,0.5395220588235294,0.675,0.84375,0.75,0.235294117633218,4,13,5,27
com_erro,xgboost,oscilacao,100,100,100,47,47,30,17,31,16,8,10,2,0.7446808510638298,0.685483870967742,0.7714285714285715,0.8709677419354839,0.8181818181818182,0.49999999996875,8,8,4,27
com_erro,xgboost,queda,20,5,5,947,947,218,729,195,752,21,69,48,0.8373812038014784,0.8007467266775777,0.582995951417004,0.7384615384615385,0.6515837104072398,0.8630319148924693,649,103,51,144
com_erro,xgboost,queda,20,10,10,474,474,108,366,97,377,20,54,34,0.8396624472573839,0.7920096256392026,0.5897435897435898,0.711340206185567,0.6448598130841121,0.8726790450905234,329,48,28,69
com_erro,xgboost,queda,20,15,15,316,316,73,243,67,249,19,44,25,0.819620253164557,0.7764490799016963,0.5595238095238095,0.7014925373134329,0.6225165562913907,0.8514056224865406,212,37,20,47
com_erro,xgboost,queda,20,20,20,237,237,54,183,47,190,18,38,20,0.8354430379746836,0.7772676371780516,0.5714285714285714,0.6808510638297872,0.6213592233009708,0.8736842105217175,166,24,15,32
com_erro,xgboost,queda,30,5,5,945,945,259,686,234,711,19,63,44,0.8105820105820106,0.7967110245591258,0.5901639344262295,0.7692307692307693,0.6679035250463822,0.8241912798863232,586,125,54,180
com_erro,xgboost,queda,30,10,10,473,473,129,344,116,357,19,47,28,0.8414376321353065,0.822213368105863,0.6453900709219859,0.7844827586206896,0.708171206225681,0.8599439775886276,307,50,25,91
com_erro,xgboost,queda,30,15,15,315,315,89,226,78,237,16,42,26,0.8095238095238095,0.8175105485232068,0.5803571428571429,0.8333333333333334,0.6842105263157895,0.8016877637096975,190,47,13,65
com_erro,xgboost,queda,30,20,20,237,237,68,169,60,177,16,33,17,0.8481012658227848,0.8211864406779661,0.6764705882352942,0.7666666666666667,0.71875,0.8757062146843181,155,22,14,46
com_erro,xgboost,queda,30,25,25,189,189,47,142,46,143,15,27,12,0.8571428571428571,0.8171176649437519,0.6938775510204082,0.7391304347826086,0.7157894736842105,0.8951048950986357,128,15,12,34
com_erro,xgboost,queda,30,30,30,158,158,44,114,41,117,14,30,16,0.8037974683544303,0.7724619553887846,0.6041666666666666,0.7073170731707317,0.651685393258427,0.8376068375996786,98,19,12,29
com_erro,xgboost,queda,40,5,5,943,943,297,646,268,675,17,58,41,0.7804878048780488,0.7847954671088999,0.5835616438356165,0.7947761194029851,0.6729857819905213,0.774814814813667,523,152,55,213
com_erro,xgboost,queda,40,10,10,472,472,148,324,134,338,16,52,36,0.8114406779661016,0.8075377550119226,0.6331360946745562,0.7985074626865671,0.7062706270627063,0.8165680473348622,276,62,27,107
com_erro,xgboost,queda,40,15,15,315,315,97,218,91,224,16,45,29,0.7936507936507936,0.7929258241758241,0.6101694915254238,0.7912087912087912,0.6889952153110048,0.7946428571393097,178,46,19,72
com_erro,xgboost,queda,40,20,20,236,236,74,162,65,171,14,37,23,0.7627118644067796,0.7695006747638327,0.5483870967741935,0.7846153846153846,0.6455696202531646,0.7543859649078691,129,42,14,51
com_erro,xgboost,queda,40,25,25,189,189,59,130,50,139,14,32,18,0.8148148148148148,0.7972661870503597,0.6229508196721312,0.76,0.6846846846846847,0.8345323740947157,116,23,12,38
com_erro,xgboost,queda,40,30,30,158,158,48,110,45,113,15,26,11,0.7911392405063291,0.780432645034415,0.6071428571428571,0.7555555555555555,0.6732673267326733,0.8053097345061476,91,22,11,34
com_erro,xgboost,queda,40,35,35,135,135,44,91,35,100,15,27,12,0.7703703703703704,0.7428571428571429,0.5454545454545454,0.6857142857142857,0.6075949367088608,0.799999999992,80,20,11,24
com_erro,xgboost,queda,40,40,40,118,118,35,83,33,85,14,27,13,0.7203389830508474,0.7131907308377896,0.5,0.696969696969697,0.5822784810126582,0.729411764697301,62,23,10,23
com_erro,xgboost,queda,50,5,5,941,941,332,609,298,643,15,54,39,0.7545164718384697,0.7654581606771949,0.5823095823095823,0.7953020134228188,0.6723404255319149,0.7356143079304267,473,170,61,237
com_erro,xgboost,queda,50,10,10,471,471,165,306,149,322,15,44,29,0.7791932059447984,0.7862249364291967,0.6153846153846154,0.8053691275167785,0.6976744186046512,0.7670807453392327,247,75,29,120
com_erro,xgboost,queda,50,15,15,314,314,112,202,102,212,14,37,23,0.7547770700636943,0.7726137624861265,0.5874125874125874,0.8235294117647058,0.6857142857142857,0.721698113204143,153,59,18,84
com_erro,xgboost,queda,50,20,20,236,236,85,151,75,161,15,36,21,0.788135593220339,0.791304347826087,0.631578947368421,0.8,0.7058823529411765,0.7826086956473131,126,35,15,60
com_erro,xgboost,queda,50,25,25,189,189,65,124,60,129,15,35,20,0.7407407407407407,0.7387596899224806,0.5714285714285714,0.7333333333333333,0.6423357664233577,0.7441860465058591,96,33,16,44
com_erro,xgboost,queda,50,30,30,157,157,56,101,50,107,14,33,19,0.7707006369426752,0.7678504672897196,0.6129032258064516,0.76,0.6785714285714286,0.7757009345721897,83,24,12,38
com_erro,xgboost,queda,50,35,35,135,135,51,84,40,95,14,27,13,0.725925925925926,0.7039473684210527,0.5306122448979592,0.65,0.5842696629213483,0.7578947368341274,72,23,14,26
com_erro,xgboost,queda,50,40,40,118,118,43,75,38,80,13,27,14,0.7796610169491526,0.8029605263157895,0.6111111111111112,0.868421052631579,0.717391304347826,0.7374999999907812,59,21,5,33
com_erro,xgboost,queda,50,45,45,105,105,38,67,34,71,13,23,10,0.7714285714285715,0.7390223695111848,0.6470588235294118,0.6470588235294118,0.6470588235294118,0.8309859154812537,59,12,12,22
com_erro,xgboost,queda,50,50,50,95,95,32,63,31,64,14,26,12,0.7263157894736842,0.7137096774193548,0.5675675675675675,0.6774193548387096,0.6176470588235294,0.7499999999882813,48,16,10,21
com_erro,xgboost,queda,60,5,5,939,939,364,575,326,613,15,64,49,0.6996805111821086,0.7247445430798947,0.5456431535269709,0.8067484662576687,0.650990099009901,0.6427406199010722,394,219,63,263
com_erro,xgboost,queda,60,10,10,470,470,181,289,163,307,15,47,32,0.7340425531914894,0.7575687935892568,0.5811965811965812,0.8343558282208589,0.6851385390428212,0.6807817589554372,209,98,27,136
com_erro,xgboost,queda,60,15,15,313,313,123,190,108,205,14,42,28,0.7092651757188498,0.7364272809394761,0.5527950310559007,0.8240740740740741,0.6617100371747212,0.6487804878017133,133,72,19,89
com_erro,xgboost,queda,60,20,20,235,235,91,144,79,156,14,36,22,0.7319148936170212,0.7480931515741642,0.5727272727272728,0.7974683544303798,0.6666666666666666,0.6987179487134698,109,47,16,63
com_erro,xgboost,queda,60,25,25,188,188,71,117,63,125,14,31,17,0.776595744680851,0.7847619047619048,0.6296296296296297,0.8095238095238095,0.7083333333333334,0.75999999999392,95,30,12,51
com_erro,xgboost,queda,60,30,30,157,157,61,96,55,102,14,28,14,0.7261146496815286,0.7557040998217468,0.573170731707317,0.8545454545454545,0.6861313868613139,0.6568627450915994,67,35,8,47
com_erro,xgboost,queda,60,35,35,135,135,54,81,48,87,14,31,17,0.6592592592592592,0.6609195402298851,0.5161290322580645,0.6666666666666666,0.5818181818181818,0.6551724137855727,57,30,16,32
com_erro,xgboost,queda,60,40,40,118,118,47,71,39,79,13,26,13,0.7372881355932204,0.7648490749756572,0.5689655172413793,0.8461538461538461,0.6804123711340206,0.6835443037888158,54,25,6,33
com_erro,xgboost,queda,60,45,45,105,105,40,65,37,68,13,25,12,0.7619047619047619,0.7484101748807631,0.65,0.7027027027027027,0.6753246753246753,0.7941176470471453,54,14,11,26
com_erro,xgboost,queda,60,50,50,94,94,35,59,30,64,13,25,12,0.6808510638297872,0.7125,0.5,0.8,0.6153846153846154,0.6249999999902344,40,24,6,24
com_erro,xgboost,queda,60,55,55,86,86,34,52,28,58,13,23,10,0.7441860465116279,0.7456896551724138,0.5833333333333334,0.75,0.65625,0.7413793103320452,43,15,7,21
com_erro,xgboost,queda,60,60,60,79,79,31,48,27,52,13,21,8,0.7088607594936709,0.7343304843304843,0.55,0.8148148148148148,0.6567164179104478,0.6538461538335799,34,18,5,22
com_erro,xgboost,queda,70,5,5,937,937,394,543,354,583,15,55,40,0.695837780149413,0.7250608095667258,0.5652173913043478,0.844632768361582,0.6772366930917327,0.605488850770831,353,230,55,299
com_erro,xgboost,queda,70,10,10,469,469,196,273,177,292,15,43,28,0.7014925373134329,0.725785542914635,0.5725490196078431,0.8248587570621468,0.6759259259259259,0.6267123287649771,183,109,31,146
com_erro,xgboost,queda,70,15,15,313,313,129,184,120,193,14,38,24,0.7028753993610224,0.7149395509499137,0.5859872611464968,0.7666666666666667,0.6642599277978339,0.6632124352297243,128,65,28,92
com_erro,xgboost,queda,70,20,20,235,235,100,135,89,146,14,35,21,0.7148936170212766,0.7288748653224566,0.5932203389830508,0.7865168539325843,0.6763285024154589,0.6712328767077314,98,48,19,70
com_erro,xgboost,queda,70,25,25,188,188,77,111,67,121,13,27,14,0.7606382978723404,0.777414579992599,0.6222222222222222,0.835820895522388,0.7133757961783439,0.7190082644568677,87,34,11,56
com_erro,xgboost,queda,70,30,30,157,157,64,93,59,98,14,31,17,0.7133757961783439,0.7299377378069871,0.5875,0.7966101694915254,0.6762589928057554,0.6632653061156809,65,33,12,47
com_erro,xgboost,queda,70,35,35,134,134,58,76,50,84,13,26,13,0.6940298507462687,0.6992857142857143,0.5714285714285714,0.72,0.6371681415929203,0.6785714285633503,57,27,14,36
com_erro,xgboost,queda,70,40,40,118,118,50,68,44,74,14,23,9,0.7288135593220338,0.7331081081081081,0.6111111111111112,0.75,0.673469387755102,0.7162162162065376,53,21,11,33
com_erro,xgboost,queda,70,45,45,105,105,43,62,39,66,14,25,11,0.7333333333333333,0.7301864801864801,0.6222222222222222,0.717948717948718,0.6666666666666666,0.7424242424129935,49,17,11,28
com_erro,xgboost,queda,70,50,50,94,94,39,55,32,62,13,26,13,0.7553191489361702,0.7767137096774194,0.6,0.84375,0.7012987012987013,0.7096774193433923,44,18,5,27
com_erro,xgboost,queda,70,55,55,86,86,34,52,30,56,12,23,11,0.7790697674418605,0.8071428571428572,0.627906976744186,0.9,0.7397260273972602,0.7142857142729593,40,16,3,27
com_erro,xgboost,queda,70,60,60,79,79,33,46,31,48,12,21,9,0.7088607594936709,0.7147177419354839,0.6052631578947368,0.7419354838709677,0.6666666666666666,0.6874999999856771,33,15,8,23
com_erro,xgboost,queda,70,65,65,73,73,25,48,28,45,12,21,9,0.6438356164383562,0.6369047619047619,0.53125,0.6071428571428571,0.5666666666666667,0.6666666666518519,30,15,11,17
com_erro,xgboost,queda,70,70,70,67,67,30,37,23,44,12,17,5,0.6865671641791045,0.6887351778656126,0.5333333333333333,0.6956521739130435,0.6037735849056604,0.681818181802686,30,14,7,16
com_erro,xgboost,queda,80,5,5,935,935,424,511,381,554,14,60,46,0.6577540106951871,0.682094905104371,0.554561717352415,0.8136482939632546,0.6595744680851063,0.5505415162444937,305,249,71,310
com_erro,xgboost,queda,80,10,10,468,468,211,257,191,277,14,45,31,0.655982905982906,0.6825656340370839,0.5524475524475524,0.8272251308900523,0.6624737945492662,0.5379061371821736,149,128,33,158
com_erro,xgboost,queda,80,15,15,312,312,142,170,129,183,13,38,25,0.6698717948717948,0.6854111068750794,0.5747126436781609,0.7751937984496124,0.6600660066006601,0.5956284152972917,109,74,29,100
com_erro,xgboost,queda,80,20,20,234,234,106,128,93,141,13,32,19,0.6794871794871795,0.7029283916723862,0.5671641791044776,0.8172043010752689,0.6696035242290749,0.5886524822653287,83,58,17,76
com_erro,xgboost,queda,80,25,25,187,187,82,105,75,112,13,32,19,0.7005347593582888,0.7147619047619047,0.5959595959595959,0.7866666666666666,0.6781609195402298,0.642857142851403,72,40,16,59
com_erro,xgboost,queda,80,30,30,156,156,71,85,64,92,13,27,14,0.7307692307692307,0.7432065217391304,0.6341463414634146,0.8125,0.7123287671232876,0.6739130434709357,62,30,12,52
com_erro,xgboost,queda,80,35,35,134,134,64,70,52,82,13,25,12,0.6194029850746269,0.6327392120075046,0.5070422535211268,0.6923076923076923,0.5853658536585366,0.5731707317003272,47,35,16,36
com_erro,xgboost,queda,80,40,40,117,117,52,65,47,70,12,28,16,0.6752136752136753,0.6936170212765957,0.5692307692307692,0.7872340425531915,0.6607142857142857,0.5999999999914285,42,28,10,37
com_erro,xgboost,queda,80,45,45,104,104,48,56,42,62,11,24,13,0.6730769230769231,0.6758832565284179,0.58,0.6904761904761905,0.6304347826086957,0.6612903225699792,41,21,13,29
com_erro,xgboost,queda,80,50,50,94,94,42,52,36,58,13,24,11,0.6914893617021277,0.7078544061302683,0.5714285714285714,0.7777777777777778,0.6588235294117647,0.6379310344717598,37,21,8,28
com_erro,xgboost,queda,80,55,55,85,85,38,47,35,50,11,20,9,0.7058823529411765,0.7157142857142857,0.6136363636363636,0.7714285714285715,0.6835443037974683,0.6599999999868,33,17,8,27
com_erro,xgboost,queda,80,60,60,78,78,35,43,33,45,11,19,8,0.717948717948718,0.7232323232323232,0.6410256410256411,0.7575757575757576,0.6944444444444444,0.6888888888735804,31,14,8,25
com_erro,xgboost,queda,80,65,65,72,72,27,45,31,41,11,14,3,0.6666666666666666,0.6797797010228166,0.5853658536585366,0.7741935483870968,0.6666666666666666,0.5853658536442594,24,17,7,24
com_erro,xgboost,queda,80,70,70,67,67,34,33,24,43,12,16,4,0.5970149253731343,0.6216085271317829,0.4594594594594595,0.7083333333333334,0.5573770491803278,0.5348837209177935,23,20,7,17
com_erro,xgboost,queda,80,75,75,63,63,28,35,26,37,10,16,6,0.6666666666666666,0.681912681912682,0.5714285714285714,0.7692307692307693,0.6557377049180327,0.5945945945785245,22,15,6,20
com_erro,xgboost,queda,80,80,80,59,59,25,34,23,36,11,16,5,0.711864406779661,0.7403381642512077,0.5882352941176471,0.8695652173913043,0.7017543859649122,0.6111111110941359,22,14,3,20
com_erro,xgboost,queda,90,5,5,933,933,454,479,407,526,14,62,48,0.62486602357985,0.6456217710970562,0.5474209650582362,0.8083538083538083,0.6527777777777778,0.48288973383938616,254,272,78,329
com_erro,xgboost,queda,90,10,10,467,467,226,241,204,263,14,50,36,0.6466809421841542,0.6687169164243645,0.5639344262295082,0.8431372549019608,0.6758349705304518,0.4942965779448886,130,133,32,172
com_erro,xgboost,queda,90,15,15,311,311,153,158,135,176,12,38,26,0.6334405144694534,0.6580176767676768,0.5507246376811594,0.8444444444444444,0.6666666666666666,0.47159090908822965,83,93,21,114
com_erro,xgboost,queda,90,20,20,234,234,115,119,102,132,13,31,18,0.6538461538461539,0.6642156862745099,0.5801526717557252,0.7450980392156863,0.6523605150214592,0.5833333333289142,77,55,26,76
com_erro,xgboost,queda,90,25,25,187,187,91,96,78,109,12,37,25,0.7058823529411765,0.7221830157609974,0.6095238095238096,0.8205128205128205,0.6994535519125683,0.6238532110034508,68,41,14,64
com_erro,xgboost,queda,90,30,30,156,156,76,80,69,87,12,29,17,0.6538461538461539,0.6731634182908546,0.5742574257425742,0.8405797101449275,0.6823529411764706,0.5057471264309684,44,43,11,58
com_erro,xgboost,queda,90,35,35,134,134,67,67,57,77,12,25,13,0.5895522388059702,0.6018455228981545,0.5131578947368421,0.6842105263157895,0.5864661654135338,0.5194805194737729,40,37,18,39
com_erro,xgboost,queda,90,40,40,117,117,58,59,51,66,11,26,15,0.6410256410256411,0.6595365418894831,0.5616438356164384,0.803921568627451,0.6612903225806451,0.5151515151437098,34,32,10,41
com_erro,xgboost,queda,90,45,45,104,104,53,51,44,60,10,23,13,0.6634615384615384,0.678030303030303,0.576271186440678,0.7727272727272727,0.6601941747572816,0.5833333333236111,35,25,10,34
com_erro,xgboost,queda,90,50,50,94,94,45,49,38,56,12,23,11,0.7021276595744681,0.7119360902255639,0.6041666666666666,0.7631578947368421,0.6744186046511628,0.6607142857024872,37,19,9,29
com_erro,xgboost,queda,90,55,55,85,85,42,43,35,50,11,20,9,0.6705882352941176,0.69,0.5714285714285714,0.8,0.6666666666666666,0.5799999999884,29,21,7,28
com_erro,xgboost,queda,90,60,60,78,78,37,41,36,42,11,16,5,0.6410256410256411,0.6488095238095238,0.5869565217391305,0.75,0.6585365853658537,0.5476190476060091,23,19,9,27
com_erro,xgboost,queda,90,65,65,72,72,34,38,32,40,10,13,3,0.6388888888888888,0.65625,0.5652173913043478,0.8125,0.6666666666666666,0.49999999998750005,20,20,6,26
com_erro,xgboost,queda,90,70,70,67,67,35,32,25,42,12,18,6,0.5970149253731343,0.6138095238095238,0.4722222222222222,0.68,0.5573770491803278,0.5476190476060091,23,19,8,17
com_erro,xgboost,queda,90,75,75,63,63,32,31,27,36,10,17,7,0.6825396825396826,0.7037037037037037,0.5897435897435898,0.8518518518518519,0.696969696969697,0.5555555555401235,20,16,4,23
com_erro,xgboost,queda,90,80,80,59,59,25,34,25,34,10,16,6,0.7288135593220338,0.7382352941176471,0.6451612903225806,0.8,0.7142857142857143,0.676470588215398,23,11,5,20
com_erro,xgboost,queda,90,85,85,55,55,26,29,24,31,11,14,3,0.5818181818181818,0.5913978494623655,0.5161290322580645,0.6666666666666666,0.5818181818181818,0.5161290322414152,16,15,8,16
com_erro,xgboost,queda,90,90,90,52,52,26,26,23,29,10,16,6,0.6538461538461539,0.6626686656671663,0.5862068965517241,0.7391304347826086,0.6538461538461539,0.5862068965315101,17,12,6,17
com_erro,xgboost,queda,100,5,5,931,931,482,449,432,499,12,53,41,0.5961331901181526,0.6095709938395308,0.5443037974683544,0.7962962962962963,0.6466165413533834,0.42284569138191813,211,288,88,344
com_erro,xgboost,queda,100,10,10,466,466,240,226,217,249,12,42,30,0.5987124463519313,0.611765032480151,0.5471698113207547,0.8018433179723502,0.6504672897196262,0.4216867469862583,105,144,43,174
com_erro,xgboost,queda,100,15,15,311,311,159,152,146,165,12,35,23,0.6205787781350482,0.6317766708177668,0.5666666666666667,0.815068493150685,0.6685393258426966,0.44848484848213044,74,91,27,119
com_erro,xgboost,queda,100,20,20,233,233,120,113,106,127,11,30,19,0.6266094420600858,0.6457807160897341,0.558282208588957,0.8584905660377359,0.6765799256505576,0.43307086613832224,55,72,15,91
com_erro,xgboost,queda,100,25,25,187,187,95,92,87,100,11,29,18,0.6363636363636364,0.646551724137931,0.5798319327731093,0.7931034482758621,0.6699029126213593,0.499999999995,50,50,18,69
com_erro,xgboost,queda,100,30,30,156,156,79,77,72,84,12,29,17,0.6346153846153846,0.6468253968253969,0.5742574257425742,0.8055555555555556,0.6705202312138728,0.4880952380894274,41,43,14,58
com_erro,xgboost,queda,100,35,35,133,133,70,63,62,71,10,23,13,0.5714285714285714,0.5781462971376646,0.5316455696202531,0.6774193548387096,0.5957446808510638,0.478873239429875,34,37,20,42
com_erro,xgboost,queda,100,40,40,117,117,61,56,52,65,11,18,7,0.5982905982905983,0.6173076923076923,0.5324675324675324,0.7884615384615384,0.6356589147286822,0.4461538461469822,29,36,11,41
com_erro,xgboost,queda,100,45,45,104,104,54,50,49,55,10,19,9,0.6153846153846154,0.6230055658627087,0.5692307692307692,0.7551020408163265,0.6491228070175439,0.4909090909001653,27,28,12,37
com_erro,xgboost,queda,100,50,50,94,94,47,47,44,50,11,17,6,0.6063829787234043,0.6136363636363636,0.5614035087719298,0.7272727272727273,0.6336633663366337,0.49999999999000005,25,25,12,32
com_erro,xgboost,queda,100,55,55,85,85,46,39,37,48,11,17,6,0.611764705882353,0.6376689189189189,0.5344827586206896,0.8378378378378378,0.6526315789473685,0.43749999999088546,21,27,6,31
com_erro,xgboost,queda,100,60,60,78,78,38,40,36,42,11,13,2,0.6282051282051282,0.6428571428571429,0.5660377358490566,0.8333333333333334,0.6741573033707865,0.45238095237018144,19,23,6,30
com_erro,xgboost,queda,100,65,65,72,72,38,34,35,37,10,13,3,0.5555555555555556,0.5598455598455598,0.5319148936170213,0.7142857142857143,0.6097560975609756,0.4054054053944485,15,22,10,25
com_erro,xgboost,queda,100,70,70,67,67,35,32,29,38,10,16,6,0.5970149253731343,0.6079854809437386,0.5263157894736842,0.6896551724137931,0.5970149253731343,0.5263157894598338,20,18,9,20
com_erro,xgboost,queda,100,75,75,63,63,32,31,30,33,11,13,2,0.6507936507936508,0.6590909090909092,0.5952380952380952,0.8333333333333334,0.6944444444444444,0.4848484848337925,16,17,5,25
com_erro,xgboost,queda,100,80,80,59,59,27,32,26,33,10,14,4,0.6440677966101694,0.6532634032634033,0.5757575757575758,0.7307692307692307,0.6440677966101694,0.5757575757401286,19,14,7,19
com_erro,xgboost,queda,100,85,85,55,55,28,27,25,30,11,11,0,0.6,0.6166666666666667,0.5405405405405406,0.8,0.6451612903225806,0.4333333333188889,13,17,5,20
com_erro,xgboost,queda,100,90,90,52,52,27,25,24,28,10,14,4,0.5961538461538461,0.6011904761904762,0.5517241379310345,0.6666666666666666,0.6037735849056604,0.5357142856951531,15,13,8,16
com_erro,xgboost,queda,100,95,95,49,49,25,24,25,24,10,13,3,0.5918367346938775,0.5916666666666667,0.6,0.6,0.6,0.5833333333090278,14,10,10,15
com_erro,xgboost,queda,100,100,100,47,47,21,26,22,25,10,13,3,0.6170212765957447,0.6181818181818182,0.5833333333333334,0.6363636363636364,0.6086956521739131,0.599999999976,15,10,8,14
