teste,modelo,falha,janela,passo_cfg,passo_real,amostras_treino,amostras_teste,positivos_treino,negativos_treino,positivos_teste,negativos_teste,eventos_reais_teste,eventos_detectados,diferenca_eventos,accuracy,balanced_accuracy,precision_pos,recall_pos,f1_pos,specificity,tn,fp,fn,tp
com_erro,catboost,lacuna,20,5,5,947,947,261,686,251,696,23,23,0,1.0,1.0,1.0,1.0,1.0,0.9999999999985633,696,0,0,251
com_erro,catboost,lacuna,20,10,10,474,474,131,343,129,345,23,23,0,1.0,1.0,1.0,1.0,1.0,0.9999999999971014,345,0,0,129
com_erro,catboost,lacuna,20,15,15,316,316,83,233,83,233,23,23,0,0.9968354430379747,0.9939759036144578,1.0,0.9879518072289156,0.9939393939393939,0.9999999999957082,233,0,1,82
com_erro,catboost,lacuna,20,20,20,237,237,67,170,62,175,22,22,0,1.0,1.0,1.0,1.0,1.0,0.9999999999942858,175,0,0,62
com_erro,catboost,lacuna,30,5,5,945,945,303,642,295,650,22,22,0,1.0,1.0,1.0,1.0,1.0,0.9999999999984616,650,0,0,295
com_erro,catboost,lacuna,30,10,10,473,473,152,321,151,322,22,22,0,1.0,1.0,1.0,1.0,1.0,0.9999999999968945,322,0,0,151
com_erro,catboost,lacuna,30,15,15,315,315,100,215,99,216,21,21,0,1.0,1.0,1.0,1.0,1.0,0.9999999999953704,216,0,0,99
com_erro,catboost,lacuna,30,20,20,237,237,75,162,75,162,22,22,0,1.0,1.0,1.0,1.0,1.0,0.9999999999938273,162,0,0,75
com_erro,catboost,lacuna,30,25,25,189,189,60,129,57,132,20,20,0,1.0,1.0,1.0,1.0,1.0,0.9999999999924243,132,0,0,57
com_erro,catboost,lacuna,30,30,30,158,158,49,109,49,109,20,20,0,1.0,1.0,1.0,1.0,1.0,0.9999999999908257,109,0,0,49
com_erro,catboost,lacuna,40,5,5,943,943,344,599,337,606,21,21,0,1.0,1.0,1.0,1.0,1.0,0.9999999999983499,606,0,0,337
com_erro,catboost,lacuna,40,10,10,472,472,172,300,172,300,21,21,0,1.0,1.0,1.0,1.0,1.0,0.9999999999966667,300,0,0,172
com_erro,catboost,lacuna,40,15,15,315,315,113,202,112,203,20,20,0,0.9904761904761905,0.9866071428571428,1.0,0.9732142857142857,0.9864253393665159,0.9999999999950739,203,0,3,109
com_erro,catboost,lacuna,40,20,20,236,236,88,148,84,152,19,19,0,1.0,1.0,1.0,1.0,1.0,0.9999999999934212,152,0,0,84
com_erro,catboost,lacuna,40,25,25,189,189,72,117,68,121,19,19,0,1.0,1.0,1.0,1.0,1.0,0.9999999999917355,121,0,0,68
com_erro,catboost,lacuna,40,30,30,158,158,54,104,55,103,20,20,0,0.9936708860759493,0.990909090909091,1.0,0.9818181818181818,0.9908256880733946,0.9999999999902912,103,0,1,54
com_erro,catboost,lacuna,40,35,35,135,135,50,85,49,86,17,17,0,1.0,1.0,1.0,1.0,1.0,0.9999999999883721,86,0,0,49
com_erro,catboost,lacuna,40,40,40,118,118,43,75,42,76,18,18,0,1.0,1.0,1.0,1.0,1.0,0.9999999999868421,76,0,0,42
com_erro,catboost,lacuna,50,5,5,941,941,377,564,376,565,19,19,0,1.0,1.0,1.0,1.0,1.0,0.9999999999982301,565,0,0,376
com_erro,catboost,lacuna,50,10,10,471,471,189,282,192,279,19,19,0,1.0,1.0,1.0,1.0,1.0,0.9999999999964158,279,0,0,192
com_erro,catboost,lacuna,50,15,15,314,314,123,191,126,188,19,19,0,0.9968152866242038,0.996031746031746,1.0,0.9920634920634921,0.9960159362549801,0.9999999999946809,188,0,1,125
com_erro,catboost,lacuna,50,20,20,236,236,95,141,96,140,18,18,0,1.0,1.0,1.0,1.0,1.0,0.9999999999928573,140,0,0,96
com_erro,catboost,lacuna,50,25,25,189,189,75,114,74,115,19,19,0,1.0,1.0,1.0,1.0,1.0,0.9999999999913043,115,0,0,74
com_erro,catboost,lacuna,50,30,30,157,157,61,96,63,94,18,18,0,1.0,1.0,1.0,1.0,1.0,0.9999999999893616,94,0,0,63
com_erro,catboost,lacuna,50,35,35,135,135,55,80,57,78,15,15,0,1.0,1.0,1.0,1.0,1.0,0.9999999999871795,78,0,0,57
com_erro,catboost,lacuna,50,40,40,118,118,48,70,49,69,16,16,0,1.0,1.0,1.0,1.0,1.0,0.9999999999855071,69,0,0,49
com_erro,catboost,lacuna,50,45,45,105,105,41,64,42,63,16,16,0,0.9904761904761905,0.9880952380952381,1.0,0.9761904761904762,0.9879518072289156,0.999999999984127,63,0,1,41
com_erro,catboost,lacuna,50,50,50,95,95,38,57,42,53,16,16,0,0.9894736842105263,0.9880952380952381,1.0,0.9761904761904762,0.9879518072289156,0.9999999999811321,53,0,1,41
com_erro,catboost,lacuna,60,5,5,939,939,405,534,412,527,19,19,0,1.0,1.0,1.0,1.0,1.0,0.9999999999981025,527,0,0,412
com_erro,catboost,lacuna,60,10,10,470,470,202,268,210,260,18,18,0,1.0,1.0,1.0,1.0,1.0,0.9999999999961539,260,0,0,210
com_erro,catboost,lacuna,60,15,15,313,313,135,178,138,175,17,17,0,0.9904153354632588,0.9891304347826086,1.0,0.9782608695652174,0.989010989010989,0.9999999999942858,175,0,3,135
com_erro,catboost,lacuna,60,20,20,235,235,103,132,103,132,17,17,0,1.0,1.0,1.0,1.0,1.0,0.9999999999924243,132,0,0,103
com_erro,catboost,lacuna,60,25,25,188,188,83,105,82,106,17,17,0,1.0,1.0,1.0,1.0,1.0,0.999999999990566,106,0,0,82
com_erro,catboost,lacuna,60,30,30,157,157,67,90,69,88,16,16,0,0.9936305732484076,0.9927536231884058,1.0,0.9855072463768116,0.9927007299270073,0.9999999999886363,88,0,1,68
com_erro,catboost,lacuna,60,35,35,135,135,62,73,60,75,16,16,0,1.0,1.0,1.0,1.0,1.0,0.9999999999866667,75,0,0,60
com_erro,catboost,lacuna,60,40,40,118,118,52,66,52,66,16,16,0,1.0,1.0,1.0,1.0,1.0,0.9999999999848485,66,0,0,52
com_erro,catboost,lacuna,60,45,45,105,105,46,59,47,58,15,15,0,0.9904761904761905,0.9893617021276595,1.0,0.9787234042553191,0.989247311827957,0.9999999999827587,58,0,1,46
com_erro,catboost,lacuna,60,50,50,94,94,40,54,42,52,15,15,0,0.9893617021276596,0.9880952380952381,1.0,0.9761904761904762,0.9879518072289156,0.9999999999807693,52,0,1,41
com_erro,catboost,lacuna,60,55,55,86,86,40,46,39,47,15,15,0,1.0,1.0,1.0,1.0,1.0,0.9999999999787235,47,0,0,39
com_erro,catboost,lacuna,60,60,60,79,79,37,42,34,45,16,16,0,1.0,1.0,1.0,1.0,1.0,0.9999999999777779,45,0,0,34
com_erro,catboost,lacuna,70,5,5,937,937,431,506,447,490,17,17,0,1.0,1.0,1.0,1.0,1.0,0.9999999999979592,490,0,0,447
com_erro,catboost,lacuna,70,10,10,469,469,215,254,227,242,16,16,0,1.0,1.0,1.0,1.0,1.0,0.9999999999958679,242,0,0,227
com_erro,catboost,lacuna,70,15,15,313,313,143,170,149,164,16,18,2,0.9904153354632588,0.9899328859060403,1.0,0.9798657718120806,0.9898305084745763,0.9999999999939025,164,0,3,146
com_erro,catboost,lacuna,70,20,20,235,235,108,127,113,122,16,16,0,1.0,1.0,1.0,1.0,1.0,0.9999999999918032,122,0,0,113
com_erro,catboost,lacuna,70,25,25,188,188,88,100,89,99,16,16,0,1.0,1.0,1.0,1.0,1.0,0.999999999989899,99,0,0,89
com_erro,catboost,lacuna,70,30,30,157,157,71,86,74,83,16,17,1,0.9936305732484076,0.9932432432432432,1.0,0.9864864864864865,0.9931972789115646,0.9999999999879517,83,0,1,73
com_erro,catboost,lacuna,70,35,35,134,134,64,70,63,71,15,15,0,1.0,1.0,1.0,1.0,1.0,0.9999999999859155,71,0,0,63
com_erro,catboost,lacuna,70,40,40,118,118,53,65,56,62,15,15,0,1.0,1.0,1.0,1.0,1.0,0.999999999983871,62,0,0,56
com_erro,catboost,lacuna,70,45,45,105,105,49,56,50,55,15,15,0,0.9904761904761905,0.99,1.0,0.98,0.98989898989899,0.9999999999818182,55,0,1,49
com_erro,catboost,lacuna,70,50,50,94,94,44,50,43,51,14,15,1,0.9893617021276596,0.9883720930232558,1.0,0.9767441860465116,0.9882352941176471,0.9999999999803922,51,0,1,42
com_erro,catboost,lacuna,70,55,55,86,86,41,45,42,44,14,14,0,1.0,1.0,1.0,1.0,1.0,0.9999999999772728,44,0,0,42
com_erro,catboost,lacuna,70,60,60,79,79,39,40,37,42,14,15,1,0.9873417721518988,0.9864864864864865,1.0,0.972972972972973,0.9863013698630136,0.9999999999761906,42,0,1,36
com_erro,catboost,lacuna,70,65,65,73,73,33,40,35,38,14,14,0,1.0,1.0,1.0,1.0,1.0,0.9999999999736843,38,0,0,35
com_erro,catboost,lacuna,70,70,70,67,67,36,31,30,37,14,14,0,1.0,1.0,1.0,1.0,1.0,0.9999999999729731,37,0,0,30
com_erro,catboost,lacuna,80,5,5,935,935,455,480,478,457,16,16,0,1.0,1.0,1.0,1.0,1.0,0.9999999999978119,457,0,0,478
com_erro,catboost,lacuna,80,10,10,468,468,227,241,242,226,16,16,0,1.0,1.0,1.0,1.0,1.0,0.9999999999955753,226,0,0,242
com_erro,catboost,lacuna,80,15,15,312,312,149,163,161,151,16,16,0,0.9967948717948718,0.9968944099378882,1.0,0.9937888198757764,0.9968847352024922,0.9999999999933775,151,0,1,160
com_erro,catboost,lacuna,80,20,20,234,234,116,118,120,114,15,15,0,1.0,1.0,1.0,1.0,1.0,0.999999999991228,114,0,0,120
com_erro,catboost,lacuna,80,25,25,187,187,90,97,94,93,15,15,0,1.0,1.0,1.0,1.0,1.0,0.9999999999892473,93,0,0,94
com_erro,catboost,lacuna,80,30,30,156,156,74,82,81,75,15,15,0,1.0,1.0,1.0,1.0,1.0,0.9999999999866667,75,0,0,81
com_erro,catboost,lacuna,80,35,35,134,134,66,68,69,65,15,15,0,1.0,1.0,1.0,1.0,1.0,0.9999999999846153,65,0,0,69
com_erro,catboost,lacuna,80,40,40,117,117,57,60,60,57,14,14,0,1.0,1.0,1.0,1.0,1.0,0.9999999999824563,57,0,0,60
com_erro,catboost,lacuna,80,45,45,104,104,52,52,52,52,14,15,1,0.9903846153846154,0.9903846153846154,1.0,0.9807692307692307,0.9902912621359223,0.9999999999807693,52,0,1,51
com_erro,catboost,lacuna,80,50,50,94,94,45,49,47,47,13,14,1,0.9787234042553191,0.9787234042553192,1.0,0.9574468085106383,0.9782608695652174,0.9999999999787235,47,0,2,45
com_erro,catboost,lacuna,80,55,55,85,85,42,43,46,39,13,13,0,1.0,1.0,1.0,1.0,1.0,0.9999999999743591,39,0,0,46
com_erro,catboost,lacuna,80,60,60,78,78,40,38,41,37,12,12,0,1.0,1.0,1.0,1.0,1.0,0.9999999999729731,37,0,0,41
com_erro,catboost,lacuna,80,65,65,72,72,35,37,35,37,14,14,0,1.0,1.0,1.0,1.0,1.0,0.9999999999729731,37,0,0,35
com_erro,catboost,lacuna,80,70,70,67,67,36,31,35,32,13,13,0,1.0,1.0,1.0,1.0,1.0,0.9999999999687501,32,0,0,35
com_erro,catboost,lacuna,80,75,75,63,63,29,34,32,31,12,13,1,0.9682539682539683,0.96875,1.0,0.9375,0.967741935483871,0.9999999999677419,31,0,2,30
com_erro,catboost,lacuna,80,80,80,59,59,30,29,30,29,11,11,0,1.0,1.0,1.0,1.0,1.0,0.9999999999655173,29,0,0,30
com_erro,catboost,lacuna,90,5,5,933,933,478,455,507,426,16,16,0,1.0,1.0,1.0,1.0,1.0,0.9999999999976527,426,0,0,507
com_erro,catboost,lacuna,90,10,10,467,467,239,228,257,210,16,16,0,1.0,1.0,1.0,1.0,1.0,0.9999999999952381,210,0,0,257
com_erro,catboost,lacuna,90,15,15,311,311,160,151,170,141,15,15,0,0.9903536977491961,0.9911764705882353,1.0,0.9823529411764705,0.9910979228486647,0.9999999999929079,141,0,3,167
com_erro,catboost,lacuna,90,20,20,234,234,120,114,128,106,15,15,0,1.0,1.0,1.0,1.0,1.0,0.999999999990566,106,0,0,128
com_erro,catboost,lacuna,90,25,25,187,187,98,89,103,84,14,14,0,1.0,1.0,1.0,1.0,1.0,0.9999999999880952,84,0,0,103
com_erro,catboost,lacuna,90,30,30,156,156,79,77,85,71,14,14,0,0.9935897435897436,0.9941176470588236,1.0,0.9882352941176471,0.9940828402366864,0.9999999999859155,71,0,1,84
com_erro,catboost,lacuna,90,35,35,134,134,71,63,74,60,15,15,0,1.0,1.0,1.0,1.0,1.0,0.9999999999833334,60,0,0,74
com_erro,catboost,lacuna,90,40,40,117,117,61,56,65,52,13,13,0,1.0,1.0,1.0,1.0,1.0,0.9999999999807693,52,0,0,65
com_erro,catboost,lacuna,90,45,45,104,104,54,50,56,48,13,14,1,0.9807692307692307,0.9821428571428572,1.0,0.9642857142857143,0.9818181818181818,0.9999999999791668,48,0,2,54
com_erro,catboost,lacuna,90,50,50,94,94,48,46,54,40,13,14,1,0.9680851063829787,0.9722222222222222,1.0,0.9444444444444444,0.9714285714285714,0.9999999999750001,40,0,3,51
com_erro,catboost,lacuna,90,55,55,85,85,43,42,48,37,13,13,0,1.0,1.0,1.0,1.0,1.0,0.9999999999729731,37,0,0,48
com_erro,catboost,lacuna,90,60,60,78,78,40,38,44,34,11,11,0,0.9871794871794872,0.9886363636363636,1.0,0.9772727272727273,0.9885057471264368,0.9999999999705883,34,0,1,43
com_erro,catboost,lacuna,90,65,65,72,72,37,35,39,33,13,14,1,0.9861111111111112,0.9871794871794872,1.0,0.9743589743589743,0.987012987012987,0.9999999999696971,33,0,1,38
com_erro,catboost,lacuna,90,70,70,67,67,36,31,38,29,13,13,0,1.0,1.0,1.0,1.0,1.0,0.9999999999655173,29,0,0,38
com_erro,catboost,lacuna,90,75,75,63,63,34,29,34,29,12,12,0,1.0,1.0,1.0,1.0,1.0,0.9999999999655173,29,0,0,34
com_erro,catboost,lacuna,90,80,80,59,59,33,26,33,26,11,11,0,1.0,1.0,1.0,1.0,1.0,0.9999999999615384,26,0,0,33
com_erro,catboost,lacuna,90,85,85,55,55,25,30,25,30,14,14,0,0.9818181818181818,0.98,1.0,0.96,0.9795918367346939,0.9999999999666667,30,0,1,24
com_erro,catboost,lacuna,90,90,90,52,52,25,27,26,26,13,13,0,1.0,1.0,1.0,1.0,1.0,0.9999999999615384,26,0,0,26
com_erro,catboost,lacuna,100,5,5,931,931,500,431,535,396,15,15,0,1.0,1.0,1.0,1.0,1.0,0.9999999999974748,396,0,0,535
com_erro,catboost,lacuna,100,10,10,466,466,250,216,271,195,15,15,0,1.0,1.0,1.0,1.0,1.0,0.9999999999948719,195,0,0,271
com_erro,catboost,lacuna,100,15,15,311,311,166,145,178,133,15,15,0,0.9967845659163987,0.997191011235955,1.0,0.9943820224719101,0.9971830985915493,0.9999999999924812,133,0,1,177
com_erro,catboost,lacuna,100,20,20,233,233,127,106,135,98,14,14,0,1.0,1.0,1.0,1.0,1.0,0.9999999999897958,98,0,0,135
com_erro,catboost,lacuna,100,25,25,187,187,101,86,107,80,13,13,0,1.0,1.0,1.0,1.0,1.0,0.9999999999875,80,0,0,107
com_erro,catboost,lacuna,100,30,30,156,156,83,73,89,67,13,13,0,1.0,1.0,1.0,1.0,1.0,0.9999999999850746,67,0,0,89
com_erro,catboost,lacuna,100,35,35,133,133,74,59,76,57,13,13,0,1.0,1.0,1.0,1.0,1.0,0.9999999999824563,57,0,0,76
com_erro,catboost,lacuna,100,40,40,117,117,65,52,68,49,12,12,0,1.0,1.0,1.0,1.0,1.0,0.9999999999795919,49,0,0,68
com_erro,catboost,lacuna,100,45,45,104,104,56,48,59,45,12,13,1,0.9903846153846154,0.9915254237288136,1.0,0.9830508474576272,0.9914529914529915,0.9999999999777779,45,0,1,58
com_erro,catboost,lacuna,100,50,50,94,94,50,44,57,37,12,13,1,0.9893617021276596,0.9912280701754386,1.0,0.9824561403508771,0.9911504424778761,0.9999999999729731,37,0,1,56
com_erro,catboost,lacuna,100,55,55,85,85,44,41,49,36,13,13,0,1.0,1.0,1.0,1.0,1.0,0.9999999999722223,36,0,0,49
com_erro,catboost,lacuna,100,60,60,78,78,42,36,46,32,11,11,0,1.0,1.0,1.0,1.0,1.0,0.9999999999687501,32,0,0,46
com_erro,catboost,lacuna,100,65,65,72,72,38,34,41,31,12,12,0,0.9861111111111112,0.9878048780487805,1.0,0.975609756097561,0.9876543209876543,0.9999999999677419,31,0,1,40
com_erro,catboost,lacuna,100,70,70,67,67,36,31,40,27,11,11,0,1.0,1.0,1.0,1.0,1.0,0.999999999962963,27,0,0,40
com_erro,catboost,lacuna,100,75,75,63,63,34,29,36,27,12,12,0,1.0,1.0,1.0,1.0,1.0,0.999999999962963,27,0,0,36
com_erro,catboost,lacuna,100,80,80,59,59,34,25,33,26,11,11,0,1.0,1.0,1.0,1.0,1.0,0.9999999999615384,26,0,0,33
com_erro,catboost,lacuna,100,85,85,55,55,27,28,26,29,14,14,0,1.0,1.0,1.0,1.0,1.0,0.9999999999655173,29,0,0,26
com_erro,catboost,lacuna,100,90,90,52,52,25,27,28,24,12,12,0,1.0,1.0,1.0,1.0,1.0,0.9999999999583333,24,0,0,28
com_erro,catboost,lacuna,100,95,95,49,49,26,23,30,19,9,9,0,1.0,1.0,1.0,1.0,1.0,0.9999999999473684,19,0,0,30
com_erro,catboost,lacuna,100,100,100,47,47,27,20,29,18,10,10,0,1.0,1.0,1.0,1.0,1.0,0.9999999999444444,18,0,0,29
com_erro,catboost,oscilacao,20,5,5,947,947,282,665,423,524,22,36,14,0.8975712777191129,0.8910386551892155,0.9335106382978723,0.8297872340425532,0.8785982478097623,0.9522900763340605,499,25,72,351
com_erro,catboost,oscilacao,20,10,10,474,474,143,331,212,262,21,33,12,0.890295358649789,0.8845599884776034,0.9166666666666666,0.8301886792452831,0.8712871287128713,0.93893129770634,246,16,36,176
com_erro,catboost,oscilacao,20,15,15,316,316,95,221,140,176,21,30,9,0.8639240506329114,0.8537337662337663,0.9145299145299145,0.7642857142857142,0.8326848249027238,0.9431818181764593,166,10,33,107
com_erro,catboost,oscilacao,20,20,20,237,237,71,166,105,132,19,29,10,0.8818565400843882,0.8773809523809524,0.8888888888888888,0.8380952380952381,0.8627450980392157,0.9166666666597223,121,11,17,88
com_erro,catboost,oscilacao,30,5,5,945,945,314,631,463,482,18,38,20,0.8677248677248677,0.8667561366874883,0.9023809523809524,0.8185745140388769,0.8584371460928653,0.9149377593342014,441,41,84,379
com_erro,catboost,oscilacao,30,10,10,473,473,159,314,232,241,18,32,14,0.8625792811839323,0.862006367148376,0.8812785388127854,0.8318965517241379,0.8558758314855875,0.8921161825689125,215,26,39,193
com_erro,catboost,oscilacao,30,15,15,315,315,109,206,154,161,18,27,9,0.8380952380952381,0.8369565217391304,0.8705035971223022,0.7857142857142857,0.825938566552901,0.8881987577584585,143,18,33,121
com_erro,catboost,oscilacao,30,20,20,237,237,78,159,117,120,18,24,6,0.8059071729957806,0.8047008547008547,0.8736842105263158,0.7094017094017094,0.7830188679245284,0.8999999999925,108,12,34,83
com_erro,catboost,oscilacao,30,25,25,189,189,62,127,94,95,18,26,8,0.8253968253968254,0.8251399776035835,0.8588235294117647,0.776595744680851,0.8156424581005587,0.8736842105171191,83,12,21,73
com_erro,catboost,oscilacao,30,30,30,158,158,55,103,77,81,18,24,6,0.7848101265822784,0.783068783068783,0.8208955223880597,0.7142857142857143,0.7638888888888888,0.8518518518413352,69,12,22,55
com_erro,catboost,oscilacao,40,5,5,943,943,344,599,497,446,18,33,15,0.8345705196182397,0.837421389322482,0.8883826879271071,0.7847082494969819,0.8333333333333334,0.8901345291459862,397,49,107,390
com_erro,catboost,oscilacao,40,10,10,472,472,174,298,249,223,18,31,13,0.8199152542372882,0.8227618996164028,0.8727272727272727,0.7710843373493976,0.8187633262260128,0.8744394618794868,195,28,57,192
com_erro,catboost,oscilacao,40,15,15,315,315,114,201,166,149,18,31,13,0.8222222222222222,0.8244521711005094,0.8666666666666667,0.7831325301204819,0.8227848101265823,0.8657718120747264,129,20,36,130
com_erro,catboost,oscilacao,40,20,20,236,236,87,149,123,113,18,26,8,0.8432203389830508,0.8449169004964386,0.8839285714285714,0.8048780487804879,0.8425531914893617,0.8849557522045579,100,13,24,99
com_erro,catboost,oscilacao,40,25,25,189,189,69,120,102,87,16,29,13,0.7936507936507936,0.7995267072346179,0.8705882352941177,0.7254901960784313,0.7914438502673797,0.8735632183807636,76,11,28,74
com_erro,catboost,oscilacao,40,30,30,158,158,58,100,85,73,17,26,9,0.7658227848101266,0.7726833199033039,0.8529411764705882,0.6823529411764706,0.7581699346405228,0.8630136986183148,63,10,27,58
com_erro,catboost,oscilacao,40,35,35,135,135,49,86,71,64,17,22,5,0.7703703703703704,0.7732174295774648,0.8225806451612904,0.7183098591549296,0.7669172932330827,0.8281249999870605,53,11,20,51
com_erro,catboost,oscilacao,40,40,40,118,118,45,73,62,56,17,17,0,0.788135593220339,0.7932027649769586,0.8775510204081632,0.6935483870967742,0.7747747747747747,0.892857142841199,50,6,19,43
com_erro,catboost,oscilacao,50,5,5,941,941,370,571,531,410,18,37,19,0.8182784272051009,0.8214758164530798,0.8703703703703703,0.7966101694915254,0.831858407079646,0.8463414634125699,347,63,108,423
com_erro,catboost,oscilacao,50,10,10,471,471,187,284,266,205,18,35,17,0.8152866242038217,0.8213643865761966,0.8841201716738197,0.7744360902255639,0.8256513026052105,0.8682926829225938,178,27,60,206
com_erro,catboost,oscilacao,50,15,15,314,314,123,191,177,137,16,27,11,0.7929936305732485,0.7965895500845396,0.85,0.768361581920904,0.8071216617210683,0.8248175182421547,113,24,41,136
com_erro,catboost,oscilacao,50,20,20,236,236,93,143,134,102,17,25,8,0.8050847457627118,0.8107989464442493,0.8728813559322034,0.7686567164179104,0.8174603174603174,0.852941176462226,87,15,31,103
com_erro,catboost,oscilacao,50,25,25,189,189,73,116,109,80,16,21,5,0.7724867724867724,0.7811353211009174,0.8586956521739131,0.7247706422018348,0.7860696517412935,0.8374999999895312,67,13,30,79
com_erro,catboost,oscilacao,50,30,30,157,157,62,95,89,68,16,23,7,0.7770700636942676,0.7842861863846662,0.8552631578947368,0.7303370786516854,0.7878787878787878,0.83823529410532,57,11,24,65
com_erro,catboost,oscilacao,50,35,35,135,135,54,81,76,59,16,22,6,0.7925925925925926,0.798728813559322,0.8636363636363636,0.75,0.8028169014084507,0.8474576271042804,50,9,19,57
com_erro,catboost,oscilacao,50,40,40,118,118,46,72,67,51,16,19,3,0.7457627118644068,0.7503658179689786,0.8135593220338984,0.7164179104477612,0.7619047619047619,0.7843137254748175,40,11,19,48
com_erro,catboost,oscilacao,50,45,45,105,105,41,64,57,48,16,18,2,0.7333333333333333,0.7412280701754386,0.8222222222222222,0.6491228070175439,0.7254901960784313,0.8333333333159723,40,8,20,37
com_erro,catboost,oscilacao,50,50,50,95,95,37,58,53,42,16,19,3,0.7789473684210526,0.7895327942497754,0.8809523809523809,0.6981132075471698,0.7789473684210526,0.8809523809314059,37,5,16,37
com_erro,catboost,oscilacao,60,5,5,939,939,392,547,564,375,16,40,24,0.8232161874334398,0.8282624113475178,0.8917322834645669,0.8031914893617021,0.8451492537313433,0.8533333333310578,320,55,111,453
com_erro,catboost,oscilacao,60,10,10,470,470,198,272,283,187,16,31,15,0.8085106382978723,0.8155930537971694,0.8875502008032129,0.7809187279151943,0.8308270676691729,0.8502673796745975,159,28,62,221
com_erro,catboost,oscilacao,60,15,15,313,313,133,180,187,126,16,29,13,0.8019169329073482,0.8070409982174689,0.874251497005988,0.7807486631016043,0.8248587570621468,0.8333333333267195,105,21,41,146
com_erro,catboost,oscilacao,60,20,20,235,235,99,136,140,95,16,27,11,0.7914893617021277,0.7979323308270676,0.8699186991869918,0.7642857142857142,0.8136882129277566,0.8315789473596675,79,16,33,107
com_erro,catboost,oscilacao,60,25,25,188,188,78,110,112,76,15,22,7,0.7819148936170213,0.7831296992481203,0.8446601941747572,0.7767857142857143,0.8093023255813954,0.7894736842001384,60,16,25,87
com_erro,catboost,oscilacao,60,30,30,157,157,67,90,94,63,16,22,6,0.7643312101910829,0.7744005403579872,0.8607594936708861,0.723404255319149,0.7861271676300579,0.8253968253837239,52,11,26,68
com_erro,catboost,oscilacao,60,35,35,135,135,56,79,81,54,15,23,8,0.725925925925926,0.7438271604938271,0.8548387096774194,0.654320987654321,0.7412587412587412,0.8333333333179013,45,9,28,53
com_erro,catboost,oscilacao,60,40,40,118,118,49,69,70,48,15,17,2,0.8305084745762712,0.8342261904761905,0.890625,0.8142857142857143,0.8507462686567164,0.8541666666488716,41,7,13,57
com_erro,catboost,oscilacao,60,45,45,105,105,45,60,62,43,16,16,0,0.6952380952380952,0.7205551387846962,0.8571428571428571,0.5806451612903226,0.6923076923076923,0.860465116259059,37,6,26,36
com_erro,catboost,oscilacao,60,50,50,94,94,40,54,56,38,15,19,4,0.7659574468085106,0.7781954887218046,0.8695652173913043,0.7142857142857143,0.7843137254901961,0.8421052631357342,32,6,16,40
com_erro,catboost,oscilacao,60,55,55,86,86,35,51,52,34,14,14,0,0.7558139534883721,0.7675339366515836,0.8604651162790697,0.7115384615384616,0.7789473684210526,0.8235294117404846,28,6,15,37
com_erro,catboost,oscilacao,60,60,60,79,79,34,45,45,34,16,18,2,0.7848101265822784,0.7859477124183006,0.8333333333333334,0.7777777777777778,0.8045977011494253,0.7941176470354672,27,7,10,35
com_erro,catboost,oscilacao,70,5,5,937,937,413,524,594,343,15,36,21,0.8025613660618997,0.8060856377182908,0.8836772983114447,0.7929292929292929,0.8358473824312334,0.8192419825049002,281,62,123,471
com_erro,catboost,oscilacao,70,10,10,469,469,208,261,298,171,15,31,16,0.7825159914712153,0.7914753326268692,0.8828125,0.7583892617449665,0.8158844765342961,0.82456140350395,141,30,72,226
com_erro,catboost,oscilacao,70,15,15,313,313,137,176,198,115,15,29,14,0.7859424920127795,0.7907114624505929,0.8742857142857143,0.7727272727272727,0.8203753351206434,0.8086956521668809,93,22,45,153
com_erro,catboost,oscilacao,70,20,20,235,235,103,132,150,85,15,23,8,0.7574468085106383,0.7768627450980392,0.8907563025210085,0.7066666666666667,0.7881040892193308,0.8470588235194463,72,13,44,106
com_erro,catboost,oscilacao,70,25,25,188,188,81,107,121,67,15,25,10,0.75,0.7591587516960652,0.8627450980392157,0.7272727272727273,0.7892376681614349,0.7910447761075963,53,14,33,88
com_erro,catboost,oscilacao,70,30,30,157,157,69,88,101,56,15,22,7,0.7452229299363057,0.7621994342291372,0.8765432098765432,0.7029702970297029,0.7802197802197802,0.8214285714139031,46,10,30,71
com_erro,catboost,oscilacao,70,35,35,134,134,58,76,82,52,15,20,5,0.7238805970149254,0.7286585365853658,0.8169014084507042,0.7073170731707317,0.7581699346405228,0.749999999985577,39,13,24,58
com_erro,catboost,oscilacao,70,40,40,118,118,52,66,75,43,13,18,5,0.7542372881355932,0.762015503875969,0.859375,0.7333333333333333,0.7913669064748201,0.7906976744002164,34,9,20,55
com_erro,catboost,oscilacao,70,45,45,105,105,45,60,67,38,15,16,1,0.6761904761904762,0.7064021995286724,0.851063829787234,0.5970149253731343,0.7017543859649122,0.8157894736627425,31,7,27,40
com_erro,catboost,oscilacao,70,50,50,94,94,41,53,62,32,14,19,5,0.6914893617021277,0.720766129032258,0.8666666666666667,0.6290322580645161,0.7289719626168224,0.8124999999746094,26,6,23,39
com_erro,catboost,oscilacao,70,55,55,86,86,36,50,54,32,13,12,-1,0.7093023255813954,0.7430555555555556,0.8918918918918919,0.6111111111111112,0.7252747252747253,0.8749999999726563,28,4,21,33
com_erro,catboost,oscilacao,70,60,60,79,79,34,45,50,29,13,13,0,0.759493670886076,0.7882758620689656,0.918918918918919,0.68,0.7816091954022989,0.8965517241070154,26,3,16,34
com_erro,catboost,oscilacao,70,65,65,73,73,32,41,46,27,14,16,2,0.7534246575342466,0.7661030595813204,0.868421052631579,0.717391304347826,0.7857142857142857,0.8148148147846365,22,5,13,33
com_erro,catboost,oscilacao,70,70,70,67,67,28,39,39,28,12,15,3,0.746268656716418,0.7568681318681318,0.84375,0.6923076923076923,0.7605633802816901,0.8214285713992346,23,5,12,27
com_erro,catboost,oscilacao,80,5,5,935,935,433,502,622,313,15,31,16,0.7893048128342246,0.7964054939749134,0.8942486085343229,0.77491961414791,0.830318690783807,0.8178913737993039,256,57,140,482
com_erro,catboost,oscilacao,80,10,10,468,468,218,250,312,156,15,33,18,0.7927350427350427,0.796474358974359,0.8909090909090909,0.7852564102564102,0.8347529812606473,0.8076923076871302,126,30,67,245
com_erro,catboost,oscilacao,80,15,15,312,312,144,168,206,106,15,25,10,0.8044871794871795,0.8061458142516944,0.8918918918918919,0.8009708737864077,0.8439897698209718,0.8113207547093272,86,20,41,165
com_erro,catboost,oscilacao,80,20,20,234,234,109,125,155,79,15,27,12,0.7692307692307693,0.7699469171090241,0.8686131386861314,0.7677419354838709,0.815068493150685,0.7721518987244032,61,18,36,119
com_erro,catboost,oscilacao,80,25,25,187,187,85,102,125,62,15,19,4,0.7967914438502673,0.8114193548387096,0.9142857142857143,0.768,0.8347826086956521,0.8548387096636317,53,9,29,96
com_erro,catboost,oscilacao,80,30,30,156,156,73,83,104,52,15,22,7,0.7756410256410257,0.7836538461538461,0.8876404494382022,0.7596153846153846,0.8186528497409327,0.8076923076767752,42,10,25,79
com_erro,catboost,oscilacao,80,35,35,134,134,63,71,91,43,14,19,5,0.746268656716418,0.7518527983644263,0.8701298701298701,0.7362637362637363,0.7976190476190477,0.7674418604472688,33,10,24,67
com_erro,catboost,oscilacao,80,40,40,117,117,55,62,78,39,12,18,6,0.7008547008547008,0.7115384615384616,0.8412698412698413,0.6794871794871795,0.75177304964539,0.7435897435706772,29,10,25,53
com_erro,catboost,oscilacao,80,45,45,104,104,47,57,68,36,14,18,4,0.7115384615384616,0.727124183006536,0.8518518518518519,0.6764705882352942,0.7540983606557377,0.777777777756173,28,8,22,46
com_erro,catboost,oscilacao,80,50,50,94,94,42,52,63,31,14,21,7,0.723404255319149,0.7444956477214542,0.8775510204081632,0.6825396825396826,0.7678571428571429,0.8064516128772112,25,6,20,43
com_erro,catboost,oscilacao,80,55,55,85,85,37,48,55,30,12,17,5,0.7529411764705882,0.7787878787878788,0.9047619047619048,0.6909090909090909,0.7835051546391752,0.8666666666377778,26,4,17,38
com_erro,catboost,oscilacao,80,60,60,78,78,36,42,52,26,12,14,2,0.7564102564102564,0.7884615384615384,0.9230769230769231,0.6923076923076923,0.7912087912087912,0.8846153845813609,23,3,16,36
com_erro,catboost,oscilacao,80,65,65,72,72,34,38,47,25,13,14,1,0.7916666666666666,0.8029787234042554,0.9,0.7659574468085106,0.8275862068965517,0.8399999999664,21,4,11,36
com_erro,catboost,oscilacao,80,70,70,67,67,33,34,46,21,10,12,2,0.6716417910447762,0.7091097308488613,0.875,0.6086956521739131,0.717948717948718,0.8095238094852608,17,4,18,28
com_erro,catboost,oscilacao,80,75,75,63,63,28,35,41,22,13,13,0,0.6984126984126984,0.7261640798226164,0.8666666666666667,0.6341463414634146,0.7323943661971831,0.8181818181446281,18,4,15,26
com_erro,catboost,oscilacao,80,80,80,59,59,27,32,41,18,9,15,6,0.6440677966101694,0.6815718157181572,0.8571428571428571,0.5853658536585366,0.6956521739130435,0.7777777777345679,14,4,17,24
com_erro,catboost,oscilacao,90,5,5,933,933,453,480,650,283,15,36,21,0.7781350482315113,0.7669502582223431,0.8747884940778342,0.7953846153846154,0.8331990330378727,0.7385159010574611,209,74,133,517
com_erro,catboost,oscilacao,90,10,10,467,467,228,239,326,141,15,29,14,0.815845824411135,0.8157768785624157,0.910958904109589,0.8159509202453987,0.86084142394822,0.8156028368736483,115,26,60,266
com_erro,catboost,oscilacao,90,15,15,311,311,153,158,216,95,15,21,6,0.8167202572347267,0.809088693957115,0.8994974874371859,0.8287037037037037,0.8626506024096385,0.7894736842022161,75,20,37,179
com_erro,catboost,oscilacao,90,20,20,234,234,113,121,164,70,13,24,11,0.7948717948717948,0.8004355400696864,0.9084507042253521,0.7865853658536586,0.8431372549019608,0.8142857142740816,57,13,35,129
com_erro,catboost,oscilacao,90,25,25,187,187,91,96,131,56,15,20,5,0.7647058823529411,0.7604961832061068,0.8782608695652174,0.7709923664122137,0.8211382113821138,0.7499999999866072,42,14,30,101
com_erro,catboost,oscilacao,90,30,30,156,156,77,79,109,47,14,17,3,0.7564102564102564,0.7530743704860433,0.8736842105263158,0.7614678899082569,0.8137254901960784,0.7446808510479855,35,12,26,83
com_erro,catboost,oscilacao,90,35,35,134,134,65,69,93,41,13,16,3,0.7611940298507462,0.7529504327301337,0.8674698795180723,0.7741935483870968,0.8181818181818182,0.7317073170553243,30,11,21,72
com_erro,catboost,oscilacao,90,40,40,117,117,56,61,82,35,11,18,7,0.7264957264957265,0.7639372822299652,0.9166666666666666,0.6707317073170732,0.7746478873239436,0.8571428571183675,30,5,27,55
com_erro,catboost,oscilacao,90,45,45,104,104,50,54,72,32,12,15,3,0.7884615384615384,0.7777777777777778,0.8787878787878788,0.8055555555555556,0.8405797101449275,0.7499999999765626,24,8,14,58
com_erro,catboost,oscilacao,90,50,50,94,94,45,49,64,30,14,15,1,0.7021276595744681,0.728125,0.875,0.65625,0.75,0.7999999999733334,24,6,22,42
com_erro,catboost,oscilacao,90,55,55,85,85,38,47,59,26,12,14,2,0.7294117647058823,0.7835723598435462,0.95,0.6440677966101694,0.7676767676767676,0.9230769230414201,24,2,21,38
com_erro,catboost,oscilacao,90,60,60,78,78,38,40,56,22,11,15,4,0.7307692307692307,0.7297077922077921,0.8723404255319149,0.7321428571428571,0.7961165048543689,0.7272727272396694,16,6,15,41
com_erro,catboost,oscilacao,90,65,65,72,72,35,37,49,23,12,11,-1,0.75,0.7240461401952085,0.8297872340425532,0.7959183673469388,0.8125,0.6521739130151228,15,8,10,39
com_erro,catboost,oscilacao,90,70,70,67,67,34,33,48,19,9,13,4,0.6865671641791045,0.6699561403508771,0.8292682926829268,0.7083333333333334,0.7640449438202247,0.63157894733518,12,7,14,34
com_erro,catboost,oscilacao,90,75,75,63,63,30,33,43,20,12,14,2,0.7777777777777778,0.8104651162790697,0.9393939393939394,0.7209302325581395,0.8157894736842105,0.899999999955,18,2,12,31
com_erro,catboost,oscilacao,90,80,80,59,59,28,31,43,16,9,12,3,0.6949152542372882,0.7318313953488372,0.9032258064516129,0.6511627906976745,0.7567567567567568,0.8124999999492187,13,3,15,28
com_erro,catboost,oscilacao,90,85,85,55,55,27,28,39,16,10,12,2,0.6909090909090909,0.671474358974359,0.8235294117647058,0.717948717948718,0.7671232876712328,0.6249999999609375,10,6,11,28
com_erro,catboost,oscilacao,90,90,90,52,52,26,26,35,17,12,9,-3,0.6730769230769231,0.6815126050420168,0.8214285714285714,0.6571428571428571,0.7301587301587301,0.705882352899654,12,5,12,23
com_erro,catboost,oscilacao,100,5,5,931,931,473,458,678,253,14,37,23,0.7776584317937701,0.7668217379644853,0.891846921797005,0.7905604719764012,0.838154808444097,0.7430830039496321,188,65,142,536
com_erro,catboost,oscilacao,100,10,10,466,466,238,228,340,126,13,31,18,0.7854077253218884,0.7655228758169934,0.8870967741935484,0.8088235294117647,0.8461538461538461,0.7222222222164902,91,35,65,275
com_erro,catboost,oscilacao,100,15,15,311,311,157,154,226,85,14,26,12,0.7556270096463023,0.7547891723060906,0.890625,0.7566371681415929,0.8181818181818182,0.7529411764617301,64,21,55,171
com_erro,catboost,oscilacao,100,20,20,233,233,119,114,169,64,12,21,9,0.8068669527896996,0.7892011834319527,0.8974358974358975,0.8284023668639053,0.8615384615384616,0.7499999999882813,48,16,29,140
com_erro,catboost,oscilacao,100,25,25,187,187,94,93,138,49,12,20,8,0.7647058823529411,0.768189884649512,0.9051724137931034,0.7608695652173914,0.8267716535433071,0.775510204065806,38,11,33,105
com_erro,catboost,oscilacao,100,30,30,156,156,79,77,115,41,11,16,5,0.7115384615384616,0.7101802757158007,0.8723404255319149,0.7130434782608696,0.784688995215311,0.7073170731534801,29,12,33,82
com_erro,catboost,oscilacao,100,35,35,133,133,66,67,94,39,12,16,4,0.7669172932330827,0.7750954719039825,0.8987341772151899,0.7553191489361702,0.8208092485549133,0.7948717948514136,31,8,23,71
com_erro,catboost,oscilacao,100,40,40,117,117,59,58,84,33,11,18,7,0.7948717948717948,0.7743506493506493,0.8846153846153846,0.8214285714285714,0.8518518518518519,0.7272727272506888,24,9,15,69
com_erro,catboost,oscilacao,100,45,45,104,104,53,51,74,30,11,13,2,0.7788461538461539,0.7752252252252252,0.8923076923076924,0.7837837837837838,0.8345323741007195,0.7666666666411112,23,7,16,58
com_erro,catboost,oscilacao,100,50,50,94,94,47,47,68,26,12,16,4,0.7021276595744681,0.7228506787330318,0.8846153846153846,0.6764705882352942,0.7666666666666667,0.7692307692011834,20,6,22,46
com_erro,catboost,oscilacao,100,55,55,85,85,41,44,63,22,10,12,2,0.8117647058823529,0.8582251082251082,0.9795918367346939,0.7619047619047619,0.8571428571428571,0.9545454545020661,21,1,15,48
com_erro,catboost,oscilacao,100,60,60,78,78,40,38,58,20,10,15,5,0.7564102564102564,0.7379310344827585,0.8823529411764706,0.7758620689655172,0.8256880733944955,0.699999999965,14,6,13,45
com_erro,catboost,oscilacao,100,65,65,72,72,37,35,54,18,9,13,4,0.75,0.7407407407407407,0.8913043478260869,0.7592592592592593,0.82,0.7222222221820987,13,5,13,41
com_erro,catboost,oscilacao,100,70,70,67,67,35,32,49,18,9,12,3,0.6865671641791045,0.6451247165532881,0.8181818181818182,0.7346938775510204,0.7741935483870968,0.5555555555246914,10,8,13,36
com_erro,catboost,oscilacao,100,75,75,63,63,31,32,46,17,9,11,2,0.746031746031746,0.7704603580562659,0.9166666666666666,0.717391304347826,0.8048780487804879,0.8235294117162629,14,3,13,33
com_erro,catboost,oscilacao,100,80,80,59,59,30,29,44,15,8,14,6,0.7457627118644068,0.7416666666666667,0.8918918918918919,0.75,0.8148148148148148,0.7333333332844444,11,4,11,33
com_erro,catboost,oscilacao,100,85,85,55,55,28,27,39,16,10,12,2,0.7272727272727273,0.6971153846153846,0.8333333333333334,0.7692307692307693,0.8,0.6249999999609375,10,6,9,30
com_erro,catboost,oscilacao,100,90,90,52,52,28,24,36,16,11,14,3,0.7307692307692307,0.7361111111111112,0.8666666666666667,0.7222222222222222,0.7878787878787878,0.749999999953125,12,4,10,26
com_erro,catboost,oscilacao,100,95,95,49,49,23,26,34,15,9,12,3,0.5918367346938775,0.6313725490196078,0.8181818181818182,0.5294117647058824,0.6428571428571429,0.7333333332844444,11,4,16,18
com_erro,catboost,oscilacao,100,100,100,47,47,23,24,34,13,8,9,1,0.6595744680851063,0.6696832579185521,0.8461538461538461,0.6470588235294118,0.7333333333333333,0.6923076922544379,9,4,12,22
com_erro,catboost,queda,20,5,5,947,947,219,728,175,772,17,33,16,0.9450897571277719,0.924341228719467,0.8253968253968254,0.8914285714285715,0.8571428571428571,0.9572538860091228,739,33,19,156
com_erro,catboost,queda,20,10,10,474,474,112,362,88,386,17,26,9,0.9324894514767933,0.8971384832783796,0.8043478260869565,0.8409090909090909,0.8222222222222222,0.9533678756451985,368,18,14,74
com_erro,catboost,queda,20,15,15,316,316,73,243,59,257,15,25,10,0.9208860759493671,0.8664842049726308,0.7931034482758621,0.7796610169491526,0.7863247863247863,0.9533073929923996,245,12,13,46
com_erro,catboost,queda,20,20,20,237,237,59,178,45,192,16,25,9,0.919831223628692,0.8739583333333334,0.782608695652174,0.8,0.7912087912087912,0.9479166666617297,182,10,9,36
com_erro,catboost,queda,30,5,5,945,945,257,688,207,738,16,30,14,0.9322751322751323,0.9114528101802757,0.8264840182648402,0.8743961352657005,0.8497652582159625,0.9485094850935657,700,38,26,181
com_erro,catboost,queda,30,10,10,473,473,131,342,104,369,16,25,9,0.9133192389006343,0.8857489055659787,0.7837837837837838,0.8365384615384616,0.8093023255813954,0.9349593495909622,345,24,17,87
com_erro,catboost,queda,30,15,15,315,315,86,229,67,248,15,24,9,0.9333333333333333,0.9140888300433317,0.8194444444444444,0.8805970149253731,0.8489208633093526,0.9475806451574694,235,13,8,59
com_erro,catboost,queda,30,20,20,237,237,66,171,53,184,15,22,7,0.890295358649789,0.842032403609516,0.7547169811320755,0.7547169811320755,0.7547169811320755,0.9293478260819058,171,13,13,40
com_erro,catboost,queda,30,25,25,189,189,53,136,41,148,14,21,7,0.8994708994708994,0.8564601186552406,0.7619047619047619,0.7804878048780488,0.7710843373493976,0.9324324324261323,138,10,9,32
com_erro,catboost,queda,30,30,30,158,158,42,116,35,123,15,21,6,0.8924050632911392,0.8389082462253195,0.7647058823529411,0.7428571428571429,0.7536231884057971,0.9349593495858947,115,8,9,26
com_erro,catboost,queda,40,5,5,943,943,292,651,237,706,16,24,8,0.9141039236479321,0.8977869019017224,0.8070866141732284,0.8649789029535865,0.835030549898167,0.9305949008485402,657,49,32,205
com_erro,catboost,queda,40,10,10,472,472,148,324,119,353,15,24,9,0.8940677966101694,0.8706882186302283,0.7716535433070866,0.8235294117647058,0.7967479674796748,0.9178470254931506,324,29,21,98
com_erro,catboost,queda,40,15,15,315,315,96,219,82,233,15,20,5,0.9047619047619048,0.8802993823929655,0.8095238095238095,0.8292682926829268,0.8192771084337349,0.9313304720990072,217,16,14,68
com_erro,catboost,queda,40,20,20,236,236,76,160,61,175,14,21,7,0.8983050847457628,0.8726932084309134,0.7936507936507936,0.819672131147541,0.8064516129032258,0.9257142857089959,162,13,11,50
com_erro,catboost,queda,40,25,25,189,189,59,130,48,141,14,17,3,0.9153439153439153,0.881427304964539,0.8478260869565217,0.8125,0.8297872340425532,0.950354609922338,134,7,9,39
com_erro,catboost,queda,40,30,30,158,158,49,109,42,116,15,18,3,0.8987341772151899,0.8854679802955665,0.782608695652174,0.8571428571428571,0.8181818181818182,0.9137931034403983,106,10,6,36
com_erro,catboost,queda,40,35,35,135,135,42,93,33,102,14,18,4,0.8962962962962963,0.8698752228163993,0.7714285714285715,0.8181818181818182,0.7941176470588235,0.9215686274419453,94,8,6,27
com_erro,catboost,queda,40,40,40,118,118,38,80,29,89,14,19,5,0.8983050847457628,0.8744672607516466,0.7741935483870968,0.8275862068965517,0.8,0.9213483145963893,82,7,5,24
com_erro,catboost,queda,50,5,5,941,941,324,617,266,675,15,27,12,0.9075451647183846,0.8945530492898914,0.8185053380782918,0.8646616541353384,0.8409506398537477,0.9244444444430749,624,51,36,230
com_erro,catboost,queda,50,10,10,471,471,164,307,133,338,15,23,8,0.89171974522293,0.8789540419095074,0.7847222222222222,0.849624060150376,0.8158844765342961,0.9082840236659518,307,31,20,113
com_erro,catboost,queda,50,15,15,314,314,107,207,89,225,14,20,6,0.9140127388535032,0.8958551810237203,0.8444444444444444,0.8539325842696629,0.8491620111731844,0.9377777777736099,211,14,13,76
com_erro,catboost,queda,50,20,20,236,236,82,154,67,169,15,19,4,0.885593220338983,0.8570608495981631,0.803030303030303,0.7910447761194029,0.7969924812030075,0.9230769230714612,156,13,14,53
com_erro,catboost,queda,50,25,25,189,189,65,124,53,136,15,20,5,0.8783068783068783,0.8463512763596004,0.7884615384615384,0.7735849056603774,0.780952380952381,0.9191176470520653,125,11,12,41
com_erro,catboost,queda,50,30,30,157,157,53,104,44,113,14,21,7,0.8598726114649682,0.8263274336283186,0.75,0.75,0.75,0.9026548672486491,102,11,11,33
com_erro,catboost,queda,50,35,35,135,135,48,87,39,96,14,19,5,0.8444444444444444,0.7992788461538461,0.75,0.6923076923076923,0.72,0.9062499999905599,87,9,12,27
com_erro,catboost,queda,50,40,40,118,118,41,77,33,85,14,17,3,0.8728813559322034,0.8468805704099822,0.7647058823529411,0.7878787878787878,0.7761194029850746,0.905882352930519,77,8,7,26
com_erro,catboost,queda,50,45,45,105,105,33,72,31,74,14,18,4,0.8380952380952381,0.810156931124673,0.71875,0.7419354838709677,0.7301587301587301,0.8783783783665083,65,9,8,23
com_erro,catboost,queda,50,50,50,95,95,34,61,27,68,15,18,3,0.8526315789473684,0.8300653594771241,0.7241379310344828,0.7777777777777778,0.75,0.8823529411634947,60,8,6,21
com_erro,catboost,queda,60,5,5,939,939,356,583,292,647,15,25,10,0.8998935037273695,0.8982315640151595,0.8055555555555556,0.8938356164383562,0.8474025974025974,0.9026275115905679,584,63,31,261
com_erro,catboost,queda,60,10,10,470,470,180,290,146,324,15,23,8,0.9,0.8954845256215119,0.8113207547169812,0.8835616438356164,0.8459016393442623,0.9074074074046068,294,30,17,129
com_erro,catboost,queda,60,15,15,313,313,118,195,96,217,14,24,10,0.9041533546325878,0.907642089093702,0.8,0.9166666666666666,0.8543689320388349,0.8986175115165963,195,22,8,88
com_erro,catboost,queda,60,20,20,235,235,92,143,75,160,14,23,9,0.8808510638297873,0.880625,0.7764705882352941,0.88,0.825,0.8812499999944923,141,19,9,66
com_erro,catboost,queda,60,25,25,188,188,75,113,57,131,14,20,6,0.898936170212766,0.8878398285790813,0.8166666666666667,0.8596491228070176,0.8376068376068376,0.9160305343441525,120,11,8,49
com_erro,catboost,queda,60,30,30,157,157,58,99,50,107,14,20,6,0.8662420382165605,0.8432710280373832,0.7959183673469388,0.78,0.7878787878787878,0.906542056066294,97,10,11,39
com_erro,catboost,queda,60,35,35,135,135,52,83,45,90,15,18,3,0.8518518518518519,0.8111111111111111,0.8378378378378378,0.6888888888888889,0.7560975609756098,0.933333333322963,84,6,14,31
com_erro,catboost,queda,60,40,40,118,118,45,73,37,81,14,19,5,0.8389830508474576,0.838672005338672,0.7045454545454546,0.8378378378378378,0.7654320987654321,0.8395061728291419,68,13,6,31
com_erro,catboost,queda,60,45,45,105,105,41,64,32,73,14,16,2,0.819047619047619,0.7996575342465753,0.6857142857142857,0.75,0.7164179104477612,0.8493150684815162,62,11,8,24
com_erro,catboost,queda,60,50,50,94,94,38,56,28,66,14,16,2,0.8617021276595744,0.8295454545454546,0.7777777777777778,0.75,0.7636363636363637,0.909090909077135,60,6,7,21
com_erro,catboost,queda,60,55,55,86,86,32,54,25,61,14,15,1,0.7558139534883721,0.721639344262295,0.5714285714285714,0.64,0.6037735849056604,0.8032786885114217,49,12,9,16
com_erro,catboost,queda,60,60,60,79,79,30,49,26,53,13,16,3,0.8481012658227848,0.8084179970972424,0.8181818181818182,0.6923076923076923,0.75,0.9245283018693485,49,4,8,18
com_erro,catboost,queda,70,5,5,937,937,386,551,318,619,15,33,18,0.8826040554962646,0.8874452606659148,0.7841530054644809,0.9025157232704403,0.8391812865497076,0.87237479805998,540,79,31,287
com_erro,catboost,queda,70,10,10,469,469,195,274,159,310,15,26,11,0.8805970149253731,0.8882329072834246,0.7754010695187166,0.9119496855345912,0.838150289017341,0.8645161290294693,268,42,14,145
com_erro,catboost,queda,70,15,15,313,313,128,185,109,204,15,24,9,0.8881789137380192,0.8843092282784674,0.8189655172413793,0.8715596330275229,0.8444444444444444,0.8970588235250144,183,21,14,95
com_erro,catboost,queda,70,20,20,235,235,97,138,80,155,15,23,8,0.8808510638297873,0.8703629032258065,0.8170731707317073,0.8375,0.8271604938271605,0.9032258064457857,140,15,13,67
com_erro,catboost,queda,70,25,25,188,188,77,111,64,124,14,19,5,0.8776595744680851,0.8694556451612903,0.8059701492537313,0.84375,0.8244274809160306,0.8951612903153616,111,13,10,54
com_erro,catboost,queda,70,30,30,157,157,65,92,56,101,15,25,10,0.8407643312101911,0.832478783592645,0.7627118644067796,0.8035714285714286,0.782608695652174,0.8613861386053328,87,14,11,45
com_erro,catboost,queda,70,35,35,134,134,56,78,46,88,14,21,7,0.8283582089552238,0.838191699604743,0.7017543859649122,0.8695652173913043,0.7766990291262136,0.8068181818090134,71,17,6,40
com_erro,catboost,queda,70,40,40,118,118,48,70,39,79,15,19,4,0.8389830508474576,0.8407984420642649,0.717391304347826,0.8461538461538461,0.7764705882352941,0.8354430379641082,66,13,6,33
com_erro,catboost,queda,70,45,45,105,105,43,62,36,69,15,19,4,0.8857142857142857,0.8798309178743962,0.8157894736842105,0.8611111111111112,0.8378378378378378,0.8985507246246587,62,7,5,31
com_erro,catboost,queda,70,50,50,94,94,38,56,33,61,13,15,2,0.8404255319148937,0.8283656234475907,0.7647058823529411,0.7878787878787878,0.7761194029850746,0.86885245900215,53,8,7,26
com_erro,catboost,queda,70,55,55,86,86,36,50,27,59,14,16,2,0.8023255813953488,0.8057124921531701,0.6470588235294118,0.8148148148148148,0.7213114754098361,0.7966101694780237,47,12,5,22
com_erro,catboost,queda,70,60,60,79,79,33,46,28,51,14,22,8,0.7848101265822784,0.7850140056022409,0.6666666666666666,0.7857142857142857,0.7213114754098361,0.7843137254748175,40,11,6,22
com_erro,catboost,queda,70,65,65,73,73,30,43,25,48,14,19,5,0.8493150684931506,0.8470833333333333,0.75,0.84,0.7924528301886793,0.8541666666488716,41,7,4,21
com_erro,catboost,queda,70,70,70,67,67,27,40,21,46,13,13,0,0.7761194029850746,0.7593167701863355,0.625,0.7142857142857143,0.6666666666666666,0.8043478260694708,37,9,6,15
com_erro,catboost,queda,80,5,5,935,935,414,521,344,591,15,36,21,0.8652406417112299,0.8739621453586747,0.7684729064039408,0.9069767441860465,0.832,0.84094754652988,497,94,32,312
com_erro,catboost,queda,80,10,10,468,468,208,260,172,296,15,30,15,0.8696581196581197,0.8786926461345066,0.7733990147783252,0.9127906976744186,0.8373333333333334,0.8445945945917412,250,46,15,157
com_erro,catboost,queda,80,15,15,312,312,138,174,115,197,14,23,9,0.875,0.8811079231957626,0.7878787878787878,0.9043478260869565,0.8421052631578947,0.8578680203002139,169,28,11,104
com_erro,catboost,queda,80,20,20,234,234,106,128,88,146,14,25,11,0.8547008547008547,0.8609900373599004,0.7647058823529411,0.8863636363636364,0.8210526315789474,0.8356164383504411,122,24,10,78
com_erro,catboost,queda,80,25,25,187,187,82,105,68,119,14,20,6,0.8663101604278075,0.8634453781512605,0.7945205479452054,0.8529411764705882,0.8226950354609929,0.8739495798245887,104,15,10,58
com_erro,catboost,queda,80,30,30,156,156,68,88,57,99,14,21,7,0.8461538461538461,0.8527379053694844,0.746268656716418,0.8771929824561403,0.8064516129032258,0.8282828282744618,82,17,7,50
com_erro,catboost,queda,80,35,35,134,134,60,74,48,86,13,19,6,0.8656716417910447,0.8815406976744187,0.75,0.9375,0.8333333333333334,0.8255813953392374,71,15,3,45
com_erro,catboost,queda,80,40,40,117,117,54,63,43,74,13,19,6,0.8547008547008547,0.860779384035198,0.76,0.8837209302325582,0.8172043010752689,0.8378378378265157,62,12,5,38
com_erro,catboost,queda,80,45,45,104,104,44,60,38,66,14,13,-1,0.8173076923076923,0.7946570972886762,0.7714285714285715,0.7105263157894737,0.7397260273972602,0.8787878787745638,58,8,11,27
com_erro,catboost,queda,80,50,50,94,94,41,53,35,59,13,17,4,0.7978723404255319,0.7924939467312349,0.7105263157894737,0.7714285714285715,0.7397260273972602,0.8135593220201092,48,11,8,27
com_erro,catboost,queda,80,55,55,85,85,40,45,32,53,12,17,5,0.8117647058823529,0.7871462264150944,0.7857142857142857,0.6875,0.7333333333333333,0.8867924528134568,47,6,10,22
com_erro,catboost,queda,80,60,60,78,78,35,43,28,50,13,16,3,0.7948717948717948,0.7928571428571429,0.6875,0.7857142857142857,0.7333333333333333,0.7999999999840001,40,10,6,22
com_erro,catboost,queda,80,65,65,72,72,31,41,27,45,13,17,4,0.8055555555555556,0.8,0.7241379310344828,0.7777777777777778,0.75,0.8222222222039507,37,8,6,21
com_erro,catboost,queda,80,70,70,67,67,28,39,22,45,13,15,2,0.8805970149253731,0.8762626262626263,0.7916666666666666,0.8636363636363636,0.8260869565217391,0.8888888888691359,40,5,3,19
com_erro,catboost,queda,80,75,75,63,63,30,33,26,37,12,14,2,0.8412698412698413,0.8362785862785863,0.8076923076923077,0.8076923076923077,0.8076923076923077,0.8648648648414902,32,5,5,21
com_erro,catboost,queda,80,80,80,59,59,27,32,20,39,13,15,2,0.7457627118644068,0.7833333333333333,0.5806451612903226,0.9,0.7058823529411765,0.6666666666495727,26,13,2,18
com_erro,catboost,queda,90,5,5,933,933,438,495,370,563,15,37,22,0.8595927116827439,0.8720776726993423,0.7649667405764967,0.9324324324324325,0.8404384896467723,0.8117229129648105,457,106,25,345
com_erro,catboost,queda,90,10,10,467,467,220,247,185,282,15,25,10,0.8522483940042827,0.8646444316657083,0.7566371681415929,0.9243243243243243,0.8321167883211679,0.8049645390042377,227,55,14,171
com_erro,catboost,queda,90,15,15,311,311,146,165,122,189,14,23,9,0.8745980707395499,0.8837496747332814,0.7902097902097902,0.9262295081967213,0.8528301886792453,0.8412698412653902,159,30,9,113
com_erro,catboost,queda,90,20,20,234,234,110,124,93,141,15,21,6,0.8675213675213675,0.8735987188286434,0.7924528301886793,0.9032258064516129,0.8442211055276382,0.8439716311996882,119,22,9,84
com_erro,catboost,queda,90,25,25,187,187,88,99,75,112,13,25,12,0.8288770053475936,0.8329166666666667,0.7529411764705882,0.8533333333333334,0.8,0.8124999999927455,91,21,11,64
com_erro,catboost,queda,90,30,30,156,156,72,84,63,93,13,22,9,0.8461538461538461,0.8402457757296466,0.8095238095238095,0.8095238095238095,0.8095238095238095,0.8709677419261186,81,12,12,51
com_erro,catboost,queda,90,35,35,134,134,63,71,53,81,13,20,7,0.8432835820895522,0.8475425110645236,0.7666666666666667,0.8679245283018868,0.8141592920353983,0.8271604938169486,67,14,7,46
com_erro,catboost,queda,90,40,40,117,117,55,62,46,71,13,19,6,0.8547008547008547,0.8649724433557868,0.7636363636363637,0.9130434782608695,0.8316831683168316,0.8169014084391986,58,13,4,42
com_erro,catboost,queda,90,45,45,104,104,47,57,42,62,13,16,3,0.7980769230769231,0.7960829493087558,0.7333333333333333,0.7857142857142857,0.7586206896551724,0.8064516128902186,50,12,9,33
com_erro,catboost,queda,90,50,50,94,94,43,51,36,58,13,17,4,0.8404255319148937,0.8496168582375478,0.7441860465116279,0.8888888888888888,0.810126582278481,0.8103448275722355,47,11,4,32
com_erro,catboost,queda,90,55,55,85,85,40,45,34,51,12,17,5,0.7411764705882353,0.7205882352941176,0.7,0.6176470588235294,0.65625,0.8235294117485583,42,9,13,21
com_erro,catboost,queda,90,60,60,78,78,36,42,30,48,13,14,1,0.8076923076923077,0.79375,0.7586206896551724,0.7333333333333333,0.7457627118644068,0.8541666666488716,41,7,8,22
com_erro,catboost,queda,90,65,65,72,72,33,39,28,44,12,16,4,0.8472222222222222,0.8555194805194806,0.7575757575757576,0.8928571428571429,0.819672131147541,0.8181818181632232,36,8,3,25
com_erro,catboost,queda,90,70,70,67,67,31,36,26,41,12,17,5,0.835820895522388,0.8236397748592871,0.8,0.7692307692307693,0.7843137254901961,0.8780487804663891,36,5,6,20
com_erro,catboost,queda,90,75,75,63,63,32,31,27,36,12,15,3,0.7619047619047619,0.7546296296296297,0.7307692307692307,0.7037037037037037,0.7169811320754716,0.805555555533179,29,7,8,19
com_erro,catboost,queda,90,80,80,59,59,27,32,22,37,13,16,3,0.7288135593220338,0.7377149877149878,0.6071428571428571,0.7727272727272727,0.68,0.7027027026837108,26,11,5,17
com_erro,catboost,queda,90,85,85,55,55,27,28,26,29,10,12,2,0.8363636363636363,0.8388594164456233,0.7931034482758621,0.8846153846153846,0.8363636363636363,0.7931034482485136,23,6,3,23
com_erro,catboost,queda,90,90,90,52,52,25,27,22,30,11,13,2,0.8269230769230769,0.8318181818181818,0.76,0.8636363636363636,0.8085106382978723,0.7999999999733334,24,6,3,19
com_erro,catboost,queda,100,5,5,931,931,462,469,396,535,15,33,18,0.8313641245972073,0.8440857169829132,0.7404426559356136,0.9292929292929293,0.8241881298992161,0.7588785046714788,406,129,28,368
com_erro,catboost,queda,100,10,10,466,466,232,234,198,268,15,25,10,0.8218884120171673,0.8365747022463441,0.7254901960784313,0.9343434343434344,0.8167770419426048,0.7388059701464971,198,70,13,185
com_erro,catboost,queda,100,15,15,311,311,154,157,135,176,14,21,7,0.8295819935691319,0.836489898989899,0.759493670886076,0.8888888888888888,0.8191126279863481,0.7840909090864541,138,38,15,120
com_erro,catboost,queda,100,20,20,233,233,118,115,101,132,13,21,8,0.8197424892703863,0.8292829282928293,0.7398373983739838,0.900990099009901,0.8125,0.7575757575700184,100,32,10,91
com_erro,catboost,queda,100,25,25,187,187,93,94,79,108,14,20,6,0.8181818181818182,0.8306962025316456,0.7272727272727273,0.9113924050632911,0.8089887640449438,0.7499999999930556,81,27,7,72
com_erro,catboost,queda,100,30,30,156,156,78,78,69,87,13,18,5,0.8141025641025641,0.81984007996002,0.75,0.8695652173913043,0.8053691275167785,0.7701149425198837,67,20,9,60
com_erro,catboost,queda,100,35,35,133,133,66,67,57,76,12,16,4,0.849624060150376,0.8618421052631579,0.7605633802816901,0.9473684210526315,0.84375,0.7763157894634695,59,17,3,54
com_erro,catboost,queda,100,40,40,117,117,58,59,50,67,13,17,4,0.811965811965812,0.8180597014925373,0.7413793103448276,0.86,0.7962962962962963,0.7761194029734907,52,15,7,43
com_erro,catboost,queda,100,45,45,104,104,51,53,45,59,13,16,3,0.8365384615384616,0.8401129943502825,0.78,0.8666666666666667,0.8210526315789474,0.8135593220201092,48,11,6,39
com_erro,catboost,queda,100,50,50,94,94,47,47,40,54,14,16,2,0.8085106382978723,0.8138888888888889,0.7391304347826086,0.85,0.7906976744186046,0.7777777777633745,42,12,6,34
com_erro,catboost,queda,100,55,55,85,85,45,40,37,48,10,12,2,0.788235294117647,0.7908220720720721,0.7317073170731707,0.8108108108108109,0.7692307692307693,0.7708333333172743,37,11,7,30
com_erro,catboost,queda,100,60,60,78,78,40,38,34,44,12,15,3,0.782051282051282,0.7800802139037433,0.7428571428571429,0.7647058823529411,0.7536231884057971,0.795454545436467,35,9,8,26
com_erro,catboost,queda,100,65,65,72,72,35,37,29,43,12,16,4,0.8194444444444444,0.8263833199679229,0.7352941176470589,0.8620689655172413,0.7936507936507936,0.7906976744002164,34,9,4,25
com_erro,catboost,queda,100,70,70,67,67,34,33,28,39,11,13,2,0.8507462686567164,0.8566849816849818,0.78125,0.8928571428571429,0.8333333333333334,0.8205128204917818,32,7,3,25
com_erro,catboost,queda,100,75,75,63,63,34,29,29,34,13,13,0,0.8253968253968254,0.8280933062880325,0.78125,0.8620689655172413,0.819672131147541,0.7941176470354672,27,7,4,25
com_erro,catboost,queda,100,80,80,59,59,28,31,23,36,12,16,4,0.7796610169491526,0.7958937198067633,0.6666666666666666,0.8695652173913043,0.7547169811320755,0.7222222222021606,26,10,3,20
com_erro,catboost,queda,100,85,85,55,55,27,28,26,29,10,11,1,0.8727272727272727,0.873342175066313,0.8518518518518519,0.8846153846153846,0.8679245283018868,0.8620689654875149,25,4,3,23
com_erro,catboost,queda,100,90,90,52,52,28,24,24,28,11,13,2,0.7692307692307693,0.7738095238095238,0.7142857142857143,0.8333333333333334,0.7692307692307693,0.714285714260204,20,8,4,20
com_erro,catboost,queda,100,95,95,49,49,25,24,19,30,12,11,-1,0.7142857142857143,0.7087719298245614,0.6190476190476191,0.6842105263157895,0.65,0.7333333333088888,22,8,6,13
com_erro,catboost,queda,100,100,100,47,47,25,22,20,27,11,12,1,0.723404255319149,0.7268518518518519,0.6521739130434783,0.75,0.6976744186046512,0.7037037036776406,19,8,5,15
com_erro,mlp,lacuna,20,5,5,947,947,261,686,251,696,23,23,0,0.9915522703273495,0.9840637450199203,1.0,0.9681274900398407,0.9838056680161943,0.9999999999985633,696,0,8,243
com_erro,mlp,lacuna,20,10,10,474,474,131,343,129,345,23,23,0,0.9789029535864979,0.9612403100775193,1.0,0.9224806201550387,0.9596774193548387,0.9999999999971014,345,0,10,119
com_erro,mlp,lacuna,20,15,15,316,316,83,233,83,233,23,24,1,0.9841772151898734,0.9698795180722892,1.0,0.9397590361445783,0.968944099378882,0.9999999999957082,233,0,5,78
com_erro,mlp,lacuna,20,20,20,237,237,67,170,62,175,22,22,0,0.9831223628691983,0.967741935483871,1.0,0.9354838709677419,0.9666666666666667,0.9999999999942858,175,0,4,58
com_erro,mlp,lacuna,30,5,5,945,945,303,642,295,650,22,24,2,0.9830687830687831,0.9738070404172099,0.99644128113879,0.9491525423728814,0.9722222222222222,0.9984615384600024,649,1,15,280
com_erro,mlp,lacuna,30,10,10,473,473,152,321,151,322,22,22,0,0.9746300211416491,0.9602649006622517,1.0,0.9205298013245033,0.9586206896551724,0.9999999999968945,322,0,12,139
com_erro,mlp,lacuna,30,15,15,315,315,100,215,99,216,21,21,0,0.9777777777777777,0.9646464646464646,1.0,0.9292929292929293,0.9633507853403142,0.9999999999953704,216,0,7,92
com_erro,mlp,lacuna,30,20,20,237,237,75,162,75,162,22,24,2,0.9620253164556962,0.9471604938271605,0.9714285714285714,0.9066666666666666,0.9379310344827586,0.9876543209815577,160,2,7,68
com_erro,mlp,lacuna,30,25,25,189,189,60,129,57,132,20,22,2,0.9629629629629629,0.9435805422647527,0.9807692307692307,0.8947368421052632,0.9357798165137615,0.9924242424167241,131,1,6,51
com_erro,mlp,lacuna,30,30,30,158,158,49,109,49,109,20,21,1,0.9556962025316456,0.9285714285714286,1.0,0.8571428571428571,0.9230769230769231,0.9999999999908257,109,0,7,42
com_erro,mlp,lacuna,40,5,5,943,943,344,599,337,606,21,24,3,0.9809119830328739,0.9746109625799375,0.9938080495356038,0.9525222551928784,0.9727272727272728,0.996699669965352,604,2,16,321
com_erro,mlp,lacuna,40,10,10,472,472,172,300,172,300,21,23,2,0.9533898305084746,0.9385271317829458,0.987012987012987,0.8837209302325582,0.9325153374233128,0.9933333333300223,298,2,20,152
com_erro,mlp,lacuna,40,15,15,315,315,113,202,112,203,20,21,1,0.9809523809523809,0.9752155172413793,0.9907407407407407,0.9553571428571429,0.9727272727272728,0.995073891620714,202,1,5,107
com_erro,mlp,lacuna,40,20,20,236,236,88,148,84,152,19,24,5,0.9322033898305084,0.9287280701754386,0.8953488372093024,0.9166666666666666,0.9058823529411765,0.9407894736780212,143,9,7,77
com_erro,mlp,lacuna,40,25,25,189,189,72,117,68,121,19,22,3,0.9470899470899471,0.9393534273213417,0.9393939393939394,0.9117647058823529,0.9253731343283582,0.9669421487523393,117,4,6,62
com_erro,mlp,lacuna,40,30,30,158,158,54,104,55,103,20,23,3,0.9556962025316456,0.9448367166813769,0.9615384615384616,0.9090909090909091,0.9345794392523364,0.9805825242623244,101,2,5,50
com_erro,mlp,lacuna,40,35,35,135,135,50,85,49,86,17,18,1,0.9407407407407408,0.9183673469387755,1.0,0.8367346938775511,0.9111111111111111,0.9999999999883721,86,0,8,41
com_erro,mlp,lacuna,40,40,40,118,118,43,75,42,76,18,20,2,0.8983050847457628,0.8837719298245614,0.875,0.8333333333333334,0.8536585365853658,0.9342105263034972,71,5,7,35
com_erro,mlp,lacuna,50,5,5,941,941,377,564,376,565,19,20,1,0.9851222104144527,0.9818278102052345,0.9972527472527473,0.9654255319148937,0.981081081081081,0.9982300884938085,564,1,13,363
com_erro,mlp,lacuna,50,10,10,471,471,189,282,192,279,19,23,4,0.9384288747346072,0.9317876344086022,0.9502762430939227,0.8958333333333334,0.9222520107238605,0.9677419354804024,270,9,20,172
com_erro,mlp,lacuna,50,15,15,314,314,123,191,126,188,19,20,1,0.9585987261146497,0.9510300574130361,0.9829059829059829,0.9126984126984127,0.9465020576131687,0.989361702122397,186,2,11,115
com_erro,mlp,lacuna,50,20,20,236,236,95,141,96,140,18,23,5,0.902542372881356,0.8982142857142856,0.8842105263157894,0.875,0.8795811518324608,0.9214285714219899,129,11,12,84
com_erro,mlp,lacuna,50,25,25,189,189,75,114,74,115,19,19,0,0.9682539682539683,0.9594594594594594,1.0,0.918918918918919,0.9577464788732394,0.9999999999913043,115,0,6,68
com_erro,mlp,lacuna,50,30,30,157,157,61,96,63,94,18,20,2,0.89171974522293,0.8781661600810537,0.9107142857142857,0.8095238095238095,0.8571428571428571,0.9468085106282254,89,5,12,51
com_erro,mlp,lacuna,50,35,35,135,135,55,80,57,78,15,19,4,0.9111111111111111,0.9018218623481782,0.9411764705882353,0.8421052631578947,0.8888888888888888,0.9615384615261341,75,3,9,48
com_erro,mlp,lacuna,50,40,40,118,118,48,70,49,69,16,19,3,0.8728813559322034,0.8528541851523218,0.9473684210526315,0.7346938775510204,0.8275862068965517,0.9710144927395504,67,2,13,36
com_erro,mlp,lacuna,50,45,45,105,105,41,64,42,63,16,17,1,0.9047619047619048,0.8928571428571428,0.9210526315789473,0.8333333333333334,0.875,0.9523809523658353,60,3,7,35
com_erro,mlp,lacuna,50,50,50,95,95,38,57,42,53,16,17,1,0.9368421052631579,0.9310422282120395,0.9736842105263158,0.8809523809523809,0.925,0.9811320754531863,52,1,5,37
com_erro,mlp,lacuna,60,5,5,939,939,405,534,412,527,19,22,3,0.9744408945686901,0.9716682632965494,0.9923857868020305,0.9490291262135923,0.9702233250620348,0.9943074003776199,524,3,21,391
com_erro,mlp,lacuna,60,10,10,470,470,202,268,210,260,18,20,2,0.9553191489361702,0.9504578754578754,0.9947643979057592,0.9047619047619048,0.9476309226932669,0.9961538461500148,259,1,20,190
com_erro,mlp,lacuna,60,15,15,313,313,135,178,138,175,17,19,2,0.9488817891373802,0.9435610766045548,0.9841269841269841,0.8985507246376812,0.9393939393939394,0.9885714285657796,173,2,14,124
com_erro,mlp,lacuna,60,20,20,235,235,103,132,103,132,17,22,5,0.948936170212766,0.9460135333921742,0.9595959595959596,0.9223300970873787,0.9405940594059405,0.9696969696896236,128,4,8,95
com_erro,mlp,lacuna,60,25,25,188,188,83,105,82,106,17,19,2,0.9627659574468085,0.9600782328578003,0.9746835443037974,0.9390243902439024,0.9565217391304348,0.9811320754624421,104,2,5,77
com_erro,mlp,lacuna,60,30,30,157,157,67,90,69,88,16,18,2,0.9490445859872612,0.9435935441370225,0.9841269841269841,0.8985507246376812,0.9393939393939394,0.9886363636251291,87,1,7,62
com_erro,mlp,lacuna,60,35,35,135,135,62,73,60,75,16,21,5,0.9407407407407408,0.94,0.9333333333333333,0.9333333333333333,0.9333333333333333,0.9466666666540444,71,4,4,56
com_erro,mlp,lacuna,60,40,40,118,118,52,66,52,66,16,17,1,0.923728813559322,0.9175407925407926,0.9574468085106383,0.8653846153846154,0.9090909090909091,0.9696969696822773,64,2,7,45
com_erro,mlp,lacuna,60,45,45,105,105,46,59,47,58,15,15,0,0.9523809523809523,0.9468085106382979,1.0,0.8936170212765957,0.9438202247191011,0.9999999999827587,58,0,5,42
com_erro,mlp,lacuna,60,50,50,94,94,40,54,42,52,15,17,2,0.9468085106382979,0.9473443223443223,0.9302325581395349,0.9523809523809523,0.9411764705882353,0.9423076922895711,49,3,2,40
com_erro,mlp,lacuna,60,55,55,86,86,40,46,39,47,15,15,0,0.9302325581395349,0.9252591380250954,0.9714285714285714,0.8717948717948718,0.918918918918919,0.9787234042344953,46,1,5,34
com_erro,mlp,lacuna,60,60,60,79,79,37,42,34,45,16,18,2,0.9367088607594937,0.9336601307189543,0.9393939393939394,0.9117647058823529,0.9253731343283582,0.955555555534321,43,2,3,31
com_erro,mlp,lacuna,70,5,5,937,937,431,506,447,490,17,24,7,0.9765208110992529,0.9758822992284162,0.9885057471264368,0.9619686800894854,0.9750566893424036,0.989795918365327,485,5,17,430
com_erro,mlp,lacuna,70,10,10,469,469,215,254,227,242,16,19,3,0.9616204690831557,0.9604889503768158,0.995260663507109,0.9251101321585903,0.958904109589041,0.9958677685909262,241,1,17,210
com_erro,mlp,lacuna,70,15,15,313,313,143,170,149,164,16,19,3,0.9616613418530351,0.9603453920445244,0.9858156028368794,0.9328859060402684,0.9586206896551724,0.9878048780427574,162,2,10,139
com_erro,mlp,lacuna,70,20,20,235,235,108,127,113,122,16,18,2,0.948936170212766,0.9469026548672566,1.0,0.8938053097345132,0.9439252336448598,0.9999999999918032,122,0,12,101
com_erro,mlp,lacuna,70,25,25,188,188,88,100,89,99,16,16,0,0.9627659574468085,0.9618091022585404,0.9767441860465116,0.9438202247191011,0.96,0.9797979797880828,97,2,5,84
com_erro,mlp,lacuna,70,30,30,157,157,71,86,74,83,16,17,1,0.9426751592356688,0.9399218495604038,0.9850746268656716,0.8918918918918919,0.9361702127659575,0.9879518072170126,82,1,8,66
com_erro,mlp,lacuna,70,35,35,134,134,64,70,63,71,15,18,3,0.9328358208955224,0.9303599374021909,0.9655172413793104,0.8888888888888888,0.9256198347107438,0.9718309859018052,69,2,7,56
com_erro,mlp,lacuna,70,40,40,118,118,53,65,56,62,15,16,1,0.9322033898305084,0.9285714285714286,1.0,0.8571428571428571,0.9230769230769231,0.999999999983871,62,0,8,48
com_erro,mlp,lacuna,70,45,45,105,105,49,56,50,55,15,16,1,0.9428571428571428,0.9418181818181819,0.9583333333333334,0.92,0.9387755102040817,0.9636363636188431,53,2,4,46
com_erro,mlp,lacuna,70,50,50,94,94,44,50,43,51,14,17,3,0.9468085106382979,0.9473324213406293,0.9318181818181818,0.9534883720930233,0.9425287356321839,0.9411764705697809,48,3,2,41
com_erro,mlp,lacuna,70,55,55,86,86,41,45,42,44,14,15,1,0.9302325581395349,0.9285714285714286,1.0,0.8571428571428571,0.9230769230769231,0.9999999999772728,44,0,6,36
com_erro,mlp,lacuna,70,60,60,79,79,39,40,37,42,14,16,2,0.9367088607594937,0.934041184041184,0.9705882352941176,0.8918918918918919,0.9295774647887324,0.9761904761672336,41,1,4,33
com_erro,mlp,lacuna,70,65,65,73,73,33,40,35,38,14,17,3,0.9178082191780822,0.9154135338345865,0.967741935483871,0.8571428571428571,0.9090909090909091,0.9736842105006926,37,1,5,30
com_erro,mlp,lacuna,70,70,70,67,67,36,31,30,37,14,15,1,0.9253731343283582,0.9261261261261262,0.9032258064516129,0.9333333333333333,0.9180327868852459,0.9189189188940834,34,3,2,28
com_erro,mlp,lacuna,80,5,5,935,935,455,480,478,457,16,20,4,0.9711229946524064,0.9717092553766149,0.9977924944812362,0.9456066945606695,0.9709989258861439,0.9978118161903768,456,1,26,452
com_erro,mlp,lacuna,80,10,10,468,468,227,241,242,226,16,18,2,0.9658119658119658,0.9667958750822789,0.9956140350877193,0.9380165289256198,0.9659574468085106,0.9955752212345329,225,1,15,227
com_erro,mlp,lacuna,80,15,15,312,312,149,163,161,151,16,17,1,0.9326923076923077,0.9337542676154827,0.9666666666666667,0.9006211180124224,0.932475884244373,0.9668874172121399,146,5,16,145
com_erro,mlp,lacuna,80,20,20,234,234,116,118,120,114,15,16,1,0.9529914529914529,0.9539473684210527,0.990990990990991,0.9166666666666666,0.9523809523809523,0.9912280701667436,113,1,10,110
com_erro,mlp,lacuna,80,25,25,187,187,90,97,94,93,15,13,-2,0.946524064171123,0.946636925188744,0.9666666666666667,0.925531914893617,0.9456521739130435,0.9677419354734651,90,3,7,87
com_erro,mlp,lacuna,80,30,30,156,156,74,82,81,75,15,16,1,0.9230769230769231,0.9254320987654321,0.9859154929577465,0.8641975308641975,0.9210526315789473,0.9866666666535111,74,1,11,70
com_erro,mlp,lacuna,80,35,35,134,134,66,68,69,65,15,17,2,0.9104477611940298,0.9103678929765886,0.9130434782608695,0.9130434782608695,0.9130434782608695,0.9076923076783432,59,6,6,63
com_erro,mlp,lacuna,80,40,40,117,117,57,60,60,57,14,15,1,0.9230769230769231,0.925,1.0,0.85,0.918918918918919,0.9999999999824563,57,0,9,51
com_erro,mlp,lacuna,80,45,45,104,104,52,52,52,52,14,17,3,0.9230769230769231,0.9230769230769231,0.94,0.9038461538461539,0.9215686274509803,0.9423076922895711,49,3,5,47
com_erro,mlp,lacuna,80,50,50,94,94,45,49,47,47,13,15,2,0.8936170212765957,0.8936170212765957,0.8936170212765957,0.8936170212765957,0.8936170212765957,0.8936170212575827,42,5,5,42
com_erro,mlp,lacuna,80,55,55,85,85,42,43,46,39,13,15,2,0.8941176470588236,0.9021739130434783,1.0,0.8043478260869565,0.891566265060241,0.9999999999743591,39,0,9,37
com_erro,mlp,lacuna,80,60,60,78,78,40,38,41,37,12,14,2,0.8974358974358975,0.90112063282795,0.9714285714285714,0.8292682926829268,0.8947368421052632,0.9729729729466765,36,1,7,34
com_erro,mlp,lacuna,80,65,65,72,72,35,37,35,37,14,14,0,0.9305555555555556,0.9301158301158301,0.9411764705882353,0.9142857142857143,0.927536231884058,0.94594594592038,35,2,3,32
com_erro,mlp,lacuna,80,70,70,67,67,36,31,35,32,13,13,0,0.8507462686567164,0.8491071428571428,0.8378378378378378,0.8857142857142857,0.8611111111111112,0.8124999999746094,26,6,4,31
com_erro,mlp,lacuna,80,75,75,63,63,29,34,32,31,12,13,1,0.9206349206349206,0.9213709677419355,0.9655172413793104,0.875,0.9180327868852459,0.9677419354526535,30,1,4,28
com_erro,mlp,lacuna,80,80,80,59,59,30,29,30,29,11,12,1,0.8983050847457628,0.8977011494252873,0.875,0.9333333333333333,0.9032258064516129,0.8620689654875149,25,4,2,28
com_erro,mlp,lacuna,90,5,5,933,933,478,455,507,426,16,27,11,0.9517684887459807,0.952808567380615,0.9695121951219512,0.9408284023668639,0.954954954954955,0.9647887323921015,411,15,30,477
com_erro,mlp,lacuna,90,10,10,467,467,239,228,257,210,16,19,3,0.9443254817987152,0.947674634055957,0.9832635983263598,0.914396887159533,0.9475806451612904,0.9809523809477098,206,4,22,235
com_erro,mlp,lacuna,90,15,15,311,311,160,151,170,141,15,17,2,0.9421221864951769,0.945244055068836,0.9810126582278481,0.9117647058823529,0.9451219512195121,0.9787234042483779,138,3,15,155
com_erro,mlp,lacuna,90,20,20,234,234,120,114,128,106,15,16,1,0.9572649572649573,0.9609375,1.0,0.921875,0.959349593495935,0.999999999990566,106,0,10,118
com_erro,mlp,lacuna,90,25,25,187,187,98,89,103,84,14,15,1,0.9572192513368984,0.9589690245030051,0.9797979797979798,0.941747572815534,0.9603960396039604,0.9761904761788548,82,2,6,97
com_erro,mlp,lacuna,90,30,30,156,156,79,77,85,71,14,16,2,0.9423076923076923,0.9458989229494614,0.9871794871794872,0.9058823529411765,0.9447852760736196,0.9859154929438603,70,1,8,77
com_erro,mlp,lacuna,90,35,35,134,134,71,63,74,60,15,13,-2,0.9104477611940298,0.9141891891891891,0.9558823529411765,0.8783783783783784,0.9154929577464789,0.9499999999841667,57,3,9,65
com_erro,mlp,lacuna,90,40,40,117,117,61,56,65,52,13,15,2,0.905982905982906,0.9134615384615384,0.9821428571428571,0.8461538461538461,0.9090909090909091,0.9807692307503699,51,1,10,55
com_erro,mlp,lacuna,90,45,45,104,104,54,50,56,48,13,15,2,0.9038461538461539,0.9047619047619048,0.9259259259259259,0.8928571428571429,0.9090909090909091,0.9166666666475695,44,4,6,50
com_erro,mlp,lacuna,90,50,50,94,94,48,46,54,40,13,14,1,0.9042553191489362,0.9069444444444444,0.9411764705882353,0.8888888888888888,0.9142857142857143,0.9249999999768751,37,3,6,48
com_erro,mlp,lacuna,90,55,55,85,85,43,42,48,37,13,15,2,0.9058823529411765,0.9166666666666667,1.0,0.8333333333333334,0.9090909090909091,0.9999999999729731,37,0,8,40
com_erro,mlp,lacuna,90,60,60,78,78,40,38,44,34,11,14,3,0.9102564102564102,0.9204545454545454,1.0,0.8409090909090909,0.9135802469135802,0.9999999999705883,34,0,7,37
com_erro,mlp,lacuna,90,65,65,72,72,37,35,39,33,13,15,2,0.8888888888888888,0.8927738927738929,0.9428571428571428,0.8461538461538461,0.8918918918918919,0.939393939365473,31,2,6,33
com_erro,mlp,lacuna,90,70,70,67,67,36,31,38,29,13,15,2,0.8656716417910447,0.8652450090744102,0.8918918918918919,0.868421052631579,0.88,0.8620689654875149,25,4,5,33
com_erro,mlp,lacuna,90,75,75,63,63,34,29,34,29,12,12,0,0.9206349206349206,0.9163286004056794,0.8918918918918919,0.9705882352941176,0.9295774647887324,0.8620689654875149,25,4,1,33
com_erro,mlp,lacuna,90,80,80,59,59,33,26,33,26,11,11,0,0.8813559322033898,0.8857808857808858,0.9333333333333333,0.8484848484848485,0.8888888888888888,0.9230769230414201,24,2,5,28
com_erro,mlp,lacuna,90,85,85,55,55,25,30,25,30,14,14,0,0.9818181818181818,0.98,1.0,0.96,0.9795918367346939,0.9999999999666667,30,0,1,24
com_erro,mlp,lacuna,90,90,90,52,52,25,27,26,26,13,14,1,0.9423076923076923,0.9423076923076923,1.0,0.8846153846153846,0.9387755102040817,0.9999999999615384,26,0,3,23
com_erro,mlp,lacuna,100,5,5,931,931,500,431,535,396,15,19,4,0.9763694951664876,0.978127065042953,0.9923224568138196,0.9663551401869159,0.9791666666666666,0.9898989898964902,392,4,18,517
com_erro,mlp,lacuna,100,10,10,466,466,250,216,271,195,15,16,1,0.9549356223175965,0.9612546125461254,1.0,0.922509225092251,0.9596928982725528,0.9999999999948719,195,0,21,250
com_erro,mlp,lacuna,100,15,15,311,311,166,145,178,133,15,15,0,0.9614147909967846,0.9662921348314606,1.0,0.9325842696629213,0.9651162790697675,0.9999999999924812,133,0,12,166
com_erro,mlp,lacuna,100,20,20,233,233,127,106,135,98,14,16,2,0.9399141630901288,0.9439531368102796,0.9763779527559056,0.9185185185185185,0.9465648854961832,0.969387755092149,95,3,11,124
com_erro,mlp,lacuna,100,25,25,187,187,101,86,107,80,13,16,3,0.9358288770053476,0.9344626168224299,0.9439252336448598,0.9439252336448598,0.9439252336448598,0.9249999999884374,74,6,6,101
com_erro,mlp,lacuna,100,30,30,156,156,83,73,89,67,13,13,0,0.9551282051282052,0.9569847392252222,0.9767441860465116,0.9438202247191011,0.96,0.9701492537168634,65,2,5,84
com_erro,mlp,lacuna,100,35,35,133,133,74,59,76,57,13,16,3,0.9624060150375939,0.9649122807017543,0.9863013698630136,0.9473684210526315,0.9664429530201343,0.9824561403336411,56,1,4,72
com_erro,mlp,lacuna,100,40,40,117,117,65,52,68,49,12,13,1,0.9487179487179487,0.9501800720288115,0.9696969696969697,0.9411764705882353,0.9552238805970149,0.9591836734498127,47,2,4,64
com_erro,mlp,lacuna,100,45,45,104,104,56,48,59,45,12,12,0,0.9519230769230769,0.954990583804143,0.9821428571428571,0.9322033898305084,0.9565217391304348,0.9777777777560495,44,1,4,55
com_erro,mlp,lacuna,100,50,50,94,94,50,44,57,37,12,15,3,0.9361702127659575,0.9378852536747273,0.9636363636363636,0.9298245614035088,0.9464285714285714,0.94594594592038,35,2,4,53
com_erro,mlp,lacuna,100,55,55,85,85,44,41,49,36,13,13,0,0.9529411764705882,0.9554988662131519,0.9787234042553191,0.9387755102040817,0.9583333333333334,0.9722222221952161,35,1,3,46
com_erro,mlp,lacuna,100,60,60,78,78,42,36,46,32,11,12,1,0.9230769230769231,0.9347826086956521,1.0,0.8695652173913043,0.9302325581395349,0.9999999999687501,32,0,6,40
com_erro,mlp,lacuna,100,65,65,72,72,38,34,41,31,12,13,1,0.9305555555555556,0.9350904799370574,0.9736842105263158,0.9024390243902439,0.9367088607594937,0.9677419354526535,30,1,4,37
com_erro,mlp,lacuna,100,70,70,67,67,36,31,40,27,11,13,2,0.8656716417910447,0.8634259259259259,0.8974358974358975,0.875,0.8860759493670886,0.8518518518203018,23,4,5,35
com_erro,mlp,lacuna,100,75,75,63,63,34,29,36,27,12,13,1,0.9682539682539683,0.9722222222222222,1.0,0.9444444444444444,0.9714285714285714,0.999999999962963,27,0,2,34
com_erro,mlp,lacuna,100,80,80,59,59,34,25,33,26,11,10,-1,0.864406779661017,0.8543123543123543,0.8378378378378378,0.9393939393939394,0.8857142857142857,0.7692307692011834,20,6,2,31
com_erro,mlp,lacuna,100,85,85,55,55,27,28,26,29,14,13,-1,0.9636363636363636,0.9655172413793103,0.9285714285714286,1.0,0.9629629629629629,0.931034482726516,27,2,0,26
com_erro,mlp,lacuna,100,90,90,52,52,25,27,28,24,12,13,1,0.9038461538461539,0.9077380952380952,0.96,0.8571428571428571,0.9056603773584906,0.9583333332934028,23,1,4,24
com_erro,mlp,lacuna,100,95,95,49,49,26,23,30,19,9,12,3,0.8979591836734694,0.9166666666666667,1.0,0.8333333333333334,0.9090909090909091,0.9999999999473684,19,0,5,25
com_erro,mlp,lacuna,100,100,100,47,47,27,20,29,18,10,10,0,0.8297872340425532,0.8199233716475096,0.8620689655172413,0.8620689655172413,0.8620689655172413,0.7777777777345679,14,4,4,25
com_erro,mlp,oscilacao,20,5,5,947,947,282,665,423,524,22,59,37,0.8690601900739177,0.8627691155505026,0.8923884514435696,0.8037825059101655,0.845771144278607,0.9217557251890807,483,41,83,340
com_erro,mlp,oscilacao,20,10,10,474,474,143,331,212,262,21,43,22,0.8649789029535865,0.8562581016851505,0.9111111111111111,0.7735849056603774,0.8367346938775511,0.93893129770634,246,16,48,164
com_erro,mlp,oscilacao,20,15,15,316,316,95,221,140,176,21,38,17,0.8512658227848101,0.8423701298701298,0.8842975206611571,0.7642857142857142,0.8199233716475096,0.9204545454493157,162,14,33,107
com_erro,mlp,oscilacao,20,20,20,237,237,71,166,105,132,19,27,8,0.8776371308016878,0.8696969696969697,0.9130434782608695,0.8,0.8527918781725888,0.9393939393868228,124,8,21,84
com_erro,mlp,oscilacao,30,5,5,945,945,314,631,463,482,18,55,37,0.8486772486772487,0.8474453993887958,0.8921568627450981,0.7861771058315334,0.835820895522388,0.9087136929441728,438,44,99,364
com_erro,mlp,oscilacao,30,10,10,473,473,159,314,232,241,18,41,23,0.8520084566596194,0.8507476033767348,0.900990099009901,0.7844827586206896,0.8387096774193549,0.9170124481289751,221,20,50,182
com_erro,mlp,oscilacao,30,15,15,315,315,109,206,154,161,18,34,16,0.8158730158730159,0.8150762281197064,0.8333333333333334,0.7792207792207793,0.8053691275167785,0.8509316770133483,137,24,34,120
com_erro,mlp,oscilacao,30,20,20,237,237,78,159,117,120,18,30,12,0.7974683544303798,0.7965811965811966,0.8415841584158416,0.7264957264957265,0.7798165137614679,0.8666666666594445,104,16,32,85
com_erro,mlp,oscilacao,30,25,25,189,189,62,127,94,95,18,27,9,0.8571428571428571,0.8569988801791713,0.8764044943820225,0.8297872340425532,0.8524590163934426,0.884210526306482,84,11,16,78
com_erro,mlp,oscilacao,30,30,30,158,158,55,103,77,81,18,24,6,0.810126582278481,0.8087221420554753,0.8405797101449275,0.7532467532467533,0.7945205479452054,0.8641975308535284,70,11,19,58
com_erro,mlp,oscilacao,40,5,5,943,943,344,599,497,446,18,54,36,0.8229056203605515,0.8255497108209797,0.8733031674208145,0.7766599597585513,0.8221512247071352,0.8744394618814475,390,56,111,386
com_erro,mlp,oscilacao,40,10,10,472,472,174,298,249,223,18,40,22,0.8072033898305084,0.8109478271831722,0.8726415094339622,0.7429718875502008,0.8026030368763557,0.8789237668122022,196,27,64,185
com_erro,mlp,oscilacao,40,15,15,315,315,114,201,166,149,18,28,10,0.7936507936507936,0.7970000808603541,0.8531468531468531,0.7349397590361446,0.7896440129449838,0.8590604026787984,128,21,44,122
com_erro,mlp,oscilacao,40,20,20,236,236,87,149,123,113,18,24,6,0.8347457627118644,0.8371465573062811,0.8888888888888888,0.7804878048780488,0.8311688311688312,0.8938053097266034,101,12,27,96
com_erro,mlp,oscilacao,40,25,25,189,189,69,120,102,87,16,22,6,0.7936507936507936,0.8003718728870859,0.8795180722891566,0.7156862745098039,0.7891891891891892,0.8850574712541946,77,10,29,73
com_erro,mlp,oscilacao,40,30,30,158,158,58,100,85,73,17,22,5,0.7848101265822784,0.7941982272360999,0.9047619047619048,0.6705882352941176,0.7702702702702703,0.9178082191655095,67,6,28,57
com_erro,mlp,oscilacao,40,35,35,135,135,49,86,71,64,17,21,4,0.7481481481481481,0.7520906690140845,0.8135593220338984,0.676056338028169,0.7384615384615385,0.8281249999870605,53,11,23,48
com_erro,mlp,oscilacao,40,40,40,118,118,45,73,62,56,17,24,7,0.7542372881355932,0.7600806451612903,0.851063829787234,0.6451612903225806,0.7339449541284404,0.874999999984375,49,7,22,40
com_erro,mlp,oscilacao,50,5,5,941,941,370,571,531,410,18,45,27,0.8065887353878852,0.810840108401084,0.8658280922431866,0.7777777777777778,0.8194444444444444,0.843902439022332,346,64,118,413
com_erro,mlp,oscilacao,50,10,10,471,471,187,284,266,205,18,45,27,0.802547770700637,0.8078488905189803,0.8680851063829788,0.7669172932330827,0.8143712574850299,0.8487804878007377,174,31,62,204
com_erro,mlp,oscilacao,50,15,15,314,314,123,191,177,137,16,37,21,0.7834394904458599,0.7897645263722215,0.8562091503267973,0.7401129943502824,0.793939393939394,0.8394160583880336,115,22,46,131
com_erro,mlp,oscilacao,50,20,20,236,236,93,143,134,102,17,33,16,0.7669491525423728,0.7713637693883524,0.8319327731092437,0.7388059701492538,0.782608695652174,0.8039215686195693,82,20,35,99
com_erro,mlp,oscilacao,50,25,25,189,189,73,116,109,80,16,23,7,0.7566137566137566,0.7657110091743119,0.8461538461538461,0.7064220183486238,0.77,0.8249999999896874,66,14,32,77
com_erro,mlp,oscilacao,50,30,30,157,157,62,95,89,68,16,23,7,0.7643312101910829,0.7713152676801057,0.8421052631578947,0.7191011235955056,0.7757575757575758,0.8235294117525951,56,12,25,64
com_erro,mlp,oscilacao,50,35,35,135,135,54,81,76,59,16,21,5,0.7481481481481481,0.7554638715432649,0.828125,0.6973684210526315,0.7571428571428571,0.8135593220201092,48,11,23,53
com_erro,mlp,oscilacao,50,40,40,118,118,46,72,67,51,16,19,3,0.7711864406779662,0.7821188176763243,0.8703703703703703,0.7014925373134329,0.7768595041322314,0.8627450980222992,44,7,20,47
com_erro,mlp,oscilacao,50,45,45,105,105,41,64,57,48,16,18,2,0.8,0.805921052631579,0.875,0.7368421052631579,0.8,0.8749999999817709,42,6,15,42
com_erro,mlp,oscilacao,50,50,50,95,95,37,58,53,42,16,20,4,0.7684210526315789,0.7726864330637915,0.8297872340425532,0.7358490566037735,0.78,0.8095238095045352,34,8,14,39
com_erro,mlp,oscilacao,60,5,5,939,939,392,547,564,375,16,52,36,0.8029818956336529,0.8073971631205674,0.873767258382643,0.7854609929078015,0.8272642390289449,0.8293333333311218,311,64,121,443
com_erro,mlp,oscilacao,60,10,10,470,470,198,272,283,187,16,39,23,0.8042553191489362,0.8057103985185465,0.8659003831417624,0.7985865724381626,0.8308823529411765,0.8128342245945838,152,35,57,226
com_erro,mlp,oscilacao,60,15,15,313,313,133,180,187,126,16,33,17,0.8115015974440895,0.8150623885918004,0.8764705882352941,0.7967914438502673,0.834733893557423,0.8333333333267195,105,21,38,149
com_erro,mlp,oscilacao,60,20,20,235,235,99,136,140,95,16,30,14,0.8,0.8050751879699248,0.872,0.7785714285714286,0.8226415094339623,0.8315789473596675,79,16,31,109
com_erro,mlp,oscilacao,60,25,25,188,188,78,110,112,76,15,22,7,0.8191489361702128,0.8270676691729324,0.8979591836734694,0.7857142857142857,0.8380952380952381,0.8684210526201523,66,10,24,88
com_erro,mlp,oscilacao,60,30,30,157,157,67,90,94,63,16,25,9,0.7707006369426752,0.7744849712934819,0.8452380952380952,0.7553191489361702,0.797752808988764,0.793650793638196,50,13,23,71
com_erro,mlp,oscilacao,60,35,35,135,135,56,79,81,54,15,22,7,0.7555555555555555,0.7716049382716049,0.875,0.691358024691358,0.7724137931034483,0.8518518518360769,46,8,25,56
com_erro,mlp,oscilacao,60,40,40,118,118,49,69,70,48,15,19,4,0.7627118644067796,0.7770833333333333,0.875,0.7,0.7777777777777778,0.8541666666488716,41,7,21,49
com_erro,mlp,oscilacao,60,45,45,105,105,45,60,62,43,16,19,3,0.7523809523809524,0.7725056264066017,0.8913043478260869,0.6612903225806451,0.7592592592592593,0.8837209302120066,38,5,21,41
com_erro,mlp,oscilacao,60,50,50,94,94,40,54,56,38,15,20,5,0.776595744680851,0.7828947368421053,0.8571428571428571,0.75,0.8,0.8157894736627425,31,7,14,42
com_erro,mlp,oscilacao,60,55,55,86,86,35,51,52,34,14,19,5,0.7674418604651163,0.7822398190045249,0.8809523809523809,0.7115384615384616,0.7872340425531915,0.8529411764455018,29,5,15,37
com_erro,mlp,oscilacao,60,60,60,79,79,34,45,45,34,16,16,0,0.7468354430379747,0.7669934640522875,0.9032258064516129,0.6222222222222222,0.7368421052631579,0.9117647058555364,31,3,17,28
com_erro,mlp,oscilacao,70,5,5,937,937,413,524,594,343,15,51,36,0.7705442902881536,0.7617378841868638,0.8353982300884956,0.7946127946127947,0.814495254529767,0.728862973758808,250,93,122,472
com_erro,mlp,oscilacao,70,10,10,469,469,208,261,298,171,15,44,29,0.7825159914712153,0.776521841516543,0.85,0.7986577181208053,0.8235294117647058,0.7543859649078691,129,42,60,238
com_erro,mlp,oscilacao,70,15,15,313,313,137,176,198,115,15,35,20,0.8083067092651757,0.8010979358805446,0.8631578947368421,0.8282828282828283,0.845360824742268,0.7739130434715311,89,26,34,164
com_erro,mlp,oscilacao,70,20,20,235,235,103,132,150,85,15,28,13,0.7659574468085106,0.7809803921568628,0.8861788617886179,0.7266666666666667,0.7985347985347986,0.8352941176372318,71,14,41,109
com_erro,mlp,oscilacao,70,25,25,188,188,81,107,121,67,15,25,10,0.7819148936170213,0.7906130504502282,0.8846153846153846,0.7603305785123967,0.8177777777777778,0.8208955223758075,55,12,29,92
com_erro,mlp,oscilacao,70,30,30,157,157,69,88,101,56,15,23,8,0.7834394904458599,0.7958804809052333,0.8941176470588236,0.7524752475247525,0.8172043010752689,0.8392857142707271,47,9,25,76
com_erro,mlp,oscilacao,70,35,35,134,134,58,76,82,52,15,17,2,0.753731343283582,0.7600844277673546,0.8450704225352113,0.7317073170731707,0.7843137254901961,0.7884615384463758,41,11,22,60
com_erro,mlp,oscilacao,70,40,40,118,118,52,66,75,43,13,21,8,0.7542372881355932,0.7570542635658914,0.8484848484848485,0.7466666666666667,0.7943262411347518,0.7674418604472688,33,10,19,56
com_erro,mlp,oscilacao,70,45,45,105,105,45,60,67,38,15,19,4,0.7619047619047619,0.7792615868028279,0.8888888888888888,0.7164179104477612,0.7933884297520661,0.8421052631357342,32,6,19,48
com_erro,mlp,oscilacao,70,50,50,94,94,41,53,62,32,14,19,5,0.723404255319149,0.7147177419354839,0.8214285714285714,0.7419354838709677,0.7796610169491526,0.6874999999785157,22,10,16,46
com_erro,mlp,oscilacao,70,55,55,86,86,36,50,54,32,13,14,1,0.7093023255813954,0.7494212962962963,0.9142857142857143,0.5925925925925926,0.7191011235955056,0.9062499999716798,29,3,22,32
com_erro,mlp,oscilacao,70,60,60,79,79,34,45,50,29,13,14,1,0.7974683544303798,0.8255172413793104,0.9473684210526315,0.72,0.8181818181818182,0.931034482726516,27,2,14,36
com_erro,mlp,oscilacao,70,65,65,73,73,32,41,46,27,14,17,3,0.8082191780821918,0.8248792270531401,0.9210526315789473,0.7608695652173914,0.8333333333333334,0.8888888888559671,24,3,11,35
com_erro,mlp,oscilacao,70,70,70,67,67,28,39,39,28,12,15,3,0.7313432835820896,0.739010989010989,0.8181818181818182,0.6923076923076923,0.75,0.7857142856862245,22,6,12,27
com_erro,mlp,oscilacao,80,5,5,935,935,433,502,622,313,15,41,26,0.7614973262032085,0.7524911909433651,0.8493870402802102,0.7797427652733119,0.8130762782900252,0.7252396166111015,227,86,137,485
com_erro,mlp,oscilacao,80,10,10,468,468,218,250,312,156,15,35,20,0.7670940170940171,0.7612179487179487,0.8586572438162544,0.7788461538461539,0.8168067226890756,0.7435897435849771,116,40,69,243
com_erro,mlp,oscilacao,80,15,15,312,312,144,168,206,106,15,33,18,0.7564102564102564,0.7514196739329547,0.8494623655913979,0.7669902912621359,0.8061224489795918,0.7358490565968316,78,28,48,158
com_erro,mlp,oscilacao,80,20,20,234,234,109,125,155,79,15,26,11,0.8162393162393162,0.8209473254389547,0.9057971014492754,0.8064516129032258,0.8532423208191127,0.8354430379641082,66,13,30,125
com_erro,mlp,oscilacao,80,25,25,187,187,85,102,125,62,15,26,11,0.7700534759358288,0.7629677419354839,0.8596491228070176,0.784,0.8200836820083682,0.7419354838590011,46,16,27,98
com_erro,mlp,oscilacao,80,30,30,156,156,73,83,104,52,15,23,8,0.7884615384615384,0.7980769230769231,0.898876404494382,0.7692307692307693,0.8290155440414507,0.8269230769071746,43,9,24,80
com_erro,mlp,oscilacao,80,35,35,134,134,63,71,91,43,14,19,5,0.7611940298507462,0.7383082034244826,0.8390804597701149,0.8021978021978022,0.8202247191011236,0.6744186046354786,29,14,18,73
com_erro,mlp,oscilacao,80,40,40,117,117,55,62,78,39,12,19,7,0.7435897435897436,0.7243589743589743,0.8243243243243243,0.782051282051282,0.8026315789473685,0.6666666666495727,26,13,17,61
com_erro,mlp,oscilacao,80,45,45,104,104,47,57,68,36,14,18,4,0.7596153846153846,0.7638888888888888,0.864406779661017,0.75,0.8031496062992126,0.777777777756173,28,8,17,51
com_erro,mlp,oscilacao,80,50,50,94,94,42,52,63,31,14,18,4,0.6808510638297872,0.6799795186891961,0.8113207547169812,0.6825396825396826,0.7413793103448276,0.6774193548168574,21,10,20,43
com_erro,mlp,oscilacao,80,55,55,85,85,37,48,55,30,12,16,4,0.7294117647058823,0.7606060606060606,0.9,0.6545454545454545,0.7578947368421053,0.8666666666377778,26,4,19,36
com_erro,mlp,oscilacao,80,60,60,78,78,36,42,52,26,12,13,1,0.7692307692307693,0.7980769230769231,0.925,0.7115384615384616,0.8043478260869565,0.8846153845813609,23,3,15,37
com_erro,mlp,oscilacao,80,65,65,72,72,34,38,47,25,13,18,5,0.8055555555555556,0.8229787234042554,0.9230769230769231,0.7659574468085106,0.8372093023255814,0.8799999999648,22,3,11,36
com_erro,mlp,oscilacao,80,70,70,67,67,33,34,46,21,10,13,3,0.7014925373134329,0.6532091097308489,0.782608695652174,0.782608695652174,0.782608695652174,0.5238095237845805,11,10,10,36
com_erro,mlp,oscilacao,80,75,75,63,63,28,35,41,22,13,15,2,0.6984126984126984,0.70509977827051,0.8235294117647058,0.6829268292682927,0.7466666666666667,0.7272727272396694,16,6,13,28
com_erro,mlp,oscilacao,80,80,80,59,59,27,32,41,18,9,14,5,0.711864406779661,0.7615176151761518,0.9285714285714286,0.6341463414634146,0.7536231884057971,0.8888888888395061,16,2,15,26
com_erro,mlp,oscilacao,90,5,5,933,933,453,480,650,283,15,54,39,0.7652733118971061,0.7617097037238381,0.8774080560420315,0.7707692307692308,0.8206388206388207,0.7526501766757857,213,70,149,501
com_erro,mlp,oscilacao,90,10,10,467,467,228,239,326,141,15,34,19,0.7516059957173448,0.7375668972718966,0.8571428571428571,0.7730061349693251,0.8129032258064516,0.7021276595694885,99,42,74,252
com_erro,mlp,oscilacao,90,15,15,311,311,153,158,216,95,15,28,13,0.7781350482315113,0.7695175438596491,0.8769230769230769,0.7916666666666666,0.8321167883211679,0.7473684210447645,71,24,45,171
com_erro,mlp,oscilacao,90,20,20,234,234,113,121,164,70,13,24,11,0.782051282051282,0.7912891986062718,0.9064748201438849,0.7682926829268293,0.8316831683168316,0.8142857142740816,57,13,38,126
com_erro,mlp,oscilacao,90,25,25,187,187,91,96,131,56,15,24,9,0.7647058823529411,0.7400490730643403,0.8536585365853658,0.8015267175572519,0.8267716535433071,0.6785714285593113,38,18,26,105
com_erro,mlp,oscilacao,90,30,30,156,156,77,79,109,47,14,21,7,0.7948717948717948,0.7926995900839352,0.8969072164948454,0.7981651376146789,0.8446601941747572,0.7872340425364419,37,10,22,87
com_erro,mlp,oscilacao,90,35,35,134,134,65,69,93,41,13,18,5,0.7164179104477612,0.6729609231576187,0.8021978021978022,0.7849462365591398,0.7934782608695652,0.5609756097424152,23,18,20,73
com_erro,mlp,oscilacao,90,40,40,117,117,56,61,82,35,11,19,8,0.7863247863247863,0.7984320557491289,0.9130434782608695,0.7682926829268293,0.8344370860927153,0.8285714285477552,29,6,19,63
com_erro,mlp,oscilacao,90,45,45,104,104,50,54,72,32,12,17,5,0.7692307692307693,0.7638888888888888,0.875,0.7777777777777778,0.8235294117647058,0.7499999999765626,24,8,16,56
com_erro,mlp,oscilacao,90,50,50,94,94,45,49,64,30,14,19,5,0.6702127659574468,0.6692708333333333,0.8113207547169812,0.671875,0.7350427350427351,0.6666666666444444,20,10,21,43
com_erro,mlp,oscilacao,90,55,55,85,85,38,47,59,26,12,12,0,0.7529411764705882,0.8005215123859192,0.9523809523809523,0.6779661016949152,0.7920792079207921,0.9230769230414201,24,2,19,40
com_erro,mlp,oscilacao,90,60,60,78,78,38,40,56,22,11,13,2,0.7564102564102564,0.8027597402597402,0.9512195121951219,0.6964285714285714,0.8041237113402062,0.9090909090495868,20,2,17,39
com_erro,mlp,oscilacao,90,65,65,72,72,35,37,49,23,12,18,6,0.7916666666666666,0.823868677905945,0.9473684210526315,0.7346938775510204,0.8275862068965517,0.913043478221172,21,2,13,36
com_erro,mlp,oscilacao,90,70,70,67,67,34,33,48,19,9,14,5,0.6865671641791045,0.638157894736842,0.8,0.75,0.7741935483870968,0.5263157894459833,10,9,12,36
com_erro,mlp,oscilacao,90,75,75,63,63,30,33,43,20,12,13,1,0.8095238095238095,0.8337209302325581,0.9428571428571428,0.7674418604651163,0.8461538461538461,0.899999999955,18,2,10,33
com_erro,mlp,oscilacao,90,80,80,59,59,28,31,43,16,9,13,4,0.6440677966101694,0.7361918604651163,0.9583333333333334,0.5348837209302325,0.6865671641791045,0.9374999999414062,15,1,20,23
com_erro,mlp,oscilacao,90,85,85,55,55,27,28,39,16,10,13,3,0.7818181818181819,0.8092948717948718,0.9354838709677419,0.7435897435897436,0.8285714285714286,0.8749999999453125,14,2,10,29
com_erro,mlp,oscilacao,90,90,90,52,52,26,26,35,17,12,14,2,0.7884615384615384,0.7823529411764706,0.875,0.8,0.835820895522388,0.7647058823079584,13,4,7,28
com_erro,mlp,oscilacao,100,5,5,931,931,473,458,678,253,14,46,32,0.8184747583243824,0.813427658656593,0.9178981937602627,0.8244837758112095,0.8686868686868687,0.8023715414988049,203,50,119,559
com_erro,mlp,oscilacao,100,10,10,466,466,238,228,340,126,13,30,17,0.8004291845493562,0.780812324929972,0.8945686900958466,0.8235294117647058,0.8575803981623277,0.7380952380893802,93,33,60,280
com_erro,mlp,oscilacao,100,15,15,311,311,157,154,226,85,14,28,14,0.7813504823151125,0.7908381051535658,0.9157894736842105,0.7699115044247787,0.8365384615384616,0.8117647058728027,69,16,52,174
com_erro,mlp,oscilacao,100,20,20,233,233,119,114,169,64,12,24,12,0.8111587982832618,0.8261372041420119,0.9370629370629371,0.7928994082840237,0.8589743589743589,0.8593749999865722,55,9,35,134
com_erro,mlp,oscilacao,100,25,25,187,187,94,93,138,49,12,22,10,0.786096256684492,0.8155871044069802,0.9454545454545454,0.7536231884057971,0.8387096774193549,0.8775510203902541,43,6,34,104
com_erro,mlp,oscilacao,100,30,30,156,156,79,77,115,41,11,24,13,0.7435897435897436,0.7554612937433722,0.9032258064516129,0.7304347826086957,0.8076923076923077,0.7804878048590126,32,9,31,84
com_erro,mlp,oscilacao,100,35,35,133,133,66,67,94,39,12,20,8,0.7593984962406015,0.7847790507364976,0.918918918918919,0.723404255319149,0.8095238095238095,0.84615384613215,33,6,26,68
com_erro,mlp,oscilacao,100,40,40,117,117,59,58,84,33,11,17,6,0.7948717948717948,0.8111471861471862,0.9285714285714286,0.7738095238095238,0.8441558441558441,0.848484848459137,28,5,19,65
com_erro,mlp,oscilacao,100,45,45,104,104,53,51,74,30,11,16,5,0.7884615384615384,0.781981981981982,0.8939393939393939,0.7972972972972973,0.8428571428571429,0.7666666666411112,23,7,15,59
com_erro,mlp,oscilacao,100,50,50,94,94,47,47,68,26,12,19,7,0.7021276595744681,0.746606334841629,0.9166666666666666,0.6470588235294118,0.7586206896551724,0.8461538461213017,22,4,24,44
com_erro,mlp,oscilacao,100,55,55,85,85,41,44,63,22,10,15,5,0.7529411764705882,0.7741702741702742,0.92,0.7301587301587301,0.8141592920353983,0.8181818181446281,18,4,17,46
com_erro,mlp,oscilacao,100,60,60,78,78,40,38,58,20,10,14,4,0.7948717948717948,0.8456896551724138,0.9772727272727273,0.7413793103448276,0.8431372549019608,0.9499999999525,19,1,15,43
com_erro,mlp,oscilacao,100,65,65,72,72,37,35,54,18,9,12,3,0.8055555555555556,0.8518518518518519,0.9761904761904762,0.7592592592592593,0.8541666666666666,0.9444444443919753,17,1,13,41
com_erro,mlp,oscilacao,100,70,70,67,67,35,32,49,18,9,12,3,0.6865671641791045,0.6802721088435374,0.85,0.6938775510204082,0.7640449438202247,0.6666666666296296,12,6,15,34
com_erro,mlp,oscilacao,100,75,75,63,63,31,32,46,17,9,12,3,0.7777777777777778,0.8292838874680306,0.9705882352941176,0.717391304347826,0.825,0.941176470532872,16,1,13,33
com_erro,mlp,oscilacao,100,80,80,59,59,30,29,44,15,8,12,4,0.7288135593220338,0.7742424242424242,0.9375,0.6818181818181818,0.7894736842105263,0.8666666666088889,13,2,14,30
com_erro,mlp,oscilacao,100,85,85,55,55,28,27,39,16,10,11,1,0.7090909090909091,0.7395833333333333,0.896551724137931,0.6666666666666666,0.7647058823529411,0.8124999999492187,13,3,13,26
com_erro,mlp,oscilacao,100,90,90,52,52,28,24,36,16,11,10,-1,0.7884615384615384,0.7777777777777778,0.8787878787878788,0.8055555555555556,0.8405797101449275,0.749999999953125,12,4,7,29
com_erro,mlp,oscilacao,100,95,95,49,49,23,26,34,15,9,11,2,0.6122448979591837,0.6274509803921569,0.8,0.5882352941176471,0.6779661016949152,0.6666666666222222,10,5,14,20
com_erro,mlp,oscilacao,100,100,100,47,47,23,24,34,13,8,10,2,0.6595744680851063,0.6934389140271493,0.875,0.6176470588235294,0.7241379310344828,0.7692307691715976,10,3,13,21
com_erro,mlp,queda,20,5,5,947,947,219,728,175,772,17,33,16,0.9345300950369588,0.8979792746113989,0.8121546961325967,0.84,0.8258426966292135,0.9559585492215597,738,34,28,147
com_erro,mlp,queda,20,10,10,474,474,112,362,88,386,17,23,6,0.9345991561181435,0.8808878944889307,0.8433734939759037,0.7954545454545454,0.8187134502923976,0.9663212435208126,373,13,18,70
com_erro,mlp,queda,20,15,15,316,316,73,243,59,257,15,26,11,0.9208860759493671,0.879542306931346,0.7741935483870968,0.8135593220338984,0.7933884297520661,0.9455252918251147,243,14,11,48
com_erro,mlp,queda,20,20,20,237,237,59,178,45,192,16,23,7,0.9324894514767933,0.8902777777777777,0.8222222222222222,0.8222222222222222,0.8222222222222222,0.958333333328342,184,8,8,37
com_erro,mlp,queda,30,5,5,945,945,257,688,207,738,16,59,43,0.8846560846560847,0.8913927182750088,0.677536231884058,0.9033816425120773,0.7743271221532091,0.8794037940367488,649,89,20,187
com_erro,mlp,queda,30,10,10,473,473,131,342,104,369,16,32,16,0.9154334038054969,0.8836512403585575,0.7962962962962963,0.8269230769230769,0.8113207547169812,0.9403794037914895,347,22,18,86
com_erro,mlp,queda,30,15,15,315,315,86,229,67,248,15,28,13,0.9174603174603174,0.8985616273471353,0.7733333333333333,0.8656716417910447,0.8169014084507042,0.93145161289947,231,17,9,58
com_erro,mlp,queda,30,20,20,237,237,66,171,53,184,15,22,7,0.9029535864978903,0.8636177194421657,0.7777777777777778,0.7924528301886793,0.7850467289719626,0.9347826086905718,172,12,11,42
com_erro,mlp,queda,30,25,25,189,189,53,136,41,148,14,25,11,0.8783068783068783,0.8782135794330916,0.6666666666666666,0.8780487804878049,0.7578947368421053,0.8783783783724435,130,18,5,36
com_erro,mlp,queda,30,30,30,158,158,42,116,35,123,15,22,7,0.8987341772151899,0.8634146341463416,0.7567567567567568,0.8,0.7777777777777778,0.9268292682851477,114,9,7,28
com_erro,mlp,queda,40,5,5,943,943,292,651,237,706,16,34,18,0.9141039236479321,0.8879764764944239,0.825,0.8354430379746836,0.8301886792452831,0.9405099150128321,664,42,39,198
com_erro,mlp,queda,40,10,10,472,472,148,324,119,353,15,27,12,0.9067796610169492,0.8764015521222653,0.8151260504201681,0.8151260504201681,0.8151260504201681,0.9376770538217063,331,22,22,97
com_erro,mlp,queda,40,15,15,315,315,96,219,82,233,15,23,8,0.9047619047619048,0.8684444677064797,0.8333333333333334,0.7926829268292683,0.8125,0.9442060085796387,220,13,17,65
com_erro,mlp,queda,40,20,20,236,236,76,160,61,175,14,21,7,0.885593220338983,0.8481030444964871,0.7833333333333333,0.7704918032786885,0.7768595041322314,0.9257142857089959,162,13,14,47
com_erro,mlp,queda,40,25,25,189,189,59,130,48,141,14,19,5,0.8783068783068783,0.8291223404255319,0.7777777777777778,0.7291666666666666,0.7526881720430108,0.929078014177808,131,10,13,35
com_erro,mlp,queda,40,30,30,158,158,49,109,42,116,15,19,4,0.879746835443038,0.8497536945812808,0.7674418604651163,0.7857142857142857,0.7764705882352941,0.9137931034403983,106,10,9,33
com_erro,mlp,queda,40,35,35,135,135,42,93,33,102,14,17,3,0.9259259259259259,0.909982174688057,0.8285714285714286,0.8787878787878788,0.8529411764705882,0.941176470579008,96,6,4,29
com_erro,mlp,queda,40,40,40,118,118,38,80,29,89,14,18,4,0.9067796610169492,0.8917086400619915,0.78125,0.8620689655172413,0.819672131147541,0.9213483145963893,82,7,4,25
com_erro,mlp,queda,50,5,5,941,941,324,617,266,675,15,34,19,0.9075451647183846,0.8854413812308549,0.8377358490566038,0.8345864661654135,0.8361581920903954,0.9362962962949092,632,43,44,222
com_erro,mlp,queda,50,10,10,471,471,164,307,133,338,15,26,11,0.9065817409766455,0.8824687458290696,0.8396946564885496,0.8270676691729323,0.8333333333333334,0.9378698224824323,317,21,23,110
com_erro,mlp,queda,50,15,15,314,314,107,207,89,225,14,24,10,0.8853503184713376,0.8622721598002496,0.7912087912087912,0.8089887640449438,0.8,0.9155555555514865,206,19,17,72
com_erro,mlp,queda,50,20,20,236,236,82,154,67,169,15,22,7,0.8813559322033898,0.8450940563454914,0.8095238095238095,0.7611940298507462,0.7846153846153846,0.9289940828347397,157,12,16,51
com_erro,mlp,queda,50,25,25,189,189,65,124,53,136,15,23,8,0.8571428571428571,0.8374028856825749,0.7241379310344828,0.7924528301886793,0.7567567567567568,0.8823529411699828,120,16,11,42
com_erro,mlp,queda,50,30,30,157,157,53,104,44,113,14,19,5,0.8598726114649682,0.8193885760257442,0.7619047619047619,0.7272727272727273,0.7441860465116279,0.9115044247706946,103,10,12,32
com_erro,mlp,queda,50,35,35,135,135,48,87,39,96,14,18,4,0.8888888888888888,0.8685897435897436,0.8,0.8205128205128205,0.810126582278481,0.916666666657118,88,8,7,32
com_erro,mlp,queda,50,40,40,118,118,41,77,33,85,14,19,5,0.864406779661017,0.8409982174688058,0.7428571428571429,0.7878787878787878,0.7647058823529411,0.8941176470483044,76,9,7,26
com_erro,mlp,queda,50,45,45,105,105,33,72,31,74,14,16,2,0.8,0.7268962510897994,0.7083333333333334,0.5483870967741935,0.6181818181818182,0.9054054053931702,67,7,14,17
com_erro,mlp,queda,50,50,50,95,95,34,61,27,68,15,14,-1,0.8421052631578947,0.7892156862745098,0.75,0.6666666666666666,0.7058823529411765,0.9117647058689445,62,6,9,18
com_erro,mlp,queda,60,5,5,939,939,356,583,292,647,15,37,22,0.8881789137380192,0.8756378226165019,0.8065573770491803,0.8424657534246576,0.8241206030150754,0.9088098918069416,588,59,46,246
com_erro,mlp,queda,60,10,10,470,470,180,290,146,324,15,29,14,0.8914893617021277,0.8742601048537122,0.8231292517006803,0.8287671232876712,0.825938566552901,0.9197530864169143,298,26,25,121
com_erro,mlp,queda,60,15,15,313,313,118,195,96,217,14,26,12,0.8945686900958466,0.8833045314900154,0.8118811881188119,0.8541666666666666,0.8324873096446701,0.9124423963091592,198,19,14,82
com_erro,mlp,queda,60,20,20,235,235,92,143,75,160,14,24,10,0.8851063829787233,0.8589583333333333,0.8428571428571429,0.7866666666666666,0.8137931034482758,0.9312499999941798,149,11,16,59
com_erro,mlp,queda,60,25,25,188,188,75,113,57,131,14,25,11,0.824468085106383,0.814584170349538,0.6818181818181818,0.7894736842105263,0.7317073170731707,0.8396946564821398,110,21,12,45
com_erro,mlp,queda,60,30,30,157,157,58,99,50,107,14,17,3,0.8789808917197452,0.8419626168224299,0.8604651162790697,0.74,0.7956989247311828,0.9439252336360381,101,6,13,37
com_erro,mlp,queda,60,35,35,135,135,52,83,45,90,15,21,6,0.8148148148148148,0.7833333333333333,0.7380952380952381,0.6888888888888889,0.7126436781609196,0.8777777777680247,79,11,14,31
com_erro,mlp,queda,60,40,40,118,118,45,73,37,81,14,20,6,0.864406779661017,0.8425091758425092,0.7837837837837838,0.7837837837837838,0.7837837837837838,0.9012345678901081,73,8,8,29
com_erro,mlp,queda,60,45,45,105,105,41,64,32,73,14,21,7,0.8380952380952381,0.8221318493150684,0.7142857142857143,0.78125,0.746268656716418,0.8630136986183148,63,10,7,25
com_erro,mlp,queda,60,50,50,94,94,38,56,28,66,14,16,2,0.8297872340425532,0.7965367965367965,0.7142857142857143,0.7142857142857143,0.7142857142857143,0.8787878787745638,58,8,8,20
com_erro,mlp,queda,60,55,55,86,86,32,54,25,61,14,20,6,0.7790697674418605,0.7616393442622951,0.6,0.72,0.6545454545454545,0.8032786885114217,49,12,7,18
com_erro,mlp,queda,60,60,60,79,79,30,49,26,53,13,16,3,0.8607594936708861,0.8276487663280117,0.8260869565217391,0.7307692307692307,0.7755102040816326,0.9245283018693485,49,4,7,19
com_erro,mlp,queda,70,5,5,937,937,386,551,318,619,15,48,33,0.8868729989327642,0.8830305524227553,0.8099415204678363,0.8710691823899371,0.8393939393939394,0.8949919224541276,554,65,41,277
com_erro,mlp,queda,70,10,10,469,469,195,274,159,310,15,33,18,0.8763326226012793,0.8758165956583486,0.7853107344632768,0.8742138364779874,0.8273809523809523,0.8774193548358793,272,38,20,139
com_erro,mlp,queda,70,15,15,313,313,128,185,109,204,15,25,10,0.8785942492012779,0.872683935959705,0.808695652173913,0.8532110091743119,0.8303571428571429,0.8921568627407248,182,22,16,93
com_erro,mlp,queda,70,20,20,235,235,97,138,80,155,15,25,10,0.8808510638297873,0.8673387096774193,0.825,0.825,0.825,0.9096774193489698,141,14,14,66
com_erro,mlp,queda,70,25,25,188,188,77,111,64,124,14,29,15,0.7978723404255319,0.7976310483870968,0.6710526315789473,0.796875,0.7285714285714285,0.7983870967677549,99,25,13,51
com_erro,mlp,queda,70,30,30,157,157,65,92,56,101,15,26,11,0.802547770700637,0.7908415841584158,0.711864406779661,0.75,0.7304347826086957,0.8316831683085971,84,17,14,42
com_erro,mlp,queda,70,35,35,134,134,56,78,46,88,14,24,10,0.7985074626865671,0.8154644268774703,0.6557377049180327,0.8695652173913043,0.7476635514018691,0.7613636363549845,67,21,6,40
com_erro,mlp,queda,70,40,40,118,118,48,70,39,79,15,19,4,0.8559322033898306,0.8404738721194417,0.775,0.7948717948717948,0.7848101265822784,0.8860759493558724,70,9,8,31
com_erro,mlp,queda,70,45,45,105,105,43,62,36,69,15,20,5,0.8761904761904762,0.8659420289855073,0.8108108108108109,0.8333333333333334,0.821917808219178,0.8985507246246587,62,7,6,30
com_erro,mlp,queda,70,50,50,94,94,38,56,33,61,13,18,5,0.8297872340425532,0.8132141082960755,0.7575757575757576,0.7575757575757576,0.7575757575757576,0.86885245900215,53,8,8,25
com_erro,mlp,queda,70,55,55,86,86,36,50,27,59,14,19,5,0.8023255813953488,0.795668549905838,0.65625,0.7777777777777778,0.711864406779661,0.8135593220201092,48,11,6,21
com_erro,mlp,queda,70,60,60,79,79,33,46,28,51,14,17,3,0.8354430379746836,0.8161764705882353,0.7777777777777778,0.75,0.7636363636363637,0.8823529411591696,45,6,7,21
com_erro,mlp,queda,70,65,65,73,73,30,43,25,48,14,19,5,0.8082191780821918,0.7966666666666666,0.7037037037037037,0.76,0.7307692307692307,0.8333333333159723,40,8,6,19
com_erro,mlp,queda,70,70,70,67,67,27,40,21,46,13,15,2,0.8507462686567164,0.8524844720496894,0.72,0.8571428571428571,0.782608695652174,0.8478260869380908,39,7,3,18
com_erro,mlp,queda,80,5,5,935,935,414,521,344,591,15,55,40,0.8481283422459893,0.8440242198874592,0.7744565217391305,0.8284883720930233,0.800561797752809,0.8595600676804407,508,83,59,285
com_erro,mlp,queda,80,10,10,468,468,208,260,172,296,15,32,17,0.8611111111111112,0.8585402262727844,0.7891891891891892,0.8488372093023255,0.8179271708683473,0.86824324324031,257,39,26,146
com_erro,mlp,queda,80,15,15,312,312,138,174,115,197,14,26,12,0.8621794871794872,0.8619068638269698,0.7857142857142857,0.8608695652173913,0.8215767634854771,0.8629441624321679,170,27,16,99
com_erro,mlp,queda,80,20,20,234,234,106,128,88,146,14,27,13,0.8076923076923077,0.800747198007472,0.7311827956989247,0.7727272727272727,0.7513812154696132,0.8287671232819948,121,25,20,68
com_erro,mlp,queda,80,25,25,187,187,82,105,68,119,14,23,9,0.8021390374331551,0.7941176470588235,0.7123287671232876,0.7647058823529411,0.7375886524822695,0.8235294117577855,98,21,16,52
com_erro,mlp,queda,80,30,30,156,156,68,88,57,99,14,24,10,0.7884615384615384,0.777511961722488,0.7,0.7368421052631579,0.717948717948718,0.8181818181735537,81,18,15,42
com_erro,mlp,queda,80,35,35,134,134,60,74,48,86,13,20,7,0.8582089552238806,0.8619186046511628,0.7636363636363637,0.875,0.8155339805825242,0.8488372092924553,73,13,6,42
com_erro,mlp,queda,80,40,40,117,117,54,63,43,74,13,22,9,0.7863247863247863,0.7823695788812068,0.6875,0.7674418604651163,0.7252747252747253,0.797297297286523,59,15,10,33
com_erro,mlp,queda,80,45,45,104,104,44,60,38,66,14,17,3,0.8269230769230769,0.8022328548644337,0.7941176470588235,0.7105263157894737,0.75,0.8939393939258493,59,7,11,27
com_erro,mlp,queda,80,50,50,94,94,41,53,35,59,13,16,3,0.7872340425531915,0.7665859564164649,0.7272727272727273,0.6857142857142857,0.7058823529411765,0.8474576271042804,50,9,11,24
com_erro,mlp,queda,80,55,55,85,85,40,45,32,53,12,19,7,0.8117647058823529,0.7995283018867925,0.75,0.75,0.75,0.849056603757565,45,8,8,24
com_erro,mlp,queda,80,60,60,78,78,35,43,28,50,13,14,1,0.7692307692307693,0.7492857142857143,0.6785714285714286,0.6785714285714286,0.6785714285714286,0.8199999999836001,41,9,9,19
com_erro,mlp,queda,80,65,65,72,72,31,41,27,45,13,17,4,0.75,0.7333333333333334,0.6666666666666666,0.6666666666666666,0.6666666666666666,0.7999999999822223,36,9,9,18
com_erro,mlp,queda,80,70,70,67,67,28,39,22,45,13,17,4,0.8955223880597015,0.898989898989899,0.8,0.9090909090909091,0.851063829787234,0.8888888888691359,40,5,2,20
com_erro,mlp,queda,80,75,75,63,63,30,33,26,37,12,13,1,0.6984126984126984,0.6917879417879418,0.6296296296296297,0.6538461538461539,0.6415094339622641,0.7297297297100074,27,10,9,17
com_erro,mlp,queda,80,80,80,59,59,27,32,20,39,13,13,0,0.711864406779661,0.6967948717948718,0.5652173913043478,0.65,0.6046511627906976,0.7435897435706772,29,10,7,13
com_erro,mlp,queda,90,5,5,933,933,438,495,370,563,15,54,39,0.8392282958199357,0.8431592338341893,0.7631578947368421,0.8621621621621621,0.8096446700507615,0.8241563055047528,464,99,51,319
com_erro,mlp,queda,90,10,10,467,467,220,247,185,282,15,33,18,0.815845824411135,0.8242764040636381,0.7239819004524887,0.8648648648648649,0.7881773399014779,0.7836879432596323,221,61,25,160
com_erro,mlp,queda,90,15,15,311,311,146,165,122,189,14,27,13,0.8263665594855305,0.829538554948391,0.7463768115942029,0.8442622950819673,0.7923076923076923,0.8148148148105037,154,35,19,103
com_erro,mlp,queda,90,20,20,234,234,110,124,93,141,15,27,12,0.8333333333333334,0.8397391901166781,0.75,0.8709677419354839,0.8059701492537313,0.8085106382921383,114,27,12,81
com_erro,mlp,queda,90,25,25,187,187,88,99,75,112,13,26,13,0.7647058823529411,0.7727380952380952,0.6703296703296703,0.8133333333333334,0.7349397590361446,0.7321428571363201,82,30,14,61
com_erro,mlp,queda,90,30,30,156,156,72,84,63,93,13,23,10,0.782051282051282,0.7813620071684588,0.7101449275362319,0.7777777777777778,0.7424242424242424,0.7849462365506995,73,20,14,49
com_erro,mlp,queda,90,35,35,134,134,63,71,53,81,13,23,10,0.7835820895522388,0.7785930584672723,0.7142857142857143,0.7547169811320755,0.7339449541284404,0.8024691357925621,65,16,13,40
com_erro,mlp,queda,90,40,40,117,117,55,62,46,71,13,18,5,0.8290598290598291,0.8361910593998776,0.7407407407407407,0.8695652173913043,0.8,0.8028169013971433,57,14,6,40
com_erro,mlp,queda,90,45,45,104,104,47,57,42,62,13,15,2,0.7211538461538461,0.7085253456221199,0.6585365853658537,0.6428571428571429,0.6506024096385542,0.7741935483746099,48,14,15,27
com_erro,mlp,queda,90,50,50,94,94,43,51,36,58,13,17,4,0.7659574468085106,0.7629310344827587,0.675,0.75,0.7105263157894737,0.7758620689521404,45,13,9,27
com_erro,mlp,queda,90,55,55,85,85,40,45,34,51,12,22,10,0.7176470588235294,0.7156862745098039,0.631578947368421,0.7058823529411765,0.6666666666666666,0.7254901960642062,37,14,10,24
com_erro,mlp,queda,90,60,60,78,78,36,42,30,48,13,16,3,0.7435897435897436,0.7291666666666666,0.6666666666666666,0.6666666666666666,0.6666666666666666,0.7916666666501737,38,10,10,20
com_erro,mlp,queda,90,65,65,72,72,33,39,28,44,12,16,4,0.6944444444444444,0.7045454545454546,0.5833333333333334,0.75,0.65625,0.6590909090759298,29,15,7,21
com_erro,mlp,queda,90,70,70,67,67,31,36,26,41,12,15,3,0.7761194029850746,0.7748592870544091,0.6896551724137931,0.7692307692307693,0.7272727272727273,0.7804878048590126,32,9,6,20
com_erro,mlp,queda,90,75,75,63,63,32,31,27,36,12,16,4,0.6507936507936508,0.6481481481481481,0.5862068965517241,0.6296296296296297,0.6071428571428571,0.6666666666481482,24,12,10,17
com_erro,mlp,queda,90,80,80,59,59,27,32,22,37,13,11,-2,0.7457627118644068,0.742014742014742,0.64,0.7272727272727273,0.6808510638297872,0.7567567567363039,28,9,6,16
com_erro,mlp,queda,90,85,85,55,55,27,28,26,29,10,14,4,0.7272727272727273,0.7294429708222812,0.6896551724137931,0.7692307692307693,0.7272727272727273,0.6896551723900118,20,9,6,20
com_erro,mlp,queda,90,90,90,52,52,25,27,22,30,11,14,3,0.6730769230769231,0.656060606060606,0.631578947368421,0.5454545454545454,0.5853658536585366,0.7666666666411112,23,7,10,12
com_erro,mlp,queda,100,5,5,931,931,462,469,396,535,15,49,34,0.7937701396348013,0.8031742660247333,0.7116182572614108,0.8661616161616161,0.7813211845102506,0.7401869158864669,396,139,53,343
com_erro,mlp,queda,100,10,10,466,466,232,234,198,268,15,32,17,0.7939914163090128,0.8024272576511382,0.7142857142857143,0.8585858585858586,0.7798165137614679,0.7462686567136334,200,68,28,170
com_erro,mlp,queda,100,15,15,311,311,154,157,135,176,14,25,11,0.797427652733119,0.8054924242424242,0.7222222222222222,0.8666666666666667,0.7878787878787878,0.7443181818139528,131,45,18,117
com_erro,mlp,queda,100,20,20,233,233,118,115,101,132,13,26,13,0.7081545064377682,0.7168466846684669,0.632,0.7821782178217822,0.6991150442477876,0.6515151515102159,86,46,22,79
com_erro,mlp,queda,100,25,25,187,187,93,94,79,108,14,24,10,0.7486631016042781,0.7603141115799343,0.66,0.8354430379746836,0.7374301675977654,0.6851851851788409,74,34,13,66
com_erro,mlp,queda,100,30,30,156,156,78,78,69,87,13,22,9,0.7756410256410257,0.7763618190904548,0.7297297297297297,0.782608695652174,0.7552447552447552,0.7701149425198837,67,20,15,54
com_erro,mlp,queda,100,35,35,133,133,66,67,57,76,12,21,9,0.7819548872180451,0.7807017543859649,0.7333333333333333,0.7719298245614035,0.7521367521367521,0.7894736842001384,60,16,13,44
com_erro,mlp,queda,100,40,40,117,117,58,59,50,67,13,19,6,0.7264957264957265,0.7358208955223882,0.6451612903225806,0.8,0.7142857142857143,0.6716417910347516,45,22,10,40
com_erro,mlp,queda,100,45,45,104,104,51,53,45,59,13,18,5,0.7211538461538461,0.7173258003766478,0.6739130434782609,0.6888888888888889,0.6813186813186813,0.7457627118517668,44,15,14,31
com_erro,mlp,queda,100,50,50,94,94,47,47,40,54,14,17,3,0.7021276595744681,0.7083333333333333,0.625,0.75,0.6818181818181818,0.6666666666543211,36,18,10,30
com_erro,mlp,queda,100,55,55,85,85,45,40,37,48,10,19,9,0.7294117647058823,0.7387387387387387,0.6521739130434783,0.8108108108108109,0.7228915662650602,0.6666666666527779,32,16,7,30
com_erro,mlp,queda,100,60,60,78,78,40,38,34,44,12,16,4,0.7564102564102564,0.7573529411764706,0.7027027027027027,0.7647058823529411,0.7323943661971831,0.7499999999829546,33,11,8,26
com_erro,mlp,queda,100,65,65,72,72,35,37,29,43,12,17,5,0.75,0.7514033680834001,0.6666666666666666,0.7586206896551724,0.7096774193548387,0.7441860464943213,32,11,7,22
com_erro,mlp,queda,100,70,70,67,67,34,33,28,39,11,13,2,0.7761194029850746,0.7825091575091575,0.696969696969697,0.8214285714285714,0.7540983606557377,0.7435897435706772,29,10,5,23
com_erro,mlp,queda,100,75,75,63,63,34,29,29,34,13,14,1,0.6984126984126984,0.6977687626774849,0.6666666666666666,0.6896551724137931,0.6779661016949152,0.7058823529204153,24,10,9,20
com_erro,mlp,queda,100,80,80,59,59,28,31,23,36,12,11,-1,0.6949152542372882,0.7028985507246377,0.5862068965517241,0.7391304347826086,0.6538461538461539,0.6666666666481482,24,12,6,17
com_erro,mlp,queda,100,85,85,55,55,27,28,26,29,10,10,0,0.7818181818181819,0.7851458885941645,0.7333333333333333,0.8461538461538461,0.7857142857142857,0.7241379310095125,21,8,4,22
com_erro,mlp,queda,100,90,90,52,52,28,24,24,28,11,11,0,0.7307692307692307,0.7321428571428572,0.6923076923076923,0.75,0.72,0.714285714260204,20,8,6,18
com_erro,mlp,queda,100,95,95,49,49,25,24,19,30,12,12,0,0.7142857142857143,0.7087719298245614,0.6190476190476191,0.6842105263157895,0.65,0.7333333333088888,22,8,6,13
com_erro,mlp,queda,100,100,100,47,47,25,22,20,27,11,14,3,0.723404255319149,0.7333333333333334,0.64,0.8,0.7111111111111111,0.6666666666419753,18,9,4,16
com_erro,random_forest,lacuna,20,5,5,947,947,261,686,251,696,23,23,0,1.0,1.0,1.0,1.0,1.0,0.9999999999985633,696,0,0,251
com_erro,random_forest,lacuna,20,10,10,474,474,131,343,129,345,23,23,0,1.0,1.0,1.0,1.0,1.0,0.9999999999971014,345,0,0,129
com_erro,random_forest,lacuna,20,15,15,316,316,83,233,83,233,23,23,0,0.9968354430379747,0.9939759036144578,1.0,0.9879518072289156,0.9939393939393939,0.9999999999957082,233,0,1,82
com_erro,random_forest,lacuna,20,20,20,237,237,67,170,62,175,22,22,0,1.0,1.0,1.0,1.0,1.0,0.9999999999942858,175,0,0,62
com_erro,random_forest,lacuna,30,5,5,945,945,303,642,295,650,22,22,0,1.0,1.0,1.0,1.0,1.0,0.9999999999984616,650,0,0,295
com_erro,random_forest,lacuna,30,10,10,473,473,152,321,151,322,22,22,0,1.0,1.0,1.0,1.0,1.0,0.9999999999968945,322,0,0,151
com_erro,random_forest,lacuna,30,15,15,315,315,100,215,99,216,21,21,0,0.9968253968253968,0.994949494949495,1.0,0.98989898989899,0.9949238578680203,0.9999999999953704,216,0,1,98
com_erro,random_forest,lacuna,30,20,20,237,237,75,162,75,162,22,22,0,1.0,1.0,1.0,1.0,1.0,0.9999999999938273,162,0,0,75
com_erro,random_forest,lacuna,30,25,25,189,189,60,129,57,132,20,20,0,0.9947089947089947,0.9912280701754386,1.0,0.9824561403508771,0.9911504424778761,0.9999999999924243,132,0,1,56
com_erro,random_forest,lacuna,30,30,30,158,158,49,109,49,109,20,20,0,1.0,1.0,1.0,1.0,1.0,0.9999999999908257,109,0,0,49
com_erro,random_forest,lacuna,40,5,5,943,943,344,599,337,606,21,21,0,1.0,1.0,1.0,1.0,1.0,0.9999999999983499,606,0,0,337
com_erro,random_forest,lacuna,40,10,10,472,472,172,300,172,300,21,21,0,0.9957627118644068,0.9941860465116279,1.0,0.9883720930232558,0.9941520467836257,0.9999999999966667,300,0,2,170
com_erro,random_forest,lacuna,40,15,15,315,315,113,202,112,203,20,20,0,0.9904761904761905,0.9866071428571428,1.0,0.9732142857142857,0.9864253393665159,0.9999999999950739,203,0,3,109
com_erro,random_forest,lacuna,40,20,20,236,236,88,148,84,152,19,19,0,1.0,1.0,1.0,1.0,1.0,0.9999999999934212,152,0,0,84
com_erro,random_forest,lacuna,40,25,25,189,189,72,117,68,121,19,19,0,0.9894179894179894,0.9852941176470589,1.0,0.9705882352941176,0.9850746268656716,0.9999999999917355,121,0,2,66
com_erro,random_forest,lacuna,40,30,30,158,158,54,104,55,103,20,20,0,0.9936708860759493,0.990909090909091,1.0,0.9818181818181818,0.9908256880733946,0.9999999999902912,103,0,1,54
com_erro,random_forest,lacuna,40,35,35,135,135,50,85,49,86,17,17,0,0.9851851851851852,0.9795918367346939,1.0,0.9591836734693877,0.9791666666666666,0.9999999999883721,86,0,2,47
com_erro,random_forest,lacuna,40,40,40,118,118,43,75,42,76,18,18,0,1.0,1.0,1.0,1.0,1.0,0.9999999999868421,76,0,0,42
com_erro,random_forest,lacuna,50,5,5,941,941,377,564,376,565,19,19,0,1.0,1.0,1.0,1.0,1.0,0.9999999999982301,565,0,0,376
com_erro,random_forest,lacuna,50,10,10,471,471,189,282,192,279,19,19,0,0.9957537154989384,0.9947916666666667,1.0,0.9895833333333334,0.9947643979057592,0.9999999999964158,279,0,2,190
com_erro,random_forest,lacuna,50,15,15,314,314,123,191,126,188,19,19,0,0.9968152866242038,0.996031746031746,1.0,0.9920634920634921,0.9960159362549801,0.9999999999946809,188,0,1,125
com_erro,random_forest,lacuna,50,20,20,236,236,95,141,96,140,18,18,0,1.0,1.0,1.0,1.0,1.0,0.9999999999928573,140,0,0,96
com_erro,random_forest,lacuna,50,25,25,189,189,75,114,74,115,19,19,0,0.9894179894179894,0.9864864864864865,1.0,0.972972972972973,0.9863013698630136,0.9999999999913043,115,0,2,72
com_erro,random_forest,lacuna,50,30,30,157,157,61,96,63,94,18,18,0,1.0,1.0,1.0,1.0,1.0,0.9999999999893616,94,0,0,63
com_erro,random_forest,lacuna,50,35,35,135,135,55,80,57,78,15,16,1,0.9925925925925926,0.9912280701754386,1.0,0.9824561403508771,0.9911504424778761,0.9999999999871795,78,0,1,56
com_erro,random_forest,lacuna,50,40,40,118,118,48,70,49,69,16,16,0,1.0,1.0,1.0,1.0,1.0,0.9999999999855071,69,0,0,49
com_erro,random_forest,lacuna,50,45,45,105,105,41,64,42,63,16,16,0,0.9904761904761905,0.9880952380952381,1.0,0.9761904761904762,0.9879518072289156,0.999999999984127,63,0,1,41
com_erro,random_forest,lacuna,50,50,50,95,95,38,57,42,53,16,16,0,0.9894736842105263,0.9880952380952381,1.0,0.9761904761904762,0.9879518072289156,0.9999999999811321,53,0,1,41
com_erro,random_forest,lacuna,60,5,5,939,939,405,534,412,527,19,19,0,1.0,1.0,1.0,1.0,1.0,0.9999999999981025,527,0,0,412
com_erro,random_forest,lacuna,60,10,10,470,470,202,268,210,260,18,18,0,0.997872340425532,0.9976190476190476,1.0,0.9952380952380953,0.9976133651551312,0.9999999999961539,260,0,1,209
com_erro,random_forest,lacuna,60,15,15,313,313,135,178,138,175,17,17,0,0.9904153354632588,0.9891304347826086,1.0,0.9782608695652174,0.989010989010989,0.9999999999942858,175,0,3,135
com_erro,random_forest,lacuna,60,20,20,235,235,103,132,103,132,17,17,0,1.0,1.0,1.0,1.0,1.0,0.9999999999924243,132,0,0,103
com_erro,random_forest,lacuna,60,25,25,188,188,83,105,82,106,17,17,0,0.9946808510638298,0.9939024390243902,1.0,0.9878048780487805,0.9938650306748467,0.999999999990566,106,0,1,81
com_erro,random_forest,lacuna,60,30,30,157,157,67,90,69,88,16,16,0,0.9936305732484076,0.9927536231884058,1.0,0.9855072463768116,0.9927007299270073,0.9999999999886363,88,0,1,68
com_erro,random_forest,lacuna,60,35,35,135,135,62,73,60,75,16,17,1,0.9925925925925926,0.9916666666666667,1.0,0.9833333333333333,0.9915966386554622,0.9999999999866667,75,0,1,59
com_erro,random_forest,lacuna,60,40,40,118,118,52,66,52,66,16,16,0,1.0,1.0,1.0,1.0,1.0,0.9999999999848485,66,0,0,52
com_erro,random_forest,lacuna,60,45,45,105,105,46,59,47,58,15,15,0,0.9904761904761905,0.9893617021276595,1.0,0.9787234042553191,0.989247311827957,0.9999999999827587,58,0,1,46
com_erro,random_forest,lacuna,60,50,50,94,94,40,54,42,52,15,15,0,0.9893617021276596,0.9880952380952381,1.0,0.9761904761904762,0.9879518072289156,0.9999999999807693,52,0,1,41
com_erro,random_forest,lacuna,60,55,55,86,86,40,46,39,47,15,15,0,0.9883720930232558,0.9871794871794872,1.0,0.9743589743589743,0.987012987012987,0.9999999999787235,47,0,1,38
com_erro,random_forest,lacuna,60,60,60,79,79,37,42,34,45,16,16,0,1.0,1.0,1.0,1.0,1.0,0.9999999999777779,45,0,0,34
com_erro,random_forest,lacuna,70,5,5,937,937,431,506,447,490,17,17,0,1.0,1.0,1.0,1.0,1.0,0.9999999999979592,490,0,0,447
com_erro,random_forest,lacuna,70,10,10,469,469,215,254,227,242,16,17,1,0.9957356076759062,0.9955947136563876,1.0,0.9911894273127754,0.995575221238938,0.9999999999958679,242,0,2,225
com_erro,random_forest,lacuna,70,15,15,313,313,143,170,149,164,16,18,2,0.9904153354632588,0.9899328859060403,1.0,0.9798657718120806,0.9898305084745763,0.9999999999939025,164,0,3,146
com_erro,random_forest,lacuna,70,20,20,235,235,108,127,113,122,16,16,0,1.0,1.0,1.0,1.0,1.0,0.9999999999918032,122,0,0,113
com_erro,random_forest,lacuna,70,25,25,188,188,88,100,89,99,16,17,1,0.9893617021276596,0.9887640449438202,1.0,0.9775280898876404,0.9886363636363636,0.999999999989899,99,0,2,87
com_erro,random_forest,lacuna,70,30,30,157,157,71,86,74,83,16,17,1,0.9936305732484076,0.9932432432432432,1.0,0.9864864864864865,0.9931972789115646,0.9999999999879517,83,0,1,73
com_erro,random_forest,lacuna,70,35,35,134,134,64,70,63,71,15,16,1,0.9850746268656716,0.9841269841269842,1.0,0.9682539682539683,0.9838709677419355,0.9999999999859155,71,0,2,61
com_erro,random_forest,lacuna,70,40,40,118,118,53,65,56,62,15,16,1,0.9915254237288136,0.9910714285714286,1.0,0.9821428571428571,0.990990990990991,0.999999999983871,62,0,1,55
com_erro,random_forest,lacuna,70,45,45,105,105,49,56,50,55,15,15,0,0.9904761904761905,0.99,1.0,0.98,0.98989898989899,0.9999999999818182,55,0,1,49
com_erro,random_forest,lacuna,70,50,50,94,94,44,50,43,51,14,15,1,0.9893617021276596,0.9883720930232558,1.0,0.9767441860465116,0.9882352941176471,0.9999999999803922,51,0,1,42
com_erro,random_forest,lacuna,70,55,55,86,86,41,45,42,44,14,15,1,0.9883720930232558,0.9886363636363636,0.9767441860465116,1.0,0.9882352941176471,0.9772727272505166,43,1,0,42
com_erro,random_forest,lacuna,70,60,60,79,79,39,40,37,42,14,15,1,0.9873417721518988,0.9864864864864865,1.0,0.972972972972973,0.9863013698630136,0.9999999999761906,42,0,1,36
com_erro,random_forest,lacuna,70,65,65,73,73,33,40,35,38,14,14,0,0.9863013698630136,0.9857142857142858,1.0,0.9714285714285714,0.9855072463768116,0.9999999999736843,38,0,1,34
com_erro,random_forest,lacuna,70,70,70,67,67,36,31,30,37,14,15,1,0.9402985074626866,0.9427927927927928,0.90625,0.9666666666666667,0.9354838709677419,0.9189189188940834,34,3,1,29
com_erro,random_forest,lacuna,80,5,5,935,935,455,480,478,457,16,16,0,1.0,1.0,1.0,1.0,1.0,0.9999999999978119,457,0,0,478
com_erro,random_forest,lacuna,80,10,10,468,468,227,241,242,226,16,16,0,0.9978632478632479,0.9979338842975207,1.0,0.9958677685950413,0.9979296066252588,0.9999999999955753,226,0,1,241
com_erro,random_forest,lacuna,80,15,15,312,312,149,163,161,151,16,16,0,0.9967948717948718,0.9968944099378882,1.0,0.9937888198757764,0.9968847352024922,0.9999999999933775,151,0,1,160
com_erro,random_forest,lacuna,80,20,20,234,234,116,118,120,114,15,16,1,0.9914529914529915,0.9912280701754386,0.9836065573770492,1.0,0.9917355371900827,0.9824561403422591,112,2,0,120
com_erro,random_forest,lacuna,80,25,25,187,187,90,97,94,93,15,16,1,0.9732620320855615,0.9731754747197439,0.9587628865979382,0.9893617021276596,0.9738219895287958,0.9569892473015377,89,4,1,93
com_erro,random_forest,lacuna,80,30,30,156,156,74,82,81,75,15,15,0,0.9871794871794872,0.9876543209876543,1.0,0.9753086419753086,0.9875,0.9999999999866667,75,0,2,79
com_erro,random_forest,lacuna,80,35,35,134,134,66,68,69,65,15,16,1,0.9701492537313433,0.9692307692307692,0.9452054794520548,1.0,0.971830985915493,0.9384615384471006,61,4,0,69
com_erro,random_forest,lacuna,80,40,40,117,117,57,60,60,57,14,14,0,1.0,1.0,1.0,1.0,1.0,0.9999999999824563,57,0,0,60
com_erro,random_forest,lacuna,80,45,45,104,104,52,52,52,52,14,15,1,0.9903846153846154,0.9903846153846154,1.0,0.9807692307692307,0.9902912621359223,0.9999999999807693,52,0,1,51
com_erro,random_forest,lacuna,80,50,50,94,94,45,49,47,47,13,15,2,0.9361702127659575,0.9361702127659575,0.9361702127659575,0.9361702127659575,0.9361702127659575,0.936170212746039,44,3,3,44
com_erro,random_forest,lacuna,80,55,55,85,85,42,43,46,39,13,13,0,0.9647058823529412,0.9654403567447045,0.9777777777777777,0.9565217391304348,0.967032967032967,0.9743589743339909,38,1,2,44
com_erro,random_forest,lacuna,80,60,60,78,78,40,38,41,37,12,12,0,0.9743589743589743,0.972972972972973,0.9534883720930233,1.0,0.9761904761904762,0.94594594592038,35,2,0,41
com_erro,random_forest,lacuna,80,65,65,72,72,35,37,35,37,14,14,0,0.9861111111111112,0.9857142857142858,1.0,0.9714285714285714,0.9855072463768116,0.9999999999729731,37,0,1,34
com_erro,random_forest,lacuna,80,70,70,67,67,36,31,35,32,13,13,0,0.9104477611940298,0.9102678571428571,0.9142857142857143,0.9142857142857143,0.9142857142857143,0.9062499999716798,29,3,3,32
com_erro,random_forest,lacuna,80,75,75,63,63,29,34,32,31,12,13,1,0.9523809523809523,0.953125,1.0,0.90625,0.9508196721311475,0.9999999999677419,31,0,3,29
com_erro,random_forest,lacuna,80,80,80,59,59,30,29,30,29,11,11,0,0.9830508474576272,0.9827586206896552,0.967741935483871,1.0,0.9836065573770492,0.9655172413460167,28,1,0,30
com_erro,random_forest,lacuna,90,5,5,933,933,478,455,507,426,16,16,0,0.9989281886387996,0.9990138067061144,1.0,0.9980276134122288,0.9990128331688055,0.9999999999976527,426,0,1,506
com_erro,random_forest,lacuna,90,10,10,467,467,239,228,257,210,16,16,0,0.9978586723768736,0.9980544747081712,1.0,0.9961089494163424,0.9980506822612085,0.9999999999952381,210,0,1,256
com_erro,random_forest,lacuna,90,15,15,311,311,160,151,170,141,15,15,0,0.9903536977491961,0.9911764705882353,1.0,0.9823529411764705,0.9910979228486647,0.9999999999929079,141,0,3,167
com_erro,random_forest,lacuna,90,20,20,234,234,120,114,128,106,15,16,1,0.9700854700854701,0.9669811320754718,0.9481481481481482,1.0,0.973384030418251,0.9339622641421323,99,7,0,128
com_erro,random_forest,lacuna,90,25,25,187,187,98,89,103,84,14,15,1,0.9946524064171123,0.9951456310679612,1.0,0.9902912621359223,0.9951219512195122,0.9999999999880952,84,0,1,102
com_erro,random_forest,lacuna,90,30,30,156,156,79,77,85,71,14,14,0,0.9935897435897436,0.9941176470588236,1.0,0.9882352941176471,0.9940828402366864,0.9999999999859155,71,0,1,84
com_erro,random_forest,lacuna,90,35,35,134,134,71,63,74,60,15,16,1,0.9776119402985075,0.975,0.961038961038961,1.0,0.9801324503311258,0.9499999999841667,57,3,0,74
com_erro,random_forest,lacuna,90,40,40,117,117,61,56,65,52,13,14,1,0.9743589743589743,0.9711538461538461,0.9558823529411765,1.0,0.9774436090225563,0.9423076922895711,49,3,0,65
com_erro,random_forest,lacuna,90,45,45,104,104,54,50,56,48,13,14,1,0.9807692307692307,0.9821428571428572,1.0,0.9642857142857143,0.9818181818181818,0.9999999999791668,48,0,2,54
com_erro,random_forest,lacuna,90,50,50,94,94,48,46,54,40,13,13,0,0.925531914893617,0.9222222222222223,0.9272727272727272,0.9444444444444444,0.9357798165137615,0.8999999999775001,36,4,3,51
com_erro,random_forest,lacuna,90,55,55,85,85,43,42,48,37,13,14,1,0.9764705882352941,0.9760698198198199,0.9791666666666666,0.9791666666666666,0.9791666666666666,0.9729729729466765,36,1,1,47
com_erro,random_forest,lacuna,90,60,60,78,78,40,38,44,34,11,10,-1,0.9358974358974359,0.9298128342245989,0.9148936170212766,0.9772727272727273,0.945054945054945,0.8823529411505191,30,4,1,43
com_erro,random_forest,lacuna,90,65,65,72,72,37,35,39,33,13,14,1,0.9722222222222222,0.9743589743589743,1.0,0.9487179487179487,0.9736842105263158,0.9999999999696971,33,0,2,37
com_erro,random_forest,lacuna,90,70,70,67,67,36,31,38,29,13,12,-1,0.9253731343283582,0.9219600725952812,0.9230769230769231,0.9473684210526315,0.935064935064935,0.8965517241070154,26,3,2,36
com_erro,random_forest,lacuna,90,75,75,63,63,34,29,34,29,12,12,0,1.0,1.0,1.0,1.0,1.0,0.9999999999655173,29,0,0,34
com_erro,random_forest,lacuna,90,80,80,59,59,33,26,33,26,11,11,0,0.9661016949152542,0.9615384615384616,0.9428571428571428,1.0,0.9705882352941176,0.9230769230414201,24,2,0,33
com_erro,random_forest,lacuna,90,85,85,55,55,25,30,25,30,14,13,-1,0.9636363636363636,0.96,1.0,0.92,0.9583333333333334,0.9999999999666667,30,0,2,23
com_erro,random_forest,lacuna,90,90,90,52,52,25,27,26,26,13,14,1,0.9807692307692307,0.9807692307692308,1.0,0.9615384615384616,0.9803921568627451,0.9999999999615384,26,0,1,25
com_erro,random_forest,lacuna,100,5,5,931,931,500,431,535,396,15,15,0,0.9989258861439313,0.9990654205607477,1.0,0.9981308411214953,0.9990645463049579,0.9999999999974748,396,0,1,534
com_erro,random_forest,lacuna,100,10,10,466,466,250,216,271,195,15,15,0,0.9978540772532188,0.9981549815498155,1.0,0.996309963099631,0.9981515711645101,0.9999999999948719,195,0,1,270
com_erro,random_forest,lacuna,100,15,15,311,311,166,145,178,133,15,15,0,0.9967845659163987,0.997191011235955,1.0,0.9943820224719101,0.9971830985915493,0.9999999999924812,133,0,1,177
com_erro,random_forest,lacuna,100,20,20,233,233,127,106,135,98,14,15,1,0.9785407725321889,0.9744897959183674,0.9642857142857143,1.0,0.9818181818181818,0.9489795918270512,93,5,0,135
com_erro,random_forest,lacuna,100,25,25,187,187,101,86,107,80,13,15,2,0.946524064171123,0.9422313084112149,0.9369369369369369,0.9719626168224299,0.9541284403669725,0.9124999999885937,73,7,3,104
com_erro,random_forest,lacuna,100,30,30,156,156,83,73,89,67,13,13,0,1.0,1.0,1.0,1.0,1.0,0.9999999999850746,67,0,0,89
com_erro,random_forest,lacuna,100,35,35,133,133,74,59,76,57,13,14,1,0.9699248120300752,0.9649122807017544,0.95,1.0,0.9743589743589743,0.9298245613871962,53,4,0,76
com_erro,random_forest,lacuna,100,40,40,117,117,65,52,68,49,12,13,1,0.9829059829059829,0.9795918367346939,0.9714285714285714,1.0,0.9855072463768116,0.9591836734498127,47,2,0,68
com_erro,random_forest,lacuna,100,45,45,104,104,56,48,59,45,12,14,2,0.9615384615384616,0.9581920903954803,0.9508196721311475,0.9830508474576272,0.9666666666666667,0.9333333333125927,42,3,1,58
com_erro,random_forest,lacuna,100,50,50,94,94,50,44,57,37,12,13,1,0.9574468085106383,0.950687529634898,0.9491525423728814,0.9824561403508771,0.9655172413793104,0.9189189188940834,34,3,1,56
com_erro,random_forest,lacuna,100,55,55,85,85,44,41,49,36,13,13,0,0.9647058823529412,0.9583333333333333,0.9423076923076923,1.0,0.9702970297029703,0.9166666666412038,33,3,0,49
com_erro,random_forest,lacuna,100,60,60,78,78,42,36,46,32,11,11,0,0.9615384615384616,0.953125,0.9387755102040817,1.0,0.968421052631579,0.9062499999716798,29,3,0,46
com_erro,random_forest,lacuna,100,65,65,72,72,38,34,41,31,12,13,1,0.9722222222222222,0.971675845790716,0.975609756097561,0.975609756097561,0.975609756097561,0.9677419354526535,30,1,1,40
com_erro,random_forest,lacuna,100,70,70,67,67,36,31,40,27,11,11,0,0.9253731343283582,0.9194444444444444,0.926829268292683,0.95,0.9382716049382716,0.8888888888559671,24,3,2,38
com_erro,random_forest,lacuna,100,75,75,63,63,34,29,36,27,12,12,0,0.9841269841269841,0.9861111111111112,1.0,0.9722222222222222,0.9859154929577465,0.999999999962963,27,0,1,35
com_erro,random_forest,lacuna,100,80,80,59,59,34,25,33,26,11,10,-1,0.9491525423728814,0.9423076923076923,0.9166666666666666,1.0,0.9565217391304348,0.8846153845813609,23,3,0,33
com_erro,random_forest,lacuna,100,85,85,55,55,27,28,26,29,14,12,-2,0.9272727272727272,0.9310344827586207,0.8666666666666667,1.0,0.9285714285714286,0.8620689654875149,25,4,0,26
com_erro,random_forest,lacuna,100,90,90,52,52,25,27,28,24,12,13,1,0.9615384615384616,0.9613095238095238,0.9642857142857143,0.9642857142857143,0.9642857142857143,0.9583333332934028,23,1,1,27
com_erro,random_forest,lacuna,100,95,95,49,49,26,23,30,19,9,9,0,0.9795918367346939,0.9833333333333334,1.0,0.9666666666666667,0.9830508474576272,0.9999999999473684,19,0,1,29
com_erro,random_forest,lacuna,100,100,100,47,47,27,20,29,18,10,8,-2,0.9361702127659575,0.9166666666666667,0.90625,1.0,0.9508196721311475,0.8333333332870371,15,3,0,29
com_erro,random_forest,oscilacao,20,5,5,947,947,282,665,423,524,22,36,14,0.883843717001056,0.8756722249291682,0.931129476584022,0.7990543735224587,0.8600508905852418,0.9522900763340605,499,25,85,338
com_erro,random_forest,oscilacao,20,10,10,474,474,143,331,212,262,21,33,12,0.8713080168776371,0.8624333861443181,0.9217877094972067,0.7783018867924528,0.8439897698209718,0.9465648854925705,248,14,47,165
com_erro,random_forest,oscilacao,20,15,15,316,316,95,221,140,176,21,26,5,0.8607594936708861,0.8472402597402597,0.9444444444444444,0.7285714285714285,0.8225806451612904,0.9659090909036029,170,6,38,102
com_erro,random_forest,oscilacao,20,20,20,237,237,71,166,105,132,19,27,8,0.8523206751054853,0.842099567099567,0.8977272727272727,0.7523809523809524,0.8186528497409327,0.9318181818111226,123,9,26,79
com_erro,random_forest,oscilacao,30,5,5,945,945,314,631,463,482,18,33,15,0.8465608465608465,0.8450301569235457,0.9035532994923858,0.7688984881209503,0.8308051341890315,0.92116182572423,444,38,107,356
com_erro,random_forest,oscilacao,30,10,10,473,473,159,314,232,241,18,28,10,0.8329809725158562,0.8316729861210475,0.8805970149253731,0.7629310344827587,0.8175519630484989,0.9004149377556,217,24,55,177
com_erro,random_forest,oscilacao,30,15,15,315,315,109,206,154,161,18,24,6,0.8126984126984127,0.8107001693958216,0.8740157480314961,0.7207792207792207,0.7900355871886121,0.9006211180068285,145,16,43,111
com_erro,random_forest,oscilacao,30,20,20,237,237,78,159,117,120,18,24,6,0.7848101265822784,0.7833333333333333,0.8666666666666667,0.6666666666666666,0.7536231884057971,0.8999999999925,108,12,39,78
com_erro,random_forest,oscilacao,30,25,25,189,189,62,127,94,95,18,25,7,0.7777777777777778,0.7772116461366181,0.8513513513513513,0.6702127659574468,0.75,0.884210526306482,84,11,31,63
com_erro,random_forest,oscilacao,30,30,30,158,158,55,103,77,81,18,24,6,0.7468354430379747,0.7437870771204105,0.8135593220338984,0.6233766233766234,0.7058823529411765,0.8641975308535284,70,11,29,48
com_erro,random_forest,oscilacao,40,5,5,943,943,344,599,497,446,18,34,16,0.8101802757158006,0.814282556324494,0.8822115384615384,0.738430583501006,0.8039430449069004,0.8901345291459862,397,49,130,367
com_erro,random_forest,oscilacao,40,10,10,472,472,174,298,249,223,18,28,10,0.7902542372881356,0.7948835701550596,0.8676470588235294,0.7108433734939759,0.7814569536423841,0.8789237668122022,196,27,72,177
com_erro,random_forest,oscilacao,40,15,15,315,315,114,201,166,149,18,26,8,0.7841269841269841,0.7893385623029029,0.8712121212121212,0.6927710843373494,0.7718120805369127,0.8859060402625107,132,17,51,115
com_erro,random_forest,oscilacao,40,20,20,236,236,87,149,123,113,18,23,5,0.7923728813559322,0.7961364126915605,0.87,0.7073170731707317,0.7802690582959642,0.8849557522045579,100,13,36,87
com_erro,random_forest,oscilacao,40,25,25,189,189,69,120,102,87,16,24,8,0.7354497354497355,0.7430696416497633,0.825,0.6470588235294118,0.7252747252747253,0.8390804597604703,73,14,36,66
com_erro,random_forest,oscilacao,40,30,30,158,158,58,100,85,73,17,24,7,0.7531645569620253,0.7609186140209508,0.8484848484848485,0.6588235294117647,0.7417218543046358,0.8630136986183148,63,10,29,56
com_erro,random_forest,oscilacao,40,35,35,135,135,49,86,71,64,17,21,4,0.7555555555555555,0.7606734154929577,0.8392857142857143,0.6619718309859155,0.7401574803149606,0.8593749999865722,55,9,24,47
com_erro,random_forest,oscilacao,40,40,40,118,118,45,73,62,56,17,17,0,0.7372881355932204,0.7422235023041475,0.8163265306122449,0.6451612903225806,0.7207207207207207,0.8392857142707271,47,9,22,40
com_erro,random_forest,oscilacao,50,5,5,941,941,370,571,531,410,18,31,13,0.7874601487778958,0.795280418905884,0.8685968819599109,0.7344632768361582,0.7959183673469388,0.8560975609735217,351,59,141,390
com_erro,random_forest,oscilacao,50,10,10,471,471,187,284,266,205,18,30,12,0.7791932059447984,0.7894094993581515,0.875,0.7105263157894737,0.7842323651452282,0.8682926829225938,178,27,77,189
com_erro,random_forest,oscilacao,50,15,15,314,314,123,191,177,137,16,25,9,0.7452229299363057,0.7542166687286074,0.8344827586206897,0.6836158192090396,0.7515527950310559,0.8248175182421547,113,24,56,121
com_erro,random_forest,oscilacao,50,20,20,236,236,93,143,134,102,17,22,5,0.7330508474576272,0.7450248756218906,0.8380952380952381,0.6567164179104478,0.7364016736401674,0.8333333333251634,85,17,46,88
com_erro,random_forest,oscilacao,50,25,25,189,189,73,116,109,80,16,21,5,0.746031746031746,0.7615252293577982,0.8674698795180723,0.6605504587155964,0.75,0.8624999999892187,69,11,37,72
com_erro,random_forest,oscilacao,50,30,30,157,157,62,95,89,68,16,20,4,0.732484076433121,0.7484302709847984,0.8615384615384616,0.6292134831460674,0.7272727272727273,0.8676470588107699,59,9,33,56
com_erro,random_forest,oscilacao,50,35,35,135,135,54,81,76,59,16,18,2,0.7481481481481481,0.7573595004460303,0.8387096774193549,0.6842105263157895,0.7536231884057971,0.8305084745621948,49,10,24,52
com_erro,random_forest,oscilacao,50,40,40,118,118,46,72,67,51,16,16,0,0.7203389830508474,0.735001463271876,0.84,0.6268656716417911,0.717948717948718,0.8431372548854288,43,8,25,42
com_erro,random_forest,oscilacao,50,45,45,105,105,41,64,57,48,16,17,1,0.6761904761904762,0.6885964912280702,0.7948717948717948,0.543859649122807,0.6458333333333334,0.8333333333159723,40,8,26,31
com_erro,random_forest,oscilacao,50,50,50,95,95,37,58,53,42,16,18,2,0.7684210526315789,0.7825696316262354,0.8974358974358975,0.660377358490566,0.7608695652173914,0.9047619047403629,38,4,18,35
com_erro,random_forest,oscilacao,60,5,5,939,939,392,547,564,375,16,36,20,0.759318423855165,0.7714964539007092,0.8642241379310345,0.7109929078014184,0.7801556420233463,0.8319999999977814,312,63,163,401
com_erro,random_forest,oscilacao,60,10,10,470,470,198,272,283,187,16,30,14,0.7574468085106383,0.7704691899246046,0.8658008658008658,0.7067137809187279,0.7782101167315175,0.8342245989260202,156,31,83,200
com_erro,random_forest,oscilacao,60,15,15,313,313,133,180,187,126,16,24,8,0.744408945686901,0.7589126559714795,0.8590604026845637,0.6844919786096256,0.7619047619047619,0.8333333333267195,105,21,59,128
com_erro,random_forest,oscilacao,60,20,20,235,235,99,136,140,95,16,24,8,0.7489361702127659,0.7656015037593985,0.8715596330275229,0.6785714285714286,0.7630522088353414,0.8526315789383934,81,14,45,95
com_erro,random_forest,oscilacao,60,25,25,188,188,78,110,112,76,15,21,6,0.723404255319149,0.7445958646616542,0.8658536585365854,0.6339285714285714,0.7319587628865979,0.8552631578834834,65,11,41,71
com_erro,random_forest,oscilacao,60,30,30,157,157,67,90,94,63,16,21,5,0.7388535031847133,0.7583586626139818,0.8732394366197183,0.6595744680851063,0.7515151515151515,0.8571428571292518,54,9,32,62
com_erro,random_forest,oscilacao,60,35,35,135,135,56,79,81,54,15,20,5,0.6814814814814815,0.7067901234567902,0.8392857142857143,0.5802469135802469,0.6861313868613139,0.8333333333179013,45,9,34,47
com_erro,random_forest,oscilacao,60,40,40,118,118,49,69,70,48,15,15,0,0.7542372881355932,0.7699404761904762,0.8727272727272727,0.6857142857142857,0.768,0.8541666666488716,41,7,22,48
com_erro,random_forest,oscilacao,60,45,45,105,105,45,60,62,43,16,15,-1,0.6857142857142857,0.7053638409602401,0.8222222222222222,0.5967741935483871,0.6915887850467289,0.813953488353164,35,8,25,37
com_erro,random_forest,oscilacao,60,50,50,94,94,40,54,56,38,15,18,3,0.723404255319149,0.7424812030075187,0.8571428571428571,0.6428571428571429,0.7346938775510204,0.8421052631357342,32,6,20,36
com_erro,random_forest,oscilacao,60,55,55,86,86,35,51,52,34,14,13,-1,0.7325581395348837,0.753393665158371,0.8717948717948718,0.6538461538461539,0.7472527472527473,0.8529411764455018,29,5,18,34
com_erro,random_forest,oscilacao,60,60,60,79,79,34,45,45,34,16,15,-1,0.759493670886076,0.7673202614379084,0.8421052631578947,0.7111111111111111,0.7710843373493976,0.8235294117404846,28,6,13,32
com_erro,random_forest,oscilacao,70,5,5,937,937,413,524,594,343,15,36,21,0.7630736392742796,0.7712450059388835,0.8661417322834646,0.7407407407407407,0.7985480943738656,0.8017492711346889,275,68,154,440
com_erro,random_forest,oscilacao,70,10,10,469,469,208,261,298,171,15,34,19,0.7398720682302772,0.7566721613878096,0.8697478991596639,0.6946308724832215,0.7723880597014925,0.8187134502876099,140,31,91,207
com_erro,random_forest,oscilacao,70,15,15,313,313,137,176,198,115,15,26,11,0.7252396166134185,0.7500219587176109,0.8783783783783784,0.6565656565656566,0.7514450867052023,0.8434782608622305,97,18,68,130
com_erro,random_forest,oscilacao,70,20,20,235,235,103,132,150,85,15,20,5,0.723404255319149,0.7501960784313726,0.8828828828828829,0.6533333333333333,0.7509578544061303,0.8470588235194463,72,13,52,98
com_erro,random_forest,oscilacao,70,25,25,188,188,81,107,121,67,15,20,5,0.6914893617021277,0.7203651165659307,0.8620689655172413,0.6198347107438017,0.7211538461538461,0.8208955223758075,55,12,46,75
com_erro,random_forest,oscilacao,70,30,30,157,157,69,88,101,56,15,18,3,0.7197452229299363,0.7503536067892503,0.8904109589041096,0.6435643564356436,0.7471264367816092,0.8571428571275511,48,8,36,65
com_erro,random_forest,oscilacao,70,35,35,134,134,58,76,82,52,15,17,2,0.7014925373134329,0.7209193245778611,0.8387096774193549,0.6341463414634146,0.7222222222222222,0.8076923076767752,42,10,30,52
com_erro,random_forest,oscilacao,70,40,40,118,118,52,66,75,43,13,17,4,0.7288135593220338,0.742015503875969,0.8524590163934426,0.6933333333333334,0.7647058823529411,0.7906976744002164,34,9,23,52
com_erro,random_forest,oscilacao,70,45,45,105,105,45,60,67,38,15,14,-1,0.6571428571428571,0.691476826394344,0.8444444444444444,0.5671641791044776,0.6785714285714286,0.8157894736627425,31,7,29,38
com_erro,random_forest,oscilacao,70,50,50,94,94,41,53,62,32,14,18,4,0.6914893617021277,0.7132056451612903,0.851063829787234,0.6451612903225806,0.7339449541284404,0.781249999975586,25,7,22,40
com_erro,random_forest,oscilacao,70,55,55,86,86,36,50,54,32,13,13,0,0.686046511627907,0.7181712962962963,0.8648648648648649,0.5925925925925926,0.7032967032967034,0.8437499999736329,27,5,22,32
com_erro,random_forest,oscilacao,70,60,60,79,79,34,45,50,29,13,13,0,0.7341772151898734,0.7682758620689656,0.9142857142857143,0.64,0.7529411764705882,0.8965517241070154,26,3,18,32
com_erro,random_forest,oscilacao,70,65,65,73,73,32,41,46,27,14,14,0,0.7123287671232876,0.7334943639291465,0.8571428571428571,0.6521739130434783,0.7407407407407407,0.8148148147846365,22,5,16,30
com_erro,random_forest,oscilacao,70,70,70,67,67,28,39,39,28,12,14,2,0.6716417910447762,0.6927655677655677,0.8148148148148148,0.5641025641025641,0.6666666666666666,0.8214285713992346,23,5,17,22
com_erro,random_forest,oscilacao,80,5,5,935,935,433,502,622,313,15,34,19,0.7572192513368984,0.7619731259566687,0.8691588785046729,0.747588424437299,0.8038029386343993,0.776357827473558,243,70,157,465
com_erro,random_forest,oscilacao,80,10,10,468,468,218,250,312,156,15,27,12,0.7435897435897436,0.7612179487179487,0.884,0.7083333333333334,0.7864768683274022,0.8141025640973456,127,29,91,221
com_erro,random_forest,oscilacao,80,15,15,312,312,144,168,206,106,15,20,5,0.7339743589743589,0.7550375526653234,0.8819875776397516,0.6893203883495146,0.773841961852861,0.8207547169733891,87,19,64,142
com_erro,random_forest,oscilacao,80,20,20,234,234,109,125,155,79,15,18,3,0.7264957264957265,0.750102082482646,0.8823529411764706,0.6774193548387096,0.7664233576642335,0.8227848101161672,65,14,50,105
com_erro,random_forest,oscilacao,80,25,25,187,187,85,102,125,62,15,16,1,0.732620320855615,0.767483870967742,0.9120879120879121,0.664,0.7685185185185185,0.870967741921436,54,8,42,83
com_erro,random_forest,oscilacao,80,30,30,156,156,73,83,104,52,15,19,4,0.717948717948718,0.7451923076923077,0.8846153846153846,0.6634615384615384,0.7582417582417582,0.8269230769071746,43,9,35,69
com_erro,random_forest,oscilacao,80,35,35,134,134,63,71,91,43,14,15,1,0.6865671641791045,0.714030155890621,0.8656716417910447,0.6373626373626373,0.7341772151898734,0.7906976744002164,34,9,33,58
com_erro,random_forest,oscilacao,80,40,40,117,117,55,62,78,39,12,16,4,0.6923076923076923,0.7243589743589743,0.875,0.6282051282051282,0.7313432835820896,0.8205128204917818,32,7,29,49
com_erro,random_forest,oscilacao,80,45,45,104,104,47,57,68,36,14,16,2,0.7019230769230769,0.7263071895424837,0.8627450980392157,0.6470588235294118,0.7394957983193278,0.805555555533179,29,7,24,44
com_erro,random_forest,oscilacao,80,50,50,94,94,42,52,63,31,14,16,2,0.6702127659574468,0.7048131080389144,0.8636363636363636,0.6031746031746031,0.7102803738317757,0.8064516128772112,25,6,25,38
com_erro,random_forest,oscilacao,80,55,55,85,85,37,48,55,30,12,11,-1,0.7058823529411765,0.75,0.9166666666666666,0.6,0.7252747252747253,0.89999999997,27,3,22,33
com_erro,random_forest,oscilacao,80,60,60,78,78,36,42,52,26,12,12,0,0.7564102564102564,0.7980769230769231,0.9459459459459459,0.6730769230769231,0.7865168539325843,0.9230769230414201,24,2,17,35
com_erro,random_forest,oscilacao,80,65,65,72,72,34,38,47,25,13,12,-1,0.7222222222222222,0.7217021276595745,0.8292682926829268,0.723404255319149,0.7727272727272727,0.7199999999712,18,7,13,34
com_erro,random_forest,oscilacao,80,70,70,67,67,33,34,46,21,10,15,5,0.7014925373134329,0.7179089026915113,0.8611111111111112,0.6739130434782609,0.7560975609756098,0.7619047618684808,16,5,15,31
com_erro,random_forest,oscilacao,80,75,75,63,63,28,35,41,22,13,11,-2,0.6984126984126984,0.7577605321507761,0.9583333333333334,0.5609756097560976,0.7076923076923077,0.9545454545020661,21,1,18,23
com_erro,random_forest,oscilacao,80,80,80,59,59,27,32,41,18,9,13,4,0.6610169491525424,0.709349593495935,0.8888888888888888,0.5853658536585366,0.7058823529411765,0.8333333332870371,15,3,17,24
com_erro,random_forest,oscilacao,90,5,5,933,933,453,480,650,283,15,28,13,0.77491961414791,0.7616499048654526,0.8703703703703703,0.7953846153846154,0.8311897106109325,0.7279151943437177,206,77,133,517
com_erro,random_forest,oscilacao,90,10,10,467,467,228,239,326,141,15,25,10,0.7601713062098501,0.7577883653134926,0.8767605633802817,0.7638036809815951,0.8163934426229508,0.7517730496400584,106,35,77,249
com_erro,random_forest,oscilacao,90,15,15,311,311,153,158,216,95,15,20,5,0.7588424437299035,0.7585769980506822,0.8770053475935828,0.7592592592592593,0.8138957816377171,0.7578947368341274,72,23,52,164
com_erro,random_forest,oscilacao,90,20,20,234,234,113,121,164,70,13,16,3,0.7350427350427351,0.7536585365853659,0.8923076923076924,0.7073170731707317,0.7891156462585034,0.7999999999885714,56,14,48,116
com_erro,random_forest,oscilacao,90,25,25,187,187,91,96,131,56,15,14,-1,0.732620320855615,0.7478189749182116,0.8857142857142857,0.7099236641221374,0.788135593220339,0.7857142857002551,44,12,38,93
com_erro,random_forest,oscilacao,90,30,30,156,156,77,79,109,47,14,13,-1,0.7307692307692307,0.74077688854187,0.8764044943820225,0.7155963302752294,0.7878787878787878,0.7659574467922138,36,11,31,78
com_erro,random_forest,oscilacao,90,35,35,134,134,65,69,93,41,13,14,1,0.7388059701492538,0.7504589562024653,0.881578947368421,0.7204301075268817,0.7928994082840237,0.7804878048590126,32,9,26,67
com_erro,random_forest,oscilacao,90,40,40,117,117,56,61,82,35,11,15,4,0.7350427350427351,0.7700348432055749,0.9180327868852459,0.6829268292682927,0.7832167832167832,0.8571428571183675,30,5,26,56
com_erro,random_forest,oscilacao,90,45,45,104,104,50,54,72,32,12,13,1,0.7307692307692307,0.7447916666666667,0.8793103448275862,0.7083333333333334,0.7846153846153846,0.781249999975586,25,7,21,51
com_erro,random_forest,oscilacao,90,50,50,94,94,45,49,64,30,14,15,1,0.7340425531914894,0.7427083333333333,0.8679245283018868,0.71875,0.7863247863247863,0.7666666666411112,23,7,18,46
com_erro,random_forest,oscilacao,90,55,55,85,85,38,47,59,26,12,11,-1,0.6941176470588235,0.7473924380704042,0.9230769230769231,0.6101694915254238,0.7346938775510204,0.8846153845813609,23,3,23,36
com_erro,random_forest,oscilacao,90,60,60,78,78,38,40,56,22,11,14,3,0.7564102564102564,0.8027597402597402,0.9512195121951219,0.6964285714285714,0.8041237113402062,0.9090909090495868,20,2,17,39
com_erro,random_forest,oscilacao,90,65,65,72,72,35,37,49,23,12,13,1,0.7638888888888888,0.7803904170363798,0.9,0.7346938775510204,0.8089887640449438,0.8260869564858223,19,4,13,36
com_erro,random_forest,oscilacao,90,70,70,67,67,34,33,48,19,9,14,5,0.6567164179104478,0.6491228070175439,0.8205128205128205,0.6666666666666666,0.735632183908046,0.63157894733518,12,7,16,32
com_erro,random_forest,oscilacao,90,75,75,63,63,30,33,43,20,12,12,0,0.7142857142857143,0.7505813953488372,0.9032258064516129,0.6511627906976745,0.7567567567567568,0.8499999999575,17,3,15,28
com_erro,random_forest,oscilacao,90,80,80,59,59,28,31,43,16,9,10,1,0.6779661016949152,0.720203488372093,0.9,0.627906976744186,0.7397260273972602,0.8124999999492187,13,3,16,27
com_erro,random_forest,oscilacao,90,85,85,55,55,27,28,39,16,10,11,1,0.6181818181818182,0.6386217948717949,0.8214285714285714,0.5897435897435898,0.6865671641791045,0.6874999999570313,11,5,16,23
com_erro,random_forest,oscilacao,90,90,90,52,52,26,26,35,17,12,12,0,0.6730769230769231,0.6663865546218488,0.8,0.6857142857142857,0.7384615384615385,0.6470588234913495,11,6,11,24
com_erro,random_forest,oscilacao,100,5,5,931,931,473,458,678,253,14,32,18,0.790547798066595,0.7719548311121993,0.8901453957996769,0.8126843657817109,0.8496530454895914,0.7312252964397976,185,68,127,551
com_erro,random_forest,oscilacao,100,10,10,466,466,238,228,340,126,13,23,10,0.7746781115879828,0.7656629318394024,0.8929765886287625,0.7852941176470588,0.8356807511737089,0.7460317460258251,94,32,73,267
com_erro,random_forest,oscilacao,100,15,15,311,311,157,154,226,85,14,19,5,0.7620578778135049,0.7665538781884436,0.9,0.7566371681415929,0.8221153846153846,0.7764705882261591,66,19,55,171
com_erro,random_forest,oscilacao,100,20,20,233,233,119,114,169,64,12,16,4,0.7510729613733905,0.7555935650887574,0.8936170212765957,0.7455621301775148,0.8129032258064516,0.765624999988037,49,15,43,126
com_erro,random_forest,oscilacao,100,25,25,187,187,94,93,138,49,12,14,2,0.7486631016042781,0.7573203194321206,0.9026548672566371,0.7391304347826086,0.8127490039840638,0.775510204065806,38,11,36,102
com_erro,random_forest,oscilacao,100,30,30,156,156,79,77,115,41,11,13,2,0.75,0.7598091198303287,0.9042553191489362,0.7391304347826086,0.8133971291866029,0.7804878048590126,32,9,30,85
com_erro,random_forest,oscilacao,100,35,35,133,133,66,67,94,39,12,14,2,0.7443609022556391,0.7666393889798144,0.9054054054054054,0.7127659574468085,0.7976190476190477,0.8205128204917818,32,7,27,67
com_erro,random_forest,oscilacao,100,40,40,117,117,59,58,84,33,11,15,4,0.7350427350427351,0.7326839826839827,0.8732394366197183,0.7380952380952381,0.8,0.7272727272506888,24,9,22,62
com_erro,random_forest,oscilacao,100,45,45,104,104,53,51,74,30,11,13,2,0.7019230769230769,0.7013513513513514,0.8524590163934426,0.7027027027027027,0.7703703703703704,0.6999999999766666,21,9,22,52
com_erro,random_forest,oscilacao,100,50,50,94,94,47,47,68,26,12,14,2,0.6808510638297872,0.6962669683257918,0.8653846153846154,0.6617647058823529,0.75,0.7307692307411242,19,7,23,45
com_erro,random_forest,oscilacao,100,55,55,85,85,41,44,63,22,10,12,2,0.6941176470588235,0.7492784992784993,0.9302325581395349,0.6349206349206349,0.7547169811320755,0.8636363635971074,19,3,23,40
com_erro,random_forest,oscilacao,100,60,60,78,78,40,38,58,20,10,12,2,0.7435897435897436,0.7620689655172415,0.9130434782608695,0.7241379310344828,0.8076923076923077,0.79999999996,16,4,16,42
com_erro,random_forest,oscilacao,100,65,65,72,72,37,35,54,18,9,12,3,0.6666666666666666,0.6851851851851851,0.875,0.6481481481481481,0.7446808510638298,0.7222222221820987,13,5,19,35
com_erro,random_forest,oscilacao,100,70,70,67,67,35,32,49,18,9,10,1,0.6417910447761194,0.6320861678004535,0.8205128205128205,0.6530612244897959,0.7272727272727273,0.6111111110771605,11,7,17,32
com_erro,random_forest,oscilacao,100,75,75,63,63,31,32,46,17,9,10,1,0.6984126984126984,0.7378516624040921,0.9090909090909091,0.6521739130434783,0.759493670886076,0.8235294117162629,14,3,16,30
com_erro,random_forest,oscilacao,100,80,80,59,59,30,29,44,15,8,11,3,0.6779661016949152,0.6962121212121212,0.8787878787878788,0.6590909090909091,0.7532467532467533,0.7333333332844444,11,4,15,29
com_erro,random_forest,oscilacao,100,85,85,55,55,28,27,39,16,10,10,0,0.6545454545454545,0.6826923076923077,0.8571428571428571,0.6153846153846154,0.7164179104477612,0.749999999953125,12,4,15,24
com_erro,random_forest,oscilacao,100,90,90,52,52,28,24,36,16,11,12,1,0.7307692307692307,0.7361111111111112,0.8666666666666667,0.7222222222222222,0.7878787878787878,0.749999999953125,12,4,10,26
com_erro,random_forest,oscilacao,100,95,95,49,49,23,26,34,15,9,9,0,0.5918367346938775,0.6313725490196078,0.8181818181818182,0.5294117647058824,0.6428571428571429,0.7333333332844444,11,4,16,18
com_erro,random_forest,oscilacao,100,100,100,47,47,23,24,34,13,8,9,1,0.6382978723404256,0.6787330316742082,0.8695652173913043,0.5882352941176471,0.7017543859649122,0.7692307691715976,10,3,14,20
com_erro,random_forest,queda,20,5,5,947,947,219,728,175,772,17,28,11,0.9535374868004224,0.9273131014063656,0.8659217877094972,0.8857142857142857,0.8757062146892656,0.9689119170971905,748,24,20,155
com_erro,random_forest,queda,20,10,10,474,474,112,362,88,386,17,25,8,0.9345991561181435,0.8896608572774376,0.8275862068965517,0.8181818181818182,0.8228571428571428,0.9611398963705671,371,15,16,72
com_erro,random_forest,queda,20,15,15,316,316,73,243,59,257,15,23,8,0.9145569620253164,0.8364769504715426,0.8076923076923077,0.711864406779661,0.7567567567567568,0.9610894941596845,247,10,17,42
com_erro,random_forest,queda,20,20,20,237,237,59,178,45,192,16,23,7,0.9282700421940928,0.8876736111111111,0.8043478260869565,0.8222222222222222,0.8131868131868132,0.9531249999950359,183,9,8,37
com_erro,random_forest,queda,30,5,5,945,945,257,688,207,738,16,28,12,0.9333333333333333,0.9034405561446919,0.8461538461538461,0.8502415458937198,0.8481927710843373,0.9566395663943678,706,32,31,176
com_erro,random_forest,queda,30,10,10,473,473,131,342,104,369,16,24,8,0.9090909090909091,0.8623228059203669,0.801980198019802,0.7788461538461539,0.7902439024390244,0.9457994579920168,349,20,23,81
com_erro,random_forest,queda,30,15,15,315,315,86,229,67,248,15,26,11,0.9238095238095239,0.9134870004814637,0.7792207792207793,0.8955223880597015,0.8333333333333334,0.93145161289947,231,17,7,60
com_erro,random_forest,queda,30,20,20,237,237,66,171,53,184,15,20,5,0.8987341772151899,0.8407506152584086,0.7959183673469388,0.7358490566037735,0.7647058823529411,0.9456521739079041,174,10,14,39
com_erro,random_forest,queda,30,25,25,189,189,53,136,41,148,14,19,5,0.91005291005291,0.8632168754119973,0.8,0.7804878048780488,0.7901234567901234,0.9459459459395545,140,8,9,32
com_erro,random_forest,queda,30,30,30,158,158,42,116,35,123,15,20,5,0.8987341772151899,0.8225319396051103,0.8275862068965517,0.6857142857142857,0.75,0.9593495934881353,118,5,11,24
com_erro,random_forest,queda,40,5,5,943,943,292,651,237,706,16,26,10,0.9130434782608695,0.8970786866042719,0.803921568627451,0.8649789029535865,0.8333333333333334,0.9291784702536414,656,50,32,205
com_erro,random_forest,queda,40,10,10,472,472,148,324,119,353,15,23,8,0.902542372881356,0.8819244411645678,0.7874015748031497,0.8403361344537815,0.8130081300813008,0.923512747872738,326,27,19,100
com_erro,random_forest,queda,40,15,15,315,315,96,219,82,233,15,20,5,0.8984126984126984,0.868104260441746,0.8048780487804879,0.8048780487804879,0.8048780487804879,0.9313304720990072,217,16,16,66
com_erro,random_forest,queda,40,20,20,236,236,76,160,61,175,14,22,8,0.8771186440677966,0.8370491803278688,0.7666666666666667,0.7540983606557377,0.7603305785123967,0.9199999999947429,161,14,15,46
com_erro,random_forest,queda,40,25,25,189,189,59,130,48,141,14,19,5,0.91005291005291,0.8778812056737588,0.8297872340425532,0.8125,0.8210526315789474,0.943262411340828,133,8,9,39
com_erro,random_forest,queda,40,30,30,158,158,49,109,42,116,15,19,4,0.8860759493670886,0.854064039408867,0.7857142857142857,0.7857142857142857,0.7857142857142857,0.9224137930954964,107,9,9,33
com_erro,random_forest,queda,40,35,35,135,135,42,93,33,102,14,17,3,0.8814814814814815,0.839572192513369,0.7575757575757576,0.7575757575757576,0.7575757575757576,0.9215686274419453,94,8,8,25
com_erro,random_forest,queda,40,40,40,118,118,38,80,29,89,14,19,5,0.8728813559322034,0.8343665246028671,0.7333333333333333,0.7586206896551724,0.7457627118644068,0.9101123595403358,81,8,7,22
com_erro,random_forest,queda,50,5,5,941,941,324,617,266,675,15,22,7,0.9032943676939427,0.8881732108047897,0.8136200716845878,0.8533834586466166,0.8330275229357799,0.9229629629615956,623,52,39,227
com_erro,random_forest,queda,50,10,10,471,471,164,307,133,338,15,22,7,0.8938428874734607,0.8735930061840993,0.8029197080291971,0.8270676691729323,0.8148148148148148,0.920118343192544,311,27,23,110
com_erro,random_forest,queda,50,15,15,314,314,107,207,89,225,14,21,7,0.8949044585987261,0.8689388264669163,0.8181818181818182,0.8089887640449438,0.8135593220338984,0.9288888888847605,209,16,17,72
com_erro,random_forest,queda,50,20,20,236,236,82,154,67,169,15,19,4,0.885593220338983,0.8480526362271483,0.8225806451612904,0.7611940298507462,0.7906976744186046,0.9349112425980184,158,11,16,51
com_erro,random_forest,queda,50,25,25,189,189,65,124,53,136,15,19,4,0.8888888888888888,0.8594617092119867,0.8076923076923077,0.7924528301886793,0.8,0.9264705882284819,126,10,11,42
com_erro,random_forest,queda,50,30,30,157,157,53,104,44,113,14,19,5,0.8789808917197452,0.83266291230893,0.8205128205128205,0.7272727272727273,0.7710843373493976,0.9380530973368314,106,7,12,32
com_erro,random_forest,queda,50,35,35,135,135,48,87,39,96,14,16,2,0.8666666666666667,0.8225160256410257,0.8,0.717948717948718,0.7567567567567568,0.9270833333236762,89,7,11,28
com_erro,random_forest,queda,50,40,40,118,118,41,77,33,85,14,19,5,0.864406779661017,0.8317290552584671,0.7575757575757576,0.7575757575757576,0.7575757575757576,0.905882352930519,77,8,8,25
com_erro,random_forest,queda,50,45,45,105,105,33,72,31,74,14,16,2,0.8,0.7175239755884917,0.7272727272727273,0.5161290322580645,0.6037735849056604,0.918918918906501,68,6,15,16
com_erro,random_forest,queda,50,50,50,95,95,34,61,27,68,15,16,1,0.8631578947368421,0.8150871459694989,0.7916666666666666,0.7037037037037037,0.7450980392156863,0.9264705882216695,63,5,8,19
com_erro,random_forest,queda,60,5,5,939,939,356,583,292,647,15,28,13,0.8903088391906283,0.8800020113908238,0.8058252427184466,0.8527397260273972,0.8286189683860233,0.9072642967528481,587,60,43,249
com_erro,random_forest,queda,60,10,10,470,470,180,290,146,324,15,23,8,0.8808510638297873,0.8665440554709961,0.7960526315789473,0.8287671232876712,0.8120805369127517,0.9043209876515299,293,31,25,121
com_erro,random_forest,queda,60,15,15,313,313,118,195,96,217,14,23,9,0.9009584664536742,0.8879128264208909,0.8282828282828283,0.8541666666666666,0.841025641025641,0.9216589861708679,200,17,14,82
com_erro,random_forest,queda,60,20,20,235,235,92,143,75,160,14,21,7,0.8595744680851064,0.84375,0.7692307692307693,0.8,0.7843137254901961,0.8874999999944532,142,18,15,60
com_erro,random_forest,queda,60,25,25,188,188,75,113,57,131,14,21,7,0.8670212765957447,0.8550287933574394,0.7580645161290323,0.8245614035087719,0.7899159663865546,0.8854961831993474,116,15,10,47
com_erro,random_forest,queda,60,30,30,157,157,58,99,50,107,14,19,5,0.8535031847133758,0.8126168224299065,0.813953488372093,0.7,0.7526881720430108,0.925233644851166,99,8,15,35
com_erro,random_forest,queda,60,35,35,135,135,52,83,45,90,15,18,3,0.8296296296296296,0.8,0.7619047619047619,0.7111111111111111,0.735632183908046,0.8888888888790123,80,10,13,32
com_erro,random_forest,queda,60,40,40,118,118,45,73,37,81,14,19,5,0.8305084745762712,0.8178178178178178,0.7073170731707317,0.7837837837837838,0.7435897435897436,0.8518518518413352,69,12,8,29
com_erro,random_forest,queda,60,45,45,105,105,41,64,32,73,14,16,2,0.8380952380952381,0.8045804794520548,0.7419354838709677,0.71875,0.7301587301587301,0.8904109588919121,65,8,9,23
com_erro,random_forest,queda,60,50,50,94,94,38,56,28,66,14,17,3,0.8617021276595744,0.850108225108225,0.7419354838709677,0.8214285714285714,0.7796610169491526,0.8787878787745638,58,8,5,23
com_erro,random_forest,queda,60,55,55,86,86,32,54,25,61,14,14,0,0.8255813953488372,0.7944262295081967,0.6923076923076923,0.72,0.7058823529411765,0.86885245900215,53,8,7,18
com_erro,random_forest,queda,60,60,60,79,79,30,49,26,53,13,14,1,0.8227848101265823,0.7895500725689405,0.75,0.6923076923076923,0.72,0.8867924528134568,47,6,8,18
com_erro,random_forest,queda,70,5,5,937,937,386,551,318,619,15,29,14,0.8836712913553896,0.8790781438920556,0.8064516129032258,0.8647798742138365,0.834597875569044,0.8933764135688314,553,66,43,275
com_erro,random_forest,queda,70,10,10,469,469,195,274,159,310,15,23,8,0.8805970149253731,0.8744471495232299,0.8047337278106509,0.8553459119496856,0.8292682926829268,0.8935483870938918,277,33,23,136
com_erro,random_forest,queda,70,15,15,313,313,128,185,109,204,15,23,8,0.8817891373801917,0.8751349163518618,0.8157894736842105,0.8532110091743119,0.8340807174887892,0.8970588235250144,183,21,16,93
com_erro,random_forest,queda,70,20,20,235,235,97,138,80,155,15,21,6,0.8723404255319149,0.8639112903225807,0.7976190476190477,0.8375,0.8170731707317073,0.8903225806394174,138,17,13,67
com_erro,random_forest,queda,70,25,25,188,188,77,111,64,124,14,22,8,0.8563829787234043,0.8419858870967742,0.7846153846153846,0.796875,0.7906976744186046,0.8870967741863943,110,14,13,51
com_erro,random_forest,queda,70,30,30,157,157,65,92,56,101,15,22,7,0.8407643312101911,0.8404349363507779,0.746031746031746,0.8392857142857143,0.7899159663865546,0.841584158407509,85,16,9,47
com_erro,random_forest,queda,70,35,35,134,134,56,78,46,88,14,20,6,0.8059701492537313,0.8055830039525691,0.6851851851851852,0.8043478260869565,0.74,0.8068181818090134,71,17,9,37
com_erro,random_forest,queda,70,40,40,118,118,48,70,39,79,15,19,4,0.8305084745762712,0.8344693281402142,0.7021276595744681,0.8461538461538461,0.7674418604651163,0.8227848101161672,65,14,6,33
com_erro,random_forest,queda,70,45,45,105,105,43,62,36,69,15,16,1,0.8380952380952381,0.8103864734299517,0.7878787878787878,0.7222222222222222,0.7536231884057971,0.8985507246246587,62,7,10,26
com_erro,random_forest,queda,70,50,50,94,94,38,56,33,61,13,18,5,0.8085106382978723,0.7829110779930453,0.7419354838709677,0.696969696969697,0.71875,0.86885245900215,53,8,10,23
com_erro,random_forest,queda,70,55,55,86,86,36,50,27,59,14,16,2,0.813953488372093,0.8041431261770244,0.6774193548387096,0.7777777777777778,0.7241379310344828,0.8305084745621948,49,10,6,21
com_erro,random_forest,queda,70,60,60,79,79,33,46,28,51,14,18,4,0.810126582278481,0.8126750700280112,0.696969696969697,0.8214285714285714,0.7540983606557377,0.8039215686116878,41,10,5,23
com_erro,random_forest,queda,70,65,65,73,73,30,43,25,48,14,18,4,0.8493150684931506,0.8566666666666667,0.7333333333333333,0.88,0.8,0.8333333333159723,40,8,3,22
com_erro,random_forest,queda,70,70,70,67,67,27,40,21,46,13,13,0,0.7910447761194029,0.7701863354037267,0.6521739130434783,0.7142857142857143,0.6818181818181818,0.8260869565037808,38,8,6,15
com_erro,random_forest,queda,80,5,5,935,935,414,521,344,591,15,28,13,0.881283422459893,0.884222641954905,0.804177545691906,0.8953488372093024,0.8473177441540578,0.8730964466990303,516,75,36,308
com_erro,random_forest,queda,80,10,10,468,468,208,260,172,296,15,28,13,0.8653846153846154,0.8680075424261471,0.7823834196891192,0.877906976744186,0.8273972602739726,0.8581081081052091,254,42,21,151
com_erro,random_forest,queda,80,15,15,312,312,138,174,115,197,14,25,11,0.8685897435897436,0.8669830059589494,0.7983870967741935,0.8608695652173913,0.8284518828451883,0.8730964466960757,172,25,16,99
com_erro,random_forest,queda,80,20,20,234,234,106,128,88,146,14,24,10,0.8418803418803419,0.848458904109589,0.7475728155339806,0.875,0.806282722513089,0.8219178082135485,120,26,11,77
com_erro,random_forest,queda,80,25,25,187,187,82,105,68,119,14,21,7,0.8556149732620321,0.8581932773109244,0.7662337662337663,0.8676470588235294,0.8137931034482758,0.848739495791187,101,18,9,59
com_erro,random_forest,queda,80,30,30,156,156,68,88,57,99,14,20,6,0.8205128205128205,0.8250930356193513,0.7164179104477612,0.8421052631578947,0.7741935483870968,0.8080808080726456,80,19,9,48
com_erro,random_forest,queda,80,35,35,134,134,60,74,48,86,13,18,5,0.835820895522388,0.8444767441860466,0.7241379310344828,0.875,0.7924528301886793,0.8139534883626284,70,16,6,42
com_erro,random_forest,queda,80,40,40,117,117,54,63,43,74,13,17,4,0.7863247863247863,0.7969830295411691,0.6666666666666666,0.8372093023255814,0.7422680412371134,0.7567567567465303,56,18,7,36
com_erro,random_forest,queda,80,45,45,104,104,44,60,38,66,14,17,3,0.7884615384615384,0.7719298245614035,0.7105263157894737,0.7105263157894737,0.7105263157894737,0.833333333320707,55,11,11,27
com_erro,random_forest,queda,80,50,50,94,94,41,53,35,59,13,18,5,0.8191489361702128,0.8094430992736077,0.75,0.7714285714285715,0.7605633802816901,0.8474576271042804,50,9,8,27
com_erro,random_forest,queda,80,55,55,85,85,40,45,32,53,12,16,4,0.7647058823529411,0.7494103773584906,0.6875,0.6875,0.6875,0.8113207547016732,43,10,10,22
com_erro,random_forest,queda,80,60,60,78,78,35,43,28,50,13,14,1,0.7692307692307693,0.765,0.65625,0.75,0.7,0.7799999999844001,39,11,7,21
com_erro,random_forest,queda,80,65,65,72,72,31,41,27,45,13,17,4,0.8333333333333334,0.8444444444444444,0.7272727272727273,0.8888888888888888,0.8,0.7999999999822223,36,9,3,24
com_erro,random_forest,queda,80,70,70,67,67,28,39,22,45,13,15,2,0.8208955223880597,0.8318181818181818,0.6785714285714286,0.8636363636363636,0.76,0.7999999999822223,36,9,3,19
com_erro,random_forest,queda,80,75,75,63,63,30,33,26,37,12,14,2,0.7777777777777778,0.7822245322245323,0.7,0.8076923076923077,0.75,0.7567567567363039,28,9,5,21
com_erro,random_forest,queda,80,80,80,59,59,27,32,20,39,13,16,3,0.6949152542372882,0.7205128205128206,0.5333333333333333,0.8,0.64,0.6410256410092046,25,14,4,16
com_erro,random_forest,queda,90,5,5,933,933,438,495,370,563,15,35,20,0.8435155412647374,0.8555134175027603,0.7477876106194691,0.9135135135135135,0.8223844282238443,0.7975133214905906,449,114,32,338
com_erro,random_forest,queda,90,10,10,467,467,220,247,185,282,15,31,16,0.8308351177730193,0.8394767107533065,0.740909090909091,0.8810810810810811,0.8049382716049382,0.7978723404227026,225,57,22,163
com_erro,random_forest,queda,90,15,15,311,311,146,165,122,189,14,25,11,0.8392282958199357,0.8473848555815768,0.75,0.8852459016393442,0.8120300751879699,0.8095238095195264,153,36,14,108
com_erro,random_forest,queda,90,20,20,234,234,110,124,93,141,15,22,7,0.8247863247863247,0.8271562571493938,0.75,0.8387096774193549,0.7918781725888325,0.8156028368736483,115,26,15,78
com_erro,random_forest,queda,90,25,25,187,187,88,99,75,112,13,22,9,0.8181818181818182,0.8217857142857143,0.7411764705882353,0.84,0.7875,0.8035714285642538,90,22,12,63
com_erro,random_forest,queda,90,30,30,156,156,72,84,63,93,13,21,8,0.7756410256410257,0.7759856630824373,0.7,0.7777777777777778,0.7368421052631579,0.7741935483787721,72,21,14,49
com_erro,random_forest,queda,90,35,35,134,134,63,71,53,81,13,21,8,0.7910447761194029,0.7945492662473794,0.7049180327868853,0.8113207547169812,0.7543859649122807,0.7777777777681756,63,18,10,43
com_erro,random_forest,queda,90,40,40,117,117,55,62,46,71,13,18,5,0.7948717948717948,0.804194733619106,0.6964285714285714,0.8478260869565217,0.7647058823529411,0.7605633802709779,54,17,7,39
com_erro,random_forest,queda,90,45,45,104,104,47,57,42,62,13,16,3,0.7692307692307693,0.7642089093701997,0.7045454545454546,0.7380952380952381,0.7209302325581395,0.7903225806324142,49,13,11,31
com_erro,random_forest,queda,90,50,50,94,94,43,51,36,58,13,16,3,0.7978723404255319,0.7993295019157088,0.7073170731707317,0.8055555555555556,0.7532467532467533,0.7931034482621879,46,12,7,29
com_erro,random_forest,queda,90,55,55,85,85,40,45,34,51,12,15,3,0.7411764705882353,0.7254901960784315,0.6875,0.6470588235294118,0.6666666666666666,0.8039215686116878,41,10,12,22
com_erro,random_forest,queda,90,60,60,78,78,36,42,30,48,13,14,1,0.7692307692307693,0.7625,0.6875,0.7333333333333333,0.7096774193548387,0.7916666666501737,38,10,8,22
com_erro,random_forest,queda,90,65,65,72,72,33,39,28,44,12,15,3,0.7916666666666666,0.8100649350649352,0.6756756756756757,0.8928571428571429,0.7692307692307693,0.7272727272561984,32,12,3,25
com_erro,random_forest,queda,90,70,70,67,67,31,36,26,41,12,13,1,0.8059701492537313,0.799249530956848,0.7407407407407407,0.7692307692307693,0.7547169811320755,0.8292682926627009,34,7,6,20
com_erro,random_forest,queda,90,75,75,63,63,32,31,27,36,12,14,2,0.8253968253968254,0.8333333333333333,0.75,0.8888888888888888,0.8135593220338984,0.777777777756173,28,8,3,24
com_erro,random_forest,queda,90,80,80,59,59,27,32,22,37,13,12,-1,0.7796610169491526,0.7782555282555282,0.68,0.7727272727272727,0.723404255319149,0.7837837837626005,29,8,5,17
com_erro,random_forest,queda,90,85,85,55,55,27,28,26,29,10,12,2,0.7818181818181819,0.7811671087533156,0.7692307692307693,0.7692307692307693,0.7692307692307693,0.7931034482485136,23,6,6,20
com_erro,random_forest,queda,90,90,90,52,52,25,27,22,30,11,12,1,0.7115384615384616,0.7136363636363636,0.64,0.7272727272727273,0.6808510638297872,0.6999999999766666,21,9,6,16
com_erro,random_forest,queda,100,5,5,931,931,462,469,396,535,15,29,14,0.8109559613319012,0.825344567166997,0.7156862745098039,0.9217171717171717,0.8057395143487859,0.7289719626154599,390,145,31,365
com_erro,random_forest,queda,100,10,10,466,466,232,234,198,268,15,25,10,0.778969957081545,0.7920058796924468,0.6877470355731226,0.8787878787878788,0.7716186252771619,0.7052238805943836,189,79,24,174
com_erro,random_forest,queda,100,15,15,311,311,154,157,135,176,14,24,10,0.8006430868167203,0.8100589225589225,0.7212121212121212,0.8814814814814815,0.7933333333333333,0.7386363636321669,130,46,16,119
com_erro,random_forest,queda,100,20,20,233,233,118,115,101,132,13,19,6,0.7811158798283262,0.7940294029402941,0.6923076923076923,0.8910891089108911,0.7792207792207793,0.6969696969644169,92,40,11,90
com_erro,random_forest,queda,100,25,25,187,187,93,94,79,108,14,21,7,0.7914438502673797,0.8058485700890764,0.696078431372549,0.8987341772151899,0.7845303867403315,0.7129629629563614,77,31,8,71
com_erro,random_forest,queda,100,30,30,156,156,78,78,69,87,13,21,8,0.7628205128205128,0.7723638180909546,0.686046511627907,0.855072463768116,0.7612903225806451,0.689655172405866,60,27,10,59
com_erro,random_forest,queda,100,35,35,133,133,66,67,57,76,12,19,7,0.7443609022556391,0.75,0.6716417910447762,0.7894736842105263,0.7258064516129032,0.7105263157801246,54,22,12,45
com_erro,random_forest,queda,100,40,40,117,117,58,59,50,67,13,16,3,0.7863247863247863,0.793134328358209,0.711864406779661,0.84,0.7706422018348624,0.7462686567052795,50,17,8,42
com_erro,random_forest,queda,100,45,45,104,104,51,53,45,59,13,15,2,0.7596153846153846,0.764406779661017,0.6923076923076923,0.8,0.7422680412371134,0.7288135593096812,43,16,9,36
com_erro,random_forest,queda,100,50,50,94,94,47,47,40,54,14,18,4,0.7872340425531915,0.7986111111111112,0.7,0.875,0.7777777777777778,0.7222222222088478,39,15,5,35
com_erro,random_forest,queda,100,55,55,85,85,45,40,37,48,10,18,8,0.7058823529411765,0.7179054054054055,0.625,0.8108108108108109,0.7058823529411765,0.6249999999869792,30,18,7,30
com_erro,random_forest,queda,100,60,60,78,78,40,38,34,44,12,13,1,0.717948717948718,0.7199197860962567,0.6578947368421053,0.7352941176470589,0.6944444444444444,0.7045454545294422,31,13,9,25
com_erro,random_forest,queda,100,65,65,72,72,35,37,29,43,12,15,3,0.7638888888888888,0.7742582197273455,0.6666666666666666,0.8275862068965517,0.7384615384615385,0.7209302325413738,31,12,5,24
com_erro,random_forest,queda,100,70,70,67,67,34,33,28,39,11,11,0,0.746268656716418,0.7518315018315018,0.6666666666666666,0.7857142857142857,0.7213114754098361,0.7179487179303091,28,11,6,22
com_erro,random_forest,queda,100,75,75,63,63,34,29,29,34,13,15,2,0.7301587301587301,0.7398580121703854,0.6578947368421053,0.8620689655172413,0.746268656716418,0.6176470588053634,21,13,4,25
com_erro,random_forest,queda,100,80,80,59,59,28,31,23,36,12,12,0,0.7288135593220338,0.7306763285024154,0.6296296296296297,0.7391304347826086,0.68,0.7222222222021606,26,10,6,17
com_erro,random_forest,queda,100,85,85,55,55,27,28,26,29,10,10,0,0.8181818181818182,0.8196286472148542,0.7857142857142857,0.8461538461538461,0.8148148148148148,0.7931034482485136,23,6,4,22
com_erro,random_forest,queda,100,90,90,52,52,28,24,24,28,11,12,1,0.7115384615384616,0.7202380952380952,0.6451612903225806,0.8333333333333334,0.7272727272727273,0.6071428571211734,17,11,4,20
com_erro,random_forest,queda,100,95,95,49,49,25,24,19,30,12,11,-1,0.7346938775510204,0.7447368421052631,0.625,0.7894736842105263,0.6976744186046512,0.6999999999766666,21,9,4,15
com_erro,random_forest,queda,100,100,100,47,47,25,22,20,27,11,11,0,0.7021276595744681,0.7083333333333333,0.625,0.75,0.6818181818181818,0.6666666666419753,18,9,5,15
com_erro,xgboost,lacuna,20,5,5,947,947,261,686,251,696,23,23,0,1.0,1.0,1.0,1.0,1.0,0.9999999999985633,696,0,0,251
com_erro,xgboost,lacuna,20,10,10,474,474,131,343,129,345,23,23,0,1.0,1.0,1.0,1.0,1.0,0.9999999999971014,345,0,0,129
com_erro,xgboost,lacuna,20,15,15,316,316,83,233,83,233,23,23,0,0.9968354430379747,0.9939759036144578,1.0,0.9879518072289156,0.9939393939393939,0.9999999999957082,233,0,1,82
com_erro,xgboost,lacuna,20,20,20,237,237,67,170,62,175,22,22,0,1.0,1.0,1.0,1.0,1.0,0.9999999999942858,175,0,0,62
com_erro,xgboost,lacuna,30,5,5,945,945,303,642,295,650,22,22,0,1.0,1.0,1.0,1.0,1.0,0.9999999999984616,650,0,0,295
com_erro,xgboost,lacuna,30,10,10,473,473,152,321,151,322,22,22,0,1.0,1.0,1.0,1.0,1.0,0.9999999999968945,322,0,0,151
com_erro,xgboost,lacuna,30,15,15,315,315,100,215,99,216,21,21,0,1.0,1.0,1.0,1.0,1.0,0.9999999999953704,216,0,0,99
com_erro,xgboost,lacuna,30,20,20,237,237,75,162,75,162,22,22,0,1.0,1.0,1.0,1.0,1.0,0.9999999999938273,162,0,0,75
com_erro,xgboost,lacuna,30,25,25,189,189,60,129,57,132,20,20,0,1.0,1.0,1.0,1.0,1.0,0.9999999999924243,132,0,0,57
com_erro,xgboost,lacuna,30,30,30,158,158,49,109,49,109,20,20,0,1.0,1.0,1.0,1.0,1.0,0.9999999999908257,109,0,0,49
com_erro,xgboost,lacuna,40,5,5,943,943,344,599,337,606,21,21,0,1.0,1.0,1.0,1.0,1.0,0.9999999999983499,606,0,0,337
com_erro,xgboost,lacuna,40,10,10,472,472,172,300,172,300,21,21,0,1.0,1.0,1.0,1.0,1.0,0.9999999999966667,300,0,0,172
com_erro,xgboost,lacuna,40,15,15,315,315,113,202,112,203,20,20,0,0.9904761904761905,0.9866071428571428,1.0,0.9732142857142857,0.9864253393665159,0.9999999999950739,203,0,3,109
com_erro,xgboost,lacuna,40,20,20,236,236,88,148,84,152,19,19,0,1.0,1.0,1.0,1.0,1.0,0.9999999999934212,152,0,0,84
com_erro,xgboost,lacuna,40,25,25,189,189,72,117,68,121,19,19,0,1.0,1.0,1.0,1.0,1.0,0.9999999999917355,121,0,0,68
com_erro,xgboost,lacuna,40,30,30,158,158,54,104,55,103,20,20,0,0.9936708860759493,0.990909090909091,1.0,0.9818181818181818,0.9908256880733946,0.9999999999902912,103,0,1,54
com_erro,xgboost,lacuna,40,35,35,135,135,50,85,49,86,17,17,0,1.0,1.0,1.0,1.0,1.0,0.9999999999883721,86,0,0,49
com_erro,xgboost,lacuna,40,40,40,118,118,43,75,42,76,18,18,0,1.0,1.0,1.0,1.0,1.0,0.9999999999868421,76,0,0,42
com_erro,xgboost,lacuna,50,5,5,941,941,377,564,376,565,19,19,0,1.0,1.0,1.0,1.0,1.0,0.9999999999982301,565,0,0,376
com_erro,xgboost,lacuna,50,10,10,471,471,189,282,192,279,19,19,0,1.0,1.0,1.0,1.0,1.0,0.9999999999964158,279,0,0,192
com_erro,xgboost,lacuna,50,15,15,314,314,123,191,126,188,19,19,0,0.9968152866242038,0.996031746031746,1.0,0.9920634920634921,0.9960159362549801,0.9999999999946809,188,0,1,125
com_erro,xgboost,lacuna,50,20,20,236,236,95,141,96,140,18,18,0,1.0,1.0,1.0,1.0,1.0,0.9999999999928573,140,0,0,96
com_erro,xgboost,lacuna,50,25,25,189,189,75,114,74,115,19,19,0,1.0,1.0,1.0,1.0,1.0,0.9999999999913043,115,0,0,74
com_erro,xgboost,lacuna,50,30,30,157,157,61,96,63,94,18,18,0,1.0,1.0,1.0,1.0,1.0,0.9999999999893616,94,0,0,63
com_erro,xgboost,lacuna,50,35,35,135,135,55,80,57,78,15,15,0,1.0,1.0,1.0,1.0,1.0,0.9999999999871795,78,0,0,57
com_erro,xgboost,lacuna,50,40,40,118,118,48,70,49,69,16,16,0,1.0,1.0,1.0,1.0,1.0,0.9999999999855071,69,0,0,49
com_erro,xgboost,lacuna,50,45,45,105,105,41,64,42,63,16,16,0,0.9904761904761905,0.9880952380952381,1.0,0.9761904761904762,0.9879518072289156,0.999999999984127,63,0,1,41
com_erro,xgboost,lacuna,50,50,50,95,95,38,57,42,53,16,16,0,0.9894736842105263,0.9880952380952381,1.0,0.9761904761904762,0.9879518072289156,0.9999999999811321,53,0,1,41
com_erro,xgboost,lacuna,60,5,5,939,939,405,534,412,527,19,19,0,1.0,1.0,1.0,1.0,1.0,0.9999999999981025,527,0,0,412
com_erro,xgboost,lacuna,60,10,10,470,470,202,268,210,260,18,18,0,1.0,1.0,1.0,1.0,1.0,0.9999999999961539,260,0,0,210
com_erro,xgboost,lacuna,60,15,15,313,313,135,178,138,175,17,17,0,0.9904153354632588,0.9891304347826086,1.0,0.9782608695652174,0.989010989010989,0.9999999999942858,175,0,3,135
com_erro,xgboost,lacuna,60,20,20,235,235,103,132,103,132,17,17,0,1.0,1.0,1.0,1.0,1.0,0.9999999999924243,132,0,0,103
com_erro,xgboost,lacuna,60,25,25,188,188,83,105,82,106,17,17,0,1.0,1.0,1.0,1.0,1.0,0.999999999990566,106,0,0,82
com_erro,xgboost,lacuna,60,30,30,157,157,67,90,69,88,16,16,0,0.9936305732484076,0.9927536231884058,1.0,0.9855072463768116,0.9927007299270073,0.9999999999886363,88,0,1,68
com_erro,xgboost,lacuna,60,35,35,135,135,62,73,60,75,16,16,0,1.0,1.0,1.0,1.0,1.0,0.9999999999866667,75,0,0,60
com_erro,xgboost,lacuna,60,40,40,118,118,52,66,52,66,16,16,0,1.0,1.0,1.0,1.0,1.0,0.9999999999848485,66,0,0,52
com_erro,xgboost,lacuna,60,45,45,105,105,46,59,47,58,15,15,0,0.9904761904761905,0.9893617021276595,1.0,0.9787234042553191,0.989247311827957,0.9999999999827587,58,0,1,46
com_erro,xgboost,lacuna,60,50,50,94,94,40,54,42,52,15,15,0,0.9893617021276596,0.9880952380952381,1.0,0.9761904761904762,0.9879518072289156,0.9999999999807693,52,0,1,41
com_erro,xgboost,lacuna,60,55,55,86,86,40,46,39,47,15,15,0,1.0,1.0,1.0,1.0,1.0,0.9999999999787235,47,0,0,39
com_erro,xgboost,lacuna,60,60,60,79,79,37,42,34,45,16,16,0,1.0,1.0,1.0,1.0,1.0,0.9999999999777779,45,0,0,34
com_erro,xgboost,lacuna,70,5,5,937,937,431,506,447,490,17,17,0,1.0,1.0,1.0,1.0,1.0,0.9999999999979592,490,0,0,447
com_erro,xgboost,lacuna,70,10,10,469,469,215,254,227,242,16,16,0,1.0,1.0,1.0,1.0,1.0,0.9999999999958679,242,0,0,227
com_erro,xgboost,lacuna,70,15,15,313,313,143,170,149,164,16,18,2,0.9904153354632588,0.9899328859060403,1.0,0.9798657718120806,0.9898305084745763,0.9999999999939025,164,0,3,146
com_erro,xgboost,lacuna,70,20,20,235,235,108,127,113,122,16,16,0,1.0,1.0,1.0,1.0,1.0,0.9999999999918032,122,0,0,113
com_erro,xgboost,lacuna,70,25,25,188,188,88,100,89,99,16,16,0,1.0,1.0,1.0,1.0,1.0,0.999999999989899,99,0,0,89
com_erro,xgboost,lacuna,70,30,30,157,157,71,86,74,83,16,17,1,0.9936305732484076,0.9932432432432432,1.0,0.9864864864864865,0.9931972789115646,0.9999999999879517,83,0,1,73
com_erro,xgboost,lacuna,70,35,35,134,134,64,70,63,71,15,15,0,1.0,1.0,1.0,1.0,1.0,0.9999999999859155,71,0,0,63
com_erro,xgboost,lacuna,70,40,40,118,118,53,65,56,62,15,15,0,1.0,1.0,1.0,1.0,1.0,0.999999999983871,62,0,0,56
com_erro,xgboost,lacuna,70,45,45,105,105,49,56,50,55,15,15,0,0.9904761904761905,0.99,1.0,0.98,0.98989898989899,0.9999999999818182,55,0,1,49
com_erro,xgboost,lacuna,70,50,50,94,94,44,50,43,51,14,15,1,0.9893617021276596,0.9883720930232558,1.0,0.9767441860465116,0.9882352941176471,0.9999999999803922,51,0,1,42
com_erro,xgboost,lacuna,70,55,55,86,86,41,45,42,44,14,14,0,1.0,1.0,1.0,1.0,1.0,0.9999999999772728,44,0,0,42
com_erro,xgboost,lacuna,70,60,60,79,79,39,40,37,42,14,15,1,0.9873417721518988,0.9864864864864865,1.0,0.972972972972973,0.9863013698630136,0.9999999999761906,42,0,1,36
com_erro,xgboost,lacuna,70,65,65,73,73,33,40,35,38,14,14,0,1.0,1.0,1.0,1.0,1.0,0.9999999999736843,38,0,0,35
com_erro,xgboost,lacuna,70,70,70,67,67,36,31,30,37,14,14,0,1.0,1.0,1.0,1.0,1.0,0.9999999999729731,37,0,0,30
com_erro,xgboost,lacuna,80,5,5,935,935,455,480,478,457,16,16,0,1.0,1.0,1.0,1.0,1.0,0.9999999999978119,457,0,0,478
com_erro,xgboost,lacuna,80,10,10,468,468,227,241,242,226,16,16,0,1.0,1.0,1.0,1.0,1.0,0.9999999999955753,226,0,0,242
com_erro,xgboost,lacuna,80,15,15,312,312,149,163,161,151,16,16,0,0.9967948717948718,0.9968944099378882,1.0,0.9937888198757764,0.9968847352024922,0.9999999999933775,151,0,1,160
com_erro,xgboost,lacuna,80,20,20,234,234,116,118,120,114,15,15,0,1.0,1.0,1.0,1.0,1.0,0.999999999991228,114,0,0,120
com_erro,xgboost,lacuna,80,25,25,187,187,90,97,94,93,15,15,0,1.0,1.0,1.0,1.0,1.0,0.9999999999892473,93,0,0,94
com_erro,xgboost,lacuna,80,30,30,156,156,74,82,81,75,15,15,0,1.0,1.0,1.0,1.0,1.0,0.9999999999866667,75,0,0,81
com_erro,xgboost,lacuna,80,35,35,134,134,66,68,69,65,15,15,0,1.0,1.0,1.0,1.0,1.0,0.9999999999846153,65,0,0,69
com_erro,xgboost,lacuna,80,40,40,117,117,57,60,60,57,14,14,0,1.0,1.0,1.0,1.0,1.0,0.9999999999824563,57,0,0,60
com_erro,xgboost,lacuna,80,45,45,104,104,52,52,52,52,14,15,1,0.9903846153846154,0.9903846153846154,1.0,0.9807692307692307,0.9902912621359223,0.9999999999807693,52,0,1,51
com_erro,xgboost,lacuna,80,50,50,94,94,45,49,47,47,13,15,2,0.9574468085106383,0.9574468085106382,1.0,0.9148936170212766,0.9555555555555556,0.9999999999787235,47,0,4,43
com_erro,xgboost,lacuna,80,55,55,85,85,42,43,46,39,13,13,0,1.0,1.0,1.0,1.0,1.0,0.9999999999743591,39,0,0,46
com_erro,xgboost,lacuna,80,60,60,78,78,40,38,41,37,12,12,0,1.0,1.0,1.0,1.0,1.0,0.9999999999729731,37,0,0,41
com_erro,xgboost,lacuna,80,65,65,72,72,35,37,35,37,14,14,0,1.0,1.0,1.0,1.0,1.0,0.9999999999729731,37,0,0,35
com_erro,xgboost,lacuna,80,70,70,67,67,36,31,35,32,13,13,0,1.0,1.0,1.0,1.0,1.0,0.9999999999687501,32,0,0,35
com_erro,xgboost,lacuna,80,75,75,63,63,29,34,32,31,12,13,1,0.9682539682539683,0.96875,1.0,0.9375,0.967741935483871,0.9999999999677419,31,0,2,30
com_erro,xgboost,lacuna,80,80,80,59,59,30,29,30,29,11,11,0,1.0,1.0,1.0,1.0,1.0,0.9999999999655173,29,0,0,30
com_erro,xgboost,lacuna,90,5,5,933,933,478,455,507,426,16,16,0,1.0,1.0,1.0,1.0,1.0,0.9999999999976527,426,0,0,507
com_erro,xgboost,lacuna,90,10,10,467,467,239,228,257,210,16,16,0,1.0,1.0,1.0,1.0,1.0,0.9999999999952381,210,0,0,257
com_erro,xgboost,lacuna,90,15,15,311,311,160,151,170,141,15,15,0,0.9903536977491961,0.9911764705882353,1.0,0.9823529411764705,0.9910979228486647,0.9999999999929079,141,0,3,167
com_erro,xgboost,lacuna,90,20,20,234,234,120,114,128,106,15,15,0,1.0,1.0,1.0,1.0,1.0,0.999999999990566,106,0,0,128
com_erro,xgboost,lacuna,90,25,25,187,187,98,89,103,84,14,14,0,1.0,1.0,1.0,1.0,1.0,0.9999999999880952,84,0,0,103
com_erro,xgboost,lacuna,90,30,30,156,156,79,77,85,71,14,14,0,0.9935897435897436,0.9941176470588236,1.0,0.9882352941176471,0.9940828402366864,0.9999999999859155,71,0,1,84
com_erro,xgboost,lacuna,90,35,35,134,134,71,63,74,60,15,15,0,1.0,1.0,1.0,1.0,1.0,0.9999999999833334,60,0,0,74
com_erro,xgboost,lacuna,90,40,40,117,117,61,56,65,52,13,13,0,1.0,1.0,1.0,1.0,1.0,0.9999999999807693,52,0,0,65
com_erro,xgboost,lacuna,90,45,45,104,104,54,50,56,48,13,14,1,0.9807692307692307,0.9821428571428572,1.0,0.9642857142857143,0.9818181818181818,0.9999999999791668,48,0,2,54
com_erro,xgboost,lacuna,90,50,50,94,94,48,46,54,40,13,14,1,0.9574468085106383,0.962962962962963,1.0,0.9259259259259259,0.9615384615384616,0.9999999999750001,40,0,4,50
com_erro,xgboost,lacuna,90,55,55,85,85,43,42,48,37,13,13,0,1.0,1.0,1.0,1.0,1.0,0.9999999999729731,37,0,0,48
com_erro,xgboost,lacuna,90,60,60,78,78,40,38,44,34,11,11,0,0.9871794871794872,0.9886363636363636,1.0,0.9772727272727273,0.9885057471264368,0.9999999999705883,34,0,1,43
com_erro,xgboost,lacuna,90,65,65,72,72,37,35,39,33,13,14,1,0.9722222222222222,0.9743589743589743,1.0,0.9487179487179487,0.9736842105263158,0.9999999999696971,33,0,2,37
com_erro,xgboost,lacuna,90,70,70,67,67,36,31,38,29,13,13,0,1.0,1.0,1.0,1.0,1.0,0.9999999999655173,29,0,0,38
com_erro,xgboost,lacuna,90,75,75,63,63,34,29,34,29,12,12,0,1.0,1.0,1.0,1.0,1.0,0.9999999999655173,29,0,0,34
com_erro,xgboost,lacuna,90,80,80,59,59,33,26,33,26,11,11,0,1.0,1.0,1.0,1.0,1.0,0.9999999999615384,26,0,0,33
com_erro,xgboost,lacuna,90,85,85,55,55,25,30,25,30,14,14,0,0.9818181818181818,0.98,1.0,0.96,0.9795918367346939,0.9999999999666667,30,0,1,24
com_erro,xgboost,lacuna,90,90,90,52,52,25,27,26,26,13,13,0,1.0,1.0,1.0,1.0,1.0,0.9999999999615384,26,0,0,26
com_erro,xgboost,lacuna,100,5,5,931,931,500,431,535,396,15,15,0,1.0,1.0,1.0,1.0,1.0,0.9999999999974748,396,0,0,535
com_erro,xgboost,lacuna,100,10,10,466,466,250,216,271,195,15,15,0,1.0,1.0,1.0,1.0,1.0,0.9999999999948719,195,0,0,271
com_erro,xgboost,lacuna,100,15,15,311,311,166,145,178,133,15,15,0,0.9967845659163987,0.997191011235955,1.0,0.9943820224719101,0.9971830985915493,0.9999999999924812,133,0,1,177
com_erro,xgboost,lacuna,100,20,20,233,233,127,106,135,98,14,14,0,1.0,1.0,1.0,1.0,1.0,0.9999999999897958,98,0,0,135
com_erro,xgboost,lacuna,100,25,25,187,187,101,86,107,80,13,13,0,1.0,1.0,1.0,1.0,1.0,0.9999999999875,80,0,0,107
com_erro,xgboost,lacuna,100,30,30,156,156,83,73,89,67,13,13,0,1.0,1.0,1.0,1.0,1.0,0.9999999999850746,67,0,0,89
com_erro,xgboost,lacuna,100,35,35,133,133,74,59,76,57,13,13,0,1.0,1.0,1.0,1.0,1.0,0.9999999999824563,57,0,0,76
com_erro,xgboost,lacuna,100,40,40,117,117,65,52,68,49,12,12,0,1.0,1.0,1.0,1.0,1.0,0.9999999999795919,49,0,0,68
com_erro,xgboost,lacuna,100,45,45,104,104,56,48,59,45,12,13,1,0.9903846153846154,0.9915254237288136,1.0,0.9830508474576272,0.9914529914529915,0.9999999999777779,45,0,1,58
com_erro,xgboost,lacuna,100,50,50,94,94,50,44,57,37,12,14,2,0.9787234042553191,0.9824561403508771,1.0,0.9649122807017544,0.9821428571428571,0.9999999999729731,37,0,2,55
com_erro,xgboost,lacuna,100,55,55,85,85,44,41,49,36,13,13,0,1.0,1.0,1.0,1.0,1.0,0.9999999999722223,36,0,0,49
com_erro,xgboost,lacuna,100,60,60,78,78,42,36,46,32,11,11,0,1.0,1.0,1.0,1.0,1.0,0.9999999999687501,32,0,0,46
com_erro,xgboost,lacuna,100,65,65,72,72,38,34,41,31,12,12,0,0.9861111111111112,0.9878048780487805,1.0,0.975609756097561,0.9876543209876543,0.9999999999677419,31,0,1,40
com_erro,xgboost,lacuna,100,70,70,67,67,36,31,40,27,11,11,0,1.0,1.0,1.0,1.0,1.0,0.999999999962963,27,0,0,40
com_erro,xgboost,lacuna,100,75,75,63,63,34,29,36,27,12,12,0,0.9841269841269841,0.9861111111111112,1.0,0.9722222222222222,0.9859154929577465,0.999999999962963,27,0,1,35
com_erro,xgboost,lacuna,100,80,80,59,59,34,25,33,26,11,11,0,1.0,1.0,1.0,1.0,1.0,0.9999999999615384,26,0,0,33
com_erro,xgboost,lacuna,100,85,85,55,55,27,28,26,29,14,14,0,1.0,1.0,1.0,1.0,1.0,0.9999999999655173,29,0,0,26
com_erro,xgboost,lacuna,100,90,90,52,52,25,27,28,24,12,12,0,1.0,1.0,1.0,1.0,1.0,0.9999999999583333,24,0,0,28
com_erro,xgboost,lacuna,100,95,95,49,49,26,23,30,19,9,9,0,1.0,1.0,1.0,1.0,1.0,0.9999999999473684,19,0,0,30
com_erro,xgboost,lacuna,100,100,100,47,47,27,20,29,18,10,10,0,1.0,1.0,1.0,1.0,1.0,0.9999999999444444,18,0,0,29
com_erro,xgboost,oscilacao,20,5,5,947,947,282,665,423,524,22,42,20,0.8912354804646251,0.8882753144568964,0.8921568627450981,0.8605200945626478,0.8760529482551144,0.9160305343493969,480,44,59,364
com_erro,xgboost,oscilacao,20,10,10,474,474,143,331,212,262,21,32,11,0.8860759493670886,0.8838938499207836,0.8798076923076923,0.8632075471698113,0.8714285714285714,0.9045801526683032,237,25,29,183
com_erro,xgboost,oscilacao,20,15,15,316,316,95,221,140,176,21,33,12,0.8924050632911392,0.8902597402597403,0.8840579710144928,0.8714285714285714,0.8776978417266187,0.9090909090857439,160,16,18,122
com_erro,xgboost,oscilacao,20,20,20,237,237,71,166,105,132,19,31,12,0.890295358649789,0.8898268398268399,0.8691588785046729,0.8857142857142857,0.8773584905660378,0.8939393939326218,118,14,12,93
com_erro,xgboost,oscilacao,30,5,5,945,945,314,631,463,482,18,35,17,0.8603174603174604,0.8600906948191033,0.8637362637362638,0.8488120950323974,0.8562091503267973,0.8713692946040014,420,62,70,393
com_erro,xgboost,oscilacao,30,10,10,473,473,159,314,232,241,18,30,12,0.8520084566596194,0.8518743740163113,0.8521739130434782,0.8448275862068966,0.8484848484848485,0.8589211618221622,207,34,36,196
com_erro,xgboost,oscilacao,30,15,15,315,315,109,206,154,161,18,27,9,0.8444444444444444,0.8445793337097685,0.8343949044585988,0.8506493506493507,0.842443729903537,0.8385093167649783,135,26,23,131
com_erro,xgboost,oscilacao,30,20,20,237,237,78,159,117,120,18,25,7,0.8438818565400844,0.8432692307692308,0.8773584905660378,0.7948717948717948,0.8340807174887892,0.8916666666592361,107,13,24,93
com_erro,xgboost,oscilacao,30,25,25,189,189,62,127,94,95,18,28,10,0.8201058201058201,0.8201567749160135,0.8125,0.8297872340425532,0.8210526315789474,0.8105263157809418,77,18,16,78
com_erro,xgboost,oscilacao,30,30,30,158,158,55,103,77,81,18,23,5,0.8354430379746836,0.8359788359788359,0.8148148148148148,0.8571428571428571,0.8354430379746836,0.8148148148047554,66,15,11,66
com_erro,xgboost,oscilacao,40,5,5,943,943,344,599,497,446,18,39,21,0.8366914103923648,0.8370176214236089,0.855072463768116,0.8309859154929577,0.8428571428571429,0.8430493273523698,376,70,84,413
com_erro,xgboost,oscilacao,40,10,10,472,472,174,298,249,223,18,33,15,0.826271186440678,0.8262106722855548,0.8408163265306122,0.8273092369477911,0.8340080971659919,0.8251121076196184,184,39,43,206
com_erro,xgboost,oscilacao,40,15,15,315,315,114,201,166,149,18,29,11,0.819047619047619,0.8186908708660144,0.8303030303030303,0.8253012048192772,0.8277945619335347,0.8120805369073015,121,28,29,137
com_erro,xgboost,oscilacao,40,20,20,236,236,87,149,123,113,18,29,11,0.8177966101694916,0.8180084898194114,0.8333333333333334,0.8130081300813008,0.823045267489712,0.8230088495502388,93,20,23,100
com_erro,xgboost,oscilacao,40,25,25,189,189,69,120,102,87,16,27,11,0.8042328042328042,0.805104800540906,0.8350515463917526,0.7941176470588235,0.8140703517587939,0.8160919540136081,71,16,21,81
com_erro,xgboost,oscilacao,40,30,30,158,158,58,100,85,73,17,24,7,0.8164556962025317,0.8149073327961321,0.8255813953488372,0.8352941176470589,0.8304093567251462,0.7945205479343216,58,15,14,71
com_erro,xgboost,oscilacao,40,35,35,135,135,49,86,71,64,17,24,7,0.7925925925925926,0.7928036971830985,0.8115942028985508,0.7887323943661971,0.8,0.7968749999875487,51,13,15,56
com_erro,xgboost,oscilacao,40,40,40,118,118,45,73,62,56,17,23,6,0.7627118644067796,0.7629608294930876,0.7833333333333333,0.7580645161290323,0.7704918032786885,0.7678571428434312,43,13,15,47
com_erro,xgboost,oscilacao,50,5,5,941,941,370,571,531,410,18,37,19,0.8257173219978746,0.8250103348491111,0.8563106796116505,0.8305084745762712,0.8432122370936902,0.8195121951199524,336,74,90,441
com_erro,xgboost,oscilacao,50,10,10,471,471,187,284,266,205,18,32,14,0.8131634819532909,0.8122134604804695,0.8449612403100775,0.8195488721804511,0.8320610687022901,0.8048780487765617,165,40,48,218
com_erro,xgboost,oscilacao,50,15,15,314,314,123,191,177,137,16,29,13,0.7961783439490446,0.7952905274444307,0.8304093567251462,0.8022598870056498,0.8160919540229885,0.7883211678774575,108,29,35,142
com_erro,xgboost,oscilacao,50,20,20,236,236,93,143,134,102,17,27,10,0.7923728813559322,0.7867281240854551,0.8102189781021898,0.8283582089552238,0.8191881918819188,0.7450980392083814,76,26,23,111
com_erro,xgboost,oscilacao,50,25,25,189,189,73,116,109,80,16,22,6,0.7566137566137566,0.7557339449541285,0.8058252427184466,0.7614678899082569,0.7830188679245284,0.7499999999906249,60,20,26,83
com_erro,xgboost,oscilacao,50,30,30,157,157,62,95,89,68,16,24,8,0.7961783439490446,0.7976701916721745,0.8433734939759037,0.7865168539325843,0.813953488372093,0.8088235293998702,55,13,19,70
com_erro,xgboost,oscilacao,50,35,35,135,135,54,81,76,59,16,20,4,0.8148148148148148,0.8108831400535237,0.8311688311688312,0.8421052631578947,0.8366013071895425,0.779661016935938,46,13,12,64
com_erro,xgboost,oscilacao,50,40,40,118,118,46,72,67,51,16,21,5,0.7627118644067796,0.7559262510974539,0.782608695652174,0.8059701492537313,0.7941176470588235,0.7058823529273357,36,15,13,54
com_erro,xgboost,oscilacao,50,45,45,105,105,41,64,57,48,16,19,3,0.8,0.8009868421052632,0.8333333333333334,0.7894736842105263,0.8108108108108109,0.812499999983073,39,9,12,45
com_erro,xgboost,oscilacao,50,50,50,95,95,37,58,53,42,16,17,1,0.7578947368421053,0.7558400718778078,0.7884615384615384,0.7735849056603774,0.780952380952381,0.7380952380776644,31,11,12,41
com_erro,xgboost,oscilacao,60,5,5,939,939,392,547,564,375,16,39,23,0.8083067092651757,0.802,0.8453237410071942,0.8333333333333334,0.8392857142857143,0.7706666666646116,289,86,94,470
com_erro,xgboost,oscilacao,60,10,10,470,470,198,272,283,187,16,35,19,0.7978723404255319,0.7922469341093328,0.8405797101449275,0.8197879858657244,0.8300536672629696,0.7647058823488518,143,44,51,232
com_erro,xgboost,oscilacao,60,15,15,313,313,133,180,187,126,16,29,13,0.792332268370607,0.7860750360750361,0.8315217391304348,0.8181818181818182,0.8247978436657682,0.7539682539622701,95,31,34,153
com_erro,xgboost,oscilacao,60,20,20,235,235,99,136,140,95,16,24,8,0.8212765957446808,0.8144736842105262,0.85,0.85,0.85,0.7789473684128532,74,21,21,119
com_erro,xgboost,oscilacao,60,25,25,188,188,78,110,112,76,15,25,10,0.7606382978723404,0.7610432330827068,0.8252427184466019,0.7589285714285714,0.7906976744186046,0.7631578947268005,58,18,27,85
com_erro,xgboost,oscilacao,60,30,30,157,157,67,90,94,63,16,23,7,0.7770700636942676,0.7798041202296522,0.8470588235294118,0.7659574468085106,0.8044692737430168,0.793650793638196,50,13,22,72
com_erro,xgboost,oscilacao,60,35,35,135,135,56,79,81,54,15,24,9,0.7407407407407407,0.7376543209876543,0.8026315789473685,0.7530864197530864,0.7770700636942676,0.7222222222088478,39,15,20,61
com_erro,xgboost,oscilacao,60,40,40,118,118,49,69,70,48,15,20,5,0.8305084745762712,0.8145833333333333,0.8289473684210527,0.9,0.863013698630137,0.7291666666514758,35,13,7,63
com_erro,xgboost,oscilacao,60,45,45,105,105,45,60,62,43,16,19,3,0.7333333333333333,0.7349962490622656,0.8035714285714286,0.7258064516129032,0.7627118644067796,0.7441860464943213,32,11,17,45
com_erro,xgboost,oscilacao,60,50,50,94,94,40,54,56,38,15,19,4,0.7021276595744681,0.6865601503759399,0.7413793103448276,0.7678571428571429,0.7543859649122807,0.6052631578788089,23,15,13,43
com_erro,xgboost,oscilacao,60,55,55,86,86,35,51,52,34,14,14,0,0.7674418604651163,0.7720588235294117,0.8478260869565217,0.75,0.7959183673469388,0.7941176470354672,27,7,13,39
com_erro,xgboost,oscilacao,60,60,60,79,79,34,45,45,34,16,19,3,0.7974683544303798,0.7970588235294118,0.8372093023255814,0.8,0.8181818181818182,0.7941176470354672,27,7,9,36
com_erro,xgboost,oscilacao,70,5,5,937,937,413,524,594,343,15,44,29,0.8014941302027748,0.7855326834918672,0.8422818791946308,0.8451178451178452,0.8436974789915966,0.7259475218637728,249,94,92,502
com_erro,xgboost,oscilacao,70,10,10,469,469,208,261,298,171,15,35,20,0.7867803837953091,0.7748930491777543,0.8413793103448276,0.8187919463087249,0.8299319727891157,0.7309941520425088,125,46,54,244
com_erro,xgboost,oscilacao,70,15,15,313,313,137,176,198,115,15,26,11,0.7955271565495208,0.7855292050944225,0.8489583333333334,0.8232323232323232,0.8358974358974359,0.7478260869500188,86,29,35,163
com_erro,xgboost,oscilacao,70,20,20,235,235,103,132,150,85,15,22,7,0.7829787234042553,0.7713725490196078,0.8413793103448276,0.8133333333333334,0.8271186440677966,0.729411764697301,62,23,28,122
com_erro,xgboost,oscilacao,70,25,25,188,188,81,107,121,67,15,26,11,0.7553191489361702,0.7532996176144073,0.8440366972477065,0.7603305785123967,0.8,0.7462686567052795,50,17,29,92
com_erro,xgboost,oscilacao,70,30,30,157,157,69,88,101,56,15,23,8,0.7961783439490446,0.7978253182461104,0.8791208791208791,0.7920792079207921,0.8333333333333334,0.8035714285570791,45,11,21,80
com_erro,xgboost,oscilacao,70,35,35,134,134,58,76,82,52,15,20,5,0.753731343283582,0.7424953095684803,0.8024691358024691,0.7926829268292683,0.7975460122699386,0.6923076922943787,36,16,17,65
com_erro,xgboost,oscilacao,70,40,40,118,118,52,66,75,43,13,19,6,0.7796610169491526,0.772093023255814,0.8450704225352113,0.8,0.821917808219178,0.7441860464943213,32,11,15,60
com_erro,xgboost,oscilacao,70,45,45,105,105,45,60,67,38,15,19,4,0.7523809523809524,0.75471327572663,0.847457627118644,0.746268656716418,0.7936507936507936,0.7631578947167591,29,9,17,50
com_erro,xgboost,oscilacao,70,50,50,94,94,41,53,62,32,14,20,6,0.7553191489361702,0.7464717741935484,0.8421052631578947,0.7741935483870968,0.8067226890756303,0.7187499999775392,23,9,14,48
com_erro,xgboost,oscilacao,70,55,55,86,86,36,50,54,32,13,14,1,0.7209302325581395,0.7332175925925926,0.8409090909090909,0.6851851851851852,0.7551020408163265,0.781249999975586,25,7,17,37
com_erro,xgboost,oscilacao,70,60,60,79,79,34,45,50,29,13,16,3,0.759493670886076,0.7737931034482759,0.8780487804878049,0.72,0.7912087912087912,0.8275862068680143,24,5,14,36
com_erro,xgboost,oscilacao,70,65,65,73,73,32,41,46,27,14,15,1,0.7808219178082192,0.787842190016103,0.875,0.7608695652173914,0.813953488372093,0.8148148147846365,22,5,11,35
com_erro,xgboost,oscilacao,70,70,70,67,67,28,39,39,28,12,16,4,0.7313432835820896,0.728937728937729,0.7837837837837838,0.7435897435897436,0.7631578947368421,0.714285714260204,20,8,10,29
com_erro,xgboost,oscilacao,80,5,5,935,935,433,502,622,313,15,43,28,0.8117647058823529,0.7934468836999065,0.8655737704918033,0.8488745980707395,0.8571428571428571,0.7380191693267156,231,82,94,528
com_erro,xgboost,oscilacao,80,10,10,468,468,218,250,312,156,15,33,18,0.7991452991452992,0.7852564102564102,0.8657718120805369,0.8269230769230769,0.8459016393442623,0.7435897435849771,116,40,54,258
com_erro,xgboost,oscilacao,80,15,15,312,312,144,168,206,106,15,29,14,0.7916666666666666,0.7781187030591683,0.8578680203045685,0.8203883495145631,0.8387096774193549,0.7358490565968316,78,28,37,169
com_erro,xgboost,oscilacao,80,20,20,234,234,109,125,155,79,15,24,9,0.8076923076923077,0.789669252756227,0.8618421052631579,0.8451612903225807,0.8534201954397395,0.73417721518058,58,21,24,131
com_erro,xgboost,oscilacao,80,25,25,187,187,85,102,125,62,15,20,5,0.8074866310160428,0.7909677419354839,0.8677685950413223,0.84,0.8536585365853658,0.7419354838590011,46,16,20,105
com_erro,xgboost,oscilacao,80,30,30,156,156,73,83,104,52,15,21,6,0.7884615384615384,0.7788461538461539,0.865979381443299,0.8076923076923077,0.835820895522388,0.749999999985577,39,13,20,84
com_erro,xgboost,oscilacao,80,35,35,134,134,63,71,91,43,14,19,5,0.7761194029850746,0.7554306158957322,0.8505747126436781,0.8131868131868132,0.8314606741573034,0.6976744185884263,30,13,17,74
com_erro,xgboost,oscilacao,80,40,40,117,117,55,62,78,39,12,19,7,0.7692307692307693,0.7564102564102564,0.8493150684931506,0.7948717948717948,0.8211920529801324,0.7179487179303091,28,11,16,62
com_erro,xgboost,oscilacao,80,45,45,104,104,47,57,68,36,14,16,2,0.75,0.7173202614379085,0.8,0.8235294117647058,0.8115942028985508,0.6111111110941359,22,14,12,56
com_erro,xgboost,oscilacao,80,50,50,94,94,42,52,63,31,14,17,3,0.7340425531914894,0.7032770097286226,0.8064516129032258,0.7936507936507936,0.8,0.6129032257866805,19,12,13,50
com_erro,xgboost,oscilacao,80,55,55,85,85,37,48,55,30,12,16,4,0.7529411764705882,0.7636363636363637,0.8695652173913043,0.7272727272727273,0.7920792079207921,0.7999999999733334,24,6,15,40
com_erro,xgboost,oscilacao,80,60,60,78,78,36,42,52,26,12,15,3,0.8076923076923077,0.8173076923076923,0.9111111111111111,0.7884615384615384,0.845360824742268,0.8461538461213017,22,4,11,41
com_erro,xgboost,oscilacao,80,65,65,72,72,34,38,47,25,13,9,-4,0.7083333333333334,0.7017021276595745,0.8095238095238095,0.723404255319149,0.7640449438202247,0.6799999999728,17,8,13,34
com_erro,xgboost,oscilacao,80,70,70,67,67,33,34,46,21,10,13,3,0.7611940298507462,0.7225672877846792,0.8260869565217391,0.8260869565217391,0.8260869565217391,0.6190476190181405,13,8,8,38
com_erro,xgboost,oscilacao,80,75,75,63,63,28,35,41,22,13,14,1,0.8095238095238095,0.8009977827050998,0.8717948717948718,0.8292682926829268,0.85,0.7727272726921488,17,5,7,34
com_erro,xgboost,oscilacao,80,80,80,59,59,27,32,41,18,9,14,5,0.6949152542372882,0.7181571815718157,0.8709677419354839,0.6585365853658537,0.75,0.7777777777345679,14,4,14,27
com_erro,xgboost,oscilacao,90,5,5,933,933,453,480,650,283,15,34,19,0.7877813504823151,0.7629002446316934,0.8633440514469454,0.8261538461538461,0.8443396226415094,0.6996466431070684,198,85,113,537
com_erro,xgboost,oscilacao,90,10,10,467,467,228,239,326,141,15,33,18,0.7922912205567452,0.7667080015663752,0.865814696485623,0.8312883435582822,0.8482003129890454,0.7021276595694885,99,42,55,271
com_erro,xgboost,oscilacao,90,15,15,311,311,153,158,216,95,15,31,16,0.8167202572347267,0.7855019493177388,0.8697674418604651,0.8657407407407407,0.8677494199535963,0.705263157887313,67,28,29,187
com_erro,xgboost,oscilacao,90,20,20,234,234,113,121,164,70,13,25,12,0.7863247863247863,0.7493031358885017,0.8518518518518519,0.8414634146341463,0.8466257668711656,0.6571428571334693,46,24,26,138
com_erro,xgboost,oscilacao,90,25,25,187,187,91,96,131,56,15,22,7,0.7647058823529411,0.7400490730643403,0.8536585365853658,0.8015267175572519,0.8267716535433071,0.6785714285593113,38,18,26,105
com_erro,xgboost,oscilacao,90,30,30,156,156,77,79,109,47,14,17,3,0.8141025641025641,0.7822564903376927,0.8703703703703703,0.8623853211009175,0.8663594470046083,0.7021276595595293,33,14,15,94
com_erro,xgboost,oscilacao,90,35,35,134,134,65,69,93,41,13,19,6,0.7761194029850746,0.7432467873065828,0.8461538461538461,0.8279569892473119,0.8369565217391305,0.6585365853497919,27,14,16,77
com_erro,xgboost,oscilacao,90,40,40,117,117,56,61,82,35,11,16,5,0.7606837606837606,0.7473867595818815,0.8648648648648649,0.7804878048780488,0.8205128205128205,0.7142857142653062,25,10,18,64
com_erro,xgboost,oscilacao,90,45,45,104,104,50,54,72,32,12,14,2,0.8173076923076923,0.78125,0.863013698630137,0.875,0.8689655172413793,0.6874999999785157,22,10,9,63
com_erro,xgboost,oscilacao,90,50,50,94,94,45,49,64,30,14,18,4,0.7340425531914894,0.7072916666666667,0.819672131147541,0.78125,0.8,0.6333333333122222,19,11,14,50
com_erro,xgboost,oscilacao,90,55,55,85,85,38,47,59,26,12,13,1,0.8,0.8129074315514994,0.92,0.7796610169491526,0.8440366972477065,0.8461538461213017,22,4,13,46
com_erro,xgboost,oscilacao,90,60,60,78,78,38,40,56,22,11,15,4,0.7948717948717948,0.7743506493506493,0.8846153846153846,0.8214285714285714,0.8518518518518519,0.7272727272396694,16,6,10,46
com_erro,xgboost,oscilacao,90,65,65,72,72,35,37,49,23,12,10,-2,0.7638888888888888,0.7227151730257321,0.82,0.8367346938775511,0.8282828282828283,0.608695652147448,14,9,8,41
com_erro,xgboost,oscilacao,90,70,70,67,67,34,33,48,19,9,12,3,0.6716417910447762,0.6118421052631579,0.782608695652174,0.75,0.7659574468085106,0.47368421050138504,9,10,12,36
com_erro,xgboost,oscilacao,90,75,75,63,63,30,33,43,20,12,13,1,0.7936507936507936,0.7819767441860466,0.875,0.813953488372093,0.8433734939759037,0.7499999999625,15,5,8,35
com_erro,xgboost,oscilacao,90,80,80,59,59,28,31,43,16,9,13,4,0.711864406779661,0.684593023255814,0.8421052631578947,0.7441860465116279,0.7901234567901234,0.6249999999609375,10,6,11,32
com_erro,xgboost,oscilacao,90,85,85,55,55,27,28,39,16,10,9,-1,0.7636363636363637,0.6858974358974359,0.8095238095238095,0.8717948717948718,0.8395061728395061,0.49999999996875,8,8,5,34
com_erro,xgboost,oscilacao,90,90,90,52,52,26,26,35,17,12,10,-2,0.75,0.7084033613445379,0.8055555555555556,0.8285714285714286,0.8169014084507042,0.588235294083045,10,7,6,29
com_erro,xgboost,oscilacao,100,5,5,931,931,473,458,678,253,14,32,18,0.7926960257787325,0.7486533282031551,0.8668683812405447,0.8451327433628318,0.8558625840179238,0.6521739130409006,165,88,105,573
com_erro,xgboost,oscilacao,100,10,10,466,466,238,228,340,126,13,29,16,0.7918454935622318,0.7449579831932773,0.8648648648648649,0.8470588235294118,0.8558692421991084,0.6428571428520408,81,45,52,288
com_erro,xgboost,oscilacao,100,15,15,311,311,157,154,226,85,14,26,12,0.7781350482315113,0.7372462259239979,0.8617511520737328,0.827433628318584,0.8442437923250564,0.6470588235217993,55,30,39,187
com_erro,xgboost,oscilacao,100,20,20,233,233,119,114,169,64,12,23,11,0.8111587982832618,0.7484744822485208,0.8571428571428571,0.8875739644970414,0.872093023255814,0.6093749999904785,39,25,19,150
com_erro,xgboost,oscilacao,100,25,25,187,187,94,93,138,49,12,23,11,0.8288770053475936,0.7919254658385093,0.8955223880597015,0.8695652173913043,0.8823529411764706,0.7142857142711371,35,14,18,120
com_erro,xgboost,oscilacao,100,30,30,156,156,79,77,115,41,11,17,6,0.7564102564102564,0.7092258748674443,0.8532110091743119,0.808695652173913,0.8303571428571429,0.6097560975461036,25,16,22,93
com_erro,xgboost,oscilacao,100,35,35,133,133,66,67,94,39,12,16,4,0.7894736842105263,0.7385433715220949,0.84375,0.8617021276595744,0.8526315789473684,0.6153846153688364,24,15,13,81
com_erro,xgboost,oscilacao,100,40,40,117,117,59,58,84,33,11,16,5,0.811965811965812,0.7586580086580086,0.8604651162790697,0.8809523809523809,0.8705882352941177,0.6363636363443527,21,12,10,74
com_erro,xgboost,oscilacao,100,45,45,104,104,53,51,74,30,11,13,2,0.8173076923076923,0.7725225225225225,0.8666666666666667,0.8783783783783784,0.87248322147651,0.6666666666444444,20,10,9,65
com_erro,xgboost,oscilacao,100,50,50,94,94,47,47,68,26,12,15,3,0.7872340425531915,0.7697963800904977,0.8870967741935484,0.8088235294117647,0.8461538461538461,0.7307692307411242,19,7,13,55
com_erro,xgboost,oscilacao,100,55,55,85,85,41,44,63,22,10,14,4,0.7058823529411765,0.7128427128427128,0.88,0.6984126984126984,0.7787610619469026,0.7272727272396694,16,6,19,44
com_erro,xgboost,oscilacao,100,60,60,78,78,40,38,58,20,10,11,1,0.7307692307692307,0.6879310344827586,0.8490566037735849,0.7758620689655172,0.8108108108108109,0.59999999997,12,8,13,45
com_erro,xgboost,oscilacao,100,65,65,72,72,37,35,54,18,9,11,2,0.7638888888888888,0.6944444444444444,0.8490566037735849,0.8333333333333334,0.8411214953271028,0.5555555555246914,10,8,9,45
com_erro,xgboost,oscilacao,100,70,70,67,67,35,32,49,18,9,12,3,0.6716417910447762,0.6173469387755102,0.8,0.7346938775510204,0.7659574468085106,0.4999999999722222,9,9,13,36
com_erro,xgboost,oscilacao,100,75,75,63,63,31,32,46,17,9,10,1,0.7619047619047619,0.7071611253196931,0.8444444444444444,0.8260869565217391,0.8351648351648352,0.588235294083045,10,7,8,38
com_erro,xgboost,oscilacao,100,80,80,59,59,30,29,44,15,8,12,4,0.8135593220338984,0.7871212121212121,0.9024390243902439,0.8409090909090909,0.8705882352941177,0.7333333332844444,11,4,7,37
com_erro,xgboost,oscilacao,100,85,85,55,55,28,27,39,16,10,9,-1,0.7454545454545455,0.6915064102564102,0.8205128205128205,0.8205128205128205,0.8205128205128205,0.5624999999648438,9,7,7,32
com_erro,xgboost,oscilacao,100,90,90,52,52,28,24,36,16,11,11,0,0.7884615384615384,0.7604166666666667,0.8571428571428571,0.8333333333333334,0.8450704225352113,0.6874999999570313,11,5,6,30
com_erro,xgboost,oscilacao,100,95,95,49,49,23,26,34,15,9,12,3,0.673469387755102,0.6715686274509804,0.8214285714285714,0.6764705882352942,0.7419354838709677,0.6666666666222222,10,5,11,23
com_erro,xgboost,oscilacao,100,100,100,47,47,23,24,34,13,8,8,0,0.6382978723404256,0.6074660633484164,0.7931034482758621,0.6764705882352942,0.7301587301587301,0.5384615384201183,7,6,11,23
com_erro,xgboost,queda,20,5,5,947,947,219,728,175,772,17,44,27,0.9081309398099261,0.9105107327905255,0.6896551724137931,0.9142857142857143,0.7862407862407862,0.9067357512941623,700,72,15,160
com_erro,xgboost,queda,20,10,10,474,474,112,362,88,386,17,35,18,0.8945147679324894,0.8869818652849741,0.6637931034482759,0.875,0.7549019607843137,0.8989637305676192,347,39,11,77
com_erro,xgboost,queda,20,15,15,316,316,73,243,59,257,15,31,16,0.8924050632911392,0.8816197322429599,0.6623376623376623,0.864406779661017,0.75,0.8988326848214053,231,26,8,51
com_erro,xgboost,queda,20,20,20,237,237,59,178,45,192,16,30,14,0.8987341772151899,0.8949652777777777,0.6779661016949152,0.8888888888888888,0.7692307692307693,0.9010416666619738,173,19,5,40
com_erro,xgboost,queda,30,5,5,945,945,257,688,207,738,16,37,21,0.8984126984126984,0.9054141628372805,0.7063197026022305,0.9178743961352657,0.7983193277310925,0.8929539295380854,659,79,17,190
com_erro,xgboost,queda,30,10,10,473,473,131,342,104,369,16,31,15,0.8900634249471459,0.8881071503022722,0.696969696969697,0.8846153846153846,0.7796610169491526,0.8915989159867437,329,40,12,92
com_erro,xgboost,queda,30,15,15,315,315,86,229,67,248,15,28,13,0.8952380952380953,0.9007883967260472,0.6931818181818182,0.9104477611940298,0.7870967741935484,0.8911290322544713,221,27,6,61
com_erro,xgboost,queda,30,20,20,237,237,66,171,53,184,15,26,11,0.8818565400843882,0.8500307629204267,0.711864406779661,0.7924528301886793,0.75,0.9076086956472413,167,17,11,42
com_erro,xgboost,queda,30,25,25,189,189,53,136,41,148,14,23,9,0.873015873015873,0.8748352010547132,0.6545454545454545,0.8780487804878049,0.75,0.8716216216157323,129,19,5,36
com_erro,xgboost,queda,30,30,30,158,158,42,116,35,123,15,23,8,0.8987341772151899,0.8940766550522647,0.7209302325581395,0.8857142857142857,0.7948717948717948,0.902439024382907,111,12,4,31
com_erro,xgboost,queda,40,5,5,943,943,292,651,237,706,16,32,16,0.8844114528101803,0.8863658096365092,0.717687074829932,0.890295358649789,0.7947269303201506,0.8824362606219796,623,83,26,211
com_erro,xgboost,queda,40,10,10,472,472,148,324,119,353,15,26,11,0.8771186440677966,0.8760682743352298,0.7074829931972789,0.8739495798319328,0.7819548872180451,0.8781869688360392,310,43,15,104
com_erro,xgboost,queda,40,15,15,315,315,96,219,82,233,15,25,10,0.873015873015873,0.8667434313828117,0.7142857142857143,0.8536585365853658,0.7777777777777778,0.8798283261764814,205,28,12,70
com_erro,xgboost,queda,40,20,20,236,236,76,160,61,175,14,23,9,0.8728813559322034,0.8769086651053863,0.7012987012987013,0.8852459016393442,0.782608695652174,0.8685714285664654,152,23,7,54
com_erro,xgboost,queda,40,25,25,189,189,59,130,48,141,14,24,10,0.8571428571428571,0.849290780141844,0.6779661016949152,0.8333333333333334,0.7476635514018691,0.8652482269442182,122,19,8,40
com_erro,xgboost,queda,40,30,30,158,158,49,109,42,116,15,23,8,0.8354430379746836,0.8423645320197044,0.6428571428571429,0.8571428571428571,0.7346938775510204,0.8275862068894173,96,20,6,36
com_erro,xgboost,queda,40,35,35,135,135,42,93,33,102,14,21,7,0.8814814814814815,0.8703208556149733,0.717948717948718,0.8484848484848485,0.7777777777777778,0.8921568627363514,91,11,5,28
com_erro,xgboost,queda,40,40,40,118,118,38,80,29,89,14,21,7,0.8389830508474576,0.8583882216195273,0.6190476190476191,0.896551724137931,0.7323943661971831,0.8202247190919075,73,16,3,26
com_erro,xgboost,queda,50,5,5,941,941,324,617,266,675,15,36,21,0.8788522848034006,0.8859426343636869,0.7317073170731707,0.9022556390977443,0.8080808080808081,0.8696296296283413,587,88,26,240
com_erro,xgboost,queda,50,10,10,471,471,164,307,133,338,15,25,10,0.8853503184713376,0.8881968234194955,0.7484276729559748,0.8947368421052632,0.815068493150685,0.8816568047311194,298,40,14,119
com_erro,xgboost,queda,50,15,15,314,314,107,207,89,225,14,23,9,0.8821656050955414,0.8770287141073658,0.7549019607843137,0.8651685393258427,0.806282722513089,0.8888888888849383,200,25,12,77
com_erro,xgboost,queda,50,20,20,236,236,82,154,67,169,15,20,5,0.8940677966101694,0.8764903294179988,0.8,0.835820895522388,0.8175182481751825,0.9171597633081825,155,14,11,56
com_erro,xgboost,queda,50,25,25,189,189,65,124,53,136,15,23,8,0.8306878306878307,0.8362930077691454,0.6521739130434783,0.8490566037735849,0.7377049180327869,0.8235294117586506,112,24,8,45
com_erro,xgboost,queda,50,30,30,157,157,53,104,44,113,14,21,7,0.8789808917197452,0.8881737731295254,0.7272727272727273,0.9090909090909091,0.8080808080808081,0.8672566371604667,98,15,4,40
com_erro,xgboost,queda,50,35,35,135,135,48,87,39,96,14,20,6,0.8444444444444444,0.8373397435897436,0.6956521739130435,0.8205128205128205,0.7529411764705882,0.8541666666577691,82,14,7,32
com_erro,xgboost,queda,50,40,40,118,118,41,77,33,85,14,21,7,0.8220338983050848,0.8393939393939394,0.6304347826086957,0.8787878787878788,0.7341772151898734,0.7999999999905882,68,17,4,29
com_erro,xgboost,queda,50,45,45,105,105,33,72,31,74,14,19,5,0.8380952380952381,0.8289014821272885,0.6944444444444444,0.8064516129032258,0.746268656716418,0.8513513513398465,63,11,6,25
com_erro,xgboost,queda,50,50,50,95,95,34,61,27,68,15,20,5,0.8526315789473684,0.8412309368191722,0.7096774193548387,0.8148148148148148,0.7586206896551724,0.8676470588107699,59,9,5,22
com_erro,xgboost,queda,60,5,5,939,939,356,583,292,647,15,27,12,0.8775292864749734,0.8857609409074548,0.7507082152974505,0.9075342465753424,0.8217054263565892,0.8639876352382319,559,88,27,265
com_erro,xgboost,queda,60,10,10,470,470,180,290,146,324,15,28,13,0.8723404255319149,0.8829485878572636,0.7388888888888889,0.910958904109589,0.8159509202453987,0.8549382716022996,277,47,13,133
com_erro,xgboost,queda,60,15,15,313,313,118,195,96,217,14,25,11,0.8849840255591054,0.8967213901689708,0.7542372881355932,0.9270833333333334,0.8317757009345794,0.8663594470006158,188,29,7,89
com_erro,xgboost,queda,60,20,20,235,235,92,143,75,160,14,28,14,0.851063829787234,0.869375,0.7040816326530612,0.92,0.7976878612716763,0.8187499999948828,131,29,6,69
com_erro,xgboost,queda,60,25,25,188,188,75,113,57,131,14,22,8,0.8563829787234043,0.8771260211597697,0.6973684210526315,0.9298245614035088,0.7969924812030075,0.8244274809097373,108,23,4,53
com_erro,xgboost,queda,60,30,30,157,157,58,99,50,107,14,20,6,0.8853503184713376,0.8892523364485981,0.7758620689655172,0.9,0.8333333333333334,0.8785046728889859,94,13,5,45
com_erro,xgboost,queda,60,35,35,135,135,52,83,45,90,15,24,9,0.7925925925925926,0.8111111111111111,0.639344262295082,0.8666666666666667,0.7358490566037735,0.7555555555471605,68,22,6,39
com_erro,xgboost,queda,60,40,40,118,118,45,73,37,81,14,20,6,0.8305084745762712,0.8471805138471805,0.673469387755102,0.8918918918918919,0.7674418604651163,0.8024691357925621,65,16,4,33
com_erro,xgboost,queda,60,45,45,105,105,41,64,32,73,14,18,4,0.8380952380952381,0.857234589041096,0.6744186046511628,0.90625,0.7733333333333333,0.8082191780711202,59,14,3,29
com_erro,xgboost,queda,60,50,50,94,94,38,56,28,66,14,22,8,0.8085106382978723,0.8430735930735931,0.6190476190476191,0.9285714285714286,0.7428571428571429,0.7575757575642791,50,16,2,26
com_erro,xgboost,queda,60,55,55,86,86,32,54,25,61,14,19,5,0.8023255813953488,0.8370491803278688,0.6052631578947368,0.92,0.7301587301587301,0.7540983606433754,46,15,2,23
com_erro,xgboost,queda,60,60,60,79,79,30,49,26,53,13,15,2,0.8354430379746836,0.8577648766328012,0.6857142857142857,0.9230769230769231,0.7868852459016393,0.7924528301737274,42,11,2,24
com_erro,xgboost,queda,70,5,5,937,937,386,551,318,619,15,39,24,0.8644610458911419,0.8828883063573831,0.7346437346437347,0.940251572327044,0.8248275862068966,0.8255250403863885,511,108,19,299
com_erro,xgboost,queda,70,10,10,469,469,195,274,159,310,15,29,14,0.8656716417910447,0.8815378372895111,0.74,0.9308176100628931,0.8245125348189415,0.8322580645134443,258,52,11,148
com_erro,xgboost,queda,70,15,15,313,313,128,185,109,204,15,27,12,0.8722044728434505,0.8805990286022666,0.7674418604651163,0.908256880733945,0.8319327731092437,0.8529411764664072,174,30,10,99
com_erro,xgboost,queda,70,20,20,235,235,97,138,80,155,15,31,16,0.8382978723404255,0.8502016129032257,0.71,0.8875,0.7888888888888889,0.8129032258012071,126,29,9,71
com_erro,xgboost,queda,70,25,25,188,188,77,111,64,124,14,26,12,0.8138297872340425,0.8361895161290323,0.6666666666666666,0.90625,0.7682119205298014,0.766129032251886,95,29,6,58
com_erro,xgboost,queda,70,30,30,157,157,65,92,56,101,15,25,10,0.8343949044585988,0.851396746817539,0.7083333333333334,0.9107142857142857,0.796875,0.7920792079129497,80,21,5,51
com_erro,xgboost,queda,70,35,35,134,134,56,78,46,88,14,22,8,0.8283582089552238,0.8641304347826086,0.6716417910447762,0.9782608695652174,0.7964601769911505,0.7499999999914773,66,22,1,45
com_erro,xgboost,queda,70,40,40,118,118,48,70,39,79,15,18,3,0.847457627118644,0.8536189548847777,0.723404255319149,0.8717948717948718,0.7906976744186046,0.8354430379641082,66,13,5,34
com_erro,xgboost,queda,70,45,45,105,105,43,62,36,69,15,19,4,0.8380952380952381,0.8568840579710144,0.7021276595744681,0.9166666666666666,0.7951807228915663,0.7971014492638101,55,14,3,33
com_erro,xgboost,queda,70,50,50,94,94,38,56,33,61,13,19,6,0.8085106382978723,0.8246398410332836,0.6744186046511628,0.8787878787878788,0.7631578947368421,0.7704918032660576,47,14,4,29
com_erro,xgboost,queda,70,55,55,86,86,36,50,27,59,14,19,5,0.7906976744186046,0.8273697426239799,0.6097560975609756,0.9259259259259259,0.7352941176470589,0.7288135593096812,43,16,2,25
com_erro,xgboost,queda,70,60,60,79,79,33,46,28,51,14,20,6,0.7341772151898734,0.7619047619047619,0.5853658536585366,0.8571428571428571,0.6956521739130435,0.6666666666535949,34,17,4,24
com_erro,xgboost,queda,70,65,65,73,73,30,43,25,48,14,18,4,0.863013698630137,0.8766666666666667,0.7419354838709677,0.92,0.8214285714285714,0.8333333333159723,40,8,2,23
com_erro,xgboost,queda,70,70,70,67,67,27,40,21,46,13,19,6,0.6716417910447762,0.7220496894409938,0.4864864864864865,0.8571428571428571,0.6206896551724138,0.5869565217263706,27,19,3,18
com_erro,xgboost,queda,80,5,5,935,935,414,521,344,591,15,36,21,0.8342245989304813,0.8585394286388857,0.7032258064516129,0.9505813953488372,0.8084054388133498,0.7664974619276371,453,138,17,327
com_erro,xgboost,queda,80,10,10,468,468,208,260,172,296,15,25,10,0.8397435897435898,0.8611329352608422,0.7136563876651982,0.9418604651162791,0.8120300751879699,0.7804054054027689,231,65,10,162
com_erro,xgboost,queda,80,15,15,312,312,138,174,115,197,14,26,12,0.842948717948718,0.8539174575148973,0.7357142857142858,0.8956521739130435,0.807843137254902,0.8121827411126286,160,37,12,103
com_erro,xgboost,queda,80,20,20,234,234,106,128,88,146,14,25,11,0.8461538461538461,0.8676836861768369,0.7241379310344828,0.9545454545454546,0.8235294117647058,0.7808219178028711,114,32,4,84
com_erro,xgboost,queda,80,25,25,187,187,82,105,68,119,14,27,13,0.8128342245989305,0.8340336134453781,0.6813186813186813,0.9117647058823529,0.779874213836478,0.7563025210020479,90,29,6,62
com_erro,xgboost,queda,80,30,30,156,156,68,88,57,99,14,19,5,0.8141025641025641,0.8349282296650717,0.6842105263157895,0.9122807017543859,0.7819548872180451,0.7575757575681052,75,24,5,52
com_erro,xgboost,queda,80,35,35,134,134,60,74,48,86,13,23,10,0.8059701492537313,0.8350290697674418,0.6617647058823529,0.9375,0.7758620689655172,0.7325581395263656,63,23,3,45
com_erro,xgboost,queda,80,40,40,117,117,54,63,43,74,13,18,5,0.8034188034188035,0.8348522941546197,0.6612903225806451,0.9534883720930233,0.780952380952381,0.7162162162065376,53,21,2,41
com_erro,xgboost,queda,80,45,45,104,104,44,60,38,66,14,20,6,0.7788461538461539,0.7978468899521531,0.6470588235294118,0.868421052631579,0.7415730337078652,0.727272727261708,48,18,5,33
com_erro,xgboost,queda,80,50,50,94,94,41,53,35,59,13,18,5,0.776595744680851,0.7929782082324455,0.6521739130434783,0.8571428571428571,0.7407407407407407,0.7288135593096812,43,16,5,30
com_erro,xgboost,queda,80,55,55,85,85,40,45,32,53,12,18,6,0.8117647058823529,0.8181014150943396,0.7105263157894737,0.84375,0.7714285714285715,0.7924528301737274,42,11,5,27
com_erro,xgboost,queda,80,60,60,78,78,35,43,28,50,13,15,2,0.8333333333333334,0.8464285714285715,0.7142857142857143,0.8928571428571429,0.7936507936507936,0.7999999999840001,40,10,3,25
com_erro,xgboost,queda,80,65,65,72,72,31,41,27,45,13,16,3,0.8194444444444444,0.8333333333333333,0.7058823529411765,0.8888888888888888,0.7868852459016393,0.7777777777604938,35,10,3,24
com_erro,xgboost,queda,80,70,70,67,67,28,39,22,45,13,16,3,0.8656716417910447,0.8883838383838384,0.7241379310344828,0.9545454545454546,0.8235294117647058,0.8222222222039507,37,8,1,21
com_erro,xgboost,queda,80,75,75,63,63,30,33,26,37,12,16,4,0.8095238095238095,0.8206860706860707,0.71875,0.8846153846153846,0.7931034482758621,0.7567567567363039,28,9,3,23
com_erro,xgboost,queda,80,80,80,59,59,27,32,20,39,13,15,2,0.7457627118644068,0.7833333333333333,0.5806451612903226,0.9,0.7058823529411765,0.6666666666495727,26,13,2,18
com_erro,xgboost,queda,90,5,5,933,933,438,495,370,563,15,36,21,0.834941050375134,0.8562839037972253,0.7186234817813765,0.9594594594594594,0.8217592592592593,0.7531083481336535,424,139,15,355
com_erro,xgboost,queda,90,10,10,467,467,220,247,185,282,15,27,12,0.8351177730192719,0.8551082997891508,0.7213114754098361,0.9513513513513514,0.8205128205128205,0.7588652482242594,214,68,9,176
com_erro,xgboost,queda,90,15,15,311,311,146,165,122,189,14,24,10,0.8585209003215434,0.8792393095671784,0.74375,0.9754098360655737,0.8439716312056738,0.7830687830646399,148,41,3,119
com_erro,xgboost,queda,90,20,20,234,234,110,124,93,141,15,21,6,0.8504273504273504,0.8612445664607641,0.7589285714285714,0.9139784946236559,0.8292682926829268,0.8085106382921383,114,27,8,85
com_erro,xgboost,queda,90,25,25,187,187,88,99,75,112,13,23,10,0.839572192513369,0.8506547619047619,0.7472527472527473,0.9066666666666666,0.8192771084337349,0.7946428571357621,89,23,7,68
com_erro,xgboost,queda,90,30,30,156,156,72,84,63,93,13,24,11,0.8205128205128205,0.8366615463389657,0.7160493827160493,0.9206349206349206,0.8055555555555556,0.7526881720349173,70,23,5,58
com_erro,xgboost,queda,90,35,35,134,134,63,71,53,81,13,18,5,0.8283582089552238,0.8417190775681342,0.7272727272727273,0.9056603773584906,0.8067226890756303,0.7777777777681756,63,18,5,48
com_erro,xgboost,queda,90,40,40,117,117,55,62,46,71,13,18,5,0.8290598290598291,0.8476729944886712,0.7166666666666667,0.9347826086956522,0.8113207547169812,0.7605633802709779,54,17,3,43
com_erro,xgboost,queda,90,45,45,104,104,47,57,42,62,13,17,4,0.8173076923076923,0.8429339477726574,0.6949152542372882,0.9761904761904762,0.8118811881188119,0.7096774193433923,44,18,1,41
com_erro,xgboost,queda,90,50,50,94,94,43,51,36,58,13,15,2,0.851063829787234,0.8687739463601533,0.7391304347826086,0.9444444444444444,0.8292682926829268,0.7931034482621879,46,12,2,34
com_erro,xgboost,queda,90,55,55,85,85,40,45,34,51,12,18,6,0.7764705882352941,0.7843137254901961,0.6829268292682927,0.8235294117647058,0.7466666666666667,0.7450980392010765,38,13,6,28
com_erro,xgboost,queda,90,60,60,78,78,36,42,30,48,13,14,1,0.8076923076923077,0.8125,0.7142857142857143,0.8333333333333334,0.7692307692307693,0.7916666666501737,38,10,5,25
com_erro,xgboost,queda,90,65,65,72,72,33,39,28,44,12,17,5,0.8055555555555556,0.8214285714285714,0.6944444444444444,0.8928571428571429,0.78125,0.7499999999829546,33,11,3,25
com_erro,xgboost,queda,90,70,70,67,67,31,36,26,41,12,16,4,0.7761194029850746,0.8030018761726079,0.6486486486486487,0.9230769230769231,0.7619047619047619,0.682926829251636,28,13,2,24
com_erro,xgboost,queda,90,75,75,63,63,32,31,27,36,12,13,1,0.873015873015873,0.8842592592592593,0.7878787878787878,0.9629629629629629,0.8666666666666667,0.805555555533179,29,7,1,26
com_erro,xgboost,queda,90,80,80,59,59,27,32,22,37,13,14,1,0.7627118644067796,0.773955773955774,0.6428571428571429,0.8181818181818182,0.72,0.7297297297100074,27,10,4,18
com_erro,xgboost,queda,90,85,85,55,55,27,28,26,29,10,13,3,0.8363636363636363,0.8408488063660478,0.7741935483870968,0.9230769230769231,0.8421052631578947,0.7586206896290131,22,7,2,24
com_erro,xgboost,queda,90,90,90,52,52,25,27,22,30,11,13,2,0.8461538461538461,0.8666666666666667,0.7333333333333333,1.0,0.8461538461538461,0.7333333333088888,22,8,0,22
com_erro,xgboost,queda,100,5,5,931,931,462,469,396,535,15,29,14,0.8131041890440387,0.8334466156896063,0.7032967032967034,0.9696969696969697,0.8152866242038217,0.6971962616809398,373,162,12,384
com_erro,xgboost,queda,100,10,10,466,466,232,234,198,268,15,23,8,0.8197424892703863,0.8386665159053219,0.7126865671641791,0.9646464646464646,0.8197424892703863,0.7126865671615199,191,77,7,191
com_erro,xgboost,queda,100,15,15,311,311,154,157,135,176,14,24,10,0.8102893890675241,0.8237584175084175,0.7183908045977011,0.9259259259259259,0.8090614886731392,0.7215909090868092,127,49,10,125
com_erro,xgboost,queda,100,20,20,233,233,118,115,101,132,13,24,11,0.7939914163090128,0.8123687368736874,0.6906474820143885,0.9504950495049505,0.8,0.6742424242373164,89,43,5,96
com_erro,xgboost,queda,100,25,25,187,187,93,94,79,108,14,19,5,0.8128342245989305,0.8294655414908579,0.7115384615384616,0.9367088607594937,0.8087431693989071,0.722222222215535,78,30,5,74
com_erro,xgboost,queda,100,30,30,156,156,78,78,69,87,13,20,7,0.8076923076923077,0.8185907046476761,0.7241379310344828,0.9130434782608695,0.8076923076923077,0.7241379310261593,63,24,6,63
com_erro,xgboost,queda,100,35,35,133,133,66,67,57,76,12,15,3,0.8421052631578947,0.8596491228070176,0.7368421052631579,0.9824561403508771,0.8421052631578947,0.7368421052534626,56,20,1,56
com_erro,xgboost,queda,100,40,40,117,117,58,59,50,67,13,19,6,0.7777777777777778,0.7958208955223881,0.6764705882352942,0.92,0.7796610169491526,0.6716417910347516,45,22,4,46
com_erro,xgboost,queda,100,45,45,104,104,51,53,45,59,13,17,4,0.7884615384615384,0.8056497175141243,0.6885245901639344,0.9333333333333333,0.7924528301886793,0.6779661016834243,40,19,3,42
com_erro,xgboost,queda,100,50,50,94,94,47,47,40,54,14,16,2,0.776595744680851,0.7893518518518519,0.6862745098039216,0.875,0.7692307692307693,0.7037037036906721,38,16,5,35
com_erro,xgboost,queda,100,55,55,85,85,45,40,37,48,10,15,5,0.7411764705882353,0.7677364864864865,0.631578947368421,0.972972972972973,0.7659574468085106,0.5624999999882813,27,21,1,36
com_erro,xgboost,queda,100,60,60,78,78,40,38,34,44,12,17,5,0.7435897435897436,0.7526737967914439,0.6666666666666666,0.8235294117647058,0.7368421052631579,0.681818181802686,30,14,6,28
com_erro,xgboost,queda,100,65,65,72,72,35,37,29,43,12,15,3,0.8055555555555556,0.8091419406575782,0.7272727272727273,0.8275862068965517,0.7741935483870968,0.7906976744002164,34,9,5,24
com_erro,xgboost,queda,100,70,70,67,67,34,33,28,39,11,12,1,0.7611940298507462,0.7797619047619048,0.6578947368421053,0.8928571428571429,0.7575757575757576,0.6666666666495727,26,13,3,25
com_erro,xgboost,queda,100,75,75,63,63,34,29,29,34,13,13,0,0.7777777777777778,0.7839756592292089,0.7142857142857143,0.8620689655172413,0.78125,0.7058823529204153,24,10,4,25
com_erro,xgboost,queda,100,80,80,59,59,28,31,23,36,12,14,2,0.8135593220338984,0.8393719806763285,0.6875,0.9565217391304348,0.8,0.7222222222021606,26,10,1,22
com_erro,xgboost,queda,100,85,85,55,55,27,28,26,29,10,12,2,0.9090909090909091,0.9118037135278514,0.8620689655172413,0.9615384615384616,0.9090909090909091,0.8620689654875149,25,4,1,25
com_erro,xgboost,queda,100,90,90,52,52,28,24,24,28,11,13,2,0.7692307692307693,0.7797619047619048,0.6875,0.9166666666666666,0.7857142857142857,0.6428571428341837,18,10,2,22
com_erro,xgboost,queda,100,95,95,49,49,25,24,19,30,12,14,2,0.673469387755102,0.7043859649122807,0.5517241379310345,0.8421052631578947,0.6666666666666666,0.5666666666477778,17,13,3,16
com_erro,xgboost,queda,100,100,100,47,47,25,22,20,27,11,14,3,0.7446808510638298,0.7648148148148148,0.6428571428571429,0.9,0.75,0.62962962960631,17,10,2,18
