teste,modelo,falha,janela,passo_cfg,passo_real,amostras_treino,amostras_teste,positivos_treino,negativos_treino,positivos_teste,negativos_teste,eventos_reais_teste,eventos_detectados,diferenca_eventos,accuracy,balanced_accuracy,precision_pos,recall_pos,f1_pos,specificity,tn,fp,fn,tp
sem_erro,catboost,lacuna,20,5,5,947,947,285,662,0,947,0,0,0,1.0,1.0,0.0,0.0,0.0,0.9999999999989441,947,0,0,0
sem_erro,catboost,lacuna,20,10,10,474,474,143,331,0,474,0,0,0,1.0,1.0,0.0,0.0,0.0,0.9999999999978904,474,0,0,0
sem_erro,catboost,lacuna,20,15,15,316,316,99,217,0,316,0,0,0,1.0,1.0,0.0,0.0,0.0,0.9999999999968355,316,0,0,0
sem_erro,catboost,lacuna,20,20,20,237,237,72,165,0,237,0,0,0,1.0,1.0,0.0,0.0,0.0,0.9999999999957806,237,0,0,0
sem_erro,catboost,lacuna,30,5,5,945,945,319,626,0,945,0,0,0,1.0,1.0,0.0,0.0,0.0,0.9999999999989418,945,0,0,0
sem_erro,catboost,lacuna,30,10,10,473,473,160,313,0,473,0,0,0,1.0,1.0,0.0,0.0,0.0,0.9999999999978858,473,0,0,0
sem_erro,catboost,lacuna,30,15,15,315,315,103,212,0,315,0,0,0,1.0,1.0,0.0,0.0,0.0,0.9999999999968254,315,0,0,0
sem_erro,catboost,lacuna,30,20,20,237,237,80,157,0,237,0,0,0,1.0,1.0,0.0,0.0,0.0,0.9999999999957806,237,0,0,0
sem_erro,catboost,lacuna,30,25,25,189,189,61,128,0,189,0,0,0,1.0,1.0,0.0,0.0,0.0,0.999999999994709,189,0,0,0
sem_erro,catboost,lacuna,30,30,30,158,158,52,106,0,158,0,0,0,1.0,1.0,0.0,0.0,0.0,0.999999999993671,158,0,0,0
sem_erro,catboost,lacuna,40,5,5,943,943,349,594,0,943,0,0,0,1.0,1.0,0.0,0.0,0.0,0.9999999999989395,943,0,0,0
sem_erro,catboost,lacuna,40,10,10,472,472,175,297,0,472,0,0,0,1.0,1.0,0.0,0.0,0.0,0.9999999999978814,472,0,0,0
sem_erro,catboost,lacuna,40,15,15,315,315,116,199,0,315,0,0,0,1.0,1.0,0.0,0.0,0.0,0.9999999999968254,315,0,0,0
sem_erro,catboost,lacuna,40,20,20,236,236,88,148,0,236,0,0,0,1.0,1.0,0.0,0.0,0.0,0.9999999999957627,236,0,0,0
sem_erro,catboost,lacuna,40,25,25,189,189,71,118,0,189,0,0,0,1.0,1.0,0.0,0.0,0.0,0.999999999994709,189,0,0,0
sem_erro,catboost,lacuna,40,30,30,158,158,58,100,0,158,0,0,0,1.0,1.0,0.0,0.0,0.0,0.999999999993671,158,0,0,0
sem_erro,catboost,lacuna,40,35,35,135,135,49,86,0,135,0,0,0,1.0,1.0,0.0,0.0,0.0,0.9999999999925927,135,0,0,0
sem_erro,catboost,lacuna,40,40,40,118,118,45,73,0,118,0,0,0,1.0,1.0,0.0,0.0,0.0,0.9999999999915254,118,0,0,0
sem_erro,catboost,lacuna,50,5,5,941,941,377,564,0,941,0,0,0,1.0,1.0,0.0,0.0,0.0,0.9999999999989373,941,0,0,0
sem_erro,catboost,lacuna,50,10,10,471,471,189,282,0,471,0,0,0,1.0,1.0,0.0,0.0,0.0,0.9999999999978769,471,0,0,0
sem_erro,catboost,lacuna,50,15,15,314,314,129,185,0,314,0,0,0,1.0,1.0,0.0,0.0,0.0,0.9999999999968153,314,0,0,0
sem_erro,catboost,lacuna,50,20,20,236,236,94,142,0,236,0,0,0,1.0,1.0,0.0,0.0,0.0,0.9999999999957627,236,0,0,0
sem_erro,catboost,lacuna,50,25,25,189,189,75,114,0,189,0,0,0,1.0,1.0,0.0,0.0,0.0,0.999999999994709,189,0,0,0
sem_erro,catboost,lacuna,50,30,30,157,157,65,92,0,157,0,0,0,1.0,1.0,0.0,0.0,0.0,0.9999999999936307,157,0,0,0
sem_erro,catboost,lacuna,50,35,35,135,135,52,83,0,135,0,0,0,1.0,1.0,0.0,0.0,0.0,0.9999999999925927,135,0,0,0
sem_erro,catboost,lacuna,50,40,40,118,118,47,71,0,118,0,0,0,1.0,1.0,0.0,0.0,0.0,0.9999999999915254,118,0,0,0
sem_erro,catboost,lacuna,50,45,45,105,105,41,64,0,105,0,0,0,1.0,1.0,0.0,0.0,0.0,0.9999999999904762,105,0,0,0
sem_erro,catboost,lacuna,50,50,50,95,95,39,56,0,95,0,0,0,1.0,1.0,0.0,0.0,0.0,0.9999999999894736,95,0,0,0
sem_erro,catboost,lacuna,60,5,5,939,939,405,534,0,939,0,0,0,1.0,1.0,0.0,0.0,0.0,0.9999999999989351,939,0,0,0
sem_erro,catboost,lacuna,60,10,10,470,470,203,267,0,470,0,0,0,1.0,1.0,0.0,0.0,0.0,0.9999999999978724,470,0,0,0
sem_erro,catboost,lacuna,60,15,15,313,313,132,181,0,313,0,0,0,1.0,1.0,0.0,0.0,0.0,0.9999999999968051,313,0,0,0
sem_erro,catboost,lacuna,60,20,20,235,235,102,133,0,235,0,0,0,1.0,1.0,0.0,0.0,0.0,0.9999999999957447,235,0,0,0
sem_erro,catboost,lacuna,60,25,25,188,188,78,110,0,188,0,0,0,1.0,1.0,0.0,0.0,0.0,0.9999999999946809,188,0,0,0
sem_erro,catboost,lacuna,60,30,30,157,157,66,91,0,157,0,0,0,1.0,1.0,0.0,0.0,0.0,0.9999999999936307,157,0,0,0
sem_erro,catboost,lacuna,60,35,35,135,135,55,80,0,135,0,0,0,1.0,1.0,0.0,0.0,0.0,0.9999999999925927,135,0,0,0
sem_erro,catboost,lacuna,60,40,40,118,118,50,68,0,118,0,0,0,1.0,1.0,0.0,0.0,0.0,0.9999999999915254,118,0,0,0
sem_erro,catboost,lacuna,60,45,45,105,105,43,62,0,105,0,0,0,1.0,1.0,0.0,0.0,0.0,0.9999999999904762,105,0,0,0
sem_erro,catboost,lacuna,60,50,50,94,94,42,52,0,94,0,0,0,1.0,1.0,0.0,0.0,0.0,0.9999999999893616,94,0,0,0
sem_erro,catboost,lacuna,60,55,55,86,86,36,50,0,86,0,0,0,1.0,1.0,0.0,0.0,0.0,0.9999999999883721,86,0,0,0
sem_erro,catboost,lacuna,60,60,60,79,79,31,48,0,79,0,0,0,1.0,1.0,0.0,0.0,0.0,0.9999999999873417,79,0,0,0
sem_erro,catboost,lacuna,70,5,5,937,937,433,504,0,937,0,0,0,1.0,1.0,0.0,0.0,0.0,0.9999999999989327,937,0,0,0
sem_erro,catboost,lacuna,70,10,10,469,469,217,252,0,469,0,0,0,1.0,1.0,0.0,0.0,0.0,0.9999999999978678,469,0,0,0
sem_erro,catboost,lacuna,70,15,15,313,313,144,169,0,313,0,0,0,1.0,1.0,0.0,0.0,0.0,0.9999999999968051,313,0,0,0
sem_erro,catboost,lacuna,70,20,20,235,235,108,127,0,235,0,0,0,1.0,1.0,0.0,0.0,0.0,0.9999999999957447,235,0,0,0
sem_erro,catboost,lacuna,70,25,25,188,188,87,101,0,188,0,0,0,1.0,1.0,0.0,0.0,0.0,0.9999999999946809,188,0,0,0
sem_erro,catboost,lacuna,70,30,30,157,157,72,85,0,157,0,0,0,1.0,1.0,0.0,0.0,0.0,0.9999999999936307,157,0,0,0
sem_erro,catboost,lacuna,70,35,35,134,134,61,73,0,134,0,0,0,1.0,1.0,0.0,0.0,0.0,0.9999999999925374,134,0,0,0
sem_erro,catboost,lacuna,70,40,40,118,118,54,64,0,118,0,0,0,1.0,1.0,0.0,0.0,0.0,0.9999999999915254,118,0,0,0
sem_erro,catboost,lacuna,70,45,45,105,105,49,56,0,105,0,0,0,1.0,1.0,0.0,0.0,0.0,0.9999999999904762,105,0,0,0
sem_erro,catboost,lacuna,70,50,50,94,94,44,50,0,94,0,0,0,1.0,1.0,0.0,0.0,0.0,0.9999999999893616,94,0,0,0
sem_erro,catboost,lacuna,70,55,55,86,86,39,47,0,86,0,0,0,1.0,1.0,0.0,0.0,0.0,0.9999999999883721,86,0,0,0
sem_erro,catboost,lacuna,70,60,60,79,79,34,45,0,79,0,0,0,1.0,1.0,0.0,0.0,0.0,0.9999999999873417,79,0,0,0
sem_erro,catboost,lacuna,70,65,65,73,73,35,38,0,73,0,0,0,1.0,1.0,0.0,0.0,0.0,0.9999999999863013,73,0,0,0
sem_erro,catboost,lacuna,70,70,70,67,67,30,37,0,67,0,0,0,1.0,1.0,0.0,0.0,0.0,0.9999999999850746,67,0,0,0
sem_erro,catboost,lacuna,80,5,5,935,935,461,474,0,935,0,0,0,1.0,1.0,0.0,0.0,0.0,0.9999999999989305,935,0,0,0
sem_erro,catboost,lacuna,80,10,10,468,468,231,237,0,468,0,0,0,1.0,1.0,0.0,0.0,0.0,0.9999999999978633,468,0,0,0
sem_erro,catboost,lacuna,80,15,15,312,312,157,155,0,312,0,0,0,1.0,1.0,0.0,0.0,0.0,0.9999999999967949,312,0,0,0
sem_erro,catboost,lacuna,80,20,20,234,234,116,118,0,234,0,0,0,1.0,1.0,0.0,0.0,0.0,0.9999999999957265,234,0,0,0
sem_erro,catboost,lacuna,80,25,25,187,187,89,98,0,187,0,0,0,1.0,1.0,0.0,0.0,0.0,0.9999999999946525,187,0,0,0
sem_erro,catboost,lacuna,80,30,30,156,156,79,77,0,156,0,0,0,1.0,1.0,0.0,0.0,0.0,0.9999999999935898,156,0,0,0
sem_erro,catboost,lacuna,80,35,35,134,134,65,69,0,134,0,0,0,1.0,1.0,0.0,0.0,0.0,0.9999999999925374,134,0,0,0
sem_erro,catboost,lacuna,80,40,40,117,117,59,58,0,117,0,0,0,1.0,1.0,0.0,0.0,0.0,0.999999999991453,117,0,0,0
sem_erro,catboost,lacuna,80,45,45,104,104,52,52,0,104,0,0,0,1.0,1.0,0.0,0.0,0.0,0.9999999999903846,104,0,0,0
sem_erro,catboost,lacuna,80,50,50,94,94,46,48,0,94,0,0,0,1.0,1.0,0.0,0.0,0.0,0.9999999999893616,94,0,0,0
sem_erro,catboost,lacuna,80,55,55,85,85,43,42,0,85,0,0,0,1.0,1.0,0.0,0.0,0.0,0.9999999999882353,85,0,0,0
sem_erro,catboost,lacuna,80,60,60,78,78,39,39,0,78,0,0,0,1.0,1.0,0.0,0.0,0.0,0.9999999999871795,78,0,0,0
sem_erro,catboost,lacuna,80,65,65,72,72,37,35,0,72,0,0,0,1.0,1.0,0.0,0.0,0.0,0.9999999999861111,72,0,0,0
sem_erro,catboost,lacuna,80,70,70,67,67,30,37,0,67,0,0,0,1.0,1.0,0.0,0.0,0.0,0.9999999999850746,67,0,0,0
sem_erro,catboost,lacuna,80,75,75,63,63,32,31,0,63,0,0,0,1.0,1.0,0.0,0.0,0.0,0.999999999984127,63,0,0,0
sem_erro,catboost,lacuna,80,80,80,59,59,30,29,0,59,0,0,0,1.0,1.0,0.0,0.0,0.0,0.9999999999830509,59,0,0,0
sem_erro,catboost,lacuna,90,5,5,933,933,489,444,0,933,0,0,0,1.0,1.0,0.0,0.0,0.0,0.9999999999989282,933,0,0,0
sem_erro,catboost,lacuna,90,10,10,467,467,245,222,0,467,0,0,0,1.0,1.0,0.0,0.0,0.0,0.9999999999978587,467,0,0,0
sem_erro,catboost,lacuna,90,15,15,311,311,160,151,0,311,0,0,0,1.0,1.0,0.0,0.0,0.0,0.9999999999967846,311,0,0,0
sem_erro,catboost,lacuna,90,20,20,234,234,122,112,0,234,0,0,0,1.0,1.0,0.0,0.0,0.0,0.9999999999957265,234,0,0,0
sem_erro,catboost,lacuna,90,25,25,187,187,99,88,0,187,0,0,0,1.0,1.0,0.0,0.0,0.0,0.9999999999946525,187,0,0,0
sem_erro,catboost,lacuna,90,30,30,156,156,80,76,0,156,0,0,0,1.0,1.0,0.0,0.0,0.0,0.9999999999935898,156,0,0,0
sem_erro,catboost,lacuna,90,35,35,134,134,69,65,0,134,0,0,0,1.0,1.0,0.0,0.0,0.0,0.9999999999925374,134,0,0,0
sem_erro,catboost,lacuna,90,40,40,117,117,61,56,0,117,0,0,0,1.0,1.0,0.0,0.0,0.0,0.999999999991453,117,0,0,0
sem_erro,catboost,lacuna,90,45,45,104,104,52,52,0,104,0,0,0,1.0,1.0,0.0,0.0,0.0,0.9999999999903846,104,0,0,0
sem_erro,catboost,lacuna,90,50,50,94,94,51,43,0,94,0,0,0,1.0,1.0,0.0,0.0,0.0,0.9999999999893616,94,0,0,0
sem_erro,catboost,lacuna,90,55,55,85,85,45,40,0,85,0,0,0,1.0,1.0,0.0,0.0,0.0,0.9999999999882353,85,0,0,0
sem_erro,catboost,lacuna,90,60,60,78,78,40,38,0,78,0,0,0,1.0,1.0,0.0,0.0,0.0,0.9999999999871795,78,0,0,0
sem_erro,catboost,lacuna,90,65,65,72,72,40,32,0,72,0,0,0,1.0,1.0,0.0,0.0,0.0,0.9999999999861111,72,0,0,0
sem_erro,catboost,lacuna,90,70,70,67,67,33,34,0,67,0,0,0,1.0,1.0,0.0,0.0,0.0,0.9999999999850746,67,0,0,0
sem_erro,catboost,lacuna,90,75,75,63,63,33,30,0,63,0,0,0,1.0,1.0,0.0,0.0,0.0,0.999999999984127,63,0,0,0
sem_erro,catboost,lacuna,90,80,80,59,59,31,28,0,59,0,0,0,1.0,1.0,0.0,0.0,0.0,0.9999999999830509,59,0,0,0
sem_erro,catboost,lacuna,90,85,85,55,55,30,25,0,55,0,0,0,1.0,1.0,0.0,0.0,0.0,0.9999999999818182,55,0,0,0
sem_erro,catboost,lacuna,90,90,90,52,52,26,26,0,52,0,0,0,1.0,1.0,0.0,0.0,0.0,0.9999999999807693,52,0,0,0
sem_erro,catboost,lacuna,100,5,5,931,931,515,416,0,931,0,0,0,1.0,1.0,0.0,0.0,0.0,0.9999999999989259,931,0,0,0
sem_erro,catboost,lacuna,100,10,10,466,466,258,208,0,466,0,0,0,1.0,1.0,0.0,0.0,0.0,0.999999999997854,466,0,0,0
sem_erro,catboost,lacuna,100,15,15,311,311,171,140,0,311,0,0,0,1.0,1.0,0.0,0.0,0.0,0.9999999999967846,311,0,0,0
sem_erro,catboost,lacuna,100,20,20,233,233,129,104,0,233,0,0,0,1.0,1.0,0.0,0.0,0.0,0.9999999999957082,233,0,0,0
sem_erro,catboost,lacuna,100,25,25,187,187,103,84,0,187,0,0,0,1.0,1.0,0.0,0.0,0.0,0.9999999999946525,187,0,0,0
sem_erro,catboost,lacuna,100,30,30,156,156,85,71,0,156,0,0,0,1.0,1.0,0.0,0.0,0.0,0.9999999999935898,156,0,0,0
sem_erro,catboost,lacuna,100,35,35,133,133,75,58,0,133,0,0,0,1.0,1.0,0.0,0.0,0.0,0.9999999999924812,133,0,0,0
sem_erro,catboost,lacuna,100,40,40,117,117,64,53,0,117,0,0,0,1.0,1.0,0.0,0.0,0.0,0.999999999991453,117,0,0,0
sem_erro,catboost,lacuna,100,45,45,104,104,54,50,0,104,0,0,0,1.0,1.0,0.0,0.0,0.0,0.9999999999903846,104,0,0,0
sem_erro,catboost,lacuna,100,50,50,94,94,53,41,0,94,0,0,0,1.0,1.0,0.0,0.0,0.0,0.9999999999893616,94,0,0,0
sem_erro,catboost,lacuna,100,55,55,85,85,46,39,0,85,0,0,0,1.0,1.0,0.0,0.0,0.0,0.9999999999882353,85,0,0,0
sem_erro,catboost,lacuna,100,60,60,78,78,42,36,0,78,0,0,0,1.0,1.0,0.0,0.0,0.0,0.9999999999871795,78,0,0,0
sem_erro,catboost,lacuna,100,65,65,72,72,42,30,0,72,0,0,0,1.0,1.0,0.0,0.0,0.0,0.9999999999861111,72,0,0,0
sem_erro,catboost,lacuna,100,70,70,67,67,37,30,0,67,0,0,0,1.0,1.0,0.0,0.0,0.0,0.9999999999850746,67,0,0,0
sem_erro,catboost,lacuna,100,75,75,63,63,35,28,0,63,0,0,0,1.0,1.0,0.0,0.0,0.0,0.999999999984127,63,0,0,0
sem_erro,catboost,lacuna,100,80,80,59,59,31,28,0,59,0,0,0,1.0,1.0,0.0,0.0,0.0,0.9999999999830509,59,0,0,0
sem_erro,catboost,lacuna,100,85,85,55,55,31,24,0,55,0,0,0,1.0,1.0,0.0,0.0,0.0,0.9999999999818182,55,0,0,0
sem_erro,catboost,lacuna,100,90,90,52,52,27,25,0,52,0,0,0,1.0,1.0,0.0,0.0,0.0,0.9999999999807693,52,0,0,0
sem_erro,catboost,lacuna,100,95,95,49,49,24,25,0,49,0,0,0,1.0,1.0,0.0,0.0,0.0,0.9999999999795919,49,0,0,0
sem_erro,catboost,lacuna,100,100,100,47,47,25,22,0,47,0,0,0,1.0,1.0,0.0,0.0,0.0,0.9999999999787235,47,0,0,0
sem_erro,catboost,oscilacao,20,5,5,947,947,376,571,0,947,0,10,10,0.9440337909186906,0.9440337909186906,0.0,0.0,0.0,0.9440337909176938,894,53,0,0
sem_erro,catboost,oscilacao,20,10,10,474,474,188,286,0,474,0,6,6,0.9472573839662447,0.9472573839662447,0.0,0.0,0.0,0.9472573839642463,449,25,0,0
sem_erro,catboost,oscilacao,20,15,15,316,316,124,192,0,316,0,5,5,0.9430379746835443,0.9430379746835443,0.0,0.0,0.0,0.94303797468056,298,18,0,0
sem_erro,catboost,oscilacao,20,20,20,237,237,95,142,0,237,0,5,5,0.9409282700421941,0.9409282700421941,0.0,0.0,0.0,0.940928270038224,223,14,0,0
sem_erro,catboost,oscilacao,30,5,5,945,945,406,539,0,945,0,24,24,0.9121693121693122,0.9121693121693122,0.0,0.0,0.0,0.912169312168347,862,83,0,0
sem_erro,catboost,oscilacao,30,10,10,473,473,203,270,0,473,0,22,22,0.9027484143763214,0.9027484143763214,0.0,0.0,0.0,0.9027484143744128,427,46,0,0
sem_erro,catboost,oscilacao,30,15,15,315,315,135,180,0,315,0,13,13,0.9111111111111111,0.9111111111111111,0.0,0.0,0.0,0.9111111111082187,287,28,0,0
sem_erro,catboost,oscilacao,30,20,20,237,237,103,134,0,237,0,11,11,0.8945147679324894,0.8945147679324894,0.0,0.0,0.0,0.8945147679287152,212,25,0,0
sem_erro,catboost,oscilacao,30,25,25,189,189,81,108,0,189,0,10,10,0.8888888888888888,0.8888888888888888,0.0,0.0,0.0,0.8888888888841858,168,21,0,0
sem_erro,catboost,oscilacao,30,30,30,158,158,68,90,0,158,0,11,11,0.8924050632911392,0.8924050632911392,0.0,0.0,0.0,0.8924050632854912,141,17,0,0
sem_erro,catboost,oscilacao,40,5,5,943,943,436,507,0,943,0,27,27,0.8865323435843054,0.8865323435843054,0.0,0.0,0.0,0.8865323435833653,836,107,0,0
sem_erro,catboost,oscilacao,40,10,10,472,472,218,254,0,472,0,18,18,0.8877118644067796,0.8877118644067796,0.0,0.0,0.0,0.8877118644048989,419,53,0,0
sem_erro,catboost,oscilacao,40,15,15,315,315,146,169,0,315,0,17,17,0.873015873015873,0.873015873015873,0.0,0.0,0.0,0.8730158730131016,275,40,0,0
sem_erro,catboost,oscilacao,40,20,20,236,236,110,126,0,236,0,16,16,0.8601694915254238,0.8601694915254238,0.0,0.0,0.0,0.860169491521779,203,33,0,0
sem_erro,catboost,oscilacao,40,25,25,189,189,89,100,0,189,0,11,11,0.8888888888888888,0.8888888888888888,0.0,0.0,0.0,0.8888888888841858,168,21,0,0
sem_erro,catboost,oscilacao,40,30,30,158,158,71,87,0,158,0,11,11,0.8670886075949367,0.8670886075949367,0.0,0.0,0.0,0.8670886075894488,137,21,0,0
sem_erro,catboost,oscilacao,40,35,35,135,135,62,73,0,135,0,8,8,0.8444444444444444,0.8444444444444444,0.0,0.0,0.0,0.8444444444381893,114,21,0,0
sem_erro,catboost,oscilacao,40,40,40,118,118,55,63,0,118,0,12,12,0.7796610169491526,0.7796610169491526,0.0,0.0,0.0,0.7796610169425452,92,26,0,0
sem_erro,catboost,oscilacao,50,5,5,941,941,458,483,0,941,0,24,24,0.8724760892667375,0.8724760892667375,0.0,0.0,0.0,0.8724760892658103,821,120,0,0
sem_erro,catboost,oscilacao,50,10,10,471,471,229,242,0,471,0,19,19,0.8704883227176221,0.8704883227176221,0.0,0.0,0.0,0.8704883227157739,410,61,0,0
sem_erro,catboost,oscilacao,50,15,15,314,314,152,162,0,314,0,16,16,0.8662420382165605,0.8662420382165605,0.0,0.0,0.0,0.8662420382138019,272,42,0,0
sem_erro,catboost,oscilacao,50,20,20,236,236,115,121,0,236,0,17,17,0.8559322033898306,0.8559322033898306,0.0,0.0,0.0,0.8559322033862037,202,34,0,0
sem_erro,catboost,oscilacao,50,25,25,189,189,93,96,0,189,0,10,10,0.8465608465608465,0.8465608465608465,0.0,0.0,0.0,0.8465608465563674,160,29,0,0
sem_erro,catboost,oscilacao,50,30,30,157,157,76,81,0,157,0,13,13,0.8598726114649682,0.8598726114649682,0.0,0.0,0.0,0.8598726114594913,135,22,0,0
sem_erro,catboost,oscilacao,50,35,35,135,135,66,69,0,135,0,10,10,0.8074074074074075,0.8074074074074075,0.0,0.0,0.0,0.8074074074014267,109,26,0,0
sem_erro,catboost,oscilacao,50,40,40,118,118,58,60,0,118,0,13,13,0.7542372881355932,0.7542372881355932,0.0,0.0,0.0,0.7542372881292013,89,29,0,0
sem_erro,catboost,oscilacao,50,45,45,105,105,51,54,0,105,0,10,10,0.8666666666666667,0.8666666666666667,0.0,0.0,0.0,0.8666666666584126,91,14,0,0
sem_erro,catboost,oscilacao,50,50,50,95,95,46,49,0,95,0,5,5,0.8736842105263158,0.8736842105263158,0.0,0.0,0.0,0.8736842105171191,83,12,0,0
sem_erro,catboost,oscilacao,60,5,5,939,939,480,459,0,939,0,23,23,0.853035143769968,0.853035143769968,0.0,0.0,0.0,0.8530351437690596,801,138,0,0
sem_erro,catboost,oscilacao,60,10,10,470,470,240,230,0,470,0,18,18,0.851063829787234,0.851063829787234,0.0,0.0,0.0,0.8510638297854233,400,70,0,0
sem_erro,catboost,oscilacao,60,15,15,313,313,159,154,0,313,0,15,15,0.8402555910543131,0.8402555910543131,0.0,0.0,0.0,0.8402555910516286,263,50,0,0
sem_erro,catboost,oscilacao,60,20,20,235,235,121,114,0,235,0,17,17,0.8170212765957446,0.8170212765957446,0.0,0.0,0.0,0.8170212765922681,192,43,0,0
sem_erro,catboost,oscilacao,60,25,25,188,188,98,90,0,188,0,17,17,0.8138297872340425,0.8138297872340425,0.0,0.0,0.0,0.8138297872297137,153,35,0,0
sem_erro,catboost,oscilacao,60,30,30,157,157,79,78,0,157,0,12,12,0.8471337579617835,0.8471337579617835,0.0,0.0,0.0,0.8471337579563878,133,24,0,0
sem_erro,catboost,oscilacao,60,35,35,135,135,70,65,0,135,0,9,9,0.8444444444444444,0.8444444444444444,0.0,0.0,0.0,0.8444444444381893,114,21,0,0
sem_erro,catboost,oscilacao,60,40,40,118,118,63,55,0,118,0,13,13,0.7966101694915254,0.7966101694915254,0.0,0.0,0.0,0.7966101694847745,94,24,0,0
sem_erro,catboost,oscilacao,60,45,45,105,105,54,51,0,105,0,14,14,0.7904761904761904,0.7904761904761904,0.0,0.0,0.0,0.7904761904686621,83,22,0,0
sem_erro,catboost,oscilacao,60,50,50,94,94,48,46,0,94,0,8,8,0.7872340425531915,0.7872340425531915,0.0,0.0,0.0,0.7872340425448167,74,20,0,0
sem_erro,catboost,oscilacao,60,55,55,86,86,45,41,0,86,0,8,8,0.7325581395348837,0.7325581395348837,0.0,0.0,0.0,0.7325581395263656,63,23,0,0
sem_erro,catboost,oscilacao,60,60,60,79,79,39,40,0,79,0,10,10,0.810126582278481,0.810126582278481,0.0,0.0,0.0,0.8101265822682262,64,15,0,0
sem_erro,catboost,oscilacao,70,5,5,937,937,502,435,0,937,0,20,20,0.8260405549626467,0.8260405549626467,0.0,0.0,0.0,0.8260405549617652,774,163,0,0
sem_erro,catboost,oscilacao,70,10,10,469,469,251,218,0,469,0,18,18,0.8102345415778252,0.8102345415778252,0.0,0.0,0.0,0.8102345415760976,380,89,0,0
sem_erro,catboost,oscilacao,70,15,15,313,313,168,145,0,313,0,19,19,0.7827476038338658,0.7827476038338658,0.0,0.0,0.0,0.7827476038313651,245,68,0,0
sem_erro,catboost,oscilacao,70,20,20,235,235,126,109,0,235,0,17,17,0.7659574468085106,0.7659574468085106,0.0,0.0,0.0,0.7659574468052512,180,55,0,0
sem_erro,catboost,oscilacao,70,25,25,188,188,103,85,0,188,0,17,17,0.7446808510638298,0.7446808510638298,0.0,0.0,0.0,0.7446808510598688,140,48,0,0
sem_erro,catboost,oscilacao,70,30,30,157,157,82,75,0,157,0,13,13,0.7770700636942676,0.7770700636942676,0.0,0.0,0.0,0.7770700636893181,122,35,0,0
sem_erro,catboost,oscilacao,70,35,35,134,134,72,62,0,134,0,15,15,0.753731343283582,0.753731343283582,0.0,0.0,0.0,0.7537313432779573,101,33,0,0
sem_erro,catboost,oscilacao,70,40,40,118,118,65,53,0,118,0,11,11,0.7288135593220338,0.7288135593220338,0.0,0.0,0.0,0.7288135593158575,86,32,0,0
sem_erro,catboost,oscilacao,70,45,45,105,105,56,49,0,105,0,13,13,0.7142857142857143,0.7142857142857143,0.0,0.0,0.0,0.7142857142789115,75,30,0,0
sem_erro,catboost,oscilacao,70,50,50,94,94,52,42,0,94,0,11,11,0.7446808510638298,0.7446808510638298,0.0,0.0,0.0,0.7446808510559076,70,24,0,0
sem_erro,catboost,oscilacao,70,55,55,86,86,45,41,0,86,0,13,13,0.7558139534883721,0.7558139534883721,0.0,0.0,0.0,0.7558139534795836,65,21,0,0
sem_erro,catboost,oscilacao,70,60,60,79,79,42,37,0,79,0,10,10,0.7088607594936709,0.7088607594936709,0.0,0.0,0.0,0.708860759484698,56,23,0,0
sem_erro,catboost,oscilacao,70,65,65,73,73,40,33,0,73,0,6,6,0.684931506849315,0.684931506849315,0.0,0.0,0.0,0.6849315068399324,50,23,0,0
sem_erro,catboost,oscilacao,70,70,70,67,67,36,31,0,67,0,10,10,0.6865671641791045,0.6865671641791045,0.0,0.0,0.0,0.6865671641688572,46,21,0,0
sem_erro,catboost,oscilacao,80,5,5,935,935,524,411,0,935,0,20,20,0.758288770053476,0.758288770053476,0.0,0.0,0.0,0.7582887700526649,709,226,0,0
sem_erro,catboost,oscilacao,80,10,10,468,468,262,206,0,468,0,21,21,0.7457264957264957,0.7457264957264957,0.0,0.0,0.0,0.7457264957249023,349,119,0,0
sem_erro,catboost,oscilacao,80,15,15,312,312,174,138,0,312,0,17,17,0.7596153846153846,0.7596153846153846,0.0,0.0,0.0,0.75961538461295,237,75,0,0
sem_erro,catboost,oscilacao,80,20,20,234,234,132,102,0,234,0,18,18,0.688034188034188,0.688034188034188,0.0,0.0,0.0,0.6880341880312477,161,73,0,0
sem_erro,catboost,oscilacao,80,25,25,187,187,105,82,0,187,0,14,14,0.7058823529411765,0.7058823529411765,0.0,0.0,0.0,0.7058823529374018,132,55,0,0
sem_erro,catboost,oscilacao,80,30,30,156,156,87,69,0,156,0,15,15,0.6858974358974359,0.6858974358974359,0.0,0.0,0.0,0.6858974358930392,107,49,0,0
sem_erro,catboost,oscilacao,80,35,35,134,134,76,58,0,134,0,13,13,0.6865671641791045,0.6865671641791045,0.0,0.0,0.0,0.6865671641739809,92,42,0,0
sem_erro,catboost,oscilacao,80,40,40,117,117,66,51,0,117,0,12,12,0.6666666666666666,0.6666666666666666,0.0,0.0,0.0,0.6666666666609686,78,39,0,0
sem_erro,catboost,oscilacao,80,45,45,104,104,58,46,0,104,0,9,9,0.6346153846153846,0.6346153846153846,0.0,0.0,0.0,0.6346153846092826,66,38,0,0
sem_erro,catboost,oscilacao,80,50,50,94,94,54,40,0,94,0,14,14,0.6063829787234043,0.6063829787234043,0.0,0.0,0.0,0.6063829787169533,57,37,0,0
sem_erro,catboost,oscilacao,80,55,55,85,85,47,38,0,85,0,6,6,0.611764705882353,0.611764705882353,0.0,0.0,0.0,0.6117647058751556,52,33,0,0
sem_erro,catboost,oscilacao,80,60,60,78,78,45,33,0,78,0,11,11,0.6794871794871795,0.6794871794871795,0.0,0.0,0.0,0.679487179478468,53,25,0,0
sem_erro,catboost,oscilacao,80,65,65,72,72,40,32,0,72,0,11,11,0.5694444444444444,0.5694444444444444,0.0,0.0,0.0,0.5694444444365354,41,31,0,0
sem_erro,catboost,oscilacao,80,70,70,67,67,38,29,0,67,0,10,10,0.6417910447761194,0.6417910447761194,0.0,0.0,0.0,0.6417910447665404,43,24,0,0
sem_erro,catboost,oscilacao,80,75,75,63,63,34,29,0,63,0,8,8,0.6031746031746031,0.6031746031746031,0.0,0.0,0.0,0.603174603165029,38,25,0,0
sem_erro,catboost,oscilacao,80,80,80,59,59,32,27,0,59,0,10,10,0.6949152542372882,0.6949152542372882,0.0,0.0,0.0,0.6949152542255099,41,18,0,0
sem_erro,catboost,oscilacao,90,5,5,933,933,543,390,0,933,0,30,30,0.7052518756698821,0.7052518756698821,0.0,0.0,0.0,0.7052518756691262,658,275,0,0
sem_erro,catboost,oscilacao,90,10,10,467,467,272,195,0,467,0,28,28,0.708779443254818,0.708779443254818,0.0,0.0,0.0,0.7087794432533002,331,136,0,0
sem_erro,catboost,oscilacao,90,15,15,311,311,180,131,0,311,0,20,20,0.6816720257234726,0.6816720257234726,0.0,0.0,0.0,0.6816720257212808,212,99,0,0
sem_erro,catboost,oscilacao,90,20,20,234,234,137,97,0,234,0,12,12,0.6452991452991453,0.6452991452991453,0.0,0.0,0.0,0.6452991452963877,151,83,0,0
sem_erro,catboost,oscilacao,90,25,25,187,187,110,77,0,187,0,15,15,0.6577540106951871,0.6577540106951871,0.0,0.0,0.0,0.6577540106916698,123,64,0,0
sem_erro,catboost,oscilacao,90,30,30,156,156,90,66,0,156,0,14,14,0.6666666666666666,0.6666666666666666,0.0,0.0,0.0,0.6666666666623932,104,52,0,0
sem_erro,catboost,oscilacao,90,35,35,134,134,78,56,0,134,0,10,10,0.6791044776119403,0.6791044776119403,0.0,0.0,0.0,0.6791044776068724,91,43,0,0
sem_erro,catboost,oscilacao,90,40,40,117,117,69,48,0,117,0,9,9,0.5982905982905983,0.5982905982905983,0.0,0.0,0.0,0.5982905982854847,70,47,0,0
sem_erro,catboost,oscilacao,90,45,45,104,104,60,44,0,104,0,7,7,0.625,0.625,0.0,0.0,0.0,0.6249999999939904,65,39,0,0
sem_erro,catboost,oscilacao,90,50,50,94,94,56,38,0,94,0,12,12,0.5425531914893617,0.5425531914893617,0.0,0.0,0.0,0.5425531914835898,51,43,0,0
sem_erro,catboost,oscilacao,90,55,55,85,85,52,33,0,85,0,7,7,0.611764705882353,0.611764705882353,0.0,0.0,0.0,0.6117647058751556,52,33,0,0
sem_erro,catboost,oscilacao,90,60,60,78,78,45,33,0,78,0,8,8,0.6153846153846154,0.6153846153846154,0.0,0.0,0.0,0.6153846153767258,48,30,0,0
sem_erro,catboost,oscilacao,90,65,65,72,72,41,31,0,72,0,9,9,0.625,0.625,0.0,0.0,0.0,0.6249999999913194,45,27,0,0
sem_erro,catboost,oscilacao,90,70,70,67,67,40,27,0,67,0,10,10,0.7014925373134329,0.7014925373134329,0.0,0.0,0.0,0.7014925373029628,47,20,0,0
sem_erro,catboost,oscilacao,90,75,75,63,63,37,26,0,63,0,7,7,0.5396825396825397,0.5396825396825397,0.0,0.0,0.0,0.5396825396739733,34,29,0,0
sem_erro,catboost,oscilacao,90,80,80,59,59,35,24,0,59,0,8,8,0.576271186440678,0.576271186440678,0.0,0.0,0.0,0.5762711864309107,34,25,0,0
sem_erro,catboost,oscilacao,90,85,85,55,55,30,25,0,55,0,5,5,0.4909090909090909,0.4909090909090909,0.0,0.0,0.0,0.4909090909001653,27,28,0,0
sem_erro,catboost,oscilacao,90,90,90,52,52,31,21,0,52,0,11,11,0.5769230769230769,0.5769230769230769,0.0,0.0,0.0,0.5769230769119823,30,22,0,0
sem_erro,catboost,oscilacao,100,5,5,931,931,561,370,0,931,0,27,27,0.686358754027927,0.686358754027927,0.0,0.0,0.0,0.6863587540271897,639,292,0,0
sem_erro,catboost,oscilacao,100,10,10,466,466,281,185,0,466,0,18,18,0.6523605150214592,0.6523605150214592,0.0,0.0,0.0,0.6523605150200593,304,162,0,0
sem_erro,catboost,oscilacao,100,15,15,311,311,188,123,0,311,0,16,16,0.5980707395498392,0.5980707395498392,0.0,0.0,0.0,0.5980707395479162,186,125,0,0
sem_erro,catboost,oscilacao,100,20,20,233,233,141,92,0,233,0,15,15,0.5622317596566524,0.5622317596566524,0.0,0.0,0.0,0.5622317596542393,131,102,0,0
sem_erro,catboost,oscilacao,100,25,25,187,187,114,73,0,187,0,16,16,0.5187165775401069,0.5187165775401069,0.0,0.0,0.0,0.5187165775373331,97,90,0,0
sem_erro,catboost,oscilacao,100,30,30,156,156,93,63,0,156,0,11,11,0.5897435897435898,0.5897435897435898,0.0,0.0,0.0,0.5897435897398093,92,64,0,0
sem_erro,catboost,oscilacao,100,35,35,133,133,82,51,0,133,0,12,12,0.556390977443609,0.556390977443609,0.0,0.0,0.0,0.5563909774394257,74,59,0,0
sem_erro,catboost,oscilacao,100,40,40,117,117,73,44,0,117,0,10,10,0.49572649572649574,0.49572649572649574,0.0,0.0,0.0,0.49572649572225874,58,59,0,0
sem_erro,catboost,oscilacao,100,45,45,104,104,64,40,0,104,0,10,10,0.4519230769230769,0.4519230769230769,0.0,0.0,0.0,0.4519230769187315,47,57,0,0
sem_erro,catboost,oscilacao,100,50,50,94,94,57,37,0,94,0,9,9,0.5106382978723404,0.5106382978723404,0.0,0.0,0.0,0.5106382978669081,48,46,0,0
sem_erro,catboost,oscilacao,100,55,55,85,85,53,32,0,85,0,6,6,0.5647058823529412,0.5647058823529412,0.0,0.0,0.0,0.5647058823462976,48,37,0,0
sem_erro,catboost,oscilacao,100,60,60,78,78,45,33,0,78,0,8,8,0.6282051282051282,0.6282051282051282,0.0,0.0,0.0,0.6282051281970743,49,29,0,0
sem_erro,catboost,oscilacao,100,65,65,72,72,44,28,0,72,0,7,7,0.5555555555555556,0.5555555555555556,0.0,0.0,0.0,0.5555555555478395,40,32,0,0
sem_erro,catboost,oscilacao,100,70,70,67,67,41,26,0,67,0,10,10,0.7014925373134329,0.7014925373134329,0.0,0.0,0.0,0.7014925373029628,47,20,0,0
sem_erro,catboost,oscilacao,100,75,75,63,63,39,24,0,63,0,8,8,0.42857142857142855,0.42857142857142855,0.0,0.0,0.0,0.4285714285646259,27,36,0,0
sem_erro,catboost,oscilacao,100,80,80,59,59,38,21,0,59,0,10,10,0.4745762711864407,0.4745762711864407,0.0,0.0,0.0,0.474576271178397,28,31,0,0
sem_erro,catboost,oscilacao,100,85,85,55,55,34,21,0,55,0,13,13,0.4,0.4,0.0,0.0,0.0,0.3999999999927273,22,33,0,0
sem_erro,catboost,oscilacao,100,90,90,52,52,32,20,0,52,0,7,7,0.5769230769230769,0.5769230769230769,0.0,0.0,0.0,0.5769230769119823,30,22,0,0
sem_erro,catboost,oscilacao,100,95,95,49,49,30,19,0,49,0,8,8,0.1836734693877551,0.1836734693877551,0.0,0.0,0.0,0.18367346938400667,9,40,0,0
sem_erro,catboost,oscilacao,100,100,100,47,47,31,16,0,47,0,10,10,0.5319148936170213,0.5319148936170213,0.0,0.0,0.0,0.531914893605704,25,22,0,0
sem_erro,catboost,queda,20,5,5,947,947,200,747,0,947,0,23,23,0.9334741288278775,0.9334741288278775,0.0,0.0,0.0,0.9334741288268918,884,63,0,0
sem_erro,catboost,queda,20,10,10,474,474,99,375,0,474,0,12,12,0.9282700421940928,0.9282700421940928,0.0,0.0,0.0,0.9282700421921345,440,34,0,0
sem_erro,catboost,queda,20,15,15,316,316,67,249,0,316,0,7,7,0.9462025316455697,0.9462025316455697,0.0,0.0,0.0,0.9462025316425754,299,17,0,0
sem_erro,catboost,queda,20,20,20,237,237,52,185,0,237,0,8,8,0.9367088607594937,0.9367088607594937,0.0,0.0,0.0,0.9367088607555414,222,15,0,0
sem_erro,catboost,queda,30,5,5,945,945,233,712,0,945,0,14,14,0.9322751322751323,0.9322751322751323,0.0,0.0,0.0,0.9322751322741457,881,64,0,0
sem_erro,catboost,queda,30,10,10,473,473,116,357,0,473,0,8,8,0.9365750528541226,0.9365750528541226,0.0,0.0,0.0,0.9365750528521426,443,30,0,0
sem_erro,catboost,queda,30,15,15,315,315,78,237,0,315,0,12,12,0.9396825396825397,0.9396825396825397,0.0,0.0,0.0,0.9396825396795566,296,19,0,0
sem_erro,catboost,queda,30,20,20,237,237,56,181,0,237,0,10,10,0.9240506329113924,0.9240506329113924,0.0,0.0,0.0,0.9240506329074935,219,18,0,0
sem_erro,catboost,queda,30,25,25,189,189,48,141,0,189,0,11,11,0.9312169312169312,0.9312169312169312,0.0,0.0,0.0,0.9312169312120042,176,13,0,0
sem_erro,catboost,queda,30,30,30,158,158,38,120,0,158,0,6,6,0.9430379746835443,0.9430379746835443,0.0,0.0,0.0,0.9430379746775758,149,9,0,0
sem_erro,catboost,queda,40,5,5,943,943,264,679,0,943,0,18,18,0.9183457051961824,0.9183457051961824,0.0,0.0,0.0,0.9183457051952085,866,77,0,0
sem_erro,catboost,queda,40,10,10,472,472,132,340,0,472,0,17,17,0.902542372881356,0.902542372881356,0.0,0.0,0.0,0.9025423728794438,426,46,0,0
sem_erro,catboost,queda,40,15,15,315,315,86,229,0,315,0,11,11,0.9238095238095239,0.9238095238095239,0.0,0.0,0.0,0.9238095238065911,291,24,0,0
sem_erro,catboost,queda,40,20,20,236,236,68,168,0,236,0,14,14,0.8940677966101694,0.8940677966101694,0.0,0.0,0.0,0.8940677966063811,211,25,0,0
sem_erro,catboost,queda,40,25,25,189,189,54,135,0,189,0,8,8,0.8994708994708994,0.8994708994708994,0.0,0.0,0.0,0.8994708994661404,170,19,0,0
sem_erro,catboost,queda,40,30,30,158,158,43,115,0,158,0,6,6,0.930379746835443,0.930379746835443,0.0,0.0,0.0,0.9303797468295546,147,11,0,0
sem_erro,catboost,queda,40,35,35,135,135,36,99,0,135,0,5,5,0.9333333333333333,0.9333333333333333,0.0,0.0,0.0,0.9333333333264199,126,9,0,0
sem_erro,catboost,queda,40,40,40,118,118,34,84,0,118,0,7,7,0.9152542372881356,0.9152542372881356,0.0,0.0,0.0,0.9152542372803791,108,10,0,0
sem_erro,catboost,queda,50,5,5,941,941,292,649,0,941,0,27,27,0.9054197662061636,0.9054197662061636,0.0,0.0,0.0,0.9054197662052015,852,89,0,0
sem_erro,catboost,queda,50,10,10,471,471,146,325,0,471,0,18,18,0.8853503184713376,0.8853503184713376,0.0,0.0,0.0,0.8853503184694579,417,54,0,0
sem_erro,catboost,queda,50,15,15,314,314,98,216,0,314,0,13,13,0.8853503184713376,0.8853503184713376,0.0,0.0,0.0,0.885350318468518,278,36,0,0
sem_erro,catboost,queda,50,20,20,236,236,71,165,0,236,0,9,9,0.8983050847457628,0.8983050847457628,0.0,0.0,0.0,0.8983050847419564,212,24,0,0
sem_erro,catboost,queda,50,25,25,189,189,60,129,0,189,0,9,9,0.8835978835978836,0.8835978835978836,0.0,0.0,0.0,0.8835978835932086,167,22,0,0
sem_erro,catboost,queda,50,30,30,157,157,49,108,0,157,0,7,7,0.89171974522293,0.89171974522293,0.0,0.0,0.0,0.8917197452172503,140,17,0,0
sem_erro,catboost,queda,50,35,35,135,135,42,93,0,135,0,7,7,0.9185185185185185,0.9185185185185185,0.0,0.0,0.0,0.9185185185117147,124,11,0,0
sem_erro,catboost,queda,50,40,40,118,118,35,83,0,118,0,6,6,0.9067796610169492,0.9067796610169492,0.0,0.0,0.0,0.9067796610092645,107,11,0,0
sem_erro,catboost,queda,50,45,45,105,105,34,71,0,105,0,8,8,0.8952380952380953,0.8952380952380953,0.0,0.0,0.0,0.8952380952295691,94,11,0,0
sem_erro,catboost,queda,50,50,50,95,95,28,67,0,95,0,7,7,0.8947368421052632,0.8947368421052632,0.0,0.0,0.0,0.8947368420958448,85,10,0,0
sem_erro,catboost,queda,60,5,5,939,939,318,621,0,939,0,27,27,0.8871139510117146,0.8871139510117146,0.0,0.0,0.0,0.8871139510107698,833,106,0,0
sem_erro,catboost,queda,60,10,10,470,470,159,311,0,470,0,14,14,0.874468085106383,0.874468085106383,0.0,0.0,0.0,0.8744680851045225,411,59,0,0
sem_erro,catboost,queda,60,15,15,313,313,106,207,0,313,0,10,10,0.8977635782747604,0.8977635782747604,0.0,0.0,0.0,0.8977635782718921,281,32,0,0
sem_erro,catboost,queda,60,20,20,235,235,82,153,0,235,0,9,9,0.8638297872340426,0.8638297872340426,0.0,0.0,0.0,0.8638297872303667,203,32,0,0
sem_erro,catboost,queda,60,25,25,188,188,64,124,0,188,0,8,8,0.851063829787234,0.851063829787234,0.0,0.0,0.0,0.8510638297827071,160,28,0,0
sem_erro,catboost,queda,60,30,30,157,157,53,104,0,157,0,8,8,0.9044585987261147,0.9044585987261147,0.0,0.0,0.0,0.9044585987203538,142,15,0,0
sem_erro,catboost,queda,60,35,35,135,135,46,89,0,135,0,9,9,0.8592592592592593,0.8592592592592593,0.0,0.0,0.0,0.8592592592528945,116,19,0,0
sem_erro,catboost,queda,60,40,40,118,118,40,78,0,118,0,5,5,0.923728813559322,0.923728813559322,0.0,0.0,0.0,0.9237288135514938,109,9,0,0
sem_erro,catboost,queda,60,45,45,105,105,37,68,0,105,0,7,7,0.9047619047619048,0.9047619047619048,0.0,0.0,0.0,0.904761904753288,95,10,0,0
sem_erro,catboost,queda,60,50,50,94,94,31,63,0,94,0,8,8,0.8723404255319149,0.8723404255319149,0.0,0.0,0.0,0.8723404255226347,82,12,0,0
sem_erro,catboost,queda,60,55,55,86,86,32,54,0,86,0,9,9,0.8488372093023255,0.8488372093023255,0.0,0.0,0.0,0.8488372092924553,73,13,0,0
sem_erro,catboost,queda,60,60,60,79,79,27,52,0,79,0,7,7,0.8987341772151899,0.8987341772151899,0.0,0.0,0.0,0.8987341772038134,71,8,0,0
sem_erro,catboost,queda,70,5,5,937,937,344,593,0,937,0,28,28,0.8591248665955176,0.8591248665955176,0.0,0.0,0.0,0.8591248665946007,805,132,0,0
sem_erro,catboost,queda,70,10,10,469,469,172,297,0,469,0,11,11,0.837953091684435,0.837953091684435,0.0,0.0,0.0,0.8379530916826483,393,76,0,0
sem_erro,catboost,queda,70,15,15,313,313,113,200,0,313,0,9,9,0.8434504792332268,0.8434504792332268,0.0,0.0,0.0,0.8434504792305322,264,49,0,0
sem_erro,catboost,queda,70,20,20,235,235,84,151,0,235,0,10,10,0.8553191489361702,0.8553191489361702,0.0,0.0,0.0,0.8553191489325306,201,34,0,0
sem_erro,catboost,queda,70,25,25,188,188,69,119,0,188,0,9,9,0.824468085106383,0.824468085106383,0.0,0.0,0.0,0.8244680851019975,155,33,0,0
sem_erro,catboost,queda,70,30,30,157,157,57,100,0,157,0,9,9,0.8535031847133758,0.8535031847133758,0.0,0.0,0.0,0.8535031847079395,134,23,0,0
sem_erro,catboost,queda,70,35,35,134,134,47,87,0,134,0,8,8,0.8731343283582089,0.8731343283582089,0.0,0.0,0.0,0.8731343283516931,117,17,0,0
sem_erro,catboost,queda,70,40,40,118,118,41,77,0,118,0,8,8,0.8728813559322034,0.8728813559322034,0.0,0.0,0.0,0.8728813559248061,103,15,0,0
sem_erro,catboost,queda,70,45,45,105,105,41,64,0,105,0,9,9,0.8095238095238095,0.8095238095238095,0.0,0.0,0.0,0.8095238095160997,85,20,0,0
sem_erro,catboost,queda,70,50,50,94,94,34,60,0,94,0,8,8,0.8617021276595744,0.8617021276595744,0.0,0.0,0.0,0.8617021276504074,81,13,0,0
sem_erro,catboost,queda,70,55,55,86,86,33,53,0,86,0,7,7,0.813953488372093,0.813953488372093,0.0,0.0,0.0,0.8139534883626284,70,16,0,0
sem_erro,catboost,queda,70,60,60,79,79,29,50,0,79,0,8,8,0.8354430379746836,0.8354430379746836,0.0,0.0,0.0,0.8354430379641082,66,13,0,0
sem_erro,catboost,queda,70,65,65,73,73,26,47,0,73,0,8,8,0.8082191780821918,0.8082191780821918,0.0,0.0,0.0,0.8082191780711202,59,14,0,0
sem_erro,catboost,queda,70,70,70,67,67,23,44,0,67,0,5,5,0.8805970149253731,0.8805970149253731,0.0,0.0,0.0,0.8805970149122299,59,8,0,0
sem_erro,catboost,queda,80,5,5,935,935,368,567,0,935,0,19,19,0.8064171122994652,0.8064171122994652,0.0,0.0,0.0,0.8064171122986028,754,181,0,0
sem_erro,catboost,queda,80,10,10,468,468,184,284,0,468,0,11,11,0.8183760683760684,0.8183760683760684,0.0,0.0,0.0,0.8183760683743198,383,85,0,0
sem_erro,catboost,queda,80,15,15,312,312,123,189,0,312,0,16,16,0.8333333333333334,0.8333333333333334,0.0,0.0,0.0,0.8333333333306624,260,52,0,0
sem_erro,catboost,queda,80,20,20,234,234,94,140,0,234,0,9,9,0.8205128205128205,0.8205128205128205,0.0,0.0,0.0,0.8205128205093141,192,42,0,0
sem_erro,catboost,queda,80,25,25,187,187,74,113,0,187,0,7,7,0.8288770053475936,0.8288770053475936,0.0,0.0,0.0,0.8288770053431611,155,32,0,0
sem_erro,catboost,queda,80,30,30,156,156,62,94,0,156,0,6,6,0.8333333333333334,0.8333333333333334,0.0,0.0,0.0,0.8333333333279915,130,26,0,0
sem_erro,catboost,queda,80,35,35,134,134,52,82,0,134,0,7,7,0.835820895522388,0.835820895522388,0.0,0.0,0.0,0.8358208955161507,112,22,0,0
sem_erro,catboost,queda,80,40,40,117,117,47,70,0,117,0,7,7,0.8376068376068376,0.8376068376068376,0.0,0.0,0.0,0.8376068375996786,98,19,0,0
sem_erro,catboost,queda,80,45,45,104,104,41,63,0,104,0,5,5,0.8173076923076923,0.8173076923076923,0.0,0.0,0.0,0.8173076922998336,85,19,0,0
sem_erro,catboost,queda,80,50,50,94,94,36,58,0,94,0,6,6,0.8723404255319149,0.8723404255319149,0.0,0.0,0.0,0.8723404255226347,82,12,0,0
sem_erro,catboost,queda,80,55,55,85,85,34,51,0,85,0,7,7,0.8117647058823529,0.8117647058823529,0.0,0.0,0.0,0.8117647058728027,69,16,0,0
sem_erro,catboost,queda,80,60,60,78,78,34,44,0,78,0,5,5,0.8461538461538461,0.8461538461538461,0.0,0.0,0.0,0.8461538461429979,66,12,0,0
sem_erro,catboost,queda,80,65,65,72,72,28,44,0,72,0,9,9,0.8333333333333334,0.8333333333333334,0.0,0.0,0.0,0.8333333333217592,60,12,0,0
sem_erro,catboost,queda,80,70,70,67,67,25,42,0,67,0,6,6,0.8955223880597015,0.8955223880597015,0.0,0.0,0.0,0.8955223880463354,60,7,0,0
sem_erro,catboost,queda,80,75,75,63,63,23,40,0,63,0,6,6,0.8412698412698413,0.8412698412698413,0.0,0.0,0.0,0.8412698412564878,53,10,0,0
sem_erro,catboost,queda,80,80,80,59,59,25,34,0,59,0,4,4,0.864406779661017,0.864406779661017,0.0,0.0,0.0,0.864406779646366,51,8,0,0
sem_erro,catboost,queda,90,5,5,933,933,389,544,0,933,0,16,16,0.8113612004287245,0.8113612004287245,0.0,0.0,0.0,0.811361200427855,757,176,0,0
sem_erro,catboost,queda,90,10,10,467,467,194,273,0,467,0,8,8,0.8115631691648822,0.8115631691648822,0.0,0.0,0.0,0.8115631691631444,379,88,0,0
sem_erro,catboost,queda,90,15,15,311,311,130,181,0,311,0,10,10,0.8585209003215434,0.8585209003215434,0.0,0.0,0.0,0.8585209003187829,267,44,0,0
sem_erro,catboost,queda,90,20,20,234,234,96,138,0,234,0,10,10,0.8205128205128205,0.8205128205128205,0.0,0.0,0.0,0.8205128205093141,192,42,0,0
sem_erro,catboost,queda,90,25,25,187,187,78,109,0,187,0,8,8,0.8021390374331551,0.8021390374331551,0.0,0.0,0.0,0.8021390374288656,150,37,0,0
sem_erro,catboost,queda,90,30,30,156,156,65,91,0,156,0,8,8,0.8205128205128205,0.8205128205128205,0.0,0.0,0.0,0.8205128205075609,128,28,0,0
sem_erro,catboost,queda,90,35,35,134,134,55,79,0,134,0,4,4,0.8656716417910447,0.8656716417910447,0.0,0.0,0.0,0.8656716417845846,116,18,0,0
sem_erro,catboost,queda,90,40,40,117,117,48,69,0,117,0,5,5,0.8461538461538461,0.8461538461538461,0.0,0.0,0.0,0.846153846146614,99,18,0,0
sem_erro,catboost,queda,90,45,45,104,104,43,61,0,104,0,8,8,0.8173076923076923,0.8173076923076923,0.0,0.0,0.0,0.8173076922998336,85,19,0,0
sem_erro,catboost,queda,90,50,50,94,94,38,56,0,94,0,6,6,0.8191489361702128,0.8191489361702128,0.0,0.0,0.0,0.8191489361614984,77,17,0,0
sem_erro,catboost,queda,90,55,55,85,85,36,49,0,85,0,6,6,0.8117647058823529,0.8117647058823529,0.0,0.0,0.0,0.8117647058728027,69,16,0,0
sem_erro,catboost,queda,90,60,60,78,78,34,44,0,78,0,6,6,0.8205128205128205,0.8205128205128205,0.0,0.0,0.0,0.8205128205023011,64,14,0,0
sem_erro,catboost,queda,90,65,65,72,72,28,44,0,72,0,7,7,0.8472222222222222,0.8472222222222222,0.0,0.0,0.0,0.8472222222104552,61,11,0,0
sem_erro,catboost,queda,90,70,70,67,67,27,40,0,67,0,6,6,0.835820895522388,0.835820895522388,0.0,0.0,0.0,0.8358208955099131,56,11,0,0
sem_erro,catboost,queda,90,75,75,63,63,26,37,0,63,0,8,8,0.8253968253968254,0.8253968253968254,0.0,0.0,0.0,0.8253968253837239,52,11,0,0
sem_erro,catboost,queda,90,80,80,59,59,26,33,0,59,0,5,5,0.847457627118644,0.847457627118644,0.0,0.0,0.0,0.8474576271042804,50,9,0,0
sem_erro,catboost,queda,90,85,85,55,55,25,30,0,55,0,6,6,0.8363636363636363,0.8363636363636363,0.0,0.0,0.0,0.8363636363484298,46,9,0,0
sem_erro,catboost,queda,90,90,90,52,52,21,31,0,52,0,4,4,0.8653846153846154,0.8653846153846154,0.0,0.0,0.0,0.8653846153679734,45,7,0,0
sem_erro,catboost,queda,100,5,5,931,931,409,522,0,931,0,19,19,0.7722878625134264,0.7722878625134264,0.0,0.0,0.0,0.772287862512597,719,212,0,0
sem_erro,catboost,queda,100,10,10,466,466,204,262,0,466,0,7,7,0.7918454935622318,0.7918454935622318,0.0,0.0,0.0,0.7918454935605326,369,97,0,0
sem_erro,catboost,queda,100,15,15,311,311,135,176,0,311,0,7,7,0.8070739549839229,0.8070739549839229,0.0,0.0,0.0,0.8070739549813277,251,60,0,0
sem_erro,catboost,queda,100,20,20,233,233,104,129,0,233,0,6,6,0.7982832618025751,0.7982832618025751,0.0,0.0,0.0,0.798283261799149,186,47,0,0
sem_erro,catboost,queda,100,25,25,187,187,84,103,0,187,0,6,6,0.7914438502673797,0.7914438502673797,0.0,0.0,0.0,0.7914438502631475,148,39,0,0
sem_erro,catboost,queda,100,30,30,156,156,68,88,0,156,0,6,6,0.7948717948717948,0.7948717948717948,0.0,0.0,0.0,0.7948717948666996,124,32,0,0
sem_erro,catboost,queda,100,35,35,133,133,58,75,0,133,0,7,7,0.8045112781954887,0.8045112781954887,0.0,0.0,0.0,0.8045112781894398,107,26,0,0
sem_erro,catboost,queda,100,40,40,117,117,51,66,0,117,0,5,5,0.811965811965812,0.811965811965812,0.0,0.0,0.0,0.8119658119588721,95,22,0,0
sem_erro,catboost,queda,100,45,45,104,104,45,59,0,104,0,7,7,0.8461538461538461,0.8461538461538461,0.0,0.0,0.0,0.84615384614571,88,16,0,0
sem_erro,catboost,queda,100,50,50,94,94,41,53,0,94,0,7,7,0.7978723404255319,0.7978723404255319,0.0,0.0,0.0,0.7978723404170439,75,19,0,0
sem_erro,catboost,queda,100,55,55,85,85,38,47,0,85,0,4,4,0.7529411764705882,0.7529411764705882,0.0,0.0,0.0,0.7529411764617301,64,21,0,0
sem_erro,catboost,queda,100,60,60,78,78,35,43,0,78,0,6,6,0.7948717948717948,0.7948717948717948,0.0,0.0,0.0,0.7948717948616042,62,16,0,0
sem_erro,catboost,queda,100,65,65,72,72,30,42,0,72,0,4,4,0.7916666666666666,0.7916666666666666,0.0,0.0,0.0,0.7916666666556712,57,15,0,0
sem_erro,catboost,queda,100,70,70,67,67,30,37,0,67,0,4,4,0.8208955223880597,0.8208955223880597,0.0,0.0,0.0,0.8208955223758075,55,12,0,0
sem_erro,catboost,queda,100,75,75,63,63,29,34,0,63,0,5,5,0.7936507936507936,0.7936507936507936,0.0,0.0,0.0,0.793650793638196,50,13,0,0
sem_erro,catboost,queda,100,80,80,59,59,27,32,0,59,0,5,5,0.847457627118644,0.847457627118644,0.0,0.0,0.0,0.8474576271042804,50,9,0,0
sem_erro,catboost,queda,100,85,85,55,55,25,30,0,55,0,4,4,0.8727272727272727,0.8727272727272727,0.0,0.0,0.0,0.872727272711405,48,7,0,0
sem_erro,catboost,queda,100,90,90,52,52,22,30,0,52,0,6,6,0.8076923076923077,0.8076923076923077,0.0,0.0,0.0,0.8076923076767752,42,10,0,0
sem_erro,catboost,queda,100,95,95,49,49,23,26,0,49,0,5,5,0.7959183673469388,0.7959183673469388,0.0,0.0,0.0,0.7959183673306957,39,10,0,0
sem_erro,catboost,queda,100,100,100,47,47,20,27,0,47,0,4,4,0.7446808510638298,0.7446808510638298,0.0,0.0,0.0,0.7446808510479855,35,12,0,0
sem_erro,mlp,lacuna,20,5,5,947,947,285,662,0,947,0,0,0,1.0,1.0,0.0,0.0,0.0,0.9999999999989441,947,0,0,0
sem_erro,mlp,lacuna,20,10,10,474,474,143,331,0,474,0,0,0,1.0,1.0,0.0,0.0,0.0,0.9999999999978904,474,0,0,0
sem_erro,mlp,lacuna,20,15,15,316,316,99,217,0,316,0,1,1,0.9968354430379747,0.9968354430379747,0.0,0.0,0.0,0.9968354430348202,315,1,0,0
sem_erro,mlp,lacuna,20,20,20,237,237,72,165,0,237,0,2,2,0.9915611814345991,0.9915611814345991,0.0,0.0,0.0,0.9915611814304154,235,2,0,0
sem_erro,mlp,lacuna,30,5,5,945,945,319,626,0,945,0,1,1,0.9989417989417989,0.9989417989417989,0.0,0.0,0.0,0.9989417989407419,944,1,0,0
sem_erro,mlp,lacuna,30,10,10,473,473,160,313,0,473,0,0,0,1.0,1.0,0.0,0.0,0.0,0.9999999999978858,473,0,0,0
sem_erro,mlp,lacuna,30,15,15,315,315,103,212,0,315,0,2,2,0.9936507936507937,0.9936507936507937,0.0,0.0,0.0,0.9936507936476392,313,2,0,0
sem_erro,mlp,lacuna,30,20,20,237,237,80,157,0,237,0,2,2,0.9915611814345991,0.9915611814345991,0.0,0.0,0.0,0.9915611814304154,235,2,0,0
sem_erro,mlp,lacuna,30,25,25,189,189,61,128,0,189,0,1,1,0.9947089947089947,0.9947089947089947,0.0,0.0,0.0,0.9947089947037318,188,1,0,0
sem_erro,mlp,lacuna,30,30,30,158,158,52,106,0,158,0,2,2,0.9873417721518988,0.9873417721518988,0.0,0.0,0.0,0.9873417721456498,156,2,0,0
sem_erro,mlp,lacuna,40,5,5,943,943,349,594,0,943,0,14,14,0.9745493107104984,0.9745493107104984,0.0,0.0,0.0,0.9745493107094649,919,24,0,0
sem_erro,mlp,lacuna,40,10,10,472,472,175,297,0,472,0,3,3,0.9936440677966102,0.9936440677966102,0.0,0.0,0.0,0.993644067794505,469,3,0,0
sem_erro,mlp,lacuna,40,15,15,315,315,116,199,0,315,0,2,2,0.9936507936507937,0.9936507936507937,0.0,0.0,0.0,0.9936507936476392,313,2,0,0
sem_erro,mlp,lacuna,40,20,20,236,236,88,148,0,236,0,3,3,0.9872881355932204,0.9872881355932204,0.0,0.0,0.0,0.9872881355890369,233,3,0,0
sem_erro,mlp,lacuna,40,25,25,189,189,71,118,0,189,0,1,1,0.9947089947089947,0.9947089947089947,0.0,0.0,0.0,0.9947089947037318,188,1,0,0
sem_erro,mlp,lacuna,40,30,30,158,158,58,100,0,158,0,4,4,0.9430379746835443,0.9430379746835443,0.0,0.0,0.0,0.9430379746775758,149,9,0,0
sem_erro,mlp,lacuna,40,35,35,135,135,49,86,0,135,0,2,2,0.9851851851851852,0.9851851851851852,0.0,0.0,0.0,0.9851851851778876,133,2,0,0
sem_erro,mlp,lacuna,40,40,40,118,118,45,73,0,118,0,1,1,0.9915254237288136,0.9915254237288136,0.0,0.0,0.0,0.9915254237204107,117,1,0,0
sem_erro,mlp,lacuna,50,5,5,941,941,377,564,0,941,0,7,7,0.9904357066950054,0.9904357066950054,0.0,0.0,0.0,0.9904357066939528,932,9,0,0
sem_erro,mlp,lacuna,50,10,10,471,471,189,282,0,471,0,6,6,0.9851380042462845,0.9851380042462845,0.0,0.0,0.0,0.985138004244193,464,7,0,0
sem_erro,mlp,lacuna,50,15,15,314,314,129,185,0,314,0,13,13,0.9585987261146497,0.9585987261146497,0.0,0.0,0.0,0.9585987261115968,301,13,0,0
sem_erro,mlp,lacuna,50,20,20,236,236,94,142,0,236,0,9,9,0.9491525423728814,0.9491525423728814,0.0,0.0,0.0,0.9491525423688596,224,12,0,0
sem_erro,mlp,lacuna,50,25,25,189,189,75,114,0,189,0,2,2,0.9735449735449735,0.9735449735449735,0.0,0.0,0.0,0.9735449735398226,184,5,0,0
sem_erro,mlp,lacuna,50,30,30,157,157,65,92,0,157,0,4,4,0.9490445859872612,0.9490445859872612,0.0,0.0,0.0,0.9490445859812163,149,8,0,0
sem_erro,mlp,lacuna,50,35,35,135,135,52,83,0,135,0,2,2,0.9777777777777777,0.9777777777777777,0.0,0.0,0.0,0.9777777777705351,132,3,0,0
sem_erro,mlp,lacuna,50,40,40,118,118,47,71,0,118,0,0,0,1.0,1.0,0.0,0.0,0.0,0.9999999999915254,118,0,0,0
sem_erro,mlp,lacuna,50,45,45,105,105,41,64,0,105,0,2,2,0.9047619047619048,0.9047619047619048,0.0,0.0,0.0,0.904761904753288,95,10,0,0
sem_erro,mlp,lacuna,50,50,50,95,95,39,56,0,95,0,0,0,1.0,1.0,0.0,0.0,0.0,0.9999999999894736,95,0,0,0
sem_erro,mlp,lacuna,60,5,5,939,939,405,534,0,939,0,6,6,0.9914802981895634,0.9914802981895634,0.0,0.0,0.0,0.9914802981885075,931,8,0,0
sem_erro,mlp,lacuna,60,10,10,470,470,203,267,0,470,0,5,5,0.9872340425531915,0.9872340425531915,0.0,0.0,0.0,0.987234042551091,464,6,0,0
sem_erro,mlp,lacuna,60,15,15,313,313,132,181,0,313,0,6,6,0.9808306709265175,0.9808306709265175,0.0,0.0,0.0,0.9808306709233839,307,6,0,0
sem_erro,mlp,lacuna,60,20,20,235,235,102,133,0,235,0,10,10,0.948936170212766,0.948936170212766,0.0,0.0,0.0,0.948936170208728,223,12,0,0
sem_erro,mlp,lacuna,60,25,25,188,188,78,110,0,188,0,3,3,0.9840425531914894,0.9840425531914894,0.0,0.0,0.0,0.9840425531862551,185,3,0,0
sem_erro,mlp,lacuna,60,30,30,157,157,66,91,0,157,0,3,3,0.9808917197452229,0.9808917197452229,0.0,0.0,0.0,0.9808917197389753,154,3,0,0
sem_erro,mlp,lacuna,60,35,35,135,135,55,80,0,135,0,0,0,1.0,1.0,0.0,0.0,0.0,0.9999999999925927,135,0,0,0
sem_erro,mlp,lacuna,60,40,40,118,118,50,68,0,118,0,4,4,0.9491525423728814,0.9491525423728814,0.0,0.0,0.0,0.9491525423648377,112,6,0,0
sem_erro,mlp,lacuna,60,45,45,105,105,43,62,0,105,0,4,4,0.9238095238095239,0.9238095238095239,0.0,0.0,0.0,0.9238095238007256,97,8,0,0
sem_erro,mlp,lacuna,60,50,50,94,94,42,52,0,94,0,3,3,0.9680851063829787,0.9680851063829787,0.0,0.0,0.0,0.9680851063726799,91,3,0,0
sem_erro,mlp,lacuna,60,55,55,86,86,36,50,0,86,0,8,8,0.8604651162790697,0.8604651162790697,0.0,0.0,0.0,0.8604651162690643,74,12,0,0
sem_erro,mlp,lacuna,60,60,60,79,79,31,48,0,79,0,2,2,0.9240506329113924,0.9240506329113924,0.0,0.0,0.0,0.9240506328996955,73,6,0,0
sem_erro,mlp,lacuna,70,5,5,937,937,433,504,0,937,0,19,19,0.9615795090715048,0.9615795090715048,0.0,0.0,0.0,0.9615795090704786,901,36,0,0
sem_erro,mlp,lacuna,70,10,10,469,469,217,252,0,469,0,3,3,0.9936034115138592,0.9936034115138592,0.0,0.0,0.0,0.9936034115117407,466,3,0,0
sem_erro,mlp,lacuna,70,15,15,313,313,144,169,0,313,0,7,7,0.9648562300319489,0.9648562300319489,0.0,0.0,0.0,0.9648562300288663,302,11,0,0
sem_erro,mlp,lacuna,70,20,20,235,235,108,127,0,235,0,3,3,0.9872340425531915,0.9872340425531915,0.0,0.0,0.0,0.9872340425489905,232,3,0,0
sem_erro,mlp,lacuna,70,25,25,188,188,87,101,0,188,0,2,2,0.9893617021276596,0.9893617021276596,0.0,0.0,0.0,0.989361702122397,186,2,0,0
sem_erro,mlp,lacuna,70,30,30,157,157,72,85,0,157,0,3,3,0.9554140127388535,0.9554140127388535,0.0,0.0,0.0,0.9554140127327682,150,7,0,0
sem_erro,mlp,lacuna,70,35,35,134,134,61,73,0,134,0,0,0,1.0,1.0,0.0,0.0,0.0,0.9999999999925374,134,0,0,0
sem_erro,mlp,lacuna,70,40,40,118,118,54,64,0,118,0,2,2,0.9830508474576272,0.9830508474576272,0.0,0.0,0.0,0.9830508474492962,116,2,0,0
sem_erro,mlp,lacuna,70,45,45,105,105,49,56,0,105,0,2,2,0.9428571428571428,0.9428571428571428,0.0,0.0,0.0,0.9428571428481632,99,6,0,0
sem_erro,mlp,lacuna,70,50,50,94,94,44,50,0,94,0,4,4,0.9468085106382979,0.9468085106382979,0.0,0.0,0.0,0.9468085106282254,89,5,0,0
sem_erro,mlp,lacuna,70,55,55,86,86,39,47,0,86,0,3,3,0.9534883720930233,0.9534883720930233,0.0,0.0,0.0,0.9534883720819362,82,4,0,0
sem_erro,mlp,lacuna,70,60,60,79,79,34,45,0,79,0,4,4,0.8860759493670886,0.8860759493670886,0.0,0.0,0.0,0.8860759493558724,70,9,0,0
sem_erro,mlp,lacuna,70,65,65,73,73,35,38,0,73,0,6,6,0.8493150684931506,0.8493150684931506,0.0,0.0,0.0,0.8493150684815162,62,11,0,0
sem_erro,mlp,lacuna,70,70,70,67,67,30,37,0,67,0,1,1,0.9850746268656716,0.9850746268656716,0.0,0.0,0.0,0.985074626850969,66,1,0,0
sem_erro,mlp,lacuna,80,5,5,935,935,461,474,0,935,0,24,24,0.9647058823529412,0.9647058823529412,0.0,0.0,0.0,0.9647058823519095,902,33,0,0
sem_erro,mlp,lacuna,80,10,10,468,468,231,237,0,468,0,7,7,0.9850427350427351,0.9850427350427351,0.0,0.0,0.0,0.9850427350406302,461,7,0,0
sem_erro,mlp,lacuna,80,15,15,312,312,157,155,0,312,0,19,19,0.8653846153846154,0.8653846153846154,0.0,0.0,0.0,0.8653846153818417,270,42,0,0
sem_erro,mlp,lacuna,80,20,20,234,234,116,118,0,234,0,11,11,0.9145299145299145,0.9145299145299145,0.0,0.0,0.0,0.9145299145260063,214,20,0,0
sem_erro,mlp,lacuna,80,25,25,187,187,89,98,0,187,0,4,4,0.9572192513368984,0.9572192513368984,0.0,0.0,0.0,0.9572192513317797,179,8,0,0
sem_erro,mlp,lacuna,80,30,30,156,156,79,77,0,156,0,9,9,0.9102564102564102,0.9102564102564102,0.0,0.0,0.0,0.9102564102505754,142,14,0,0
sem_erro,mlp,lacuna,80,35,35,134,134,65,69,0,134,0,15,15,0.8432835820895522,0.8432835820895522,0.0,0.0,0.0,0.8432835820832592,113,21,0,0
sem_erro,mlp,lacuna,80,40,40,117,117,59,58,0,117,0,11,11,0.811965811965812,0.811965811965812,0.0,0.0,0.0,0.8119658119588721,95,22,0,0
sem_erro,mlp,lacuna,80,45,45,104,104,52,52,0,104,0,18,18,0.6923076923076923,0.6923076923076923,0.0,0.0,0.0,0.6923076923010355,72,32,0,0
sem_erro,mlp,lacuna,80,50,50,94,94,46,48,0,94,0,1,1,0.9680851063829787,0.9680851063829787,0.0,0.0,0.0,0.9680851063726799,91,3,0,0
sem_erro,mlp,lacuna,80,55,55,85,85,43,42,0,85,0,1,1,0.9882352941176471,0.9882352941176471,0.0,0.0,0.0,0.9882352941060207,84,1,0,0
sem_erro,mlp,lacuna,80,60,60,78,78,39,39,0,78,0,8,8,0.782051282051282,0.782051282051282,0.0,0.0,0.0,0.7820512820412557,61,17,0,0
sem_erro,mlp,lacuna,80,65,65,72,72,37,35,0,72,0,8,8,0.8888888888888888,0.8888888888888888,0.0,0.0,0.0,0.8888888888765432,64,8,0,0
sem_erro,mlp,lacuna,80,70,70,67,67,30,37,0,67,0,1,1,0.9850746268656716,0.9850746268656716,0.0,0.0,0.0,0.985074626850969,66,1,0,0
sem_erro,mlp,lacuna,80,75,75,63,63,32,31,0,63,0,2,2,0.9523809523809523,0.9523809523809523,0.0,0.0,0.0,0.9523809523658353,60,3,0,0
sem_erro,mlp,lacuna,80,80,80,59,59,30,29,0,59,0,5,5,0.8305084745762712,0.8305084745762712,0.0,0.0,0.0,0.8305084745621948,49,10,0,0
sem_erro,mlp,lacuna,90,5,5,933,933,489,444,0,933,0,18,18,0.8831725616291533,0.8831725616291533,0.0,0.0,0.0,0.8831725616282067,824,109,0,0
sem_erro,mlp,lacuna,90,10,10,467,467,245,222,0,467,0,17,17,0.9143468950749465,0.9143468950749465,0.0,0.0,0.0,0.9143468950729886,427,40,0,0
sem_erro,mlp,lacuna,90,15,15,311,311,160,151,0,311,0,8,8,0.8906752411575563,0.8906752411575563,0.0,0.0,0.0,0.8906752411546924,277,34,0,0
sem_erro,mlp,lacuna,90,20,20,234,234,122,112,0,234,0,4,4,0.9017094017094017,0.9017094017094017,0.0,0.0,0.0,0.9017094017055483,211,23,0,0
sem_erro,mlp,lacuna,90,25,25,187,187,99,88,0,187,0,3,3,0.8770053475935828,0.8770053475935828,0.0,0.0,0.0,0.877005347588893,164,23,0,0
sem_erro,mlp,lacuna,90,30,30,156,156,80,76,0,156,0,4,4,0.9038461538461539,0.9038461538461539,0.0,0.0,0.0,0.90384615384036,141,15,0,0
sem_erro,mlp,lacuna,90,35,35,134,134,69,65,0,134,0,3,3,0.9328358208955224,0.9328358208955224,0.0,0.0,0.0,0.932835820888561,125,9,0,0
sem_erro,mlp,lacuna,90,40,40,117,117,61,56,0,117,0,2,2,0.9829059829059829,0.9829059829059829,0.0,0.0,0.0,0.982905982897582,115,2,0,0
sem_erro,mlp,lacuna,90,45,45,104,104,52,52,0,104,0,3,3,0.8942307692307693,0.8942307692307693,0.0,0.0,0.0,0.8942307692221708,93,11,0,0
sem_erro,mlp,lacuna,90,50,50,94,94,51,43,0,94,0,4,4,0.8936170212765957,0.8936170212765957,0.0,0.0,0.0,0.8936170212670892,84,10,0,0
sem_erro,mlp,lacuna,90,55,55,85,85,45,40,0,85,0,3,3,0.9529411764705882,0.9529411764705882,0.0,0.0,0.0,0.9529411764593771,81,4,0,0
sem_erro,mlp,lacuna,90,60,60,78,78,40,38,0,78,0,2,2,0.8717948717948718,0.8717948717948718,0.0,0.0,0.0,0.8717948717836949,68,10,0,0
sem_erro,mlp,lacuna,90,65,65,72,72,40,32,0,72,0,10,10,0.8611111111111112,0.8611111111111112,0.0,0.0,0.0,0.8611111110991512,62,10,0,0
sem_erro,mlp,lacuna,90,70,70,67,67,33,34,0,67,0,2,2,0.8955223880597015,0.8955223880597015,0.0,0.0,0.0,0.8955223880463354,60,7,0,0
sem_erro,mlp,lacuna,90,75,75,63,63,33,30,0,63,0,2,2,0.9523809523809523,0.9523809523809523,0.0,0.0,0.0,0.9523809523658353,60,3,0,0
sem_erro,mlp,lacuna,90,80,80,59,59,31,28,0,59,0,4,4,0.9322033898305084,0.9322033898305084,0.0,0.0,0.0,0.9322033898147085,55,4,0,0
sem_erro,mlp,lacuna,90,85,85,55,55,30,25,0,55,0,2,2,0.8727272727272727,0.8727272727272727,0.0,0.0,0.0,0.872727272711405,48,7,0,0
sem_erro,mlp,lacuna,90,90,90,52,52,26,26,0,52,0,1,1,0.9230769230769231,0.9230769230769231,0.0,0.0,0.0,0.9230769230591717,48,4,0,0
sem_erro,mlp,lacuna,100,5,5,931,931,515,416,0,931,0,20,20,0.958109559613319,0.958109559613319,0.0,0.0,0.0,0.9581095596122899,892,39,0,0
sem_erro,mlp,lacuna,100,10,10,466,466,258,208,0,466,0,9,9,0.9399141630901288,0.9399141630901288,0.0,0.0,0.0,0.9399141630881118,438,28,0,0
sem_erro,mlp,lacuna,100,15,15,311,311,171,140,0,311,0,5,5,0.9453376205787781,0.9453376205787781,0.0,0.0,0.0,0.9453376205757384,294,17,0,0
sem_erro,mlp,lacuna,100,20,20,233,233,129,104,0,233,0,6,6,0.8927038626609443,0.8927038626609443,0.0,0.0,0.0,0.8927038626571129,208,25,0,0
sem_erro,mlp,lacuna,100,25,25,187,187,103,84,0,187,0,7,7,0.9037433155080213,0.9037433155080213,0.0,0.0,0.0,0.9037433155031885,169,18,0,0
sem_erro,mlp,lacuna,100,30,30,156,156,85,71,0,156,0,2,2,0.9423076923076923,0.9423076923076923,0.0,0.0,0.0,0.9423076923016519,147,9,0,0
sem_erro,mlp,lacuna,100,35,35,133,133,75,58,0,133,0,4,4,0.9398496240601504,0.9398496240601504,0.0,0.0,0.0,0.9398496240530839,125,8,0,0
sem_erro,mlp,lacuna,100,40,40,117,117,64,53,0,117,0,2,2,0.8974358974358975,0.8974358974358975,0.0,0.0,0.0,0.897435897428227,105,12,0,0
sem_erro,mlp,lacuna,100,45,45,104,104,54,50,0,104,0,1,1,0.8942307692307693,0.8942307692307693,0.0,0.0,0.0,0.8942307692221708,93,11,0,0
sem_erro,mlp,lacuna,100,50,50,94,94,53,41,0,94,0,2,2,0.9680851063829787,0.9680851063829787,0.0,0.0,0.0,0.9680851063726799,91,3,0,0
sem_erro,mlp,lacuna,100,55,55,85,85,46,39,0,85,0,3,3,0.9529411764705882,0.9529411764705882,0.0,0.0,0.0,0.9529411764593771,81,4,0,0
sem_erro,mlp,lacuna,100,60,60,78,78,42,36,0,78,0,1,1,0.9102564102564102,0.9102564102564102,0.0,0.0,0.0,0.9102564102447402,71,7,0,0
sem_erro,mlp,lacuna,100,65,65,72,72,42,30,0,72,0,12,12,0.7222222222222222,0.7222222222222222,0.0,0.0,0.0,0.7222222222121913,52,20,0,0
sem_erro,mlp,lacuna,100,70,70,67,67,37,30,0,67,0,2,2,0.8955223880597015,0.8955223880597015,0.0,0.0,0.0,0.8955223880463354,60,7,0,0
sem_erro,mlp,lacuna,100,75,75,63,63,35,28,0,63,0,2,2,0.9682539682539683,0.9682539682539683,0.0,0.0,0.0,0.9682539682385992,61,2,0,0
sem_erro,mlp,lacuna,100,80,80,59,59,31,28,0,59,0,3,3,0.8983050847457628,0.8983050847457628,0.0,0.0,0.0,0.8983050847305373,53,6,0,0
sem_erro,mlp,lacuna,100,85,85,55,55,31,24,0,55,0,3,3,0.9090909090909091,0.9090909090909091,0.0,0.0,0.0,0.9090909090743802,50,5,0,0
sem_erro,mlp,lacuna,100,90,90,52,52,27,25,0,52,0,1,1,0.9230769230769231,0.9230769230769231,0.0,0.0,0.0,0.9230769230591717,48,4,0,0
sem_erro,mlp,lacuna,100,95,95,49,49,24,25,0,49,0,2,2,0.8979591836734694,0.8979591836734694,0.0,0.0,0.0,0.8979591836551437,44,5,0,0
sem_erro,mlp,lacuna,100,100,100,47,47,25,22,0,47,0,2,2,0.851063829787234,0.851063829787234,0.0,0.0,0.0,0.8510638297691263,40,7,0,0
sem_erro,mlp,oscilacao,20,5,5,947,947,376,571,0,947,0,23,23,0.9186906019007391,0.9186906019007391,0.0,0.0,0.0,0.918690601899769,870,77,0,0
sem_erro,mlp,oscilacao,20,10,10,474,474,188,286,0,474,0,13,13,0.930379746835443,0.930379746835443,0.0,0.0,0.0,0.9303797468334802,441,33,0,0
sem_erro,mlp,oscilacao,20,15,15,316,316,124,192,0,316,0,14,14,0.9082278481012658,0.9082278481012658,0.0,0.0,0.0,0.9082278480983917,287,29,0,0
sem_erro,mlp,oscilacao,20,20,20,237,237,95,142,0,237,0,14,14,0.8987341772151899,0.8987341772151899,0.0,0.0,0.0,0.8987341772113978,213,24,0,0
sem_erro,mlp,oscilacao,30,5,5,945,945,406,539,0,945,0,33,33,0.9026455026455027,0.9026455026455027,0.0,0.0,0.0,0.9026455026445475,853,92,0,0
sem_erro,mlp,oscilacao,30,10,10,473,473,203,270,0,473,0,26,26,0.8710359408033826,0.8710359408033826,0.0,0.0,0.0,0.8710359408015411,412,61,0,0
sem_erro,mlp,oscilacao,30,15,15,315,315,135,180,0,315,0,17,17,0.8793650793650793,0.8793650793650793,0.0,0.0,0.0,0.8793650793622878,277,38,0,0
sem_erro,mlp,oscilacao,30,20,20,237,237,103,134,0,237,0,12,12,0.8945147679324894,0.8945147679324894,0.0,0.0,0.0,0.8945147679287152,212,25,0,0
sem_erro,mlp,oscilacao,30,25,25,189,189,81,108,0,189,0,11,11,0.8941798941798942,0.8941798941798942,0.0,0.0,0.0,0.8941798941751631,169,20,0,0
sem_erro,mlp,oscilacao,30,30,30,158,158,68,90,0,158,0,10,10,0.8734177215189873,0.8734177215189873,0.0,0.0,0.0,0.8734177215134594,138,20,0,0
sem_erro,mlp,oscilacao,40,5,5,943,943,436,507,0,943,0,55,55,0.8324496288441146,0.8324496288441146,0.0,0.0,0.0,0.8324496288432318,785,158,0,0
sem_erro,mlp,oscilacao,40,10,10,472,472,218,254,0,472,0,26,26,0.8495762711864406,0.8495762711864406,0.0,0.0,0.0,0.8495762711846407,401,71,0,0
sem_erro,mlp,oscilacao,40,15,15,315,315,146,169,0,315,0,23,23,0.8380952380952381,0.8380952380952381,0.0,0.0,0.0,0.8380952380925775,264,51,0,0
sem_erro,mlp,oscilacao,40,20,20,236,236,110,126,0,236,0,15,15,0.8432203389830508,0.8432203389830508,0.0,0.0,0.0,0.8432203389794779,199,37,0,0
sem_erro,mlp,oscilacao,40,25,25,189,189,89,100,0,189,0,12,12,0.8571428571428571,0.8571428571428571,0.0,0.0,0.0,0.8571428571383221,162,27,0,0
sem_erro,mlp,oscilacao,40,30,30,158,158,71,87,0,158,0,10,10,0.8670886075949367,0.8670886075949367,0.0,0.0,0.0,0.8670886075894488,137,21,0,0
sem_erro,mlp,oscilacao,40,35,35,135,135,62,73,0,135,0,7,7,0.8962962962962963,0.8962962962962963,0.0,0.0,0.0,0.8962962962896571,121,14,0,0
sem_erro,mlp,oscilacao,40,40,40,118,118,55,63,0,118,0,11,11,0.8305084745762712,0.8305084745762712,0.0,0.0,0.0,0.8305084745692329,98,20,0,0
sem_erro,mlp,oscilacao,50,5,5,941,941,458,483,0,941,0,40,40,0.8746014877789585,0.8746014877789585,0.0,0.0,0.0,0.8746014877780292,823,118,0,0
sem_erro,mlp,oscilacao,50,10,10,471,471,229,242,0,471,0,27,27,0.821656050955414,0.821656050955414,0.0,0.0,0.0,0.8216560509536696,387,84,0,0
sem_erro,mlp,oscilacao,50,15,15,314,314,152,162,0,314,0,20,20,0.8535031847133758,0.8535031847133758,0.0,0.0,0.0,0.8535031847106577,268,46,0,0
sem_erro,mlp,oscilacao,50,20,20,236,236,115,121,0,236,0,17,17,0.8516949152542372,0.8516949152542372,0.0,0.0,0.0,0.8516949152506285,201,35,0,0
sem_erro,mlp,oscilacao,50,25,25,189,189,93,96,0,189,0,13,13,0.8306878306878307,0.8306878306878307,0.0,0.0,0.0,0.8306878306834355,157,32,0,0
sem_erro,mlp,oscilacao,50,30,30,157,157,76,81,0,157,0,16,16,0.821656050955414,0.821656050955414,0.0,0.0,0.0,0.8216560509501806,129,28,0,0
sem_erro,mlp,oscilacao,50,35,35,135,135,66,69,0,135,0,10,10,0.837037037037037,0.837037037037037,0.0,0.0,0.0,0.8370370370308369,113,22,0,0
sem_erro,mlp,oscilacao,50,40,40,118,118,58,60,0,118,0,10,10,0.8389830508474576,0.8389830508474576,0.0,0.0,0.0,0.8389830508403475,99,19,0,0
sem_erro,mlp,oscilacao,50,45,45,105,105,51,54,0,105,0,11,11,0.8095238095238095,0.8095238095238095,0.0,0.0,0.0,0.8095238095160997,85,20,0,0
sem_erro,mlp,oscilacao,50,50,50,95,95,46,49,0,95,0,12,12,0.7789473684210526,0.7789473684210526,0.0,0.0,0.0,0.7789473684128532,74,21,0,0
sem_erro,mlp,oscilacao,60,5,5,939,939,480,459,0,939,0,38,38,0.8722044728434505,0.8722044728434505,0.0,0.0,0.0,0.8722044728425217,819,120,0,0
sem_erro,mlp,oscilacao,60,10,10,470,470,240,230,0,470,0,28,28,0.8148936170212766,0.8148936170212766,0.0,0.0,0.0,0.8148936170195428,383,87,0,0
sem_erro,mlp,oscilacao,60,15,15,313,313,159,154,0,313,0,15,15,0.865814696485623,0.865814696485623,0.0,0.0,0.0,0.8658146964828568,271,42,0,0
sem_erro,mlp,oscilacao,60,20,20,235,235,121,114,0,235,0,17,17,0.8468085106382979,0.8468085106382979,0.0,0.0,0.0,0.8468085106346944,199,36,0,0
sem_erro,mlp,oscilacao,60,25,25,188,188,98,90,0,188,0,10,10,0.8404255319148937,0.8404255319148937,0.0,0.0,0.0,0.8404255319104234,158,30,0,0
sem_erro,mlp,oscilacao,60,30,30,157,157,79,78,0,157,0,13,13,0.8152866242038217,0.8152866242038217,0.0,0.0,0.0,0.8152866241986289,128,29,0,0
sem_erro,mlp,oscilacao,60,35,35,135,135,70,65,0,135,0,10,10,0.837037037037037,0.837037037037037,0.0,0.0,0.0,0.8370370370308369,113,22,0,0
sem_erro,mlp,oscilacao,60,40,40,118,118,63,55,0,118,0,9,9,0.7796610169491526,0.7796610169491526,0.0,0.0,0.0,0.7796610169425452,92,26,0,0
sem_erro,mlp,oscilacao,60,45,45,105,105,54,51,0,105,0,9,9,0.8285714285714286,0.8285714285714286,0.0,0.0,0.0,0.8285714285635374,87,18,0,0
sem_erro,mlp,oscilacao,60,50,50,94,94,48,46,0,94,0,5,5,0.8404255319148937,0.8404255319148937,0.0,0.0,0.0,0.8404255319059529,79,15,0,0
sem_erro,mlp,oscilacao,60,55,55,86,86,45,41,0,86,0,9,9,0.813953488372093,0.813953488372093,0.0,0.0,0.0,0.8139534883626284,70,16,0,0
sem_erro,mlp,oscilacao,60,60,60,79,79,39,40,0,79,0,6,6,0.7974683544303798,0.7974683544303798,0.0,0.0,0.0,0.7974683544202852,63,16,0,0
sem_erro,mlp,oscilacao,70,5,5,937,937,502,435,0,937,0,41,41,0.8089647812166488,0.8089647812166488,0.0,0.0,0.0,0.8089647812157855,758,179,0,0
sem_erro,mlp,oscilacao,70,10,10,469,469,251,218,0,469,0,33,33,0.7633262260127932,0.7633262260127932,0.0,0.0,0.0,0.7633262260111656,358,111,0,0
sem_erro,mlp,oscilacao,70,15,15,313,313,168,145,0,313,0,24,24,0.8178913738019169,0.8178913738019169,0.0,0.0,0.0,0.8178913737993039,256,57,0,0
sem_erro,mlp,oscilacao,70,20,20,235,235,126,109,0,235,0,19,19,0.7702127659574468,0.7702127659574468,0.0,0.0,0.0,0.7702127659541693,181,54,0,0
sem_erro,mlp,oscilacao,70,25,25,188,188,103,85,0,188,0,16,16,0.8085106382978723,0.8085106382978723,0.0,0.0,0.0,0.8085106382935718,152,36,0,0
sem_erro,mlp,oscilacao,70,30,30,157,157,82,75,0,157,0,14,14,0.7770700636942676,0.7770700636942676,0.0,0.0,0.0,0.7770700636893181,122,35,0,0
sem_erro,mlp,oscilacao,70,35,35,134,134,72,62,0,134,0,9,9,0.8507462686567164,0.8507462686567164,0.0,0.0,0.0,0.8507462686503676,114,20,0,0
sem_erro,mlp,oscilacao,70,40,40,118,118,65,53,0,118,0,8,8,0.8559322033898306,0.8559322033898306,0.0,0.0,0.0,0.8559322033825768,101,17,0,0
sem_erro,mlp,oscilacao,70,45,45,105,105,56,49,0,105,0,7,7,0.8380952380952381,0.8380952380952381,0.0,0.0,0.0,0.8380952380872562,88,17,0,0
sem_erro,mlp,oscilacao,70,50,50,94,94,52,42,0,94,0,11,11,0.8297872340425532,0.8297872340425532,0.0,0.0,0.0,0.8297872340337257,78,16,0,0
sem_erro,mlp,oscilacao,70,55,55,86,86,45,41,0,86,0,8,8,0.8488372093023255,0.8488372093023255,0.0,0.0,0.0,0.8488372092924553,73,13,0,0
sem_erro,mlp,oscilacao,70,60,60,79,79,42,37,0,79,0,10,10,0.7468354430379747,0.7468354430379747,0.0,0.0,0.0,0.746835443028521,59,20,0,0
sem_erro,mlp,oscilacao,70,65,65,73,73,40,33,0,73,0,10,10,0.7808219178082192,0.7808219178082192,0.0,0.0,0.0,0.780821917797523,57,16,0,0
sem_erro,mlp,oscilacao,70,70,70,67,67,36,31,0,67,0,4,4,0.8955223880597015,0.8955223880597015,0.0,0.0,0.0,0.8955223880463354,60,7,0,0
sem_erro,mlp,oscilacao,80,5,5,935,935,524,411,0,935,0,41,41,0.7614973262032085,0.7614973262032085,0.0,0.0,0.0,0.7614973262023941,712,223,0,0
sem_erro,mlp,oscilacao,80,10,10,468,468,262,206,0,468,0,26,26,0.782051282051282,0.782051282051282,0.0,0.0,0.0,0.782051282049611,366,102,0,0
sem_erro,mlp,oscilacao,80,15,15,312,312,174,138,0,312,0,22,22,0.7948717948717948,0.7948717948717948,0.0,0.0,0.0,0.7948717948692472,248,64,0,0
sem_erro,mlp,oscilacao,80,20,20,234,234,132,102,0,234,0,25,25,0.7222222222222222,0.7222222222222222,0.0,0.0,0.0,0.7222222222191358,169,65,0,0
sem_erro,mlp,oscilacao,80,25,25,187,187,105,82,0,187,0,20,20,0.7219251336898396,0.7219251336898396,0.0,0.0,0.0,0.7219251336859791,135,52,0,0
sem_erro,mlp,oscilacao,80,30,30,156,156,87,69,0,156,0,16,16,0.7756410256410257,0.7756410256410257,0.0,0.0,0.0,0.7756410256360536,121,35,0,0
sem_erro,mlp,oscilacao,80,35,35,134,134,76,58,0,134,0,18,18,0.7014925373134329,0.7014925373134329,0.0,0.0,0.0,0.7014925373081978,94,40,0,0
sem_erro,mlp,oscilacao,80,40,40,117,117,66,51,0,117,0,11,11,0.8034188034188035,0.8034188034188035,0.0,0.0,0.0,0.8034188034119366,94,23,0,0
sem_erro,mlp,oscilacao,80,45,45,104,104,58,46,0,104,0,17,17,0.6634615384615384,0.6634615384615384,0.0,0.0,0.0,0.663461538455159,69,35,0,0
sem_erro,mlp,oscilacao,80,50,50,94,94,54,40,0,94,0,10,10,0.7978723404255319,0.7978723404255319,0.0,0.0,0.0,0.7978723404170439,75,19,0,0
sem_erro,mlp,oscilacao,80,55,55,85,85,47,38,0,85,0,13,13,0.7764705882352941,0.7764705882352941,0.0,0.0,0.0,0.7764705882261591,66,19,0,0
sem_erro,mlp,oscilacao,80,60,60,78,78,45,33,0,78,0,11,11,0.7564102564102564,0.7564102564102564,0.0,0.0,0.0,0.7564102564005588,59,19,0,0
sem_erro,mlp,oscilacao,80,65,65,72,72,40,32,0,72,0,9,9,0.6944444444444444,0.6944444444444444,0.0,0.0,0.0,0.6944444444347994,50,22,0,0
sem_erro,mlp,oscilacao,80,70,70,67,67,38,29,0,67,0,11,11,0.746268656716418,0.746268656716418,0.0,0.0,0.0,0.7462686567052795,50,17,0,0
sem_erro,mlp,oscilacao,80,75,75,63,63,34,29,0,63,0,9,9,0.7301587301587301,0.7301587301587301,0.0,0.0,0.0,0.7301587301471404,46,17,0,0
sem_erro,mlp,oscilacao,80,80,80,59,59,32,27,0,59,0,9,9,0.6949152542372882,0.6949152542372882,0.0,0.0,0.0,0.6949152542255099,41,18,0,0
sem_erro,mlp,oscilacao,90,5,5,933,933,543,390,0,933,0,46,46,0.7727759914255091,0.7727759914255091,0.0,0.0,0.0,0.7727759914246809,721,212,0,0
sem_erro,mlp,oscilacao,90,10,10,467,467,272,195,0,467,0,32,32,0.7494646680942184,0.7494646680942184,0.0,0.0,0.0,0.7494646680926136,350,117,0,0
sem_erro,mlp,oscilacao,90,15,15,311,311,180,131,0,311,0,23,23,0.7266881028938906,0.7266881028938906,0.0,0.0,0.0,0.726688102891554,226,85,0,0
sem_erro,mlp,oscilacao,90,20,20,234,234,137,97,0,234,0,17,17,0.782051282051282,0.782051282051282,0.0,0.0,0.0,0.7820512820479399,183,51,0,0
sem_erro,mlp,oscilacao,90,25,25,187,187,110,77,0,187,0,13,13,0.8181818181818182,0.8181818181818182,0.0,0.0,0.0,0.818181818177443,153,34,0,0
sem_erro,mlp,oscilacao,90,30,30,156,156,90,66,0,156,0,16,16,0.7371794871794872,0.7371794871794872,0.0,0.0,0.0,0.7371794871747617,115,41,0,0
sem_erro,mlp,oscilacao,90,35,35,134,134,78,56,0,134,0,11,11,0.7835820895522388,0.7835820895522388,0.0,0.0,0.0,0.7835820895463912,105,29,0,0
sem_erro,mlp,oscilacao,90,40,40,117,117,69,48,0,117,0,10,10,0.8205128205128205,0.8205128205128205,0.0,0.0,0.0,0.8205128205058075,96,21,0,0
sem_erro,mlp,oscilacao,90,45,45,104,104,60,44,0,104,0,20,20,0.5,0.5,0.0,0.0,0.0,0.4999999999951923,52,52,0,0
sem_erro,mlp,oscilacao,90,50,50,94,94,56,38,0,94,0,10,10,0.8191489361702128,0.8191489361702128,0.0,0.0,0.0,0.8191489361614984,77,17,0,0
sem_erro,mlp,oscilacao,90,55,55,85,85,52,33,0,85,0,15,15,0.7058823529411765,0.7058823529411765,0.0,0.0,0.0,0.7058823529328719,60,25,0,0
sem_erro,mlp,oscilacao,90,60,60,78,78,45,33,0,78,0,9,9,0.7435897435897436,0.7435897435897436,0.0,0.0,0.0,0.7435897435802103,58,20,0,0
sem_erro,mlp,oscilacao,90,65,65,72,72,41,31,0,72,0,11,11,0.75,0.75,0.0,0.0,0.0,0.7499999999895833,54,18,0,0
sem_erro,mlp,oscilacao,90,70,70,67,67,40,27,0,67,0,10,10,0.7313432835820896,0.7313432835820896,0.0,0.0,0.0,0.731343283571174,49,18,0,0
sem_erro,mlp,oscilacao,90,75,75,63,63,37,26,0,63,0,11,11,0.6349206349206349,0.6349206349206349,0.0,0.0,0.0,0.6349206349105568,40,23,0,0
sem_erro,mlp,oscilacao,90,80,80,59,59,35,24,0,59,0,7,7,0.7796610169491526,0.7796610169491526,0.0,0.0,0.0,0.779661016935938,46,13,0,0
sem_erro,mlp,oscilacao,90,85,85,55,55,30,25,0,55,0,12,12,0.6,0.6,0.0,0.0,0.0,0.5999999999890909,33,22,0,0
sem_erro,mlp,oscilacao,90,90,90,52,52,31,21,0,52,0,11,11,0.6538461538461539,0.6538461538461539,0.0,0.0,0.0,0.6538461538335799,34,18,0,0
sem_erro,mlp,oscilacao,100,5,5,931,931,561,370,0,931,0,46,46,0.748657357679914,0.748657357679914,0.0,0.0,0.0,0.7486573576791099,697,234,0,0
sem_erro,mlp,oscilacao,100,10,10,466,466,281,185,0,466,0,27,27,0.7296137339055794,0.7296137339055794,0.0,0.0,0.0,0.7296137339040137,340,126,0,0
sem_erro,mlp,oscilacao,100,15,15,311,311,188,123,0,311,0,31,31,0.6527331189710611,0.6527331189710611,0.0,0.0,0.0,0.6527331189689622,203,108,0,0
sem_erro,mlp,oscilacao,100,20,20,233,233,141,92,0,233,0,24,24,0.7124463519313304,0.7124463519313304,0.0,0.0,0.0,0.7124463519282728,166,67,0,0
sem_erro,mlp,oscilacao,100,25,25,187,187,114,73,0,187,0,8,8,0.5294117647058824,0.5294117647058824,0.0,0.0,0.0,0.5294117647030513,99,88,0,0
sem_erro,mlp,oscilacao,100,30,30,156,156,93,63,0,156,0,8,8,0.5448717948717948,0.5448717948717948,0.0,0.0,0.0,0.5448717948683022,85,71,0,0
sem_erro,mlp,oscilacao,100,35,35,133,133,82,51,0,133,0,20,20,0.7368421052631579,0.7368421052631579,0.0,0.0,0.0,0.7368421052576178,98,35,0,0
sem_erro,mlp,oscilacao,100,40,40,117,117,73,44,0,117,0,10,10,0.48717948717948717,0.48717948717948717,0.0,0.0,0.0,0.4871794871753232,57,60,0,0
sem_erro,mlp,oscilacao,100,45,45,104,104,64,40,0,104,0,19,19,0.5576923076923077,0.5576923076923077,0.0,0.0,0.0,0.5576923076869452,58,46,0,0
sem_erro,mlp,oscilacao,100,50,50,94,94,57,37,0,94,0,8,8,0.5638297872340425,0.5638297872340425,0.0,0.0,0.0,0.5638297872280443,53,41,0,0
sem_erro,mlp,oscilacao,100,55,55,85,85,53,32,0,85,0,11,11,0.7176470588235294,0.7176470588235294,0.0,0.0,0.0,0.7176470588150865,61,24,0,0
sem_erro,mlp,oscilacao,100,60,60,78,78,45,33,0,78,0,8,8,0.6923076923076923,0.6923076923076923,0.0,0.0,0.0,0.6923076922988165,54,24,0,0
sem_erro,mlp,oscilacao,100,65,65,72,72,44,28,0,72,0,8,8,0.5833333333333334,0.5833333333333334,0.0,0.0,0.0,0.5833333333252314,42,30,0,0
sem_erro,mlp,oscilacao,100,70,70,67,67,41,26,0,67,0,14,14,0.5970149253731343,0.5970149253731343,0.0,0.0,0.0,0.5970149253642236,40,27,0,0
sem_erro,mlp,oscilacao,100,75,75,63,63,39,24,0,63,0,8,8,0.6825396825396826,0.6825396825396826,0.0,0.0,0.0,0.6825396825288487,43,20,0,0
sem_erro,mlp,oscilacao,100,80,80,59,59,38,21,0,59,0,8,8,0.7457627118644068,0.7457627118644068,0.0,0.0,0.0,0.7457627118517668,44,15,0,0
sem_erro,mlp,oscilacao,100,85,85,55,55,34,21,0,55,0,14,14,0.5636363636363636,0.5636363636363636,0.0,0.0,0.0,0.5636363636261157,31,24,0,0
sem_erro,mlp,oscilacao,100,90,90,52,52,32,20,0,52,0,8,8,0.5192307692307693,0.5192307692307693,0.0,0.0,0.0,0.519230769220784,27,25,0,0
sem_erro,mlp,oscilacao,100,95,95,49,49,30,19,0,49,0,10,10,0.3877551020408163,0.3877551020408163,0.0,0.0,0.0,0.387755102032903,19,30,0,0
sem_erro,mlp,oscilacao,100,100,100,47,47,31,16,0,47,0,11,11,0.5106382978723404,0.5106382978723404,0.0,0.0,0.0,0.5106382978614759,24,23,0,0
sem_erro,mlp,queda,20,5,5,947,947,200,747,0,947,0,24,24,0.9292502639915523,0.9292502639915523,0.0,0.0,0.0,0.929250263990571,880,67,0,0
sem_erro,mlp,queda,20,10,10,474,474,99,375,0,474,0,12,12,0.9345991561181435,0.9345991561181435,0.0,0.0,0.0,0.9345991561161717,443,31,0,0
sem_erro,mlp,queda,20,15,15,316,316,67,249,0,316,0,8,8,0.9430379746835443,0.9430379746835443,0.0,0.0,0.0,0.94303797468056,298,18,0,0
sem_erro,mlp,queda,20,20,20,237,237,52,185,0,237,0,12,12,0.9113924050632911,0.9113924050632911,0.0,0.0,0.0,0.9113924050594456,216,21,0,0
sem_erro,mlp,queda,30,5,5,945,945,233,712,0,945,0,18,18,0.9174603174603174,0.9174603174603174,0.0,0.0,0.0,0.9174603174593466,867,78,0,0
sem_erro,mlp,queda,30,10,10,473,473,116,357,0,473,0,20,20,0.9069767441860465,0.9069767441860465,0.0,0.0,0.0,0.906976744184129,429,44,0,0
sem_erro,mlp,queda,30,15,15,315,315,78,237,0,315,0,12,12,0.9492063492063492,0.9492063492063492,0.0,0.0,0.0,0.9492063492033359,299,16,0,0
sem_erro,mlp,queda,30,20,20,237,237,56,181,0,237,0,9,9,0.9367088607594937,0.9367088607594937,0.0,0.0,0.0,0.9367088607555414,222,15,0,0
sem_erro,mlp,queda,30,25,25,189,189,48,141,0,189,0,13,13,0.9153439153439153,0.9153439153439153,0.0,0.0,0.0,0.9153439153390723,173,16,0,0
sem_erro,mlp,queda,30,30,30,158,158,38,120,0,158,0,5,5,0.9556962025316456,0.9556962025316456,0.0,0.0,0.0,0.955696202525597,151,7,0,0
sem_erro,mlp,queda,40,5,5,943,943,264,679,0,943,0,29,29,0.8918345705196182,0.8918345705196182,0.0,0.0,0.0,0.8918345705186725,841,102,0,0
sem_erro,mlp,queda,40,10,10,472,472,132,340,0,472,0,21,21,0.9004237288135594,0.9004237288135594,0.0,0.0,0.0,0.9004237288116517,425,47,0,0
sem_erro,mlp,queda,40,15,15,315,315,86,229,0,315,0,16,16,0.9301587301587302,0.9301587301587302,0.0,0.0,0.0,0.9301587301557773,293,22,0,0
sem_erro,mlp,queda,40,20,20,236,236,68,168,0,236,0,22,22,0.885593220338983,0.885593220338983,0.0,0.0,0.0,0.8855932203352306,209,27,0,0
sem_erro,mlp,queda,40,25,25,189,189,54,135,0,189,0,14,14,0.8835978835978836,0.8835978835978836,0.0,0.0,0.0,0.8835978835932086,167,22,0,0
sem_erro,mlp,queda,40,30,30,158,158,43,115,0,158,0,10,10,0.9113924050632911,0.9113924050632911,0.0,0.0,0.0,0.911392405057523,144,14,0,0
sem_erro,mlp,queda,40,35,35,135,135,36,99,0,135,0,11,11,0.8888888888888888,0.8888888888888888,0.0,0.0,0.0,0.8888888888823046,120,15,0,0
sem_erro,mlp,queda,40,40,40,118,118,34,84,0,118,0,8,8,0.9152542372881356,0.9152542372881356,0.0,0.0,0.0,0.9152542372803791,108,10,0,0
sem_erro,mlp,queda,50,5,5,941,941,292,649,0,941,0,48,48,0.8490967056323061,0.8490967056323061,0.0,0.0,0.0,0.8490967056314037,799,142,0,0
sem_erro,mlp,queda,50,10,10,471,471,146,325,0,471,0,34,34,0.851380042462845,0.851380042462845,0.0,0.0,0.0,0.8513800424610374,401,70,0,0
sem_erro,mlp,queda,50,15,15,314,314,98,216,0,314,0,23,23,0.8662420382165605,0.8662420382165605,0.0,0.0,0.0,0.8662420382138019,272,42,0,0
sem_erro,mlp,queda,50,20,20,236,236,71,165,0,236,0,16,16,0.8601694915254238,0.8601694915254238,0.0,0.0,0.0,0.860169491521779,203,33,0,0
sem_erro,mlp,queda,50,25,25,189,189,60,129,0,189,0,20,20,0.8201058201058201,0.8201058201058201,0.0,0.0,0.0,0.8201058201014809,155,34,0,0
sem_erro,mlp,queda,50,30,30,157,157,49,108,0,157,0,10,10,0.89171974522293,0.89171974522293,0.0,0.0,0.0,0.8917197452172503,140,17,0,0
sem_erro,mlp,queda,50,35,35,135,135,42,93,0,135,0,14,14,0.8740740740740741,0.8740740740740741,0.0,0.0,0.0,0.8740740740675995,118,17,0,0
sem_erro,mlp,queda,50,40,40,118,118,35,83,0,118,0,6,6,0.9067796610169492,0.9067796610169492,0.0,0.0,0.0,0.9067796610092645,107,11,0,0
sem_erro,mlp,queda,50,45,45,105,105,34,71,0,105,0,5,5,0.9047619047619048,0.9047619047619048,0.0,0.0,0.0,0.904761904753288,95,10,0,0
sem_erro,mlp,queda,50,50,50,95,95,28,67,0,95,0,13,13,0.7894736842105263,0.7894736842105263,0.0,0.0,0.0,0.7894736842022161,75,20,0,0
sem_erro,mlp,queda,60,5,5,939,939,318,621,0,939,0,42,42,0.8466453674121406,0.8466453674121406,0.0,0.0,0.0,0.846645367411239,795,144,0,0
sem_erro,mlp,queda,60,10,10,470,470,159,311,0,470,0,45,45,0.8042553191489362,0.8042553191489362,0.0,0.0,0.0,0.804255319147225,378,92,0,0
sem_erro,mlp,queda,60,15,15,313,313,106,207,0,313,0,29,29,0.8274760383386581,0.8274760383386581,0.0,0.0,0.0,0.8274760383360145,259,54,0,0
sem_erro,mlp,queda,60,20,20,235,235,82,153,0,235,0,27,27,0.8085106382978723,0.8085106382978723,0.0,0.0,0.0,0.8085106382944319,190,45,0,0
sem_erro,mlp,queda,60,25,25,188,188,64,124,0,188,0,22,22,0.8297872340425532,0.8297872340425532,0.0,0.0,0.0,0.8297872340381395,156,32,0,0
sem_erro,mlp,queda,60,30,30,157,157,53,104,0,157,0,17,17,0.8471337579617835,0.8471337579617835,0.0,0.0,0.0,0.8471337579563878,133,24,0,0
sem_erro,mlp,queda,60,35,35,135,135,46,89,0,135,0,19,19,0.8222222222222222,0.8222222222222222,0.0,0.0,0.0,0.8222222222161317,111,24,0,0
sem_erro,mlp,queda,60,40,40,118,118,40,78,0,118,0,14,14,0.8389830508474576,0.8389830508474576,0.0,0.0,0.0,0.8389830508403475,99,19,0,0
sem_erro,mlp,queda,60,45,45,105,105,37,68,0,105,0,11,11,0.8761904761904762,0.8761904761904762,0.0,0.0,0.0,0.8761904761821315,92,13,0,0
sem_erro,mlp,queda,60,50,50,94,94,31,63,0,94,0,9,9,0.8617021276595744,0.8617021276595744,0.0,0.0,0.0,0.8617021276504074,81,13,0,0
sem_erro,mlp,queda,60,55,55,86,86,32,54,0,86,0,13,13,0.6627906976744186,0.6627906976744186,0.0,0.0,0.0,0.6627906976667117,57,29,0,0
sem_erro,mlp,queda,60,60,60,79,79,27,52,0,79,0,12,12,0.8227848101265823,0.8227848101265823,0.0,0.0,0.0,0.8227848101161672,65,14,0,0
sem_erro,mlp,queda,70,5,5,937,937,344,593,0,937,0,46,46,0.8207043756670224,0.8207043756670224,0.0,0.0,0.0,0.8207043756661465,769,168,0,0
sem_erro,mlp,queda,70,10,10,469,469,172,297,0,469,0,37,37,0.7889125799573561,0.7889125799573561,0.0,0.0,0.0,0.788912579955674,370,99,0,0
sem_erro,mlp,queda,70,15,15,313,313,113,200,0,313,0,23,23,0.8690095846645367,0.8690095846645367,0.0,0.0,0.0,0.8690095846617604,272,41,0,0
sem_erro,mlp,queda,70,20,20,235,235,84,151,0,235,0,15,15,0.8638297872340426,0.8638297872340426,0.0,0.0,0.0,0.8638297872303667,203,32,0,0
sem_erro,mlp,queda,70,25,25,188,188,69,119,0,188,0,23,23,0.7606382978723404,0.7606382978723404,0.0,0.0,0.0,0.7606382978682945,143,45,0,0
sem_erro,mlp,queda,70,30,30,157,157,57,100,0,157,0,23,23,0.7961783439490446,0.7961783439490446,0.0,0.0,0.0,0.7961783439439735,125,32,0,0
sem_erro,mlp,queda,70,35,35,134,134,47,87,0,134,0,12,12,0.8432835820895522,0.8432835820895522,0.0,0.0,0.0,0.8432835820832592,113,21,0,0
sem_erro,mlp,queda,70,40,40,118,118,41,77,0,118,0,8,8,0.8728813559322034,0.8728813559322034,0.0,0.0,0.0,0.8728813559248061,103,15,0,0
sem_erro,mlp,queda,70,45,45,105,105,41,64,0,105,0,13,13,0.7714285714285715,0.7714285714285715,0.0,0.0,0.0,0.7714285714212245,81,24,0,0
sem_erro,mlp,queda,70,50,50,94,94,34,60,0,94,0,8,8,0.851063829787234,0.851063829787234,0.0,0.0,0.0,0.8510638297781802,80,14,0,0
sem_erro,mlp,queda,70,55,55,86,86,33,53,0,86,0,8,8,0.7906976744186046,0.7906976744186046,0.0,0.0,0.0,0.7906976744094104,68,18,0,0
sem_erro,mlp,queda,70,60,60,79,79,29,50,0,79,0,7,7,0.8227848101265823,0.8227848101265823,0.0,0.0,0.0,0.8227848101161672,65,14,0,0
sem_erro,mlp,queda,70,65,65,73,73,26,47,0,73,0,10,10,0.7534246575342466,0.7534246575342466,0.0,0.0,0.0,0.7534246575239256,55,18,0,0
sem_erro,mlp,queda,70,70,70,67,67,23,44,0,67,0,5,5,0.9253731343283582,0.9253731343283582,0.0,0.0,0.0,0.9253731343145466,62,5,0,0
sem_erro,mlp,queda,80,5,5,935,935,368,567,0,935,0,56,56,0.7433155080213903,0.7433155080213903,0.0,0.0,0.0,0.7433155080205954,695,240,0,0
sem_erro,mlp,queda,80,10,10,468,468,184,284,0,468,0,49,49,0.6794871794871795,0.6794871794871795,0.0,0.0,0.0,0.6794871794857276,318,150,0,0
sem_erro,mlp,queda,80,15,15,312,312,123,189,0,312,0,27,27,0.7692307692307693,0.7692307692307693,0.0,0.0,0.0,0.7692307692283038,240,72,0,0
sem_erro,mlp,queda,80,20,20,234,234,94,140,0,234,0,25,25,0.6752136752136753,0.6752136752136753,0.0,0.0,0.0,0.6752136752107897,158,76,0,0
sem_erro,mlp,queda,80,25,25,187,187,74,113,0,187,0,27,27,0.7165775401069518,0.7165775401069518,0.0,0.0,0.0,0.7165775401031199,134,53,0,0
sem_erro,mlp,queda,80,30,30,156,156,62,94,0,156,0,24,24,0.7371794871794872,0.7371794871794872,0.0,0.0,0.0,0.7371794871747617,115,41,0,0
sem_erro,mlp,queda,80,35,35,134,134,52,82,0,134,0,11,11,0.8432835820895522,0.8432835820895522,0.0,0.0,0.0,0.8432835820832592,113,21,0,0
sem_erro,mlp,queda,80,40,40,117,117,47,70,0,117,0,12,12,0.7777777777777778,0.7777777777777778,0.0,0.0,0.0,0.7777777777711301,91,26,0,0
sem_erro,mlp,queda,80,45,45,104,104,41,63,0,104,0,13,13,0.7692307692307693,0.7692307692307693,0.0,0.0,0.0,0.7692307692233727,80,24,0,0
sem_erro,mlp,queda,80,50,50,94,94,36,58,0,94,0,17,17,0.7446808510638298,0.7446808510638298,0.0,0.0,0.0,0.7446808510559076,70,24,0,0
sem_erro,mlp,queda,80,55,55,85,85,34,51,0,85,0,11,11,0.6588235294117647,0.6588235294117647,0.0,0.0,0.0,0.6588235294040138,56,29,0,0
sem_erro,mlp,queda,80,60,60,78,78,34,44,0,78,0,12,12,0.7435897435897436,0.7435897435897436,0.0,0.0,0.0,0.7435897435802103,58,20,0,0
sem_erro,mlp,queda,80,65,65,72,72,28,44,0,72,0,12,12,0.6805555555555556,0.6805555555555556,0.0,0.0,0.0,0.6805555555461034,49,23,0,0
sem_erro,mlp,queda,80,70,70,67,67,25,42,0,67,0,8,8,0.8507462686567164,0.8507462686567164,0.0,0.0,0.0,0.8507462686440187,57,10,0,0
sem_erro,mlp,queda,80,75,75,63,63,23,40,0,63,0,12,12,0.746031746031746,0.746031746031746,0.0,0.0,0.0,0.7460317460199043,47,16,0,0
sem_erro,mlp,queda,80,80,80,59,59,25,34,0,59,0,7,7,0.7796610169491526,0.7796610169491526,0.0,0.0,0.0,0.779661016935938,46,13,0,0
sem_erro,mlp,queda,90,5,5,933,933,389,544,0,933,0,58,58,0.6795284030010718,0.6795284030010718,0.0,0.0,0.0,0.6795284030003435,634,299,0,0
sem_erro,mlp,queda,90,10,10,467,467,194,273,0,467,0,32,32,0.7002141327623126,0.7002141327623126,0.0,0.0,0.0,0.7002141327608132,327,140,0,0
sem_erro,mlp,queda,90,15,15,311,311,130,181,0,311,0,33,33,0.7363344051446945,0.7363344051446945,0.0,0.0,0.0,0.736334405142327,229,82,0,0
sem_erro,mlp,queda,90,20,20,234,234,96,138,0,234,0,19,19,0.7478632478632479,0.7478632478632479,0.0,0.0,0.0,0.7478632478600519,175,59,0,0
sem_erro,mlp,queda,90,25,25,187,187,78,109,0,187,0,28,28,0.6577540106951871,0.6577540106951871,0.0,0.0,0.0,0.6577540106916698,123,64,0,0
sem_erro,mlp,queda,90,30,30,156,156,65,91,0,156,0,23,23,0.6025641025641025,0.6025641025641025,0.0,0.0,0.0,0.6025641025602401,94,62,0,0
sem_erro,mlp,queda,90,35,35,134,134,55,79,0,134,0,9,9,0.8432835820895522,0.8432835820895522,0.0,0.0,0.0,0.8432835820832592,113,21,0,0
sem_erro,mlp,queda,90,40,40,117,117,48,69,0,117,0,14,14,0.7521367521367521,0.7521367521367521,0.0,0.0,0.0,0.7521367521303236,88,29,0,0
sem_erro,mlp,queda,90,45,45,104,104,43,61,0,104,0,11,11,0.7788461538461539,0.7788461538461539,0.0,0.0,0.0,0.778846153838665,81,23,0,0
sem_erro,mlp,queda,90,50,50,94,94,38,56,0,94,0,21,21,0.6276595744680851,0.6276595744680851,0.0,0.0,0.0,0.6276595744614079,59,35,0,0
sem_erro,mlp,queda,90,55,55,85,85,36,49,0,85,0,12,12,0.6352941176470588,0.6352941176470588,0.0,0.0,0.0,0.6352941176395848,54,31,0,0
sem_erro,mlp,queda,90,60,60,78,78,34,44,0,78,0,11,11,0.6666666666666666,0.6666666666666666,0.0,0.0,0.0,0.6666666666581196,52,26,0,0
sem_erro,mlp,queda,90,65,65,72,72,28,44,0,72,0,9,9,0.7777777777777778,0.7777777777777778,0.0,0.0,0.0,0.7777777777669753,56,16,0,0
sem_erro,mlp,queda,90,70,70,67,67,27,40,0,67,0,5,5,0.8656716417910447,0.8656716417910447,0.0,0.0,0.0,0.8656716417781243,58,9,0,0
sem_erro,mlp,queda,90,75,75,63,63,26,37,0,63,0,8,8,0.6825396825396826,0.6825396825396826,0.0,0.0,0.0,0.6825396825288487,43,20,0,0
sem_erro,mlp,queda,90,80,80,59,59,26,33,0,59,0,8,8,0.711864406779661,0.711864406779661,0.0,0.0,0.0,0.7118644067675955,42,17,0,0
sem_erro,mlp,queda,90,85,85,55,55,25,30,0,55,0,9,9,0.7272727272727273,0.7272727272727273,0.0,0.0,0.0,0.7272727272595042,40,15,0,0
sem_erro,mlp,queda,90,90,90,52,52,21,31,0,52,0,10,10,0.5576923076923077,0.5576923076923077,0.0,0.0,0.0,0.5576923076815828,29,23,0,0
sem_erro,mlp,queda,100,5,5,931,931,409,522,0,931,0,65,65,0.6240601503759399,0.6240601503759399,0.0,0.0,0.0,0.6240601503752695,581,350,0,0
sem_erro,mlp,queda,100,10,10,466,466,204,262,0,466,0,46,46,0.6094420600858369,0.6094420600858369,0.0,0.0,0.0,0.6094420600845291,284,182,0,0
sem_erro,mlp,queda,100,15,15,311,311,135,176,0,311,0,28,28,0.5980707395498392,0.5980707395498392,0.0,0.0,0.0,0.5980707395479162,186,125,0,0
sem_erro,mlp,queda,100,20,20,233,233,104,129,0,233,0,25,25,0.5965665236051502,0.5965665236051502,0.0,0.0,0.0,0.5965665236025899,139,94,0,0
sem_erro,mlp,queda,100,25,25,187,187,84,103,0,187,0,27,27,0.45454545454545453,0.45454545454545453,0.0,0.0,0.0,0.45454545454302386,85,102,0,0
sem_erro,mlp,queda,100,30,30,156,156,68,88,0,156,0,16,16,0.4935897435897436,0.4935897435897436,0.0,0.0,0.0,0.4935897435865796,77,79,0,0
sem_erro,mlp,queda,100,35,35,133,133,58,75,0,133,0,17,17,0.6691729323308271,0.6691729323308271,0.0,0.0,0.0,0.6691729323257958,89,44,0,0
sem_erro,mlp,queda,100,40,40,117,117,51,66,0,117,0,16,16,0.6495726495726496,0.6495726495726496,0.0,0.0,0.0,0.6495726495670977,76,41,0,0
sem_erro,mlp,queda,100,45,45,104,104,45,59,0,104,0,15,15,0.7884615384615384,0.7884615384615384,0.0,0.0,0.0,0.7884615384539571,82,22,0,0
sem_erro,mlp,queda,100,50,50,94,94,41,53,0,94,0,16,16,0.48936170212765956,0.48936170212765956,0.0,0.0,0.0,0.48936170212245356,46,48,0,0
sem_erro,mlp,queda,100,55,55,85,85,38,47,0,85,0,10,10,0.7176470588235294,0.7176470588235294,0.0,0.0,0.0,0.7176470588150865,61,24,0,0
sem_erro,mlp,queda,100,60,60,78,78,35,43,0,78,0,10,10,0.41025641025641024,0.41025641025641024,0.0,0.0,0.0,0.41025641025115056,32,46,0,0
sem_erro,mlp,queda,100,65,65,72,72,30,42,0,72,0,6,6,0.5555555555555556,0.5555555555555556,0.0,0.0,0.0,0.5555555555478395,40,32,0,0
sem_erro,mlp,queda,100,70,70,67,67,30,37,0,67,0,11,11,0.4925373134328358,0.4925373134328358,0.0,0.0,0.0,0.4925373134254845,33,34,0,0
sem_erro,mlp,queda,100,75,75,63,63,29,34,0,63,0,11,11,0.42857142857142855,0.42857142857142855,0.0,0.0,0.0,0.4285714285646259,27,36,0,0
sem_erro,mlp,queda,100,80,80,59,59,27,32,0,59,0,6,6,0.7966101694915254,0.7966101694915254,0.0,0.0,0.0,0.7966101694780237,47,12,0,0
sem_erro,mlp,queda,100,85,85,55,55,25,30,0,55,0,11,11,0.7454545454545455,0.7454545454545455,0.0,0.0,0.0,0.7454545454409918,41,14,0,0
sem_erro,mlp,queda,100,90,90,52,52,22,30,0,52,0,11,11,0.36538461538461536,0.36538461538461536,0.0,0.0,0.0,0.36538461537758876,19,33,0,0
sem_erro,mlp,queda,100,95,95,49,49,23,26,0,49,0,9,9,0.7551020408163265,0.7551020408163265,0.0,0.0,0.0,0.7551020408009164,37,12,0,0
sem_erro,mlp,queda,100,100,100,47,47,20,27,0,47,0,5,5,0.3404255319148936,0.3404255319148936,0.0,0.0,0.0,0.34042553190765057,16,31,0,0
sem_erro,random_forest,lacuna,20,5,5,947,947,285,662,0,947,0,0,0,1.0,1.0,0.0,0.0,0.0,0.9999999999989441,947,0,0,0
sem_erro,random_forest,lacuna,20,10,10,474,474,143,331,0,474,0,0,0,1.0,1.0,0.0,0.0,0.0,0.9999999999978904,474,0,0,0
sem_erro,random_forest,lacuna,20,15,15,316,316,99,217,0,316,0,0,0,1.0,1.0,0.0,0.0,0.0,0.9999999999968355,316,0,0,0
sem_erro,random_forest,lacuna,20,20,20,237,237,72,165,0,237,0,0,0,1.0,1.0,0.0,0.0,0.0,0.9999999999957806,237,0,0,0
sem_erro,random_forest,lacuna,30,5,5,945,945,319,626,0,945,0,0,0,1.0,1.0,0.0,0.0,0.0,0.9999999999989418,945,0,0,0
sem_erro,random_forest,lacuna,30,10,10,473,473,160,313,0,473,0,0,0,1.0,1.0,0.0,0.0,0.0,0.9999999999978858,473,0,0,0
sem_erro,random_forest,lacuna,30,15,15,315,315,103,212,0,315,0,0,0,1.0,1.0,0.0,0.0,0.0,0.9999999999968254,315,0,0,0
sem_erro,random_forest,lacuna,30,20,20,237,237,80,157,0,237,0,0,0,1.0,1.0,0.0,0.0,0.0,0.9999999999957806,237,0,0,0
sem_erro,random_forest,lacuna,30,25,25,189,189,61,128,0,189,0,0,0,1.0,1.0,0.0,0.0,0.0,0.999999999994709,189,0,0,0
sem_erro,random_forest,lacuna,30,30,30,158,158,52,106,0,158,0,0,0,1.0,1.0,0.0,0.0,0.0,0.999999999993671,158,0,0,0
sem_erro,random_forest,lacuna,40,5,5,943,943,349,594,0,943,0,0,0,1.0,1.0,0.0,0.0,0.0,0.9999999999989395,943,0,0,0
sem_erro,random_forest,lacuna,40,10,10,472,472,175,297,0,472,0,0,0,1.0,1.0,0.0,0.0,0.0,0.9999999999978814,472,0,0,0
sem_erro,random_forest,lacuna,40,15,15,315,315,116,199,0,315,0,0,0,1.0,1.0,0.0,0.0,0.0,0.9999999999968254,315,0,0,0
sem_erro,random_forest,lacuna,40,20,20,236,236,88,148,0,236,0,0,0,1.0,1.0,0.0,0.0,0.0,0.9999999999957627,236,0,0,0
sem_erro,random_forest,lacuna,40,25,25,189,189,71,118,0,189,0,0,0,1.0,1.0,0.0,0.0,0.0,0.999999999994709,189,0,0,0
sem_erro,random_forest,lacuna,40,30,30,158,158,58,100,0,158,0,0,0,1.0,1.0,0.0,0.0,0.0,0.999999999993671,158,0,0,0
sem_erro,random_forest,lacuna,40,35,35,135,135,49,86,0,135,0,0,0,1.0,1.0,0.0,0.0,0.0,0.9999999999925927,135,0,0,0
sem_erro,random_forest,lacuna,40,40,40,118,118,45,73,0,118,0,0,0,1.0,1.0,0.0,0.0,0.0,0.9999999999915254,118,0,0,0
sem_erro,random_forest,lacuna,50,5,5,941,941,377,564,0,941,0,0,0,1.0,1.0,0.0,0.0,0.0,0.9999999999989373,941,0,0,0
sem_erro,random_forest,lacuna,50,10,10,471,471,189,282,0,471,0,0,0,1.0,1.0,0.0,0.0,0.0,0.9999999999978769,471,0,0,0
sem_erro,random_forest,lacuna,50,15,15,314,314,129,185,0,314,0,0,0,1.0,1.0,0.0,0.0,0.0,0.9999999999968153,314,0,0,0
sem_erro,random_forest,lacuna,50,20,20,236,236,94,142,0,236,0,0,0,1.0,1.0,0.0,0.0,0.0,0.9999999999957627,236,0,0,0
sem_erro,random_forest,lacuna,50,25,25,189,189,75,114,0,189,0,0,0,1.0,1.0,0.0,0.0,0.0,0.999999999994709,189,0,0,0
sem_erro,random_forest,lacuna,50,30,30,157,157,65,92,0,157,0,0,0,1.0,1.0,0.0,0.0,0.0,0.9999999999936307,157,0,0,0
sem_erro,random_forest,lacuna,50,35,35,135,135,52,83,0,135,0,0,0,1.0,1.0,0.0,0.0,0.0,0.9999999999925927,135,0,0,0
sem_erro,random_forest,lacuna,50,40,40,118,118,47,71,0,118,0,0,0,1.0,1.0,0.0,0.0,0.0,0.9999999999915254,118,0,0,0
sem_erro,random_forest,lacuna,50,45,45,105,105,41,64,0,105,0,0,0,1.0,1.0,0.0,0.0,0.0,0.9999999999904762,105,0,0,0
sem_erro,random_forest,lacuna,50,50,50,95,95,39,56,0,95,0,0,0,1.0,1.0,0.0,0.0,0.0,0.9999999999894736,95,0,0,0
sem_erro,random_forest,lacuna,60,5,5,939,939,405,534,0,939,0,0,0,1.0,1.0,0.0,0.0,0.0,0.9999999999989351,939,0,0,0
sem_erro,random_forest,lacuna,60,10,10,470,470,203,267,0,470,0,0,0,1.0,1.0,0.0,0.0,0.0,0.9999999999978724,470,0,0,0
sem_erro,random_forest,lacuna,60,15,15,313,313,132,181,0,313,0,0,0,1.0,1.0,0.0,0.0,0.0,0.9999999999968051,313,0,0,0
sem_erro,random_forest,lacuna,60,20,20,235,235,102,133,0,235,0,0,0,1.0,1.0,0.0,0.0,0.0,0.9999999999957447,235,0,0,0
sem_erro,random_forest,lacuna,60,25,25,188,188,78,110,0,188,0,0,0,1.0,1.0,0.0,0.0,0.0,0.9999999999946809,188,0,0,0
sem_erro,random_forest,lacuna,60,30,30,157,157,66,91,0,157,0,0,0,1.0,1.0,0.0,0.0,0.0,0.9999999999936307,157,0,0,0
sem_erro,random_forest,lacuna,60,35,35,135,135,55,80,0,135,0,0,0,1.0,1.0,0.0,0.0,0.0,0.9999999999925927,135,0,0,0
sem_erro,random_forest,lacuna,60,40,40,118,118,50,68,0,118,0,0,0,1.0,1.0,0.0,0.0,0.0,0.9999999999915254,118,0,0,0
sem_erro,random_forest,lacuna,60,45,45,105,105,43,62,0,105,0,0,0,1.0,1.0,0.0,0.0,0.0,0.9999999999904762,105,0,0,0
sem_erro,random_forest,lacuna,60,50,50,94,94,42,52,0,94,0,0,0,1.0,1.0,0.0,0.0,0.0,0.9999999999893616,94,0,0,0
sem_erro,random_forest,lacuna,60,55,55,86,86,36,50,0,86,0,0,0,1.0,1.0,0.0,0.0,0.0,0.9999999999883721,86,0,0,0
sem_erro,random_forest,lacuna,60,60,60,79,79,31,48,0,79,0,0,0,1.0,1.0,0.0,0.0,0.0,0.9999999999873417,79,0,0,0
sem_erro,random_forest,lacuna,70,5,5,937,937,433,504,0,937,0,0,0,1.0,1.0,0.0,0.0,0.0,0.9999999999989327,937,0,0,0
sem_erro,random_forest,lacuna,70,10,10,469,469,217,252,0,469,0,0,0,1.0,1.0,0.0,0.0,0.0,0.9999999999978678,469,0,0,0
sem_erro,random_forest,lacuna,70,15,15,313,313,144,169,0,313,0,0,0,1.0,1.0,0.0,0.0,0.0,0.9999999999968051,313,0,0,0
sem_erro,random_forest,lacuna,70,20,20,235,235,108,127,0,235,0,0,0,1.0,1.0,0.0,0.0,0.0,0.9999999999957447,235,0,0,0
sem_erro,random_forest,lacuna,70,25,25,188,188,87,101,0,188,0,0,0,1.0,1.0,0.0,0.0,0.0,0.9999999999946809,188,0,0,0
sem_erro,random_forest,lacuna,70,30,30,157,157,72,85,0,157,0,0,0,1.0,1.0,0.0,0.0,0.0,0.9999999999936307,157,0,0,0
sem_erro,random_forest,lacuna,70,35,35,134,134,61,73,0,134,0,0,0,1.0,1.0,0.0,0.0,0.0,0.9999999999925374,134,0,0,0
sem_erro,random_forest,lacuna,70,40,40,118,118,54,64,0,118,0,0,0,1.0,1.0,0.0,0.0,0.0,0.9999999999915254,118,0,0,0
sem_erro,random_forest,lacuna,70,45,45,105,105,49,56,0,105,0,0,0,1.0,1.0,0.0,0.0,0.0,0.9999999999904762,105,0,0,0
sem_erro,random_forest,lacuna,70,50,50,94,94,44,50,0,94,0,0,0,1.0,1.0,0.0,0.0,0.0,0.9999999999893616,94,0,0,0
sem_erro,random_forest,lacuna,70,55,55,86,86,39,47,0,86,0,0,0,1.0,1.0,0.0,0.0,0.0,0.9999999999883721,86,0,0,0
sem_erro,random_forest,lacuna,70,60,60,79,79,34,45,0,79,0,0,0,1.0,1.0,0.0,0.0,0.0,0.9999999999873417,79,0,0,0
sem_erro,random_forest,lacuna,70,65,65,73,73,35,38,0,73,0,1,1,0.9863013698630136,0.9863013698630136,0.0,0.0,0.0,0.9863013698495027,72,1,0,0
sem_erro,random_forest,lacuna,70,70,70,67,67,30,37,0,67,0,0,0,1.0,1.0,0.0,0.0,0.0,0.9999999999850746,67,0,0,0
sem_erro,random_forest,lacuna,80,5,5,935,935,461,474,0,935,0,0,0,1.0,1.0,0.0,0.0,0.0,0.9999999999989305,935,0,0,0
sem_erro,random_forest,lacuna,80,10,10,468,468,231,237,0,468,0,0,0,1.0,1.0,0.0,0.0,0.0,0.9999999999978633,468,0,0,0
sem_erro,random_forest,lacuna,80,15,15,312,312,157,155,0,312,0,0,0,1.0,1.0,0.0,0.0,0.0,0.9999999999967949,312,0,0,0
sem_erro,random_forest,lacuna,80,20,20,234,234,116,118,0,234,0,0,0,1.0,1.0,0.0,0.0,0.0,0.9999999999957265,234,0,0,0
sem_erro,random_forest,lacuna,80,25,25,187,187,89,98,0,187,0,0,0,1.0,1.0,0.0,0.0,0.0,0.9999999999946525,187,0,0,0
sem_erro,random_forest,lacuna,80,30,30,156,156,79,77,0,156,0,0,0,1.0,1.0,0.0,0.0,0.0,0.9999999999935898,156,0,0,0
sem_erro,random_forest,lacuna,80,35,35,134,134,65,69,0,134,0,0,0,1.0,1.0,0.0,0.0,0.0,0.9999999999925374,134,0,0,0
sem_erro,random_forest,lacuna,80,40,40,117,117,59,58,0,117,0,0,0,1.0,1.0,0.0,0.0,0.0,0.999999999991453,117,0,0,0
sem_erro,random_forest,lacuna,80,45,45,104,104,52,52,0,104,0,0,0,1.0,1.0,0.0,0.0,0.0,0.9999999999903846,104,0,0,0
sem_erro,random_forest,lacuna,80,50,50,94,94,46,48,0,94,0,0,0,1.0,1.0,0.0,0.0,0.0,0.9999999999893616,94,0,0,0
sem_erro,random_forest,lacuna,80,55,55,85,85,43,42,0,85,0,0,0,1.0,1.0,0.0,0.0,0.0,0.9999999999882353,85,0,0,0
sem_erro,random_forest,lacuna,80,60,60,78,78,39,39,0,78,0,1,1,0.9871794871794872,0.9871794871794872,0.0,0.0,0.0,0.987179487166831,77,1,0,0
sem_erro,random_forest,lacuna,80,65,65,72,72,37,35,0,72,0,0,0,1.0,1.0,0.0,0.0,0.0,0.9999999999861111,72,0,0,0
sem_erro,random_forest,lacuna,80,70,70,67,67,30,37,0,67,0,0,0,1.0,1.0,0.0,0.0,0.0,0.9999999999850746,67,0,0,0
sem_erro,random_forest,lacuna,80,75,75,63,63,32,31,0,63,0,0,0,1.0,1.0,0.0,0.0,0.0,0.999999999984127,63,0,0,0
sem_erro,random_forest,lacuna,80,80,80,59,59,30,29,0,59,0,0,0,1.0,1.0,0.0,0.0,0.0,0.9999999999830509,59,0,0,0
sem_erro,random_forest,lacuna,90,5,5,933,933,489,444,0,933,0,0,0,1.0,1.0,0.0,0.0,0.0,0.9999999999989282,933,0,0,0
sem_erro,random_forest,lacuna,90,10,10,467,467,245,222,0,467,0,0,0,1.0,1.0,0.0,0.0,0.0,0.9999999999978587,467,0,0,0
sem_erro,random_forest,lacuna,90,15,15,311,311,160,151,0,311,0,0,0,1.0,1.0,0.0,0.0,0.0,0.9999999999967846,311,0,0,0
sem_erro,random_forest,lacuna,90,20,20,234,234,122,112,0,234,0,0,0,1.0,1.0,0.0,0.0,0.0,0.9999999999957265,234,0,0,0
sem_erro,random_forest,lacuna,90,25,25,187,187,99,88,0,187,0,0,0,1.0,1.0,0.0,0.0,0.0,0.9999999999946525,187,0,0,0
sem_erro,random_forest,lacuna,90,30,30,156,156,80,76,0,156,0,0,0,1.0,1.0,0.0,0.0,0.0,0.9999999999935898,156,0,0,0
sem_erro,random_forest,lacuna,90,35,35,134,134,69,65,0,134,0,0,0,1.0,1.0,0.0,0.0,0.0,0.9999999999925374,134,0,0,0
sem_erro,random_forest,lacuna,90,40,40,117,117,61,56,0,117,0,0,0,1.0,1.0,0.0,0.0,0.0,0.999999999991453,117,0,0,0
sem_erro,random_forest,lacuna,90,45,45,104,104,52,52,0,104,0,0,0,1.0,1.0,0.0,0.0,0.0,0.9999999999903846,104,0,0,0
sem_erro,random_forest,lacuna,90,50,50,94,94,51,43,0,94,0,0,0,1.0,1.0,0.0,0.0,0.0,0.9999999999893616,94,0,0,0
sem_erro,random_forest,lacuna,90,55,55,85,85,45,40,0,85,0,1,1,0.9647058823529412,0.9647058823529412,0.0,0.0,0.0,0.9647058823415916,82,3,0,0
sem_erro,random_forest,lacuna,90,60,60,78,78,40,38,0,78,0,2,2,0.9358974358974359,0.9358974358974359,0.0,0.0,0.0,0.9358974358854372,73,5,0,0
sem_erro,random_forest,lacuna,90,65,65,72,72,40,32,0,72,0,2,2,0.9583333333333334,0.9583333333333334,0.0,0.0,0.0,0.9583333333200231,69,3,0,0
sem_erro,random_forest,lacuna,90,70,70,67,67,33,34,0,67,0,0,0,1.0,1.0,0.0,0.0,0.0,0.9999999999850746,67,0,0,0
sem_erro,random_forest,lacuna,90,75,75,63,63,33,30,0,63,0,1,1,0.9523809523809523,0.9523809523809523,0.0,0.0,0.0,0.9523809523658353,60,3,0,0
sem_erro,random_forest,lacuna,90,80,80,59,59,31,28,0,59,0,0,0,1.0,1.0,0.0,0.0,0.0,0.9999999999830509,59,0,0,0
sem_erro,random_forest,lacuna,90,85,85,55,55,30,25,0,55,0,1,1,0.9272727272727272,0.9272727272727272,0.0,0.0,0.0,0.9272727272558678,51,4,0,0
sem_erro,random_forest,lacuna,90,90,90,52,52,26,26,0,52,0,2,2,0.9230769230769231,0.9230769230769231,0.0,0.0,0.0,0.9230769230591717,48,4,0,0
sem_erro,random_forest,lacuna,100,5,5,931,931,515,416,0,931,0,0,0,1.0,1.0,0.0,0.0,0.0,0.9999999999989259,931,0,0,0
sem_erro,random_forest,lacuna,100,10,10,466,466,258,208,0,466,0,0,0,1.0,1.0,0.0,0.0,0.0,0.999999999997854,466,0,0,0
sem_erro,random_forest,lacuna,100,15,15,311,311,171,140,0,311,0,0,0,1.0,1.0,0.0,0.0,0.0,0.9999999999967846,311,0,0,0
sem_erro,random_forest,lacuna,100,20,20,233,233,129,104,0,233,0,0,0,1.0,1.0,0.0,0.0,0.0,0.9999999999957082,233,0,0,0
sem_erro,random_forest,lacuna,100,25,25,187,187,103,84,0,187,0,0,0,1.0,1.0,0.0,0.0,0.0,0.9999999999946525,187,0,0,0
sem_erro,random_forest,lacuna,100,30,30,156,156,85,71,0,156,0,1,1,0.9935897435897436,0.9935897435897436,0.0,0.0,0.0,0.9935897435833745,155,1,0,0
sem_erro,random_forest,lacuna,100,35,35,133,133,75,58,0,133,0,0,0,1.0,1.0,0.0,0.0,0.0,0.9999999999924812,133,0,0,0
sem_erro,random_forest,lacuna,100,40,40,117,117,64,53,0,117,0,0,0,1.0,1.0,0.0,0.0,0.0,0.999999999991453,117,0,0,0
sem_erro,random_forest,lacuna,100,45,45,104,104,54,50,0,104,0,0,0,1.0,1.0,0.0,0.0,0.0,0.9999999999903846,104,0,0,0
sem_erro,random_forest,lacuna,100,50,50,94,94,53,41,0,94,0,0,0,1.0,1.0,0.0,0.0,0.0,0.9999999999893616,94,0,0,0
sem_erro,random_forest,lacuna,100,55,55,85,85,46,39,0,85,0,1,1,0.9411764705882353,0.9411764705882353,0.0,0.0,0.0,0.9411764705771626,80,5,0,0
sem_erro,random_forest,lacuna,100,60,60,78,78,42,36,0,78,0,0,0,1.0,1.0,0.0,0.0,0.0,0.9999999999871795,78,0,0,0
sem_erro,random_forest,lacuna,100,65,65,72,72,42,30,0,72,0,2,2,0.9166666666666666,0.9166666666666666,0.0,0.0,0.0,0.9166666666539351,66,6,0,0
sem_erro,random_forest,lacuna,100,70,70,67,67,37,30,0,67,0,1,1,0.9104477611940298,0.9104477611940298,0.0,0.0,0.0,0.910447761180441,61,6,0,0
sem_erro,random_forest,lacuna,100,75,75,63,63,35,28,0,63,0,5,5,0.873015873015873,0.873015873015873,0.0,0.0,0.0,0.8730158730020157,55,8,0,0
sem_erro,random_forest,lacuna,100,80,80,59,59,31,28,0,59,0,0,0,1.0,1.0,0.0,0.0,0.0,0.9999999999830509,59,0,0,0
sem_erro,random_forest,lacuna,100,85,85,55,55,31,24,0,55,0,1,1,0.9272727272727272,0.9272727272727272,0.0,0.0,0.0,0.9272727272558678,51,4,0,0
sem_erro,random_forest,lacuna,100,90,90,52,52,27,25,0,52,0,2,2,0.9423076923076923,0.9423076923076923,0.0,0.0,0.0,0.9423076922895711,49,3,0,0
sem_erro,random_forest,lacuna,100,95,95,49,49,24,25,0,49,0,3,3,0.8979591836734694,0.8979591836734694,0.0,0.0,0.0,0.8979591836551437,44,5,0,0
sem_erro,random_forest,lacuna,100,100,100,47,47,25,22,0,47,0,2,2,0.851063829787234,0.851063829787234,0.0,0.0,0.0,0.8510638297691263,40,7,0,0
sem_erro,random_forest,oscilacao,20,5,5,947,947,376,571,0,947,0,13,13,0.9398099260823654,0.9398099260823654,0.0,0.0,0.0,0.9398099260813729,890,57,0,0
sem_erro,random_forest,oscilacao,20,10,10,474,474,188,286,0,474,0,7,7,0.9451476793248945,0.9451476793248945,0.0,0.0,0.0,0.9451476793229006,448,26,0,0
sem_erro,random_forest,oscilacao,20,15,15,316,316,124,192,0,316,0,6,6,0.9430379746835443,0.9430379746835443,0.0,0.0,0.0,0.94303797468056,298,18,0,0
sem_erro,random_forest,oscilacao,20,20,20,237,237,95,142,0,237,0,6,6,0.9367088607594937,0.9367088607594937,0.0,0.0,0.0,0.9367088607555414,222,15,0,0
sem_erro,random_forest,oscilacao,30,5,5,945,945,406,539,0,945,0,20,20,0.9132275132275133,0.9132275132275133,0.0,0.0,0.0,0.9132275132265468,863,82,0,0
sem_erro,random_forest,oscilacao,30,10,10,473,473,203,270,0,473,0,16,16,0.9133192389006343,0.9133192389006343,0.0,0.0,0.0,0.9133192388987034,432,41,0,0
sem_erro,random_forest,oscilacao,30,15,15,315,315,135,180,0,315,0,12,12,0.9079365079365079,0.9079365079365079,0.0,0.0,0.0,0.9079365079336257,286,29,0,0
sem_erro,random_forest,oscilacao,30,20,20,237,237,103,134,0,237,0,11,11,0.9029535864978903,0.9029535864978903,0.0,0.0,0.0,0.9029535864940804,214,23,0,0
sem_erro,random_forest,oscilacao,30,25,25,189,189,81,108,0,189,0,10,10,0.8994708994708994,0.8994708994708994,0.0,0.0,0.0,0.8994708994661404,170,19,0,0
sem_erro,random_forest,oscilacao,30,30,30,158,158,68,90,0,158,0,10,10,0.8987341772151899,0.8987341772151899,0.0,0.0,0.0,0.8987341772095018,142,16,0,0
sem_erro,random_forest,oscilacao,40,5,5,943,943,436,507,0,943,0,18,18,0.8981972428419936,0.8981972428419936,0.0,0.0,0.0,0.8981972428410412,847,96,0,0
sem_erro,random_forest,oscilacao,40,10,10,472,472,218,254,0,472,0,16,16,0.8898305084745762,0.8898305084745762,0.0,0.0,0.0,0.8898305084726911,420,52,0,0
sem_erro,random_forest,oscilacao,40,15,15,315,315,146,169,0,315,0,15,15,0.8888888888888888,0.8888888888888888,0.0,0.0,0.0,0.8888888888860671,280,35,0,0
sem_erro,random_forest,oscilacao,40,20,20,236,236,110,126,0,236,0,15,15,0.8686440677966102,0.8686440677966102,0.0,0.0,0.0,0.8686440677929295,205,31,0,0
sem_erro,random_forest,oscilacao,40,25,25,189,189,89,100,0,189,0,11,11,0.8888888888888888,0.8888888888888888,0.0,0.0,0.0,0.8888888888841858,168,21,0,0
sem_erro,random_forest,oscilacao,40,30,30,158,158,71,87,0,158,0,11,11,0.879746835443038,0.879746835443038,0.0,0.0,0.0,0.87974683543747,139,19,0,0
sem_erro,random_forest,oscilacao,40,35,35,135,135,62,73,0,135,0,9,9,0.8148148148148148,0.8148148148148148,0.0,0.0,0.0,0.8148148148087793,110,25,0,0
sem_erro,random_forest,oscilacao,40,40,40,118,118,55,63,0,118,0,11,11,0.8050847457627118,0.8050847457627118,0.0,0.0,0.0,0.8050847457558891,95,23,0,0
sem_erro,random_forest,oscilacao,50,5,5,941,941,458,483,0,941,0,21,21,0.8746014877789585,0.8746014877789585,0.0,0.0,0.0,0.8746014877780292,823,118,0,0
sem_erro,random_forest,oscilacao,50,10,10,471,471,229,242,0,471,0,20,20,0.8662420382165605,0.8662420382165605,0.0,0.0,0.0,0.8662420382147213,408,63,0,0
sem_erro,random_forest,oscilacao,50,15,15,314,314,152,162,0,314,0,16,16,0.8598726114649682,0.8598726114649682,0.0,0.0,0.0,0.8598726114622297,270,44,0,0
sem_erro,random_forest,oscilacao,50,20,20,236,236,115,121,0,236,0,16,16,0.8305084745762712,0.8305084745762712,0.0,0.0,0.0,0.8305084745727521,196,40,0,0
sem_erro,random_forest,oscilacao,50,25,25,189,189,93,96,0,189,0,11,11,0.8359788359788359,0.8359788359788359,0.0,0.0,0.0,0.8359788359744128,158,31,0,0
sem_erro,random_forest,oscilacao,50,30,30,157,157,76,81,0,157,0,15,15,0.8407643312101911,0.8407643312101911,0.0,0.0,0.0,0.840764331204836,132,25,0,0
sem_erro,random_forest,oscilacao,50,35,35,135,135,66,69,0,135,0,9,9,0.837037037037037,0.837037037037037,0.0,0.0,0.0,0.8370370370308369,113,22,0,0
sem_erro,random_forest,oscilacao,50,40,40,118,118,58,60,0,118,0,13,13,0.7627118644067796,0.7627118644067796,0.0,0.0,0.0,0.762711864400316,90,28,0,0
sem_erro,random_forest,oscilacao,50,45,45,105,105,51,54,0,105,0,9,9,0.8857142857142857,0.8857142857142857,0.0,0.0,0.0,0.8857142857058503,93,12,0,0
sem_erro,random_forest,oscilacao,50,50,50,95,95,46,49,0,95,0,9,9,0.8421052631578947,0.8421052631578947,0.0,0.0,0.0,0.8421052631490304,80,15,0,0
sem_erro,random_forest,oscilacao,60,5,5,939,939,480,459,0,939,0,22,22,0.8487752928647497,0.8487752928647497,0.0,0.0,0.0,0.8487752928638458,797,142,0,0
sem_erro,random_forest,oscilacao,60,10,10,470,470,240,230,0,470,0,18,18,0.8446808510638298,0.8446808510638298,0.0,0.0,0.0,0.8446808510620326,397,73,0,0
sem_erro,random_forest,oscilacao,60,15,15,313,313,159,154,0,313,0,14,14,0.8210862619808307,0.8210862619808307,0.0,0.0,0.0,0.8210862619782074,257,56,0,0
sem_erro,random_forest,oscilacao,60,20,20,235,235,121,114,0,235,0,16,16,0.8042553191489362,0.8042553191489362,0.0,0.0,0.0,0.8042553191455138,189,46,0,0
sem_erro,random_forest,oscilacao,60,25,25,188,188,98,90,0,188,0,13,13,0.8085106382978723,0.8085106382978723,0.0,0.0,0.0,0.8085106382935718,152,36,0,0
sem_erro,random_forest,oscilacao,60,30,30,157,157,79,78,0,157,0,13,13,0.8407643312101911,0.8407643312101911,0.0,0.0,0.0,0.840764331204836,132,25,0,0
sem_erro,random_forest,oscilacao,60,35,35,135,135,70,65,0,135,0,11,11,0.837037037037037,0.837037037037037,0.0,0.0,0.0,0.8370370370308369,113,22,0,0
sem_erro,random_forest,oscilacao,60,40,40,118,118,63,55,0,118,0,14,14,0.7627118644067796,0.7627118644067796,0.0,0.0,0.0,0.762711864400316,90,28,0,0
sem_erro,random_forest,oscilacao,60,45,45,105,105,54,51,0,105,0,13,13,0.7714285714285715,0.7714285714285715,0.0,0.0,0.0,0.7714285714212245,81,24,0,0
sem_erro,random_forest,oscilacao,60,50,50,94,94,48,46,0,94,0,10,10,0.776595744680851,0.776595744680851,0.0,0.0,0.0,0.7765957446725894,73,21,0,0
sem_erro,random_forest,oscilacao,60,55,55,86,86,45,41,0,86,0,8,8,0.7441860465116279,0.7441860465116279,0.0,0.0,0.0,0.7441860465029746,64,22,0,0
sem_erro,random_forest,oscilacao,60,60,60,79,79,39,40,0,79,0,8,8,0.8227848101265823,0.8227848101265823,0.0,0.0,0.0,0.8227848101161672,65,14,0,0
sem_erro,random_forest,oscilacao,70,5,5,937,937,502,435,0,937,0,22,22,0.7982924226254002,0.7982924226254002,0.0,0.0,0.0,0.7982924226245482,748,189,0,0
sem_erro,random_forest,oscilacao,70,10,10,469,469,251,218,0,469,0,22,22,0.8081023454157783,0.8081023454157783,0.0,0.0,0.0,0.8081023454140552,379,90,0,0
sem_erro,random_forest,oscilacao,70,15,15,313,313,168,145,0,313,0,18,18,0.7667731629392971,0.7667731629392971,0.0,0.0,0.0,0.7667731629368474,240,73,0,0
sem_erro,random_forest,oscilacao,70,20,20,235,235,126,109,0,235,0,17,17,0.7531914893617021,0.7531914893617021,0.0,0.0,0.0,0.7531914893584971,177,58,0,0
sem_erro,random_forest,oscilacao,70,25,25,188,188,103,85,0,188,0,16,16,0.7446808510638298,0.7446808510638298,0.0,0.0,0.0,0.7446808510598688,140,48,0,0
sem_erro,random_forest,oscilacao,70,30,30,157,157,82,75,0,157,0,14,14,0.7579617834394905,0.7579617834394905,0.0,0.0,0.0,0.7579617834346627,119,38,0,0
sem_erro,random_forest,oscilacao,70,35,35,134,134,72,62,0,134,0,12,12,0.7164179104477612,0.7164179104477612,0.0,0.0,0.0,0.7164179104424149,96,38,0,0
sem_erro,random_forest,oscilacao,70,40,40,118,118,65,53,0,118,0,10,10,0.6779661016949152,0.6779661016949152,0.0,0.0,0.0,0.6779661016891697,80,38,0,0
sem_erro,random_forest,oscilacao,70,45,45,105,105,56,49,0,105,0,11,11,0.6666666666666666,0.6666666666666666,0.0,0.0,0.0,0.6666666666603175,70,35,0,0
sem_erro,random_forest,oscilacao,70,50,50,94,94,52,42,0,94,0,11,11,0.7340425531914894,0.7340425531914894,0.0,0.0,0.0,0.7340425531836804,69,25,0,0
sem_erro,random_forest,oscilacao,70,55,55,86,86,45,41,0,86,0,10,10,0.7325581395348837,0.7325581395348837,0.0,0.0,0.0,0.7325581395263656,63,23,0,0
sem_erro,random_forest,oscilacao,70,60,60,79,79,42,37,0,79,0,10,10,0.7088607594936709,0.7088607594936709,0.0,0.0,0.0,0.708860759484698,56,23,0,0
sem_erro,random_forest,oscilacao,70,65,65,73,73,40,33,0,73,0,8,8,0.7397260273972602,0.7397260273972602,0.0,0.0,0.0,0.739726027387127,54,19,0,0
sem_erro,random_forest,oscilacao,70,70,70,67,67,36,31,0,67,0,10,10,0.7014925373134329,0.7014925373134329,0.0,0.0,0.0,0.7014925373029628,47,20,0,0
sem_erro,random_forest,oscilacao,80,5,5,935,935,524,411,0,935,0,21,21,0.7475935828877005,0.7475935828877005,0.0,0.0,0.0,0.747593582886901,699,236,0,0
sem_erro,random_forest,oscilacao,80,10,10,468,468,262,206,0,468,0,19,19,0.7435897435897436,0.7435897435897436,0.0,0.0,0.0,0.7435897435881548,348,120,0,0
sem_erro,random_forest,oscilacao,80,15,15,312,312,174,138,0,312,0,19,19,0.7435897435897436,0.7435897435897436,0.0,0.0,0.0,0.7435897435873603,232,80,0,0
sem_erro,random_forest,oscilacao,80,20,20,234,234,132,102,0,234,0,20,20,0.6794871794871795,0.6794871794871795,0.0,0.0,0.0,0.6794871794842757,159,75,0,0
sem_erro,random_forest,oscilacao,80,25,25,187,187,105,82,0,187,0,17,17,0.6684491978609626,0.6684491978609626,0.0,0.0,0.0,0.668449197857388,125,62,0,0
sem_erro,random_forest,oscilacao,80,30,30,156,156,87,69,0,156,0,12,12,0.6794871794871795,0.6794871794871795,0.0,0.0,0.0,0.6794871794828239,106,50,0,0
sem_erro,random_forest,oscilacao,80,35,35,134,134,76,58,0,134,0,11,11,0.6492537313432836,0.6492537313432836,0.0,0.0,0.0,0.6492537313384384,87,47,0,0
sem_erro,random_forest,oscilacao,80,40,40,117,117,66,51,0,117,0,10,10,0.6495726495726496,0.6495726495726496,0.0,0.0,0.0,0.6495726495670977,76,41,0,0
sem_erro,random_forest,oscilacao,80,45,45,104,104,58,46,0,104,0,10,10,0.5961538461538461,0.5961538461538461,0.0,0.0,0.0,0.5961538461481138,62,42,0,0
sem_erro,random_forest,oscilacao,80,50,50,94,94,54,40,0,94,0,8,8,0.574468085106383,0.574468085106383,0.0,0.0,0.0,0.5744680851002716,54,40,0,0
sem_erro,random_forest,oscilacao,80,55,55,85,85,47,38,0,85,0,8,8,0.6,0.6,0.0,0.0,0.0,0.5999999999929412,51,34,0,0
sem_erro,random_forest,oscilacao,80,60,60,78,78,45,33,0,78,0,8,8,0.6666666666666666,0.6666666666666666,0.0,0.0,0.0,0.6666666666581196,52,26,0,0
sem_erro,random_forest,oscilacao,80,65,65,72,72,40,32,0,72,0,9,9,0.5833333333333334,0.5833333333333334,0.0,0.0,0.0,0.5833333333252314,42,30,0,0
sem_erro,random_forest,oscilacao,80,70,70,67,67,38,29,0,67,0,9,9,0.6268656716417911,0.6268656716417911,0.0,0.0,0.0,0.6268656716324348,42,25,0,0
sem_erro,random_forest,oscilacao,80,75,75,63,63,34,29,0,63,0,6,6,0.5396825396825397,0.5396825396825397,0.0,0.0,0.0,0.5396825396739733,34,29,0,0
sem_erro,random_forest,oscilacao,80,80,80,59,59,32,27,0,59,0,8,8,0.6271186440677966,0.6271186440677966,0.0,0.0,0.0,0.6271186440571676,37,22,0,0
sem_erro,random_forest,oscilacao,90,5,5,933,933,543,390,0,933,0,28,28,0.7052518756698821,0.7052518756698821,0.0,0.0,0.0,0.7052518756691262,658,275,0,0
sem_erro,random_forest,oscilacao,90,10,10,467,467,272,195,0,467,0,24,24,0.6873661670235546,0.6873661670235546,0.0,0.0,0.0,0.6873661670220828,321,146,0,0
sem_erro,random_forest,oscilacao,90,15,15,311,311,180,131,0,311,0,21,21,0.6945337620578779,0.6945337620578779,0.0,0.0,0.0,0.6945337620556447,216,95,0,0
sem_erro,random_forest,oscilacao,90,20,20,234,234,137,97,0,234,0,12,12,0.6367521367521367,0.6367521367521367,0.0,0.0,0.0,0.6367521367494157,149,85,0,0
sem_erro,random_forest,oscilacao,90,25,25,187,187,110,77,0,187,0,15,15,0.6203208556149733,0.6203208556149733,0.0,0.0,0.0,0.6203208556116561,116,71,0,0
sem_erro,random_forest,oscilacao,90,30,30,156,156,90,66,0,156,0,11,11,0.6410256410256411,0.6410256410256411,0.0,0.0,0.0,0.6410256410215319,100,56,0,0
sem_erro,random_forest,oscilacao,90,35,35,134,134,78,56,0,134,0,11,11,0.6417910447761194,0.6417910447761194,0.0,0.0,0.0,0.64179104477133,86,48,0,0
sem_erro,random_forest,oscilacao,90,40,40,117,117,69,48,0,117,0,10,10,0.5555555555555556,0.5555555555555556,0.0,0.0,0.0,0.5555555555508072,65,52,0,0
sem_erro,random_forest,oscilacao,90,45,45,104,104,60,44,0,104,0,8,8,0.5961538461538461,0.5961538461538461,0.0,0.0,0.0,0.5961538461481138,62,42,0,0
sem_erro,random_forest,oscilacao,90,50,50,94,94,56,38,0,94,0,8,8,0.5212765957446809,0.5212765957446809,0.0,0.0,0.0,0.5212765957391353,49,45,0,0
sem_erro,random_forest,oscilacao,90,55,55,85,85,52,33,0,85,0,8,8,0.5882352941176471,0.5882352941176471,0.0,0.0,0.0,0.5882352941107266,50,35,0,0
sem_erro,random_forest,oscilacao,90,60,60,78,78,45,33,0,78,0,8,8,0.6153846153846154,0.6153846153846154,0.0,0.0,0.0,0.6153846153767258,48,30,0,0
sem_erro,random_forest,oscilacao,90,65,65,72,72,41,31,0,72,0,9,9,0.5972222222222222,0.5972222222222222,0.0,0.0,0.0,0.5972222222139274,43,29,0,0
sem_erro,random_forest,oscilacao,90,70,70,67,67,40,27,0,67,0,10,10,0.582089552238806,0.582089552238806,0.0,0.0,0.0,0.582089552230118,39,28,0,0
sem_erro,random_forest,oscilacao,90,75,75,63,63,37,26,0,63,0,6,6,0.5238095238095238,0.5238095238095238,0.0,0.0,0.0,0.5238095238012094,33,30,0,0
sem_erro,random_forest,oscilacao,90,80,80,59,59,35,24,0,59,0,9,9,0.5932203389830508,0.5932203389830508,0.0,0.0,0.0,0.5932203389729963,35,24,0,0
sem_erro,random_forest,oscilacao,90,85,85,55,55,30,25,0,55,0,7,7,0.5636363636363636,0.5636363636363636,0.0,0.0,0.0,0.5636363636261157,31,24,0,0
sem_erro,random_forest,oscilacao,90,90,90,52,52,31,21,0,52,0,11,11,0.6153846153846154,0.6153846153846154,0.0,0.0,0.0,0.6153846153727811,32,20,0,0
sem_erro,random_forest,oscilacao,100,5,5,931,931,561,370,0,931,0,27,27,0.6476906552094522,0.6476906552094522,0.0,0.0,0.0,0.6476906552087565,603,328,0,0
sem_erro,random_forest,oscilacao,100,10,10,466,466,281,185,0,466,0,14,14,0.6244635193133047,0.6244635193133047,0.0,0.0,0.0,0.6244635193119646,291,175,0,0
sem_erro,random_forest,oscilacao,100,15,15,311,311,188,123,0,311,0,16,16,0.5659163987138264,0.5659163987138264,0.0,0.0,0.0,0.5659163987120067,176,135,0,0
sem_erro,random_forest,oscilacao,100,20,20,233,233,141,92,0,233,0,12,12,0.5836909871244635,0.5836909871244635,0.0,0.0,0.0,0.5836909871219584,136,97,0,0
sem_erro,random_forest,oscilacao,100,25,25,187,187,114,73,0,187,0,12,12,0.5026737967914439,0.5026737967914439,0.0,0.0,0.0,0.5026737967887558,94,93,0,0
sem_erro,random_forest,oscilacao,100,30,30,156,156,93,63,0,156,0,8,8,0.5833333333333334,0.5833333333333334,0.0,0.0,0.0,0.583333333329594,91,65,0,0
sem_erro,random_forest,oscilacao,100,35,35,133,133,82,51,0,133,0,12,12,0.5263157894736842,0.5263157894736842,0.0,0.0,0.0,0.526315789469727,70,63,0,0
sem_erro,random_forest,oscilacao,100,40,40,117,117,73,44,0,117,0,12,12,0.47863247863247865,0.47863247863247865,0.0,0.0,0.0,0.47863247862838776,56,61,0,0
sem_erro,random_forest,oscilacao,100,45,45,104,104,64,40,0,104,0,8,8,0.5,0.5,0.0,0.0,0.0,0.4999999999951923,52,52,0,0
sem_erro,random_forest,oscilacao,100,50,50,94,94,57,37,0,94,0,9,9,0.5,0.5,0.0,0.0,0.0,0.4999999999946808,47,47,0,0
sem_erro,random_forest,oscilacao,100,55,55,85,85,53,32,0,85,0,8,8,0.5176470588235295,0.5176470588235295,0.0,0.0,0.0,0.5176470588174394,44,41,0,0
sem_erro,random_forest,oscilacao,100,60,60,78,78,45,33,0,78,0,12,12,0.5897435897435898,0.5897435897435898,0.0,0.0,0.0,0.5897435897360289,46,32,0,0
sem_erro,random_forest,oscilacao,100,65,65,72,72,44,28,0,72,0,7,7,0.5138888888888888,0.5138888888888888,0.0,0.0,0.0,0.5138888888817515,37,35,0,0
sem_erro,random_forest,oscilacao,100,70,70,67,67,41,26,0,67,0,8,8,0.5671641791044776,0.5671641791044776,0.0,0.0,0.0,0.5671641790960125,38,29,0,0
sem_erro,random_forest,oscilacao,100,75,75,63,63,39,24,0,63,0,7,7,0.42857142857142855,0.42857142857142855,0.0,0.0,0.0,0.4285714285646259,27,36,0,0
sem_erro,random_forest,oscilacao,100,80,80,59,59,38,21,0,59,0,9,9,0.5084745762711864,0.5084745762711864,0.0,0.0,0.0,0.5084745762625683,30,29,0,0
sem_erro,random_forest,oscilacao,100,85,85,55,55,34,21,0,55,0,14,14,0.4727272727272727,0.4727272727272727,0.0,0.0,0.0,0.4727272727186777,26,29,0,0
sem_erro,random_forest,oscilacao,100,90,90,52,52,32,20,0,52,0,8,8,0.5192307692307693,0.5192307692307693,0.0,0.0,0.0,0.519230769220784,27,25,0,0
sem_erro,random_forest,oscilacao,100,95,95,49,49,30,19,0,49,0,6,6,0.3877551020408163,0.3877551020408163,0.0,0.0,0.0,0.387755102032903,19,30,0,0
sem_erro,random_forest,oscilacao,100,100,100,47,47,31,16,0,47,0,8,8,0.3829787234042553,0.3829787234042553,0.0,0.0,0.0,0.3829787233961069,18,29,0,0
sem_erro,random_forest,queda,20,5,5,947,947,200,747,0,947,0,15,15,0.9450897571277719,0.9450897571277719,0.0,0.0,0.0,0.9450897571267739,895,52,0,0
sem_erro,random_forest,queda,20,10,10,474,474,99,375,0,474,0,11,11,0.9324894514767933,0.9324894514767933,0.0,0.0,0.0,0.932489451474826,442,32,0,0
sem_erro,random_forest,queda,20,15,15,316,316,67,249,0,316,0,8,8,0.9462025316455697,0.9462025316455697,0.0,0.0,0.0,0.9462025316425754,299,17,0,0
sem_erro,random_forest,queda,20,20,20,237,237,52,185,0,237,0,8,8,0.9409282700421941,0.9409282700421941,0.0,0.0,0.0,0.940928270038224,223,14,0,0
sem_erro,random_forest,queda,30,5,5,945,945,233,712,0,945,0,13,13,0.9354497354497354,0.9354497354497354,0.0,0.0,0.0,0.9354497354487455,884,61,0,0
sem_erro,random_forest,queda,30,10,10,473,473,116,357,0,473,0,8,8,0.9260042283298098,0.9260042283298098,0.0,0.0,0.0,0.926004228327852,438,35,0,0
sem_erro,random_forest,queda,30,15,15,315,315,78,237,0,315,0,6,6,0.946031746031746,0.946031746031746,0.0,0.0,0.0,0.9460317460287427,298,17,0,0
sem_erro,random_forest,queda,30,20,20,237,237,56,181,0,237,0,8,8,0.9282700421940928,0.9282700421940928,0.0,0.0,0.0,0.9282700421901762,220,17,0,0
sem_erro,random_forest,queda,30,25,25,189,189,48,141,0,189,0,10,10,0.9259259259259259,0.9259259259259259,0.0,0.0,0.0,0.9259259259210268,175,14,0,0
sem_erro,random_forest,queda,30,30,30,158,158,38,120,0,158,0,6,6,0.9367088607594937,0.9367088607594937,0.0,0.0,0.0,0.9367088607535652,148,10,0,0
sem_erro,random_forest,queda,40,5,5,943,943,264,679,0,943,0,17,17,0.9236479321314952,0.9236479321314952,0.0,0.0,0.0,0.9236479321305158,871,72,0,0
sem_erro,random_forest,queda,40,10,10,472,472,132,340,0,472,0,13,13,0.9110169491525424,0.9110169491525424,0.0,0.0,0.0,0.9110169491506123,430,42,0,0
sem_erro,random_forest,queda,40,15,15,315,315,86,229,0,315,0,10,10,0.9238095238095239,0.9238095238095239,0.0,0.0,0.0,0.9238095238065911,291,24,0,0
sem_erro,random_forest,queda,40,20,20,236,236,68,168,0,236,0,11,11,0.902542372881356,0.902542372881356,0.0,0.0,0.0,0.9025423728775317,213,23,0,0
sem_erro,random_forest,queda,40,25,25,189,189,54,135,0,189,0,9,9,0.8994708994708994,0.8994708994708994,0.0,0.0,0.0,0.8994708994661404,170,19,0,0
sem_erro,random_forest,queda,40,30,30,158,158,43,115,0,158,0,6,6,0.9240506329113924,0.9240506329113924,0.0,0.0,0.0,0.924050632905544,146,12,0,0
sem_erro,random_forest,queda,40,35,35,135,135,36,99,0,135,0,6,6,0.9333333333333333,0.9333333333333333,0.0,0.0,0.0,0.9333333333264199,126,9,0,0
sem_erro,random_forest,queda,40,40,40,118,118,34,84,0,118,0,8,8,0.8983050847457628,0.8983050847457628,0.0,0.0,0.0,0.89830508473815,106,12,0,0
sem_erro,random_forest,queda,50,5,5,941,941,292,649,0,941,0,18,18,0.9032943676939427,0.9032943676939427,0.0,0.0,0.0,0.9032943676929827,850,91,0,0
sem_erro,random_forest,queda,50,10,10,471,471,146,325,0,471,0,13,13,0.9002123142250531,0.9002123142250531,0.0,0.0,0.0,0.9002123142231419,424,47,0,0
sem_erro,random_forest,queda,50,15,15,314,314,98,216,0,314,0,11,11,0.9012738853503185,0.9012738853503185,0.0,0.0,0.0,0.9012738853474482,283,31,0,0
sem_erro,random_forest,queda,50,20,20,236,236,71,165,0,236,0,9,9,0.8940677966101694,0.8940677966101694,0.0,0.0,0.0,0.8940677966063811,211,25,0,0
sem_erro,random_forest,queda,50,25,25,189,189,60,129,0,189,0,8,8,0.8941798941798942,0.8941798941798942,0.0,0.0,0.0,0.8941798941751631,169,20,0,0
sem_erro,random_forest,queda,50,30,30,157,157,49,108,0,157,0,7,7,0.8980891719745223,0.8980891719745223,0.0,0.0,0.0,0.898089171968802,141,16,0,0
sem_erro,random_forest,queda,50,35,35,135,135,42,93,0,135,0,7,7,0.9111111111111111,0.9111111111111111,0.0,0.0,0.0,0.9111111111043622,123,12,0,0
sem_erro,random_forest,queda,50,40,40,118,118,35,83,0,118,0,7,7,0.8983050847457628,0.8983050847457628,0.0,0.0,0.0,0.89830508473815,106,12,0,0
sem_erro,random_forest,queda,50,45,45,105,105,34,71,0,105,0,7,7,0.9047619047619048,0.9047619047619048,0.0,0.0,0.0,0.904761904753288,95,10,0,0
sem_erro,random_forest,queda,50,50,50,95,95,28,67,0,95,0,5,5,0.8947368421052632,0.8947368421052632,0.0,0.0,0.0,0.8947368420958448,85,10,0,0
sem_erro,random_forest,queda,60,5,5,939,939,318,621,0,939,0,16,16,0.8690095846645367,0.8690095846645367,0.0,0.0,0.0,0.8690095846636113,816,123,0,0
sem_erro,random_forest,queda,60,10,10,470,470,159,311,0,470,0,12,12,0.8680851063829788,0.8680851063829788,0.0,0.0,0.0,0.8680851063811318,408,62,0,0
sem_erro,random_forest,queda,60,15,15,313,313,106,207,0,313,0,10,10,0.8913738019169329,0.8913738019169329,0.0,0.0,0.0,0.8913738019140851,279,34,0,0
sem_erro,random_forest,queda,60,20,20,235,235,82,153,0,235,0,9,9,0.8680851063829788,0.8680851063829788,0.0,0.0,0.0,0.8680851063792848,204,31,0,0
sem_erro,random_forest,queda,60,25,25,188,188,64,124,0,188,0,9,9,0.8563829787234043,0.8563829787234043,0.0,0.0,0.0,0.856382978718849,161,27,0,0
sem_erro,random_forest,queda,60,30,30,157,157,53,104,0,157,0,8,8,0.89171974522293,0.89171974522293,0.0,0.0,0.0,0.8917197452172503,140,17,0,0
sem_erro,random_forest,queda,60,35,35,135,135,46,89,0,135,0,9,9,0.8592592592592593,0.8592592592592593,0.0,0.0,0.0,0.8592592592528945,116,19,0,0
sem_erro,random_forest,queda,60,40,40,118,118,40,78,0,118,0,9,9,0.8813559322033898,0.8813559322033898,0.0,0.0,0.0,0.8813559321959207,104,14,0,0
sem_erro,random_forest,queda,60,45,45,105,105,37,68,0,105,0,7,7,0.9047619047619048,0.9047619047619048,0.0,0.0,0.0,0.904761904753288,95,10,0,0
sem_erro,random_forest,queda,60,50,50,94,94,31,63,0,94,0,7,7,0.8829787234042553,0.8829787234042553,0.0,0.0,0.0,0.8829787233948619,83,11,0,0
sem_erro,random_forest,queda,60,55,55,86,86,32,54,0,86,0,8,8,0.8372093023255814,0.8372093023255814,0.0,0.0,0.0,0.8372093023158463,72,14,0,0
sem_erro,random_forest,queda,60,60,60,79,79,27,52,0,79,0,7,7,0.8860759493670886,0.8860759493670886,0.0,0.0,0.0,0.8860759493558724,70,9,0,0
sem_erro,random_forest,queda,70,5,5,937,937,344,593,0,937,0,17,17,0.8516542155816436,0.8516542155816436,0.0,0.0,0.0,0.8516542155807346,798,139,0,0
sem_erro,random_forest,queda,70,10,10,469,469,172,297,0,469,0,12,12,0.8528784648187633,0.8528784648187633,0.0,0.0,0.0,0.8528784648169448,400,69,0,0
sem_erro,random_forest,queda,70,15,15,313,313,113,200,0,313,0,9,9,0.8562300319488818,0.8562300319488818,0.0,0.0,0.0,0.8562300319461462,268,45,0,0
sem_erro,random_forest,queda,70,20,20,235,235,84,151,0,235,0,9,9,0.8595744680851064,0.8595744680851064,0.0,0.0,0.0,0.8595744680814487,202,33,0,0
sem_erro,random_forest,queda,70,25,25,188,188,69,119,0,188,0,9,9,0.824468085106383,0.824468085106383,0.0,0.0,0.0,0.8244680851019975,155,33,0,0
sem_erro,random_forest,queda,70,30,30,157,157,57,100,0,157,0,9,9,0.8598726114649682,0.8598726114649682,0.0,0.0,0.0,0.8598726114594913,135,22,0,0
sem_erro,random_forest,queda,70,35,35,134,134,47,87,0,134,0,7,7,0.8582089552238806,0.8582089552238806,0.0,0.0,0.0,0.8582089552174761,115,19,0,0
sem_erro,random_forest,queda,70,40,40,118,118,41,77,0,118,0,8,8,0.8813559322033898,0.8813559322033898,0.0,0.0,0.0,0.8813559321959207,104,14,0,0
sem_erro,random_forest,queda,70,45,45,105,105,41,64,0,105,0,10,10,0.8,0.8,0.0,0.0,0.0,0.7999999999923809,84,21,0,0
sem_erro,random_forest,queda,70,50,50,94,94,34,60,0,94,0,7,7,0.8617021276595744,0.8617021276595744,0.0,0.0,0.0,0.8617021276504074,81,13,0,0
sem_erro,random_forest,queda,70,55,55,86,86,33,53,0,86,0,6,6,0.8255813953488372,0.8255813953488372,0.0,0.0,0.0,0.8255813953392374,71,15,0,0
sem_erro,random_forest,queda,70,60,60,79,79,29,50,0,79,0,7,7,0.8481012658227848,0.8481012658227848,0.0,0.0,0.0,0.8481012658120494,67,12,0,0
sem_erro,random_forest,queda,70,65,65,73,73,26,47,0,73,0,7,7,0.7945205479452054,0.7945205479452054,0.0,0.0,0.0,0.7945205479343216,58,15,0,0
sem_erro,random_forest,queda,70,70,70,67,67,23,44,0,67,0,4,4,0.8656716417910447,0.8656716417910447,0.0,0.0,0.0,0.8656716417781243,58,9,0,0
sem_erro,random_forest,queda,80,5,5,935,935,368,567,0,935,0,15,15,0.8128342245989305,0.8128342245989305,0.0,0.0,0.0,0.8128342245980611,760,175,0,0
sem_erro,random_forest,queda,80,10,10,468,468,184,284,0,468,0,10,10,0.8290598290598291,0.8290598290598291,0.0,0.0,0.0,0.8290598290580575,388,80,0,0
sem_erro,random_forest,queda,80,15,15,312,312,123,189,0,312,0,10,10,0.8237179487179487,0.8237179487179487,0.0,0.0,0.0,0.8237179487153087,257,55,0,0
sem_erro,random_forest,queda,80,20,20,234,234,94,140,0,234,0,9,9,0.8162393162393162,0.8162393162393162,0.0,0.0,0.0,0.8162393162358281,191,43,0,0
sem_erro,random_forest,queda,80,25,25,187,187,74,113,0,187,0,7,7,0.8342245989304813,0.8342245989304813,0.0,0.0,0.0,0.8342245989260202,156,31,0,0
sem_erro,random_forest,queda,80,30,30,156,156,62,94,0,156,0,6,6,0.8333333333333334,0.8333333333333334,0.0,0.0,0.0,0.8333333333279915,130,26,0,0
sem_erro,random_forest,queda,80,35,35,134,134,52,82,0,134,0,5,5,0.8432835820895522,0.8432835820895522,0.0,0.0,0.0,0.8432835820832592,113,21,0,0
sem_erro,random_forest,queda,80,40,40,117,117,47,70,0,117,0,6,6,0.8290598290598291,0.8290598290598291,0.0,0.0,0.0,0.829059829052743,97,20,0,0
sem_erro,random_forest,queda,80,45,45,104,104,41,63,0,104,0,8,8,0.7884615384615384,0.7884615384615384,0.0,0.0,0.0,0.7884615384539571,82,22,0,0
sem_erro,random_forest,queda,80,50,50,94,94,36,58,0,94,0,7,7,0.8617021276595744,0.8617021276595744,0.0,0.0,0.0,0.8617021276504074,81,13,0,0
sem_erro,random_forest,queda,80,55,55,85,85,34,51,0,85,0,6,6,0.8352941176470589,0.8352941176470589,0.0,0.0,0.0,0.8352941176372318,71,14,0,0
sem_erro,random_forest,queda,80,60,60,78,78,34,44,0,78,0,6,6,0.8205128205128205,0.8205128205128205,0.0,0.0,0.0,0.8205128205023011,64,14,0,0
sem_erro,random_forest,queda,80,65,65,72,72,28,44,0,72,0,7,7,0.8333333333333334,0.8333333333333334,0.0,0.0,0.0,0.8333333333217592,60,12,0,0
sem_erro,random_forest,queda,80,70,70,67,67,25,42,0,67,0,4,4,0.8656716417910447,0.8656716417910447,0.0,0.0,0.0,0.8656716417781243,58,9,0,0
sem_erro,random_forest,queda,80,75,75,63,63,23,40,0,63,0,6,6,0.8412698412698413,0.8412698412698413,0.0,0.0,0.0,0.8412698412564878,53,10,0,0
sem_erro,random_forest,queda,80,80,80,59,59,25,34,0,59,0,6,6,0.7288135593220338,0.7288135593220338,0.0,0.0,0.0,0.7288135593096812,43,16,0,0
sem_erro,random_forest,queda,90,5,5,933,933,389,544,0,933,0,12,12,0.8070739549839229,0.8070739549839229,0.0,0.0,0.0,0.8070739549830578,753,180,0,0
sem_erro,random_forest,queda,90,10,10,467,467,194,273,0,467,0,9,9,0.8051391862955032,0.8051391862955032,0.0,0.0,0.0,0.8051391862937791,376,91,0,0
sem_erro,random_forest,queda,90,15,15,311,311,130,181,0,311,0,9,9,0.842443729903537,0.842443729903537,0.0,0.0,0.0,0.8424437299008282,262,49,0,0
sem_erro,random_forest,queda,90,20,20,234,234,96,138,0,234,0,9,9,0.8205128205128205,0.8205128205128205,0.0,0.0,0.0,0.8205128205093141,192,42,0,0
sem_erro,random_forest,queda,90,25,25,187,187,78,109,0,187,0,8,8,0.8128342245989305,0.8128342245989305,0.0,0.0,0.0,0.8128342245945838,152,35,0,0
sem_erro,random_forest,queda,90,30,30,156,156,65,91,0,156,0,7,7,0.8461538461538461,0.8461538461538461,0.0,0.0,0.0,0.8461538461484222,132,24,0,0
sem_erro,random_forest,queda,90,35,35,134,134,55,79,0,134,0,5,5,0.8432835820895522,0.8432835820895522,0.0,0.0,0.0,0.8432835820832592,113,21,0,0
sem_erro,random_forest,queda,90,40,40,117,117,48,69,0,117,0,5,5,0.8461538461538461,0.8461538461538461,0.0,0.0,0.0,0.846153846146614,99,18,0,0
sem_erro,random_forest,queda,90,45,45,104,104,43,61,0,104,0,7,7,0.8173076923076923,0.8173076923076923,0.0,0.0,0.0,0.8173076922998336,85,19,0,0
sem_erro,random_forest,queda,90,50,50,94,94,38,56,0,94,0,5,5,0.8404255319148937,0.8404255319148937,0.0,0.0,0.0,0.8404255319059529,79,15,0,0
sem_erro,random_forest,queda,90,55,55,85,85,36,49,0,85,0,7,7,0.8,0.8,0.0,0.0,0.0,0.7999999999905882,68,17,0,0
sem_erro,random_forest,queda,90,60,60,78,78,34,44,0,78,0,6,6,0.8205128205128205,0.8205128205128205,0.0,0.0,0.0,0.8205128205023011,64,14,0,0
sem_erro,random_forest,queda,90,65,65,72,72,28,44,0,72,0,7,7,0.8333333333333334,0.8333333333333334,0.0,0.0,0.0,0.8333333333217592,60,12,0,0
sem_erro,random_forest,queda,90,70,70,67,67,27,40,0,67,0,5,5,0.8656716417910447,0.8656716417910447,0.0,0.0,0.0,0.8656716417781243,58,9,0,0
sem_erro,random_forest,queda,90,75,75,63,63,26,37,0,63,0,6,6,0.7936507936507936,0.7936507936507936,0.0,0.0,0.0,0.793650793638196,50,13,0,0
sem_erro,random_forest,queda,90,80,80,59,59,26,33,0,59,0,4,4,0.864406779661017,0.864406779661017,0.0,0.0,0.0,0.864406779646366,51,8,0,0
sem_erro,random_forest,queda,90,85,85,55,55,25,30,0,55,0,5,5,0.8,0.8,0.0,0.0,0.0,0.7999999999854546,44,11,0,0
sem_erro,random_forest,queda,90,90,90,52,52,21,31,0,52,0,4,4,0.7692307692307693,0.7692307692307693,0.0,0.0,0.0,0.7692307692159763,40,12,0,0
sem_erro,random_forest,queda,100,5,5,931,931,409,522,0,931,0,12,12,0.7679914070891515,0.7679914070891515,0.0,0.0,0.0,0.7679914070883266,715,216,0,0
sem_erro,random_forest,queda,100,10,10,466,466,204,262,0,466,0,9,9,0.7725321888412017,0.7725321888412017,0.0,0.0,0.0,0.7725321888395439,360,106,0,0
sem_erro,random_forest,queda,100,15,15,311,311,135,176,0,311,0,7,7,0.7942122186495176,0.7942122186495176,0.0,0.0,0.0,0.794212218646964,247,64,0,0
sem_erro,random_forest,queda,100,20,20,233,233,104,129,0,233,0,7,7,0.7725321888412017,0.7725321888412017,0.0,0.0,0.0,0.7725321888378862,180,53,0,0
sem_erro,random_forest,queda,100,25,25,187,187,84,103,0,187,0,8,8,0.7700534759358288,0.7700534759358288,0.0,0.0,0.0,0.770053475931711,144,43,0,0
sem_erro,random_forest,queda,100,30,30,156,156,68,88,0,156,0,7,7,0.7756410256410257,0.7756410256410257,0.0,0.0,0.0,0.7756410256360536,121,35,0,0
sem_erro,random_forest,queda,100,35,35,133,133,58,75,0,133,0,5,5,0.7969924812030075,0.7969924812030075,0.0,0.0,0.0,0.7969924811970152,106,27,0,0
sem_erro,random_forest,queda,100,40,40,117,117,51,66,0,117,0,6,6,0.7948717948717948,0.7948717948717948,0.0,0.0,0.0,0.794871794865001,93,24,0,0
sem_erro,random_forest,queda,100,45,45,104,104,45,59,0,104,0,7,7,0.7884615384615384,0.7884615384615384,0.0,0.0,0.0,0.7884615384539571,82,22,0,0
sem_erro,random_forest,queda,100,50,50,94,94,41,53,0,94,0,5,5,0.7659574468085106,0.7659574468085106,0.0,0.0,0.0,0.7659574468003622,72,22,0,0
sem_erro,random_forest,queda,100,55,55,85,85,38,47,0,85,0,5,5,0.7647058823529411,0.7647058823529411,0.0,0.0,0.0,0.7647058823439447,65,20,0,0
sem_erro,random_forest,queda,100,60,60,78,78,35,43,0,78,0,5,5,0.7435897435897436,0.7435897435897436,0.0,0.0,0.0,0.7435897435802103,58,20,0,0
sem_erro,random_forest,queda,100,65,65,72,72,30,42,0,72,0,3,3,0.75,0.75,0.0,0.0,0.0,0.7499999999895833,54,18,0,0
sem_erro,random_forest,queda,100,70,70,67,67,30,37,0,67,0,5,5,0.7611940298507462,0.7611940298507462,0.0,0.0,0.0,0.7611940298393851,51,16,0,0
sem_erro,random_forest,queda,100,75,75,63,63,29,34,0,63,0,8,8,0.7142857142857143,0.7142857142857143,0.0,0.0,0.0,0.7142857142743765,45,18,0,0
sem_erro,random_forest,queda,100,80,80,59,59,27,32,0,59,0,3,3,0.8135593220338984,0.8135593220338984,0.0,0.0,0.0,0.8135593220201092,48,11,0,0
sem_erro,random_forest,queda,100,85,85,55,55,25,30,0,55,0,5,5,0.8363636363636363,0.8363636363636363,0.0,0.0,0.0,0.8363636363484298,46,9,0,0
sem_erro,random_forest,queda,100,90,90,52,52,22,30,0,52,0,5,5,0.75,0.75,0.0,0.0,0.0,0.749999999985577,39,13,0,0
sem_erro,random_forest,queda,100,95,95,49,49,23,26,0,49,0,4,4,0.8163265306122449,0.8163265306122449,0.0,0.0,0.0,0.8163265305955852,40,9,0,0
sem_erro,random_forest,queda,100,100,100,47,47,20,27,0,47,0,4,4,0.6595744680851063,0.6595744680851063,0.0,0.0,0.0,0.6595744680710729,31,16,0,0
sem_erro,xgboost,lacuna,20,5,5,947,947,285,662,0,947,0,0,0,1.0,1.0,0.0,0.0,0.0,0.9999999999989441,947,0,0,0
sem_erro,xgboost,lacuna,20,10,10,474,474,143,331,0,474,0,0,0,1.0,1.0,0.0,0.0,0.0,0.9999999999978904,474,0,0,0
sem_erro,xgboost,lacuna,20,15,15,316,316,99,217,0,316,0,0,0,1.0,1.0,0.0,0.0,0.0,0.9999999999968355,316,0,0,0
sem_erro,xgboost,lacuna,20,20,20,237,237,72,165,0,237,0,0,0,1.0,1.0,0.0,0.0,0.0,0.9999999999957806,237,0,0,0
sem_erro,xgboost,lacuna,30,5,5,945,945,319,626,0,945,0,0,0,1.0,1.0,0.0,0.0,0.0,0.9999999999989418,945,0,0,0
sem_erro,xgboost,lacuna,30,10,10,473,473,160,313,0,473,0,0,0,1.0,1.0,0.0,0.0,0.0,0.9999999999978858,473,0,0,0
sem_erro,xgboost,lacuna,30,15,15,315,315,103,212,0,315,0,0,0,1.0,1.0,0.0,0.0,0.0,0.9999999999968254,315,0,0,0
sem_erro,xgboost,lacuna,30,20,20,237,237,80,157,0,237,0,0,0,1.0,1.0,0.0,0.0,0.0,0.9999999999957806,237,0,0,0
sem_erro,xgboost,lacuna,30,25,25,189,189,61,128,0,189,0,0,0,1.0,1.0,0.0,0.0,0.0,0.999999999994709,189,0,0,0
sem_erro,xgboost,lacuna,30,30,30,158,158,52,106,0,158,0,0,0,1.0,1.0,0.0,0.0,0.0,0.999999999993671,158,0,0,0
sem_erro,xgboost,lacuna,40,5,5,943,943,349,594,0,943,0,0,0,1.0,1.0,0.0,0.0,0.0,0.9999999999989395,943,0,0,0
sem_erro,xgboost,lacuna,40,10,10,472,472,175,297,0,472,0,0,0,1.0,1.0,0.0,0.0,0.0,0.9999999999978814,472,0,0,0
sem_erro,xgboost,lacuna,40,15,15,315,315,116,199,0,315,0,0,0,1.0,1.0,0.0,0.0,0.0,0.9999999999968254,315,0,0,0
sem_erro,xgboost,lacuna,40,20,20,236,236,88,148,0,236,0,0,0,1.0,1.0,0.0,0.0,0.0,0.9999999999957627,236,0,0,0
sem_erro,xgboost,lacuna,40,25,25,189,189,71,118,0,189,0,0,0,1.0,1.0,0.0,0.0,0.0,0.999999999994709,189,0,0,0
sem_erro,xgboost,lacuna,40,30,30,158,158,58,100,0,158,0,0,0,1.0,1.0,0.0,0.0,0.0,0.999999999993671,158,0,0,0
sem_erro,xgboost,lacuna,40,35,35,135,135,49,86,0,135,0,0,0,1.0,1.0,0.0,0.0,0.0,0.9999999999925927,135,0,0,0
sem_erro,xgboost,lacuna,40,40,40,118,118,45,73,0,118,0,0,0,1.0,1.0,0.0,0.0,0.0,0.9999999999915254,118,0,0,0
sem_erro,xgboost,lacuna,50,5,5,941,941,377,564,0,941,0,0,0,1.0,1.0,0.0,0.0,0.0,0.9999999999989373,941,0,0,0
sem_erro,xgboost,lacuna,50,10,10,471,471,189,282,0,471,0,0,0,1.0,1.0,0.0,0.0,0.0,0.9999999999978769,471,0,0,0
sem_erro,xgboost,lacuna,50,15,15,314,314,129,185,0,314,0,0,0,1.0,1.0,0.0,0.0,0.0,0.9999999999968153,314,0,0,0
sem_erro,xgboost,lacuna,50,20,20,236,236,94,142,0,236,0,0,0,1.0,1.0,0.0,0.0,0.0,0.9999999999957627,236,0,0,0
sem_erro,xgboost,lacuna,50,25,25,189,189,75,114,0,189,0,0,0,1.0,1.0,0.0,0.0,0.0,0.999999999994709,189,0,0,0
sem_erro,xgboost,lacuna,50,30,30,157,157,65,92,0,157,0,0,0,1.0,1.0,0.0,0.0,0.0,0.9999999999936307,157,0,0,0
sem_erro,xgboost,lacuna,50,35,35,135,135,52,83,0,135,0,0,0,1.0,1.0,0.0,0.0,0.0,0.9999999999925927,135,0,0,0
sem_erro,xgboost,lacuna,50,40,40,118,118,47,71,0,118,0,0,0,1.0,1.0,0.0,0.0,0.0,0.9999999999915254,118,0,0,0
sem_erro,xgboost,lacuna,50,45,45,105,105,41,64,0,105,0,0,0,1.0,1.0,0.0,0.0,0.0,0.9999999999904762,105,0,0,0
sem_erro,xgboost,lacuna,50,50,50,95,95,39,56,0,95,0,0,0,1.0,1.0,0.0,0.0,0.0,0.9999999999894736,95,0,0,0
sem_erro,xgboost,lacuna,60,5,5,939,939,405,534,0,939,0,0,0,1.0,1.0,0.0,0.0,0.0,0.9999999999989351,939,0,0,0
sem_erro,xgboost,lacuna,60,10,10,470,470,203,267,0,470,0,0,0,1.0,1.0,0.0,0.0,0.0,0.9999999999978724,470,0,0,0
sem_erro,xgboost,lacuna,60,15,15,313,313,132,181,0,313,0,0,0,1.0,1.0,0.0,0.0,0.0,0.9999999999968051,313,0,0,0
sem_erro,xgboost,lacuna,60,20,20,235,235,102,133,0,235,0,0,0,1.0,1.0,0.0,0.0,0.0,0.9999999999957447,235,0,0,0
sem_erro,xgboost,lacuna,60,25,25,188,188,78,110,0,188,0,0,0,1.0,1.0,0.0,0.0,0.0,0.9999999999946809,188,0,0,0
sem_erro,xgboost,lacuna,60,30,30,157,157,66,91,0,157,0,0,0,1.0,1.0,0.0,0.0,0.0,0.9999999999936307,157,0,0,0
sem_erro,xgboost,lacuna,60,35,35,135,135,55,80,0,135,0,0,0,1.0,1.0,0.0,0.0,0.0,0.9999999999925927,135,0,0,0
sem_erro,xgboost,lacuna,60,40,40,118,118,50,68,0,118,0,0,0,1.0,1.0,0.0,0.0,0.0,0.9999999999915254,118,0,0,0
sem_erro,xgboost,lacuna,60,45,45,105,105,43,62,0,105,0,0,0,1.0,1.0,0.0,0.0,0.0,0.9999999999904762,105,0,0,0
sem_erro,xgboost,lacuna,60,50,50,94,94,42,52,0,94,0,0,0,1.0,1.0,0.0,0.0,0.0,0.9999999999893616,94,0,0,0
sem_erro,xgboost,lacuna,60,55,55,86,86,36,50,0,86,0,0,0,1.0,1.0,0.0,0.0,0.0,0.9999999999883721,86,0,0,0
sem_erro,xgboost,lacuna,60,60,60,79,79,31,48,0,79,0,0,0,1.0,1.0,0.0,0.0,0.0,0.9999999999873417,79,0,0,0
sem_erro,xgboost,lacuna,70,5,5,937,937,433,504,0,937,0,0,0,1.0,1.0,0.0,0.0,0.0,0.9999999999989327,937,0,0,0
sem_erro,xgboost,lacuna,70,10,10,469,469,217,252,0,469,0,0,0,1.0,1.0,0.0,0.0,0.0,0.9999999999978678,469,0,0,0
sem_erro,xgboost,lacuna,70,15,15,313,313,144,169,0,313,0,0,0,1.0,1.0,0.0,0.0,0.0,0.9999999999968051,313,0,0,0
sem_erro,xgboost,lacuna,70,20,20,235,235,108,127,0,235,0,0,0,1.0,1.0,0.0,0.0,0.0,0.9999999999957447,235,0,0,0
sem_erro,xgboost,lacuna,70,25,25,188,188,87,101,0,188,0,0,0,1.0,1.0,0.0,0.0,0.0,0.9999999999946809,188,0,0,0
sem_erro,xgboost,lacuna,70,30,30,157,157,72,85,0,157,0,0,0,1.0,1.0,0.0,0.0,0.0,0.9999999999936307,157,0,0,0
sem_erro,xgboost,lacuna,70,35,35,134,134,61,73,0,134,0,0,0,1.0,1.0,0.0,0.0,0.0,0.9999999999925374,134,0,0,0
sem_erro,xgboost,lacuna,70,40,40,118,118,54,64,0,118,0,0,0,1.0,1.0,0.0,0.0,0.0,0.9999999999915254,118,0,0,0
sem_erro,xgboost,lacuna,70,45,45,105,105,49,56,0,105,0,0,0,1.0,1.0,0.0,0.0,0.0,0.9999999999904762,105,0,0,0
sem_erro,xgboost,lacuna,70,50,50,94,94,44,50,0,94,0,0,0,1.0,1.0,0.0,0.0,0.0,0.9999999999893616,94,0,0,0
sem_erro,xgboost,lacuna,70,55,55,86,86,39,47,0,86,0,0,0,1.0,1.0,0.0,0.0,0.0,0.9999999999883721,86,0,0,0
sem_erro,xgboost,lacuna,70,60,60,79,79,34,45,0,79,0,0,0,1.0,1.0,0.0,0.0,0.0,0.9999999999873417,79,0,0,0
sem_erro,xgboost,lacuna,70,65,65,73,73,35,38,0,73,0,0,0,1.0,1.0,0.0,0.0,0.0,0.9999999999863013,73,0,0,0
sem_erro,xgboost,lacuna,70,70,70,67,67,30,37,0,67,0,0,0,1.0,1.0,0.0,0.0,0.0,0.9999999999850746,67,0,0,0
sem_erro,xgboost,lacuna,80,5,5,935,935,461,474,0,935,0,0,0,1.0,1.0,0.0,0.0,0.0,0.9999999999989305,935,0,0,0
sem_erro,xgboost,lacuna,80,10,10,468,468,231,237,0,468,0,0,0,1.0,1.0,0.0,0.0,0.0,0.9999999999978633,468,0,0,0
sem_erro,xgboost,lacuna,80,15,15,312,312,157,155,0,312,0,0,0,1.0,1.0,0.0,0.0,0.0,0.9999999999967949,312,0,0,0
sem_erro,xgboost,lacuna,80,20,20,234,234,116,118,0,234,0,0,0,1.0,1.0,0.0,0.0,0.0,0.9999999999957265,234,0,0,0
sem_erro,xgboost,lacuna,80,25,25,187,187,89,98,0,187,0,0,0,1.0,1.0,0.0,0.0,0.0,0.9999999999946525,187,0,0,0
sem_erro,xgboost,lacuna,80,30,30,156,156,79,77,0,156,0,0,0,1.0,1.0,0.0,0.0,0.0,0.9999999999935898,156,0,0,0
sem_erro,xgboost,lacuna,80,35,35,134,134,65,69,0,134,0,0,0,1.0,1.0,0.0,0.0,0.0,0.9999999999925374,134,0,0,0
sem_erro,xgboost,lacuna,80,40,40,117,117,59,58,0,117,0,0,0,1.0,1.0,0.0,0.0,0.0,0.999999999991453,117,0,0,0
sem_erro,xgboost,lacuna,80,45,45,104,104,52,52,0,104,0,0,0,1.0,1.0,0.0,0.0,0.0,0.9999999999903846,104,0,0,0
sem_erro,xgboost,lacuna,80,50,50,94,94,46,48,0,94,0,0,0,1.0,1.0,0.0,0.0,0.0,0.9999999999893616,94,0,0,0
sem_erro,xgboost,lacuna,80,55,55,85,85,43,42,0,85,0,0,0,1.0,1.0,0.0,0.0,0.0,0.9999999999882353,85,0,0,0
sem_erro,xgboost,lacuna,80,60,60,78,78,39,39,0,78,0,0,0,1.0,1.0,0.0,0.0,0.0,0.9999999999871795,78,0,0,0
sem_erro,xgboost,lacuna,80,65,65,72,72,37,35,0,72,0,0,0,1.0,1.0,0.0,0.0,0.0,0.9999999999861111,72,0,0,0
sem_erro,xgboost,lacuna,80,70,70,67,67,30,37,0,67,0,0,0,1.0,1.0,0.0,0.0,0.0,0.9999999999850746,67,0,0,0
sem_erro,xgboost,lacuna,80,75,75,63,63,32,31,0,63,0,0,0,1.0,1.0,0.0,0.0,0.0,0.999999999984127,63,0,0,0
sem_erro,xgboost,lacuna,80,80,80,59,59,30,29,0,59,0,0,0,1.0,1.0,0.0,0.0,0.0,0.9999999999830509,59,0,0,0
sem_erro,xgboost,lacuna,90,5,5,933,933,489,444,0,933,0,0,0,1.0,1.0,0.0,0.0,0.0,0.9999999999989282,933,0,0,0
sem_erro,xgboost,lacuna,90,10,10,467,467,245,222,0,467,0,0,0,1.0,1.0,0.0,0.0,0.0,0.9999999999978587,467,0,0,0
sem_erro,xgboost,lacuna,90,15,15,311,311,160,151,0,311,0,0,0,1.0,1.0,0.0,0.0,0.0,0.9999999999967846,311,0,0,0
sem_erro,xgboost,lacuna,90,20,20,234,234,122,112,0,234,0,0,0,1.0,1.0,0.0,0.0,0.0,0.9999999999957265,234,0,0,0
sem_erro,xgboost,lacuna,90,25,25,187,187,99,88,0,187,0,0,0,1.0,1.0,0.0,0.0,0.0,0.9999999999946525,187,0,0,0
sem_erro,xgboost,lacuna,90,30,30,156,156,80,76,0,156,0,0,0,1.0,1.0,0.0,0.0,0.0,0.9999999999935898,156,0,0,0
sem_erro,xgboost,lacuna,90,35,35,134,134,69,65,0,134,0,0,0,1.0,1.0,0.0,0.0,0.0,0.9999999999925374,134,0,0,0
sem_erro,xgboost,lacuna,90,40,40,117,117,61,56,0,117,0,0,0,1.0,1.0,0.0,0.0,0.0,0.999999999991453,117,0,0,0
sem_erro,xgboost,lacuna,90,45,45,104,104,52,52,0,104,0,0,0,1.0,1.0,0.0,0.0,0.0,0.9999999999903846,104,0,0,0
sem_erro,xgboost,lacuna,90,50,50,94,94,51,43,0,94,0,0,0,1.0,1.0,0.0,0.0,0.0,0.9999999999893616,94,0,0,0
sem_erro,xgboost,lacuna,90,55,55,85,85,45,40,0,85,0,0,0,1.0,1.0,0.0,0.0,0.0,0.9999999999882353,85,0,0,0
sem_erro,xgboost,lacuna,90,60,60,78,78,40,38,0,78,0,0,0,1.0,1.0,0.0,0.0,0.0,0.9999999999871795,78,0,0,0
sem_erro,xgboost,lacuna,90,65,65,72,72,40,32,0,72,0,0,0,1.0,1.0,0.0,0.0,0.0,0.9999999999861111,72,0,0,0
sem_erro,xgboost,lacuna,90,70,70,67,67,33,34,0,67,0,0,0,1.0,1.0,0.0,0.0,0.0,0.9999999999850746,67,0,0,0
sem_erro,xgboost,lacuna,90,75,75,63,63,33,30,0,63,0,0,0,1.0,1.0,0.0,0.0,0.0,0.999999999984127,63,0,0,0
sem_erro,xgboost,lacuna,90,80,80,59,59,31,28,0,59,0,0,0,1.0,1.0,0.0,0.0,0.0,0.9999999999830509,59,0,0,0
sem_erro,xgboost,lacuna,90,85,85,55,55,30,25,0,55,0,0,0,1.0,1.0,0.0,0.0,0.0,0.9999999999818182,55,0,0,0
sem_erro,xgboost,lacuna,90,90,90,52,52,26,26,0,52,0,0,0,1.0,1.0,0.0,0.0,0.0,0.9999999999807693,52,0,0,0
sem_erro,xgboost,lacuna,100,5,5,931,931,515,416,0,931,0,0,0,1.0,1.0,0.0,0.0,0.0,0.9999999999989259,931,0,0,0
sem_erro,xgboost,lacuna,100,10,10,466,466,258,208,0,466,0,0,0,1.0,1.0,0.0,0.0,0.0,0.999999999997854,466,0,0,0
sem_erro,xgboost,lacuna,100,15,15,311,311,171,140,0,311,0,0,0,1.0,1.0,0.0,0.0,0.0,0.9999999999967846,311,0,0,0
sem_erro,xgboost,lacuna,100,20,20,233,233,129,104,0,233,0,0,0,1.0,1.0,0.0,0.0,0.0,0.9999999999957082,233,0,0,0
sem_erro,xgboost,lacuna,100,25,25,187,187,103,84,0,187,0,0,0,1.0,1.0,0.0,0.0,0.0,0.9999999999946525,187,0,0,0
sem_erro,xgboost,lacuna,100,30,30,156,156,85,71,0,156,0,0,0,1.0,1.0,0.0,0.0,0.0,0.9999999999935898,156,0,0,0
sem_erro,xgboost,lacuna,100,35,35,133,133,75,58,0,133,0,0,0,1.0,1.0,0.0,0.0,0.0,0.9999999999924812,133,0,0,0
sem_erro,xgboost,lacuna,100,40,40,117,117,64,53,0,117,0,0,0,1.0,1.0,0.0,0.0,0.0,0.999999999991453,117,0,0,0
sem_erro,xgboost,lacuna,100,45,45,104,104,54,50,0,104,0,0,0,1.0,1.0,0.0,0.0,0.0,0.9999999999903846,104,0,0,0
sem_erro,xgboost,lacuna,100,50,50,94,94,53,41,0,94,0,0,0,1.0,1.0,0.0,0.0,0.0,0.9999999999893616,94,0,0,0
sem_erro,xgboost,lacuna,100,55,55,85,85,46,39,0,85,0,0,0,1.0,1.0,0.0,0.0,0.0,0.9999999999882353,85,0,0,0
sem_erro,xgboost,lacuna,100,60,60,78,78,42,36,0,78,0,0,0,1.0,1.0,0.0,0.0,0.0,0.9999999999871795,78,0,0,0
sem_erro,xgboost,lacuna,100,65,65,72,72,42,30,0,72,0,0,0,1.0,1.0,0.0,0.0,0.0,0.9999999999861111,72,0,0,0
sem_erro,xgboost,lacuna,100,70,70,67,67,37,30,0,67,0,0,0,1.0,1.0,0.0,0.0,0.0,0.9999999999850746,67,0,0,0
sem_erro,xgboost,lacuna,100,75,75,63,63,35,28,0,63,0,0,0,1.0,1.0,0.0,0.0,0.0,0.999999999984127,63,0,0,0
sem_erro,xgboost,lacuna,100,80,80,59,59,31,28,0,59,0,0,0,1.0,1.0,0.0,0.0,0.0,0.9999999999830509,59,0,0,0
sem_erro,xgboost,lacuna,100,85,85,55,55,31,24,0,55,0,0,0,1.0,1.0,0.0,0.0,0.0,0.9999999999818182,55,0,0,0
sem_erro,xgboost,lacuna,100,90,90,52,52,27,25,0,52,0,0,0,1.0,1.0,0.0,0.0,0.0,0.9999999999807693,52,0,0,0
sem_erro,xgboost,lacuna,100,95,95,49,49,24,25,0,49,0,0,0,1.0,1.0,0.0,0.0,0.0,0.9999999999795919,49,0,0,0
sem_erro,xgboost,lacuna,100,100,100,47,47,25,22,0,47,0,0,0,1.0,1.0,0.0,0.0,0.0,0.9999999999787235,47,0,0,0
sem_erro,xgboost,oscilacao,20,5,5,947,947,376,571,0,947,0,13,13,0.9334741288278775,0.9334741288278775,0.0,0.0,0.0,0.9334741288268918,884,63,0,0
sem_erro,xgboost,oscilacao,20,10,10,474,474,188,286,0,474,0,10,10,0.9367088607594937,0.9367088607594937,0.0,0.0,0.0,0.9367088607575175,444,30,0,0
sem_erro,xgboost,oscilacao,20,15,15,316,316,124,192,0,316,0,7,7,0.939873417721519,0.939873417721519,0.0,0.0,0.0,0.9398734177185447,297,19,0,0
sem_erro,xgboost,oscilacao,20,20,20,237,237,95,142,0,237,0,8,8,0.9282700421940928,0.9282700421940928,0.0,0.0,0.0,0.9282700421901762,220,17,0,0
sem_erro,xgboost,oscilacao,30,5,5,945,945,406,539,0,945,0,25,25,0.8984126984126984,0.8984126984126984,0.0,0.0,0.0,0.8984126984117478,849,96,0,0
sem_erro,xgboost,oscilacao,30,10,10,473,473,203,270,0,473,0,26,26,0.8837209302325582,0.8837209302325582,0.0,0.0,0.0,0.8837209302306899,418,55,0,0
sem_erro,xgboost,oscilacao,30,15,15,315,315,135,180,0,315,0,15,15,0.8952380952380953,0.8952380952380953,0.0,0.0,0.0,0.8952380952352532,282,33,0,0
sem_erro,xgboost,oscilacao,30,20,20,237,237,103,134,0,237,0,16,16,0.869198312236287,0.869198312236287,0.0,0.0,0.0,0.8691983122326195,206,31,0,0
sem_erro,xgboost,oscilacao,30,25,25,189,189,81,108,0,189,0,12,12,0.8571428571428571,0.8571428571428571,0.0,0.0,0.0,0.8571428571383221,162,27,0,0
sem_erro,xgboost,oscilacao,30,30,30,158,158,68,90,0,158,0,13,13,0.8734177215189873,0.8734177215189873,0.0,0.0,0.0,0.8734177215134594,138,20,0,0
sem_erro,xgboost,oscilacao,40,5,5,943,943,436,507,0,943,0,32,32,0.8610816542948038,0.8610816542948038,0.0,0.0,0.0,0.8610816542938907,812,131,0,0
sem_erro,xgboost,oscilacao,40,10,10,472,472,218,254,0,472,0,24,24,0.847457627118644,0.847457627118644,0.0,0.0,0.0,0.8474576271168486,400,72,0,0
sem_erro,xgboost,oscilacao,40,15,15,315,315,146,169,0,315,0,21,21,0.8507936507936508,0.8507936507936508,0.0,0.0,0.0,0.8507936507909499,268,47,0,0
sem_erro,xgboost,oscilacao,40,20,20,236,236,110,126,0,236,0,21,21,0.8135593220338984,0.8135593220338984,0.0,0.0,0.0,0.813559322030451,192,44,0,0
sem_erro,xgboost,oscilacao,40,25,25,189,189,89,100,0,189,0,14,14,0.8571428571428571,0.8571428571428571,0.0,0.0,0.0,0.8571428571383221,162,27,0,0
sem_erro,xgboost,oscilacao,40,30,30,158,158,71,87,0,158,0,16,16,0.7974683544303798,0.7974683544303798,0.0,0.0,0.0,0.7974683544253325,126,32,0,0
sem_erro,xgboost,oscilacao,40,35,35,135,135,62,73,0,135,0,11,11,0.7925925925925926,0.7925925925925926,0.0,0.0,0.0,0.7925925925867215,107,28,0,0
sem_erro,xgboost,oscilacao,40,40,40,118,118,55,63,0,118,0,13,13,0.7627118644067796,0.7627118644067796,0.0,0.0,0.0,0.762711864400316,90,28,0,0
sem_erro,xgboost,oscilacao,50,5,5,941,941,458,483,0,941,0,33,33,0.8469713071200851,0.8469713071200851,0.0,0.0,0.0,0.846971307119185,797,144,0,0
sem_erro,xgboost,oscilacao,50,10,10,471,471,229,242,0,471,0,27,27,0.8195329087048833,0.8195329087048833,0.0,0.0,0.0,0.8195329087031432,386,85,0,0
sem_erro,xgboost,oscilacao,50,15,15,314,314,152,162,0,314,0,19,19,0.8375796178343949,0.8375796178343949,0.0,0.0,0.0,0.8375796178317275,263,51,0,0
sem_erro,xgboost,oscilacao,50,20,20,236,236,115,121,0,236,0,20,20,0.7838983050847458,0.7838983050847458,0.0,0.0,0.0,0.7838983050814242,185,51,0,0
sem_erro,xgboost,oscilacao,50,25,25,189,189,93,96,0,189,0,18,18,0.7724867724867724,0.7724867724867724,0.0,0.0,0.0,0.7724867724826853,146,43,0,0
sem_erro,xgboost,oscilacao,50,30,30,157,157,76,81,0,157,0,16,16,0.8280254777070064,0.8280254777070064,0.0,0.0,0.0,0.8280254777017324,130,27,0,0
sem_erro,xgboost,oscilacao,50,35,35,135,135,66,69,0,135,0,11,11,0.7925925925925926,0.7925925925925926,0.0,0.0,0.0,0.7925925925867215,107,28,0,0
sem_erro,xgboost,oscilacao,50,40,40,118,118,58,60,0,118,0,13,13,0.652542372881356,0.652542372881356,0.0,0.0,0.0,0.6525423728758258,77,41,0,0
sem_erro,xgboost,oscilacao,50,45,45,105,105,51,54,0,105,0,12,12,0.8095238095238095,0.8095238095238095,0.0,0.0,0.0,0.8095238095160997,85,20,0,0
sem_erro,xgboost,oscilacao,50,50,50,95,95,46,49,0,95,0,11,11,0.7368421052631579,0.7368421052631579,0.0,0.0,0.0,0.7368421052554016,70,25,0,0
sem_erro,xgboost,oscilacao,60,5,5,939,939,480,459,0,939,0,24,24,0.8125665601703941,0.8125665601703941,0.0,0.0,0.0,0.8125665601695287,763,176,0,0
sem_erro,xgboost,oscilacao,60,10,10,470,470,240,230,0,470,0,23,23,0.8063829787234043,0.8063829787234043,0.0,0.0,0.0,0.8063829787216885,379,91,0,0
sem_erro,xgboost,oscilacao,60,15,15,313,313,159,154,0,313,0,17,17,0.8019169329073482,0.8019169329073482,0.0,0.0,0.0,0.8019169329047863,251,62,0,0
sem_erro,xgboost,oscilacao,60,20,20,235,235,121,114,0,235,0,19,19,0.7829787234042553,0.7829787234042553,0.0,0.0,0.0,0.7829787234009236,184,51,0,0
sem_erro,xgboost,oscilacao,60,25,25,188,188,98,90,0,188,0,17,17,0.7659574468085106,0.7659574468085106,0.0,0.0,0.0,0.7659574468044364,144,44,0,0
sem_erro,xgboost,oscilacao,60,30,30,157,157,79,78,0,157,0,17,17,0.7898089171974523,0.7898089171974523,0.0,0.0,0.0,0.7898089171924216,124,33,0,0
sem_erro,xgboost,oscilacao,60,35,35,135,135,70,65,0,135,0,14,14,0.7703703703703704,0.7703703703703704,0.0,0.0,0.0,0.7703703703646639,104,31,0,0
sem_erro,xgboost,oscilacao,60,40,40,118,118,63,55,0,118,0,13,13,0.7457627118644068,0.7457627118644068,0.0,0.0,0.0,0.7457627118580867,88,30,0,0
sem_erro,xgboost,oscilacao,60,45,45,105,105,54,51,0,105,0,14,14,0.7333333333333333,0.7333333333333333,0.0,0.0,0.0,0.7333333333263492,77,28,0,0
sem_erro,xgboost,oscilacao,60,50,50,94,94,48,46,0,94,0,11,11,0.6808510638297872,0.6808510638297872,0.0,0.0,0.0,0.6808510638225441,64,30,0,0
sem_erro,xgboost,oscilacao,60,55,55,86,86,45,41,0,86,0,8,8,0.6976744186046512,0.6976744186046512,0.0,0.0,0.0,0.6976744185965387,60,26,0,0
sem_erro,xgboost,oscilacao,60,60,60,79,79,39,40,0,79,0,9,9,0.759493670886076,0.759493670886076,0.0,0.0,0.0,0.759493670876462,60,19,0,0
sem_erro,xgboost,oscilacao,70,5,5,937,937,502,435,0,937,0,40,40,0.7662753468516542,0.7662753468516542,0.0,0.0,0.0,0.7662753468508364,718,219,0,0
sem_erro,xgboost,oscilacao,70,10,10,469,469,251,218,0,469,0,27,27,0.7526652452025586,0.7526652452025586,0.0,0.0,0.0,0.7526652452009538,353,116,0,0
sem_erro,xgboost,oscilacao,70,15,15,313,313,168,145,0,313,0,16,16,0.731629392971246,0.731629392971246,0.0,0.0,0.0,0.7316293929689086,229,84,0,0
sem_erro,xgboost,oscilacao,70,20,20,235,235,126,109,0,235,0,18,18,0.723404255319149,0.723404255319149,0.0,0.0,0.0,0.7234042553160707,170,65,0,0
sem_erro,xgboost,oscilacao,70,25,25,188,188,103,85,0,188,0,19,19,0.6542553191489362,0.6542553191489362,0.0,0.0,0.0,0.6542553191454561,123,65,0,0
sem_erro,xgboost,oscilacao,70,30,30,157,157,82,75,0,157,0,12,12,0.7452229299363057,0.7452229299363057,0.0,0.0,0.0,0.7452229299315591,117,40,0,0
sem_erro,xgboost,oscilacao,70,35,35,134,134,72,62,0,134,0,12,12,0.6865671641791045,0.6865671641791045,0.0,0.0,0.0,0.6865671641739809,92,42,0,0
sem_erro,xgboost,oscilacao,70,40,40,118,118,65,53,0,118,0,11,11,0.6779661016949152,0.6779661016949152,0.0,0.0,0.0,0.6779661016891697,80,38,0,0
sem_erro,xgboost,oscilacao,70,45,45,105,105,56,49,0,105,0,12,12,0.6952380952380952,0.6952380952380952,0.0,0.0,0.0,0.695238095231474,73,32,0,0
sem_erro,xgboost,oscilacao,70,50,50,94,94,52,42,0,94,0,11,11,0.6914893617021277,0.6914893617021277,0.0,0.0,0.0,0.6914893616947714,65,29,0,0
sem_erro,xgboost,oscilacao,70,55,55,86,86,45,41,0,86,0,12,12,0.6046511627906976,0.6046511627906976,0.0,0.0,0.0,0.6046511627836668,52,34,0,0
sem_erro,xgboost,oscilacao,70,60,60,79,79,42,37,0,79,0,10,10,0.6582278481012658,0.6582278481012658,0.0,0.0,0.0,0.6582278480929338,52,27,0,0
sem_erro,xgboost,oscilacao,70,65,65,73,73,40,33,0,73,0,8,8,0.589041095890411,0.589041095890411,0.0,0.0,0.0,0.5890410958823419,43,30,0,0
sem_erro,xgboost,oscilacao,70,70,70,67,67,36,31,0,67,0,9,9,0.6417910447761194,0.6417910447761194,0.0,0.0,0.0,0.6417910447665404,43,24,0,0
sem_erro,xgboost,oscilacao,80,5,5,935,935,524,411,0,935,0,30,30,0.7101604278074867,0.7101604278074867,0.0,0.0,0.0,0.7101604278067271,664,271,0,0
sem_erro,xgboost,oscilacao,80,10,10,468,468,262,206,0,468,0,23,23,0.6709401709401709,0.6709401709401709,0.0,0.0,0.0,0.6709401709387374,314,154,0,0
sem_erro,xgboost,oscilacao,80,15,15,312,312,174,138,0,312,0,20,20,0.7019230769230769,0.7019230769230769,0.0,0.0,0.0,0.7019230769208272,219,93,0,0
sem_erro,xgboost,oscilacao,80,20,20,234,234,132,102,0,234,0,16,16,0.6495726495726496,0.6495726495726496,0.0,0.0,0.0,0.6495726495698737,152,82,0,0
sem_erro,xgboost,oscilacao,80,25,25,187,187,105,82,0,187,0,18,18,0.6470588235294118,0.6470588235294118,0.0,0.0,0.0,0.6470588235259516,121,66,0,0
sem_erro,xgboost,oscilacao,80,30,30,156,156,87,69,0,156,0,14,14,0.6410256410256411,0.6410256410256411,0.0,0.0,0.0,0.6410256410215319,100,56,0,0
sem_erro,xgboost,oscilacao,80,35,35,134,134,76,58,0,134,0,11,11,0.5895522388059702,0.5895522388059702,0.0,0.0,0.0,0.5895522388015706,79,55,0,0
sem_erro,xgboost,oscilacao,80,40,40,117,117,66,51,0,117,0,8,8,0.6752136752136753,0.6752136752136753,0.0,0.0,0.0,0.6752136752079041,79,38,0,0
sem_erro,xgboost,oscilacao,80,45,45,104,104,58,46,0,104,0,11,11,0.5769230769230769,0.5769230769230769,0.0,0.0,0.0,0.5769230769175295,60,44,0,0
sem_erro,xgboost,oscilacao,80,50,50,94,94,54,40,0,94,0,11,11,0.5106382978723404,0.5106382978723404,0.0,0.0,0.0,0.5106382978669081,48,46,0,0
sem_erro,xgboost,oscilacao,80,55,55,85,85,47,38,0,85,0,6,6,0.5529411764705883,0.5529411764705883,0.0,0.0,0.0,0.552941176464083,47,38,0,0
sem_erro,xgboost,oscilacao,80,60,60,78,78,45,33,0,78,0,10,10,0.6282051282051282,0.6282051282051282,0.0,0.0,0.0,0.6282051281970743,49,29,0,0
sem_erro,xgboost,oscilacao,80,65,65,72,72,40,32,0,72,0,9,9,0.5,0.5,0.0,0.0,0.0,0.49999999999305555,36,36,0,0
sem_erro,xgboost,oscilacao,80,70,70,67,67,38,29,0,67,0,11,11,0.5970149253731343,0.5970149253731343,0.0,0.0,0.0,0.5970149253642236,40,27,0,0
sem_erro,xgboost,oscilacao,80,75,75,63,63,34,29,0,63,0,7,7,0.5555555555555556,0.5555555555555556,0.0,0.0,0.0,0.5555555555467372,35,28,0,0
sem_erro,xgboost,oscilacao,80,80,80,59,59,32,27,0,59,0,11,11,0.576271186440678,0.576271186440678,0.0,0.0,0.0,0.5762711864309107,34,25,0,0
sem_erro,xgboost,oscilacao,90,5,5,933,933,543,390,0,933,0,33,33,0.6677384780278671,0.6677384780278671,0.0,0.0,0.0,0.6677384780271514,623,310,0,0
sem_erro,xgboost,oscilacao,90,10,10,467,467,272,195,0,467,0,26,26,0.6381156316916489,0.6381156316916489,0.0,0.0,0.0,0.6381156316902824,298,169,0,0
sem_erro,xgboost,oscilacao,90,15,15,311,311,180,131,0,311,0,27,27,0.6109324758842444,0.6109324758842444,0.0,0.0,0.0,0.61093247588228,190,121,0,0
sem_erro,xgboost,oscilacao,90,20,20,234,234,137,97,0,234,0,14,14,0.6239316239316239,0.6239316239316239,0.0,0.0,0.0,0.6239316239289576,146,88,0,0
sem_erro,xgboost,oscilacao,90,25,25,187,187,110,77,0,187,0,19,19,0.5240641711229946,0.5240641711229946,0.0,0.0,0.0,0.5240641711201922,98,89,0,0
sem_erro,xgboost,oscilacao,90,30,30,156,156,90,66,0,156,0,12,12,0.5641025641025641,0.5641025641025641,0.0,0.0,0.0,0.5641025640989481,88,68,0,0
sem_erro,xgboost,oscilacao,90,35,35,134,134,78,56,0,134,0,10,10,0.5895522388059702,0.5895522388059702,0.0,0.0,0.0,0.5895522388015706,79,55,0,0
sem_erro,xgboost,oscilacao,90,40,40,117,117,69,48,0,117,0,10,10,0.5128205128205128,0.5128205128205128,0.0,0.0,0.0,0.5128205128161297,60,57,0,0
sem_erro,xgboost,oscilacao,90,45,45,104,104,60,44,0,104,0,8,8,0.6153846153846154,0.6153846153846154,0.0,0.0,0.0,0.6153846153786982,64,40,0,0
sem_erro,xgboost,oscilacao,90,50,50,94,94,56,38,0,94,0,10,10,0.46808510638297873,0.46808510638297873,0.0,0.0,0.0,0.46808510637799905,44,50,0,0
sem_erro,xgboost,oscilacao,90,55,55,85,85,52,33,0,85,0,15,15,0.43529411764705883,0.43529411764705883,0.0,0.0,0.0,0.4352941176419377,37,48,0,0
sem_erro,xgboost,oscilacao,90,60,60,78,78,45,33,0,78,0,11,11,0.5256410256410257,0.5256410256410257,0.0,0.0,0.0,0.5256410256342866,41,37,0,0
sem_erro,xgboost,oscilacao,90,65,65,72,72,41,31,0,72,0,8,8,0.5,0.5,0.0,0.0,0.0,0.49999999999305555,36,36,0,0
sem_erro,xgboost,oscilacao,90,70,70,67,67,40,27,0,67,0,12,12,0.5522388059701493,0.5522388059701493,0.0,0.0,0.0,0.5522388059619069,37,30,0,0
sem_erro,xgboost,oscilacao,90,75,75,63,63,37,26,0,63,0,11,11,0.4444444444444444,0.4444444444444444,0.0,0.0,0.0,0.4444444444373898,28,35,0,0
sem_erro,xgboost,oscilacao,90,80,80,59,59,35,24,0,59,0,8,8,0.5423728813559322,0.5423728813559322,0.0,0.0,0.0,0.5423728813467394,32,27,0,0
sem_erro,xgboost,oscilacao,90,85,85,55,55,30,25,0,55,0,7,7,0.4727272727272727,0.4727272727272727,0.0,0.0,0.0,0.4727272727186777,26,29,0,0
sem_erro,xgboost,oscilacao,90,90,90,52,52,31,21,0,52,0,10,10,0.6153846153846154,0.6153846153846154,0.0,0.0,0.0,0.6153846153727811,32,20,0,0
sem_erro,xgboost,oscilacao,100,5,5,931,931,561,370,0,931,0,31,31,0.6090225563909775,0.6090225563909775,0.0,0.0,0.0,0.6090225563903233,567,364,0,0
sem_erro,xgboost,oscilacao,100,10,10,466,466,281,185,0,466,0,20,20,0.5901287553648069,0.5901287553648069,0.0,0.0,0.0,0.5901287553635405,275,191,0,0
sem_erro,xgboost,oscilacao,100,15,15,311,311,188,123,0,311,0,15,15,0.5048231511254019,0.5048231511254019,0.0,0.0,0.0,0.5048231511237787,157,154,0,0
sem_erro,xgboost,oscilacao,100,20,20,233,233,141,92,0,233,0,16,16,0.5364806866952789,0.5364806866952789,0.0,0.0,0.0,0.5364806866929765,125,108,0,0
sem_erro,xgboost,oscilacao,100,25,25,187,187,114,73,0,187,0,14,14,0.42245989304812837,0.42245989304812837,0.0,0.0,0.0,0.42245989304586923,79,108,0,0
sem_erro,xgboost,oscilacao,100,30,30,156,156,93,63,0,156,0,9,9,0.5192307692307693,0.5192307692307693,0.0,0.0,0.0,0.5192307692274408,81,75,0,0
sem_erro,xgboost,oscilacao,100,35,35,133,133,82,51,0,133,0,14,14,0.49624060150375937,0.49624060150375937,0.0,0.0,0.0,0.4962406015000283,66,67,0,0
sem_erro,xgboost,oscilacao,100,40,40,117,117,73,44,0,117,0,9,9,0.4358974358974359,0.4358974358974359,0.0,0.0,0.0,0.43589743589371027,51,66,0,0
sem_erro,xgboost,oscilacao,100,45,45,104,104,64,40,0,104,0,8,8,0.4326923076923077,0.4326923076923077,0.0,0.0,0.0,0.43269230768814715,45,59,0,0
sem_erro,xgboost,oscilacao,100,50,50,94,94,57,37,0,94,0,9,9,0.425531914893617,0.425531914893617,0.0,0.0,0.0,0.4255319148890901,40,54,0,0
sem_erro,xgboost,oscilacao,100,55,55,85,85,53,32,0,85,0,8,8,0.4588235294117647,0.4588235294117647,0.0,0.0,0.0,0.4588235294063668,39,46,0,0
sem_erro,xgboost,oscilacao,100,60,60,78,78,45,33,0,78,0,9,9,0.5769230769230769,0.5769230769230769,0.0,0.0,0.0,0.5769230769156805,45,33,0,0
sem_erro,xgboost,oscilacao,100,65,65,72,72,44,28,0,72,0,7,7,0.4722222222222222,0.4722222222222222,0.0,0.0,0.0,0.47222222221566357,34,38,0,0
sem_erro,xgboost,oscilacao,100,70,70,67,67,41,26,0,67,0,6,6,0.5522388059701493,0.5522388059701493,0.0,0.0,0.0,0.5522388059619069,37,30,0,0
sem_erro,xgboost,oscilacao,100,75,75,63,63,39,24,0,63,0,7,7,0.31746031746031744,0.31746031746031744,0.0,0.0,0.0,0.3174603174552784,20,43,0,0
sem_erro,xgboost,oscilacao,100,80,80,59,59,38,21,0,59,0,8,8,0.4745762711864407,0.4745762711864407,0.0,0.0,0.0,0.474576271178397,28,31,0,0
sem_erro,xgboost,oscilacao,100,85,85,55,55,34,21,0,55,0,9,9,0.23636363636363636,0.23636363636363636,0.0,0.0,0.0,0.23636363635933885,13,42,0,0
sem_erro,xgboost,oscilacao,100,90,90,52,52,32,20,0,52,0,6,6,0.5,0.5,0.0,0.0,0.0,0.49999999999038464,26,26,0,0
sem_erro,xgboost,oscilacao,100,95,95,49,49,30,19,0,49,0,8,8,0.20408163265306123,0.20408163265306123,0.0,0.0,0.0,0.2040816326488963,10,39,0,0
sem_erro,xgboost,oscilacao,100,100,100,47,47,31,16,0,47,0,9,9,0.3617021276595745,0.3617021276595745,0.0,0.0,0.0,0.3617021276518787,17,30,0,0
sem_erro,xgboost,queda,20,5,5,947,947,200,747,0,947,0,29,29,0.9186906019007391,0.9186906019007391,0.0,0.0,0.0,0.918690601899769,870,77,0,0
sem_erro,xgboost,queda,20,10,10,474,474,99,375,0,474,0,18,18,0.9050632911392406,0.9050632911392406,0.0,0.0,0.0,0.9050632911373311,429,45,0,0
sem_erro,xgboost,queda,20,15,15,316,316,67,249,0,316,0,13,13,0.9177215189873418,0.9177215189873418,0.0,0.0,0.0,0.9177215189844377,290,26,0,0
sem_erro,xgboost,queda,20,20,20,237,237,52,185,0,237,0,11,11,0.9071729957805907,0.9071729957805907,0.0,0.0,0.0,0.907172995776763,215,22,0,0
sem_erro,xgboost,queda,30,5,5,945,945,233,712,0,945,0,20,20,0.9132275132275133,0.9132275132275133,0.0,0.0,0.0,0.9132275132265468,863,82,0,0
sem_erro,xgboost,queda,30,10,10,473,473,116,357,0,473,0,14,14,0.9112050739957717,0.9112050739957717,0.0,0.0,0.0,0.9112050739938452,431,42,0,0
sem_erro,xgboost,queda,30,15,15,315,315,78,237,0,315,0,15,15,0.9142857142857143,0.9142857142857143,0.0,0.0,0.0,0.9142857142828118,288,27,0,0
sem_erro,xgboost,queda,30,20,20,237,237,56,181,0,237,0,17,17,0.8945147679324894,0.8945147679324894,0.0,0.0,0.0,0.8945147679287152,212,25,0,0
sem_erro,xgboost,queda,30,25,25,189,189,48,141,0,189,0,15,15,0.8994708994708994,0.8994708994708994,0.0,0.0,0.0,0.8994708994661404,170,19,0,0
sem_erro,xgboost,queda,30,30,30,158,158,38,120,0,158,0,7,7,0.930379746835443,0.930379746835443,0.0,0.0,0.0,0.9303797468295546,147,11,0,0
sem_erro,xgboost,queda,40,5,5,943,943,264,679,0,943,0,33,33,0.887592788971368,0.887592788971368,0.0,0.0,0.0,0.8875927889704267,837,106,0,0
sem_erro,xgboost,queda,40,10,10,472,472,132,340,0,472,0,21,21,0.8792372881355932,0.8792372881355932,0.0,0.0,0.0,0.8792372881337305,415,57,0,0
sem_erro,xgboost,queda,40,15,15,315,315,86,229,0,315,0,17,17,0.9015873015873016,0.9015873015873016,0.0,0.0,0.0,0.9015873015844394,284,31,0,0
sem_erro,xgboost,queda,40,20,20,236,236,68,168,0,236,0,19,19,0.8601694915254238,0.8601694915254238,0.0,0.0,0.0,0.860169491521779,203,33,0,0
sem_erro,xgboost,queda,40,25,25,189,189,54,135,0,189,0,13,13,0.8624338624338624,0.8624338624338624,0.0,0.0,0.0,0.8624338624292993,163,26,0,0
sem_erro,xgboost,queda,40,30,30,158,158,43,115,0,158,0,8,8,0.9113924050632911,0.9113924050632911,0.0,0.0,0.0,0.911392405057523,144,14,0,0
sem_erro,xgboost,queda,40,35,35,135,135,36,99,0,135,0,7,7,0.9111111111111111,0.9111111111111111,0.0,0.0,0.0,0.9111111111043622,123,12,0,0
sem_erro,xgboost,queda,40,40,40,118,118,34,84,0,118,0,9,9,0.8559322033898306,0.8559322033898306,0.0,0.0,0.0,0.8559322033825768,101,17,0,0
sem_erro,xgboost,queda,50,5,5,941,941,292,649,0,941,0,34,34,0.8554729011689692,0.8554729011689692,0.0,0.0,0.0,0.8554729011680601,805,136,0,0
sem_erro,xgboost,queda,50,10,10,471,471,146,325,0,471,0,23,23,0.8471337579617835,0.8471337579617835,0.0,0.0,0.0,0.8471337579599849,399,72,0,0
sem_erro,xgboost,queda,50,15,15,314,314,98,216,0,314,0,20,20,0.8439490445859873,0.8439490445859873,0.0,0.0,0.0,0.8439490445832996,265,49,0,0
sem_erro,xgboost,queda,50,20,20,236,236,71,165,0,236,0,16,16,0.8686440677966102,0.8686440677966102,0.0,0.0,0.0,0.8686440677929295,205,31,0,0
sem_erro,xgboost,queda,50,25,25,189,189,60,129,0,189,0,10,10,0.873015873015873,0.873015873015873,0.0,0.0,0.0,0.8730158730112539,165,24,0,0
sem_erro,xgboost,queda,50,30,30,157,157,49,108,0,157,0,8,8,0.8980891719745223,0.8980891719745223,0.0,0.0,0.0,0.898089171968802,141,16,0,0
sem_erro,xgboost,queda,50,35,35,135,135,42,93,0,135,0,10,10,0.8666666666666667,0.8666666666666667,0.0,0.0,0.0,0.8666666666602469,117,18,0,0
sem_erro,xgboost,queda,50,40,40,118,118,35,83,0,118,0,10,10,0.8728813559322034,0.8728813559322034,0.0,0.0,0.0,0.8728813559248061,103,15,0,0
sem_erro,xgboost,queda,50,45,45,105,105,34,71,0,105,0,11,11,0.8476190476190476,0.8476190476190476,0.0,0.0,0.0,0.8476190476109751,89,16,0,0
sem_erro,xgboost,queda,50,50,50,95,95,28,67,0,95,0,8,8,0.8631578947368421,0.8631578947368421,0.0,0.0,0.0,0.8631578947277562,82,13,0,0
sem_erro,xgboost,queda,60,5,5,939,939,318,621,0,939,0,31,31,0.8232161874334398,0.8232161874334398,0.0,0.0,0.0,0.8232161874325632,773,166,0,0
sem_erro,xgboost,queda,60,10,10,470,470,159,311,0,470,0,18,18,0.8361702127659575,0.8361702127659575,0.0,0.0,0.0,0.8361702127641784,393,77,0,0
sem_erro,xgboost,queda,60,15,15,313,313,106,207,0,313,0,11,11,0.8785942492012779,0.8785942492012779,0.0,0.0,0.0,0.878594249198471,275,38,0,0
sem_erro,xgboost,queda,60,20,20,235,235,82,153,0,235,0,18,18,0.8297872340425532,0.8297872340425532,0.0,0.0,0.0,0.8297872340390222,195,40,0,0
sem_erro,xgboost,queda,60,25,25,188,188,64,124,0,188,0,8,8,0.8457446808510638,0.8457446808510638,0.0,0.0,0.0,0.8457446808465653,159,29,0,0
sem_erro,xgboost,queda,60,30,30,157,157,53,104,0,157,0,10,10,0.8789808917197452,0.8789808917197452,0.0,0.0,0.0,0.8789808917141467,138,19,0,0
sem_erro,xgboost,queda,60,35,35,135,135,46,89,0,135,0,10,10,0.8222222222222222,0.8222222222222222,0.0,0.0,0.0,0.8222222222161317,111,24,0,0
sem_erro,xgboost,queda,60,40,40,118,118,40,78,0,118,0,10,10,0.8728813559322034,0.8728813559322034,0.0,0.0,0.0,0.8728813559248061,103,15,0,0
sem_erro,xgboost,queda,60,45,45,105,105,37,68,0,105,0,11,11,0.8285714285714286,0.8285714285714286,0.0,0.0,0.0,0.8285714285635374,87,18,0,0
sem_erro,xgboost,queda,60,50,50,94,94,31,63,0,94,0,7,7,0.851063829787234,0.851063829787234,0.0,0.0,0.0,0.8510638297781802,80,14,0,0
sem_erro,xgboost,queda,60,55,55,86,86,32,54,0,86,0,11,11,0.7441860465116279,0.7441860465116279,0.0,0.0,0.0,0.7441860465029746,64,22,0,0
sem_erro,xgboost,queda,60,60,60,79,79,27,52,0,79,0,7,7,0.8860759493670886,0.8860759493670886,0.0,0.0,0.0,0.8860759493558724,70,9,0,0
sem_erro,xgboost,queda,70,5,5,937,937,344,593,0,937,0,27,27,0.7993596584845251,0.7993596584845251,0.0,0.0,0.0,0.799359658483672,749,188,0,0
sem_erro,xgboost,queda,70,10,10,469,469,172,297,0,469,0,14,14,0.8102345415778252,0.8102345415778252,0.0,0.0,0.0,0.8102345415760976,380,89,0,0
sem_erro,xgboost,queda,70,15,15,313,313,113,200,0,313,0,8,8,0.8370607028753994,0.8370607028753994,0.0,0.0,0.0,0.837060702872725,262,51,0,0
sem_erro,xgboost,queda,70,20,20,235,235,84,151,0,235,0,11,11,0.8468085106382979,0.8468085106382979,0.0,0.0,0.0,0.8468085106346944,199,36,0,0
sem_erro,xgboost,queda,70,25,25,188,188,69,119,0,188,0,12,12,0.8085106382978723,0.8085106382978723,0.0,0.0,0.0,0.8085106382935718,152,36,0,0
sem_erro,xgboost,queda,70,30,30,157,157,57,100,0,157,0,9,9,0.8343949044585988,0.8343949044585988,0.0,0.0,0.0,0.8343949044532841,131,26,0,0
sem_erro,xgboost,queda,70,35,35,134,134,47,87,0,134,0,8,8,0.835820895522388,0.835820895522388,0.0,0.0,0.0,0.8358208955161507,112,22,0,0
sem_erro,xgboost,queda,70,40,40,118,118,41,77,0,118,0,8,8,0.8728813559322034,0.8728813559322034,0.0,0.0,0.0,0.8728813559248061,103,15,0,0
sem_erro,xgboost,queda,70,45,45,105,105,41,64,0,105,0,11,11,0.780952380952381,0.780952380952381,0.0,0.0,0.0,0.7809523809449432,82,23,0,0
sem_erro,xgboost,queda,70,50,50,94,94,34,60,0,94,0,10,10,0.8404255319148937,0.8404255319148937,0.0,0.0,0.0,0.8404255319059529,79,15,0,0
sem_erro,xgboost,queda,70,55,55,86,86,33,53,0,86,0,8,8,0.8023255813953488,0.8023255813953488,0.0,0.0,0.0,0.8023255813860194,69,17,0,0
sem_erro,xgboost,queda,70,60,60,79,79,29,50,0,79,0,8,8,0.8354430379746836,0.8354430379746836,0.0,0.0,0.0,0.8354430379641082,66,13,0,0
sem_erro,xgboost,queda,70,65,65,73,73,26,47,0,73,0,8,8,0.7945205479452054,0.7945205479452054,0.0,0.0,0.0,0.7945205479343216,58,15,0,0
sem_erro,xgboost,queda,70,70,70,67,67,23,44,0,67,0,7,7,0.8507462686567164,0.8507462686567164,0.0,0.0,0.0,0.8507462686440187,57,10,0,0
sem_erro,xgboost,queda,80,5,5,935,935,368,567,0,935,0,29,29,0.758288770053476,0.758288770053476,0.0,0.0,0.0,0.7582887700526649,709,226,0,0
sem_erro,xgboost,queda,80,10,10,468,468,184,284,0,468,0,18,18,0.7692307692307693,0.7692307692307693,0.0,0.0,0.0,0.7692307692291256,360,108,0,0
sem_erro,xgboost,queda,80,15,15,312,312,123,189,0,312,0,18,18,0.7435897435897436,0.7435897435897436,0.0,0.0,0.0,0.7435897435873603,232,80,0,0
sem_erro,xgboost,queda,80,20,20,234,234,94,140,0,234,0,13,13,0.7863247863247863,0.7863247863247863,0.0,0.0,0.0,0.786324786321426,184,50,0,0
sem_erro,xgboost,queda,80,25,25,187,187,74,113,0,187,0,10,10,0.7967914438502673,0.7967914438502673,0.0,0.0,0.0,0.7967914438460065,149,38,0,0
sem_erro,xgboost,queda,80,30,30,156,156,62,94,0,156,0,7,7,0.8076923076923077,0.8076923076923077,0.0,0.0,0.0,0.8076923076871302,126,30,0,0
sem_erro,xgboost,queda,80,35,35,134,134,52,82,0,134,0,8,8,0.8059701492537313,0.8059701492537313,0.0,0.0,0.0,0.8059701492477167,108,26,0,0
sem_erro,xgboost,queda,80,40,40,117,117,47,70,0,117,0,9,9,0.7863247863247863,0.7863247863247863,0.0,0.0,0.0,0.7863247863180656,92,25,0,0
sem_erro,xgboost,queda,80,45,45,104,104,41,63,0,104,0,10,10,0.7403846153846154,0.7403846153846154,0.0,0.0,0.0,0.7403846153774962,77,27,0,0
sem_erro,xgboost,queda,80,50,50,94,94,36,58,0,94,0,8,8,0.851063829787234,0.851063829787234,0.0,0.0,0.0,0.8510638297781802,80,14,0,0
sem_erro,xgboost,queda,80,55,55,85,85,34,51,0,85,0,8,8,0.8,0.8,0.0,0.0,0.0,0.7999999999905882,68,17,0,0
sem_erro,xgboost,queda,80,60,60,78,78,34,44,0,78,0,8,8,0.7948717948717948,0.7948717948717948,0.0,0.0,0.0,0.7948717948616042,62,16,0,0
sem_erro,xgboost,queda,80,65,65,72,72,28,44,0,72,0,14,14,0.6944444444444444,0.6944444444444444,0.0,0.0,0.0,0.6944444444347994,50,22,0,0
sem_erro,xgboost,queda,80,70,70,67,67,25,42,0,67,0,10,10,0.746268656716418,0.746268656716418,0.0,0.0,0.0,0.7462686567052795,50,17,0,0
sem_erro,xgboost,queda,80,75,75,63,63,23,40,0,63,0,6,6,0.8412698412698413,0.8412698412698413,0.0,0.0,0.0,0.8412698412564878,53,10,0,0
sem_erro,xgboost,queda,80,80,80,59,59,25,34,0,59,0,8,8,0.6779661016949152,0.6779661016949152,0.0,0.0,0.0,0.6779661016834243,40,19,0,0
sem_erro,xgboost,queda,90,5,5,933,933,389,544,0,933,0,28,28,0.759914255091104,0.759914255091104,0.0,0.0,0.0,0.7599142550902895,709,224,0,0
sem_erro,xgboost,queda,90,10,10,467,467,194,273,0,467,0,15,15,0.7837259100642399,0.7837259100642399,0.0,0.0,0.0,0.7837259100625616,366,101,0,0
sem_erro,xgboost,queda,90,15,15,311,311,130,181,0,311,0,11,11,0.7942122186495176,0.7942122186495176,0.0,0.0,0.0,0.794212218646964,247,64,0,0
sem_erro,xgboost,queda,90,20,20,234,234,96,138,0,234,0,10,10,0.7905982905982906,0.7905982905982906,0.0,0.0,0.0,0.790598290594912,185,49,0,0
sem_erro,xgboost,queda,90,25,25,187,187,78,109,0,187,0,9,9,0.7914438502673797,0.7914438502673797,0.0,0.0,0.0,0.7914438502631475,148,39,0,0
sem_erro,xgboost,queda,90,30,30,156,156,65,91,0,156,0,9,9,0.7756410256410257,0.7756410256410257,0.0,0.0,0.0,0.7756410256360536,121,35,0,0
sem_erro,xgboost,queda,90,35,35,134,134,55,79,0,134,0,7,7,0.8134328358208955,0.8134328358208955,0.0,0.0,0.0,0.8134328358148252,109,25,0,0
sem_erro,xgboost,queda,90,40,40,117,117,48,69,0,117,0,7,7,0.8290598290598291,0.8290598290598291,0.0,0.0,0.0,0.829059829052743,97,20,0,0
sem_erro,xgboost,queda,90,45,45,104,104,43,61,0,104,0,8,8,0.7403846153846154,0.7403846153846154,0.0,0.0,0.0,0.7403846153774962,77,27,0,0
sem_erro,xgboost,queda,90,50,50,94,94,38,56,0,94,0,9,9,0.7872340425531915,0.7872340425531915,0.0,0.0,0.0,0.7872340425448167,74,20,0,0
sem_erro,xgboost,queda,90,55,55,85,85,36,49,0,85,0,6,6,0.8117647058823529,0.8117647058823529,0.0,0.0,0.0,0.8117647058728027,69,16,0,0
sem_erro,xgboost,queda,90,60,60,78,78,34,44,0,78,0,6,6,0.7948717948717948,0.7948717948717948,0.0,0.0,0.0,0.7948717948616042,62,16,0,0
sem_erro,xgboost,queda,90,65,65,72,72,28,44,0,72,0,8,8,0.8194444444444444,0.8194444444444444,0.0,0.0,0.0,0.8194444444330632,59,13,0,0
sem_erro,xgboost,queda,90,70,70,67,67,27,40,0,67,0,6,6,0.835820895522388,0.835820895522388,0.0,0.0,0.0,0.8358208955099131,56,11,0,0
sem_erro,xgboost,queda,90,75,75,63,63,26,37,0,63,0,11,11,0.7777777777777778,0.7777777777777778,0.0,0.0,0.0,0.7777777777654321,49,14,0,0
sem_erro,xgboost,queda,90,80,80,59,59,26,33,0,59,0,7,7,0.8135593220338984,0.8135593220338984,0.0,0.0,0.0,0.8135593220201092,48,11,0,0
sem_erro,xgboost,queda,90,85,85,55,55,25,30,0,55,0,8,8,0.8,0.8,0.0,0.0,0.0,0.7999999999854546,44,11,0,0
sem_erro,xgboost,queda,90,90,90,52,52,21,31,0,52,0,4,4,0.8269230769230769,0.8269230769230769,0.0,0.0,0.0,0.8269230769071746,43,9,0,0
sem_erro,xgboost,queda,100,5,5,931,931,409,522,0,931,0,24,24,0.7121374865735768,0.7121374865735768,0.0,0.0,0.0,0.7121374865728118,663,268,0,0
sem_erro,xgboost,queda,100,10,10,466,466,204,262,0,466,0,11,11,0.7317596566523605,0.7317596566523605,0.0,0.0,0.0,0.7317596566507902,341,125,0,0
sem_erro,xgboost,queda,100,15,15,311,311,135,176,0,311,0,13,13,0.7556270096463023,0.7556270096463023,0.0,0.0,0.0,0.7556270096438726,235,76,0,0
sem_erro,xgboost,queda,100,20,20,233,233,104,129,0,233,0,12,12,0.7167381974248928,0.7167381974248928,0.0,0.0,0.0,0.7167381974218167,167,66,0,0
sem_erro,xgboost,queda,100,25,25,187,187,84,103,0,187,0,9,9,0.7486631016042781,0.7486631016042781,0.0,0.0,0.0,0.7486631016002746,140,47,0,0
sem_erro,xgboost,queda,100,30,30,156,156,68,88,0,156,0,7,7,0.7756410256410257,0.7756410256410257,0.0,0.0,0.0,0.7756410256360536,121,35,0,0
sem_erro,xgboost,queda,100,35,35,133,133,58,75,0,133,0,9,9,0.7368421052631579,0.7368421052631579,0.0,0.0,0.0,0.7368421052576178,98,35,0,0
sem_erro,xgboost,queda,100,40,40,117,117,51,66,0,117,0,6,6,0.7863247863247863,0.7863247863247863,0.0,0.0,0.0,0.7863247863180656,92,25,0,0
sem_erro,xgboost,queda,100,45,45,104,104,45,59,0,104,0,10,10,0.7403846153846154,0.7403846153846154,0.0,0.0,0.0,0.7403846153774962,77,27,0,0
sem_erro,xgboost,queda,100,50,50,94,94,41,53,0,94,0,7,7,0.776595744680851,0.776595744680851,0.0,0.0,0.0,0.7765957446725894,73,21,0,0
sem_erro,xgboost,queda,100,55,55,85,85,38,47,0,85,0,4,4,0.7647058823529411,0.7647058823529411,0.0,0.0,0.0,0.7647058823439447,65,20,0,0
sem_erro,xgboost,queda,100,60,60,78,78,35,43,0,78,0,6,6,0.7948717948717948,0.7948717948717948,0.0,0.0,0.0,0.7948717948616042,62,16,0,0
sem_erro,xgboost,queda,100,65,65,72,72,30,42,0,72,0,6,6,0.7222222222222222,0.7222222222222222,0.0,0.0,0.0,0.7222222222121913,52,20,0,0
sem_erro,xgboost,queda,100,70,70,67,67,30,37,0,67,0,9,9,0.7313432835820896,0.7313432835820896,0.0,0.0,0.0,0.731343283571174,49,18,0,0
sem_erro,xgboost,queda,100,75,75,63,63,29,34,0,63,0,5,5,0.7619047619047619,0.7619047619047619,0.0,0.0,0.0,0.7619047618926682,48,15,0,0
sem_erro,xgboost,queda,100,80,80,59,59,27,32,0,59,0,8,8,0.7796610169491526,0.7796610169491526,0.0,0.0,0.0,0.779661016935938,46,13,0,0
sem_erro,xgboost,queda,100,85,85,55,55,25,30,0,55,0,5,5,0.8545454545454545,0.8545454545454545,0.0,0.0,0.0,0.8545454545299174,47,8,0,0
sem_erro,xgboost,queda,100,90,90,52,52,22,30,0,52,0,6,6,0.7692307692307693,0.7692307692307693,0.0,0.0,0.0,0.7692307692159763,40,12,0,0
sem_erro,xgboost,queda,100,95,95,49,49,23,26,0,49,0,6,6,0.7755102040816326,0.7755102040816326,0.0,0.0,0.0,0.775510204065806,38,11,0,0
sem_erro,xgboost,queda,100,100,100,47,47,20,27,0,47,0,5,5,0.46808510638297873,0.46808510638297873,0.0,0.0,0.0,0.4680851063730195,22,25,0,0
