teste,modelo,falha,janela,passo_cfg,passo_real,amostras_treino,amostras_teste,positivos_treino,negativos_treino,positivos_teste,negativos_teste,eventos_reais_teste,eventos_detectados,diferenca_eventos,accuracy,balanced_accuracy,precision_pos,recall_pos,f1_pos,specificity,tn,fp,fn,tp
sem_erro,catboost,lacuna,20,5,5,947,947,268,679,0,947,0,0,0,1.0,1.0,0.0,0.0,0.0,0.9999999999989441,947,0,0,0
sem_erro,catboost,lacuna,20,10,10,474,474,134,340,0,474,0,0,0,1.0,1.0,0.0,0.0,0.0,0.9999999999978904,474,0,0,0
sem_erro,catboost,lacuna,20,15,15,316,316,90,226,0,316,0,0,0,1.0,1.0,0.0,0.0,0.0,0.9999999999968355,316,0,0,0
sem_erro,catboost,lacuna,20,20,20,237,237,65,172,0,237,0,0,0,1.0,1.0,0.0,0.0,0.0,0.9999999999957806,237,0,0,0
sem_erro,catboost,lacuna,30,5,5,945,945,306,639,0,945,0,0,0,1.0,1.0,0.0,0.0,0.0,0.9999999999989418,945,0,0,0
sem_erro,catboost,lacuna,30,10,10,473,473,153,320,0,473,0,0,0,1.0,1.0,0.0,0.0,0.0,0.9999999999978858,473,0,0,0
sem_erro,catboost,lacuna,30,15,15,315,315,100,215,0,315,0,0,0,1.0,1.0,0.0,0.0,0.0,0.9999999999968254,315,0,0,0
sem_erro,catboost,lacuna,30,20,20,237,237,78,159,0,237,0,0,0,1.0,1.0,0.0,0.0,0.0,0.9999999999957806,237,0,0,0
sem_erro,catboost,lacuna,30,25,25,189,189,61,128,0,189,0,0,0,1.0,1.0,0.0,0.0,0.0,0.999999999994709,189,0,0,0
sem_erro,catboost,lacuna,30,30,30,158,158,49,109,0,158,0,0,0,1.0,1.0,0.0,0.0,0.0,0.999999999993671,158,0,0,0
sem_erro,catboost,lacuna,40,5,5,943,943,341,602,0,943,0,0,0,1.0,1.0,0.0,0.0,0.0,0.9999999999989395,943,0,0,0
sem_erro,catboost,lacuna,40,10,10,472,472,170,302,0,472,0,0,0,1.0,1.0,0.0,0.0,0.0,0.9999999999978814,472,0,0,0
sem_erro,catboost,lacuna,40,15,15,315,315,114,201,0,315,0,0,0,1.0,1.0,0.0,0.0,0.0,0.9999999999968254,315,0,0,0
sem_erro,catboost,lacuna,40,20,20,236,236,83,153,0,236,0,0,0,1.0,1.0,0.0,0.0,0.0,0.9999999999957627,236,0,0,0
sem_erro,catboost,lacuna,40,25,25,189,189,68,121,0,189,0,0,0,1.0,1.0,0.0,0.0,0.0,0.999999999994709,189,0,0,0
sem_erro,catboost,lacuna,40,30,30,158,158,57,101,0,158,0,0,0,1.0,1.0,0.0,0.0,0.0,0.999999999993671,158,0,0,0
sem_erro,catboost,lacuna,40,35,35,135,135,50,85,0,135,0,0,0,1.0,1.0,0.0,0.0,0.0,0.9999999999925927,135,0,0,0
sem_erro,catboost,lacuna,40,40,40,118,118,42,76,0,118,0,0,0,1.0,1.0,0.0,0.0,0.0,0.9999999999915254,118,0,0,0
sem_erro,catboost,lacuna,50,5,5,941,941,373,568,0,941,0,0,0,1.0,1.0,0.0,0.0,0.0,0.9999999999989373,941,0,0,0
sem_erro,catboost,lacuna,50,10,10,471,471,186,285,0,471,0,0,0,1.0,1.0,0.0,0.0,0.0,0.9999999999978769,471,0,0,0
sem_erro,catboost,lacuna,50,15,15,314,314,126,188,0,314,0,0,0,1.0,1.0,0.0,0.0,0.0,0.9999999999968153,314,0,0,0
sem_erro,catboost,lacuna,50,20,20,236,236,95,141,0,236,0,0,0,1.0,1.0,0.0,0.0,0.0,0.9999999999957627,236,0,0,0
sem_erro,catboost,lacuna,50,25,25,189,189,77,112,0,189,0,0,0,1.0,1.0,0.0,0.0,0.0,0.999999999994709,189,0,0,0
sem_erro,catboost,lacuna,50,30,30,157,157,63,94,0,157,0,0,0,1.0,1.0,0.0,0.0,0.0,0.9999999999936307,157,0,0,0
sem_erro,catboost,lacuna,50,35,35,135,135,55,80,0,135,0,0,0,1.0,1.0,0.0,0.0,0.0,0.9999999999925927,135,0,0,0
sem_erro,catboost,lacuna,50,40,40,118,118,46,72,0,118,0,0,0,1.0,1.0,0.0,0.0,0.0,0.9999999999915254,118,0,0,0
sem_erro,catboost,lacuna,50,45,45,105,105,41,64,0,105,0,0,0,1.0,1.0,0.0,0.0,0.0,0.9999999999904762,105,0,0,0
sem_erro,catboost,lacuna,50,50,50,95,95,39,56,0,95,0,0,0,1.0,1.0,0.0,0.0,0.0,0.9999999999894736,95,0,0,0
sem_erro,catboost,lacuna,60,5,5,939,939,402,537,0,939,0,0,0,1.0,1.0,0.0,0.0,0.0,0.9999999999989351,939,0,0,0
sem_erro,catboost,lacuna,60,10,10,470,470,201,269,0,470,0,0,0,1.0,1.0,0.0,0.0,0.0,0.9999999999978724,470,0,0,0
sem_erro,catboost,lacuna,60,15,15,313,313,133,180,0,313,0,0,0,1.0,1.0,0.0,0.0,0.0,0.9999999999968051,313,0,0,0
sem_erro,catboost,lacuna,60,20,20,235,235,99,136,0,235,0,0,0,1.0,1.0,0.0,0.0,0.0,0.9999999999957447,235,0,0,0
sem_erro,catboost,lacuna,60,25,25,188,188,81,107,0,188,0,0,0,1.0,1.0,0.0,0.0,0.0,0.9999999999946809,188,0,0,0
sem_erro,catboost,lacuna,60,30,30,157,157,65,92,0,157,0,0,0,1.0,1.0,0.0,0.0,0.0,0.9999999999936307,157,0,0,0
sem_erro,catboost,lacuna,60,35,35,135,135,59,76,0,135,0,0,0,1.0,1.0,0.0,0.0,0.0,0.9999999999925927,135,0,0,0
sem_erro,catboost,lacuna,60,40,40,118,118,49,69,0,118,0,0,0,1.0,1.0,0.0,0.0,0.0,0.9999999999915254,118,0,0,0
sem_erro,catboost,lacuna,60,45,45,105,105,44,61,0,105,0,0,0,1.0,1.0,0.0,0.0,0.0,0.9999999999904762,105,0,0,0
sem_erro,catboost,lacuna,60,50,50,94,94,40,54,0,94,0,0,0,1.0,1.0,0.0,0.0,0.0,0.9999999999893616,94,0,0,0
sem_erro,catboost,lacuna,60,55,55,86,86,37,49,0,86,0,0,0,1.0,1.0,0.0,0.0,0.0,0.9999999999883721,86,0,0,0
sem_erro,catboost,lacuna,60,60,60,79,79,32,47,0,79,0,0,0,1.0,1.0,0.0,0.0,0.0,0.9999999999873417,79,0,0,0
sem_erro,catboost,lacuna,70,5,5,937,937,428,509,0,937,0,0,0,1.0,1.0,0.0,0.0,0.0,0.9999999999989327,937,0,0,0
sem_erro,catboost,lacuna,70,10,10,469,469,214,255,0,469,0,0,0,1.0,1.0,0.0,0.0,0.0,0.9999999999978678,469,0,0,0
sem_erro,catboost,lacuna,70,15,15,313,313,143,170,0,313,0,0,0,1.0,1.0,0.0,0.0,0.0,0.9999999999968051,313,0,0,0
sem_erro,catboost,lacuna,70,20,20,235,235,108,127,0,235,0,0,0,1.0,1.0,0.0,0.0,0.0,0.9999999999957447,235,0,0,0
sem_erro,catboost,lacuna,70,25,25,188,188,89,99,0,188,0,0,0,1.0,1.0,0.0,0.0,0.0,0.9999999999946809,188,0,0,0
sem_erro,catboost,lacuna,70,30,30,157,157,71,86,0,157,0,0,0,1.0,1.0,0.0,0.0,0.0,0.9999999999936307,157,0,0,0
sem_erro,catboost,lacuna,70,35,35,134,134,62,72,0,134,0,0,0,1.0,1.0,0.0,0.0,0.0,0.9999999999925374,134,0,0,0
sem_erro,catboost,lacuna,70,40,40,118,118,55,63,0,118,0,0,0,1.0,1.0,0.0,0.0,0.0,0.9999999999915254,118,0,0,0
sem_erro,catboost,lacuna,70,45,45,105,105,50,55,0,105,0,0,0,1.0,1.0,0.0,0.0,0.0,0.9999999999904762,105,0,0,0
sem_erro,catboost,lacuna,70,50,50,94,94,44,50,0,94,0,0,0,1.0,1.0,0.0,0.0,0.0,0.9999999999893616,94,0,0,0
sem_erro,catboost,lacuna,70,55,55,86,86,41,45,0,86,0,0,0,1.0,1.0,0.0,0.0,0.0,0.9999999999883721,86,0,0,0
sem_erro,catboost,lacuna,70,60,60,79,79,36,43,0,79,0,0,0,1.0,1.0,0.0,0.0,0.0,0.9999999999873417,79,0,0,0
sem_erro,catboost,lacuna,70,65,65,73,73,34,39,0,73,0,0,0,1.0,1.0,0.0,0.0,0.0,0.9999999999863013,73,0,0,0
sem_erro,catboost,lacuna,70,70,70,67,67,32,35,0,67,0,0,0,1.0,1.0,0.0,0.0,0.0,0.9999999999850746,67,0,0,0
sem_erro,catboost,lacuna,80,5,5,935,935,452,483,0,935,0,0,0,1.0,1.0,0.0,0.0,0.0,0.9999999999989305,935,0,0,0
sem_erro,catboost,lacuna,80,10,10,468,468,226,242,0,468,0,0,0,1.0,1.0,0.0,0.0,0.0,0.9999999999978633,468,0,0,0
sem_erro,catboost,lacuna,80,15,15,312,312,153,159,0,312,0,0,0,1.0,1.0,0.0,0.0,0.0,0.9999999999967949,312,0,0,0
sem_erro,catboost,lacuna,80,20,20,234,234,112,122,0,234,0,0,0,1.0,1.0,0.0,0.0,0.0,0.9999999999957265,234,0,0,0
sem_erro,catboost,lacuna,80,25,25,187,187,91,96,0,187,0,0,0,1.0,1.0,0.0,0.0,0.0,0.9999999999946525,187,0,0,0
sem_erro,catboost,lacuna,80,30,30,156,156,76,80,0,156,0,0,0,1.0,1.0,0.0,0.0,0.0,0.9999999999935898,156,0,0,0
sem_erro,catboost,lacuna,80,35,35,134,134,67,67,0,134,0,0,0,1.0,1.0,0.0,0.0,0.0,0.9999999999925374,134,0,0,0
sem_erro,catboost,lacuna,80,40,40,117,117,56,61,0,117,0,0,0,1.0,1.0,0.0,0.0,0.0,0.999999999991453,117,0,0,0
sem_erro,catboost,lacuna,80,45,45,104,104,51,53,0,104,0,0,0,1.0,1.0,0.0,0.0,0.0,0.9999999999903846,104,0,0,0
sem_erro,catboost,lacuna,80,50,50,94,94,46,48,0,94,0,0,0,1.0,1.0,0.0,0.0,0.0,0.9999999999893616,94,0,0,0
sem_erro,catboost,lacuna,80,55,55,85,85,42,43,0,85,0,0,0,1.0,1.0,0.0,0.0,0.0,0.9999999999882353,85,0,0,0
sem_erro,catboost,lacuna,80,60,60,78,78,38,40,0,78,0,0,0,1.0,1.0,0.0,0.0,0.0,0.9999999999871795,78,0,0,0
sem_erro,catboost,lacuna,80,65,65,72,72,34,38,0,72,0,0,0,1.0,1.0,0.0,0.0,0.0,0.9999999999861111,72,0,0,0
sem_erro,catboost,lacuna,80,70,70,67,67,34,33,0,67,0,0,0,1.0,1.0,0.0,0.0,0.0,0.9999999999850746,67,0,0,0
sem_erro,catboost,lacuna,80,75,75,63,63,30,33,0,63,0,0,0,1.0,1.0,0.0,0.0,0.0,0.999999999984127,63,0,0,0
sem_erro,catboost,lacuna,80,80,80,59,59,28,31,0,59,0,0,0,1.0,1.0,0.0,0.0,0.0,0.9999999999830509,59,0,0,0
sem_erro,catboost,lacuna,90,5,5,933,933,475,458,0,933,0,0,0,1.0,1.0,0.0,0.0,0.0,0.9999999999989282,933,0,0,0
sem_erro,catboost,lacuna,90,10,10,467,467,238,229,0,467,0,0,0,1.0,1.0,0.0,0.0,0.0,0.9999999999978587,467,0,0,0
sem_erro,catboost,lacuna,90,15,15,311,311,157,154,0,311,0,0,0,1.0,1.0,0.0,0.0,0.0,0.9999999999967846,311,0,0,0
sem_erro,catboost,lacuna,90,20,20,234,234,120,114,0,234,0,0,0,1.0,1.0,0.0,0.0,0.0,0.9999999999957265,234,0,0,0
sem_erro,catboost,lacuna,90,25,25,187,187,96,91,0,187,0,0,0,1.0,1.0,0.0,0.0,0.0,0.9999999999946525,187,0,0,0
sem_erro,catboost,lacuna,90,30,30,156,156,78,78,0,156,0,0,0,1.0,1.0,0.0,0.0,0.0,0.9999999999935898,156,0,0,0
sem_erro,catboost,lacuna,90,35,35,134,134,71,63,0,134,0,0,0,1.0,1.0,0.0,0.0,0.0,0.9999999999925374,134,0,0,0
sem_erro,catboost,lacuna,90,40,40,117,117,59,58,0,117,0,0,0,1.0,1.0,0.0,0.0,0.0,0.999999999991453,117,0,0,0
sem_erro,catboost,lacuna,90,45,45,104,104,53,51,0,104,0,0,0,1.0,1.0,0.0,0.0,0.0,0.9999999999903846,104,0,0,0
sem_erro,catboost,lacuna,90,50,50,94,94,49,45,0,94,0,0,0,1.0,1.0,0.0,0.0,0.0,0.9999999999893616,94,0,0,0
sem_erro,catboost,lacuna,90,55,55,85,85,45,40,0,85,0,0,0,1.0,1.0,0.0,0.0,0.0,0.9999999999882353,85,0,0,0
sem_erro,catboost,lacuna,90,60,60,78,78,40,38,0,78,0,0,0,1.0,1.0,0.0,0.0,0.0,0.9999999999871795,78,0,0,0
sem_erro,catboost,lacuna,90,65,65,72,72,36,36,0,72,0,0,0,1.0,1.0,0.0,0.0,0.0,0.9999999999861111,72,0,0,0
sem_erro,catboost,lacuna,90,70,70,67,67,37,30,0,67,0,0,0,1.0,1.0,0.0,0.0,0.0,0.9999999999850746,67,0,0,0
sem_erro,catboost,lacuna,90,75,75,63,63,32,31,0,63,0,0,0,1.0,1.0,0.0,0.0,0.0,0.999999999984127,63,0,0,0
sem_erro,catboost,lacuna,90,80,80,59,59,29,30,0,59,0,0,0,1.0,1.0,0.0,0.0,0.0,0.9999999999830509,59,0,0,0
sem_erro,catboost,lacuna,90,85,85,55,55,28,27,0,55,0,0,0,1.0,1.0,0.0,0.0,0.0,0.9999999999818182,55,0,0,0
sem_erro,catboost,lacuna,90,90,90,52,52,25,27,0,52,0,0,0,1.0,1.0,0.0,0.0,0.0,0.9999999999807693,52,0,0,0
sem_erro,catboost,lacuna,100,5,5,931,931,493,438,0,931,0,0,0,1.0,1.0,0.0,0.0,0.0,0.9999999999989259,931,0,0,0
sem_erro,catboost,lacuna,100,10,10,466,466,247,219,0,466,0,0,0,1.0,1.0,0.0,0.0,0.0,0.999999999997854,466,0,0,0
sem_erro,catboost,lacuna,100,15,15,311,311,164,147,0,311,0,0,0,1.0,1.0,0.0,0.0,0.0,0.9999999999967846,311,0,0,0
sem_erro,catboost,lacuna,100,20,20,233,233,123,110,0,233,0,0,0,1.0,1.0,0.0,0.0,0.0,0.9999999999957082,233,0,0,0
sem_erro,catboost,lacuna,100,25,25,187,187,99,88,0,187,0,0,0,1.0,1.0,0.0,0.0,0.0,0.9999999999946525,187,0,0,0
sem_erro,catboost,lacuna,100,30,30,156,156,81,75,0,156,0,0,0,1.0,1.0,0.0,0.0,0.0,0.9999999999935898,156,0,0,0
sem_erro,catboost,lacuna,100,35,35,133,133,72,61,0,133,0,0,0,1.0,1.0,0.0,0.0,0.0,0.9999999999924812,133,0,0,0
sem_erro,catboost,lacuna,100,40,40,117,117,61,56,0,117,0,0,0,1.0,1.0,0.0,0.0,0.0,0.999999999991453,117,0,0,0
sem_erro,catboost,lacuna,100,45,45,104,104,56,48,0,104,0,0,0,1.0,1.0,0.0,0.0,0.0,0.9999999999903846,104,0,0,0
sem_erro,catboost,lacuna,100,50,50,94,94,51,43,0,94,0,0,0,1.0,1.0,0.0,0.0,0.0,0.9999999999893616,94,0,0,0
sem_erro,catboost,lacuna,100,55,55,85,85,46,39,0,85,0,0,0,1.0,1.0,0.0,0.0,0.0,0.9999999999882353,85,0,0,0
sem_erro,catboost,lacuna,100,60,60,78,78,42,36,0,78,0,0,0,1.0,1.0,0.0,0.0,0.0,0.9999999999871795,78,0,0,0
sem_erro,catboost,lacuna,100,65,65,72,72,37,35,0,72,0,0,0,1.0,1.0,0.0,0.0,0.0,0.9999999999861111,72,0,0,0
sem_erro,catboost,lacuna,100,70,70,67,67,37,30,0,67,0,0,0,1.0,1.0,0.0,0.0,0.0,0.9999999999850746,67,0,0,0
sem_erro,catboost,lacuna,100,75,75,63,63,35,28,0,63,0,0,0,1.0,1.0,0.0,0.0,0.0,0.999999999984127,63,0,0,0
sem_erro,catboost,lacuna,100,80,80,59,59,31,28,0,59,0,0,0,1.0,1.0,0.0,0.0,0.0,0.9999999999830509,59,0,0,0
sem_erro,catboost,lacuna,100,85,85,55,55,30,25,0,55,0,0,0,1.0,1.0,0.0,0.0,0.0,0.9999999999818182,55,0,0,0
sem_erro,catboost,lacuna,100,90,90,52,52,26,26,0,52,0,0,0,1.0,1.0,0.0,0.0,0.0,0.9999999999807693,52,0,0,0
sem_erro,catboost,lacuna,100,95,95,49,49,25,24,0,49,0,0,0,1.0,1.0,0.0,0.0,0.0,0.9999999999795919,49,0,0,0
sem_erro,catboost,lacuna,100,100,100,47,47,28,19,0,47,0,0,0,1.0,1.0,0.0,0.0,0.0,0.9999999999787235,47,0,0,0
sem_erro,catboost,oscilacao,20,5,5,947,947,376,571,0,947,0,37,37,0.9081309398099261,0.9081309398099261,0.0,0.0,0.0,0.9081309398089671,860,87,0,0
sem_erro,catboost,oscilacao,20,10,10,474,474,188,286,0,474,0,30,30,0.8966244725738397,0.8966244725738397,0.0,0.0,0.0,0.8966244725719481,425,49,0,0
sem_erro,catboost,oscilacao,20,15,15,316,316,127,189,0,316,0,19,19,0.9082278481012658,0.9082278481012658,0.0,0.0,0.0,0.9082278480983917,287,29,0,0
sem_erro,catboost,oscilacao,20,20,20,237,237,93,144,0,237,0,21,21,0.8818565400843882,0.8818565400843882,0.0,0.0,0.0,0.8818565400806673,209,28,0,0
sem_erro,catboost,oscilacao,30,5,5,945,945,411,534,0,945,0,41,41,0.8835978835978836,0.8835978835978836,0.0,0.0,0.0,0.8835978835969486,835,110,0,0
sem_erro,catboost,oscilacao,30,10,10,473,473,206,267,0,473,0,30,30,0.86892177589852,0.86892177589852,0.0,0.0,0.0,0.8689217758966831,411,62,0,0
sem_erro,catboost,oscilacao,30,15,15,315,315,136,179,0,315,0,19,19,0.9111111111111111,0.9111111111111111,0.0,0.0,0.0,0.9111111111082187,287,28,0,0
sem_erro,catboost,oscilacao,30,20,20,237,237,101,136,0,237,0,22,22,0.8776371308016878,0.8776371308016878,0.0,0.0,0.0,0.8776371307979847,208,29,0,0
sem_erro,catboost,oscilacao,30,25,25,189,189,84,105,0,189,0,21,21,0.8306878306878307,0.8306878306878307,0.0,0.0,0.0,0.8306878306834355,157,32,0,0
sem_erro,catboost,oscilacao,30,30,30,158,158,67,91,0,158,0,23,23,0.7974683544303798,0.7974683544303798,0.0,0.0,0.0,0.7974683544253325,126,32,0,0
sem_erro,catboost,oscilacao,40,5,5,943,943,443,500,0,943,0,44,44,0.8207847295864263,0.8207847295864263,0.0,0.0,0.0,0.8207847295855559,774,169,0,0
sem_erro,catboost,oscilacao,40,10,10,472,472,222,250,0,472,0,34,34,0.8326271186440678,0.8326271186440678,0.0,0.0,0.0,0.8326271186423038,393,79,0,0
sem_erro,catboost,oscilacao,40,15,15,315,315,147,168,0,315,0,34,34,0.8253968253968254,0.8253968253968254,0.0,0.0,0.0,0.8253968253942051,260,55,0,0
sem_erro,catboost,oscilacao,40,20,20,236,236,110,126,0,236,0,26,26,0.788135593220339,0.788135593220339,0.0,0.0,0.0,0.7881355932169994,186,50,0,0
sem_erro,catboost,oscilacao,40,25,25,189,189,91,98,0,189,0,25,25,0.798941798941799,0.798941798941799,0.0,0.0,0.0,0.7989417989375718,151,38,0,0
sem_erro,catboost,oscilacao,40,30,30,158,158,74,84,0,158,0,20,20,0.8037974683544303,0.8037974683544303,0.0,0.0,0.0,0.8037974683493431,127,31,0,0
sem_erro,catboost,oscilacao,40,35,35,135,135,64,71,0,135,0,20,20,0.8222222222222222,0.8222222222222222,0.0,0.0,0.0,0.8222222222161317,111,24,0,0
sem_erro,catboost,oscilacao,40,40,40,118,118,55,63,0,118,0,17,17,0.8220338983050848,0.8220338983050848,0.0,0.0,0.0,0.8220338982981183,97,21,0,0
sem_erro,catboost,oscilacao,50,5,5,941,941,474,467,0,941,0,54,54,0.7683315621679064,0.7683315621679064,0.0,0.0,0.0,0.76833156216709,723,218,0,0
sem_erro,catboost,oscilacao,50,10,10,471,471,237,234,0,471,0,36,36,0.7664543524416136,0.7664543524416136,0.0,0.0,0.0,0.7664543524399863,361,110,0,0
sem_erro,catboost,oscilacao,50,15,15,314,314,160,154,0,314,0,31,31,0.7707006369426752,0.7707006369426752,0.0,0.0,0.0,0.7707006369402207,242,72,0,0
sem_erro,catboost,oscilacao,50,20,20,236,236,116,120,0,236,0,24,24,0.8135593220338984,0.8135593220338984,0.0,0.0,0.0,0.813559322030451,192,44,0,0
sem_erro,catboost,oscilacao,50,25,25,189,189,95,94,0,189,0,25,25,0.7407407407407407,0.7407407407407407,0.0,0.0,0.0,0.7407407407368215,140,49,0,0
sem_erro,catboost,oscilacao,50,30,30,157,157,80,77,0,157,0,19,19,0.7770700636942676,0.7770700636942676,0.0,0.0,0.0,0.7770700636893181,122,35,0,0
sem_erro,catboost,oscilacao,50,35,35,135,135,69,66,0,135,0,26,26,0.7703703703703704,0.7703703703703704,0.0,0.0,0.0,0.7703703703646639,104,31,0,0
sem_erro,catboost,oscilacao,50,40,40,118,118,56,62,0,118,0,22,22,0.7372881355932204,0.7372881355932204,0.0,0.0,0.0,0.7372881355869721,87,31,0,0
sem_erro,catboost,oscilacao,50,45,45,105,105,52,53,0,105,0,18,18,0.780952380952381,0.780952380952381,0.0,0.0,0.0,0.7809523809449432,82,23,0,0
sem_erro,catboost,oscilacao,50,50,50,95,95,47,48,0,95,0,18,18,0.6842105263157895,0.6842105263157895,0.0,0.0,0.0,0.6842105263085873,65,30,0,0
sem_erro,catboost,oscilacao,60,5,5,939,939,504,435,0,939,0,51,51,0.7156549520766773,0.7156549520766773,0.0,0.0,0.0,0.7156549520759152,672,267,0,0
sem_erro,catboost,oscilacao,60,10,10,470,470,252,218,0,470,0,38,38,0.7063829787234043,0.7063829787234043,0.0,0.0,0.0,0.7063829787219014,332,138,0,0
sem_erro,catboost,oscilacao,60,15,15,313,313,167,146,0,313,0,35,35,0.7028753993610224,0.7028753993610224,0.0,0.0,0.0,0.7028753993587767,220,93,0,0
sem_erro,catboost,oscilacao,60,20,20,235,235,125,110,0,235,0,30,30,0.6893617021276596,0.6893617021276596,0.0,0.0,0.0,0.6893617021247261,162,73,0,0
sem_erro,catboost,oscilacao,60,25,25,188,188,101,87,0,188,0,28,28,0.6861702127659575,0.6861702127659575,0.0,0.0,0.0,0.6861702127623076,129,59,0,0
sem_erro,catboost,oscilacao,60,30,30,157,157,83,74,0,157,0,26,26,0.7197452229299363,0.7197452229299363,0.0,0.0,0.0,0.719745222925352,113,44,0,0
sem_erro,catboost,oscilacao,60,35,35,135,135,72,63,0,135,0,27,27,0.674074074074074,0.674074074074074,0.0,0.0,0.0,0.6740740740690809,91,44,0,0
sem_erro,catboost,oscilacao,60,40,40,118,118,62,56,0,118,0,24,24,0.711864406779661,0.711864406779661,0.0,0.0,0.0,0.7118644067736283,84,34,0,0
sem_erro,catboost,oscilacao,60,45,45,105,105,56,49,0,105,0,26,26,0.6190476190476191,0.6190476190476191,0.0,0.0,0.0,0.6190476190417233,65,40,0,0
sem_erro,catboost,oscilacao,60,50,50,94,94,50,44,0,94,0,18,18,0.6702127659574468,0.6702127659574468,0.0,0.0,0.0,0.6702127659503169,63,31,0,0
sem_erro,catboost,oscilacao,60,55,55,86,86,45,41,0,86,0,21,21,0.6976744186046512,0.6976744186046512,0.0,0.0,0.0,0.6976744185965387,60,26,0,0
sem_erro,catboost,oscilacao,60,60,60,79,79,43,36,0,79,0,23,23,0.5822784810126582,0.5822784810126582,0.0,0.0,0.0,0.5822784810052876,46,33,0,0
sem_erro,catboost,oscilacao,70,5,5,937,937,530,407,0,937,0,49,49,0.6787620064034151,0.6787620064034151,0.0,0.0,0.0,0.6787620064026908,636,301,0,0
sem_erro,catboost,oscilacao,70,10,10,469,469,265,204,0,469,0,38,38,0.673773987206823,0.673773987206823,0.0,0.0,0.0,0.6737739872053864,316,153,0,0
sem_erro,catboost,oscilacao,70,15,15,313,313,175,138,0,313,0,32,32,0.670926517571885,0.670926517571885,0.0,0.0,0.0,0.6709265175697414,210,103,0,0
sem_erro,catboost,oscilacao,70,20,20,235,235,131,104,0,235,0,33,33,0.6723404255319149,0.6723404255319149,0.0,0.0,0.0,0.6723404255290539,158,77,0,0
sem_erro,catboost,oscilacao,70,25,25,188,188,107,81,0,188,0,29,29,0.6329787234042553,0.6329787234042553,0.0,0.0,0.0,0.6329787234008885,119,69,0,0
sem_erro,catboost,oscilacao,70,30,30,157,157,87,70,0,157,0,27,27,0.6305732484076433,0.6305732484076433,0.0,0.0,0.0,0.6305732484036269,99,58,0,0
sem_erro,catboost,oscilacao,70,35,35,134,134,75,59,0,134,0,27,27,0.6791044776119403,0.6791044776119403,0.0,0.0,0.0,0.6791044776068724,91,43,0,0
sem_erro,catboost,oscilacao,70,40,40,118,118,67,51,0,118,0,26,26,0.635593220338983,0.635593220338983,0.0,0.0,0.0,0.6355932203335967,75,43,0,0
sem_erro,catboost,oscilacao,70,45,45,105,105,58,47,0,105,0,27,27,0.5523809523809524,0.5523809523809524,0.0,0.0,0.0,0.5523809523756916,58,47,0,0
sem_erro,catboost,oscilacao,70,50,50,94,94,54,40,0,94,0,23,23,0.5212765957446809,0.5212765957446809,0.0,0.0,0.0,0.5212765957391353,49,45,0,0
sem_erro,catboost,oscilacao,70,55,55,86,86,48,38,0,86,0,23,23,0.6511627906976745,0.6511627906976745,0.0,0.0,0.0,0.6511627906901027,56,30,0,0
sem_erro,catboost,oscilacao,70,60,60,79,79,45,34,0,79,0,20,20,0.569620253164557,0.569620253164557,0.0,0.0,0.0,0.5696202531573465,45,34,0,0
sem_erro,catboost,oscilacao,70,65,65,73,73,41,32,0,73,0,22,22,0.5342465753424658,0.5342465753424658,0.0,0.0,0.0,0.5342465753351473,39,34,0,0
sem_erro,catboost,oscilacao,70,70,70,67,67,38,29,0,67,0,22,22,0.5671641791044776,0.5671641791044776,0.0,0.0,0.0,0.5671641790960125,38,29,0,0
sem_erro,catboost,oscilacao,80,5,5,935,935,551,384,0,935,0,44,44,0.6556149732620321,0.6556149732620321,0.0,0.0,0.0,0.6556149732613309,613,322,0,0
sem_erro,catboost,oscilacao,80,10,10,468,468,276,192,0,468,0,39,39,0.6623931623931624,0.6623931623931624,0.0,0.0,0.0,0.6623931623917471,310,158,0,0
sem_erro,catboost,oscilacao,80,15,15,312,312,184,128,0,312,0,32,32,0.6282051282051282,0.6282051282051282,0.0,0.0,0.0,0.6282051282031147,196,116,0,0
sem_erro,catboost,oscilacao,80,20,20,234,234,138,96,0,234,0,29,29,0.6452991452991453,0.6452991452991453,0.0,0.0,0.0,0.6452991452963877,151,83,0,0
sem_erro,catboost,oscilacao,80,25,25,187,187,111,76,0,187,0,30,30,0.5989304812834224,0.5989304812834224,0.0,0.0,0.0,0.5989304812802196,112,75,0,0
sem_erro,catboost,oscilacao,80,30,30,156,156,92,64,0,156,0,31,31,0.5769230769230769,0.5769230769230769,0.0,0.0,0.0,0.5769230769193787,90,66,0,0
sem_erro,catboost,oscilacao,80,35,35,134,134,80,54,0,134,0,25,25,0.6343283582089553,0.6343283582089553,0.0,0.0,0.0,0.6343283582042215,85,49,0,0
sem_erro,catboost,oscilacao,80,40,40,117,117,69,48,0,117,0,29,29,0.6153846153846154,0.6153846153846154,0.0,0.0,0.0,0.6153846153793556,72,45,0,0
sem_erro,catboost,oscilacao,80,45,45,104,104,59,45,0,104,0,27,27,0.5576923076923077,0.5576923076923077,0.0,0.0,0.0,0.5576923076869452,58,46,0,0
sem_erro,catboost,oscilacao,80,50,50,94,94,56,38,0,94,0,26,26,0.4574468085106383,0.4574468085106383,0.0,0.0,0.0,0.45744680850577185,43,51,0,0
sem_erro,catboost,oscilacao,80,55,55,85,85,51,34,0,85,0,27,27,0.49411764705882355,0.49411764705882355,0.0,0.0,0.0,0.49411764705301037,42,43,0,0
sem_erro,catboost,oscilacao,80,60,60,78,78,47,31,0,78,0,20,20,0.48717948717948717,0.48717948717948717,0.0,0.0,0.0,0.4871794871732413,38,40,0,0
sem_erro,catboost,oscilacao,80,65,65,72,72,43,29,0,72,0,18,18,0.5,0.5,0.0,0.0,0.0,0.49999999999305555,36,36,0,0
sem_erro,catboost,oscilacao,80,70,70,67,67,40,27,0,67,0,23,23,0.5671641791044776,0.5671641791044776,0.0,0.0,0.0,0.5671641790960125,38,29,0,0
sem_erro,catboost,oscilacao,80,75,75,63,63,35,28,0,63,0,13,13,0.6349206349206349,0.6349206349206349,0.0,0.0,0.0,0.6349206349105568,40,23,0,0
sem_erro,catboost,oscilacao,80,80,80,59,59,36,23,0,59,0,16,16,0.4406779661016949,0.4406779661016949,0.0,0.0,0.0,0.4406779660942258,26,33,0,0
sem_erro,catboost,oscilacao,90,5,5,933,933,571,362,0,933,0,47,47,0.6334405144694534,0.6334405144694534,0.0,0.0,0.0,0.6334405144687745,591,342,0,0
sem_erro,catboost,oscilacao,90,10,10,467,467,286,181,0,467,0,41,41,0.6445396145610278,0.6445396145610278,0.0,0.0,0.0,0.6445396145596477,301,166,0,0
sem_erro,catboost,oscilacao,90,15,15,311,311,189,122,0,311,0,30,30,0.6045016077170418,0.6045016077170418,0.0,0.0,0.0,0.6045016077150981,188,123,0,0
sem_erro,catboost,oscilacao,90,20,20,234,234,142,92,0,234,0,32,32,0.6025641025641025,0.6025641025641025,0.0,0.0,0.0,0.6025641025615275,141,93,0,0
sem_erro,catboost,oscilacao,90,25,25,187,187,115,72,0,187,0,27,27,0.6096256684491979,0.6096256684491979,0.0,0.0,0.0,0.6096256684459379,114,73,0,0
sem_erro,catboost,oscilacao,90,30,30,156,156,95,61,0,156,0,28,28,0.532051282051282,0.532051282051282,0.0,0.0,0.0,0.5320512820478716,83,73,0,0
sem_erro,catboost,oscilacao,90,35,35,134,134,82,52,0,134,0,24,24,0.6268656716417911,0.6268656716417911,0.0,0.0,0.0,0.626865671637113,84,50,0,0
sem_erro,catboost,oscilacao,90,40,40,117,117,69,48,0,117,0,28,28,0.6324786324786325,0.6324786324786325,0.0,0.0,0.0,0.6324786324732267,74,43,0,0
sem_erro,catboost,oscilacao,90,45,45,104,104,61,43,0,104,0,27,27,0.5769230769230769,0.5769230769230769,0.0,0.0,0.0,0.5769230769175295,60,44,0,0
sem_erro,catboost,oscilacao,90,50,50,94,94,59,35,0,94,0,24,24,0.4787234042553192,0.4787234042553192,0.0,0.0,0.0,0.4787234042502263,45,49,0,0
sem_erro,catboost,oscilacao,90,55,55,85,85,51,34,0,85,0,20,20,0.611764705882353,0.611764705882353,0.0,0.0,0.0,0.6117647058751556,52,33,0,0
sem_erro,catboost,oscilacao,90,60,60,78,78,47,31,0,78,0,19,19,0.5769230769230769,0.5769230769230769,0.0,0.0,0.0,0.5769230769156805,45,33,0,0
sem_erro,catboost,oscilacao,90,65,65,72,72,43,29,0,72,0,16,16,0.5277777777777778,0.5277777777777778,0.0,0.0,0.0,0.5277777777704475,38,34,0,0
sem_erro,catboost,oscilacao,90,70,70,67,67,40,27,0,67,0,18,18,0.6417910447761194,0.6417910447761194,0.0,0.0,0.0,0.6417910447665404,43,24,0,0
sem_erro,catboost,oscilacao,90,75,75,63,63,38,25,0,63,0,21,21,0.5238095238095238,0.5238095238095238,0.0,0.0,0.0,0.5238095238012094,33,30,0,0
sem_erro,catboost,oscilacao,90,80,80,59,59,36,23,0,59,0,14,14,0.5254237288135594,0.5254237288135594,0.0,0.0,0.0,0.5254237288046538,31,28,0,0
sem_erro,catboost,oscilacao,90,85,85,55,55,33,22,0,55,0,15,15,0.45454545454545453,0.45454545454545453,0.0,0.0,0.0,0.4545454545371901,25,30,0,0
sem_erro,catboost,oscilacao,90,90,90,52,52,31,21,0,52,0,11,11,0.38461538461538464,0.38461538461538464,0.0,0.0,0.0,0.38461538460798816,20,32,0,0
sem_erro,catboost,oscilacao,100,5,5,931,931,591,340,0,931,0,49,49,0.5574650912996778,0.5574650912996778,0.0,0.0,0.0,0.557465091299079,519,412,0,0
sem_erro,catboost,oscilacao,100,10,10,466,466,296,170,0,466,0,46,46,0.5450643776824035,0.5450643776824035,0.0,0.0,0.0,0.5450643776812337,254,212,0,0
sem_erro,catboost,oscilacao,100,15,15,311,311,196,115,0,311,0,35,35,0.5498392282958199,0.5498392282958199,0.0,0.0,0.0,0.549839228294052,171,140,0,0
sem_erro,catboost,oscilacao,100,20,20,233,233,148,85,0,233,0,37,37,0.5278969957081545,0.5278969957081545,0.0,0.0,0.0,0.5278969957058889,123,110,0,0
sem_erro,catboost,oscilacao,100,25,25,187,187,117,70,0,187,0,30,30,0.5508021390374331,0.5508021390374331,0.0,0.0,0.0,0.5508021390344877,103,84,0,0
sem_erro,catboost,oscilacao,100,30,30,156,156,98,58,0,156,0,30,30,0.46794871794871795,0.46794871794871795,0.0,0.0,0.0,0.4679487179457183,73,83,0,0
sem_erro,catboost,oscilacao,100,35,35,133,133,84,49,0,133,0,25,25,0.5263157894736842,0.5263157894736842,0.0,0.0,0.0,0.526315789469727,70,63,0,0
sem_erro,catboost,oscilacao,100,40,40,117,117,73,44,0,117,0,28,28,0.4700854700854701,0.4700854700854701,0.0,0.0,0.0,0.47008547008145224,55,62,0,0
sem_erro,catboost,oscilacao,100,45,45,104,104,65,39,0,104,0,28,28,0.4807692307692308,0.4807692307692308,0.0,0.0,0.0,0.480769230764608,50,54,0,0
sem_erro,catboost,oscilacao,100,50,50,94,94,59,35,0,94,0,25,25,0.5106382978723404,0.5106382978723404,0.0,0.0,0.0,0.5106382978669081,48,46,0,0
sem_erro,catboost,oscilacao,100,55,55,85,85,53,32,0,85,0,22,22,0.5529411764705883,0.5529411764705883,0.0,0.0,0.0,0.552941176464083,47,38,0,0
sem_erro,catboost,oscilacao,100,60,60,78,78,49,29,0,78,0,17,17,0.4358974358974359,0.4358974358974359,0.0,0.0,0.0,0.43589743589184743,34,44,0,0
sem_erro,catboost,oscilacao,100,65,65,72,72,43,29,0,72,0,13,13,0.4444444444444444,0.4444444444444444,0.0,0.0,0.0,0.4444444444382716,32,40,0,0
sem_erro,catboost,oscilacao,100,70,70,67,67,43,24,0,67,0,21,21,0.5671641791044776,0.5671641791044776,0.0,0.0,0.0,0.5671641790960125,38,29,0,0
sem_erro,catboost,oscilacao,100,75,75,63,63,39,24,0,63,0,19,19,0.47619047619047616,0.47619047619047616,0.0,0.0,0.0,0.47619047618291765,30,33,0,0
sem_erro,catboost,oscilacao,100,80,80,59,59,38,21,0,59,0,10,10,0.23728813559322035,0.23728813559322035,0.0,0.0,0.0,0.2372881355891985,14,45,0,0
sem_erro,catboost,oscilacao,100,85,85,55,55,35,20,0,55,0,13,13,0.43636363636363634,0.43636363636363634,0.0,0.0,0.0,0.4363636363557025,24,31,0,0
sem_erro,catboost,oscilacao,100,90,90,52,52,32,20,0,52,0,13,13,0.4423076923076923,0.4423076923076923,0.0,0.0,0.0,0.44230769229918643,23,29,0,0
sem_erro,catboost,oscilacao,100,95,95,49,49,30,19,0,49,0,13,13,0.3877551020408163,0.3877551020408163,0.0,0.0,0.0,0.387755102032903,19,30,0,0
sem_erro,catboost,oscilacao,100,100,100,47,47,27,20,0,47,0,12,12,0.6382978723404256,0.6382978723404256,0.0,0.0,0.0,0.6382978723268448,30,17,0,0
sem_erro,catboost,queda,20,5,5,947,947,231,716,0,947,0,35,35,0.8173178458289335,0.8173178458289335,0.0,0.0,0.0,0.8173178458280704,774,173,0,0
sem_erro,catboost,queda,20,10,10,474,474,114,360,0,474,0,28,28,0.8248945147679325,0.8248945147679325,0.0,0.0,0.0,0.8248945147661922,391,83,0,0
sem_erro,catboost,queda,20,15,15,316,316,76,240,0,316,0,27,27,0.8575949367088608,0.8575949367088608,0.0,0.0,0.0,0.8575949367061468,271,45,0,0
sem_erro,catboost,queda,20,20,20,237,237,56,181,0,237,0,23,23,0.8354430379746836,0.8354430379746836,0.0,0.0,0.0,0.8354430379711585,198,39,0,0
sem_erro,catboost,queda,30,5,5,945,945,266,679,0,945,0,37,37,0.8285714285714286,0.8285714285714286,0.0,0.0,0.0,0.8285714285705518,783,162,0,0
sem_erro,catboost,queda,30,10,10,473,473,132,341,0,473,0,26,26,0.813953488372093,0.813953488372093,0.0,0.0,0.0,0.8139534883703722,385,88,0,0
sem_erro,catboost,queda,30,15,15,315,315,89,226,0,315,0,27,27,0.8571428571428571,0.8571428571428571,0.0,0.0,0.0,0.857142857140136,270,45,0,0
sem_erro,catboost,queda,30,20,20,237,237,69,168,0,237,0,26,26,0.7932489451476793,0.7932489451476793,0.0,0.0,0.0,0.7932489451443323,188,49,0,0
sem_erro,catboost,queda,30,25,25,189,189,55,134,0,189,0,22,22,0.8465608465608465,0.8465608465608465,0.0,0.0,0.0,0.8465608465563674,160,29,0,0
sem_erro,catboost,queda,30,30,30,158,158,45,113,0,158,0,17,17,0.8924050632911392,0.8924050632911392,0.0,0.0,0.0,0.8924050632854912,141,17,0,0
sem_erro,catboost,queda,40,5,5,943,943,297,646,0,943,0,42,42,0.8335100742311771,0.8335100742311771,0.0,0.0,0.0,0.8335100742302932,786,157,0,0
sem_erro,catboost,queda,40,10,10,472,472,147,325,0,472,0,32,32,0.826271186440678,0.826271186440678,0.0,0.0,0.0,0.8262711864389274,390,82,0,0
sem_erro,catboost,queda,40,15,15,315,315,101,214,0,315,0,28,28,0.8476190476190476,0.8476190476190476,0.0,0.0,0.0,0.8476190476163568,267,48,0,0
sem_erro,catboost,queda,40,20,20,236,236,73,163,0,236,0,24,24,0.847457627118644,0.847457627118644,0.0,0.0,0.0,0.8474576271150532,200,36,0,0
sem_erro,catboost,queda,40,25,25,189,189,59,130,0,189,0,20,20,0.8571428571428571,0.8571428571428571,0.0,0.0,0.0,0.8571428571383221,162,27,0,0
sem_erro,catboost,queda,40,30,30,158,158,50,108,0,158,0,20,20,0.8481012658227848,0.8481012658227848,0.0,0.0,0.0,0.8481012658174172,134,24,0,0
sem_erro,catboost,queda,40,35,35,135,135,42,93,0,135,0,20,20,0.7851851851851852,0.7851851851851852,0.0,0.0,0.0,0.7851851851793691,106,29,0,0
sem_erro,catboost,queda,40,40,40,118,118,37,81,0,118,0,15,15,0.864406779661017,0.864406779661017,0.0,0.0,0.0,0.8644067796536914,102,16,0,0
sem_erro,catboost,queda,50,5,5,941,941,326,615,0,941,0,35,35,0.8310308182784272,0.8310308182784272,0.0,0.0,0.0,0.8310308182775441,782,159,0,0
sem_erro,catboost,queda,50,10,10,471,471,162,309,0,471,0,31,31,0.8280254777070064,0.8280254777070064,0.0,0.0,0.0,0.8280254777052484,390,81,0,0
sem_erro,catboost,queda,50,15,15,314,314,108,206,0,314,0,25,25,0.8375796178343949,0.8375796178343949,0.0,0.0,0.0,0.8375796178317275,263,51,0,0
sem_erro,catboost,queda,50,20,20,236,236,84,152,0,236,0,23,23,0.8135593220338984,0.8135593220338984,0.0,0.0,0.0,0.813559322030451,192,44,0,0
sem_erro,catboost,queda,50,25,25,189,189,66,123,0,189,0,25,25,0.798941798941799,0.798941798941799,0.0,0.0,0.0,0.7989417989375718,151,38,0,0
sem_erro,catboost,queda,50,30,30,157,157,52,105,0,157,0,24,24,0.8152866242038217,0.8152866242038217,0.0,0.0,0.0,0.8152866241986289,128,29,0,0
sem_erro,catboost,queda,50,35,35,135,135,47,88,0,135,0,19,19,0.8074074074074075,0.8074074074074075,0.0,0.0,0.0,0.8074074074014267,109,26,0,0
sem_erro,catboost,queda,50,40,40,118,118,42,76,0,118,0,17,17,0.8220338983050848,0.8220338983050848,0.0,0.0,0.0,0.8220338982981183,97,21,0,0
sem_erro,catboost,queda,50,45,45,105,105,37,68,0,105,0,19,19,0.7523809523809524,0.7523809523809524,0.0,0.0,0.0,0.7523809523737868,79,26,0,0
sem_erro,catboost,queda,50,50,50,95,95,30,65,0,95,0,13,13,0.8421052631578947,0.8421052631578947,0.0,0.0,0.0,0.8421052631490304,80,15,0,0
sem_erro,catboost,queda,60,5,5,939,939,354,585,0,939,0,60,60,0.7529286474973376,0.7529286474973376,0.0,0.0,0.0,0.7529286474965358,707,232,0,0
sem_erro,catboost,queda,60,10,10,470,470,176,294,0,470,0,33,33,0.7893617021276595,0.7893617021276595,0.0,0.0,0.0,0.7893617021259801,371,99,0,0
sem_erro,catboost,queda,60,15,15,313,313,118,195,0,313,0,29,29,0.7763578274760383,0.7763578274760383,0.0,0.0,0.0,0.776357827473558,243,70,0,0
sem_erro,catboost,queda,60,20,20,235,235,87,148,0,235,0,24,24,0.7957446808510639,0.7957446808510639,0.0,0.0,0.0,0.7957446808476777,187,48,0,0
sem_erro,catboost,queda,60,25,25,188,188,71,117,0,188,0,24,24,0.7340425531914894,0.7340425531914894,0.0,0.0,0.0,0.7340425531875849,138,50,0,0
sem_erro,catboost,queda,60,30,30,157,157,59,98,0,157,0,27,27,0.7261146496815286,0.7261146496815286,0.0,0.0,0.0,0.7261146496769038,114,43,0,0
sem_erro,catboost,queda,60,35,35,135,135,56,79,0,135,0,23,23,0.725925925925926,0.725925925925926,0.0,0.0,0.0,0.7259259259205487,98,37,0,0
sem_erro,catboost,queda,60,40,40,118,118,44,74,0,118,0,19,19,0.788135593220339,0.788135593220339,0.0,0.0,0.0,0.7881355932136599,93,25,0,0
sem_erro,catboost,queda,60,45,45,105,105,40,65,0,105,0,20,20,0.6666666666666666,0.6666666666666666,0.0,0.0,0.0,0.6666666666603175,70,35,0,0
sem_erro,catboost,queda,60,50,50,94,94,35,59,0,94,0,19,19,0.7553191489361702,0.7553191489361702,0.0,0.0,0.0,0.7553191489281349,71,23,0,0
sem_erro,catboost,queda,60,55,55,86,86,33,53,0,86,0,19,19,0.6976744186046512,0.6976744186046512,0.0,0.0,0.0,0.6976744185965387,60,26,0,0
sem_erro,catboost,queda,60,60,60,79,79,30,49,0,79,0,15,15,0.6962025316455697,0.6962025316455697,0.0,0.0,0.0,0.6962025316367569,55,24,0,0
sem_erro,catboost,queda,70,5,5,937,937,382,555,0,937,0,52,52,0.6937033084311632,0.6937033084311632,0.0,0.0,0.0,0.6937033084304229,650,287,0,0
sem_erro,catboost,queda,70,10,10,469,469,190,279,0,469,0,36,36,0.7036247334754797,0.7036247334754797,0.0,0.0,0.0,0.7036247334739795,330,139,0,0
sem_erro,catboost,queda,70,15,15,313,313,129,184,0,313,0,31,31,0.7124600638977636,0.7124600638977636,0.0,0.0,0.0,0.7124600638954873,223,90,0,0
sem_erro,catboost,queda,70,20,20,235,235,98,137,0,235,0,28,28,0.6978723404255319,0.6978723404255319,0.0,0.0,0.0,0.6978723404225623,164,71,0,0
sem_erro,catboost,queda,70,25,25,188,188,76,112,0,188,0,24,24,0.7074468085106383,0.7074468085106383,0.0,0.0,0.0,0.7074468085068754,133,55,0,0
sem_erro,catboost,queda,70,30,30,157,157,64,93,0,157,0,22,22,0.6242038216560509,0.6242038216560509,0.0,0.0,0.0,0.6242038216520752,98,59,0,0
sem_erro,catboost,queda,70,35,35,134,134,56,78,0,134,0,26,26,0.6865671641791045,0.6865671641791045,0.0,0.0,0.0,0.6865671641739809,92,42,0,0
sem_erro,catboost,queda,70,40,40,118,118,50,68,0,118,0,21,21,0.6949152542372882,0.6949152542372882,0.0,0.0,0.0,0.694915254231399,82,36,0,0
sem_erro,catboost,queda,70,45,45,105,105,43,62,0,105,0,22,22,0.638095238095238,0.638095238095238,0.0,0.0,0.0,0.638095238089161,67,38,0,0
sem_erro,catboost,queda,70,50,50,94,94,39,55,0,94,0,21,21,0.7021276595744681,0.7021276595744681,0.0,0.0,0.0,0.7021276595669986,66,28,0,0
sem_erro,catboost,queda,70,55,55,86,86,34,52,0,86,0,16,16,0.7441860465116279,0.7441860465116279,0.0,0.0,0.0,0.7441860465029746,64,22,0,0
sem_erro,catboost,queda,70,60,60,79,79,34,45,0,79,0,17,17,0.6075949367088608,0.6075949367088608,0.0,0.0,0.0,0.6075949367011697,48,31,0,0
sem_erro,catboost,queda,70,65,65,73,73,30,43,0,73,0,14,14,0.7534246575342466,0.7534246575342466,0.0,0.0,0.0,0.7534246575239256,55,18,0,0
sem_erro,catboost,queda,70,70,70,67,67,29,38,0,67,0,15,15,0.6119402985074627,0.6119402985074627,0.0,0.0,0.0,0.6119402984983292,41,26,0,0
sem_erro,catboost,queda,80,5,5,935,935,410,525,0,935,0,44,44,0.6502673796791444,0.6502673796791444,0.0,0.0,0.0,0.6502673796784489,608,327,0,0
sem_erro,catboost,queda,80,10,10,468,468,204,264,0,468,0,39,39,0.6452991452991453,0.6452991452991453,0.0,0.0,0.0,0.6452991452977664,302,166,0,0
sem_erro,catboost,queda,80,15,15,312,312,136,176,0,312,0,40,40,0.5961538461538461,0.5961538461538461,0.0,0.0,0.0,0.5961538461519355,186,126,0,0
sem_erro,catboost,queda,80,20,20,234,234,101,133,0,234,0,31,31,0.7136752136752137,0.7136752136752137,0.0,0.0,0.0,0.7136752136721638,167,67,0,0
sem_erro,catboost,queda,80,25,25,187,187,84,103,0,187,0,24,24,0.6042780748663101,0.6042780748663101,0.0,0.0,0.0,0.6042780748630787,113,74,0,0
sem_erro,catboost,queda,80,30,30,156,156,66,90,0,156,0,26,26,0.6923076923076923,0.6923076923076923,0.0,0.0,0.0,0.6923076923032545,108,48,0,0
sem_erro,catboost,queda,80,35,35,134,134,60,74,0,134,0,26,26,0.4925373134328358,0.4925373134328358,0.0,0.0,0.0,0.4925373134291602,66,68,0,0
sem_erro,catboost,queda,80,40,40,117,117,51,66,0,117,0,21,21,0.6837606837606838,0.6837606837606838,0.0,0.0,0.0,0.6837606837548397,80,37,0,0
sem_erro,catboost,queda,80,45,45,104,104,47,57,0,104,0,21,21,0.5192307692307693,0.5192307692307693,0.0,0.0,0.0,0.5192307692257766,54,50,0,0
sem_erro,catboost,queda,80,50,50,94,94,41,53,0,94,0,19,19,0.7127659574468085,0.7127659574468085,0.0,0.0,0.0,0.7127659574392259,67,27,0,0
sem_erro,catboost,queda,80,55,55,85,85,37,48,0,85,0,18,18,0.6470588235294118,0.6470588235294118,0.0,0.0,0.0,0.6470588235217993,55,30,0,0
sem_erro,catboost,queda,80,60,60,78,78,34,44,0,78,0,19,19,0.5897435897435898,0.5897435897435898,0.0,0.0,0.0,0.5897435897360289,46,32,0,0
sem_erro,catboost,queda,80,65,65,72,72,31,41,0,72,0,19,19,0.5555555555555556,0.5555555555555556,0.0,0.0,0.0,0.5555555555478395,40,32,0,0
sem_erro,catboost,queda,80,70,70,67,67,31,36,0,67,0,15,15,0.5671641791044776,0.5671641791044776,0.0,0.0,0.0,0.5671641790960125,38,29,0,0
sem_erro,catboost,queda,80,75,75,63,63,30,33,0,63,0,16,16,0.49206349206349204,0.49206349206349204,0.0,0.0,0.0,0.49206349205568156,31,32,0,0
sem_erro,catboost,queda,80,80,80,59,59,24,35,0,59,0,16,16,0.6949152542372882,0.6949152542372882,0.0,0.0,0.0,0.6949152542255099,41,18,0,0
sem_erro,catboost,queda,90,5,5,933,933,434,499,0,933,0,47,47,0.5562700964630225,0.5562700964630225,0.0,0.0,0.0,0.5562700964624263,519,414,0,0
sem_erro,catboost,queda,90,10,10,467,467,216,251,0,467,0,40,40,0.582441113490364,0.582441113490364,0.0,0.0,0.0,0.5824411134891169,272,195,0,0
sem_erro,catboost,queda,90,15,15,311,311,144,167,0,311,0,38,38,0.5691318327974276,0.5691318327974276,0.0,0.0,0.0,0.5691318327955976,177,134,0,0
sem_erro,catboost,queda,90,20,20,234,234,110,124,0,234,0,34,34,0.6111111111111112,0.6111111111111112,0.0,0.0,0.0,0.6111111111084996,143,91,0,0
sem_erro,catboost,queda,90,25,25,187,187,87,100,0,187,0,26,26,0.5454545454545454,0.5454545454545454,0.0,0.0,0.0,0.5454545454516286,102,85,0,0
sem_erro,catboost,queda,90,30,30,156,156,72,84,0,156,0,26,26,0.5,0.5,0.0,0.0,0.0,0.4999999999967949,78,78,0,0
sem_erro,catboost,queda,90,35,35,134,134,66,68,0,134,0,22,22,0.44029850746268656,0.44029850746268656,0.0,0.0,0.0,0.4402985074594008,59,75,0,0
sem_erro,catboost,queda,90,40,40,117,117,55,62,0,117,0,17,17,0.6495726495726496,0.6495726495726496,0.0,0.0,0.0,0.6495726495670977,76,41,0,0
sem_erro,catboost,queda,90,45,45,104,104,50,54,0,104,0,21,21,0.5673076923076923,0.5673076923076923,0.0,0.0,0.0,0.5673076923022374,59,45,0,0
sem_erro,catboost,queda,90,50,50,94,94,41,53,0,94,0,17,17,0.6276595744680851,0.6276595744680851,0.0,0.0,0.0,0.6276595744614079,59,35,0,0
sem_erro,catboost,queda,90,55,55,85,85,41,44,0,85,0,18,18,0.5882352941176471,0.5882352941176471,0.0,0.0,0.0,0.5882352941107266,50,35,0,0
sem_erro,catboost,queda,90,60,60,78,78,38,40,0,78,0,20,20,0.5384615384615384,0.5384615384615384,0.0,0.0,0.0,0.5384615384546351,42,36,0,0
sem_erro,catboost,queda,90,65,65,72,72,33,39,0,72,0,18,18,0.5555555555555556,0.5555555555555556,0.0,0.0,0.0,0.5555555555478395,40,32,0,0
sem_erro,catboost,queda,90,70,70,67,67,33,34,0,67,0,15,15,0.5522388059701493,0.5522388059701493,0.0,0.0,0.0,0.5522388059619069,37,30,0,0
sem_erro,catboost,queda,90,75,75,63,63,30,33,0,63,0,12,12,0.49206349206349204,0.49206349206349204,0.0,0.0,0.0,0.49206349205568156,31,32,0,0
sem_erro,catboost,queda,90,80,80,59,59,25,34,0,59,0,15,15,0.576271186440678,0.576271186440678,0.0,0.0,0.0,0.5762711864309107,34,25,0,0
sem_erro,catboost,queda,90,85,85,55,55,25,30,0,55,0,10,10,0.38181818181818183,0.38181818181818183,0.0,0.0,0.0,0.3818181818112397,21,34,0,0
sem_erro,catboost,queda,90,90,90,52,52,25,27,0,52,0,15,15,0.5576923076923077,0.5576923076923077,0.0,0.0,0.0,0.5576923076815828,29,23,0,0
sem_erro,catboost,queda,100,5,5,931,931,458,473,0,931,0,42,42,0.5435016111707841,0.5435016111707841,0.0,0.0,0.0,0.5435016111702003,506,425,0,0
sem_erro,catboost,queda,100,10,10,466,466,228,238,0,466,0,35,35,0.5772532188841202,0.5772532188841202,0.0,0.0,0.0,0.5772532188828814,269,197,0,0
sem_erro,catboost,queda,100,15,15,311,311,153,158,0,311,0,31,31,0.5434083601286174,0.5434083601286174,0.0,0.0,0.0,0.5434083601268701,169,142,0,0
sem_erro,catboost,queda,100,20,20,233,233,113,120,0,233,0,25,25,0.6094420600858369,0.6094420600858369,0.0,0.0,0.0,0.6094420600832213,142,91,0,0
sem_erro,catboost,queda,100,25,25,187,187,92,95,0,187,0,30,30,0.5187165775401069,0.5187165775401069,0.0,0.0,0.0,0.5187165775373331,97,90,0,0
sem_erro,catboost,queda,100,30,30,156,156,76,80,0,156,0,22,22,0.6474358974358975,0.6474358974358975,0.0,0.0,0.0,0.6474358974317472,101,55,0,0
sem_erro,catboost,queda,100,35,35,133,133,67,66,0,133,0,21,21,0.5338345864661654,0.5338345864661654,0.0,0.0,0.0,0.5338345864621517,71,62,0,0
sem_erro,catboost,queda,100,40,40,117,117,57,60,0,117,0,20,20,0.6068376068376068,0.6068376068376068,0.0,0.0,0.0,0.6068376068324202,71,46,0,0
sem_erro,catboost,queda,100,45,45,104,104,53,51,0,104,0,18,18,0.4326923076923077,0.4326923076923077,0.0,0.0,0.0,0.43269230768814715,45,59,0,0
sem_erro,catboost,queda,100,50,50,94,94,43,51,0,94,0,20,20,0.5957446808510638,0.5957446808510638,0.0,0.0,0.0,0.5957446808447261,56,38,0,0
sem_erro,catboost,queda,100,55,55,85,85,45,40,0,85,0,18,18,0.4117647058823529,0.4117647058823529,0.0,0.0,0.0,0.41176470587750863,35,50,0,0
sem_erro,catboost,queda,100,60,60,78,78,39,39,0,78,0,17,17,0.5641025641025641,0.5641025641025641,0.0,0.0,0.0,0.564102564095332,44,34,0,0
sem_erro,catboost,queda,100,65,65,72,72,35,37,0,72,0,17,17,0.5277777777777778,0.5277777777777778,0.0,0.0,0.0,0.5277777777704475,38,34,0,0
sem_erro,catboost,queda,100,70,70,67,67,33,34,0,67,0,16,16,0.5522388059701493,0.5522388059701493,0.0,0.0,0.0,0.5522388059619069,37,30,0,0
sem_erro,catboost,queda,100,75,75,63,63,31,32,0,63,0,15,15,0.6349206349206349,0.6349206349206349,0.0,0.0,0.0,0.6349206349105568,40,23,0,0
sem_erro,catboost,queda,100,80,80,59,59,27,32,0,59,0,8,8,0.7288135593220338,0.7288135593220338,0.0,0.0,0.0,0.7288135593096812,43,16,0,0
sem_erro,catboost,queda,100,85,85,55,55,28,27,0,55,0,13,13,0.6363636363636364,0.6363636363636364,0.0,0.0,0.0,0.6363636363520662,35,20,0,0
sem_erro,catboost,queda,100,90,90,52,52,26,26,0,52,0,16,16,0.5192307692307693,0.5192307692307693,0.0,0.0,0.0,0.519230769220784,27,25,0,0
sem_erro,catboost,queda,100,95,95,49,49,27,22,0,49,0,12,12,0.5102040816326531,0.5102040816326531,0.0,0.0,0.0,0.5102040816222407,25,24,0,0
sem_erro,catboost,queda,100,100,100,47,47,22,25,0,47,0,11,11,0.6382978723404256,0.6382978723404256,0.0,0.0,0.0,0.6382978723268448,30,17,0,0
sem_erro,mlp,lacuna,20,5,5,947,947,268,679,0,947,0,0,0,1.0,1.0,0.0,0.0,0.0,0.9999999999989441,947,0,0,0
sem_erro,mlp,lacuna,20,10,10,474,474,134,340,0,474,0,0,0,1.0,1.0,0.0,0.0,0.0,0.9999999999978904,474,0,0,0
sem_erro,mlp,lacuna,20,15,15,316,316,90,226,0,316,0,2,2,0.990506329113924,0.990506329113924,0.0,0.0,0.0,0.9905063291107896,313,3,0,0
sem_erro,mlp,lacuna,20,20,20,237,237,65,172,0,237,0,2,2,0.9915611814345991,0.9915611814345991,0.0,0.0,0.0,0.9915611814304154,235,2,0,0
sem_erro,mlp,lacuna,30,5,5,945,945,306,639,0,945,0,0,0,1.0,1.0,0.0,0.0,0.0,0.9999999999989418,945,0,0,0
sem_erro,mlp,lacuna,30,10,10,473,473,153,320,0,473,0,2,2,0.9894291754756871,0.9894291754756871,0.0,0.0,0.0,0.9894291754735953,468,5,0,0
sem_erro,mlp,lacuna,30,15,15,315,315,100,215,0,315,0,0,0,1.0,1.0,0.0,0.0,0.0,0.9999999999968254,315,0,0,0
sem_erro,mlp,lacuna,30,20,20,237,237,78,159,0,237,0,2,2,0.9915611814345991,0.9915611814345991,0.0,0.0,0.0,0.9915611814304154,235,2,0,0
sem_erro,mlp,lacuna,30,25,25,189,189,61,128,0,189,0,0,0,1.0,1.0,0.0,0.0,0.0,0.999999999994709,189,0,0,0
sem_erro,mlp,lacuna,30,30,30,158,158,49,109,0,158,0,1,1,0.9936708860759493,0.9936708860759493,0.0,0.0,0.0,0.9936708860696604,157,1,0,0
sem_erro,mlp,lacuna,40,5,5,943,943,341,602,0,943,0,2,2,0.9819724284199364,0.9819724284199364,0.0,0.0,0.0,0.9819724284188951,926,17,0,0
sem_erro,mlp,lacuna,40,10,10,472,472,170,302,0,472,0,2,2,0.9851694915254238,0.9851694915254238,0.0,0.0,0.0,0.9851694915233365,465,7,0,0
sem_erro,mlp,lacuna,40,15,15,315,315,114,201,0,315,0,2,2,0.9904761904761905,0.9904761904761905,0.0,0.0,0.0,0.9904761904730461,312,3,0,0
sem_erro,mlp,lacuna,40,20,20,236,236,83,153,0,236,0,2,2,0.9872881355932204,0.9872881355932204,0.0,0.0,0.0,0.9872881355890369,233,3,0,0
sem_erro,mlp,lacuna,40,25,25,189,189,68,121,0,189,0,0,0,1.0,1.0,0.0,0.0,0.0,0.999999999994709,189,0,0,0
sem_erro,mlp,lacuna,40,30,30,158,158,57,101,0,158,0,2,2,0.9873417721518988,0.9873417721518988,0.0,0.0,0.0,0.9873417721456498,156,2,0,0
sem_erro,mlp,lacuna,40,35,35,135,135,50,85,0,135,0,0,0,1.0,1.0,0.0,0.0,0.0,0.9999999999925927,135,0,0,0
sem_erro,mlp,lacuna,40,40,40,118,118,42,76,0,118,0,2,2,0.9745762711864406,0.9745762711864406,0.0,0.0,0.0,0.9745762711781816,115,3,0,0
sem_erro,mlp,lacuna,50,5,5,941,941,373,568,0,941,0,1,1,0.9957492029755579,0.9957492029755579,0.0,0.0,0.0,0.9957492029744998,937,4,0,0
sem_erro,mlp,lacuna,50,10,10,471,471,186,285,0,471,0,1,1,0.9915074309978769,0.9915074309978769,0.0,0.0,0.0,0.9915074309957718,467,4,0,0
sem_erro,mlp,lacuna,50,15,15,314,314,126,188,0,314,0,2,2,0.9904458598726115,0.9904458598726115,0.0,0.0,0.0,0.9904458598694572,311,3,0,0
sem_erro,mlp,lacuna,50,20,20,236,236,95,141,0,236,0,2,2,0.9745762711864406,0.9745762711864406,0.0,0.0,0.0,0.9745762711823112,230,6,0,0
sem_erro,mlp,lacuna,50,25,25,189,189,77,112,0,189,0,0,0,1.0,1.0,0.0,0.0,0.0,0.999999999994709,189,0,0,0
sem_erro,mlp,lacuna,50,30,30,157,157,63,94,0,157,0,2,2,0.9872611464968153,0.9872611464968153,0.0,0.0,0.0,0.9872611464905271,155,2,0,0
sem_erro,mlp,lacuna,50,35,35,135,135,55,80,0,135,0,0,0,1.0,1.0,0.0,0.0,0.0,0.9999999999925927,135,0,0,0
sem_erro,mlp,lacuna,50,40,40,118,118,46,72,0,118,0,2,2,0.9830508474576272,0.9830508474576272,0.0,0.0,0.0,0.9830508474492962,116,2,0,0
sem_erro,mlp,lacuna,50,45,45,105,105,41,64,0,105,0,1,1,0.9904761904761905,0.9904761904761905,0.0,0.0,0.0,0.9904761904667574,104,1,0,0
sem_erro,mlp,lacuna,50,50,50,95,95,39,56,0,95,0,0,0,1.0,1.0,0.0,0.0,0.0,0.9999999999894736,95,0,0,0
sem_erro,mlp,lacuna,60,5,5,939,939,402,537,0,939,0,1,1,0.9989350372736954,0.9989350372736954,0.0,0.0,0.0,0.9989350372726316,938,1,0,0
sem_erro,mlp,lacuna,60,10,10,470,470,201,269,0,470,0,2,2,0.9936170212765958,0.9936170212765958,0.0,0.0,0.0,0.9936170212744817,467,3,0,0
sem_erro,mlp,lacuna,60,15,15,313,313,133,180,0,313,0,6,6,0.9744408945686901,0.9744408945686901,0.0,0.0,0.0,0.9744408945655769,305,8,0,0
sem_erro,mlp,lacuna,60,20,20,235,235,99,136,0,235,0,2,2,0.9787234042553191,0.9787234042553191,0.0,0.0,0.0,0.9787234042511544,230,5,0,0
sem_erro,mlp,lacuna,60,25,25,188,188,81,107,0,188,0,0,0,1.0,1.0,0.0,0.0,0.0,0.9999999999946809,188,0,0,0
sem_erro,mlp,lacuna,60,30,30,157,157,65,92,0,157,0,2,2,0.9872611464968153,0.9872611464968153,0.0,0.0,0.0,0.9872611464905271,155,2,0,0
sem_erro,mlp,lacuna,60,35,35,135,135,59,76,0,135,0,0,0,1.0,1.0,0.0,0.0,0.0,0.9999999999925927,135,0,0,0
sem_erro,mlp,lacuna,60,40,40,118,118,49,69,0,118,0,3,3,0.9745762711864406,0.9745762711864406,0.0,0.0,0.0,0.9745762711781816,115,3,0,0
sem_erro,mlp,lacuna,60,45,45,105,105,44,61,0,105,0,2,2,0.9714285714285714,0.9714285714285714,0.0,0.0,0.0,0.9714285714193197,102,3,0,0
sem_erro,mlp,lacuna,60,50,50,94,94,40,54,0,94,0,0,0,1.0,1.0,0.0,0.0,0.0,0.9999999999893616,94,0,0,0
sem_erro,mlp,lacuna,60,55,55,86,86,37,49,0,86,0,2,2,0.9767441860465116,0.9767441860465116,0.0,0.0,0.0,0.9767441860351541,84,2,0,0
sem_erro,mlp,lacuna,60,60,60,79,79,32,47,0,79,0,3,3,0.9493670886075949,0.9493670886075949,0.0,0.0,0.0,0.9493670885955776,75,4,0,0
sem_erro,mlp,lacuna,70,5,5,937,937,428,509,0,937,0,20,20,0.9466382070437567,0.9466382070437567,0.0,0.0,0.0,0.9466382070427464,887,50,0,0
sem_erro,mlp,lacuna,70,10,10,469,469,214,255,0,469,0,3,3,0.9829424307036247,0.9829424307036247,0.0,0.0,0.0,0.982942430701529,461,8,0,0
sem_erro,mlp,lacuna,70,15,15,313,313,143,170,0,313,0,2,2,0.9840255591054313,0.9840255591054313,0.0,0.0,0.0,0.9840255591022875,308,5,0,0
sem_erro,mlp,lacuna,70,20,20,235,235,108,127,0,235,0,9,9,0.9361702127659575,0.9361702127659575,0.0,0.0,0.0,0.9361702127619738,220,15,0,0
sem_erro,mlp,lacuna,70,25,25,188,188,89,99,0,188,0,0,0,1.0,1.0,0.0,0.0,0.0,0.9999999999946809,188,0,0,0
sem_erro,mlp,lacuna,70,30,30,157,157,71,86,0,157,0,2,2,0.9745222929936306,0.9745222929936306,0.0,0.0,0.0,0.9745222929874235,153,4,0,0
sem_erro,mlp,lacuna,70,35,35,134,134,62,72,0,134,0,2,2,0.9850746268656716,0.9850746268656716,0.0,0.0,0.0,0.9850746268583204,132,2,0,0
sem_erro,mlp,lacuna,70,40,40,118,118,55,63,0,118,0,4,4,0.9661016949152542,0.9661016949152542,0.0,0.0,0.0,0.9661016949070669,114,4,0,0
sem_erro,mlp,lacuna,70,45,45,105,105,50,55,0,105,0,5,5,0.9333333333333333,0.9333333333333333,0.0,0.0,0.0,0.9333333333244445,98,7,0,0
sem_erro,mlp,lacuna,70,50,50,94,94,44,50,0,94,0,2,2,0.9680851063829787,0.9680851063829787,0.0,0.0,0.0,0.9680851063726799,91,3,0,0
sem_erro,mlp,lacuna,70,55,55,86,86,41,45,0,86,0,4,4,0.9534883720930233,0.9534883720930233,0.0,0.0,0.0,0.9534883720819362,82,4,0,0
sem_erro,mlp,lacuna,70,60,60,79,79,36,43,0,79,0,3,3,0.9620253164556962,0.9620253164556962,0.0,0.0,0.0,0.9620253164435186,76,3,0,0
sem_erro,mlp,lacuna,70,65,65,73,73,34,39,0,73,0,2,2,0.9726027397260274,0.9726027397260274,0.0,0.0,0.0,0.9726027397127041,71,2,0,0
sem_erro,mlp,lacuna,70,70,70,67,67,32,35,0,67,0,2,2,0.9701492537313433,0.9701492537313433,0.0,0.0,0.0,0.9701492537168634,65,2,0,0
sem_erro,mlp,lacuna,80,5,5,935,935,452,483,0,935,0,2,2,0.9925133689839573,0.9925133689839573,0.0,0.0,0.0,0.9925133689828958,928,7,0,0
sem_erro,mlp,lacuna,80,10,10,468,468,226,242,0,468,0,4,4,0.9743589743589743,0.9743589743589743,0.0,0.0,0.0,0.9743589743568924,456,12,0,0
sem_erro,mlp,lacuna,80,15,15,312,312,153,159,0,312,0,3,3,0.9775641025641025,0.9775641025641025,0.0,0.0,0.0,0.9775641025609694,305,7,0,0
sem_erro,mlp,lacuna,80,20,20,234,234,112,122,0,234,0,4,4,0.9658119658119658,0.9658119658119658,0.0,0.0,0.0,0.9658119658078385,226,8,0,0
sem_erro,mlp,lacuna,80,25,25,187,187,91,96,0,187,0,2,2,0.9893048128342246,0.9893048128342246,0.0,0.0,0.0,0.9893048128289342,185,2,0,0
sem_erro,mlp,lacuna,80,30,30,156,156,76,80,0,156,0,2,2,0.9871794871794872,0.9871794871794872,0.0,0.0,0.0,0.9871794871731592,154,2,0,0
sem_erro,mlp,lacuna,80,35,35,134,134,67,67,0,134,0,2,2,0.9776119402985075,0.9776119402985075,0.0,0.0,0.0,0.9776119402912119,131,3,0,0
sem_erro,mlp,lacuna,80,40,40,117,117,56,61,0,117,0,1,1,0.9829059829059829,0.9829059829059829,0.0,0.0,0.0,0.982905982897582,115,2,0,0
sem_erro,mlp,lacuna,80,45,45,104,104,51,53,0,104,0,2,2,0.9711538461538461,0.9711538461538461,0.0,0.0,0.0,0.9711538461445081,101,3,0,0
sem_erro,mlp,lacuna,80,50,50,94,94,46,48,0,94,0,0,0,1.0,1.0,0.0,0.0,0.0,0.9999999999893616,94,0,0,0
sem_erro,mlp,lacuna,80,55,55,85,85,42,43,0,85,0,6,6,0.9176470588235294,0.9176470588235294,0.0,0.0,0.0,0.9176470588127336,78,7,0,0
sem_erro,mlp,lacuna,80,60,60,78,78,38,40,0,78,0,5,5,0.9230769230769231,0.9230769230769231,0.0,0.0,0.0,0.9230769230650887,72,6,0,0
sem_erro,mlp,lacuna,80,65,65,72,72,34,38,0,72,0,2,2,0.9722222222222222,0.9722222222222222,0.0,0.0,0.0,0.9722222222087191,70,2,0,0
sem_erro,mlp,lacuna,80,70,70,67,67,34,33,0,67,0,5,5,0.9253731343283582,0.9253731343283582,0.0,0.0,0.0,0.9253731343145466,62,5,0,0
sem_erro,mlp,lacuna,80,75,75,63,63,30,33,0,63,0,2,2,0.9682539682539683,0.9682539682539683,0.0,0.0,0.0,0.9682539682385992,61,2,0,0
sem_erro,mlp,lacuna,80,80,80,59,59,28,31,0,59,0,2,2,0.9661016949152542,0.9661016949152542,0.0,0.0,0.0,0.9661016948988796,57,2,0,0
sem_erro,mlp,lacuna,90,5,5,933,933,475,458,0,933,0,3,3,0.9828510182207931,0.9828510182207931,0.0,0.0,0.0,0.9828510182197397,917,16,0,0
sem_erro,mlp,lacuna,90,10,10,467,467,238,229,0,467,0,2,2,0.9892933618843683,0.9892933618843683,0.0,0.0,0.0,0.9892933618822499,462,5,0,0
sem_erro,mlp,lacuna,90,15,15,311,311,157,154,0,311,0,1,1,0.9871382636655949,0.9871382636655949,0.0,0.0,0.0,0.9871382636624209,307,4,0,0
sem_erro,mlp,lacuna,90,20,20,234,234,120,114,0,234,0,3,3,0.9743589743589743,0.9743589743589743,0.0,0.0,0.0,0.9743589743548104,228,6,0,0
sem_erro,mlp,lacuna,90,25,25,187,187,96,91,0,187,0,2,2,0.9786096256684492,0.9786096256684492,0.0,0.0,0.0,0.9786096256632161,183,4,0,0
sem_erro,mlp,lacuna,90,30,30,156,156,78,78,0,156,0,2,2,0.9871794871794872,0.9871794871794872,0.0,0.0,0.0,0.9871794871731592,154,2,0,0
sem_erro,mlp,lacuna,90,35,35,134,134,71,63,0,134,0,4,4,0.9402985074626866,0.9402985074626866,0.0,0.0,0.0,0.9402985074556695,126,8,0,0
sem_erro,mlp,lacuna,90,40,40,117,117,59,58,0,117,0,4,4,0.9572649572649573,0.9572649572649573,0.0,0.0,0.0,0.9572649572567755,112,5,0,0
sem_erro,mlp,lacuna,90,45,45,104,104,53,51,0,104,0,1,1,0.9903846153846154,0.9903846153846154,0.0,0.0,0.0,0.9903846153750924,103,1,0,0
sem_erro,mlp,lacuna,90,50,50,94,94,49,45,0,94,0,2,2,0.9787234042553191,0.9787234042553191,0.0,0.0,0.0,0.9787234042449071,92,2,0,0
sem_erro,mlp,lacuna,90,55,55,85,85,45,40,0,85,0,7,7,0.9058823529411765,0.9058823529411765,0.0,0.0,0.0,0.905882352930519,77,8,0,0
sem_erro,mlp,lacuna,90,60,60,78,78,40,38,0,78,0,3,3,0.9615384615384616,0.9615384615384616,0.0,0.0,0.0,0.9615384615261341,75,3,0,0
sem_erro,mlp,lacuna,90,65,65,72,72,36,36,0,72,0,1,1,0.9861111111111112,0.9861111111111112,0.0,0.0,0.0,0.9861111110974151,71,1,0,0
sem_erro,mlp,lacuna,90,70,70,67,67,37,30,0,67,0,3,3,0.9552238805970149,0.9552238805970149,0.0,0.0,0.0,0.9552238805827578,64,3,0,0
sem_erro,mlp,lacuna,90,75,75,63,63,32,31,0,63,0,2,2,0.9365079365079365,0.9365079365079365,0.0,0.0,0.0,0.9365079364930714,59,4,0,0
sem_erro,mlp,lacuna,90,80,80,59,59,29,30,0,59,0,0,0,1.0,1.0,0.0,0.0,0.0,0.9999999999830509,59,0,0,0
sem_erro,mlp,lacuna,90,85,85,55,55,28,27,0,55,0,3,3,0.9272727272727272,0.9272727272727272,0.0,0.0,0.0,0.9272727272558678,51,4,0,0
sem_erro,mlp,lacuna,90,90,90,52,52,25,27,0,52,0,2,2,0.9615384615384616,0.9615384615384616,0.0,0.0,0.0,0.9615384615199705,50,2,0,0
sem_erro,mlp,lacuna,100,5,5,931,931,493,438,0,931,0,2,2,0.9967776584317938,0.9967776584317938,0.0,0.0,0.0,0.9967776584307231,928,3,0,0
sem_erro,mlp,lacuna,100,10,10,466,466,247,219,0,466,0,1,1,0.9871244635193133,0.9871244635193133,0.0,0.0,0.0,0.9871244635171951,460,6,0,0
sem_erro,mlp,lacuna,100,15,15,311,311,164,147,0,311,0,3,3,0.9678456591639871,0.9678456591639871,0.0,0.0,0.0,0.9678456591608752,301,10,0,0
sem_erro,mlp,lacuna,100,20,20,233,233,123,110,0,233,0,2,2,0.9914163090128756,0.9914163090128756,0.0,0.0,0.0,0.9914163090086205,231,2,0,0
sem_erro,mlp,lacuna,100,25,25,187,187,99,88,0,187,0,0,0,1.0,1.0,0.0,0.0,0.0,0.9999999999946525,187,0,0,0
sem_erro,mlp,lacuna,100,30,30,156,156,81,75,0,156,0,4,4,0.9743589743589743,0.9743589743589743,0.0,0.0,0.0,0.9743589743527286,152,4,0,0
sem_erro,mlp,lacuna,100,35,35,133,133,72,61,0,133,0,0,0,1.0,1.0,0.0,0.0,0.0,0.9999999999924812,133,0,0,0
sem_erro,mlp,lacuna,100,40,40,117,117,61,56,0,117,0,2,2,0.9743589743589743,0.9743589743589743,0.0,0.0,0.0,0.9743589743506464,114,3,0,0
sem_erro,mlp,lacuna,100,45,45,104,104,56,48,0,104,0,2,2,0.9807692307692307,0.9807692307692307,0.0,0.0,0.0,0.9807692307598003,102,2,0,0
sem_erro,mlp,lacuna,100,50,50,94,94,51,43,0,94,0,2,2,0.9787234042553191,0.9787234042553191,0.0,0.0,0.0,0.9787234042449071,92,2,0,0
sem_erro,mlp,lacuna,100,55,55,85,85,46,39,0,85,0,5,5,0.9411764705882353,0.9411764705882353,0.0,0.0,0.0,0.9411764705771626,80,5,0,0
sem_erro,mlp,lacuna,100,60,60,78,78,42,36,0,78,0,2,2,0.9743589743589743,0.9743589743589743,0.0,0.0,0.0,0.9743589743464826,76,2,0,0
sem_erro,mlp,lacuna,100,65,65,72,72,37,35,0,72,0,1,1,0.9722222222222222,0.9722222222222222,0.0,0.0,0.0,0.9722222222087191,70,2,0,0
sem_erro,mlp,lacuna,100,70,70,67,67,37,30,0,67,0,3,3,0.9552238805970149,0.9552238805970149,0.0,0.0,0.0,0.9552238805827578,64,3,0,0
sem_erro,mlp,lacuna,100,75,75,63,63,35,28,0,63,0,2,2,0.9682539682539683,0.9682539682539683,0.0,0.0,0.0,0.9682539682385992,61,2,0,0
sem_erro,mlp,lacuna,100,80,80,59,59,31,28,0,59,0,1,1,0.9830508474576272,0.9830508474576272,0.0,0.0,0.0,0.9830508474409653,58,1,0,0
sem_erro,mlp,lacuna,100,85,85,55,55,30,25,0,55,0,1,1,0.9818181818181818,0.9818181818181818,0.0,0.0,0.0,0.9818181818003306,54,1,0,0
sem_erro,mlp,lacuna,100,90,90,52,52,26,26,0,52,0,1,1,0.9807692307692307,0.9807692307692307,0.0,0.0,0.0,0.9807692307503699,51,1,0,0
sem_erro,mlp,lacuna,100,95,95,49,49,25,24,0,49,0,0,0,1.0,1.0,0.0,0.0,0.0,0.9999999999795919,49,0,0,0
sem_erro,mlp,lacuna,100,100,100,47,47,28,19,0,47,0,4,4,0.9148936170212766,0.9148936170212766,0.0,0.0,0.0,0.9148936170018108,43,4,0,0
sem_erro,mlp,oscilacao,20,5,5,947,947,376,571,0,947,0,51,51,0.8247096092925026,0.8247096092925026,0.0,0.0,0.0,0.8247096092916317,781,166,0,0
sem_erro,mlp,oscilacao,20,10,10,474,474,188,286,0,474,0,45,45,0.7784810126582279,0.7784810126582279,0.0,0.0,0.0,0.7784810126565855,369,105,0,0
sem_erro,mlp,oscilacao,20,15,15,316,316,127,189,0,316,0,34,34,0.8006329113924051,0.8006329113924051,0.0,0.0,0.0,0.8006329113898715,253,63,0,0
sem_erro,mlp,oscilacao,20,20,20,237,237,93,144,0,237,0,41,41,0.6751054852320675,0.6751054852320675,0.0,0.0,0.0,0.675105485229219,160,77,0,0
sem_erro,mlp,oscilacao,30,5,5,945,945,411,534,0,945,0,30,30,0.9079365079365079,0.9079365079365079,0.0,0.0,0.0,0.9079365079355471,858,87,0,0
sem_erro,mlp,oscilacao,30,10,10,473,473,206,267,0,473,0,27,27,0.8456659619450317,0.8456659619450317,0.0,0.0,0.0,0.8456659619432438,400,73,0,0
sem_erro,mlp,oscilacao,30,15,15,315,315,136,179,0,315,0,37,37,0.6507936507936508,0.6507936507936508,0.0,0.0,0.0,0.6507936507915848,205,110,0,0
sem_erro,mlp,oscilacao,30,20,20,237,237,101,136,0,237,0,19,19,0.890295358649789,0.890295358649789,0.0,0.0,0.0,0.8902953586460326,211,26,0,0
sem_erro,mlp,oscilacao,30,25,25,189,189,84,105,0,189,0,24,24,0.798941798941799,0.798941798941799,0.0,0.0,0.0,0.7989417989375718,151,38,0,0
sem_erro,mlp,oscilacao,30,30,30,158,158,67,91,0,158,0,23,23,0.8037974683544303,0.8037974683544303,0.0,0.0,0.0,0.8037974683493431,127,31,0,0
sem_erro,mlp,oscilacao,40,5,5,943,943,443,500,0,943,0,54,54,0.7094379639448568,0.7094379639448568,0.0,0.0,0.0,0.7094379639441045,669,274,0,0
sem_erro,mlp,oscilacao,40,10,10,472,472,222,250,0,472,0,33,33,0.7817796610169492,0.7817796610169492,0.0,0.0,0.0,0.7817796610152928,369,103,0,0
sem_erro,mlp,oscilacao,40,15,15,315,315,147,168,0,315,0,29,29,0.7777777777777778,0.7777777777777778,0.0,0.0,0.0,0.7777777777753087,245,70,0,0
sem_erro,mlp,oscilacao,40,20,20,236,236,110,126,0,236,0,25,25,0.826271186440678,0.826271186440678,0.0,0.0,0.0,0.8262711864371769,195,41,0,0
sem_erro,mlp,oscilacao,40,25,25,189,189,91,98,0,189,0,29,29,0.7566137566137566,0.7566137566137566,0.0,0.0,0.0,0.7566137566097534,143,46,0,0
sem_erro,mlp,oscilacao,40,30,30,158,158,74,84,0,158,0,22,22,0.8164556962025317,0.8164556962025317,0.0,0.0,0.0,0.8164556961973642,129,29,0,0
sem_erro,mlp,oscilacao,40,35,35,135,135,64,71,0,135,0,10,10,0.9037037037037037,0.9037037037037037,0.0,0.0,0.0,0.9037037036970097,122,13,0,0
sem_erro,mlp,oscilacao,40,40,40,118,118,55,63,0,118,0,15,15,0.8220338983050848,0.8220338983050848,0.0,0.0,0.0,0.8220338982981183,97,21,0,0
sem_erro,mlp,oscilacao,50,5,5,941,941,474,467,0,941,0,57,57,0.6992561105207227,0.6992561105207227,0.0,0.0,0.0,0.6992561105199795,658,283,0,0
sem_erro,mlp,oscilacao,50,10,10,471,471,237,234,0,471,0,37,37,0.6985138004246284,0.6985138004246284,0.0,0.0,0.0,0.6985138004231454,329,142,0,0
sem_erro,mlp,oscilacao,50,15,15,314,314,160,154,0,314,0,22,22,0.8407643312101911,0.8407643312101911,0.0,0.0,0.0,0.8407643312075135,264,50,0,0
sem_erro,mlp,oscilacao,50,20,20,236,236,116,120,0,236,0,12,12,0.9322033898305084,0.9322033898305084,0.0,0.0,0.0,0.9322033898265585,220,16,0,0
sem_erro,mlp,oscilacao,50,25,25,189,189,95,94,0,189,0,24,24,0.7513227513227513,0.7513227513227513,0.0,0.0,0.0,0.7513227513187761,142,47,0,0
sem_erro,mlp,oscilacao,50,30,30,157,157,80,77,0,157,0,21,21,0.8280254777070064,0.8280254777070064,0.0,0.0,0.0,0.8280254777017324,130,27,0,0
sem_erro,mlp,oscilacao,50,35,35,135,135,69,66,0,135,0,23,23,0.7777777777777778,0.7777777777777778,0.0,0.0,0.0,0.7777777777720165,105,30,0,0
sem_erro,mlp,oscilacao,50,40,40,118,118,56,62,0,118,0,18,18,0.8135593220338984,0.8135593220338984,0.0,0.0,0.0,0.8135593220270038,96,22,0,0
sem_erro,mlp,oscilacao,50,45,45,105,105,52,53,0,105,0,16,16,0.8476190476190476,0.8476190476190476,0.0,0.0,0.0,0.8476190476109751,89,16,0,0
sem_erro,mlp,oscilacao,50,50,50,95,95,47,48,0,95,0,15,15,0.7894736842105263,0.7894736842105263,0.0,0.0,0.0,0.7894736842022161,75,20,0,0
sem_erro,mlp,oscilacao,60,5,5,939,939,504,435,0,939,0,54,54,0.7145899893503728,0.7145899893503728,0.0,0.0,0.0,0.7145899893496117,671,268,0,0
sem_erro,mlp,oscilacao,60,10,10,470,470,252,218,0,470,0,27,27,0.7808510638297872,0.7808510638297872,0.0,0.0,0.0,0.7808510638281259,367,103,0,0
sem_erro,mlp,oscilacao,60,15,15,313,313,167,146,0,313,0,28,28,0.7571884984025559,0.7571884984025559,0.0,0.0,0.0,0.7571884984001368,237,76,0,0
sem_erro,mlp,oscilacao,60,20,20,235,235,125,110,0,235,0,26,26,0.6553191489361702,0.6553191489361702,0.0,0.0,0.0,0.6553191489333816,154,81,0,0
sem_erro,mlp,oscilacao,60,25,25,188,188,101,87,0,188,0,26,26,0.6914893617021277,0.6914893617021277,0.0,0.0,0.0,0.6914893616984495,130,58,0,0
sem_erro,mlp,oscilacao,60,30,30,157,157,83,74,0,157,0,20,20,0.8152866242038217,0.8152866242038217,0.0,0.0,0.0,0.8152866241986289,128,29,0,0
sem_erro,mlp,oscilacao,60,35,35,135,135,72,63,0,135,0,26,26,0.762962962962963,0.762962962962963,0.0,0.0,0.0,0.7629629629573115,103,32,0,0
sem_erro,mlp,oscilacao,60,40,40,118,118,62,56,0,118,0,22,22,0.7033898305084746,0.7033898305084746,0.0,0.0,0.0,0.7033898305025136,83,35,0,0
sem_erro,mlp,oscilacao,60,45,45,105,105,56,49,0,105,0,22,22,0.7333333333333333,0.7333333333333333,0.0,0.0,0.0,0.7333333333263492,77,28,0,0
sem_erro,mlp,oscilacao,60,50,50,94,94,50,44,0,94,0,18,18,0.776595744680851,0.776595744680851,0.0,0.0,0.0,0.7765957446725894,73,21,0,0
sem_erro,mlp,oscilacao,60,55,55,86,86,45,41,0,86,0,20,20,0.7441860465116279,0.7441860465116279,0.0,0.0,0.0,0.7441860465029746,64,22,0,0
sem_erro,mlp,oscilacao,60,60,60,79,79,43,36,0,79,0,20,20,0.6962025316455697,0.6962025316455697,0.0,0.0,0.0,0.6962025316367569,55,24,0,0
sem_erro,mlp,oscilacao,70,5,5,937,937,530,407,0,937,0,49,49,0.7737459978655283,0.7737459978655283,0.0,0.0,0.0,0.7737459978647026,725,212,0,0
sem_erro,mlp,oscilacao,70,10,10,469,469,265,204,0,469,0,28,28,0.7889125799573561,0.7889125799573561,0.0,0.0,0.0,0.788912579955674,370,99,0,0
sem_erro,mlp,oscilacao,70,15,15,313,313,175,138,0,313,0,23,23,0.8338658146964856,0.8338658146964856,0.0,0.0,0.0,0.8338658146938216,261,52,0,0
sem_erro,mlp,oscilacao,70,20,20,235,235,131,104,0,235,0,28,28,0.6893617021276596,0.6893617021276596,0.0,0.0,0.0,0.6893617021247261,162,73,0,0
sem_erro,mlp,oscilacao,70,25,25,188,188,107,81,0,188,0,20,20,0.7606382978723404,0.7606382978723404,0.0,0.0,0.0,0.7606382978682945,143,45,0,0
sem_erro,mlp,oscilacao,70,30,30,157,157,87,70,0,157,0,22,22,0.7961783439490446,0.7961783439490446,0.0,0.0,0.0,0.7961783439439735,125,32,0,0
sem_erro,mlp,oscilacao,70,35,35,134,134,75,59,0,134,0,11,11,0.8731343283582089,0.8731343283582089,0.0,0.0,0.0,0.8731343283516931,117,17,0,0
sem_erro,mlp,oscilacao,70,40,40,118,118,67,51,0,118,0,15,15,0.8050847457627118,0.8050847457627118,0.0,0.0,0.0,0.8050847457558891,95,23,0,0
sem_erro,mlp,oscilacao,70,45,45,105,105,58,47,0,105,0,24,24,0.5714285714285714,0.5714285714285714,0.0,0.0,0.0,0.5714285714231292,60,45,0,0
sem_erro,mlp,oscilacao,70,50,50,94,94,54,40,0,94,0,22,22,0.6702127659574468,0.6702127659574468,0.0,0.0,0.0,0.6702127659503169,63,31,0,0
sem_erro,mlp,oscilacao,70,55,55,86,86,48,38,0,86,0,22,22,0.6046511627906976,0.6046511627906976,0.0,0.0,0.0,0.6046511627836668,52,34,0,0
sem_erro,mlp,oscilacao,70,60,60,79,79,45,34,0,79,0,13,13,0.7848101265822784,0.7848101265822784,0.0,0.0,0.0,0.7848101265723442,62,17,0,0
sem_erro,mlp,oscilacao,70,65,65,73,73,41,32,0,73,0,20,20,0.589041095890411,0.589041095890411,0.0,0.0,0.0,0.5890410958823419,43,30,0,0
sem_erro,mlp,oscilacao,70,70,70,67,67,38,29,0,67,0,14,14,0.7910447761194029,0.7910447761194029,0.0,0.0,0.0,0.7910447761075963,53,14,0,0
sem_erro,mlp,oscilacao,80,5,5,935,935,551,384,0,935,0,30,30,0.8449197860962567,0.8449197860962567,0.0,0.0,0.0,0.844919786095353,790,145,0,0
sem_erro,mlp,oscilacao,80,10,10,468,468,276,192,0,468,0,26,26,0.7564102564102564,0.7564102564102564,0.0,0.0,0.0,0.7564102564086401,354,114,0,0
sem_erro,mlp,oscilacao,80,15,15,312,312,184,128,0,312,0,31,31,0.6891025641025641,0.6891025641025641,0.0,0.0,0.0,0.6891025641003554,215,97,0,0
sem_erro,mlp,oscilacao,80,20,20,234,234,138,96,0,234,0,30,30,0.5726495726495726,0.5726495726495726,0.0,0.0,0.0,0.5726495726471255,134,100,0,0
sem_erro,mlp,oscilacao,80,25,25,187,187,111,76,0,187,0,24,24,0.7486631016042781,0.7486631016042781,0.0,0.0,0.0,0.7486631016002746,140,47,0,0
sem_erro,mlp,oscilacao,80,30,30,156,156,92,64,0,156,0,22,22,0.7628205128205128,0.7628205128205128,0.0,0.0,0.0,0.762820512815623,119,37,0,0
sem_erro,mlp,oscilacao,80,35,35,134,134,80,54,0,134,0,24,24,0.6940298507462687,0.6940298507462687,0.0,0.0,0.0,0.6940298507410894,93,41,0,0
sem_erro,mlp,oscilacao,80,40,40,117,117,69,48,0,117,0,17,17,0.7521367521367521,0.7521367521367521,0.0,0.0,0.0,0.7521367521303236,88,29,0,0
sem_erro,mlp,oscilacao,80,45,45,104,104,59,45,0,104,0,24,24,0.6442307692307693,0.6442307692307693,0.0,0.0,0.0,0.6442307692245747,67,37,0,0
sem_erro,mlp,oscilacao,80,50,50,94,94,56,38,0,94,0,25,25,0.5957446808510638,0.5957446808510638,0.0,0.0,0.0,0.5957446808447261,56,38,0,0
sem_erro,mlp,oscilacao,80,55,55,85,85,51,34,0,85,0,18,18,0.5647058823529412,0.5647058823529412,0.0,0.0,0.0,0.5647058823462976,48,37,0,0
sem_erro,mlp,oscilacao,80,60,60,78,78,47,31,0,78,0,5,5,0.0641025641025641,0.0641025641025641,0.0,0.0,0.0,0.06410256410174227,5,73,0,0
sem_erro,mlp,oscilacao,80,65,65,72,72,43,29,0,72,0,13,13,0.7222222222222222,0.7222222222222222,0.0,0.0,0.0,0.7222222222121913,52,20,0,0
sem_erro,mlp,oscilacao,80,70,70,67,67,40,27,0,67,0,15,15,0.7611940298507462,0.7611940298507462,0.0,0.0,0.0,0.7611940298393851,51,16,0,0
sem_erro,mlp,oscilacao,80,75,75,63,63,35,28,0,63,0,11,11,0.7619047619047619,0.7619047619047619,0.0,0.0,0.0,0.7619047618926682,48,15,0,0
sem_erro,mlp,oscilacao,80,80,80,59,59,36,23,0,59,0,8,8,0.13559322033898305,0.13559322033898305,0.0,0.0,0.0,0.13559322033668486,8,51,0,0
sem_erro,mlp,oscilacao,90,5,5,933,933,571,362,0,933,0,63,63,0.6430868167202572,0.6430868167202572,0.0,0.0,0.0,0.643086816719568,600,333,0,0
sem_erro,mlp,oscilacao,90,10,10,467,467,286,181,0,467,0,34,34,0.8222698072805139,0.8222698072805139,0.0,0.0,0.0,0.8222698072787532,384,83,0,0
sem_erro,mlp,oscilacao,90,15,15,311,311,189,122,0,311,0,27,27,0.6977491961414791,0.6977491961414791,0.0,0.0,0.0,0.6977491961392356,217,94,0,0
sem_erro,mlp,oscilacao,90,20,20,234,234,142,92,0,234,0,26,26,0.7094017094017094,0.7094017094017094,0.0,0.0,0.0,0.7094017093986777,166,68,0,0
sem_erro,mlp,oscilacao,90,25,25,187,187,115,72,0,187,0,26,26,0.6844919786096256,0.6844919786096256,0.0,0.0,0.0,0.6844919786059653,128,59,0,0
sem_erro,mlp,oscilacao,90,30,30,156,156,95,61,0,156,0,27,27,0.6538461538461539,0.6538461538461539,0.0,0.0,0.0,0.6538461538419625,102,54,0,0
sem_erro,mlp,oscilacao,90,35,35,134,134,82,52,0,134,0,20,20,0.6865671641791045,0.6865671641791045,0.0,0.0,0.0,0.6865671641739809,92,42,0,0
sem_erro,mlp,oscilacao,90,40,40,117,117,69,48,0,117,0,18,18,0.6495726495726496,0.6495726495726496,0.0,0.0,0.0,0.6495726495670977,76,41,0,0
sem_erro,mlp,oscilacao,90,45,45,104,104,61,43,0,104,0,22,22,0.5865384615384616,0.5865384615384616,0.0,0.0,0.0,0.5865384615328217,61,43,0,0
sem_erro,mlp,oscilacao,90,50,50,94,94,59,35,0,94,0,22,22,0.574468085106383,0.574468085106383,0.0,0.0,0.0,0.5744680851002716,54,40,0,0
sem_erro,mlp,oscilacao,90,55,55,85,85,51,34,0,85,0,16,16,0.7529411764705882,0.7529411764705882,0.0,0.0,0.0,0.7529411764617301,64,21,0,0
sem_erro,mlp,oscilacao,90,60,60,78,78,47,31,0,78,0,12,12,0.8076923076923077,0.8076923076923077,0.0,0.0,0.0,0.8076923076819527,63,15,0,0
sem_erro,mlp,oscilacao,90,65,65,72,72,43,29,0,72,0,12,12,0.625,0.625,0.0,0.0,0.0,0.6249999999913194,45,27,0,0
sem_erro,mlp,oscilacao,90,70,70,67,67,40,27,0,67,0,12,12,0.8208955223880597,0.8208955223880597,0.0,0.0,0.0,0.8208955223758075,55,12,0,0
sem_erro,mlp,oscilacao,90,75,75,63,63,38,25,0,63,0,18,18,0.5714285714285714,0.5714285714285714,0.0,0.0,0.0,0.5714285714195012,36,27,0,0
sem_erro,mlp,oscilacao,90,80,80,59,59,36,23,0,59,0,16,16,0.576271186440678,0.576271186440678,0.0,0.0,0.0,0.5762711864309107,34,25,0,0
sem_erro,mlp,oscilacao,90,85,85,55,55,33,22,0,55,0,12,12,0.7818181818181819,0.7818181818181819,0.0,0.0,0.0,0.781818181803967,43,12,0,0
sem_erro,mlp,oscilacao,90,90,90,52,52,31,21,0,52,0,11,11,0.34615384615384615,0.34615384615384615,0.0,0.0,0.0,0.34615384614718936,18,34,0,0
sem_erro,mlp,oscilacao,100,5,5,931,931,591,340,0,931,0,42,42,0.8206229860365198,0.8206229860365198,0.0,0.0,0.0,0.8206229860356384,764,167,0,0
sem_erro,mlp,oscilacao,100,10,10,466,466,296,170,0,466,0,22,22,0.16738197424892703,0.16738197424892703,0.0,0.0,0.0,0.16738197424856785,78,388,0,0
sem_erro,mlp,oscilacao,100,15,15,311,311,196,115,0,311,0,31,31,0.7106109324758842,0.7106109324758842,0.0,0.0,0.0,0.7106109324735993,221,90,0,0
sem_erro,mlp,oscilacao,100,20,20,233,233,148,85,0,233,0,15,15,0.8240343347639485,0.8240343347639485,0.0,0.0,0.0,0.8240343347604119,192,41,0,0
sem_erro,mlp,oscilacao,100,25,25,187,187,117,70,0,187,0,22,22,0.6898395721925134,0.6898395721925134,0.0,0.0,0.0,0.6898395721888244,129,58,0,0
sem_erro,mlp,oscilacao,100,30,30,156,156,98,58,0,156,0,27,27,0.5833333333333334,0.5833333333333334,0.0,0.0,0.0,0.583333333329594,91,65,0,0
sem_erro,mlp,oscilacao,100,35,35,133,133,84,49,0,133,0,23,23,0.6992481203007519,0.6992481203007519,0.0,0.0,0.0,0.6992481202954944,93,40,0,0
sem_erro,mlp,oscilacao,100,40,40,117,117,73,44,0,117,0,19,19,0.6068376068376068,0.6068376068376068,0.0,0.0,0.0,0.6068376068324202,71,46,0,0
sem_erro,mlp,oscilacao,100,45,45,104,104,65,39,0,104,0,22,22,0.6634615384615384,0.6634615384615384,0.0,0.0,0.0,0.663461538455159,69,35,0,0
sem_erro,mlp,oscilacao,100,50,50,94,94,59,35,0,94,0,19,19,0.6702127659574468,0.6702127659574468,0.0,0.0,0.0,0.6702127659503169,63,31,0,0
sem_erro,mlp,oscilacao,100,55,55,85,85,53,32,0,85,0,17,17,0.6588235294117647,0.6588235294117647,0.0,0.0,0.0,0.6588235294040138,56,29,0,0
sem_erro,mlp,oscilacao,100,60,60,78,78,49,29,0,78,0,14,14,0.6923076923076923,0.6923076923076923,0.0,0.0,0.0,0.6923076922988165,54,24,0,0
sem_erro,mlp,oscilacao,100,65,65,72,72,43,29,0,72,0,9,9,0.7222222222222222,0.7222222222222222,0.0,0.0,0.0,0.7222222222121913,52,20,0,0
sem_erro,mlp,oscilacao,100,70,70,67,67,43,24,0,67,0,14,14,0.7910447761194029,0.7910447761194029,0.0,0.0,0.0,0.7910447761075963,53,14,0,0
sem_erro,mlp,oscilacao,100,75,75,63,63,39,24,0,63,0,14,14,0.5714285714285714,0.5714285714285714,0.0,0.0,0.0,0.5714285714195012,36,27,0,0
sem_erro,mlp,oscilacao,100,80,80,59,59,38,21,0,59,0,15,15,0.576271186440678,0.576271186440678,0.0,0.0,0.0,0.5762711864309107,34,25,0,0
sem_erro,mlp,oscilacao,100,85,85,55,55,35,20,0,55,0,12,12,0.4727272727272727,0.4727272727272727,0.0,0.0,0.0,0.4727272727186777,26,29,0,0
sem_erro,mlp,oscilacao,100,90,90,52,52,32,20,0,52,0,10,10,0.36538461538461536,0.36538461538461536,0.0,0.0,0.0,0.36538461537758876,19,33,0,0
sem_erro,mlp,oscilacao,100,95,95,49,49,30,19,0,49,0,14,14,0.6122448979591837,0.6122448979591837,0.0,0.0,0.0,0.6122448979466889,30,19,0,0
sem_erro,mlp,oscilacao,100,100,100,47,47,27,20,0,47,0,11,11,0.6808510638297872,0.6808510638297872,0.0,0.0,0.0,0.6808510638153011,32,15,0,0
sem_erro,mlp,queda,20,5,5,947,947,231,716,0,947,0,60,60,0.7972544878563886,0.7972544878563886,0.0,0.0,0.0,0.7972544878555468,755,192,0,0
sem_erro,mlp,queda,20,10,10,474,474,114,360,0,474,0,34,34,0.8544303797468354,0.8544303797468354,0.0,0.0,0.0,0.8544303797450329,405,69,0,0
sem_erro,mlp,queda,20,15,15,316,316,76,240,0,316,0,28,28,0.8829113924050633,0.8829113924050633,0.0,0.0,0.0,0.8829113924022693,279,37,0,0
sem_erro,mlp,queda,20,20,20,237,237,56,181,0,237,0,11,11,0.9409282700421941,0.9409282700421941,0.0,0.0,0.0,0.940928270038224,223,14,0,0
sem_erro,mlp,queda,30,5,5,945,945,266,679,0,945,0,29,29,0.9248677248677248,0.9248677248677248,0.0,0.0,0.0,0.9248677248667462,874,71,0,0
sem_erro,mlp,queda,30,10,10,473,473,132,341,0,473,0,56,56,0.7843551797040169,0.7843551797040169,0.0,0.0,0.0,0.7843551797023587,371,102,0,0
sem_erro,mlp,queda,30,15,15,315,315,89,226,0,315,0,58,58,0.6349206349206349,0.6349206349206349,0.0,0.0,0.0,0.6349206349186193,200,115,0,0
sem_erro,mlp,queda,30,20,20,237,237,69,168,0,237,0,49,49,0.6540084388185654,0.6540084388185654,0.0,0.0,0.0,0.654008438815806,155,82,0,0
sem_erro,mlp,queda,30,25,25,189,189,55,134,0,189,0,25,25,0.7883597883597884,0.7883597883597884,0.0,0.0,0.0,0.7883597883556172,149,40,0,0
sem_erro,mlp,queda,30,30,30,158,158,45,113,0,158,0,32,32,0.7531645569620253,0.7531645569620253,0.0,0.0,0.0,0.7531645569572585,119,39,0,0
sem_erro,mlp,queda,40,5,5,943,943,297,646,0,943,0,63,63,0.7794273594909862,0.7794273594909862,0.0,0.0,0.0,0.7794273594901597,735,208,0,0
sem_erro,mlp,queda,40,10,10,472,472,147,325,0,472,0,46,46,0.7627118644067796,0.7627118644067796,0.0,0.0,0.0,0.7627118644051638,360,112,0,0
sem_erro,mlp,queda,40,15,15,315,315,101,214,0,315,0,61,61,0.5682539682539682,0.5682539682539682,0.0,0.0,0.0,0.5682539682521643,179,136,0,0
sem_erro,mlp,queda,40,20,20,236,236,73,163,0,236,0,34,34,0.2711864406779661,0.2711864406779661,0.0,0.0,0.0,0.271186440676817,64,172,0,0
sem_erro,mlp,queda,40,25,25,189,189,59,130,0,189,0,31,31,0.7566137566137566,0.7566137566137566,0.0,0.0,0.0,0.7566137566097534,143,46,0,0
sem_erro,mlp,queda,40,30,30,158,158,50,108,0,158,0,31,31,0.689873417721519,0.689873417721519,0.0,0.0,0.0,0.6898734177171527,109,49,0,0
sem_erro,mlp,queda,40,35,35,135,135,42,93,0,135,0,27,27,0.6962962962962963,0.6962962962962963,0.0,0.0,0.0,0.6962962962911386,94,41,0,0
sem_erro,mlp,queda,40,40,40,118,118,37,81,0,118,0,21,21,0.7372881355932204,0.7372881355932204,0.0,0.0,0.0,0.7372881355869721,87,31,0,0
sem_erro,mlp,queda,50,5,5,941,941,326,615,0,941,0,71,71,0.2614240170031881,0.2614240170031881,0.0,0.0,0.0,0.2614240170029103,246,695,0,0
sem_erro,mlp,queda,50,10,10,471,471,162,309,0,471,0,57,57,0.524416135881104,0.524416135881104,0.0,0.0,0.0,0.5244161358799906,247,224,0,0
sem_erro,mlp,queda,50,15,15,314,314,108,206,0,314,0,40,40,0.31210191082802546,0.31210191082802546,0.0,0.0,0.0,0.31210191082703154,98,216,0,0
sem_erro,mlp,queda,50,20,20,236,236,84,152,0,236,0,20,20,0.8432203389830508,0.8432203389830508,0.0,0.0,0.0,0.8432203389794779,199,37,0,0
sem_erro,mlp,queda,50,25,25,189,189,66,123,0,189,0,30,30,0.6613756613756614,0.6613756613756614,0.0,0.0,0.0,0.6613756613721621,125,64,0,0
sem_erro,mlp,queda,50,30,30,157,157,52,105,0,157,0,33,33,0.6815286624203821,0.6815286624203821,0.0,0.0,0.0,0.6815286624160413,107,50,0,0
sem_erro,mlp,queda,50,35,35,135,135,47,88,0,135,0,29,29,0.37777777777777777,0.37777777777777777,0.0,0.0,0.0,0.37777777777497945,51,84,0,0
sem_erro,mlp,queda,50,40,40,118,118,42,76,0,118,0,19,19,0.7796610169491526,0.7796610169491526,0.0,0.0,0.0,0.7796610169425452,92,26,0,0
sem_erro,mlp,queda,50,45,45,105,105,37,68,0,105,0,28,28,0.5523809523809524,0.5523809523809524,0.0,0.0,0.0,0.5523809523756916,58,47,0,0
sem_erro,mlp,queda,50,50,50,95,95,30,65,0,95,0,21,21,0.6526315789473685,0.6526315789473685,0.0,0.0,0.0,0.6526315789404986,62,33,0,0
sem_erro,mlp,queda,60,5,5,939,939,354,585,0,939,0,93,93,0.5601703940362087,0.5601703940362087,0.0,0.0,0.0,0.5601703940356122,526,413,0,0
sem_erro,mlp,queda,60,10,10,470,470,176,294,0,470,0,61,61,0.6127659574468085,0.6127659574468085,0.0,0.0,0.0,0.6127659574455048,288,182,0,0
sem_erro,mlp,queda,60,15,15,313,313,118,195,0,313,0,46,46,0.5079872204472844,0.5079872204472844,0.0,0.0,0.0,0.5079872204456614,159,154,0,0
sem_erro,mlp,queda,60,20,20,235,235,87,148,0,235,0,32,32,0.774468085106383,0.774468085106383,0.0,0.0,0.0,0.7744680851030874,182,53,0,0
sem_erro,mlp,queda,60,25,25,188,188,71,117,0,188,0,33,33,0.5851063829787234,0.5851063829787234,0.0,0.0,0.0,0.5851063829756111,110,78,0,0
sem_erro,mlp,queda,60,30,30,157,157,59,98,0,157,0,33,33,0.46496815286624205,0.46496815286624205,0.0,0.0,0.0,0.46496815286328047,73,84,0,0
sem_erro,mlp,queda,60,35,35,135,135,56,79,0,135,0,30,30,0.45925925925925926,0.45925925925925926,0.0,0.0,0.0,0.45925925925585737,62,73,0,0
sem_erro,mlp,queda,60,40,40,118,118,44,74,0,118,0,23,23,0.6101694915254238,0.6101694915254238,0.0,0.0,0.0,0.6101694915202528,72,46,0,0
sem_erro,mlp,queda,60,45,45,105,105,40,65,0,105,0,28,28,0.42857142857142855,0.42857142857142855,0.0,0.0,0.0,0.4285714285673469,45,60,0,0
sem_erro,mlp,queda,60,50,50,94,94,35,59,0,94,0,22,22,0.5957446808510638,0.5957446808510638,0.0,0.0,0.0,0.5957446808447261,56,38,0,0
sem_erro,mlp,queda,60,55,55,86,86,33,53,0,86,0,22,22,0.47674418604651164,0.47674418604651164,0.0,0.0,0.0,0.4767441860409681,41,45,0,0
sem_erro,mlp,queda,60,60,60,79,79,30,49,0,79,0,20,20,0.5569620253164557,0.5569620253164557,0.0,0.0,0.0,0.5569620253094055,44,35,0,0
sem_erro,mlp,queda,70,5,5,937,937,382,555,0,937,0,76,76,0.49092849519743864,0.49092849519743864,0.0,0.0,0.0,0.4909284951969147,460,477,0,0
sem_erro,mlp,queda,70,10,10,469,469,190,279,0,469,0,32,32,0.1535181236673774,0.1535181236673774,0.0,0.0,0.0,0.15351812366705006,72,397,0,0
sem_erro,mlp,queda,70,15,15,313,313,129,184,0,313,0,35,35,0.4440894568690096,0.4440894568690096,0.0,0.0,0.0,0.44408945686759077,139,174,0,0
sem_erro,mlp,queda,70,20,20,235,235,98,137,0,235,0,15,15,0.0851063829787234,0.0851063829787234,0.0,0.0,0.0,0.08510638297836125,20,215,0,0
sem_erro,mlp,queda,70,25,25,188,188,76,112,0,188,0,29,29,0.40425531914893614,0.40425531914893614,0.0,0.0,0.0,0.4042553191467859,76,112,0,0
sem_erro,mlp,queda,70,30,30,157,157,64,93,0,157,0,27,27,0.3184713375796178,0.3184713375796178,0.0,0.0,0.0,0.3184713375775894,50,107,0,0
sem_erro,mlp,queda,70,35,35,134,134,56,78,0,134,0,33,33,0.44029850746268656,0.44029850746268656,0.0,0.0,0.0,0.4402985074594008,59,75,0,0
sem_erro,mlp,queda,70,40,40,118,118,50,68,0,118,0,30,30,0.5254237288135594,0.5254237288135594,0.0,0.0,0.0,0.5254237288091066,62,56,0,0
sem_erro,mlp,queda,70,45,45,105,105,43,62,0,105,0,26,26,0.47619047619047616,0.47619047619047616,0.0,0.0,0.0,0.476190476185941,50,55,0,0
sem_erro,mlp,queda,70,50,50,94,94,39,55,0,94,0,23,23,0.5957446808510638,0.5957446808510638,0.0,0.0,0.0,0.5957446808447261,56,38,0,0
sem_erro,mlp,queda,70,55,55,86,86,34,52,0,86,0,22,22,0.5465116279069767,0.5465116279069767,0.0,0.0,0.0,0.5465116279006219,47,39,0,0
sem_erro,mlp,queda,70,60,60,79,79,34,45,0,79,0,18,18,0.379746835443038,0.379746835443038,0.0,0.0,0.0,0.379746835438231,30,49,0,0
sem_erro,mlp,queda,70,65,65,73,73,30,43,0,73,0,18,18,0.4246575342465753,0.4246575342465753,0.0,0.0,0.0,0.4246575342407581,31,42,0,0
sem_erro,mlp,queda,70,70,70,67,67,29,38,0,67,0,18,18,0.582089552238806,0.582089552238806,0.0,0.0,0.0,0.582089552230118,39,28,0,0
sem_erro,mlp,queda,80,5,5,935,935,410,525,0,935,0,74,74,0.6032085561497326,0.6032085561497326,0.0,0.0,0.0,0.6032085561490875,564,371,0,0
sem_erro,mlp,queda,80,10,10,468,468,204,264,0,468,0,38,38,0.2222222222222222,0.2222222222222222,0.0,0.0,0.0,0.2222222222217474,104,364,0,0
sem_erro,mlp,queda,80,15,15,312,312,136,176,0,312,0,40,40,0.28525641025641024,0.28525641025641024,0.0,0.0,0.0,0.285256410255496,89,223,0,0
sem_erro,mlp,queda,80,20,20,234,234,101,133,0,234,0,22,22,0.8418803418803419,0.8418803418803419,0.0,0.0,0.0,0.8418803418767441,197,37,0,0
sem_erro,mlp,queda,80,25,25,187,187,84,103,0,187,0,33,33,0.42780748663101603,0.42780748663101603,0.0,0.0,0.0,0.4278074866287283,80,107,0,0
sem_erro,mlp,queda,80,30,30,156,156,66,90,0,156,0,26,26,0.34615384615384615,0.34615384615384615,0.0,0.0,0.0,0.34615384615162725,54,102,0,0
sem_erro,mlp,queda,80,35,35,134,134,60,74,0,134,0,22,22,0.3656716417910448,0.3656716417910448,0.0,0.0,0.0,0.3656716417883159,49,85,0,0
sem_erro,mlp,queda,80,40,40,117,117,51,66,0,117,0,30,30,0.4188034188034188,0.4188034188034188,0.0,0.0,0.0,0.4188034187998393,49,68,0,0
sem_erro,mlp,queda,80,45,45,104,104,47,57,0,104,0,22,22,0.40384615384615385,0.40384615384615385,0.0,0.0,0.0,0.4038461538422707,42,62,0,0
sem_erro,mlp,queda,80,50,50,94,94,41,53,0,94,0,21,21,0.3617021276595745,0.3617021276595745,0.0,0.0,0.0,0.36170212765572657,34,60,0,0
sem_erro,mlp,queda,80,55,55,85,85,37,48,0,85,0,20,20,0.4470588235294118,0.4470588235294118,0.0,0.0,0.0,0.4470588235241522,38,47,0,0
sem_erro,mlp,queda,80,60,60,78,78,34,44,0,78,0,19,19,0.38461538461538464,0.38461538461538464,0.0,0.0,0.0,0.38461538461045364,30,48,0,0
sem_erro,mlp,queda,80,65,65,72,72,31,41,0,72,0,18,18,0.5416666666666666,0.5416666666666666,0.0,0.0,0.0,0.5416666666591435,39,33,0,0
sem_erro,mlp,queda,80,70,70,67,67,31,36,0,67,0,16,16,0.3283582089552239,0.3283582089552239,0.0,0.0,0.0,0.32835820895032297,22,45,0,0
sem_erro,mlp,queda,80,75,75,63,63,30,33,0,63,0,14,14,0.2698412698412698,0.2698412698412698,0.0,0.0,0.0,0.26984126983698664,17,46,0,0
sem_erro,mlp,queda,80,80,80,59,59,24,35,0,59,0,19,19,0.4915254237288136,0.4915254237288136,0.0,0.0,0.0,0.49152542372048263,29,30,0,0
sem_erro,mlp,queda,90,5,5,933,933,434,499,0,933,0,36,36,0.11254019292604502,0.11254019292604502,0.0,0.0,0.0,0.11254019292592439,105,828,0,0
sem_erro,mlp,queda,90,10,10,467,467,216,251,0,467,0,7,7,0.014989293361884369,0.014989293361884369,0.0,0.0,0.0,0.014989293361852271,7,460,0,0
sem_erro,mlp,queda,90,15,15,311,311,144,167,0,311,0,27,27,0.15755627009646303,0.15755627009646303,0.0,0.0,0.0,0.1575562700959564,49,262,0,0
sem_erro,mlp,queda,90,20,20,234,234,110,124,0,234,0,8,8,0.038461538461538464,0.038461538461538464,0.0,0.0,0.0,0.038461538461374095,9,225,0,0
sem_erro,mlp,queda,90,25,25,187,187,87,100,0,187,0,22,22,0.17647058823529413,0.17647058823529413,0.0,0.0,0.0,0.17647058823435044,33,154,0,0
sem_erro,mlp,queda,90,30,30,156,156,72,84,0,156,0,26,26,0.32051282051282054,0.32051282051282054,0.0,0.0,0.0,0.32051282051076596,50,106,0,0
sem_erro,mlp,queda,90,35,35,134,134,66,68,0,134,0,15,15,0.1865671641791045,0.1865671641791045,0.0,0.0,0.0,0.1865671641777122,25,109,0,0
sem_erro,mlp,queda,90,40,40,117,117,55,62,0,117,0,17,17,0.23931623931623933,0.23931623931623933,0.0,0.0,0.0,0.23931623931419388,28,89,0,0
sem_erro,mlp,queda,90,45,45,104,104,50,54,0,104,0,14,14,0.34615384615384615,0.34615384615384615,0.0,0.0,0.0,0.34615384615051775,36,68,0,0
sem_erro,mlp,queda,90,50,50,94,94,41,53,0,94,0,19,19,0.4787234042553192,0.4787234042553192,0.0,0.0,0.0,0.4787234042502263,45,49,0,0
sem_erro,mlp,queda,90,55,55,85,85,41,44,0,85,0,13,13,0.2,0.2,0.0,0.0,0.0,0.19999999999764706,17,68,0,0
sem_erro,mlp,queda,90,60,60,78,78,38,40,0,78,0,17,17,0.2692307692307692,0.2692307692307692,0.0,0.0,0.0,0.26923076922731753,21,57,0,0
sem_erro,mlp,queda,90,65,65,72,72,33,39,0,72,0,17,17,0.3611111111111111,0.3611111111111111,0.0,0.0,0.0,0.3611111111060957,26,46,0,0
sem_erro,mlp,queda,90,70,70,67,67,33,34,0,67,0,16,16,0.31343283582089554,0.31343283582089554,0.0,0.0,0.0,0.3134328358162174,21,46,0,0
sem_erro,mlp,queda,90,75,75,63,63,30,33,0,63,0,8,8,0.19047619047619047,0.19047619047619047,0.0,0.0,0.0,0.19047619047316705,12,51,0,0
sem_erro,mlp,queda,90,80,80,59,59,25,34,0,59,0,13,13,0.23728813559322035,0.23728813559322035,0.0,0.0,0.0,0.2372881355891985,14,45,0,0
sem_erro,mlp,queda,90,85,85,55,55,25,30,0,55,0,13,13,0.2909090909090909,0.2909090909090909,0.0,0.0,0.0,0.2909090909038017,16,39,0,0
sem_erro,mlp,queda,90,90,90,52,52,25,27,0,52,0,9,9,0.36538461538461536,0.36538461538461536,0.0,0.0,0.0,0.36538461537758876,19,33,0,0
sem_erro,mlp,queda,100,5,5,931,931,458,473,0,931,0,47,47,0.158968850698174,0.158968850698174,0.0,0.0,0.0,0.15896885069800326,148,783,0,0
sem_erro,mlp,queda,100,10,10,466,466,228,238,0,466,0,57,57,0.30257510729613735,0.30257510729613735,0.0,0.0,0.0,0.30257510729548803,141,325,0,0
sem_erro,mlp,queda,100,15,15,311,311,153,158,0,311,0,21,21,0.13183279742765272,0.13183279742765272,0.0,0.0,0.0,0.13183279742722884,41,270,0,0
sem_erro,mlp,queda,100,20,20,233,233,113,120,0,233,0,28,28,0.27467811158798283,0.27467811158798283,0.0,0.0,0.0,0.27467811158680394,64,169,0,0
sem_erro,mlp,queda,100,25,25,187,187,92,95,0,187,0,24,24,0.20320855614973263,0.20320855614973263,0.0,0.0,0.0,0.20320855614864594,38,149,0,0
sem_erro,mlp,queda,100,30,30,156,156,76,80,0,156,0,22,22,0.24358974358974358,0.24358974358974358,0.0,0.0,0.0,0.24358974358818214,38,118,0,0
sem_erro,mlp,queda,100,35,35,133,133,67,66,0,133,0,18,18,0.2706766917293233,0.2706766917293233,0.0,0.0,0.0,0.27067669172728814,36,97,0,0
sem_erro,mlp,queda,100,40,40,117,117,57,60,0,117,0,13,13,0.1623931623931624,0.1623931623931624,0.0,0.0,0.0,0.16239316239177443,19,98,0,0
sem_erro,mlp,queda,100,45,45,104,104,53,51,0,104,0,15,15,0.25961538461538464,0.25961538461538464,0.0,0.0,0.0,0.2596153846128883,27,77,0,0
sem_erro,mlp,queda,100,50,50,94,94,43,51,0,94,0,15,15,0.26595744680851063,0.26595744680851063,0.0,0.0,0.0,0.2659574468056813,25,69,0,0
sem_erro,mlp,queda,100,55,55,85,85,45,40,0,85,0,11,11,0.16470588235294117,0.16470588235294117,0.0,0.0,0.0,0.16470588235100345,14,71,0,0
sem_erro,mlp,queda,100,60,60,78,78,39,39,0,78,0,16,16,0.21794871794871795,0.21794871794871795,0.0,0.0,0.0,0.21794871794592371,17,61,0,0
sem_erro,mlp,queda,100,65,65,72,72,35,37,0,72,0,12,12,0.2777777777777778,0.2777777777777778,0.0,0.0,0.0,0.27777777777391977,20,52,0,0
sem_erro,mlp,queda,100,70,70,67,67,33,34,0,67,0,9,9,0.19402985074626866,0.19402985074626866,0.0,0.0,0.0,0.19402985074337267,13,54,0,0
sem_erro,mlp,queda,100,75,75,63,63,31,32,0,63,0,10,10,0.2857142857142857,0.2857142857142857,0.0,0.0,0.0,0.2857142857097506,18,45,0,0
sem_erro,mlp,queda,100,80,80,59,59,27,32,0,59,0,10,10,0.1864406779661017,0.1864406779661017,0.0,0.0,0.0,0.1864406779629417,11,48,0,0
sem_erro,mlp,queda,100,85,85,55,55,28,27,0,55,0,7,7,0.12727272727272726,0.12727272727272726,0.0,0.0,0.0,0.12727272727041322,7,48,0,0
sem_erro,mlp,queda,100,90,90,52,52,26,26,0,52,0,14,14,0.34615384615384615,0.34615384615384615,0.0,0.0,0.0,0.34615384614718936,18,34,0,0
sem_erro,mlp,queda,100,95,95,49,49,27,22,0,49,0,10,10,0.22448979591836735,0.22448979591836735,0.0,0.0,0.0,0.22448979591378593,11,38,0,0
sem_erro,mlp,queda,100,100,100,47,47,22,25,0,47,0,7,7,0.19148936170212766,0.19148936170212766,0.0,0.0,0.0,0.19148936169805345,9,38,0,0
sem_erro,random_forest,lacuna,20,5,5,947,947,268,679,0,947,0,0,0,1.0,1.0,0.0,0.0,0.0,0.9999999999989441,947,0,0,0
sem_erro,random_forest,lacuna,20,10,10,474,474,134,340,0,474,0,0,0,1.0,1.0,0.0,0.0,0.0,0.9999999999978904,474,0,0,0
sem_erro,random_forest,lacuna,20,15,15,316,316,90,226,0,316,0,0,0,1.0,1.0,0.0,0.0,0.0,0.9999999999968355,316,0,0,0
sem_erro,random_forest,lacuna,20,20,20,237,237,65,172,0,237,0,0,0,1.0,1.0,0.0,0.0,0.0,0.9999999999957806,237,0,0,0
sem_erro,random_forest,lacuna,30,5,5,945,945,306,639,0,945,0,0,0,1.0,1.0,0.0,0.0,0.0,0.9999999999989418,945,0,0,0
sem_erro,random_forest,lacuna,30,10,10,473,473,153,320,0,473,0,0,0,1.0,1.0,0.0,0.0,0.0,0.9999999999978858,473,0,0,0
sem_erro,random_forest,lacuna,30,15,15,315,315,100,215,0,315,0,0,0,1.0,1.0,0.0,0.0,0.0,0.9999999999968254,315,0,0,0
sem_erro,random_forest,lacuna,30,20,20,237,237,78,159,0,237,0,0,0,1.0,1.0,0.0,0.0,0.0,0.9999999999957806,237,0,0,0
sem_erro,random_forest,lacuna,30,25,25,189,189,61,128,0,189,0,0,0,1.0,1.0,0.0,0.0,0.0,0.999999999994709,189,0,0,0
sem_erro,random_forest,lacuna,30,30,30,158,158,49,109,0,158,0,0,0,1.0,1.0,0.0,0.0,0.0,0.999999999993671,158,0,0,0
sem_erro,random_forest,lacuna,40,5,5,943,943,341,602,0,943,0,0,0,1.0,1.0,0.0,0.0,0.0,0.9999999999989395,943,0,0,0
sem_erro,random_forest,lacuna,40,10,10,472,472,170,302,0,472,0,0,0,1.0,1.0,0.0,0.0,0.0,0.9999999999978814,472,0,0,0
sem_erro,random_forest,lacuna,40,15,15,315,315,114,201,0,315,0,0,0,1.0,1.0,0.0,0.0,0.0,0.9999999999968254,315,0,0,0
sem_erro,random_forest,lacuna,40,20,20,236,236,83,153,0,236,0,0,0,1.0,1.0,0.0,0.0,0.0,0.9999999999957627,236,0,0,0
sem_erro,random_forest,lacuna,40,25,25,189,189,68,121,0,189,0,0,0,1.0,1.0,0.0,0.0,0.0,0.999999999994709,189,0,0,0
sem_erro,random_forest,lacuna,40,30,30,158,158,57,101,0,158,0,0,0,1.0,1.0,0.0,0.0,0.0,0.999999999993671,158,0,0,0
sem_erro,random_forest,lacuna,40,35,35,135,135,50,85,0,135,0,0,0,1.0,1.0,0.0,0.0,0.0,0.9999999999925927,135,0,0,0
sem_erro,random_forest,lacuna,40,40,40,118,118,42,76,0,118,0,0,0,1.0,1.0,0.0,0.0,0.0,0.9999999999915254,118,0,0,0
sem_erro,random_forest,lacuna,50,5,5,941,941,373,568,0,941,0,0,0,1.0,1.0,0.0,0.0,0.0,0.9999999999989373,941,0,0,0
sem_erro,random_forest,lacuna,50,10,10,471,471,186,285,0,471,0,0,0,1.0,1.0,0.0,0.0,0.0,0.9999999999978769,471,0,0,0
sem_erro,random_forest,lacuna,50,15,15,314,314,126,188,0,314,0,0,0,1.0,1.0,0.0,0.0,0.0,0.9999999999968153,314,0,0,0
sem_erro,random_forest,lacuna,50,20,20,236,236,95,141,0,236,0,0,0,1.0,1.0,0.0,0.0,0.0,0.9999999999957627,236,0,0,0
sem_erro,random_forest,lacuna,50,25,25,189,189,77,112,0,189,0,0,0,1.0,1.0,0.0,0.0,0.0,0.999999999994709,189,0,0,0
sem_erro,random_forest,lacuna,50,30,30,157,157,63,94,0,157,0,0,0,1.0,1.0,0.0,0.0,0.0,0.9999999999936307,157,0,0,0
sem_erro,random_forest,lacuna,50,35,35,135,135,55,80,0,135,0,0,0,1.0,1.0,0.0,0.0,0.0,0.9999999999925927,135,0,0,0
sem_erro,random_forest,lacuna,50,40,40,118,118,46,72,0,118,0,0,0,1.0,1.0,0.0,0.0,0.0,0.9999999999915254,118,0,0,0
sem_erro,random_forest,lacuna,50,45,45,105,105,41,64,0,105,0,0,0,1.0,1.0,0.0,0.0,0.0,0.9999999999904762,105,0,0,0
sem_erro,random_forest,lacuna,50,50,50,95,95,39,56,0,95,0,0,0,1.0,1.0,0.0,0.0,0.0,0.9999999999894736,95,0,0,0
sem_erro,random_forest,lacuna,60,5,5,939,939,402,537,0,939,0,0,0,1.0,1.0,0.0,0.0,0.0,0.9999999999989351,939,0,0,0
sem_erro,random_forest,lacuna,60,10,10,470,470,201,269,0,470,0,0,0,1.0,1.0,0.0,0.0,0.0,0.9999999999978724,470,0,0,0
sem_erro,random_forest,lacuna,60,15,15,313,313,133,180,0,313,0,0,0,1.0,1.0,0.0,0.0,0.0,0.9999999999968051,313,0,0,0
sem_erro,random_forest,lacuna,60,20,20,235,235,99,136,0,235,0,0,0,1.0,1.0,0.0,0.0,0.0,0.9999999999957447,235,0,0,0
sem_erro,random_forest,lacuna,60,25,25,188,188,81,107,0,188,0,0,0,1.0,1.0,0.0,0.0,0.0,0.9999999999946809,188,0,0,0
sem_erro,random_forest,lacuna,60,30,30,157,157,65,92,0,157,0,0,0,1.0,1.0,0.0,0.0,0.0,0.9999999999936307,157,0,0,0
sem_erro,random_forest,lacuna,60,35,35,135,135,59,76,0,135,0,0,0,1.0,1.0,0.0,0.0,0.0,0.9999999999925927,135,0,0,0
sem_erro,random_forest,lacuna,60,40,40,118,118,49,69,0,118,0,0,0,1.0,1.0,0.0,0.0,0.0,0.9999999999915254,118,0,0,0
sem_erro,random_forest,lacuna,60,45,45,105,105,44,61,0,105,0,0,0,1.0,1.0,0.0,0.0,0.0,0.9999999999904762,105,0,0,0
sem_erro,random_forest,lacuna,60,50,50,94,94,40,54,0,94,0,0,0,1.0,1.0,0.0,0.0,0.0,0.9999999999893616,94,0,0,0
sem_erro,random_forest,lacuna,60,55,55,86,86,37,49,0,86,0,0,0,1.0,1.0,0.0,0.0,0.0,0.9999999999883721,86,0,0,0
sem_erro,random_forest,lacuna,60,60,60,79,79,32,47,0,79,0,0,0,1.0,1.0,0.0,0.0,0.0,0.9999999999873417,79,0,0,0
sem_erro,random_forest,lacuna,70,5,5,937,937,428,509,0,937,0,0,0,1.0,1.0,0.0,0.0,0.0,0.9999999999989327,937,0,0,0
sem_erro,random_forest,lacuna,70,10,10,469,469,214,255,0,469,0,0,0,1.0,1.0,0.0,0.0,0.0,0.9999999999978678,469,0,0,0
sem_erro,random_forest,lacuna,70,15,15,313,313,143,170,0,313,0,0,0,1.0,1.0,0.0,0.0,0.0,0.9999999999968051,313,0,0,0
sem_erro,random_forest,lacuna,70,20,20,235,235,108,127,0,235,0,0,0,1.0,1.0,0.0,0.0,0.0,0.9999999999957447,235,0,0,0
sem_erro,random_forest,lacuna,70,25,25,188,188,89,99,0,188,0,0,0,1.0,1.0,0.0,0.0,0.0,0.9999999999946809,188,0,0,0
sem_erro,random_forest,lacuna,70,30,30,157,157,71,86,0,157,0,0,0,1.0,1.0,0.0,0.0,0.0,0.9999999999936307,157,0,0,0
sem_erro,random_forest,lacuna,70,35,35,134,134,62,72,0,134,0,0,0,1.0,1.0,0.0,0.0,0.0,0.9999999999925374,134,0,0,0
sem_erro,random_forest,lacuna,70,40,40,118,118,55,63,0,118,0,0,0,1.0,1.0,0.0,0.0,0.0,0.9999999999915254,118,0,0,0
sem_erro,random_forest,lacuna,70,45,45,105,105,50,55,0,105,0,0,0,1.0,1.0,0.0,0.0,0.0,0.9999999999904762,105,0,0,0
sem_erro,random_forest,lacuna,70,50,50,94,94,44,50,0,94,0,0,0,1.0,1.0,0.0,0.0,0.0,0.9999999999893616,94,0,0,0
sem_erro,random_forest,lacuna,70,55,55,86,86,41,45,0,86,0,0,0,1.0,1.0,0.0,0.0,0.0,0.9999999999883721,86,0,0,0
sem_erro,random_forest,lacuna,70,60,60,79,79,36,43,0,79,0,0,0,1.0,1.0,0.0,0.0,0.0,0.9999999999873417,79,0,0,0
sem_erro,random_forest,lacuna,70,65,65,73,73,34,39,0,73,0,0,0,1.0,1.0,0.0,0.0,0.0,0.9999999999863013,73,0,0,0
sem_erro,random_forest,lacuna,70,70,70,67,67,32,35,0,67,0,0,0,1.0,1.0,0.0,0.0,0.0,0.9999999999850746,67,0,0,0
sem_erro,random_forest,lacuna,80,5,5,935,935,452,483,0,935,0,0,0,1.0,1.0,0.0,0.0,0.0,0.9999999999989305,935,0,0,0
sem_erro,random_forest,lacuna,80,10,10,468,468,226,242,0,468,0,0,0,1.0,1.0,0.0,0.0,0.0,0.9999999999978633,468,0,0,0
sem_erro,random_forest,lacuna,80,15,15,312,312,153,159,0,312,0,0,0,1.0,1.0,0.0,0.0,0.0,0.9999999999967949,312,0,0,0
sem_erro,random_forest,lacuna,80,20,20,234,234,112,122,0,234,0,0,0,1.0,1.0,0.0,0.0,0.0,0.9999999999957265,234,0,0,0
sem_erro,random_forest,lacuna,80,25,25,187,187,91,96,0,187,0,0,0,1.0,1.0,0.0,0.0,0.0,0.9999999999946525,187,0,0,0
sem_erro,random_forest,lacuna,80,30,30,156,156,76,80,0,156,0,0,0,1.0,1.0,0.0,0.0,0.0,0.9999999999935898,156,0,0,0
sem_erro,random_forest,lacuna,80,35,35,134,134,67,67,0,134,0,0,0,1.0,1.0,0.0,0.0,0.0,0.9999999999925374,134,0,0,0
sem_erro,random_forest,lacuna,80,40,40,117,117,56,61,0,117,0,0,0,1.0,1.0,0.0,0.0,0.0,0.999999999991453,117,0,0,0
sem_erro,random_forest,lacuna,80,45,45,104,104,51,53,0,104,0,0,0,1.0,1.0,0.0,0.0,0.0,0.9999999999903846,104,0,0,0
sem_erro,random_forest,lacuna,80,50,50,94,94,46,48,0,94,0,0,0,1.0,1.0,0.0,0.0,0.0,0.9999999999893616,94,0,0,0
sem_erro,random_forest,lacuna,80,55,55,85,85,42,43,0,85,0,0,0,1.0,1.0,0.0,0.0,0.0,0.9999999999882353,85,0,0,0
sem_erro,random_forest,lacuna,80,60,60,78,78,38,40,0,78,0,1,1,0.9871794871794872,0.9871794871794872,0.0,0.0,0.0,0.987179487166831,77,1,0,0
sem_erro,random_forest,lacuna,80,65,65,72,72,34,38,0,72,0,0,0,1.0,1.0,0.0,0.0,0.0,0.9999999999861111,72,0,0,0
sem_erro,random_forest,lacuna,80,70,70,67,67,34,33,0,67,0,0,0,1.0,1.0,0.0,0.0,0.0,0.9999999999850746,67,0,0,0
sem_erro,random_forest,lacuna,80,75,75,63,63,30,33,0,63,0,0,0,1.0,1.0,0.0,0.0,0.0,0.999999999984127,63,0,0,0
sem_erro,random_forest,lacuna,80,80,80,59,59,28,31,0,59,0,0,0,1.0,1.0,0.0,0.0,0.0,0.9999999999830509,59,0,0,0
sem_erro,random_forest,lacuna,90,5,5,933,933,475,458,0,933,0,0,0,1.0,1.0,0.0,0.0,0.0,0.9999999999989282,933,0,0,0
sem_erro,random_forest,lacuna,90,10,10,467,467,238,229,0,467,0,0,0,1.0,1.0,0.0,0.0,0.0,0.9999999999978587,467,0,0,0
sem_erro,random_forest,lacuna,90,15,15,311,311,157,154,0,311,0,0,0,1.0,1.0,0.0,0.0,0.0,0.9999999999967846,311,0,0,0
sem_erro,random_forest,lacuna,90,20,20,234,234,120,114,0,234,0,0,0,1.0,1.0,0.0,0.0,0.0,0.9999999999957265,234,0,0,0
sem_erro,random_forest,lacuna,90,25,25,187,187,96,91,0,187,0,0,0,1.0,1.0,0.0,0.0,0.0,0.9999999999946525,187,0,0,0
sem_erro,random_forest,lacuna,90,30,30,156,156,78,78,0,156,0,0,0,1.0,1.0,0.0,0.0,0.0,0.9999999999935898,156,0,0,0
sem_erro,random_forest,lacuna,90,35,35,134,134,71,63,0,134,0,0,0,1.0,1.0,0.0,0.0,0.0,0.9999999999925374,134,0,0,0
sem_erro,random_forest,lacuna,90,40,40,117,117,59,58,0,117,0,0,0,1.0,1.0,0.0,0.0,0.0,0.999999999991453,117,0,0,0
sem_erro,random_forest,lacuna,90,45,45,104,104,53,51,0,104,0,0,0,1.0,1.0,0.0,0.0,0.0,0.9999999999903846,104,0,0,0
sem_erro,random_forest,lacuna,90,50,50,94,94,49,45,0,94,0,0,0,1.0,1.0,0.0,0.0,0.0,0.9999999999893616,94,0,0,0
sem_erro,random_forest,lacuna,90,55,55,85,85,45,40,0,85,0,0,0,1.0,1.0,0.0,0.0,0.0,0.9999999999882353,85,0,0,0
sem_erro,random_forest,lacuna,90,60,60,78,78,40,38,0,78,0,0,0,1.0,1.0,0.0,0.0,0.0,0.9999999999871795,78,0,0,0
sem_erro,random_forest,lacuna,90,65,65,72,72,36,36,0,72,0,0,0,1.0,1.0,0.0,0.0,0.0,0.9999999999861111,72,0,0,0
sem_erro,random_forest,lacuna,90,70,70,67,67,37,30,0,67,0,0,0,1.0,1.0,0.0,0.0,0.0,0.9999999999850746,67,0,0,0
sem_erro,random_forest,lacuna,90,75,75,63,63,32,31,0,63,0,0,0,1.0,1.0,0.0,0.0,0.0,0.999999999984127,63,0,0,0
sem_erro,random_forest,lacuna,90,80,80,59,59,29,30,0,59,0,0,0,1.0,1.0,0.0,0.0,0.0,0.9999999999830509,59,0,0,0
sem_erro,random_forest,lacuna,90,85,85,55,55,28,27,0,55,0,0,0,1.0,1.0,0.0,0.0,0.0,0.9999999999818182,55,0,0,0
sem_erro,random_forest,lacuna,90,90,90,52,52,25,27,0,52,0,4,4,0.9230769230769231,0.9230769230769231,0.0,0.0,0.0,0.9230769230591717,48,4,0,0
sem_erro,random_forest,lacuna,100,5,5,931,931,493,438,0,931,0,0,0,1.0,1.0,0.0,0.0,0.0,0.9999999999989259,931,0,0,0
sem_erro,random_forest,lacuna,100,10,10,466,466,247,219,0,466,0,0,0,1.0,1.0,0.0,0.0,0.0,0.999999999997854,466,0,0,0
sem_erro,random_forest,lacuna,100,15,15,311,311,164,147,0,311,0,0,0,1.0,1.0,0.0,0.0,0.0,0.9999999999967846,311,0,0,0
sem_erro,random_forest,lacuna,100,20,20,233,233,123,110,0,233,0,0,0,1.0,1.0,0.0,0.0,0.0,0.9999999999957082,233,0,0,0
sem_erro,random_forest,lacuna,100,25,25,187,187,99,88,0,187,0,0,0,1.0,1.0,0.0,0.0,0.0,0.9999999999946525,187,0,0,0
sem_erro,random_forest,lacuna,100,30,30,156,156,81,75,0,156,0,0,0,1.0,1.0,0.0,0.0,0.0,0.9999999999935898,156,0,0,0
sem_erro,random_forest,lacuna,100,35,35,133,133,72,61,0,133,0,0,0,1.0,1.0,0.0,0.0,0.0,0.9999999999924812,133,0,0,0
sem_erro,random_forest,lacuna,100,40,40,117,117,61,56,0,117,0,0,0,1.0,1.0,0.0,0.0,0.0,0.999999999991453,117,0,0,0
sem_erro,random_forest,lacuna,100,45,45,104,104,56,48,0,104,0,0,0,1.0,1.0,0.0,0.0,0.0,0.9999999999903846,104,0,0,0
sem_erro,random_forest,lacuna,100,50,50,94,94,51,43,0,94,0,0,0,1.0,1.0,0.0,0.0,0.0,0.9999999999893616,94,0,0,0
sem_erro,random_forest,lacuna,100,55,55,85,85,46,39,0,85,0,0,0,1.0,1.0,0.0,0.0,0.0,0.9999999999882353,85,0,0,0
sem_erro,random_forest,lacuna,100,60,60,78,78,42,36,0,78,0,0,0,1.0,1.0,0.0,0.0,0.0,0.9999999999871795,78,0,0,0
sem_erro,random_forest,lacuna,100,65,65,72,72,37,35,0,72,0,2,2,0.9722222222222222,0.9722222222222222,0.0,0.0,0.0,0.9722222222087191,70,2,0,0
sem_erro,random_forest,lacuna,100,70,70,67,67,37,30,0,67,0,0,0,1.0,1.0,0.0,0.0,0.0,0.9999999999850746,67,0,0,0
sem_erro,random_forest,lacuna,100,75,75,63,63,35,28,0,63,0,0,0,1.0,1.0,0.0,0.0,0.0,0.999999999984127,63,0,0,0
sem_erro,random_forest,lacuna,100,80,80,59,59,31,28,0,59,0,0,0,1.0,1.0,0.0,0.0,0.0,0.9999999999830509,59,0,0,0
sem_erro,random_forest,lacuna,100,85,85,55,55,30,25,0,55,0,0,0,1.0,1.0,0.0,0.0,0.0,0.9999999999818182,55,0,0,0
sem_erro,random_forest,lacuna,100,90,90,52,52,26,26,0,52,0,5,5,0.9038461538461539,0.9038461538461539,0.0,0.0,0.0,0.9038461538287722,47,5,0,0
sem_erro,random_forest,lacuna,100,95,95,49,49,25,24,0,49,0,3,3,0.9387755102040817,0.9387755102040817,0.0,0.0,0.0,0.938775510184923,46,3,0,0
sem_erro,random_forest,lacuna,100,100,100,47,47,28,19,0,47,0,6,6,0.8723404255319149,0.8723404255319149,0.0,0.0,0.0,0.8723404255133546,41,6,0,0
sem_erro,random_forest,oscilacao,20,5,5,947,947,376,571,0,947,0,32,32,0.9176346356916578,0.9176346356916578,0.0,0.0,0.0,0.9176346356906889,869,78,0,0
sem_erro,random_forest,oscilacao,20,10,10,474,474,188,286,0,474,0,29,29,0.9008438818565401,0.9008438818565401,0.0,0.0,0.0,0.9008438818546396,427,47,0,0
sem_erro,random_forest,oscilacao,20,15,15,316,316,127,189,0,316,0,17,17,0.9208860759493671,0.9208860759493671,0.0,0.0,0.0,0.9208860759464529,291,25,0,0
sem_erro,random_forest,oscilacao,20,20,20,237,237,93,144,0,237,0,20,20,0.8860759493670886,0.8860759493670886,0.0,0.0,0.0,0.8860759493633499,210,27,0,0
sem_erro,random_forest,oscilacao,30,5,5,945,945,411,534,0,945,0,38,38,0.8878306878306879,0.8878306878306879,0.0,0.0,0.0,0.8878306878297484,839,106,0,0
sem_erro,random_forest,oscilacao,30,10,10,473,473,206,267,0,473,0,26,26,0.879492600422833,0.879492600422833,0.0,0.0,0.0,0.8794926004209737,416,57,0,0
sem_erro,random_forest,oscilacao,30,15,15,315,315,136,179,0,315,0,20,20,0.9015873015873016,0.9015873015873016,0.0,0.0,0.0,0.9015873015844394,284,31,0,0
sem_erro,random_forest,oscilacao,30,20,20,237,237,101,136,0,237,0,21,21,0.8860759493670886,0.8860759493670886,0.0,0.0,0.0,0.8860759493633499,210,27,0,0
sem_erro,random_forest,oscilacao,30,25,25,189,189,84,105,0,189,0,22,22,0.8253968253968254,0.8253968253968254,0.0,0.0,0.0,0.8253968253924583,156,33,0,0
sem_erro,random_forest,oscilacao,30,30,30,158,158,67,91,0,158,0,19,19,0.8354430379746836,0.8354430379746836,0.0,0.0,0.0,0.835443037969396,132,26,0,0
sem_erro,random_forest,oscilacao,40,5,5,943,943,443,500,0,943,0,41,41,0.8345705196182397,0.8345705196182397,0.0,0.0,0.0,0.8345705196173546,787,156,0,0
sem_erro,random_forest,oscilacao,40,10,10,472,472,222,250,0,472,0,39,39,0.8135593220338984,0.8135593220338984,0.0,0.0,0.0,0.8135593220321746,384,88,0,0
sem_erro,random_forest,oscilacao,40,15,15,315,315,147,168,0,315,0,34,34,0.7968253968253968,0.7968253968253968,0.0,0.0,0.0,0.7968253968228672,251,64,0,0
sem_erro,random_forest,oscilacao,40,20,20,236,236,110,126,0,236,0,28,28,0.788135593220339,0.788135593220339,0.0,0.0,0.0,0.7881355932169994,186,50,0,0
sem_erro,random_forest,oscilacao,40,25,25,189,189,91,98,0,189,0,27,27,0.746031746031746,0.746031746031746,0.0,0.0,0.0,0.7460317460277989,141,48,0,0
sem_erro,random_forest,oscilacao,40,30,30,158,158,74,84,0,158,0,20,20,0.7911392405063291,0.7911392405063291,0.0,0.0,0.0,0.791139240501322,125,33,0,0
sem_erro,random_forest,oscilacao,40,35,35,135,135,64,71,0,135,0,23,23,0.8074074074074075,0.8074074074074075,0.0,0.0,0.0,0.8074074074014267,109,26,0,0
sem_erro,random_forest,oscilacao,40,40,40,118,118,55,63,0,118,0,19,19,0.8220338983050848,0.8220338983050848,0.0,0.0,0.0,0.8220338982981183,97,21,0,0
sem_erro,random_forest,oscilacao,50,5,5,941,941,474,467,0,941,0,50,50,0.7460148777895855,0.7460148777895855,0.0,0.0,0.0,0.7460148777887927,702,239,0,0
sem_erro,random_forest,oscilacao,50,10,10,471,471,237,234,0,471,0,38,38,0.7388535031847133,0.7388535031847133,0.0,0.0,0.0,0.7388535031831447,348,123,0,0
sem_erro,random_forest,oscilacao,50,15,15,314,314,160,154,0,314,0,31,31,0.732484076433121,0.732484076433121,0.0,0.0,0.0,0.7324840764307883,230,84,0,0
sem_erro,random_forest,oscilacao,50,20,20,236,236,116,120,0,236,0,26,26,0.7627118644067796,0.7627118644067796,0.0,0.0,0.0,0.7627118644035479,180,56,0,0
sem_erro,random_forest,oscilacao,50,25,25,189,189,95,94,0,189,0,27,27,0.708994708994709,0.708994708994709,0.0,0.0,0.0,0.7089947089909577,134,55,0,0
sem_erro,random_forest,oscilacao,50,30,30,157,157,80,77,0,157,0,25,25,0.6878980891719745,0.6878980891719745,0.0,0.0,0.0,0.6878980891675931,108,49,0,0
sem_erro,random_forest,oscilacao,50,35,35,135,135,69,66,0,135,0,27,27,0.6666666666666666,0.6666666666666666,0.0,0.0,0.0,0.6666666666617285,90,45,0,0
sem_erro,random_forest,oscilacao,50,40,40,118,118,56,62,0,118,0,20,20,0.7627118644067796,0.7627118644067796,0.0,0.0,0.0,0.762711864400316,90,28,0,0
sem_erro,random_forest,oscilacao,50,45,45,105,105,52,53,0,105,0,22,22,0.7333333333333333,0.7333333333333333,0.0,0.0,0.0,0.7333333333263492,77,28,0,0
sem_erro,random_forest,oscilacao,50,50,50,95,95,47,48,0,95,0,23,23,0.6842105263157895,0.6842105263157895,0.0,0.0,0.0,0.6842105263085873,65,30,0,0
sem_erro,random_forest,oscilacao,60,5,5,939,939,504,435,0,939,0,47,47,0.6666666666666666,0.6666666666666666,0.0,0.0,0.0,0.6666666666659568,626,313,0,0
sem_erro,random_forest,oscilacao,60,10,10,470,470,252,218,0,470,0,36,36,0.6468085106382979,0.6468085106382979,0.0,0.0,0.0,0.6468085106369217,304,166,0,0
sem_erro,random_forest,oscilacao,60,15,15,313,313,167,146,0,313,0,32,32,0.6613418530351438,0.6613418530351438,0.0,0.0,0.0,0.6613418530330308,207,106,0,0
sem_erro,random_forest,oscilacao,60,20,20,235,235,125,110,0,235,0,30,30,0.6595744680851063,0.6595744680851063,0.0,0.0,0.0,0.6595744680822997,155,80,0,0
sem_erro,random_forest,oscilacao,60,25,25,188,188,101,87,0,188,0,28,28,0.6117021276595744,0.6117021276595744,0.0,0.0,0.0,0.6117021276563208,115,73,0,0
sem_erro,random_forest,oscilacao,60,30,30,157,157,83,74,0,157,0,28,28,0.6560509554140127,0.6560509554140127,0.0,0.0,0.0,0.6560509554098342,103,54,0,0
sem_erro,random_forest,oscilacao,60,35,35,135,135,72,63,0,135,0,29,29,0.6222222222222222,0.6222222222222222,0.0,0.0,0.0,0.6222222222176133,84,51,0,0
sem_erro,random_forest,oscilacao,60,40,40,118,118,62,56,0,118,0,28,28,0.5932203389830508,0.5932203389830508,0.0,0.0,0.0,0.5932203389780235,70,48,0,0
sem_erro,random_forest,oscilacao,60,45,45,105,105,56,49,0,105,0,29,29,0.5619047619047619,0.5619047619047619,0.0,0.0,0.0,0.5619047618994104,59,46,0,0
sem_erro,random_forest,oscilacao,60,50,50,94,94,50,44,0,94,0,23,23,0.5425531914893617,0.5425531914893617,0.0,0.0,0.0,0.5425531914835898,51,43,0,0
sem_erro,random_forest,oscilacao,60,55,55,86,86,45,41,0,86,0,22,22,0.6395348837209303,0.6395348837209303,0.0,0.0,0.0,0.6395348837134938,55,31,0,0
sem_erro,random_forest,oscilacao,60,60,60,79,79,43,36,0,79,0,26,26,0.5063291139240507,0.5063291139240507,0.0,0.0,0.0,0.5063291139176413,40,39,0,0
sem_erro,random_forest,oscilacao,70,5,5,937,937,530,407,0,937,0,44,44,0.583778014941302,0.583778014941302,0.0,0.0,0.0,0.583778014940679,547,390,0,0
sem_erro,random_forest,oscilacao,70,10,10,469,469,265,204,0,469,0,36,36,0.579957356076759,0.579957356076759,0.0,0.0,0.0,0.5799573560755225,272,197,0,0
sem_erro,random_forest,oscilacao,70,15,15,313,313,175,138,0,313,0,38,38,0.5878594249201278,0.5878594249201278,0.0,0.0,0.0,0.5878594249182497,184,129,0,0
sem_erro,random_forest,oscilacao,70,20,20,235,235,131,104,0,235,0,34,34,0.574468085106383,0.574468085106383,0.0,0.0,0.0,0.5744680851039384,135,100,0,0
sem_erro,random_forest,oscilacao,70,25,25,188,188,107,81,0,188,0,34,34,0.5585106382978723,0.5585106382978723,0.0,0.0,0.0,0.5585106382949016,105,83,0,0
sem_erro,random_forest,oscilacao,70,30,30,157,157,87,70,0,157,0,32,32,0.5859872611464968,0.5859872611464968,0.0,0.0,0.0,0.5859872611427644,92,65,0,0
sem_erro,random_forest,oscilacao,70,35,35,134,134,75,59,0,134,0,28,28,0.5597014925373134,0.5597014925373134,0.0,0.0,0.0,0.5597014925331366,75,59,0,0
sem_erro,random_forest,oscilacao,70,40,40,118,118,67,51,0,118,0,27,27,0.5338983050847458,0.5338983050847458,0.0,0.0,0.0,0.5338983050802212,63,55,0,0
sem_erro,random_forest,oscilacao,70,45,45,105,105,58,47,0,105,0,28,28,0.4666666666666667,0.4666666666666667,0.0,0.0,0.0,0.46666666666222223,49,56,0,0
sem_erro,random_forest,oscilacao,70,50,50,94,94,54,40,0,94,0,20,20,0.5319148936170213,0.5319148936170213,0.0,0.0,0.0,0.5319148936113626,50,44,0,0
sem_erro,random_forest,oscilacao,70,55,55,86,86,48,38,0,86,0,22,22,0.4883720930232558,0.4883720930232558,0.0,0.0,0.0,0.48837209301757706,42,44,0,0
sem_erro,random_forest,oscilacao,70,60,60,79,79,45,34,0,79,0,18,18,0.5189873417721519,0.5189873417721519,0.0,0.0,0.0,0.5189873417655824,41,38,0,0
sem_erro,random_forest,oscilacao,70,65,65,73,73,41,32,0,73,0,24,24,0.4657534246575342,0.4657534246575342,0.0,0.0,0.0,0.46575342465115405,34,39,0,0
sem_erro,random_forest,oscilacao,70,70,70,67,67,38,29,0,67,0,20,20,0.5223880597014925,0.5223880597014925,0.0,0.0,0.0,0.5223880596936957,35,32,0,0
sem_erro,random_forest,oscilacao,80,5,5,935,935,551,384,0,935,0,39,39,0.5572192513368984,0.5572192513368984,0.0,0.0,0.0,0.5572192513363025,521,414,0,0
sem_erro,random_forest,oscilacao,80,10,10,468,468,276,192,0,468,0,36,36,0.5299145299145299,0.5299145299145299,0.0,0.0,0.0,0.5299145299133976,248,220,0,0
sem_erro,random_forest,oscilacao,80,15,15,312,312,184,128,0,312,0,31,31,0.5576923076923077,0.5576923076923077,0.0,0.0,0.0,0.5576923076905203,174,138,0,0
sem_erro,random_forest,oscilacao,80,20,20,234,234,138,96,0,234,0,34,34,0.5256410256410257,0.5256410256410257,0.0,0.0,0.0,0.5256410256387793,123,111,0,0
sem_erro,random_forest,oscilacao,80,25,25,187,187,111,76,0,187,0,29,29,0.5080213903743316,0.5080213903743316,0.0,0.0,0.0,0.5080213903716149,95,92,0,0
sem_erro,random_forest,oscilacao,80,30,30,156,156,92,64,0,156,0,29,29,0.5064102564102564,0.5064102564102564,0.0,0.0,0.0,0.5064102564070102,79,77,0,0
sem_erro,random_forest,oscilacao,80,35,35,134,134,80,54,0,134,0,27,27,0.47761194029850745,0.47761194029850745,0.0,0.0,0.0,0.47761194029494325,64,70,0,0
sem_erro,random_forest,oscilacao,80,40,40,117,117,69,48,0,117,0,28,28,0.5042735042735043,0.5042735042735043,0.0,0.0,0.0,0.5042735042691943,59,58,0,0
sem_erro,random_forest,oscilacao,80,45,45,104,104,59,45,0,104,0,29,29,0.47115384615384615,0.47115384615384615,0.0,0.0,0.0,0.4711538461493158,49,55,0,0
sem_erro,random_forest,oscilacao,80,50,50,94,94,56,38,0,94,0,19,19,0.4574468085106383,0.4574468085106383,0.0,0.0,0.0,0.45744680850577185,43,51,0,0
sem_erro,random_forest,oscilacao,80,55,55,85,85,51,34,0,85,0,24,24,0.4470588235294118,0.4470588235294118,0.0,0.0,0.0,0.4470588235241522,38,47,0,0
sem_erro,random_forest,oscilacao,80,60,60,78,78,47,31,0,78,0,20,20,0.4358974358974359,0.4358974358974359,0.0,0.0,0.0,0.43589743589184743,34,44,0,0
sem_erro,random_forest,oscilacao,80,65,65,72,72,43,29,0,72,0,17,17,0.4027777777777778,0.4027777777777778,0.0,0.0,0.0,0.4027777777721836,29,43,0,0
sem_erro,random_forest,oscilacao,80,70,70,67,67,40,27,0,67,0,18,18,0.44776119402985076,0.44776119402985076,0.0,0.0,0.0,0.4477611940231677,30,37,0,0
sem_erro,random_forest,oscilacao,80,75,75,63,63,35,28,0,63,0,16,16,0.42857142857142855,0.42857142857142855,0.0,0.0,0.0,0.4285714285646259,27,36,0,0
sem_erro,random_forest,oscilacao,80,80,80,59,59,36,23,0,59,0,16,16,0.3728813559322034,0.3728813559322034,0.0,0.0,0.0,0.3728813559258834,22,37,0,0
sem_erro,random_forest,oscilacao,90,5,5,933,933,571,362,0,933,0,46,46,0.5026795284030011,0.5026795284030011,0.0,0.0,0.0,0.5026795284024623,469,464,0,0
sem_erro,random_forest,oscilacao,90,10,10,467,467,286,181,0,467,0,42,42,0.48394004282655245,0.48394004282655245,0.0,0.0,0.0,0.4839400428255162,226,241,0,0
sem_erro,random_forest,oscilacao,90,15,15,311,311,189,122,0,311,0,34,34,0.49517684887459806,0.49517684887459806,0.0,0.0,0.0,0.4951768488730059,154,157,0,0
sem_erro,random_forest,oscilacao,90,20,20,234,234,142,92,0,234,0,32,32,0.46153846153846156,0.46153846153846156,0.0,0.0,0.0,0.4615384615364892,108,126,0,0
sem_erro,random_forest,oscilacao,90,25,25,187,187,115,72,0,187,0,29,29,0.43315508021390375,0.43315508021390375,0.0,0.0,0.0,0.43315508021158744,81,106,0,0
sem_erro,random_forest,oscilacao,90,30,30,156,156,95,61,0,156,0,32,32,0.44871794871794873,0.44871794871794873,0.0,0.0,0.0,0.44871794871507237,70,86,0,0
sem_erro,random_forest,oscilacao,90,35,35,134,134,82,52,0,134,0,28,28,0.4626865671641791,0.4626865671641791,0.0,0.0,0.0,0.46268656716072626,62,72,0,0
sem_erro,random_forest,oscilacao,90,40,40,117,117,69,48,0,117,0,26,26,0.4700854700854701,0.4700854700854701,0.0,0.0,0.0,0.47008547008145224,55,62,0,0
sem_erro,random_forest,oscilacao,90,45,45,104,104,61,43,0,104,0,27,27,0.46153846153846156,0.46153846153846156,0.0,0.0,0.0,0.46153846153402367,48,56,0,0
sem_erro,random_forest,oscilacao,90,50,50,94,94,59,35,0,94,0,22,22,0.4148936170212766,0.4148936170212766,0.0,0.0,0.0,0.41489361701686284,39,55,0,0
sem_erro,random_forest,oscilacao,90,55,55,85,85,51,34,0,85,0,23,23,0.4235294117647059,0.4235294117647059,0.0,0.0,0.0,0.42352941175972314,36,49,0,0
sem_erro,random_forest,oscilacao,90,60,60,78,78,47,31,0,78,0,20,20,0.358974358974359,0.358974358974359,0.0,0.0,0.0,0.3589743589697567,28,50,0,0
sem_erro,random_forest,oscilacao,90,65,65,72,72,43,29,0,72,0,16,16,0.3611111111111111,0.3611111111111111,0.0,0.0,0.0,0.3611111111060957,26,46,0,0
sem_erro,random_forest,oscilacao,90,70,70,67,67,40,27,0,67,0,17,17,0.4626865671641791,0.4626865671641791,0.0,0.0,0.0,0.4626865671572733,31,36,0,0
sem_erro,random_forest,oscilacao,90,75,75,63,63,38,25,0,63,0,20,20,0.3492063492063492,0.3492063492063492,0.0,0.0,0.0,0.3492063492008063,22,41,0,0
sem_erro,random_forest,oscilacao,90,80,80,59,59,36,23,0,59,0,13,13,0.3050847457627119,0.3050847457627119,0.0,0.0,0.0,0.30508474575754096,18,41,0,0
sem_erro,random_forest,oscilacao,90,85,85,55,55,33,22,0,55,0,15,15,0.38181818181818183,0.38181818181818183,0.0,0.0,0.0,0.3818181818112397,21,34,0,0
sem_erro,random_forest,oscilacao,90,90,90,52,52,31,21,0,52,0,12,12,0.3076923076923077,0.3076923076923077,0.0,0.0,0.0,0.30769230768639055,16,36,0,0
sem_erro,random_forest,oscilacao,100,5,5,931,931,591,340,0,931,0,43,43,0.47690655209452204,0.47690655209452204,0.0,0.0,0.0,0.4769065520940098,444,487,0,0
sem_erro,random_forest,oscilacao,100,10,10,466,466,296,170,0,466,0,39,39,0.43776824034334766,0.43776824034334766,0.0,0.0,0.0,0.43776824034240824,204,262,0,0
sem_erro,random_forest,oscilacao,100,15,15,311,311,196,115,0,311,0,36,36,0.4437299035369775,0.4437299035369775,0.0,0.0,0.0,0.4437299035355507,138,173,0,0
sem_erro,random_forest,oscilacao,100,20,20,233,233,148,85,0,233,0,30,30,0.45493562231759654,0.45493562231759654,0.0,0.0,0.0,0.45493562231564405,106,127,0,0
sem_erro,random_forest,oscilacao,100,25,25,187,187,117,70,0,187,0,31,31,0.48128342245989303,0.48128342245989303,0.0,0.0,0.0,0.48128342245731937,90,97,0,0
sem_erro,random_forest,oscilacao,100,30,30,156,156,98,58,0,156,0,31,31,0.3974358974358974,0.3974358974358974,0.0,0.0,0.0,0.3974358974333498,62,94,0,0
sem_erro,random_forest,oscilacao,100,35,35,133,133,84,49,0,133,0,26,26,0.47368421052631576,0.47368421052631576,0.0,0.0,0.0,0.4736842105227543,63,70,0,0
sem_erro,random_forest,oscilacao,100,40,40,117,117,73,44,0,117,0,26,26,0.4188034188034188,0.4188034188034188,0.0,0.0,0.0,0.4188034187998393,49,68,0,0
sem_erro,random_forest,oscilacao,100,45,45,104,104,65,39,0,104,0,26,26,0.46153846153846156,0.46153846153846156,0.0,0.0,0.0,0.46153846153402367,48,56,0,0
sem_erro,random_forest,oscilacao,100,50,50,94,94,59,35,0,94,0,22,22,0.44680851063829785,0.44680851063829785,0.0,0.0,0.0,0.4468085106335446,42,52,0,0
sem_erro,random_forest,oscilacao,100,55,55,85,85,53,32,0,85,0,19,19,0.38823529411764707,0.38823529411764707,0.0,0.0,0.0,0.38823529411307955,33,52,0,0
sem_erro,random_forest,oscilacao,100,60,60,78,78,49,29,0,78,0,15,15,0.34615384615384615,0.34615384615384615,0.0,0.0,0.0,0.34615384614940825,27,51,0,0
sem_erro,random_forest,oscilacao,100,65,65,72,72,43,29,0,72,0,17,17,0.3611111111111111,0.3611111111111111,0.0,0.0,0.0,0.3611111111060957,26,46,0,0
sem_erro,random_forest,oscilacao,100,70,70,67,67,43,24,0,67,0,16,16,0.3880597014925373,0.3880597014925373,0.0,0.0,0.0,0.38805970148674535,26,41,0,0
sem_erro,random_forest,oscilacao,100,75,75,63,63,39,24,0,63,0,17,17,0.4126984126984127,0.4126984126984127,0.0,0.0,0.0,0.41269841269186197,26,37,0,0
sem_erro,random_forest,oscilacao,100,80,80,59,59,38,21,0,59,0,9,9,0.1864406779661017,0.1864406779661017,0.0,0.0,0.0,0.1864406779629417,11,48,0,0
sem_erro,random_forest,oscilacao,100,85,85,55,55,35,20,0,55,0,13,13,0.2909090909090909,0.2909090909090909,0.0,0.0,0.0,0.2909090909038017,16,39,0,0
sem_erro,random_forest,oscilacao,100,90,90,52,52,32,20,0,52,0,12,12,0.36538461538461536,0.36538461538461536,0.0,0.0,0.0,0.36538461537758876,19,33,0,0
sem_erro,random_forest,oscilacao,100,95,95,49,49,30,19,0,49,0,14,14,0.40816326530612246,0.40816326530612246,0.0,0.0,0.0,0.4081632652977926,20,29,0,0
sem_erro,random_forest,oscilacao,100,100,100,47,47,27,20,0,47,0,12,12,0.3829787234042553,0.3829787234042553,0.0,0.0,0.0,0.3829787233961069,18,29,0,0
sem_erro,random_forest,queda,20,5,5,947,947,231,716,0,947,0,23,23,0.856388595564942,0.856388595564942,0.0,0.0,0.0,0.8563885955640376,811,136,0,0
sem_erro,random_forest,queda,20,10,10,474,474,114,360,0,474,0,19,19,0.8544303797468354,0.8544303797468354,0.0,0.0,0.0,0.8544303797450329,405,69,0,0
sem_erro,random_forest,queda,20,15,15,316,316,76,240,0,316,0,16,16,0.870253164556962,0.870253164556962,0.0,0.0,0.0,0.8702531645542081,275,41,0,0
sem_erro,random_forest,queda,20,20,20,237,237,56,181,0,237,0,12,12,0.8649789029535865,0.8649789029535865,0.0,0.0,0.0,0.8649789029499368,205,32,0,0
sem_erro,random_forest,queda,30,5,5,945,945,266,679,0,945,0,31,31,0.8455026455026455,0.8455026455026455,0.0,0.0,0.0,0.8455026455017508,799,146,0,0
sem_erro,random_forest,queda,30,10,10,473,473,132,341,0,473,0,22,22,0.8435517970401691,0.8435517970401691,0.0,0.0,0.0,0.8435517970383858,399,74,0,0
sem_erro,random_forest,queda,30,15,15,315,315,89,226,0,315,0,22,22,0.8603174603174604,0.8603174603174604,0.0,0.0,0.0,0.8603174603147292,271,44,0,0
sem_erro,random_forest,queda,30,20,20,237,237,69,168,0,237,0,20,20,0.8607594936708861,0.8607594936708861,0.0,0.0,0.0,0.8607594936672542,204,33,0,0
sem_erro,random_forest,queda,30,25,25,189,189,55,134,0,189,0,20,20,0.8201058201058201,0.8201058201058201,0.0,0.0,0.0,0.8201058201014809,155,34,0,0
sem_erro,random_forest,queda,30,30,30,158,158,45,113,0,158,0,15,15,0.8417721518987342,0.8417721518987342,0.0,0.0,0.0,0.8417721518934066,133,25,0,0
sem_erro,random_forest,queda,40,5,5,943,943,297,646,0,943,0,40,40,0.83881230116649,0.83881230116649,0.0,0.0,0.0,0.8388123011656005,791,152,0,0
sem_erro,random_forest,queda,40,10,10,472,472,147,325,0,472,0,27,27,0.8432203389830508,0.8432203389830508,0.0,0.0,0.0,0.8432203389812644,398,74,0,0
sem_erro,random_forest,queda,40,15,15,315,315,101,214,0,315,0,26,26,0.8603174603174604,0.8603174603174604,0.0,0.0,0.0,0.8603174603147292,271,44,0,0
sem_erro,random_forest,queda,40,20,20,236,236,73,163,0,236,0,18,18,0.8347457627118644,0.8347457627118644,0.0,0.0,0.0,0.8347457627083273,197,39,0,0
sem_erro,random_forest,queda,40,25,25,189,189,59,130,0,189,0,15,15,0.8677248677248677,0.8677248677248677,0.0,0.0,0.0,0.8677248677202767,164,25,0,0
sem_erro,random_forest,queda,40,30,30,158,158,50,108,0,158,0,14,14,0.8607594936708861,0.8607594936708861,0.0,0.0,0.0,0.8607594936654382,136,22,0,0
sem_erro,random_forest,queda,40,35,35,135,135,42,93,0,135,0,13,13,0.8592592592592593,0.8592592592592593,0.0,0.0,0.0,0.8592592592528945,116,19,0,0
sem_erro,random_forest,queda,40,40,40,118,118,37,81,0,118,0,13,13,0.8728813559322034,0.8728813559322034,0.0,0.0,0.0,0.8728813559248061,103,15,0,0
sem_erro,random_forest,queda,50,5,5,941,941,326,615,0,941,0,39,39,0.8363443145589798,0.8363443145589798,0.0,0.0,0.0,0.836344314558091,787,154,0,0
sem_erro,random_forest,queda,50,10,10,471,471,162,309,0,471,0,31,31,0.8280254777070064,0.8280254777070064,0.0,0.0,0.0,0.8280254777052484,390,81,0,0
sem_erro,random_forest,queda,50,15,15,314,314,108,206,0,314,0,27,27,0.8503184713375797,0.8503184713375797,0.0,0.0,0.0,0.8503184713348716,267,47,0,0
sem_erro,random_forest,queda,50,20,20,236,236,84,152,0,236,0,26,26,0.8220338983050848,0.8220338983050848,0.0,0.0,0.0,0.8220338983016016,194,42,0,0
sem_erro,random_forest,queda,50,25,25,189,189,66,123,0,189,0,21,21,0.7936507936507936,0.7936507936507936,0.0,0.0,0.0,0.7936507936465945,150,39,0,0
sem_erro,random_forest,queda,50,30,30,157,157,52,105,0,157,0,16,16,0.8343949044585988,0.8343949044585988,0.0,0.0,0.0,0.8343949044532841,131,26,0,0
sem_erro,random_forest,queda,50,35,35,135,135,47,88,0,135,0,17,17,0.8148148148148148,0.8148148148148148,0.0,0.0,0.0,0.8148148148087793,110,25,0,0
sem_erro,random_forest,queda,50,40,40,118,118,42,76,0,118,0,15,15,0.8305084745762712,0.8305084745762712,0.0,0.0,0.0,0.8305084745692329,98,20,0,0
sem_erro,random_forest,queda,50,45,45,105,105,37,68,0,105,0,15,15,0.7619047619047619,0.7619047619047619,0.0,0.0,0.0,0.7619047618975057,80,25,0,0
sem_erro,random_forest,queda,50,50,50,95,95,30,65,0,95,0,14,14,0.8210526315789474,0.8210526315789474,0.0,0.0,0.0,0.8210526315703047,78,17,0,0
sem_erro,random_forest,queda,60,5,5,939,939,354,585,0,939,0,42,42,0.7944621938232161,0.7944621938232161,0.0,0.0,0.0,0.7944621938223702,746,193,0,0
sem_erro,random_forest,queda,60,10,10,470,470,176,294,0,470,0,32,32,0.8085106382978723,0.8085106382978723,0.0,0.0,0.0,0.8085106382961521,380,90,0,0
sem_erro,random_forest,queda,60,15,15,313,313,118,195,0,313,0,28,28,0.7987220447284346,0.7987220447284346,0.0,0.0,0.0,0.7987220447258827,250,63,0,0
sem_erro,random_forest,queda,60,20,20,235,235,87,148,0,235,0,26,26,0.8042553191489362,0.8042553191489362,0.0,0.0,0.0,0.8042553191455138,189,46,0,0
sem_erro,random_forest,queda,60,25,25,188,188,71,117,0,188,0,20,20,0.7819148936170213,0.7819148936170213,0.0,0.0,0.0,0.7819148936128621,147,41,0,0
sem_erro,random_forest,queda,60,30,30,157,157,59,98,0,157,0,20,20,0.7898089171974523,0.7898089171974523,0.0,0.0,0.0,0.7898089171924216,124,33,0,0
sem_erro,random_forest,queda,60,35,35,135,135,56,79,0,135,0,18,18,0.7851851851851852,0.7851851851851852,0.0,0.0,0.0,0.7851851851793691,106,29,0,0
sem_erro,random_forest,queda,60,40,40,118,118,44,74,0,118,0,16,16,0.8135593220338984,0.8135593220338984,0.0,0.0,0.0,0.8135593220270038,96,22,0,0
sem_erro,random_forest,queda,60,45,45,105,105,40,65,0,105,0,16,16,0.7523809523809524,0.7523809523809524,0.0,0.0,0.0,0.7523809523737868,79,26,0,0
sem_erro,random_forest,queda,60,50,50,94,94,35,59,0,94,0,14,14,0.7978723404255319,0.7978723404255319,0.0,0.0,0.0,0.7978723404170439,75,19,0,0
sem_erro,random_forest,queda,60,55,55,86,86,33,53,0,86,0,17,17,0.7441860465116279,0.7441860465116279,0.0,0.0,0.0,0.7441860465029746,64,22,0,0
sem_erro,random_forest,queda,60,60,60,79,79,30,49,0,79,0,11,11,0.7974683544303798,0.7974683544303798,0.0,0.0,0.0,0.7974683544202852,63,16,0,0
sem_erro,random_forest,queda,70,5,5,937,937,382,555,0,937,0,45,45,0.7630736392742796,0.7630736392742796,0.0,0.0,0.0,0.7630736392734653,715,222,0,0
sem_erro,random_forest,queda,70,10,10,469,469,190,279,0,469,0,34,34,0.7590618336886994,0.7590618336886994,0.0,0.0,0.0,0.7590618336870809,356,113,0,0
sem_erro,random_forest,queda,70,15,15,313,313,129,184,0,313,0,30,30,0.731629392971246,0.731629392971246,0.0,0.0,0.0,0.7316293929689086,229,84,0,0
sem_erro,random_forest,queda,70,20,20,235,235,98,137,0,235,0,25,25,0.7404255319148936,0.7404255319148936,0.0,0.0,0.0,0.7404255319117429,174,61,0,0
sem_erro,random_forest,queda,70,25,25,188,188,76,112,0,188,0,25,25,0.7180851063829787,0.7180851063829787,0.0,0.0,0.0,0.7180851063791591,135,53,0,0
sem_erro,random_forest,queda,70,30,30,157,157,64,93,0,157,0,21,21,0.7070063694267515,0.7070063694267515,0.0,0.0,0.0,0.7070063694222484,111,46,0,0
sem_erro,random_forest,queda,70,35,35,134,134,56,78,0,134,0,21,21,0.7089552238805971,0.7089552238805971,0.0,0.0,0.0,0.7089552238753064,95,39,0,0
sem_erro,random_forest,queda,70,40,40,118,118,50,68,0,118,0,15,15,0.7542372881355932,0.7542372881355932,0.0,0.0,0.0,0.7542372881292013,89,29,0,0
sem_erro,random_forest,queda,70,45,45,105,105,43,62,0,105,0,15,15,0.6952380952380952,0.6952380952380952,0.0,0.0,0.0,0.695238095231474,73,32,0,0
sem_erro,random_forest,queda,70,50,50,94,94,39,55,0,94,0,18,18,0.7021276595744681,0.7021276595744681,0.0,0.0,0.0,0.7021276595669986,66,28,0,0
sem_erro,random_forest,queda,70,55,55,86,86,34,52,0,86,0,16,16,0.7325581395348837,0.7325581395348837,0.0,0.0,0.0,0.7325581395263656,63,23,0,0
sem_erro,random_forest,queda,70,60,60,79,79,34,45,0,79,0,15,15,0.6708860759493671,0.6708860759493671,0.0,0.0,0.0,0.6708860759408748,53,26,0,0
sem_erro,random_forest,queda,70,65,65,73,73,30,43,0,73,0,11,11,0.7671232876712328,0.7671232876712328,0.0,0.0,0.0,0.7671232876607244,56,17,0,0
sem_erro,random_forest,queda,70,70,70,67,67,29,38,0,67,0,13,13,0.746268656716418,0.746268656716418,0.0,0.0,0.0,0.7462686567052795,50,17,0,0
sem_erro,random_forest,queda,80,5,5,935,935,410,525,0,935,0,47,47,0.6695187165775401,0.6695187165775401,0.0,0.0,0.0,0.669518716576824,626,309,0,0
sem_erro,random_forest,queda,80,10,10,468,468,204,264,0,468,0,31,31,0.7008547008547008,0.7008547008547008,0.0,0.0,0.0,0.7008547008532033,328,140,0,0
sem_erro,random_forest,queda,80,15,15,312,312,136,176,0,312,0,27,27,0.6858974358974359,0.6858974358974359,0.0,0.0,0.0,0.6858974358952376,214,98,0,0
sem_erro,random_forest,queda,80,20,20,234,234,101,133,0,234,0,23,23,0.7264957264957265,0.7264957264957265,0.0,0.0,0.0,0.7264957264926218,170,64,0,0
sem_erro,random_forest,queda,80,25,25,187,187,84,103,0,187,0,23,23,0.6577540106951871,0.6577540106951871,0.0,0.0,0.0,0.6577540106916698,123,64,0,0
sem_erro,random_forest,queda,80,30,30,156,156,66,90,0,156,0,16,16,0.7051282051282052,0.7051282051282052,0.0,0.0,0.0,0.7051282051236851,110,46,0,0
sem_erro,random_forest,queda,80,35,35,134,134,60,74,0,134,0,21,21,0.6492537313432836,0.6492537313432836,0.0,0.0,0.0,0.6492537313384384,87,47,0,0
sem_erro,random_forest,queda,80,40,40,117,117,51,66,0,117,0,17,17,0.6923076923076923,0.6923076923076923,0.0,0.0,0.0,0.6923076923017751,81,36,0,0
sem_erro,random_forest,queda,80,45,45,104,104,47,57,0,104,0,12,12,0.6057692307692307,0.6057692307692307,0.0,0.0,0.0,0.605769230763406,63,41,0,0
sem_erro,random_forest,queda,80,50,50,94,94,41,53,0,94,0,14,14,0.6808510638297872,0.6808510638297872,0.0,0.0,0.0,0.6808510638225441,64,30,0,0
sem_erro,random_forest,queda,80,55,55,85,85,37,48,0,85,0,15,15,0.6588235294117647,0.6588235294117647,0.0,0.0,0.0,0.6588235294040138,56,29,0,0
sem_erro,random_forest,queda,80,60,60,78,78,34,44,0,78,0,14,14,0.6794871794871795,0.6794871794871795,0.0,0.0,0.0,0.679487179478468,53,25,0,0
sem_erro,random_forest,queda,80,65,65,72,72,31,41,0,72,0,13,13,0.7083333333333334,0.7083333333333334,0.0,0.0,0.0,0.7083333333234954,51,21,0,0
sem_erro,random_forest,queda,80,70,70,67,67,31,36,0,67,0,13,13,0.6417910447761194,0.6417910447761194,0.0,0.0,0.0,0.6417910447665404,43,24,0,0
sem_erro,random_forest,queda,80,75,75,63,63,30,33,0,63,0,14,14,0.6349206349206349,0.6349206349206349,0.0,0.0,0.0,0.6349206349105568,40,23,0,0
sem_erro,random_forest,queda,80,80,80,59,59,24,35,0,59,0,12,12,0.7288135593220338,0.7288135593220338,0.0,0.0,0.0,0.7288135593096812,43,16,0,0
sem_erro,random_forest,queda,90,5,5,933,933,434,499,0,933,0,42,42,0.6355841371918542,0.6355841371918542,0.0,0.0,0.0,0.635584137191173,593,340,0,0
sem_erro,random_forest,queda,90,10,10,467,467,216,251,0,467,0,30,30,0.6381156316916489,0.6381156316916489,0.0,0.0,0.0,0.6381156316902824,298,169,0,0
sem_erro,random_forest,queda,90,15,15,311,311,144,167,0,311,0,32,32,0.6527331189710611,0.6527331189710611,0.0,0.0,0.0,0.6527331189689622,203,108,0,0
sem_erro,random_forest,queda,90,20,20,234,234,110,124,0,234,0,25,25,0.6282051282051282,0.6282051282051282,0.0,0.0,0.0,0.6282051282024436,147,87,0,0
sem_erro,random_forest,queda,90,25,25,187,187,87,100,0,187,0,27,27,0.5989304812834224,0.5989304812834224,0.0,0.0,0.0,0.5989304812802196,112,75,0,0
sem_erro,random_forest,queda,90,30,30,156,156,72,84,0,156,0,23,23,0.6217948717948718,0.6217948717948718,0.0,0.0,0.0,0.621794871790886,97,59,0,0
sem_erro,random_forest,queda,90,35,35,134,134,66,68,0,134,0,21,21,0.5373134328358209,0.5373134328358209,0.0,0.0,0.0,0.5373134328318111,72,62,0,0
sem_erro,random_forest,queda,90,40,40,117,117,55,62,0,117,0,15,15,0.6324786324786325,0.6324786324786325,0.0,0.0,0.0,0.6324786324732267,74,43,0,0
sem_erro,random_forest,queda,90,45,45,104,104,50,54,0,104,0,20,20,0.5865384615384616,0.5865384615384616,0.0,0.0,0.0,0.5865384615328217,61,43,0,0
sem_erro,random_forest,queda,90,50,50,94,94,41,53,0,94,0,16,16,0.6702127659574468,0.6702127659574468,0.0,0.0,0.0,0.6702127659503169,63,31,0,0
sem_erro,random_forest,queda,90,55,55,85,85,41,44,0,85,0,15,15,0.5764705882352941,0.5764705882352941,0.0,0.0,0.0,0.576470588228512,49,36,0,0
sem_erro,random_forest,queda,90,60,60,78,78,38,40,0,78,0,17,17,0.6282051282051282,0.6282051282051282,0.0,0.0,0.0,0.6282051281970743,49,29,0,0
sem_erro,random_forest,queda,90,65,65,72,72,33,39,0,72,0,12,12,0.625,0.625,0.0,0.0,0.0,0.6249999999913194,45,27,0,0
sem_erro,random_forest,queda,90,70,70,67,67,33,34,0,67,0,14,14,0.5671641791044776,0.5671641791044776,0.0,0.0,0.0,0.5671641790960125,38,29,0,0
sem_erro,random_forest,queda,90,75,75,63,63,30,33,0,63,0,14,14,0.5555555555555556,0.5555555555555556,0.0,0.0,0.0,0.5555555555467372,35,28,0,0
sem_erro,random_forest,queda,90,80,80,59,59,25,34,0,59,0,12,12,0.6440677966101694,0.6440677966101694,0.0,0.0,0.0,0.6440677965992532,38,21,0,0
sem_erro,random_forest,queda,90,85,85,55,55,25,30,0,55,0,13,13,0.6545454545454545,0.6545454545454545,0.0,0.0,0.0,0.6545454545335537,36,19,0,0
sem_erro,random_forest,queda,90,90,90,52,52,25,27,0,52,0,14,14,0.5769230769230769,0.5769230769230769,0.0,0.0,0.0,0.5769230769119823,30,22,0,0
sem_erro,random_forest,queda,100,5,5,931,931,458,473,0,931,0,41,41,0.560687432867884,0.560687432867884,0.0,0.0,0.0,0.5606874328672817,522,409,0,0
sem_erro,random_forest,queda,100,10,10,466,466,228,238,0,466,0,34,34,0.5708154506437768,0.5708154506437768,0.0,0.0,0.0,0.5708154506425519,266,200,0,0
sem_erro,random_forest,queda,100,15,15,311,311,153,158,0,311,0,29,29,0.5916398713826366,0.5916398713826366,0.0,0.0,0.0,0.5916398713807343,184,127,0,0
sem_erro,random_forest,queda,100,20,20,233,233,113,120,0,233,0,25,25,0.5965665236051502,0.5965665236051502,0.0,0.0,0.0,0.5965665236025899,139,94,0,0
sem_erro,random_forest,queda,100,25,25,187,187,92,95,0,187,0,27,27,0.5668449197860963,0.5668449197860963,0.0,0.0,0.0,0.5668449197830651,106,81,0,0
sem_erro,random_forest,queda,100,30,30,156,156,76,80,0,156,0,27,27,0.5833333333333334,0.5833333333333334,0.0,0.0,0.0,0.583333333329594,91,65,0,0
sem_erro,random_forest,queda,100,35,35,133,133,67,66,0,133,0,22,22,0.5338345864661654,0.5338345864661654,0.0,0.0,0.0,0.5338345864621517,71,62,0,0
sem_erro,random_forest,queda,100,40,40,117,117,57,60,0,117,0,15,15,0.5555555555555556,0.5555555555555556,0.0,0.0,0.0,0.5555555555508072,65,52,0,0
sem_erro,random_forest,queda,100,45,45,104,104,53,51,0,104,0,17,17,0.46153846153846156,0.46153846153846156,0.0,0.0,0.0,0.46153846153402367,48,56,0,0
sem_erro,random_forest,queda,100,50,50,94,94,43,51,0,94,0,16,16,0.6170212765957447,0.6170212765957447,0.0,0.0,0.0,0.6170212765891806,58,36,0,0
sem_erro,random_forest,queda,100,55,55,85,85,45,40,0,85,0,16,16,0.4470588235294118,0.4470588235294118,0.0,0.0,0.0,0.4470588235241522,38,47,0,0
sem_erro,random_forest,queda,100,60,60,78,78,39,39,0,78,0,15,15,0.6282051282051282,0.6282051282051282,0.0,0.0,0.0,0.6282051281970743,49,29,0,0
sem_erro,random_forest,queda,100,65,65,72,72,35,37,0,72,0,16,16,0.5416666666666666,0.5416666666666666,0.0,0.0,0.0,0.5416666666591435,39,33,0,0
sem_erro,random_forest,queda,100,70,70,67,67,33,34,0,67,0,13,13,0.5373134328358209,0.5373134328358209,0.0,0.0,0.0,0.5373134328278013,36,31,0,0
sem_erro,random_forest,queda,100,75,75,63,63,31,32,0,63,0,12,12,0.47619047619047616,0.47619047619047616,0.0,0.0,0.0,0.47619047618291765,30,33,0,0
sem_erro,random_forest,queda,100,80,80,59,59,27,32,0,59,0,10,10,0.6440677966101694,0.6440677966101694,0.0,0.0,0.0,0.6440677965992532,38,21,0,0
sem_erro,random_forest,queda,100,85,85,55,55,28,27,0,55,0,9,9,0.509090909090909,0.509090909090909,0.0,0.0,0.0,0.5090909090816529,28,27,0,0
sem_erro,random_forest,queda,100,90,90,52,52,26,26,0,52,0,17,17,0.4807692307692308,0.4807692307692308,0.0,0.0,0.0,0.48076923075998523,25,27,0,0
sem_erro,random_forest,queda,100,95,95,49,49,27,22,0,49,0,14,14,0.5102040816326531,0.5102040816326531,0.0,0.0,0.0,0.5102040816222407,25,24,0,0
sem_erro,random_forest,queda,100,100,100,47,47,22,25,0,47,0,10,10,0.574468085106383,0.574468085106383,0.0,0.0,0.0,0.5744680850941603,27,20,0,0
sem_erro,xgboost,lacuna,20,5,5,947,947,268,679,0,947,0,0,0,1.0,1.0,0.0,0.0,0.0,0.9999999999989441,947,0,0,0
sem_erro,xgboost,lacuna,20,10,10,474,474,134,340,0,474,0,0,0,1.0,1.0,0.0,0.0,0.0,0.9999999999978904,474,0,0,0
sem_erro,xgboost,lacuna,20,15,15,316,316,90,226,0,316,0,0,0,1.0,1.0,0.0,0.0,0.0,0.9999999999968355,316,0,0,0
sem_erro,xgboost,lacuna,20,20,20,237,237,65,172,0,237,0,0,0,1.0,1.0,0.0,0.0,0.0,0.9999999999957806,237,0,0,0
sem_erro,xgboost,lacuna,30,5,5,945,945,306,639,0,945,0,0,0,1.0,1.0,0.0,0.0,0.0,0.9999999999989418,945,0,0,0
sem_erro,xgboost,lacuna,30,10,10,473,473,153,320,0,473,0,0,0,1.0,1.0,0.0,0.0,0.0,0.9999999999978858,473,0,0,0
sem_erro,xgboost,lacuna,30,15,15,315,315,100,215,0,315,0,0,0,1.0,1.0,0.0,0.0,0.0,0.9999999999968254,315,0,0,0
sem_erro,xgboost,lacuna,30,20,20,237,237,78,159,0,237,0,0,0,1.0,1.0,0.0,0.0,0.0,0.9999999999957806,237,0,0,0
sem_erro,xgboost,lacuna,30,25,25,189,189,61,128,0,189,0,0,0,1.0,1.0,0.0,0.0,0.0,0.999999999994709,189,0,0,0
sem_erro,xgboost,lacuna,30,30,30,158,158,49,109,0,158,0,0,0,1.0,1.0,0.0,0.0,0.0,0.999999999993671,158,0,0,0
sem_erro,xgboost,lacuna,40,5,5,943,943,341,602,0,943,0,0,0,1.0,1.0,0.0,0.0,0.0,0.9999999999989395,943,0,0,0
sem_erro,xgboost,lacuna,40,10,10,472,472,170,302,0,472,0,0,0,1.0,1.0,0.0,0.0,0.0,0.9999999999978814,472,0,0,0
sem_erro,xgboost,lacuna,40,15,15,315,315,114,201,0,315,0,0,0,1.0,1.0,0.0,0.0,0.0,0.9999999999968254,315,0,0,0
sem_erro,xgboost,lacuna,40,20,20,236,236,83,153,0,236,0,0,0,1.0,1.0,0.0,0.0,0.0,0.9999999999957627,236,0,0,0
sem_erro,xgboost,lacuna,40,25,25,189,189,68,121,0,189,0,0,0,1.0,1.0,0.0,0.0,0.0,0.999999999994709,189,0,0,0
sem_erro,xgboost,lacuna,40,30,30,158,158,57,101,0,158,0,0,0,1.0,1.0,0.0,0.0,0.0,0.999999999993671,158,0,0,0
sem_erro,xgboost,lacuna,40,35,35,135,135,50,85,0,135,0,0,0,1.0,1.0,0.0,0.0,0.0,0.9999999999925927,135,0,0,0
sem_erro,xgboost,lacuna,40,40,40,118,118,42,76,0,118,0,0,0,1.0,1.0,0.0,0.0,0.0,0.9999999999915254,118,0,0,0
sem_erro,xgboost,lacuna,50,5,5,941,941,373,568,0,941,0,0,0,1.0,1.0,0.0,0.0,0.0,0.9999999999989373,941,0,0,0
sem_erro,xgboost,lacuna,50,10,10,471,471,186,285,0,471,0,0,0,1.0,1.0,0.0,0.0,0.0,0.9999999999978769,471,0,0,0
sem_erro,xgboost,lacuna,50,15,15,314,314,126,188,0,314,0,0,0,1.0,1.0,0.0,0.0,0.0,0.9999999999968153,314,0,0,0
sem_erro,xgboost,lacuna,50,20,20,236,236,95,141,0,236,0,0,0,1.0,1.0,0.0,0.0,0.0,0.9999999999957627,236,0,0,0
sem_erro,xgboost,lacuna,50,25,25,189,189,77,112,0,189,0,0,0,1.0,1.0,0.0,0.0,0.0,0.999999999994709,189,0,0,0
sem_erro,xgboost,lacuna,50,30,30,157,157,63,94,0,157,0,0,0,1.0,1.0,0.0,0.0,0.0,0.9999999999936307,157,0,0,0
sem_erro,xgboost,lacuna,50,35,35,135,135,55,80,0,135,0,0,0,1.0,1.0,0.0,0.0,0.0,0.9999999999925927,135,0,0,0
sem_erro,xgboost,lacuna,50,40,40,118,118,46,72,0,118,0,0,0,1.0,1.0,0.0,0.0,0.0,0.9999999999915254,118,0,0,0
sem_erro,xgboost,lacuna,50,45,45,105,105,41,64,0,105,0,0,0,1.0,1.0,0.0,0.0,0.0,0.9999999999904762,105,0,0,0
sem_erro,xgboost,lacuna,50,50,50,95,95,39,56,0,95,0,0,0,1.0,1.0,0.0,0.0,0.0,0.9999999999894736,95,0,0,0
sem_erro,xgboost,lacuna,60,5,5,939,939,402,537,0,939,0,0,0,1.0,1.0,0.0,0.0,0.0,0.9999999999989351,939,0,0,0
sem_erro,xgboost,lacuna,60,10,10,470,470,201,269,0,470,0,0,0,1.0,1.0,0.0,0.0,0.0,0.9999999999978724,470,0,0,0
sem_erro,xgboost,lacuna,60,15,15,313,313,133,180,0,313,0,0,0,1.0,1.0,0.0,0.0,0.0,0.9999999999968051,313,0,0,0
sem_erro,xgboost,lacuna,60,20,20,235,235,99,136,0,235,0,0,0,1.0,1.0,0.0,0.0,0.0,0.9999999999957447,235,0,0,0
sem_erro,xgboost,lacuna,60,25,25,188,188,81,107,0,188,0,0,0,1.0,1.0,0.0,0.0,0.0,0.9999999999946809,188,0,0,0
sem_erro,xgboost,lacuna,60,30,30,157,157,65,92,0,157,0,0,0,1.0,1.0,0.0,0.0,0.0,0.9999999999936307,157,0,0,0
sem_erro,xgboost,lacuna,60,35,35,135,135,59,76,0,135,0,0,0,1.0,1.0,0.0,0.0,0.0,0.9999999999925927,135,0,0,0
sem_erro,xgboost,lacuna,60,40,40,118,118,49,69,0,118,0,0,0,1.0,1.0,0.0,0.0,0.0,0.9999999999915254,118,0,0,0
sem_erro,xgboost,lacuna,60,45,45,105,105,44,61,0,105,0,0,0,1.0,1.0,0.0,0.0,0.0,0.9999999999904762,105,0,0,0
sem_erro,xgboost,lacuna,60,50,50,94,94,40,54,0,94,0,0,0,1.0,1.0,0.0,0.0,0.0,0.9999999999893616,94,0,0,0
sem_erro,xgboost,lacuna,60,55,55,86,86,37,49,0,86,0,0,0,1.0,1.0,0.0,0.0,0.0,0.9999999999883721,86,0,0,0
sem_erro,xgboost,lacuna,60,60,60,79,79,32,47,0,79,0,0,0,1.0,1.0,0.0,0.0,0.0,0.9999999999873417,79,0,0,0
sem_erro,xgboost,lacuna,70,5,5,937,937,428,509,0,937,0,0,0,1.0,1.0,0.0,0.0,0.0,0.9999999999989327,937,0,0,0
sem_erro,xgboost,lacuna,70,10,10,469,469,214,255,0,469,0,0,0,1.0,1.0,0.0,0.0,0.0,0.9999999999978678,469,0,0,0
sem_erro,xgboost,lacuna,70,15,15,313,313,143,170,0,313,0,0,0,1.0,1.0,0.0,0.0,0.0,0.9999999999968051,313,0,0,0
sem_erro,xgboost,lacuna,70,20,20,235,235,108,127,0,235,0,0,0,1.0,1.0,0.0,0.0,0.0,0.9999999999957447,235,0,0,0
sem_erro,xgboost,lacuna,70,25,25,188,188,89,99,0,188,0,0,0,1.0,1.0,0.0,0.0,0.0,0.9999999999946809,188,0,0,0
sem_erro,xgboost,lacuna,70,30,30,157,157,71,86,0,157,0,0,0,1.0,1.0,0.0,0.0,0.0,0.9999999999936307,157,0,0,0
sem_erro,xgboost,lacuna,70,35,35,134,134,62,72,0,134,0,0,0,1.0,1.0,0.0,0.0,0.0,0.9999999999925374,134,0,0,0
sem_erro,xgboost,lacuna,70,40,40,118,118,55,63,0,118,0,0,0,1.0,1.0,0.0,0.0,0.0,0.9999999999915254,118,0,0,0
sem_erro,xgboost,lacuna,70,45,45,105,105,50,55,0,105,0,0,0,1.0,1.0,0.0,0.0,0.0,0.9999999999904762,105,0,0,0
sem_erro,xgboost,lacuna,70,50,50,94,94,44,50,0,94,0,0,0,1.0,1.0,0.0,0.0,0.0,0.9999999999893616,94,0,0,0
sem_erro,xgboost,lacuna,70,55,55,86,86,41,45,0,86,0,0,0,1.0,1.0,0.0,0.0,0.0,0.9999999999883721,86,0,0,0
sem_erro,xgboost,lacuna,70,60,60,79,79,36,43,0,79,0,0,0,1.0,1.0,0.0,0.0,0.0,0.9999999999873417,79,0,0,0
sem_erro,xgboost,lacuna,70,65,65,73,73,34,39,0,73,0,0,0,1.0,1.0,0.0,0.0,0.0,0.9999999999863013,73,0,0,0
sem_erro,xgboost,lacuna,70,70,70,67,67,32,35,0,67,0,0,0,1.0,1.0,0.0,0.0,0.0,0.9999999999850746,67,0,0,0
sem_erro,xgboost,lacuna,80,5,5,935,935,452,483,0,935,0,0,0,1.0,1.0,0.0,0.0,0.0,0.9999999999989305,935,0,0,0
sem_erro,xgboost,lacuna,80,10,10,468,468,226,242,0,468,0,0,0,1.0,1.0,0.0,0.0,0.0,0.9999999999978633,468,0,0,0
sem_erro,xgboost,lacuna,80,15,15,312,312,153,159,0,312,0,0,0,1.0,1.0,0.0,0.0,0.0,0.9999999999967949,312,0,0,0
sem_erro,xgboost,lacuna,80,20,20,234,234,112,122,0,234,0,0,0,1.0,1.0,0.0,0.0,0.0,0.9999999999957265,234,0,0,0
sem_erro,xgboost,lacuna,80,25,25,187,187,91,96,0,187,0,0,0,1.0,1.0,0.0,0.0,0.0,0.9999999999946525,187,0,0,0
sem_erro,xgboost,lacuna,80,30,30,156,156,76,80,0,156,0,0,0,1.0,1.0,0.0,0.0,0.0,0.9999999999935898,156,0,0,0
sem_erro,xgboost,lacuna,80,35,35,134,134,67,67,0,134,0,0,0,1.0,1.0,0.0,0.0,0.0,0.9999999999925374,134,0,0,0
sem_erro,xgboost,lacuna,80,40,40,117,117,56,61,0,117,0,0,0,1.0,1.0,0.0,0.0,0.0,0.999999999991453,117,0,0,0
sem_erro,xgboost,lacuna,80,45,45,104,104,51,53,0,104,0,0,0,1.0,1.0,0.0,0.0,0.0,0.9999999999903846,104,0,0,0
sem_erro,xgboost,lacuna,80,50,50,94,94,46,48,0,94,0,0,0,1.0,1.0,0.0,0.0,0.0,0.9999999999893616,94,0,0,0
sem_erro,xgboost,lacuna,80,55,55,85,85,42,43,0,85,0,0,0,1.0,1.0,0.0,0.0,0.0,0.9999999999882353,85,0,0,0
sem_erro,xgboost,lacuna,80,60,60,78,78,38,40,0,78,0,0,0,1.0,1.0,0.0,0.0,0.0,0.9999999999871795,78,0,0,0
sem_erro,xgboost,lacuna,80,65,65,72,72,34,38,0,72,0,0,0,1.0,1.0,0.0,0.0,0.0,0.9999999999861111,72,0,0,0
sem_erro,xgboost,lacuna,80,70,70,67,67,34,33,0,67,0,0,0,1.0,1.0,0.0,0.0,0.0,0.9999999999850746,67,0,0,0
sem_erro,xgboost,lacuna,80,75,75,63,63,30,33,0,63,0,0,0,1.0,1.0,0.0,0.0,0.0,0.999999999984127,63,0,0,0
sem_erro,xgboost,lacuna,80,80,80,59,59,28,31,0,59,0,0,0,1.0,1.0,0.0,0.0,0.0,0.9999999999830509,59,0,0,0
sem_erro,xgboost,lacuna,90,5,5,933,933,475,458,0,933,0,0,0,1.0,1.0,0.0,0.0,0.0,0.9999999999989282,933,0,0,0
sem_erro,xgboost,lacuna,90,10,10,467,467,238,229,0,467,0,0,0,1.0,1.0,0.0,0.0,0.0,0.9999999999978587,467,0,0,0
sem_erro,xgboost,lacuna,90,15,15,311,311,157,154,0,311,0,0,0,1.0,1.0,0.0,0.0,0.0,0.9999999999967846,311,0,0,0
sem_erro,xgboost,lacuna,90,20,20,234,234,120,114,0,234,0,0,0,1.0,1.0,0.0,0.0,0.0,0.9999999999957265,234,0,0,0
sem_erro,xgboost,lacuna,90,25,25,187,187,96,91,0,187,0,0,0,1.0,1.0,0.0,0.0,0.0,0.9999999999946525,187,0,0,0
sem_erro,xgboost,lacuna,90,30,30,156,156,78,78,0,156,0,0,0,1.0,1.0,0.0,0.0,0.0,0.9999999999935898,156,0,0,0
sem_erro,xgboost,lacuna,90,35,35,134,134,71,63,0,134,0,0,0,1.0,1.0,0.0,0.0,0.0,0.9999999999925374,134,0,0,0
sem_erro,xgboost,lacuna,90,40,40,117,117,59,58,0,117,0,0,0,1.0,1.0,0.0,0.0,0.0,0.999999999991453,117,0,0,0
sem_erro,xgboost,lacuna,90,45,45,104,104,53,51,0,104,0,0,0,1.0,1.0,0.0,0.0,0.0,0.9999999999903846,104,0,0,0
sem_erro,xgboost,lacuna,90,50,50,94,94,49,45,0,94,0,0,0,1.0,1.0,0.0,0.0,0.0,0.9999999999893616,94,0,0,0
sem_erro,xgboost,lacuna,90,55,55,85,85,45,40,0,85,0,0,0,1.0,1.0,0.0,0.0,0.0,0.9999999999882353,85,0,0,0
sem_erro,xgboost,lacuna,90,60,60,78,78,40,38,0,78,0,0,0,1.0,1.0,0.0,0.0,0.0,0.9999999999871795,78,0,0,0
sem_erro,xgboost,lacuna,90,65,65,72,72,36,36,0,72,0,0,0,1.0,1.0,0.0,0.0,0.0,0.9999999999861111,72,0,0,0
sem_erro,xgboost,lacuna,90,70,70,67,67,37,30,0,67,0,0,0,1.0,1.0,0.0,0.0,0.0,0.9999999999850746,67,0,0,0
sem_erro,xgboost,lacuna,90,75,75,63,63,32,31,0,63,0,0,0,1.0,1.0,0.0,0.0,0.0,0.999999999984127,63,0,0,0
sem_erro,xgboost,lacuna,90,80,80,59,59,29,30,0,59,0,0,0,1.0,1.0,0.0,0.0,0.0,0.9999999999830509,59,0,0,0
sem_erro,xgboost,lacuna,90,85,85,55,55,28,27,0,55,0,0,0,1.0,1.0,0.0,0.0,0.0,0.9999999999818182,55,0,0,0
sem_erro,xgboost,lacuna,90,90,90,52,52,25,27,0,52,0,0,0,1.0,1.0,0.0,0.0,0.0,0.9999999999807693,52,0,0,0
sem_erro,xgboost,lacuna,100,5,5,931,931,493,438,0,931,0,0,0,1.0,1.0,0.0,0.0,0.0,0.9999999999989259,931,0,0,0
sem_erro,xgboost,lacuna,100,10,10,466,466,247,219,0,466,0,0,0,1.0,1.0,0.0,0.0,0.0,0.999999999997854,466,0,0,0
sem_erro,xgboost,lacuna,100,15,15,311,311,164,147,0,311,0,0,0,1.0,1.0,0.0,0.0,0.0,0.9999999999967846,311,0,0,0
sem_erro,xgboost,lacuna,100,20,20,233,233,123,110,0,233,0,0,0,1.0,1.0,0.0,0.0,0.0,0.9999999999957082,233,0,0,0
sem_erro,xgboost,lacuna,100,25,25,187,187,99,88,0,187,0,0,0,1.0,1.0,0.0,0.0,0.0,0.9999999999946525,187,0,0,0
sem_erro,xgboost,lacuna,100,30,30,156,156,81,75,0,156,0,0,0,1.0,1.0,0.0,0.0,0.0,0.9999999999935898,156,0,0,0
sem_erro,xgboost,lacuna,100,35,35,133,133,72,61,0,133,0,0,0,1.0,1.0,0.0,0.0,0.0,0.9999999999924812,133,0,0,0
sem_erro,xgboost,lacuna,100,40,40,117,117,61,56,0,117,0,0,0,1.0,1.0,0.0,0.0,0.0,0.999999999991453,117,0,0,0
sem_erro,xgboost,lacuna,100,45,45,104,104,56,48,0,104,0,0,0,1.0,1.0,0.0,0.0,0.0,0.9999999999903846,104,0,0,0
sem_erro,xgboost,lacuna,100,50,50,94,94,51,43,0,94,0,0,0,1.0,1.0,0.0,0.0,0.0,0.9999999999893616,94,0,0,0
sem_erro,xgboost,lacuna,100,55,55,85,85,46,39,0,85,0,0,0,1.0,1.0,0.0,0.0,0.0,0.9999999999882353,85,0,0,0
sem_erro,xgboost,lacuna,100,60,60,78,78,42,36,0,78,0,0,0,1.0,1.0,0.0,0.0,0.0,0.9999999999871795,78,0,0,0
sem_erro,xgboost,lacuna,100,65,65,72,72,37,35,0,72,0,0,0,1.0,1.0,0.0,0.0,0.0,0.9999999999861111,72,0,0,0
sem_erro,xgboost,lacuna,100,70,70,67,67,37,30,0,67,0,0,0,1.0,1.0,0.0,0.0,0.0,0.9999999999850746,67,0,0,0
sem_erro,xgboost,lacuna,100,75,75,63,63,35,28,0,63,0,0,0,1.0,1.0,0.0,0.0,0.0,0.999999999984127,63,0,0,0
sem_erro,xgboost,lacuna,100,80,80,59,59,31,28,0,59,0,0,0,1.0,1.0,0.0,0.0,0.0,0.9999999999830509,59,0,0,0
sem_erro,xgboost,lacuna,100,85,85,55,55,30,25,0,55,0,0,0,1.0,1.0,0.0,0.0,0.0,0.9999999999818182,55,0,0,0
sem_erro,xgboost,lacuna,100,90,90,52,52,26,26,0,52,0,0,0,1.0,1.0,0.0,0.0,0.0,0.9999999999807693,52,0,0,0
sem_erro,xgboost,lacuna,100,95,95,49,49,25,24,0,49,0,0,0,1.0,1.0,0.0,0.0,0.0,0.9999999999795919,49,0,0,0
sem_erro,xgboost,lacuna,100,100,100,47,47,28,19,0,47,0,0,0,1.0,1.0,0.0,0.0,0.0,0.9999999999787235,47,0,0,0
sem_erro,xgboost,oscilacao,20,5,5,947,947,376,571,0,947,0,49,49,0.8637803590285111,0.8637803590285111,0.0,0.0,0.0,0.863780359027599,818,129,0,0
sem_erro,xgboost,oscilacao,20,10,10,474,474,188,286,0,474,0,39,39,0.8565400843881856,0.8565400843881856,0.0,0.0,0.0,0.8565400843863786,406,68,0,0
sem_erro,xgboost,oscilacao,20,15,15,316,316,127,189,0,316,0,31,31,0.8639240506329114,0.8639240506329114,0.0,0.0,0.0,0.8639240506301775,273,43,0,0
sem_erro,xgboost,oscilacao,20,20,20,237,237,93,144,0,237,0,24,24,0.8438818565400844,0.8438818565400844,0.0,0.0,0.0,0.8438818565365237,200,37,0,0
sem_erro,xgboost,oscilacao,30,5,5,945,945,411,534,0,945,0,50,50,0.8148148148148148,0.8148148148148148,0.0,0.0,0.0,0.8148148148139526,770,175,0,0
sem_erro,xgboost,oscilacao,30,10,10,473,473,206,267,0,473,0,41,41,0.7991543340380549,0.7991543340380549,0.0,0.0,0.0,0.7991543340363655,378,95,0,0
sem_erro,xgboost,oscilacao,30,15,15,315,315,136,179,0,315,0,31,31,0.8507936507936508,0.8507936507936508,0.0,0.0,0.0,0.8507936507909499,268,47,0,0
sem_erro,xgboost,oscilacao,30,20,20,237,237,101,136,0,237,0,25,25,0.8607594936708861,0.8607594936708861,0.0,0.0,0.0,0.8607594936672542,204,33,0,0
sem_erro,xgboost,oscilacao,30,25,25,189,189,84,105,0,189,0,27,27,0.7724867724867724,0.7724867724867724,0.0,0.0,0.0,0.7724867724826853,146,43,0,0
sem_erro,xgboost,oscilacao,30,30,30,158,158,67,91,0,158,0,26,26,0.759493670886076,0.759493670886076,0.0,0.0,0.0,0.7594936708812691,120,38,0,0
sem_erro,xgboost,oscilacao,40,5,5,943,943,443,500,0,943,0,57,57,0.7720042417815483,0.7720042417815483,0.0,0.0,0.0,0.7720042417807296,728,215,0,0
sem_erro,xgboost,oscilacao,40,10,10,472,472,222,250,0,472,0,42,42,0.7690677966101694,0.7690677966101694,0.0,0.0,0.0,0.7690677966085401,363,109,0,0
sem_erro,xgboost,oscilacao,40,15,15,315,315,147,168,0,315,0,33,33,0.7904761904761904,0.7904761904761904,0.0,0.0,0.0,0.790476190473681,249,66,0,0
sem_erro,xgboost,oscilacao,40,20,20,236,236,110,126,0,236,0,31,31,0.7415254237288136,0.7415254237288136,0.0,0.0,0.0,0.7415254237256715,175,61,0,0
sem_erro,xgboost,oscilacao,40,25,25,189,189,91,98,0,189,0,33,33,0.7248677248677249,0.7248677248677249,0.0,0.0,0.0,0.7248677248638896,137,52,0,0
sem_erro,xgboost,oscilacao,40,30,30,158,158,74,84,0,158,0,25,25,0.7088607594936709,0.7088607594936709,0.0,0.0,0.0,0.7088607594891845,112,46,0,0
sem_erro,xgboost,oscilacao,40,35,35,135,135,64,71,0,135,0,25,25,0.725925925925926,0.725925925925926,0.0,0.0,0.0,0.7259259259205487,98,37,0,0
sem_erro,xgboost,oscilacao,40,40,40,118,118,55,63,0,118,0,23,23,0.7711864406779662,0.7711864406779662,0.0,0.0,0.0,0.7711864406714306,91,27,0,0
sem_erro,xgboost,oscilacao,50,5,5,941,941,474,467,0,941,0,55,55,0.7130712008501594,0.7130712008501594,0.0,0.0,0.0,0.7130712008494017,671,270,0,0
sem_erro,xgboost,oscilacao,50,10,10,471,471,237,234,0,471,0,41,41,0.7133757961783439,0.7133757961783439,0.0,0.0,0.0,0.7133757961768293,336,135,0,0
sem_erro,xgboost,oscilacao,50,15,15,314,314,160,154,0,314,0,36,36,0.7165605095541401,0.7165605095541401,0.0,0.0,0.0,0.7165605095518581,225,89,0,0
sem_erro,xgboost,oscilacao,50,20,20,236,236,116,120,0,236,0,30,30,0.7033898305084746,0.7033898305084746,0.0,0.0,0.0,0.7033898305054942,166,70,0,0
sem_erro,xgboost,oscilacao,50,25,25,189,189,95,94,0,189,0,26,26,0.6825396825396826,0.6825396825396826,0.0,0.0,0.0,0.6825396825360712,129,60,0,0
sem_erro,xgboost,oscilacao,50,30,30,157,157,80,77,0,157,0,25,25,0.7197452229299363,0.7197452229299363,0.0,0.0,0.0,0.719745222925352,113,44,0,0
sem_erro,xgboost,oscilacao,50,35,35,135,135,69,66,0,135,0,23,23,0.6148148148148148,0.6148148148148148,0.0,0.0,0.0,0.6148148148102607,83,52,0,0
sem_erro,xgboost,oscilacao,50,40,40,118,118,56,62,0,118,0,21,21,0.711864406779661,0.711864406779661,0.0,0.0,0.0,0.7118644067736283,84,34,0,0
sem_erro,xgboost,oscilacao,50,45,45,105,105,52,53,0,105,0,23,23,0.7238095238095238,0.7238095238095238,0.0,0.0,0.0,0.7238095238026303,76,29,0,0
sem_erro,xgboost,oscilacao,50,50,50,95,95,47,48,0,95,0,23,23,0.6,0.6,0.0,0.0,0.0,0.5999999999936841,57,38,0,0
sem_erro,xgboost,oscilacao,60,5,5,939,939,504,435,0,939,0,52,52,0.6517571884984026,0.6517571884984026,0.0,0.0,0.0,0.6517571884977085,612,327,0,0
sem_erro,xgboost,oscilacao,60,10,10,470,470,252,218,0,470,0,42,42,0.6659574468085107,0.6659574468085107,0.0,0.0,0.0,0.6659574468070937,313,157,0,0
sem_erro,xgboost,oscilacao,60,15,15,313,313,167,146,0,313,0,36,36,0.6421725239616614,0.6421725239616614,0.0,0.0,0.0,0.6421725239596097,201,112,0,0
sem_erro,xgboost,oscilacao,60,20,20,235,235,125,110,0,235,0,33,33,0.6042553191489362,0.6042553191489362,0.0,0.0,0.0,0.6042553191463649,142,93,0,0
sem_erro,xgboost,oscilacao,60,25,25,188,188,101,87,0,188,0,31,31,0.6223404255319149,0.6223404255319149,0.0,0.0,0.0,0.6223404255286046,117,71,0,0
sem_erro,xgboost,oscilacao,60,30,30,157,157,83,74,0,157,0,29,29,0.6624203821656051,0.6624203821656051,0.0,0.0,0.0,0.6624203821613859,104,53,0,0
sem_erro,xgboost,oscilacao,60,35,35,135,135,72,63,0,135,0,28,28,0.6074074074074074,0.6074074074074074,0.0,0.0,0.0,0.6074074074029081,82,53,0,0
sem_erro,xgboost,oscilacao,60,40,40,118,118,62,56,0,118,0,27,27,0.5932203389830508,0.5932203389830508,0.0,0.0,0.0,0.5932203389780235,70,48,0,0
sem_erro,xgboost,oscilacao,60,45,45,105,105,56,49,0,105,0,26,26,0.5714285714285714,0.5714285714285714,0.0,0.0,0.0,0.5714285714231292,60,45,0,0
sem_erro,xgboost,oscilacao,60,50,50,94,94,50,44,0,94,0,21,21,0.5957446808510638,0.5957446808510638,0.0,0.0,0.0,0.5957446808447261,56,38,0,0
sem_erro,xgboost,oscilacao,60,55,55,86,86,45,41,0,86,0,21,21,0.6744186046511628,0.6744186046511628,0.0,0.0,0.0,0.6744186046433207,58,28,0,0
sem_erro,xgboost,oscilacao,60,60,60,79,79,43,36,0,79,0,23,23,0.5316455696202531,0.5316455696202531,0.0,0.0,0.0,0.5316455696135235,42,37,0,0
sem_erro,xgboost,oscilacao,70,5,5,937,937,530,407,0,937,0,49,49,0.6093916755602988,0.6093916755602988,0.0,0.0,0.0,0.6093916755596485,571,366,0,0
sem_erro,xgboost,oscilacao,70,10,10,469,469,265,204,0,469,0,40,40,0.5927505330490405,0.5927505330490405,0.0,0.0,0.0,0.5927505330477767,278,191,0,0
sem_erro,xgboost,oscilacao,70,15,15,313,313,175,138,0,313,0,33,33,0.6038338658146964,0.6038338658146964,0.0,0.0,0.0,0.6038338658127673,189,124,0,0
sem_erro,xgboost,oscilacao,70,20,20,235,235,131,104,0,235,0,34,34,0.5957446808510638,0.5957446808510638,0.0,0.0,0.0,0.5957446808485287,140,95,0,0
sem_erro,xgboost,oscilacao,70,25,25,188,188,107,81,0,188,0,35,35,0.5478723404255319,0.5478723404255319,0.0,0.0,0.0,0.5478723404226177,103,85,0,0
sem_erro,xgboost,oscilacao,70,30,30,157,157,87,70,0,157,0,30,30,0.535031847133758,0.535031847133758,0.0,0.0,0.0,0.5350318471303501,84,73,0,0
sem_erro,xgboost,oscilacao,70,35,35,134,134,75,59,0,134,0,24,24,0.6268656716417911,0.6268656716417911,0.0,0.0,0.0,0.626865671637113,84,50,0,0
sem_erro,xgboost,oscilacao,70,40,40,118,118,67,51,0,118,0,26,26,0.576271186440678,0.576271186440678,0.0,0.0,0.0,0.5762711864357943,68,50,0,0
sem_erro,xgboost,oscilacao,70,45,45,105,105,58,47,0,105,0,28,28,0.47619047619047616,0.47619047619047616,0.0,0.0,0.0,0.476190476185941,50,55,0,0
sem_erro,xgboost,oscilacao,70,50,50,94,94,54,40,0,94,0,20,20,0.5,0.5,0.0,0.0,0.0,0.4999999999946808,47,47,0,0
sem_erro,xgboost,oscilacao,70,55,55,86,86,48,38,0,86,0,23,23,0.5697674418604651,0.5697674418604651,0.0,0.0,0.0,0.5697674418538399,49,37,0,0
sem_erro,xgboost,oscilacao,70,60,60,79,79,45,34,0,79,0,24,24,0.46835443037974683,0.46835443037974683,0.0,0.0,0.0,0.4683544303738183,37,42,0,0
sem_erro,xgboost,oscilacao,70,65,65,73,73,41,32,0,73,0,24,24,0.4520547945205479,0.4520547945205479,0.0,0.0,0.0,0.4520547945143554,33,40,0,0
sem_erro,xgboost,oscilacao,70,70,70,67,67,38,29,0,67,0,17,17,0.417910447761194,0.417910447761194,0.0,0.0,0.0,0.41791044775495656,28,39,0,0
sem_erro,xgboost,oscilacao,80,5,5,935,935,551,384,0,935,0,52,52,0.560427807486631,0.560427807486631,0.0,0.0,0.0,0.5604278074860316,524,411,0,0
sem_erro,xgboost,oscilacao,80,10,10,468,468,276,192,0,468,0,42,42,0.5683760683760684,0.5683760683760684,0.0,0.0,0.0,0.5683760683748539,266,202,0,0
sem_erro,xgboost,oscilacao,80,15,15,312,312,184,128,0,312,0,37,37,0.5737179487179487,0.5737179487179487,0.0,0.0,0.0,0.5737179487161099,179,133,0,0
sem_erro,xgboost,oscilacao,80,20,20,234,234,138,96,0,234,0,35,35,0.5769230769230769,0.5769230769230769,0.0,0.0,0.0,0.5769230769206115,135,99,0,0
sem_erro,xgboost,oscilacao,80,25,25,187,187,111,76,0,187,0,29,29,0.5882352941176471,0.5882352941176471,0.0,0.0,0.0,0.5882352941145015,110,77,0,0
sem_erro,xgboost,oscilacao,80,30,30,156,156,92,64,0,156,0,30,30,0.5192307692307693,0.5192307692307693,0.0,0.0,0.0,0.5192307692274408,81,75,0,0
sem_erro,xgboost,oscilacao,80,35,35,134,134,80,54,0,134,0,25,25,0.6268656716417911,0.6268656716417911,0.0,0.0,0.0,0.626865671637113,84,50,0,0
sem_erro,xgboost,oscilacao,80,40,40,117,117,69,48,0,117,0,29,29,0.5470085470085471,0.5470085470085471,0.0,0.0,0.0,0.5470085470038717,64,53,0,0
sem_erro,xgboost,oscilacao,80,45,45,104,104,59,45,0,104,0,24,24,0.5096153846153846,0.5096153846153846,0.0,0.0,0.0,0.5096153846104845,53,51,0,0
sem_erro,xgboost,oscilacao,80,50,50,94,94,56,38,0,94,0,27,27,0.5,0.5,0.0,0.0,0.0,0.4999999999946808,47,47,0,0
sem_erro,xgboost,oscilacao,80,55,55,85,85,51,34,0,85,0,23,23,0.4,0.4,0.0,0.0,0.0,0.3999999999952941,34,51,0,0
sem_erro,xgboost,oscilacao,80,60,60,78,78,47,31,0,78,0,19,19,0.3974358974358974,0.3974358974358974,0.0,0.0,0.0,0.3974358974308021,31,47,0,0
sem_erro,xgboost,oscilacao,80,65,65,72,72,43,29,0,72,0,20,20,0.3888888888888889,0.3888888888888889,0.0,0.0,0.0,0.38888888888348766,28,44,0,0
sem_erro,xgboost,oscilacao,80,70,70,67,67,40,27,0,67,0,19,19,0.43283582089552236,0.43283582089552236,0.0,0.0,0.0,0.43283582088906214,29,38,0,0
sem_erro,xgboost,oscilacao,80,75,75,63,63,35,28,0,63,0,17,17,0.6190476190476191,0.6190476190476191,0.0,0.0,0.0,0.6190476190377929,39,24,0,0
sem_erro,xgboost,oscilacao,80,80,80,59,59,36,23,0,59,0,14,14,0.3728813559322034,0.3728813559322034,0.0,0.0,0.0,0.3728813559258834,22,37,0,0
sem_erro,xgboost,oscilacao,90,5,5,933,933,571,362,0,933,0,50,50,0.5509110396570204,0.5509110396570204,0.0,0.0,0.0,0.5509110396564298,514,419,0,0
sem_erro,xgboost,oscilacao,90,10,10,467,467,286,181,0,467,0,44,44,0.5460385438972163,0.5460385438972163,0.0,0.0,0.0,0.546038543896047,255,212,0,0
sem_erro,xgboost,oscilacao,90,15,15,311,311,189,122,0,311,0,35,35,0.5594855305466238,0.5594855305466238,0.0,0.0,0.0,0.5594855305448249,174,137,0,0
sem_erro,xgboost,oscilacao,90,20,20,234,234,142,92,0,234,0,33,33,0.5384615384615384,0.5384615384615384,0.0,0.0,0.0,0.5384615384592374,126,108,0,0
sem_erro,xgboost,oscilacao,90,25,25,187,187,115,72,0,187,0,32,32,0.5080213903743316,0.5080213903743316,0.0,0.0,0.0,0.5080213903716149,95,92,0,0
sem_erro,xgboost,oscilacao,90,30,30,156,156,95,61,0,156,0,30,30,0.44871794871794873,0.44871794871794873,0.0,0.0,0.0,0.44871794871507237,70,86,0,0
sem_erro,xgboost,oscilacao,90,35,35,134,134,82,52,0,134,0,23,23,0.5597014925373134,0.5597014925373134,0.0,0.0,0.0,0.5597014925331366,75,59,0,0
sem_erro,xgboost,oscilacao,90,40,40,117,117,69,48,0,117,0,27,27,0.5811965811965812,0.5811965811965812,0.0,0.0,0.0,0.5811965811916137,68,49,0,0
sem_erro,xgboost,oscilacao,90,45,45,104,104,61,43,0,104,0,28,28,0.4519230769230769,0.4519230769230769,0.0,0.0,0.0,0.4519230769187315,47,57,0,0
sem_erro,xgboost,oscilacao,90,50,50,94,94,59,35,0,94,0,22,22,0.425531914893617,0.425531914893617,0.0,0.0,0.0,0.4255319148890901,40,54,0,0
sem_erro,xgboost,oscilacao,90,55,55,85,85,51,34,0,85,0,21,21,0.4235294117647059,0.4235294117647059,0.0,0.0,0.0,0.42352941175972314,36,49,0,0
sem_erro,xgboost,oscilacao,90,60,60,78,78,47,31,0,78,0,17,17,0.4230769230769231,0.4230769230769231,0.0,0.0,0.0,0.42307692307149897,33,45,0,0
sem_erro,xgboost,oscilacao,90,65,65,72,72,43,29,0,72,0,13,13,0.4027777777777778,0.4027777777777778,0.0,0.0,0.0,0.4027777777721836,29,43,0,0
sem_erro,xgboost,oscilacao,90,70,70,67,67,40,27,0,67,0,21,21,0.5970149253731343,0.5970149253731343,0.0,0.0,0.0,0.5970149253642236,40,27,0,0
sem_erro,xgboost,oscilacao,90,75,75,63,63,38,25,0,63,0,23,23,0.42857142857142855,0.42857142857142855,0.0,0.0,0.0,0.4285714285646259,27,36,0,0
sem_erro,xgboost,oscilacao,90,80,80,59,59,36,23,0,59,0,14,14,0.3728813559322034,0.3728813559322034,0.0,0.0,0.0,0.3728813559258834,22,37,0,0
sem_erro,xgboost,oscilacao,90,85,85,55,55,33,22,0,55,0,12,12,0.4,0.4,0.0,0.0,0.0,0.3999999999927273,22,33,0,0
sem_erro,xgboost,oscilacao,90,90,90,52,52,31,21,0,52,0,13,13,0.5,0.5,0.0,0.0,0.0,0.49999999999038464,26,26,0,0
sem_erro,xgboost,oscilacao,100,5,5,931,931,591,340,0,931,0,54,54,0.505907626208378,0.505907626208378,0.0,0.0,0.0,0.5059076262078347,471,460,0,0
sem_erro,xgboost,oscilacao,100,10,10,466,466,296,170,0,466,0,44,44,0.5085836909871244,0.5085836909871244,0.0,0.0,0.0,0.5085836909860331,237,229,0,0
sem_erro,xgboost,oscilacao,100,15,15,311,311,196,115,0,311,0,34,34,0.5176848874598071,0.5176848874598071,0.0,0.0,0.0,0.5176848874581426,161,150,0,0
sem_erro,xgboost,oscilacao,100,20,20,233,233,148,85,0,233,0,38,38,0.4592274678111588,0.4592274678111588,0.0,0.0,0.0,0.4592274678091879,107,126,0,0
sem_erro,xgboost,oscilacao,100,25,25,187,187,117,70,0,187,0,30,30,0.49732620320855614,0.49732620320855614,0.0,0.0,0.0,0.49732620320589666,93,94,0,0
sem_erro,xgboost,oscilacao,100,30,30,156,156,98,58,0,156,0,29,29,0.44871794871794873,0.44871794871794873,0.0,0.0,0.0,0.44871794871507237,70,86,0,0
sem_erro,xgboost,oscilacao,100,35,35,133,133,84,49,0,133,0,27,27,0.556390977443609,0.556390977443609,0.0,0.0,0.0,0.5563909774394257,74,59,0,0
sem_erro,xgboost,oscilacao,100,40,40,117,117,73,44,0,117,0,23,23,0.4188034188034188,0.4188034188034188,0.0,0.0,0.0,0.4188034187998393,49,68,0,0
sem_erro,xgboost,oscilacao,100,45,45,104,104,65,39,0,104,0,27,27,0.4230769230769231,0.4230769230769231,0.0,0.0,0.0,0.423076923072855,44,60,0,0
sem_erro,xgboost,oscilacao,100,50,50,94,94,59,35,0,94,0,21,21,0.425531914893617,0.425531914893617,0.0,0.0,0.0,0.4255319148890901,40,54,0,0
sem_erro,xgboost,oscilacao,100,55,55,85,85,53,32,0,85,0,22,22,0.4588235294117647,0.4588235294117647,0.0,0.0,0.0,0.4588235294063668,39,46,0,0
sem_erro,xgboost,oscilacao,100,60,60,78,78,49,29,0,78,0,14,14,0.34615384615384615,0.34615384615384615,0.0,0.0,0.0,0.34615384614940825,27,51,0,0
sem_erro,xgboost,oscilacao,100,65,65,72,72,43,29,0,72,0,13,13,0.4444444444444444,0.4444444444444444,0.0,0.0,0.0,0.4444444444382716,32,40,0,0
sem_erro,xgboost,oscilacao,100,70,70,67,67,43,24,0,67,0,20,20,0.5223880597014925,0.5223880597014925,0.0,0.0,0.0,0.5223880596936957,35,32,0,0
sem_erro,xgboost,oscilacao,100,75,75,63,63,39,24,0,63,0,21,21,0.4603174603174603,0.4603174603174603,0.0,0.0,0.0,0.4603174603101537,29,34,0,0
sem_erro,xgboost,oscilacao,100,80,80,59,59,38,21,0,59,0,7,7,0.11864406779661017,0.11864406779661017,0.0,0.0,0.0,0.11864406779459925,7,52,0,0
sem_erro,xgboost,oscilacao,100,85,85,55,55,35,20,0,55,0,10,10,0.3090909090909091,0.3090909090909091,0.0,0.0,0.0,0.3090909090852893,17,38,0,0
sem_erro,xgboost,oscilacao,100,90,90,52,52,32,20,0,52,0,13,13,0.36538461538461536,0.36538461538461536,0.0,0.0,0.0,0.36538461537758876,19,33,0,0
sem_erro,xgboost,oscilacao,100,95,95,49,49,30,19,0,49,0,12,12,0.3877551020408163,0.3877551020408163,0.0,0.0,0.0,0.387755102032903,19,30,0,0
sem_erro,xgboost,oscilacao,100,100,100,47,47,27,20,0,47,0,11,11,0.44680851063829785,0.44680851063829785,0.0,0.0,0.0,0.44680851062879134,21,26,0,0
sem_erro,xgboost,queda,20,5,5,947,947,231,716,0,947,0,54,54,0.7497360084477297,0.7497360084477297,0.0,0.0,0.0,0.749736008446938,710,237,0,0
sem_erro,xgboost,queda,20,10,10,474,474,114,360,0,474,0,39,39,0.7510548523206751,0.7510548523206751,0.0,0.0,0.0,0.7510548523190906,356,118,0,0
sem_erro,xgboost,queda,20,15,15,316,316,76,240,0,316,0,38,38,0.7721518987341772,0.7721518987341772,0.0,0.0,0.0,0.7721518987317337,244,72,0,0
sem_erro,xgboost,queda,20,20,20,237,237,56,181,0,237,0,27,27,0.7552742616033755,0.7552742616033755,0.0,0.0,0.0,0.7552742616001887,179,58,0,0
sem_erro,xgboost,queda,30,5,5,945,945,266,679,0,945,0,57,57,0.7291005291005291,0.7291005291005291,0.0,0.0,0.0,0.7291005290997575,689,256,0,0
sem_erro,xgboost,queda,30,10,10,473,473,132,341,0,473,0,37,37,0.7399577167019028,0.7399577167019028,0.0,0.0,0.0,0.7399577167003384,350,123,0,0
sem_erro,xgboost,queda,30,15,15,315,315,89,226,0,315,0,46,46,0.7174603174603175,0.7174603174603175,0.0,0.0,0.0,0.7174603174580398,226,89,0,0
sem_erro,xgboost,queda,30,20,20,237,237,69,168,0,237,0,33,33,0.7130801687763713,0.7130801687763713,0.0,0.0,0.0,0.7130801687733626,169,68,0,0
sem_erro,xgboost,queda,30,25,25,189,189,55,134,0,189,0,28,28,0.6878306878306878,0.6878306878306878,0.0,0.0,0.0,0.6878306878270486,130,59,0,0
sem_erro,xgboost,queda,30,30,30,158,158,45,113,0,158,0,31,31,0.7531645569620253,0.7531645569620253,0.0,0.0,0.0,0.7531645569572585,119,39,0,0
sem_erro,xgboost,queda,40,5,5,943,943,297,646,0,943,0,66,66,0.7104984093319194,0.7104984093319194,0.0,0.0,0.0,0.7104984093311659,670,273,0,0
sem_erro,xgboost,queda,40,10,10,472,472,147,325,0,472,0,43,43,0.6991525423728814,0.6991525423728814,0.0,0.0,0.0,0.6991525423714001,330,142,0,0
sem_erro,xgboost,queda,40,15,15,315,315,101,214,0,315,0,46,46,0.726984126984127,0.726984126984127,0.0,0.0,0.0,0.7269841269818191,229,86,0,0
sem_erro,xgboost,queda,40,20,20,236,236,73,163,0,236,0,36,36,0.7711864406779662,0.7711864406779662,0.0,0.0,0.0,0.7711864406746984,182,54,0,0
sem_erro,xgboost,queda,40,25,25,189,189,59,130,0,189,0,31,31,0.7195767195767195,0.7195767195767195,0.0,0.0,0.0,0.7195767195729124,136,53,0,0
sem_erro,xgboost,queda,40,30,30,158,158,50,108,0,158,0,33,33,0.7025316455696202,0.7025316455696202,0.0,0.0,0.0,0.7025316455651739,111,47,0,0
sem_erro,xgboost,queda,40,35,35,135,135,42,93,0,135,0,27,27,0.6222222222222222,0.6222222222222222,0.0,0.0,0.0,0.6222222222176133,84,51,0,0
sem_erro,xgboost,queda,40,40,40,118,118,37,81,0,118,0,22,22,0.7457627118644068,0.7457627118644068,0.0,0.0,0.0,0.7457627118580867,88,30,0,0
sem_erro,xgboost,queda,50,5,5,941,941,326,615,0,941,0,62,62,0.6780021253985122,0.6780021253985122,0.0,0.0,0.0,0.6780021253977917,638,303,0,0
sem_erro,xgboost,queda,50,10,10,471,471,162,309,0,471,0,53,53,0.6836518046709129,0.6836518046709129,0.0,0.0,0.0,0.6836518046694615,322,149,0,0
sem_erro,xgboost,queda,50,15,15,314,314,108,206,0,314,0,45,45,0.678343949044586,0.678343949044586,0.0,0.0,0.0,0.6783439490424257,213,101,0,0
sem_erro,xgboost,queda,50,20,20,236,236,84,152,0,236,0,42,42,0.673728813559322,0.673728813559322,0.0,0.0,0.0,0.6737288135564673,159,77,0,0
sem_erro,xgboost,queda,50,25,25,189,189,66,123,0,189,0,31,31,0.6084656084656085,0.6084656084656085,0.0,0.0,0.0,0.6084656084623891,115,74,0,0
sem_erro,xgboost,queda,50,30,30,157,157,52,105,0,157,0,32,32,0.6242038216560509,0.6242038216560509,0.0,0.0,0.0,0.6242038216520752,98,59,0,0
sem_erro,xgboost,queda,50,35,35,135,135,47,88,0,135,0,26,26,0.5777777777777777,0.5777777777777777,0.0,0.0,0.0,0.577777777773498,78,57,0,0
sem_erro,xgboost,queda,50,40,40,118,118,42,76,0,118,0,21,21,0.7457627118644068,0.7457627118644068,0.0,0.0,0.0,0.7457627118580867,88,30,0,0
sem_erro,xgboost,queda,50,45,45,105,105,37,68,0,105,0,22,22,0.638095238095238,0.638095238095238,0.0,0.0,0.0,0.638095238089161,67,38,0,0
sem_erro,xgboost,queda,50,50,50,95,95,30,65,0,95,0,19,19,0.7157894736842105,0.7157894736842105,0.0,0.0,0.0,0.7157894736766759,68,27,0,0
sem_erro,xgboost,queda,60,5,5,939,939,354,585,0,939,0,66,66,0.6144834930777423,0.6144834930777423,0.0,0.0,0.0,0.6144834930770879,577,362,0,0
sem_erro,xgboost,queda,60,10,10,470,470,176,294,0,470,0,47,47,0.6723404255319149,0.6723404255319149,0.0,0.0,0.0,0.6723404255304843,316,154,0,0
sem_erro,xgboost,queda,60,15,15,313,313,118,195,0,313,0,46,46,0.6357827476038339,0.6357827476038339,0.0,0.0,0.0,0.6357827476018026,199,114,0,0
sem_erro,xgboost,queda,60,20,20,235,235,87,148,0,235,0,34,34,0.723404255319149,0.723404255319149,0.0,0.0,0.0,0.7234042553160707,170,65,0,0
sem_erro,xgboost,queda,60,25,25,188,188,71,117,0,188,0,31,31,0.6117021276595744,0.6117021276595744,0.0,0.0,0.0,0.6117021276563208,115,73,0,0
sem_erro,xgboost,queda,60,30,30,157,157,59,98,0,157,0,31,31,0.6496815286624203,0.6496815286624203,0.0,0.0,0.0,0.6496815286582823,102,55,0,0
sem_erro,xgboost,queda,60,35,35,135,135,56,79,0,135,0,31,31,0.6370370370370371,0.6370370370370371,0.0,0.0,0.0,0.6370370370323183,86,49,0,0
sem_erro,xgboost,queda,60,40,40,118,118,44,74,0,118,0,23,23,0.6949152542372882,0.6949152542372882,0.0,0.0,0.0,0.694915254231399,82,36,0,0
sem_erro,xgboost,queda,60,45,45,105,105,40,65,0,105,0,26,26,0.5238095238095238,0.5238095238095238,0.0,0.0,0.0,0.5238095238045352,55,50,0,0
sem_erro,xgboost,queda,60,50,50,94,94,35,59,0,94,0,20,20,0.6808510638297872,0.6808510638297872,0.0,0.0,0.0,0.6808510638225441,64,30,0,0
sem_erro,xgboost,queda,60,55,55,86,86,33,53,0,86,0,20,20,0.5,0.5,0.0,0.0,0.0,0.49999999999418604,43,43,0,0
sem_erro,xgboost,queda,60,60,60,79,79,30,49,0,79,0,18,18,0.5949367088607594,0.5949367088607594,0.0,0.0,0.0,0.5949367088532286,47,32,0,0
sem_erro,xgboost,queda,70,5,5,937,937,382,555,0,937,0,55,55,0.5965848452508005,0.5965848452508005,0.0,0.0,0.0,0.5965848452501638,559,378,0,0
sem_erro,xgboost,queda,70,10,10,469,469,190,279,0,469,0,43,43,0.5991471215351812,0.5991471215351812,0.0,0.0,0.0,0.5991471215339037,281,188,0,0
sem_erro,xgboost,queda,70,15,15,313,313,129,184,0,313,0,40,40,0.5718849840255591,0.5718849840255591,0.0,0.0,0.0,0.571884984023732,179,134,0,0
sem_erro,xgboost,queda,70,20,20,235,235,98,137,0,235,0,37,37,0.5531914893617021,0.5531914893617021,0.0,0.0,0.0,0.5531914893593481,130,105,0,0
sem_erro,xgboost,queda,70,25,25,188,188,76,112,0,188,0,35,35,0.601063829787234,0.601063829787234,0.0,0.0,0.0,0.6010638297840369,113,75,0,0
sem_erro,xgboost,queda,70,30,30,157,157,64,93,0,157,0,31,31,0.5286624203821656,0.5286624203821656,0.0,0.0,0.0,0.5286624203787984,83,74,0,0
sem_erro,xgboost,queda,70,35,35,134,134,56,78,0,134,0,33,33,0.5671641791044776,0.5671641791044776,0.0,0.0,0.0,0.5671641791002451,76,58,0,0
sem_erro,xgboost,queda,70,40,40,118,118,50,68,0,118,0,25,25,0.4915254237288136,0.4915254237288136,0.0,0.0,0.0,0.4915254237246481,58,60,0,0
sem_erro,xgboost,queda,70,45,45,105,105,43,62,0,105,0,24,24,0.4380952380952381,0.4380952380952381,0.0,0.0,0.0,0.43809523809106576,46,59,0,0
sem_erro,xgboost,queda,70,50,50,94,94,39,55,0,94,0,23,23,0.5212765957446809,0.5212765957446809,0.0,0.0,0.0,0.5212765957391353,49,45,0,0
sem_erro,xgboost,queda,70,55,55,86,86,34,52,0,86,0,20,20,0.5348837209302325,0.5348837209302325,0.0,0.0,0.0,0.5348837209240129,46,40,0,0
sem_erro,xgboost,queda,70,60,60,79,79,34,45,0,79,0,17,17,0.4430379746835443,0.4430379746835443,0.0,0.0,0.0,0.4430379746779362,35,44,0,0
sem_erro,xgboost,queda,70,65,65,73,73,30,43,0,73,0,14,14,0.589041095890411,0.589041095890411,0.0,0.0,0.0,0.5890410958823419,43,30,0,0
sem_erro,xgboost,queda,70,70,70,67,67,29,38,0,67,0,18,18,0.5223880597014925,0.5223880597014925,0.0,0.0,0.0,0.5223880596936957,35,32,0,0
sem_erro,xgboost,queda,80,5,5,935,935,410,525,0,935,0,49,49,0.5229946524064171,0.5229946524064171,0.0,0.0,0.0,0.5229946524058577,489,446,0,0
sem_erro,xgboost,queda,80,10,10,468,468,204,264,0,468,0,39,39,0.5235042735042735,0.5235042735042735,0.0,0.0,0.0,0.5235042735031549,245,223,0,0
sem_erro,xgboost,queda,80,15,15,312,312,136,176,0,312,0,36,36,0.47115384615384615,0.47115384615384615,0.0,0.0,0.0,0.4711538461523361,147,165,0,0
sem_erro,xgboost,queda,80,20,20,234,234,101,133,0,234,0,37,37,0.5598290598290598,0.5598290598290598,0.0,0.0,0.0,0.5598290598266674,131,103,0,0
sem_erro,xgboost,queda,80,25,25,187,187,84,103,0,187,0,26,26,0.48663101604278075,0.48663101604278075,0.0,0.0,0.0,0.4866310160401785,91,96,0,0
sem_erro,xgboost,queda,80,30,30,156,156,66,90,0,156,0,36,36,0.532051282051282,0.532051282051282,0.0,0.0,0.0,0.5320512820478716,83,73,0,0
sem_erro,xgboost,queda,80,35,35,134,134,60,74,0,134,0,26,26,0.3358208955223881,0.3358208955223881,0.0,0.0,0.0,0.335820895519882,45,89,0,0
sem_erro,xgboost,queda,80,40,40,117,117,51,66,0,117,0,24,24,0.5470085470085471,0.5470085470085471,0.0,0.0,0.0,0.5470085470038717,64,53,0,0
sem_erro,xgboost,queda,80,45,45,104,104,47,57,0,104,0,19,19,0.3173076923076923,0.3173076923076923,0.0,0.0,0.0,0.3173076923046413,33,71,0,0
sem_erro,xgboost,queda,80,50,50,94,94,41,53,0,94,0,21,21,0.5957446808510638,0.5957446808510638,0.0,0.0,0.0,0.5957446808447261,56,38,0,0
sem_erro,xgboost,queda,80,55,55,85,85,37,48,0,85,0,21,21,0.4470588235294118,0.4470588235294118,0.0,0.0,0.0,0.4470588235241522,38,47,0,0
sem_erro,xgboost,queda,80,60,60,78,78,34,44,0,78,0,19,19,0.46153846153846156,0.46153846153846156,0.0,0.0,0.0,0.46153846153254435,36,42,0,0
sem_erro,xgboost,queda,80,65,65,72,72,31,41,0,72,0,19,19,0.4583333333333333,0.4583333333333333,0.0,0.0,0.0,0.4583333333269676,33,39,0,0
sem_erro,xgboost,queda,80,70,70,67,67,31,36,0,67,0,20,20,0.3880597014925373,0.3880597014925373,0.0,0.0,0.0,0.38805970148674535,26,41,0,0
sem_erro,xgboost,queda,80,75,75,63,63,30,33,0,63,0,15,15,0.36507936507936506,0.36507936507936506,0.0,0.0,0.0,0.3650793650735702,23,40,0,0
sem_erro,xgboost,queda,80,80,80,59,59,24,35,0,59,0,15,15,0.4915254237288136,0.4915254237288136,0.0,0.0,0.0,0.49152542372048263,29,30,0,0
sem_erro,xgboost,queda,90,5,5,933,933,434,499,0,933,0,57,57,0.4833869239013934,0.4833869239013934,0.0,0.0,0.0,0.4833869239008753,451,482,0,0
sem_erro,xgboost,queda,90,10,10,467,467,216,251,0,467,0,49,49,0.4796573875802998,0.4796573875802998,0.0,0.0,0.0,0.4796573875792727,224,243,0,0
sem_erro,xgboost,queda,90,15,15,311,311,144,167,0,311,0,41,41,0.4115755627009646,0.4115755627009646,0.0,0.0,0.0,0.41157556269964124,128,183,0,0
sem_erro,xgboost,queda,90,20,20,234,234,110,124,0,234,0,34,34,0.4700854700854701,0.4700854700854701,0.0,0.0,0.0,0.4700854700834612,110,124,0,0
sem_erro,xgboost,queda,90,25,25,187,187,87,100,0,187,0,30,30,0.47058823529411764,0.47058823529411764,0.0,0.0,0.0,0.47058823529160115,88,99,0,0
sem_erro,xgboost,queda,90,30,30,156,156,72,84,0,156,0,28,28,0.42948717948717946,0.42948717948717946,0.0,0.0,0.0,0.4294871794844264,67,89,0,0
sem_erro,xgboost,queda,90,35,35,134,134,66,68,0,134,0,20,20,0.31343283582089554,0.31343283582089554,0.0,0.0,0.0,0.3134328358185565,42,92,0,0
sem_erro,xgboost,queda,90,40,40,117,117,55,62,0,117,0,20,20,0.49572649572649574,0.49572649572649574,0.0,0.0,0.0,0.49572649572225874,58,59,0,0
sem_erro,xgboost,queda,90,45,45,104,104,50,54,0,104,0,18,18,0.34615384615384615,0.34615384615384615,0.0,0.0,0.0,0.34615384615051775,36,68,0,0
sem_erro,xgboost,queda,90,50,50,94,94,41,53,0,94,0,21,21,0.5531914893617021,0.5531914893617021,0.0,0.0,0.0,0.5531914893558171,52,42,0,0
sem_erro,xgboost,queda,90,55,55,85,85,41,44,0,85,0,21,21,0.3764705882352941,0.3764705882352941,0.0,0.0,0.0,0.37647058823086504,32,53,0,0
sem_erro,xgboost,queda,90,60,60,78,78,38,40,0,78,0,20,20,0.3717948717948718,0.3717948717948718,0.0,0.0,0.0,0.3717948717901052,29,49,0,0
sem_erro,xgboost,queda,90,65,65,72,72,33,39,0,72,0,16,16,0.3472222222222222,0.3472222222222222,0.0,0.0,0.0,0.3472222222173997,25,47,0,0
sem_erro,xgboost,queda,90,70,70,67,67,33,34,0,67,0,16,16,0.29850746268656714,0.29850746268656714,0.0,0.0,0.0,0.2985074626821118,20,47,0,0
sem_erro,xgboost,queda,90,75,75,63,63,30,33,0,63,0,13,13,0.3968253968253968,0.3968253968253968,0.0,0.0,0.0,0.396825396819098,25,38,0,0
sem_erro,xgboost,queda,90,80,80,59,59,25,34,0,59,0,14,14,0.4745762711864407,0.4745762711864407,0.0,0.0,0.0,0.474576271178397,28,31,0,0
sem_erro,xgboost,queda,90,85,85,55,55,25,30,0,55,0,10,10,0.32727272727272727,0.32727272727272727,0.0,0.0,0.0,0.32727272726677686,18,37,0,0
sem_erro,xgboost,queda,90,90,90,52,52,25,27,0,52,0,12,12,0.3269230769230769,0.3269230769230769,0.0,0.0,0.0,0.32692307691678996,17,35,0,0
sem_erro,xgboost,queda,100,5,5,931,931,458,473,0,931,0,50,50,0.4564983888292159,0.4564983888292159,0.0,0.0,0.0,0.45649838882872557,425,506,0,0
sem_erro,xgboost,queda,100,10,10,466,466,228,238,0,466,0,41,41,0.48497854077253216,0.48497854077253216,0.0,0.0,0.0,0.4849785407714915,226,240,0,0
sem_erro,xgboost,queda,100,15,15,311,311,153,158,0,311,0,36,36,0.4533762057877814,0.4533762057877814,0.0,0.0,0.0,0.45337620578632354,141,170,0,0
sem_erro,xgboost,queda,100,20,20,233,233,113,120,0,233,0,30,30,0.45064377682403434,0.45064377682403434,0.0,0.0,0.0,0.4506437768221003,105,128,0,0
sem_erro,xgboost,queda,100,25,25,187,187,92,95,0,187,0,22,22,0.3582887700534759,0.3582887700534759,0.0,0.0,0.0,0.35828877005155996,67,120,0,0
sem_erro,xgboost,queda,100,30,30,156,156,76,80,0,156,0,26,26,0.4358974358974359,0.4358974358974359,0.0,0.0,0.0,0.4358974358946417,68,88,0,0
sem_erro,xgboost,queda,100,35,35,133,133,67,66,0,133,0,20,20,0.3533834586466165,0.3533834586466165,0.0,0.0,0.0,0.35338345864395954,47,86,0,0
sem_erro,xgboost,queda,100,40,40,117,117,57,60,0,117,0,15,15,0.452991452991453,0.452991452991453,0.0,0.0,0.0,0.45299145298758126,53,64,0,0
sem_erro,xgboost,queda,100,45,45,104,104,53,51,0,104,0,16,16,0.23076923076923078,0.23076923076923078,0.0,0.0,0.0,0.23076923076701183,24,80,0,0
sem_erro,xgboost,queda,100,50,50,94,94,43,51,0,94,0,16,16,0.40425531914893614,0.40425531914893614,0.0,0.0,0.0,0.4042553191446356,38,56,0,0
sem_erro,xgboost,queda,100,55,55,85,85,45,40,0,85,0,16,16,0.2823529411764706,0.2823529411764706,0.0,0.0,0.0,0.2823529411731488,24,61,0,0
sem_erro,xgboost,queda,100,60,60,78,78,39,39,0,78,0,19,19,0.38461538461538464,0.38461538461538464,0.0,0.0,0.0,0.38461538461045364,30,48,0,0
sem_erro,xgboost,queda,100,65,65,72,72,35,37,0,72,0,17,17,0.3055555555555556,0.3055555555555556,0.0,0.0,0.0,0.3055555555513117,22,50,0,0
sem_erro,xgboost,queda,100,70,70,67,67,33,34,0,67,0,13,13,0.3283582089552239,0.3283582089552239,0.0,0.0,0.0,0.32835820895032297,22,45,0,0
sem_erro,xgboost,queda,100,75,75,63,63,31,32,0,63,0,11,11,0.4444444444444444,0.4444444444444444,0.0,0.0,0.0,0.4444444444373898,28,35,0,0
sem_erro,xgboost,queda,100,80,80,59,59,27,32,0,59,0,9,9,0.4745762711864407,0.4745762711864407,0.0,0.0,0.0,0.474576271178397,28,31,0,0
sem_erro,xgboost,queda,100,85,85,55,55,28,27,0,55,0,12,12,0.34545454545454546,0.34545454545454546,0.0,0.0,0.0,0.3454545454482645,19,36,0,0
sem_erro,xgboost,queda,100,90,90,52,52,26,26,0,52,0,11,11,0.2692307692307692,0.2692307692307692,0.0,0.0,0.0,0.26923076922559175,14,38,0,0
sem_erro,xgboost,queda,100,95,95,49,49,27,22,0,49,0,8,8,0.2653061224489796,0.2653061224489796,0.0,0.0,0.0,0.2653061224435652,13,36,0,0
sem_erro,xgboost,queda,100,100,100,47,47,22,25,0,47,0,11,11,0.44680851063829785,0.44680851063829785,0.0,0.0,0.0,0.44680851062879134,21,26,0,0
