teste,modelo,falha,janela,passo_cfg,passo_real,amostras_treino,amostras_teste,positivos_treino,negativos_treino,positivos_teste,negativos_teste,eventos_reais_teste,eventos_detectados,diferenca_eventos,accuracy,balanced_accuracy,precision_pos,recall_pos,f1_pos,specificity,tn,fp,fn,tp
sem_erro,catboost,lacuna,20,5,5,947,947,211,736,0,947,0,0,0,1.0,1.0,0.0,0.0,0.0,0.9999999999989441,947,0,0,0
sem_erro,catboost,lacuna,20,10,10,474,474,105,369,0,474,0,0,0,1.0,1.0,0.0,0.0,0.0,0.9999999999978904,474,0,0,0
sem_erro,catboost,lacuna,20,15,15,316,316,71,245,0,316,0,0,0,1.0,1.0,0.0,0.0,0.0,0.9999999999968355,316,0,0,0
sem_erro,catboost,lacuna,20,20,20,237,237,54,183,0,237,0,0,0,1.0,1.0,0.0,0.0,0.0,0.9999999999957806,237,0,0,0
sem_erro,catboost,lacuna,30,5,5,945,945,247,698,0,945,0,0,0,1.0,1.0,0.0,0.0,0.0,0.9999999999989418,945,0,0,0
sem_erro,catboost,lacuna,30,10,10,473,473,123,350,0,473,0,0,0,1.0,1.0,0.0,0.0,0.0,0.9999999999978858,473,0,0,0
sem_erro,catboost,lacuna,30,15,15,315,315,80,235,0,315,0,0,0,1.0,1.0,0.0,0.0,0.0,0.9999999999968254,315,0,0,0
sem_erro,catboost,lacuna,30,20,20,237,237,63,174,0,237,0,0,0,1.0,1.0,0.0,0.0,0.0,0.9999999999957806,237,0,0,0
sem_erro,catboost,lacuna,30,25,25,189,189,50,139,0,189,0,0,0,1.0,1.0,0.0,0.0,0.0,0.999999999994709,189,0,0,0
sem_erro,catboost,lacuna,30,30,30,158,158,41,117,0,158,0,0,0,1.0,1.0,0.0,0.0,0.0,0.999999999993671,158,0,0,0
sem_erro,catboost,lacuna,40,5,5,943,943,281,662,0,943,0,0,0,1.0,1.0,0.0,0.0,0.0,0.9999999999989395,943,0,0,0
sem_erro,catboost,lacuna,40,10,10,472,472,140,332,0,472,0,0,0,1.0,1.0,0.0,0.0,0.0,0.9999999999978814,472,0,0,0
sem_erro,catboost,lacuna,40,15,15,315,315,94,221,0,315,0,0,0,1.0,1.0,0.0,0.0,0.0,0.9999999999968254,315,0,0,0
sem_erro,catboost,lacuna,40,20,20,236,236,71,165,0,236,0,0,0,1.0,1.0,0.0,0.0,0.0,0.9999999999957627,236,0,0,0
sem_erro,catboost,lacuna,40,25,25,189,189,55,134,0,189,0,0,0,1.0,1.0,0.0,0.0,0.0,0.999999999994709,189,0,0,0
sem_erro,catboost,lacuna,40,30,30,158,158,46,112,0,158,0,0,0,1.0,1.0,0.0,0.0,0.0,0.999999999993671,158,0,0,0
sem_erro,catboost,lacuna,40,35,35,135,135,40,95,0,135,0,0,0,1.0,1.0,0.0,0.0,0.0,0.9999999999925927,135,0,0,0
sem_erro,catboost,lacuna,40,40,40,118,118,37,81,0,118,0,0,0,1.0,1.0,0.0,0.0,0.0,0.9999999999915254,118,0,0,0
sem_erro,catboost,lacuna,50,5,5,941,941,314,627,0,941,0,0,0,1.0,1.0,0.0,0.0,0.0,0.9999999999989373,941,0,0,0
sem_erro,catboost,lacuna,50,10,10,471,471,157,314,0,471,0,0,0,1.0,1.0,0.0,0.0,0.0,0.9999999999978769,471,0,0,0
sem_erro,catboost,lacuna,50,15,15,314,314,106,208,0,314,0,0,0,1.0,1.0,0.0,0.0,0.0,0.9999999999968153,314,0,0,0
sem_erro,catboost,lacuna,50,20,20,236,236,80,156,0,236,0,0,0,1.0,1.0,0.0,0.0,0.0,0.9999999999957627,236,0,0,0
sem_erro,catboost,lacuna,50,25,25,189,189,67,122,0,189,0,0,0,1.0,1.0,0.0,0.0,0.0,0.999999999994709,189,0,0,0
sem_erro,catboost,lacuna,50,30,30,157,157,53,104,0,157,0,0,0,1.0,1.0,0.0,0.0,0.0,0.9999999999936307,157,0,0,0
sem_erro,catboost,lacuna,50,35,35,135,135,45,90,0,135,0,0,0,1.0,1.0,0.0,0.0,0.0,0.9999999999925927,135,0,0,0
sem_erro,catboost,lacuna,50,40,40,118,118,40,78,0,118,0,0,0,1.0,1.0,0.0,0.0,0.0,0.9999999999915254,118,0,0,0
sem_erro,catboost,lacuna,50,45,45,105,105,33,72,0,105,0,0,0,1.0,1.0,0.0,0.0,0.0,0.9999999999904762,105,0,0,0
sem_erro,catboost,lacuna,50,50,50,95,95,34,61,0,95,0,0,0,1.0,1.0,0.0,0.0,0.0,0.9999999999894736,95,0,0,0
sem_erro,catboost,lacuna,60,5,5,939,939,346,593,0,939,0,0,0,1.0,1.0,0.0,0.0,0.0,0.9999999999989351,939,0,0,0
sem_erro,catboost,lacuna,60,10,10,470,470,173,297,0,470,0,0,0,1.0,1.0,0.0,0.0,0.0,0.9999999999978724,470,0,0,0
sem_erro,catboost,lacuna,60,15,15,313,313,113,200,0,313,0,0,0,1.0,1.0,0.0,0.0,0.0,0.9999999999968051,313,0,0,0
sem_erro,catboost,lacuna,60,20,20,235,235,87,148,0,235,0,0,0,1.0,1.0,0.0,0.0,0.0,0.9999999999957447,235,0,0,0
sem_erro,catboost,lacuna,60,25,25,188,188,69,119,0,188,0,0,0,1.0,1.0,0.0,0.0,0.0,0.9999999999946809,188,0,0,0
sem_erro,catboost,lacuna,60,30,30,157,157,57,100,0,157,0,0,0,1.0,1.0,0.0,0.0,0.0,0.9999999999936307,157,0,0,0
sem_erro,catboost,lacuna,60,35,35,135,135,52,83,0,135,0,0,0,1.0,1.0,0.0,0.0,0.0,0.9999999999925927,135,0,0,0
sem_erro,catboost,lacuna,60,40,40,118,118,43,75,0,118,0,0,0,1.0,1.0,0.0,0.0,0.0,0.9999999999915254,118,0,0,0
sem_erro,catboost,lacuna,60,45,45,105,105,37,68,0,105,0,0,0,1.0,1.0,0.0,0.0,0.0,0.9999999999904762,105,0,0,0
sem_erro,catboost,lacuna,60,50,50,94,94,35,59,0,94,0,0,0,1.0,1.0,0.0,0.0,0.0,0.9999999999893616,94,0,0,0
sem_erro,catboost,lacuna,60,55,55,86,86,33,53,0,86,0,0,0,1.0,1.0,0.0,0.0,0.0,0.9999999999883721,86,0,0,0
sem_erro,catboost,lacuna,60,60,60,79,79,30,49,0,79,0,0,0,1.0,1.0,0.0,0.0,0.0,0.9999999999873417,79,0,0,0
sem_erro,catboost,lacuna,70,5,5,937,937,377,560,0,937,0,0,0,1.0,1.0,0.0,0.0,0.0,0.9999999999989327,937,0,0,0
sem_erro,catboost,lacuna,70,10,10,469,469,189,280,0,469,0,0,0,1.0,1.0,0.0,0.0,0.0,0.9999999999978678,469,0,0,0
sem_erro,catboost,lacuna,70,15,15,313,313,126,187,0,313,0,0,0,1.0,1.0,0.0,0.0,0.0,0.9999999999968051,313,0,0,0
sem_erro,catboost,lacuna,70,20,20,235,235,96,139,0,235,0,0,0,1.0,1.0,0.0,0.0,0.0,0.9999999999957447,235,0,0,0
sem_erro,catboost,lacuna,70,25,25,188,188,76,112,0,188,0,0,0,1.0,1.0,0.0,0.0,0.0,0.9999999999946809,188,0,0,0
sem_erro,catboost,lacuna,70,30,30,157,157,62,95,0,157,0,0,0,1.0,1.0,0.0,0.0,0.0,0.9999999999936307,157,0,0,0
sem_erro,catboost,lacuna,70,35,35,134,134,55,79,0,134,0,0,0,1.0,1.0,0.0,0.0,0.0,0.9999999999925374,134,0,0,0
sem_erro,catboost,lacuna,70,40,40,118,118,49,69,0,118,0,0,0,1.0,1.0,0.0,0.0,0.0,0.9999999999915254,118,0,0,0
sem_erro,catboost,lacuna,70,45,45,105,105,43,62,0,105,0,0,0,1.0,1.0,0.0,0.0,0.0,0.9999999999904762,105,0,0,0
sem_erro,catboost,lacuna,70,50,50,94,94,38,56,0,94,0,0,0,1.0,1.0,0.0,0.0,0.0,0.9999999999893616,94,0,0,0
sem_erro,catboost,lacuna,70,55,55,86,86,36,50,0,86,0,0,0,1.0,1.0,0.0,0.0,0.0,0.9999999999883721,86,0,0,0
sem_erro,catboost,lacuna,70,60,60,79,79,33,46,0,79,0,0,0,1.0,1.0,0.0,0.0,0.0,0.9999999999873417,79,0,0,0
sem_erro,catboost,lacuna,70,65,65,73,73,28,45,0,73,0,0,0,1.0,1.0,0.0,0.0,0.0,0.9999999999863013,73,0,0,0
sem_erro,catboost,lacuna,70,70,70,67,67,30,37,0,67,0,0,0,1.0,1.0,0.0,0.0,0.0,0.9999999999850746,67,0,0,0
sem_erro,catboost,lacuna,80,5,5,935,935,407,528,0,935,0,0,0,1.0,1.0,0.0,0.0,0.0,0.9999999999989305,935,0,0,0
sem_erro,catboost,lacuna,80,10,10,468,468,204,264,0,468,0,0,0,1.0,1.0,0.0,0.0,0.0,0.9999999999978633,468,0,0,0
sem_erro,catboost,lacuna,80,15,15,312,312,137,175,0,312,0,0,0,1.0,1.0,0.0,0.0,0.0,0.9999999999967949,312,0,0,0
sem_erro,catboost,lacuna,80,20,20,234,234,103,131,0,234,0,0,0,1.0,1.0,0.0,0.0,0.0,0.9999999999957265,234,0,0,0
sem_erro,catboost,lacuna,80,25,25,187,187,82,105,0,187,0,0,0,1.0,1.0,0.0,0.0,0.0,0.9999999999946525,187,0,0,0
sem_erro,catboost,lacuna,80,30,30,156,156,68,88,0,156,0,0,0,1.0,1.0,0.0,0.0,0.0,0.9999999999935898,156,0,0,0
sem_erro,catboost,lacuna,80,35,35,134,134,56,78,0,134,0,0,0,1.0,1.0,0.0,0.0,0.0,0.9999999999925374,134,0,0,0
sem_erro,catboost,lacuna,80,40,40,117,117,53,64,0,117,0,0,0,1.0,1.0,0.0,0.0,0.0,0.999999999991453,117,0,0,0
sem_erro,catboost,lacuna,80,45,45,104,104,43,61,0,104,0,0,0,1.0,1.0,0.0,0.0,0.0,0.9999999999903846,104,0,0,0
sem_erro,catboost,lacuna,80,50,50,94,94,41,53,0,94,0,0,0,1.0,1.0,0.0,0.0,0.0,0.9999999999893616,94,0,0,0
sem_erro,catboost,lacuna,80,55,55,85,85,37,48,0,85,0,0,0,1.0,1.0,0.0,0.0,0.0,0.9999999999882353,85,0,0,0
sem_erro,catboost,lacuna,80,60,60,78,78,35,43,0,78,0,0,0,1.0,1.0,0.0,0.0,0.0,0.9999999999871795,78,0,0,0
sem_erro,catboost,lacuna,80,65,65,72,72,29,43,0,72,0,0,0,1.0,1.0,0.0,0.0,0.0,0.9999999999861111,72,0,0,0
sem_erro,catboost,lacuna,80,70,70,67,67,30,37,0,67,0,0,0,1.0,1.0,0.0,0.0,0.0,0.9999999999850746,67,0,0,0
sem_erro,catboost,lacuna,80,75,75,63,63,26,37,0,63,0,0,0,1.0,1.0,0.0,0.0,0.0,0.999999999984127,63,0,0,0
sem_erro,catboost,lacuna,80,80,80,59,59,25,34,0,59,0,0,0,1.0,1.0,0.0,0.0,0.0,0.9999999999830509,59,0,0,0
sem_erro,catboost,lacuna,90,5,5,933,933,436,497,0,933,0,0,0,1.0,1.0,0.0,0.0,0.0,0.9999999999989282,933,0,0,0
sem_erro,catboost,lacuna,90,10,10,467,467,219,248,0,467,0,0,0,1.0,1.0,0.0,0.0,0.0,0.9999999999978587,467,0,0,0
sem_erro,catboost,lacuna,90,15,15,311,311,143,168,0,311,0,0,0,1.0,1.0,0.0,0.0,0.0,0.9999999999967846,311,0,0,0
sem_erro,catboost,lacuna,90,20,20,234,234,111,123,0,234,0,0,0,1.0,1.0,0.0,0.0,0.0,0.9999999999957265,234,0,0,0
sem_erro,catboost,lacuna,90,25,25,187,187,86,101,0,187,0,0,0,1.0,1.0,0.0,0.0,0.0,0.9999999999946525,187,0,0,0
sem_erro,catboost,lacuna,90,30,30,156,156,72,84,0,156,0,0,0,1.0,1.0,0.0,0.0,0.0,0.9999999999935898,156,0,0,0
sem_erro,catboost,lacuna,90,35,35,134,134,64,70,0,134,0,0,0,1.0,1.0,0.0,0.0,0.0,0.9999999999925374,134,0,0,0
sem_erro,catboost,lacuna,90,40,40,117,117,56,61,0,117,0,0,0,1.0,1.0,0.0,0.0,0.0,0.999999999991453,117,0,0,0
sem_erro,catboost,lacuna,90,45,45,104,104,45,59,0,104,0,0,0,1.0,1.0,0.0,0.0,0.0,0.9999999999903846,104,0,0,0
sem_erro,catboost,lacuna,90,50,50,94,94,44,50,0,94,0,0,0,1.0,1.0,0.0,0.0,0.0,0.9999999999893616,94,0,0,0
sem_erro,catboost,lacuna,90,55,55,85,85,42,43,0,85,0,0,0,1.0,1.0,0.0,0.0,0.0,0.9999999999882353,85,0,0,0
sem_erro,catboost,lacuna,90,60,60,78,78,36,42,0,78,0,0,0,1.0,1.0,0.0,0.0,0.0,0.9999999999871795,78,0,0,0
sem_erro,catboost,lacuna,90,65,65,72,72,33,39,0,72,0,0,0,1.0,1.0,0.0,0.0,0.0,0.9999999999861111,72,0,0,0
sem_erro,catboost,lacuna,90,70,70,67,67,33,34,0,67,0,0,0,1.0,1.0,0.0,0.0,0.0,0.9999999999850746,67,0,0,0
sem_erro,catboost,lacuna,90,75,75,63,63,28,35,0,63,0,0,0,1.0,1.0,0.0,0.0,0.0,0.999999999984127,63,0,0,0
sem_erro,catboost,lacuna,90,80,80,59,59,26,33,0,59,0,0,0,1.0,1.0,0.0,0.0,0.0,0.9999999999830509,59,0,0,0
sem_erro,catboost,lacuna,90,85,85,55,55,27,28,0,55,0,0,0,1.0,1.0,0.0,0.0,0.0,0.9999999999818182,55,0,0,0
sem_erro,catboost,lacuna,90,90,90,52,52,23,29,0,52,0,0,0,1.0,1.0,0.0,0.0,0.0,0.9999999999807693,52,0,0,0
sem_erro,catboost,lacuna,100,5,5,931,931,463,468,0,931,0,0,0,1.0,1.0,0.0,0.0,0.0,0.9999999999989259,931,0,0,0
sem_erro,catboost,lacuna,100,10,10,466,466,232,234,0,466,0,0,0,1.0,1.0,0.0,0.0,0.0,0.999999999997854,466,0,0,0
sem_erro,catboost,lacuna,100,15,15,311,311,155,156,0,311,0,0,0,1.0,1.0,0.0,0.0,0.0,0.9999999999967846,311,0,0,0
sem_erro,catboost,lacuna,100,20,20,233,233,116,117,0,233,0,0,0,1.0,1.0,0.0,0.0,0.0,0.9999999999957082,233,0,0,0
sem_erro,catboost,lacuna,100,25,25,187,187,97,90,0,187,0,0,0,1.0,1.0,0.0,0.0,0.0,0.9999999999946525,187,0,0,0
sem_erro,catboost,lacuna,100,30,30,156,156,77,79,0,156,0,0,0,1.0,1.0,0.0,0.0,0.0,0.9999999999935898,156,0,0,0
sem_erro,catboost,lacuna,100,35,35,133,133,67,66,0,133,0,0,0,1.0,1.0,0.0,0.0,0.0,0.9999999999924812,133,0,0,0
sem_erro,catboost,lacuna,100,40,40,117,117,57,60,0,117,0,0,0,1.0,1.0,0.0,0.0,0.0,0.999999999991453,117,0,0,0
sem_erro,catboost,lacuna,100,45,45,104,104,50,54,0,104,0,0,0,1.0,1.0,0.0,0.0,0.0,0.9999999999903846,104,0,0,0
sem_erro,catboost,lacuna,100,50,50,94,94,49,45,0,94,0,0,0,1.0,1.0,0.0,0.0,0.0,0.9999999999893616,94,0,0,0
sem_erro,catboost,lacuna,100,55,55,85,85,43,42,0,85,0,0,0,1.0,1.0,0.0,0.0,0.0,0.9999999999882353,85,0,0,0
sem_erro,catboost,lacuna,100,60,60,78,78,38,40,0,78,0,0,0,1.0,1.0,0.0,0.0,0.0,0.9999999999871795,78,0,0,0
sem_erro,catboost,lacuna,100,65,65,72,72,34,38,0,72,0,0,0,1.0,1.0,0.0,0.0,0.0,0.9999999999861111,72,0,0,0
sem_erro,catboost,lacuna,100,70,70,67,67,33,34,0,67,0,0,0,1.0,1.0,0.0,0.0,0.0,0.9999999999850746,67,0,0,0
sem_erro,catboost,lacuna,100,75,75,63,63,33,30,0,63,0,0,0,1.0,1.0,0.0,0.0,0.0,0.999999999984127,63,0,0,0
sem_erro,catboost,lacuna,100,80,80,59,59,27,32,0,59,0,0,0,1.0,1.0,0.0,0.0,0.0,0.9999999999830509,59,0,0,0
sem_erro,catboost,lacuna,100,85,85,55,55,28,27,0,55,0,0,0,1.0,1.0,0.0,0.0,0.0,0.9999999999818182,55,0,0,0
sem_erro,catboost,lacuna,100,90,90,52,52,25,27,0,52,0,0,0,1.0,1.0,0.0,0.0,0.0,0.9999999999807693,52,0,0,0
sem_erro,catboost,lacuna,100,95,95,49,49,22,27,0,49,0,0,0,1.0,1.0,0.0,0.0,0.0,0.9999999999795919,49,0,0,0
sem_erro,catboost,lacuna,100,100,100,47,47,23,24,0,47,0,0,0,1.0,1.0,0.0,0.0,0.0,0.9999999999787235,47,0,0,0
sem_erro,catboost,oscilacao,20,5,5,947,947,397,550,0,947,0,13,13,0.9545934530095037,0.9545934530095037,0.0,0.0,0.0,0.9545934530084957,904,43,0,0
sem_erro,catboost,oscilacao,20,10,10,474,474,200,274,0,474,0,8,8,0.9535864978902954,0.9535864978902954,0.0,0.0,0.0,0.9535864978882836,452,22,0,0
sem_erro,catboost,oscilacao,20,15,15,316,316,135,181,0,316,0,3,3,0.9620253164556962,0.9620253164556962,0.0,0.0,0.0,0.9620253164526519,304,12,0,0
sem_erro,catboost,oscilacao,20,20,20,237,237,100,137,0,237,0,6,6,0.9451476793248945,0.9451476793248945,0.0,0.0,0.0,0.9451476793209066,224,13,0,0
sem_erro,catboost,oscilacao,30,5,5,945,945,438,507,0,945,0,15,15,0.9333333333333333,0.9333333333333333,0.0,0.0,0.0,0.9333333333323457,882,63,0,0
sem_erro,catboost,oscilacao,30,10,10,473,473,220,253,0,473,0,16,16,0.9260042283298098,0.9260042283298098,0.0,0.0,0.0,0.926004228327852,438,35,0,0
sem_erro,catboost,oscilacao,30,15,15,315,315,145,170,0,315,0,11,11,0.9238095238095239,0.9238095238095239,0.0,0.0,0.0,0.9238095238065911,291,24,0,0
sem_erro,catboost,oscilacao,30,20,20,237,237,112,125,0,237,0,9,9,0.9324894514767933,0.9324894514767933,0.0,0.0,0.0,0.9324894514728588,221,16,0,0
sem_erro,catboost,oscilacao,30,25,25,189,189,88,101,0,189,0,14,14,0.8941798941798942,0.8941798941798942,0.0,0.0,0.0,0.8941798941751631,169,20,0,0
sem_erro,catboost,oscilacao,30,30,30,158,158,70,88,0,158,0,9,9,0.9113924050632911,0.9113924050632911,0.0,0.0,0.0,0.911392405057523,144,14,0,0
sem_erro,catboost,oscilacao,40,5,5,943,943,478,465,0,943,0,17,17,0.9194061505832449,0.9194061505832449,0.0,0.0,0.0,0.91940615058227,867,76,0,0
sem_erro,catboost,oscilacao,40,10,10,472,472,240,232,0,472,0,12,12,0.9194915254237288,0.9194915254237288,0.0,0.0,0.0,0.9194915254217808,434,38,0,0
sem_erro,catboost,oscilacao,40,15,15,315,315,162,153,0,315,0,15,15,0.8952380952380953,0.8952380952380953,0.0,0.0,0.0,0.8952380952352532,282,33,0,0
sem_erro,catboost,oscilacao,40,20,20,236,236,120,116,0,236,0,13,13,0.902542372881356,0.902542372881356,0.0,0.0,0.0,0.9025423728775317,213,23,0,0
sem_erro,catboost,oscilacao,40,25,25,189,189,94,95,0,189,0,12,12,0.9047619047619048,0.9047619047619048,0.0,0.0,0.0,0.9047619047571177,171,18,0,0
sem_erro,catboost,oscilacao,40,30,30,158,158,78,80,0,158,0,11,11,0.8860759493670886,0.8860759493670886,0.0,0.0,0.0,0.8860759493614806,140,18,0,0
sem_erro,catboost,oscilacao,40,35,35,135,135,69,66,0,135,0,9,9,0.8814814814814815,0.8814814814814815,0.0,0.0,0.0,0.8814814814749521,119,16,0,0
sem_erro,catboost,oscilacao,40,40,40,118,118,62,56,0,118,0,14,14,0.8135593220338984,0.8135593220338984,0.0,0.0,0.0,0.8135593220270038,96,22,0,0
sem_erro,catboost,oscilacao,50,5,5,941,941,518,423,0,941,0,26,26,0.8852284803400637,0.8852284803400637,0.0,0.0,0.0,0.885228480339123,833,108,0,0
sem_erro,catboost,oscilacao,50,10,10,471,471,260,211,0,471,0,24,24,0.8789808917197452,0.8789808917197452,0.0,0.0,0.0,0.8789808917178791,414,57,0,0
sem_erro,catboost,oscilacao,50,15,15,314,314,175,139,0,314,0,21,21,0.8375796178343949,0.8375796178343949,0.0,0.0,0.0,0.8375796178317275,263,51,0,0
sem_erro,catboost,oscilacao,50,20,20,236,236,132,104,0,236,0,16,16,0.8559322033898306,0.8559322033898306,0.0,0.0,0.0,0.8559322033862037,202,34,0,0
sem_erro,catboost,oscilacao,50,25,25,189,189,104,85,0,189,0,13,13,0.8677248677248677,0.8677248677248677,0.0,0.0,0.0,0.8677248677202767,164,25,0,0
sem_erro,catboost,oscilacao,50,30,30,157,157,86,71,0,157,0,13,13,0.8152866242038217,0.8152866242038217,0.0,0.0,0.0,0.8152866241986289,128,29,0,0
sem_erro,catboost,oscilacao,50,35,35,135,135,75,60,0,135,0,15,15,0.8074074074074075,0.8074074074074075,0.0,0.0,0.0,0.8074074074014267,109,26,0,0
sem_erro,catboost,oscilacao,50,40,40,118,118,67,51,0,118,0,16,16,0.7288135593220338,0.7288135593220338,0.0,0.0,0.0,0.7288135593158575,86,32,0,0
sem_erro,catboost,oscilacao,50,45,45,105,105,57,48,0,105,0,13,13,0.780952380952381,0.780952380952381,0.0,0.0,0.0,0.7809523809449432,82,23,0,0
sem_erro,catboost,oscilacao,50,50,50,95,95,52,43,0,95,0,10,10,0.8421052631578947,0.8421052631578947,0.0,0.0,0.0,0.8421052631490304,80,15,0,0
sem_erro,catboost,oscilacao,60,5,5,939,939,555,384,0,939,0,27,27,0.8796592119275826,0.8796592119275826,0.0,0.0,0.0,0.8796592119266458,826,113,0,0
sem_erro,catboost,oscilacao,60,10,10,470,470,278,192,0,470,0,30,30,0.8446808510638298,0.8446808510638298,0.0,0.0,0.0,0.8446808510620326,397,73,0,0
sem_erro,catboost,oscilacao,60,15,15,313,313,184,129,0,313,0,20,20,0.8274760383386581,0.8274760383386581,0.0,0.0,0.0,0.8274760383360145,259,54,0,0
sem_erro,catboost,oscilacao,60,20,20,235,235,139,96,0,235,0,17,17,0.8340425531914893,0.8340425531914893,0.0,0.0,0.0,0.8340425531879403,196,39,0,0
sem_erro,catboost,oscilacao,60,25,25,188,188,110,78,0,188,0,15,15,0.8297872340425532,0.8297872340425532,0.0,0.0,0.0,0.8297872340381395,156,32,0,0
sem_erro,catboost,oscilacao,60,30,30,157,157,90,67,0,157,0,17,17,0.732484076433121,0.732484076433121,0.0,0.0,0.0,0.7324840764284556,115,42,0,0
sem_erro,catboost,oscilacao,60,35,35,135,135,81,54,0,135,0,20,20,0.7037037037037037,0.7037037037037037,0.0,0.0,0.0,0.7037037036984911,95,40,0,0
sem_erro,catboost,oscilacao,60,40,40,118,118,72,46,0,118,0,15,15,0.7203389830508474,0.7203389830508474,0.0,0.0,0.0,0.7203389830447429,85,33,0,0
sem_erro,catboost,oscilacao,60,45,45,105,105,61,44,0,105,0,16,16,0.7428571428571429,0.7428571428571429,0.0,0.0,0.0,0.742857142850068,78,27,0,0
sem_erro,catboost,oscilacao,60,50,50,94,94,56,38,0,94,0,13,13,0.7872340425531915,0.7872340425531915,0.0,0.0,0.0,0.7872340425448167,74,20,0,0
sem_erro,catboost,oscilacao,60,55,55,86,86,52,34,0,86,0,14,14,0.7209302325581395,0.7209302325581395,0.0,0.0,0.0,0.7209302325497566,62,24,0,0
sem_erro,catboost,oscilacao,60,60,60,79,79,45,34,0,79,0,8,8,0.6455696202531646,0.6455696202531646,0.0,0.0,0.0,0.6455696202449928,51,28,0,0
sem_erro,catboost,oscilacao,70,5,5,937,937,586,351,0,937,0,40,40,0.8132337246531484,0.8132337246531484,0.0,0.0,0.0,0.8132337246522804,762,175,0,0
sem_erro,catboost,oscilacao,70,10,10,469,469,293,176,0,469,0,23,23,0.8507462686567164,0.8507462686567164,0.0,0.0,0.0,0.8507462686549024,399,70,0,0
sem_erro,catboost,oscilacao,70,15,15,313,313,197,116,0,313,0,22,22,0.7284345047923323,0.7284345047923323,0.0,0.0,0.0,0.728434504790005,228,85,0,0
sem_erro,catboost,oscilacao,70,20,20,235,235,148,87,0,235,0,20,20,0.7106382978723405,0.7106382978723405,0.0,0.0,0.0,0.7106382978693164,167,68,0,0
sem_erro,catboost,oscilacao,70,25,25,188,188,117,71,0,188,0,20,20,0.6808510638297872,0.6808510638297872,0.0,0.0,0.0,0.6808510638261657,128,60,0,0
sem_erro,catboost,oscilacao,70,30,30,157,157,97,60,0,157,0,17,17,0.6942675159235668,0.6942675159235668,0.0,0.0,0.0,0.6942675159191448,109,48,0,0
sem_erro,catboost,oscilacao,70,35,35,134,134,84,50,0,134,0,12,12,0.6940298507462687,0.6940298507462687,0.0,0.0,0.0,0.6940298507410894,93,41,0,0
sem_erro,catboost,oscilacao,70,40,40,118,118,76,42,0,118,0,14,14,0.5847457627118644,0.5847457627118644,0.0,0.0,0.0,0.5847457627069089,69,49,0,0
sem_erro,catboost,oscilacao,70,45,45,105,105,64,41,0,105,0,19,19,0.6571428571428571,0.6571428571428571,0.0,0.0,0.0,0.6571428571365986,69,36,0,0
sem_erro,catboost,oscilacao,70,50,50,94,94,57,37,0,94,0,15,15,0.6170212765957447,0.6170212765957447,0.0,0.0,0.0,0.6170212765891806,58,36,0,0
sem_erro,catboost,oscilacao,70,55,55,86,86,53,33,0,86,0,13,13,0.5813953488372093,0.5813953488372093,0.0,0.0,0.0,0.5813953488304489,50,36,0,0
sem_erro,catboost,oscilacao,70,60,60,79,79,48,31,0,79,0,12,12,0.4936708860759494,0.4936708860759494,0.0,0.0,0.0,0.49367088606970033,39,40,0,0
sem_erro,catboost,oscilacao,70,65,65,73,73,46,27,0,73,0,10,10,0.5753424657534246,0.5753424657534246,0.0,0.0,0.0,0.5753424657455433,42,31,0,0
sem_erro,catboost,oscilacao,70,70,70,67,67,41,26,0,67,0,10,10,0.6716417910447762,0.6716417910447762,0.0,0.0,0.0,0.6716417910347516,45,22,0,0
sem_erro,catboost,oscilacao,80,5,5,935,935,613,322,0,935,0,41,41,0.746524064171123,0.746524064171123,0.0,0.0,0.0,0.7465240641703246,698,237,0,0
sem_erro,catboost,oscilacao,80,10,10,468,468,306,162,0,468,0,30,30,0.7329059829059829,0.7329059829059829,0.0,0.0,0.0,0.7329059829044169,343,125,0,0
sem_erro,catboost,oscilacao,80,15,15,312,312,207,105,0,312,0,33,33,0.6634615384615384,0.6634615384615384,0.0,0.0,0.0,0.663461538459412,207,105,0,0
sem_erro,catboost,oscilacao,80,20,20,234,234,152,82,0,234,0,21,21,0.6410256410256411,0.6410256410256411,0.0,0.0,0.0,0.6410256410229016,150,84,0,0
sem_erro,catboost,oscilacao,80,25,25,187,187,123,64,0,187,0,22,22,0.5882352941176471,0.5882352941176471,0.0,0.0,0.0,0.5882352941145015,110,77,0,0
sem_erro,catboost,oscilacao,80,30,30,156,156,102,54,0,156,0,17,17,0.5897435897435898,0.5897435897435898,0.0,0.0,0.0,0.5897435897398093,92,64,0,0
sem_erro,catboost,oscilacao,80,35,35,134,134,86,48,0,134,0,17,17,0.6194029850746269,0.6194029850746269,0.0,0.0,0.0,0.6194029850700045,83,51,0,0
sem_erro,catboost,oscilacao,80,40,40,117,117,77,40,0,117,0,15,15,0.5384615384615384,0.5384615384615384,0.0,0.0,0.0,0.5384615384569362,63,54,0,0
sem_erro,catboost,oscilacao,80,45,45,104,104,69,35,0,104,0,15,15,0.5192307692307693,0.5192307692307693,0.0,0.0,0.0,0.5192307692257766,54,50,0,0
sem_erro,catboost,oscilacao,80,50,50,94,94,59,35,0,94,0,15,15,0.5851063829787234,0.5851063829787234,0.0,0.0,0.0,0.5851063829724988,55,39,0,0
sem_erro,catboost,oscilacao,80,55,55,85,85,57,28,0,85,0,13,13,0.43529411764705883,0.43529411764705883,0.0,0.0,0.0,0.4352941176419377,37,48,0,0
sem_erro,catboost,oscilacao,80,60,60,78,78,49,29,0,78,0,7,7,0.5512820512820513,0.5512820512820513,0.0,0.0,0.0,0.5512820512749835,43,35,0,0
sem_erro,catboost,oscilacao,80,65,65,72,72,48,24,0,72,0,10,10,0.5416666666666666,0.5416666666666666,0.0,0.0,0.0,0.5416666666591435,39,33,0,0
sem_erro,catboost,oscilacao,80,70,70,67,67,41,26,0,67,0,9,9,0.7164179104477612,0.7164179104477612,0.0,0.0,0.0,0.7164179104370684,48,19,0,0
sem_erro,catboost,oscilacao,80,75,75,63,63,44,19,0,63,0,13,13,0.4603174603174603,0.4603174603174603,0.0,0.0,0.0,0.4603174603101537,29,34,0,0
sem_erro,catboost,oscilacao,80,80,80,59,59,40,19,0,59,0,11,11,0.5932203389830508,0.5932203389830508,0.0,0.0,0.0,0.5932203389729963,35,24,0,0
sem_erro,catboost,oscilacao,90,5,5,933,933,638,295,0,933,0,46,46,0.6141479099678456,0.6141479099678456,0.0,0.0,0.0,0.6141479099671874,573,360,0,0
sem_erro,catboost,oscilacao,90,10,10,467,467,319,148,0,467,0,28,28,0.6167023554603854,0.6167023554603854,0.0,0.0,0.0,0.6167023554590649,288,179,0,0
sem_erro,catboost,oscilacao,90,15,15,311,311,213,98,0,311,0,24,24,0.5466237942122186,0.5466237942122186,0.0,0.0,0.0,0.546623794210461,170,141,0,0
sem_erro,catboost,oscilacao,90,20,20,234,234,161,73,0,234,0,15,15,0.5512820512820513,0.5512820512820513,0.0,0.0,0.0,0.5512820512796954,129,105,0,0
sem_erro,catboost,oscilacao,90,25,25,187,187,127,60,0,187,0,19,19,0.5508021390374331,0.5508021390374331,0.0,0.0,0.0,0.5508021390344877,103,84,0,0
sem_erro,catboost,oscilacao,90,30,30,156,156,104,52,0,156,0,14,14,0.5192307692307693,0.5192307692307693,0.0,0.0,0.0,0.5192307692274408,81,75,0,0
sem_erro,catboost,oscilacao,90,35,35,134,134,91,43,0,134,0,13,13,0.5149253731343284,0.5149253731343284,0.0,0.0,0.0,0.5149253731304857,69,65,0,0
sem_erro,catboost,oscilacao,90,40,40,117,117,82,35,0,117,0,14,14,0.358974358974359,0.358974358974359,0.0,0.0,0.0,0.3589743589712908,42,75,0,0
sem_erro,catboost,oscilacao,90,45,45,104,104,72,32,0,104,0,12,12,0.49038461538461536,0.49038461538461536,0.0,0.0,0.0,0.49038461537990014,51,53,0,0
sem_erro,catboost,oscilacao,90,50,50,94,94,61,33,0,94,0,10,10,0.5531914893617021,0.5531914893617021,0.0,0.0,0.0,0.5531914893558171,52,42,0,0
sem_erro,catboost,oscilacao,90,55,55,85,85,59,26,0,85,0,14,14,0.27058823529411763,0.27058823529411763,0.0,0.0,0.0,0.27058823529093423,23,62,0,0
sem_erro,catboost,oscilacao,90,60,60,78,78,51,27,0,78,0,8,8,0.5,0.5,0.0,0.0,0.0,0.49999999999358974,39,39,0,0
sem_erro,catboost,oscilacao,90,65,65,72,72,49,23,0,72,0,9,9,0.4027777777777778,0.4027777777777778,0.0,0.0,0.0,0.4027777777721836,29,43,0,0
sem_erro,catboost,oscilacao,90,70,70,67,67,44,23,0,67,0,13,13,0.6268656716417911,0.6268656716417911,0.0,0.0,0.0,0.6268656716324348,42,25,0,0
sem_erro,catboost,oscilacao,90,75,75,63,63,45,18,0,63,0,14,14,0.3492063492063492,0.3492063492063492,0.0,0.0,0.0,0.3492063492008063,22,41,0,0
sem_erro,catboost,oscilacao,90,80,80,59,59,43,16,0,59,0,9,9,0.4406779661016949,0.4406779661016949,0.0,0.0,0.0,0.4406779660942258,26,33,0,0
sem_erro,catboost,oscilacao,90,85,85,55,55,38,17,0,55,0,6,6,0.32727272727272727,0.32727272727272727,0.0,0.0,0.0,0.32727272726677686,18,37,0,0
sem_erro,catboost,oscilacao,90,90,90,52,52,37,15,0,52,0,9,9,0.34615384615384615,0.34615384615384615,0.0,0.0,0.0,0.34615384614718936,18,34,0,0
sem_erro,catboost,oscilacao,100,5,5,931,931,662,269,0,931,0,38,38,0.5338345864661654,0.5338345864661654,0.0,0.0,0.0,0.533834586465592,497,434,0,0
sem_erro,catboost,oscilacao,100,10,10,466,466,331,135,0,466,0,27,27,0.5343347639484979,0.5343347639484979,0.0,0.0,0.0,0.5343347639473512,249,217,0,0
sem_erro,catboost,oscilacao,100,15,15,311,311,222,89,0,311,0,18,18,0.5112540192926045,0.5112540192926045,0.0,0.0,0.0,0.5112540192909606,159,152,0,0
sem_erro,catboost,oscilacao,100,20,20,233,233,164,69,0,233,0,16,16,0.48497854077253216,0.48497854077253216,0.0,0.0,0.0,0.4849785407704508,113,120,0,0
sem_erro,catboost,oscilacao,100,25,25,187,187,132,55,0,187,0,15,15,0.4919786096256685,0.4919786096256685,0.0,0.0,0.0,0.4919786096230376,92,95,0,0
sem_erro,catboost,oscilacao,100,30,30,156,156,109,47,0,156,0,13,13,0.5128205128205128,0.5128205128205128,0.0,0.0,0.0,0.5128205128172255,80,76,0,0
sem_erro,catboost,oscilacao,100,35,35,133,133,93,40,0,133,0,15,15,0.42105263157894735,0.42105263157894735,0.0,0.0,0.0,0.4210526315757816,56,77,0,0
sem_erro,catboost,oscilacao,100,40,40,117,117,85,32,0,117,0,15,15,0.42735042735042733,0.42735042735042733,0.0,0.0,0.0,0.42735042734677475,50,67,0,0
sem_erro,catboost,oscilacao,100,45,45,104,104,74,30,0,104,0,8,8,0.46153846153846156,0.46153846153846156,0.0,0.0,0.0,0.46153846153402367,48,56,0,0
sem_erro,catboost,oscilacao,100,50,50,94,94,65,29,0,94,0,13,13,0.5106382978723404,0.5106382978723404,0.0,0.0,0.0,0.5106382978669081,48,46,0,0
sem_erro,catboost,oscilacao,100,55,55,85,85,61,24,0,85,0,11,11,0.25882352941176473,0.25882352941176473,0.0,0.0,0.0,0.2588235294087197,22,63,0,0
sem_erro,catboost,oscilacao,100,60,60,78,78,53,25,0,78,0,9,9,0.5256410256410257,0.5256410256410257,0.0,0.0,0.0,0.5256410256342866,41,37,0,0
sem_erro,catboost,oscilacao,100,65,65,72,72,50,22,0,72,0,10,10,0.375,0.375,0.0,0.0,0.0,0.37499999999479167,27,45,0,0
sem_erro,catboost,oscilacao,100,70,70,67,67,47,20,0,67,0,11,11,0.31343283582089554,0.31343283582089554,0.0,0.0,0.0,0.3134328358162174,21,46,0,0
sem_erro,catboost,oscilacao,100,75,75,63,63,46,17,0,63,0,9,9,0.5555555555555556,0.5555555555555556,0.0,0.0,0.0,0.5555555555467372,35,28,0,0
sem_erro,catboost,oscilacao,100,80,80,59,59,43,16,0,59,0,6,6,0.4067796610169492,0.4067796610169492,0.0,0.0,0.0,0.4067796610100546,24,35,0,0
sem_erro,catboost,oscilacao,100,85,85,55,55,39,16,0,55,0,7,7,0.3090909090909091,0.3090909090909091,0.0,0.0,0.0,0.3090909090852893,17,38,0,0
sem_erro,catboost,oscilacao,100,90,90,52,52,38,14,0,52,0,6,6,0.38461538461538464,0.38461538461538464,0.0,0.0,0.0,0.38461538460798816,20,32,0,0
sem_erro,catboost,oscilacao,100,95,95,49,49,34,15,0,49,0,11,11,0.3469387755102041,0.3469387755102041,0.0,0.0,0.0,0.34693877550312374,17,32,0,0
sem_erro,catboost,oscilacao,100,100,100,47,47,32,15,0,47,0,7,7,0.5531914893617021,0.5531914893617021,0.0,0.0,0.0,0.5531914893499321,26,21,0,0
sem_erro,catboost,queda,20,5,5,947,947,191,756,0,947,0,21,21,0.9007391763463569,0.9007391763463569,0.0,0.0,0.0,0.9007391763454058,853,94,0,0
sem_erro,catboost,queda,20,10,10,474,474,97,377,0,474,0,14,14,0.890295358649789,0.890295358649789,0.0,0.0,0.0,0.8902953586479108,422,52,0,0
sem_erro,catboost,queda,20,15,15,316,316,64,252,0,316,0,14,14,0.8987341772151899,0.8987341772151899,0.0,0.0,0.0,0.8987341772123458,284,32,0,0
sem_erro,catboost,queda,20,20,20,237,237,49,188,0,237,0,10,10,0.9029535864978903,0.9029535864978903,0.0,0.0,0.0,0.9029535864940804,214,23,0,0
sem_erro,catboost,queda,30,5,5,945,945,233,712,0,945,0,21,21,0.891005291005291,0.891005291005291,0.0,0.0,0.0,0.8910052910043481,842,103,0,0
sem_erro,catboost,queda,30,10,10,473,473,118,355,0,473,0,16,16,0.8773784355179705,0.8773784355179705,0.0,0.0,0.0,0.8773784355161155,415,58,0,0
sem_erro,catboost,queda,30,15,15,315,315,77,238,0,315,0,13,13,0.8761904761904762,0.8761904761904762,0.0,0.0,0.0,0.8761904761876946,276,39,0,0
sem_erro,catboost,queda,30,20,20,237,237,63,174,0,237,0,11,11,0.8860759493670886,0.8860759493670886,0.0,0.0,0.0,0.8860759493633499,210,27,0,0
sem_erro,catboost,queda,30,25,25,189,189,48,141,0,189,0,13,13,0.8571428571428571,0.8571428571428571,0.0,0.0,0.0,0.8571428571383221,162,27,0,0
sem_erro,catboost,queda,30,30,30,158,158,41,117,0,158,0,11,11,0.8734177215189873,0.8734177215189873,0.0,0.0,0.0,0.8734177215134594,138,20,0,0
sem_erro,catboost,queda,40,5,5,943,943,275,668,0,943,0,20,20,0.8812301166489925,0.8812301166489925,0.0,0.0,0.0,0.8812301166480581,831,112,0,0
sem_erro,catboost,queda,40,10,10,472,472,139,333,0,472,0,17,17,0.8453389830508474,0.8453389830508474,0.0,0.0,0.0,0.8453389830490565,399,73,0,0
sem_erro,catboost,queda,40,15,15,315,315,93,222,0,315,0,14,14,0.8476190476190476,0.8476190476190476,0.0,0.0,0.0,0.8476190476163568,267,48,0,0
sem_erro,catboost,queda,40,20,20,236,236,70,166,0,236,0,9,9,0.8940677966101694,0.8940677966101694,0.0,0.0,0.0,0.8940677966063811,211,25,0,0
sem_erro,catboost,queda,40,25,25,189,189,55,134,0,189,0,12,12,0.8412698412698413,0.8412698412698413,0.0,0.0,0.0,0.8412698412653902,159,30,0,0
sem_erro,catboost,queda,40,30,30,158,158,47,111,0,158,0,14,14,0.8354430379746836,0.8354430379746836,0.0,0.0,0.0,0.835443037969396,132,26,0,0
sem_erro,catboost,queda,40,35,35,135,135,39,96,0,135,0,11,11,0.8518518518518519,0.8518518518518519,0.0,0.0,0.0,0.8518518518455419,115,20,0,0
sem_erro,catboost,queda,40,40,40,118,118,34,84,0,118,0,8,8,0.8983050847457628,0.8983050847457628,0.0,0.0,0.0,0.89830508473815,106,12,0,0
sem_erro,catboost,queda,50,5,5,941,941,313,628,0,941,0,19,19,0.8607863974495218,0.8607863974495218,0.0,0.0,0.0,0.8607863974486071,810,131,0,0
sem_erro,catboost,queda,50,10,10,471,471,158,313,0,471,0,17,17,0.8556263269639066,0.8556263269639066,0.0,0.0,0.0,0.85562632696209,403,68,0,0
sem_erro,catboost,queda,50,15,15,314,314,105,209,0,314,0,14,14,0.8248407643312102,0.8248407643312102,0.0,0.0,0.0,0.8248407643285833,259,55,0,0
sem_erro,catboost,queda,50,20,20,236,236,83,153,0,236,0,9,9,0.8559322033898306,0.8559322033898306,0.0,0.0,0.0,0.8559322033862037,202,34,0,0
sem_erro,catboost,queda,50,25,25,189,189,67,122,0,189,0,14,14,0.7936507936507936,0.7936507936507936,0.0,0.0,0.0,0.7936507936465945,150,39,0,0
sem_erro,catboost,queda,50,30,30,157,157,55,102,0,157,0,14,14,0.7961783439490446,0.7961783439490446,0.0,0.0,0.0,0.7961783439439735,125,32,0,0
sem_erro,catboost,queda,50,35,35,135,135,46,89,0,135,0,8,8,0.8740740740740741,0.8740740740740741,0.0,0.0,0.0,0.8740740740675995,118,17,0,0
sem_erro,catboost,queda,50,40,40,118,118,40,78,0,118,0,7,7,0.8559322033898306,0.8559322033898306,0.0,0.0,0.0,0.8559322033825768,101,17,0,0
sem_erro,catboost,queda,50,45,45,105,105,34,71,0,105,0,14,14,0.7904761904761904,0.7904761904761904,0.0,0.0,0.0,0.7904761904686621,83,22,0,0
sem_erro,catboost,queda,50,50,50,95,95,33,62,0,95,0,10,10,0.8421052631578947,0.8421052631578947,0.0,0.0,0.0,0.8421052631490304,80,15,0,0
sem_erro,catboost,queda,60,5,5,939,939,347,592,0,939,0,18,18,0.8178913738019169,0.8178913738019169,0.0,0.0,0.0,0.8178913738010459,768,171,0,0
sem_erro,catboost,queda,60,10,10,470,470,175,295,0,470,0,16,16,0.8042553191489362,0.8042553191489362,0.0,0.0,0.0,0.804255319147225,378,92,0,0
sem_erro,catboost,queda,60,15,15,313,313,115,198,0,313,0,15,15,0.7795527156549521,0.7795527156549521,0.0,0.0,0.0,0.7795527156524615,244,69,0,0
sem_erro,catboost,queda,60,20,20,235,235,88,147,0,235,0,9,9,0.8553191489361702,0.8553191489361702,0.0,0.0,0.0,0.8553191489325306,201,34,0,0
sem_erro,catboost,queda,60,25,25,188,188,69,119,0,188,0,12,12,0.7819148936170213,0.7819148936170213,0.0,0.0,0.0,0.7819148936128621,147,41,0,0
sem_erro,catboost,queda,60,30,30,157,157,60,97,0,157,0,14,14,0.7707006369426752,0.7707006369426752,0.0,0.0,0.0,0.7707006369377662,121,36,0,0
sem_erro,catboost,queda,60,35,35,135,135,52,83,0,135,0,8,8,0.8740740740740741,0.8740740740740741,0.0,0.0,0.0,0.8740740740675995,118,17,0,0
sem_erro,catboost,queda,60,40,40,118,118,43,75,0,118,0,11,11,0.8135593220338984,0.8135593220338984,0.0,0.0,0.0,0.8135593220270038,96,22,0,0
sem_erro,catboost,queda,60,45,45,105,105,39,66,0,105,0,12,12,0.8095238095238095,0.8095238095238095,0.0,0.0,0.0,0.8095238095160997,85,20,0,0
sem_erro,catboost,queda,60,50,50,94,94,34,60,0,94,0,13,13,0.7978723404255319,0.7978723404255319,0.0,0.0,0.0,0.7978723404170439,75,19,0,0
sem_erro,catboost,queda,60,55,55,86,86,30,56,0,86,0,10,10,0.8372093023255814,0.8372093023255814,0.0,0.0,0.0,0.8372093023158463,72,14,0,0
sem_erro,catboost,queda,60,60,60,79,79,34,45,0,79,0,10,10,0.7721518987341772,0.7721518987341772,0.0,0.0,0.0,0.7721518987244032,61,18,0,0
sem_erro,catboost,queda,70,5,5,937,937,378,559,0,937,0,29,29,0.80042689434365,0.80042689434365,0.0,0.0,0.0,0.8004268943427957,750,187,0,0
sem_erro,catboost,queda,70,10,10,469,469,191,278,0,469,0,19,19,0.7931769722814499,0.7931769722814499,0.0,0.0,0.0,0.7931769722797587,372,97,0,0
sem_erro,catboost,queda,70,15,15,313,313,127,186,0,313,0,13,13,0.792332268370607,0.792332268370607,0.0,0.0,0.0,0.7923322683680757,248,65,0,0
sem_erro,catboost,queda,70,20,20,235,235,99,136,0,235,0,9,9,0.8425531914893617,0.8425531914893617,0.0,0.0,0.0,0.8425531914857765,198,37,0,0
sem_erro,catboost,queda,70,25,25,188,188,75,113,0,188,0,13,13,0.7606382978723404,0.7606382978723404,0.0,0.0,0.0,0.7606382978682945,143,45,0,0
sem_erro,catboost,queda,70,30,30,157,157,64,93,0,157,0,12,12,0.7452229299363057,0.7452229299363057,0.0,0.0,0.0,0.7452229299315591,117,40,0,0
sem_erro,catboost,queda,70,35,35,134,134,56,78,0,134,0,13,13,0.7388059701492538,0.7388059701492538,0.0,0.0,0.0,0.7388059701437403,99,35,0,0
sem_erro,catboost,queda,70,40,40,118,118,48,70,0,118,0,8,8,0.864406779661017,0.864406779661017,0.0,0.0,0.0,0.8644067796536914,102,16,0,0
sem_erro,catboost,queda,70,45,45,105,105,46,59,0,105,0,13,13,0.7523809523809524,0.7523809523809524,0.0,0.0,0.0,0.7523809523737868,79,26,0,0
sem_erro,catboost,queda,70,50,50,94,94,38,56,0,94,0,11,11,0.7872340425531915,0.7872340425531915,0.0,0.0,0.0,0.7872340425448167,74,20,0,0
sem_erro,catboost,queda,70,55,55,86,86,32,54,0,86,0,8,8,0.8604651162790697,0.8604651162790697,0.0,0.0,0.0,0.8604651162690643,74,12,0,0
sem_erro,catboost,queda,70,60,60,79,79,36,43,0,79,0,8,8,0.810126582278481,0.810126582278481,0.0,0.0,0.0,0.8101265822682262,64,15,0,0
sem_erro,catboost,queda,70,65,65,73,73,27,46,0,73,0,7,7,0.8767123287671232,0.8767123287671232,0.0,0.0,0.0,0.8767123287551135,64,9,0,0
sem_erro,catboost,queda,70,70,70,67,67,27,40,0,67,0,7,7,0.7761194029850746,0.7761194029850746,0.0,0.0,0.0,0.7761194029734907,52,15,0,0
sem_erro,catboost,queda,80,5,5,935,935,408,527,0,935,0,30,30,0.7711229946524064,0.7711229946524064,0.0,0.0,0.0,0.7711229946515817,721,214,0,0
sem_erro,catboost,queda,80,10,10,468,468,206,262,0,468,0,19,19,0.7564102564102564,0.7564102564102564,0.0,0.0,0.0,0.7564102564086401,354,114,0,0
sem_erro,catboost,queda,80,15,15,312,312,137,175,0,312,0,14,14,0.7371794871794872,0.7371794871794872,0.0,0.0,0.0,0.7371794871771244,230,82,0,0
sem_erro,catboost,queda,80,20,20,234,234,103,131,0,234,0,8,8,0.8247863247863247,0.8247863247863247,0.0,0.0,0.0,0.8247863247828001,193,41,0,0
sem_erro,catboost,queda,80,25,25,187,187,83,104,0,187,0,13,13,0.7272727272727273,0.7272727272727273,0.0,0.0,0.0,0.7272727272688382,136,51,0,0
sem_erro,catboost,queda,80,30,30,156,156,70,86,0,156,0,12,12,0.7435897435897436,0.7435897435897436,0.0,0.0,0.0,0.7435897435849771,116,40,0,0
sem_erro,catboost,queda,80,35,35,134,134,59,75,0,134,0,11,11,0.746268656716418,0.746268656716418,0.0,0.0,0.0,0.7462686567108489,100,34,0,0
sem_erro,catboost,queda,80,40,40,117,117,50,67,0,117,0,8,8,0.8632478632478633,0.8632478632478633,0.0,0.0,0.0,0.8632478632404851,101,16,0,0
sem_erro,catboost,queda,80,45,45,104,104,46,58,0,104,0,10,10,0.7115384615384616,0.7115384615384616,0.0,0.0,0.0,0.7115384615316198,74,30,0,0
sem_erro,catboost,queda,80,50,50,94,94,42,52,0,94,0,10,10,0.8085106382978723,0.8085106382978723,0.0,0.0,0.0,0.8085106382892712,76,18,0,0
sem_erro,catboost,queda,80,55,55,85,85,38,47,0,85,0,7,7,0.8235294117647058,0.8235294117647058,0.0,0.0,0.0,0.8235294117550173,70,15,0,0
sem_erro,catboost,queda,80,60,60,78,78,35,43,0,78,0,7,7,0.8205128205128205,0.8205128205128205,0.0,0.0,0.0,0.8205128205023011,64,14,0,0
sem_erro,catboost,queda,80,65,65,72,72,27,45,0,72,0,7,7,0.8888888888888888,0.8888888888888888,0.0,0.0,0.0,0.8888888888765432,64,8,0,0
sem_erro,catboost,queda,80,70,70,67,67,29,38,0,67,0,8,8,0.7611940298507462,0.7611940298507462,0.0,0.0,0.0,0.7611940298393851,51,16,0,0
sem_erro,catboost,queda,80,75,75,63,63,29,34,0,63,0,6,6,0.7619047619047619,0.7619047619047619,0.0,0.0,0.0,0.7619047618926682,48,15,0,0
sem_erro,catboost,queda,80,80,80,59,59,26,33,0,59,0,7,7,0.847457627118644,0.847457627118644,0.0,0.0,0.0,0.8474576271042804,50,9,0,0
sem_erro,catboost,queda,90,5,5,933,933,437,496,0,933,0,29,29,0.7416934619506966,0.7416934619506966,0.0,0.0,0.0,0.7416934619499017,692,241,0,0
sem_erro,catboost,queda,90,10,10,467,467,220,247,0,467,0,16,16,0.728051391862955,0.728051391862955,0.0,0.0,0.0,0.728051391861396,340,127,0,0
sem_erro,catboost,queda,90,15,15,311,311,144,167,0,311,0,14,14,0.7138263665594855,0.7138263665594855,0.0,0.0,0.0,0.7138263665571903,222,89,0,0
sem_erro,catboost,queda,90,20,20,234,234,113,121,0,234,0,6,6,0.7948717948717948,0.7948717948717948,0.0,0.0,0.0,0.794871794868398,186,48,0,0
sem_erro,catboost,queda,90,25,25,187,187,88,99,0,187,0,13,13,0.7112299465240641,0.7112299465240641,0.0,0.0,0.0,0.7112299465202608,133,54,0,0
sem_erro,catboost,queda,90,30,30,156,156,74,82,0,156,0,6,6,0.7243589743589743,0.7243589743589743,0.0,0.0,0.0,0.724358974354331,113,43,0,0
sem_erro,catboost,queda,90,35,35,134,134,65,69,0,134,0,7,7,0.8283582089552238,0.8283582089552238,0.0,0.0,0.0,0.8283582089490422,111,23,0,0
sem_erro,catboost,queda,90,40,40,117,117,56,61,0,117,0,11,11,0.8290598290598291,0.8290598290598291,0.0,0.0,0.0,0.829059829052743,97,20,0,0
sem_erro,catboost,queda,90,45,45,104,104,48,56,0,104,0,10,10,0.7115384615384616,0.7115384615384616,0.0,0.0,0.0,0.7115384615316198,74,30,0,0
sem_erro,catboost,queda,90,50,50,94,94,43,51,0,94,0,9,9,0.7446808510638298,0.7446808510638298,0.0,0.0,0.0,0.7446808510559076,70,24,0,0
sem_erro,catboost,queda,90,55,55,85,85,38,47,0,85,0,5,5,0.8235294117647058,0.8235294117647058,0.0,0.0,0.0,0.8235294117550173,70,15,0,0
sem_erro,catboost,queda,90,60,60,78,78,36,42,0,78,0,9,9,0.8076923076923077,0.8076923076923077,0.0,0.0,0.0,0.8076923076819527,63,15,0,0
sem_erro,catboost,queda,90,65,65,72,72,33,39,0,72,0,7,7,0.875,0.875,0.0,0.0,0.0,0.8749999999878472,63,9,0,0
sem_erro,catboost,queda,90,70,70,67,67,33,34,0,67,0,9,9,0.7611940298507462,0.7611940298507462,0.0,0.0,0.0,0.7611940298393851,51,16,0,0
sem_erro,catboost,queda,90,75,75,63,63,30,33,0,63,0,6,6,0.7619047619047619,0.7619047619047619,0.0,0.0,0.0,0.7619047618926682,48,15,0,0
sem_erro,catboost,queda,90,80,80,59,59,28,31,0,59,0,9,9,0.8305084745762712,0.8305084745762712,0.0,0.0,0.0,0.8305084745621948,49,10,0,0
sem_erro,catboost,queda,90,85,85,55,55,25,30,0,55,0,5,5,0.9090909090909091,0.9090909090909091,0.0,0.0,0.0,0.9090909090743802,50,5,0,0
sem_erro,catboost,queda,90,90,90,52,52,24,28,0,52,0,4,4,0.7692307692307693,0.7692307692307693,0.0,0.0,0.0,0.7692307692159763,40,12,0,0
sem_erro,catboost,queda,100,5,5,931,931,464,467,0,931,0,18,18,0.765843179377014,0.765843179377014,0.0,0.0,0.0,0.7658431793761914,713,218,0,0
sem_erro,catboost,queda,100,10,10,466,466,234,232,0,466,0,18,18,0.7253218884120172,0.7253218884120172,0.0,0.0,0.0,0.7253218884104607,338,128,0,0
sem_erro,catboost,queda,100,15,15,311,311,156,155,0,311,0,14,14,0.6913183279742765,0.6913183279742765,0.0,0.0,0.0,0.6913183279720536,215,96,0,0
sem_erro,catboost,queda,100,20,20,233,233,117,116,0,233,0,8,8,0.7939914163090128,0.7939914163090128,0.0,0.0,0.0,0.7939914163056052,185,48,0,0
sem_erro,catboost,queda,100,25,25,187,187,96,91,0,187,0,8,8,0.679144385026738,0.679144385026738,0.0,0.0,0.0,0.6791443850231063,127,60,0,0
sem_erro,catboost,queda,100,30,30,156,156,78,78,0,156,0,7,7,0.6858974358974359,0.6858974358974359,0.0,0.0,0.0,0.6858974358930392,107,49,0,0
sem_erro,catboost,queda,100,35,35,133,133,69,64,0,133,0,11,11,0.7819548872180451,0.7819548872180451,0.0,0.0,0.0,0.7819548872121658,104,29,0,0
sem_erro,catboost,queda,100,40,40,117,117,58,59,0,117,0,5,5,0.7777777777777778,0.7777777777777778,0.0,0.0,0.0,0.7777777777711301,91,26,0,0
sem_erro,catboost,queda,100,45,45,104,104,51,53,0,104,0,8,8,0.6826923076923077,0.6826923076923077,0.0,0.0,0.0,0.6826923076857433,71,33,0,0
sem_erro,catboost,queda,100,50,50,94,94,48,46,0,94,0,6,6,0.648936170212766,0.648936170212766,0.0,0.0,0.0,0.6489361702058624,61,33,0,0
sem_erro,catboost,queda,100,55,55,85,85,41,44,0,85,0,4,4,0.7647058823529411,0.7647058823529411,0.0,0.0,0.0,0.7647058823439447,65,20,0,0
sem_erro,catboost,queda,100,60,60,78,78,38,40,0,78,0,8,8,0.7692307692307693,0.7692307692307693,0.0,0.0,0.0,0.7692307692209073,60,18,0,0
sem_erro,catboost,queda,100,65,65,72,72,36,36,0,72,0,6,6,0.875,0.875,0.0,0.0,0.0,0.8749999999878472,63,9,0,0
sem_erro,catboost,queda,100,70,70,67,67,36,31,0,67,0,10,10,0.7313432835820896,0.7313432835820896,0.0,0.0,0.0,0.731343283571174,49,18,0,0
sem_erro,catboost,queda,100,75,75,63,63,33,30,0,63,0,3,3,0.6984126984126984,0.6984126984126984,0.0,0.0,0.0,0.6984126984016126,44,19,0,0
sem_erro,catboost,queda,100,80,80,59,59,30,29,0,59,0,2,2,0.9322033898305084,0.9322033898305084,0.0,0.0,0.0,0.9322033898147085,55,4,0,0
sem_erro,catboost,queda,100,85,85,55,55,25,30,0,55,0,6,6,0.8909090909090909,0.8909090909090909,0.0,0.0,0.0,0.8909090908928926,49,6,0,0
sem_erro,catboost,queda,100,90,90,52,52,25,27,0,52,0,6,6,0.7884615384615384,0.7884615384615384,0.0,0.0,0.0,0.7884615384463758,41,11,0,0
sem_erro,catboost,queda,100,95,95,49,49,25,24,0,49,0,4,4,0.6938775510204082,0.6938775510204082,0.0,0.0,0.0,0.6938775510062475,34,15,0,0
sem_erro,catboost,queda,100,100,100,47,47,23,24,0,47,0,6,6,0.7021276595744681,0.7021276595744681,0.0,0.0,0.0,0.7021276595595293,33,14,0,0
sem_erro,mlp,lacuna,20,5,5,947,947,211,736,0,947,0,0,0,1.0,1.0,0.0,0.0,0.0,0.9999999999989441,947,0,0,0
sem_erro,mlp,lacuna,20,10,10,474,474,105,369,0,474,0,0,0,1.0,1.0,0.0,0.0,0.0,0.9999999999978904,474,0,0,0
sem_erro,mlp,lacuna,20,15,15,316,316,71,245,0,316,0,0,0,1.0,1.0,0.0,0.0,0.0,0.9999999999968355,316,0,0,0
sem_erro,mlp,lacuna,20,20,20,237,237,54,183,0,237,0,0,0,1.0,1.0,0.0,0.0,0.0,0.9999999999957806,237,0,0,0
sem_erro,mlp,lacuna,30,5,5,945,945,247,698,0,945,0,0,0,1.0,1.0,0.0,0.0,0.0,0.9999999999989418,945,0,0,0
sem_erro,mlp,lacuna,30,10,10,473,473,123,350,0,473,0,0,0,1.0,1.0,0.0,0.0,0.0,0.9999999999978858,473,0,0,0
sem_erro,mlp,lacuna,30,15,15,315,315,80,235,0,315,0,0,0,1.0,1.0,0.0,0.0,0.0,0.9999999999968254,315,0,0,0
sem_erro,mlp,lacuna,30,20,20,237,237,63,174,0,237,0,0,0,1.0,1.0,0.0,0.0,0.0,0.9999999999957806,237,0,0,0
sem_erro,mlp,lacuna,30,25,25,189,189,50,139,0,189,0,0,0,1.0,1.0,0.0,0.0,0.0,0.999999999994709,189,0,0,0
sem_erro,mlp,lacuna,30,30,30,158,158,41,117,0,158,0,0,0,1.0,1.0,0.0,0.0,0.0,0.999999999993671,158,0,0,0
sem_erro,mlp,lacuna,40,5,5,943,943,281,662,0,943,0,2,2,0.9968186638388123,0.9968186638388123,0.0,0.0,0.0,0.9968186638377552,940,3,0,0
sem_erro,mlp,lacuna,40,10,10,472,472,140,332,0,472,0,1,1,0.9978813559322034,0.9978813559322034,0.0,0.0,0.0,0.9978813559300893,471,1,0,0
sem_erro,mlp,lacuna,40,15,15,315,315,94,221,0,315,0,1,1,0.9968253968253968,0.9968253968253968,0.0,0.0,0.0,0.9968253968222324,314,1,0,0
sem_erro,mlp,lacuna,40,20,20,236,236,71,165,0,236,0,1,1,0.9957627118644068,0.9957627118644068,0.0,0.0,0.0,0.9957627118601875,235,1,0,0
sem_erro,mlp,lacuna,40,25,25,189,189,55,134,0,189,0,1,1,0.9947089947089947,0.9947089947089947,0.0,0.0,0.0,0.9947089947037318,188,1,0,0
sem_erro,mlp,lacuna,40,30,30,158,158,46,112,0,158,0,1,1,0.9936708860759493,0.9936708860759493,0.0,0.0,0.0,0.9936708860696604,157,1,0,0
sem_erro,mlp,lacuna,40,35,35,135,135,40,95,0,135,0,4,4,0.9703703703703703,0.9703703703703703,0.0,0.0,0.0,0.9703703703631825,131,4,0,0
sem_erro,mlp,lacuna,40,40,40,118,118,37,81,0,118,0,0,0,1.0,1.0,0.0,0.0,0.0,0.9999999999915254,118,0,0,0
sem_erro,mlp,lacuna,50,5,5,941,941,314,627,0,941,0,1,1,0.9989373007438895,0.9989373007438895,0.0,0.0,0.0,0.9989373007428279,940,1,0,0
sem_erro,mlp,lacuna,50,10,10,471,471,157,314,0,471,0,1,1,0.9978768577494692,0.9978768577494692,0.0,0.0,0.0,0.9978768577473506,470,1,0,0
sem_erro,mlp,lacuna,50,15,15,314,314,106,208,0,314,0,0,0,1.0,1.0,0.0,0.0,0.0,0.9999999999968153,314,0,0,0
sem_erro,mlp,lacuna,50,20,20,236,236,80,156,0,236,0,0,0,1.0,1.0,0.0,0.0,0.0,0.9999999999957627,236,0,0,0
sem_erro,mlp,lacuna,50,25,25,189,189,67,122,0,189,0,1,1,0.9947089947089947,0.9947089947089947,0.0,0.0,0.0,0.9947089947037318,188,1,0,0
sem_erro,mlp,lacuna,50,30,30,157,157,53,104,0,157,0,0,0,1.0,1.0,0.0,0.0,0.0,0.9999999999936307,157,0,0,0
sem_erro,mlp,lacuna,50,35,35,135,135,45,90,0,135,0,2,2,0.9851851851851852,0.9851851851851852,0.0,0.0,0.0,0.9851851851778876,133,2,0,0
sem_erro,mlp,lacuna,50,40,40,118,118,40,78,0,118,0,0,0,1.0,1.0,0.0,0.0,0.0,0.9999999999915254,118,0,0,0
sem_erro,mlp,lacuna,50,45,45,105,105,33,72,0,105,0,0,0,1.0,1.0,0.0,0.0,0.0,0.9999999999904762,105,0,0,0
sem_erro,mlp,lacuna,50,50,50,95,95,34,61,0,95,0,2,2,0.9789473684210527,0.9789473684210527,0.0,0.0,0.0,0.9789473684107479,93,2,0,0
sem_erro,mlp,lacuna,60,5,5,939,939,346,593,0,939,0,5,5,0.9925452609158679,0.9925452609158679,0.0,0.0,0.0,0.9925452609148109,932,7,0,0
sem_erro,mlp,lacuna,60,10,10,470,470,173,297,0,470,0,2,2,0.9957446808510638,0.9957446808510638,0.0,0.0,0.0,0.9957446808489453,468,2,0,0
sem_erro,mlp,lacuna,60,15,15,313,313,113,200,0,313,0,1,1,0.9936102236421726,0.9936102236421726,0.0,0.0,0.0,0.9936102236389981,311,2,0,0
sem_erro,mlp,lacuna,60,20,20,235,235,87,148,0,235,0,1,1,0.9957446808510638,0.9957446808510638,0.0,0.0,0.0,0.9957446808468267,234,1,0,0
sem_erro,mlp,lacuna,60,25,25,188,188,69,119,0,188,0,5,5,0.9680851063829787,0.9680851063829787,0.0,0.0,0.0,0.9680851063778294,182,6,0,0
sem_erro,mlp,lacuna,60,30,30,157,157,57,100,0,157,0,1,1,0.9936305732484076,0.9936305732484076,0.0,0.0,0.0,0.9936305732420788,156,1,0,0
sem_erro,mlp,lacuna,60,35,35,135,135,52,83,0,135,0,9,9,0.9259259259259259,0.9259259259259259,0.0,0.0,0.0,0.9259259259190673,125,10,0,0
sem_erro,mlp,lacuna,60,40,40,118,118,43,75,0,118,0,0,0,1.0,1.0,0.0,0.0,0.0,0.9999999999915254,118,0,0,0
sem_erro,mlp,lacuna,60,45,45,105,105,37,68,0,105,0,2,2,0.9809523809523809,0.9809523809523809,0.0,0.0,0.0,0.9809523809430385,103,2,0,0
sem_erro,mlp,lacuna,60,50,50,94,94,35,59,0,94,0,6,6,0.9361702127659575,0.9361702127659575,0.0,0.0,0.0,0.9361702127559981,88,6,0,0
sem_erro,mlp,lacuna,60,55,55,86,86,33,53,0,86,0,2,2,0.9767441860465116,0.9767441860465116,0.0,0.0,0.0,0.9767441860351541,84,2,0,0
sem_erro,mlp,lacuna,60,60,60,79,79,30,49,0,79,0,1,1,0.9746835443037974,0.9746835443037974,0.0,0.0,0.0,0.9746835442914596,77,2,0,0
sem_erro,mlp,lacuna,70,5,5,937,937,377,560,0,937,0,2,2,0.9978655282817502,0.9978655282817502,0.0,0.0,0.0,0.9978655282806853,935,2,0,0
sem_erro,mlp,lacuna,70,10,10,469,469,189,280,0,469,0,0,0,1.0,1.0,0.0,0.0,0.0,0.9999999999978678,469,0,0,0
sem_erro,mlp,lacuna,70,15,15,313,313,126,187,0,313,0,4,4,0.987220447284345,0.987220447284345,0.0,0.0,0.0,0.9872204472811911,309,4,0,0
sem_erro,mlp,lacuna,70,20,20,235,235,96,139,0,235,0,2,2,0.9914893617021276,0.9914893617021276,0.0,0.0,0.0,0.9914893616979086,233,2,0,0
sem_erro,mlp,lacuna,70,25,25,188,188,76,112,0,188,0,3,3,0.9840425531914894,0.9840425531914894,0.0,0.0,0.0,0.9840425531862551,185,3,0,0
sem_erro,mlp,lacuna,70,30,30,157,157,62,95,0,157,0,3,3,0.9681528662420382,0.9681528662420382,0.0,0.0,0.0,0.9681528662358717,152,5,0,0
sem_erro,mlp,lacuna,70,35,35,134,134,55,79,0,134,0,4,4,0.9701492537313433,0.9701492537313433,0.0,0.0,0.0,0.9701492537241034,130,4,0,0
sem_erro,mlp,lacuna,70,40,40,118,118,49,69,0,118,0,3,3,0.9745762711864406,0.9745762711864406,0.0,0.0,0.0,0.9745762711781816,115,3,0,0
sem_erro,mlp,lacuna,70,45,45,105,105,43,62,0,105,0,0,0,1.0,1.0,0.0,0.0,0.0,0.9999999999904762,105,0,0,0
sem_erro,mlp,lacuna,70,50,50,94,94,38,56,0,94,0,2,2,0.9787234042553191,0.9787234042553191,0.0,0.0,0.0,0.9787234042449071,92,2,0,0
sem_erro,mlp,lacuna,70,55,55,86,86,36,50,0,86,0,1,1,0.9883720930232558,0.9883720930232558,0.0,0.0,0.0,0.9883720930117631,85,1,0,0
sem_erro,mlp,lacuna,70,60,60,79,79,33,46,0,79,0,4,4,0.9367088607594937,0.9367088607594937,0.0,0.0,0.0,0.9367088607476366,74,5,0,0
sem_erro,mlp,lacuna,70,65,65,73,73,28,45,0,73,0,0,0,1.0,1.0,0.0,0.0,0.0,0.9999999999863013,73,0,0,0
sem_erro,mlp,lacuna,70,70,70,67,67,30,37,0,67,0,5,5,0.9253731343283582,0.9253731343283582,0.0,0.0,0.0,0.9253731343145466,62,5,0,0
sem_erro,mlp,lacuna,80,5,5,935,935,407,528,0,935,0,12,12,0.9828877005347594,0.9828877005347594,0.0,0.0,0.0,0.9828877005337081,919,16,0,0
sem_erro,mlp,lacuna,80,10,10,468,468,204,264,0,468,0,1,1,0.9978632478632479,0.9978632478632479,0.0,0.0,0.0,0.9978632478611157,467,1,0,0
sem_erro,mlp,lacuna,80,15,15,312,312,137,175,0,312,0,0,0,1.0,1.0,0.0,0.0,0.0,0.9999999999967949,312,0,0,0
sem_erro,mlp,lacuna,80,20,20,234,234,103,131,0,234,0,2,2,0.9914529914529915,0.9914529914529915,0.0,0.0,0.0,0.9914529914487545,232,2,0,0
sem_erro,mlp,lacuna,80,25,25,187,187,82,105,0,187,0,2,2,0.9893048128342246,0.9893048128342246,0.0,0.0,0.0,0.9893048128289342,185,2,0,0
sem_erro,mlp,lacuna,80,30,30,156,156,68,88,0,156,0,4,4,0.9743589743589743,0.9743589743589743,0.0,0.0,0.0,0.9743589743527286,152,4,0,0
sem_erro,mlp,lacuna,80,35,35,134,134,56,78,0,134,0,3,3,0.9776119402985075,0.9776119402985075,0.0,0.0,0.0,0.9776119402912119,131,3,0,0
sem_erro,mlp,lacuna,80,40,40,117,117,53,64,0,117,0,2,2,0.9743589743589743,0.9743589743589743,0.0,0.0,0.0,0.9743589743506464,114,3,0,0
sem_erro,mlp,lacuna,80,45,45,104,104,43,61,0,104,0,0,0,1.0,1.0,0.0,0.0,0.0,0.9999999999903846,104,0,0,0
sem_erro,mlp,lacuna,80,50,50,94,94,41,53,0,94,0,5,5,0.9361702127659575,0.9361702127659575,0.0,0.0,0.0,0.9361702127559981,88,6,0,0
sem_erro,mlp,lacuna,80,55,55,85,85,37,48,0,85,0,1,1,0.9882352941176471,0.9882352941176471,0.0,0.0,0.0,0.9882352941060207,84,1,0,0
sem_erro,mlp,lacuna,80,60,60,78,78,35,43,0,78,0,5,5,0.8846153846153846,0.8846153846153846,0.0,0.0,0.0,0.8846153846040433,69,9,0,0
sem_erro,mlp,lacuna,80,65,65,72,72,29,43,0,72,0,0,0,1.0,1.0,0.0,0.0,0.0,0.9999999999861111,72,0,0,0
sem_erro,mlp,lacuna,80,70,70,67,67,30,37,0,67,0,4,4,0.9402985074626866,0.9402985074626866,0.0,0.0,0.0,0.9402985074486522,63,4,0,0
sem_erro,mlp,lacuna,80,75,75,63,63,26,37,0,63,0,2,2,0.9682539682539683,0.9682539682539683,0.0,0.0,0.0,0.9682539682385992,61,2,0,0
sem_erro,mlp,lacuna,80,80,80,59,59,25,34,0,59,0,3,3,0.9491525423728814,0.9491525423728814,0.0,0.0,0.0,0.949152542356794,56,3,0,0
sem_erro,mlp,lacuna,90,5,5,933,933,436,497,0,933,0,9,9,0.9903536977491961,0.9903536977491961,0.0,0.0,0.0,0.9903536977481346,924,9,0,0
sem_erro,mlp,lacuna,90,10,10,467,467,219,248,0,467,0,4,4,0.9892933618843683,0.9892933618843683,0.0,0.0,0.0,0.9892933618822499,462,5,0,0
sem_erro,mlp,lacuna,90,15,15,311,311,143,168,0,311,0,1,1,0.9967845659163987,0.9967845659163987,0.0,0.0,0.0,0.9967845659131936,310,1,0,0
sem_erro,mlp,lacuna,90,20,20,234,234,111,123,0,234,0,1,1,0.9914529914529915,0.9914529914529915,0.0,0.0,0.0,0.9914529914487545,232,2,0,0
sem_erro,mlp,lacuna,90,25,25,187,187,86,101,0,187,0,2,2,0.9893048128342246,0.9893048128342246,0.0,0.0,0.0,0.9893048128289342,185,2,0,0
sem_erro,mlp,lacuna,90,30,30,156,156,72,84,0,156,0,2,2,0.9871794871794872,0.9871794871794872,0.0,0.0,0.0,0.9871794871731592,154,2,0,0
sem_erro,mlp,lacuna,90,35,35,134,134,64,70,0,134,0,5,5,0.9552238805970149,0.9552238805970149,0.0,0.0,0.0,0.9552238805898865,128,6,0,0
sem_erro,mlp,lacuna,90,40,40,117,117,56,61,0,117,0,5,5,0.9572649572649573,0.9572649572649573,0.0,0.0,0.0,0.9572649572567755,112,5,0,0
sem_erro,mlp,lacuna,90,45,45,104,104,45,59,0,104,0,3,3,0.9615384615384616,0.9615384615384616,0.0,0.0,0.0,0.961538461529216,100,4,0,0
sem_erro,mlp,lacuna,90,50,50,94,94,44,50,0,94,0,1,1,0.9893617021276596,0.9893617021276596,0.0,0.0,0.0,0.9893617021171344,93,1,0,0
sem_erro,mlp,lacuna,90,55,55,85,85,42,43,0,85,0,1,1,0.9882352941176471,0.9882352941176471,0.0,0.0,0.0,0.9882352941060207,84,1,0,0
sem_erro,mlp,lacuna,90,60,60,78,78,36,42,0,78,0,1,1,0.9743589743589743,0.9743589743589743,0.0,0.0,0.0,0.9743589743464826,76,2,0,0
sem_erro,mlp,lacuna,90,65,65,72,72,33,39,0,72,0,4,4,0.9444444444444444,0.9444444444444444,0.0,0.0,0.0,0.9444444444313271,68,4,0,0
sem_erro,mlp,lacuna,90,70,70,67,67,33,34,0,67,0,3,3,0.9552238805970149,0.9552238805970149,0.0,0.0,0.0,0.9552238805827578,64,3,0,0
sem_erro,mlp,lacuna,90,75,75,63,63,28,35,0,63,0,3,3,0.9206349206349206,0.9206349206349206,0.0,0.0,0.0,0.9206349206203074,58,5,0,0
sem_erro,mlp,lacuna,90,80,80,59,59,26,33,0,59,0,5,5,0.864406779661017,0.864406779661017,0.0,0.0,0.0,0.864406779646366,51,8,0,0
sem_erro,mlp,lacuna,90,85,85,55,55,27,28,0,55,0,2,2,0.9636363636363636,0.9636363636363636,0.0,0.0,0.0,0.9636363636188431,53,2,0,0
sem_erro,mlp,lacuna,90,90,90,52,52,23,29,0,52,0,3,3,0.9423076923076923,0.9423076923076923,0.0,0.0,0.0,0.9423076922895711,49,3,0,0
sem_erro,mlp,lacuna,100,5,5,931,931,463,468,0,931,0,6,6,0.9924812030075187,0.9924812030075187,0.0,0.0,0.0,0.9924812030064528,924,7,0,0
sem_erro,mlp,lacuna,100,10,10,466,466,232,234,0,466,0,0,0,1.0,1.0,0.0,0.0,0.0,0.999999999997854,466,0,0,0
sem_erro,mlp,lacuna,100,15,15,311,311,155,156,0,311,0,4,4,0.9839228295819936,0.9839228295819936,0.0,0.0,0.0,0.9839228295788298,306,5,0,0
sem_erro,mlp,lacuna,100,20,20,233,233,116,117,0,233,0,2,2,0.9871244635193133,0.9871244635193133,0.0,0.0,0.0,0.9871244635150768,230,3,0,0
sem_erro,mlp,lacuna,100,25,25,187,187,97,90,0,187,0,5,5,0.9679144385026738,0.9679144385026738,0.0,0.0,0.0,0.9679144384974978,181,6,0,0
sem_erro,mlp,lacuna,100,30,30,156,156,77,79,0,156,0,5,5,0.967948717948718,0.967948717948718,0.0,0.0,0.0,0.9679487179425132,151,5,0,0
sem_erro,mlp,lacuna,100,35,35,133,133,67,66,0,133,0,4,4,0.9473684210526315,0.9473684210526315,0.0,0.0,0.0,0.9473684210455086,126,7,0,0
sem_erro,mlp,lacuna,100,40,40,117,117,57,60,0,117,0,1,1,0.9914529914529915,0.9914529914529915,0.0,0.0,0.0,0.9914529914445175,116,1,0,0
sem_erro,mlp,lacuna,100,45,45,104,104,50,54,0,104,0,2,2,0.9711538461538461,0.9711538461538461,0.0,0.0,0.0,0.9711538461445081,101,3,0,0
sem_erro,mlp,lacuna,100,50,50,94,94,49,45,0,94,0,4,4,0.9574468085106383,0.9574468085106383,0.0,0.0,0.0,0.9574468085004526,90,4,0,0
sem_erro,mlp,lacuna,100,55,55,85,85,43,42,0,85,0,2,2,0.9764705882352941,0.9764705882352941,0.0,0.0,0.0,0.9764705882238062,83,2,0,0
sem_erro,mlp,lacuna,100,60,60,78,78,38,40,0,78,0,5,5,0.8974358974358975,0.8974358974358975,0.0,0.0,0.0,0.8974358974243918,70,8,0,0
sem_erro,mlp,lacuna,100,65,65,72,72,34,38,0,72,0,0,0,1.0,1.0,0.0,0.0,0.0,0.9999999999861111,72,0,0,0
sem_erro,mlp,lacuna,100,70,70,67,67,33,34,0,67,0,4,4,0.9402985074626866,0.9402985074626866,0.0,0.0,0.0,0.9402985074486522,63,4,0,0
sem_erro,mlp,lacuna,100,75,75,63,63,33,30,0,63,0,4,4,0.8571428571428571,0.8571428571428571,0.0,0.0,0.0,0.8571428571292518,54,9,0,0
sem_erro,mlp,lacuna,100,80,80,59,59,27,32,0,59,0,0,0,1.0,1.0,0.0,0.0,0.0,0.9999999999830509,59,0,0,0
sem_erro,mlp,lacuna,100,85,85,55,55,28,27,0,55,0,5,5,0.8909090909090909,0.8909090909090909,0.0,0.0,0.0,0.8909090908928926,49,6,0,0
sem_erro,mlp,lacuna,100,90,90,52,52,25,27,0,52,0,5,5,0.9038461538461539,0.9038461538461539,0.0,0.0,0.0,0.9038461538287722,47,5,0,0
sem_erro,mlp,lacuna,100,95,95,49,49,22,27,0,49,0,3,3,0.8979591836734694,0.8979591836734694,0.0,0.0,0.0,0.8979591836551437,44,5,0,0
sem_erro,mlp,lacuna,100,100,100,47,47,23,24,0,47,0,3,3,0.9361702127659575,0.9361702127659575,0.0,0.0,0.0,0.936170212746039,44,3,0,0
sem_erro,mlp,oscilacao,20,5,5,947,947,397,550,0,947,0,33,33,0.9176346356916578,0.9176346356916578,0.0,0.0,0.0,0.9176346356906889,869,78,0,0
sem_erro,mlp,oscilacao,20,10,10,474,474,200,274,0,474,0,23,23,0.9240506329113924,0.9240506329113924,0.0,0.0,0.0,0.924050632909443,438,36,0,0
sem_erro,mlp,oscilacao,20,15,15,316,316,135,181,0,316,0,27,27,0.8607594936708861,0.8607594936708861,0.0,0.0,0.0,0.8607594936681622,272,44,0,0
sem_erro,mlp,oscilacao,20,20,20,237,237,100,137,0,237,0,11,11,0.9240506329113924,0.9240506329113924,0.0,0.0,0.0,0.9240506329074935,219,18,0,0
sem_erro,mlp,oscilacao,30,5,5,945,945,438,507,0,945,0,33,33,0.9142857142857143,0.9142857142857143,0.0,0.0,0.0,0.9142857142847468,864,81,0,0
sem_erro,mlp,oscilacao,30,10,10,473,473,220,253,0,473,0,20,20,0.919661733615222,0.919661733615222,0.0,0.0,0.0,0.9196617336132777,435,38,0,0
sem_erro,mlp,oscilacao,30,15,15,315,315,145,170,0,315,0,18,18,0.8698412698412699,0.8698412698412699,0.0,0.0,0.0,0.8698412698385085,274,41,0,0
sem_erro,mlp,oscilacao,30,20,20,237,237,112,125,0,237,0,11,11,0.9113924050632911,0.9113924050632911,0.0,0.0,0.0,0.9113924050594456,216,21,0,0
sem_erro,mlp,oscilacao,30,25,25,189,189,88,101,0,189,0,9,9,0.9047619047619048,0.9047619047619048,0.0,0.0,0.0,0.9047619047571177,171,18,0,0
sem_erro,mlp,oscilacao,30,30,30,158,158,70,88,0,158,0,11,11,0.8860759493670886,0.8860759493670886,0.0,0.0,0.0,0.8860759493614806,140,18,0,0
sem_erro,mlp,oscilacao,40,5,5,943,943,478,465,0,943,0,58,58,0.8112407211028632,0.8112407211028632,0.0,0.0,0.0,0.811240721102003,765,178,0,0
sem_erro,mlp,oscilacao,40,10,10,472,472,240,232,0,472,0,27,27,0.8792372881355932,0.8792372881355932,0.0,0.0,0.0,0.8792372881337305,415,57,0,0
sem_erro,mlp,oscilacao,40,15,15,315,315,162,153,0,315,0,22,22,0.8698412698412699,0.8698412698412699,0.0,0.0,0.0,0.8698412698385085,274,41,0,0
sem_erro,mlp,oscilacao,40,20,20,236,236,120,116,0,236,0,19,19,0.8559322033898306,0.8559322033898306,0.0,0.0,0.0,0.8559322033862037,202,34,0,0
sem_erro,mlp,oscilacao,40,25,25,189,189,94,95,0,189,0,20,20,0.8465608465608465,0.8465608465608465,0.0,0.0,0.0,0.8465608465563674,160,29,0,0
sem_erro,mlp,oscilacao,40,30,30,158,158,78,80,0,158,0,16,16,0.8291139240506329,0.8291139240506329,0.0,0.0,0.0,0.8291139240453854,131,27,0,0
sem_erro,mlp,oscilacao,40,35,35,135,135,69,66,0,135,0,13,13,0.8592592592592593,0.8592592592592593,0.0,0.0,0.0,0.8592592592528945,116,19,0,0
sem_erro,mlp,oscilacao,40,40,40,118,118,62,56,0,118,0,16,16,0.788135593220339,0.788135593220339,0.0,0.0,0.0,0.7881355932136599,93,25,0,0
sem_erro,mlp,oscilacao,50,5,5,941,941,518,423,0,941,0,46,46,0.8522848034006376,0.8522848034006376,0.0,0.0,0.0,0.8522848033997319,802,139,0,0
sem_erro,mlp,oscilacao,50,10,10,471,471,260,211,0,471,0,38,38,0.8237791932059448,0.8237791932059448,0.0,0.0,0.0,0.8237791932041958,388,83,0,0
sem_erro,mlp,oscilacao,50,15,15,314,314,175,139,0,314,0,23,23,0.8121019108280255,0.8121019108280255,0.0,0.0,0.0,0.8121019108254391,255,59,0,0
sem_erro,mlp,oscilacao,50,20,20,236,236,132,104,0,236,0,18,18,0.847457627118644,0.847457627118644,0.0,0.0,0.0,0.8474576271150532,200,36,0,0
sem_erro,mlp,oscilacao,50,25,25,189,189,104,85,0,189,0,17,17,0.8306878306878307,0.8306878306878307,0.0,0.0,0.0,0.8306878306834355,157,32,0,0
sem_erro,mlp,oscilacao,50,30,30,157,157,86,71,0,157,0,15,15,0.7770700636942676,0.7770700636942676,0.0,0.0,0.0,0.7770700636893181,122,35,0,0
sem_erro,mlp,oscilacao,50,35,35,135,135,75,60,0,135,0,19,19,0.7925925925925926,0.7925925925925926,0.0,0.0,0.0,0.7925925925867215,107,28,0,0
sem_erro,mlp,oscilacao,50,40,40,118,118,67,51,0,118,0,16,16,0.7542372881355932,0.7542372881355932,0.0,0.0,0.0,0.7542372881292013,89,29,0,0
sem_erro,mlp,oscilacao,50,45,45,105,105,57,48,0,105,0,11,11,0.7714285714285715,0.7714285714285715,0.0,0.0,0.0,0.7714285714212245,81,24,0,0
sem_erro,mlp,oscilacao,50,50,50,95,95,52,43,0,95,0,11,11,0.8315789473684211,0.8315789473684211,0.0,0.0,0.0,0.8315789473596675,79,16,0,0
sem_erro,mlp,oscilacao,60,5,5,939,939,555,384,0,939,0,56,56,0.7987220447284346,0.7987220447284346,0.0,0.0,0.0,0.7987220447275839,750,189,0,0
sem_erro,mlp,oscilacao,60,10,10,470,470,278,192,0,470,0,40,40,0.7893617021276595,0.7893617021276595,0.0,0.0,0.0,0.7893617021259801,371,99,0,0
sem_erro,mlp,oscilacao,60,15,15,313,313,184,129,0,313,0,27,27,0.7827476038338658,0.7827476038338658,0.0,0.0,0.0,0.7827476038313651,245,68,0,0
sem_erro,mlp,oscilacao,60,20,20,235,235,139,96,0,235,0,20,20,0.8297872340425532,0.8297872340425532,0.0,0.0,0.0,0.8297872340390222,195,40,0,0
sem_erro,mlp,oscilacao,60,25,25,188,188,110,78,0,188,0,23,23,0.7872340425531915,0.7872340425531915,0.0,0.0,0.0,0.7872340425490041,148,40,0,0
sem_erro,mlp,oscilacao,60,30,30,157,157,90,67,0,157,0,15,15,0.7515923566878981,0.7515923566878981,0.0,0.0,0.0,0.751592356683111,118,39,0,0
sem_erro,mlp,oscilacao,60,35,35,135,135,81,54,0,135,0,21,21,0.7037037037037037,0.7037037037037037,0.0,0.0,0.0,0.7037037036984911,95,40,0,0
sem_erro,mlp,oscilacao,60,40,40,118,118,72,46,0,118,0,17,17,0.8050847457627118,0.8050847457627118,0.0,0.0,0.0,0.8050847457558891,95,23,0,0
sem_erro,mlp,oscilacao,60,45,45,105,105,61,44,0,105,0,13,13,0.7714285714285715,0.7714285714285715,0.0,0.0,0.0,0.7714285714212245,81,24,0,0
sem_erro,mlp,oscilacao,60,50,50,94,94,56,38,0,94,0,13,13,0.6595744680851063,0.6595744680851063,0.0,0.0,0.0,0.6595744680780896,62,32,0,0
sem_erro,mlp,oscilacao,60,55,55,86,86,52,34,0,86,0,14,14,0.6395348837209303,0.6395348837209303,0.0,0.0,0.0,0.6395348837134938,55,31,0,0
sem_erro,mlp,oscilacao,60,60,60,79,79,45,34,0,79,0,10,10,0.6582278481012658,0.6582278481012658,0.0,0.0,0.0,0.6582278480929338,52,27,0,0
sem_erro,mlp,oscilacao,70,5,5,937,937,586,351,0,937,0,63,63,0.7385272145144077,0.7385272145144077,0.0,0.0,0.0,0.7385272145136195,692,245,0,0
sem_erro,mlp,oscilacao,70,10,10,469,469,293,176,0,469,0,43,43,0.7142857142857143,0.7142857142857143,0.0,0.0,0.0,0.7142857142841913,335,134,0,0
sem_erro,mlp,oscilacao,70,15,15,313,313,197,116,0,313,0,36,36,0.6932907348242812,0.6932907348242812,0.0,0.0,0.0,0.6932907348220662,217,96,0,0
sem_erro,mlp,oscilacao,70,20,20,235,235,148,87,0,235,0,24,24,0.7489361702127659,0.7489361702127659,0.0,0.0,0.0,0.748936170209579,176,59,0,0
sem_erro,mlp,oscilacao,70,25,25,188,188,117,71,0,188,0,21,21,0.7180851063829787,0.7180851063829787,0.0,0.0,0.0,0.7180851063791591,135,53,0,0
sem_erro,mlp,oscilacao,70,30,30,157,157,97,60,0,157,0,19,19,0.7006369426751592,0.7006369426751592,0.0,0.0,0.0,0.7006369426706966,110,47,0,0
sem_erro,mlp,oscilacao,70,35,35,134,134,84,50,0,134,0,13,13,0.6940298507462687,0.6940298507462687,0.0,0.0,0.0,0.6940298507410894,93,41,0,0
sem_erro,mlp,oscilacao,70,40,40,118,118,76,42,0,118,0,14,14,0.6949152542372882,0.6949152542372882,0.0,0.0,0.0,0.694915254231399,82,36,0,0
sem_erro,mlp,oscilacao,70,45,45,105,105,64,41,0,105,0,14,14,0.6952380952380952,0.6952380952380952,0.0,0.0,0.0,0.695238095231474,73,32,0,0
sem_erro,mlp,oscilacao,70,50,50,94,94,57,37,0,94,0,9,9,0.6914893617021277,0.6914893617021277,0.0,0.0,0.0,0.6914893616947714,65,29,0,0
sem_erro,mlp,oscilacao,70,55,55,86,86,53,33,0,86,0,12,12,0.7325581395348837,0.7325581395348837,0.0,0.0,0.0,0.7325581395263656,63,23,0,0
sem_erro,mlp,oscilacao,70,60,60,79,79,48,31,0,79,0,13,13,0.5949367088607594,0.5949367088607594,0.0,0.0,0.0,0.5949367088532286,47,32,0,0
sem_erro,mlp,oscilacao,70,65,65,73,73,46,27,0,73,0,11,11,0.726027397260274,0.726027397260274,0.0,0.0,0.0,0.7260273972503284,53,20,0,0
sem_erro,mlp,oscilacao,70,70,70,67,67,41,26,0,67,0,7,7,0.7761194029850746,0.7761194029850746,0.0,0.0,0.0,0.7761194029734907,52,15,0,0
sem_erro,mlp,oscilacao,80,5,5,935,935,613,322,0,935,0,51,51,0.704812834224599,0.704812834224599,0.0,0.0,0.0,0.7048128342238451,659,276,0,0
sem_erro,mlp,oscilacao,80,10,10,468,468,306,162,0,468,0,37,37,0.6773504273504274,0.6773504273504274,0.0,0.0,0.0,0.67735042734898,317,151,0,0
sem_erro,mlp,oscilacao,80,15,15,312,312,207,105,0,312,0,32,32,0.6410256410256411,0.6410256410256411,0.0,0.0,0.0,0.6410256410235865,200,112,0,0
sem_erro,mlp,oscilacao,80,20,20,234,234,152,82,0,234,0,22,22,0.7222222222222222,0.7222222222222222,0.0,0.0,0.0,0.7222222222191358,169,65,0,0
sem_erro,mlp,oscilacao,80,25,25,187,187,123,64,0,187,0,17,17,0.6951871657754011,0.6951871657754011,0.0,0.0,0.0,0.6951871657716835,130,57,0,0
sem_erro,mlp,oscilacao,80,30,30,156,156,102,54,0,156,0,16,16,0.6923076923076923,0.6923076923076923,0.0,0.0,0.0,0.6923076923032545,108,48,0,0
sem_erro,mlp,oscilacao,80,35,35,134,134,86,48,0,134,0,12,12,0.7238805970149254,0.7238805970149254,0.0,0.0,0.0,0.7238805970095233,97,37,0,0
sem_erro,mlp,oscilacao,80,40,40,117,117,77,40,0,117,0,16,16,0.6239316239316239,0.6239316239316239,0.0,0.0,0.0,0.6239316239262912,73,44,0,0
sem_erro,mlp,oscilacao,80,45,45,104,104,69,35,0,104,0,11,11,0.7115384615384616,0.7115384615384616,0.0,0.0,0.0,0.7115384615316198,74,30,0,0
sem_erro,mlp,oscilacao,80,50,50,94,94,59,35,0,94,0,10,10,0.6914893617021277,0.6914893617021277,0.0,0.0,0.0,0.6914893616947714,65,29,0,0
sem_erro,mlp,oscilacao,80,55,55,85,85,57,28,0,85,0,11,11,0.6941176470588235,0.6941176470588235,0.0,0.0,0.0,0.6941176470506574,59,26,0,0
sem_erro,mlp,oscilacao,80,60,60,78,78,49,29,0,78,0,10,10,0.717948717948718,0.717948717948718,0.0,0.0,0.0,0.7179487179395134,56,22,0,0
sem_erro,mlp,oscilacao,80,65,65,72,72,48,24,0,72,0,9,9,0.6805555555555556,0.6805555555555556,0.0,0.0,0.0,0.6805555555461034,49,23,0,0
sem_erro,mlp,oscilacao,80,70,70,67,67,41,26,0,67,0,6,6,0.8208955223880597,0.8208955223880597,0.0,0.0,0.0,0.8208955223758075,55,12,0,0
sem_erro,mlp,oscilacao,80,75,75,63,63,44,19,0,63,0,14,14,0.5238095238095238,0.5238095238095238,0.0,0.0,0.0,0.5238095238012094,33,30,0,0
sem_erro,mlp,oscilacao,80,80,80,59,59,40,19,0,59,0,11,11,0.6440677966101694,0.6440677966101694,0.0,0.0,0.0,0.6440677965992532,38,21,0,0
sem_erro,mlp,oscilacao,90,5,5,933,933,638,295,0,933,0,64,64,0.602357984994641,0.602357984994641,0.0,0.0,0.0,0.6023579849939953,562,371,0,0
sem_erro,mlp,oscilacao,90,10,10,467,467,319,148,0,467,0,42,42,0.5738758029978587,0.5738758029978587,0.0,0.0,0.0,0.5738758029966299,268,199,0,0
sem_erro,mlp,oscilacao,90,15,15,311,311,213,98,0,311,0,31,31,0.6077170418006431,0.6077170418006431,0.0,0.0,0.0,0.607717041798689,189,122,0,0
sem_erro,mlp,oscilacao,90,20,20,234,234,161,73,0,234,0,22,22,0.6837606837606838,0.6837606837606838,0.0,0.0,0.0,0.6837606837577618,160,74,0,0
sem_erro,mlp,oscilacao,90,25,25,187,187,127,60,0,187,0,17,17,0.679144385026738,0.679144385026738,0.0,0.0,0.0,0.6791443850231063,127,60,0,0
sem_erro,mlp,oscilacao,90,30,30,156,156,104,52,0,156,0,19,19,0.6217948717948718,0.6217948717948718,0.0,0.0,0.0,0.621794871790886,97,59,0,0
sem_erro,mlp,oscilacao,90,35,35,134,134,91,43,0,134,0,20,20,0.6119402985074627,0.6119402985074627,0.0,0.0,0.0,0.611940298502896,82,52,0,0
sem_erro,mlp,oscilacao,90,40,40,117,117,82,35,0,117,0,19,19,0.5726495726495726,0.5726495726495726,0.0,0.0,0.0,0.5726495726446782,67,50,0,0
sem_erro,mlp,oscilacao,90,45,45,104,104,72,32,0,104,0,12,12,0.6057692307692307,0.6057692307692307,0.0,0.0,0.0,0.605769230763406,63,41,0,0
sem_erro,mlp,oscilacao,90,50,50,94,94,61,33,0,94,0,11,11,0.648936170212766,0.648936170212766,0.0,0.0,0.0,0.6489361702058624,61,33,0,0
sem_erro,mlp,oscilacao,90,55,55,85,85,59,26,0,85,0,12,12,0.6,0.6,0.0,0.0,0.0,0.5999999999929412,51,34,0,0
sem_erro,mlp,oscilacao,90,60,60,78,78,51,27,0,78,0,15,15,0.6538461538461539,0.6538461538461539,0.0,0.0,0.0,0.6538461538377712,51,27,0,0
sem_erro,mlp,oscilacao,90,65,65,72,72,49,23,0,72,0,8,8,0.5833333333333334,0.5833333333333334,0.0,0.0,0.0,0.5833333333252314,42,30,0,0
sem_erro,mlp,oscilacao,90,70,70,67,67,44,23,0,67,0,16,16,0.6268656716417911,0.6268656716417911,0.0,0.0,0.0,0.6268656716324348,42,25,0,0
sem_erro,mlp,oscilacao,90,75,75,63,63,45,18,0,63,0,12,12,0.47619047619047616,0.47619047619047616,0.0,0.0,0.0,0.47619047618291765,30,33,0,0
sem_erro,mlp,oscilacao,90,80,80,59,59,43,16,0,59,0,11,11,0.559322033898305,0.559322033898305,0.0,0.0,0.0,0.5593220338888251,33,26,0,0
sem_erro,mlp,oscilacao,90,85,85,55,55,38,17,0,55,0,5,5,0.41818181818181815,0.41818181818181815,0.0,0.0,0.0,0.4181818181742149,23,32,0,0
sem_erro,mlp,oscilacao,90,90,90,52,52,37,15,0,52,0,10,10,0.6730769230769231,0.6730769230769231,0.0,0.0,0.0,0.6730769230639794,35,17,0,0
sem_erro,mlp,oscilacao,100,5,5,931,931,662,269,0,931,0,51,51,0.49516648764769067,0.49516648764769067,0.0,0.0,0.0,0.4951664876471588,461,470,0,0
sem_erro,mlp,oscilacao,100,10,10,466,466,331,135,0,466,0,36,36,0.47854077253218885,0.47854077253218885,0.0,0.0,0.0,0.47854077253116195,223,243,0,0
sem_erro,mlp,oscilacao,100,15,15,311,311,222,89,0,311,0,22,22,0.4887459807073955,0.4887459807073955,0.0,0.0,0.0,0.488745980705824,152,159,0,0
sem_erro,mlp,oscilacao,100,20,20,233,233,164,69,0,233,0,28,28,0.44635193133047213,0.44635193133047213,0.0,0.0,0.0,0.44635193132855644,104,129,0,0
sem_erro,mlp,oscilacao,100,25,25,187,187,132,55,0,187,0,21,21,0.5454545454545454,0.5454545454545454,0.0,0.0,0.0,0.5454545454516286,102,85,0,0
sem_erro,mlp,oscilacao,100,30,30,156,156,109,47,0,156,0,15,15,0.5448717948717948,0.5448717948717948,0.0,0.0,0.0,0.5448717948683022,85,71,0,0
sem_erro,mlp,oscilacao,100,35,35,133,133,93,40,0,133,0,20,20,0.3609022556390977,0.3609022556390977,0.0,0.0,0.0,0.36090225563638423,48,85,0,0
sem_erro,mlp,oscilacao,100,40,40,117,117,85,32,0,117,0,19,19,0.39316239316239315,0.39316239316239315,0.0,0.0,0.0,0.3931623931590328,46,71,0,0
sem_erro,mlp,oscilacao,100,45,45,104,104,74,30,0,104,0,9,9,0.5961538461538461,0.5961538461538461,0.0,0.0,0.0,0.5961538461481138,62,42,0,0
sem_erro,mlp,oscilacao,100,50,50,94,94,65,29,0,94,0,11,11,0.6063829787234043,0.6063829787234043,0.0,0.0,0.0,0.6063829787169533,57,37,0,0
sem_erro,mlp,oscilacao,100,55,55,85,85,61,24,0,85,0,14,14,0.36470588235294116,0.36470588235294116,0.0,0.0,0.0,0.3647058823486505,31,54,0,0
sem_erro,mlp,oscilacao,100,60,60,78,78,53,25,0,78,0,14,14,0.5256410256410257,0.5256410256410257,0.0,0.0,0.0,0.5256410256342866,41,37,0,0
sem_erro,mlp,oscilacao,100,65,65,72,72,50,22,0,72,0,10,10,0.6111111111111112,0.6111111111111112,0.0,0.0,0.0,0.6111111111026234,44,28,0,0
sem_erro,mlp,oscilacao,100,70,70,67,67,47,20,0,67,0,19,19,0.5223880597014925,0.5223880597014925,0.0,0.0,0.0,0.5223880596936957,35,32,0,0
sem_erro,mlp,oscilacao,100,75,75,63,63,46,17,0,63,0,9,9,0.5873015873015873,0.5873015873015873,0.0,0.0,0.0,0.5873015872922651,37,26,0,0
sem_erro,mlp,oscilacao,100,80,80,59,59,43,16,0,59,0,9,9,0.5932203389830508,0.5932203389830508,0.0,0.0,0.0,0.5932203389729963,35,24,0,0
sem_erro,mlp,oscilacao,100,85,85,55,55,39,16,0,55,0,5,5,0.509090909090909,0.509090909090909,0.0,0.0,0.0,0.5090909090816529,28,27,0,0
sem_erro,mlp,oscilacao,100,90,90,52,52,38,14,0,52,0,8,8,0.6538461538461539,0.6538461538461539,0.0,0.0,0.0,0.6538461538335799,34,18,0,0
sem_erro,mlp,oscilacao,100,95,95,49,49,34,15,0,49,0,10,10,0.5510204081632653,0.5510204081632653,0.0,0.0,0.0,0.55102040815202,27,22,0,0
sem_erro,mlp,oscilacao,100,100,100,47,47,32,15,0,47,0,9,9,0.5106382978723404,0.5106382978723404,0.0,0.0,0.0,0.5106382978614759,24,23,0,0
sem_erro,mlp,queda,20,5,5,947,947,191,756,0,947,0,25,25,0.8975712777191129,0.8975712777191129,0.0,0.0,0.0,0.8975712777181651,850,97,0,0
sem_erro,mlp,queda,20,10,10,474,474,97,377,0,474,0,16,16,0.890295358649789,0.890295358649789,0.0,0.0,0.0,0.8902953586479108,422,52,0,0
sem_erro,mlp,queda,20,15,15,316,316,64,252,0,316,0,13,13,0.9050632911392406,0.9050632911392406,0.0,0.0,0.0,0.9050632911363764,286,30,0,0
sem_erro,mlp,queda,20,20,20,237,237,49,188,0,237,0,11,11,0.8987341772151899,0.8987341772151899,0.0,0.0,0.0,0.8987341772113978,213,24,0,0
sem_erro,mlp,queda,30,5,5,945,945,233,712,0,945,0,32,32,0.8867724867724868,0.8867724867724868,0.0,0.0,0.0,0.8867724867715484,838,107,0,0
sem_erro,mlp,queda,30,10,10,473,473,118,355,0,473,0,20,20,0.8858350951374208,0.8858350951374208,0.0,0.0,0.0,0.8858350951355479,419,54,0,0
sem_erro,mlp,queda,30,15,15,315,315,77,238,0,315,0,21,21,0.8603174603174604,0.8603174603174604,0.0,0.0,0.0,0.8603174603147292,271,44,0,0
sem_erro,mlp,queda,30,20,20,237,237,63,174,0,237,0,14,14,0.890295358649789,0.890295358649789,0.0,0.0,0.0,0.8902953586460326,211,26,0,0
sem_erro,mlp,queda,30,25,25,189,189,48,141,0,189,0,14,14,0.8412698412698413,0.8412698412698413,0.0,0.0,0.0,0.8412698412653902,159,30,0,0
sem_erro,mlp,queda,30,30,30,158,158,41,117,0,158,0,8,8,0.9050632911392406,0.9050632911392406,0.0,0.0,0.0,0.9050632911335124,143,15,0,0
sem_erro,mlp,queda,40,5,5,943,943,275,668,0,943,0,34,34,0.8674443266171792,0.8674443266171792,0.0,0.0,0.0,0.8674443266162594,818,125,0,0
sem_erro,mlp,queda,40,10,10,472,472,139,333,0,472,0,24,24,0.8601694915254238,0.8601694915254238,0.0,0.0,0.0,0.8601694915236013,406,66,0,0
sem_erro,mlp,queda,40,15,15,315,315,93,222,0,315,0,20,20,0.8634920634920635,0.8634920634920635,0.0,0.0,0.0,0.8634920634893223,272,43,0,0
sem_erro,mlp,queda,40,20,20,236,236,70,166,0,236,0,15,15,0.8601694915254238,0.8601694915254238,0.0,0.0,0.0,0.860169491521779,203,33,0,0
sem_erro,mlp,queda,40,25,25,189,189,55,134,0,189,0,10,10,0.8624338624338624,0.8624338624338624,0.0,0.0,0.0,0.8624338624292993,163,26,0,0
sem_erro,mlp,queda,40,30,30,158,158,47,111,0,158,0,16,16,0.8291139240506329,0.8291139240506329,0.0,0.0,0.0,0.8291139240453854,131,27,0,0
sem_erro,mlp,queda,40,35,35,135,135,39,96,0,135,0,9,9,0.9037037037037037,0.9037037037037037,0.0,0.0,0.0,0.9037037036970097,122,13,0,0
sem_erro,mlp,queda,40,40,40,118,118,34,84,0,118,0,8,8,0.923728813559322,0.923728813559322,0.0,0.0,0.0,0.9237288135514938,109,9,0,0
sem_erro,mlp,queda,50,5,5,941,941,313,628,0,941,0,32,32,0.8480340063761955,0.8480340063761955,0.0,0.0,0.0,0.8480340063752944,798,143,0,0
sem_erro,mlp,queda,50,10,10,471,471,158,313,0,471,0,30,30,0.8301486199575372,0.8301486199575372,0.0,0.0,0.0,0.8301486199557746,391,80,0,0
sem_erro,mlp,queda,50,15,15,314,314,105,209,0,314,0,24,24,0.8057324840764332,0.8057324840764332,0.0,0.0,0.0,0.8057324840738671,253,61,0,0
sem_erro,mlp,queda,50,20,20,236,236,83,153,0,236,0,22,22,0.809322033898305,0.809322033898305,0.0,0.0,0.0,0.8093220338948758,191,45,0,0
sem_erro,mlp,queda,50,25,25,189,189,67,122,0,189,0,19,19,0.783068783068783,0.783068783068783,0.0,0.0,0.0,0.7830687830646399,148,41,0,0
sem_erro,mlp,queda,50,30,30,157,157,55,102,0,157,0,15,15,0.7961783439490446,0.7961783439490446,0.0,0.0,0.0,0.7961783439439735,125,32,0,0
sem_erro,mlp,queda,50,35,35,135,135,46,89,0,135,0,16,16,0.8222222222222222,0.8222222222222222,0.0,0.0,0.0,0.8222222222161317,111,24,0,0
sem_erro,mlp,queda,50,40,40,118,118,40,78,0,118,0,9,9,0.8983050847457628,0.8983050847457628,0.0,0.0,0.0,0.89830508473815,106,12,0,0
sem_erro,mlp,queda,50,45,45,105,105,34,71,0,105,0,13,13,0.819047619047619,0.819047619047619,0.0,0.0,0.0,0.8190476190398186,86,19,0,0
sem_erro,mlp,queda,50,50,50,95,95,33,62,0,95,0,10,10,0.7789473684210526,0.7789473684210526,0.0,0.0,0.0,0.7789473684128532,74,21,0,0
sem_erro,mlp,queda,60,5,5,939,939,347,592,0,939,0,37,37,0.8178913738019169,0.8178913738019169,0.0,0.0,0.0,0.8178913738010459,768,171,0,0
sem_erro,mlp,queda,60,10,10,470,470,175,295,0,470,0,26,26,0.825531914893617,0.825531914893617,0.0,0.0,0.0,0.8255319148918606,388,82,0,0
sem_erro,mlp,queda,60,15,15,313,313,115,198,0,313,0,26,26,0.7891373801916933,0.7891373801916933,0.0,0.0,0.0,0.7891373801891721,247,66,0,0
sem_erro,mlp,queda,60,20,20,235,235,88,147,0,235,0,18,18,0.8297872340425532,0.8297872340425532,0.0,0.0,0.0,0.8297872340390222,195,40,0,0
sem_erro,mlp,queda,60,25,25,188,188,69,119,0,188,0,26,26,0.7819148936170213,0.7819148936170213,0.0,0.0,0.0,0.7819148936128621,147,41,0,0
sem_erro,mlp,queda,60,30,30,157,157,60,97,0,157,0,16,16,0.8152866242038217,0.8152866242038217,0.0,0.0,0.0,0.8152866241986289,128,29,0,0
sem_erro,mlp,queda,60,35,35,135,135,52,83,0,135,0,15,15,0.8222222222222222,0.8222222222222222,0.0,0.0,0.0,0.8222222222161317,111,24,0,0
sem_erro,mlp,queda,60,40,40,118,118,43,75,0,118,0,12,12,0.847457627118644,0.847457627118644,0.0,0.0,0.0,0.8474576271114622,100,18,0,0
sem_erro,mlp,queda,60,45,45,105,105,39,66,0,105,0,12,12,0.7904761904761904,0.7904761904761904,0.0,0.0,0.0,0.7904761904686621,83,22,0,0
sem_erro,mlp,queda,60,50,50,94,94,34,60,0,94,0,14,14,0.7978723404255319,0.7978723404255319,0.0,0.0,0.0,0.7978723404170439,75,19,0,0
sem_erro,mlp,queda,60,55,55,86,86,30,56,0,86,0,6,6,0.9186046511627907,0.9186046511627907,0.0,0.0,0.0,0.9186046511521092,79,7,0,0
sem_erro,mlp,queda,60,60,60,79,79,34,45,0,79,0,10,10,0.8227848101265823,0.8227848101265823,0.0,0.0,0.0,0.8227848101161672,65,14,0,0
sem_erro,mlp,queda,70,5,5,937,937,378,559,0,937,0,36,36,0.8228388473852721,0.8228388473852721,0.0,0.0,0.0,0.822838847384394,771,166,0,0
sem_erro,mlp,queda,70,10,10,469,469,191,278,0,469,0,23,23,0.8166311300639659,0.8166311300639659,0.0,0.0,0.0,0.8166311300622247,383,86,0,0
sem_erro,mlp,queda,70,15,15,313,313,127,186,0,313,0,21,21,0.8115015974440895,0.8115015974440895,0.0,0.0,0.0,0.8115015974414969,254,59,0,0
sem_erro,mlp,queda,70,20,20,235,235,99,136,0,235,0,13,13,0.8468085106382979,0.8468085106382979,0.0,0.0,0.0,0.8468085106346944,199,36,0,0
sem_erro,mlp,queda,70,25,25,188,188,75,113,0,188,0,15,15,0.8404255319148937,0.8404255319148937,0.0,0.0,0.0,0.8404255319104234,158,30,0,0
sem_erro,mlp,queda,70,30,30,157,157,64,93,0,157,0,18,18,0.7643312101910829,0.7643312101910829,0.0,0.0,0.0,0.7643312101862145,120,37,0,0
sem_erro,mlp,queda,70,35,35,134,134,56,78,0,134,0,12,12,0.835820895522388,0.835820895522388,0.0,0.0,0.0,0.8358208955161507,112,22,0,0
sem_erro,mlp,queda,70,40,40,118,118,48,70,0,118,0,9,9,0.8728813559322034,0.8728813559322034,0.0,0.0,0.0,0.8728813559248061,103,15,0,0
sem_erro,mlp,queda,70,45,45,105,105,46,59,0,105,0,9,9,0.8285714285714286,0.8285714285714286,0.0,0.0,0.0,0.8285714285635374,87,18,0,0
sem_erro,mlp,queda,70,50,50,94,94,38,56,0,94,0,16,16,0.7872340425531915,0.7872340425531915,0.0,0.0,0.0,0.7872340425448167,74,20,0,0
sem_erro,mlp,queda,70,55,55,86,86,32,54,0,86,0,6,6,0.9186046511627907,0.9186046511627907,0.0,0.0,0.0,0.9186046511521092,79,7,0,0
sem_erro,mlp,queda,70,60,60,79,79,36,43,0,79,0,9,9,0.7848101265822784,0.7848101265822784,0.0,0.0,0.0,0.7848101265723442,62,17,0,0
sem_erro,mlp,queda,70,65,65,73,73,27,46,0,73,0,5,5,0.8767123287671232,0.8767123287671232,0.0,0.0,0.0,0.8767123287551135,64,9,0,0
sem_erro,mlp,queda,70,70,70,67,67,27,40,0,67,0,7,7,0.8507462686567164,0.8507462686567164,0.0,0.0,0.0,0.8507462686440187,57,10,0,0
sem_erro,mlp,queda,80,5,5,935,935,408,527,0,935,0,42,42,0.8085561497326204,0.8085561497326204,0.0,0.0,0.0,0.8085561497317556,756,179,0,0
sem_erro,mlp,queda,80,10,10,468,468,206,262,0,468,0,31,31,0.7628205128205128,0.7628205128205128,0.0,0.0,0.0,0.7628205128188829,357,111,0,0
sem_erro,mlp,queda,80,15,15,312,312,137,175,0,312,0,21,21,0.8012820512820513,0.8012820512820513,0.0,0.0,0.0,0.801282051279483,250,62,0,0
sem_erro,mlp,queda,80,20,20,234,234,103,131,0,234,0,16,16,0.8205128205128205,0.8205128205128205,0.0,0.0,0.0,0.8205128205093141,192,42,0,0
sem_erro,mlp,queda,80,25,25,187,187,83,104,0,187,0,20,20,0.7272727272727273,0.7272727272727273,0.0,0.0,0.0,0.7272727272688382,136,51,0,0
sem_erro,mlp,queda,80,30,30,156,156,70,86,0,156,0,18,18,0.7564102564102564,0.7564102564102564,0.0,0.0,0.0,0.7564102564054077,118,38,0,0
sem_erro,mlp,queda,80,35,35,134,134,59,75,0,134,0,13,13,0.7985074626865671,0.7985074626865671,0.0,0.0,0.0,0.7985074626806082,107,27,0,0
sem_erro,mlp,queda,80,40,40,117,117,50,67,0,117,0,11,11,0.8205128205128205,0.8205128205128205,0.0,0.0,0.0,0.8205128205058075,96,21,0,0
sem_erro,mlp,queda,80,45,45,104,104,46,58,0,104,0,11,11,0.7884615384615384,0.7884615384615384,0.0,0.0,0.0,0.7884615384539571,82,22,0,0
sem_erro,mlp,queda,80,50,50,94,94,42,52,0,94,0,12,12,0.6808510638297872,0.6808510638297872,0.0,0.0,0.0,0.6808510638225441,64,30,0,0
sem_erro,mlp,queda,80,55,55,85,85,38,47,0,85,0,5,5,0.8941176470588236,0.8941176470588236,0.0,0.0,0.0,0.8941176470483044,76,9,0,0
sem_erro,mlp,queda,80,60,60,78,78,35,43,0,78,0,9,9,0.8076923076923077,0.8076923076923077,0.0,0.0,0.0,0.8076923076819527,63,15,0,0
sem_erro,mlp,queda,80,65,65,72,72,27,45,0,72,0,6,6,0.9027777777777778,0.9027777777777778,0.0,0.0,0.0,0.9027777777652392,65,7,0,0
sem_erro,mlp,queda,80,70,70,67,67,29,38,0,67,0,11,11,0.7164179104477612,0.7164179104477612,0.0,0.0,0.0,0.7164179104370684,48,19,0,0
sem_erro,mlp,queda,80,75,75,63,63,29,34,0,63,0,6,6,0.7301587301587301,0.7301587301587301,0.0,0.0,0.0,0.7301587301471404,46,17,0,0
sem_erro,mlp,queda,80,80,80,59,59,26,33,0,59,0,10,10,0.8135593220338984,0.8135593220338984,0.0,0.0,0.0,0.8135593220201092,48,11,0,0
sem_erro,mlp,queda,90,5,5,933,933,437,496,0,933,0,34,34,0.7931404072883173,0.7931404072883173,0.0,0.0,0.0,0.7931404072874672,740,193,0,0
sem_erro,mlp,queda,90,10,10,467,467,220,247,0,467,0,30,30,0.7558886509635975,0.7558886509635975,0.0,0.0,0.0,0.7558886509619789,353,114,0,0
sem_erro,mlp,queda,90,15,15,311,311,144,167,0,311,0,18,18,0.7427652733118971,0.7427652733118971,0.0,0.0,0.0,0.7427652733095088,231,80,0,0
sem_erro,mlp,queda,90,20,20,234,234,113,121,0,234,0,16,16,0.7905982905982906,0.7905982905982906,0.0,0.0,0.0,0.790598290594912,185,49,0,0
sem_erro,mlp,queda,90,25,25,187,187,88,99,0,187,0,16,16,0.7433155080213903,0.7433155080213903,0.0,0.0,0.0,0.7433155080174154,139,48,0,0
sem_erro,mlp,queda,90,30,30,156,156,74,82,0,156,0,10,10,0.7051282051282052,0.7051282051282052,0.0,0.0,0.0,0.7051282051236851,110,46,0,0
sem_erro,mlp,queda,90,35,35,134,134,65,69,0,134,0,9,9,0.8134328358208955,0.8134328358208955,0.0,0.0,0.0,0.8134328358148252,109,25,0,0
sem_erro,mlp,queda,90,40,40,117,117,56,61,0,117,0,10,10,0.8034188034188035,0.8034188034188035,0.0,0.0,0.0,0.8034188034119366,94,23,0,0
sem_erro,mlp,queda,90,45,45,104,104,48,56,0,104,0,10,10,0.75,0.75,0.0,0.0,0.0,0.7499999999927884,78,26,0,0
sem_erro,mlp,queda,90,50,50,94,94,43,51,0,94,0,10,10,0.6276595744680851,0.6276595744680851,0.0,0.0,0.0,0.6276595744614079,59,35,0,0
sem_erro,mlp,queda,90,55,55,85,85,38,47,0,85,0,6,6,0.8,0.8,0.0,0.0,0.0,0.7999999999905882,68,17,0,0
sem_erro,mlp,queda,90,60,60,78,78,36,42,0,78,0,9,9,0.6410256410256411,0.6410256410256411,0.0,0.0,0.0,0.6410256410174228,50,28,0,0
sem_erro,mlp,queda,90,65,65,72,72,33,39,0,72,0,11,11,0.8194444444444444,0.8194444444444444,0.0,0.0,0.0,0.8194444444330632,59,13,0,0
sem_erro,mlp,queda,90,70,70,67,67,33,34,0,67,0,12,12,0.6716417910447762,0.6716417910447762,0.0,0.0,0.0,0.6716417910347516,45,22,0,0
sem_erro,mlp,queda,90,75,75,63,63,30,33,0,63,0,8,8,0.6507936507936508,0.6507936507936508,0.0,0.0,0.0,0.6507936507833207,41,22,0,0
sem_erro,mlp,queda,90,80,80,59,59,28,31,0,59,0,10,10,0.7627118644067796,0.7627118644067796,0.0,0.0,0.0,0.7627118643938524,45,14,0,0
sem_erro,mlp,queda,90,85,85,55,55,25,30,0,55,0,5,5,0.8909090909090909,0.8909090909090909,0.0,0.0,0.0,0.8909090908928926,49,6,0,0
sem_erro,mlp,queda,90,90,90,52,52,24,28,0,52,0,7,7,0.5576923076923077,0.5576923076923077,0.0,0.0,0.0,0.5576923076815828,29,23,0,0
sem_erro,mlp,queda,100,5,5,931,931,464,467,0,931,0,45,45,0.7089151450053706,0.7089151450053706,0.0,0.0,0.0,0.7089151450046092,660,271,0,0
sem_erro,mlp,queda,100,10,10,466,466,234,232,0,466,0,29,29,0.7081545064377682,0.7081545064377682,0.0,0.0,0.0,0.7081545064362487,330,136,0,0
sem_erro,mlp,queda,100,15,15,311,311,156,155,0,311,0,24,24,0.7234726688102894,0.7234726688102894,0.0,0.0,0.0,0.7234726688079631,225,86,0,0
sem_erro,mlp,queda,100,20,20,233,233,117,116,0,233,0,12,12,0.7854077253218884,0.7854077253218884,0.0,0.0,0.0,0.7854077253185175,183,50,0,0
sem_erro,mlp,queda,100,25,25,187,187,96,91,0,187,0,16,16,0.6470588235294118,0.6470588235294118,0.0,0.0,0.0,0.6470588235259516,121,66,0,0
sem_erro,mlp,queda,100,30,30,156,156,78,78,0,156,0,15,15,0.6217948717948718,0.6217948717948718,0.0,0.0,0.0,0.621794871790886,97,59,0,0
sem_erro,mlp,queda,100,35,35,133,133,69,64,0,133,0,15,15,0.6766917293233082,0.6766917293233082,0.0,0.0,0.0,0.6766917293182204,90,43,0,0
sem_erro,mlp,queda,100,40,40,117,117,58,59,0,117,0,8,8,0.7521367521367521,0.7521367521367521,0.0,0.0,0.0,0.7521367521303236,88,29,0,0
sem_erro,mlp,queda,100,45,45,104,104,51,53,0,104,0,13,13,0.7307692307692307,0.7307692307692307,0.0,0.0,0.0,0.7307692307622041,76,28,0,0
sem_erro,mlp,queda,100,50,50,94,94,48,46,0,94,0,14,14,0.5106382978723404,0.5106382978723404,0.0,0.0,0.0,0.5106382978669081,48,46,0,0
sem_erro,mlp,queda,100,55,55,85,85,41,44,0,85,0,9,9,0.7294117647058823,0.7294117647058823,0.0,0.0,0.0,0.729411764697301,62,23,0,0
sem_erro,mlp,queda,100,60,60,78,78,38,40,0,78,0,8,8,0.6666666666666666,0.6666666666666666,0.0,0.0,0.0,0.6666666666581196,52,26,0,0
sem_erro,mlp,queda,100,65,65,72,72,36,36,0,72,0,8,8,0.7777777777777778,0.7777777777777778,0.0,0.0,0.0,0.7777777777669753,56,16,0,0
sem_erro,mlp,queda,100,70,70,67,67,36,31,0,67,0,11,11,0.5970149253731343,0.5970149253731343,0.0,0.0,0.0,0.5970149253642236,40,27,0,0
sem_erro,mlp,queda,100,75,75,63,63,33,30,0,63,0,8,8,0.5555555555555556,0.5555555555555556,0.0,0.0,0.0,0.5555555555467372,35,28,0,0
sem_erro,mlp,queda,100,80,80,59,59,30,29,0,59,0,7,7,0.7288135593220338,0.7288135593220338,0.0,0.0,0.0,0.7288135593096812,43,16,0,0
sem_erro,mlp,queda,100,85,85,55,55,25,30,0,55,0,4,4,0.9090909090909091,0.9090909090909091,0.0,0.0,0.0,0.9090909090743802,50,5,0,0
sem_erro,mlp,queda,100,90,90,52,52,25,27,0,52,0,9,9,0.4807692307692308,0.4807692307692308,0.0,0.0,0.0,0.48076923075998523,25,27,0,0
sem_erro,mlp,queda,100,95,95,49,49,25,24,0,49,0,7,7,0.8163265306122449,0.8163265306122449,0.0,0.0,0.0,0.8163265305955852,40,9,0,0
sem_erro,mlp,queda,100,100,100,47,47,23,24,0,47,0,9,9,0.574468085106383,0.574468085106383,0.0,0.0,0.0,0.5744680850941603,27,20,0,0
sem_erro,random_forest,lacuna,20,5,5,947,947,211,736,0,947,0,0,0,1.0,1.0,0.0,0.0,0.0,0.9999999999989441,947,0,0,0
sem_erro,random_forest,lacuna,20,10,10,474,474,105,369,0,474,0,0,0,1.0,1.0,0.0,0.0,0.0,0.9999999999978904,474,0,0,0
sem_erro,random_forest,lacuna,20,15,15,316,316,71,245,0,316,0,0,0,1.0,1.0,0.0,0.0,0.0,0.9999999999968355,316,0,0,0
sem_erro,random_forest,lacuna,20,20,20,237,237,54,183,0,237,0,0,0,1.0,1.0,0.0,0.0,0.0,0.9999999999957806,237,0,0,0
sem_erro,random_forest,lacuna,30,5,5,945,945,247,698,0,945,0,0,0,1.0,1.0,0.0,0.0,0.0,0.9999999999989418,945,0,0,0
sem_erro,random_forest,lacuna,30,10,10,473,473,123,350,0,473,0,0,0,1.0,1.0,0.0,0.0,0.0,0.9999999999978858,473,0,0,0
sem_erro,random_forest,lacuna,30,15,15,315,315,80,235,0,315,0,0,0,1.0,1.0,0.0,0.0,0.0,0.9999999999968254,315,0,0,0
sem_erro,random_forest,lacuna,30,20,20,237,237,63,174,0,237,0,0,0,1.0,1.0,0.0,0.0,0.0,0.9999999999957806,237,0,0,0
sem_erro,random_forest,lacuna,30,25,25,189,189,50,139,0,189,0,0,0,1.0,1.0,0.0,0.0,0.0,0.999999999994709,189,0,0,0
sem_erro,random_forest,lacuna,30,30,30,158,158,41,117,0,158,0,0,0,1.0,1.0,0.0,0.0,0.0,0.999999999993671,158,0,0,0
sem_erro,random_forest,lacuna,40,5,5,943,943,281,662,0,943,0,0,0,1.0,1.0,0.0,0.0,0.0,0.9999999999989395,943,0,0,0
sem_erro,random_forest,lacuna,40,10,10,472,472,140,332,0,472,0,0,0,1.0,1.0,0.0,0.0,0.0,0.9999999999978814,472,0,0,0
sem_erro,random_forest,lacuna,40,15,15,315,315,94,221,0,315,0,0,0,1.0,1.0,0.0,0.0,0.0,0.9999999999968254,315,0,0,0
sem_erro,random_forest,lacuna,40,20,20,236,236,71,165,0,236,0,0,0,1.0,1.0,0.0,0.0,0.0,0.9999999999957627,236,0,0,0
sem_erro,random_forest,lacuna,40,25,25,189,189,55,134,0,189,0,0,0,1.0,1.0,0.0,0.0,0.0,0.999999999994709,189,0,0,0
sem_erro,random_forest,lacuna,40,30,30,158,158,46,112,0,158,0,0,0,1.0,1.0,0.0,0.0,0.0,0.999999999993671,158,0,0,0
sem_erro,random_forest,lacuna,40,35,35,135,135,40,95,0,135,0,0,0,1.0,1.0,0.0,0.0,0.0,0.9999999999925927,135,0,0,0
sem_erro,random_forest,lacuna,40,40,40,118,118,37,81,0,118,0,0,0,1.0,1.0,0.0,0.0,0.0,0.9999999999915254,118,0,0,0
sem_erro,random_forest,lacuna,50,5,5,941,941,314,627,0,941,0,0,0,1.0,1.0,0.0,0.0,0.0,0.9999999999989373,941,0,0,0
sem_erro,random_forest,lacuna,50,10,10,471,471,157,314,0,471,0,0,0,1.0,1.0,0.0,0.0,0.0,0.9999999999978769,471,0,0,0
sem_erro,random_forest,lacuna,50,15,15,314,314,106,208,0,314,0,0,0,1.0,1.0,0.0,0.0,0.0,0.9999999999968153,314,0,0,0
sem_erro,random_forest,lacuna,50,20,20,236,236,80,156,0,236,0,0,0,1.0,1.0,0.0,0.0,0.0,0.9999999999957627,236,0,0,0
sem_erro,random_forest,lacuna,50,25,25,189,189,67,122,0,189,0,0,0,1.0,1.0,0.0,0.0,0.0,0.999999999994709,189,0,0,0
sem_erro,random_forest,lacuna,50,30,30,157,157,53,104,0,157,0,0,0,1.0,1.0,0.0,0.0,0.0,0.9999999999936307,157,0,0,0
sem_erro,random_forest,lacuna,50,35,35,135,135,45,90,0,135,0,0,0,1.0,1.0,0.0,0.0,0.0,0.9999999999925927,135,0,0,0
sem_erro,random_forest,lacuna,50,40,40,118,118,40,78,0,118,0,0,0,1.0,1.0,0.0,0.0,0.0,0.9999999999915254,118,0,0,0
sem_erro,random_forest,lacuna,50,45,45,105,105,33,72,0,105,0,0,0,1.0,1.0,0.0,0.0,0.0,0.9999999999904762,105,0,0,0
sem_erro,random_forest,lacuna,50,50,50,95,95,34,61,0,95,0,0,0,1.0,1.0,0.0,0.0,0.0,0.9999999999894736,95,0,0,0
sem_erro,random_forest,lacuna,60,5,5,939,939,346,593,0,939,0,0,0,1.0,1.0,0.0,0.0,0.0,0.9999999999989351,939,0,0,0
sem_erro,random_forest,lacuna,60,10,10,470,470,173,297,0,470,0,0,0,1.0,1.0,0.0,0.0,0.0,0.9999999999978724,470,0,0,0
sem_erro,random_forest,lacuna,60,15,15,313,313,113,200,0,313,0,0,0,1.0,1.0,0.0,0.0,0.0,0.9999999999968051,313,0,0,0
sem_erro,random_forest,lacuna,60,20,20,235,235,87,148,0,235,0,0,0,1.0,1.0,0.0,0.0,0.0,0.9999999999957447,235,0,0,0
sem_erro,random_forest,lacuna,60,25,25,188,188,69,119,0,188,0,0,0,1.0,1.0,0.0,0.0,0.0,0.9999999999946809,188,0,0,0
sem_erro,random_forest,lacuna,60,30,30,157,157,57,100,0,157,0,0,0,1.0,1.0,0.0,0.0,0.0,0.9999999999936307,157,0,0,0
sem_erro,random_forest,lacuna,60,35,35,135,135,52,83,0,135,0,0,0,1.0,1.0,0.0,0.0,0.0,0.9999999999925927,135,0,0,0
sem_erro,random_forest,lacuna,60,40,40,118,118,43,75,0,118,0,0,0,1.0,1.0,0.0,0.0,0.0,0.9999999999915254,118,0,0,0
sem_erro,random_forest,lacuna,60,45,45,105,105,37,68,0,105,0,0,0,1.0,1.0,0.0,0.0,0.0,0.9999999999904762,105,0,0,0
sem_erro,random_forest,lacuna,60,50,50,94,94,35,59,0,94,0,0,0,1.0,1.0,0.0,0.0,0.0,0.9999999999893616,94,0,0,0
sem_erro,random_forest,lacuna,60,55,55,86,86,33,53,0,86,0,0,0,1.0,1.0,0.0,0.0,0.0,0.9999999999883721,86,0,0,0
sem_erro,random_forest,lacuna,60,60,60,79,79,30,49,0,79,0,0,0,1.0,1.0,0.0,0.0,0.0,0.9999999999873417,79,0,0,0
sem_erro,random_forest,lacuna,70,5,5,937,937,377,560,0,937,0,0,0,1.0,1.0,0.0,0.0,0.0,0.9999999999989327,937,0,0,0
sem_erro,random_forest,lacuna,70,10,10,469,469,189,280,0,469,0,0,0,1.0,1.0,0.0,0.0,0.0,0.9999999999978678,469,0,0,0
sem_erro,random_forest,lacuna,70,15,15,313,313,126,187,0,313,0,0,0,1.0,1.0,0.0,0.0,0.0,0.9999999999968051,313,0,0,0
sem_erro,random_forest,lacuna,70,20,20,235,235,96,139,0,235,0,0,0,1.0,1.0,0.0,0.0,0.0,0.9999999999957447,235,0,0,0
sem_erro,random_forest,lacuna,70,25,25,188,188,76,112,0,188,0,0,0,1.0,1.0,0.0,0.0,0.0,0.9999999999946809,188,0,0,0
sem_erro,random_forest,lacuna,70,30,30,157,157,62,95,0,157,0,0,0,1.0,1.0,0.0,0.0,0.0,0.9999999999936307,157,0,0,0
sem_erro,random_forest,lacuna,70,35,35,134,134,55,79,0,134,0,0,0,1.0,1.0,0.0,0.0,0.0,0.9999999999925374,134,0,0,0
sem_erro,random_forest,lacuna,70,40,40,118,118,49,69,0,118,0,0,0,1.0,1.0,0.0,0.0,0.0,0.9999999999915254,118,0,0,0
sem_erro,random_forest,lacuna,70,45,45,105,105,43,62,0,105,0,0,0,1.0,1.0,0.0,0.0,0.0,0.9999999999904762,105,0,0,0
sem_erro,random_forest,lacuna,70,50,50,94,94,38,56,0,94,0,0,0,1.0,1.0,0.0,0.0,0.0,0.9999999999893616,94,0,0,0
sem_erro,random_forest,lacuna,70,55,55,86,86,36,50,0,86,0,0,0,1.0,1.0,0.0,0.0,0.0,0.9999999999883721,86,0,0,0
sem_erro,random_forest,lacuna,70,60,60,79,79,33,46,0,79,0,0,0,1.0,1.0,0.0,0.0,0.0,0.9999999999873417,79,0,0,0
sem_erro,random_forest,lacuna,70,65,65,73,73,28,45,0,73,0,0,0,1.0,1.0,0.0,0.0,0.0,0.9999999999863013,73,0,0,0
sem_erro,random_forest,lacuna,70,70,70,67,67,30,37,0,67,0,0,0,1.0,1.0,0.0,0.0,0.0,0.9999999999850746,67,0,0,0
sem_erro,random_forest,lacuna,80,5,5,935,935,407,528,0,935,0,0,0,1.0,1.0,0.0,0.0,0.0,0.9999999999989305,935,0,0,0
sem_erro,random_forest,lacuna,80,10,10,468,468,204,264,0,468,0,0,0,1.0,1.0,0.0,0.0,0.0,0.9999999999978633,468,0,0,0
sem_erro,random_forest,lacuna,80,15,15,312,312,137,175,0,312,0,0,0,1.0,1.0,0.0,0.0,0.0,0.9999999999967949,312,0,0,0
sem_erro,random_forest,lacuna,80,20,20,234,234,103,131,0,234,0,0,0,1.0,1.0,0.0,0.0,0.0,0.9999999999957265,234,0,0,0
sem_erro,random_forest,lacuna,80,25,25,187,187,82,105,0,187,0,0,0,1.0,1.0,0.0,0.0,0.0,0.9999999999946525,187,0,0,0
sem_erro,random_forest,lacuna,80,30,30,156,156,68,88,0,156,0,0,0,1.0,1.0,0.0,0.0,0.0,0.9999999999935898,156,0,0,0
sem_erro,random_forest,lacuna,80,35,35,134,134,56,78,0,134,0,0,0,1.0,1.0,0.0,0.0,0.0,0.9999999999925374,134,0,0,0
sem_erro,random_forest,lacuna,80,40,40,117,117,53,64,0,117,0,0,0,1.0,1.0,0.0,0.0,0.0,0.999999999991453,117,0,0,0
sem_erro,random_forest,lacuna,80,45,45,104,104,43,61,0,104,0,0,0,1.0,1.0,0.0,0.0,0.0,0.9999999999903846,104,0,0,0
sem_erro,random_forest,lacuna,80,50,50,94,94,41,53,0,94,0,0,0,1.0,1.0,0.0,0.0,0.0,0.9999999999893616,94,0,0,0
sem_erro,random_forest,lacuna,80,55,55,85,85,37,48,0,85,0,0,0,1.0,1.0,0.0,0.0,0.0,0.9999999999882353,85,0,0,0
sem_erro,random_forest,lacuna,80,60,60,78,78,35,43,0,78,0,0,0,1.0,1.0,0.0,0.0,0.0,0.9999999999871795,78,0,0,0
sem_erro,random_forest,lacuna,80,65,65,72,72,29,43,0,72,0,0,0,1.0,1.0,0.0,0.0,0.0,0.9999999999861111,72,0,0,0
sem_erro,random_forest,lacuna,80,70,70,67,67,30,37,0,67,0,1,1,0.9850746268656716,0.9850746268656716,0.0,0.0,0.0,0.985074626850969,66,1,0,0
sem_erro,random_forest,lacuna,80,75,75,63,63,26,37,0,63,0,0,0,1.0,1.0,0.0,0.0,0.0,0.999999999984127,63,0,0,0
sem_erro,random_forest,lacuna,80,80,80,59,59,25,34,0,59,0,2,2,0.9661016949152542,0.9661016949152542,0.0,0.0,0.0,0.9661016948988796,57,2,0,0
sem_erro,random_forest,lacuna,90,5,5,933,933,436,497,0,933,0,0,0,1.0,1.0,0.0,0.0,0.0,0.9999999999989282,933,0,0,0
sem_erro,random_forest,lacuna,90,10,10,467,467,219,248,0,467,0,0,0,1.0,1.0,0.0,0.0,0.0,0.9999999999978587,467,0,0,0
sem_erro,random_forest,lacuna,90,15,15,311,311,143,168,0,311,0,0,0,1.0,1.0,0.0,0.0,0.0,0.9999999999967846,311,0,0,0
sem_erro,random_forest,lacuna,90,20,20,234,234,111,123,0,234,0,0,0,1.0,1.0,0.0,0.0,0.0,0.9999999999957265,234,0,0,0
sem_erro,random_forest,lacuna,90,25,25,187,187,86,101,0,187,0,0,0,1.0,1.0,0.0,0.0,0.0,0.9999999999946525,187,0,0,0
sem_erro,random_forest,lacuna,90,30,30,156,156,72,84,0,156,0,0,0,1.0,1.0,0.0,0.0,0.0,0.9999999999935898,156,0,0,0
sem_erro,random_forest,lacuna,90,35,35,134,134,64,70,0,134,0,1,1,0.9925373134328358,0.9925373134328358,0.0,0.0,0.0,0.992537313425429,133,1,0,0
sem_erro,random_forest,lacuna,90,40,40,117,117,56,61,0,117,0,0,0,1.0,1.0,0.0,0.0,0.0,0.999999999991453,117,0,0,0
sem_erro,random_forest,lacuna,90,45,45,104,104,45,59,0,104,0,0,0,1.0,1.0,0.0,0.0,0.0,0.9999999999903846,104,0,0,0
sem_erro,random_forest,lacuna,90,50,50,94,94,44,50,0,94,0,0,0,1.0,1.0,0.0,0.0,0.0,0.9999999999893616,94,0,0,0
sem_erro,random_forest,lacuna,90,55,55,85,85,42,43,0,85,0,0,0,1.0,1.0,0.0,0.0,0.0,0.9999999999882353,85,0,0,0
sem_erro,random_forest,lacuna,90,60,60,78,78,36,42,0,78,0,0,0,1.0,1.0,0.0,0.0,0.0,0.9999999999871795,78,0,0,0
sem_erro,random_forest,lacuna,90,65,65,72,72,33,39,0,72,0,0,0,1.0,1.0,0.0,0.0,0.0,0.9999999999861111,72,0,0,0
sem_erro,random_forest,lacuna,90,70,70,67,67,33,34,0,67,0,0,0,1.0,1.0,0.0,0.0,0.0,0.9999999999850746,67,0,0,0
sem_erro,random_forest,lacuna,90,75,75,63,63,28,35,0,63,0,0,0,1.0,1.0,0.0,0.0,0.0,0.999999999984127,63,0,0,0
sem_erro,random_forest,lacuna,90,80,80,59,59,26,33,0,59,0,3,3,0.9491525423728814,0.9491525423728814,0.0,0.0,0.0,0.949152542356794,56,3,0,0
sem_erro,random_forest,lacuna,90,85,85,55,55,27,28,0,55,0,2,2,0.9636363636363636,0.9636363636363636,0.0,0.0,0.0,0.9636363636188431,53,2,0,0
sem_erro,random_forest,lacuna,90,90,90,52,52,23,29,0,52,0,2,2,0.9615384615384616,0.9615384615384616,0.0,0.0,0.0,0.9615384615199705,50,2,0,0
sem_erro,random_forest,lacuna,100,5,5,931,931,463,468,0,931,0,0,0,1.0,1.0,0.0,0.0,0.0,0.9999999999989259,931,0,0,0
sem_erro,random_forest,lacuna,100,10,10,466,466,232,234,0,466,0,0,0,1.0,1.0,0.0,0.0,0.0,0.999999999997854,466,0,0,0
sem_erro,random_forest,lacuna,100,15,15,311,311,155,156,0,311,0,0,0,1.0,1.0,0.0,0.0,0.0,0.9999999999967846,311,0,0,0
sem_erro,random_forest,lacuna,100,20,20,233,233,116,117,0,233,0,3,3,0.9871244635193133,0.9871244635193133,0.0,0.0,0.0,0.9871244635150768,230,3,0,0
sem_erro,random_forest,lacuna,100,25,25,187,187,97,90,0,187,0,0,0,1.0,1.0,0.0,0.0,0.0,0.9999999999946525,187,0,0,0
sem_erro,random_forest,lacuna,100,30,30,156,156,77,79,0,156,0,0,0,1.0,1.0,0.0,0.0,0.0,0.9999999999935898,156,0,0,0
sem_erro,random_forest,lacuna,100,35,35,133,133,67,66,0,133,0,3,3,0.9624060150375939,0.9624060150375939,0.0,0.0,0.0,0.9624060150303579,128,5,0,0
sem_erro,random_forest,lacuna,100,40,40,117,117,57,60,0,117,0,1,1,0.9914529914529915,0.9914529914529915,0.0,0.0,0.0,0.9914529914445175,116,1,0,0
sem_erro,random_forest,lacuna,100,45,45,104,104,50,54,0,104,0,1,1,0.9903846153846154,0.9903846153846154,0.0,0.0,0.0,0.9903846153750924,103,1,0,0
sem_erro,random_forest,lacuna,100,50,50,94,94,49,45,0,94,0,0,0,1.0,1.0,0.0,0.0,0.0,0.9999999999893616,94,0,0,0
sem_erro,random_forest,lacuna,100,55,55,85,85,43,42,0,85,0,0,0,1.0,1.0,0.0,0.0,0.0,0.9999999999882353,85,0,0,0
sem_erro,random_forest,lacuna,100,60,60,78,78,38,40,0,78,0,3,3,0.9487179487179487,0.9487179487179487,0.0,0.0,0.0,0.9487179487057856,74,4,0,0
sem_erro,random_forest,lacuna,100,65,65,72,72,34,38,0,72,0,0,0,1.0,1.0,0.0,0.0,0.0,0.9999999999861111,72,0,0,0
sem_erro,random_forest,lacuna,100,70,70,67,67,33,34,0,67,0,3,3,0.9552238805970149,0.9552238805970149,0.0,0.0,0.0,0.9552238805827578,64,3,0,0
sem_erro,random_forest,lacuna,100,75,75,63,63,33,30,0,63,0,0,0,1.0,1.0,0.0,0.0,0.0,0.999999999984127,63,0,0,0
sem_erro,random_forest,lacuna,100,80,80,59,59,27,32,0,59,0,2,2,0.9491525423728814,0.9491525423728814,0.0,0.0,0.0,0.949152542356794,56,3,0,0
sem_erro,random_forest,lacuna,100,85,85,55,55,28,27,0,55,0,2,2,0.9636363636363636,0.9636363636363636,0.0,0.0,0.0,0.9636363636188431,53,2,0,0
sem_erro,random_forest,lacuna,100,90,90,52,52,25,27,0,52,0,1,1,0.9807692307692307,0.9807692307692307,0.0,0.0,0.0,0.9807692307503699,51,1,0,0
sem_erro,random_forest,lacuna,100,95,95,49,49,22,27,0,49,0,0,0,1.0,1.0,0.0,0.0,0.0,0.9999999999795919,49,0,0,0
sem_erro,random_forest,lacuna,100,100,100,47,47,23,24,0,47,0,2,2,0.8723404255319149,0.8723404255319149,0.0,0.0,0.0,0.8723404255133546,41,6,0,0
sem_erro,random_forest,oscilacao,20,5,5,947,947,397,550,0,947,0,9,9,0.9588173178458289,0.9588173178458289,0.0,0.0,0.0,0.9588173178448165,908,39,0,0
sem_erro,random_forest,oscilacao,20,10,10,474,474,200,274,0,474,0,6,6,0.9578059071729957,0.9578059071729957,0.0,0.0,0.0,0.9578059071709751,454,20,0,0
sem_erro,random_forest,oscilacao,20,15,15,316,316,135,181,0,316,0,8,8,0.9462025316455697,0.9462025316455697,0.0,0.0,0.0,0.9462025316425754,299,17,0,0
sem_erro,random_forest,oscilacao,20,20,20,237,237,100,137,0,237,0,7,7,0.9409282700421941,0.9409282700421941,0.0,0.0,0.0,0.940928270038224,223,14,0,0
sem_erro,random_forest,oscilacao,30,5,5,945,945,438,507,0,945,0,19,19,0.9312169312169312,0.9312169312169312,0.0,0.0,0.0,0.9312169312159458,880,65,0,0
sem_erro,random_forest,oscilacao,30,10,10,473,473,220,253,0,473,0,15,15,0.9302325581395349,0.9302325581395349,0.0,0.0,0.0,0.9302325581375682,440,33,0,0
sem_erro,random_forest,oscilacao,30,15,15,315,315,145,170,0,315,0,10,10,0.926984126984127,0.926984126984127,0.0,0.0,0.0,0.9269841269811842,292,23,0,0
sem_erro,random_forest,oscilacao,30,20,20,237,237,112,125,0,237,0,10,10,0.9282700421940928,0.9282700421940928,0.0,0.0,0.0,0.9282700421901762,220,17,0,0
sem_erro,random_forest,oscilacao,30,25,25,189,189,88,101,0,189,0,15,15,0.8835978835978836,0.8835978835978836,0.0,0.0,0.0,0.8835978835932086,167,22,0,0
sem_erro,random_forest,oscilacao,30,30,30,158,158,70,88,0,158,0,9,9,0.9177215189873418,0.9177215189873418,0.0,0.0,0.0,0.9177215189815334,145,13,0,0
sem_erro,random_forest,oscilacao,40,5,5,943,943,478,465,0,943,0,18,18,0.9077412513255567,0.9077412513255567,0.0,0.0,0.0,0.9077412513245942,856,87,0,0
sem_erro,random_forest,oscilacao,40,10,10,472,472,240,232,0,472,0,18,18,0.9004237288135594,0.9004237288135594,0.0,0.0,0.0,0.9004237288116517,425,47,0,0
sem_erro,random_forest,oscilacao,40,15,15,315,315,162,153,0,315,0,14,14,0.8920634920634921,0.8920634920634921,0.0,0.0,0.0,0.8920634920606602,281,34,0,0
sem_erro,random_forest,oscilacao,40,20,20,236,236,120,116,0,236,0,17,17,0.8601694915254238,0.8601694915254238,0.0,0.0,0.0,0.860169491521779,203,33,0,0
sem_erro,random_forest,oscilacao,40,25,25,189,189,94,95,0,189,0,16,16,0.8624338624338624,0.8624338624338624,0.0,0.0,0.0,0.8624338624292993,163,26,0,0
sem_erro,random_forest,oscilacao,40,30,30,158,158,78,80,0,158,0,12,12,0.879746835443038,0.879746835443038,0.0,0.0,0.0,0.87974683543747,139,19,0,0
sem_erro,random_forest,oscilacao,40,35,35,135,135,69,66,0,135,0,14,14,0.8444444444444444,0.8444444444444444,0.0,0.0,0.0,0.8444444444381893,114,21,0,0
sem_erro,random_forest,oscilacao,40,40,40,118,118,62,56,0,118,0,13,13,0.8135593220338984,0.8135593220338984,0.0,0.0,0.0,0.8135593220270038,96,22,0,0
sem_erro,random_forest,oscilacao,50,5,5,941,941,518,423,0,941,0,29,29,0.873538788522848,0.873538788522848,0.0,0.0,0.0,0.8735387885219197,822,119,0,0
sem_erro,random_forest,oscilacao,50,10,10,471,471,260,211,0,471,0,24,24,0.8577494692144374,0.8577494692144374,0.0,0.0,0.0,0.8577494692126163,404,67,0,0
sem_erro,random_forest,oscilacao,50,15,15,314,314,175,139,0,314,0,22,22,0.802547770700637,0.802547770700637,0.0,0.0,0.0,0.802547770698081,252,62,0,0
sem_erro,random_forest,oscilacao,50,20,20,236,236,132,104,0,236,0,20,20,0.788135593220339,0.788135593220339,0.0,0.0,0.0,0.7881355932169994,186,50,0,0
sem_erro,random_forest,oscilacao,50,25,25,189,189,104,85,0,189,0,19,19,0.7619047619047619,0.7619047619047619,0.0,0.0,0.0,0.7619047619007308,144,45,0,0
sem_erro,random_forest,oscilacao,50,30,30,157,157,86,71,0,157,0,13,13,0.7707006369426752,0.7707006369426752,0.0,0.0,0.0,0.7707006369377662,121,36,0,0
sem_erro,random_forest,oscilacao,50,35,35,135,135,75,60,0,135,0,17,17,0.7777777777777778,0.7777777777777778,0.0,0.0,0.0,0.7777777777720165,105,30,0,0
sem_erro,random_forest,oscilacao,50,40,40,118,118,67,51,0,118,0,18,18,0.711864406779661,0.711864406779661,0.0,0.0,0.0,0.7118644067736283,84,34,0,0
sem_erro,random_forest,oscilacao,50,45,45,105,105,57,48,0,105,0,12,12,0.7428571428571429,0.7428571428571429,0.0,0.0,0.0,0.742857142850068,78,27,0,0
sem_erro,random_forest,oscilacao,50,50,50,95,95,52,43,0,95,0,12,12,0.7157894736842105,0.7157894736842105,0.0,0.0,0.0,0.7157894736766759,68,27,0,0
sem_erro,random_forest,oscilacao,60,5,5,939,939,555,384,0,939,0,40,40,0.7838125665601704,0.7838125665601704,0.0,0.0,0.0,0.7838125665593356,736,203,0,0
sem_erro,random_forest,oscilacao,60,10,10,470,470,278,192,0,470,0,33,33,0.774468085106383,0.774468085106383,0.0,0.0,0.0,0.7744680851047352,364,106,0,0
sem_erro,random_forest,oscilacao,60,15,15,313,313,184,129,0,313,0,26,26,0.6996805111821086,0.6996805111821086,0.0,0.0,0.0,0.6996805111798733,219,94,0,0
sem_erro,random_forest,oscilacao,60,20,20,235,235,139,96,0,235,0,20,20,0.7276595744680852,0.7276595744680852,0.0,0.0,0.0,0.7276595744649887,171,64,0,0
sem_erro,random_forest,oscilacao,60,25,25,188,188,110,78,0,188,0,17,17,0.723404255319149,0.723404255319149,0.0,0.0,0.0,0.7234042553153011,136,52,0,0
sem_erro,random_forest,oscilacao,60,30,30,157,157,90,67,0,157,0,15,15,0.7006369426751592,0.7006369426751592,0.0,0.0,0.0,0.7006369426706966,110,47,0,0
sem_erro,random_forest,oscilacao,60,35,35,135,135,81,54,0,135,0,18,18,0.6370370370370371,0.6370370370370371,0.0,0.0,0.0,0.6370370370323183,86,49,0,0
sem_erro,random_forest,oscilacao,60,40,40,118,118,72,46,0,118,0,14,14,0.635593220338983,0.635593220338983,0.0,0.0,0.0,0.6355932203335967,75,43,0,0
sem_erro,random_forest,oscilacao,60,45,45,105,105,61,44,0,105,0,11,11,0.6952380952380952,0.6952380952380952,0.0,0.0,0.0,0.695238095231474,73,32,0,0
sem_erro,random_forest,oscilacao,60,50,50,94,94,56,38,0,94,0,15,15,0.574468085106383,0.574468085106383,0.0,0.0,0.0,0.5744680851002716,54,40,0,0
sem_erro,random_forest,oscilacao,60,55,55,86,86,52,34,0,86,0,13,13,0.5813953488372093,0.5813953488372093,0.0,0.0,0.0,0.5813953488304489,50,36,0,0
sem_erro,random_forest,oscilacao,60,60,60,79,79,45,34,0,79,0,9,9,0.6455696202531646,0.6455696202531646,0.0,0.0,0.0,0.6455696202449928,51,28,0,0
sem_erro,random_forest,oscilacao,70,5,5,937,937,586,351,0,937,0,47,47,0.7011739594450374,0.7011739594450374,0.0,0.0,0.0,0.7011739594442891,657,280,0,0
sem_erro,random_forest,oscilacao,70,10,10,469,469,293,176,0,469,0,32,32,0.6631130063965884,0.6631130063965884,0.0,0.0,0.0,0.6631130063951746,311,158,0,0
sem_erro,random_forest,oscilacao,70,15,15,313,313,197,116,0,313,0,21,21,0.5846645367412141,0.5846645367412141,0.0,0.0,0.0,0.5846645367393462,183,130,0,0
sem_erro,random_forest,oscilacao,70,20,20,235,235,148,87,0,235,0,20,20,0.6,0.6,0.0,0.0,0.0,0.5999999999974468,141,94,0,0
sem_erro,random_forest,oscilacao,70,25,25,188,188,117,71,0,188,0,20,20,0.5851063829787234,0.5851063829787234,0.0,0.0,0.0,0.5851063829756111,110,78,0,0
sem_erro,random_forest,oscilacao,70,30,30,157,157,97,60,0,157,0,14,14,0.643312101910828,0.643312101910828,0.0,0.0,0.0,0.6433121019067305,101,56,0,0
sem_erro,random_forest,oscilacao,70,35,35,134,134,84,50,0,134,0,14,14,0.5746268656716418,0.5746268656716418,0.0,0.0,0.0,0.5746268656673535,77,57,0,0
sem_erro,random_forest,oscilacao,70,40,40,118,118,76,42,0,118,0,14,14,0.5508474576271186,0.5508474576271186,0.0,0.0,0.0,0.5508474576224505,65,53,0,0
sem_erro,random_forest,oscilacao,70,45,45,105,105,64,41,0,105,0,14,14,0.5333333333333333,0.5333333333333333,0.0,0.0,0.0,0.533333333328254,56,49,0,0
sem_erro,random_forest,oscilacao,70,50,50,94,94,57,37,0,94,0,13,13,0.5425531914893617,0.5425531914893617,0.0,0.0,0.0,0.5425531914835898,51,43,0,0
sem_erro,random_forest,oscilacao,70,55,55,86,86,53,33,0,86,0,14,14,0.5348837209302325,0.5348837209302325,0.0,0.0,0.0,0.5348837209240129,46,40,0,0
sem_erro,random_forest,oscilacao,70,60,60,79,79,48,31,0,79,0,9,9,0.6075949367088608,0.6075949367088608,0.0,0.0,0.0,0.6075949367011697,48,31,0,0
sem_erro,random_forest,oscilacao,70,65,65,73,73,46,27,0,73,0,8,8,0.5342465753424658,0.5342465753424658,0.0,0.0,0.0,0.5342465753351473,39,34,0,0
sem_erro,random_forest,oscilacao,70,70,70,67,67,41,26,0,67,0,10,10,0.6567164179104478,0.6567164179104478,0.0,0.0,0.0,0.6567164179006459,44,23,0,0
sem_erro,random_forest,oscilacao,80,5,5,935,935,613,322,0,935,0,35,35,0.6096256684491979,0.6096256684491979,0.0,0.0,0.0,0.6096256684485458,570,365,0,0
sem_erro,random_forest,oscilacao,80,10,10,468,468,306,162,0,468,0,26,26,0.5747863247863247,0.5747863247863247,0.0,0.0,0.0,0.5747863247850966,269,199,0,0
sem_erro,random_forest,oscilacao,80,15,15,312,312,207,105,0,312,0,22,22,0.5192307692307693,0.5192307692307693,0.0,0.0,0.0,0.519230769229105,162,150,0,0
sem_erro,random_forest,oscilacao,80,20,20,234,234,152,82,0,234,0,17,17,0.5470085470085471,0.5470085470085471,0.0,0.0,0.0,0.5470085470062094,128,106,0,0
sem_erro,random_forest,oscilacao,80,25,25,187,187,123,64,0,187,0,15,15,0.4919786096256685,0.4919786096256685,0.0,0.0,0.0,0.4919786096230376,92,95,0,0
sem_erro,random_forest,oscilacao,80,30,30,156,156,102,54,0,156,0,16,16,0.5,0.5,0.0,0.0,0.0,0.4999999999967949,78,78,0,0
sem_erro,random_forest,oscilacao,80,35,35,134,134,86,48,0,134,0,14,14,0.5373134328358209,0.5373134328358209,0.0,0.0,0.0,0.5373134328318111,72,62,0,0
sem_erro,random_forest,oscilacao,80,40,40,117,117,77,40,0,117,0,14,14,0.452991452991453,0.452991452991453,0.0,0.0,0.0,0.45299145298758126,53,64,0,0
sem_erro,random_forest,oscilacao,80,45,45,104,104,69,35,0,104,0,14,14,0.49038461538461536,0.49038461538461536,0.0,0.0,0.0,0.49038461537990014,51,53,0,0
sem_erro,random_forest,oscilacao,80,50,50,94,94,59,35,0,94,0,12,12,0.5319148936170213,0.5319148936170213,0.0,0.0,0.0,0.5319148936113626,50,44,0,0
sem_erro,random_forest,oscilacao,80,55,55,85,85,57,28,0,85,0,9,9,0.43529411764705883,0.43529411764705883,0.0,0.0,0.0,0.4352941176419377,37,48,0,0
sem_erro,random_forest,oscilacao,80,60,60,78,78,49,29,0,78,0,12,12,0.5384615384615384,0.5384615384615384,0.0,0.0,0.0,0.5384615384546351,42,36,0,0
sem_erro,random_forest,oscilacao,80,65,65,72,72,48,24,0,72,0,10,10,0.4861111111111111,0.4861111111111111,0.0,0.0,0.0,0.48611111110435956,35,37,0,0
sem_erro,random_forest,oscilacao,80,70,70,67,67,41,26,0,67,0,8,8,0.6716417910447762,0.6716417910447762,0.0,0.0,0.0,0.6716417910347516,45,22,0,0
sem_erro,random_forest,oscilacao,80,75,75,63,63,44,19,0,63,0,8,8,0.3968253968253968,0.3968253968253968,0.0,0.0,0.0,0.396825396819098,25,38,0,0
sem_erro,random_forest,oscilacao,80,80,80,59,59,40,19,0,59,0,10,10,0.4406779661016949,0.4406779661016949,0.0,0.0,0.0,0.4406779660942258,26,33,0,0
sem_erro,random_forest,oscilacao,90,5,5,933,933,638,295,0,933,0,29,29,0.5166130760986066,0.5166130760986066,0.0,0.0,0.0,0.516613076098053,482,451,0,0
sem_erro,random_forest,oscilacao,90,10,10,467,467,319,148,0,467,0,19,19,0.5032119914346895,0.5032119914346895,0.0,0.0,0.0,0.503211991433612,235,232,0,0
sem_erro,random_forest,oscilacao,90,15,15,311,311,213,98,0,311,0,20,20,0.4790996784565916,0.4790996784565916,0.0,0.0,0.0,0.47909967845505114,149,162,0,0
sem_erro,random_forest,oscilacao,90,20,20,234,234,161,73,0,234,0,15,15,0.45726495726495725,0.45726495726495725,0.0,0.0,0.0,0.45726495726300315,107,127,0,0
sem_erro,random_forest,oscilacao,90,25,25,187,187,127,60,0,187,0,14,14,0.48128342245989303,0.48128342245989303,0.0,0.0,0.0,0.48128342245731937,90,97,0,0
sem_erro,random_forest,oscilacao,90,30,30,156,156,104,52,0,156,0,11,11,0.47435897435897434,0.47435897435897434,0.0,0.0,0.0,0.4743589743559336,74,82,0,0
sem_erro,random_forest,oscilacao,90,35,35,134,134,91,43,0,134,0,14,14,0.4552238805970149,0.4552238805970149,0.0,0.0,0.0,0.4552238805936178,61,73,0,0
sem_erro,random_forest,oscilacao,90,40,40,117,117,82,35,0,117,0,13,13,0.38461538461538464,0.38461538461538464,0.0,0.0,0.0,0.38461538461209727,45,72,0,0
sem_erro,random_forest,oscilacao,90,45,45,104,104,72,32,0,104,0,11,11,0.4326923076923077,0.4326923076923077,0.0,0.0,0.0,0.43269230768814715,45,59,0,0
sem_erro,random_forest,oscilacao,90,50,50,94,94,61,33,0,94,0,13,13,0.5106382978723404,0.5106382978723404,0.0,0.0,0.0,0.5106382978669081,48,46,0,0
sem_erro,random_forest,oscilacao,90,55,55,85,85,59,26,0,85,0,7,7,0.32941176470588235,0.32941176470588235,0.0,0.0,0.0,0.3294117647020069,28,57,0,0
sem_erro,random_forest,oscilacao,90,60,60,78,78,51,27,0,78,0,10,10,0.47435897435897434,0.47435897435897434,0.0,0.0,0.0,0.4743589743528928,37,41,0,0
sem_erro,random_forest,oscilacao,90,65,65,72,72,49,23,0,72,0,10,10,0.3611111111111111,0.3611111111111111,0.0,0.0,0.0,0.3611111111060957,26,46,0,0
sem_erro,random_forest,oscilacao,90,70,70,67,67,44,23,0,67,0,12,12,0.5373134328358209,0.5373134328358209,0.0,0.0,0.0,0.5373134328278013,36,31,0,0
sem_erro,random_forest,oscilacao,90,75,75,63,63,45,18,0,63,0,12,12,0.30158730158730157,0.30158730158730157,0.0,0.0,0.0,0.3015873015825145,19,44,0,0
sem_erro,random_forest,oscilacao,90,80,80,59,59,43,16,0,59,0,9,9,0.4406779661016949,0.4406779661016949,0.0,0.0,0.0,0.4406779660942258,26,33,0,0
sem_erro,random_forest,oscilacao,90,85,85,55,55,38,17,0,55,0,5,5,0.3090909090909091,0.3090909090909091,0.0,0.0,0.0,0.3090909090852893,17,38,0,0
sem_erro,random_forest,oscilacao,90,90,90,52,52,37,15,0,52,0,6,6,0.34615384615384615,0.34615384615384615,0.0,0.0,0.0,0.34615384614718936,18,34,0,0
sem_erro,random_forest,oscilacao,100,5,5,931,931,662,269,0,931,0,26,26,0.46938775510204084,0.46938775510204084,0.0,0.0,0.0,0.46938775510153663,437,494,0,0
sem_erro,random_forest,oscilacao,100,10,10,466,466,331,135,0,466,0,23,23,0.45278969957081544,0.45278969957081544,0.0,0.0,0.0,0.45278969956984383,211,255,0,0
sem_erro,random_forest,oscilacao,100,15,15,311,311,222,89,0,311,0,17,17,0.4437299035369775,0.4437299035369775,0.0,0.0,0.0,0.4437299035355507,138,173,0,0
sem_erro,random_forest,oscilacao,100,20,20,233,233,164,69,0,233,0,16,16,0.4248927038626609,0.4248927038626609,0.0,0.0,0.0,0.4248927038608374,99,134,0,0
sem_erro,random_forest,oscilacao,100,25,25,187,187,132,55,0,187,0,11,11,0.43315508021390375,0.43315508021390375,0.0,0.0,0.0,0.43315508021158744,81,106,0,0
sem_erro,random_forest,oscilacao,100,30,30,156,156,109,47,0,156,0,11,11,0.44871794871794873,0.44871794871794873,0.0,0.0,0.0,0.44871794871507237,70,86,0,0
sem_erro,random_forest,oscilacao,100,35,35,133,133,93,40,0,133,0,13,13,0.37593984962406013,0.37593984962406013,0.0,0.0,0.0,0.37593984962123356,50,83,0,0
sem_erro,random_forest,oscilacao,100,40,40,117,117,85,32,0,117,0,12,12,0.39316239316239315,0.39316239316239315,0.0,0.0,0.0,0.3931623931590328,46,71,0,0
sem_erro,random_forest,oscilacao,100,45,45,104,104,74,30,0,104,0,9,9,0.3942307692307692,0.3942307692307692,0.0,0.0,0.0,0.39423076922697853,41,63,0,0
sem_erro,random_forest,oscilacao,100,50,50,94,94,65,29,0,94,0,10,10,0.40425531914893614,0.40425531914893614,0.0,0.0,0.0,0.4042553191446356,38,56,0,0
sem_erro,random_forest,oscilacao,100,55,55,85,85,61,24,0,85,0,9,9,0.24705882352941178,0.24705882352941178,0.0,0.0,0.0,0.24705882352650518,21,64,0,0
sem_erro,random_forest,oscilacao,100,60,60,78,78,53,25,0,78,0,7,7,0.46153846153846156,0.46153846153846156,0.0,0.0,0.0,0.46153846153254435,36,42,0,0
sem_erro,random_forest,oscilacao,100,65,65,72,72,50,22,0,72,0,7,7,0.3888888888888889,0.3888888888888889,0.0,0.0,0.0,0.38888888888348766,28,44,0,0
sem_erro,random_forest,oscilacao,100,70,70,67,67,47,20,0,67,0,12,12,0.2537313432835821,0.2537313432835821,0.0,0.0,0.0,0.253731343279795,17,50,0,0
sem_erro,random_forest,oscilacao,100,75,75,63,63,46,17,0,63,0,9,9,0.30158730158730157,0.30158730158730157,0.0,0.0,0.0,0.3015873015825145,19,44,0,0
sem_erro,random_forest,oscilacao,100,80,80,59,59,43,16,0,59,0,7,7,0.4406779661016949,0.4406779661016949,0.0,0.0,0.0,0.4406779660942258,26,33,0,0
sem_erro,random_forest,oscilacao,100,85,85,55,55,39,16,0,55,0,6,6,0.32727272727272727,0.32727272727272727,0.0,0.0,0.0,0.32727272726677686,18,37,0,0
sem_erro,random_forest,oscilacao,100,90,90,52,52,38,14,0,52,0,7,7,0.4230769230769231,0.4230769230769231,0.0,0.0,0.0,0.423076923068787,22,30,0,0
sem_erro,random_forest,oscilacao,100,95,95,49,49,34,15,0,49,0,9,9,0.3877551020408163,0.3877551020408163,0.0,0.0,0.0,0.387755102032903,19,30,0,0
sem_erro,random_forest,oscilacao,100,100,100,47,47,32,15,0,47,0,10,10,0.5106382978723404,0.5106382978723404,0.0,0.0,0.0,0.5106382978614759,24,23,0,0
sem_erro,random_forest,queda,20,5,5,947,947,191,756,0,947,0,13,13,0.9081309398099261,0.9081309398099261,0.0,0.0,0.0,0.9081309398089671,860,87,0,0
sem_erro,random_forest,queda,20,10,10,474,474,97,377,0,474,0,11,11,0.8987341772151899,0.8987341772151899,0.0,0.0,0.0,0.8987341772132938,426,48,0,0
sem_erro,random_forest,queda,20,15,15,316,316,64,252,0,316,0,10,10,0.9145569620253164,0.9145569620253164,0.0,0.0,0.0,0.9145569620224223,289,27,0,0
sem_erro,random_forest,queda,20,20,20,237,237,49,188,0,237,0,10,10,0.9071729957805907,0.9071729957805907,0.0,0.0,0.0,0.907172995776763,215,22,0,0
sem_erro,random_forest,queda,30,5,5,945,945,233,712,0,945,0,17,17,0.8941798941798942,0.8941798941798942,0.0,0.0,0.0,0.8941798941789479,845,100,0,0
sem_erro,random_forest,queda,30,10,10,473,473,118,355,0,473,0,15,15,0.879492600422833,0.879492600422833,0.0,0.0,0.0,0.8794926004209737,416,57,0,0
sem_erro,random_forest,queda,30,15,15,315,315,77,238,0,315,0,14,14,0.873015873015873,0.873015873015873,0.0,0.0,0.0,0.8730158730131016,275,40,0,0
sem_erro,random_forest,queda,30,20,20,237,237,63,174,0,237,0,10,10,0.8860759493670886,0.8860759493670886,0.0,0.0,0.0,0.8860759493633499,210,27,0,0
sem_erro,random_forest,queda,30,25,25,189,189,48,141,0,189,0,12,12,0.8888888888888888,0.8888888888888888,0.0,0.0,0.0,0.8888888888841858,168,21,0,0
sem_erro,random_forest,queda,30,30,30,158,158,41,117,0,158,0,11,11,0.8734177215189873,0.8734177215189873,0.0,0.0,0.0,0.8734177215134594,138,20,0,0
sem_erro,random_forest,queda,40,5,5,943,943,275,668,0,943,0,21,21,0.870625662778367,0.870625662778367,0.0,0.0,0.0,0.8706256627774437,821,122,0,0
sem_erro,random_forest,queda,40,10,10,472,472,139,333,0,472,0,18,18,0.8580508474576272,0.8580508474576272,0.0,0.0,0.0,0.8580508474558093,405,67,0,0
sem_erro,random_forest,queda,40,15,15,315,315,93,222,0,315,0,13,13,0.8412698412698413,0.8412698412698413,0.0,0.0,0.0,0.8412698412671706,265,50,0,0
sem_erro,random_forest,queda,40,20,20,236,236,70,166,0,236,0,10,10,0.885593220338983,0.885593220338983,0.0,0.0,0.0,0.8855932203352306,209,27,0,0
sem_erro,random_forest,queda,40,25,25,189,189,55,134,0,189,0,12,12,0.8518518518518519,0.8518518518518519,0.0,0.0,0.0,0.8518518518473448,161,28,0,0
sem_erro,random_forest,queda,40,30,30,158,158,47,111,0,158,0,13,13,0.8417721518987342,0.8417721518987342,0.0,0.0,0.0,0.8417721518934066,133,25,0,0
sem_erro,random_forest,queda,40,35,35,135,135,39,96,0,135,0,10,10,0.8666666666666667,0.8666666666666667,0.0,0.0,0.0,0.8666666666602469,117,18,0,0
sem_erro,random_forest,queda,40,40,40,118,118,34,84,0,118,0,8,8,0.8983050847457628,0.8983050847457628,0.0,0.0,0.0,0.89830508473815,106,12,0,0
sem_erro,random_forest,queda,50,5,5,941,941,313,628,0,941,0,20,20,0.8565356004250797,0.8565356004250797,0.0,0.0,0.0,0.8565356004241694,806,135,0,0
sem_erro,random_forest,queda,50,10,10,471,471,158,313,0,471,0,18,18,0.8471337579617835,0.8471337579617835,0.0,0.0,0.0,0.8471337579599849,399,72,0,0
sem_erro,random_forest,queda,50,15,15,314,314,105,209,0,314,0,14,14,0.8280254777070064,0.8280254777070064,0.0,0.0,0.0,0.8280254777043694,260,54,0,0
sem_erro,random_forest,queda,50,20,20,236,236,83,153,0,236,0,12,12,0.8432203389830508,0.8432203389830508,0.0,0.0,0.0,0.8432203389794779,199,37,0,0
sem_erro,random_forest,queda,50,25,25,189,189,67,122,0,189,0,14,14,0.7936507936507936,0.7936507936507936,0.0,0.0,0.0,0.7936507936465945,150,39,0,0
sem_erro,random_forest,queda,50,30,30,157,157,55,102,0,157,0,13,13,0.8089171974522293,0.8089171974522293,0.0,0.0,0.0,0.808917197447077,127,30,0,0
sem_erro,random_forest,queda,50,35,35,135,135,46,89,0,135,0,10,10,0.8444444444444444,0.8444444444444444,0.0,0.0,0.0,0.8444444444381893,114,21,0,0
sem_erro,random_forest,queda,50,40,40,118,118,40,78,0,118,0,7,7,0.8728813559322034,0.8728813559322034,0.0,0.0,0.0,0.8728813559248061,103,15,0,0
sem_erro,random_forest,queda,50,45,45,105,105,34,71,0,105,0,14,14,0.7904761904761904,0.7904761904761904,0.0,0.0,0.0,0.7904761904686621,83,22,0,0
sem_erro,random_forest,queda,50,50,50,95,95,33,62,0,95,0,10,10,0.8210526315789474,0.8210526315789474,0.0,0.0,0.0,0.8210526315703047,78,17,0,0
sem_erro,random_forest,queda,60,5,5,939,939,347,592,0,939,0,22,22,0.8221512247071352,0.8221512247071352,0.0,0.0,0.0,0.8221512247062597,772,167,0,0
sem_erro,random_forest,queda,60,10,10,470,470,175,295,0,470,0,17,17,0.8212765957446808,0.8212765957446808,0.0,0.0,0.0,0.8212765957429334,386,84,0,0
sem_erro,random_forest,queda,60,15,15,313,313,115,198,0,313,0,15,15,0.8083067092651757,0.8083067092651757,0.0,0.0,0.0,0.8083067092625933,253,60,0,0
sem_erro,random_forest,queda,60,20,20,235,235,88,147,0,235,0,9,9,0.8595744680851064,0.8595744680851064,0.0,0.0,0.0,0.8595744680814487,202,33,0,0
sem_erro,random_forest,queda,60,25,25,188,188,69,119,0,188,0,11,11,0.7978723404255319,0.7978723404255319,0.0,0.0,0.0,0.797872340421288,150,38,0,0
sem_erro,random_forest,queda,60,30,30,157,157,60,97,0,157,0,11,11,0.802547770700637,0.802547770700637,0.0,0.0,0.0,0.8025477706955252,126,31,0,0
sem_erro,random_forest,queda,60,35,35,135,135,52,83,0,135,0,10,10,0.8222222222222222,0.8222222222222222,0.0,0.0,0.0,0.8222222222161317,111,24,0,0
sem_erro,random_forest,queda,60,40,40,118,118,43,75,0,118,0,9,9,0.8220338983050848,0.8220338983050848,0.0,0.0,0.0,0.8220338982981183,97,21,0,0
sem_erro,random_forest,queda,60,45,45,105,105,39,66,0,105,0,12,12,0.8095238095238095,0.8095238095238095,0.0,0.0,0.0,0.8095238095160997,85,20,0,0
sem_erro,random_forest,queda,60,50,50,94,94,34,60,0,94,0,9,9,0.8191489361702128,0.8191489361702128,0.0,0.0,0.0,0.8191489361614984,77,17,0,0
sem_erro,random_forest,queda,60,55,55,86,86,30,56,0,86,0,10,10,0.8372093023255814,0.8372093023255814,0.0,0.0,0.0,0.8372093023158463,72,14,0,0
sem_erro,random_forest,queda,60,60,60,79,79,34,45,0,79,0,9,9,0.8227848101265823,0.8227848101265823,0.0,0.0,0.0,0.8227848101161672,65,14,0,0
sem_erro,random_forest,queda,70,5,5,937,937,378,559,0,937,0,23,23,0.8046958377801494,0.8046958377801494,0.0,0.0,0.0,0.8046958377792907,754,183,0,0
sem_erro,random_forest,queda,70,10,10,469,469,191,278,0,469,0,14,14,0.8187633262260128,0.8187633262260128,0.0,0.0,0.0,0.8187633262242671,384,85,0,0
sem_erro,random_forest,queda,70,15,15,313,313,127,186,0,313,0,13,13,0.7859424920127795,0.7859424920127795,0.0,0.0,0.0,0.7859424920102686,246,67,0,0
sem_erro,random_forest,queda,70,20,20,235,235,99,136,0,235,0,12,12,0.8127659574468085,0.8127659574468085,0.0,0.0,0.0,0.81276595744335,191,44,0,0
sem_erro,random_forest,queda,70,25,25,188,188,75,113,0,188,0,11,11,0.7872340425531915,0.7872340425531915,0.0,0.0,0.0,0.7872340425490041,148,40,0,0
sem_erro,random_forest,queda,70,30,30,157,157,64,93,0,157,0,11,11,0.7770700636942676,0.7770700636942676,0.0,0.0,0.0,0.7770700636893181,122,35,0,0
sem_erro,random_forest,queda,70,35,35,134,134,56,78,0,134,0,11,11,0.7910447761194029,0.7910447761194029,0.0,0.0,0.0,0.7910447761134998,106,28,0,0
sem_erro,random_forest,queda,70,40,40,118,118,48,70,0,118,0,9,9,0.847457627118644,0.847457627118644,0.0,0.0,0.0,0.8474576271114622,100,18,0,0
sem_erro,random_forest,queda,70,45,45,105,105,46,59,0,105,0,11,11,0.7714285714285715,0.7714285714285715,0.0,0.0,0.0,0.7714285714212245,81,24,0,0
sem_erro,random_forest,queda,70,50,50,94,94,38,56,0,94,0,10,10,0.7872340425531915,0.7872340425531915,0.0,0.0,0.0,0.7872340425448167,74,20,0,0
sem_erro,random_forest,queda,70,55,55,86,86,32,54,0,86,0,8,8,0.8604651162790697,0.8604651162790697,0.0,0.0,0.0,0.8604651162690643,74,12,0,0
sem_erro,random_forest,queda,70,60,60,79,79,36,43,0,79,0,8,8,0.810126582278481,0.810126582278481,0.0,0.0,0.0,0.8101265822682262,64,15,0,0
sem_erro,random_forest,queda,70,65,65,73,73,27,46,0,73,0,7,7,0.8493150684931506,0.8493150684931506,0.0,0.0,0.0,0.8493150684815162,62,11,0,0
sem_erro,random_forest,queda,70,70,70,67,67,27,40,0,67,0,6,6,0.7761194029850746,0.7761194029850746,0.0,0.0,0.0,0.7761194029734907,52,15,0,0
sem_erro,random_forest,queda,80,5,5,935,935,408,527,0,935,0,25,25,0.7978609625668449,0.7978609625668449,0.0,0.0,0.0,0.7978609625659916,746,189,0,0
sem_erro,random_forest,queda,80,10,10,468,468,206,262,0,468,0,19,19,0.7884615384615384,0.7884615384615384,0.0,0.0,0.0,0.7884615384598538,369,99,0,0
sem_erro,random_forest,queda,80,15,15,312,312,137,175,0,312,0,13,13,0.7660256410256411,0.7660256410256411,0.0,0.0,0.0,0.7660256410231858,239,73,0,0
sem_erro,random_forest,queda,80,20,20,234,234,103,131,0,234,0,9,9,0.8376068376068376,0.8376068376068376,0.0,0.0,0.0,0.8376068376032582,196,38,0,0
sem_erro,random_forest,queda,80,25,25,187,187,83,104,0,187,0,11,11,0.7647058823529411,0.7647058823529411,0.0,0.0,0.0,0.7647058823488518,143,44,0,0
sem_erro,random_forest,queda,80,30,30,156,156,70,86,0,156,0,12,12,0.7884615384615384,0.7884615384615384,0.0,0.0,0.0,0.7884615384564843,123,33,0,0
sem_erro,random_forest,queda,80,35,35,134,134,59,75,0,134,0,9,9,0.7985074626865671,0.7985074626865671,0.0,0.0,0.0,0.7985074626806082,107,27,0,0
sem_erro,random_forest,queda,80,40,40,117,117,50,67,0,117,0,9,9,0.8547008547008547,0.8547008547008547,0.0,0.0,0.0,0.8547008546935495,100,17,0,0
sem_erro,random_forest,queda,80,45,45,104,104,46,58,0,104,0,9,9,0.7596153846153846,0.7596153846153846,0.0,0.0,0.0,0.7596153846080806,79,25,0,0
sem_erro,random_forest,queda,80,50,50,94,94,42,52,0,94,0,11,11,0.7553191489361702,0.7553191489361702,0.0,0.0,0.0,0.7553191489281349,71,23,0,0
sem_erro,random_forest,queda,80,55,55,85,85,38,47,0,85,0,6,6,0.7647058823529411,0.7647058823529411,0.0,0.0,0.0,0.7647058823439447,65,20,0,0
sem_erro,random_forest,queda,80,60,60,78,78,35,43,0,78,0,8,8,0.8205128205128205,0.8205128205128205,0.0,0.0,0.0,0.8205128205023011,64,14,0,0
sem_erro,random_forest,queda,80,65,65,72,72,27,45,0,72,0,7,7,0.8888888888888888,0.8888888888888888,0.0,0.0,0.0,0.8888888888765432,64,8,0,0
sem_erro,random_forest,queda,80,70,70,67,67,29,38,0,67,0,8,8,0.7611940298507462,0.7611940298507462,0.0,0.0,0.0,0.7611940298393851,51,16,0,0
sem_erro,random_forest,queda,80,75,75,63,63,29,34,0,63,0,6,6,0.7936507936507936,0.7936507936507936,0.0,0.0,0.0,0.793650793638196,50,13,0,0
sem_erro,random_forest,queda,80,80,80,59,59,26,33,0,59,0,7,7,0.8813559322033898,0.8813559322033898,0.0,0.0,0.0,0.8813559321884517,52,7,0,0
sem_erro,random_forest,queda,90,5,5,933,933,437,496,0,933,0,18,18,0.752411575562701,0.752411575562701,0.0,0.0,0.0,0.7524115755618945,702,231,0,0
sem_erro,random_forest,queda,90,10,10,467,467,220,247,0,467,0,14,14,0.7537473233404711,0.7537473233404711,0.0,0.0,0.0,0.7537473233388571,352,115,0,0
sem_erro,random_forest,queda,90,15,15,311,311,144,167,0,311,0,10,10,0.7652733118971061,0.7652733118971061,0.0,0.0,0.0,0.7652733118946454,238,73,0,0
sem_erro,random_forest,queda,90,20,20,234,234,113,121,0,234,0,9,9,0.7948717948717948,0.7948717948717948,0.0,0.0,0.0,0.794871794868398,186,48,0,0
sem_erro,random_forest,queda,90,25,25,187,187,88,99,0,187,0,12,12,0.7647058823529411,0.7647058823529411,0.0,0.0,0.0,0.7647058823488518,143,44,0,0
sem_erro,random_forest,queda,90,30,30,156,156,74,82,0,156,0,6,6,0.75,0.75,0.0,0.0,0.0,0.7499999999951924,117,39,0,0
sem_erro,random_forest,queda,90,35,35,134,134,65,69,0,134,0,9,9,0.8208955223880597,0.8208955223880597,0.0,0.0,0.0,0.8208955223819336,110,24,0,0
sem_erro,random_forest,queda,90,40,40,117,117,56,61,0,117,0,10,10,0.811965811965812,0.811965811965812,0.0,0.0,0.0,0.8119658119588721,95,22,0,0
sem_erro,random_forest,queda,90,45,45,104,104,48,56,0,104,0,8,8,0.75,0.75,0.0,0.0,0.0,0.7499999999927884,78,26,0,0
sem_erro,random_forest,queda,90,50,50,94,94,43,51,0,94,0,9,9,0.7127659574468085,0.7127659574468085,0.0,0.0,0.0,0.7127659574392259,67,27,0,0
sem_erro,random_forest,queda,90,55,55,85,85,38,47,0,85,0,7,7,0.8470588235294118,0.8470588235294118,0.0,0.0,0.0,0.8470588235194463,72,13,0,0
sem_erro,random_forest,queda,90,60,60,78,78,36,42,0,78,0,9,9,0.7435897435897436,0.7435897435897436,0.0,0.0,0.0,0.7435897435802103,58,20,0,0
sem_erro,random_forest,queda,90,65,65,72,72,33,39,0,72,0,8,8,0.8194444444444444,0.8194444444444444,0.0,0.0,0.0,0.8194444444330632,59,13,0,0
sem_erro,random_forest,queda,90,70,70,67,67,33,34,0,67,0,9,9,0.7611940298507462,0.7611940298507462,0.0,0.0,0.0,0.7611940298393851,51,16,0,0
sem_erro,random_forest,queda,90,75,75,63,63,30,33,0,63,0,7,7,0.7619047619047619,0.7619047619047619,0.0,0.0,0.0,0.7619047618926682,48,15,0,0
sem_erro,random_forest,queda,90,80,80,59,59,28,31,0,59,0,7,7,0.864406779661017,0.864406779661017,0.0,0.0,0.0,0.864406779646366,51,8,0,0
sem_erro,random_forest,queda,90,85,85,55,55,25,30,0,55,0,5,5,0.8545454545454545,0.8545454545454545,0.0,0.0,0.0,0.8545454545299174,47,8,0,0
sem_erro,random_forest,queda,90,90,90,52,52,24,28,0,52,0,6,6,0.7307692307692307,0.7307692307692307,0.0,0.0,0.0,0.7307692307551775,38,14,0,0
sem_erro,random_forest,queda,100,5,5,931,931,464,467,0,931,0,23,23,0.7755102040816326,0.7755102040816326,0.0,0.0,0.0,0.7755102040807996,722,209,0,0
sem_erro,random_forest,queda,100,10,10,466,466,234,232,0,466,0,14,14,0.7532188841201717,0.7532188841201717,0.0,0.0,0.0,0.7532188841185553,351,115,0,0
sem_erro,random_forest,queda,100,15,15,311,311,156,155,0,311,0,11,11,0.7717041800643086,0.7717041800643086,0.0,0.0,0.0,0.7717041800618274,240,71,0,0
sem_erro,random_forest,queda,100,20,20,233,233,117,116,0,233,0,10,10,0.7982832618025751,0.7982832618025751,0.0,0.0,0.0,0.798283261799149,186,47,0,0
sem_erro,random_forest,queda,100,25,25,187,187,96,91,0,187,0,8,8,0.7379679144385026,0.7379679144385026,0.0,0.0,0.0,0.7379679144345563,138,49,0,0
sem_erro,random_forest,queda,100,30,30,156,156,78,78,0,156,0,8,8,0.7435897435897436,0.7435897435897436,0.0,0.0,0.0,0.7435897435849771,116,40,0,0
sem_erro,random_forest,queda,100,35,35,133,133,69,64,0,133,0,13,13,0.7142857142857143,0.7142857142857143,0.0,0.0,0.0,0.7142857142803438,95,38,0,0
sem_erro,random_forest,queda,100,40,40,117,117,58,59,0,117,0,8,8,0.7863247863247863,0.7863247863247863,0.0,0.0,0.0,0.7863247863180656,92,25,0,0
sem_erro,random_forest,queda,100,45,45,104,104,51,53,0,104,0,9,9,0.7115384615384616,0.7115384615384616,0.0,0.0,0.0,0.7115384615316198,74,30,0,0
sem_erro,random_forest,queda,100,50,50,94,94,48,46,0,94,0,7,7,0.6914893617021277,0.6914893617021277,0.0,0.0,0.0,0.6914893616947714,65,29,0,0
sem_erro,random_forest,queda,100,55,55,85,85,41,44,0,85,0,4,4,0.7529411764705882,0.7529411764705882,0.0,0.0,0.0,0.7529411764617301,64,21,0,0
sem_erro,random_forest,queda,100,60,60,78,78,38,40,0,78,0,9,9,0.7051282051282052,0.7051282051282052,0.0,0.0,0.0,0.705128205119165,55,23,0,0
sem_erro,random_forest,queda,100,65,65,72,72,36,36,0,72,0,6,6,0.8333333333333334,0.8333333333333334,0.0,0.0,0.0,0.8333333333217592,60,12,0,0
sem_erro,random_forest,queda,100,70,70,67,67,36,31,0,67,0,9,9,0.5970149253731343,0.5970149253731343,0.0,0.0,0.0,0.5970149253642236,40,27,0,0
sem_erro,random_forest,queda,100,75,75,63,63,33,30,0,63,0,4,4,0.6984126984126984,0.6984126984126984,0.0,0.0,0.0,0.6984126984016126,44,19,0,0
sem_erro,random_forest,queda,100,80,80,59,59,30,29,0,59,0,8,8,0.7966101694915254,0.7966101694915254,0.0,0.0,0.0,0.7966101694780237,47,12,0,0
sem_erro,random_forest,queda,100,85,85,55,55,25,30,0,55,0,6,6,0.8363636363636363,0.8363636363636363,0.0,0.0,0.0,0.8363636363484298,46,9,0,0
sem_erro,random_forest,queda,100,90,90,52,52,25,27,0,52,0,6,6,0.6538461538461539,0.6538461538461539,0.0,0.0,0.0,0.6538461538335799,34,18,0,0
sem_erro,random_forest,queda,100,95,95,49,49,25,24,0,49,0,5,5,0.6938775510204082,0.6938775510204082,0.0,0.0,0.0,0.6938775510062475,34,15,0,0
sem_erro,random_forest,queda,100,100,100,47,47,23,24,0,47,0,8,8,0.7659574468085106,0.7659574468085106,0.0,0.0,0.0,0.7659574467922138,36,11,0,0
sem_erro,xgboost,lacuna,20,5,5,947,947,211,736,0,947,0,0,0,1.0,1.0,0.0,0.0,0.0,0.9999999999989441,947,0,0,0
sem_erro,xgboost,lacuna,20,10,10,474,474,105,369,0,474,0,0,0,1.0,1.0,0.0,0.0,0.0,0.9999999999978904,474,0,0,0
sem_erro,xgboost,lacuna,20,15,15,316,316,71,245,0,316,0,0,0,1.0,1.0,0.0,0.0,0.0,0.9999999999968355,316,0,0,0
sem_erro,xgboost,lacuna,20,20,20,237,237,54,183,0,237,0,0,0,1.0,1.0,0.0,0.0,0.0,0.9999999999957806,237,0,0,0
sem_erro,xgboost,lacuna,30,5,5,945,945,247,698,0,945,0,0,0,1.0,1.0,0.0,0.0,0.0,0.9999999999989418,945,0,0,0
sem_erro,xgboost,lacuna,30,10,10,473,473,123,350,0,473,0,0,0,1.0,1.0,0.0,0.0,0.0,0.9999999999978858,473,0,0,0
sem_erro,xgboost,lacuna,30,15,15,315,315,80,235,0,315,0,0,0,1.0,1.0,0.0,0.0,0.0,0.9999999999968254,315,0,0,0
sem_erro,xgboost,lacuna,30,20,20,237,237,63,174,0,237,0,0,0,1.0,1.0,0.0,0.0,0.0,0.9999999999957806,237,0,0,0
sem_erro,xgboost,lacuna,30,25,25,189,189,50,139,0,189,0,0,0,1.0,1.0,0.0,0.0,0.0,0.999999999994709,189,0,0,0
sem_erro,xgboost,lacuna,30,30,30,158,158,41,117,0,158,0,0,0,1.0,1.0,0.0,0.0,0.0,0.999999999993671,158,0,0,0
sem_erro,xgboost,lacuna,40,5,5,943,943,281,662,0,943,0,0,0,1.0,1.0,0.0,0.0,0.0,0.9999999999989395,943,0,0,0
sem_erro,xgboost,lacuna,40,10,10,472,472,140,332,0,472,0,0,0,1.0,1.0,0.0,0.0,0.0,0.9999999999978814,472,0,0,0
sem_erro,xgboost,lacuna,40,15,15,315,315,94,221,0,315,0,0,0,1.0,1.0,0.0,0.0,0.0,0.9999999999968254,315,0,0,0
sem_erro,xgboost,lacuna,40,20,20,236,236,71,165,0,236,0,0,0,1.0,1.0,0.0,0.0,0.0,0.9999999999957627,236,0,0,0
sem_erro,xgboost,lacuna,40,25,25,189,189,55,134,0,189,0,0,0,1.0,1.0,0.0,0.0,0.0,0.999999999994709,189,0,0,0
sem_erro,xgboost,lacuna,40,30,30,158,158,46,112,0,158,0,0,0,1.0,1.0,0.0,0.0,0.0,0.999999999993671,158,0,0,0
sem_erro,xgboost,lacuna,40,35,35,135,135,40,95,0,135,0,0,0,1.0,1.0,0.0,0.0,0.0,0.9999999999925927,135,0,0,0
sem_erro,xgboost,lacuna,40,40,40,118,118,37,81,0,118,0,0,0,1.0,1.0,0.0,0.0,0.0,0.9999999999915254,118,0,0,0
sem_erro,xgboost,lacuna,50,5,5,941,941,314,627,0,941,0,0,0,1.0,1.0,0.0,0.0,0.0,0.9999999999989373,941,0,0,0
sem_erro,xgboost,lacuna,50,10,10,471,471,157,314,0,471,0,0,0,1.0,1.0,0.0,0.0,0.0,0.9999999999978769,471,0,0,0
sem_erro,xgboost,lacuna,50,15,15,314,314,106,208,0,314,0,0,0,1.0,1.0,0.0,0.0,0.0,0.9999999999968153,314,0,0,0
sem_erro,xgboost,lacuna,50,20,20,236,236,80,156,0,236,0,0,0,1.0,1.0,0.0,0.0,0.0,0.9999999999957627,236,0,0,0
sem_erro,xgboost,lacuna,50,25,25,189,189,67,122,0,189,0,0,0,1.0,1.0,0.0,0.0,0.0,0.999999999994709,189,0,0,0
sem_erro,xgboost,lacuna,50,30,30,157,157,53,104,0,157,0,0,0,1.0,1.0,0.0,0.0,0.0,0.9999999999936307,157,0,0,0
sem_erro,xgboost,lacuna,50,35,35,135,135,45,90,0,135,0,0,0,1.0,1.0,0.0,0.0,0.0,0.9999999999925927,135,0,0,0
sem_erro,xgboost,lacuna,50,40,40,118,118,40,78,0,118,0,0,0,1.0,1.0,0.0,0.0,0.0,0.9999999999915254,118,0,0,0
sem_erro,xgboost,lacuna,50,45,45,105,105,33,72,0,105,0,0,0,1.0,1.0,0.0,0.0,0.0,0.9999999999904762,105,0,0,0
sem_erro,xgboost,lacuna,50,50,50,95,95,34,61,0,95,0,0,0,1.0,1.0,0.0,0.0,0.0,0.9999999999894736,95,0,0,0
sem_erro,xgboost,lacuna,60,5,5,939,939,346,593,0,939,0,0,0,1.0,1.0,0.0,0.0,0.0,0.9999999999989351,939,0,0,0
sem_erro,xgboost,lacuna,60,10,10,470,470,173,297,0,470,0,0,0,1.0,1.0,0.0,0.0,0.0,0.9999999999978724,470,0,0,0
sem_erro,xgboost,lacuna,60,15,15,313,313,113,200,0,313,0,0,0,1.0,1.0,0.0,0.0,0.0,0.9999999999968051,313,0,0,0
sem_erro,xgboost,lacuna,60,20,20,235,235,87,148,0,235,0,0,0,1.0,1.0,0.0,0.0,0.0,0.9999999999957447,235,0,0,0
sem_erro,xgboost,lacuna,60,25,25,188,188,69,119,0,188,0,0,0,1.0,1.0,0.0,0.0,0.0,0.9999999999946809,188,0,0,0
sem_erro,xgboost,lacuna,60,30,30,157,157,57,100,0,157,0,0,0,1.0,1.0,0.0,0.0,0.0,0.9999999999936307,157,0,0,0
sem_erro,xgboost,lacuna,60,35,35,135,135,52,83,0,135,0,0,0,1.0,1.0,0.0,0.0,0.0,0.9999999999925927,135,0,0,0
sem_erro,xgboost,lacuna,60,40,40,118,118,43,75,0,118,0,0,0,1.0,1.0,0.0,0.0,0.0,0.9999999999915254,118,0,0,0
sem_erro,xgboost,lacuna,60,45,45,105,105,37,68,0,105,0,0,0,1.0,1.0,0.0,0.0,0.0,0.9999999999904762,105,0,0,0
sem_erro,xgboost,lacuna,60,50,50,94,94,35,59,0,94,0,0,0,1.0,1.0,0.0,0.0,0.0,0.9999999999893616,94,0,0,0
sem_erro,xgboost,lacuna,60,55,55,86,86,33,53,0,86,0,0,0,1.0,1.0,0.0,0.0,0.0,0.9999999999883721,86,0,0,0
sem_erro,xgboost,lacuna,60,60,60,79,79,30,49,0,79,0,0,0,1.0,1.0,0.0,0.0,0.0,0.9999999999873417,79,0,0,0
sem_erro,xgboost,lacuna,70,5,5,937,937,377,560,0,937,0,0,0,1.0,1.0,0.0,0.0,0.0,0.9999999999989327,937,0,0,0
sem_erro,xgboost,lacuna,70,10,10,469,469,189,280,0,469,0,0,0,1.0,1.0,0.0,0.0,0.0,0.9999999999978678,469,0,0,0
sem_erro,xgboost,lacuna,70,15,15,313,313,126,187,0,313,0,0,0,1.0,1.0,0.0,0.0,0.0,0.9999999999968051,313,0,0,0
sem_erro,xgboost,lacuna,70,20,20,235,235,96,139,0,235,0,0,0,1.0,1.0,0.0,0.0,0.0,0.9999999999957447,235,0,0,0
sem_erro,xgboost,lacuna,70,25,25,188,188,76,112,0,188,0,0,0,1.0,1.0,0.0,0.0,0.0,0.9999999999946809,188,0,0,0
sem_erro,xgboost,lacuna,70,30,30,157,157,62,95,0,157,0,0,0,1.0,1.0,0.0,0.0,0.0,0.9999999999936307,157,0,0,0
sem_erro,xgboost,lacuna,70,35,35,134,134,55,79,0,134,0,0,0,1.0,1.0,0.0,0.0,0.0,0.9999999999925374,134,0,0,0
sem_erro,xgboost,lacuna,70,40,40,118,118,49,69,0,118,0,0,0,1.0,1.0,0.0,0.0,0.0,0.9999999999915254,118,0,0,0
sem_erro,xgboost,lacuna,70,45,45,105,105,43,62,0,105,0,0,0,1.0,1.0,0.0,0.0,0.0,0.9999999999904762,105,0,0,0
sem_erro,xgboost,lacuna,70,50,50,94,94,38,56,0,94,0,0,0,1.0,1.0,0.0,0.0,0.0,0.9999999999893616,94,0,0,0
sem_erro,xgboost,lacuna,70,55,55,86,86,36,50,0,86,0,0,0,1.0,1.0,0.0,0.0,0.0,0.9999999999883721,86,0,0,0
sem_erro,xgboost,lacuna,70,60,60,79,79,33,46,0,79,0,0,0,1.0,1.0,0.0,0.0,0.0,0.9999999999873417,79,0,0,0
sem_erro,xgboost,lacuna,70,65,65,73,73,28,45,0,73,0,0,0,1.0,1.0,0.0,0.0,0.0,0.9999999999863013,73,0,0,0
sem_erro,xgboost,lacuna,70,70,70,67,67,30,37,0,67,0,0,0,1.0,1.0,0.0,0.0,0.0,0.9999999999850746,67,0,0,0
sem_erro,xgboost,lacuna,80,5,5,935,935,407,528,0,935,0,0,0,1.0,1.0,0.0,0.0,0.0,0.9999999999989305,935,0,0,0
sem_erro,xgboost,lacuna,80,10,10,468,468,204,264,0,468,0,0,0,1.0,1.0,0.0,0.0,0.0,0.9999999999978633,468,0,0,0
sem_erro,xgboost,lacuna,80,15,15,312,312,137,175,0,312,0,0,0,1.0,1.0,0.0,0.0,0.0,0.9999999999967949,312,0,0,0
sem_erro,xgboost,lacuna,80,20,20,234,234,103,131,0,234,0,0,0,1.0,1.0,0.0,0.0,0.0,0.9999999999957265,234,0,0,0
sem_erro,xgboost,lacuna,80,25,25,187,187,82,105,0,187,0,0,0,1.0,1.0,0.0,0.0,0.0,0.9999999999946525,187,0,0,0
sem_erro,xgboost,lacuna,80,30,30,156,156,68,88,0,156,0,0,0,1.0,1.0,0.0,0.0,0.0,0.9999999999935898,156,0,0,0
sem_erro,xgboost,lacuna,80,35,35,134,134,56,78,0,134,0,0,0,1.0,1.0,0.0,0.0,0.0,0.9999999999925374,134,0,0,0
sem_erro,xgboost,lacuna,80,40,40,117,117,53,64,0,117,0,0,0,1.0,1.0,0.0,0.0,0.0,0.999999999991453,117,0,0,0
sem_erro,xgboost,lacuna,80,45,45,104,104,43,61,0,104,0,0,0,1.0,1.0,0.0,0.0,0.0,0.9999999999903846,104,0,0,0
sem_erro,xgboost,lacuna,80,50,50,94,94,41,53,0,94,0,0,0,1.0,1.0,0.0,0.0,0.0,0.9999999999893616,94,0,0,0
sem_erro,xgboost,lacuna,80,55,55,85,85,37,48,0,85,0,0,0,1.0,1.0,0.0,0.0,0.0,0.9999999999882353,85,0,0,0
sem_erro,xgboost,lacuna,80,60,60,78,78,35,43,0,78,0,0,0,1.0,1.0,0.0,0.0,0.0,0.9999999999871795,78,0,0,0
sem_erro,xgboost,lacuna,80,65,65,72,72,29,43,0,72,0,0,0,1.0,1.0,0.0,0.0,0.0,0.9999999999861111,72,0,0,0
sem_erro,xgboost,lacuna,80,70,70,67,67,30,37,0,67,0,0,0,1.0,1.0,0.0,0.0,0.0,0.9999999999850746,67,0,0,0
sem_erro,xgboost,lacuna,80,75,75,63,63,26,37,0,63,0,0,0,1.0,1.0,0.0,0.0,0.0,0.999999999984127,63,0,0,0
sem_erro,xgboost,lacuna,80,80,80,59,59,25,34,0,59,0,0,0,1.0,1.0,0.0,0.0,0.0,0.9999999999830509,59,0,0,0
sem_erro,xgboost,lacuna,90,5,5,933,933,436,497,0,933,0,0,0,1.0,1.0,0.0,0.0,0.0,0.9999999999989282,933,0,0,0
sem_erro,xgboost,lacuna,90,10,10,467,467,219,248,0,467,0,0,0,1.0,1.0,0.0,0.0,0.0,0.9999999999978587,467,0,0,0
sem_erro,xgboost,lacuna,90,15,15,311,311,143,168,0,311,0,0,0,1.0,1.0,0.0,0.0,0.0,0.9999999999967846,311,0,0,0
sem_erro,xgboost,lacuna,90,20,20,234,234,111,123,0,234,0,0,0,1.0,1.0,0.0,0.0,0.0,0.9999999999957265,234,0,0,0
sem_erro,xgboost,lacuna,90,25,25,187,187,86,101,0,187,0,0,0,1.0,1.0,0.0,0.0,0.0,0.9999999999946525,187,0,0,0
sem_erro,xgboost,lacuna,90,30,30,156,156,72,84,0,156,0,0,0,1.0,1.0,0.0,0.0,0.0,0.9999999999935898,156,0,0,0
sem_erro,xgboost,lacuna,90,35,35,134,134,64,70,0,134,0,0,0,1.0,1.0,0.0,0.0,0.0,0.9999999999925374,134,0,0,0
sem_erro,xgboost,lacuna,90,40,40,117,117,56,61,0,117,0,0,0,1.0,1.0,0.0,0.0,0.0,0.999999999991453,117,0,0,0
sem_erro,xgboost,lacuna,90,45,45,104,104,45,59,0,104,0,0,0,1.0,1.0,0.0,0.0,0.0,0.9999999999903846,104,0,0,0
sem_erro,xgboost,lacuna,90,50,50,94,94,44,50,0,94,0,0,0,1.0,1.0,0.0,0.0,0.0,0.9999999999893616,94,0,0,0
sem_erro,xgboost,lacuna,90,55,55,85,85,42,43,0,85,0,0,0,1.0,1.0,0.0,0.0,0.0,0.9999999999882353,85,0,0,0
sem_erro,xgboost,lacuna,90,60,60,78,78,36,42,0,78,0,0,0,1.0,1.0,0.0,0.0,0.0,0.9999999999871795,78,0,0,0
sem_erro,xgboost,lacuna,90,65,65,72,72,33,39,0,72,0,0,0,1.0,1.0,0.0,0.0,0.0,0.9999999999861111,72,0,0,0
sem_erro,xgboost,lacuna,90,70,70,67,67,33,34,0,67,0,0,0,1.0,1.0,0.0,0.0,0.0,0.9999999999850746,67,0,0,0
sem_erro,xgboost,lacuna,90,75,75,63,63,28,35,0,63,0,0,0,1.0,1.0,0.0,0.0,0.0,0.999999999984127,63,0,0,0
sem_erro,xgboost,lacuna,90,80,80,59,59,26,33,0,59,0,0,0,1.0,1.0,0.0,0.0,0.0,0.9999999999830509,59,0,0,0
sem_erro,xgboost,lacuna,90,85,85,55,55,27,28,0,55,0,0,0,1.0,1.0,0.0,0.0,0.0,0.9999999999818182,55,0,0,0
sem_erro,xgboost,lacuna,90,90,90,52,52,23,29,0,52,0,0,0,1.0,1.0,0.0,0.0,0.0,0.9999999999807693,52,0,0,0
sem_erro,xgboost,lacuna,100,5,5,931,931,463,468,0,931,0,0,0,1.0,1.0,0.0,0.0,0.0,0.9999999999989259,931,0,0,0
sem_erro,xgboost,lacuna,100,10,10,466,466,232,234,0,466,0,0,0,1.0,1.0,0.0,0.0,0.0,0.999999999997854,466,0,0,0
sem_erro,xgboost,lacuna,100,15,15,311,311,155,156,0,311,0,0,0,1.0,1.0,0.0,0.0,0.0,0.9999999999967846,311,0,0,0
sem_erro,xgboost,lacuna,100,20,20,233,233,116,117,0,233,0,0,0,1.0,1.0,0.0,0.0,0.0,0.9999999999957082,233,0,0,0
sem_erro,xgboost,lacuna,100,25,25,187,187,97,90,0,187,0,0,0,1.0,1.0,0.0,0.0,0.0,0.9999999999946525,187,0,0,0
sem_erro,xgboost,lacuna,100,30,30,156,156,77,79,0,156,0,0,0,1.0,1.0,0.0,0.0,0.0,0.9999999999935898,156,0,0,0
sem_erro,xgboost,lacuna,100,35,35,133,133,67,66,0,133,0,0,0,1.0,1.0,0.0,0.0,0.0,0.9999999999924812,133,0,0,0
sem_erro,xgboost,lacuna,100,40,40,117,117,57,60,0,117,0,0,0,1.0,1.0,0.0,0.0,0.0,0.999999999991453,117,0,0,0
sem_erro,xgboost,lacuna,100,45,45,104,104,50,54,0,104,0,0,0,1.0,1.0,0.0,0.0,0.0,0.9999999999903846,104,0,0,0
sem_erro,xgboost,lacuna,100,50,50,94,94,49,45,0,94,0,0,0,1.0,1.0,0.0,0.0,0.0,0.9999999999893616,94,0,0,0
sem_erro,xgboost,lacuna,100,55,55,85,85,43,42,0,85,0,0,0,1.0,1.0,0.0,0.0,0.0,0.9999999999882353,85,0,0,0
sem_erro,xgboost,lacuna,100,60,60,78,78,38,40,0,78,0,0,0,1.0,1.0,0.0,0.0,0.0,0.9999999999871795,78,0,0,0
sem_erro,xgboost,lacuna,100,65,65,72,72,34,38,0,72,0,0,0,1.0,1.0,0.0,0.0,0.0,0.9999999999861111,72,0,0,0
sem_erro,xgboost,lacuna,100,70,70,67,67,33,34,0,67,0,0,0,1.0,1.0,0.0,0.0,0.0,0.9999999999850746,67,0,0,0
sem_erro,xgboost,lacuna,100,75,75,63,63,33,30,0,63,0,0,0,1.0,1.0,0.0,0.0,0.0,0.999999999984127,63,0,0,0
sem_erro,xgboost,lacuna,100,80,80,59,59,27,32,0,59,0,0,0,1.0,1.0,0.0,0.0,0.0,0.9999999999830509,59,0,0,0
sem_erro,xgboost,lacuna,100,85,85,55,55,28,27,0,55,0,0,0,1.0,1.0,0.0,0.0,0.0,0.9999999999818182,55,0,0,0
sem_erro,xgboost,lacuna,100,90,90,52,52,25,27,0,52,0,0,0,1.0,1.0,0.0,0.0,0.0,0.9999999999807693,52,0,0,0
sem_erro,xgboost,lacuna,100,95,95,49,49,22,27,0,49,0,0,0,1.0,1.0,0.0,0.0,0.0,0.9999999999795919,49,0,0,0
sem_erro,xgboost,lacuna,100,100,100,47,47,23,24,0,47,0,0,0,1.0,1.0,0.0,0.0,0.0,0.9999999999787235,47,0,0,0
sem_erro,xgboost,oscilacao,20,5,5,947,947,397,550,0,947,0,18,18,0.9472016895459345,0.9472016895459345,0.0,0.0,0.0,0.9472016895449343,897,50,0,0
sem_erro,xgboost,oscilacao,20,10,10,474,474,200,274,0,474,0,18,18,0.9282700421940928,0.9282700421940928,0.0,0.0,0.0,0.9282700421921345,440,34,0,0
sem_erro,xgboost,oscilacao,20,15,15,316,316,135,181,0,316,0,13,13,0.930379746835443,0.930379746835443,0.0,0.0,0.0,0.9303797468324988,294,22,0,0
sem_erro,xgboost,oscilacao,20,20,20,237,237,100,137,0,237,0,12,12,0.9071729957805907,0.9071729957805907,0.0,0.0,0.0,0.907172995776763,215,22,0,0
sem_erro,xgboost,oscilacao,30,5,5,945,945,438,507,0,945,0,22,22,0.9132275132275133,0.9132275132275133,0.0,0.0,0.0,0.9132275132265468,863,82,0,0
sem_erro,xgboost,oscilacao,30,10,10,473,473,220,253,0,473,0,24,24,0.8985200845665962,0.8985200845665962,0.0,0.0,0.0,0.8985200845646966,425,48,0,0
sem_erro,xgboost,oscilacao,30,15,15,315,315,145,170,0,315,0,15,15,0.9015873015873016,0.9015873015873016,0.0,0.0,0.0,0.9015873015844394,284,31,0,0
sem_erro,xgboost,oscilacao,30,20,20,237,237,112,125,0,237,0,17,17,0.8860759493670886,0.8860759493670886,0.0,0.0,0.0,0.8860759493633499,210,27,0,0
sem_erro,xgboost,oscilacao,30,25,25,189,189,88,101,0,189,0,22,22,0.8201058201058201,0.8201058201058201,0.0,0.0,0.0,0.8201058201014809,155,34,0,0
sem_erro,xgboost,oscilacao,30,30,30,158,158,70,88,0,158,0,15,15,0.8544303797468354,0.8544303797468354,0.0,0.0,0.0,0.8544303797414277,135,23,0,0
sem_erro,xgboost,oscilacao,40,5,5,943,943,478,465,0,943,0,31,31,0.8833510074231177,0.8833510074231177,0.0,0.0,0.0,0.883351007422181,833,110,0,0
sem_erro,xgboost,oscilacao,40,10,10,472,472,240,232,0,472,0,26,26,0.8707627118644068,0.8707627118644068,0.0,0.0,0.0,0.8707627118625619,411,61,0,0
sem_erro,xgboost,oscilacao,40,15,15,315,315,162,153,0,315,0,22,22,0.8603174603174604,0.8603174603174604,0.0,0.0,0.0,0.8603174603147292,271,44,0,0
sem_erro,xgboost,oscilacao,40,20,20,236,236,120,116,0,236,0,17,17,0.8389830508474576,0.8389830508474576,0.0,0.0,0.0,0.8389830508439027,198,38,0,0
sem_erro,xgboost,oscilacao,40,25,25,189,189,94,95,0,189,0,21,21,0.8306878306878307,0.8306878306878307,0.0,0.0,0.0,0.8306878306834355,157,32,0,0
sem_erro,xgboost,oscilacao,40,30,30,158,158,78,80,0,158,0,19,19,0.810126582278481,0.810126582278481,0.0,0.0,0.0,0.8101265822733537,128,30,0,0
sem_erro,xgboost,oscilacao,40,35,35,135,135,69,66,0,135,0,13,13,0.8074074074074075,0.8074074074074075,0.0,0.0,0.0,0.8074074074014267,109,26,0,0
sem_erro,xgboost,oscilacao,40,40,40,118,118,62,56,0,118,0,14,14,0.6864406779661016,0.6864406779661016,0.0,0.0,0.0,0.6864406779602844,81,37,0,0
sem_erro,xgboost,oscilacao,50,5,5,941,941,518,423,0,941,0,48,48,0.8193411264612115,0.8193411264612115,0.0,0.0,0.0,0.8193411264603407,771,170,0,0
sem_erro,xgboost,oscilacao,50,10,10,471,471,260,211,0,471,0,31,31,0.8259023354564756,0.8259023354564756,0.0,0.0,0.0,0.8259023354547221,389,82,0,0
sem_erro,xgboost,oscilacao,50,15,15,314,314,175,139,0,314,0,29,29,0.7802547770700637,0.7802547770700637,0.0,0.0,0.0,0.7802547770675788,245,69,0,0
sem_erro,xgboost,oscilacao,50,20,20,236,236,132,104,0,236,0,19,19,0.788135593220339,0.788135593220339,0.0,0.0,0.0,0.7881355932169994,186,50,0,0
sem_erro,xgboost,oscilacao,50,25,25,189,189,104,85,0,189,0,17,17,0.7724867724867724,0.7724867724867724,0.0,0.0,0.0,0.7724867724826853,146,43,0,0
sem_erro,xgboost,oscilacao,50,30,30,157,157,86,71,0,157,0,13,13,0.732484076433121,0.732484076433121,0.0,0.0,0.0,0.7324840764284556,115,42,0,0
sem_erro,xgboost,oscilacao,50,35,35,135,135,75,60,0,135,0,14,14,0.7777777777777778,0.7777777777777778,0.0,0.0,0.0,0.7777777777720165,105,30,0,0
sem_erro,xgboost,oscilacao,50,40,40,118,118,67,51,0,118,0,17,17,0.6271186440677966,0.6271186440677966,0.0,0.0,0.0,0.6271186440624821,74,44,0,0
sem_erro,xgboost,oscilacao,50,45,45,105,105,57,48,0,105,0,15,15,0.6952380952380952,0.6952380952380952,0.0,0.0,0.0,0.695238095231474,73,32,0,0
sem_erro,xgboost,oscilacao,50,50,50,95,95,52,43,0,95,0,10,10,0.7473684210526316,0.7473684210526316,0.0,0.0,0.0,0.7473684210447645,71,24,0,0
sem_erro,xgboost,oscilacao,60,5,5,939,939,555,384,0,939,0,44,44,0.8019169329073482,0.8019169329073482,0.0,0.0,0.0,0.8019169329064942,753,186,0,0
sem_erro,xgboost,oscilacao,60,10,10,470,470,278,192,0,470,0,40,40,0.7914893617021277,0.7914893617021277,0.0,0.0,0.0,0.7914893617004437,372,98,0,0
sem_erro,xgboost,oscilacao,60,15,15,313,313,184,129,0,313,0,21,21,0.7987220447284346,0.7987220447284346,0.0,0.0,0.0,0.7987220447258827,250,63,0,0
sem_erro,xgboost,oscilacao,60,20,20,235,235,139,96,0,235,0,27,27,0.7021276595744681,0.7021276595744681,0.0,0.0,0.0,0.7021276595714804,165,70,0,0
sem_erro,xgboost,oscilacao,60,25,25,188,188,110,78,0,188,0,22,22,0.7393617021276596,0.7393617021276596,0.0,0.0,0.0,0.7393617021237269,139,49,0,0
sem_erro,xgboost,oscilacao,60,30,30,157,157,90,67,0,157,0,16,16,0.6560509554140127,0.6560509554140127,0.0,0.0,0.0,0.6560509554098342,103,54,0,0
sem_erro,xgboost,oscilacao,60,35,35,135,135,81,54,0,135,0,18,18,0.6148148148148148,0.6148148148148148,0.0,0.0,0.0,0.6148148148102607,83,52,0,0
sem_erro,xgboost,oscilacao,60,40,40,118,118,72,46,0,118,0,15,15,0.5932203389830508,0.5932203389830508,0.0,0.0,0.0,0.5932203389780235,70,48,0,0
sem_erro,xgboost,oscilacao,60,45,45,105,105,61,44,0,105,0,15,15,0.6761904761904762,0.6761904761904762,0.0,0.0,0.0,0.6761904761840363,71,34,0,0
sem_erro,xgboost,oscilacao,60,50,50,94,94,56,38,0,94,0,13,13,0.6276595744680851,0.6276595744680851,0.0,0.0,0.0,0.6276595744614079,59,35,0,0
sem_erro,xgboost,oscilacao,60,55,55,86,86,52,34,0,86,0,16,16,0.5930232558139535,0.5930232558139535,0.0,0.0,0.0,0.5930232558070578,51,35,0,0
sem_erro,xgboost,oscilacao,60,60,60,79,79,45,34,0,79,0,13,13,0.5569620253164557,0.5569620253164557,0.0,0.0,0.0,0.5569620253094055,44,35,0,0
sem_erro,xgboost,oscilacao,70,5,5,937,937,586,351,0,937,0,42,42,0.7427961579509071,0.7427961579509071,0.0,0.0,0.0,0.7427961579501144,696,241,0,0
sem_erro,xgboost,oscilacao,70,10,10,469,469,293,176,0,469,0,31,31,0.6823027718550106,0.6823027718550106,0.0,0.0,0.0,0.6823027718535559,320,149,0,0
sem_erro,xgboost,oscilacao,70,15,15,313,313,197,116,0,313,0,24,24,0.6613418530351438,0.6613418530351438,0.0,0.0,0.0,0.6613418530330308,207,106,0,0
sem_erro,xgboost,oscilacao,70,20,20,235,235,148,87,0,235,0,24,24,0.6425531914893617,0.6425531914893617,0.0,0.0,0.0,0.6425531914866275,151,84,0,0
sem_erro,xgboost,oscilacao,70,25,25,188,188,117,71,0,188,0,24,24,0.648936170212766,0.648936170212766,0.0,0.0,0.0,0.6489361702093142,122,66,0,0
sem_erro,xgboost,oscilacao,70,30,30,157,157,97,60,0,157,0,14,14,0.643312101910828,0.643312101910828,0.0,0.0,0.0,0.6433121019067305,101,56,0,0
sem_erro,xgboost,oscilacao,70,35,35,134,134,84,50,0,134,0,14,14,0.6343283582089553,0.6343283582089553,0.0,0.0,0.0,0.6343283582042215,85,49,0,0
sem_erro,xgboost,oscilacao,70,40,40,118,118,76,42,0,118,0,16,16,0.5508474576271186,0.5508474576271186,0.0,0.0,0.0,0.5508474576224505,65,53,0,0
sem_erro,xgboost,oscilacao,70,45,45,105,105,64,41,0,105,0,16,16,0.6095238095238096,0.6095238095238096,0.0,0.0,0.0,0.6095238095180046,64,41,0,0
sem_erro,xgboost,oscilacao,70,50,50,94,94,57,37,0,94,0,11,11,0.574468085106383,0.574468085106383,0.0,0.0,0.0,0.5744680851002716,54,40,0,0
sem_erro,xgboost,oscilacao,70,55,55,86,86,53,33,0,86,0,15,15,0.5348837209302325,0.5348837209302325,0.0,0.0,0.0,0.5348837209240129,46,40,0,0
sem_erro,xgboost,oscilacao,70,60,60,79,79,48,31,0,79,0,12,12,0.46835443037974683,0.46835443037974683,0.0,0.0,0.0,0.4683544303738183,37,42,0,0
sem_erro,xgboost,oscilacao,70,65,65,73,73,46,27,0,73,0,10,10,0.5205479452054794,0.5205479452054794,0.0,0.0,0.0,0.5205479451983487,38,35,0,0
sem_erro,xgboost,oscilacao,70,70,70,67,67,41,26,0,67,0,12,12,0.6268656716417911,0.6268656716417911,0.0,0.0,0.0,0.6268656716324348,42,25,0,0
sem_erro,xgboost,oscilacao,80,5,5,935,935,613,322,0,935,0,36,36,0.6577540106951871,0.6577540106951871,0.0,0.0,0.0,0.6577540106944837,615,320,0,0
sem_erro,xgboost,oscilacao,80,10,10,468,468,306,162,0,468,0,35,35,0.6004273504273504,0.6004273504273504,0.0,0.0,0.0,0.6004273504260674,281,187,0,0
sem_erro,xgboost,oscilacao,80,15,15,312,312,207,105,0,312,0,29,29,0.5673076923076923,0.5673076923076923,0.0,0.0,0.0,0.5673076923058741,177,135,0,0
sem_erro,xgboost,oscilacao,80,20,20,234,234,152,82,0,234,0,21,21,0.5641025641025641,0.5641025641025641,0.0,0.0,0.0,0.5641025641001535,132,102,0,0
sem_erro,xgboost,oscilacao,80,25,25,187,187,123,64,0,187,0,22,22,0.5240641711229946,0.5240641711229946,0.0,0.0,0.0,0.5240641711201922,98,89,0,0
sem_erro,xgboost,oscilacao,80,30,30,156,156,102,54,0,156,0,17,17,0.5384615384615384,0.5384615384615384,0.0,0.0,0.0,0.5384615384580869,84,72,0,0
sem_erro,xgboost,oscilacao,80,35,35,134,134,86,48,0,134,0,16,16,0.5671641791044776,0.5671641791044776,0.0,0.0,0.0,0.5671641791002451,76,58,0,0
sem_erro,xgboost,oscilacao,80,40,40,117,117,77,40,0,117,0,15,15,0.5042735042735043,0.5042735042735043,0.0,0.0,0.0,0.5042735042691943,59,58,0,0
sem_erro,xgboost,oscilacao,80,45,45,104,104,69,35,0,104,0,15,15,0.47115384615384615,0.47115384615384615,0.0,0.0,0.0,0.4711538461493158,49,55,0,0
sem_erro,xgboost,oscilacao,80,50,50,94,94,59,35,0,94,0,13,13,0.5531914893617021,0.5531914893617021,0.0,0.0,0.0,0.5531914893558171,52,42,0,0
sem_erro,xgboost,oscilacao,80,55,55,85,85,57,28,0,85,0,12,12,0.3411764705882353,0.3411764705882353,0.0,0.0,0.0,0.34117647058422146,29,56,0,0
sem_erro,xgboost,oscilacao,80,60,60,78,78,49,29,0,78,0,10,10,0.47435897435897434,0.47435897435897434,0.0,0.0,0.0,0.4743589743528928,37,41,0,0
sem_erro,xgboost,oscilacao,80,65,65,72,72,48,24,0,72,0,12,12,0.3333333333333333,0.3333333333333333,0.0,0.0,0.0,0.3333333333287037,24,48,0,0
sem_erro,xgboost,oscilacao,80,70,70,67,67,41,26,0,67,0,11,11,0.6268656716417911,0.6268656716417911,0.0,0.0,0.0,0.6268656716324348,42,25,0,0
sem_erro,xgboost,oscilacao,80,75,75,63,63,44,19,0,63,0,7,7,0.3492063492063492,0.3492063492063492,0.0,0.0,0.0,0.3492063492008063,22,41,0,0
sem_erro,xgboost,oscilacao,80,80,80,59,59,40,19,0,59,0,8,8,0.4067796610169492,0.4067796610169492,0.0,0.0,0.0,0.4067796610100546,24,35,0,0
sem_erro,xgboost,oscilacao,90,5,5,933,933,638,295,0,933,0,43,43,0.5680600214362272,0.5680600214362272,0.0,0.0,0.0,0.5680600214356184,530,403,0,0
sem_erro,xgboost,oscilacao,90,10,10,467,467,319,148,0,467,0,30,30,0.5331905781584583,0.5331905781584583,0.0,0.0,0.0,0.5331905781573165,249,218,0,0
sem_erro,xgboost,oscilacao,90,15,15,311,311,213,98,0,311,0,22,22,0.5048231511254019,0.5048231511254019,0.0,0.0,0.0,0.5048231511237787,157,154,0,0
sem_erro,xgboost,oscilacao,90,20,20,234,234,161,73,0,234,0,22,22,0.5384615384615384,0.5384615384615384,0.0,0.0,0.0,0.5384615384592374,126,108,0,0
sem_erro,xgboost,oscilacao,90,25,25,187,187,127,60,0,187,0,22,22,0.46524064171123,0.46524064171123,0.0,0.0,0.0,0.4652406417087421,87,100,0,0
sem_erro,xgboost,oscilacao,90,30,30,156,156,104,52,0,156,0,16,16,0.4807692307692308,0.4807692307692308,0.0,0.0,0.0,0.48076923076614897,75,81,0,0
sem_erro,xgboost,oscilacao,90,35,35,134,134,91,43,0,134,0,18,18,0.4626865671641791,0.4626865671641791,0.0,0.0,0.0,0.46268656716072626,62,72,0,0
sem_erro,xgboost,oscilacao,90,40,40,117,117,82,35,0,117,0,9,9,0.3247863247863248,0.3247863247863248,0.0,0.0,0.0,0.32478632478354885,38,79,0,0
sem_erro,xgboost,oscilacao,90,45,45,104,104,72,32,0,104,0,12,12,0.41346153846153844,0.41346153846153844,0.0,0.0,0.0,0.41346153845756284,43,61,0,0
sem_erro,xgboost,oscilacao,90,50,50,94,94,61,33,0,94,0,10,10,0.5212765957446809,0.5212765957446809,0.0,0.0,0.0,0.5212765957391353,49,45,0,0
sem_erro,xgboost,oscilacao,90,55,55,85,85,59,26,0,85,0,12,12,0.25882352941176473,0.25882352941176473,0.0,0.0,0.0,0.2588235294087197,22,63,0,0
sem_erro,xgboost,oscilacao,90,60,60,78,78,51,27,0,78,0,7,7,0.4358974358974359,0.4358974358974359,0.0,0.0,0.0,0.43589743589184743,34,44,0,0
sem_erro,xgboost,oscilacao,90,65,65,72,72,49,23,0,72,0,9,9,0.2916666666666667,0.2916666666666667,0.0,0.0,0.0,0.2916666666626157,21,51,0,0
sem_erro,xgboost,oscilacao,90,70,70,67,67,44,23,0,67,0,14,14,0.40298507462686567,0.40298507462686567,0.0,0.0,0.0,0.4029850746208509,27,40,0,0
sem_erro,xgboost,oscilacao,90,75,75,63,63,45,18,0,63,0,9,9,0.2222222222222222,0.2222222222222222,0.0,0.0,0.0,0.2222222222186949,14,49,0,0
sem_erro,xgboost,oscilacao,90,80,80,59,59,43,16,0,59,0,13,13,0.3220338983050847,0.3220338983050847,0.0,0.0,0.0,0.3220338982996266,19,40,0,0
sem_erro,xgboost,oscilacao,90,85,85,55,55,38,17,0,55,0,6,6,0.36363636363636365,0.36363636363636365,0.0,0.0,0.0,0.3636363636297521,20,35,0,0
sem_erro,xgboost,oscilacao,90,90,90,52,52,37,15,0,52,0,6,6,0.2692307692307692,0.2692307692307692,0.0,0.0,0.0,0.26923076922559175,14,38,0,0
sem_erro,xgboost,oscilacao,100,5,5,931,931,662,269,0,931,0,36,36,0.4940923737916219,0.4940923737916219,0.0,0.0,0.0,0.4940923737910912,460,471,0,0
sem_erro,xgboost,oscilacao,100,10,10,466,466,331,135,0,466,0,30,30,0.5064377682403434,0.5064377682403434,0.0,0.0,0.0,0.5064377682392566,236,230,0,0
sem_erro,xgboost,oscilacao,100,15,15,311,311,222,89,0,311,0,20,20,0.4758842443729904,0.4758842443729904,0.0,0.0,0.0,0.4758842443714602,148,163,0,0
sem_erro,xgboost,oscilacao,100,20,20,233,233,164,69,0,233,0,20,20,0.4592274678111588,0.4592274678111588,0.0,0.0,0.0,0.4592274678091879,107,126,0,0
sem_erro,xgboost,oscilacao,100,25,25,187,187,132,55,0,187,0,13,13,0.45989304812834225,0.45989304812834225,0.0,0.0,0.0,0.45989304812588294,86,101,0,0
sem_erro,xgboost,oscilacao,100,30,30,156,156,109,47,0,156,0,13,13,0.4807692307692308,0.4807692307692308,0.0,0.0,0.0,0.48076923076614897,75,81,0,0
sem_erro,xgboost,oscilacao,100,35,35,133,133,93,40,0,133,0,19,19,0.38345864661654133,0.38345864661654133,0.0,0.0,0.0,0.38345864661365825,51,82,0,0
sem_erro,xgboost,oscilacao,100,40,40,117,117,85,32,0,117,0,16,16,0.3162393162393162,0.3162393162393162,0.0,0.0,0.0,0.31623931623661333,37,80,0,0
sem_erro,xgboost,oscilacao,100,45,45,104,104,74,30,0,104,0,12,12,0.47115384615384615,0.47115384615384615,0.0,0.0,0.0,0.4711538461493158,49,55,0,0
sem_erro,xgboost,oscilacao,100,50,50,94,94,65,29,0,94,0,11,11,0.44680851063829785,0.44680851063829785,0.0,0.0,0.0,0.4468085106335446,42,52,0,0
sem_erro,xgboost,oscilacao,100,55,55,85,85,61,24,0,85,0,11,11,0.32941176470588235,0.32941176470588235,0.0,0.0,0.0,0.3294117647020069,28,57,0,0
sem_erro,xgboost,oscilacao,100,60,60,78,78,53,25,0,78,0,10,10,0.5,0.5,0.0,0.0,0.0,0.49999999999358974,39,39,0,0
sem_erro,xgboost,oscilacao,100,65,65,72,72,50,22,0,72,0,8,8,0.3888888888888889,0.3888888888888889,0.0,0.0,0.0,0.38888888888348766,28,44,0,0
sem_erro,xgboost,oscilacao,100,70,70,67,67,47,20,0,67,0,9,9,0.29850746268656714,0.29850746268656714,0.0,0.0,0.0,0.2985074626821118,20,47,0,0
sem_erro,xgboost,oscilacao,100,75,75,63,63,46,17,0,63,0,11,11,0.2698412698412698,0.2698412698412698,0.0,0.0,0.0,0.26984126983698664,17,46,0,0
sem_erro,xgboost,oscilacao,100,80,80,59,59,43,16,0,59,0,10,10,0.3050847457627119,0.3050847457627119,0.0,0.0,0.0,0.30508474575754096,18,41,0,0
sem_erro,xgboost,oscilacao,100,85,85,55,55,39,16,0,55,0,6,6,0.32727272727272727,0.32727272727272727,0.0,0.0,0.0,0.32727272726677686,18,37,0,0
sem_erro,xgboost,oscilacao,100,90,90,52,52,38,14,0,52,0,9,9,0.38461538461538464,0.38461538461538464,0.0,0.0,0.0,0.38461538460798816,20,32,0,0
sem_erro,xgboost,oscilacao,100,95,95,49,49,34,15,0,49,0,8,8,0.16326530612244897,0.16326530612244897,0.0,0.0,0.0,0.16326530611911705,8,41,0,0
sem_erro,xgboost,oscilacao,100,100,100,47,47,32,15,0,47,0,9,9,0.48936170212765956,0.48936170212765956,0.0,0.0,0.0,0.48936170211724767,23,24,0,0
sem_erro,xgboost,queda,20,5,5,947,947,191,756,0,947,0,26,26,0.877507919746568,0.877507919746568,0.0,0.0,0.0,0.8775079197456415,831,116,0,0
sem_erro,xgboost,queda,20,10,10,474,474,97,377,0,474,0,18,18,0.879746835443038,0.879746835443038,0.0,0.0,0.0,0.879746835441182,417,57,0,0
sem_erro,xgboost,queda,20,15,15,316,316,64,252,0,316,0,14,14,0.8860759493670886,0.8860759493670886,0.0,0.0,0.0,0.8860759493642846,280,36,0,0
sem_erro,xgboost,queda,20,20,20,237,237,49,188,0,237,0,11,11,0.9029535864978903,0.9029535864978903,0.0,0.0,0.0,0.9029535864940804,214,23,0,0
sem_erro,xgboost,queda,30,5,5,945,945,233,712,0,945,0,25,25,0.8603174603174604,0.8603174603174604,0.0,0.0,0.0,0.86031746031655,813,132,0,0
sem_erro,xgboost,queda,30,10,10,473,473,118,355,0,473,0,19,19,0.8604651162790697,0.8604651162790697,0.0,0.0,0.0,0.8604651162772506,407,66,0,0
sem_erro,xgboost,queda,30,15,15,315,315,77,238,0,315,0,17,17,0.8412698412698413,0.8412698412698413,0.0,0.0,0.0,0.8412698412671706,265,50,0,0
sem_erro,xgboost,queda,30,20,20,237,237,63,174,0,237,0,18,18,0.8565400843881856,0.8565400843881856,0.0,0.0,0.0,0.8565400843845716,203,34,0,0
sem_erro,xgboost,queda,30,25,25,189,189,48,141,0,189,0,14,14,0.8518518518518519,0.8518518518518519,0.0,0.0,0.0,0.8518518518473448,161,28,0,0
sem_erro,xgboost,queda,30,30,30,158,158,41,117,0,158,0,13,13,0.8481012658227848,0.8481012658227848,0.0,0.0,0.0,0.8481012658174172,134,24,0,0
sem_erro,xgboost,queda,40,5,5,943,943,275,668,0,943,0,24,24,0.8377518557794273,0.8377518557794273,0.0,0.0,0.0,0.837751855778539,790,153,0,0
sem_erro,xgboost,queda,40,10,10,472,472,139,333,0,472,0,20,20,0.8199152542372882,0.8199152542372882,0.0,0.0,0.0,0.819915254235551,387,85,0,0
sem_erro,xgboost,queda,40,15,15,315,315,93,222,0,315,0,17,17,0.8031746031746032,0.8031746031746032,0.0,0.0,0.0,0.8031746031720535,253,62,0,0
sem_erro,xgboost,queda,40,20,20,236,236,70,166,0,236,0,11,11,0.8771186440677966,0.8771186440677966,0.0,0.0,0.0,0.87711864406408,207,29,0,0
sem_erro,xgboost,queda,40,25,25,189,189,55,134,0,189,0,13,13,0.8359788359788359,0.8359788359788359,0.0,0.0,0.0,0.8359788359744128,158,31,0,0
sem_erro,xgboost,queda,40,30,30,158,158,47,111,0,158,0,14,14,0.8037974683544303,0.8037974683544303,0.0,0.0,0.0,0.8037974683493431,127,31,0,0
sem_erro,xgboost,queda,40,35,35,135,135,39,96,0,135,0,11,11,0.8518518518518519,0.8518518518518519,0.0,0.0,0.0,0.8518518518455419,115,20,0,0
sem_erro,xgboost,queda,40,40,40,118,118,34,84,0,118,0,8,8,0.8898305084745762,0.8898305084745762,0.0,0.0,0.0,0.8898305084670353,105,13,0,0
sem_erro,xgboost,queda,50,5,5,941,941,313,628,0,941,0,21,21,0.8374070138150903,0.8374070138150903,0.0,0.0,0.0,0.8374070138142005,788,153,0,0
sem_erro,xgboost,queda,50,10,10,471,471,158,313,0,471,0,14,14,0.8174097664543525,0.8174097664543525,0.0,0.0,0.0,0.817409766452617,385,86,0,0
sem_erro,xgboost,queda,50,15,15,314,314,105,209,0,314,0,15,15,0.8089171974522293,0.8089171974522293,0.0,0.0,0.0,0.8089171974496532,254,60,0,0
sem_erro,xgboost,queda,50,20,20,236,236,83,153,0,236,0,12,12,0.8432203389830508,0.8432203389830508,0.0,0.0,0.0,0.8432203389794779,199,37,0,0
sem_erro,xgboost,queda,50,25,25,189,189,67,122,0,189,0,15,15,0.7724867724867724,0.7724867724867724,0.0,0.0,0.0,0.7724867724826853,146,43,0,0
sem_erro,xgboost,queda,50,30,30,157,157,55,102,0,157,0,14,14,0.7643312101910829,0.7643312101910829,0.0,0.0,0.0,0.7643312101862145,120,37,0,0
sem_erro,xgboost,queda,50,35,35,135,135,46,89,0,135,0,14,14,0.8222222222222222,0.8222222222222222,0.0,0.0,0.0,0.8222222222161317,111,24,0,0
sem_erro,xgboost,queda,50,40,40,118,118,40,78,0,118,0,8,8,0.864406779661017,0.864406779661017,0.0,0.0,0.0,0.8644067796536914,102,16,0,0
sem_erro,xgboost,queda,50,45,45,105,105,34,71,0,105,0,13,13,0.780952380952381,0.780952380952381,0.0,0.0,0.0,0.7809523809449432,82,23,0,0
sem_erro,xgboost,queda,50,50,50,95,95,33,62,0,95,0,11,11,0.7894736842105263,0.7894736842105263,0.0,0.0,0.0,0.7894736842022161,75,20,0,0
sem_erro,xgboost,queda,60,5,5,939,939,347,592,0,939,0,17,17,0.7987220447284346,0.7987220447284346,0.0,0.0,0.0,0.7987220447275839,750,189,0,0
sem_erro,xgboost,queda,60,10,10,470,470,175,295,0,470,0,15,15,0.7872340425531915,0.7872340425531915,0.0,0.0,0.0,0.7872340425515165,370,100,0,0
sem_erro,xgboost,queda,60,15,15,313,313,115,198,0,313,0,14,14,0.7635782747603834,0.7635782747603834,0.0,0.0,0.0,0.7635782747579438,239,74,0,0
sem_erro,xgboost,queda,60,20,20,235,235,88,147,0,235,0,13,13,0.825531914893617,0.825531914893617,0.0,0.0,0.0,0.8255319148901041,194,41,0,0
sem_erro,xgboost,queda,60,25,25,188,188,69,119,0,188,0,14,14,0.7446808510638298,0.7446808510638298,0.0,0.0,0.0,0.7446808510598688,140,48,0,0
sem_erro,xgboost,queda,60,30,30,157,157,60,97,0,157,0,16,16,0.7707006369426752,0.7707006369426752,0.0,0.0,0.0,0.7707006369377662,121,36,0,0
sem_erro,xgboost,queda,60,35,35,135,135,52,83,0,135,0,15,15,0.762962962962963,0.762962962962963,0.0,0.0,0.0,0.7629629629573115,103,32,0,0
sem_erro,xgboost,queda,60,40,40,118,118,43,75,0,118,0,13,13,0.7627118644067796,0.7627118644067796,0.0,0.0,0.0,0.762711864400316,90,28,0,0
sem_erro,xgboost,queda,60,45,45,105,105,39,66,0,105,0,12,12,0.7904761904761904,0.7904761904761904,0.0,0.0,0.0,0.7904761904686621,83,22,0,0
sem_erro,xgboost,queda,60,50,50,94,94,34,60,0,94,0,12,12,0.7659574468085106,0.7659574468085106,0.0,0.0,0.0,0.7659574468003622,72,22,0,0
sem_erro,xgboost,queda,60,55,55,86,86,30,56,0,86,0,10,10,0.8372093023255814,0.8372093023255814,0.0,0.0,0.0,0.8372093023158463,72,14,0,0
sem_erro,xgboost,queda,60,60,60,79,79,34,45,0,79,0,11,11,0.7974683544303798,0.7974683544303798,0.0,0.0,0.0,0.7974683544202852,63,16,0,0
sem_erro,xgboost,queda,70,5,5,937,937,378,559,0,937,0,18,18,0.7534685165421559,0.7534685165421559,0.0,0.0,0.0,0.7534685165413517,706,231,0,0
sem_erro,xgboost,queda,70,10,10,469,469,191,278,0,469,0,16,16,0.7569296375266524,0.7569296375266524,0.0,0.0,0.0,0.7569296375250385,355,114,0,0
sem_erro,xgboost,queda,70,15,15,313,313,127,186,0,313,0,16,16,0.744408945686901,0.744408945686901,0.0,0.0,0.0,0.7444089456845226,233,80,0,0
sem_erro,xgboost,queda,70,20,20,235,235,99,136,0,235,0,10,10,0.7957446808510639,0.7957446808510639,0.0,0.0,0.0,0.7957446808476777,187,48,0,0
sem_erro,xgboost,queda,70,25,25,188,188,75,113,0,188,0,13,13,0.723404255319149,0.723404255319149,0.0,0.0,0.0,0.7234042553153011,136,52,0,0
sem_erro,xgboost,queda,70,30,30,157,157,64,93,0,157,0,13,13,0.7388535031847133,0.7388535031847133,0.0,0.0,0.0,0.7388535031800073,116,41,0,0
sem_erro,xgboost,queda,70,35,35,134,134,56,78,0,134,0,13,13,0.7388059701492538,0.7388059701492538,0.0,0.0,0.0,0.7388059701437403,99,35,0,0
sem_erro,xgboost,queda,70,40,40,118,118,48,70,0,118,0,13,13,0.7966101694915254,0.7966101694915254,0.0,0.0,0.0,0.7966101694847745,94,24,0,0
sem_erro,xgboost,queda,70,45,45,105,105,46,59,0,105,0,13,13,0.7142857142857143,0.7142857142857143,0.0,0.0,0.0,0.7142857142789115,75,30,0,0
sem_erro,xgboost,queda,70,50,50,94,94,38,56,0,94,0,11,11,0.7553191489361702,0.7553191489361702,0.0,0.0,0.0,0.7553191489281349,71,23,0,0
sem_erro,xgboost,queda,70,55,55,86,86,32,54,0,86,0,10,10,0.7906976744186046,0.7906976744186046,0.0,0.0,0.0,0.7906976744094104,68,18,0,0
sem_erro,xgboost,queda,70,60,60,79,79,36,43,0,79,0,9,9,0.7974683544303798,0.7974683544303798,0.0,0.0,0.0,0.7974683544202852,63,16,0,0
sem_erro,xgboost,queda,70,65,65,73,73,27,46,0,73,0,8,8,0.8356164383561644,0.8356164383561644,0.0,0.0,0.0,0.8356164383447175,61,12,0,0
sem_erro,xgboost,queda,70,70,70,67,67,27,40,0,67,0,8,8,0.7611940298507462,0.7611940298507462,0.0,0.0,0.0,0.7611940298393851,51,16,0,0
sem_erro,xgboost,queda,80,5,5,935,935,408,527,0,935,0,18,18,0.7144385026737968,0.7144385026737968,0.0,0.0,0.0,0.7144385026730327,668,267,0,0
sem_erro,xgboost,queda,80,10,10,468,468,206,262,0,468,0,19,19,0.7307692307692307,0.7307692307692307,0.0,0.0,0.0,0.7307692307676693,342,126,0,0
sem_erro,xgboost,queda,80,15,15,312,312,137,175,0,312,0,13,13,0.7147435897435898,0.7147435897435898,0.0,0.0,0.0,0.7147435897412989,223,89,0,0
sem_erro,xgboost,queda,80,20,20,234,234,103,131,0,234,0,11,11,0.7991452991452992,0.7991452991452992,0.0,0.0,0.0,0.799145299141884,187,47,0,0
sem_erro,xgboost,queda,80,25,25,187,187,83,104,0,187,0,14,14,0.7005347593582888,0.7005347593582888,0.0,0.0,0.0,0.7005347593545427,131,56,0,0
sem_erro,xgboost,queda,80,30,30,156,156,70,86,0,156,0,12,12,0.7307692307692307,0.7307692307692307,0.0,0.0,0.0,0.7307692307645464,114,42,0,0
sem_erro,xgboost,queda,80,35,35,134,134,59,75,0,134,0,13,13,0.7238805970149254,0.7238805970149254,0.0,0.0,0.0,0.7238805970095233,97,37,0,0
sem_erro,xgboost,queda,80,40,40,117,117,50,67,0,117,0,13,13,0.7863247863247863,0.7863247863247863,0.0,0.0,0.0,0.7863247863180656,92,25,0,0
sem_erro,xgboost,queda,80,45,45,104,104,46,58,0,104,0,10,10,0.7115384615384616,0.7115384615384616,0.0,0.0,0.0,0.7115384615316198,74,30,0,0
sem_erro,xgboost,queda,80,50,50,94,94,42,52,0,94,0,9,9,0.7553191489361702,0.7553191489361702,0.0,0.0,0.0,0.7553191489281349,71,23,0,0
sem_erro,xgboost,queda,80,55,55,85,85,38,47,0,85,0,7,7,0.7647058823529411,0.7647058823529411,0.0,0.0,0.0,0.7647058823439447,65,20,0,0
sem_erro,xgboost,queda,80,60,60,78,78,35,43,0,78,0,8,8,0.8076923076923077,0.8076923076923077,0.0,0.0,0.0,0.8076923076819527,63,15,0,0
sem_erro,xgboost,queda,80,65,65,72,72,27,45,0,72,0,9,9,0.8611111111111112,0.8611111111111112,0.0,0.0,0.0,0.8611111110991512,62,10,0,0
sem_erro,xgboost,queda,80,70,70,67,67,29,38,0,67,0,13,13,0.6716417910447762,0.6716417910447762,0.0,0.0,0.0,0.6716417910347516,45,22,0,0
sem_erro,xgboost,queda,80,75,75,63,63,29,34,0,63,0,6,6,0.7619047619047619,0.7619047619047619,0.0,0.0,0.0,0.7619047618926682,48,15,0,0
sem_erro,xgboost,queda,80,80,80,59,59,26,33,0,59,0,8,8,0.864406779661017,0.864406779661017,0.0,0.0,0.0,0.864406779646366,51,8,0,0
sem_erro,xgboost,queda,90,5,5,933,933,437,496,0,933,0,15,15,0.684887459807074,0.684887459807074,0.0,0.0,0.0,0.6848874598063399,639,294,0,0
sem_erro,xgboost,queda,90,10,10,467,467,220,247,0,467,0,13,13,0.6873661670235546,0.6873661670235546,0.0,0.0,0.0,0.6873661670220828,321,146,0,0
sem_erro,xgboost,queda,90,15,15,311,311,144,167,0,311,0,11,11,0.6881028938906752,0.6881028938906752,0.0,0.0,0.0,0.6881028938884627,214,97,0,0
sem_erro,xgboost,queda,90,20,20,234,234,113,121,0,234,0,9,9,0.7564102564102564,0.7564102564102564,0.0,0.0,0.0,0.756410256407024,177,57,0,0
sem_erro,xgboost,queda,90,25,25,187,187,88,99,0,187,0,12,12,0.6737967914438503,0.6737967914438503,0.0,0.0,0.0,0.6737967914402471,126,61,0,0
sem_erro,xgboost,queda,90,30,30,156,156,74,82,0,156,0,8,8,0.6858974358974359,0.6858974358974359,0.0,0.0,0.0,0.6858974358930392,107,49,0,0
sem_erro,xgboost,queda,90,35,35,134,134,65,69,0,134,0,13,13,0.746268656716418,0.746268656716418,0.0,0.0,0.0,0.7462686567108489,100,34,0,0
sem_erro,xgboost,queda,90,40,40,117,117,56,61,0,117,0,11,11,0.7863247863247863,0.7863247863247863,0.0,0.0,0.0,0.7863247863180656,92,25,0,0
sem_erro,xgboost,queda,90,45,45,104,104,48,56,0,104,0,10,10,0.7115384615384616,0.7115384615384616,0.0,0.0,0.0,0.7115384615316198,74,30,0,0
sem_erro,xgboost,queda,90,50,50,94,94,43,51,0,94,0,9,9,0.7340425531914894,0.7340425531914894,0.0,0.0,0.0,0.7340425531836804,69,25,0,0
sem_erro,xgboost,queda,90,55,55,85,85,38,47,0,85,0,6,6,0.8,0.8,0.0,0.0,0.0,0.7999999999905882,68,17,0,0
sem_erro,xgboost,queda,90,60,60,78,78,36,42,0,78,0,8,8,0.7692307692307693,0.7692307692307693,0.0,0.0,0.0,0.7692307692209073,60,18,0,0
sem_erro,xgboost,queda,90,65,65,72,72,33,39,0,72,0,9,9,0.7916666666666666,0.7916666666666666,0.0,0.0,0.0,0.7916666666556712,57,15,0,0
sem_erro,xgboost,queda,90,70,70,67,67,33,34,0,67,0,11,11,0.6567164179104478,0.6567164179104478,0.0,0.0,0.0,0.6567164179006459,44,23,0,0
sem_erro,xgboost,queda,90,75,75,63,63,30,33,0,63,0,9,9,0.6666666666666666,0.6666666666666666,0.0,0.0,0.0,0.6666666666560846,42,21,0,0
sem_erro,xgboost,queda,90,80,80,59,59,28,31,0,59,0,8,8,0.8305084745762712,0.8305084745762712,0.0,0.0,0.0,0.8305084745621948,49,10,0,0
sem_erro,xgboost,queda,90,85,85,55,55,25,30,0,55,0,6,6,0.8363636363636363,0.8363636363636363,0.0,0.0,0.0,0.8363636363484298,46,9,0,0
sem_erro,xgboost,queda,90,90,90,52,52,24,28,0,52,0,5,5,0.7307692307692307,0.7307692307692307,0.0,0.0,0.0,0.7307692307551775,38,14,0,0
sem_erro,xgboost,queda,100,5,5,931,931,464,467,0,931,0,11,11,0.664876476906552,0.664876476906552,0.0,0.0,0.0,0.664876476905838,619,312,0,0
sem_erro,xgboost,queda,100,10,10,466,466,234,232,0,466,0,9,9,0.6630901287553648,0.6630901287553648,0.0,0.0,0.0,0.6630901287539419,309,157,0,0
sem_erro,xgboost,queda,100,15,15,311,311,156,155,0,311,0,10,10,0.662379421221865,0.662379421221865,0.0,0.0,0.0,0.6623794212197351,206,105,0,0
sem_erro,xgboost,queda,100,20,20,233,233,117,116,0,233,0,9,9,0.7725321888412017,0.7725321888412017,0.0,0.0,0.0,0.7725321888378862,180,53,0,0
sem_erro,xgboost,queda,100,25,25,187,187,96,91,0,187,0,9,9,0.6524064171122995,0.6524064171122995,0.0,0.0,0.0,0.6524064171088106,122,65,0,0
sem_erro,xgboost,queda,100,30,30,156,156,78,78,0,156,0,7,7,0.6794871794871795,0.6794871794871795,0.0,0.0,0.0,0.6794871794828239,106,50,0,0
sem_erro,xgboost,queda,100,35,35,133,133,69,64,0,133,0,17,17,0.631578947368421,0.631578947368421,0.0,0.0,0.0,0.6315789473636724,84,49,0,0
sem_erro,xgboost,queda,100,40,40,117,117,58,59,0,117,0,7,7,0.7094017094017094,0.7094017094017094,0.0,0.0,0.0,0.7094017093956461,83,34,0,0
sem_erro,xgboost,queda,100,45,45,104,104,51,53,0,104,0,8,8,0.6923076923076923,0.6923076923076923,0.0,0.0,0.0,0.6923076923010355,72,32,0,0
sem_erro,xgboost,queda,100,50,50,94,94,48,46,0,94,0,5,5,0.6595744680851063,0.6595744680851063,0.0,0.0,0.0,0.6595744680780896,62,32,0,0
sem_erro,xgboost,queda,100,55,55,85,85,41,44,0,85,0,5,5,0.7411764705882353,0.7411764705882353,0.0,0.0,0.0,0.7411764705795155,63,22,0,0
sem_erro,xgboost,queda,100,60,60,78,78,38,40,0,78,0,6,6,0.7435897435897436,0.7435897435897436,0.0,0.0,0.0,0.7435897435802103,58,20,0,0
sem_erro,xgboost,queda,100,65,65,72,72,36,36,0,72,0,8,8,0.8194444444444444,0.8194444444444444,0.0,0.0,0.0,0.8194444444330632,59,13,0,0
sem_erro,xgboost,queda,100,70,70,67,67,36,31,0,67,0,10,10,0.6417910447761194,0.6417910447761194,0.0,0.0,0.0,0.6417910447665404,43,24,0,0
sem_erro,xgboost,queda,100,75,75,63,63,33,30,0,63,0,3,3,0.6984126984126984,0.6984126984126984,0.0,0.0,0.0,0.6984126984016126,44,19,0,0
sem_erro,xgboost,queda,100,80,80,59,59,30,29,0,59,0,6,6,0.7627118644067796,0.7627118644067796,0.0,0.0,0.0,0.7627118643938524,45,14,0,0
sem_erro,xgboost,queda,100,85,85,55,55,25,30,0,55,0,6,6,0.8363636363636363,0.8363636363636363,0.0,0.0,0.0,0.8363636363484298,46,9,0,0
sem_erro,xgboost,queda,100,90,90,52,52,25,27,0,52,0,4,4,0.75,0.75,0.0,0.0,0.0,0.749999999985577,39,13,0,0
sem_erro,xgboost,queda,100,95,95,49,49,25,24,0,49,0,3,3,0.6530612244897959,0.6530612244897959,0.0,0.0,0.0,0.6530612244764682,32,17,0,0
sem_erro,xgboost,queda,100,100,100,47,47,23,24,0,47,0,6,6,0.6595744680851063,0.6595744680851063,0.0,0.0,0.0,0.6595744680710729,31,16,0,0
