teste,modelo,falha,janela,passo_cfg,passo_real,amostras_treino,amostras_teste,positivos_treino,negativos_treino,positivos_teste,negativos_teste,eventos_reais_teste,eventos_detectados,diferenca_eventos,accuracy,balanced_accuracy,precision_pos,recall_pos,f1_pos,specificity,tn,fp,fn,tp
com_erro,catboost,lacuna,20,5,5,947,947,266,681,270,677,20,20,0,1.0,1.0,1.0,1.0,1.0,0.999999999998523,677,0,0,270
com_erro,catboost,lacuna,20,10,10,474,474,133,341,136,338,20,20,0,1.0,1.0,1.0,1.0,1.0,0.9999999999970415,338,0,0,136
com_erro,catboost,lacuna,20,15,15,316,316,89,227,91,225,20,20,0,1.0,1.0,1.0,1.0,1.0,0.9999999999955556,225,0,0,91
com_erro,catboost,lacuna,20,20,20,237,237,65,172,69,168,19,19,0,1.0,1.0,1.0,1.0,1.0,0.9999999999940477,168,0,0,69
com_erro,catboost,lacuna,30,5,5,945,945,304,641,308,637,20,20,0,1.0,1.0,1.0,1.0,1.0,0.9999999999984301,637,0,0,308
com_erro,catboost,lacuna,30,10,10,473,473,152,321,155,318,20,20,0,1.0,1.0,1.0,1.0,1.0,0.9999999999968554,318,0,0,155
com_erro,catboost,lacuna,30,15,15,315,315,100,215,99,216,19,19,0,1.0,1.0,1.0,1.0,1.0,0.9999999999953704,216,0,0,99
com_erro,catboost,lacuna,30,20,20,237,237,77,160,78,159,20,20,0,1.0,1.0,1.0,1.0,1.0,0.9999999999937108,159,0,0,78
com_erro,catboost,lacuna,30,25,25,189,189,61,128,62,127,18,18,0,1.0,1.0,1.0,1.0,1.0,0.999999999992126,127,0,0,62
com_erro,catboost,lacuna,30,30,30,158,158,49,109,52,106,18,18,0,0.9936708860759493,0.9903846153846154,1.0,0.9807692307692307,0.9902912621359223,0.999999999990566,106,0,1,51
com_erro,catboost,lacuna,40,5,5,943,943,339,604,346,597,19,19,0,1.0,1.0,1.0,1.0,1.0,0.999999999998325,597,0,0,346
com_erro,catboost,lacuna,40,10,10,472,472,169,303,174,298,19,19,0,1.0,1.0,1.0,1.0,1.0,0.9999999999966444,298,0,0,174
com_erro,catboost,lacuna,40,15,15,315,315,113,202,116,199,18,18,0,1.0,1.0,1.0,1.0,1.0,0.9999999999949749,199,0,0,116
com_erro,catboost,lacuna,40,20,20,236,236,83,153,88,148,17,17,0,1.0,1.0,1.0,1.0,1.0,0.9999999999932433,148,0,0,88
com_erro,catboost,lacuna,40,25,25,189,189,68,121,67,122,17,17,0,1.0,1.0,1.0,1.0,1.0,0.9999999999918032,122,0,0,67
com_erro,catboost,lacuna,40,30,30,158,158,56,102,57,101,18,18,0,0.9936708860759493,0.9912280701754386,1.0,0.9824561403508771,0.9911504424778761,0.9999999999900989,101,0,1,56
com_erro,catboost,lacuna,40,35,35,135,135,50,85,49,86,16,16,0,1.0,1.0,1.0,1.0,1.0,0.9999999999883721,86,0,0,49
com_erro,catboost,lacuna,40,40,40,118,118,42,76,47,71,16,17,1,0.9915254237288136,0.9893617021276595,1.0,0.9787234042553191,0.989247311827957,0.9999999999859155,71,0,1,46
com_erro,catboost,lacuna,50,5,5,941,941,371,570,381,560,17,17,0,1.0,1.0,1.0,1.0,1.0,0.9999999999982143,560,0,0,381
com_erro,catboost,lacuna,50,10,10,471,471,185,286,192,279,17,17,0,1.0,1.0,1.0,1.0,1.0,0.9999999999964158,279,0,0,192
com_erro,catboost,lacuna,50,15,15,314,314,125,189,128,186,17,17,0,1.0,1.0,1.0,1.0,1.0,0.9999999999946237,186,0,0,128
com_erro,catboost,lacuna,50,20,20,236,236,94,142,97,139,17,17,0,1.0,1.0,1.0,1.0,1.0,0.9999999999928059,139,0,0,97
com_erro,catboost,lacuna,50,25,25,189,189,76,113,77,112,16,16,0,1.0,1.0,1.0,1.0,1.0,0.9999999999910714,112,0,0,77
com_erro,catboost,lacuna,50,30,30,157,157,63,94,65,92,17,18,1,0.9872611464968153,0.9846153846153847,1.0,0.9692307692307692,0.984375,0.9999999999891304,92,0,2,63
com_erro,catboost,lacuna,50,35,35,135,135,55,80,56,79,15,15,0,1.0,1.0,1.0,1.0,1.0,0.9999999999873417,79,0,0,56
com_erro,catboost,lacuna,50,40,40,118,118,46,72,49,69,16,16,0,1.0,1.0,1.0,1.0,1.0,0.9999999999855071,69,0,0,49
com_erro,catboost,lacuna,50,45,45,105,105,41,64,41,64,17,17,0,1.0,1.0,1.0,1.0,1.0,0.9999999999843749,64,0,0,41
com_erro,catboost,lacuna,50,50,50,95,95,38,57,40,55,15,15,0,1.0,1.0,1.0,1.0,1.0,0.9999999999818182,55,0,0,40
com_erro,catboost,lacuna,60,5,5,939,939,400,539,413,526,17,17,0,1.0,1.0,1.0,1.0,1.0,0.9999999999980989,526,0,0,413
com_erro,catboost,lacuna,60,10,10,470,470,200,270,208,262,16,16,0,1.0,1.0,1.0,1.0,1.0,0.9999999999961833,262,0,0,208
com_erro,catboost,lacuna,60,15,15,313,313,133,180,135,178,16,16,0,1.0,1.0,1.0,1.0,1.0,0.999999999994382,178,0,0,135
com_erro,catboost,lacuna,60,20,20,235,235,99,136,105,130,15,15,0,1.0,1.0,1.0,1.0,1.0,0.9999999999923078,130,0,0,105
com_erro,catboost,lacuna,60,25,25,188,188,81,107,80,108,16,16,0,1.0,1.0,1.0,1.0,1.0,0.9999999999907407,108,0,0,80
com_erro,catboost,lacuna,60,30,30,157,157,65,92,70,87,16,16,0,0.9936305732484076,0.9928571428571429,1.0,0.9857142857142858,0.9928057553956835,0.9999999999885058,87,0,1,69
com_erro,catboost,lacuna,60,35,35,135,135,58,77,61,74,15,15,0,1.0,1.0,1.0,1.0,1.0,0.9999999999864865,74,0,0,61
com_erro,catboost,lacuna,60,40,40,118,118,49,69,52,66,15,15,0,1.0,1.0,1.0,1.0,1.0,0.9999999999848485,66,0,0,52
com_erro,catboost,lacuna,60,45,45,105,105,44,61,43,62,15,15,0,1.0,1.0,1.0,1.0,1.0,0.999999999983871,62,0,0,43
com_erro,catboost,lacuna,60,50,50,94,94,40,54,41,53,14,14,0,1.0,1.0,1.0,1.0,1.0,0.9999999999811321,53,0,0,41
com_erro,catboost,lacuna,60,55,55,86,86,37,49,38,48,15,15,0,1.0,1.0,1.0,1.0,1.0,0.9999999999791668,48,0,0,38
com_erro,catboost,lacuna,60,60,60,79,79,32,47,37,42,14,14,0,1.0,1.0,1.0,1.0,1.0,0.9999999999761906,42,0,0,37
com_erro,catboost,lacuna,70,5,5,937,937,426,511,444,493,16,16,0,1.0,1.0,1.0,1.0,1.0,0.9999999999979716,493,0,0,444
com_erro,catboost,lacuna,70,10,10,469,469,213,256,223,246,15,15,0,1.0,1.0,1.0,1.0,1.0,0.999999999995935,246,0,0,223
com_erro,catboost,lacuna,70,15,15,313,313,142,171,149,164,15,15,0,1.0,1.0,1.0,1.0,1.0,0.9999999999939025,164,0,0,149
com_erro,catboost,lacuna,70,20,20,235,235,107,128,113,122,15,15,0,1.0,1.0,1.0,1.0,1.0,0.9999999999918032,122,0,0,113
com_erro,catboost,lacuna,70,25,25,188,188,88,100,90,98,14,14,0,1.0,1.0,1.0,1.0,1.0,0.9999999999897958,98,0,0,90
com_erro,catboost,lacuna,70,30,30,157,157,70,87,74,83,14,14,0,0.9936305732484076,0.9932432432432432,1.0,0.9864864864864865,0.9931972789115646,0.9999999999879517,83,0,1,73
com_erro,catboost,lacuna,70,35,35,134,134,62,72,63,71,14,14,0,1.0,1.0,1.0,1.0,1.0,0.9999999999859155,71,0,0,63
com_erro,catboost,lacuna,70,40,40,118,118,54,64,58,60,14,14,0,1.0,1.0,1.0,1.0,1.0,0.9999999999833334,60,0,0,58
com_erro,catboost,lacuna,70,45,45,105,105,49,56,50,55,13,13,0,1.0,1.0,1.0,1.0,1.0,0.9999999999818182,55,0,0,50
com_erro,catboost,lacuna,70,50,50,94,94,44,50,46,48,13,13,0,1.0,1.0,1.0,1.0,1.0,0.9999999999791668,48,0,0,46
com_erro,catboost,lacuna,70,55,55,86,86,40,46,39,47,14,14,0,1.0,1.0,1.0,1.0,1.0,0.9999999999787235,47,0,0,39
com_erro,catboost,lacuna,70,60,60,79,79,35,44,38,41,14,14,0,1.0,1.0,1.0,1.0,1.0,0.9999999999756098,41,0,0,38
com_erro,catboost,lacuna,70,65,65,73,73,33,40,34,39,15,15,0,1.0,1.0,1.0,1.0,1.0,0.9999999999743591,39,0,0,34
com_erro,catboost,lacuna,70,70,70,67,67,32,35,32,35,13,13,0,1.0,1.0,1.0,1.0,1.0,0.9999999999714286,35,0,0,32
com_erro,catboost,lacuna,80,5,5,935,935,450,485,473,462,14,14,0,1.0,1.0,1.0,1.0,1.0,0.9999999999978355,462,0,0,473
com_erro,catboost,lacuna,80,10,10,468,468,225,243,237,231,14,14,0,1.0,1.0,1.0,1.0,1.0,0.999999999995671,231,0,0,237
com_erro,catboost,lacuna,80,15,15,312,312,152,160,159,153,14,14,0,1.0,1.0,1.0,1.0,1.0,0.9999999999934641,153,0,0,159
com_erro,catboost,lacuna,80,20,20,234,234,112,122,119,115,14,14,0,1.0,1.0,1.0,1.0,1.0,0.9999999999913043,115,0,0,119
com_erro,catboost,lacuna,80,25,25,187,187,91,96,95,92,13,13,0,1.0,1.0,1.0,1.0,1.0,0.9999999999891304,92,0,0,95
com_erro,catboost,lacuna,80,30,30,156,156,76,80,81,75,14,14,0,0.9935897435897436,0.9938271604938271,1.0,0.9876543209876543,0.9937888198757764,0.9999999999866667,75,0,1,80
com_erro,catboost,lacuna,80,35,35,134,134,67,67,67,67,13,13,0,1.0,1.0,1.0,1.0,1.0,0.9999999999850746,67,0,0,67
com_erro,catboost,lacuna,80,40,40,117,117,56,61,62,55,13,13,0,1.0,1.0,1.0,1.0,1.0,0.9999999999818182,55,0,0,62
com_erro,catboost,lacuna,80,45,45,104,104,51,53,52,52,13,13,0,1.0,1.0,1.0,1.0,1.0,0.9999999999807693,52,0,0,52
com_erro,catboost,lacuna,80,50,50,94,94,46,48,49,45,13,13,0,1.0,1.0,1.0,1.0,1.0,0.9999999999777779,45,0,0,49
com_erro,catboost,lacuna,80,55,55,85,85,42,43,43,42,14,14,0,1.0,1.0,1.0,1.0,1.0,0.9999999999761906,42,0,0,43
com_erro,catboost,lacuna,80,60,60,78,78,38,40,39,39,13,13,0,1.0,1.0,1.0,1.0,1.0,0.9999999999743591,39,0,0,39
com_erro,catboost,lacuna,80,65,65,72,72,34,38,37,35,13,14,1,0.9722222222222222,0.972972972972973,1.0,0.9459459459459459,0.9722222222222222,0.9999999999714286,35,0,2,35
com_erro,catboost,lacuna,80,70,70,67,67,34,33,33,34,13,13,0,1.0,1.0,1.0,1.0,1.0,0.9999999999705883,34,0,0,33
com_erro,catboost,lacuna,80,75,75,63,63,30,33,34,29,12,12,0,0.9682539682539683,0.9705882352941176,1.0,0.9411764705882353,0.9696969696969697,0.9999999999655173,29,0,2,32
com_erro,catboost,lacuna,80,80,80,59,59,28,31,31,28,12,12,0,1.0,1.0,1.0,1.0,1.0,0.9999999999642857,28,0,0,31
com_erro,catboost,lacuna,90,5,5,933,933,473,460,499,434,14,14,0,1.0,1.0,1.0,1.0,1.0,0.9999999999976958,434,0,0,499
com_erro,catboost,lacuna,90,10,10,467,467,237,230,250,217,14,14,0,1.0,1.0,1.0,1.0,1.0,0.9999999999953918,217,0,0,250
com_erro,catboost,lacuna,90,15,15,311,311,157,154,164,147,13,13,0,1.0,1.0,1.0,1.0,1.0,0.9999999999931973,147,0,0,164
com_erro,catboost,lacuna,90,20,20,234,234,119,115,127,107,13,13,0,1.0,1.0,1.0,1.0,1.0,0.9999999999906541,107,0,0,127
com_erro,catboost,lacuna,90,25,25,187,187,96,91,99,88,13,13,0,1.0,1.0,1.0,1.0,1.0,0.9999999999886363,88,0,0,99
com_erro,catboost,lacuna,90,30,30,156,156,78,78,85,71,13,13,0,0.9935897435897436,0.9941176470588236,1.0,0.9882352941176471,0.9940828402366864,0.9999999999859155,71,0,1,84
com_erro,catboost,lacuna,90,35,35,134,134,70,64,73,61,13,13,0,1.0,1.0,1.0,1.0,1.0,0.9999999999836067,61,0,0,73
com_erro,catboost,lacuna,90,40,40,117,117,59,58,64,53,13,13,0,1.0,1.0,1.0,1.0,1.0,0.9999999999811321,53,0,0,64
com_erro,catboost,lacuna,90,45,45,104,104,53,51,56,48,12,12,0,1.0,1.0,1.0,1.0,1.0,0.9999999999791668,48,0,0,56
com_erro,catboost,lacuna,90,50,50,94,94,49,45,52,42,13,13,0,1.0,1.0,1.0,1.0,1.0,0.9999999999761906,42,0,0,52
com_erro,catboost,lacuna,90,55,55,85,85,45,40,46,39,12,13,1,0.9882352941176471,0.9891304347826086,1.0,0.9782608695652174,0.989010989010989,0.9999999999743591,39,0,1,45
com_erro,catboost,lacuna,90,60,60,78,78,40,38,40,38,12,12,0,1.0,1.0,1.0,1.0,1.0,0.9999999999736843,38,0,0,40
com_erro,catboost,lacuna,90,65,65,72,72,36,36,38,34,13,13,0,0.9861111111111112,0.986842105263158,1.0,0.9736842105263158,0.9866666666666667,0.9999999999705883,34,0,1,37
com_erro,catboost,lacuna,90,70,70,67,67,37,30,36,31,13,13,0,1.0,1.0,1.0,1.0,1.0,0.9999999999677419,31,0,0,36
com_erro,catboost,lacuna,90,75,75,63,63,32,31,35,28,11,11,0,1.0,1.0,1.0,1.0,1.0,0.9999999999642857,28,0,0,35
com_erro,catboost,lacuna,90,80,80,59,59,29,30,33,26,12,12,0,1.0,1.0,1.0,1.0,1.0,0.9999999999615384,26,0,0,33
com_erro,catboost,lacuna,90,85,85,55,55,28,27,30,25,12,12,0,1.0,1.0,1.0,1.0,1.0,0.99999999996,25,0,0,30
com_erro,catboost,lacuna,90,90,90,52,52,25,27,31,21,11,12,1,0.9615384615384616,0.967741935483871,1.0,0.9354838709677419,0.9666666666666667,0.999999999952381,21,0,2,29
com_erro,catboost,lacuna,100,5,5,931,931,491,440,524,407,13,13,0,1.0,1.0,1.0,1.0,1.0,0.9999999999975431,407,0,0,524
com_erro,catboost,lacuna,100,10,10,466,466,246,220,263,203,13,13,0,1.0,1.0,1.0,1.0,1.0,0.9999999999950739,203,0,0,263
com_erro,catboost,lacuna,100,15,15,311,311,163,148,175,136,13,13,0,1.0,1.0,1.0,1.0,1.0,0.9999999999926471,136,0,0,175
com_erro,catboost,lacuna,100,20,20,233,233,123,110,132,101,13,13,0,1.0,1.0,1.0,1.0,1.0,0.9999999999900989,101,0,0,132
com_erro,catboost,lacuna,100,25,25,187,187,98,89,105,82,13,13,0,1.0,1.0,1.0,1.0,1.0,0.9999999999878049,82,0,0,105
com_erro,catboost,lacuna,100,30,30,156,156,80,76,87,69,13,13,0,0.9935897435897436,0.9942528735632183,1.0,0.9885057471264368,0.9942196531791907,0.9999999999855071,69,0,1,86
com_erro,catboost,lacuna,100,35,35,133,133,72,61,74,59,13,13,0,1.0,1.0,1.0,1.0,1.0,0.9999999999830509,59,0,0,74
com_erro,catboost,lacuna,100,40,40,117,117,61,56,66,51,13,13,0,1.0,1.0,1.0,1.0,1.0,0.9999999999803922,51,0,0,66
com_erro,catboost,lacuna,100,45,45,104,104,56,48,57,47,12,12,0,1.0,1.0,1.0,1.0,1.0,0.9999999999787235,47,0,0,57
com_erro,catboost,lacuna,100,50,50,94,94,50,44,54,40,12,12,0,1.0,1.0,1.0,1.0,1.0,0.9999999999750001,40,0,0,54
com_erro,catboost,lacuna,100,55,55,85,85,46,39,50,35,11,11,0,0.9882352941176471,0.99,1.0,0.98,0.98989898989899,0.9999999999714286,35,0,1,49
com_erro,catboost,lacuna,100,60,60,78,78,42,36,41,37,12,12,0,1.0,1.0,1.0,1.0,1.0,0.9999999999729731,37,0,0,41
com_erro,catboost,lacuna,100,65,65,72,72,37,35,40,32,13,13,0,0.9861111111111112,0.9875,1.0,0.975,0.9873417721518988,0.9999999999687501,32,0,1,39
com_erro,catboost,lacuna,100,70,70,67,67,37,30,36,31,13,13,0,1.0,1.0,1.0,1.0,1.0,0.9999999999677419,31,0,0,36
com_erro,catboost,lacuna,100,75,75,63,63,34,29,38,25,11,11,0,1.0,1.0,1.0,1.0,1.0,0.99999999996,25,0,0,38
com_erro,catboost,lacuna,100,80,80,59,59,31,28,34,25,12,12,0,0.9491525423728814,0.9558823529411764,1.0,0.9117647058823529,0.9538461538461539,0.99999999996,25,0,3,31
com_erro,catboost,lacuna,100,85,85,55,55,30,25,32,23,11,11,0,0.9636363636363636,0.96875,1.0,0.9375,0.967741935483871,0.9999999999565218,23,0,2,30
com_erro,catboost,lacuna,100,90,90,52,52,26,26,31,21,11,11,0,1.0,1.0,1.0,1.0,1.0,0.999999999952381,21,0,0,31
com_erro,catboost,lacuna,100,95,95,49,49,25,24,27,22,10,10,0,0.9795918367346939,0.9814814814814814,1.0,0.9629629629629629,0.9811320754716981,0.9999999999545455,22,0,1,26
com_erro,catboost,lacuna,100,100,100,47,47,28,19,29,18,11,11,0,1.0,1.0,1.0,1.0,1.0,0.9999999999444444,18,0,0,29
com_erro,catboost,oscilacao,20,5,5,947,947,372,575,299,648,15,43,28,0.8680042238648363,0.8414055080721747,0.8041958041958042,0.7692307692307693,0.7863247863247863,0.9135802469121704,592,56,69,230
com_erro,catboost,oscilacao,20,10,10,474,474,186,288,150,324,15,35,20,0.8502109704641351,0.8277777777777777,0.7615894039735099,0.7666666666666667,0.7641196013289037,0.8888888888861455,288,36,35,115
com_erro,catboost,oscilacao,20,15,15,316,316,126,190,100,216,15,28,13,0.8512658227848101,0.8240740740740741,0.7731958762886598,0.75,0.7614213197969543,0.8981481481439901,194,22,25,75
com_erro,catboost,oscilacao,20,20,20,237,237,92,145,73,164,15,31,16,0.8438818565400844,0.8187854994988306,0.7432432432432432,0.7534246575342466,0.7482993197278912,0.8841463414580235,145,19,18,55
com_erro,catboost,oscilacao,30,5,5,945,945,407,538,327,618,15,41,26,0.8380952380952381,0.807094504319943,0.8020833333333334,0.7064220183486238,0.751219512195122,0.9077669902897932,561,57,96,231
com_erro,catboost,oscilacao,30,10,10,473,473,204,269,164,309,15,31,16,0.8308668076109936,0.8047399163312021,0.7763157894736842,0.7195121951219512,0.7468354430379747,0.8899676375375729,275,34,46,118
com_erro,catboost,oscilacao,30,15,15,315,315,135,180,108,207,14,27,13,0.8412698412698413,0.8128019323671498,0.7959183673469388,0.7222222222222222,0.7572815533980582,0.9033816425077131,187,20,30,78
com_erro,catboost,oscilacao,30,20,20,237,237,100,137,82,155,14,25,11,0.8312236286919831,0.7991738788355625,0.7916666666666666,0.6951219512195121,0.7402597402597403,0.9032258064457857,140,15,25,57
com_erro,catboost,oscilacao,30,25,25,189,189,84,105,62,127,13,24,11,0.8253968253968254,0.7957835915671831,0.7457627118644068,0.7096774193548387,0.7272727272727273,0.8818897637725835,112,15,18,44
com_erro,catboost,oscilacao,30,30,30,158,158,66,92,56,102,14,25,11,0.7911392405063291,0.7657563025210083,0.7169811320754716,0.6785714285714286,0.6972477064220184,0.852941176462226,87,15,18,38
com_erro,catboost,oscilacao,40,5,5,943,943,439,504,353,590,14,38,24,0.8027571580063627,0.783768665674365,0.7507507507507507,0.7082152974504249,0.7288629737609329,0.8593220338968486,507,83,103,250
com_erro,catboost,oscilacao,40,10,10,472,472,220,252,178,294,14,25,11,0.815677966101695,0.7977337002216617,0.7724550898203593,0.7247191011235955,0.7478260869565218,0.8707482993167662,256,38,49,129
com_erro,catboost,oscilacao,40,15,15,315,315,145,170,120,195,14,23,9,0.8031746031746032,0.7769230769230768,0.7843137254901961,0.6666666666666666,0.7207207207207207,0.8871794871749376,173,22,40,80
com_erro,catboost,oscilacao,40,20,20,236,236,109,127,87,149,14,22,8,0.8177966101694916,0.8030934197330865,0.7558139534883721,0.7471264367816092,0.7514450867052023,0.8590604026787984,128,21,22,65
com_erro,catboost,oscilacao,40,25,25,189,189,90,99,71,118,14,21,7,0.8095238095238095,0.7913583194079733,0.7611940298507462,0.7183098591549296,0.7391304347826086,0.8644067796536914,102,16,20,51
com_erro,catboost,oscilacao,40,30,30,158,158,73,85,59,99,14,21,7,0.7974683544303798,0.7767505564115733,0.7454545454545455,0.6949152542372882,0.7192982456140351,0.858585858577186,85,14,18,41
com_erro,catboost,oscilacao,40,35,35,135,135,64,71,51,84,13,22,9,0.8074074074074075,0.7951680672268908,0.7450980392156863,0.7450980392156863,0.7450980392156863,0.8452380952280328,71,13,13,38
com_erro,catboost,oscilacao,40,40,40,118,118,55,63,43,75,13,22,9,0.847457627118644,0.8452713178294574,0.7659574468085106,0.8372093023255814,0.8,0.8533333333219555,64,11,7,36
com_erro,catboost,oscilacao,50,5,5,941,941,470,471,377,564,14,34,20,0.7906482465462275,0.7848989784976579,0.7307692307692307,0.7559681697612732,0.7431551499348109,0.8138297872325996,459,105,92,285
com_erro,catboost,oscilacao,50,10,10,471,471,235,236,190,281,14,29,15,0.7898089171974523,0.7829368795654617,0.7357512953367875,0.7473684210526316,0.741514360313316,0.8185053380753791,230,51,48,142
com_erro,catboost,oscilacao,50,15,15,314,314,159,155,126,188,14,23,9,0.7834394904458599,0.7759625126646403,0.7265625,0.7380952380952381,0.7322834645669292,0.8138297872297137,153,35,33,93
com_erro,catboost,oscilacao,50,20,20,236,236,115,121,95,141,14,21,7,0.8008474576271186,0.7921239268383725,0.7553191489361702,0.7473684210526316,0.7513227513227513,0.8368794326181782,118,23,24,71
com_erro,catboost,oscilacao,50,25,25,189,189,94,95,75,114,14,22,8,0.7566137566137566,0.7343859649122807,0.7230769230769231,0.6266666666666667,0.6714285714285714,0.8421052631505078,96,18,28,47
com_erro,catboost,oscilacao,50,30,30,157,157,80,77,63,94,13,21,8,0.7834394904458599,0.7772711921648092,0.7230769230769231,0.746031746031746,0.734375,0.8085106382892712,76,18,16,47
com_erro,catboost,oscilacao,50,35,35,135,135,68,67,53,82,13,21,8,0.8074074074074075,0.801426599171652,0.7454545454545455,0.7735849056603774,0.7592592592592593,0.8292682926728138,68,14,12,41
com_erro,catboost,oscilacao,50,40,40,118,118,56,62,46,72,12,20,8,0.788135593220339,0.7753623188405797,0.7333333333333333,0.717391304347826,0.7252747252747253,0.8333333333217592,60,12,13,33
com_erro,catboost,oscilacao,50,45,45,105,105,52,53,42,63,13,18,5,0.7714285714285715,0.7619047619047619,0.7142857142857143,0.7142857142857143,0.7142857142857143,0.80952380951096,51,12,12,30
com_erro,catboost,oscilacao,50,50,50,95,95,46,49,40,55,11,20,9,0.7263157894736842,0.7227272727272727,0.6666666666666666,0.7,0.6829268292682927,0.7454545454409918,41,14,12,28
com_erro,catboost,oscilacao,60,5,5,939,939,500,439,401,538,13,37,24,0.7816826411075612,0.7802681956817992,0.7322274881516587,0.770573566084788,0.7509113001215066,0.7899628252773421,425,113,92,309
com_erro,catboost,oscilacao,60,10,10,470,470,250,220,202,268,13,33,20,0.7680851063829788,0.7655534210137431,0.722488038277512,0.7475247524752475,0.7347931873479319,0.7835820895493151,210,58,51,151
com_erro,catboost,oscilacao,60,15,15,313,313,166,147,133,180,13,25,12,0.7667731629392971,0.7638471177944862,0.717391304347826,0.7443609022556391,0.7306273062730627,0.7833333333289815,141,39,34,99
com_erro,catboost,oscilacao,60,20,20,235,235,124,111,99,136,13,23,10,0.7702127659574468,0.7698677956030897,0.7102803738317757,0.7676767676767676,0.7378640776699029,0.7720588235237349,105,31,23,76
com_erro,catboost,oscilacao,60,25,25,188,188,100,88,79,109,13,20,7,0.7659574468085106,0.7615840204389734,0.7160493827160493,0.7341772151898734,0.725,0.7889908256808349,86,23,21,58
com_erro,catboost,oscilacao,60,30,30,157,157,82,75,69,88,13,22,9,0.7261146496815286,0.7196969696969697,0.696969696969697,0.6666666666666666,0.6814814814814815,0.7727272727184917,68,20,23,46
com_erro,catboost,oscilacao,60,35,35,135,135,71,64,59,76,12,19,7,0.7481481481481481,0.745985727029438,0.7049180327868853,0.7288135593220338,0.7166666666666667,0.7631578947268005,58,18,16,43
com_erro,catboost,oscilacao,60,40,40,118,118,61,57,49,69,12,20,8,0.7542372881355932,0.7484472049689441,0.7,0.7142857142857143,0.7070707070707071,0.7826086956408317,54,15,14,35
com_erro,catboost,oscilacao,60,45,45,105,105,55,50,45,60,12,20,8,0.7619047619047619,0.7611111111111111,0.7083333333333334,0.7555555555555555,0.7311827956989247,0.7666666666538889,46,14,11,34
com_erro,catboost,oscilacao,60,50,50,94,94,50,44,42,52,11,19,8,0.7340425531914894,0.7298534798534799,0.7073170731707317,0.6904761904761905,0.6987951807228916,0.7692307692159763,40,12,13,29
com_erro,catboost,oscilacao,60,55,55,86,86,44,42,38,48,11,16,5,0.7325581395348837,0.7247807017543859,0.7142857142857143,0.6578947368421053,0.684931506849315,0.7916666666501737,38,10,13,25
com_erro,catboost,oscilacao,60,60,60,79,79,42,37,35,44,12,15,3,0.7088607594936709,0.6977272727272728,0.7,0.6,0.6461538461538462,0.795454545436467,35,9,14,21
com_erro,catboost,oscilacao,70,5,5,937,937,526,411,423,514,13,35,22,0.7929562433297759,0.7939145992585848,0.753880266075388,0.8037825059101655,0.7780320366132724,0.7840466926054785,403,111,83,340
com_erro,catboost,oscilacao,70,10,10,469,469,263,206,213,256,13,29,16,0.7739872068230277,0.774831279342723,0.73568281938326,0.784037558685446,0.759090909090909,0.7656249999970093,196,60,46,167
com_erro,catboost,oscilacao,70,15,15,313,313,173,140,143,170,13,25,12,0.7635782747603834,0.7618058412176059,0.7412587412587412,0.7412587412587412,0.7412587412587412,0.7823529411718686,133,37,37,106
com_erro,catboost,oscilacao,70,20,20,235,235,130,105,107,128,12,25,13,0.7404255319148936,0.7410192757009346,0.7017543859649122,0.7476635514018691,0.7239819004524887,0.7343749999942628,94,34,27,80
com_erro,catboost,oscilacao,70,25,25,188,188,106,82,85,103,13,25,12,0.7393617021276596,0.742604226156482,0.6875,0.7764705882352941,0.7292817679558011,0.708737864070789,73,30,19,66
com_erro,catboost,oscilacao,70,30,30,157,157,86,71,71,86,11,20,9,0.7133757961783439,0.7125777923354077,0.6756756756756757,0.704225352112676,0.6896551724137931,0.7209302325497566,62,24,21,50
com_erro,catboost,oscilacao,70,35,35,134,134,75,59,61,73,11,21,10,0.7761194029850746,0.7756568605434538,0.746031746031746,0.7704918032786885,0.7580645161290323,0.780821917797523,57,16,14,47
com_erro,catboost,oscilacao,70,40,40,118,118,66,52,54,64,11,22,11,0.652542372881356,0.6550925925925926,0.6065573770491803,0.6851851851851852,0.6434782608695652,0.6249999999902344,40,24,17,37
com_erro,catboost,oscilacao,70,45,45,105,105,57,48,49,56,11,19,8,0.6952380952380952,0.6964285714285714,0.660377358490566,0.7142857142857143,0.6862745098039216,0.6785714285593113,38,18,14,35
com_erro,catboost,oscilacao,70,50,50,94,94,54,40,43,51,11,19,8,0.723404255319149,0.7268581851345189,0.673469387755102,0.7674418604651163,0.717391304347826,0.6862745097904652,35,16,10,33
com_erro,catboost,oscilacao,70,55,55,86,86,47,39,41,45,11,20,9,0.7325581395348837,0.7281842818428184,0.7647058823529411,0.6341463414634146,0.6933333333333334,0.8222222222039507,37,8,15,26
com_erro,catboost,oscilacao,70,60,60,79,79,44,35,37,42,10,16,6,0.7341772151898734,0.7323037323037322,0.7222222222222222,0.7027027027027027,0.7123287671232876,0.7619047618866214,32,10,11,26
com_erro,catboost,oscilacao,70,65,65,73,73,40,33,34,39,12,18,6,0.726027397260274,0.7303921568627451,0.675,0.7941176470588235,0.7297297297297297,0.6666666666495727,26,13,7,27
com_erro,catboost,oscilacao,70,70,70,67,67,38,29,29,38,10,15,5,0.746268656716418,0.7599818511796733,0.6578947368421053,0.8620689655172413,0.746268656716418,0.6578947368247923,25,13,4,25
com_erro,catboost,oscilacao,80,5,5,935,935,547,388,445,490,13,36,23,0.7764705882352941,0.7771382710387527,0.7521367521367521,0.7910112359550562,0.7710843373493976,0.7632653061208913,374,116,93,352
com_erro,catboost,oscilacao,80,10,10,468,468,274,194,224,244,12,26,14,0.7670940170940171,0.7673082552693209,0.7489177489177489,0.7723214285714286,0.7604395604395604,0.762295081964089,186,58,51,173
com_erro,catboost,oscilacao,80,15,15,312,312,183,129,149,163,12,27,15,0.7596153846153846,0.7610038292090419,0.7283950617283951,0.7919463087248322,0.7588424437299035,0.7300613496887727,119,44,31,118
com_erro,catboost,oscilacao,80,20,20,234,234,137,97,110,124,12,21,9,0.7692307692307693,0.7704545454545455,0.7372881355932204,0.7909090909090909,0.7631578947368421,0.7499999999939516,93,31,23,87
com_erro,catboost,oscilacao,80,25,25,187,187,111,76,87,100,11,25,14,0.7700534759358288,0.7745402298850574,0.7156862745098039,0.8390804597701149,0.7724867724867724,0.7099999999929,71,29,14,73
com_erro,catboost,oscilacao,80,30,30,156,156,92,64,75,81,10,22,12,0.7435897435897436,0.7461728395061729,0.7011494252873564,0.8133333333333334,0.7530864197530864,0.6790123456706294,55,26,14,61
com_erro,catboost,oscilacao,80,35,35,134,134,79,55,63,71,11,20,9,0.7388059701492538,0.7383188016990834,0.71875,0.7301587301587301,0.7244094488188977,0.7464788732289228,53,18,17,46
com_erro,catboost,oscilacao,80,40,40,117,117,69,48,55,62,11,19,8,0.7777777777777778,0.7810850439882697,0.7301587301587301,0.8363636363636363,0.7796610169491526,0.7258064516011967,45,17,9,46
com_erro,catboost,oscilacao,80,45,45,104,104,59,45,50,54,10,18,8,0.75,0.7511111111111111,0.7222222222222222,0.78,0.75,0.7222222222088478,39,15,11,39
com_erro,catboost,oscilacao,80,50,50,94,94,56,38,43,51,11,19,8,0.6276595744680851,0.6367989056087551,0.5714285714285714,0.7441860465116279,0.6464646464646465,0.5294117646955018,27,24,11,32
com_erro,catboost,oscilacao,80,55,55,85,85,51,34,42,43,10,17,7,0.7176470588235294,0.7184385382059801,0.6875,0.7857142857142857,0.7333333333333333,0.6511627906825311,28,15,9,33
com_erro,catboost,oscilacao,80,60,60,78,78,47,31,37,41,10,14,4,0.717948717948718,0.7198417930125247,0.6829268292682927,0.7567567567567568,0.717948717948718,0.682926829251636,28,13,9,28
com_erro,catboost,oscilacao,80,65,65,72,72,43,29,35,37,10,16,6,0.6388888888888888,0.6416988416988417,0.6046511627906976,0.7428571428571429,0.6666666666666666,0.5405405405259314,20,17,9,26
com_erro,catboost,oscilacao,80,70,70,67,67,40,27,31,36,10,17,7,0.7014925373134329,0.7065412186379928,0.6486486486486487,0.7741935483870968,0.7058823529411765,0.638888888871142,23,13,7,24
com_erro,catboost,oscilacao,80,75,75,63,63,35,28,31,32,10,14,4,0.6825396825396826,0.6829637096774194,0.6666666666666666,0.7096774193548387,0.6875,0.6562499999794923,21,11,9,22
com_erro,catboost,oscilacao,80,80,80,59,59,36,23,29,30,10,10,0,0.6440677966101694,0.646551724137931,0.6052631578947368,0.7931034482758621,0.6865671641791045,0.49999999998333333,15,15,6,23
com_erro,catboost,oscilacao,90,5,5,933,933,567,366,466,467,10,36,26,0.7663451232583065,0.7663678304583177,0.7551440329218106,0.7875536480686696,0.7710084033613446,0.7451820128463701,348,119,99,367
com_erro,catboost,oscilacao,90,10,10,467,467,284,183,234,233,10,24,14,0.7687366167023555,0.7687080444591174,0.7625,0.782051282051282,0.7721518987341772,0.7553648068637109,176,57,51,183
com_erro,catboost,oscilacao,90,15,15,311,311,188,123,155,156,10,22,12,0.7684887459807074,0.7685483870967742,0.7577639751552795,0.7870967741935484,0.7721518987341772,0.7499999999951924,117,39,33,122
com_erro,catboost,oscilacao,90,20,20,234,234,141,93,117,117,10,23,13,0.7564102564102564,0.7564102564102564,0.7419354838709677,0.7863247863247863,0.7634854771784232,0.7264957264895171,85,32,25,92
com_erro,catboost,oscilacao,90,25,25,187,187,114,73,94,93,10,22,12,0.7486631016042781,0.7483985358041638,0.7281553398058253,0.7978723404255319,0.7614213197969543,0.6989247311752803,65,28,19,75
com_erro,catboost,oscilacao,90,30,30,156,156,94,62,80,76,10,19,9,0.7628205128205128,0.7625,0.7654320987654321,0.775,0.7701863354037267,0.7499999999901316,57,19,18,62
com_erro,catboost,oscilacao,90,35,35,134,134,81,53,67,67,10,17,7,0.746268656716418,0.7462686567164178,0.726027397260274,0.7910447761194029,0.7571428571428571,0.7014925373029628,47,20,14,53
com_erro,catboost,oscilacao,90,40,40,117,117,69,48,57,60,10,17,7,0.7948717948717948,0.7951754385964912,0.7796610169491526,0.8070175438596491,0.7931034482758621,0.7833333333202778,47,13,11,46
com_erro,catboost,oscilacao,90,45,45,104,104,61,43,52,52,10,20,10,0.6923076923076923,0.6923076923076923,0.6724137931034483,0.75,0.7090909090909091,0.6346153846031806,33,19,13,39
com_erro,catboost,oscilacao,90,50,50,94,94,58,36,48,46,10,17,7,0.6382978723404256,0.6358695652173914,0.6206896551724138,0.75,0.6792452830188679,0.5217391304234404,24,22,12,36
com_erro,catboost,oscilacao,90,55,55,85,85,51,34,42,43,10,14,4,0.7764705882352941,0.7771317829457365,0.7446808510638298,0.8333333333333334,0.7865168539325843,0.7209302325413738,31,12,7,35
com_erro,catboost,oscilacao,90,60,60,78,78,47,31,39,39,10,16,6,0.7692307692307693,0.7692307692307692,0.7333333333333333,0.8461538461538461,0.7857142857142857,0.6923076922899409,27,12,6,33
com_erro,catboost,oscilacao,90,65,65,72,72,43,29,37,35,10,13,3,0.7638888888888888,0.761003861003861,0.7272727272727273,0.8648648648648649,0.7901234567901234,0.6571428571240817,23,12,5,32
com_erro,catboost,oscilacao,90,70,70,67,67,40,27,34,33,10,15,5,0.6567164179104478,0.6564171122994653,0.6571428571428571,0.6764705882352942,0.6666666666666666,0.6363636363443527,21,12,11,23
com_erro,catboost,oscilacao,90,75,75,63,63,37,26,33,30,10,14,4,0.746031746031746,0.7424242424242424,0.7297297297297297,0.8181818181818182,0.7714285714285715,0.6666666666444444,20,10,6,27
com_erro,catboost,oscilacao,90,80,80,59,59,36,23,30,29,10,15,5,0.7966101694915254,0.7942528735632184,0.7368421052631579,0.9333333333333333,0.8235294117647058,0.6551724137705113,19,10,2,28
com_erro,catboost,oscilacao,90,85,85,55,55,33,22,27,28,10,12,2,0.7272727272727273,0.7281746031746033,0.7,0.7777777777777778,0.7368421052631579,0.6785714285471939,19,9,6,21
com_erro,catboost,oscilacao,90,90,90,52,52,31,21,26,26,10,10,0,0.7115384615384616,0.7115384615384615,0.6571428571428571,0.8846153846153846,0.7540983606557377,0.5384615384408284,14,12,3,23
com_erro,catboost,oscilacao,100,5,5,931,931,587,344,482,449,10,31,21,0.7690655209452202,0.7668308551044738,0.7504690431519699,0.8298755186721992,0.7881773399014779,0.7037861915351808,316,133,82,400
com_erro,catboost,oscilacao,100,10,10,466,466,294,172,242,224,10,29,19,0.7618025751072961,0.7595373376623377,0.7471698113207547,0.8181818181818182,0.7810650887573964,0.7008928571397282,157,67,44,198
com_erro,catboost,oscilacao,100,15,15,311,311,194,117,162,149,10,20,10,0.7781350482315113,0.7759963542961306,0.7657142857142857,0.8271604938271605,0.7952522255192879,0.7248322147602361,108,41,28,134
com_erro,catboost,oscilacao,100,20,20,233,233,147,86,120,113,10,23,13,0.7467811158798283,0.7446165191740413,0.725925925925926,0.8166666666666667,0.7686274509803922,0.672566371675464,76,37,22,98
com_erro,catboost,oscilacao,100,25,25,187,187,116,71,96,91,10,20,10,0.7540106951871658,0.7532623626373627,0.75,0.78125,0.7653061224489796,0.7252747252667552,66,25,21,75
com_erro,catboost,oscilacao,100,30,30,156,156,97,59,80,76,10,17,7,0.6987179487179487,0.6980263157894737,0.6987951807228916,0.725,0.7116564417177914,0.6710526315701177,51,25,22,58
com_erro,catboost,oscilacao,100,35,35,133,133,84,49,69,64,10,19,9,0.7218045112781954,0.7211277173913043,0.7285714285714285,0.7391304347826086,0.7338129496402878,0.7031249999890137,45,19,18,51
com_erro,catboost,oscilacao,100,40,40,117,117,72,45,59,58,10,17,7,0.7264957264957265,0.7257451782583285,0.6956521739130435,0.8135593220338984,0.75,0.6379310344717598,37,21,11,48
com_erro,catboost,oscilacao,100,45,45,104,104,64,40,55,49,10,17,7,0.7307692307692307,0.7287569573283859,0.7368421052631579,0.7636363636363637,0.75,0.6938775510062475,34,15,13,42
com_erro,catboost,oscilacao,100,50,50,94,94,58,36,49,45,10,18,8,0.6702127659574468,0.6700680272108843,0.6875,0.673469387755102,0.6804123711340206,0.6666666666518519,30,15,16,33
com_erro,catboost,oscilacao,100,55,55,85,85,53,32,46,39,10,15,5,0.788235294117647,0.7887402452619844,0.8181818181818182,0.782608695652174,0.8,0.7948717948514136,31,8,10,36
com_erro,catboost,oscilacao,100,60,60,78,78,49,29,39,39,10,16,6,0.6794871794871795,0.6794871794871795,0.6590909090909091,0.7435897435897436,0.6987951807228916,0.6153846153688364,24,15,10,29
com_erro,catboost,oscilacao,100,65,65,72,72,43,29,38,34,10,14,4,0.7361111111111112,0.7329721362229102,0.7317073170731707,0.7894736842105263,0.759493670886076,0.676470588215398,23,11,8,30
com_erro,catboost,oscilacao,100,70,70,67,67,43,24,35,32,10,16,6,0.6865671641791045,0.6852678571428572,0.6944444444444444,0.7142857142857143,0.704225352112676,0.6562499999794923,21,11,10,25
com_erro,catboost,oscilacao,100,75,75,63,63,38,25,34,29,10,11,1,0.7301587301587301,0.7373225152129818,0.8148148148148148,0.6470588235294118,0.7213114754098361,0.8275862068680143,24,5,12,22
com_erro,catboost,oscilacao,100,80,80,59,59,37,22,31,28,10,10,0,0.6610169491525424,0.6497695852534562,0.627906976744186,0.8709677419354839,0.7297297297297297,0.42857142855612246,12,16,4,27
com_erro,catboost,oscilacao,100,85,85,55,55,35,20,28,27,10,15,5,0.7090909090909091,0.7076719576719577,0.6875,0.7857142857142857,0.7333333333333333,0.62962962960631,17,10,6,22
com_erro,catboost,oscilacao,100,90,90,52,52,32,20,26,26,10,13,3,0.8076923076923077,0.8076923076923077,0.7857142857142857,0.8461538461538461,0.8148148148148148,0.7692307692011834,20,6,4,22
com_erro,catboost,oscilacao,100,95,95,49,49,30,19,26,23,10,12,2,0.7346938775510204,0.7274247491638797,0.7096774193548387,0.8461538461538461,0.7719298245614035,0.608695652147448,14,9,4,22
com_erro,catboost,oscilacao,100,100,100,47,47,27,20,24,23,10,10,0,0.8085106382978723,0.8097826086956521,0.8571428571428571,0.75,0.8,0.8695652173534971,20,3,6,18
com_erro,catboost,queda,20,5,5,947,947,230,717,221,726,21,47,26,0.7993664202745512,0.7054772322152001,0.5763546798029556,0.5294117647058824,0.5518867924528302,0.8815426997233037,640,86,104,117
com_erro,catboost,queda,20,10,10,474,474,113,361,115,359,21,40,19,0.8059071729957806,0.7122926002179969,0.6161616161616161,0.5304347826086957,0.5700934579439252,0.8941504178248074,321,38,54,61
com_erro,catboost,queda,20,15,15,316,316,76,240,75,241,19,30,11,0.8164556962025317,0.7281327800829875,0.6268656716417911,0.56,0.5915492957746479,0.8962655601622562,216,25,33,42
com_erro,catboost,queda,20,20,20,237,237,56,181,56,181,20,22,2,0.8059071729957806,0.6941101026045777,0.6136363636363636,0.48214285714285715,0.54,0.9060773480612925,164,17,29,27
com_erro,catboost,queda,30,5,5,945,945,265,680,261,684,20,46,26,0.7767195767195767,0.7071486186731195,0.6050420168067226,0.5517241379310345,0.5771543086172345,0.8625730994139437,590,94,117,144
com_erro,catboost,queda,30,10,10,473,473,131,342,135,338,20,38,18,0.7695560253699789,0.7030681569143108,0.6065573770491803,0.5481481481481482,0.5758754863813229,0.857988165677935,290,48,61,74
com_erro,catboost,queda,30,15,15,315,315,89,226,89,226,18,34,16,0.7904761904761904,0.7279755394252759,0.6419753086419753,0.5842696629213483,0.611764705882353,0.8716814159253465,197,29,37,52
com_erro,catboost,queda,30,20,20,237,237,68,169,70,167,19,30,11,0.7763713080168776,0.7044054747647562,0.6491228070175439,0.5285714285714286,0.5826771653543307,0.880239520952813,147,20,33,37
com_erro,catboost,queda,30,25,25,189,189,55,134,52,137,18,29,11,0.7777777777777778,0.6975715889949468,0.6136363636363636,0.5192307692307693,0.5625,0.8759124087527307,120,17,25,27
com_erro,catboost,queda,30,30,30,158,158,45,113,46,112,18,30,12,0.7468354430379747,0.6805124223602484,0.5714285714285714,0.5217391304347826,0.5454545454545454,0.8392857142782206,94,18,22,24
com_erro,catboost,queda,40,5,5,943,943,296,647,298,645,19,44,25,0.7857900318133616,0.7323838509963061,0.6889763779527559,0.587248322147651,0.6340579710144928,0.8775193798436007,566,79,123,175
com_erro,catboost,queda,40,10,10,472,472,146,326,154,318,18,34,16,0.777542372881356,0.7294168096054889,0.6842105263157895,0.5909090909090909,0.6341463414634146,0.8679245282991574,276,42,63,91
com_erro,catboost,queda,40,15,15,315,315,100,215,99,216,18,31,13,0.7714285714285715,0.702020202020202,0.68,0.5151515151515151,0.5862068965517241,0.8888888888847737,192,24,48,51
com_erro,catboost,queda,40,20,20,236,236,73,163,76,160,17,30,13,0.7627118644067796,0.7110197368421052,0.6515151515151515,0.5657894736842105,0.6056338028169014,0.8562499999946485,137,23,33,43
com_erro,catboost,queda,40,25,25,189,189,59,130,60,129,17,29,12,0.7671957671957672,0.7046511627906977,0.6666666666666666,0.5333333333333333,0.5925925925925926,0.8759689922412717,113,16,28,32
com_erro,catboost,queda,40,30,30,158,158,49,109,51,107,17,25,8,0.7658227848101266,0.6936961700568077,0.6944444444444444,0.49019607843137253,0.5747126436781609,0.8971962616738579,96,11,26,25
com_erro,catboost,queda,40,35,35,135,135,42,93,39,96,18,27,9,0.7185185185185186,0.6574519230769231,0.5128205128205128,0.5128205128205128,0.5128205128205128,0.8020833333249783,77,19,19,20
com_erro,catboost,queda,40,40,40,118,118,37,81,42,76,16,21,5,0.7542372881355932,0.6973684210526316,0.7241379310344828,0.5,0.5915492957746479,0.8947368420934902,68,8,21,21
com_erro,catboost,queda,50,5,5,941,941,325,616,333,608,18,40,22,0.7778958554729012,0.733725501817607,0.7348484848484849,0.5825825825825826,0.6499162479061976,0.8848684210511762,538,70,139,194
com_erro,catboost,queda,50,10,10,471,471,161,310,171,300,18,34,16,0.7791932059447984,0.7411695906432749,0.7410071942446043,0.6023391812865497,0.6645161290322581,0.8799999999970667,264,36,68,103
com_erro,catboost,queda,50,15,15,314,314,108,206,112,202,17,31,14,0.7484076433121019,0.6970473833097596,0.6987951807228916,0.5178571428571429,0.5948717948717949,0.8762376237580385,177,25,54,58
com_erro,catboost,queda,50,20,20,236,236,83,153,88,148,17,27,10,0.7584745762711864,0.7152948402948403,0.7384615384615385,0.5454545454545454,0.6274509803921569,0.8851351351291545,131,17,40,48
com_erro,catboost,queda,50,25,25,189,189,65,124,68,121,18,28,10,0.7407407407407407,0.6976786582401555,0.6727272727272727,0.5441176470588235,0.6016260162601627,0.8512396694144525,103,18,31,37
com_erro,catboost,queda,50,30,30,157,157,52,105,55,102,16,27,11,0.732484076433121,0.685204991087344,0.6444444444444445,0.5272727272727272,0.58,0.8431372548936947,86,16,26,29
com_erro,catboost,queda,50,35,35,135,135,47,88,48,87,17,22,5,0.7407407407407407,0.6914511494252873,0.6756756756756757,0.5208333333333334,0.5882352941176471,0.8620689655073325,75,12,23,25
com_erro,catboost,queda,50,40,40,118,118,42,76,44,74,16,22,6,0.7627118644067796,0.7232800982800983,0.7352941176470589,0.5681818181818182,0.6410256410256411,0.8783783783665083,65,9,19,25
com_erro,catboost,queda,50,45,45,105,105,37,68,39,66,16,17,1,0.6761904761904762,0.6322843822843822,0.5806451612903226,0.46153846153846156,0.5142857142857142,0.8030303030181358,53,13,21,18
com_erro,catboost,queda,50,50,50,95,95,29,66,38,57,17,16,-1,0.7263157894736842,0.6842105263157895,0.75,0.47368421052631576,0.5806451612903226,0.894736842089566,51,6,20,18
com_erro,catboost,queda,60,5,5,939,939,353,586,367,572,18,44,26,0.7539936102236422,0.7267892189554315,0.7222222222222222,0.6021798365122616,0.6567607726597325,0.851398601397113,487,85,146,221
com_erro,catboost,queda,60,10,10,470,470,175,295,188,282,17,35,18,0.7425531914893617,0.7171985815602837,0.7161290322580646,0.5904255319148937,0.6472303206997084,0.843971631202681,238,44,77,111
com_erro,catboost,queda,60,15,15,313,313,118,195,124,189,16,32,16,0.744408945686901,0.7204087728281277,0.7075471698113207,0.6048387096774194,0.6521739130434783,0.8359788359744128,158,31,49,75
com_erro,catboost,queda,60,20,20,235,235,87,148,93,142,16,30,14,0.7361702127659574,0.7056262305012873,0.7123287671232876,0.5591397849462365,0.6265060240963856,0.8521126760503372,121,21,41,52
com_erro,catboost,queda,60,25,25,188,188,71,117,74,114,16,24,8,0.7446808510638298,0.7183499288762447,0.7096774193548387,0.5945945945945946,0.6470588235294118,0.8421052631505078,96,18,30,44
com_erro,catboost,queda,60,30,30,157,157,59,98,64,93,16,26,10,0.7388535031847133,0.7259744623655914,0.6885245901639344,0.65625,0.672,0.7956989247226268,74,19,22,42
com_erro,catboost,queda,60,35,35,135,135,55,80,54,81,17,22,5,0.725925925925926,0.7067901234567902,0.673469387755102,0.6111111111111112,0.6407766990291263,0.8024691357925621,65,16,21,33
com_erro,catboost,queda,60,40,40,118,118,44,74,46,72,15,24,9,0.7457627118644068,0.7210144927536233,0.7,0.6086956521739131,0.6511627906976745,0.8333333333217592,60,12,18,28
com_erro,catboost,queda,60,45,45,105,105,40,65,43,62,15,21,6,0.6952380952380952,0.677794448612153,0.6410256410256411,0.5813953488372093,0.6097560975609756,0.7741935483746099,48,14,18,25
com_erro,catboost,queda,60,50,50,94,94,35,59,40,54,15,19,4,0.6808510638297872,0.663888888888889,0.6470588235294118,0.55,0.5945945945945946,0.7777777777633745,42,12,18,22
com_erro,catboost,queda,60,55,55,86,86,33,53,34,52,15,17,2,0.5581395348837209,0.5277149321266968,0.43333333333333335,0.38235294117647056,0.40625,0.6730769230639794,35,17,21,13
com_erro,catboost,queda,60,60,60,79,79,30,49,34,45,13,15,2,0.620253164556962,0.6019607843137255,0.5714285714285714,0.47058823529411764,0.5161290322580645,0.7333333333170371,33,12,18,16
com_erro,catboost,queda,70,5,5,937,937,381,556,400,537,17,47,30,0.7321237993596584,0.717183426443203,0.717201166180758,0.615,0.6621803499327052,0.8193668528848802,440,97,154,246
com_erro,catboost,queda,70,10,10,469,469,189,280,204,265,17,41,24,0.7292110874200426,0.7186274509803922,0.7103825136612022,0.6372549019607843,0.6718346253229974,0.7999999999969811,212,53,74,130
com_erro,catboost,queda,70,15,15,313,313,128,185,132,181,17,36,19,0.7380191693290735,0.726310061945421,0.7049180327868853,0.6515151515151515,0.6771653543307087,0.8011049723712647,145,36,46,86
com_erro,catboost,queda,70,20,20,235,235,97,138,104,131,17,30,13,0.7063829787234043,0.6970052847915443,0.6881720430107527,0.6153846153846154,0.649746192893401,0.7786259541925297,102,29,40,64
com_erro,catboost,queda,70,25,25,188,188,76,112,79,109,15,25,10,0.7180851063829787,0.7063639530832656,0.6756756756756757,0.6329113924050633,0.6535947712418301,0.7798165137543136,85,24,29,50
com_erro,catboost,queda,70,30,30,157,157,63,94,67,90,16,25,9,0.7133757961783439,0.7023217247097844,0.6774193548387096,0.6268656716417911,0.6511627906976745,0.7777777777691358,70,20,25,42
com_erro,catboost,queda,70,35,35,134,134,56,78,56,78,15,23,8,0.6865671641791045,0.6728479853479854,0.6346153846153846,0.5892857142857143,0.6111111111111112,0.7564102564005588,59,19,23,33
com_erro,catboost,queda,70,40,40,118,118,49,69,55,63,15,22,7,0.6694915254237288,0.6639249639249639,0.6666666666666666,0.5818181818181818,0.6213592233009708,0.7460317460199043,47,16,23,32
com_erro,catboost,queda,70,45,45,105,105,42,63,47,58,14,18,4,0.6476190476190476,0.6346294937637564,0.631578947368421,0.5106382978723404,0.5647058823529412,0.7586206896420928,44,14,23,24
com_erro,catboost,queda,70,50,50,94,94,39,55,42,52,13,20,7,0.648936170212766,0.6414835164835164,0.6153846153846154,0.5714285714285714,0.5925925925925926,0.7115384615247782,37,15,18,24
com_erro,catboost,queda,70,55,55,86,86,34,52,36,50,15,14,-1,0.6395348837209303,0.616111111111111,0.5862068965517241,0.4722222222222222,0.5230769230769231,0.7599999999848001,38,12,19,17
com_erro,catboost,queda,70,60,60,79,79,33,46,36,43,14,16,2,0.6329113924050633,0.6333979328165374,0.5897435897435898,0.6388888888888888,0.6133333333333333,0.6279069767295836,27,16,13,23
com_erro,catboost,queda,70,65,65,73,73,29,44,30,43,15,14,-1,0.6301369863013698,0.5953488372093023,0.5714285714285714,0.4,0.47058823529411764,0.7906976744002164,34,9,18,12
com_erro,catboost,queda,70,70,70,67,67,29,38,31,36,13,15,2,0.6716417910447762,0.6765232974910395,0.6216216216216216,0.7419354838709677,0.6764705882352942,0.6111111110941359,22,14,8,23
com_erro,catboost,queda,80,5,5,935,935,409,526,432,503,17,49,32,0.7272727272727273,0.7239755908990502,0.7153284671532847,0.6805555555555556,0.697508896797153,0.7673956262410191,386,117,138,294
com_erro,catboost,queda,80,10,10,468,468,203,265,220,248,17,40,23,0.717948717948718,0.7156524926686216,0.7095238095238096,0.6772727272727272,0.6930232558139535,0.7540322580614757,187,61,71,149
com_erro,catboost,queda,80,15,15,312,312,136,176,145,167,16,34,18,0.6730769230769231,0.6714433202560397,0.6482758620689655,0.6482758620689655,0.6482758620689655,0.6946107784389545,116,51,51,94
com_erro,catboost,queda,80,20,20,234,234,101,133,109,125,14,28,14,0.7051282051282052,0.7011009174311926,0.7,0.6422018348623854,0.6698564593301436,0.75999999999392,95,30,39,70
com_erro,catboost,queda,80,25,25,187,187,84,103,87,100,14,25,11,0.6577540106951871,0.6560919540229886,0.632183908045977,0.632183908045977,0.632183908045977,0.6799999999931999,68,32,32,55
com_erro,catboost,queda,80,30,30,156,156,66,90,71,85,14,23,9,0.6858974358974359,0.6781275890637946,0.6774193548387096,0.5915492957746479,0.631578947368421,0.7647058823439447,65,20,29,42
com_erro,catboost,queda,80,35,35,134,134,60,74,60,74,15,22,7,0.5970149253731343,0.6036036036036037,0.5405405405405406,0.6666666666666666,0.5970149253731343,0.5405405405332359,40,34,20,40
com_erro,catboost,queda,80,40,40,117,117,51,66,58,59,13,21,8,0.6666666666666666,0.6665692577440093,0.6666666666666666,0.6551724137931034,0.6608695652173913,0.6779661016834243,40,19,20,38
com_erro,catboost,queda,80,45,45,104,104,47,57,48,56,13,21,8,0.6057692307692307,0.6056547619047619,0.5686274509803921,0.6041666666666666,0.5858585858585859,0.6071428571320153,34,22,19,29
com_erro,catboost,queda,80,50,50,94,94,41,53,47,47,13,19,6,0.6595744680851063,0.6595744680851063,0.6923076923076923,0.574468085106383,0.627906976744186,0.7446808510479855,35,12,20,27
com_erro,catboost,queda,80,55,55,85,85,37,48,40,45,13,16,3,0.5764705882352941,0.5736111111111111,0.5526315789473685,0.525,0.5384615384615384,0.6222222222083951,28,17,19,21
com_erro,catboost,queda,80,60,60,78,78,34,44,35,43,13,16,3,0.6666666666666666,0.66578073089701,0.6216216216216216,0.6571428571428571,0.6388888888888888,0.6744186046354786,29,14,12,23
com_erro,catboost,queda,80,65,65,72,72,31,41,33,39,11,17,6,0.7083333333333334,0.7074592074592074,0.6764705882352942,0.696969696969697,0.6865671641791045,0.7179487179303091,28,11,10,23
com_erro,catboost,queda,80,70,70,67,67,31,36,35,32,11,18,7,0.5970149253731343,0.5982142857142857,0.625,0.5714285714285714,0.5970149253731343,0.6249999999804688,20,12,15,20
com_erro,catboost,queda,80,75,75,63,63,30,33,29,34,13,12,-1,0.5555555555555556,0.5578093306288032,0.5151515151515151,0.5862068965517241,0.5483870967741935,0.5294117646903115,18,16,12,17
com_erro,catboost,queda,80,80,80,59,59,24,35,29,30,12,16,4,0.6779661016949152,0.6764367816091954,0.7083333333333334,0.5862068965517241,0.6415094339622641,0.7666666666411112,23,7,12,17
com_erro,catboost,queda,90,5,5,933,933,434,499,464,469,16,48,32,0.684887459807074,0.6848784096757592,0.6831896551724138,0.6831896551724138,0.6831896551724138,0.6865671641776406,322,147,147,317
com_erro,catboost,queda,90,10,10,467,467,216,251,236,231,14,41,27,0.708779443254818,0.7089294885905055,0.7192982456140351,0.6949152542372882,0.7068965517241379,0.7229437229405934,167,64,72,164
com_erro,catboost,queda,90,15,15,311,311,144,167,156,155,14,33,19,0.6913183279742765,0.6914598842018197,0.7112676056338029,0.6474358974358975,0.6778523489932886,0.7354838709629969,114,41,55,101
com_erro,catboost,queda,90,20,20,234,234,110,124,120,114,14,27,13,0.7051282051282052,0.7046052631578947,0.7073170731707317,0.725,0.7160493827160493,0.6842105263097876,78,36,33,87
com_erro,catboost,queda,90,25,25,187,187,87,100,93,94,14,27,13,0.7005347593582888,0.700354609929078,0.7126436781609196,0.6666666666666666,0.6888888888888889,0.7340425531836804,69,25,31,62
com_erro,catboost,queda,90,30,30,156,156,72,84,80,76,13,23,10,0.6346153846153846,0.6342105263157896,0.6419753086419753,0.65,0.6459627329192547,0.6184210526234418,47,29,28,52
com_erro,catboost,queda,90,35,35,134,134,66,68,68,66,13,19,6,0.6343283582089553,0.6336898395721926,0.6301369863013698,0.6764705882352942,0.6524822695035462,0.5909090909001377,39,27,22,46
com_erro,catboost,queda,90,40,40,117,117,55,62,60,57,13,20,7,0.6923076923076923,0.6938596491228071,0.7307692307692307,0.6333333333333333,0.6785714285714286,0.7543859648990459,43,14,22,38
com_erro,catboost,queda,90,45,45,104,104,50,54,53,51,13,18,5,0.6057692307692307,0.6065482796892342,0.625,0.5660377358490566,0.594059405940594,0.6470588235167244,33,18,23,30
com_erro,catboost,queda,90,50,50,94,94,41,53,51,43,11,18,7,0.6808510638297872,0.6821705426356589,0.723404255319149,0.6666666666666666,0.6938775510204082,0.6976744185884263,30,13,17,34
com_erro,catboost,queda,90,55,55,85,85,41,44,43,42,12,16,4,0.6235294117647059,0.624031007751938,0.6410256410256411,0.5813953488372093,0.6097560975609756,0.6666666666507937,28,14,18,25
com_erro,catboost,queda,90,60,60,78,78,38,40,39,39,11,19,8,0.6666666666666666,0.6666666666666667,0.6382978723404256,0.7692307692307693,0.6976744186046512,0.5641025640881,22,17,9,30
com_erro,catboost,queda,90,65,65,72,72,33,39,36,36,11,14,3,0.6805555555555556,0.6805555555555556,0.7096774193548387,0.6111111111111112,0.6567164179104478,0.7499999999791668,27,9,14,22
com_erro,catboost,queda,90,70,70,67,67,33,34,36,31,10,16,6,0.6268656716417911,0.6303763440860215,0.6774193548387096,0.5833333333333334,0.6268656716417911,0.6774193548168574,21,10,15,21
com_erro,catboost,queda,90,75,75,63,63,30,33,33,30,11,12,1,0.6031746031746031,0.603030303030303,0.625,0.6060606060606061,0.6153846153846154,0.59999999998,18,12,13,20
com_erro,catboost,queda,90,80,80,59,59,25,34,29,30,12,12,0,0.6610169491525424,0.6609195402298851,0.6551724137931034,0.6551724137931034,0.6551724137931034,0.6666666666444444,20,10,10,19
com_erro,catboost,queda,90,85,85,55,55,25,30,26,29,11,17,6,0.5454545454545454,0.5431034482758621,0.52,0.5,0.5098039215686274,0.5862068965315101,17,12,13,13
com_erro,catboost,queda,90,90,90,52,52,25,27,29,23,11,16,5,0.5384615384615384,0.5367316341829085,0.5925925925925926,0.5517241379310345,0.5714285714285714,0.5217391304120983,12,11,13,16
com_erro,catboost,queda,100,5,5,931,931,458,473,492,439,14,41,27,0.7250268528464017,0.7248689742022705,0.7458333333333333,0.7276422764227642,0.7366255144032922,0.7220956719801319,317,122,134,358
com_erro,catboost,queda,100,10,10,466,466,228,238,249,217,14,34,20,0.7188841201716738,0.7194769862861584,0.75,0.7108433734939759,0.7298969072164948,0.7281105990749857,158,59,72,177
com_erro,catboost,queda,100,15,15,311,311,153,158,163,148,14,26,12,0.7363344051446945,0.7372740838998508,0.7647058823529411,0.7177914110429447,0.740506329113924,0.7567567567516436,112,36,46,117
com_erro,catboost,queda,100,20,20,233,233,113,120,123,110,13,30,17,0.6738197424892703,0.6742424242424242,0.7008547008547008,0.6666666666666666,0.6833333333333333,0.6818181818119835,75,35,41,82
com_erro,catboost,queda,100,25,25,187,187,92,95,99,88,14,25,11,0.6898395721925134,0.6919191919191919,0.7303370786516854,0.6565656565656566,0.6914893617021277,0.7272727272644628,64,24,34,65
com_erro,catboost,queda,100,30,30,156,156,76,80,82,74,14,24,10,0.6794871794871795,0.6806196440342782,0.7105263157894737,0.6585365853658537,0.6835443037974683,0.7027027026932067,52,22,28,54
com_erro,catboost,queda,100,35,35,133,133,67,66,70,63,13,22,9,0.6466165413533834,0.646031746031746,0.6666666666666666,0.6571428571428571,0.6618705035971223,0.6349206349105568,40,23,24,46
com_erro,catboost,queda,100,40,40,117,117,57,60,61,56,12,19,7,0.7008547008547008,0.7014051522248244,0.7241379310344828,0.6885245901639344,0.7058823529411765,0.7142857142729593,40,16,19,42
com_erro,catboost,queda,100,45,45,104,104,53,51,55,49,13,15,2,0.6153846153846154,0.6141001855287569,0.6363636363636364,0.6363636363636364,0.6363636363636364,0.5918367346817993,29,20,20,35
com_erro,catboost,queda,100,50,50,94,94,43,51,54,40,11,16,5,0.6382978723404256,0.649537037037037,0.7380952380952381,0.5740740740740741,0.6458333333333334,0.724999999981875,29,11,23,31
com_erro,catboost,queda,100,55,55,85,85,45,40,45,40,12,13,1,0.6,0.5944444444444444,0.6078431372549019,0.6888888888888889,0.6458333333333334,0.49999999998750005,20,20,14,31
com_erro,catboost,queda,100,60,60,78,78,39,39,39,39,11,17,6,0.6923076923076923,0.6923076923076923,0.6829268292682927,0.717948717948718,0.7,0.6666666666495727,26,13,11,28
com_erro,catboost,queda,100,65,65,72,72,35,37,37,35,11,15,4,0.5694444444444444,0.5702702702702702,0.5882352941176471,0.5405405405405406,0.5633802816901409,0.5999999999828572,21,14,17,20
com_erro,catboost,queda,100,70,70,67,67,33,34,37,30,10,12,2,0.6865671641791045,0.6941441441441442,0.7666666666666667,0.6216216216216216,0.6865671641791045,0.7666666666411112,23,7,14,23
com_erro,catboost,queda,100,75,75,63,63,31,32,35,28,11,11,0,0.5873015873015873,0.5964285714285714,0.6666666666666666,0.5142857142857142,0.5806451612903226,0.6785714285471939,19,9,17,18
com_erro,catboost,queda,100,80,80,59,59,27,32,29,30,12,11,-1,0.7457627118644068,0.7448275862068966,0.7692307692307693,0.6896551724137931,0.7272727272727273,0.7999999999733334,24,6,9,20
com_erro,catboost,queda,100,85,85,55,55,28,27,27,28,10,12,2,0.6727272727272727,0.6712962962962963,0.6956521739130435,0.5925925925925926,0.64,0.7499999999732143,21,7,11,16
com_erro,catboost,queda,100,90,90,52,52,26,26,29,23,11,15,4,0.5384615384615384,0.5232383808095952,0.5757575757575758,0.6551724137931034,0.6129032258064516,0.39130434780907375,9,14,10,19
com_erro,catboost,queda,100,95,95,49,49,27,22,25,24,11,13,2,0.4489795918367347,0.44833333333333336,0.46153846153846156,0.48,0.47058823529411764,0.4166666666493056,10,14,13,12
com_erro,catboost,queda,100,100,100,47,47,22,25,25,22,10,10,0,0.574468085106383,0.5754545454545454,0.6086956521739131,0.56,0.5833333333333334,0.5909090908822314,13,9,11,14
com_erro,mlp,lacuna,20,5,5,947,947,266,681,270,677,20,20,0,0.996832101372756,0.9944444444444445,1.0,0.9888888888888889,0.994413407821229,0.999999999998523,677,0,3,267
com_erro,mlp,lacuna,20,10,10,474,474,133,341,136,338,20,20,0,0.9852320675105485,0.9742647058823529,1.0,0.9485294117647058,0.9735849056603774,0.9999999999970415,338,0,7,129
com_erro,mlp,lacuna,20,15,15,316,316,89,227,91,225,20,20,0,0.9873417721518988,0.9812942612942612,0.9887640449438202,0.967032967032967,0.9777777777777777,0.995555555551131,224,1,3,88
com_erro,mlp,lacuna,20,20,20,237,237,65,172,69,168,19,19,0,0.9704641350210971,0.9535455486542443,0.984375,0.9130434782608695,0.9473684210526315,0.9940476190417021,167,1,6,63
com_erro,mlp,lacuna,30,5,5,945,945,304,641,308,637,20,20,0,0.9968253968253968,0.9951298701298701,1.0,0.9902597402597403,0.9951060358890701,0.9999999999984301,637,0,3,305
com_erro,mlp,lacuna,30,10,10,473,473,152,321,155,318,20,20,0,0.9830866807610994,0.9758470277946845,0.9932885906040269,0.9548387096774194,0.9736842105263158,0.996855345908815,317,1,7,148
com_erro,mlp,lacuna,30,15,15,315,315,100,215,99,216,19,19,0,0.9968253968253968,0.994949494949495,1.0,0.98989898989899,0.9949238578680203,0.9999999999953704,216,0,1,98
com_erro,mlp,lacuna,30,20,20,237,237,77,160,78,159,20,20,0,0.9746835443037974,0.9680696661828737,0.9736842105263158,0.9487179487179487,0.961038961038961,0.9874213836415886,157,2,4,74
com_erro,mlp,lacuna,30,25,25,189,189,61,128,62,127,18,19,1,0.9788359788359788,0.967741935483871,1.0,0.9354838709677419,0.9666666666666667,0.999999999992126,127,0,4,58
com_erro,mlp,lacuna,30,30,30,158,158,49,109,52,106,18,18,0,0.9873417721518988,0.9807692307692308,1.0,0.9615384615384616,0.9803921568627451,0.999999999990566,106,0,2,50
com_erro,mlp,lacuna,40,5,5,943,943,339,604,346,597,19,20,1,0.9819724284199364,0.9760410917787395,0.9969788519637462,0.953757225433526,0.9748892171344166,0.9983249581222808,596,1,16,330
com_erro,mlp,lacuna,40,10,10,472,472,169,303,174,298,19,20,1,0.9766949152542372,0.9695865154670986,0.9939393939393939,0.9425287356321839,0.967551622418879,0.996644295298669,297,1,10,164
com_erro,mlp,lacuna,40,15,15,315,315,113,202,116,199,18,18,0,0.9841269841269841,0.9802460578755848,0.9911504424778761,0.9655172413793104,0.9781659388646288,0.9949748743668595,198,1,4,112
com_erro,mlp,lacuna,40,20,20,236,236,83,153,88,148,17,19,2,0.9364406779661016,0.9170761670761671,0.9866666666666667,0.8409090909090909,0.9079754601226994,0.9932432432365322,147,1,14,74
com_erro,mlp,lacuna,40,25,25,189,189,68,121,67,122,17,18,1,0.9841269841269841,0.9776119402985075,1.0,0.9552238805970149,0.9770992366412213,0.9999999999918032,122,0,3,64
com_erro,mlp,lacuna,40,30,30,158,158,56,102,57,101,18,18,0,0.9936708860759493,0.9912280701754386,1.0,0.9824561403508771,0.9911504424778761,0.9999999999900989,101,0,1,56
com_erro,mlp,lacuna,40,35,35,135,135,50,85,49,86,16,17,1,0.9777777777777777,0.9693877551020409,1.0,0.9387755102040817,0.968421052631579,0.9999999999883721,86,0,3,46
com_erro,mlp,lacuna,40,40,40,118,118,42,76,47,71,16,18,2,0.9576271186440678,0.9504045549895115,0.9772727272727273,0.9148936170212766,0.945054945054945,0.9859154929438603,70,1,4,43
com_erro,mlp,lacuna,50,5,5,941,941,371,570,381,560,17,18,1,0.9776833156216791,0.9741188601424822,0.9891304347826086,0.9553805774278216,0.9719626168224299,0.99285714285537,556,4,17,364
com_erro,mlp,lacuna,50,10,10,471,471,185,286,192,279,17,18,1,0.9617834394904459,0.9547491039426523,0.9887640449438202,0.9166666666666666,0.9513513513513514,0.9928315412150795,277,2,16,176
com_erro,mlp,lacuna,50,15,15,314,314,125,189,128,186,17,18,1,0.9713375796178344,0.9660618279569892,0.9917355371900827,0.9375,0.963855421686747,0.9946236559086311,185,1,8,120
com_erro,mlp,lacuna,50,20,20,236,236,94,142,97,139,17,17,0,0.9491525423728814,0.9397018467700067,0.9885057471264368,0.8865979381443299,0.9347826086956522,0.992805755388541,138,1,11,86
com_erro,mlp,lacuna,50,25,25,189,189,76,113,77,112,16,17,1,0.9735449735449735,0.9675324675324675,1.0,0.935064935064935,0.9664429530201343,0.9999999999910714,112,0,5,72
com_erro,mlp,lacuna,50,30,30,157,157,63,94,65,92,17,18,1,0.9617834394904459,0.9538461538461538,1.0,0.9076923076923077,0.9516129032258065,0.9999999999891304,92,0,6,59
com_erro,mlp,lacuna,50,35,35,135,135,55,80,56,79,15,16,1,0.9629629629629629,0.9553571428571428,1.0,0.9107142857142857,0.9532710280373832,0.9999999999873417,79,0,5,51
com_erro,mlp,lacuna,50,40,40,118,118,46,72,49,69,16,17,1,0.9661016949152542,0.9591836734693877,1.0,0.9183673469387755,0.9574468085106383,0.9999999999855071,69,0,4,45
com_erro,mlp,lacuna,50,45,45,105,105,41,64,41,64,17,17,0,0.9714285714285714,0.967797256097561,0.975,0.9512195121951219,0.9629629629629629,0.9843749999846191,63,1,2,39
com_erro,mlp,lacuna,50,50,50,95,95,38,57,40,55,15,18,3,0.9157894736842105,0.9,1.0,0.8,0.8888888888888888,0.9999999999818182,55,0,8,32
com_erro,mlp,lacuna,60,5,5,939,939,400,539,413,526,17,17,0,0.9637912673056444,0.9588377723970944,1.0,0.9176755447941889,0.9570707070707071,0.9999999999980989,526,0,34,379
com_erro,mlp,lacuna,60,10,10,470,470,200,270,208,262,16,17,1,0.9531914893617022,0.9476108338226659,0.9946808510638298,0.8990384615384616,0.9444444444444444,0.9961832061030681,261,1,21,187
com_erro,mlp,lacuna,60,15,15,313,313,133,180,135,178,16,16,0,0.9808306709265175,0.9777777777777779,1.0,0.9555555555555556,0.9772727272727273,0.999999999994382,178,0,6,129
com_erro,mlp,lacuna,60,20,20,235,235,99,136,105,130,15,17,2,0.9234042553191489,0.9152014652014653,0.9887640449438202,0.8380952380952381,0.9072164948453608,0.9923076923000592,129,1,17,88
com_erro,mlp,lacuna,60,25,25,188,188,81,107,80,108,16,16,0,0.9946808510638298,0.99375,1.0,0.9875,0.9937106918238994,0.9999999999907407,108,0,1,79
com_erro,mlp,lacuna,60,30,30,157,157,65,92,70,87,16,17,1,0.9554140127388535,0.95,1.0,0.9,0.9473684210526315,0.9999999999885058,87,0,7,63
com_erro,mlp,lacuna,60,35,35,135,135,58,77,61,74,15,16,1,0.9703703703703703,0.9672131147540983,1.0,0.9344262295081968,0.9661016949152542,0.9999999999864865,74,0,4,57
com_erro,mlp,lacuna,60,40,40,118,118,49,69,52,66,15,16,1,0.9322033898305084,0.9251165501165501,0.9782608695652174,0.8653846153846154,0.9183673469387755,0.9848484848335628,65,1,7,45
com_erro,mlp,lacuna,60,45,45,105,105,44,61,43,62,15,16,1,0.9619047619047619,0.9570517629407351,0.975609756097561,0.9302325581395349,0.9523809523809523,0.9838709677260666,61,1,3,40
com_erro,mlp,lacuna,60,50,50,94,94,40,54,41,53,14,15,1,0.9680851063829787,0.9634146341463414,1.0,0.926829268292683,0.9620253164556962,0.9999999999811321,53,0,3,38
com_erro,mlp,lacuna,60,55,55,86,86,37,49,38,48,15,15,0,0.9651162790697675,0.9605263157894737,1.0,0.9210526315789473,0.958904109589041,0.9999999999791668,48,0,3,35
com_erro,mlp,lacuna,60,60,60,79,79,32,47,37,42,14,15,1,0.9113924050632911,0.907014157014157,0.96875,0.8378378378378378,0.8985507246376812,0.9761904761672336,41,1,6,31
com_erro,mlp,lacuna,70,5,5,937,937,426,511,444,493,16,16,0,0.9647812166488794,0.9629497651810025,0.9975786924939467,0.9279279279279279,0.9614935822637106,0.9979716024320529,492,1,32,412
com_erro,mlp,lacuna,70,10,10,469,469,213,256,223,246,15,16,1,0.9658848614072495,0.9643351926792811,0.9952153110047847,0.9327354260089686,0.9629629629629629,0.995934959345545,245,1,15,208
com_erro,mlp,lacuna,70,15,15,313,313,142,171,149,164,15,16,1,0.9584664536741214,0.9566827631363561,0.9927536231884058,0.9194630872483222,0.9547038327526133,0.99390243901833,163,1,12,137
com_erro,mlp,lacuna,70,20,20,235,235,107,128,113,122,15,17,2,0.9531914893617022,0.951980269838967,0.9811320754716981,0.9203539823008849,0.9497716894977168,0.9836065573689868,120,2,9,104
com_erro,mlp,lacuna,70,25,25,188,188,88,100,90,98,14,18,4,0.9521276595744681,0.9509070294784581,0.9764705882352941,0.9222222222222223,0.9485714285714286,0.979591836724698,96,2,7,83
com_erro,mlp,lacuna,70,30,30,157,157,70,87,74,83,14,15,1,0.9681528662420382,0.9662162162162162,1.0,0.9324324324324325,0.965034965034965,0.9999999999879517,83,0,5,69
com_erro,mlp,lacuna,70,35,35,134,134,62,72,63,71,14,15,1,0.9552238805970149,0.9532752067963335,0.9830508474576272,0.9206349206349206,0.9508196721311475,0.9859154929438603,70,1,5,58
com_erro,mlp,lacuna,70,40,40,118,118,54,64,58,60,14,15,1,0.9576271186440678,0.9568965517241379,1.0,0.9137931034482759,0.954954954954955,0.9999999999833334,60,0,5,53
com_erro,mlp,lacuna,70,45,45,105,105,49,56,50,55,13,16,3,0.9523809523809523,0.9509090909090909,0.9787234042553191,0.92,0.9484536082474226,0.9818181818003306,54,1,4,46
com_erro,mlp,lacuna,70,50,50,94,94,44,50,46,48,13,14,1,0.9574468085106383,0.957427536231884,0.9565217391304348,0.9565217391304348,0.9565217391304348,0.9583333333133681,46,2,2,44
com_erro,mlp,lacuna,70,55,55,86,86,40,46,39,47,14,16,2,0.9418604651162791,0.9424440807419531,0.925,0.9487179487179487,0.9367088607594937,0.936170212746039,44,3,2,37
com_erro,mlp,lacuna,70,60,60,79,79,35,44,38,41,14,15,1,0.9240506329113924,0.9210526315789473,1.0,0.8421052631578947,0.9142857142857143,0.9999999999756098,41,0,6,32
com_erro,mlp,lacuna,70,65,65,73,73,33,40,34,39,15,15,0,0.9726027397260274,0.9705882352941176,1.0,0.9411764705882353,0.9696969696969697,0.9999999999743591,39,0,2,32
com_erro,mlp,lacuna,70,70,70,67,67,32,35,32,35,13,14,1,0.9402985074626866,0.9388392857142858,0.9666666666666667,0.90625,0.9354838709677419,0.9714285714008164,34,1,3,29
com_erro,mlp,lacuna,80,5,5,935,935,450,485,473,462,14,15,1,0.9796791443850268,0.9799154334038055,1.0,0.959830866807611,0.9795037756202805,0.9999999999978355,462,0,19,454
com_erro,mlp,lacuna,80,10,10,468,468,225,243,237,231,14,16,2,0.9786324786324786,0.978848156063346,0.9956331877729258,0.9620253164556962,0.9785407725321889,0.9956709956666855,230,1,9,228
com_erro,mlp,lacuna,80,15,15,312,312,152,160,159,153,14,15,1,0.9743589743589743,0.9747194475274387,0.9934640522875817,0.9559748427672956,0.9743589743589743,0.9934640522810886,152,1,7,152
com_erro,mlp,lacuna,80,20,20,234,234,112,122,119,115,14,16,2,0.9572649572649573,0.9576909024479356,0.9823008849557522,0.9327731092436975,0.9568965517241379,0.9826086956436294,113,2,8,111
com_erro,mlp,lacuna,80,25,25,187,187,91,96,95,92,13,15,2,0.9679144385026738,0.9682494279176201,0.989010989010989,0.9473684210526315,0.967741935483871,0.9891304347718572,91,1,5,90
com_erro,mlp,lacuna,80,30,30,156,156,76,80,81,75,14,14,0,0.9743589743589743,0.9753086419753086,1.0,0.9506172839506173,0.9746835443037974,0.9999999999866667,75,0,4,77
com_erro,mlp,lacuna,80,35,35,134,134,67,67,67,67,13,14,1,0.9552238805970149,0.955223880597015,0.9692307692307692,0.9402985074626866,0.9545454545454546,0.9701492537168634,65,2,4,63
com_erro,mlp,lacuna,80,40,40,117,117,56,61,62,55,13,15,2,0.9572649572649573,0.9596774193548387,1.0,0.9193548387096774,0.957983193277311,0.9999999999818182,55,0,5,57
com_erro,mlp,lacuna,80,45,45,104,104,51,53,52,52,13,14,1,0.9423076923076923,0.9423076923076923,0.9791666666666666,0.9038461538461539,0.94,0.9807692307503699,51,1,5,47
com_erro,mlp,lacuna,80,50,50,94,94,46,48,49,45,13,13,0,0.9893617021276596,0.9897959183673469,1.0,0.9795918367346939,0.9896907216494846,0.9999999999777779,45,0,1,48
com_erro,mlp,lacuna,80,55,55,85,85,42,43,43,42,14,15,1,0.9647058823529412,0.9648394241417497,0.9761904761904762,0.9534883720930233,0.9647058823529412,0.9761904761672336,41,1,2,41
com_erro,mlp,lacuna,80,60,60,78,78,38,40,39,39,13,14,1,0.9487179487179487,0.9487179487179487,0.972972972972973,0.9230769230769231,0.9473684210526315,0.9743589743339909,38,1,3,36
com_erro,mlp,lacuna,80,65,65,72,72,34,38,37,35,13,13,0,0.9305555555555556,0.9324324324324325,1.0,0.8648648648648649,0.927536231884058,0.9999999999714286,35,0,5,32
com_erro,mlp,lacuna,80,70,70,67,67,34,33,33,34,13,15,2,0.9104477611940298,0.910873440285205,0.8857142857142857,0.9393939393939394,0.9117647058823529,0.8823529411505191,30,4,2,31
com_erro,mlp,lacuna,80,75,75,63,63,30,33,34,29,12,12,0,0.9523809523809523,0.9558823529411764,1.0,0.9117647058823529,0.9538461538461539,0.9999999999655173,29,0,3,31
com_erro,mlp,lacuna,80,80,80,59,59,28,31,31,28,12,13,1,0.9491525423728814,0.9516129032258065,1.0,0.9032258064516129,0.9491525423728814,0.9999999999642857,28,0,3,28
com_erro,mlp,lacuna,90,5,5,933,933,473,460,499,434,14,15,1,0.969989281886388,0.9717938180508482,0.9978858350951374,0.9458917835671342,0.9711934156378601,0.9976958525322634,433,1,27,472
com_erro,mlp,lacuna,90,10,10,467,467,237,230,250,217,14,14,0,0.9785867237687366,0.9796958525345623,0.9958677685950413,0.964,0.9796747967479674,0.9953917050645374,216,1,9,241
com_erro,mlp,lacuna,90,15,15,311,311,157,154,164,147,13,14,1,0.9742765273311897,0.975609756097561,1.0,0.9512195121951219,0.975,0.9999999999931973,147,0,8,156
com_erro,mlp,lacuna,90,20,20,234,234,119,115,127,107,13,21,8,0.9273504273504274,0.924976083597027,0.9166666666666666,0.952755905511811,0.9343629343629344,0.8971962616738579,96,11,6,121
com_erro,mlp,lacuna,90,25,25,187,187,96,91,99,88,13,13,0,0.9732620320855615,0.9741161616161615,0.9895833333333334,0.9595959595959596,0.9743589743589743,0.9886363636251291,87,1,4,95
com_erro,mlp,lacuna,90,30,30,156,156,78,78,85,71,13,14,1,0.9487179487179487,0.9529411764705882,1.0,0.9058823529411765,0.9506172839506173,0.9999999999859155,71,0,8,77
com_erro,mlp,lacuna,90,35,35,134,134,70,64,73,61,13,13,0,0.9626865671641791,0.964406018414552,0.9857142857142858,0.9452054794520548,0.965034965034965,0.9836065573609245,60,1,4,69
com_erro,mlp,lacuna,90,40,40,117,117,59,58,64,53,13,13,0,0.9572649572649573,0.9609375,1.0,0.921875,0.959349593495935,0.9999999999811321,53,0,5,59
com_erro,mlp,lacuna,90,45,45,104,104,53,51,56,48,12,14,2,0.9615384615384616,0.9642857142857143,1.0,0.9285714285714286,0.9629629629629629,0.9999999999791668,48,0,4,52
com_erro,mlp,lacuna,90,50,50,94,94,49,45,52,42,13,13,0,0.9787234042553191,0.9807692307692308,1.0,0.9615384615384616,0.9803921568627451,0.9999999999761906,42,0,2,50
com_erro,mlp,lacuna,90,55,55,85,85,45,40,46,39,12,15,3,0.9294117647058824,0.930880713489409,0.9545454545454546,0.9130434782608695,0.9333333333333333,0.9487179486936227,37,2,4,42
com_erro,mlp,lacuna,90,60,60,78,78,40,38,40,38,12,13,1,0.9871794871794872,0.9875,1.0,0.975,0.9873417721518988,0.9999999999736843,38,0,1,39
com_erro,mlp,lacuna,90,65,65,72,72,36,36,38,34,13,13,0,0.9583333333333334,0.9605263157894737,1.0,0.9210526315789473,0.958904109589041,0.9999999999705883,34,0,3,35
com_erro,mlp,lacuna,90,70,70,67,67,37,30,36,31,13,13,0,1.0,1.0,1.0,1.0,1.0,0.9999999999677419,31,0,0,36
com_erro,mlp,lacuna,90,75,75,63,63,32,31,35,28,11,11,0,0.9365079365079365,0.9392857142857143,0.9696969696969697,0.9142857142857143,0.9411764705882353,0.9642857142512755,27,1,3,32
com_erro,mlp,lacuna,90,80,80,59,59,29,30,33,26,12,12,0,0.9322033898305084,0.9393939393939394,1.0,0.8787878787878788,0.9354838709677419,0.9999999999615384,26,0,4,29
com_erro,mlp,lacuna,90,85,85,55,55,28,27,30,25,12,11,-1,0.9272727272727272,0.9266666666666667,0.9333333333333333,0.9333333333333333,0.9333333333333333,0.9199999999632,23,2,2,28
com_erro,mlp,lacuna,90,90,90,52,52,25,27,31,21,11,12,1,0.8653846153846154,0.8870967741935484,1.0,0.7741935483870968,0.8727272727272727,0.999999999952381,21,0,7,24
com_erro,mlp,lacuna,100,5,5,931,931,491,440,524,407,13,14,1,0.9634801288936627,0.9675572519083969,1.0,0.9351145038167938,0.9664694280078896,0.9999999999975431,407,0,34,490
com_erro,mlp,lacuna,100,10,10,466,466,246,220,263,203,13,14,1,0.9592274678111588,0.9638783269961977,1.0,0.9277566539923955,0.9625246548323472,0.9999999999950739,203,0,19,244
com_erro,mlp,lacuna,100,15,15,311,311,163,148,175,136,13,13,0,0.9710610932475884,0.9734663865546218,0.9940476190476191,0.9542857142857143,0.9737609329446064,0.9926470588162306,135,1,8,167
com_erro,mlp,lacuna,100,20,20,233,233,123,110,132,101,13,13,0,0.9656652360515021,0.9696969696969697,1.0,0.9393939393939394,0.96875,0.9999999999900989,101,0,8,124
com_erro,mlp,lacuna,100,25,25,187,187,98,89,105,82,13,14,1,0.9625668449197861,0.9653310104529617,0.99,0.9428571428571428,0.9658536585365853,0.987804878036734,81,1,6,99
com_erro,mlp,lacuna,100,30,30,156,156,80,76,87,69,13,13,0,0.967948717948718,0.9712643678160919,1.0,0.9425287356321839,0.9704142011834319,0.9999999999855071,69,0,5,82
com_erro,mlp,lacuna,100,35,35,133,133,72,61,74,59,13,13,0,0.9699248120300752,0.972972972972973,1.0,0.9459459459459459,0.9722222222222222,0.9999999999830509,59,0,4,70
com_erro,mlp,lacuna,100,40,40,117,117,61,56,66,51,13,13,0,0.9487179487179487,0.9523172905525846,0.9838709677419355,0.9242424242424242,0.953125,0.9803921568435218,50,1,5,61
com_erro,mlp,lacuna,100,45,45,104,104,56,48,57,47,12,15,3,0.9519230769230769,0.9524076147816349,0.9642857142857143,0.9473684210526315,0.9557522123893806,0.9574468084902672,45,2,3,54
com_erro,mlp,lacuna,100,50,50,94,94,50,44,54,40,12,13,1,0.9574468085106383,0.962962962962963,1.0,0.9259259259259259,0.9615384615384616,0.9999999999750001,40,0,4,50
com_erro,mlp,lacuna,100,55,55,85,85,46,39,50,35,11,11,0,0.9294117647058824,0.94,1.0,0.88,0.9361702127659575,0.9999999999714286,35,0,6,44
com_erro,mlp,lacuna,100,60,60,78,78,42,36,41,37,12,13,1,0.9487179487179487,0.9512195121951219,1.0,0.9024390243902439,0.9487179487179487,0.9999999999729731,37,0,4,37
com_erro,mlp,lacuna,100,65,65,72,72,37,35,40,32,13,13,0,0.9583333333333334,0.959375,0.9743589743589743,0.95,0.9620253164556962,0.9687499999697267,31,1,2,38
com_erro,mlp,lacuna,100,70,70,67,67,37,30,36,31,13,13,0,0.9850746268656716,0.9861111111111112,1.0,0.9722222222222222,0.9859154929577465,0.9999999999677419,31,0,1,35
com_erro,mlp,lacuna,100,75,75,63,63,34,29,38,25,11,11,0,0.9365079365079365,0.9473684210526316,1.0,0.8947368421052632,0.9444444444444444,0.99999999996,25,0,4,34
com_erro,mlp,lacuna,100,80,80,59,59,31,28,34,25,12,12,0,0.8983050847457628,0.9064705882352941,0.9666666666666667,0.8529411764705882,0.90625,0.9599999999616,24,1,5,29
com_erro,mlp,lacuna,100,85,85,55,55,30,25,32,23,11,12,1,0.9454545454545454,0.953125,1.0,0.90625,0.9508196721311475,0.9999999999565218,23,0,3,29
com_erro,mlp,lacuna,100,90,90,52,52,26,26,31,21,11,12,1,0.9038461538461539,0.9193548387096775,1.0,0.8387096774193549,0.9122807017543859,0.999999999952381,21,0,5,26
com_erro,mlp,lacuna,100,95,95,49,49,25,24,27,22,10,11,1,0.9387755102040817,0.9444444444444444,1.0,0.8888888888888888,0.9411764705882353,0.9999999999545455,22,0,3,24
com_erro,mlp,lacuna,100,100,100,47,47,28,19,29,18,11,14,3,0.9148936170212766,0.9099616858237547,0.9310344827586207,0.9310344827586207,0.9310344827586207,0.8888888888395061,16,2,2,27
com_erro,mlp,oscilacao,20,5,5,947,947,372,575,299,648,15,41,26,0.8310454065469906,0.7711688137412775,0.8088888888888889,0.6086956521739131,0.6946564885496184,0.9336419753072012,605,43,117,182
com_erro,mlp,oscilacao,20,10,10,474,474,186,288,150,324,15,37,22,0.8185654008438819,0.7849382716049382,0.7222222222222222,0.6933333333333334,0.7074829931972789,0.8765432098738378,284,40,46,104
com_erro,mlp,oscilacao,20,15,15,316,316,126,190,100,216,15,35,20,0.7911392405063291,0.7774074074074073,0.6491228070175439,0.74,0.6915887850467289,0.8148148148110426,176,40,26,74
com_erro,mlp,oscilacao,20,20,20,237,237,92,145,73,164,15,28,13,0.7890295358649789,0.6993401269629135,0.7555555555555555,0.4657534246575342,0.576271186440678,0.9329268292626042,153,11,39,34
com_erro,mlp,oscilacao,30,5,5,945,945,407,538,327,618,15,40,25,0.7904761904761904,0.7526869748522906,0.7279151943462897,0.6299694189602446,0.6754098360655738,0.87540453074292,541,77,121,206
com_erro,mlp,oscilacao,30,10,10,473,473,204,269,164,309,15,33,18,0.7780126849894292,0.7542722393243351,0.6809815950920245,0.676829268292683,0.6788990825688074,0.8317152103532954,257,52,53,111
com_erro,mlp,oscilacao,30,15,15,315,315,135,180,108,207,14,28,14,0.7841269841269841,0.7471819645732689,0.7083333333333334,0.6296296296296297,0.6666666666666666,0.8647342995127308,179,28,40,68
com_erro,mlp,oscilacao,30,20,20,237,237,100,137,82,155,14,29,15,0.7637130801687764,0.7360739575137687,0.6625,0.6463414634146342,0.654320987654321,0.8258064516075755,128,27,29,53
com_erro,mlp,oscilacao,30,25,25,189,189,84,105,62,127,13,25,12,0.8095238095238095,0.800482600965202,0.6857142857142857,0.7741935483870968,0.7272727272727273,0.826771653536797,105,22,14,48
com_erro,mlp,oscilacao,30,30,30,158,158,66,92,56,102,14,24,10,0.7911392405063291,0.7617296918767507,0.7254901960784313,0.6607142857142857,0.6915887850467289,0.8627450980307574,88,14,19,37
com_erro,mlp,oscilacao,40,5,5,943,943,439,504,353,590,14,49,35,0.7656415694591728,0.7603663513708168,0.6692307692307692,0.7393767705382436,0.702557200538358,0.7813559322020656,461,129,92,261
com_erro,mlp,oscilacao,40,10,10,472,472,220,252,178,294,14,26,12,0.7838983050847458,0.7533822517771154,0.7567567567567568,0.6292134831460674,0.6871165644171779,0.8775510204051784,258,36,66,112
com_erro,mlp,oscilacao,40,15,15,315,315,145,170,120,195,14,32,18,0.7777777777777778,0.7676282051282051,0.7016129032258065,0.725,0.7131147540983607,0.8102564102522551,158,37,33,87
com_erro,mlp,oscilacao,40,20,20,236,236,109,127,87,149,14,27,13,0.7711864406779662,0.7494407158836689,0.6987951807228916,0.6666666666666666,0.6823529411764706,0.8322147650950859,124,25,29,58
com_erro,mlp,oscilacao,40,25,25,189,189,90,99,71,118,14,28,14,0.7407407407407407,0.7306636428741944,0.6447368421052632,0.6901408450704225,0.6666666666666666,0.7711864406714306,91,27,22,49
com_erro,mlp,oscilacao,40,30,30,158,158,73,85,59,99,14,24,10,0.7974683544303798,0.7870227700736175,0.7213114754098361,0.7457627118644068,0.7333333333333333,0.8282828282744618,82,17,15,44
com_erro,mlp,oscilacao,40,35,35,135,135,64,71,51,84,13,20,7,0.8148148148148148,0.8011204481792717,0.76,0.7450980392156863,0.7524752475247525,0.857142857132653,72,12,13,38
com_erro,mlp,oscilacao,40,40,40,118,118,55,63,43,75,13,21,8,0.7627118644067796,0.7488372093023257,0.6666666666666666,0.6976744186046512,0.6818181818181818,0.7999999999893332,60,15,13,30
com_erro,mlp,oscilacao,50,5,5,941,941,470,471,377,564,14,37,23,0.7651434643995749,0.753508474895122,0.7119565217391305,0.6949602122015915,0.7033557046979866,0.8120567375872126,458,106,115,262
com_erro,mlp,oscilacao,50,10,10,471,471,235,236,190,281,14,24,10,0.7813163481953291,0.7485484173066117,0.8270676691729323,0.5789473684210527,0.6811145510835913,0.9181494661889034,258,23,80,110
com_erro,mlp,oscilacao,50,15,15,314,314,159,155,126,188,14,29,15,0.7738853503184714,0.7640577507598785,0.72,0.7142857142857143,0.7171314741035857,0.8138297872297137,153,35,36,90
com_erro,mlp,oscilacao,50,20,20,236,236,115,121,95,141,14,28,14,0.7457627118644068,0.7460246360582307,0.6635514018691588,0.7473684210526316,0.7029702970297029,0.7446808510585484,105,36,24,71
com_erro,mlp,oscilacao,50,25,25,189,189,94,95,75,114,14,25,11,0.7407407407407407,0.7189473684210526,0.696969696969697,0.6133333333333333,0.6524822695035462,0.824561403501539,94,20,29,46
com_erro,mlp,oscilacao,50,30,30,157,157,80,77,63,94,13,20,7,0.802547770700637,0.7906112799729821,0.7666666666666667,0.7301587301587301,0.7479674796747967,0.8510638297781802,80,14,17,46
com_erro,mlp,oscilacao,50,35,35,135,135,68,67,53,82,13,19,6,0.7925925925925926,0.7825586746433502,0.7358490566037735,0.7358490566037735,0.7358490566037735,0.8292682926728138,68,14,14,39
com_erro,mlp,oscilacao,50,40,40,118,118,56,62,46,72,12,19,7,0.8135593220338984,0.8001207729468599,0.7727272727272727,0.7391304347826086,0.7555555555555555,0.8611111110991512,62,10,12,34
com_erro,mlp,oscilacao,50,45,45,105,105,52,53,42,63,13,24,11,0.7523809523809524,0.746031746031746,0.6818181818181818,0.7142857142857143,0.6976744186046512,0.7777777777654321,49,14,12,30
com_erro,mlp,oscilacao,50,50,50,95,95,46,49,40,55,11,18,7,0.7157894736842105,0.7034090909090909,0.6756756756756757,0.625,0.6493506493506493,0.781818181803967,43,12,15,25
com_erro,mlp,oscilacao,60,5,5,939,939,500,439,401,538,13,38,25,0.784877529286475,0.7694031649500783,0.7987987987987988,0.6633416458852868,0.7247956403269755,0.8754646840132426,471,67,135,266
com_erro,mlp,oscilacao,60,10,10,470,470,250,220,202,268,13,30,17,0.7446808510638298,0.7328395152948131,0.7277777777777777,0.6485148514851485,0.6858638743455497,0.8171641791014286,219,49,71,131
com_erro,mlp,oscilacao,60,15,15,313,313,166,147,133,180,13,28,15,0.7731629392971247,0.757623224728488,0.7767857142857143,0.6541353383458647,0.710204081632653,0.8611111111063272,155,25,46,87
com_erro,mlp,oscilacao,60,20,20,235,235,124,111,99,136,13,31,18,0.7276595744680852,0.7358511586452763,0.6446280991735537,0.7878787878787878,0.7090909090909091,0.6838235294067366,93,43,21,78
com_erro,mlp,oscilacao,60,25,25,188,188,100,88,79,109,13,22,9,0.7659574468085106,0.7581001045174777,0.7272727272727273,0.7088607594936709,0.717948717948718,0.8073394495338776,88,21,23,56
com_erro,mlp,oscilacao,60,30,30,157,157,82,75,69,88,13,21,8,0.8089171974522293,0.8029479578392622,0.8,0.7536231884057971,0.7761194029850746,0.8522727272630424,75,13,17,52
com_erro,mlp,oscilacao,60,35,35,135,135,71,64,59,76,12,20,8,0.762962962962963,0.7572479928635147,0.7368421052631579,0.711864406779661,0.7241379310344828,0.8026315789368075,61,15,17,42
com_erro,mlp,oscilacao,60,40,40,118,118,61,57,49,69,12,20,8,0.7372881355932204,0.7369121561668146,0.6666666666666666,0.7346938775510204,0.6990291262135923,0.7391304347718967,51,18,13,36
com_erro,mlp,oscilacao,60,45,45,105,105,55,50,45,60,12,19,7,0.7619047619047619,0.7611111111111111,0.7083333333333334,0.7555555555555555,0.7311827956989247,0.7666666666538889,46,14,11,34
com_erro,mlp,oscilacao,60,50,50,94,94,50,44,42,52,11,17,6,0.776595744680851,0.7774725274725275,0.7333333333333333,0.7857142857142857,0.7586206896551724,0.7692307692159763,40,12,9,33
com_erro,mlp,oscilacao,60,55,55,86,86,44,42,38,48,11,19,8,0.6627906976744186,0.6513157894736843,0.6363636363636364,0.5526315789473685,0.5915492957746479,0.749999999984375,36,12,17,21
com_erro,mlp,oscilacao,60,60,60,79,79,42,37,35,44,12,15,3,0.7848101265822784,0.7746753246753246,0.8,0.6857142857142857,0.7384615384615385,0.8636363636167356,38,6,11,24
com_erro,mlp,oscilacao,70,5,5,937,937,526,411,423,514,13,49,36,0.7705442902881536,0.7736958541453947,0.7194092827004219,0.806146572104019,0.7603121516164995,0.7412451361853283,381,133,82,341
com_erro,mlp,oscilacao,70,10,10,469,469,263,206,213,256,13,33,20,0.746268656716418,0.7466806044600939,0.7079646017699115,0.7511737089201878,0.7289293849658315,0.7421874999971009,190,66,53,160
com_erro,mlp,oscilacao,70,15,15,313,313,173,140,143,170,13,28,15,0.7476038338658147,0.7493212669683258,0.7051282051282052,0.7692307692307693,0.7357859531772575,0.7294117647015917,124,46,33,110
com_erro,mlp,oscilacao,70,20,20,235,235,130,105,107,128,12,28,16,0.7191489361702128,0.7214880257009346,0.6722689075630253,0.7476635514018691,0.7079646017699115,0.6953124999945679,89,39,27,80
com_erro,mlp,oscilacao,70,25,25,188,188,106,82,85,103,13,19,6,0.7872340425531915,0.7832095945174187,0.7777777777777778,0.7411764705882353,0.7590361445783133,0.8252427184385899,85,18,22,63
com_erro,mlp,oscilacao,70,30,30,157,157,86,71,71,86,11,25,14,0.7006369426751592,0.696036685227645,0.6764705882352942,0.647887323943662,0.6618705035971223,0.7441860465029746,64,22,25,46
com_erro,mlp,oscilacao,70,35,35,134,134,75,59,61,73,11,19,8,0.7761194029850746,0.7743094543004716,0.7540983606557377,0.7540983606557377,0.7540983606557377,0.7945205479343216,58,15,15,46
com_erro,mlp,oscilacao,70,40,40,118,118,66,52,54,64,11,21,10,0.7542372881355932,0.7575231481481481,0.7049180327868853,0.7962962962962963,0.7478260869565218,0.7187499999887695,46,18,11,43
com_erro,mlp,oscilacao,70,45,45,105,105,57,48,49,56,11,18,7,0.7142857142857143,0.7142857142857143,0.6862745098039216,0.7142857142857143,0.7,0.7142857142729593,40,16,14,35
com_erro,mlp,oscilacao,70,50,50,94,94,54,40,43,51,11,17,6,0.7659574468085106,0.771545827633379,0.7058823529411765,0.8372093023255814,0.7659574468085106,0.7058823529273357,36,15,7,36
com_erro,mlp,oscilacao,70,55,55,86,86,47,39,41,45,11,20,9,0.6627906976744186,0.664769647696477,0.6304347826086957,0.7073170731707317,0.6666666666666666,0.6222222222083951,28,17,12,29
com_erro,mlp,oscilacao,70,60,60,79,79,44,35,37,42,10,16,6,0.7468354430379747,0.7425997425997426,0.7575757575757576,0.6756756756756757,0.7142857142857143,0.8095238095045352,34,8,12,25
com_erro,mlp,oscilacao,70,65,65,73,73,40,33,34,39,12,16,4,0.7945205479452054,0.7963800904977376,0.7567567567567568,0.8235294117647058,0.7887323943661971,0.7692307692110454,30,9,6,28
com_erro,mlp,oscilacao,70,70,70,67,67,38,29,29,38,10,13,3,0.7910447761194029,0.7872050816696914,0.7586206896551724,0.7586206896551724,0.7586206896551724,0.8157894736627425,31,7,7,22
com_erro,mlp,oscilacao,80,5,5,935,935,547,388,445,490,13,38,25,0.788235294117647,0.7894978216005504,0.7578288100208769,0.8157303370786517,0.7857142857142857,0.7632653061208913,374,116,82,363
com_erro,mlp,oscilacao,80,10,10,468,468,274,194,224,244,12,23,11,0.7713675213675214,0.7706747658079625,0.7647058823529411,0.7544642857142857,0.7595505617977528,0.7868852458984145,192,52,55,169
com_erro,mlp,oscilacao,80,15,15,312,312,183,129,149,163,12,24,12,0.7788461538461539,0.7750854366533537,0.8174603174603174,0.6912751677852349,0.7490909090909091,0.8588957055162032,140,23,46,103
com_erro,mlp,oscilacao,80,20,20,234,234,137,97,110,124,12,23,11,0.7435897435897436,0.7411290322580645,0.7403846153846154,0.7,0.719626168224299,0.7822580645098205,97,27,33,77
com_erro,mlp,oscilacao,80,25,25,187,187,111,76,87,100,11,20,9,0.7914438502673797,0.7915517241379311,0.7666666666666667,0.7931034482758621,0.7796610169491526,0.7899999999921,79,21,18,69
com_erro,mlp,oscilacao,80,30,30,156,156,92,64,75,81,10,20,10,0.7756410256410257,0.7780246913580247,0.7325581395348837,0.84,0.782608695652174,0.7160493827072092,58,23,12,63
com_erro,mlp,oscilacao,80,35,35,134,134,79,55,63,71,11,17,6,0.8283582089552238,0.8264028616141292,0.8333333333333334,0.7936507936507936,0.8130081300813008,0.859154929565364,61,10,13,50
com_erro,mlp,oscilacao,80,40,40,117,117,69,48,55,62,11,15,4,0.7948717948717948,0.7941348973607039,0.7818181818181819,0.7818181818181819,0.7818181818181819,0.8064516128902186,50,12,12,43
com_erro,mlp,oscilacao,80,45,45,104,104,59,45,50,54,10,19,9,0.7019230769230769,0.7018518518518518,0.6862745098039216,0.7,0.693069306930693,0.7037037036906721,38,16,15,35
com_erro,mlp,oscilacao,80,50,50,94,94,56,38,43,51,11,19,8,0.6808510638297872,0.6839945280437756,0.6326530612244898,0.7209302325581395,0.6739130434782609,0.6470588235167244,33,18,12,31
com_erro,mlp,oscilacao,80,55,55,85,85,51,34,42,43,10,15,5,0.8117647058823529,0.8122923588039868,0.782608695652174,0.8571428571428571,0.8181818181818182,0.7674418604472688,33,10,6,36
com_erro,mlp,oscilacao,80,60,60,78,78,47,31,37,41,10,12,2,0.6153846153846154,0.6249176005273567,0.5660377358490566,0.8108108108108109,0.6666666666666666,0.43902439023319456,18,23,7,30
com_erro,mlp,oscilacao,80,65,65,72,72,43,29,35,37,10,15,5,0.8194444444444444,0.818918918918919,0.8235294117647058,0.8,0.8115942028985508,0.8378378378151936,31,6,7,28
com_erro,mlp,oscilacao,80,70,70,67,67,40,27,31,36,10,15,5,0.746268656716418,0.7482078853046594,0.7058823529411765,0.7741935483870968,0.7384615384615385,0.7222222222021606,26,10,7,24
com_erro,mlp,oscilacao,80,75,75,63,63,35,28,31,32,10,15,5,0.746031746031746,0.7464717741935484,0.7272727272727273,0.7741935483870968,0.75,0.7187499999775392,23,9,7,24
com_erro,mlp,oscilacao,80,80,80,59,59,36,23,29,30,10,14,4,0.5932203389830508,0.5959770114942529,0.5641025641025641,0.7586206896551724,0.6470588235294118,0.4333333333188889,13,17,7,22
com_erro,mlp,oscilacao,90,5,5,933,933,567,366,466,467,10,54,44,0.7427652733118971,0.74287296321144,0.7017857142857142,0.8433476394849786,0.7660818713450293,0.6423982869365259,300,167,73,393
com_erro,mlp,oscilacao,90,10,10,467,467,284,183,234,233,10,32,22,0.7408993576017131,0.7405542716701515,0.6828478964401294,0.9017094017094017,0.7771639042357275,0.5793991416284147,135,98,23,211
com_erro,mlp,oscilacao,90,15,15,311,311,188,123,155,156,10,24,14,0.7491961414790996,0.7496484698097601,0.6934673366834171,0.8903225806451613,0.7796610169491526,0.6089743589704554,95,61,17,138
com_erro,mlp,oscilacao,90,20,20,234,234,141,93,117,117,10,24,14,0.7564102564102564,0.7564102564102564,0.7631578947368421,0.7435897435897436,0.7532467532467533,0.7692307692241945,90,27,30,87
com_erro,mlp,oscilacao,90,25,25,187,187,114,73,94,93,10,15,5,0.8288770053475936,0.8289865019446351,0.8444444444444444,0.8085106382978723,0.8260869565217391,0.8494623655822638,79,14,18,76
com_erro,mlp,oscilacao,90,30,30,156,156,94,62,80,76,10,18,8,0.782051282051282,0.7828947368421053,0.8108108108108109,0.75,0.7792207792207793,0.8157894736734764,62,14,20,60
com_erro,mlp,oscilacao,90,35,35,134,134,81,53,67,67,10,16,6,0.7910447761194029,0.7910447761194029,0.7910447761194029,0.7910447761194029,0.7910447761194029,0.7910447761075963,53,14,14,53
com_erro,mlp,oscilacao,90,40,40,117,117,69,48,57,60,10,18,8,0.7264957264957265,0.7267543859649123,0.711864406779661,0.7368421052631579,0.7241379310344828,0.7166666666547222,43,17,15,42
com_erro,mlp,oscilacao,90,45,45,104,104,61,43,52,52,10,17,7,0.7596153846153846,0.7596153846153846,0.7547169811320755,0.7692307692307693,0.7619047619047619,0.749999999985577,39,13,12,40
com_erro,mlp,oscilacao,90,50,50,94,94,58,36,48,46,10,18,8,0.776595744680851,0.7758152173913043,0.7647058823529411,0.8125,0.7878787878787878,0.7391304347665407,34,12,9,39
com_erro,mlp,oscilacao,90,55,55,85,85,51,34,42,43,10,13,3,0.8,0.8003875968992249,0.7777777777777778,0.8333333333333334,0.8045977011494253,0.7674418604472688,33,10,7,35
com_erro,mlp,oscilacao,90,60,60,78,78,47,31,39,39,10,19,9,0.7307692307692307,0.7307692307692308,0.7368421052631579,0.717948717948718,0.7272727272727273,0.7435897435706772,29,10,11,28
com_erro,mlp,oscilacao,90,65,65,72,72,43,29,37,35,10,13,3,0.7638888888888888,0.7602316602316602,0.717391304347826,0.8918918918918919,0.7951807228915663,0.6285714285534695,22,13,4,33
com_erro,mlp,oscilacao,90,70,70,67,67,40,27,34,33,10,13,3,0.7761194029850746,0.7754010695187166,0.7567567567567568,0.8235294117647058,0.7887323943661971,0.7272727272506888,24,9,6,28
com_erro,mlp,oscilacao,90,75,75,63,63,37,26,33,30,10,15,5,0.7619047619047619,0.7606060606060605,0.7647058823529411,0.7878787878787878,0.7761194029850746,0.7333333333088888,22,8,7,26
com_erro,mlp,oscilacao,90,80,80,59,59,36,23,30,29,10,11,1,0.7288135593220338,0.7275862068965517,0.7058823529411765,0.8,0.75,0.6551724137705113,19,10,6,24
com_erro,mlp,oscilacao,90,85,85,55,55,33,22,27,28,10,13,3,0.7818181818181819,0.7824074074074074,0.7586206896551724,0.8148148148148148,0.7857142857142857,0.7499999999732143,21,7,5,22
com_erro,mlp,oscilacao,90,90,90,52,52,31,21,26,26,10,14,4,0.6730769230769231,0.6730769230769231,0.6363636363636364,0.8076923076923077,0.711864406779661,0.5384615384408284,14,12,5,21
com_erro,mlp,oscilacao,100,5,5,931,931,587,344,482,449,10,46,36,0.748657357679914,0.7457489672762894,0.7254545454545455,0.8278008298755186,0.7732558139534884,0.663697104675582,298,151,83,399
com_erro,mlp,oscilacao,100,10,10,466,466,294,172,242,224,10,30,20,0.740343347639485,0.7385441263282173,0.7335907335907336,0.7851239669421488,0.7584830339321357,0.6919642857111966,155,69,52,190
com_erro,mlp,oscilacao,100,15,15,311,311,194,117,162,149,10,20,10,0.7170418006430869,0.7081986908608833,0.6651785714285714,0.9197530864197531,0.772020725388601,0.49664429529868026,74,75,13,149
com_erro,mlp,oscilacao,100,20,20,233,233,147,86,120,113,10,18,8,0.7253218884120172,0.7307522123893806,0.868421052631579,0.55,0.673469387755102,0.9115044247706946,103,10,54,66
com_erro,mlp,oscilacao,100,25,25,187,187,116,71,96,91,10,20,10,0.7593582887700535,0.7558951465201464,0.7142857142857143,0.8854166666666666,0.7906976744186046,0.6263736263667431,57,34,11,85
com_erro,mlp,oscilacao,100,30,30,156,156,97,59,80,76,10,18,8,0.7756410256410257,0.775,0.7710843373493976,0.8,0.7852760736196319,0.7499999999901316,57,19,16,64
com_erro,mlp,oscilacao,100,35,35,133,133,84,49,69,64,10,19,9,0.7593984962406015,0.7584918478260869,0.7605633802816901,0.782608695652174,0.7714285714285715,0.7343749999885254,47,17,15,54
com_erro,mlp,oscilacao,100,40,40,117,117,72,45,59,58,10,19,9,0.7948717948717948,0.7945645821157218,0.7777777777777778,0.8305084745762712,0.8032786885245902,0.7586206896420928,44,14,10,49
com_erro,mlp,oscilacao,100,45,45,104,104,64,40,55,49,10,18,8,0.7596153846153846,0.7538033395176251,0.734375,0.8545454545454545,0.7899159663865546,0.6530612244764682,32,17,8,47
com_erro,mlp,oscilacao,100,50,50,94,94,58,36,49,45,10,19,9,0.723404255319149,0.7210884353741496,0.7169811320754716,0.7755102040816326,0.7450980392156863,0.6666666666518519,30,15,11,38
com_erro,mlp,oscilacao,100,55,55,85,85,53,32,46,39,10,13,3,0.8470588235294118,0.8450390189520625,0.851063829787234,0.8695652173913043,0.8602150537634409,0.8205128204917818,32,7,6,40
com_erro,mlp,oscilacao,100,60,60,78,78,49,29,39,39,10,16,6,0.7948717948717948,0.7948717948717948,0.7948717948717948,0.7948717948717948,0.7948717948717948,0.7948717948514136,31,8,8,31
com_erro,mlp,oscilacao,100,65,65,72,72,43,29,38,34,10,14,4,0.7777777777777778,0.7770897832817337,0.7894736842105263,0.7894736842105263,0.7894736842105263,0.7647058823304499,26,8,8,30
com_erro,mlp,oscilacao,100,70,70,67,67,43,24,35,32,10,16,6,0.6865671641791045,0.6866071428571429,0.7058823529411765,0.6857142857142857,0.6956521739130435,0.6874999999785157,22,10,11,24
com_erro,mlp,oscilacao,100,75,75,63,63,38,25,34,29,10,11,1,0.7142857142857143,0.712474645030426,0.7352941176470589,0.7352941176470589,0.7352941176470589,0.6896551723900118,20,9,9,25
com_erro,mlp,oscilacao,100,80,80,59,59,37,22,31,28,10,12,2,0.711864406779661,0.7016129032258065,0.6666666666666666,0.9032258064516129,0.7671232876712328,0.49999999998214284,14,14,3,28
com_erro,mlp,oscilacao,100,85,85,55,55,35,20,28,27,10,13,3,0.7090909090909091,0.7083333333333333,0.7,0.75,0.7241379310344828,0.6666666666419753,18,9,7,21
com_erro,mlp,oscilacao,100,90,90,52,52,32,20,26,26,10,12,2,0.7115384615384616,0.7115384615384616,0.6896551724137931,0.7692307692307693,0.7272727272727273,0.6538461538210059,17,9,6,20
com_erro,mlp,oscilacao,100,95,95,49,49,30,19,26,23,10,14,4,0.7755102040816326,0.7683946488294314,0.7419354838709677,0.8846153846153846,0.8070175438596491,0.6521739130151228,15,8,3,23
com_erro,mlp,oscilacao,100,100,100,47,47,27,20,24,23,10,12,2,0.8297872340425532,0.8297101449275363,0.8333333333333334,0.8333333333333334,0.8333333333333334,0.8260869564858223,19,4,4,20
com_erro,mlp,queda,20,5,5,947,947,230,717,221,726,21,63,42,0.8236536430834214,0.7449235256721888,0.6285714285714286,0.5972850678733032,0.6125290023201856,0.8925619834698449,648,78,89,132
com_erro,mlp,queda,20,10,10,474,474,113,361,115,359,21,35,14,0.759493670886076,0.6048201525977959,0.5072463768115942,0.30434782608695654,0.3804347826086957,0.9052924791061134,325,34,80,35
com_erro,mlp,queda,20,15,15,316,316,76,240,75,241,19,24,5,0.8259493670886076,0.6700691562932227,0.7777777777777778,0.37333333333333335,0.5045045045045045,0.9668049792491005,233,8,47,28
com_erro,mlp,queda,20,20,20,237,237,56,181,56,181,20,12,-8,0.7637130801687764,0.5431629834254144,0.5,0.125,0.2,0.9613259668455176,174,7,49,7
com_erro,mlp,queda,30,5,5,945,945,265,680,261,684,20,47,27,0.801058201058201,0.7026366202863481,0.7039106145251397,0.4827586206896552,0.5727272727272728,0.9225146198816923,631,53,135,126
com_erro,mlp,queda,30,10,10,473,473,131,342,135,338,20,52,32,0.7484143763213531,0.7438856015779092,0.5439560439560439,0.7333333333333333,0.6246056782334385,0.7544378698202532,255,83,36,99
com_erro,mlp,queda,30,15,15,315,315,89,226,89,226,18,39,21,0.6984126984126984,0.6161380133240529,0.4634146341463415,0.42696629213483145,0.4444444444444444,0.8053097345097111,182,44,51,38
com_erro,mlp,queda,30,20,20,237,237,68,169,70,167,19,33,14,0.7172995780590717,0.6292985457656116,0.5272727272727272,0.4142857142857143,0.464,0.8443113772404532,141,26,41,29
com_erro,mlp,queda,30,25,25,189,189,55,134,52,137,18,30,12,0.7936507936507936,0.7383492419988771,0.6274509803921569,0.6153846153846154,0.6213592233009708,0.8613138686068518,118,19,20,32
com_erro,mlp,queda,30,30,30,158,158,45,113,46,112,18,28,10,0.7468354430379747,0.6933229813664596,0.5652173913043478,0.5652173913043478,0.5652173913043478,0.8214285714212373,92,20,20,26
com_erro,mlp,queda,40,5,5,943,943,296,647,298,645,19,61,42,0.7645811240721103,0.7295171947349254,0.6258278145695364,0.6342281879194631,0.63,0.8248062015491089,532,113,109,189
com_erro,mlp,queda,40,10,10,472,472,146,326,154,318,18,43,25,0.7415254237288136,0.6658498733970433,0.6509433962264151,0.44805194805194803,0.5307692307692308,0.8836477987393596,281,37,85,69
com_erro,mlp,queda,40,15,15,315,315,100,215,99,216,18,31,13,0.7365079365079366,0.6574074074074074,0.6111111111111112,0.4444444444444444,0.5146198830409356,0.8703703703663409,188,28,55,44
com_erro,mlp,queda,40,20,20,236,236,73,163,76,160,17,33,16,0.5084745762711864,0.4648026315789474,0.2826086956521739,0.34210526315789475,0.30952380952380953,0.5874999999963282,94,66,50,26
com_erro,mlp,queda,40,25,25,189,189,59,130,60,129,17,37,20,0.7142857142857143,0.6881782945736434,0.5441176470588235,0.6166666666666667,0.578125,0.7596899224747311,98,31,23,37
com_erro,mlp,queda,40,30,30,158,158,49,109,51,107,17,30,13,0.759493670886076,0.7249404434671065,0.6274509803921569,0.6274509803921569,0.6274509803921569,0.8224299065343698,88,19,19,32
com_erro,mlp,queda,40,35,35,135,135,42,93,39,96,18,25,7,0.762962962962963,0.703926282051282,0.5945945945945946,0.5641025641025641,0.5789473684210527,0.8437499999912109,81,15,17,22
com_erro,mlp,queda,40,40,40,118,118,37,81,42,76,16,22,6,0.6864406779661016,0.6340852130325815,0.5757575757575758,0.4523809523809524,0.5066666666666667,0.8157894736734764,62,14,23,19
com_erro,mlp,queda,50,5,5,941,941,325,616,333,608,18,69,51,0.6599362380446334,0.7015271850798166,0.51183970856102,0.8438438438438438,0.63718820861678,0.5592105263148698,340,268,52,281
com_erro,mlp,queda,50,10,10,471,471,161,310,171,300,18,24,6,0.6348195329087049,0.5272514619883041,0.48936170212765956,0.13450292397660818,0.21100917431192662,0.9199999999969334,276,24,148,23
com_erro,mlp,queda,50,15,15,314,314,108,206,112,202,17,25,8,0.6050955414012739,0.525990099009901,0.4117647058823529,0.25,0.3111111111111111,0.8019801980158319,162,40,84,28
com_erro,mlp,queda,50,20,20,236,236,83,153,88,148,17,11,-6,0.6059322033898306,0.4969287469287469,0.35294117647058826,0.06818181818181818,0.11428571428571428,0.9256756756694212,137,11,82,6
com_erro,mlp,queda,50,25,25,189,189,65,124,68,121,18,32,14,0.6878306878306878,0.6595770539620807,0.5671641791044776,0.5588235294117647,0.562962962962963,0.760330578506113,92,29,30,38
com_erro,mlp,queda,50,30,30,157,157,52,105,55,102,16,30,14,0.7006369426751592,0.6648841354723707,0.5769230769230769,0.5454545454545454,0.5607476635514018,0.7843137254825067,80,22,25,30
com_erro,mlp,queda,50,35,35,135,135,47,88,48,87,17,28,11,0.6962962962962963,0.6756465517241379,0.5686274509803921,0.6041666666666666,0.5858585858585859,0.7471264367730215,65,22,19,29
com_erro,mlp,queda,50,40,40,118,118,42,76,44,74,16,25,9,0.6864406779661016,0.644041769041769,0.6,0.4772727272727273,0.5316455696202531,0.8108108107998538,60,14,23,21
com_erro,mlp,queda,50,45,45,105,105,37,68,39,66,16,23,7,0.5904761904761905,0.5588578088578089,0.4473684210526316,0.4358974358974359,0.44155844155844154,0.6818181818078513,45,21,22,17
com_erro,mlp,queda,50,50,50,95,95,29,66,38,57,17,20,3,0.7052631578947368,0.6754385964912281,0.6666666666666666,0.5263157894736842,0.5882352941176471,0.824561403494306,47,10,18,20
com_erro,mlp,queda,60,5,5,939,939,353,586,367,572,18,75,57,0.7039403620873269,0.6974238295764181,0.6109725685785536,0.667574931880109,0.6380208333333334,0.7272727272714559,416,156,122,245
com_erro,mlp,queda,60,10,10,470,470,175,295,188,282,17,48,31,0.6872340425531915,0.6675531914893618,0.6184971098265896,0.5691489361702128,0.592797783933518,0.7659574468057945,216,66,81,107
com_erro,mlp,queda,60,15,15,313,313,118,195,124,189,16,50,34,0.6517571884984026,0.6603302611367128,0.5471698113207547,0.7016129032258065,0.6148409893992933,0.6190476190443437,117,72,37,87
com_erro,mlp,queda,60,20,20,235,235,87,148,93,142,16,35,19,0.6553191489361702,0.638724822050583,0.5652173913043478,0.5591397849462365,0.5621621621621622,0.7183098591498711,102,40,41,52
com_erro,mlp,queda,60,25,25,188,188,71,117,74,114,16,35,19,0.6329787234042553,0.6238738738738738,0.5308641975308642,0.581081081081081,0.5548387096774193,0.6666666666608186,76,38,31,43
com_erro,mlp,queda,60,30,30,157,157,59,98,64,93,16,30,14,0.6242038216560509,0.6243279569892473,0.5333333333333333,0.625,0.5755395683453237,0.6236559139717887,58,35,24,40
com_erro,mlp,queda,60,35,35,135,135,55,80,54,81,17,28,11,0.6222222222222222,0.6203703703703705,0.5238095238095238,0.6111111111111112,0.5641025641025641,0.6296296296218564,51,30,21,33
com_erro,mlp,queda,60,40,40,118,118,44,74,46,72,15,23,8,0.6186440677966102,0.605072463768116,0.5102040816326531,0.5434782608695652,0.5263157894736842,0.6666666666574074,48,24,21,25
com_erro,mlp,queda,60,45,45,105,105,40,65,43,62,15,24,9,0.638095238095238,0.6151537884471118,0.5675675675675675,0.4883720930232558,0.525,0.7419354838590011,46,16,22,21
com_erro,mlp,queda,60,50,50,94,94,35,59,40,54,15,23,8,0.6702127659574468,0.6675925925925926,0.6046511627906976,0.65,0.6265060240963856,0.6851851851724966,37,17,14,26
com_erro,mlp,queda,60,55,55,86,86,33,53,34,52,15,21,6,0.5930232558139535,0.5820135746606334,0.4864864864864865,0.5294117647058824,0.5070422535211268,0.6346153846031806,33,19,16,18
com_erro,mlp,queda,60,60,60,79,79,30,49,34,45,13,17,4,0.6962025316455697,0.6937908496732026,0.6388888888888888,0.6764705882352942,0.6571428571428571,0.7111111110953087,32,13,11,23
com_erro,mlp,queda,70,5,5,937,937,381,556,400,537,17,74,57,0.6200640341515475,0.6095321229050279,0.5569948186528497,0.5375,0.5470737913486005,0.6815642458087867,366,171,185,215
com_erro,mlp,queda,70,10,10,469,469,189,280,204,265,17,50,33,0.5991471215351812,0.5815297817240104,0.5481927710843374,0.44607843137254904,0.4918918918918919,0.7169811320727661,190,75,113,91
com_erro,mlp,queda,70,15,15,313,313,128,185,132,181,17,34,17,0.597444089456869,0.5616942909760589,0.5365853658536586,0.3333333333333333,0.411214953271028,0.7900552486144197,143,38,88,44
com_erro,mlp,queda,70,20,20,235,235,97,138,104,131,17,37,20,0.574468085106383,0.5588667058132707,0.5238095238095238,0.4230769230769231,0.46808510638297873,0.6946564885443156,91,40,60,44
com_erro,mlp,queda,70,25,25,188,188,76,112,79,109,15,33,18,0.6595744680851063,0.6471954476831959,0.6,0.569620253164557,0.5844155844155844,0.7247706421951856,79,30,34,45
com_erro,mlp,queda,70,30,30,157,157,63,94,67,90,16,26,10,0.6305732484076433,0.6243781094527363,0.5652173913043478,0.582089552238806,0.5735294117647058,0.6666666666592592,60,30,28,39
com_erro,mlp,queda,70,35,35,134,134,56,78,56,78,15,26,11,0.5970149253731343,0.5959249084249084,0.515625,0.5892857142857143,0.55,0.6025641025563774,47,31,23,33
com_erro,mlp,queda,70,40,40,118,118,49,69,55,63,15,26,11,0.576271186440678,0.5754689754689755,0.543859649122807,0.5636363636363636,0.5535714285714286,0.5873015872922651,37,26,24,31
com_erro,mlp,queda,70,45,45,105,105,42,63,47,58,14,20,6,0.5904761904761905,0.5748349229640499,0.5555555555555556,0.425531914893617,0.4819277108433735,0.7241379310219976,42,16,27,20
com_erro,mlp,queda,70,50,50,94,94,39,55,42,52,13,16,3,0.6170212765957447,0.6011904761904762,0.59375,0.4523809523809524,0.5135135135135135,0.749999999985577,39,13,23,19
com_erro,mlp,queda,70,55,55,86,86,34,52,36,50,15,21,6,0.6395348837209303,0.6277777777777778,0.5714285714285714,0.5555555555555556,0.5633802816901409,0.699999999986,35,15,16,20
com_erro,mlp,queda,70,60,60,79,79,33,46,36,43,14,21,7,0.6708860759493671,0.6750645994832041,0.6190476190476191,0.7222222222222222,0.6666666666666666,0.6279069767295836,27,16,10,26
com_erro,mlp,queda,70,65,65,73,73,29,44,30,43,15,16,1,0.6712328767123288,0.6503875968992248,0.6153846153846154,0.5333333333333333,0.5714285714285714,0.7674418604472688,33,10,14,16
com_erro,mlp,queda,70,70,70,67,67,29,38,31,36,13,17,4,0.6417910447761194,0.6375448028673836,0.6206896551724138,0.5806451612903226,0.6,0.6944444444251544,25,11,13,18
com_erro,mlp,queda,80,5,5,935,935,409,526,432,503,17,62,45,0.6267379679144385,0.6220409027317576,0.6034912718204489,0.5601851851851852,0.581032412965186,0.6838966202769704,344,159,190,242
com_erro,mlp,queda,80,10,10,468,468,203,265,220,248,17,55,38,0.5897435897435898,0.5887829912023461,0.5625,0.5727272727272728,0.5675675675675675,0.6048387096749805,150,98,94,126
com_erro,mlp,queda,80,15,15,312,312,136,176,145,167,16,30,14,0.5256410256410257,0.5160024778030147,0.48672566371681414,0.3793103448275862,0.4263565891472868,0.6526946107745348,109,58,90,55
com_erro,mlp,queda,80,20,20,234,234,101,133,109,125,14,30,16,0.5470085470085471,0.5671926605504587,0.5081081081081081,0.8623853211009175,0.6394557823129252,0.271999999997824,34,91,15,94
com_erro,mlp,queda,80,25,25,187,187,84,103,87,100,14,33,19,0.6149732620320856,0.6108620689655173,0.5925925925925926,0.5517241379310345,0.5714285714285714,0.6699999999933,67,33,39,48
com_erro,mlp,queda,80,30,30,156,156,66,90,71,85,14,27,13,0.6346153846153846,0.6368682684341342,0.5875,0.6619718309859155,0.6225165562913907,0.6117647058751556,52,33,24,47
com_erro,mlp,queda,80,35,35,134,134,60,74,60,74,15,27,12,0.5597014925373134,0.5698198198198198,0.5063291139240507,0.6666666666666666,0.5755395683453237,0.4729729729665814,35,39,20,40
com_erro,mlp,queda,80,40,40,117,117,51,66,58,59,13,28,15,0.5555555555555556,0.5552308591466979,0.5555555555555556,0.5172413793103449,0.5357142857142857,0.5932203389729963,35,24,28,30
com_erro,mlp,queda,80,45,45,104,104,47,57,48,56,13,19,6,0.5384615384615384,0.5386904761904762,0.5,0.5416666666666666,0.52,0.5357142857047195,30,26,22,26
com_erro,mlp,queda,80,50,50,94,94,41,53,47,47,13,22,9,0.574468085106383,0.574468085106383,0.5714285714285714,0.5957446808510638,0.5833333333333334,0.5531914893499321,26,21,19,28
com_erro,mlp,queda,80,55,55,85,85,37,48,40,45,13,18,5,0.5882352941176471,0.5888888888888888,0.5581395348837209,0.6,0.5783132530120482,0.5777777777649383,26,19,16,24
com_erro,mlp,queda,80,60,60,78,78,34,44,35,43,13,22,9,0.5641025641025641,0.5647840531561461,0.5128205128205128,0.5714285714285714,0.5405405405405406,0.558139534870741,24,19,15,20
com_erro,mlp,queda,80,65,65,72,72,31,41,33,39,11,17,6,0.6388888888888888,0.6293706293706294,0.6296296296296297,0.5151515151515151,0.5666666666666667,0.7435897435706772,29,10,16,17
com_erro,mlp,queda,80,70,70,67,67,31,36,35,32,11,19,8,0.6417910447761194,0.6410714285714285,0.6571428571428571,0.6571428571428571,0.6571428571428571,0.6249999999804688,20,12,12,23
com_erro,mlp,queda,80,75,75,63,63,30,33,29,34,13,17,4,0.5079365079365079,0.5136916835699796,0.4722222222222222,0.5862068965517241,0.5230769230769231,0.44117647057525955,15,19,12,17
com_erro,mlp,queda,80,80,80,59,59,24,35,29,30,12,13,1,0.576271186440678,0.575287356321839,0.5769230769230769,0.5172413793103449,0.5454545454545454,0.6333333333122222,19,11,14,15
com_erro,mlp,queda,90,5,5,933,933,434,499,464,469,16,88,72,0.5348338692390139,0.5350272957870744,0.53,0.5711206896551724,0.549792531120332,0.49893390191791276,234,235,199,265
com_erro,mlp,queda,90,10,10,467,467,216,251,236,231,14,28,14,0.5289079229122056,0.5246349695502238,0.5190476190476191,0.923728813559322,0.6646341463414634,0.12554112554058208,29,202,18,218
com_erro,mlp,queda,90,15,15,311,311,144,167,156,155,14,51,37,0.4855305466237942,0.4855665839536807,0.4868421052631579,0.47435897435897434,0.4805194805194805,0.49677419354518215,77,78,82,74
com_erro,mlp,queda,90,20,20,234,234,110,124,120,114,14,20,6,0.49572649572649574,0.5039473684210526,0.5238095238095238,0.18333333333333332,0.2716049382716049,0.824561403501539,94,20,98,22
com_erro,mlp,queda,90,25,25,187,187,87,100,93,94,14,34,20,0.6096256684491979,0.6098146877144819,0.6,0.6451612903225806,0.6217616580310881,0.5744680851002716,54,40,33,60
com_erro,mlp,queda,90,30,30,156,156,72,84,80,76,13,32,19,0.5256410256410257,0.5226973684210526,0.53125,0.6375,0.5795454545454546,0.4078947368367382,31,45,29,51
com_erro,mlp,queda,90,35,35,134,134,66,68,68,66,13,27,14,0.5447761194029851,0.5421122994652406,0.5384615384615384,0.7205882352941176,0.6163522012578616,0.363636363630854,24,42,19,49
com_erro,mlp,queda,90,40,40,117,117,55,62,60,57,13,26,13,0.5213675213675214,0.5197368421052632,0.5303030303030303,0.5833333333333334,0.5555555555555556,0.4561403508691905,26,31,25,35
com_erro,mlp,queda,90,45,45,104,104,50,54,53,51,13,15,2,0.47115384615384615,0.4700332963374029,0.4827586206896552,0.5283018867924528,0.5045045045045045,0.41176470587427916,21,30,25,28
com_erro,mlp,queda,90,50,50,94,94,41,53,51,43,11,21,10,0.6063829787234043,0.6044231646146832,0.64,0.6274509803921569,0.6336633663366337,0.5813953488236885,25,18,19,32
com_erro,mlp,queda,90,55,55,85,85,41,44,43,42,12,17,5,0.5411764705882353,0.5390365448504983,0.5344827586206896,0.7209302325581395,0.6138613861386139,0.3571428571343538,15,27,12,31
com_erro,mlp,queda,90,60,60,78,78,38,40,39,39,11,19,8,0.5256410256410257,0.5256410256410257,0.5238095238095238,0.5641025641025641,0.5432098765432098,0.48717948716699544,19,20,17,22
com_erro,mlp,queda,90,65,65,72,72,33,39,36,36,11,17,6,0.5138888888888888,0.5138888888888888,0.5121951219512195,0.5833333333333334,0.5454545454545454,0.4444444444320988,16,20,15,21
com_erro,mlp,queda,90,70,70,67,67,33,34,36,31,10,17,7,0.5522388059701493,0.5542114695340502,0.59375,0.5277777777777778,0.5588235294117647,0.580645161271592,18,13,17,19
com_erro,mlp,queda,90,75,75,63,63,30,33,33,30,11,13,2,0.5873015873015873,0.5833333333333333,0.5945945945945946,0.6666666666666666,0.6285714285714286,0.49999999998333333,15,15,11,22
com_erro,mlp,queda,90,80,80,59,59,25,34,29,30,12,15,3,0.5932203389830508,0.593103448275862,0.5862068965517241,0.5862068965517241,0.5862068965517241,0.59999999998,18,12,12,17
com_erro,mlp,queda,90,85,85,55,55,25,30,26,29,11,17,6,0.4909090909090909,0.4893899204244032,0.46153846153846156,0.46153846153846156,0.46153846153846156,0.5172413792925089,15,14,14,12
com_erro,mlp,queda,90,90,90,52,52,25,27,29,23,11,12,1,0.5192307692307693,0.5104947526236882,0.5666666666666667,0.5862068965517241,0.576271186440678,0.43478260867674856,10,13,12,17
com_erro,mlp,queda,100,5,5,931,931,458,473,492,439,14,62,48,0.5037593984962406,0.5130655406781859,0.5477707006369427,0.34959349593495936,0.4267990074441687,0.6765375854198712,297,142,320,172
com_erro,mlp,queda,100,10,10,466,466,228,238,249,217,14,56,42,0.5278969957081545,0.534543704773009,0.5767195767195767,0.43775100401606426,0.4977168949771689,0.6313364055270445,137,80,140,109
com_erro,mlp,queda,100,15,15,311,311,153,158,163,148,14,48,34,0.5498392282958199,0.5459915436909302,0.56353591160221,0.6257668711656442,0.5930232558139535,0.46621621621306614,69,79,61,102
com_erro,mlp,queda,100,20,20,233,233,113,120,123,110,13,33,20,0.5450643776824035,0.5513303769401331,0.5934065934065934,0.43902439024390244,0.5046728971962616,0.6636363636303305,73,37,69,54
com_erro,mlp,queda,100,25,25,187,187,92,95,99,88,14,35,21,0.5133689839572193,0.5132575757575757,0.5425531914893617,0.5151515151515151,0.5284974093264249,0.5113636363578254,45,43,48,51
com_erro,mlp,queda,100,30,30,156,156,76,80,82,74,14,30,16,0.5128205128205128,0.5088991430454846,0.5333333333333333,0.5853658536585366,0.5581395348837209,0.43243243242658874,32,42,34,48
com_erro,mlp,queda,100,35,35,133,133,67,66,70,63,13,26,13,0.5413533834586466,0.5404761904761906,0.5652173913043478,0.5571428571428572,0.5611510791366906,0.5238095238012094,33,30,31,39
com_erro,mlp,queda,100,40,40,117,117,57,60,61,56,12,21,9,0.49572649572649574,0.48711943793911006,0.5121951219512195,0.6885245901639344,0.5874125874125874,0.28571428570918367,16,40,19,42
com_erro,mlp,queda,100,45,45,104,104,53,51,55,49,13,21,8,0.5673076923076923,0.5630797773654916,0.5833333333333334,0.6363636363636364,0.6086956521739131,0.48979591835735115,24,25,20,35
com_erro,mlp,queda,100,50,50,94,94,43,51,54,40,11,19,8,0.648936170212766,0.6231481481481481,0.6615384615384615,0.7962962962962963,0.7226890756302521,0.44999999998875007,18,22,11,43
com_erro,mlp,queda,100,55,55,85,85,45,40,45,40,12,19,7,0.5411764705882353,0.5375,0.5625,0.6,0.5806451612903226,0.47499999998812503,19,21,18,27
com_erro,mlp,queda,100,60,60,78,78,39,39,39,39,11,20,9,0.6666666666666666,0.6666666666666667,0.6181818181818182,0.8717948717948718,0.723404255319149,0.46153846152662725,18,21,5,34
com_erro,mlp,queda,100,65,65,72,72,35,37,37,35,11,15,4,0.5416666666666666,0.5401544401544401,0.55,0.5945945945945946,0.5714285714285714,0.4857142857004082,17,18,15,22
com_erro,mlp,queda,100,70,70,67,67,33,34,37,30,10,17,7,0.5074626865671642,0.5036036036036036,0.5555555555555556,0.5405405405405406,0.547945205479452,0.4666666666511111,14,16,17,20
com_erro,mlp,queda,100,75,75,63,63,31,32,35,28,11,15,4,0.5555555555555556,0.55,0.6,0.6,0.6,0.49999999998214284,14,14,14,21
com_erro,mlp,queda,100,80,80,59,59,27,32,29,30,12,14,2,0.5254237288135594,0.5270114942528736,0.5142857142857142,0.6206896551724138,0.5625,0.4333333333188889,13,17,11,18
com_erro,mlp,queda,100,85,85,55,55,28,27,27,28,10,13,3,0.4909090909090909,0.4933862433862434,0.4857142857142857,0.6296296296296297,0.5483870967741935,0.357142857130102,10,18,10,17
com_erro,mlp,queda,100,90,90,52,52,26,26,29,23,11,14,3,0.5,0.48425787106446777,0.5454545454545454,0.6206896551724138,0.5806451612903226,0.3478260869413989,8,15,11,18
com_erro,mlp,queda,100,95,95,49,49,27,22,25,24,11,12,1,0.5510204081632653,0.5475,0.5454545454545454,0.72,0.6206896551724138,0.374999999984375,9,15,7,18
com_erro,mlp,queda,100,100,100,47,47,22,25,25,22,10,12,2,0.5957446808510638,0.5900000000000001,0.6071428571428571,0.68,0.6415094339622641,0.49999999997727274,11,11,8,17
com_erro,random_forest,lacuna,20,5,5,947,947,266,681,270,677,20,20,0,1.0,1.0,1.0,1.0,1.0,0.999999999998523,677,0,0,270
com_erro,random_forest,lacuna,20,10,10,474,474,133,341,136,338,20,20,0,1.0,1.0,1.0,1.0,1.0,0.9999999999970415,338,0,0,136
com_erro,random_forest,lacuna,20,15,15,316,316,89,227,91,225,20,20,0,1.0,1.0,1.0,1.0,1.0,0.9999999999955556,225,0,0,91
com_erro,random_forest,lacuna,20,20,20,237,237,65,172,69,168,19,19,0,1.0,1.0,1.0,1.0,1.0,0.9999999999940477,168,0,0,69
com_erro,random_forest,lacuna,30,5,5,945,945,304,641,308,637,20,20,0,1.0,1.0,1.0,1.0,1.0,0.9999999999984301,637,0,0,308
com_erro,random_forest,lacuna,30,10,10,473,473,152,321,155,318,20,20,0,0.9978858350951374,0.9967741935483871,1.0,0.9935483870967742,0.9967637540453075,0.9999999999968554,318,0,1,154
com_erro,random_forest,lacuna,30,15,15,315,315,100,215,99,216,19,19,0,0.9968253968253968,0.994949494949495,1.0,0.98989898989899,0.9949238578680203,0.9999999999953704,216,0,1,98
com_erro,random_forest,lacuna,30,20,20,237,237,77,160,78,159,20,20,0,1.0,1.0,1.0,1.0,1.0,0.9999999999937108,159,0,0,78
com_erro,random_forest,lacuna,30,25,25,189,189,61,128,62,127,18,19,1,0.9947089947089947,0.9919354838709677,1.0,0.9838709677419355,0.991869918699187,0.999999999992126,127,0,1,61
com_erro,random_forest,lacuna,30,30,30,158,158,49,109,52,106,18,18,0,0.9936708860759493,0.9903846153846154,1.0,0.9807692307692307,0.9902912621359223,0.999999999990566,106,0,1,51
com_erro,random_forest,lacuna,40,5,5,943,943,339,604,346,597,19,19,0,1.0,1.0,1.0,1.0,1.0,0.999999999998325,597,0,0,346
com_erro,random_forest,lacuna,40,10,10,472,472,169,303,174,298,19,20,1,0.9957627118644068,0.9942528735632183,1.0,0.9885057471264368,0.9942196531791907,0.9999999999966444,298,0,2,172
com_erro,random_forest,lacuna,40,15,15,315,315,113,202,116,199,18,18,0,1.0,1.0,1.0,1.0,1.0,0.9999999999949749,199,0,0,116
com_erro,random_forest,lacuna,40,20,20,236,236,83,153,88,148,17,17,0,1.0,1.0,1.0,1.0,1.0,0.9999999999932433,148,0,0,88
com_erro,random_forest,lacuna,40,25,25,189,189,68,121,67,122,17,17,0,1.0,1.0,1.0,1.0,1.0,0.9999999999918032,122,0,0,67
com_erro,random_forest,lacuna,40,30,30,158,158,56,102,57,101,18,18,0,0.9936708860759493,0.9912280701754386,1.0,0.9824561403508771,0.9911504424778761,0.9999999999900989,101,0,1,56
com_erro,random_forest,lacuna,40,35,35,135,135,50,85,49,86,16,16,0,1.0,1.0,1.0,1.0,1.0,0.9999999999883721,86,0,0,49
com_erro,random_forest,lacuna,40,40,40,118,118,42,76,47,71,16,18,2,0.9745762711864406,0.9680851063829787,1.0,0.9361702127659575,0.967032967032967,0.9999999999859155,71,0,3,44
com_erro,random_forest,lacuna,50,5,5,941,941,371,570,381,560,17,17,0,1.0,1.0,1.0,1.0,1.0,0.9999999999982143,560,0,0,381
com_erro,random_forest,lacuna,50,10,10,471,471,185,286,192,279,17,17,0,0.9978768577494692,0.9973958333333333,1.0,0.9947916666666666,0.9973890339425587,0.9999999999964158,279,0,1,191
com_erro,random_forest,lacuna,50,15,15,314,314,125,189,128,186,17,17,0,0.9968152866242038,0.99609375,1.0,0.9921875,0.996078431372549,0.9999999999946237,186,0,1,127
com_erro,random_forest,lacuna,50,20,20,236,236,94,142,97,139,17,17,0,1.0,1.0,1.0,1.0,1.0,0.9999999999928059,139,0,0,97
com_erro,random_forest,lacuna,50,25,25,189,189,76,113,77,112,16,16,0,1.0,1.0,1.0,1.0,1.0,0.9999999999910714,112,0,0,77
com_erro,random_forest,lacuna,50,30,30,157,157,63,94,65,92,17,18,1,0.9872611464968153,0.9846153846153847,1.0,0.9692307692307692,0.984375,0.9999999999891304,92,0,2,63
com_erro,random_forest,lacuna,50,35,35,135,135,55,80,56,79,15,15,0,1.0,1.0,1.0,1.0,1.0,0.9999999999873417,79,0,0,56
com_erro,random_forest,lacuna,50,40,40,118,118,46,72,49,69,16,17,1,0.9915254237288136,0.9897959183673469,1.0,0.9795918367346939,0.9896907216494846,0.9999999999855071,69,0,1,48
com_erro,random_forest,lacuna,50,45,45,105,105,41,64,41,64,17,17,0,1.0,1.0,1.0,1.0,1.0,0.9999999999843749,64,0,0,41
com_erro,random_forest,lacuna,50,50,50,95,95,38,57,40,55,15,15,0,1.0,1.0,1.0,1.0,1.0,0.9999999999818182,55,0,0,40
com_erro,random_forest,lacuna,60,5,5,939,939,400,539,413,526,17,17,0,1.0,1.0,1.0,1.0,1.0,0.9999999999980989,526,0,0,413
com_erro,random_forest,lacuna,60,10,10,470,470,200,270,208,262,16,16,0,0.997872340425532,0.9975961538461539,1.0,0.9951923076923077,0.9975903614457832,0.9999999999961833,262,0,1,207
com_erro,random_forest,lacuna,60,15,15,313,313,133,180,135,178,16,16,0,0.9968051118210862,0.9962962962962962,1.0,0.9925925925925926,0.9962825278810409,0.999999999994382,178,0,1,134
com_erro,random_forest,lacuna,60,20,20,235,235,99,136,105,130,15,15,0,1.0,1.0,1.0,1.0,1.0,0.9999999999923078,130,0,0,105
com_erro,random_forest,lacuna,60,25,25,188,188,81,107,80,108,16,16,0,1.0,1.0,1.0,1.0,1.0,0.9999999999907407,108,0,0,80
com_erro,random_forest,lacuna,60,30,30,157,157,65,92,70,87,16,16,0,0.9936305732484076,0.9928571428571429,1.0,0.9857142857142858,0.9928057553956835,0.9999999999885058,87,0,1,69
com_erro,random_forest,lacuna,60,35,35,135,135,58,77,61,74,15,15,0,0.9925925925925926,0.9918032786885246,1.0,0.9836065573770492,0.9917355371900827,0.9999999999864865,74,0,1,60
com_erro,random_forest,lacuna,60,40,40,118,118,49,69,52,66,15,16,1,0.9576271186440678,0.9519230769230769,1.0,0.9038461538461539,0.9494949494949495,0.9999999999848485,66,0,5,47
com_erro,random_forest,lacuna,60,45,45,105,105,44,61,43,62,15,15,0,1.0,1.0,1.0,1.0,1.0,0.999999999983871,62,0,0,43
com_erro,random_forest,lacuna,60,50,50,94,94,40,54,41,53,14,14,0,1.0,1.0,1.0,1.0,1.0,0.9999999999811321,53,0,0,41
com_erro,random_forest,lacuna,60,55,55,86,86,37,49,38,48,15,15,0,0.9883720930232558,0.986842105263158,1.0,0.9736842105263158,0.9866666666666667,0.9999999999791668,48,0,1,37
com_erro,random_forest,lacuna,60,60,60,79,79,32,47,37,42,14,14,0,0.9873417721518988,0.9864864864864865,1.0,0.972972972972973,0.9863013698630136,0.9999999999761906,42,0,1,36
com_erro,random_forest,lacuna,70,5,5,937,937,426,511,444,493,16,16,0,1.0,1.0,1.0,1.0,1.0,0.9999999999979716,493,0,0,444
com_erro,random_forest,lacuna,70,10,10,469,469,213,256,223,246,15,15,0,0.997867803837953,0.9977578475336323,1.0,0.9955156950672646,0.9977528089887641,0.999999999995935,246,0,1,222
com_erro,random_forest,lacuna,70,15,15,313,313,142,171,149,164,15,15,0,0.9968051118210862,0.9966442953020134,1.0,0.9932885906040269,0.9966329966329966,0.9999999999939025,164,0,1,148
com_erro,random_forest,lacuna,70,20,20,235,235,107,128,113,122,15,15,0,1.0,1.0,1.0,1.0,1.0,0.9999999999918032,122,0,0,113
com_erro,random_forest,lacuna,70,25,25,188,188,88,100,90,98,14,14,0,1.0,1.0,1.0,1.0,1.0,0.9999999999897958,98,0,0,90
com_erro,random_forest,lacuna,70,30,30,157,157,70,87,74,83,14,14,0,0.9936305732484076,0.9932432432432432,1.0,0.9864864864864865,0.9931972789115646,0.9999999999879517,83,0,1,73
com_erro,random_forest,lacuna,70,35,35,134,134,62,72,63,71,14,14,0,1.0,1.0,1.0,1.0,1.0,0.9999999999859155,71,0,0,63
com_erro,random_forest,lacuna,70,40,40,118,118,54,64,58,60,14,15,1,0.9915254237288136,0.9913793103448276,1.0,0.9827586206896551,0.991304347826087,0.9999999999833334,60,0,1,57
com_erro,random_forest,lacuna,70,45,45,105,105,49,56,50,55,13,13,0,1.0,1.0,1.0,1.0,1.0,0.9999999999818182,55,0,0,50
com_erro,random_forest,lacuna,70,50,50,94,94,44,50,46,48,13,13,0,1.0,1.0,1.0,1.0,1.0,0.9999999999791668,48,0,0,46
com_erro,random_forest,lacuna,70,55,55,86,86,40,46,39,47,14,14,0,0.9883720930232558,0.9871794871794872,1.0,0.9743589743589743,0.987012987012987,0.9999999999787235,47,0,1,38
com_erro,random_forest,lacuna,70,60,60,79,79,35,44,38,41,14,13,-1,0.9873417721518988,0.986842105263158,1.0,0.9736842105263158,0.9866666666666667,0.9999999999756098,41,0,1,37
com_erro,random_forest,lacuna,70,65,65,73,73,33,40,34,39,15,15,0,1.0,1.0,1.0,1.0,1.0,0.9999999999743591,39,0,0,34
com_erro,random_forest,lacuna,70,70,70,67,67,32,35,32,35,13,13,0,1.0,1.0,1.0,1.0,1.0,0.9999999999714286,35,0,0,32
com_erro,random_forest,lacuna,80,5,5,935,935,450,485,473,462,14,14,0,1.0,1.0,1.0,1.0,1.0,0.9999999999978355,462,0,0,473
com_erro,random_forest,lacuna,80,10,10,468,468,225,243,237,231,14,14,0,0.9978632478632479,0.9978902953586498,1.0,0.9957805907172996,0.9978858350951374,0.999999999995671,231,0,1,236
com_erro,random_forest,lacuna,80,15,15,312,312,152,160,159,153,14,14,0,0.9935897435897436,0.9937106918238994,1.0,0.9874213836477987,0.9936708860759493,0.9999999999934641,153,0,2,157
com_erro,random_forest,lacuna,80,20,20,234,234,112,122,119,115,14,14,0,1.0,1.0,1.0,1.0,1.0,0.9999999999913043,115,0,0,119
com_erro,random_forest,lacuna,80,25,25,187,187,91,96,95,92,13,13,0,1.0,1.0,1.0,1.0,1.0,0.9999999999891304,92,0,0,95
com_erro,random_forest,lacuna,80,30,30,156,156,76,80,81,75,14,14,0,0.9871794871794872,0.9876543209876543,1.0,0.9753086419753086,0.9875,0.9999999999866667,75,0,2,79
com_erro,random_forest,lacuna,80,35,35,134,134,67,67,67,67,13,13,0,1.0,1.0,1.0,1.0,1.0,0.9999999999850746,67,0,0,67
com_erro,random_forest,lacuna,80,40,40,117,117,56,61,62,55,13,13,0,0.9914529914529915,0.9919354838709677,1.0,0.9838709677419355,0.991869918699187,0.9999999999818182,55,0,1,61
com_erro,random_forest,lacuna,80,45,45,104,104,51,53,52,52,13,13,0,1.0,1.0,1.0,1.0,1.0,0.9999999999807693,52,0,0,52
com_erro,random_forest,lacuna,80,50,50,94,94,46,48,49,45,13,13,0,0.9893617021276596,0.9897959183673469,1.0,0.9795918367346939,0.9896907216494846,0.9999999999777779,45,0,1,48
com_erro,random_forest,lacuna,80,55,55,85,85,42,43,43,42,14,14,0,0.9882352941176471,0.9883720930232558,1.0,0.9767441860465116,0.9882352941176471,0.9999999999761906,42,0,1,42
com_erro,random_forest,lacuna,80,60,60,78,78,38,40,39,39,13,13,0,0.9871794871794872,0.9871794871794872,1.0,0.9743589743589743,0.987012987012987,0.9999999999743591,39,0,1,38
com_erro,random_forest,lacuna,80,65,65,72,72,34,38,37,35,13,14,1,0.9583333333333334,0.9594594594594594,1.0,0.918918918918919,0.9577464788732394,0.9999999999714286,35,0,3,34
com_erro,random_forest,lacuna,80,70,70,67,67,34,33,33,34,13,13,0,1.0,1.0,1.0,1.0,1.0,0.9999999999705883,34,0,0,33
com_erro,random_forest,lacuna,80,75,75,63,63,30,33,34,29,12,12,0,0.9682539682539683,0.9705882352941176,1.0,0.9411764705882353,0.9696969696969697,0.9999999999655173,29,0,2,32
com_erro,random_forest,lacuna,80,80,80,59,59,28,31,31,28,12,13,1,0.9491525423728814,0.9516129032258065,1.0,0.9032258064516129,0.9491525423728814,0.9999999999642857,28,0,3,28
com_erro,random_forest,lacuna,90,5,5,933,933,473,460,499,434,14,14,0,1.0,1.0,1.0,1.0,1.0,0.9999999999976958,434,0,0,499
com_erro,random_forest,lacuna,90,10,10,467,467,237,230,250,217,14,14,0,0.9978586723768736,0.998,1.0,0.996,0.9979959919839679,0.9999999999953918,217,0,1,249
com_erro,random_forest,lacuna,90,15,15,311,311,157,154,164,147,13,13,0,0.9967845659163987,0.9969512195121951,1.0,0.9939024390243902,0.9969418960244648,0.9999999999931973,147,0,1,163
com_erro,random_forest,lacuna,90,20,20,234,234,119,115,127,107,13,13,0,1.0,1.0,1.0,1.0,1.0,0.9999999999906541,107,0,0,127
com_erro,random_forest,lacuna,90,25,25,187,187,96,91,99,88,13,13,0,1.0,1.0,1.0,1.0,1.0,0.9999999999886363,88,0,0,99
com_erro,random_forest,lacuna,90,30,30,156,156,78,78,85,71,13,13,0,0.9935897435897436,0.9941176470588236,1.0,0.9882352941176471,0.9940828402366864,0.9999999999859155,71,0,1,84
com_erro,random_forest,lacuna,90,35,35,134,134,70,64,73,61,13,13,0,1.0,1.0,1.0,1.0,1.0,0.9999999999836067,61,0,0,73
com_erro,random_forest,lacuna,90,40,40,117,117,59,58,64,53,13,13,0,0.9914529914529915,0.9921875,1.0,0.984375,0.9921259842519685,0.9999999999811321,53,0,1,63
com_erro,random_forest,lacuna,90,45,45,104,104,53,51,56,48,12,12,0,1.0,1.0,1.0,1.0,1.0,0.9999999999791668,48,0,0,56
com_erro,random_forest,lacuna,90,50,50,94,94,49,45,52,42,13,13,0,1.0,1.0,1.0,1.0,1.0,0.9999999999761906,42,0,0,52
com_erro,random_forest,lacuna,90,55,55,85,85,45,40,46,39,12,13,1,0.9882352941176471,0.9891304347826086,1.0,0.9782608695652174,0.989010989010989,0.9999999999743591,39,0,1,45
com_erro,random_forest,lacuna,90,60,60,78,78,40,38,40,38,12,12,0,1.0,1.0,1.0,1.0,1.0,0.9999999999736843,38,0,0,40
com_erro,random_forest,lacuna,90,65,65,72,72,36,36,38,34,13,13,0,0.9861111111111112,0.986842105263158,1.0,0.9736842105263158,0.9866666666666667,0.9999999999705883,34,0,1,37
com_erro,random_forest,lacuna,90,70,70,67,67,37,30,36,31,13,13,0,1.0,1.0,1.0,1.0,1.0,0.9999999999677419,31,0,0,36
com_erro,random_forest,lacuna,90,75,75,63,63,32,31,35,28,11,11,0,1.0,1.0,1.0,1.0,1.0,0.9999999999642857,28,0,0,35
com_erro,random_forest,lacuna,90,80,80,59,59,29,30,33,26,12,12,0,0.9322033898305084,0.9393939393939394,1.0,0.8787878787878788,0.9354838709677419,0.9999999999615384,26,0,4,29
com_erro,random_forest,lacuna,90,85,85,55,55,28,27,30,25,12,12,0,1.0,1.0,1.0,1.0,1.0,0.99999999996,25,0,0,30
com_erro,random_forest,lacuna,90,90,90,52,52,25,27,31,21,11,11,0,0.9230769230769231,0.935483870967742,1.0,0.8709677419354839,0.9310344827586207,0.999999999952381,21,0,4,27
com_erro,random_forest,lacuna,100,5,5,931,931,491,440,524,407,13,13,0,1.0,1.0,1.0,1.0,1.0,0.9999999999975431,407,0,0,524
com_erro,random_forest,lacuna,100,10,10,466,466,246,220,263,203,13,13,0,0.9978540772532188,0.9980988593155893,1.0,0.9961977186311787,0.9980952380952381,0.9999999999950739,203,0,1,262
com_erro,random_forest,lacuna,100,15,15,311,311,163,148,175,136,13,13,0,0.9967845659163987,0.9971428571428571,1.0,0.9942857142857143,0.997134670487106,0.9999999999926471,136,0,1,174
com_erro,random_forest,lacuna,100,20,20,233,233,123,110,132,101,13,13,0,0.9957081545064378,0.9962121212121212,1.0,0.9924242424242424,0.9961977186311787,0.9999999999900989,101,0,1,131
com_erro,random_forest,lacuna,100,25,25,187,187,98,89,105,82,13,13,0,1.0,1.0,1.0,1.0,1.0,0.9999999999878049,82,0,0,105
com_erro,random_forest,lacuna,100,30,30,156,156,80,76,87,69,13,13,0,0.9935897435897436,0.9942528735632183,1.0,0.9885057471264368,0.9942196531791907,0.9999999999855071,69,0,1,86
com_erro,random_forest,lacuna,100,35,35,133,133,72,61,74,59,13,13,0,1.0,1.0,1.0,1.0,1.0,0.9999999999830509,59,0,0,74
com_erro,random_forest,lacuna,100,40,40,117,117,61,56,66,51,13,13,0,0.9658119658119658,0.9696969696969697,1.0,0.9393939393939394,0.96875,0.9999999999803922,51,0,4,62
com_erro,random_forest,lacuna,100,45,45,104,104,56,48,57,47,12,12,0,1.0,1.0,1.0,1.0,1.0,0.9999999999787235,47,0,0,57
com_erro,random_forest,lacuna,100,50,50,94,94,50,44,54,40,12,12,0,0.9893617021276596,0.9907407407407407,1.0,0.9814814814814815,0.9906542056074766,0.9999999999750001,40,0,1,53
com_erro,random_forest,lacuna,100,55,55,85,85,46,39,50,35,11,11,0,0.9764705882352941,0.98,1.0,0.96,0.9795918367346939,0.9999999999714286,35,0,2,48
com_erro,random_forest,lacuna,100,60,60,78,78,42,36,41,37,12,12,0,1.0,1.0,1.0,1.0,1.0,0.9999999999729731,37,0,0,41
com_erro,random_forest,lacuna,100,65,65,72,72,37,35,40,32,13,13,0,0.9861111111111112,0.9875,1.0,0.975,0.9873417721518988,0.9999999999687501,32,0,1,39
com_erro,random_forest,lacuna,100,70,70,67,67,37,30,36,31,13,13,0,1.0,1.0,1.0,1.0,1.0,0.9999999999677419,31,0,0,36
com_erro,random_forest,lacuna,100,75,75,63,63,34,29,38,25,11,11,0,0.9682539682539683,0.9736842105263157,1.0,0.9473684210526315,0.972972972972973,0.99999999996,25,0,2,36
com_erro,random_forest,lacuna,100,80,80,59,59,31,28,34,25,12,12,0,0.9322033898305084,0.9411764705882353,1.0,0.8823529411764706,0.9375,0.99999999996,25,0,4,30
com_erro,random_forest,lacuna,100,85,85,55,55,30,25,32,23,11,11,0,0.9818181818181818,0.984375,1.0,0.96875,0.9841269841269841,0.9999999999565218,23,0,1,31
com_erro,random_forest,lacuna,100,90,90,52,52,26,26,31,21,11,11,0,0.9615384615384616,0.967741935483871,1.0,0.9354838709677419,0.9666666666666667,0.999999999952381,21,0,2,29
com_erro,random_forest,lacuna,100,95,95,49,49,25,24,27,22,10,10,0,0.9183673469387755,0.9175084175084175,0.9259259259259259,0.9259259259259259,0.9259259259259259,0.9090909090495868,20,2,2,25
com_erro,random_forest,lacuna,100,100,100,47,47,28,19,29,18,11,12,1,0.9787234042553191,0.9722222222222222,0.9666666666666667,1.0,0.9830508474576272,0.9444444443919753,17,1,0,29
com_erro,random_forest,oscilacao,20,5,5,947,947,372,575,299,648,15,38,23,0.8489968321013728,0.8077026301663983,0.8,0.6956521739130435,0.7441860465116279,0.9197530864183338,596,52,91,208
com_erro,random_forest,oscilacao,20,10,10,474,474,186,288,150,324,15,34,19,0.8502109704641351,0.8152469135802469,0.7883211678832117,0.72,0.7526132404181185,0.9104938271576837,295,29,42,108
com_erro,random_forest,oscilacao,20,15,15,316,316,126,190,100,216,15,28,13,0.8386075949367089,0.7933333333333333,0.788235294117647,0.67,0.7243243243243244,0.9166666666624229,198,18,33,67
com_erro,random_forest,oscilacao,20,20,20,237,237,92,145,73,164,15,31,16,0.8354430379746836,0.8012863347811561,0.7428571428571429,0.7123287671232876,0.7272727272727273,0.8902439024335961,146,18,21,52
com_erro,random_forest,oscilacao,30,5,5,945,945,407,538,327,618,15,34,19,0.8338624338624339,0.7959383628752115,0.8148148148148148,0.672782874617737,0.7370184254606366,0.9190938511311989,568,50,107,220
com_erro,random_forest,oscilacao,30,10,10,473,473,204,269,164,309,15,29,14,0.828752642706131,0.8016911358433972,0.7748344370860927,0.7134146341463414,0.7428571428571429,0.8899676375375729,275,34,47,117
com_erro,random_forest,oscilacao,30,15,15,315,315,135,180,108,207,14,24,10,0.8317460317460318,0.7922705314009661,0.8089887640449438,0.6666666666666666,0.7309644670050761,0.9178743961308315,190,17,36,72
com_erro,random_forest,oscilacao,30,20,20,237,237,100,137,82,155,14,25,11,0.8270042194092827,0.790204563335956,0.7971014492753623,0.6707317073170732,0.7284768211920529,0.9096774193489698,141,14,27,55
com_erro,random_forest,oscilacao,30,25,25,189,189,84,105,62,127,13,24,11,0.8359788359788359,0.8077851155702311,0.7627118644067796,0.7258064516129032,0.743801652892562,0.889763779520553,113,14,17,45
com_erro,random_forest,oscilacao,30,30,30,158,158,66,92,56,102,14,23,9,0.7974683544303798,0.7626050420168067,0.75,0.6428571428571429,0.6923076923076923,0.88235294116782,90,12,20,36
com_erro,random_forest,oscilacao,40,5,5,943,943,439,504,353,590,14,37,23,0.7985153764581124,0.773551159552504,0.7603833865814696,0.6742209631728046,0.7147147147147147,0.8728813559307239,515,75,115,238
com_erro,random_forest,oscilacao,40,10,10,472,472,220,252,178,294,14,27,13,0.8072033898305084,0.786497745165482,0.7668711656441718,0.702247191011236,0.7331378299120235,0.8707482993167662,256,38,53,125
com_erro,random_forest,oscilacao,40,15,15,315,315,145,170,120,195,14,23,9,0.8095238095238095,0.7836538461538463,0.7941176470588235,0.675,0.7297297297297297,0.8923076923031165,174,21,39,81
com_erro,random_forest,oscilacao,40,20,20,236,236,109,127,87,149,14,25,11,0.7796610169491526,0.7609349687572322,0.7058823529411765,0.6896551724137931,0.6976744186046512,0.8322147650950859,124,25,27,60
com_erro,random_forest,oscilacao,40,25,25,189,189,90,99,71,118,14,23,9,0.7724867724867724,0.7560873716877536,0.7,0.6901408450704225,0.6950354609929078,0.8220338982981183,97,21,22,49
com_erro,random_forest,oscilacao,40,30,30,158,158,73,85,59,99,14,23,9,0.7721518987341772,0.7531244649888718,0.7017543859649122,0.6779661016949152,0.6896551724137931,0.8282828282744618,82,17,19,40
com_erro,random_forest,oscilacao,40,35,35,135,135,64,71,51,84,13,22,9,0.7851851851851852,0.7657563025210083,0.7291666666666666,0.6862745098039216,0.7070707070707071,0.8452380952280328,71,13,16,35
com_erro,random_forest,oscilacao,40,40,40,118,118,55,63,43,75,13,25,12,0.7711864406779662,0.7604651162790698,0.6739130434782609,0.7209302325581395,0.6966292134831461,0.7999999999893332,60,15,12,31
com_erro,random_forest,oscilacao,50,5,5,941,941,470,471,377,564,14,37,23,0.7768331562167906,0.7672178640630585,0.7226666666666667,0.7188328912466844,0.7207446808510638,0.8156028368779865,460,104,106,271
com_erro,random_forest,oscilacao,50,10,10,471,471,235,236,190,281,14,27,13,0.772823779193206,0.7644409065368046,0.7172774869109948,0.7210526315789474,0.7191601049868767,0.8078291814917871,227,54,53,137
com_erro,random_forest,oscilacao,50,15,15,314,314,159,155,126,188,14,26,12,0.7547770700636943,0.7441742654508612,0.696,0.6904761904761905,0.6932270916334662,0.797872340421288,150,38,39,87
com_erro,random_forest,oscilacao,50,20,20,236,236,115,121,95,141,14,21,7,0.7796610169491526,0.7658081373646883,0.7415730337078652,0.6947368421052632,0.717391304347826,0.8368794326181782,118,23,29,66
com_erro,random_forest,oscilacao,50,25,25,189,189,94,95,75,114,14,22,8,0.7301587301587301,0.7147368421052631,0.6666666666666666,0.64,0.6530612244897959,0.7894736842036011,90,24,27,48
com_erro,random_forest,oscilacao,50,30,30,157,157,80,77,63,94,13,21,8,0.7197452229299363,0.7214623438027693,0.6301369863013698,0.7301587301587301,0.6764705882352942,0.7127659574392259,67,27,17,46
com_erro,random_forest,oscilacao,50,35,35,135,135,68,67,53,82,13,22,9,0.762962962962963,0.7581684307409111,0.6842105263157895,0.7358490566037735,0.7090909090909091,0.7804878048685306,64,18,14,39
com_erro,random_forest,oscilacao,50,40,40,118,118,56,62,46,72,12,19,7,0.788135593220339,0.7753623188405797,0.7333333333333333,0.717391304347826,0.7252747252747253,0.8333333333217592,60,12,13,33
com_erro,random_forest,oscilacao,50,45,45,105,105,52,53,42,63,13,20,7,0.7142857142857143,0.7063492063492063,0.6363636363636364,0.6666666666666666,0.6511627906976745,0.7460317460199043,47,16,14,28
com_erro,random_forest,oscilacao,50,50,50,95,95,46,49,40,55,11,18,7,0.6947368421052632,0.6818181818181819,0.6486486486486487,0.6,0.6233766233766234,0.7636363636224794,42,13,16,24
com_erro,random_forest,oscilacao,60,5,5,939,939,500,439,401,538,13,36,23,0.7550585729499467,0.7551289063586387,0.696551724137931,0.7556109725685786,0.7248803827751196,0.7546468401472962,406,132,98,303
com_erro,random_forest,oscilacao,60,10,10,470,470,250,220,202,268,13,31,18,0.7468085106382979,0.7462871287128713,0.6912442396313364,0.7425742574257426,0.7159904534606205,0.7499999999972016,201,67,52,150
com_erro,random_forest,oscilacao,60,15,15,313,313,166,147,133,180,13,27,14,0.731629392971246,0.7283834586466165,0.6762589928057554,0.706766917293233,0.6911764705882353,0.7499999999958333,135,45,39,94
com_erro,random_forest,oscilacao,60,20,20,235,235,124,111,99,136,13,24,11,0.7361702127659574,0.7349598930481284,0.6728971962616822,0.7272727272727273,0.6990291262135923,0.7426470588180688,101,35,27,72
com_erro,random_forest,oscilacao,60,25,25,188,188,100,88,79,109,13,21,8,0.75,0.749564510509813,0.686046511627907,0.7468354430379747,0.7151515151515152,0.7522935779747496,82,27,20,59
com_erro,random_forest,oscilacao,60,30,30,157,157,82,75,69,88,13,22,9,0.7070063694267515,0.7057806324110671,0.6575342465753424,0.6956521739130435,0.676056338028169,0.7159090909009556,63,25,21,48
com_erro,random_forest,oscilacao,60,35,35,135,135,71,64,59,76,12,20,8,0.7185185185185186,0.7120874219446922,0.6842105263157895,0.6610169491525424,0.6724137931034483,0.7631578947268005,58,18,20,39
com_erro,random_forest,oscilacao,60,40,40,118,118,61,57,49,69,12,20,8,0.7457627118644068,0.7471162377994676,0.6727272727272727,0.7551020408163265,0.7115384615384616,0.7391304347718967,51,18,12,37
com_erro,random_forest,oscilacao,60,45,45,105,105,55,50,45,60,12,22,10,0.6952380952380952,0.6972222222222222,0.6274509803921569,0.7111111111111111,0.6666666666666666,0.6833333333219445,41,19,13,32
com_erro,random_forest,oscilacao,60,50,50,94,94,50,44,42,52,11,20,9,0.6808510638297872,0.6840659340659341,0.625,0.7142857142857143,0.6666666666666666,0.6538461538335799,34,18,12,30
com_erro,random_forest,oscilacao,60,55,55,86,86,44,42,38,48,11,15,4,0.7209302325581395,0.7143640350877194,0.6944444444444444,0.6578947368421053,0.6756756756756757,0.7708333333172743,37,11,13,25
com_erro,random_forest,oscilacao,60,60,60,79,79,42,37,35,44,12,16,4,0.6582278481012658,0.6522727272727273,0.6176470588235294,0.6,0.6086956521739131,0.7045454545294422,31,13,14,21
com_erro,random_forest,oscilacao,70,5,5,937,937,526,411,423,514,13,37,24,0.7406616862326574,0.7431101728435945,0.6914893617021277,0.7683215130023641,0.7278835386338186,0.7178988326834282,369,145,98,325
com_erro,random_forest,oscilacao,70,10,10,469,469,263,206,213,256,13,30,17,0.7313432835820896,0.7349801936619718,0.6790123456790124,0.7746478873239436,0.7236842105263158,0.695312499997284,178,78,48,165
com_erro,random_forest,oscilacao,70,15,15,313,313,173,140,143,170,13,31,18,0.7124600638977636,0.7125257095845332,0.6754966887417219,0.7132867132867133,0.6938775510204082,0.7117647058781661,121,49,41,102
com_erro,random_forest,oscilacao,70,20,20,235,235,130,105,107,128,12,25,13,0.7063829787234043,0.7082359813084111,0.6610169491525424,0.7289719626168224,0.6933333333333334,0.687499999994629,88,40,29,78
com_erro,random_forest,oscilacao,70,25,25,188,188,106,82,85,103,13,26,13,0.7180851063829787,0.7231867504283267,0.66,0.7764705882352941,0.7135135135135136,0.6699029126148552,69,34,19,66
com_erro,random_forest,oscilacao,70,30,30,157,157,86,71,71,86,11,21,10,0.7006369426751592,0.7009498853586635,0.6578947368421053,0.704225352112676,0.6802721088435374,0.6976744185965387,60,26,21,50
com_erro,random_forest,oscilacao,70,35,35,134,134,75,59,61,73,11,21,10,0.7089552238805971,0.7140130249270155,0.6527777777777778,0.7704918032786885,0.706766917293233,0.6575342465663351,48,25,14,47
com_erro,random_forest,oscilacao,70,40,40,118,118,66,52,54,64,11,22,11,0.635593220338983,0.6409143518518519,0.5846153846153846,0.7037037037037037,0.6386554621848739,0.5781249999909668,37,27,16,38
com_erro,random_forest,oscilacao,70,45,45,105,105,57,48,49,56,11,22,11,0.6571428571428571,0.6568877551020408,0.6274509803921569,0.6530612244897959,0.64,0.6607142857024872,37,19,17,32
com_erro,random_forest,oscilacao,70,50,50,94,94,54,40,43,51,11,17,6,0.648936170212766,0.6582307341541268,0.5892857142857143,0.7674418604651163,0.6666666666666666,0.5490196078323722,28,23,10,33
com_erro,random_forest,oscilacao,70,55,55,86,86,47,39,41,45,11,17,6,0.7209302325581395,0.7224932249322493,0.6888888888888889,0.7560975609756098,0.7209302325581395,0.6888888888735804,31,14,10,31
com_erro,random_forest,oscilacao,70,60,60,79,79,44,35,37,42,10,16,6,0.6708860759493671,0.6663449163449164,0.6666666666666666,0.5945945945945946,0.6285714285714286,0.7380952380776644,31,11,15,22
com_erro,random_forest,oscilacao,70,65,65,73,73,40,33,34,39,12,16,4,0.6986301369863014,0.7047511312217194,0.6428571428571429,0.7941176470588235,0.7105263157894737,0.6153846153688364,24,15,7,27
com_erro,random_forest,oscilacao,70,70,70,67,67,38,29,29,38,10,15,5,0.6417910447761194,0.6597096188747731,0.5609756097560976,0.7931034482758621,0.6571428571428571,0.5263157894598338,20,18,6,23
com_erro,random_forest,oscilacao,80,5,5,935,935,547,388,445,490,13,36,23,0.718716577540107,0.722036230222426,0.6743295019157088,0.7910112359550562,0.7280248190279214,0.6530612244884632,320,170,93,352
com_erro,random_forest,oscilacao,80,10,10,468,468,274,194,224,244,12,29,17,0.7072649572649573,0.710114168618267,0.6666666666666666,0.7767857142857143,0.7175257731958763,0.6434426229481827,157,87,50,174
com_erro,random_forest,oscilacao,80,15,15,312,312,183,129,149,163,12,28,16,0.7275641025641025,0.7300407625478651,0.6882352941176471,0.785234899328859,0.7335423197492164,0.674846625762731,110,53,32,117
com_erro,random_forest,oscilacao,80,20,20,234,234,137,97,110,124,12,25,13,0.7350427350427351,0.7402492668621701,0.6791044776119403,0.8272727272727273,0.7459016393442623,0.653225806446345,81,43,19,91
com_erro,random_forest,oscilacao,80,25,25,187,187,111,76,87,100,11,25,14,0.7058823529411765,0.7122988505747126,0.6481481481481481,0.8045977011494253,0.717948717948718,0.6199999999938,62,38,17,70
com_erro,random_forest,oscilacao,80,30,30,156,156,92,64,75,81,10,23,13,0.6987179487179487,0.7024691358024692,0.6521739130434783,0.8,0.718562874251497,0.6049382715974698,49,32,15,60
com_erro,random_forest,oscilacao,80,35,35,134,134,79,55,63,71,11,20,9,0.664179104477612,0.6678962664878157,0.6216216216216216,0.7301587301587301,0.6715328467153284,0.6056338028083713,43,28,17,46
com_erro,random_forest,oscilacao,80,40,40,117,117,69,48,55,62,11,20,9,0.7692307692307693,0.7740469208211144,0.7121212121212122,0.8545454545454545,0.7768595041322314,0.693548387085588,43,19,8,47
com_erro,random_forest,oscilacao,80,45,45,104,104,59,45,50,54,10,22,12,0.6730769230769231,0.6762962962962963,0.6333333333333333,0.76,0.6909090909090909,0.5925925925816187,32,22,12,38
com_erro,random_forest,oscilacao,80,50,50,94,94,56,38,43,51,11,18,7,0.6382978723404256,0.6484268125854993,0.5789473684210527,0.7674418604651163,0.66,0.5294117646955018,27,24,10,33
com_erro,random_forest,oscilacao,80,55,55,85,85,51,34,42,43,10,17,7,0.7176470588235294,0.7187153931339978,0.68,0.8095238095238095,0.7391304347826086,0.6279069767295836,27,16,8,34
com_erro,random_forest,oscilacao,80,60,60,78,78,47,31,37,41,10,16,6,0.7051282051282052,0.7089650626235993,0.6590909090909091,0.7837837837837838,0.7160493827160493,0.6341463414479477,26,15,8,29
com_erro,random_forest,oscilacao,80,65,65,72,72,43,29,35,37,10,15,5,0.6527777777777778,0.6567567567567567,0.6086956521739131,0.8,0.691358024691358,0.5135135134996348,19,18,7,28
com_erro,random_forest,oscilacao,80,70,70,67,67,40,27,31,36,10,14,4,0.6567164179104478,0.6693548387096775,0.5909090909090909,0.8387096774193549,0.6933333333333334,0.49999999998611117,18,18,5,26
com_erro,random_forest,oscilacao,80,75,75,63,63,35,28,31,32,10,14,4,0.746031746031746,0.7469758064516129,0.7142857142857143,0.8064516129032258,0.7575757575757576,0.6874999999785157,22,10,6,25
com_erro,random_forest,oscilacao,80,80,80,59,59,36,23,29,30,10,14,4,0.6779661016949152,0.6810344827586207,0.625,0.8620689655172413,0.7246376811594203,0.49999999998333333,15,15,4,25
com_erro,random_forest,oscilacao,90,5,5,933,933,567,366,466,467,10,38,28,0.7191854233654876,0.719263217873193,0.6910112359550562,0.7918454935622318,0.738,0.6466809421827694,302,165,97,369
com_erro,random_forest,oscilacao,90,10,10,467,467,284,183,234,233,10,32,22,0.7002141327623126,0.7000385165621217,0.6727941176470589,0.782051282051282,0.7233201581027668,0.6180257510703089,144,89,51,183
com_erro,random_forest,oscilacao,90,15,15,311,311,188,123,155,156,10,25,15,0.7106109324758842,0.7108354011579818,0.6836158192090396,0.7806451612903226,0.7289156626506024,0.6410256410215319,100,56,34,121
com_erro,random_forest,oscilacao,90,20,20,234,234,141,93,117,117,10,24,14,0.7008547008547008,0.7008547008547008,0.6715328467153284,0.7863247863247863,0.7244094488188977,0.6153846153793556,72,45,25,92
com_erro,random_forest,oscilacao,90,25,25,187,187,114,73,94,93,10,27,17,0.7005347593582888,0.699954243880119,0.6666666666666666,0.8085106382978723,0.7307692307692307,0.5913978494560065,55,38,18,76
com_erro,random_forest,oscilacao,90,30,30,156,156,94,62,80,76,10,20,10,0.6858974358974359,0.6845394736842105,0.6781609195402298,0.7375,0.7065868263473054,0.6315789473601108,48,28,21,59
com_erro,random_forest,oscilacao,90,35,35,134,134,81,53,67,67,10,19,9,0.7014925373134329,0.7014925373134329,0.6753246753246753,0.7761194029850746,0.7222222222222222,0.6268656716324348,42,25,15,52
com_erro,random_forest,oscilacao,90,40,40,117,117,69,48,57,60,10,23,13,0.7094017094017094,0.7127192982456141,0.6575342465753424,0.8421052631578947,0.7384615384615385,0.5833333333236111,35,25,9,48
com_erro,random_forest,oscilacao,90,45,45,104,104,61,43,52,52,10,18,8,0.6538461538461539,0.6538461538461539,0.6428571428571429,0.6923076923076923,0.6666666666666666,0.6153846153727811,32,20,16,36
com_erro,random_forest,oscilacao,90,50,50,94,94,58,36,48,46,10,19,9,0.6914893617021277,0.6893115942028986,0.6666666666666666,0.7916666666666666,0.7238095238095238,0.5869565217263706,27,19,10,38
com_erro,random_forest,oscilacao,90,55,55,85,85,51,34,42,43,10,16,6,0.7294117647058823,0.7306201550387597,0.6862745098039216,0.8333333333333334,0.7526881720430108,0.6279069767295836,27,16,7,35
com_erro,random_forest,oscilacao,90,60,60,78,78,47,31,39,39,10,17,7,0.6666666666666666,0.6666666666666666,0.6326530612244898,0.7948717948717948,0.7045454545454546,0.5384615384477318,21,18,8,31
com_erro,random_forest,oscilacao,90,65,65,72,72,43,29,37,35,10,14,4,0.6388888888888888,0.633976833976834,0.6122448979591837,0.8108108108108109,0.6976744186046512,0.45714285712979597,16,19,7,30
com_erro,random_forest,oscilacao,90,70,70,67,67,40,27,34,33,10,15,5,0.6417910447761194,0.6403743315508021,0.625,0.7352941176470589,0.6756756756756757,0.5454545454380166,18,15,9,25
com_erro,random_forest,oscilacao,90,75,75,63,63,37,26,33,30,10,15,5,0.6825396825396826,0.6772727272727272,0.6666666666666666,0.7878787878787878,0.7222222222222222,0.5666666666477778,17,13,7,26
com_erro,random_forest,oscilacao,90,80,80,59,59,36,23,30,29,10,10,0,0.7288135593220338,0.7252873563218392,0.6666666666666666,0.9333333333333333,0.7777777777777778,0.5172413792925089,15,14,2,28
com_erro,random_forest,oscilacao,90,85,85,55,55,33,22,27,28,10,11,1,0.6363636363636364,0.6375661375661376,0.6129032258064516,0.7037037037037037,0.6551724137931034,0.5714285714081633,16,12,8,19
com_erro,random_forest,oscilacao,90,90,90,52,52,31,21,26,26,10,11,1,0.6923076923076923,0.6923076923076923,0.6470588235294118,0.8461538461538461,0.7333333333333333,0.5384615384408284,14,12,4,22
com_erro,random_forest,oscilacao,100,5,5,931,931,587,344,482,449,10,41,31,0.7250268528464017,0.7223937010784685,0.7084870848708487,0.7966804979253111,0.75,0.6481069042301824,291,158,98,384
com_erro,random_forest,oscilacao,100,10,10,466,466,294,172,242,224,10,30,20,0.7317596566523605,0.7282873376623377,0.7096774193548387,0.8181818181818182,0.7600767754318618,0.6383928571400072,143,81,44,198
com_erro,random_forest,oscilacao,100,15,15,311,311,194,117,162,149,10,30,20,0.7138263665594855,0.7099594001159997,0.6951871657754011,0.8024691358024691,0.7449856733524355,0.6174496644253863,92,57,32,130
com_erro,random_forest,oscilacao,100,20,20,233,233,147,86,120,113,10,26,16,0.721030042918455,0.718325958702065,0.697841726618705,0.8083333333333333,0.749034749034749,0.6283185840652361,71,42,23,97
com_erro,random_forest,oscilacao,100,25,25,187,187,116,71,96,91,10,25,15,0.6951871657754011,0.6936813186813187,0.6857142857142857,0.75,0.7164179104477612,0.6373626373556334,58,33,24,72
com_erro,random_forest,oscilacao,100,30,30,156,156,97,59,80,76,10,23,13,0.6666666666666666,0.6641447368421052,0.648936170212766,0.7625,0.7011494252873564,0.5657894736767659,43,33,19,61
com_erro,random_forest,oscilacao,100,35,35,133,133,84,49,69,64,10,20,10,0.6992481203007519,0.6965579710144927,0.6883116883116883,0.7681159420289855,0.726027397260274,0.6249999999902344,40,24,16,53
com_erro,random_forest,oscilacao,100,40,40,117,117,72,45,59,58,10,21,11,0.6923076923076923,0.6912624196376389,0.6575342465753424,0.8135593220338984,0.7272727272727273,0.5689655172315696,33,25,11,48
com_erro,random_forest,oscilacao,100,45,45,104,104,64,40,55,49,10,17,7,0.7019230769230769,0.6992578849721707,0.7068965517241379,0.7454545454545455,0.7256637168141593,0.6530612244764682,32,17,14,41
com_erro,random_forest,oscilacao,100,50,50,94,94,58,36,49,45,10,16,6,0.6595744680851063,0.6562358276643991,0.6545454545454545,0.7346938775510204,0.6923076923076923,0.5777777777649383,26,19,13,36
com_erro,random_forest,oscilacao,100,55,55,85,85,53,32,46,39,10,13,3,0.7294117647058823,0.7168338907469343,0.7017543859649122,0.8695652173913043,0.7766990291262136,0.5641025640881,22,17,6,40
com_erro,random_forest,oscilacao,100,60,60,78,78,49,29,39,39,10,16,6,0.6794871794871795,0.6794871794871795,0.6458333333333334,0.7948717948717948,0.7126436781609196,0.5641025640881,22,17,8,31
com_erro,random_forest,oscilacao,100,65,65,72,72,43,29,38,34,10,16,6,0.6388888888888888,0.631578947368421,0.6304347826086957,0.7631578947368421,0.6904761904761905,0.49999999998529415,17,17,9,29
com_erro,random_forest,oscilacao,100,70,70,67,67,43,24,35,32,10,13,3,0.7014925373134329,0.6928571428571428,0.6595744680851063,0.8857142857142857,0.7560975609756098,0.49999999998437505,16,16,4,31
com_erro,random_forest,oscilacao,100,75,75,63,63,38,25,34,29,10,13,3,0.6825396825396826,0.6830628803245437,0.71875,0.6764705882352942,0.696969696969697,0.6896551723900118,20,9,11,23
com_erro,random_forest,oscilacao,100,80,80,59,59,37,22,31,28,10,7,-3,0.6271186440677966,0.6157834101382489,0.6046511627906976,0.8387096774193549,0.7027027027027027,0.39285714284311224,11,17,5,26
com_erro,random_forest,oscilacao,100,85,85,55,55,35,20,28,27,10,12,2,0.6181818181818182,0.6150793650793651,0.5945945945945946,0.7857142857142857,0.676923076923077,0.44444444442798353,12,15,6,22
com_erro,random_forest,oscilacao,100,90,90,52,52,32,20,26,26,10,12,2,0.75,0.75,0.7096774193548387,0.8461538461538461,0.7719298245614035,0.6538461538210059,17,9,4,22
com_erro,random_forest,oscilacao,100,95,95,49,49,30,19,26,23,10,14,4,0.6938775510204082,0.6839464882943144,0.6666666666666666,0.8461538461538461,0.7457627118644068,0.5217391304120983,12,11,4,22
com_erro,random_forest,oscilacao,100,100,100,47,47,27,20,24,23,10,10,0,0.6595744680851063,0.6567028985507246,0.6333333333333333,0.7916666666666666,0.7037037037037037,0.5217391304120983,12,11,5,19
com_erro,random_forest,queda,20,5,5,947,947,230,717,221,726,21,42,21,0.8173178458289335,0.7156114829911622,0.6304347826086957,0.5248868778280543,0.5728395061728395,0.9063360881530216,658,68,105,116
com_erro,random_forest,queda,20,10,10,474,474,113,361,115,359,21,29,8,0.8227848101265823,0.7116143877921763,0.6867469879518072,0.4956521739130435,0.5757575757575758,0.9275766016687255,333,26,58,57
com_erro,random_forest,queda,20,15,15,316,316,76,240,75,241,19,22,3,0.8164556962025317,0.6822130013831259,0.6808510638297872,0.4266666666666667,0.5245901639344263,0.937759336095694,226,15,43,32
com_erro,random_forest,queda,20,20,20,237,237,56,181,56,181,20,20,0,0.8270042194092827,0.7017561168113655,0.7027027027027027,0.4642857142857143,0.5591397849462365,0.9392265193318275,170,11,30,26
com_erro,random_forest,queda,30,5,5,945,945,265,680,261,684,20,43,23,0.7883597883597884,0.7140048396854204,0.6355555555555555,0.5478927203065134,0.588477366255144,0.8801169590630408,602,82,118,143
com_erro,random_forest,queda,30,10,10,473,473,131,342,135,338,20,33,13,0.8033826638477801,0.7311856234933158,0.6909090909090909,0.562962962962963,0.6204081632653061,0.8994082840210077,304,34,59,76
com_erro,random_forest,queda,30,15,15,315,315,89,226,89,226,18,34,16,0.7968253968253968,0.7255891418912201,0.6666666666666666,0.5617977528089888,0.6097560975609756,0.8893805309695161,201,25,39,50
com_erro,random_forest,queda,30,20,20,237,237,68,169,70,167,19,21,2,0.8312236286919831,0.7557741659538066,0.8,0.5714285714285714,0.6666666666666666,0.9401197604734125,157,10,30,40
com_erro,random_forest,queda,30,25,25,189,189,55,134,52,137,18,20,2,0.7883597883597884,0.6929393599101629,0.6578947368421053,0.4807692307692308,0.5555555555555556,0.9051094890444883,124,13,27,25
com_erro,random_forest,queda,30,30,30,158,158,45,113,46,112,18,16,-2,0.7911392405063291,0.6989518633540373,0.7096774193548387,0.4782608695652174,0.5714285714285714,0.919642857134646,103,9,24,22
com_erro,random_forest,queda,40,5,5,943,943,296,647,298,645,19,39,20,0.792152704135737,0.7298137453826544,0.7198275862068966,0.5604026845637584,0.630188679245283,0.8992248062001562,580,65,131,167
com_erro,random_forest,queda,40,10,10,472,472,146,326,154,318,18,31,13,0.7902542372881356,0.7288042146532713,0.7391304347826086,0.551948051948052,0.6319702602230484,0.9056603773556426,288,30,69,85
com_erro,random_forest,queda,40,15,15,315,315,100,215,99,216,18,25,7,0.8031746031746032,0.7279040404040404,0.7761194029850746,0.5252525252525253,0.6265060240963856,0.9305555555512475,201,15,47,52
com_erro,random_forest,queda,40,20,20,236,236,73,163,76,160,17,24,7,0.7966101694915254,0.7325657894736842,0.75,0.5526315789473685,0.6363636363636364,0.912499999994297,146,14,34,42
com_erro,random_forest,queda,40,25,25,189,189,59,130,60,129,17,21,4,0.8148148148148148,0.7439922480620156,0.8048780487804879,0.55,0.6534653465346535,0.9379844961167599,121,8,27,33
com_erro,random_forest,queda,40,30,30,158,158,49,109,51,107,17,14,-3,0.7658227848101266,0.6783030969397105,0.7333333333333333,0.43137254901960786,0.5432098765432098,0.925233644851166,99,8,29,22
com_erro,random_forest,queda,40,35,35,135,135,42,93,39,96,18,17,-1,0.7851851851851852,0.6814903846153846,0.7083333333333334,0.4358974358974359,0.5396825396825397,0.9270833333236762,89,7,22,17
com_erro,random_forest,queda,40,40,40,118,118,37,81,42,76,16,16,0,0.7627118644067796,0.68796992481203,0.8181818181818182,0.42857142857142855,0.5625,0.9473684210401662,72,4,24,18
com_erro,random_forest,queda,50,5,5,941,941,325,616,333,608,18,35,17,0.7662061636556854,0.7131341868183974,0.7344398340248963,0.5315315315315315,0.6167247386759582,0.8947368421037916,544,64,156,177
com_erro,random_forest,queda,50,10,10,471,471,161,310,171,300,18,29,11,0.7622080679405521,0.7114912280701754,0.743801652892562,0.5263157894736842,0.6164383561643836,0.8966666666636778,269,31,81,90
com_erro,random_forest,queda,50,15,15,314,314,108,206,112,202,17,29,12,0.7452229299363057,0.6886050212164073,0.7051282051282052,0.49107142857142855,0.5789473684210527,0.8861386138569993,179,23,57,55
com_erro,random_forest,queda,50,20,20,236,236,83,153,88,148,17,21,4,0.7796610169491526,0.7275798525798526,0.8214285714285714,0.5227272727272727,0.6388888888888888,0.9324324324261323,138,10,42,46
com_erro,random_forest,queda,50,25,25,189,189,65,124,68,121,18,23,5,0.746031746031746,0.6921487603305785,0.7083333333333334,0.5,0.5862068965517241,0.8842975206538487,107,14,34,34
com_erro,random_forest,queda,50,30,30,157,157,52,105,55,102,16,18,2,0.7643312101910829,0.6929590017825312,0.78125,0.45454545454545453,0.5747126436781609,0.9313725490104767,95,7,30,25
com_erro,random_forest,queda,50,35,35,135,135,47,88,48,87,17,18,1,0.7481481481481481,0.6831896551724138,0.7333333333333333,0.4583333333333333,0.5641025641025641,0.9080459770010569,79,8,26,22
com_erro,random_forest,queda,50,40,40,118,118,42,76,44,74,16,21,5,0.7542372881355932,0.7073095823095823,0.7419354838709677,0.5227272727272727,0.6133333333333333,0.8918918918798393,66,8,21,23
com_erro,random_forest,queda,50,45,45,105,105,37,68,39,66,16,16,0,0.6666666666666666,0.6247086247086246,0.5625,0.46153846153846156,0.5070422535211268,0.7878787878668503,52,14,21,18
com_erro,random_forest,queda,50,50,50,95,95,29,66,38,57,17,14,-3,0.7368421052631579,0.6842105263157894,0.8421052631578947,0.42105263157894735,0.5614035087719298,0.9473684210360112,54,3,22,16
com_erro,random_forest,queda,60,5,5,939,939,353,586,367,572,18,38,20,0.7571884984025559,0.7196461576570568,0.7642585551330798,0.547683923705722,0.638095238095238,0.8916083916068329,510,62,166,201
com_erro,random_forest,queda,60,10,10,470,470,175,295,188,282,17,31,14,0.7553191489361702,0.7225177304964538,0.7664233576642335,0.5585106382978723,0.6461538461538462,0.8865248226918918,250,32,83,105
com_erro,random_forest,queda,60,15,15,313,313,118,195,124,189,16,29,13,0.7412140575079872,0.7052824714115036,0.7415730337078652,0.532258064516129,0.6197183098591549,0.8783068783022312,166,23,58,66
com_erro,random_forest,queda,60,20,20,235,235,87,148,93,142,16,23,7,0.7446808510638298,0.7033923973951235,0.7704918032786885,0.5053763440860215,0.6103896103896104,0.9014084506978775,128,14,46,47
com_erro,random_forest,queda,60,25,25,188,188,71,117,74,114,16,24,8,0.7393617021276596,0.7092223802750118,0.711864406779661,0.5675675675675675,0.631578947368421,0.8508771929749923,97,17,32,42
com_erro,random_forest,queda,60,30,30,157,157,59,98,64,93,16,22,6,0.7388535031847133,0.708921370967742,0.7446808510638298,0.546875,0.6306306306306306,0.8709677419261186,81,12,29,35
com_erro,random_forest,queda,60,35,35,135,135,55,80,54,81,17,21,4,0.7185185185185186,0.6944444444444444,0.6739130434782609,0.5740740740740741,0.62,0.8148148148047554,66,15,23,31
com_erro,random_forest,queda,60,40,40,118,118,44,74,46,72,15,16,1,0.6949152542372882,0.6518719806763285,0.65625,0.45652173913043476,0.5384615384615384,0.8472222222104552,61,11,25,21
com_erro,random_forest,queda,60,45,45,105,105,40,65,43,62,15,21,6,0.6571428571428571,0.6277194298574643,0.6060606060606061,0.46511627906976744,0.5263157894736842,0.7903225806324142,49,13,23,20
com_erro,random_forest,queda,60,50,50,94,94,35,59,40,54,15,18,3,0.723404255319149,0.700925925925926,0.7333333333333333,0.55,0.6285714285714286,0.8518518518360769,46,8,18,22
com_erro,random_forest,queda,60,55,55,86,86,33,53,34,52,15,17,2,0.6395348837209303,0.5950226244343891,0.5652173913043478,0.38235294117647056,0.45614035087719296,0.8076923076767752,42,10,21,13
com_erro,random_forest,queda,60,60,60,79,79,30,49,34,45,13,18,5,0.6962025316455697,0.6758169934640523,0.6923076923076923,0.5294117647058824,0.6,0.8222222222039507,37,8,16,18
com_erro,random_forest,queda,70,5,5,937,937,381,556,400,537,17,41,24,0.7491995731056563,0.728254189944134,0.7722772277227723,0.585,0.6657183499288762,0.8715083798866452,468,69,166,234
com_erro,random_forest,queda,70,10,10,469,469,189,280,204,265,17,34,17,0.744136460554371,0.7261931187569368,0.7692307692307693,0.5882352941176471,0.6666666666666666,0.8641509433929655,229,36,84,120
com_erro,random_forest,queda,70,15,15,313,313,128,185,132,181,17,27,10,0.7412140575079872,0.7188180143981249,0.7524752475247525,0.5757575757575758,0.6523605150214592,0.8618784530339123,156,25,56,76
com_erro,random_forest,queda,70,20,20,235,235,97,138,104,131,17,24,7,0.7148936170212766,0.6996843805049913,0.7283950617283951,0.5673076923076923,0.6378378378378379,0.8320610686959385,109,22,45,59
com_erro,random_forest,queda,70,25,25,188,188,76,112,79,109,15,24,9,0.7074468085106383,0.683253977470677,0.7,0.5316455696202531,0.60431654676259,0.8348623853134416,91,18,37,42
com_erro,random_forest,queda,70,30,30,157,157,63,94,67,90,16,21,5,0.7261146496815286,0.7077114427860697,0.7222222222222222,0.582089552238806,0.6446280991735537,0.833333333324074,75,15,28,39
com_erro,random_forest,queda,70,35,35,134,134,56,78,56,78,15,21,6,0.6865671641791045,0.6703296703296704,0.64,0.5714285714285714,0.6037735849056604,0.7692307692209073,60,18,24,32
com_erro,random_forest,queda,70,40,40,118,118,49,69,55,63,15,21,6,0.6610169491525424,0.6525252525252525,0.6744186046511628,0.5272727272727272,0.5918367346938775,0.7777777777654321,49,14,26,29
com_erro,random_forest,queda,70,45,45,105,105,42,63,47,58,14,18,4,0.6190476190476191,0.6006969919295672,0.6060606060606061,0.425531914893617,0.5,0.7758620689521404,45,13,27,20
com_erro,random_forest,queda,70,50,50,94,94,39,55,42,52,13,20,7,0.6702127659574468,0.6584249084249085,0.6571428571428571,0.5476190476190477,0.5974025974025974,0.7692307692159763,40,12,19,23
com_erro,random_forest,queda,70,55,55,86,86,34,52,36,50,15,14,-1,0.5930232558139535,0.5644444444444444,0.5185185185185185,0.3888888888888889,0.4444444444444444,0.7399999999852,37,13,22,14
com_erro,random_forest,queda,70,60,60,79,79,33,46,36,43,14,15,1,0.5443037974683544,0.5384366925064599,0.5,0.4722222222222222,0.4857142857142857,0.6046511627766361,26,17,19,17
com_erro,random_forest,queda,70,65,65,73,73,29,44,30,43,15,15,0,0.6986301369863014,0.6585271317829458,0.7222222222222222,0.43333333333333335,0.5416666666666666,0.8837209302120066,38,5,17,13
com_erro,random_forest,queda,70,70,70,67,67,29,38,31,36,13,12,-1,0.6119402985074627,0.6008064516129032,0.6086956521739131,0.45161290322580644,0.5185185185185185,0.7499999999791668,27,9,17,14
com_erro,random_forest,queda,80,5,5,935,935,409,526,432,503,17,40,23,0.7176470588235294,0.710618235034239,0.7295081967213115,0.6180555555555556,0.6691729323308271,0.8031809145113257,404,99,165,267
com_erro,random_forest,queda,80,10,10,468,468,203,265,220,248,17,34,17,0.7136752136752137,0.7082844574780058,0.7311827956989247,0.6181818181818182,0.6699507389162561,0.7983870967709743,198,50,84,136
com_erro,random_forest,queda,80,15,15,312,312,136,176,145,167,16,31,15,0.6698717948717948,0.6643609333058021,0.6640625,0.5862068965517241,0.6227106227106227,0.7425149700554341,124,43,60,85
com_erro,random_forest,queda,80,20,20,234,234,101,133,109,125,14,23,9,0.6709401709401709,0.6620550458715597,0.6904761904761905,0.5321100917431193,0.6010362694300518,0.791999999993664,99,26,51,58
com_erro,random_forest,queda,80,25,25,187,187,84,103,87,100,14,23,9,0.6470588235294118,0.6445977011494253,0.6235294117647059,0.6091954022988506,0.6162790697674418,0.6799999999931999,68,32,34,53
com_erro,random_forest,queda,80,30,30,156,156,66,90,71,85,14,18,4,0.6410256410256411,0.6346313173156587,0.6153846153846154,0.5633802816901409,0.5882352941176471,0.7058823529328719,60,25,31,40
com_erro,random_forest,queda,80,35,35,134,134,60,74,60,74,15,22,7,0.664179104477612,0.6549549549549549,0.6415094339622641,0.5666666666666667,0.6017699115044248,0.7432432432331993,55,19,26,34
com_erro,random_forest,queda,80,40,40,117,117,51,66,58,59,13,18,5,0.6239316239316239,0.6230274693161894,0.6521739130434783,0.5172413793103449,0.5769230769230769,0.7288135593096812,43,16,28,30
com_erro,random_forest,queda,80,45,45,104,104,47,57,48,56,13,16,3,0.6153846153846154,0.6130952380952381,0.5833333333333334,0.5833333333333334,0.5833333333333334,0.6428571428456633,36,20,20,28
com_erro,random_forest,queda,80,50,50,94,94,41,53,47,47,13,17,4,0.6276595744680851,0.6276595744680851,0.6578947368421053,0.5319148936170213,0.5882352941176471,0.7234042553037574,34,13,22,25
com_erro,random_forest,queda,80,55,55,85,85,37,48,40,45,13,13,0,0.5529411764705883,0.55,0.5263157894736842,0.5,0.5128205128205128,0.5999999999866668,27,18,20,20
com_erro,random_forest,queda,80,60,60,78,78,34,44,35,43,13,14,1,0.6153846153846154,0.613953488372093,0.5675675675675675,0.6,0.5833333333333334,0.6279069767295836,27,16,14,21
com_erro,random_forest,queda,80,65,65,72,72,31,41,33,39,11,16,5,0.6527777777777778,0.6468531468531469,0.6333333333333333,0.5757575757575758,0.6031746031746031,0.7179487179303091,28,11,14,19
com_erro,random_forest,queda,80,70,70,67,67,31,36,35,32,11,15,4,0.5671641791044776,0.5696428571428571,0.6,0.5142857142857142,0.5538461538461539,0.6249999999804688,20,12,17,18
com_erro,random_forest,queda,80,75,75,63,63,30,33,29,34,13,11,-2,0.5873015873015873,0.5821501014198783,0.5555555555555556,0.5172413793103449,0.5357142857142857,0.6470588235103807,22,12,14,15
com_erro,random_forest,queda,80,80,80,59,59,24,35,29,30,12,14,2,0.5932203389830508,0.5913793103448276,0.6086956521739131,0.4827586206896552,0.5384615384615384,0.6999999999766666,21,9,15,14
com_erro,random_forest,queda,90,5,5,933,933,434,499,464,469,16,46,30,0.6613076098606645,0.6611255606205426,0.6705069124423964,0.6271551724137931,0.6481069042316259,0.69509594882581,326,143,173,291
com_erro,random_forest,queda,90,10,10,467,467,216,251,236,231,14,31,17,0.683083511777302,0.6834599016802407,0.7018348623853211,0.6483050847457628,0.6740088105726872,0.7186147186116078,166,65,83,153
com_erro,random_forest,queda,90,15,15,311,311,144,167,156,155,14,35,21,0.639871382636656,0.6400330851943755,0.6571428571428571,0.5897435897435898,0.6216216216216216,0.6903225806407076,107,48,64,92
com_erro,random_forest,queda,90,20,20,234,234,110,124,120,114,14,29,15,0.6452991452991453,0.6456140350877193,0.6608695652173913,0.6333333333333333,0.6468085106382979,0.6578947368363343,75,39,44,76
com_erro,random_forest,queda,90,25,25,187,187,87,100,93,94,14,29,15,0.6256684491978609,0.6255433539235873,0.6292134831460674,0.6021505376344086,0.6153846153846154,0.6489361702058624,61,33,37,56
com_erro,random_forest,queda,90,30,30,156,156,72,84,80,76,13,24,11,0.6153846153846154,0.6164473684210526,0.6388888888888888,0.575,0.6052631578947368,0.6578947368334487,50,26,34,46
com_erro,random_forest,queda,90,35,35,134,134,66,68,68,66,13,21,8,0.6268656716417911,0.6265597147950089,0.6285714285714286,0.6470588235294118,0.6376811594202898,0.6060606060514233,40,26,24,44
com_erro,random_forest,queda,90,40,40,117,117,55,62,60,57,13,18,5,0.6324786324786325,0.6320175438596491,0.639344262295082,0.65,0.6446280991735537,0.6140350877085258,35,22,21,39
com_erro,random_forest,queda,90,45,45,104,104,50,54,53,51,13,18,5,0.5865384615384616,0.5862005179430263,0.5925925925925926,0.6037735849056604,0.5981308411214953,0.5686274509692426,29,22,21,32
com_erro,random_forest,queda,90,50,50,94,94,41,53,51,43,11,16,5,0.648936170212766,0.6618787049703603,0.7647058823529411,0.5098039215686274,0.611764705882353,0.813953488353164,35,8,25,26
com_erro,random_forest,queda,90,55,55,85,85,41,44,43,42,12,15,3,0.611764705882353,0.6118493909191584,0.6190476190476191,0.6046511627906976,0.611764705882353,0.6190476190328799,26,16,17,26
com_erro,random_forest,queda,90,60,60,78,78,38,40,39,39,11,17,6,0.5897435897435898,0.5897435897435898,0.6,0.5384615384615384,0.5675675675675675,0.6410256410092046,25,14,18,21
com_erro,random_forest,queda,90,65,65,72,72,33,39,36,36,11,16,5,0.5833333333333334,0.5833333333333334,0.5882352941176471,0.5555555555555556,0.5714285714285714,0.6111111110941359,22,14,16,20
com_erro,random_forest,queda,90,70,70,67,67,33,34,36,31,10,14,4,0.6417910447761194,0.6397849462365591,0.6666666666666666,0.6666666666666666,0.6666666666666666,0.6129032257866805,19,12,12,24
com_erro,random_forest,queda,90,75,75,63,63,30,33,33,30,11,11,0,0.5873015873015873,0.5893939393939394,0.6206896551724138,0.5454545454545454,0.5806451612903226,0.6333333333122222,19,11,15,18
com_erro,random_forest,queda,90,80,80,59,59,25,34,29,30,12,11,-1,0.5254237288135594,0.524712643678161,0.5185185185185185,0.4827586206896552,0.5,0.5666666666477778,17,13,15,14
com_erro,random_forest,queda,90,85,85,55,55,25,30,26,29,11,12,1,0.6545454545454545,0.6505305039787799,0.6521739130434783,0.5769230769230769,0.6122448979591837,0.7241379310095125,21,8,11,15
com_erro,random_forest,queda,90,90,90,52,52,25,27,29,23,11,14,3,0.5961538461538461,0.5974512743628186,0.6538461538461539,0.5862068965517241,0.6181818181818182,0.608695652147448,14,9,12,17
com_erro,random_forest,queda,100,5,5,931,931,458,473,492,439,14,44,30,0.6573576799140709,0.6560595959034761,0.6747474747474748,0.6788617886178862,0.6767983789260384,0.6332574031876236,278,161,158,334
com_erro,random_forest,queda,100,10,10,466,466,228,238,249,217,14,34,20,0.6609442060085837,0.6602261580885755,0.6872427983539094,0.6706827309236948,0.6788617886178862,0.6497695852504619,141,76,82,167
com_erro,random_forest,queda,100,15,15,311,311,153,158,163,148,14,37,23,0.6527331189710611,0.6525451832200299,0.6729559748427673,0.656441717791411,0.6645962732919255,0.648648648644266,96,52,56,107
com_erro,random_forest,queda,100,20,20,233,233,113,120,123,110,13,25,12,0.6180257510729614,0.6180339985218034,0.6440677966101694,0.6178861788617886,0.6307053941908713,0.6181818181761983,68,42,47,76
com_erro,random_forest,queda,100,25,25,187,187,92,95,99,88,14,27,13,0.5989304812834224,0.5978535353535354,0.6224489795918368,0.6161616161616161,0.6192893401015228,0.5795454545388687,51,37,38,61
com_erro,random_forest,queda,100,30,30,156,156,76,80,82,74,14,20,6,0.6410256410256411,0.6407382992748847,0.6625,0.6463414634146342,0.654320987654321,0.6351351351265522,47,27,29,53
com_erro,random_forest,queda,100,35,35,133,133,67,66,70,63,13,20,7,0.5714285714285714,0.5682539682539682,0.5866666666666667,0.6285714285714286,0.6068965517241379,0.5079365079284455,32,31,26,44
com_erro,random_forest,queda,100,40,40,117,117,57,60,61,56,12,16,4,0.5811965811965812,0.5764051522248244,0.5833333333333334,0.6885245901639344,0.631578947368421,0.4642857142774235,26,30,19,42
com_erro,random_forest,queda,100,45,45,104,104,53,51,55,49,13,18,5,0.5192307692307693,0.5165120593692022,0.543859649122807,0.5636363636363636,0.5535714285714286,0.4693877550924615,23,26,24,31
com_erro,random_forest,queda,100,50,50,94,94,43,51,54,40,11,13,2,0.574468085106383,0.5842592592592593,0.6666666666666666,0.5185185185185185,0.5833333333333334,0.64999999998375,26,14,26,28
com_erro,random_forest,queda,100,55,55,85,85,45,40,45,40,12,13,1,0.5058823529411764,0.5,0.5294117647058824,0.6,0.5625,0.39999999999,16,24,18,27
com_erro,random_forest,queda,100,60,60,78,78,39,39,39,39,11,14,3,0.6025641025641025,0.6025641025641026,0.6111111111111112,0.5641025641025641,0.5866666666666667,0.6410256410092046,25,14,17,22
com_erro,random_forest,queda,100,65,65,72,72,35,37,37,35,11,14,3,0.5,0.4988416988416988,0.5128205128205128,0.5405405405405406,0.5263157894736842,0.45714285712979597,16,19,17,20
com_erro,random_forest,queda,100,70,70,67,67,33,34,37,30,10,13,3,0.6417910447761194,0.640990990990991,0.6857142857142857,0.6486486486486487,0.6666666666666666,0.6333333333122222,19,11,13,24
com_erro,random_forest,queda,100,75,75,63,63,31,32,35,28,11,8,-3,0.47619047619047616,0.46785714285714286,0.5277777777777778,0.5428571428571428,0.5352112676056338,0.39285714284311224,11,17,16,19
com_erro,random_forest,queda,100,80,80,59,59,27,32,29,30,12,13,1,0.6101694915254238,0.610919540229885,0.59375,0.6551724137931034,0.6229508196721312,0.5666666666477778,17,13,10,19
com_erro,random_forest,queda,100,85,85,55,55,28,27,27,28,10,14,4,0.6,0.6005291005291005,0.5862068965517241,0.6296296296296297,0.6071428571428571,0.5714285714081633,16,12,10,17
com_erro,random_forest,queda,100,90,90,52,52,26,26,29,23,11,16,5,0.5384615384615384,0.527736131934033,0.5806451612903226,0.6206896551724138,0.6,0.43478260867674856,10,13,11,18
com_erro,random_forest,queda,100,95,95,49,49,27,22,25,24,11,12,1,0.5714285714285714,0.5700000000000001,0.5714285714285714,0.64,0.6037735849056604,0.49999999997916666,12,12,9,16
com_erro,random_forest,queda,100,100,100,47,47,22,25,25,22,10,11,1,0.6170212765957447,0.6209090909090909,0.6666666666666666,0.56,0.6086956521739131,0.6818181817871901,15,7,11,14
com_erro,xgboost,lacuna,20,5,5,947,947,266,681,270,677,20,20,0,1.0,1.0,1.0,1.0,1.0,0.999999999998523,677,0,0,270
com_erro,xgboost,lacuna,20,10,10,474,474,133,341,136,338,20,20,0,1.0,1.0,1.0,1.0,1.0,0.9999999999970415,338,0,0,136
com_erro,xgboost,lacuna,20,15,15,316,316,89,227,91,225,20,20,0,1.0,1.0,1.0,1.0,1.0,0.9999999999955556,225,0,0,91
com_erro,xgboost,lacuna,20,20,20,237,237,65,172,69,168,19,19,0,1.0,1.0,1.0,1.0,1.0,0.9999999999940477,168,0,0,69
com_erro,xgboost,lacuna,30,5,5,945,945,304,641,308,637,20,20,0,1.0,1.0,1.0,1.0,1.0,0.9999999999984301,637,0,0,308
com_erro,xgboost,lacuna,30,10,10,473,473,152,321,155,318,20,20,0,1.0,1.0,1.0,1.0,1.0,0.9999999999968554,318,0,0,155
com_erro,xgboost,lacuna,30,15,15,315,315,100,215,99,216,19,19,0,1.0,1.0,1.0,1.0,1.0,0.9999999999953704,216,0,0,99
com_erro,xgboost,lacuna,30,20,20,237,237,77,160,78,159,20,20,0,1.0,1.0,1.0,1.0,1.0,0.9999999999937108,159,0,0,78
com_erro,xgboost,lacuna,30,25,25,189,189,61,128,62,127,18,18,0,1.0,1.0,1.0,1.0,1.0,0.999999999992126,127,0,0,62
com_erro,xgboost,lacuna,30,30,30,158,158,49,109,52,106,18,18,0,0.9873417721518988,0.9807692307692308,1.0,0.9615384615384616,0.9803921568627451,0.999999999990566,106,0,2,50
com_erro,xgboost,lacuna,40,5,5,943,943,339,604,346,597,19,19,0,1.0,1.0,1.0,1.0,1.0,0.999999999998325,597,0,0,346
com_erro,xgboost,lacuna,40,10,10,472,472,169,303,174,298,19,19,0,1.0,1.0,1.0,1.0,1.0,0.9999999999966444,298,0,0,174
com_erro,xgboost,lacuna,40,15,15,315,315,113,202,116,199,18,18,0,1.0,1.0,1.0,1.0,1.0,0.9999999999949749,199,0,0,116
com_erro,xgboost,lacuna,40,20,20,236,236,83,153,88,148,17,17,0,1.0,1.0,1.0,1.0,1.0,0.9999999999932433,148,0,0,88
com_erro,xgboost,lacuna,40,25,25,189,189,68,121,67,122,17,17,0,1.0,1.0,1.0,1.0,1.0,0.9999999999918032,122,0,0,67
com_erro,xgboost,lacuna,40,30,30,158,158,56,102,57,101,18,18,0,0.9936708860759493,0.9912280701754386,1.0,0.9824561403508771,0.9911504424778761,0.9999999999900989,101,0,1,56
com_erro,xgboost,lacuna,40,35,35,135,135,50,85,49,86,16,16,0,1.0,1.0,1.0,1.0,1.0,0.9999999999883721,86,0,0,49
com_erro,xgboost,lacuna,40,40,40,118,118,42,76,47,71,16,17,1,0.9915254237288136,0.9893617021276595,1.0,0.9787234042553191,0.989247311827957,0.9999999999859155,71,0,1,46
com_erro,xgboost,lacuna,50,5,5,941,941,371,570,381,560,17,17,0,1.0,1.0,1.0,1.0,1.0,0.9999999999982143,560,0,0,381
com_erro,xgboost,lacuna,50,10,10,471,471,185,286,192,279,17,17,0,1.0,1.0,1.0,1.0,1.0,0.9999999999964158,279,0,0,192
com_erro,xgboost,lacuna,50,15,15,314,314,125,189,128,186,17,17,0,1.0,1.0,1.0,1.0,1.0,0.9999999999946237,186,0,0,128
com_erro,xgboost,lacuna,50,20,20,236,236,94,142,97,139,17,17,0,1.0,1.0,1.0,1.0,1.0,0.9999999999928059,139,0,0,97
com_erro,xgboost,lacuna,50,25,25,189,189,76,113,77,112,16,16,0,1.0,1.0,1.0,1.0,1.0,0.9999999999910714,112,0,0,77
com_erro,xgboost,lacuna,50,30,30,157,157,63,94,65,92,17,18,1,0.9808917197452229,0.976923076923077,1.0,0.9538461538461539,0.9763779527559056,0.9999999999891304,92,0,3,62
com_erro,xgboost,lacuna,50,35,35,135,135,55,80,56,79,15,15,0,1.0,1.0,1.0,1.0,1.0,0.9999999999873417,79,0,0,56
com_erro,xgboost,lacuna,50,40,40,118,118,46,72,49,69,16,16,0,1.0,1.0,1.0,1.0,1.0,0.9999999999855071,69,0,0,49
com_erro,xgboost,lacuna,50,45,45,105,105,41,64,41,64,17,17,0,1.0,1.0,1.0,1.0,1.0,0.9999999999843749,64,0,0,41
com_erro,xgboost,lacuna,50,50,50,95,95,38,57,40,55,15,15,0,1.0,1.0,1.0,1.0,1.0,0.9999999999818182,55,0,0,40
com_erro,xgboost,lacuna,60,5,5,939,939,400,539,413,526,17,17,0,1.0,1.0,1.0,1.0,1.0,0.9999999999980989,526,0,0,413
com_erro,xgboost,lacuna,60,10,10,470,470,200,270,208,262,16,16,0,1.0,1.0,1.0,1.0,1.0,0.9999999999961833,262,0,0,208
com_erro,xgboost,lacuna,60,15,15,313,313,133,180,135,178,16,16,0,1.0,1.0,1.0,1.0,1.0,0.999999999994382,178,0,0,135
com_erro,xgboost,lacuna,60,20,20,235,235,99,136,105,130,15,15,0,1.0,1.0,1.0,1.0,1.0,0.9999999999923078,130,0,0,105
com_erro,xgboost,lacuna,60,25,25,188,188,81,107,80,108,16,16,0,1.0,1.0,1.0,1.0,1.0,0.9999999999907407,108,0,0,80
com_erro,xgboost,lacuna,60,30,30,157,157,65,92,70,87,16,16,0,0.9872611464968153,0.9857142857142858,1.0,0.9714285714285714,0.9855072463768116,0.9999999999885058,87,0,2,68
com_erro,xgboost,lacuna,60,35,35,135,135,58,77,61,74,15,15,0,1.0,1.0,1.0,1.0,1.0,0.9999999999864865,74,0,0,61
com_erro,xgboost,lacuna,60,40,40,118,118,49,69,52,66,15,15,0,1.0,1.0,1.0,1.0,1.0,0.9999999999848485,66,0,0,52
com_erro,xgboost,lacuna,60,45,45,105,105,44,61,43,62,15,15,0,1.0,1.0,1.0,1.0,1.0,0.999999999983871,62,0,0,43
com_erro,xgboost,lacuna,60,50,50,94,94,40,54,41,53,14,14,0,1.0,1.0,1.0,1.0,1.0,0.9999999999811321,53,0,0,41
com_erro,xgboost,lacuna,60,55,55,86,86,37,49,38,48,15,15,0,1.0,1.0,1.0,1.0,1.0,0.9999999999791668,48,0,0,38
com_erro,xgboost,lacuna,60,60,60,79,79,32,47,37,42,14,14,0,0.9873417721518988,0.9864864864864865,1.0,0.972972972972973,0.9863013698630136,0.9999999999761906,42,0,1,36
com_erro,xgboost,lacuna,70,5,5,937,937,426,511,444,493,16,16,0,1.0,1.0,1.0,1.0,1.0,0.9999999999979716,493,0,0,444
com_erro,xgboost,lacuna,70,10,10,469,469,213,256,223,246,15,15,0,1.0,1.0,1.0,1.0,1.0,0.999999999995935,246,0,0,223
com_erro,xgboost,lacuna,70,15,15,313,313,142,171,149,164,15,15,0,1.0,1.0,1.0,1.0,1.0,0.9999999999939025,164,0,0,149
com_erro,xgboost,lacuna,70,20,20,235,235,107,128,113,122,15,15,0,1.0,1.0,1.0,1.0,1.0,0.9999999999918032,122,0,0,113
com_erro,xgboost,lacuna,70,25,25,188,188,88,100,90,98,14,14,0,1.0,1.0,1.0,1.0,1.0,0.9999999999897958,98,0,0,90
com_erro,xgboost,lacuna,70,30,30,157,157,70,87,74,83,14,14,0,0.9936305732484076,0.9932432432432432,1.0,0.9864864864864865,0.9931972789115646,0.9999999999879517,83,0,1,73
com_erro,xgboost,lacuna,70,35,35,134,134,62,72,63,71,14,14,0,1.0,1.0,1.0,1.0,1.0,0.9999999999859155,71,0,0,63
com_erro,xgboost,lacuna,70,40,40,118,118,54,64,58,60,14,14,0,1.0,1.0,1.0,1.0,1.0,0.9999999999833334,60,0,0,58
com_erro,xgboost,lacuna,70,45,45,105,105,49,56,50,55,13,13,0,1.0,1.0,1.0,1.0,1.0,0.9999999999818182,55,0,0,50
com_erro,xgboost,lacuna,70,50,50,94,94,44,50,46,48,13,13,0,1.0,1.0,1.0,1.0,1.0,0.9999999999791668,48,0,0,46
com_erro,xgboost,lacuna,70,55,55,86,86,40,46,39,47,14,14,0,1.0,1.0,1.0,1.0,1.0,0.9999999999787235,47,0,0,39
com_erro,xgboost,lacuna,70,60,60,79,79,35,44,38,41,14,14,0,1.0,1.0,1.0,1.0,1.0,0.9999999999756098,41,0,0,38
com_erro,xgboost,lacuna,70,65,65,73,73,33,40,34,39,15,15,0,1.0,1.0,1.0,1.0,1.0,0.9999999999743591,39,0,0,34
com_erro,xgboost,lacuna,70,70,70,67,67,32,35,32,35,13,13,0,1.0,1.0,1.0,1.0,1.0,0.9999999999714286,35,0,0,32
com_erro,xgboost,lacuna,80,5,5,935,935,450,485,473,462,14,14,0,1.0,1.0,1.0,1.0,1.0,0.9999999999978355,462,0,0,473
com_erro,xgboost,lacuna,80,10,10,468,468,225,243,237,231,14,14,0,1.0,1.0,1.0,1.0,1.0,0.999999999995671,231,0,0,237
com_erro,xgboost,lacuna,80,15,15,312,312,152,160,159,153,14,14,0,1.0,1.0,1.0,1.0,1.0,0.9999999999934641,153,0,0,159
com_erro,xgboost,lacuna,80,20,20,234,234,112,122,119,115,14,14,0,1.0,1.0,1.0,1.0,1.0,0.9999999999913043,115,0,0,119
com_erro,xgboost,lacuna,80,25,25,187,187,91,96,95,92,13,13,0,1.0,1.0,1.0,1.0,1.0,0.9999999999891304,92,0,0,95
com_erro,xgboost,lacuna,80,30,30,156,156,76,80,81,75,14,14,0,0.9871794871794872,0.9876543209876543,1.0,0.9753086419753086,0.9875,0.9999999999866667,75,0,2,79
com_erro,xgboost,lacuna,80,35,35,134,134,67,67,67,67,13,13,0,1.0,1.0,1.0,1.0,1.0,0.9999999999850746,67,0,0,67
com_erro,xgboost,lacuna,80,40,40,117,117,56,61,62,55,13,13,0,1.0,1.0,1.0,1.0,1.0,0.9999999999818182,55,0,0,62
com_erro,xgboost,lacuna,80,45,45,104,104,51,53,52,52,13,13,0,1.0,1.0,1.0,1.0,1.0,0.9999999999807693,52,0,0,52
com_erro,xgboost,lacuna,80,50,50,94,94,46,48,49,45,13,13,0,1.0,1.0,1.0,1.0,1.0,0.9999999999777779,45,0,0,49
com_erro,xgboost,lacuna,80,55,55,85,85,42,43,43,42,14,14,0,1.0,1.0,1.0,1.0,1.0,0.9999999999761906,42,0,0,43
com_erro,xgboost,lacuna,80,60,60,78,78,38,40,39,39,13,13,0,0.9871794871794872,0.9871794871794872,1.0,0.9743589743589743,0.987012987012987,0.9999999999743591,39,0,1,38
com_erro,xgboost,lacuna,80,65,65,72,72,34,38,37,35,13,14,1,0.9722222222222222,0.972972972972973,1.0,0.9459459459459459,0.9722222222222222,0.9999999999714286,35,0,2,35
com_erro,xgboost,lacuna,80,70,70,67,67,34,33,33,34,13,13,0,1.0,1.0,1.0,1.0,1.0,0.9999999999705883,34,0,0,33
com_erro,xgboost,lacuna,80,75,75,63,63,30,33,34,29,12,12,0,0.9682539682539683,0.9705882352941176,1.0,0.9411764705882353,0.9696969696969697,0.9999999999655173,29,0,2,32
com_erro,xgboost,lacuna,80,80,80,59,59,28,31,31,28,12,13,1,0.9491525423728814,0.9516129032258065,1.0,0.9032258064516129,0.9491525423728814,0.9999999999642857,28,0,3,28
com_erro,xgboost,lacuna,90,5,5,933,933,473,460,499,434,14,14,0,1.0,1.0,1.0,1.0,1.0,0.9999999999976958,434,0,0,499
com_erro,xgboost,lacuna,90,10,10,467,467,237,230,250,217,14,14,0,1.0,1.0,1.0,1.0,1.0,0.9999999999953918,217,0,0,250
com_erro,xgboost,lacuna,90,15,15,311,311,157,154,164,147,13,13,0,1.0,1.0,1.0,1.0,1.0,0.9999999999931973,147,0,0,164
com_erro,xgboost,lacuna,90,20,20,234,234,119,115,127,107,13,13,0,1.0,1.0,1.0,1.0,1.0,0.9999999999906541,107,0,0,127
com_erro,xgboost,lacuna,90,25,25,187,187,96,91,99,88,13,13,0,1.0,1.0,1.0,1.0,1.0,0.9999999999886363,88,0,0,99
com_erro,xgboost,lacuna,90,30,30,156,156,78,78,85,71,13,13,0,0.9871794871794872,0.9882352941176471,1.0,0.9764705882352941,0.9880952380952381,0.9999999999859155,71,0,2,83
com_erro,xgboost,lacuna,90,35,35,134,134,70,64,73,61,13,13,0,1.0,1.0,1.0,1.0,1.0,0.9999999999836067,61,0,0,73
com_erro,xgboost,lacuna,90,40,40,117,117,59,58,64,53,13,13,0,1.0,1.0,1.0,1.0,1.0,0.9999999999811321,53,0,0,64
com_erro,xgboost,lacuna,90,45,45,104,104,53,51,56,48,12,12,0,1.0,1.0,1.0,1.0,1.0,0.9999999999791668,48,0,0,56
com_erro,xgboost,lacuna,90,50,50,94,94,49,45,52,42,13,13,0,1.0,1.0,1.0,1.0,1.0,0.9999999999761906,42,0,0,52
com_erro,xgboost,lacuna,90,55,55,85,85,45,40,46,39,12,13,1,0.9882352941176471,0.9891304347826086,1.0,0.9782608695652174,0.989010989010989,0.9999999999743591,39,0,1,45
com_erro,xgboost,lacuna,90,60,60,78,78,40,38,40,38,12,12,0,1.0,1.0,1.0,1.0,1.0,0.9999999999736843,38,0,0,40
com_erro,xgboost,lacuna,90,65,65,72,72,36,36,38,34,13,13,0,0.9861111111111112,0.986842105263158,1.0,0.9736842105263158,0.9866666666666667,0.9999999999705883,34,0,1,37
com_erro,xgboost,lacuna,90,70,70,67,67,37,30,36,31,13,13,0,1.0,1.0,1.0,1.0,1.0,0.9999999999677419,31,0,0,36
com_erro,xgboost,lacuna,90,75,75,63,63,32,31,35,28,11,11,0,1.0,1.0,1.0,1.0,1.0,0.9999999999642857,28,0,0,35
com_erro,xgboost,lacuna,90,80,80,59,59,29,30,33,26,12,12,0,1.0,1.0,1.0,1.0,1.0,0.9999999999615384,26,0,0,33
com_erro,xgboost,lacuna,90,85,85,55,55,28,27,30,25,12,12,0,1.0,1.0,1.0,1.0,1.0,0.99999999996,25,0,0,30
com_erro,xgboost,lacuna,90,90,90,52,52,25,27,31,21,11,12,1,0.9038461538461539,0.9193548387096775,1.0,0.8387096774193549,0.9122807017543859,0.999999999952381,21,0,5,26
com_erro,xgboost,lacuna,100,5,5,931,931,491,440,524,407,13,13,0,1.0,1.0,1.0,1.0,1.0,0.9999999999975431,407,0,0,524
com_erro,xgboost,lacuna,100,10,10,466,466,246,220,263,203,13,13,0,1.0,1.0,1.0,1.0,1.0,0.9999999999950739,203,0,0,263
com_erro,xgboost,lacuna,100,15,15,311,311,163,148,175,136,13,13,0,1.0,1.0,1.0,1.0,1.0,0.9999999999926471,136,0,0,175
com_erro,xgboost,lacuna,100,20,20,233,233,123,110,132,101,13,13,0,1.0,1.0,1.0,1.0,1.0,0.9999999999900989,101,0,0,132
com_erro,xgboost,lacuna,100,25,25,187,187,98,89,105,82,13,13,0,1.0,1.0,1.0,1.0,1.0,0.9999999999878049,82,0,0,105
com_erro,xgboost,lacuna,100,30,30,156,156,80,76,87,69,13,13,0,0.9935897435897436,0.9942528735632183,1.0,0.9885057471264368,0.9942196531791907,0.9999999999855071,69,0,1,86
com_erro,xgboost,lacuna,100,35,35,133,133,72,61,74,59,13,13,0,1.0,1.0,1.0,1.0,1.0,0.9999999999830509,59,0,0,74
com_erro,xgboost,lacuna,100,40,40,117,117,61,56,66,51,13,13,0,1.0,1.0,1.0,1.0,1.0,0.9999999999803922,51,0,0,66
com_erro,xgboost,lacuna,100,45,45,104,104,56,48,57,47,12,12,0,1.0,1.0,1.0,1.0,1.0,0.9999999999787235,47,0,0,57
com_erro,xgboost,lacuna,100,50,50,94,94,50,44,54,40,12,12,0,1.0,1.0,1.0,1.0,1.0,0.9999999999750001,40,0,0,54
com_erro,xgboost,lacuna,100,55,55,85,85,46,39,50,35,11,11,0,0.9882352941176471,0.99,1.0,0.98,0.98989898989899,0.9999999999714286,35,0,1,49
com_erro,xgboost,lacuna,100,60,60,78,78,42,36,41,37,12,12,0,1.0,1.0,1.0,1.0,1.0,0.9999999999729731,37,0,0,41
com_erro,xgboost,lacuna,100,65,65,72,72,37,35,40,32,13,13,0,0.9861111111111112,0.9875,1.0,0.975,0.9873417721518988,0.9999999999687501,32,0,1,39
com_erro,xgboost,lacuna,100,70,70,67,67,37,30,36,31,13,13,0,1.0,1.0,1.0,1.0,1.0,0.9999999999677419,31,0,0,36
com_erro,xgboost,lacuna,100,75,75,63,63,34,29,38,25,11,11,0,0.9682539682539683,0.9736842105263157,1.0,0.9473684210526315,0.972972972972973,0.99999999996,25,0,2,36
com_erro,xgboost,lacuna,100,80,80,59,59,31,28,34,25,12,12,0,0.9322033898305084,0.9411764705882353,1.0,0.8823529411764706,0.9375,0.99999999996,25,0,4,30
com_erro,xgboost,lacuna,100,85,85,55,55,30,25,32,23,11,12,1,0.9454545454545454,0.953125,1.0,0.90625,0.9508196721311475,0.9999999999565218,23,0,3,29
com_erro,xgboost,lacuna,100,90,90,52,52,26,26,31,21,11,11,0,1.0,1.0,1.0,1.0,1.0,0.999999999952381,21,0,0,31
com_erro,xgboost,lacuna,100,95,95,49,49,25,24,27,22,10,10,0,0.9795918367346939,0.9814814814814814,1.0,0.9629629629629629,0.9811320754716981,0.9999999999545455,22,0,1,26
com_erro,xgboost,lacuna,100,100,100,47,47,28,19,29,18,11,11,0,1.0,1.0,1.0,1.0,1.0,0.9999999999444444,18,0,0,29
com_erro,xgboost,oscilacao,20,5,5,947,947,372,575,299,648,15,56,41,0.8458289334741288,0.8378107064701268,0.7283582089552239,0.8160535117056856,0.7697160883280757,0.8595679012332414,557,91,55,244
com_erro,xgboost,oscilacao,20,10,10,474,474,186,288,150,324,15,38,23,0.8607594936708861,0.8533950617283951,0.7530120481927711,0.8333333333333334,0.7911392405063291,0.8734567901207609,283,41,25,125
com_erro,xgboost,oscilacao,20,15,15,316,316,126,190,100,216,15,29,14,0.8449367088607594,0.8436111111111111,0.717948717948718,0.84,0.7741935483870968,0.8472222222182999,183,33,16,84
com_erro,xgboost,oscilacao,20,20,20,237,237,92,145,73,164,15,33,18,0.8270042194092827,0.8255930504510525,0.6818181818181818,0.821917808219178,0.7453416149068323,0.8292682926778704,136,28,13,60
com_erro,xgboost,oscilacao,30,5,5,945,945,407,538,327,618,15,58,43,0.8211640211640212,0.8114292924794395,0.7244318181818182,0.7798165137614679,0.7511045655375552,0.8430420711960469,521,97,72,255
com_erro,xgboost,oscilacao,30,10,10,473,473,204,269,164,309,15,40,25,0.828752642706131,0.8231509985002763,0.7292817679558011,0.8048780487804879,0.7652173913043478,0.8414239482173417,260,49,32,132
com_erro,xgboost,oscilacao,30,15,15,315,315,135,180,108,207,14,29,15,0.8126984126984127,0.7954911433172303,0.7207207207207207,0.7407407407407407,0.730593607305936,0.8502415458896124,176,31,28,80
com_erro,xgboost,oscilacao,30,20,20,237,237,100,137,82,155,14,29,15,0.8227848101265823,0.807081038552321,0.7380952380952381,0.7560975609756098,0.7469879518072289,0.8580645161234964,133,22,20,62
com_erro,xgboost,oscilacao,30,25,25,189,189,84,105,62,127,13,27,14,0.798941798941799,0.8008636017272035,0.6578947368421053,0.8064516129032258,0.7246376811594203,0.795275590544919,101,26,12,50
com_erro,xgboost,oscilacao,30,30,30,158,158,66,92,56,102,14,29,15,0.7848101265822784,0.7729341736694677,0.6833333333333333,0.7321428571428571,0.7068965517241379,0.8137254901881007,83,19,15,41
com_erro,xgboost,oscilacao,40,5,5,943,943,439,504,353,590,14,49,35,0.7932131495227995,0.792072790128199,0.6984924623115578,0.7875354107648725,0.7403462050599201,0.7966101694901753,470,120,75,278
com_erro,xgboost,oscilacao,40,10,10,472,472,220,252,178,294,14,32,18,0.7860169491525424,0.7816823358556906,0.6974358974358974,0.7640449438202247,0.7292225201072386,0.7993197278884377,235,59,42,136
com_erro,xgboost,oscilacao,40,15,15,315,315,145,170,120,195,14,30,16,0.7714285714285715,0.7657051282051281,0.6846153846153846,0.7416666666666667,0.712,0.7897435897395398,154,41,31,89
com_erro,xgboost,oscilacao,40,20,20,236,236,109,127,87,149,14,26,12,0.7754237288135594,0.7814934814471959,0.660377358490566,0.8045977011494253,0.7253886010362695,0.7583892617398766,113,36,17,70
com_erro,xgboost,oscilacao,40,25,25,189,189,90,99,71,118,14,23,9,0.783068783068783,0.7785867748866078,0.6923076923076923,0.7605633802816901,0.7248322147651006,0.7966101694847745,94,24,17,54
com_erro,xgboost,oscilacao,40,30,30,158,158,73,85,59,99,14,26,12,0.7215189873417721,0.7161444958055128,0.6119402985074627,0.6949152542372882,0.6507936507936508,0.7373737373662891,73,26,18,41
com_erro,xgboost,oscilacao,40,35,35,135,135,64,71,51,84,13,24,11,0.7777777777777778,0.77906162464986,0.6779661016949152,0.7843137254901961,0.7272727272727273,0.7738095238003118,65,19,11,40
com_erro,xgboost,oscilacao,40,40,40,118,118,55,63,43,75,13,23,10,0.7966101694915254,0.8102325581395349,0.6727272727272727,0.8604651162790697,0.7551020408163265,0.7599999999898667,57,18,6,37
com_erro,xgboost,oscilacao,50,5,5,941,941,470,471,377,564,14,36,22,0.7800212539851222,0.7839489625072897,0.694954128440367,0.8037135278514589,0.7453874538745388,0.7641843971617657,431,133,74,303
com_erro,xgboost,oscilacao,50,10,10,471,471,235,236,190,281,14,38,24,0.7643312101910829,0.7718112005993631,0.6724890829694323,0.8105263157894737,0.7350835322195705,0.7330960854066438,206,75,36,154
com_erro,xgboost,oscilacao,50,15,15,314,314,159,155,126,188,14,27,13,0.7707006369426752,0.773176291793313,0.6875,0.7857142857142857,0.7333333333333333,0.7606382978682945,143,45,27,99
com_erro,xgboost,oscilacao,50,20,20,236,236,115,121,95,141,14,27,13,0.7627118644067796,0.7687943262411348,0.672566371681416,0.8,0.7307692307692307,0.7375886524770384,104,37,19,76
com_erro,xgboost,oscilacao,50,25,25,189,189,94,95,75,114,14,26,12,0.7566137566137566,0.7594736842105263,0.6666666666666666,0.7733333333333333,0.7160493827160493,0.7456140350811788,85,29,17,58
com_erro,xgboost,oscilacao,50,30,30,157,157,80,77,63,94,13,22,9,0.7834394904458599,0.7955927051671732,0.6835443037974683,0.8571428571428571,0.7605633802816901,0.7340425531836804,69,25,9,54
com_erro,xgboost,oscilacao,50,35,35,135,135,68,67,53,82,13,23,10,0.7777777777777778,0.7770363552692131,0.6949152542372882,0.7735849056603774,0.7321428571428571,0.7804878048685306,64,18,12,41
com_erro,xgboost,oscilacao,50,40,40,118,118,56,62,46,72,12,20,8,0.7796610169491526,0.7841183574879227,0.6851851851851852,0.8043478260869565,0.74,0.7638888888782793,55,17,9,37
com_erro,xgboost,oscilacao,50,45,45,105,105,52,53,42,63,13,21,8,0.7523809523809524,0.753968253968254,0.6666666666666666,0.7619047619047619,0.7111111111111111,0.7460317460199043,47,16,10,32
com_erro,xgboost,oscilacao,50,50,50,95,95,46,49,40,55,11,21,10,0.7263157894736842,0.7329545454545454,0.6458333333333334,0.775,0.7045454545454546,0.690909090896529,38,17,9,31
com_erro,xgboost,oscilacao,60,5,5,939,939,500,439,401,538,13,42,29,0.7657082002129926,0.7739480295543668,0.6865979381443299,0.830423940149626,0.7516930022573364,0.7174721189577742,386,152,68,333
com_erro,xgboost,oscilacao,60,10,10,470,470,250,220,202,268,13,30,17,0.7553191489361702,0.7628934535244569,0.6790123456790124,0.8168316831683168,0.7415730337078652,0.7089552238779517,190,78,37,165
com_erro,xgboost,oscilacao,60,15,15,313,313,166,147,133,180,13,30,17,0.7571884984025559,0.7672932330827067,0.6727272727272727,0.8345864661654135,0.7449664429530202,0.6999999999961112,126,54,22,111
com_erro,xgboost,oscilacao,60,20,20,235,235,124,111,99,136,13,25,12,0.7404255319148936,0.7482546048722519,0.6583333333333333,0.797979797979798,0.7214611872146118,0.6985294117595697,95,41,20,79
com_erro,xgboost,oscilacao,60,25,25,188,188,100,88,79,109,13,26,13,0.7553191489361702,0.764603414237603,0.6701030927835051,0.8227848101265823,0.7386363636363636,0.7064220183421429,77,32,14,65
com_erro,xgboost,oscilacao,60,30,30,157,157,82,75,69,88,13,24,11,0.732484076433121,0.7410243741765481,0.6588235294117647,0.8115942028985508,0.7272727272727273,0.6704545454469266,59,29,13,56
com_erro,xgboost,oscilacao,60,35,35,135,135,71,64,59,76,12,19,7,0.762962962962963,0.7667261373773416,0.7014925373134329,0.7966101694915254,0.746031746031746,0.7368421052534626,56,20,12,47
com_erro,xgboost,oscilacao,60,40,40,118,118,61,57,49,69,12,21,9,0.7457627118644068,0.7530316474415854,0.6610169491525424,0.7959183673469388,0.7222222222222222,0.7101449275259399,49,20,10,39
com_erro,xgboost,oscilacao,60,45,45,105,105,55,50,45,60,12,20,8,0.7428571428571429,0.7472222222222222,0.6730769230769231,0.7777777777777778,0.7216494845360825,0.7166666666547222,43,17,10,35
com_erro,xgboost,oscilacao,60,50,50,94,94,50,44,42,52,11,21,10,0.723404255319149,0.7316849816849818,0.6538461538461539,0.8095238095238095,0.723404255319149,0.6538461538335799,34,18,8,34
com_erro,xgboost,oscilacao,60,55,55,86,86,44,42,38,48,11,16,5,0.7325581395348837,0.7302631578947368,0.6923076923076923,0.7105263157894737,0.7012987012987013,0.749999999984375,36,12,11,27
com_erro,xgboost,oscilacao,60,60,60,79,79,42,37,35,44,12,19,7,0.6835443037974683,0.6837662337662338,0.631578947368421,0.6857142857142857,0.6575342465753424,0.681818181802686,30,14,11,24
com_erro,xgboost,oscilacao,70,5,5,937,937,526,411,423,514,13,41,28,0.7620064034151548,0.7694713506452888,0.6937984496124031,0.8463356973995272,0.7625133120340788,0.6926070038897031,356,158,65,358
com_erro,xgboost,oscilacao,70,10,10,469,469,263,206,213,256,13,32,19,0.7484008528784648,0.7573081719483568,0.6765799256505576,0.8544600938967136,0.7551867219917012,0.6601562499974213,169,87,31,182
com_erro,xgboost,oscilacao,70,15,15,313,313,173,140,143,170,13,28,15,0.7539936102236422,0.7596462361168244,0.6941176470588235,0.8251748251748252,0.7539936102236422,0.6941176470547405,118,52,25,118
com_erro,xgboost,oscilacao,70,20,20,235,235,130,105,107,128,12,28,16,0.7531914893617021,0.7604044976635513,0.6870229007633588,0.8411214953271028,0.7563025210084033,0.67968749999469,87,41,17,90
com_erro,xgboost,oscilacao,70,25,25,188,188,106,82,85,103,13,24,11,0.75,0.7605368360936609,0.6727272727272727,0.8705882352941177,0.7589743589743589,0.6504854368868884,67,36,11,74
com_erro,xgboost,oscilacao,70,30,30,157,157,86,71,71,86,11,23,12,0.7261146496815286,0.7328037995414347,0.6627906976744186,0.8028169014084507,0.7261146496815286,0.6627906976667117,57,29,14,57
com_erro,xgboost,oscilacao,70,35,35,134,134,75,59,61,73,11,20,9,0.7611940298507462,0.770042667864361,0.6883116883116883,0.8688524590163934,0.7681159420289855,0.6712328767031338,49,24,8,53
com_erro,xgboost,oscilacao,70,40,40,118,118,66,52,54,64,11,24,13,0.652542372881356,0.6594328703703703,0.5970149253731343,0.7407407407407407,0.6611570247933884,0.5781249999909668,37,27,14,40
com_erro,xgboost,oscilacao,70,45,45,105,105,57,48,49,56,11,19,8,0.6857142857142857,0.6900510204081632,0.6379310344827587,0.7551020408163265,0.6915887850467289,0.6249999999888394,35,21,12,37
com_erro,xgboost,oscilacao,70,50,50,94,94,54,40,43,51,11,21,10,0.6914893617021277,0.70109439124487,0.625,0.813953488372093,0.7070707070707071,0.5882352941061131,30,21,8,35
com_erro,xgboost,oscilacao,70,55,55,86,86,47,39,41,45,11,18,7,0.7325581395348837,0.7314363143631436,0.725,0.7073170731707317,0.7160493827160493,0.7555555555387655,34,11,12,29
com_erro,xgboost,oscilacao,70,60,60,79,79,44,35,37,42,10,17,7,0.7341772151898734,0.7371299871299871,0.6904761904761905,0.7837837837837838,0.7341772151898734,0.6904761904597506,29,13,8,29
com_erro,xgboost,oscilacao,70,65,65,73,73,40,33,34,39,12,18,6,0.7123287671232876,0.721342383107089,0.6444444444444445,0.8529411764705882,0.7341772151898734,0.5897435897284682,23,16,5,29
com_erro,xgboost,oscilacao,70,70,70,67,67,38,29,29,38,10,17,7,0.7164179104477612,0.7377495462794919,0.6190476190476191,0.896551724137931,0.7323943661971831,0.5789473684058172,22,16,3,26
com_erro,xgboost,oscilacao,80,5,5,935,935,547,388,445,490,13,37,24,0.7689839572192514,0.7724719101123596,0.7189292543021033,0.8449438202247191,0.7768595041322314,0.6999999999985714,343,147,69,376
com_erro,xgboost,oscilacao,80,10,10,468,468,274,194,224,244,12,28,16,0.7692307692307693,0.7731996487119438,0.7132352941176471,0.8660714285714286,0.782258064516129,0.6803278688496708,166,78,30,194
com_erro,xgboost,oscilacao,80,15,15,312,312,183,129,149,163,12,28,16,0.7532051282051282,0.7577510602379873,0.6956521739130435,0.8590604026845637,0.7687687687687688,0.6564417177873838,107,56,21,128
com_erro,xgboost,oscilacao,80,20,20,234,234,137,97,110,124,12,25,13,0.7521367521367521,0.7589442815249267,0.6857142857142857,0.8727272727272727,0.768,0.6451612903173777,80,44,14,96
com_erro,xgboost,oscilacao,80,25,25,187,187,111,76,87,100,11,24,13,0.732620320855615,0.7417816091954024,0.6608695652173913,0.8735632183908046,0.7524752475247525,0.6099999999939,61,39,11,76
com_erro,xgboost,oscilacao,80,30,30,156,156,92,64,75,81,10,23,13,0.7243589743589743,0.7291358024691359,0.6666666666666666,0.8533333333333334,0.7485380116959064,0.6049382715974698,49,32,11,64
com_erro,xgboost,oscilacao,80,35,35,134,134,79,55,63,71,11,20,9,0.7238805970149254,0.7278113123183545,0.6756756756756757,0.7936507936507936,0.7299270072992701,0.661971830976592,47,24,13,50
com_erro,xgboost,oscilacao,80,40,40,117,117,69,48,55,62,11,18,7,0.7521367521367521,0.7589442815249267,0.6857142857142857,0.8727272727272727,0.768,0.6451612903121748,40,22,7,48
com_erro,xgboost,oscilacao,80,45,45,104,104,59,45,50,54,10,20,10,0.7403846153846154,0.7448148148148148,0.6825396825396826,0.86,0.7610619469026548,0.6296296296179699,34,20,7,43
com_erro,xgboost,oscilacao,80,50,50,94,94,56,38,43,51,11,19,8,0.7021276595744681,0.7163702690378477,0.6229508196721312,0.8837209302325582,0.7307692307692307,0.5490196078323722,28,23,5,38
com_erro,xgboost,oscilacao,80,55,55,85,85,51,34,42,43,10,17,7,0.6588235294117647,0.6608527131782946,0.6140350877192983,0.8333333333333334,0.7070707070707071,0.4883720930118984,21,22,7,35
com_erro,xgboost,oscilacao,80,60,60,78,78,47,31,37,41,10,14,4,0.7051282051282052,0.7116018457481872,0.6458333333333334,0.8378378378378378,0.7294117647058823,0.5853658536442594,24,17,6,31
com_erro,xgboost,oscilacao,80,65,65,72,72,43,29,35,37,10,13,3,0.6527777777777778,0.6583011583011583,0.6,0.8571428571428571,0.7058823529411765,0.4594594594470417,17,20,5,30
com_erro,xgboost,oscilacao,80,70,70,67,67,40,27,31,36,10,15,5,0.7014925373134329,0.7110215053763441,0.6341463414634146,0.8387096774193549,0.7222222222222222,0.5833333333171297,21,15,5,26
com_erro,xgboost,oscilacao,80,75,75,63,63,35,28,31,32,10,17,7,0.7619047619047619,0.7631048387096775,0.7222222222222222,0.8387096774193549,0.7761194029850746,0.6874999999785157,22,10,5,26
com_erro,xgboost,oscilacao,80,80,80,59,59,36,23,29,30,10,12,2,0.7288135593220338,0.7333333333333334,0.6444444444444445,1.0,0.7837837837837838,0.4666666666511111,14,16,0,29
com_erro,xgboost,oscilacao,90,5,5,933,933,567,366,466,467,10,32,22,0.7792068595927116,0.7792847230518973,0.7434456928838952,0.851931330472103,0.794,0.7066381156301785,330,137,69,397
com_erro,xgboost,oscilacao,90,10,10,467,467,284,183,234,233,10,28,18,0.7773019271948608,0.7771358350757492,0.7407407407407407,0.8547008547008547,0.7936507936507936,0.6995708154476413,163,70,34,200
com_erro,xgboost,oscilacao,90,15,15,311,311,188,123,155,156,10,22,12,0.7909967845659164,0.791232423490488,0.7528089887640449,0.864516129032258,0.8048048048048048,0.7179487179441157,112,44,21,134
com_erro,xgboost,oscilacao,90,20,20,234,234,141,93,117,117,10,24,14,0.7606837606837606,0.7606837606837606,0.7163120567375887,0.8632478632478633,0.7829457364341085,0.6581196581140332,77,40,16,101
com_erro,xgboost,oscilacao,90,25,25,187,187,114,73,94,93,10,26,16,0.7219251336898396,0.7213452299245025,0.6842105263157895,0.8297872340425532,0.75,0.6129032257998612,57,36,16,78
com_erro,xgboost,oscilacao,90,30,30,156,156,94,62,80,76,10,17,7,0.7756410256410257,0.7726973684210526,0.7319587628865979,0.8875,0.8022598870056498,0.6578947368334487,50,26,9,71
com_erro,xgboost,oscilacao,90,35,35,134,134,81,53,67,67,10,18,8,0.746268656716418,0.7462686567164178,0.726027397260274,0.7910447761194029,0.7571428571428571,0.7014925373029628,47,20,14,53
com_erro,xgboost,oscilacao,90,40,40,117,117,69,48,57,60,10,17,7,0.811965811965812,0.8140350877192982,0.7611940298507462,0.8947368421052632,0.8225806451612904,0.7333333333211112,44,16,6,51
com_erro,xgboost,oscilacao,90,45,45,104,104,61,43,52,52,10,21,11,0.7115384615384616,0.7115384615384615,0.671875,0.8269230769230769,0.7413793103448276,0.5961538461423816,31,21,9,43
com_erro,xgboost,oscilacao,90,50,50,94,94,58,36,48,46,10,16,6,0.6808510638297872,0.677536231884058,0.6451612903225806,0.8333333333333334,0.7272727272727273,0.5217391304234404,24,22,8,40
com_erro,xgboost,oscilacao,90,55,55,85,85,51,34,42,43,10,13,3,0.7411764705882353,0.7425249169435215,0.6923076923076923,0.8571428571428571,0.7659574468085106,0.6279069767295836,27,16,6,36
com_erro,xgboost,oscilacao,90,60,60,78,78,47,31,39,39,10,15,5,0.7435897435897436,0.7435897435897436,0.6938775510204082,0.8717948717948718,0.7727272727272727,0.6153846153688364,24,15,5,34
com_erro,xgboost,oscilacao,90,65,65,72,72,43,29,37,35,10,12,2,0.6666666666666666,0.661003861003861,0.6274509803921569,0.8648648648648649,0.7272727272727273,0.45714285712979597,16,19,5,32
com_erro,xgboost,oscilacao,90,70,70,67,67,40,27,34,33,10,16,6,0.7014925373134329,0.7005347593582887,0.6842105263157895,0.7647058823529411,0.7222222222222222,0.6363636363443527,21,12,8,26
com_erro,xgboost,oscilacao,90,75,75,63,63,37,26,33,30,10,17,7,0.746031746031746,0.7424242424242424,0.7297297297297297,0.8181818181818182,0.7714285714285715,0.6666666666444444,20,10,6,27
com_erro,xgboost,oscilacao,90,80,80,59,59,36,23,30,29,10,12,2,0.7288135593220338,0.7252873563218392,0.6666666666666666,0.9333333333333333,0.7777777777777778,0.5172413792925089,15,14,2,28
com_erro,xgboost,oscilacao,90,85,85,55,55,33,22,27,28,10,11,1,0.7272727272727273,0.7288359788359788,0.6875,0.8148148148148148,0.7457627118644068,0.6428571428341837,18,10,5,22
com_erro,xgboost,oscilacao,90,90,90,52,52,31,21,26,26,10,15,5,0.8076923076923077,0.8076923076923077,0.7666666666666667,0.8846153846153846,0.8214285714285714,0.7307692307411242,19,7,3,23
com_erro,xgboost,oscilacao,100,5,5,931,931,587,344,482,449,10,37,27,0.7690655209452202,0.7656109935402786,0.736283185840708,0.8630705394190872,0.7946513849092646,0.6681514476599819,300,149,66,416
com_erro,xgboost,oscilacao,100,10,10,466,466,294,172,242,224,10,31,21,0.7575107296137339,0.7532467532467533,0.7231833910034602,0.8636363636363636,0.7871939736346516,0.642857142854273,144,80,33,209
com_erro,xgboost,oscilacao,100,15,15,311,311,194,117,162,149,10,23,13,0.7717041800643086,0.7679385201756567,0.7433155080213903,0.8580246913580247,0.7965616045845272,0.6778523489887393,101,48,23,139
com_erro,xgboost,oscilacao,100,20,20,233,233,147,86,120,113,10,24,14,0.7639484978540773,0.7599926253687316,0.7181208053691275,0.8916666666666667,0.7955390334572491,0.6283185840652361,71,42,13,107
com_erro,xgboost,oscilacao,100,25,25,187,187,116,71,96,91,10,23,13,0.7540106951871658,0.752117673992674,0.7314814814814815,0.8229166666666666,0.7745098039215687,0.6813186813111942,62,29,17,79
com_erro,xgboost,oscilacao,100,30,30,156,156,97,59,80,76,10,20,10,0.717948717948718,0.7161184210526316,0.7,0.7875,0.7411764705882353,0.6447368420967797,49,27,17,63
com_erro,xgboost,oscilacao,100,35,35,133,133,84,49,69,64,10,21,11,0.7669172932330827,0.7657382246376812,0.7638888888888888,0.7971014492753623,0.7801418439716312,0.7343749999885254,47,17,14,55
com_erro,xgboost,oscilacao,100,40,40,117,117,72,45,59,58,10,17,7,0.7094017094017094,0.7082115721800117,0.6666666666666666,0.847457627118644,0.746268656716418,0.5689655172315696,33,25,9,50
com_erro,xgboost,oscilacao,100,45,45,104,104,64,40,55,49,10,17,7,0.7884615384615384,0.7844155844155845,0.7704918032786885,0.8545454545454545,0.8103448275862069,0.7142857142711371,35,14,8,47
com_erro,xgboost,oscilacao,100,50,50,94,94,58,36,49,45,10,17,7,0.6808510638297872,0.6775510204081632,0.6727272727272727,0.7551020408163265,0.7115384615384616,0.5999999999866668,27,18,12,37
com_erro,xgboost,oscilacao,100,55,55,85,85,53,32,46,39,10,11,1,0.7647058823529411,0.7533444816053512,0.7321428571428571,0.8913043478260869,0.803921568627451,0.6153846153688364,24,15,5,41
com_erro,xgboost,oscilacao,100,60,60,78,78,49,29,39,39,10,16,6,0.6923076923076923,0.6923076923076923,0.6595744680851063,0.7948717948717948,0.7209302325581395,0.5897435897284682,23,16,8,31
com_erro,xgboost,oscilacao,100,65,65,72,72,43,29,38,34,10,14,4,0.7222222222222222,0.71671826625387,0.7045454545454546,0.8157894736842105,0.7560975609756098,0.6176470588053634,21,13,7,31
com_erro,xgboost,oscilacao,100,70,70,67,67,43,24,35,32,10,18,8,0.7313432835820896,0.7267857142857144,0.7073170731707317,0.8285714285714286,0.7631578947368421,0.6249999999804688,20,12,6,29
com_erro,xgboost,oscilacao,100,75,75,63,63,38,25,34,29,10,14,4,0.746031746031746,0.7469574036511156,0.78125,0.7352941176470589,0.7575757575757576,0.7586206896290131,22,7,9,25
com_erro,xgboost,oscilacao,100,80,80,59,59,37,22,31,28,10,7,-3,0.6610169491525424,0.6463133640552995,0.6170212765957447,0.9354838709677419,0.7435897435897436,0.357142857130102,10,18,2,29
com_erro,xgboost,oscilacao,100,85,85,55,55,35,20,28,27,10,11,1,0.6545454545454545,0.6514550264550264,0.6216216216216216,0.8214285714285714,0.7076923076923077,0.48148148146364883,13,14,5,23
com_erro,xgboost,oscilacao,100,90,90,52,52,32,20,26,26,10,14,4,0.7692307692307693,0.7692307692307692,0.7333333333333333,0.8461538461538461,0.7857142857142857,0.692307692281065,18,8,4,22
com_erro,xgboost,oscilacao,100,95,95,49,49,30,19,26,23,10,13,3,0.7551020408163265,0.7466555183946488,0.71875,0.8846153846153846,0.7931034482758621,0.608695652147448,14,9,3,23
com_erro,xgboost,oscilacao,100,100,100,47,47,27,20,24,23,10,8,-2,0.7659574468085106,0.7644927536231885,0.7407407407407407,0.8333333333333334,0.7843137254901961,0.6956521738827978,16,7,4,20
com_erro,xgboost,queda,20,5,5,947,947,230,717,221,726,21,58,37,0.7824709609292503,0.7306539271779913,0.5283018867924528,0.6334841628959276,0.5761316872427984,0.8278236914589149,601,125,81,140
com_erro,xgboost,queda,20,10,10,474,474,113,361,115,359,21,49,28,0.8059071729957806,0.7625287634734165,0.5864661654135338,0.6782608695652174,0.6290322580645161,0.8467966573792569,304,55,37,78
com_erro,xgboost,queda,20,15,15,316,316,76,240,75,241,19,49,30,0.7753164556962026,0.7470816044260028,0.52,0.6933333333333334,0.5942857142857143,0.8008298755153493,193,48,23,52
com_erro,xgboost,queda,20,20,20,237,237,56,181,56,181,20,32,12,0.7805907172995781,0.7206985003946329,0.53125,0.6071428571428571,0.5666666666666667,0.8342541436417997,151,30,22,34
com_erro,xgboost,queda,30,5,5,945,945,265,680,261,684,20,60,40,0.7555555555555555,0.7339937487396653,0.5457317073170732,0.685823754789272,0.6078098471986417,0.782163742688915,535,149,82,179
com_erro,xgboost,queda,30,10,10,473,473,131,342,135,338,20,48,28,0.7610993657505285,0.7327416173570019,0.569620253164557,0.6666666666666666,0.6143344709897611,0.7988165680449739,270,68,45,90
com_erro,xgboost,queda,30,15,15,315,315,89,226,89,226,18,44,26,0.7301587301587301,0.7199960226707767,0.5166666666666667,0.6966292134831461,0.5933014354066986,0.7433628318551179,168,58,27,62
com_erro,xgboost,queda,30,20,20,237,237,68,169,70,167,19,39,20,0.7468354430379747,0.7290846877673225,0.5581395348837209,0.6857142857142857,0.6153846153846154,0.7724550898157339,129,38,22,48
com_erro,xgboost,queda,30,25,25,189,189,55,134,52,137,18,37,19,0.7248677248677249,0.702835485682201,0.5,0.6538461538461539,0.5666666666666667,0.7518248175127604,103,34,18,34
com_erro,xgboost,queda,30,30,30,158,158,45,113,46,112,18,34,16,0.7025316455696202,0.6748835403726708,0.49122807017543857,0.6086956521739131,0.5436893203883495,0.7410714285648118,83,29,18,28
com_erro,xgboost,queda,40,5,5,943,943,296,647,298,645,19,52,33,0.7571580063626723,0.741241350606108,0.5994236311239193,0.697986577181208,0.6449612403100775,0.7844961240297915,506,139,90,208
com_erro,xgboost,queda,40,10,10,472,472,146,326,154,318,18,48,30,0.75,0.7374418034795394,0.6,0.7012987012987013,0.6467065868263473,0.7735849056579447,246,72,46,108
com_erro,xgboost,queda,40,15,15,315,315,100,215,99,216,18,43,25,0.7428571428571429,0.7276936026936027,0.576271186440678,0.6868686868686869,0.6267281105990783,0.7685185185149606,166,50,31,68
com_erro,xgboost,queda,40,20,20,236,236,73,163,76,160,17,34,17,0.7542372881355932,0.7393092105263157,0.6022727272727273,0.6973684210526315,0.6463414634146342,0.7812499999951172,125,35,23,53
com_erro,xgboost,queda,40,25,25,189,189,59,130,60,129,17,37,20,0.746031746031746,0.7292635658914729,0.5857142857142857,0.6833333333333333,0.6307692307692307,0.7751937984436033,100,29,19,41
com_erro,xgboost,queda,40,30,30,158,158,49,109,51,107,17,34,17,0.759493670886076,0.7300714678394722,0.6226415094339622,0.6470588235294118,0.6346153846153846,0.8130841121419338,87,20,18,33
com_erro,xgboost,queda,40,35,35,135,135,42,93,39,96,18,29,11,0.6592592592592592,0.6538461538461539,0.43859649122807015,0.6410256410256411,0.5208333333333334,0.6666666666597222,64,32,14,25
com_erro,xgboost,queda,40,40,40,118,118,37,81,42,76,16,26,10,0.7288135593220338,0.7149122807017544,0.6086956521739131,0.6666666666666666,0.6363636363636364,0.7631578947268005,58,18,14,28
com_erro,xgboost,queda,50,5,5,941,941,325,616,333,608,18,56,38,0.7577045696068013,0.7547736881618461,0.6342710997442456,0.7447447447447447,0.6850828729281768,0.7648026315776895,465,143,85,248
com_erro,xgboost,queda,50,10,10,471,471,161,310,171,300,18,42,24,0.7664543524416136,0.7626023391812865,0.6564102564102564,0.7485380116959064,0.6994535519125683,0.7766666666640778,233,67,43,128
com_erro,xgboost,queda,50,15,15,314,314,108,206,112,202,17,43,26,0.7611464968152867,0.7586633663366337,0.6412213740458015,0.75,0.691358024691358,0.7673267326694687,155,47,28,84
com_erro,xgboost,queda,50,20,20,236,236,83,153,88,148,17,37,20,0.7457627118644068,0.7397113022113022,0.6428571428571429,0.7159090909090909,0.6774193548387096,0.7635135135083547,113,35,25,63
com_erro,xgboost,queda,50,25,25,189,189,65,124,68,121,18,33,15,0.7619047619047619,0.759297520661157,0.6455696202531646,0.75,0.6938775510204082,0.768595041315962,93,28,17,51
com_erro,xgboost,queda,50,30,30,157,157,52,105,55,102,16,29,13,0.7261146496815286,0.7054367201426025,0.603448275862069,0.6363636363636364,0.6194690265486725,0.7745098039139754,79,23,20,35
com_erro,xgboost,queda,50,35,35,135,135,47,88,48,87,17,23,6,0.725925925925926,0.7359913793103449,0.5873015873015873,0.7708333333333334,0.6666666666666666,0.7011494252792971,61,26,11,37
com_erro,xgboost,queda,50,40,40,118,118,42,76,44,74,16,27,11,0.7033898305084746,0.6990171990171989,0.5882352941176471,0.6818181818181818,0.631578947368421,0.7162162162065376,53,21,14,30
com_erro,xgboost,queda,50,45,45,105,105,37,68,39,66,16,26,10,0.6857142857142857,0.6765734265734267,0.5681818181818182,0.6410256410256411,0.6024096385542169,0.7121212121104223,47,19,14,25
com_erro,xgboost,queda,50,50,50,95,95,29,66,38,57,17,19,2,0.7052631578947368,0.6798245614035088,0.65625,0.5526315789473685,0.6,0.807017543845491,46,11,17,21
com_erro,xgboost,queda,60,5,5,939,939,353,586,367,572,18,59,41,0.7273695420660277,0.7283731255120901,0.629976580796253,0.7329700272479565,0.6775818639798489,0.7237762237749584,414,158,98,269
com_erro,xgboost,queda,60,10,10,470,470,175,295,188,282,17,41,24,0.7446808510638298,0.7375886524822695,0.673469387755102,0.7021276595744681,0.6875,0.7730496453873297,218,64,56,132
com_erro,xgboost,queda,60,15,15,313,313,118,195,124,189,16,40,24,0.731629392971246,0.7292413381123058,0.644927536231884,0.717741935483871,0.6793893129770993,0.7407407407368215,140,49,35,89
com_erro,xgboost,queda,60,20,20,235,235,87,148,93,142,16,32,16,0.7617021276595745,0.7527260336210814,0.6947368421052632,0.7096774193548387,0.7021276595744681,0.7957746478817199,113,29,27,66
com_erro,xgboost,queda,60,25,25,188,188,71,117,74,114,16,28,12,0.7446808510638298,0.7467994310099573,0.6511627906976745,0.7567567567567568,0.7,0.7368421052566944,84,30,18,56
com_erro,xgboost,queda,60,30,30,157,157,59,98,64,93,16,28,12,0.732484076433121,0.7352150537634409,0.6486486486486487,0.75,0.6956521739130435,0.7204301075191352,67,26,16,48
com_erro,xgboost,queda,60,35,35,135,135,55,80,54,81,17,25,8,0.7111111111111111,0.7191358024691359,0.6119402985074627,0.7592592592592593,0.6776859504132231,0.6790123456706294,55,26,13,41
com_erro,xgboost,queda,60,40,40,118,118,44,74,46,72,15,27,12,0.7372881355932204,0.7454710144927537,0.631578947368421,0.782608695652174,0.6990291262135923,0.7083333333234954,51,21,10,36
com_erro,xgboost,queda,60,45,45,105,105,40,65,43,62,15,22,7,0.7619047619047619,0.77344336084021,0.6666666666666666,0.8372093023255814,0.7422680412371134,0.7096774193433923,44,18,7,36
com_erro,xgboost,queda,60,50,50,94,94,35,59,40,54,15,19,4,0.6914893617021277,0.6925925925925926,0.6222222222222222,0.7,0.6588235294117647,0.6851851851724966,37,17,12,28
com_erro,xgboost,queda,60,55,55,86,86,33,53,34,52,15,20,5,0.6627906976744186,0.6651583710407241,0.5609756097560976,0.6764705882352942,0.6133333333333333,0.6538461538335799,34,18,11,23
com_erro,xgboost,queda,60,60,60,79,79,30,49,34,45,13,14,1,0.6329113924050633,0.6418300653594771,0.5581395348837209,0.7058823529411765,0.6233766233766234,0.5777777777649383,26,19,10,24
com_erro,xgboost,queda,70,5,5,937,937,381,556,400,537,17,55,38,0.7267876200640342,0.7268784916201118,0.6643835616438356,0.7275,0.6945107398568019,0.726256983238871,390,147,109,291
com_erro,xgboost,queda,70,10,10,469,469,189,280,204,265,17,44,27,0.7249466950959488,0.7255734369219385,0.6681614349775785,0.7303921568627451,0.6978922716627635,0.7207547169784123,191,74,55,149
com_erro,xgboost,queda,70,15,15,313,313,128,185,132,181,17,34,17,0.7188498402555911,0.7189645069479325,0.6506849315068494,0.7196969696969697,0.6834532374100719,0.7182320441949269,130,51,37,95
com_erro,xgboost,queda,70,20,20,235,235,97,138,104,131,17,33,16,0.6893617021276596,0.6975924838520259,0.6201550387596899,0.7692307692307693,0.6866952789699571,0.6259541984685042,82,49,24,80
com_erro,xgboost,queda,70,25,25,188,188,76,112,79,109,15,33,18,0.6808510638297872,0.6812216931831379,0.6067415730337079,0.6835443037974683,0.6428571428571429,0.6788990825625789,74,35,25,54
com_erro,xgboost,queda,70,30,30,157,157,63,94,67,90,16,23,7,0.7006369426751592,0.7007462686567164,0.6351351351351351,0.7014925373134329,0.6666666666666666,0.6999999999922222,63,27,20,47
com_erro,xgboost,queda,70,35,35,134,134,56,78,56,78,15,26,11,0.7164179104477612,0.7236721611721613,0.6323529411764706,0.7678571428571429,0.6935483870967742,0.679487179478468,53,25,13,43
com_erro,xgboost,queda,70,40,40,118,118,49,69,55,63,15,23,8,0.652542372881356,0.6561327561327561,0.609375,0.7090909090909091,0.6554621848739496,0.603174603165029,38,25,16,39
com_erro,xgboost,queda,70,45,45,105,105,42,63,47,58,14,24,10,0.6761904761904762,0.6786500366837858,0.6226415094339622,0.7021276595744681,0.66,0.6551724137818075,38,20,14,33
com_erro,xgboost,queda,70,50,50,94,94,39,55,42,52,13,19,6,0.6063829787234043,0.6121794871794872,0.5490196078431373,0.6666666666666666,0.6021505376344086,0.5576923076815828,29,23,14,28
com_erro,xgboost,queda,70,55,55,86,86,34,52,36,50,15,18,3,0.6395348837209303,0.6472222222222221,0.5555555555555556,0.6944444444444444,0.6172839506172839,0.599999999988,30,20,11,25
com_erro,xgboost,queda,70,60,60,79,79,33,46,36,43,14,17,3,0.6708860759493671,0.6818475452196382,0.6041666666666666,0.8055555555555556,0.6904761904761905,0.558139534870741,24,19,7,29
com_erro,xgboost,queda,70,65,65,73,73,29,44,30,43,15,16,1,0.6301369863013698,0.6255813953488372,0.5454545454545454,0.6,0.5714285714285714,0.6511627906825311,28,15,12,18
com_erro,xgboost,queda,70,70,70,67,67,29,38,31,36,13,15,2,0.6567164179104478,0.6626344086021505,0.6052631578947368,0.7419354838709677,0.6666666666666666,0.5833333333171297,21,15,8,23
com_erro,xgboost,queda,80,5,5,935,935,409,526,432,503,17,50,33,0.7016042780748664,0.7053466239599441,0.6533066132264529,0.7546296296296297,0.7003222341568206,0.6560636182889542,330,173,106,326
com_erro,xgboost,queda,80,10,10,468,468,203,265,220,248,17,35,18,0.6709401709401709,0.6754032258064516,0.625,0.75,0.6818181818181818,0.6008064516104806,149,99,55,165
com_erro,xgboost,queda,80,15,15,312,312,136,176,145,167,16,35,19,0.6538461538461539,0.6580218872599628,0.6081871345029239,0.7172413793103448,0.6582278481012658,0.5988023952059952,100,67,41,104
com_erro,xgboost,queda,80,20,20,234,234,101,133,109,125,14,29,15,0.6923076923076923,0.6961467889908257,0.6456692913385826,0.7522935779816514,0.6949152542372882,0.63999999999488,80,45,27,82
com_erro,xgboost,queda,80,25,25,187,187,84,103,87,100,14,25,11,0.6470588235294118,0.6543103448275862,0.5945945945945946,0.7586206896551724,0.6666666666666666,0.5499999999945,55,45,21,66
com_erro,xgboost,queda,80,30,30,156,156,66,90,71,85,14,27,13,0.6858974358974359,0.6908864954432477,0.6309523809523809,0.7464788732394366,0.6838709677419355,0.6352941176395848,54,31,18,53
com_erro,xgboost,queda,80,35,35,134,134,60,74,60,74,15,21,6,0.6194029850746269,0.6364864864864865,0.5517241379310345,0.8,0.6530612244897959,0.4729729729665814,35,39,12,48
com_erro,xgboost,queda,80,40,40,117,117,51,66,58,59,13,20,7,0.6495726495726496,0.6500584453535944,0.6307692307692307,0.7068965517241379,0.6666666666666666,0.5932203389729963,35,24,17,41
com_erro,xgboost,queda,80,45,45,104,104,47,57,48,56,13,15,2,0.5480769230769231,0.5625,0.5070422535211268,0.75,0.6050420168067226,0.3749999999933036,21,35,12,36
com_erro,xgboost,queda,80,50,50,94,94,41,53,47,47,13,18,5,0.6276595744680851,0.6276595744680851,0.6304347826086957,0.6170212765957447,0.6236559139784946,0.6382978723268448,30,17,18,29
com_erro,xgboost,queda,80,55,55,85,85,37,48,40,45,13,18,5,0.6352941176470588,0.6402777777777777,0.5918367346938775,0.725,0.651685393258427,0.5555555555432099,25,20,11,29
com_erro,xgboost,queda,80,60,60,78,78,34,44,35,43,13,18,5,0.7051282051282052,0.7192691029900332,0.625,0.8571428571428571,0.7228915662650602,0.5813953488236885,25,18,5,30
com_erro,xgboost,queda,80,65,65,72,72,31,41,33,39,11,13,2,0.7083333333333334,0.7144522144522145,0.65,0.7878787878787878,0.7123287671232876,0.6410256410092046,25,14,7,26
com_erro,xgboost,queda,80,70,70,67,67,31,36,35,32,11,16,5,0.5970149253731343,0.5915178571428572,0.5952380952380952,0.7142857142857143,0.6493506493506493,0.4687499999853516,15,17,10,25
com_erro,xgboost,queda,80,75,75,63,63,30,33,29,34,13,12,-1,0.5555555555555556,0.5654158215010142,0.5128205128205128,0.6896551724137931,0.5882352941176471,0.44117647057525955,15,19,9,20
com_erro,xgboost,queda,80,80,80,59,59,24,35,29,30,12,14,2,0.7457627118644068,0.746551724137931,0.71875,0.7931034482758621,0.7540983606557377,0.6999999999766666,21,9,6,23
com_erro,xgboost,queda,90,5,5,933,933,434,499,464,469,16,40,24,0.6655948553054662,0.6660677523711491,0.6386861313868614,0.7543103448275862,0.691699604743083,0.5778251599134802,271,198,114,350
com_erro,xgboost,queda,90,10,10,467,467,216,251,236,231,14,33,19,0.6766595289079229,0.6755447941888619,0.6501766784452296,0.7796610169491526,0.7090558766859345,0.5714285714260977,132,99,52,184
com_erro,xgboost,queda,90,15,15,311,311,144,167,156,155,14,28,14,0.6559485530546624,0.6555831265508685,0.6282722513089005,0.7692307692307693,0.69164265129683,0.5419354838674714,84,71,36,120
com_erro,xgboost,queda,90,20,20,234,234,110,124,120,114,14,21,7,0.6709401709401709,0.6673245614035088,0.6423841059602649,0.8083333333333333,0.7158671586715867,0.5263157894690674,60,54,23,97
com_erro,xgboost,queda,90,25,25,187,187,87,100,93,94,14,25,11,0.6524064171122995,0.6527682452528025,0.6320754716981132,0.7204301075268817,0.6733668341708543,0.5851063829724988,55,39,26,67
com_erro,xgboost,queda,90,30,30,156,156,72,84,80,76,13,21,8,0.6602564102564102,0.6578947368421053,0.6451612903225806,0.75,0.6936416184971098,0.5657894736767659,43,33,20,60
com_erro,xgboost,queda,90,35,35,134,134,66,68,68,66,13,16,3,0.6417910447761194,0.6392602495543672,0.6111111111111112,0.8088235294117647,0.6962025316455697,0.46969696968985303,31,35,13,55
com_erro,xgboost,queda,90,40,40,117,117,55,62,60,57,13,18,5,0.6666666666666666,0.6662280701754386,0.6721311475409836,0.6833333333333333,0.6776859504132231,0.6491228070061558,37,20,19,41
com_erro,xgboost,queda,90,45,45,104,104,50,54,53,51,13,17,4,0.5769230769230769,0.5752867184609692,0.5737704918032787,0.660377358490566,0.6140350877192983,0.4901960784217609,25,26,18,35
com_erro,xgboost,queda,90,50,50,94,94,41,53,51,43,11,16,5,0.6276595744680851,0.624031007751938,0.6538461538461539,0.6666666666666666,0.6601941747572816,0.5813953488236885,25,18,17,34
com_erro,xgboost,queda,90,55,55,85,85,41,44,43,42,12,14,2,0.6588235294117647,0.657530454042082,0.6346153846153846,0.7674418604651163,0.6947368421052632,0.5476190476060091,23,19,10,33
com_erro,xgboost,queda,90,60,60,78,78,38,40,39,39,11,14,3,0.7435897435897436,0.7435897435897436,0.6792452830188679,0.9230769230769231,0.782608695652174,0.5641025640881,22,17,3,36
com_erro,xgboost,queda,90,65,65,72,72,33,39,36,36,11,14,3,0.7222222222222222,0.7222222222222222,0.7,0.7777777777777778,0.7368421052631579,0.6666666666481482,24,12,8,28
com_erro,xgboost,queda,90,70,70,67,67,33,34,36,31,10,14,4,0.6417910447761194,0.6308243727598566,0.6363636363636364,0.7777777777777778,0.7,0.48387096772632676,15,16,8,28
com_erro,xgboost,queda,90,75,75,63,63,30,33,33,30,11,10,-1,0.6349206349206349,0.6257575757575757,0.6136363636363636,0.8181818181818182,0.7012987012987013,0.4333333333188889,13,17,6,27
com_erro,xgboost,queda,90,80,80,59,59,25,34,29,30,12,11,-1,0.6949152542372882,0.6959770114942528,0.6666666666666666,0.7586206896551724,0.7096774193548387,0.6333333333122222,19,11,7,22
com_erro,xgboost,queda,90,85,85,55,55,25,30,26,29,11,16,5,0.6181818181818182,0.6220159151193634,0.5806451612903226,0.6923076923076923,0.631578947368421,0.5517241379120095,16,13,8,18
com_erro,xgboost,queda,90,90,90,52,52,25,27,29,23,11,14,3,0.5576923076923077,0.5359820089955023,0.5833333333333334,0.7241379310344828,0.6461538461538462,0.3478260869413989,8,15,8,21
com_erro,xgboost,queda,100,5,5,931,931,458,473,492,439,14,34,20,0.6938775510204082,0.6893855214178566,0.6885245901639344,0.7682926829268293,0.7262247838616714,0.6104783599074932,268,171,114,378
com_erro,xgboost,queda,100,10,10,466,466,228,238,249,217,14,27,13,0.6866952789699571,0.6819536209353543,0.6900369003690037,0.751004016064257,0.7192307692307692,0.6129032258036272,133,84,62,187
com_erro,xgboost,queda,100,15,15,311,311,153,158,163,148,14,24,10,0.6977491961414791,0.6961117559277068,0.7041420118343196,0.7300613496932515,0.7168674698795181,0.6621621621576882,98,50,44,119
com_erro,xgboost,queda,100,20,20,233,233,113,120,123,110,13,26,13,0.6824034334763949,0.6780487804878048,0.6788321167883211,0.7560975609756098,0.7153846153846154,0.5999999999945455,66,44,30,93
com_erro,xgboost,queda,100,25,25,187,187,92,95,99,88,14,21,7,0.6844919786096256,0.6811868686868687,0.6886792452830188,0.7373737373737373,0.7121951219512195,0.6249999999928977,55,33,26,73
com_erro,xgboost,queda,100,30,30,156,156,76,80,82,74,14,21,7,0.6858974358974359,0.682762030323006,0.6853932584269663,0.7439024390243902,0.7134502923976608,0.6216216216132213,46,28,21,61
com_erro,xgboost,queda,100,35,35,133,133,67,66,70,63,13,17,4,0.6842105263157895,0.6761904761904762,0.6590909090909091,0.8285714285714286,0.7341772151898734,0.5238095238012094,33,30,12,58
com_erro,xgboost,queda,100,40,40,117,117,57,60,61,56,12,19,7,0.6923076923076923,0.6888173302107727,0.6811594202898551,0.7704918032786885,0.7230769230769231,0.6071428571320153,34,22,14,47
com_erro,xgboost,queda,100,45,45,104,104,53,51,55,49,13,14,1,0.6442307692307693,0.6358070500927644,0.6323529411764706,0.7818181818181819,0.6991869918699187,0.48979591835735115,24,25,12,43
com_erro,xgboost,queda,100,50,50,94,94,43,51,54,40,11,14,3,0.6170212765957447,0.6018518518518519,0.6551724137931034,0.7037037037037037,0.6785714285714286,0.49999999998750005,20,20,16,38
com_erro,xgboost,queda,100,55,55,85,85,45,40,45,40,12,11,-1,0.611764705882353,0.5986111111111111,0.5967741935483871,0.8222222222222222,0.6915887850467289,0.37499999999062505,15,25,8,37
com_erro,xgboost,queda,100,60,60,78,78,39,39,39,39,11,15,4,0.6923076923076923,0.6923076923076923,0.6530612244897959,0.8205128205128205,0.7272727272727273,0.5641025640881,22,17,7,32
com_erro,xgboost,queda,100,65,65,72,72,35,37,37,35,11,11,0,0.625,0.6204633204633204,0.6041666666666666,0.7837837837837838,0.6823529411764706,0.45714285712979597,16,19,8,29
com_erro,xgboost,queda,100,70,70,67,67,33,34,37,30,10,13,3,0.6417910447761194,0.6252252252252253,0.6444444444444445,0.7837837837837838,0.7073170731707317,0.4666666666511111,14,16,8,29
com_erro,xgboost,queda,100,75,75,63,63,31,32,35,28,11,10,-1,0.5873015873015873,0.5678571428571428,0.6046511627906976,0.7428571428571429,0.6666666666666666,0.39285714284311224,11,17,9,26
com_erro,xgboost,queda,100,80,80,59,59,27,32,29,30,12,13,1,0.6101694915254238,0.6120689655172413,0.5833333333333334,0.7241379310344828,0.6461538461538462,0.49999999998333333,15,15,8,21
com_erro,xgboost,queda,100,85,85,55,55,28,27,27,28,10,7,-3,0.509090909090909,0.5119047619047619,0.5,0.6666666666666666,0.5714285714285714,0.357142857130102,10,18,9,18
com_erro,xgboost,queda,100,90,90,52,52,26,26,29,23,11,13,2,0.5769230769230769,0.5577211394302849,0.6,0.7241379310344828,0.65625,0.39130434780907375,9,14,8,21
com_erro,xgboost,queda,100,95,95,49,49,27,22,25,24,11,8,-3,0.5102040816326531,0.505,0.5135135135135135,0.76,0.6129032258064516,0.24999999998958333,6,18,6,19
com_erro,xgboost,queda,100,100,100,47,47,22,25,25,22,10,10,0,0.574468085106383,0.5672727272727273,0.5862068965517241,0.68,0.6296296296296297,0.4545454545247934,10,12,8,17
