teste,modelo,falha,janela,passo_cfg,passo_real,amostras_treino,amostras_teste,positivos_treino,negativos_treino,positivos_teste,negativos_teste,eventos_reais_teste,eventos_detectados,diferenca_eventos,accuracy,balanced_accuracy,precision_pos,recall_pos,f1_pos,specificity,tn,fp,fn,tp
sem_erro,catboost,lacuna,20,5,5,947,947,254,693,0,947,0,0,0,1.0,1.0,0.0,0.0,0.0,0.9999999999989441,947,0,0,0
sem_erro,catboost,lacuna,20,10,10,474,474,125,349,0,474,0,0,0,1.0,1.0,0.0,0.0,0.0,0.9999999999978904,474,0,0,0
sem_erro,catboost,lacuna,20,15,15,316,316,86,230,0,316,0,0,0,1.0,1.0,0.0,0.0,0.0,0.9999999999968355,316,0,0,0
sem_erro,catboost,lacuna,20,20,20,237,237,63,174,0,237,0,0,0,1.0,1.0,0.0,0.0,0.0,0.9999999999957806,237,0,0,0
sem_erro,catboost,lacuna,30,5,5,945,945,292,653,0,945,0,0,0,1.0,1.0,0.0,0.0,0.0,0.9999999999989418,945,0,0,0
sem_erro,catboost,lacuna,30,10,10,473,473,144,329,0,473,0,0,0,1.0,1.0,0.0,0.0,0.0,0.9999999999978858,473,0,0,0
sem_erro,catboost,lacuna,30,15,15,315,315,96,219,0,315,0,0,0,1.0,1.0,0.0,0.0,0.0,0.9999999999968254,315,0,0,0
sem_erro,catboost,lacuna,30,20,20,237,237,71,166,0,237,0,0,0,1.0,1.0,0.0,0.0,0.0,0.9999999999957806,237,0,0,0
sem_erro,catboost,lacuna,30,25,25,189,189,57,132,0,189,0,0,0,1.0,1.0,0.0,0.0,0.0,0.999999999994709,189,0,0,0
sem_erro,catboost,lacuna,30,30,30,158,158,50,108,0,158,0,0,0,1.0,1.0,0.0,0.0,0.0,0.999999999993671,158,0,0,0
sem_erro,catboost,lacuna,40,5,5,943,943,329,614,0,943,0,0,0,1.0,1.0,0.0,0.0,0.0,0.9999999999989395,943,0,0,0
sem_erro,catboost,lacuna,40,10,10,472,472,163,309,0,472,0,0,0,1.0,1.0,0.0,0.0,0.0,0.9999999999978814,472,0,0,0
sem_erro,catboost,lacuna,40,15,15,315,315,112,203,0,315,0,0,0,1.0,1.0,0.0,0.0,0.0,0.9999999999968254,315,0,0,0
sem_erro,catboost,lacuna,40,20,20,236,236,82,154,0,236,0,0,0,1.0,1.0,0.0,0.0,0.0,0.9999999999957627,236,0,0,0
sem_erro,catboost,lacuna,40,25,25,189,189,65,124,0,189,0,0,0,1.0,1.0,0.0,0.0,0.0,0.999999999994709,189,0,0,0
sem_erro,catboost,lacuna,40,30,30,158,158,56,102,0,158,0,0,0,1.0,1.0,0.0,0.0,0.0,0.999999999993671,158,0,0,0
sem_erro,catboost,lacuna,40,35,35,135,135,44,91,0,135,0,0,0,1.0,1.0,0.0,0.0,0.0,0.9999999999925927,135,0,0,0
sem_erro,catboost,lacuna,40,40,40,118,118,44,74,0,118,0,0,0,1.0,1.0,0.0,0.0,0.0,0.9999999999915254,118,0,0,0
sem_erro,catboost,lacuna,50,5,5,941,941,364,577,0,941,0,0,0,1.0,1.0,0.0,0.0,0.0,0.9999999999989373,941,0,0,0
sem_erro,catboost,lacuna,50,10,10,471,471,181,290,0,471,0,0,0,1.0,1.0,0.0,0.0,0.0,0.9999999999978769,471,0,0,0
sem_erro,catboost,lacuna,50,15,15,314,314,122,192,0,314,0,0,0,1.0,1.0,0.0,0.0,0.0,0.9999999999968153,314,0,0,0
sem_erro,catboost,lacuna,50,20,20,236,236,89,147,0,236,0,0,0,1.0,1.0,0.0,0.0,0.0,0.9999999999957627,236,0,0,0
sem_erro,catboost,lacuna,50,25,25,189,189,73,116,0,189,0,0,0,1.0,1.0,0.0,0.0,0.0,0.999999999994709,189,0,0,0
sem_erro,catboost,lacuna,50,30,30,157,157,62,95,0,157,0,0,0,1.0,1.0,0.0,0.0,0.0,0.9999999999936307,157,0,0,0
sem_erro,catboost,lacuna,50,35,35,135,135,51,84,0,135,0,0,0,1.0,1.0,0.0,0.0,0.0,0.9999999999925927,135,0,0,0
sem_erro,catboost,lacuna,50,40,40,118,118,45,73,0,118,0,0,0,1.0,1.0,0.0,0.0,0.0,0.9999999999915254,118,0,0,0
sem_erro,catboost,lacuna,50,45,45,105,105,41,64,0,105,0,0,0,1.0,1.0,0.0,0.0,0.0,0.9999999999904762,105,0,0,0
sem_erro,catboost,lacuna,50,50,50,95,95,37,58,0,95,0,0,0,1.0,1.0,0.0,0.0,0.0,0.9999999999894736,95,0,0,0
sem_erro,catboost,lacuna,60,5,5,939,939,398,541,0,939,0,0,0,1.0,1.0,0.0,0.0,0.0,0.9999999999989351,939,0,0,0
sem_erro,catboost,lacuna,60,10,10,470,470,198,272,0,470,0,0,0,1.0,1.0,0.0,0.0,0.0,0.9999999999978724,470,0,0,0
sem_erro,catboost,lacuna,60,15,15,313,313,132,181,0,313,0,0,0,1.0,1.0,0.0,0.0,0.0,0.9999999999968051,313,0,0,0
sem_erro,catboost,lacuna,60,20,20,235,235,100,135,0,235,0,0,0,1.0,1.0,0.0,0.0,0.0,0.9999999999957447,235,0,0,0
sem_erro,catboost,lacuna,60,25,25,188,188,80,108,0,188,0,0,0,1.0,1.0,0.0,0.0,0.0,0.9999999999946809,188,0,0,0
sem_erro,catboost,lacuna,60,30,30,157,157,69,88,0,157,0,0,0,1.0,1.0,0.0,0.0,0.0,0.9999999999936307,157,0,0,0
sem_erro,catboost,lacuna,60,35,35,135,135,56,79,0,135,0,0,0,1.0,1.0,0.0,0.0,0.0,0.9999999999925927,135,0,0,0
sem_erro,catboost,lacuna,60,40,40,118,118,49,69,0,118,0,0,0,1.0,1.0,0.0,0.0,0.0,0.9999999999915254,118,0,0,0
sem_erro,catboost,lacuna,60,45,45,105,105,43,62,0,105,0,0,0,1.0,1.0,0.0,0.0,0.0,0.9999999999904762,105,0,0,0
sem_erro,catboost,lacuna,60,50,50,94,94,40,54,0,94,0,0,0,1.0,1.0,0.0,0.0,0.0,0.9999999999893616,94,0,0,0
sem_erro,catboost,lacuna,60,55,55,86,86,35,51,0,86,0,0,0,1.0,1.0,0.0,0.0,0.0,0.9999999999883721,86,0,0,0
sem_erro,catboost,lacuna,60,60,60,79,79,35,44,0,79,0,0,0,1.0,1.0,0.0,0.0,0.0,0.9999999999873417,79,0,0,0
sem_erro,catboost,lacuna,70,5,5,937,937,430,507,0,937,0,0,0,1.0,1.0,0.0,0.0,0.0,0.9999999999989327,937,0,0,0
sem_erro,catboost,lacuna,70,10,10,469,469,214,255,0,469,0,0,0,1.0,1.0,0.0,0.0,0.0,0.9999999999978678,469,0,0,0
sem_erro,catboost,lacuna,70,15,15,313,313,145,168,0,313,0,0,0,1.0,1.0,0.0,0.0,0.0,0.9999999999968051,313,0,0,0
sem_erro,catboost,lacuna,70,20,20,235,235,106,129,0,235,0,0,0,1.0,1.0,0.0,0.0,0.0,0.9999999999957447,235,0,0,0
sem_erro,catboost,lacuna,70,25,25,188,188,87,101,0,188,0,0,0,1.0,1.0,0.0,0.0,0.0,0.9999999999946809,188,0,0,0
sem_erro,catboost,lacuna,70,30,30,157,157,73,84,0,157,0,0,0,1.0,1.0,0.0,0.0,0.0,0.9999999999936307,157,0,0,0
sem_erro,catboost,lacuna,70,35,35,134,134,57,77,0,134,0,0,0,1.0,1.0,0.0,0.0,0.0,0.9999999999925374,134,0,0,0
sem_erro,catboost,lacuna,70,40,40,118,118,54,64,0,118,0,0,0,1.0,1.0,0.0,0.0,0.0,0.9999999999915254,118,0,0,0
sem_erro,catboost,lacuna,70,45,45,105,105,48,57,0,105,0,0,0,1.0,1.0,0.0,0.0,0.0,0.9999999999904762,105,0,0,0
sem_erro,catboost,lacuna,70,50,50,94,94,43,51,0,94,0,0,0,1.0,1.0,0.0,0.0,0.0,0.9999999999893616,94,0,0,0
sem_erro,catboost,lacuna,70,55,55,86,86,38,48,0,86,0,0,0,1.0,1.0,0.0,0.0,0.0,0.9999999999883721,86,0,0,0
sem_erro,catboost,lacuna,70,60,60,79,79,36,43,0,79,0,0,0,1.0,1.0,0.0,0.0,0.0,0.9999999999873417,79,0,0,0
sem_erro,catboost,lacuna,70,65,65,73,73,34,39,0,73,0,0,0,1.0,1.0,0.0,0.0,0.0,0.9999999999863013,73,0,0,0
sem_erro,catboost,lacuna,70,70,70,67,67,30,37,0,67,0,0,0,1.0,1.0,0.0,0.0,0.0,0.9999999999850746,67,0,0,0
sem_erro,catboost,lacuna,80,5,5,935,935,459,476,0,935,0,0,0,1.0,1.0,0.0,0.0,0.0,0.9999999999989305,935,0,0,0
sem_erro,catboost,lacuna,80,10,10,468,468,228,240,0,468,0,0,0,1.0,1.0,0.0,0.0,0.0,0.9999999999978633,468,0,0,0
sem_erro,catboost,lacuna,80,15,15,312,312,154,158,0,312,0,0,0,1.0,1.0,0.0,0.0,0.0,0.9999999999967949,312,0,0,0
sem_erro,catboost,lacuna,80,20,20,234,234,115,119,0,234,0,0,0,1.0,1.0,0.0,0.0,0.0,0.9999999999957265,234,0,0,0
sem_erro,catboost,lacuna,80,25,25,187,187,90,97,0,187,0,0,0,1.0,1.0,0.0,0.0,0.0,0.9999999999946525,187,0,0,0
sem_erro,catboost,lacuna,80,30,30,156,156,78,78,0,156,0,0,0,1.0,1.0,0.0,0.0,0.0,0.9999999999935898,156,0,0,0
sem_erro,catboost,lacuna,80,35,35,134,134,62,72,0,134,0,0,0,1.0,1.0,0.0,0.0,0.0,0.9999999999925374,134,0,0,0
sem_erro,catboost,lacuna,80,40,40,117,117,60,57,0,117,0,0,0,1.0,1.0,0.0,0.0,0.0,0.999999999991453,117,0,0,0
sem_erro,catboost,lacuna,80,45,45,104,104,52,52,0,104,0,0,0,1.0,1.0,0.0,0.0,0.0,0.9999999999903846,104,0,0,0
sem_erro,catboost,lacuna,80,50,50,94,94,44,50,0,94,0,0,0,1.0,1.0,0.0,0.0,0.0,0.9999999999893616,94,0,0,0
sem_erro,catboost,lacuna,80,55,55,85,85,38,47,0,85,0,0,0,1.0,1.0,0.0,0.0,0.0,0.9999999999882353,85,0,0,0
sem_erro,catboost,lacuna,80,60,60,78,78,39,39,0,78,0,0,0,1.0,1.0,0.0,0.0,0.0,0.9999999999871795,78,0,0,0
sem_erro,catboost,lacuna,80,65,65,72,72,34,38,0,72,0,0,0,1.0,1.0,0.0,0.0,0.0,0.9999999999861111,72,0,0,0
sem_erro,catboost,lacuna,80,70,70,67,67,34,33,0,67,0,0,0,1.0,1.0,0.0,0.0,0.0,0.9999999999850746,67,0,0,0
sem_erro,catboost,lacuna,80,75,75,63,63,31,32,0,63,0,0,0,1.0,1.0,0.0,0.0,0.0,0.999999999984127,63,0,0,0
sem_erro,catboost,lacuna,80,80,80,59,59,30,29,0,59,0,0,0,1.0,1.0,0.0,0.0,0.0,0.9999999999830509,59,0,0,0
sem_erro,catboost,lacuna,90,5,5,933,933,487,446,0,933,0,0,0,1.0,1.0,0.0,0.0,0.0,0.9999999999989282,933,0,0,0
sem_erro,catboost,lacuna,90,10,10,467,467,242,225,0,467,0,0,0,1.0,1.0,0.0,0.0,0.0,0.9999999999978587,467,0,0,0
sem_erro,catboost,lacuna,90,15,15,311,311,162,149,0,311,0,0,0,1.0,1.0,0.0,0.0,0.0,0.9999999999967846,311,0,0,0
sem_erro,catboost,lacuna,90,20,20,234,234,120,114,0,234,0,0,0,1.0,1.0,0.0,0.0,0.0,0.9999999999957265,234,0,0,0
sem_erro,catboost,lacuna,90,25,25,187,187,98,89,0,187,0,0,0,1.0,1.0,0.0,0.0,0.0,0.9999999999946525,187,0,0,0
sem_erro,catboost,lacuna,90,30,30,156,156,84,72,0,156,0,0,0,1.0,1.0,0.0,0.0,0.0,0.9999999999935898,156,0,0,0
sem_erro,catboost,lacuna,90,35,35,134,134,69,65,0,134,0,0,0,1.0,1.0,0.0,0.0,0.0,0.9999999999925374,134,0,0,0
sem_erro,catboost,lacuna,90,40,40,117,117,61,56,0,117,0,0,0,1.0,1.0,0.0,0.0,0.0,0.999999999991453,117,0,0,0
sem_erro,catboost,lacuna,90,45,45,104,104,54,50,0,104,0,0,0,1.0,1.0,0.0,0.0,0.0,0.9999999999903846,104,0,0,0
sem_erro,catboost,lacuna,90,50,50,94,94,48,46,0,94,0,0,0,1.0,1.0,0.0,0.0,0.0,0.9999999999893616,94,0,0,0
sem_erro,catboost,lacuna,90,55,55,85,85,42,43,0,85,0,0,0,1.0,1.0,0.0,0.0,0.0,0.9999999999882353,85,0,0,0
sem_erro,catboost,lacuna,90,60,60,78,78,41,37,0,78,0,0,0,1.0,1.0,0.0,0.0,0.0,0.9999999999871795,78,0,0,0
sem_erro,catboost,lacuna,90,65,65,72,72,34,38,0,72,0,0,0,1.0,1.0,0.0,0.0,0.0,0.9999999999861111,72,0,0,0
sem_erro,catboost,lacuna,90,70,70,67,67,37,30,0,67,0,0,0,1.0,1.0,0.0,0.0,0.0,0.9999999999850746,67,0,0,0
sem_erro,catboost,lacuna,90,75,75,63,63,32,31,0,63,0,0,0,1.0,1.0,0.0,0.0,0.0,0.999999999984127,63,0,0,0
sem_erro,catboost,lacuna,90,80,80,59,59,31,28,0,59,0,0,0,1.0,1.0,0.0,0.0,0.0,0.9999999999830509,59,0,0,0
sem_erro,catboost,lacuna,90,85,85,55,55,24,31,0,55,0,0,0,1.0,1.0,0.0,0.0,0.0,0.9999999999818182,55,0,0,0
sem_erro,catboost,lacuna,90,90,90,52,52,30,22,0,52,0,0,0,1.0,1.0,0.0,0.0,0.0,0.9999999999807693,52,0,0,0
sem_erro,catboost,lacuna,100,5,5,931,931,513,418,0,931,0,0,0,1.0,1.0,0.0,0.0,0.0,0.9999999999989259,931,0,0,0
sem_erro,catboost,lacuna,100,10,10,466,466,255,211,0,466,0,0,0,1.0,1.0,0.0,0.0,0.0,0.999999999997854,466,0,0,0
sem_erro,catboost,lacuna,100,15,15,311,311,172,139,0,311,0,0,0,1.0,1.0,0.0,0.0,0.0,0.9999999999967846,311,0,0,0
sem_erro,catboost,lacuna,100,20,20,233,233,128,105,0,233,0,0,0,1.0,1.0,0.0,0.0,0.0,0.9999999999957082,233,0,0,0
sem_erro,catboost,lacuna,100,25,25,187,187,103,84,0,187,0,0,0,1.0,1.0,0.0,0.0,0.0,0.9999999999946525,187,0,0,0
sem_erro,catboost,lacuna,100,30,30,156,156,86,70,0,156,0,0,0,1.0,1.0,0.0,0.0,0.0,0.9999999999935898,156,0,0,0
sem_erro,catboost,lacuna,100,35,35,133,133,70,63,0,133,0,0,0,1.0,1.0,0.0,0.0,0.0,0.9999999999924812,133,0,0,0
sem_erro,catboost,lacuna,100,40,40,117,117,63,54,0,117,0,0,0,1.0,1.0,0.0,0.0,0.0,0.999999999991453,117,0,0,0
sem_erro,catboost,lacuna,100,45,45,104,104,57,47,0,104,0,0,0,1.0,1.0,0.0,0.0,0.0,0.9999999999903846,104,0,0,0
sem_erro,catboost,lacuna,100,50,50,94,94,52,42,0,94,0,0,0,1.0,1.0,0.0,0.0,0.0,0.9999999999893616,94,0,0,0
sem_erro,catboost,lacuna,100,55,55,85,85,46,39,0,85,0,0,0,1.0,1.0,0.0,0.0,0.0,0.9999999999882353,85,0,0,0
sem_erro,catboost,lacuna,100,60,60,78,78,42,36,0,78,0,0,0,1.0,1.0,0.0,0.0,0.0,0.9999999999871795,78,0,0,0
sem_erro,catboost,lacuna,100,65,65,72,72,39,33,0,72,0,0,0,1.0,1.0,0.0,0.0,0.0,0.9999999999861111,72,0,0,0
sem_erro,catboost,lacuna,100,70,70,67,67,37,30,0,67,0,0,0,1.0,1.0,0.0,0.0,0.0,0.9999999999850746,67,0,0,0
sem_erro,catboost,lacuna,100,75,75,63,63,33,30,0,63,0,0,0,1.0,1.0,0.0,0.0,0.0,0.999999999984127,63,0,0,0
sem_erro,catboost,lacuna,100,80,80,59,59,32,27,0,59,0,0,0,1.0,1.0,0.0,0.0,0.0,0.9999999999830509,59,0,0,0
sem_erro,catboost,lacuna,100,85,85,55,55,27,28,0,55,0,0,0,1.0,1.0,0.0,0.0,0.0,0.9999999999818182,55,0,0,0
sem_erro,catboost,lacuna,100,90,90,52,52,30,22,0,52,0,0,0,1.0,1.0,0.0,0.0,0.0,0.9999999999807693,52,0,0,0
sem_erro,catboost,lacuna,100,95,95,49,49,28,21,0,49,0,0,0,1.0,1.0,0.0,0.0,0.0,0.9999999999795919,49,0,0,0
sem_erro,catboost,lacuna,100,100,100,47,47,28,19,0,47,0,0,0,1.0,1.0,0.0,0.0,0.0,0.9999999999787235,47,0,0,0
sem_erro,catboost,oscilacao,20,5,5,947,947,301,646,0,947,0,32,32,0.9303062302006336,0.9303062302006336,0.0,0.0,0.0,0.9303062301996512,881,66,0,0
sem_erro,catboost,oscilacao,20,10,10,474,474,152,322,0,474,0,22,22,0.9324894514767933,0.9324894514767933,0.0,0.0,0.0,0.932489451474826,442,32,0,0
sem_erro,catboost,oscilacao,20,15,15,316,316,101,215,0,316,0,20,20,0.9208860759493671,0.9208860759493671,0.0,0.0,0.0,0.9208860759464529,291,25,0,0
sem_erro,catboost,oscilacao,20,20,20,237,237,75,162,0,237,0,15,15,0.919831223628692,0.919831223628692,0.0,0.0,0.0,0.9198312236248108,218,19,0,0
sem_erro,catboost,oscilacao,30,5,5,945,945,333,612,0,945,0,39,39,0.9142857142857143,0.9142857142857143,0.0,0.0,0.0,0.9142857142847468,864,81,0,0
sem_erro,catboost,oscilacao,30,10,10,473,473,168,305,0,473,0,30,30,0.9112050739957717,0.9112050739957717,0.0,0.0,0.0,0.9112050739938452,431,42,0,0
sem_erro,catboost,oscilacao,30,15,15,315,315,110,205,0,315,0,24,24,0.8952380952380953,0.8952380952380953,0.0,0.0,0.0,0.8952380952352532,282,33,0,0
sem_erro,catboost,oscilacao,30,20,20,237,237,83,154,0,237,0,16,16,0.9071729957805907,0.9071729957805907,0.0,0.0,0.0,0.907172995776763,215,22,0,0
sem_erro,catboost,oscilacao,30,25,25,189,189,67,122,0,189,0,16,16,0.8835978835978836,0.8835978835978836,0.0,0.0,0.0,0.8835978835932086,167,22,0,0
sem_erro,catboost,oscilacao,30,30,30,158,158,54,104,0,158,0,14,14,0.8987341772151899,0.8987341772151899,0.0,0.0,0.0,0.8987341772095018,142,16,0,0
sem_erro,catboost,oscilacao,40,5,5,943,943,365,578,0,943,0,40,40,0.8865323435843054,0.8865323435843054,0.0,0.0,0.0,0.8865323435833653,836,107,0,0
sem_erro,catboost,oscilacao,40,10,10,472,472,184,288,0,472,0,35,35,0.847457627118644,0.847457627118644,0.0,0.0,0.0,0.8474576271168486,400,72,0,0
sem_erro,catboost,oscilacao,40,15,15,315,315,124,191,0,315,0,29,29,0.8539682539682539,0.8539682539682539,0.0,0.0,0.0,0.853968253965543,269,46,0,0
sem_erro,catboost,oscilacao,40,20,20,236,236,91,145,0,236,0,21,21,0.8813559322033898,0.8813559322033898,0.0,0.0,0.0,0.8813559321996554,208,28,0,0
sem_erro,catboost,oscilacao,40,25,25,189,189,75,114,0,189,0,24,24,0.8253968253968254,0.8253968253968254,0.0,0.0,0.0,0.8253968253924583,156,33,0,0
sem_erro,catboost,oscilacao,40,30,30,158,158,60,98,0,158,0,15,15,0.8670886075949367,0.8670886075949367,0.0,0.0,0.0,0.8670886075894488,137,21,0,0
sem_erro,catboost,oscilacao,40,35,35,135,135,52,83,0,135,0,16,16,0.837037037037037,0.837037037037037,0.0,0.0,0.0,0.8370370370308369,113,22,0,0
sem_erro,catboost,oscilacao,40,40,40,118,118,44,74,0,118,0,15,15,0.8050847457627118,0.8050847457627118,0.0,0.0,0.0,0.8050847457558891,95,23,0,0
sem_erro,catboost,oscilacao,50,5,5,941,941,397,544,0,941,0,49,49,0.8405951115834219,0.8405951115834219,0.0,0.0,0.0,0.8405951115825286,791,150,0,0
sem_erro,catboost,oscilacao,50,10,10,471,471,200,271,0,471,0,37,37,0.8152866242038217,0.8152866242038217,0.0,0.0,0.0,0.8152866242020907,384,87,0,0
sem_erro,catboost,oscilacao,50,15,15,314,314,133,181,0,314,0,30,30,0.8184713375796179,0.8184713375796179,0.0,0.0,0.0,0.8184713375770113,257,57,0,0
sem_erro,catboost,oscilacao,50,20,20,236,236,99,137,0,236,0,26,26,0.826271186440678,0.826271186440678,0.0,0.0,0.0,0.8262711864371769,195,41,0,0
sem_erro,catboost,oscilacao,50,25,25,189,189,82,107,0,189,0,29,29,0.7248677248677249,0.7248677248677249,0.0,0.0,0.0,0.7248677248638896,137,52,0,0
sem_erro,catboost,oscilacao,50,30,30,157,157,67,90,0,157,0,25,25,0.7643312101910829,0.7643312101910829,0.0,0.0,0.0,0.7643312101862145,120,37,0,0
sem_erro,catboost,oscilacao,50,35,35,135,135,59,76,0,135,0,26,26,0.6962962962962963,0.6962962962962963,0.0,0.0,0.0,0.6962962962911386,94,41,0,0
sem_erro,catboost,oscilacao,50,40,40,118,118,49,69,0,118,0,17,17,0.7796610169491526,0.7796610169491526,0.0,0.0,0.0,0.7796610169425452,92,26,0,0
sem_erro,catboost,oscilacao,50,45,45,105,105,44,61,0,105,0,21,21,0.7523809523809524,0.7523809523809524,0.0,0.0,0.0,0.7523809523737868,79,26,0,0
sem_erro,catboost,oscilacao,50,50,50,95,95,41,54,0,95,0,22,22,0.6736842105263158,0.6736842105263158,0.0,0.0,0.0,0.6736842105192243,64,31,0,0
sem_erro,catboost,oscilacao,60,5,5,939,939,426,513,0,939,0,43,43,0.7784877529286475,0.7784877529286475,0.0,0.0,0.0,0.7784877529278185,731,208,0,0
sem_erro,catboost,oscilacao,60,10,10,470,470,214,256,0,470,0,35,35,0.7787234042553192,0.7787234042553192,0.0,0.0,0.0,0.7787234042536623,366,104,0,0
sem_erro,catboost,oscilacao,60,15,15,313,313,141,172,0,313,0,34,34,0.7827476038338658,0.7827476038338658,0.0,0.0,0.0,0.7827476038313651,245,68,0,0
sem_erro,catboost,oscilacao,60,20,20,235,235,106,129,0,235,0,24,24,0.8042553191489362,0.8042553191489362,0.0,0.0,0.0,0.8042553191455138,189,46,0,0
sem_erro,catboost,oscilacao,60,25,25,188,188,88,100,0,188,0,30,30,0.7127659574468085,0.7127659574468085,0.0,0.0,0.0,0.7127659574430173,134,54,0,0
sem_erro,catboost,oscilacao,60,30,30,157,157,69,88,0,157,0,22,22,0.7898089171974523,0.7898089171974523,0.0,0.0,0.0,0.7898089171924216,124,33,0,0
sem_erro,catboost,oscilacao,60,35,35,135,135,63,72,0,135,0,28,28,0.7037037037037037,0.7037037037037037,0.0,0.0,0.0,0.7037037036984911,95,40,0,0
sem_erro,catboost,oscilacao,60,40,40,118,118,54,64,0,118,0,23,23,0.711864406779661,0.711864406779661,0.0,0.0,0.0,0.7118644067736283,84,34,0,0
sem_erro,catboost,oscilacao,60,45,45,105,105,49,56,0,105,0,21,21,0.7047619047619048,0.7047619047619048,0.0,0.0,0.0,0.7047619047551927,74,31,0,0
sem_erro,catboost,oscilacao,60,50,50,94,94,44,50,0,94,0,20,20,0.6914893617021277,0.6914893617021277,0.0,0.0,0.0,0.6914893616947714,65,29,0,0
sem_erro,catboost,oscilacao,60,55,55,86,86,38,48,0,86,0,19,19,0.7209302325581395,0.7209302325581395,0.0,0.0,0.0,0.7209302325497566,62,24,0,0
sem_erro,catboost,oscilacao,60,60,60,79,79,35,44,0,79,0,16,16,0.7974683544303798,0.7974683544303798,0.0,0.0,0.0,0.7974683544202852,63,16,0,0
sem_erro,catboost,oscilacao,70,5,5,937,937,452,485,0,937,0,46,46,0.7054429028815368,0.7054429028815368,0.0,0.0,0.0,0.7054429028807839,661,276,0,0
sem_erro,catboost,oscilacao,70,10,10,469,469,227,242,0,469,0,42,42,0.7014925373134329,0.7014925373134329,0.0,0.0,0.0,0.7014925373119372,329,140,0,0
sem_erro,catboost,oscilacao,70,15,15,313,313,153,160,0,313,0,37,37,0.6741214057507987,0.6741214057507987,0.0,0.0,0.0,0.674121405748645,211,102,0,0
sem_erro,catboost,oscilacao,70,20,20,235,235,113,122,0,235,0,35,35,0.6638297872340425,0.6638297872340425,0.0,0.0,0.0,0.6638297872312178,156,79,0,0
sem_erro,catboost,oscilacao,70,25,25,188,188,94,94,0,188,0,33,33,0.6382978723404256,0.6382978723404256,0.0,0.0,0.0,0.6382978723370304,120,68,0,0
sem_erro,catboost,oscilacao,70,30,30,157,157,75,82,0,157,0,26,26,0.7133757961783439,0.7133757961783439,0.0,0.0,0.0,0.7133757961738002,112,45,0,0
sem_erro,catboost,oscilacao,70,35,35,134,134,63,71,0,134,0,27,27,0.6343283582089553,0.6343283582089553,0.0,0.0,0.0,0.6343283582042215,85,49,0,0
sem_erro,catboost,oscilacao,70,40,40,118,118,57,61,0,118,0,23,23,0.5677966101694916,0.5677966101694916,0.0,0.0,0.0,0.5677966101646796,67,51,0,0
sem_erro,catboost,oscilacao,70,45,45,105,105,52,53,0,105,0,23,23,0.6476190476190476,0.6476190476190476,0.0,0.0,0.0,0.6476190476128798,68,37,0,0
sem_erro,catboost,oscilacao,70,50,50,94,94,48,46,0,94,0,26,26,0.5,0.5,0.0,0.0,0.0,0.4999999999946808,47,47,0,0
sem_erro,catboost,oscilacao,70,55,55,86,86,40,46,0,86,0,15,15,0.6744186046511628,0.6744186046511628,0.0,0.0,0.0,0.6744186046433207,58,28,0,0
sem_erro,catboost,oscilacao,70,60,60,79,79,38,41,0,79,0,19,19,0.6708860759493671,0.6708860759493671,0.0,0.0,0.0,0.6708860759408748,53,26,0,0
sem_erro,catboost,oscilacao,70,65,65,73,73,36,37,0,73,0,11,11,0.6986301369863014,0.6986301369863014,0.0,0.0,0.0,0.698630136976731,51,22,0,0
sem_erro,catboost,oscilacao,70,70,70,67,67,34,33,0,67,0,15,15,0.5671641791044776,0.5671641791044776,0.0,0.0,0.0,0.5671641790960125,38,29,0,0
sem_erro,catboost,oscilacao,80,5,5,935,935,476,459,0,935,0,44,44,0.5946524064171123,0.5946524064171123,0.0,0.0,0.0,0.5946524064164763,556,379,0,0
sem_erro,catboost,oscilacao,80,10,10,468,468,239,229,0,468,0,39,39,0.6089743589743589,0.6089743589743589,0.0,0.0,0.0,0.6089743589730577,285,183,0,0
sem_erro,catboost,oscilacao,80,15,15,312,312,160,152,0,312,0,31,31,0.6378205128205128,0.6378205128205128,0.0,0.0,0.0,0.6378205128184685,199,113,0,0
sem_erro,catboost,oscilacao,80,20,20,234,234,118,116,0,234,0,34,34,0.6666666666666666,0.6666666666666666,0.0,0.0,0.0,0.6666666666638177,156,78,0,0
sem_erro,catboost,oscilacao,80,25,25,187,187,96,91,0,187,0,31,31,0.6149732620320856,0.6149732620320856,0.0,0.0,0.0,0.614973262028797,115,72,0,0
sem_erro,catboost,oscilacao,80,30,30,156,156,81,75,0,156,0,26,26,0.6346153846153846,0.6346153846153846,0.0,0.0,0.0,0.6346153846113166,99,57,0,0
sem_erro,catboost,oscilacao,80,35,35,134,134,68,66,0,134,0,29,29,0.5895522388059702,0.5895522388059702,0.0,0.0,0.0,0.5895522388015706,79,55,0,0
sem_erro,catboost,oscilacao,80,40,40,117,117,59,58,0,117,0,23,23,0.6581196581196581,0.6581196581196581,0.0,0.0,0.0,0.6581196581140332,77,40,0,0
sem_erro,catboost,oscilacao,80,45,45,104,104,54,50,0,104,0,26,26,0.5096153846153846,0.5096153846153846,0.0,0.0,0.0,0.5096153846104845,53,51,0,0
sem_erro,catboost,oscilacao,80,50,50,94,94,51,43,0,94,0,27,27,0.5212765957446809,0.5212765957446809,0.0,0.0,0.0,0.5212765957391353,49,45,0,0
sem_erro,catboost,oscilacao,80,55,55,85,85,43,42,0,85,0,20,20,0.5529411764705883,0.5529411764705883,0.0,0.0,0.0,0.552941176464083,47,38,0,0
sem_erro,catboost,oscilacao,80,60,60,78,78,40,38,0,78,0,19,19,0.5641025641025641,0.5641025641025641,0.0,0.0,0.0,0.564102564095332,44,34,0,0
sem_erro,catboost,oscilacao,80,65,65,72,72,35,37,0,72,0,16,16,0.7083333333333334,0.7083333333333334,0.0,0.0,0.0,0.7083333333234954,51,21,0,0
sem_erro,catboost,oscilacao,80,70,70,67,67,36,31,0,67,0,20,20,0.5074626865671642,0.5074626865671642,0.0,0.0,0.0,0.50746268655959,34,33,0,0
sem_erro,catboost,oscilacao,80,75,75,63,63,35,28,0,63,0,18,18,0.5238095238095238,0.5238095238095238,0.0,0.0,0.0,0.5238095238012094,33,30,0,0
sem_erro,catboost,oscilacao,80,80,80,59,59,31,28,0,59,0,16,16,0.5084745762711864,0.5084745762711864,0.0,0.0,0.0,0.5084745762625683,30,29,0,0
sem_erro,catboost,oscilacao,90,5,5,933,933,500,433,0,933,0,43,43,0.5637727759914255,0.5637727759914255,0.0,0.0,0.0,0.5637727759908212,526,407,0,0
sem_erro,catboost,oscilacao,90,10,10,467,467,251,216,0,467,0,43,43,0.5802997858672377,0.5802997858672377,0.0,0.0,0.0,0.5802997858659951,271,196,0,0
sem_erro,catboost,oscilacao,90,15,15,311,311,166,145,0,311,0,35,35,0.5755627009646302,0.5755627009646302,0.0,0.0,0.0,0.5755627009627795,179,132,0,0
sem_erro,catboost,oscilacao,90,20,20,234,234,125,109,0,234,0,31,31,0.6153846153846154,0.6153846153846154,0.0,0.0,0.0,0.6153846153819855,144,90,0,0
sem_erro,catboost,oscilacao,90,25,25,187,187,102,85,0,187,0,30,30,0.5187165775401069,0.5187165775401069,0.0,0.0,0.0,0.5187165775373331,97,90,0,0
sem_erro,catboost,oscilacao,90,30,30,156,156,81,75,0,156,0,30,30,0.6089743589743589,0.6089743589743589,0.0,0.0,0.0,0.6089743589704554,95,61,0,0
sem_erro,catboost,oscilacao,90,35,35,134,134,73,61,0,134,0,27,27,0.5223880597014925,0.5223880597014925,0.0,0.0,0.0,0.5223880596975942,70,64,0,0
sem_erro,catboost,oscilacao,90,40,40,117,117,63,54,0,117,0,23,23,0.5641025641025641,0.5641025641025641,0.0,0.0,0.0,0.5641025640977427,66,51,0,0
sem_erro,catboost,oscilacao,90,45,45,104,104,55,49,0,104,0,23,23,0.47115384615384615,0.47115384615384615,0.0,0.0,0.0,0.4711538461493158,49,55,0,0
sem_erro,catboost,oscilacao,90,50,50,94,94,52,42,0,94,0,25,25,0.48936170212765956,0.48936170212765956,0.0,0.0,0.0,0.48936170212245356,46,48,0,0
sem_erro,catboost,oscilacao,90,55,55,85,85,44,41,0,85,0,20,20,0.6235294117647059,0.6235294117647059,0.0,0.0,0.0,0.6235294117573702,53,32,0,0
sem_erro,catboost,oscilacao,90,60,60,78,78,40,38,0,78,0,17,17,0.5769230769230769,0.5769230769230769,0.0,0.0,0.0,0.5769230769156805,45,33,0,0
sem_erro,catboost,oscilacao,90,65,65,72,72,37,35,0,72,0,17,17,0.6388888888888888,0.6388888888888888,0.0,0.0,0.0,0.6388888888800154,46,26,0,0
sem_erro,catboost,oscilacao,90,70,70,67,67,37,30,0,67,0,23,23,0.5223880597014925,0.5223880597014925,0.0,0.0,0.0,0.5223880596936957,35,32,0,0
sem_erro,catboost,oscilacao,90,75,75,63,63,36,27,0,63,0,19,19,0.5396825396825397,0.5396825396825397,0.0,0.0,0.0,0.5396825396739733,34,29,0,0
sem_erro,catboost,oscilacao,90,80,80,59,59,32,27,0,59,0,16,16,0.6271186440677966,0.6271186440677966,0.0,0.0,0.0,0.6271186440571676,37,22,0,0
sem_erro,catboost,oscilacao,90,85,85,55,55,29,26,0,55,0,14,14,0.6727272727272727,0.6727272727272727,0.0,0.0,0.0,0.6727272727150414,37,18,0,0
sem_erro,catboost,oscilacao,90,90,90,52,52,30,22,0,52,0,14,14,0.4807692307692308,0.4807692307692308,0.0,0.0,0.0,0.48076923075998523,25,27,0,0
sem_erro,catboost,oscilacao,100,5,5,931,931,522,409,0,931,0,41,41,0.5671321160042965,0.5671321160042965,0.0,0.0,0.0,0.5671321160036873,528,403,0,0
sem_erro,catboost,oscilacao,100,10,10,466,466,262,204,0,466,0,36,36,0.5515021459227468,0.5515021459227468,0.0,0.0,0.0,0.5515021459215633,257,209,0,0
sem_erro,catboost,oscilacao,100,15,15,311,311,176,135,0,311,0,31,31,0.5337620578778135,0.5337620578778135,0.0,0.0,0.0,0.5337620578760972,166,145,0,0
sem_erro,catboost,oscilacao,100,20,20,233,233,130,103,0,233,0,34,34,0.5708154506437768,0.5708154506437768,0.0,0.0,0.0,0.570815450641327,133,100,0,0
sem_erro,catboost,oscilacao,100,25,25,187,187,107,80,0,187,0,28,28,0.5454545454545454,0.5454545454545454,0.0,0.0,0.0,0.5454545454516286,102,85,0,0
sem_erro,catboost,oscilacao,100,30,30,156,156,86,70,0,156,0,28,28,0.5705128205128205,0.5705128205128205,0.0,0.0,0.0,0.5705128205091634,89,67,0,0
sem_erro,catboost,oscilacao,100,35,35,133,133,74,59,0,133,0,25,25,0.48120300751879697,0.48120300751879697,0.0,0.0,0.0,0.48120300751517897,64,69,0,0
sem_erro,catboost,oscilacao,100,40,40,117,117,66,51,0,117,0,27,27,0.5042735042735043,0.5042735042735043,0.0,0.0,0.0,0.5042735042691943,59,58,0,0
sem_erro,catboost,oscilacao,100,45,45,104,104,59,45,0,104,0,24,24,0.5096153846153846,0.5096153846153846,0.0,0.0,0.0,0.5096153846104845,53,51,0,0
sem_erro,catboost,oscilacao,100,50,50,94,94,53,41,0,94,0,24,24,0.5638297872340425,0.5638297872340425,0.0,0.0,0.0,0.5638297872280443,53,41,0,0
sem_erro,catboost,oscilacao,100,55,55,85,85,47,38,0,85,0,25,25,0.5411764705882353,0.5411764705882353,0.0,0.0,0.0,0.5411764705818685,46,39,0,0
sem_erro,catboost,oscilacao,100,60,60,78,78,43,35,0,78,0,21,21,0.5256410256410257,0.5256410256410257,0.0,0.0,0.0,0.5256410256342866,41,37,0,0
sem_erro,catboost,oscilacao,100,65,65,72,72,39,33,0,72,0,22,22,0.5277777777777778,0.5277777777777778,0.0,0.0,0.0,0.5277777777704475,38,34,0,0
sem_erro,catboost,oscilacao,100,70,70,67,67,37,30,0,67,0,23,23,0.5522388059701493,0.5522388059701493,0.0,0.0,0.0,0.5522388059619069,37,30,0,0
sem_erro,catboost,oscilacao,100,75,75,63,63,37,26,0,63,0,18,18,0.6190476190476191,0.6190476190476191,0.0,0.0,0.0,0.6190476190377929,39,24,0,0
sem_erro,catboost,oscilacao,100,80,80,59,59,33,26,0,59,0,20,20,0.6101694915254238,0.6101694915254238,0.0,0.0,0.0,0.6101694915150819,36,23,0,0
sem_erro,catboost,oscilacao,100,85,85,55,55,31,24,0,55,0,17,17,0.5818181818181818,0.5818181818181818,0.0,0.0,0.0,0.5818181818076034,32,23,0,0
sem_erro,catboost,oscilacao,100,90,90,52,52,32,20,0,52,0,14,14,0.4423076923076923,0.4423076923076923,0.0,0.0,0.0,0.44230769229918643,23,29,0,0
sem_erro,catboost,oscilacao,100,95,95,49,49,27,22,0,49,0,12,12,0.4897959183673469,0.4897959183673469,0.0,0.0,0.0,0.48979591835735115,24,25,0,0
sem_erro,catboost,oscilacao,100,100,100,47,47,24,23,0,47,0,10,10,0.48936170212765956,0.48936170212765956,0.0,0.0,0.0,0.48936170211724767,23,24,0,0
sem_erro,catboost,queda,20,5,5,947,947,189,758,0,947,0,27,27,0.9577613516367476,0.9577613516367476,0.0,0.0,0.0,0.9577613516357363,907,40,0,0
sem_erro,catboost,queda,20,10,10,474,474,92,382,0,474,0,16,16,0.9556962025316456,0.9556962025316456,0.0,0.0,0.0,0.9556962025296294,453,21,0,0
sem_erro,catboost,queda,20,15,15,316,316,63,253,0,316,0,13,13,0.9462025316455697,0.9462025316455697,0.0,0.0,0.0,0.9462025316425754,299,17,0,0
sem_erro,catboost,queda,20,20,20,237,237,45,192,0,237,0,8,8,0.9662447257383966,0.9662447257383966,0.0,0.0,0.0,0.9662447257343196,229,8,0,0
sem_erro,catboost,queda,30,5,5,945,945,227,718,0,945,0,25,25,0.9259259259259259,0.9259259259259259,0.0,0.0,0.0,0.9259259259249462,875,70,0,0
sem_erro,catboost,queda,30,10,10,473,473,111,362,0,473,0,16,16,0.9429175475687104,0.9429175475687104,0.0,0.0,0.0,0.9429175475667169,446,27,0,0
sem_erro,catboost,queda,30,15,15,315,315,77,238,0,315,0,14,14,0.9301587301587302,0.9301587301587302,0.0,0.0,0.0,0.9301587301557773,293,22,0,0
sem_erro,catboost,queda,30,20,20,237,237,56,181,0,237,0,11,11,0.9367088607594937,0.9367088607594937,0.0,0.0,0.0,0.9367088607555414,222,15,0,0
sem_erro,catboost,queda,30,25,25,189,189,45,144,0,189,0,14,14,0.91005291005291,0.91005291005291,0.0,0.0,0.0,0.910052910048095,172,17,0,0
sem_erro,catboost,queda,30,30,30,158,158,38,120,0,158,0,7,7,0.9430379746835443,0.9430379746835443,0.0,0.0,0.0,0.9430379746775758,149,9,0,0
sem_erro,catboost,queda,40,5,5,943,943,261,682,0,943,0,30,30,0.8981972428419936,0.8981972428419936,0.0,0.0,0.0,0.8981972428410412,847,96,0,0
sem_erro,catboost,queda,40,10,10,472,472,129,343,0,472,0,16,16,0.9258474576271186,0.9258474576271186,0.0,0.0,0.0,0.9258474576251571,437,35,0,0
sem_erro,catboost,queda,40,15,15,315,315,88,227,0,315,0,11,11,0.946031746031746,0.946031746031746,0.0,0.0,0.0,0.9460317460287427,298,17,0,0
sem_erro,catboost,queda,40,20,20,236,236,64,172,0,236,0,14,14,0.9194915254237288,0.9194915254237288,0.0,0.0,0.0,0.9194915254198327,217,19,0,0
sem_erro,catboost,queda,40,25,25,189,189,53,136,0,189,0,13,13,0.91005291005291,0.91005291005291,0.0,0.0,0.0,0.910052910048095,172,17,0,0
sem_erro,catboost,queda,40,30,30,158,158,43,115,0,158,0,9,9,0.9240506329113924,0.9240506329113924,0.0,0.0,0.0,0.924050632905544,146,12,0,0
sem_erro,catboost,queda,40,35,35,135,135,36,99,0,135,0,8,8,0.9111111111111111,0.9111111111111111,0.0,0.0,0.0,0.9111111111043622,123,12,0,0
sem_erro,catboost,queda,40,40,40,118,118,33,85,0,118,0,10,10,0.9067796610169492,0.9067796610169492,0.0,0.0,0.0,0.9067796610092645,107,11,0,0
sem_erro,catboost,queda,50,5,5,941,941,293,648,0,941,0,32,32,0.8862911795961743,0.8862911795961743,0.0,0.0,0.0,0.8862911795952324,834,107,0,0
sem_erro,catboost,queda,50,10,10,471,471,145,326,0,471,0,25,25,0.8789808917197452,0.8789808917197452,0.0,0.0,0.0,0.8789808917178791,414,57,0,0
sem_erro,catboost,queda,50,15,15,314,314,98,216,0,314,0,18,18,0.9076433121019108,0.9076433121019108,0.0,0.0,0.0,0.9076433120990203,285,29,0,0
sem_erro,catboost,queda,50,20,20,236,236,73,163,0,236,0,14,14,0.8898305084745762,0.8898305084745762,0.0,0.0,0.0,0.8898305084708058,210,26,0,0
sem_erro,catboost,queda,50,25,25,189,189,59,130,0,189,0,16,16,0.9047619047619048,0.9047619047619048,0.0,0.0,0.0,0.9047619047571177,171,18,0,0
sem_erro,catboost,queda,50,30,30,157,157,48,109,0,157,0,12,12,0.9044585987261147,0.9044585987261147,0.0,0.0,0.0,0.9044585987203538,142,15,0,0
sem_erro,catboost,queda,50,35,35,135,135,40,95,0,135,0,11,11,0.8888888888888888,0.8888888888888888,0.0,0.0,0.0,0.8888888888823046,120,15,0,0
sem_erro,catboost,queda,50,40,40,118,118,36,82,0,118,0,15,15,0.8220338983050848,0.8220338983050848,0.0,0.0,0.0,0.8220338982981183,97,21,0,0
sem_erro,catboost,queda,50,45,45,105,105,34,71,0,105,0,12,12,0.8476190476190476,0.8476190476190476,0.0,0.0,0.0,0.8476190476109751,89,16,0,0
sem_erro,catboost,queda,50,50,50,95,95,30,65,0,95,0,15,15,0.8105263157894737,0.8105263157894737,0.0,0.0,0.0,0.8105263157809418,77,18,0,0
sem_erro,catboost,queda,60,5,5,939,939,324,615,0,939,0,28,28,0.8636847710330139,0.8636847710330139,0.0,0.0,0.0,0.8636847710320941,811,128,0,0
sem_erro,catboost,queda,60,10,10,470,470,161,309,0,470,0,28,28,0.8531914893617021,0.8531914893617021,0.0,0.0,0.0,0.8531914893598869,401,69,0,0
sem_erro,catboost,queda,60,15,15,313,313,109,204,0,313,0,18,18,0.865814696485623,0.865814696485623,0.0,0.0,0.0,0.8658146964828568,271,42,0,0
sem_erro,catboost,queda,60,20,20,235,235,80,155,0,235,0,18,18,0.8680851063829788,0.8680851063829788,0.0,0.0,0.0,0.8680851063792848,204,31,0,0
sem_erro,catboost,queda,60,25,25,188,188,66,122,0,188,0,23,23,0.8191489361702128,0.8191489361702128,0.0,0.0,0.0,0.8191489361658556,154,34,0,0
sem_erro,catboost,queda,60,30,30,157,157,54,103,0,157,0,17,17,0.8598726114649682,0.8598726114649682,0.0,0.0,0.0,0.8598726114594913,135,22,0,0
sem_erro,catboost,queda,60,35,35,135,135,46,89,0,135,0,14,14,0.8666666666666667,0.8666666666666667,0.0,0.0,0.0,0.8666666666602469,117,18,0,0
sem_erro,catboost,queda,60,40,40,118,118,40,78,0,118,0,19,19,0.7711864406779662,0.7711864406779662,0.0,0.0,0.0,0.7711864406714306,91,27,0,0
sem_erro,catboost,queda,60,45,45,105,105,38,67,0,105,0,13,13,0.8380952380952381,0.8380952380952381,0.0,0.0,0.0,0.8380952380872562,88,17,0,0
sem_erro,catboost,queda,60,50,50,94,94,32,62,0,94,0,14,14,0.8085106382978723,0.8085106382978723,0.0,0.0,0.0,0.8085106382892712,76,18,0,0
sem_erro,catboost,queda,60,55,55,86,86,25,61,0,86,0,11,11,0.872093023255814,0.872093023255814,0.0,0.0,0.0,0.8720930232456733,75,11,0,0
sem_erro,catboost,queda,60,60,60,79,79,27,52,0,79,0,11,11,0.8354430379746836,0.8354430379746836,0.0,0.0,0.0,0.8354430379641082,66,13,0,0
sem_erro,catboost,queda,70,5,5,937,937,354,583,0,937,0,35,35,0.8217716115261473,0.8217716115261473,0.0,0.0,0.0,0.8217716115252702,770,167,0,0
sem_erro,catboost,queda,70,10,10,469,469,176,293,0,469,0,30,30,0.7995735607675906,0.7995735607675906,0.0,0.0,0.0,0.7995735607658858,375,94,0,0
sem_erro,catboost,queda,70,15,15,313,313,119,194,0,313,0,26,26,0.8370607028753994,0.8370607028753994,0.0,0.0,0.0,0.837060702872725,262,51,0,0
sem_erro,catboost,queda,70,20,20,235,235,88,147,0,235,0,22,22,0.8212765957446808,0.8212765957446808,0.0,0.0,0.0,0.821276595741186,193,42,0,0
sem_erro,catboost,queda,70,25,25,188,188,71,117,0,188,0,20,20,0.8138297872340425,0.8138297872340425,0.0,0.0,0.0,0.8138297872297137,153,35,0,0
sem_erro,catboost,queda,70,30,30,157,157,59,98,0,157,0,23,23,0.8152866242038217,0.8152866242038217,0.0,0.0,0.0,0.8152866241986289,128,29,0,0
sem_erro,catboost,queda,70,35,35,134,134,50,84,0,134,0,14,14,0.8582089552238806,0.8582089552238806,0.0,0.0,0.0,0.8582089552174761,115,19,0,0
sem_erro,catboost,queda,70,40,40,118,118,45,73,0,118,0,23,23,0.7457627118644068,0.7457627118644068,0.0,0.0,0.0,0.7457627118580867,88,30,0,0
sem_erro,catboost,queda,70,45,45,105,105,42,63,0,105,0,19,19,0.7333333333333333,0.7333333333333333,0.0,0.0,0.0,0.7333333333263492,77,28,0,0
sem_erro,catboost,queda,70,50,50,94,94,34,60,0,94,0,16,16,0.8085106382978723,0.8085106382978723,0.0,0.0,0.0,0.8085106382892712,76,18,0,0
sem_erro,catboost,queda,70,55,55,86,86,33,53,0,86,0,13,13,0.7906976744186046,0.7906976744186046,0.0,0.0,0.0,0.7906976744094104,68,18,0,0
sem_erro,catboost,queda,70,60,60,79,79,30,49,0,79,0,12,12,0.810126582278481,0.810126582278481,0.0,0.0,0.0,0.8101265822682262,64,15,0,0
sem_erro,catboost,queda,70,65,65,73,73,29,44,0,73,0,17,17,0.6712328767123288,0.6712328767123288,0.0,0.0,0.0,0.6712328767031338,49,24,0,0
sem_erro,catboost,queda,70,70,70,67,67,26,41,0,67,0,10,10,0.7611940298507462,0.7611940298507462,0.0,0.0,0.0,0.7611940298393851,51,16,0,0
sem_erro,catboost,queda,80,5,5,935,935,384,551,0,935,0,37,37,0.7647058823529411,0.7647058823529411,0.0,0.0,0.0,0.7647058823521233,715,220,0,0
sem_erro,catboost,queda,80,10,10,468,468,191,277,0,468,0,35,35,0.7606837606837606,0.7606837606837606,0.0,0.0,0.0,0.7606837606821353,356,112,0,0
sem_erro,catboost,queda,80,15,15,312,312,129,183,0,312,0,29,29,0.7788461538461539,0.7788461538461539,0.0,0.0,0.0,0.7788461538436575,243,69,0,0
sem_erro,catboost,queda,80,20,20,234,234,95,139,0,234,0,30,30,0.7307692307692307,0.7307692307692307,0.0,0.0,0.0,0.7307692307661079,171,63,0,0
sem_erro,catboost,queda,80,25,25,187,187,76,111,0,187,0,22,22,0.7754010695187166,0.7754010695187166,0.0,0.0,0.0,0.7754010695145701,145,42,0,0
sem_erro,catboost,queda,80,30,30,156,156,64,92,0,156,0,23,23,0.782051282051282,0.782051282051282,0.0,0.0,0.0,0.782051282046269,122,34,0,0
sem_erro,catboost,queda,80,35,35,134,134,54,80,0,134,0,22,22,0.7686567164179104,0.7686567164179104,0.0,0.0,0.0,0.7686567164121743,103,31,0,0
sem_erro,catboost,queda,80,40,40,117,117,48,69,0,117,0,23,23,0.717948717948718,0.717948717948718,0.0,0.0,0.0,0.7179487179425816,84,33,0,0
sem_erro,catboost,queda,80,45,45,104,104,45,59,0,104,0,17,17,0.7115384615384616,0.7115384615384616,0.0,0.0,0.0,0.7115384615316198,74,30,0,0
sem_erro,catboost,queda,80,50,50,94,94,37,57,0,94,0,14,14,0.7340425531914894,0.7340425531914894,0.0,0.0,0.0,0.7340425531836804,69,25,0,0
sem_erro,catboost,queda,80,55,55,85,85,36,49,0,85,0,13,13,0.7647058823529411,0.7647058823529411,0.0,0.0,0.0,0.7647058823439447,65,20,0,0
sem_erro,catboost,queda,80,60,60,78,78,32,46,0,78,0,11,11,0.8076923076923077,0.8076923076923077,0.0,0.0,0.0,0.8076923076819527,63,15,0,0
sem_erro,catboost,queda,80,65,65,72,72,28,44,0,72,0,10,10,0.7083333333333334,0.7083333333333334,0.0,0.0,0.0,0.7083333333234954,51,21,0,0
sem_erro,catboost,queda,80,70,70,67,67,27,40,0,67,0,10,10,0.7014925373134329,0.7014925373134329,0.0,0.0,0.0,0.7014925373029628,47,20,0,0
sem_erro,catboost,queda,80,75,75,63,63,25,38,0,63,0,9,9,0.8253968253968254,0.8253968253968254,0.0,0.0,0.0,0.8253968253837239,52,11,0,0
sem_erro,catboost,queda,80,80,80,59,59,24,35,0,59,0,11,11,0.711864406779661,0.711864406779661,0.0,0.0,0.0,0.7118644067675955,42,17,0,0
sem_erro,catboost,queda,90,5,5,933,933,412,521,0,933,0,46,46,0.6881028938906752,0.6881028938906752,0.0,0.0,0.0,0.6881028938899377,642,291,0,0
sem_erro,catboost,queda,90,10,10,467,467,205,262,0,467,0,38,38,0.6916488222698073,0.6916488222698073,0.0,0.0,0.0,0.6916488222683262,323,144,0,0
sem_erro,catboost,queda,90,15,15,311,311,138,173,0,311,0,31,31,0.7331189710610932,0.7331189710610932,0.0,0.0,0.0,0.733118971058736,228,83,0,0
sem_erro,catboost,queda,90,20,20,234,234,102,132,0,234,0,30,30,0.7393162393162394,0.7393162393162394,0.0,0.0,0.0,0.7393162393130799,173,61,0,0
sem_erro,catboost,queda,90,25,25,187,187,84,103,0,187,0,26,26,0.7165775401069518,0.7165775401069518,0.0,0.0,0.0,0.7165775401031199,134,53,0,0
sem_erro,catboost,queda,90,30,30,156,156,69,87,0,156,0,23,23,0.7628205128205128,0.7628205128205128,0.0,0.0,0.0,0.762820512815623,119,37,0,0
sem_erro,catboost,queda,90,35,35,134,134,56,78,0,134,0,24,24,0.7164179104477612,0.7164179104477612,0.0,0.0,0.0,0.7164179104424149,96,38,0,0
sem_erro,catboost,queda,90,40,40,117,117,50,67,0,117,0,18,18,0.7094017094017094,0.7094017094017094,0.0,0.0,0.0,0.7094017093956461,83,34,0,0
sem_erro,catboost,queda,90,45,45,104,104,46,58,0,104,0,22,22,0.6826923076923077,0.6826923076923077,0.0,0.0,0.0,0.6826923076857433,71,33,0,0
sem_erro,catboost,queda,90,50,50,94,94,42,52,0,94,0,15,15,0.5957446808510638,0.5957446808510638,0.0,0.0,0.0,0.5957446808447261,56,38,0,0
sem_erro,catboost,queda,90,55,55,85,85,36,49,0,85,0,15,15,0.7058823529411765,0.7058823529411765,0.0,0.0,0.0,0.7058823529328719,60,25,0,0
sem_erro,catboost,queda,90,60,60,78,78,34,44,0,78,0,12,12,0.7692307692307693,0.7692307692307693,0.0,0.0,0.0,0.7692307692209073,60,18,0,0
sem_erro,catboost,queda,90,65,65,72,72,35,37,0,72,0,13,13,0.5694444444444444,0.5694444444444444,0.0,0.0,0.0,0.5694444444365354,41,31,0,0
sem_erro,catboost,queda,90,70,70,67,67,27,40,0,67,0,11,11,0.6865671641791045,0.6865671641791045,0.0,0.0,0.0,0.6865671641688572,46,21,0,0
sem_erro,catboost,queda,90,75,75,63,63,26,37,0,63,0,7,7,0.8412698412698413,0.8412698412698413,0.0,0.0,0.0,0.8412698412564878,53,10,0,0
sem_erro,catboost,queda,90,80,80,59,59,26,33,0,59,0,13,13,0.5932203389830508,0.5932203389830508,0.0,0.0,0.0,0.5932203389729963,35,24,0,0
sem_erro,catboost,queda,90,85,85,55,55,24,31,0,55,0,13,13,0.5454545454545454,0.5454545454545454,0.0,0.0,0.0,0.5454545454446281,30,25,0,0
sem_erro,catboost,queda,90,90,90,52,52,23,29,0,52,0,9,9,0.7307692307692307,0.7307692307692307,0.0,0.0,0.0,0.7307692307551775,38,14,0,0
sem_erro,catboost,queda,100,5,5,931,931,438,493,0,931,0,45,45,0.6455424274973147,0.6455424274973147,0.0,0.0,0.0,0.6455424274966214,601,330,0,0
sem_erro,catboost,queda,100,10,10,466,466,218,248,0,466,0,38,38,0.628755364806867,0.628755364806867,0.0,0.0,0.0,0.6287553648055177,293,173,0,0
sem_erro,catboost,queda,100,15,15,311,311,146,165,0,311,0,31,31,0.6302250803858521,0.6302250803858521,0.0,0.0,0.0,0.6302250803838256,196,115,0,0
sem_erro,catboost,queda,100,20,20,233,233,108,125,0,233,0,28,28,0.630901287553648,0.630901287553648,0.0,0.0,0.0,0.6309012875509403,147,86,0,0
sem_erro,catboost,queda,100,25,25,187,187,87,100,0,187,0,26,26,0.5989304812834224,0.5989304812834224,0.0,0.0,0.0,0.5989304812802196,112,75,0,0
sem_erro,catboost,queda,100,30,30,156,156,73,83,0,156,0,23,23,0.6474358974358975,0.6474358974358975,0.0,0.0,0.0,0.6474358974317472,101,55,0,0
sem_erro,catboost,queda,100,35,35,133,133,62,71,0,133,0,20,20,0.706766917293233,0.706766917293233,0.0,0.0,0.0,0.7067669172879191,94,39,0,0
sem_erro,catboost,queda,100,40,40,117,117,53,64,0,117,0,21,21,0.5811965811965812,0.5811965811965812,0.0,0.0,0.0,0.5811965811916137,68,49,0,0
sem_erro,catboost,queda,100,45,45,104,104,49,55,0,104,0,19,19,0.6442307692307693,0.6442307692307693,0.0,0.0,0.0,0.6442307692245747,67,37,0,0
sem_erro,catboost,queda,100,50,50,94,94,44,50,0,94,0,15,15,0.6063829787234043,0.6063829787234043,0.0,0.0,0.0,0.6063829787169533,57,37,0,0
sem_erro,catboost,queda,100,55,55,85,85,39,46,0,85,0,13,13,0.6235294117647059,0.6235294117647059,0.0,0.0,0.0,0.6235294117573702,53,32,0,0
sem_erro,catboost,queda,100,60,60,78,78,36,42,0,78,0,18,18,0.6282051282051282,0.6282051282051282,0.0,0.0,0.0,0.6282051281970743,49,29,0,0
sem_erro,catboost,queda,100,65,65,72,72,36,36,0,72,0,11,11,0.5,0.5,0.0,0.0,0.0,0.49999999999305555,36,36,0,0
sem_erro,catboost,queda,100,70,70,67,67,29,38,0,67,0,14,14,0.582089552238806,0.582089552238806,0.0,0.0,0.0,0.582089552230118,39,28,0,0
sem_erro,catboost,queda,100,75,75,63,63,28,35,0,63,0,9,9,0.7142857142857143,0.7142857142857143,0.0,0.0,0.0,0.7142857142743765,45,18,0,0
sem_erro,catboost,queda,100,80,80,59,59,27,32,0,59,0,12,12,0.4576271186440678,0.4576271186440678,0.0,0.0,0.0,0.45762711863631145,27,32,0,0
sem_erro,catboost,queda,100,85,85,55,55,25,30,0,55,0,12,12,0.509090909090909,0.509090909090909,0.0,0.0,0.0,0.5090909090816529,28,27,0,0
sem_erro,catboost,queda,100,90,90,52,52,25,27,0,52,0,12,12,0.5961538461538461,0.5961538461538461,0.0,0.0,0.0,0.5961538461423816,31,21,0,0
sem_erro,catboost,queda,100,95,95,49,49,23,26,0,49,0,11,11,0.5306122448979592,0.5306122448979592,0.0,0.0,0.0,0.5306122448871304,26,23,0,0
sem_erro,catboost,queda,100,100,100,47,47,20,27,0,47,0,9,9,0.6595744680851063,0.6595744680851063,0.0,0.0,0.0,0.6595744680710729,31,16,0,0
sem_erro,mlp,lacuna,20,5,5,947,947,254,693,0,947,0,0,0,1.0,1.0,0.0,0.0,0.0,0.9999999999989441,947,0,0,0
sem_erro,mlp,lacuna,20,10,10,474,474,125,349,0,474,0,0,0,1.0,1.0,0.0,0.0,0.0,0.9999999999978904,474,0,0,0
sem_erro,mlp,lacuna,20,15,15,316,316,86,230,0,316,0,0,0,1.0,1.0,0.0,0.0,0.0,0.9999999999968355,316,0,0,0
sem_erro,mlp,lacuna,20,20,20,237,237,63,174,0,237,0,0,0,1.0,1.0,0.0,0.0,0.0,0.9999999999957806,237,0,0,0
sem_erro,mlp,lacuna,30,5,5,945,945,292,653,0,945,0,0,0,1.0,1.0,0.0,0.0,0.0,0.9999999999989418,945,0,0,0
sem_erro,mlp,lacuna,30,10,10,473,473,144,329,0,473,0,0,0,1.0,1.0,0.0,0.0,0.0,0.9999999999978858,473,0,0,0
sem_erro,mlp,lacuna,30,15,15,315,315,96,219,0,315,0,0,0,1.0,1.0,0.0,0.0,0.0,0.9999999999968254,315,0,0,0
sem_erro,mlp,lacuna,30,20,20,237,237,71,166,0,237,0,1,1,0.9957805907172996,0.9957805907172996,0.0,0.0,0.0,0.995780590713098,236,1,0,0
sem_erro,mlp,lacuna,30,25,25,189,189,57,132,0,189,0,1,1,0.9947089947089947,0.9947089947089947,0.0,0.0,0.0,0.9947089947037318,188,1,0,0
sem_erro,mlp,lacuna,30,30,30,158,158,50,108,0,158,0,0,0,1.0,1.0,0.0,0.0,0.0,0.999999999993671,158,0,0,0
sem_erro,mlp,lacuna,40,5,5,943,943,329,614,0,943,0,0,0,1.0,1.0,0.0,0.0,0.0,0.9999999999989395,943,0,0,0
sem_erro,mlp,lacuna,40,10,10,472,472,163,309,0,472,0,0,0,1.0,1.0,0.0,0.0,0.0,0.9999999999978814,472,0,0,0
sem_erro,mlp,lacuna,40,15,15,315,315,112,203,0,315,0,0,0,1.0,1.0,0.0,0.0,0.0,0.9999999999968254,315,0,0,0
sem_erro,mlp,lacuna,40,20,20,236,236,82,154,0,236,0,2,2,0.9915254237288136,0.9915254237288136,0.0,0.0,0.0,0.9915254237246123,234,2,0,0
sem_erro,mlp,lacuna,40,25,25,189,189,65,124,0,189,0,0,0,1.0,1.0,0.0,0.0,0.0,0.999999999994709,189,0,0,0
sem_erro,mlp,lacuna,40,30,30,158,158,56,102,0,158,0,0,0,1.0,1.0,0.0,0.0,0.0,0.999999999993671,158,0,0,0
sem_erro,mlp,lacuna,40,35,35,135,135,44,91,0,135,0,3,3,0.9777777777777777,0.9777777777777777,0.0,0.0,0.0,0.9777777777705351,132,3,0,0
sem_erro,mlp,lacuna,40,40,40,118,118,44,74,0,118,0,2,2,0.9830508474576272,0.9830508474576272,0.0,0.0,0.0,0.9830508474492962,116,2,0,0
sem_erro,mlp,lacuna,50,5,5,941,941,364,577,0,941,0,2,2,0.9914984059511158,0.9914984059511158,0.0,0.0,0.0,0.9914984059500622,933,8,0,0
sem_erro,mlp,lacuna,50,10,10,471,471,181,290,0,471,0,0,0,1.0,1.0,0.0,0.0,0.0,0.9999999999978769,471,0,0,0
sem_erro,mlp,lacuna,50,15,15,314,314,122,192,0,314,0,1,1,0.9968152866242038,0.9968152866242038,0.0,0.0,0.0,0.9968152866210293,313,1,0,0
sem_erro,mlp,lacuna,50,20,20,236,236,89,147,0,236,0,2,2,0.9872881355932204,0.9872881355932204,0.0,0.0,0.0,0.9872881355890369,233,3,0,0
sem_erro,mlp,lacuna,50,25,25,189,189,73,116,0,189,0,1,1,0.9947089947089947,0.9947089947089947,0.0,0.0,0.0,0.9947089947037318,188,1,0,0
sem_erro,mlp,lacuna,50,30,30,157,157,62,95,0,157,0,1,1,0.9936305732484076,0.9936305732484076,0.0,0.0,0.0,0.9936305732420788,156,1,0,0
sem_erro,mlp,lacuna,50,35,35,135,135,51,84,0,135,0,2,2,0.9851851851851852,0.9851851851851852,0.0,0.0,0.0,0.9851851851778876,133,2,0,0
sem_erro,mlp,lacuna,50,40,40,118,118,45,73,0,118,0,1,1,0.9915254237288136,0.9915254237288136,0.0,0.0,0.0,0.9915254237204107,117,1,0,0
sem_erro,mlp,lacuna,50,45,45,105,105,41,64,0,105,0,1,1,0.9904761904761905,0.9904761904761905,0.0,0.0,0.0,0.9904761904667574,104,1,0,0
sem_erro,mlp,lacuna,50,50,50,95,95,37,58,0,95,0,1,1,0.9894736842105263,0.9894736842105263,0.0,0.0,0.0,0.9894736842001107,94,1,0,0
sem_erro,mlp,lacuna,60,5,5,939,939,398,541,0,939,0,0,0,1.0,1.0,0.0,0.0,0.0,0.9999999999989351,939,0,0,0
sem_erro,mlp,lacuna,60,10,10,470,470,198,272,0,470,0,0,0,1.0,1.0,0.0,0.0,0.0,0.9999999999978724,470,0,0,0
sem_erro,mlp,lacuna,60,15,15,313,313,132,181,0,313,0,4,4,0.987220447284345,0.987220447284345,0.0,0.0,0.0,0.9872204472811911,309,4,0,0
sem_erro,mlp,lacuna,60,20,20,235,235,100,135,0,235,0,3,3,0.9787234042553191,0.9787234042553191,0.0,0.0,0.0,0.9787234042511544,230,5,0,0
sem_erro,mlp,lacuna,60,25,25,188,188,80,108,0,188,0,3,3,0.9787234042553191,0.9787234042553191,0.0,0.0,0.0,0.9787234042501133,184,4,0,0
sem_erro,mlp,lacuna,60,30,30,157,157,69,88,0,157,0,2,2,0.9872611464968153,0.9872611464968153,0.0,0.0,0.0,0.9872611464905271,155,2,0,0
sem_erro,mlp,lacuna,60,35,35,135,135,56,79,0,135,0,3,3,0.9777777777777777,0.9777777777777777,0.0,0.0,0.0,0.9777777777705351,132,3,0,0
sem_erro,mlp,lacuna,60,40,40,118,118,49,69,0,118,0,2,2,0.9830508474576272,0.9830508474576272,0.0,0.0,0.0,0.9830508474492962,116,2,0,0
sem_erro,mlp,lacuna,60,45,45,105,105,43,62,0,105,0,1,1,0.9809523809523809,0.9809523809523809,0.0,0.0,0.0,0.9809523809430385,103,2,0,0
sem_erro,mlp,lacuna,60,50,50,94,94,40,54,0,94,0,2,2,0.9787234042553191,0.9787234042553191,0.0,0.0,0.0,0.9787234042449071,92,2,0,0
sem_erro,mlp,lacuna,60,55,55,86,86,35,51,0,86,0,3,3,0.9651162790697675,0.9651162790697675,0.0,0.0,0.0,0.9651162790585451,83,3,0,0
sem_erro,mlp,lacuna,60,60,60,79,79,35,44,0,79,0,1,1,0.9873417721518988,0.9873417721518988,0.0,0.0,0.0,0.9873417721394007,78,1,0,0
sem_erro,mlp,lacuna,70,5,5,937,937,430,507,0,937,0,1,1,0.9989327641408752,0.9989327641408752,0.0,0.0,0.0,0.998932764139809,936,1,0,0
sem_erro,mlp,lacuna,70,10,10,469,469,214,255,0,469,0,0,0,1.0,1.0,0.0,0.0,0.0,0.9999999999978678,469,0,0,0
sem_erro,mlp,lacuna,70,15,15,313,313,145,168,0,313,0,0,0,1.0,1.0,0.0,0.0,0.0,0.9999999999968051,313,0,0,0
sem_erro,mlp,lacuna,70,20,20,235,235,106,129,0,235,0,2,2,0.9787234042553191,0.9787234042553191,0.0,0.0,0.0,0.9787234042511544,230,5,0,0
sem_erro,mlp,lacuna,70,25,25,188,188,87,101,0,188,0,1,1,0.9946808510638298,0.9946808510638298,0.0,0.0,0.0,0.994680851058539,187,1,0,0
sem_erro,mlp,lacuna,70,30,30,157,157,73,84,0,157,0,0,0,1.0,1.0,0.0,0.0,0.0,0.9999999999936307,157,0,0,0
sem_erro,mlp,lacuna,70,35,35,134,134,57,77,0,134,0,3,3,0.9626865671641791,0.9626865671641791,0.0,0.0,0.0,0.962686567156995,129,5,0,0
sem_erro,mlp,lacuna,70,40,40,118,118,54,64,0,118,0,3,3,0.9745762711864406,0.9745762711864406,0.0,0.0,0.0,0.9745762711781816,115,3,0,0
sem_erro,mlp,lacuna,70,45,45,105,105,48,57,0,105,0,0,0,1.0,1.0,0.0,0.0,0.0,0.9999999999904762,105,0,0,0
sem_erro,mlp,lacuna,70,50,50,94,94,43,51,0,94,0,1,1,0.9893617021276596,0.9893617021276596,0.0,0.0,0.0,0.9893617021171344,93,1,0,0
sem_erro,mlp,lacuna,70,55,55,86,86,38,48,0,86,0,0,0,1.0,1.0,0.0,0.0,0.0,0.9999999999883721,86,0,0,0
sem_erro,mlp,lacuna,70,60,60,79,79,36,43,0,79,0,1,1,0.9873417721518988,0.9873417721518988,0.0,0.0,0.0,0.9873417721394007,78,1,0,0
sem_erro,mlp,lacuna,70,65,65,73,73,34,39,0,73,0,0,0,1.0,1.0,0.0,0.0,0.0,0.9999999999863013,73,0,0,0
sem_erro,mlp,lacuna,70,70,70,67,67,30,37,0,67,0,2,2,0.9701492537313433,0.9701492537313433,0.0,0.0,0.0,0.9701492537168634,65,2,0,0
sem_erro,mlp,lacuna,80,5,5,935,935,459,476,0,935,0,3,3,0.9925133689839573,0.9925133689839573,0.0,0.0,0.0,0.9925133689828958,928,7,0,0
sem_erro,mlp,lacuna,80,10,10,468,468,228,240,0,468,0,1,1,0.9978632478632479,0.9978632478632479,0.0,0.0,0.0,0.9978632478611157,467,1,0,0
sem_erro,mlp,lacuna,80,15,15,312,312,154,158,0,312,0,2,2,0.9807692307692307,0.9807692307692307,0.0,0.0,0.0,0.9807692307660874,306,6,0,0
sem_erro,mlp,lacuna,80,20,20,234,234,115,119,0,234,0,2,2,0.9871794871794872,0.9871794871794872,0.0,0.0,0.0,0.9871794871752685,231,3,0,0
sem_erro,mlp,lacuna,80,25,25,187,187,90,97,0,187,0,1,1,0.9946524064171123,0.9946524064171123,0.0,0.0,0.0,0.9946524064117933,186,1,0,0
sem_erro,mlp,lacuna,80,30,30,156,156,78,78,0,156,0,2,2,0.9871794871794872,0.9871794871794872,0.0,0.0,0.0,0.9871794871731592,154,2,0,0
sem_erro,mlp,lacuna,80,35,35,134,134,62,72,0,134,0,2,2,0.9776119402985075,0.9776119402985075,0.0,0.0,0.0,0.9776119402912119,131,3,0,0
sem_erro,mlp,lacuna,80,40,40,117,117,60,57,0,117,0,1,1,0.9914529914529915,0.9914529914529915,0.0,0.0,0.0,0.9914529914445175,116,1,0,0
sem_erro,mlp,lacuna,80,45,45,104,104,52,52,0,104,0,0,0,1.0,1.0,0.0,0.0,0.0,0.9999999999903846,104,0,0,0
sem_erro,mlp,lacuna,80,50,50,94,94,44,50,0,94,0,0,0,1.0,1.0,0.0,0.0,0.0,0.9999999999893616,94,0,0,0
sem_erro,mlp,lacuna,80,55,55,85,85,38,47,0,85,0,0,0,1.0,1.0,0.0,0.0,0.0,0.9999999999882353,85,0,0,0
sem_erro,mlp,lacuna,80,60,60,78,78,39,39,0,78,0,3,3,0.9487179487179487,0.9487179487179487,0.0,0.0,0.0,0.9487179487057856,74,4,0,0
sem_erro,mlp,lacuna,80,65,65,72,72,34,38,0,72,0,0,0,1.0,1.0,0.0,0.0,0.0,0.9999999999861111,72,0,0,0
sem_erro,mlp,lacuna,80,70,70,67,67,34,33,0,67,0,1,1,0.9850746268656716,0.9850746268656716,0.0,0.0,0.0,0.985074626850969,66,1,0,0
sem_erro,mlp,lacuna,80,75,75,63,63,31,32,0,63,0,0,0,1.0,1.0,0.0,0.0,0.0,0.999999999984127,63,0,0,0
sem_erro,mlp,lacuna,80,80,80,59,59,30,29,0,59,0,1,1,0.9661016949152542,0.9661016949152542,0.0,0.0,0.0,0.9661016948988796,57,2,0,0
sem_erro,mlp,lacuna,90,5,5,933,933,487,446,0,933,0,0,0,1.0,1.0,0.0,0.0,0.0,0.9999999999989282,933,0,0,0
sem_erro,mlp,lacuna,90,10,10,467,467,242,225,0,467,0,1,1,0.9957173447537473,0.9957173447537473,0.0,0.0,0.0,0.9957173447516152,465,2,0,0
sem_erro,mlp,lacuna,90,15,15,311,311,162,149,0,311,0,3,3,0.9871382636655949,0.9871382636655949,0.0,0.0,0.0,0.9871382636624209,307,4,0,0
sem_erro,mlp,lacuna,90,20,20,234,234,120,114,0,234,0,1,1,0.9957264957264957,0.9957264957264957,0.0,0.0,0.0,0.9957264957222405,233,1,0,0
sem_erro,mlp,lacuna,90,25,25,187,187,98,89,0,187,0,3,3,0.9732620320855615,0.9732620320855615,0.0,0.0,0.0,0.973262032080357,182,5,0,0
sem_erro,mlp,lacuna,90,30,30,156,156,84,72,0,156,0,2,2,0.9871794871794872,0.9871794871794872,0.0,0.0,0.0,0.9871794871731592,154,2,0,0
sem_erro,mlp,lacuna,90,35,35,134,134,69,65,0,134,0,1,1,0.9925373134328358,0.9925373134328358,0.0,0.0,0.0,0.992537313425429,133,1,0,0
sem_erro,mlp,lacuna,90,40,40,117,117,61,56,0,117,0,1,1,0.9914529914529915,0.9914529914529915,0.0,0.0,0.0,0.9914529914445175,116,1,0,0
sem_erro,mlp,lacuna,90,45,45,104,104,54,50,0,104,0,0,0,1.0,1.0,0.0,0.0,0.0,0.9999999999903846,104,0,0,0
sem_erro,mlp,lacuna,90,50,50,94,94,48,46,0,94,0,1,1,0.9893617021276596,0.9893617021276596,0.0,0.0,0.0,0.9893617021171344,93,1,0,0
sem_erro,mlp,lacuna,90,55,55,85,85,42,43,0,85,0,1,1,0.9882352941176471,0.9882352941176471,0.0,0.0,0.0,0.9882352941060207,84,1,0,0
sem_erro,mlp,lacuna,90,60,60,78,78,41,37,0,78,0,2,2,0.9615384615384616,0.9615384615384616,0.0,0.0,0.0,0.9615384615261341,75,3,0,0
sem_erro,mlp,lacuna,90,65,65,72,72,34,38,0,72,0,1,1,0.9861111111111112,0.9861111111111112,0.0,0.0,0.0,0.9861111110974151,71,1,0,0
sem_erro,mlp,lacuna,90,70,70,67,67,37,30,0,67,0,2,2,0.9701492537313433,0.9701492537313433,0.0,0.0,0.0,0.9701492537168634,65,2,0,0
sem_erro,mlp,lacuna,90,75,75,63,63,32,31,0,63,0,0,0,1.0,1.0,0.0,0.0,0.0,0.999999999984127,63,0,0,0
sem_erro,mlp,lacuna,90,80,80,59,59,31,28,0,59,0,1,1,0.9830508474576272,0.9830508474576272,0.0,0.0,0.0,0.9830508474409653,58,1,0,0
sem_erro,mlp,lacuna,90,85,85,55,55,24,31,0,55,0,0,0,1.0,1.0,0.0,0.0,0.0,0.9999999999818182,55,0,0,0
sem_erro,mlp,lacuna,90,90,90,52,52,30,22,0,52,0,1,1,0.9807692307692307,0.9807692307692307,0.0,0.0,0.0,0.9807692307503699,51,1,0,0
sem_erro,mlp,lacuna,100,5,5,931,931,513,418,0,931,0,1,1,0.9957035445757251,0.9957035445757251,0.0,0.0,0.0,0.9957035445746555,927,4,0,0
sem_erro,mlp,lacuna,100,10,10,466,466,255,211,0,466,0,10,10,0.9463519313304721,0.9463519313304721,0.0,0.0,0.0,0.9463519313284413,441,25,0,0
sem_erro,mlp,lacuna,100,15,15,311,311,172,139,0,311,0,2,2,0.9903536977491961,0.9903536977491961,0.0,0.0,0.0,0.9903536977460118,308,3,0,0
sem_erro,mlp,lacuna,100,20,20,233,233,128,105,0,233,0,3,3,0.9484978540772532,0.9484978540772532,0.0,0.0,0.0,0.9484978540731824,221,12,0,0
sem_erro,mlp,lacuna,100,25,25,187,187,103,84,0,187,0,4,4,0.9679144385026738,0.9679144385026738,0.0,0.0,0.0,0.9679144384974978,181,6,0,0
sem_erro,mlp,lacuna,100,30,30,156,156,86,70,0,156,0,2,2,0.9807692307692307,0.9807692307692307,0.0,0.0,0.0,0.9807692307629439,153,3,0,0
sem_erro,mlp,lacuna,100,35,35,133,133,70,63,0,133,0,1,1,0.9924812030075187,0.9924812030075187,0.0,0.0,0.0,0.9924812030000566,132,1,0,0
sem_erro,mlp,lacuna,100,40,40,117,117,63,54,0,117,0,2,2,0.9743589743589743,0.9743589743589743,0.0,0.0,0.0,0.9743589743506464,114,3,0,0
sem_erro,mlp,lacuna,100,45,45,104,104,57,47,0,104,0,0,0,1.0,1.0,0.0,0.0,0.0,0.9999999999903846,104,0,0,0
sem_erro,mlp,lacuna,100,50,50,94,94,52,42,0,94,0,2,2,0.9787234042553191,0.9787234042553191,0.0,0.0,0.0,0.9787234042449071,92,2,0,0
sem_erro,mlp,lacuna,100,55,55,85,85,46,39,0,85,0,0,0,1.0,1.0,0.0,0.0,0.0,0.9999999999882353,85,0,0,0
sem_erro,mlp,lacuna,100,60,60,78,78,42,36,0,78,0,1,1,0.9871794871794872,0.9871794871794872,0.0,0.0,0.0,0.987179487166831,77,1,0,0
sem_erro,mlp,lacuna,100,65,65,72,72,39,33,0,72,0,3,3,0.9583333333333334,0.9583333333333334,0.0,0.0,0.0,0.9583333333200231,69,3,0,0
sem_erro,mlp,lacuna,100,70,70,67,67,37,30,0,67,0,0,0,1.0,1.0,0.0,0.0,0.0,0.9999999999850746,67,0,0,0
sem_erro,mlp,lacuna,100,75,75,63,63,33,30,0,63,0,0,0,1.0,1.0,0.0,0.0,0.0,0.999999999984127,63,0,0,0
sem_erro,mlp,lacuna,100,80,80,59,59,32,27,0,59,0,2,2,0.9661016949152542,0.9661016949152542,0.0,0.0,0.0,0.9661016948988796,57,2,0,0
sem_erro,mlp,lacuna,100,85,85,55,55,27,28,0,55,0,1,1,0.9818181818181818,0.9818181818181818,0.0,0.0,0.0,0.9818181818003306,54,1,0,0
sem_erro,mlp,lacuna,100,90,90,52,52,30,22,0,52,0,2,2,0.9615384615384616,0.9615384615384616,0.0,0.0,0.0,0.9615384615199705,50,2,0,0
sem_erro,mlp,lacuna,100,95,95,49,49,28,21,0,49,0,3,3,0.9387755102040817,0.9387755102040817,0.0,0.0,0.0,0.938775510184923,46,3,0,0
sem_erro,mlp,lacuna,100,100,100,47,47,28,19,0,47,0,5,5,0.8297872340425532,0.8297872340425532,0.0,0.0,0.0,0.8297872340248982,39,8,0,0
sem_erro,mlp,oscilacao,20,5,5,947,947,301,646,0,947,0,47,47,0.8880675818373812,0.8880675818373812,0.0,0.0,0.0,0.8880675818364434,841,106,0,0
sem_erro,mlp,oscilacao,20,10,10,474,474,152,322,0,474,0,27,27,0.890295358649789,0.890295358649789,0.0,0.0,0.0,0.8902953586479108,422,52,0,0
sem_erro,mlp,oscilacao,20,15,15,316,316,101,215,0,316,0,21,21,0.9145569620253164,0.9145569620253164,0.0,0.0,0.0,0.9145569620224223,289,27,0,0
sem_erro,mlp,oscilacao,20,20,20,237,237,75,162,0,237,0,19,19,0.8734177215189873,0.8734177215189873,0.0,0.0,0.0,0.8734177215153021,207,30,0,0
sem_erro,mlp,oscilacao,30,5,5,945,945,333,612,0,945,0,47,47,0.817989417989418,0.817989417989418,0.0,0.0,0.0,0.8179894179885524,773,172,0,0
sem_erro,mlp,oscilacao,30,10,10,473,473,168,305,0,473,0,25,25,0.9154334038054969,0.9154334038054969,0.0,0.0,0.0,0.9154334038035614,433,40,0,0
sem_erro,mlp,oscilacao,30,15,15,315,315,110,205,0,315,0,27,27,0.834920634920635,0.834920634920635,0.0,0.0,0.0,0.8349206349179844,263,52,0,0
sem_erro,mlp,oscilacao,30,20,20,237,237,83,154,0,237,0,12,12,0.9367088607594937,0.9367088607594937,0.0,0.0,0.0,0.9367088607555414,222,15,0,0
sem_erro,mlp,oscilacao,30,25,25,189,189,67,122,0,189,0,21,21,0.8306878306878307,0.8306878306878307,0.0,0.0,0.0,0.8306878306834355,157,32,0,0
sem_erro,mlp,oscilacao,30,30,30,158,158,54,104,0,158,0,16,16,0.8734177215189873,0.8734177215189873,0.0,0.0,0.0,0.8734177215134594,138,20,0,0
sem_erro,mlp,oscilacao,40,5,5,943,943,365,578,0,943,0,52,52,0.7815482502651113,0.7815482502651113,0.0,0.0,0.0,0.7815482502642825,737,206,0,0
sem_erro,mlp,oscilacao,40,10,10,472,472,184,288,0,472,0,48,48,0.5614406779661016,0.5614406779661016,0.0,0.0,0.0,0.5614406779649123,265,207,0,0
sem_erro,mlp,oscilacao,40,15,15,315,315,124,191,0,315,0,32,32,0.8317460317460318,0.8317460317460318,0.0,0.0,0.0,0.8317460317433913,262,53,0,0
sem_erro,mlp,oscilacao,40,20,20,236,236,91,145,0,236,0,33,33,0.673728813559322,0.673728813559322,0.0,0.0,0.0,0.6737288135564673,159,77,0,0
sem_erro,mlp,oscilacao,40,25,25,189,189,75,114,0,189,0,25,25,0.8095238095238095,0.8095238095238095,0.0,0.0,0.0,0.8095238095195264,153,36,0,0
sem_erro,mlp,oscilacao,40,30,30,158,158,60,98,0,158,0,24,24,0.7974683544303798,0.7974683544303798,0.0,0.0,0.0,0.7974683544253325,126,32,0,0
sem_erro,mlp,oscilacao,40,35,35,135,135,52,83,0,135,0,18,18,0.8518518518518519,0.8518518518518519,0.0,0.0,0.0,0.8518518518455419,115,20,0,0
sem_erro,mlp,oscilacao,40,40,40,118,118,44,74,0,118,0,21,21,0.7796610169491526,0.7796610169491526,0.0,0.0,0.0,0.7796610169425452,92,26,0,0
sem_erro,mlp,oscilacao,50,5,5,941,941,397,544,0,941,0,59,59,0.7704569606801275,0.7704569606801275,0.0,0.0,0.0,0.7704569606793088,725,216,0,0
sem_erro,mlp,oscilacao,50,10,10,471,471,200,271,0,471,0,40,40,0.7770700636942676,0.7770700636942676,0.0,0.0,0.0,0.7770700636926177,366,105,0,0
sem_erro,mlp,oscilacao,50,15,15,314,314,133,181,0,314,0,32,32,0.8343949044585988,0.8343949044585988,0.0,0.0,0.0,0.8343949044559414,262,52,0,0
sem_erro,mlp,oscilacao,50,20,20,236,236,99,137,0,236,0,29,29,0.711864406779661,0.711864406779661,0.0,0.0,0.0,0.7118644067766446,168,68,0,0
sem_erro,mlp,oscilacao,50,25,25,189,189,82,107,0,189,0,35,35,0.7248677248677249,0.7248677248677249,0.0,0.0,0.0,0.7248677248638896,137,52,0,0
sem_erro,mlp,oscilacao,50,30,30,157,157,67,90,0,157,0,26,26,0.802547770700637,0.802547770700637,0.0,0.0,0.0,0.8025477706955252,126,31,0,0
sem_erro,mlp,oscilacao,50,35,35,135,135,59,76,0,135,0,22,22,0.7925925925925926,0.7925925925925926,0.0,0.0,0.0,0.7925925925867215,107,28,0,0
sem_erro,mlp,oscilacao,50,40,40,118,118,49,69,0,118,0,20,20,0.8135593220338984,0.8135593220338984,0.0,0.0,0.0,0.8135593220270038,96,22,0,0
sem_erro,mlp,oscilacao,50,45,45,105,105,44,61,0,105,0,19,19,0.8,0.8,0.0,0.0,0.0,0.7999999999923809,84,21,0,0
sem_erro,mlp,oscilacao,50,50,50,95,95,41,54,0,95,0,25,25,0.7157894736842105,0.7157894736842105,0.0,0.0,0.0,0.7157894736766759,68,27,0,0
sem_erro,mlp,oscilacao,60,5,5,939,939,426,513,0,939,0,52,52,0.625133120340788,0.625133120340788,0.0,0.0,0.0,0.6251331203401224,587,352,0,0
sem_erro,mlp,oscilacao,60,10,10,470,470,214,256,0,470,0,31,31,0.8340425531914893,0.8340425531914893,0.0,0.0,0.0,0.8340425531897149,392,78,0,0
sem_erro,mlp,oscilacao,60,15,15,313,313,141,172,0,313,0,37,37,0.6805111821086262,0.6805111821086262,0.0,0.0,0.0,0.6805111821064521,213,100,0,0
sem_erro,mlp,oscilacao,60,20,20,235,235,106,129,0,235,0,30,30,0.6893617021276596,0.6893617021276596,0.0,0.0,0.0,0.6893617021247261,162,73,0,0
sem_erro,mlp,oscilacao,60,25,25,188,188,88,100,0,188,0,31,31,0.7340425531914894,0.7340425531914894,0.0,0.0,0.0,0.7340425531875849,138,50,0,0
sem_erro,mlp,oscilacao,60,30,30,157,157,69,88,0,157,0,15,15,0.8789808917197452,0.8789808917197452,0.0,0.0,0.0,0.8789808917141467,138,19,0,0
sem_erro,mlp,oscilacao,60,35,35,135,135,63,72,0,135,0,15,15,0.8518518518518519,0.8518518518518519,0.0,0.0,0.0,0.8518518518455419,115,20,0,0
sem_erro,mlp,oscilacao,60,40,40,118,118,54,64,0,118,0,19,19,0.7457627118644068,0.7457627118644068,0.0,0.0,0.0,0.7457627118580867,88,30,0,0
sem_erro,mlp,oscilacao,60,45,45,105,105,49,56,0,105,0,25,25,0.7333333333333333,0.7333333333333333,0.0,0.0,0.0,0.7333333333263492,77,28,0,0
sem_erro,mlp,oscilacao,60,50,50,94,94,44,50,0,94,0,25,25,0.6808510638297872,0.6808510638297872,0.0,0.0,0.0,0.6808510638225441,64,30,0,0
sem_erro,mlp,oscilacao,60,55,55,86,86,38,48,0,86,0,12,12,0.8488372093023255,0.8488372093023255,0.0,0.0,0.0,0.8488372092924553,73,13,0,0
sem_erro,mlp,oscilacao,60,60,60,79,79,35,44,0,79,0,11,11,0.8481012658227848,0.8481012658227848,0.0,0.0,0.0,0.8481012658120494,67,12,0,0
sem_erro,mlp,oscilacao,70,5,5,937,937,452,485,0,937,0,53,53,0.727854855923159,0.727854855923159,0.0,0.0,0.0,0.7278548559223822,682,255,0,0
sem_erro,mlp,oscilacao,70,10,10,469,469,227,242,0,469,0,30,30,0.7867803837953091,0.7867803837953091,0.0,0.0,0.0,0.7867803837936316,369,100,0,0
sem_erro,mlp,oscilacao,70,15,15,313,313,153,160,0,313,0,24,24,0.8434504792332268,0.8434504792332268,0.0,0.0,0.0,0.8434504792305322,264,49,0,0
sem_erro,mlp,oscilacao,70,20,20,235,235,113,122,0,235,0,24,24,0.7361702127659574,0.7361702127659574,0.0,0.0,0.0,0.7361702127628248,173,62,0,0
sem_erro,mlp,oscilacao,70,25,25,188,188,94,94,0,188,0,28,28,0.7180851063829787,0.7180851063829787,0.0,0.0,0.0,0.7180851063791591,135,53,0,0
sem_erro,mlp,oscilacao,70,30,30,157,157,75,82,0,157,0,25,25,0.7515923566878981,0.7515923566878981,0.0,0.0,0.0,0.751592356683111,118,39,0,0
sem_erro,mlp,oscilacao,70,35,35,134,134,63,71,0,134,0,22,22,0.7611940298507462,0.7611940298507462,0.0,0.0,0.0,0.7611940298450658,102,32,0,0
sem_erro,mlp,oscilacao,70,40,40,118,118,57,61,0,118,0,23,23,0.7203389830508474,0.7203389830508474,0.0,0.0,0.0,0.7203389830447429,85,33,0,0
sem_erro,mlp,oscilacao,70,45,45,105,105,52,53,0,105,0,21,21,0.780952380952381,0.780952380952381,0.0,0.0,0.0,0.7809523809449432,82,23,0,0
sem_erro,mlp,oscilacao,70,50,50,94,94,48,46,0,94,0,31,31,0.6170212765957447,0.6170212765957447,0.0,0.0,0.0,0.6170212765891806,58,36,0,0
sem_erro,mlp,oscilacao,70,55,55,86,86,40,46,0,86,0,19,19,0.7441860465116279,0.7441860465116279,0.0,0.0,0.0,0.7441860465029746,64,22,0,0
sem_erro,mlp,oscilacao,70,60,60,79,79,38,41,0,79,0,11,11,0.8607594936708861,0.8607594936708861,0.0,0.0,0.0,0.8607594936599904,68,11,0,0
sem_erro,mlp,oscilacao,70,65,65,73,73,36,37,0,73,0,18,18,0.7534246575342466,0.7534246575342466,0.0,0.0,0.0,0.7534246575239256,55,18,0,0
sem_erro,mlp,oscilacao,70,70,70,67,67,34,33,0,67,0,14,14,0.7761194029850746,0.7761194029850746,0.0,0.0,0.0,0.7761194029734907,52,15,0,0
sem_erro,mlp,oscilacao,80,5,5,935,935,476,459,0,935,0,48,48,0.667379679144385,0.667379679144385,0.0,0.0,0.0,0.6673796791436712,624,311,0,0
sem_erro,mlp,oscilacao,80,10,10,468,468,239,229,0,468,0,31,31,0.7457264957264957,0.7457264957264957,0.0,0.0,0.0,0.7457264957249023,349,119,0,0
sem_erro,mlp,oscilacao,80,15,15,312,312,160,152,0,312,0,25,25,0.7948717948717948,0.7948717948717948,0.0,0.0,0.0,0.7948717948692472,248,64,0,0
sem_erro,mlp,oscilacao,80,20,20,234,234,118,116,0,234,0,23,23,0.7264957264957265,0.7264957264957265,0.0,0.0,0.0,0.7264957264926218,170,64,0,0
sem_erro,mlp,oscilacao,80,25,25,187,187,96,91,0,187,0,28,28,0.6951871657754011,0.6951871657754011,0.0,0.0,0.0,0.6951871657716835,130,57,0,0
sem_erro,mlp,oscilacao,80,30,30,156,156,81,75,0,156,0,21,21,0.7884615384615384,0.7884615384615384,0.0,0.0,0.0,0.7884615384564843,123,33,0,0
sem_erro,mlp,oscilacao,80,35,35,134,134,68,66,0,134,0,18,18,0.8134328358208955,0.8134328358208955,0.0,0.0,0.0,0.8134328358148252,109,25,0,0
sem_erro,mlp,oscilacao,80,40,40,117,117,59,58,0,117,0,23,23,0.7350427350427351,0.7350427350427351,0.0,0.0,0.0,0.7350427350364526,86,31,0,0
sem_erro,mlp,oscilacao,80,45,45,104,104,54,50,0,104,0,25,25,0.625,0.625,0.0,0.0,0.0,0.6249999999939904,65,39,0,0
sem_erro,mlp,oscilacao,80,50,50,94,94,51,43,0,94,0,26,26,0.6382978723404256,0.6382978723404256,0.0,0.0,0.0,0.6382978723336351,60,34,0,0
sem_erro,mlp,oscilacao,80,55,55,85,85,43,42,0,85,0,20,20,0.7647058823529411,0.7647058823529411,0.0,0.0,0.0,0.7647058823439447,65,20,0,0
sem_erro,mlp,oscilacao,80,60,60,78,78,40,38,0,78,0,13,13,0.7948717948717948,0.7948717948717948,0.0,0.0,0.0,0.7948717948616042,62,16,0,0
sem_erro,mlp,oscilacao,80,65,65,72,72,35,37,0,72,0,18,18,0.75,0.75,0.0,0.0,0.0,0.7499999999895833,54,18,0,0
sem_erro,mlp,oscilacao,80,70,70,67,67,36,31,0,67,0,20,20,0.6865671641791045,0.6865671641791045,0.0,0.0,0.0,0.6865671641688572,46,21,0,0
sem_erro,mlp,oscilacao,80,75,75,63,63,35,28,0,63,0,21,21,0.6349206349206349,0.6349206349206349,0.0,0.0,0.0,0.6349206349105568,40,23,0,0
sem_erro,mlp,oscilacao,80,80,80,59,59,31,28,0,59,0,12,12,0.7627118644067796,0.7627118644067796,0.0,0.0,0.0,0.7627118643938524,45,14,0,0
sem_erro,mlp,oscilacao,90,5,5,933,933,500,433,0,933,0,52,52,0.7620578778135049,0.7620578778135049,0.0,0.0,0.0,0.7620578778126881,711,222,0,0
sem_erro,mlp,oscilacao,90,10,10,467,467,251,216,0,467,0,34,34,0.7665952890792291,0.7665952890792291,0.0,0.0,0.0,0.7665952890775876,358,109,0,0
sem_erro,mlp,oscilacao,90,15,15,311,311,166,145,0,311,0,30,30,0.6141479099678456,0.6141479099678456,0.0,0.0,0.0,0.6141479099658709,191,120,0,0
sem_erro,mlp,oscilacao,90,20,20,234,234,125,109,0,234,0,34,34,0.43162393162393164,0.43162393162393164,0.0,0.0,0.0,0.4316239316220871,101,133,0,0
sem_erro,mlp,oscilacao,90,25,25,187,187,102,85,0,187,0,27,27,0.6631016042780749,0.6631016042780749,0.0,0.0,0.0,0.6631016042745289,124,63,0,0
sem_erro,mlp,oscilacao,90,30,30,156,156,81,75,0,156,0,19,19,0.7564102564102564,0.7564102564102564,0.0,0.0,0.0,0.7564102564054077,118,38,0,0
sem_erro,mlp,oscilacao,90,35,35,134,134,73,61,0,134,0,26,26,0.6791044776119403,0.6791044776119403,0.0,0.0,0.0,0.6791044776068724,91,43,0,0
sem_erro,mlp,oscilacao,90,40,40,117,117,63,54,0,117,0,14,14,0.8461538461538461,0.8461538461538461,0.0,0.0,0.0,0.846153846146614,99,18,0,0
sem_erro,mlp,oscilacao,90,45,45,104,104,55,49,0,104,0,19,19,0.7403846153846154,0.7403846153846154,0.0,0.0,0.0,0.7403846153774962,77,27,0,0
sem_erro,mlp,oscilacao,90,50,50,94,94,52,42,0,94,0,24,24,0.5957446808510638,0.5957446808510638,0.0,0.0,0.0,0.5957446808447261,56,38,0,0
sem_erro,mlp,oscilacao,90,55,55,85,85,44,41,0,85,0,17,17,0.7764705882352941,0.7764705882352941,0.0,0.0,0.0,0.7764705882261591,66,19,0,0
sem_erro,mlp,oscilacao,90,60,60,78,78,40,38,0,78,0,18,18,0.6153846153846154,0.6153846153846154,0.0,0.0,0.0,0.6153846153767258,48,30,0,0
sem_erro,mlp,oscilacao,90,65,65,72,72,37,35,0,72,0,16,16,0.7638888888888888,0.7638888888888888,0.0,0.0,0.0,0.7638888888782793,55,17,0,0
sem_erro,mlp,oscilacao,90,70,70,67,67,37,30,0,67,0,20,20,0.6865671641791045,0.6865671641791045,0.0,0.0,0.0,0.6865671641688572,46,21,0,0
sem_erro,mlp,oscilacao,90,75,75,63,63,36,27,0,63,0,19,19,0.5396825396825397,0.5396825396825397,0.0,0.0,0.0,0.5396825396739733,34,29,0,0
sem_erro,mlp,oscilacao,90,80,80,59,59,32,27,0,59,0,8,8,0.864406779661017,0.864406779661017,0.0,0.0,0.0,0.864406779646366,51,8,0,0
sem_erro,mlp,oscilacao,90,85,85,55,55,29,26,0,55,0,8,8,0.8545454545454545,0.8545454545454545,0.0,0.0,0.0,0.8545454545299174,47,8,0,0
sem_erro,mlp,oscilacao,90,90,90,52,52,30,22,0,52,0,9,9,0.6346153846153846,0.6346153846153846,0.0,0.0,0.0,0.6346153846031806,33,19,0,0
sem_erro,mlp,oscilacao,100,5,5,931,931,522,409,0,931,0,50,50,0.6283566058002148,0.6283566058002148,0.0,0.0,0.0,0.6283566057995399,585,346,0,0
sem_erro,mlp,oscilacao,100,10,10,466,466,262,204,0,466,0,42,42,0.555793991416309,0.555793991416309,0.0,0.0,0.0,0.5557939914151163,259,207,0,0
sem_erro,mlp,oscilacao,100,15,15,311,311,176,135,0,311,0,26,26,0.7459807073954984,0.7459807073954984,0.0,0.0,0.0,0.7459807073930997,232,79,0,0
sem_erro,mlp,oscilacao,100,20,20,233,233,130,103,0,233,0,25,25,0.6738197424892703,0.6738197424892703,0.0,0.0,0.0,0.6738197424863784,157,76,0,0
sem_erro,mlp,oscilacao,100,25,25,187,187,107,80,0,187,0,31,31,0.6310160427807486,0.6310160427807486,0.0,0.0,0.0,0.6310160427773743,118,69,0,0
sem_erro,mlp,oscilacao,100,30,30,156,156,86,70,0,156,0,20,20,0.7243589743589743,0.7243589743589743,0.0,0.0,0.0,0.724358974354331,113,43,0,0
sem_erro,mlp,oscilacao,100,35,35,133,133,74,59,0,133,0,23,23,0.7969924812030075,0.7969924812030075,0.0,0.0,0.0,0.7969924811970152,106,27,0,0
sem_erro,mlp,oscilacao,100,40,40,117,117,66,51,0,117,0,22,22,0.6837606837606838,0.6837606837606838,0.0,0.0,0.0,0.6837606837548397,80,37,0,0
sem_erro,mlp,oscilacao,100,45,45,104,104,59,45,0,104,0,21,21,0.6153846153846154,0.6153846153846154,0.0,0.0,0.0,0.6153846153786982,64,40,0,0
sem_erro,mlp,oscilacao,100,50,50,94,94,53,41,0,94,0,26,26,0.6382978723404256,0.6382978723404256,0.0,0.0,0.0,0.6382978723336351,60,34,0,0
sem_erro,mlp,oscilacao,100,55,55,85,85,47,38,0,85,0,17,17,0.7176470588235294,0.7176470588235294,0.0,0.0,0.0,0.7176470588150865,61,24,0,0
sem_erro,mlp,oscilacao,100,60,60,78,78,43,35,0,78,0,14,14,0.6666666666666666,0.6666666666666666,0.0,0.0,0.0,0.6666666666581196,52,26,0,0
sem_erro,mlp,oscilacao,100,65,65,72,72,39,33,0,72,0,18,18,0.7361111111111112,0.7361111111111112,0.0,0.0,0.0,0.7361111111008873,53,19,0,0
sem_erro,mlp,oscilacao,100,70,70,67,67,37,30,0,67,0,21,21,0.6567164179104478,0.6567164179104478,0.0,0.0,0.0,0.6567164179006459,44,23,0,0
sem_erro,mlp,oscilacao,100,75,75,63,63,37,26,0,63,0,17,17,0.6666666666666666,0.6666666666666666,0.0,0.0,0.0,0.6666666666560846,42,21,0,0
sem_erro,mlp,oscilacao,100,80,80,59,59,33,26,0,59,0,12,12,0.7796610169491526,0.7796610169491526,0.0,0.0,0.0,0.779661016935938,46,13,0,0
sem_erro,mlp,oscilacao,100,85,85,55,55,31,24,0,55,0,12,12,0.7272727272727273,0.7272727272727273,0.0,0.0,0.0,0.7272727272595042,40,15,0,0
sem_erro,mlp,oscilacao,100,90,90,52,52,32,20,0,52,0,14,14,0.5769230769230769,0.5769230769230769,0.0,0.0,0.0,0.5769230769119823,30,22,0,0
sem_erro,mlp,oscilacao,100,95,95,49,49,27,22,0,49,0,11,11,0.5918367346938775,0.5918367346938775,0.0,0.0,0.0,0.5918367346817993,29,20,0,0
sem_erro,mlp,oscilacao,100,100,100,47,47,24,23,0,47,0,8,8,0.7021276595744681,0.7021276595744681,0.0,0.0,0.0,0.7021276595595293,33,14,0,0
sem_erro,mlp,queda,20,5,5,947,947,189,758,0,947,0,13,13,0.9820485744456178,0.9820485744456178,0.0,0.0,0.0,0.9820485744445807,930,17,0,0
sem_erro,mlp,queda,20,10,10,474,474,92,382,0,474,0,13,13,0.9704641350210971,0.9704641350210971,0.0,0.0,0.0,0.9704641350190497,460,14,0,0
sem_erro,mlp,queda,20,15,15,316,316,63,253,0,316,0,15,15,0.9525316455696202,0.9525316455696202,0.0,0.0,0.0,0.952531645566606,301,15,0,0
sem_erro,mlp,queda,20,20,20,237,237,45,192,0,237,0,1,1,0.9957805907172996,0.9957805907172996,0.0,0.0,0.0,0.995780590713098,236,1,0,0
sem_erro,mlp,queda,30,5,5,945,945,227,718,0,945,0,21,21,0.9671957671957672,0.9671957671957672,0.0,0.0,0.0,0.9671957671947438,914,31,0,0
sem_erro,mlp,queda,30,10,10,473,473,111,362,0,473,0,8,8,0.9788583509513742,0.9788583509513742,0.0,0.0,0.0,0.9788583509493047,463,10,0,0
sem_erro,mlp,queda,30,15,15,315,315,77,238,0,315,0,20,20,0.926984126984127,0.926984126984127,0.0,0.0,0.0,0.9269841269811842,292,23,0,0
sem_erro,mlp,queda,30,20,20,237,237,56,181,0,237,0,14,14,0.9240506329113924,0.9240506329113924,0.0,0.0,0.0,0.9240506329074935,219,18,0,0
sem_erro,mlp,queda,30,25,25,189,189,45,144,0,189,0,19,19,0.8941798941798942,0.8941798941798942,0.0,0.0,0.0,0.8941798941751631,169,20,0,0
sem_erro,mlp,queda,30,30,30,158,158,38,120,0,158,0,18,18,0.8734177215189873,0.8734177215189873,0.0,0.0,0.0,0.8734177215134594,138,20,0,0
sem_erro,mlp,queda,40,5,5,943,943,261,682,0,943,0,105,105,0.7688229056203606,0.7688229056203606,0.0,0.0,0.0,0.7688229056195452,725,218,0,0
sem_erro,mlp,queda,40,10,10,472,472,129,343,0,472,0,71,71,0.565677966101695,0.565677966101695,0.0,0.0,0.0,0.5656779661004965,267,205,0,0
sem_erro,mlp,queda,40,15,15,315,315,88,227,0,315,0,22,22,0.8952380952380953,0.8952380952380953,0.0,0.0,0.0,0.8952380952352532,282,33,0,0
sem_erro,mlp,queda,40,20,20,236,236,64,172,0,236,0,43,43,0.7923728813559322,0.7923728813559322,0.0,0.0,0.0,0.7923728813525748,187,49,0,0
sem_erro,mlp,queda,40,25,25,189,189,53,136,0,189,0,20,20,0.8888888888888888,0.8888888888888888,0.0,0.0,0.0,0.8888888888841858,168,21,0,0
sem_erro,mlp,queda,40,30,30,158,158,43,115,0,158,0,21,21,0.8417721518987342,0.8417721518987342,0.0,0.0,0.0,0.8417721518934066,133,25,0,0
sem_erro,mlp,queda,40,35,35,135,135,36,99,0,135,0,13,13,0.8888888888888888,0.8888888888888888,0.0,0.0,0.0,0.8888888888823046,120,15,0,0
sem_erro,mlp,queda,40,40,40,118,118,33,85,0,118,0,14,14,0.8559322033898306,0.8559322033898306,0.0,0.0,0.0,0.8559322033825768,101,17,0,0
sem_erro,mlp,queda,50,5,5,941,941,293,648,0,941,0,72,72,0.8597236981934112,0.8597236981934112,0.0,0.0,0.0,0.8597236981924976,809,132,0,0
sem_erro,mlp,queda,50,10,10,471,471,145,326,0,471,0,35,35,0.8789808917197452,0.8789808917197452,0.0,0.0,0.0,0.8789808917178791,414,57,0,0
sem_erro,mlp,queda,50,15,15,314,314,98,216,0,314,0,20,20,0.9076433121019108,0.9076433121019108,0.0,0.0,0.0,0.9076433120990203,285,29,0,0
sem_erro,mlp,queda,50,20,20,236,236,73,163,0,236,0,8,8,0.9533898305084746,0.9533898305084746,0.0,0.0,0.0,0.9533898305044348,225,11,0,0
sem_erro,mlp,queda,50,25,25,189,189,59,130,0,189,0,23,23,0.8306878306878307,0.8306878306878307,0.0,0.0,0.0,0.8306878306834355,157,32,0,0
sem_erro,mlp,queda,50,30,30,157,157,48,109,0,157,0,30,30,0.7707006369426752,0.7707006369426752,0.0,0.0,0.0,0.7707006369377662,121,36,0,0
sem_erro,mlp,queda,50,35,35,135,135,40,95,0,135,0,16,16,0.8296296296296296,0.8296296296296296,0.0,0.0,0.0,0.8296296296234843,112,23,0,0
sem_erro,mlp,queda,50,40,40,118,118,36,82,0,118,0,20,20,0.7966101694915254,0.7966101694915254,0.0,0.0,0.0,0.7966101694847745,94,24,0,0
sem_erro,mlp,queda,50,45,45,105,105,34,71,0,105,0,18,18,0.7619047619047619,0.7619047619047619,0.0,0.0,0.0,0.7619047618975057,80,25,0,0
sem_erro,mlp,queda,50,50,50,95,95,30,65,0,95,0,20,20,0.7684210526315789,0.7684210526315789,0.0,0.0,0.0,0.7684210526234903,73,22,0,0
sem_erro,mlp,queda,60,5,5,939,939,324,615,0,939,0,28,28,0.9595314164004259,0.9595314164004259,0.0,0.0,0.0,0.9595314163994041,901,38,0,0
sem_erro,mlp,queda,60,10,10,470,470,161,309,0,470,0,2,2,0.9957446808510638,0.9957446808510638,0.0,0.0,0.0,0.9957446808489453,468,2,0,0
sem_erro,mlp,queda,60,15,15,313,313,109,204,0,313,0,46,46,0.48881789137380194,0.48881789137380194,0.0,0.0,0.0,0.4888178913722402,153,160,0,0
sem_erro,mlp,queda,60,20,20,235,235,80,155,0,235,0,41,41,0.7489361702127659,0.7489361702127659,0.0,0.0,0.0,0.748936170209579,176,59,0,0
sem_erro,mlp,queda,60,25,25,188,188,66,122,0,188,0,33,33,0.6542553191489362,0.6542553191489362,0.0,0.0,0.0,0.6542553191454561,123,65,0,0
sem_erro,mlp,queda,60,30,30,157,157,54,103,0,157,0,24,24,0.732484076433121,0.732484076433121,0.0,0.0,0.0,0.7324840764284556,115,42,0,0
sem_erro,mlp,queda,60,35,35,135,135,46,89,0,135,0,26,26,0.7333333333333333,0.7333333333333333,0.0,0.0,0.0,0.7333333333279013,99,36,0,0
sem_erro,mlp,queda,60,40,40,118,118,40,78,0,118,0,14,14,0.847457627118644,0.847457627118644,0.0,0.0,0.0,0.8474576271114622,100,18,0,0
sem_erro,mlp,queda,60,45,45,105,105,38,67,0,105,0,20,20,0.6761904761904762,0.6761904761904762,0.0,0.0,0.0,0.6761904761840363,71,34,0,0
sem_erro,mlp,queda,60,50,50,94,94,32,62,0,94,0,22,22,0.6382978723404256,0.6382978723404256,0.0,0.0,0.0,0.6382978723336351,60,34,0,0
sem_erro,mlp,queda,60,55,55,86,86,25,61,0,86,0,15,15,0.8023255813953488,0.8023255813953488,0.0,0.0,0.0,0.8023255813860194,69,17,0,0
sem_erro,mlp,queda,60,60,60,79,79,27,52,0,79,0,15,15,0.7341772151898734,0.7341772151898734,0.0,0.0,0.0,0.73417721518058,58,21,0,0
sem_erro,mlp,queda,70,5,5,937,937,354,583,0,937,0,79,79,0.7097118463180363,0.7097118463180363,0.0,0.0,0.0,0.7097118463172789,665,272,0,0
sem_erro,mlp,queda,70,10,10,469,469,176,293,0,469,0,60,60,0.47974413646055436,0.47974413646055436,0.0,0.0,0.0,0.47974413645953146,225,244,0,0
sem_erro,mlp,queda,70,15,15,313,313,119,194,0,313,0,16,16,0.9233226837060703,0.9233226837060703,0.0,0.0,0.0,0.9233226837031204,289,24,0,0
sem_erro,mlp,queda,70,20,20,235,235,88,147,0,235,0,41,41,0.44680851063829785,0.44680851063829785,0.0,0.0,0.0,0.4468085106363966,105,130,0,0
sem_erro,mlp,queda,70,25,25,188,188,71,117,0,188,0,34,34,0.5425531914893617,0.5425531914893617,0.0,0.0,0.0,0.5425531914864758,102,86,0,0
sem_erro,mlp,queda,70,30,30,157,157,59,98,0,157,0,25,25,0.6050955414012739,0.6050955414012739,0.0,0.0,0.0,0.6050955413974198,95,62,0,0
sem_erro,mlp,queda,70,35,35,134,134,50,84,0,134,0,26,26,0.6940298507462687,0.6940298507462687,0.0,0.0,0.0,0.6940298507410894,93,41,0,0
sem_erro,mlp,queda,70,40,40,118,118,45,73,0,118,0,23,23,0.6016949152542372,0.6016949152542372,0.0,0.0,0.0,0.6016949152491382,71,47,0,0
sem_erro,mlp,queda,70,45,45,105,105,42,63,0,105,0,24,24,0.6857142857142857,0.6857142857142857,0.0,0.0,0.0,0.6857142857077551,72,33,0,0
sem_erro,mlp,queda,70,50,50,94,94,34,60,0,94,0,17,17,0.7021276595744681,0.7021276595744681,0.0,0.0,0.0,0.7021276595669986,66,28,0,0
sem_erro,mlp,queda,70,55,55,86,86,33,53,0,86,0,16,16,0.686046511627907,0.686046511627907,0.0,0.0,0.0,0.6860465116199297,59,27,0,0
sem_erro,mlp,queda,70,60,60,79,79,30,49,0,79,0,16,16,0.7088607594936709,0.7088607594936709,0.0,0.0,0.0,0.708860759484698,56,23,0,0
sem_erro,mlp,queda,70,65,65,73,73,29,44,0,73,0,17,17,0.6438356164383562,0.6438356164383562,0.0,0.0,0.0,0.6438356164295365,47,26,0,0
sem_erro,mlp,queda,70,70,70,67,67,26,41,0,67,0,19,19,0.4925373134328358,0.4925373134328358,0.0,0.0,0.0,0.4925373134254845,33,34,0,0
sem_erro,mlp,queda,80,5,5,935,935,384,551,0,935,0,57,57,0.21497326203208555,0.21497326203208555,0.0,0.0,0.0,0.21497326203185566,201,734,0,0
sem_erro,mlp,queda,80,10,10,468,468,191,277,0,468,0,47,47,0.6474358974358975,0.6474358974358975,0.0,0.0,0.0,0.647435897434514,303,165,0,0
sem_erro,mlp,queda,80,15,15,312,312,129,183,0,312,0,41,41,0.6314102564102564,0.6314102564102564,0.0,0.0,0.0,0.6314102564082327,197,115,0,0
sem_erro,mlp,queda,80,20,20,234,234,95,139,0,234,0,27,27,0.3162393162393162,0.3162393162393162,0.0,0.0,0.0,0.3162393162379648,74,160,0,0
sem_erro,mlp,queda,80,25,25,187,187,76,111,0,187,0,27,27,0.6684491978609626,0.6684491978609626,0.0,0.0,0.0,0.668449197857388,125,62,0,0
sem_erro,mlp,queda,80,30,30,156,156,64,92,0,156,0,30,30,0.5769230769230769,0.5769230769230769,0.0,0.0,0.0,0.5769230769193787,90,66,0,0
sem_erro,mlp,queda,80,35,35,134,134,54,80,0,134,0,31,31,0.5895522388059702,0.5895522388059702,0.0,0.0,0.0,0.5895522388015706,79,55,0,0
sem_erro,mlp,queda,80,40,40,117,117,48,69,0,117,0,22,22,0.46153846153846156,0.46153846153846156,0.0,0.0,0.0,0.4615384615345168,54,63,0,0
sem_erro,mlp,queda,80,45,45,104,104,45,59,0,104,0,25,25,0.4519230769230769,0.4519230769230769,0.0,0.0,0.0,0.4519230769187315,47,57,0,0
sem_erro,mlp,queda,80,50,50,94,94,37,57,0,94,0,20,20,0.6702127659574468,0.6702127659574468,0.0,0.0,0.0,0.6702127659503169,63,31,0,0
sem_erro,mlp,queda,80,55,55,85,85,36,49,0,85,0,20,20,0.6352941176470588,0.6352941176470588,0.0,0.0,0.0,0.6352941176395848,54,31,0,0
sem_erro,mlp,queda,80,60,60,78,78,32,46,0,78,0,17,17,0.5897435897435898,0.5897435897435898,0.0,0.0,0.0,0.5897435897360289,46,32,0,0
sem_erro,mlp,queda,80,65,65,72,72,28,44,0,72,0,15,15,0.3472222222222222,0.3472222222222222,0.0,0.0,0.0,0.3472222222173997,25,47,0,0
sem_erro,mlp,queda,80,70,70,67,67,27,40,0,67,0,19,19,0.5671641791044776,0.5671641791044776,0.0,0.0,0.0,0.5671641790960125,38,29,0,0
sem_erro,mlp,queda,80,75,75,63,63,25,38,0,63,0,10,10,0.8253968253968254,0.8253968253968254,0.0,0.0,0.0,0.8253968253837239,52,11,0,0
sem_erro,mlp,queda,80,80,80,59,59,24,35,0,59,0,12,12,0.5423728813559322,0.5423728813559322,0.0,0.0,0.0,0.5423728813467394,32,27,0,0
sem_erro,mlp,queda,90,5,5,933,933,412,521,0,933,0,94,94,0.39013933547695606,0.39013933547695606,0.0,0.0,0.0,0.3901393354765379,364,569,0,0
sem_erro,mlp,queda,90,10,10,467,467,205,262,0,467,0,75,75,0.37687366167023556,0.37687366167023556,0.0,0.0,0.0,0.37687366166942854,176,291,0,0
sem_erro,mlp,queda,90,15,15,311,311,138,173,0,311,0,37,37,0.3054662379421222,0.3054662379421222,0.0,0.0,0.0,0.30546623794114,95,216,0,0
sem_erro,mlp,queda,90,20,20,234,234,102,132,0,234,0,28,28,0.18376068376068377,0.18376068376068377,0.0,0.0,0.0,0.18376068375989846,43,191,0,0
sem_erro,mlp,queda,90,25,25,187,187,84,103,0,187,0,27,27,0.6149732620320856,0.6149732620320856,0.0,0.0,0.0,0.614973262028797,115,72,0,0
sem_erro,mlp,queda,90,30,30,156,156,69,87,0,156,0,29,29,0.5128205128205128,0.5128205128205128,0.0,0.0,0.0,0.5128205128172255,80,76,0,0
sem_erro,mlp,queda,90,35,35,134,134,56,78,0,134,0,26,26,0.664179104477612,0.664179104477612,0.0,0.0,0.0,0.6641791044726554,89,45,0,0
sem_erro,mlp,queda,90,40,40,117,117,50,67,0,117,0,26,26,0.5384615384615384,0.5384615384615384,0.0,0.0,0.0,0.5384615384569362,63,54,0,0
sem_erro,mlp,queda,90,45,45,104,104,46,58,0,104,0,21,21,0.3557692307692308,0.3557692307692308,0.0,0.0,0.0,0.3557692307658099,37,67,0,0
sem_erro,mlp,queda,90,50,50,94,94,42,52,0,94,0,22,22,0.5638297872340425,0.5638297872340425,0.0,0.0,0.0,0.5638297872280443,53,41,0,0
sem_erro,mlp,queda,90,55,55,85,85,36,49,0,85,0,24,24,0.5647058823529412,0.5647058823529412,0.0,0.0,0.0,0.5647058823462976,48,37,0,0
sem_erro,mlp,queda,90,60,60,78,78,34,44,0,78,0,12,12,0.782051282051282,0.782051282051282,0.0,0.0,0.0,0.7820512820412557,61,17,0,0
sem_erro,mlp,queda,90,65,65,72,72,35,37,0,72,0,17,17,0.3472222222222222,0.3472222222222222,0.0,0.0,0.0,0.3472222222173997,25,47,0,0
sem_erro,mlp,queda,90,70,70,67,67,27,40,0,67,0,18,18,0.6567164179104478,0.6567164179104478,0.0,0.0,0.0,0.6567164179006459,44,23,0,0
sem_erro,mlp,queda,90,75,75,63,63,26,37,0,63,0,13,13,0.6507936507936508,0.6507936507936508,0.0,0.0,0.0,0.6507936507833207,41,22,0,0
sem_erro,mlp,queda,90,80,80,59,59,26,33,0,59,0,16,16,0.423728813559322,0.423728813559322,0.0,0.0,0.0,0.4237288135521402,25,34,0,0
sem_erro,mlp,queda,90,85,85,55,55,24,31,0,55,0,14,14,0.4,0.4,0.0,0.0,0.0,0.3999999999927273,22,33,0,0
sem_erro,mlp,queda,90,90,90,52,52,23,29,0,52,0,12,12,0.6538461538461539,0.6538461538461539,0.0,0.0,0.0,0.6538461538335799,34,18,0,0
sem_erro,mlp,queda,100,5,5,931,931,438,493,0,931,0,69,69,0.33619763694951665,0.33619763694951665,0.0,0.0,0.0,0.33619763694915555,313,618,0,0
sem_erro,mlp,queda,100,10,10,466,466,218,248,0,466,0,61,61,0.26609442060085836,0.26609442060085836,0.0,0.0,0.0,0.2660944206002874,124,342,0,0
sem_erro,mlp,queda,100,15,15,311,311,146,165,0,311,0,39,39,0.6205787781350482,0.6205787781350482,0.0,0.0,0.0,0.6205787781330528,193,118,0,0
sem_erro,mlp,queda,100,20,20,233,233,108,125,0,233,0,37,37,0.5450643776824035,0.5450643776824035,0.0,0.0,0.0,0.5450643776800641,127,106,0,0
sem_erro,mlp,queda,100,25,25,187,187,87,100,0,187,0,29,29,0.36363636363636365,0.36363636363636365,0.0,0.0,0.0,0.3636363636344191,68,119,0,0
sem_erro,mlp,queda,100,30,30,156,156,73,83,0,156,0,27,27,0.5448717948717948,0.5448717948717948,0.0,0.0,0.0,0.5448717948683022,85,71,0,0
sem_erro,mlp,queda,100,35,35,133,133,62,71,0,133,0,26,26,0.518796992481203,0.518796992481203,0.0,0.0,0.0,0.5187969924773023,69,64,0,0
sem_erro,mlp,queda,100,40,40,117,117,53,64,0,117,0,22,22,0.26495726495726496,0.26495726495726496,0.0,0.0,0.0,0.2649572649550004,31,86,0,0
sem_erro,mlp,queda,100,45,45,104,104,49,55,0,104,0,16,16,0.3173076923076923,0.3173076923076923,0.0,0.0,0.0,0.3173076923046413,33,71,0,0
sem_erro,mlp,queda,100,50,50,94,94,44,50,0,94,0,20,20,0.5531914893617021,0.5531914893617021,0.0,0.0,0.0,0.5531914893558171,52,42,0,0
sem_erro,mlp,queda,100,55,55,85,85,39,46,0,85,0,20,20,0.5294117647058824,0.5294117647058824,0.0,0.0,0.0,0.529411764699654,45,40,0,0
sem_erro,mlp,queda,100,60,60,78,78,36,42,0,78,0,12,12,0.44871794871794873,0.44871794871794873,0.0,0.0,0.0,0.4487179487121959,35,43,0,0
sem_erro,mlp,queda,100,65,65,72,72,36,36,0,72,0,12,12,0.25,0.25,0.0,0.0,0.0,0.24999999999652778,18,54,0,0
sem_erro,mlp,queda,100,70,70,67,67,29,38,0,67,0,19,19,0.44776119402985076,0.44776119402985076,0.0,0.0,0.0,0.4477611940231677,30,37,0,0
sem_erro,mlp,queda,100,75,75,63,63,28,35,0,63,0,11,11,0.4444444444444444,0.4444444444444444,0.0,0.0,0.0,0.4444444444373898,28,35,0,0
sem_erro,mlp,queda,100,80,80,59,59,27,32,0,59,0,15,15,0.4406779661016949,0.4406779661016949,0.0,0.0,0.0,0.4406779660942258,26,33,0,0
sem_erro,mlp,queda,100,85,85,55,55,25,30,0,55,0,15,15,0.34545454545454546,0.34545454545454546,0.0,0.0,0.0,0.3454545454482645,19,36,0,0
sem_erro,mlp,queda,100,90,90,52,52,25,27,0,52,0,9,9,0.38461538461538464,0.38461538461538464,0.0,0.0,0.0,0.38461538460798816,20,32,0,0
sem_erro,mlp,queda,100,95,95,49,49,23,26,0,49,0,12,12,0.3469387755102041,0.3469387755102041,0.0,0.0,0.0,0.34693877550312374,17,32,0,0
sem_erro,mlp,queda,100,100,100,47,47,20,27,0,47,0,12,12,0.5106382978723404,0.5106382978723404,0.0,0.0,0.0,0.5106382978614759,24,23,0,0
sem_erro,random_forest,lacuna,20,5,5,947,947,254,693,0,947,0,0,0,1.0,1.0,0.0,0.0,0.0,0.9999999999989441,947,0,0,0
sem_erro,random_forest,lacuna,20,10,10,474,474,125,349,0,474,0,0,0,1.0,1.0,0.0,0.0,0.0,0.9999999999978904,474,0,0,0
sem_erro,random_forest,lacuna,20,15,15,316,316,86,230,0,316,0,0,0,1.0,1.0,0.0,0.0,0.0,0.9999999999968355,316,0,0,0
sem_erro,random_forest,lacuna,20,20,20,237,237,63,174,0,237,0,0,0,1.0,1.0,0.0,0.0,0.0,0.9999999999957806,237,0,0,0
sem_erro,random_forest,lacuna,30,5,5,945,945,292,653,0,945,0,0,0,1.0,1.0,0.0,0.0,0.0,0.9999999999989418,945,0,0,0
sem_erro,random_forest,lacuna,30,10,10,473,473,144,329,0,473,0,0,0,1.0,1.0,0.0,0.0,0.0,0.9999999999978858,473,0,0,0
sem_erro,random_forest,lacuna,30,15,15,315,315,96,219,0,315,0,0,0,1.0,1.0,0.0,0.0,0.0,0.9999999999968254,315,0,0,0
sem_erro,random_forest,lacuna,30,20,20,237,237,71,166,0,237,0,0,0,1.0,1.0,0.0,0.0,0.0,0.9999999999957806,237,0,0,0
sem_erro,random_forest,lacuna,30,25,25,189,189,57,132,0,189,0,0,0,1.0,1.0,0.0,0.0,0.0,0.999999999994709,189,0,0,0
sem_erro,random_forest,lacuna,30,30,30,158,158,50,108,0,158,0,0,0,1.0,1.0,0.0,0.0,0.0,0.999999999993671,158,0,0,0
sem_erro,random_forest,lacuna,40,5,5,943,943,329,614,0,943,0,0,0,1.0,1.0,0.0,0.0,0.0,0.9999999999989395,943,0,0,0
sem_erro,random_forest,lacuna,40,10,10,472,472,163,309,0,472,0,0,0,1.0,1.0,0.0,0.0,0.0,0.9999999999978814,472,0,0,0
sem_erro,random_forest,lacuna,40,15,15,315,315,112,203,0,315,0,0,0,1.0,1.0,0.0,0.0,0.0,0.9999999999968254,315,0,0,0
sem_erro,random_forest,lacuna,40,20,20,236,236,82,154,0,236,0,0,0,1.0,1.0,0.0,0.0,0.0,0.9999999999957627,236,0,0,0
sem_erro,random_forest,lacuna,40,25,25,189,189,65,124,0,189,0,0,0,1.0,1.0,0.0,0.0,0.0,0.999999999994709,189,0,0,0
sem_erro,random_forest,lacuna,40,30,30,158,158,56,102,0,158,0,0,0,1.0,1.0,0.0,0.0,0.0,0.999999999993671,158,0,0,0
sem_erro,random_forest,lacuna,40,35,35,135,135,44,91,0,135,0,0,0,1.0,1.0,0.0,0.0,0.0,0.9999999999925927,135,0,0,0
sem_erro,random_forest,lacuna,40,40,40,118,118,44,74,0,118,0,0,0,1.0,1.0,0.0,0.0,0.0,0.9999999999915254,118,0,0,0
sem_erro,random_forest,lacuna,50,5,5,941,941,364,577,0,941,0,0,0,1.0,1.0,0.0,0.0,0.0,0.9999999999989373,941,0,0,0
sem_erro,random_forest,lacuna,50,10,10,471,471,181,290,0,471,0,0,0,1.0,1.0,0.0,0.0,0.0,0.9999999999978769,471,0,0,0
sem_erro,random_forest,lacuna,50,15,15,314,314,122,192,0,314,0,0,0,1.0,1.0,0.0,0.0,0.0,0.9999999999968153,314,0,0,0
sem_erro,random_forest,lacuna,50,20,20,236,236,89,147,0,236,0,0,0,1.0,1.0,0.0,0.0,0.0,0.9999999999957627,236,0,0,0
sem_erro,random_forest,lacuna,50,25,25,189,189,73,116,0,189,0,0,0,1.0,1.0,0.0,0.0,0.0,0.999999999994709,189,0,0,0
sem_erro,random_forest,lacuna,50,30,30,157,157,62,95,0,157,0,0,0,1.0,1.0,0.0,0.0,0.0,0.9999999999936307,157,0,0,0
sem_erro,random_forest,lacuna,50,35,35,135,135,51,84,0,135,0,0,0,1.0,1.0,0.0,0.0,0.0,0.9999999999925927,135,0,0,0
sem_erro,random_forest,lacuna,50,40,40,118,118,45,73,0,118,0,0,0,1.0,1.0,0.0,0.0,0.0,0.9999999999915254,118,0,0,0
sem_erro,random_forest,lacuna,50,45,45,105,105,41,64,0,105,0,0,0,1.0,1.0,0.0,0.0,0.0,0.9999999999904762,105,0,0,0
sem_erro,random_forest,lacuna,50,50,50,95,95,37,58,0,95,0,0,0,1.0,1.0,0.0,0.0,0.0,0.9999999999894736,95,0,0,0
sem_erro,random_forest,lacuna,60,5,5,939,939,398,541,0,939,0,0,0,1.0,1.0,0.0,0.0,0.0,0.9999999999989351,939,0,0,0
sem_erro,random_forest,lacuna,60,10,10,470,470,198,272,0,470,0,0,0,1.0,1.0,0.0,0.0,0.0,0.9999999999978724,470,0,0,0
sem_erro,random_forest,lacuna,60,15,15,313,313,132,181,0,313,0,0,0,1.0,1.0,0.0,0.0,0.0,0.9999999999968051,313,0,0,0
sem_erro,random_forest,lacuna,60,20,20,235,235,100,135,0,235,0,0,0,1.0,1.0,0.0,0.0,0.0,0.9999999999957447,235,0,0,0
sem_erro,random_forest,lacuna,60,25,25,188,188,80,108,0,188,0,0,0,1.0,1.0,0.0,0.0,0.0,0.9999999999946809,188,0,0,0
sem_erro,random_forest,lacuna,60,30,30,157,157,69,88,0,157,0,0,0,1.0,1.0,0.0,0.0,0.0,0.9999999999936307,157,0,0,0
sem_erro,random_forest,lacuna,60,35,35,135,135,56,79,0,135,0,0,0,1.0,1.0,0.0,0.0,0.0,0.9999999999925927,135,0,0,0
sem_erro,random_forest,lacuna,60,40,40,118,118,49,69,0,118,0,0,0,1.0,1.0,0.0,0.0,0.0,0.9999999999915254,118,0,0,0
sem_erro,random_forest,lacuna,60,45,45,105,105,43,62,0,105,0,0,0,1.0,1.0,0.0,0.0,0.0,0.9999999999904762,105,0,0,0
sem_erro,random_forest,lacuna,60,50,50,94,94,40,54,0,94,0,0,0,1.0,1.0,0.0,0.0,0.0,0.9999999999893616,94,0,0,0
sem_erro,random_forest,lacuna,60,55,55,86,86,35,51,0,86,0,0,0,1.0,1.0,0.0,0.0,0.0,0.9999999999883721,86,0,0,0
sem_erro,random_forest,lacuna,60,60,60,79,79,35,44,0,79,0,0,0,1.0,1.0,0.0,0.0,0.0,0.9999999999873417,79,0,0,0
sem_erro,random_forest,lacuna,70,5,5,937,937,430,507,0,937,0,0,0,1.0,1.0,0.0,0.0,0.0,0.9999999999989327,937,0,0,0
sem_erro,random_forest,lacuna,70,10,10,469,469,214,255,0,469,0,0,0,1.0,1.0,0.0,0.0,0.0,0.9999999999978678,469,0,0,0
sem_erro,random_forest,lacuna,70,15,15,313,313,145,168,0,313,0,0,0,1.0,1.0,0.0,0.0,0.0,0.9999999999968051,313,0,0,0
sem_erro,random_forest,lacuna,70,20,20,235,235,106,129,0,235,0,0,0,1.0,1.0,0.0,0.0,0.0,0.9999999999957447,235,0,0,0
sem_erro,random_forest,lacuna,70,25,25,188,188,87,101,0,188,0,0,0,1.0,1.0,0.0,0.0,0.0,0.9999999999946809,188,0,0,0
sem_erro,random_forest,lacuna,70,30,30,157,157,73,84,0,157,0,0,0,1.0,1.0,0.0,0.0,0.0,0.9999999999936307,157,0,0,0
sem_erro,random_forest,lacuna,70,35,35,134,134,57,77,0,134,0,0,0,1.0,1.0,0.0,0.0,0.0,0.9999999999925374,134,0,0,0
sem_erro,random_forest,lacuna,70,40,40,118,118,54,64,0,118,0,0,0,1.0,1.0,0.0,0.0,0.0,0.9999999999915254,118,0,0,0
sem_erro,random_forest,lacuna,70,45,45,105,105,48,57,0,105,0,0,0,1.0,1.0,0.0,0.0,0.0,0.9999999999904762,105,0,0,0
sem_erro,random_forest,lacuna,70,50,50,94,94,43,51,0,94,0,0,0,1.0,1.0,0.0,0.0,0.0,0.9999999999893616,94,0,0,0
sem_erro,random_forest,lacuna,70,55,55,86,86,38,48,0,86,0,0,0,1.0,1.0,0.0,0.0,0.0,0.9999999999883721,86,0,0,0
sem_erro,random_forest,lacuna,70,60,60,79,79,36,43,0,79,0,0,0,1.0,1.0,0.0,0.0,0.0,0.9999999999873417,79,0,0,0
sem_erro,random_forest,lacuna,70,65,65,73,73,34,39,0,73,0,0,0,1.0,1.0,0.0,0.0,0.0,0.9999999999863013,73,0,0,0
sem_erro,random_forest,lacuna,70,70,70,67,67,30,37,0,67,0,0,0,1.0,1.0,0.0,0.0,0.0,0.9999999999850746,67,0,0,0
sem_erro,random_forest,lacuna,80,5,5,935,935,459,476,0,935,0,0,0,1.0,1.0,0.0,0.0,0.0,0.9999999999989305,935,0,0,0
sem_erro,random_forest,lacuna,80,10,10,468,468,228,240,0,468,0,0,0,1.0,1.0,0.0,0.0,0.0,0.9999999999978633,468,0,0,0
sem_erro,random_forest,lacuna,80,15,15,312,312,154,158,0,312,0,0,0,1.0,1.0,0.0,0.0,0.0,0.9999999999967949,312,0,0,0
sem_erro,random_forest,lacuna,80,20,20,234,234,115,119,0,234,0,0,0,1.0,1.0,0.0,0.0,0.0,0.9999999999957265,234,0,0,0
sem_erro,random_forest,lacuna,80,25,25,187,187,90,97,0,187,0,0,0,1.0,1.0,0.0,0.0,0.0,0.9999999999946525,187,0,0,0
sem_erro,random_forest,lacuna,80,30,30,156,156,78,78,0,156,0,0,0,1.0,1.0,0.0,0.0,0.0,0.9999999999935898,156,0,0,0
sem_erro,random_forest,lacuna,80,35,35,134,134,62,72,0,134,0,0,0,1.0,1.0,0.0,0.0,0.0,0.9999999999925374,134,0,0,0
sem_erro,random_forest,lacuna,80,40,40,117,117,60,57,0,117,0,0,0,1.0,1.0,0.0,0.0,0.0,0.999999999991453,117,0,0,0
sem_erro,random_forest,lacuna,80,45,45,104,104,52,52,0,104,0,0,0,1.0,1.0,0.0,0.0,0.0,0.9999999999903846,104,0,0,0
sem_erro,random_forest,lacuna,80,50,50,94,94,44,50,0,94,0,0,0,1.0,1.0,0.0,0.0,0.0,0.9999999999893616,94,0,0,0
sem_erro,random_forest,lacuna,80,55,55,85,85,38,47,0,85,0,0,0,1.0,1.0,0.0,0.0,0.0,0.9999999999882353,85,0,0,0
sem_erro,random_forest,lacuna,80,60,60,78,78,39,39,0,78,0,0,0,1.0,1.0,0.0,0.0,0.0,0.9999999999871795,78,0,0,0
sem_erro,random_forest,lacuna,80,65,65,72,72,34,38,0,72,0,0,0,1.0,1.0,0.0,0.0,0.0,0.9999999999861111,72,0,0,0
sem_erro,random_forest,lacuna,80,70,70,67,67,34,33,0,67,0,0,0,1.0,1.0,0.0,0.0,0.0,0.9999999999850746,67,0,0,0
sem_erro,random_forest,lacuna,80,75,75,63,63,31,32,0,63,0,0,0,1.0,1.0,0.0,0.0,0.0,0.999999999984127,63,0,0,0
sem_erro,random_forest,lacuna,80,80,80,59,59,30,29,0,59,0,0,0,1.0,1.0,0.0,0.0,0.0,0.9999999999830509,59,0,0,0
sem_erro,random_forest,lacuna,90,5,5,933,933,487,446,0,933,0,0,0,1.0,1.0,0.0,0.0,0.0,0.9999999999989282,933,0,0,0
sem_erro,random_forest,lacuna,90,10,10,467,467,242,225,0,467,0,0,0,1.0,1.0,0.0,0.0,0.0,0.9999999999978587,467,0,0,0
sem_erro,random_forest,lacuna,90,15,15,311,311,162,149,0,311,0,0,0,1.0,1.0,0.0,0.0,0.0,0.9999999999967846,311,0,0,0
sem_erro,random_forest,lacuna,90,20,20,234,234,120,114,0,234,0,0,0,1.0,1.0,0.0,0.0,0.0,0.9999999999957265,234,0,0,0
sem_erro,random_forest,lacuna,90,25,25,187,187,98,89,0,187,0,0,0,1.0,1.0,0.0,0.0,0.0,0.9999999999946525,187,0,0,0
sem_erro,random_forest,lacuna,90,30,30,156,156,84,72,0,156,0,0,0,1.0,1.0,0.0,0.0,0.0,0.9999999999935898,156,0,0,0
sem_erro,random_forest,lacuna,90,35,35,134,134,69,65,0,134,0,0,0,1.0,1.0,0.0,0.0,0.0,0.9999999999925374,134,0,0,0
sem_erro,random_forest,lacuna,90,40,40,117,117,61,56,0,117,0,0,0,1.0,1.0,0.0,0.0,0.0,0.999999999991453,117,0,0,0
sem_erro,random_forest,lacuna,90,45,45,104,104,54,50,0,104,0,0,0,1.0,1.0,0.0,0.0,0.0,0.9999999999903846,104,0,0,0
sem_erro,random_forest,lacuna,90,50,50,94,94,48,46,0,94,0,0,0,1.0,1.0,0.0,0.0,0.0,0.9999999999893616,94,0,0,0
sem_erro,random_forest,lacuna,90,55,55,85,85,42,43,0,85,0,0,0,1.0,1.0,0.0,0.0,0.0,0.9999999999882353,85,0,0,0
sem_erro,random_forest,lacuna,90,60,60,78,78,41,37,0,78,0,0,0,1.0,1.0,0.0,0.0,0.0,0.9999999999871795,78,0,0,0
sem_erro,random_forest,lacuna,90,65,65,72,72,34,38,0,72,0,0,0,1.0,1.0,0.0,0.0,0.0,0.9999999999861111,72,0,0,0
sem_erro,random_forest,lacuna,90,70,70,67,67,37,30,0,67,0,0,0,1.0,1.0,0.0,0.0,0.0,0.9999999999850746,67,0,0,0
sem_erro,random_forest,lacuna,90,75,75,63,63,32,31,0,63,0,0,0,1.0,1.0,0.0,0.0,0.0,0.999999999984127,63,0,0,0
sem_erro,random_forest,lacuna,90,80,80,59,59,31,28,0,59,0,0,0,1.0,1.0,0.0,0.0,0.0,0.9999999999830509,59,0,0,0
sem_erro,random_forest,lacuna,90,85,85,55,55,24,31,0,55,0,0,0,1.0,1.0,0.0,0.0,0.0,0.9999999999818182,55,0,0,0
sem_erro,random_forest,lacuna,90,90,90,52,52,30,22,0,52,0,0,0,1.0,1.0,0.0,0.0,0.0,0.9999999999807693,52,0,0,0
sem_erro,random_forest,lacuna,100,5,5,931,931,513,418,0,931,0,0,0,1.0,1.0,0.0,0.0,0.0,0.9999999999989259,931,0,0,0
sem_erro,random_forest,lacuna,100,10,10,466,466,255,211,0,466,0,0,0,1.0,1.0,0.0,0.0,0.0,0.999999999997854,466,0,0,0
sem_erro,random_forest,lacuna,100,15,15,311,311,172,139,0,311,0,0,0,1.0,1.0,0.0,0.0,0.0,0.9999999999967846,311,0,0,0
sem_erro,random_forest,lacuna,100,20,20,233,233,128,105,0,233,0,0,0,1.0,1.0,0.0,0.0,0.0,0.9999999999957082,233,0,0,0
sem_erro,random_forest,lacuna,100,25,25,187,187,103,84,0,187,0,0,0,1.0,1.0,0.0,0.0,0.0,0.9999999999946525,187,0,0,0
sem_erro,random_forest,lacuna,100,30,30,156,156,86,70,0,156,0,0,0,1.0,1.0,0.0,0.0,0.0,0.9999999999935898,156,0,0,0
sem_erro,random_forest,lacuna,100,35,35,133,133,70,63,0,133,0,0,0,1.0,1.0,0.0,0.0,0.0,0.9999999999924812,133,0,0,0
sem_erro,random_forest,lacuna,100,40,40,117,117,63,54,0,117,0,0,0,1.0,1.0,0.0,0.0,0.0,0.999999999991453,117,0,0,0
sem_erro,random_forest,lacuna,100,45,45,104,104,57,47,0,104,0,0,0,1.0,1.0,0.0,0.0,0.0,0.9999999999903846,104,0,0,0
sem_erro,random_forest,lacuna,100,50,50,94,94,52,42,0,94,0,0,0,1.0,1.0,0.0,0.0,0.0,0.9999999999893616,94,0,0,0
sem_erro,random_forest,lacuna,100,55,55,85,85,46,39,0,85,0,0,0,1.0,1.0,0.0,0.0,0.0,0.9999999999882353,85,0,0,0
sem_erro,random_forest,lacuna,100,60,60,78,78,42,36,0,78,0,0,0,1.0,1.0,0.0,0.0,0.0,0.9999999999871795,78,0,0,0
sem_erro,random_forest,lacuna,100,65,65,72,72,39,33,0,72,0,0,0,1.0,1.0,0.0,0.0,0.0,0.9999999999861111,72,0,0,0
sem_erro,random_forest,lacuna,100,70,70,67,67,37,30,0,67,0,0,0,1.0,1.0,0.0,0.0,0.0,0.9999999999850746,67,0,0,0
sem_erro,random_forest,lacuna,100,75,75,63,63,33,30,0,63,0,0,0,1.0,1.0,0.0,0.0,0.0,0.999999999984127,63,0,0,0
sem_erro,random_forest,lacuna,100,80,80,59,59,32,27,0,59,0,1,1,0.9830508474576272,0.9830508474576272,0.0,0.0,0.0,0.9830508474409653,58,1,0,0
sem_erro,random_forest,lacuna,100,85,85,55,55,27,28,0,55,0,1,1,0.9818181818181818,0.9818181818181818,0.0,0.0,0.0,0.9818181818003306,54,1,0,0
sem_erro,random_forest,lacuna,100,90,90,52,52,30,22,0,52,0,5,5,0.9038461538461539,0.9038461538461539,0.0,0.0,0.0,0.9038461538287722,47,5,0,0
sem_erro,random_forest,lacuna,100,95,95,49,49,28,21,0,49,0,3,3,0.9387755102040817,0.9387755102040817,0.0,0.0,0.0,0.938775510184923,46,3,0,0
sem_erro,random_forest,lacuna,100,100,100,47,47,28,19,0,47,0,11,11,0.6808510638297872,0.6808510638297872,0.0,0.0,0.0,0.6808510638153011,32,15,0,0
sem_erro,random_forest,oscilacao,20,5,5,947,947,301,646,0,947,0,34,34,0.9324181626187962,0.9324181626187962,0.0,0.0,0.0,0.9324181626178116,883,64,0,0
sem_erro,random_forest,oscilacao,20,10,10,474,474,152,322,0,474,0,18,18,0.9430379746835443,0.9430379746835443,0.0,0.0,0.0,0.9430379746815548,447,27,0,0
sem_erro,random_forest,oscilacao,20,15,15,316,316,101,215,0,316,0,17,17,0.9335443037974683,0.9335443037974683,0.0,0.0,0.0,0.9335443037945141,295,21,0,0
sem_erro,random_forest,oscilacao,20,20,20,237,237,75,162,0,237,0,15,15,0.9240506329113924,0.9240506329113924,0.0,0.0,0.0,0.9240506329074935,219,18,0,0
sem_erro,random_forest,oscilacao,30,5,5,945,945,333,612,0,945,0,32,32,0.9343915343915344,0.9343915343915344,0.0,0.0,0.0,0.9343915343905457,883,62,0,0
sem_erro,random_forest,oscilacao,30,10,10,473,473,168,305,0,473,0,22,22,0.9281183932346723,0.9281183932346723,0.0,0.0,0.0,0.9281183932327102,439,34,0,0
sem_erro,random_forest,oscilacao,30,15,15,315,315,110,205,0,315,0,15,15,0.9396825396825397,0.9396825396825397,0.0,0.0,0.0,0.9396825396795566,296,19,0,0
sem_erro,random_forest,oscilacao,30,20,20,237,237,83,154,0,237,0,15,15,0.9240506329113924,0.9240506329113924,0.0,0.0,0.0,0.9240506329074935,219,18,0,0
sem_erro,random_forest,oscilacao,30,25,25,189,189,67,122,0,189,0,10,10,0.9206349206349206,0.9206349206349206,0.0,0.0,0.0,0.9206349206300496,174,15,0,0
sem_erro,random_forest,oscilacao,30,30,30,158,158,54,104,0,158,0,13,13,0.8987341772151899,0.8987341772151899,0.0,0.0,0.0,0.8987341772095018,142,16,0,0
sem_erro,random_forest,oscilacao,40,5,5,943,943,365,578,0,943,0,43,43,0.8833510074231177,0.8833510074231177,0.0,0.0,0.0,0.883351007422181,833,110,0,0
sem_erro,random_forest,oscilacao,40,10,10,472,472,184,288,0,472,0,30,30,0.8813559322033898,0.8813559322033898,0.0,0.0,0.0,0.8813559322015225,416,56,0,0
sem_erro,random_forest,oscilacao,40,15,15,315,315,124,191,0,315,0,27,27,0.8476190476190476,0.8476190476190476,0.0,0.0,0.0,0.8476190476163568,267,48,0,0
sem_erro,random_forest,oscilacao,40,20,20,236,236,91,145,0,236,0,19,19,0.8686440677966102,0.8686440677966102,0.0,0.0,0.0,0.8686440677929295,205,31,0,0
sem_erro,random_forest,oscilacao,40,25,25,189,189,75,114,0,189,0,22,22,0.8148148148148148,0.8148148148148148,0.0,0.0,0.0,0.8148148148105037,154,35,0,0
sem_erro,random_forest,oscilacao,40,30,30,158,158,60,98,0,158,0,20,20,0.8544303797468354,0.8544303797468354,0.0,0.0,0.0,0.8544303797414277,135,23,0,0
sem_erro,random_forest,oscilacao,40,35,35,135,135,52,83,0,135,0,16,16,0.8666666666666667,0.8666666666666667,0.0,0.0,0.0,0.8666666666602469,117,18,0,0
sem_erro,random_forest,oscilacao,40,40,40,118,118,44,74,0,118,0,17,17,0.8220338983050848,0.8220338983050848,0.0,0.0,0.0,0.8220338982981183,97,21,0,0
sem_erro,random_forest,oscilacao,50,5,5,941,941,397,544,0,941,0,42,42,0.8119022316684378,0.8119022316684378,0.0,0.0,0.0,0.811902231667575,764,177,0,0
sem_erro,random_forest,oscilacao,50,10,10,471,471,200,271,0,471,0,37,37,0.8004246284501062,0.8004246284501062,0.0,0.0,0.0,0.8004246284484068,377,94,0,0
sem_erro,random_forest,oscilacao,50,15,15,314,314,133,181,0,314,0,30,30,0.7993630573248408,0.7993630573248408,0.0,0.0,0.0,0.7993630573222951,251,63,0,0
sem_erro,random_forest,oscilacao,50,20,20,236,236,99,137,0,236,0,23,23,0.8177966101694916,0.8177966101694916,0.0,0.0,0.0,0.8177966101660263,193,43,0,0
sem_erro,random_forest,oscilacao,50,25,25,189,189,82,107,0,189,0,31,31,0.7195767195767195,0.7195767195767195,0.0,0.0,0.0,0.7195767195729124,136,53,0,0
sem_erro,random_forest,oscilacao,50,30,30,157,157,67,90,0,157,0,23,23,0.7707006369426752,0.7707006369426752,0.0,0.0,0.0,0.7707006369377662,121,36,0,0
sem_erro,random_forest,oscilacao,50,35,35,135,135,59,76,0,135,0,26,26,0.7185185185185186,0.7185185185185186,0.0,0.0,0.0,0.7185185185131963,97,38,0,0
sem_erro,random_forest,oscilacao,50,40,40,118,118,49,69,0,118,0,17,17,0.8135593220338984,0.8135593220338984,0.0,0.0,0.0,0.8135593220270038,96,22,0,0
sem_erro,random_forest,oscilacao,50,45,45,105,105,44,61,0,105,0,19,19,0.780952380952381,0.780952380952381,0.0,0.0,0.0,0.7809523809449432,82,23,0,0
sem_erro,random_forest,oscilacao,50,50,50,95,95,41,54,0,95,0,27,27,0.6210526315789474,0.6210526315789474,0.0,0.0,0.0,0.62105263157241,59,36,0,0
sem_erro,random_forest,oscilacao,60,5,5,939,939,426,513,0,939,0,43,43,0.7507987220447284,0.7507987220447284,0.0,0.0,0.0,0.7507987220439288,705,234,0,0
sem_erro,random_forest,oscilacao,60,10,10,470,470,214,256,0,470,0,38,38,0.7531914893617021,0.7531914893617021,0.0,0.0,0.0,0.7531914893600996,354,116,0,0
sem_erro,random_forest,oscilacao,60,15,15,313,313,141,172,0,313,0,30,30,0.7539936102236422,0.7539936102236422,0.0,0.0,0.0,0.7539936102212332,236,77,0,0
sem_erro,random_forest,oscilacao,60,20,20,235,235,106,129,0,235,0,26,26,0.7872340425531915,0.7872340425531915,0.0,0.0,0.0,0.7872340425498416,185,50,0,0
sem_erro,random_forest,oscilacao,60,25,25,188,188,88,100,0,188,0,31,31,0.6861702127659575,0.6861702127659575,0.0,0.0,0.0,0.6861702127623076,129,59,0,0
sem_erro,random_forest,oscilacao,60,30,30,157,157,69,88,0,157,0,24,24,0.7515923566878981,0.7515923566878981,0.0,0.0,0.0,0.751592356683111,118,39,0,0
sem_erro,random_forest,oscilacao,60,35,35,135,135,63,72,0,135,0,30,30,0.6888888888888889,0.6888888888888889,0.0,0.0,0.0,0.6888888888837861,93,42,0,0
sem_erro,random_forest,oscilacao,60,40,40,118,118,54,64,0,118,0,20,20,0.7288135593220338,0.7288135593220338,0.0,0.0,0.0,0.7288135593158575,86,32,0,0
sem_erro,random_forest,oscilacao,60,45,45,105,105,49,56,0,105,0,22,22,0.7047619047619048,0.7047619047619048,0.0,0.0,0.0,0.7047619047551927,74,31,0,0
sem_erro,random_forest,oscilacao,60,50,50,94,94,44,50,0,94,0,22,22,0.648936170212766,0.648936170212766,0.0,0.0,0.0,0.6489361702058624,61,33,0,0
sem_erro,random_forest,oscilacao,60,55,55,86,86,38,48,0,86,0,15,15,0.7674418604651163,0.7674418604651163,0.0,0.0,0.0,0.7674418604561926,66,20,0,0
sem_erro,random_forest,oscilacao,60,60,60,79,79,35,44,0,79,0,17,17,0.7721518987341772,0.7721518987341772,0.0,0.0,0.0,0.7721518987244032,61,18,0,0
sem_erro,random_forest,oscilacao,70,5,5,937,937,452,485,0,937,0,45,45,0.688367129135539,0.688367129135539,0.0,0.0,0.0,0.6883671291348044,645,292,0,0
sem_erro,random_forest,oscilacao,70,10,10,469,469,227,242,0,469,0,41,41,0.7057569296375267,0.7057569296375267,0.0,0.0,0.0,0.7057569296360219,331,138,0,0
sem_erro,random_forest,oscilacao,70,15,15,313,313,153,160,0,313,0,33,33,0.6900958466453674,0.6900958466453674,0.0,0.0,0.0,0.6900958466431627,216,97,0,0
sem_erro,random_forest,oscilacao,70,20,20,235,235,113,122,0,235,0,33,33,0.6723404255319149,0.6723404255319149,0.0,0.0,0.0,0.6723404255290539,158,77,0,0
sem_erro,random_forest,oscilacao,70,25,25,188,188,94,94,0,188,0,30,30,0.648936170212766,0.648936170212766,0.0,0.0,0.0,0.6489361702093142,122,66,0,0
sem_erro,random_forest,oscilacao,70,30,30,157,157,75,82,0,157,0,25,25,0.7006369426751592,0.7006369426751592,0.0,0.0,0.0,0.7006369426706966,110,47,0,0
sem_erro,random_forest,oscilacao,70,35,35,134,134,63,71,0,134,0,27,27,0.6417910447761194,0.6417910447761194,0.0,0.0,0.0,0.64179104477133,86,48,0,0
sem_erro,random_forest,oscilacao,70,40,40,118,118,57,61,0,118,0,21,21,0.652542372881356,0.652542372881356,0.0,0.0,0.0,0.6525423728758258,77,41,0,0
sem_erro,random_forest,oscilacao,70,45,45,105,105,52,53,0,105,0,21,21,0.6571428571428571,0.6571428571428571,0.0,0.0,0.0,0.6571428571365986,69,36,0,0
sem_erro,random_forest,oscilacao,70,50,50,94,94,48,46,0,94,0,24,24,0.5425531914893617,0.5425531914893617,0.0,0.0,0.0,0.5425531914835898,51,43,0,0
sem_erro,random_forest,oscilacao,70,55,55,86,86,40,46,0,86,0,16,16,0.6976744186046512,0.6976744186046512,0.0,0.0,0.0,0.6976744185965387,60,26,0,0
sem_erro,random_forest,oscilacao,70,60,60,79,79,38,41,0,79,0,19,19,0.6329113924050633,0.6329113924050633,0.0,0.0,0.0,0.6329113923970517,50,29,0,0
sem_erro,random_forest,oscilacao,70,65,65,73,73,36,37,0,73,0,16,16,0.6575342465753424,0.6575342465753424,0.0,0.0,0.0,0.6575342465663351,48,25,0,0
sem_erro,random_forest,oscilacao,70,70,70,67,67,34,33,0,67,0,16,16,0.6417910447761194,0.6417910447761194,0.0,0.0,0.0,0.6417910447665404,43,24,0,0
sem_erro,random_forest,oscilacao,80,5,5,935,935,476,459,0,935,0,40,40,0.6064171122994653,0.6064171122994653,0.0,0.0,0.0,0.6064171122988167,567,368,0,0
sem_erro,random_forest,oscilacao,80,10,10,468,468,239,229,0,468,0,38,38,0.6004273504273504,0.6004273504273504,0.0,0.0,0.0,0.6004273504260674,281,187,0,0
sem_erro,random_forest,oscilacao,80,15,15,312,312,160,152,0,312,0,33,33,0.6121794871794872,0.6121794871794872,0.0,0.0,0.0,0.6121794871775251,191,121,0,0
sem_erro,random_forest,oscilacao,80,20,20,234,234,118,116,0,234,0,31,31,0.6452991452991453,0.6452991452991453,0.0,0.0,0.0,0.6452991452963877,151,83,0,0
sem_erro,random_forest,oscilacao,80,25,25,187,187,96,91,0,187,0,31,31,0.5935828877005348,0.5935828877005348,0.0,0.0,0.0,0.5935828876973606,111,76,0,0
sem_erro,random_forest,oscilacao,80,30,30,156,156,81,75,0,156,0,28,28,0.5705128205128205,0.5705128205128205,0.0,0.0,0.0,0.5705128205091634,89,67,0,0
sem_erro,random_forest,oscilacao,80,35,35,134,134,68,66,0,134,0,28,28,0.5970149253731343,0.5970149253731343,0.0,0.0,0.0,0.5970149253686791,80,54,0,0
sem_erro,random_forest,oscilacao,80,40,40,117,117,59,58,0,117,0,23,23,0.6239316239316239,0.6239316239316239,0.0,0.0,0.0,0.6239316239262912,73,44,0,0
sem_erro,random_forest,oscilacao,80,45,45,104,104,54,50,0,104,0,25,25,0.5384615384615384,0.5384615384615384,0.0,0.0,0.0,0.5384615384563609,56,48,0,0
sem_erro,random_forest,oscilacao,80,50,50,94,94,51,43,0,94,0,25,25,0.48936170212765956,0.48936170212765956,0.0,0.0,0.0,0.48936170212245356,46,48,0,0
sem_erro,random_forest,oscilacao,80,55,55,85,85,43,42,0,85,0,21,21,0.5764705882352941,0.5764705882352941,0.0,0.0,0.0,0.576470588228512,49,36,0,0
sem_erro,random_forest,oscilacao,80,60,60,78,78,40,38,0,78,0,17,17,0.5641025641025641,0.5641025641025641,0.0,0.0,0.0,0.564102564095332,44,34,0,0
sem_erro,random_forest,oscilacao,80,65,65,72,72,35,37,0,72,0,16,16,0.6944444444444444,0.6944444444444444,0.0,0.0,0.0,0.6944444444347994,50,22,0,0
sem_erro,random_forest,oscilacao,80,70,70,67,67,36,31,0,67,0,20,20,0.5522388059701493,0.5522388059701493,0.0,0.0,0.0,0.5522388059619069,37,30,0,0
sem_erro,random_forest,oscilacao,80,75,75,63,63,35,28,0,63,0,19,19,0.47619047619047616,0.47619047619047616,0.0,0.0,0.0,0.47619047618291765,30,33,0,0
sem_erro,random_forest,oscilacao,80,80,80,59,59,31,28,0,59,0,14,14,0.4745762711864407,0.4745762711864407,0.0,0.0,0.0,0.474576271178397,28,31,0,0
sem_erro,random_forest,oscilacao,90,5,5,933,933,500,433,0,933,0,36,36,0.5455519828510182,0.5455519828510182,0.0,0.0,0.0,0.5455519828504335,509,424,0,0
sem_erro,random_forest,oscilacao,90,10,10,467,467,251,216,0,467,0,35,35,0.5374732334047109,0.5374732334047109,0.0,0.0,0.0,0.53747323340356,251,216,0,0
sem_erro,random_forest,oscilacao,90,15,15,311,311,166,145,0,311,0,31,31,0.5369774919614148,0.5369774919614148,0.0,0.0,0.0,0.5369774919596882,167,144,0,0
sem_erro,random_forest,oscilacao,90,20,20,234,234,125,109,0,234,0,29,29,0.5341880341880342,0.5341880341880342,0.0,0.0,0.0,0.5341880341857513,125,109,0,0
sem_erro,random_forest,oscilacao,90,25,25,187,187,102,85,0,187,0,27,27,0.49732620320855614,0.49732620320855614,0.0,0.0,0.0,0.49732620320589666,93,94,0,0
sem_erro,random_forest,oscilacao,90,30,30,156,156,81,75,0,156,0,28,28,0.5576923076923077,0.5576923076923077,0.0,0.0,0.0,0.5576923076887328,87,69,0,0
sem_erro,random_forest,oscilacao,90,35,35,134,134,73,61,0,134,0,26,26,0.5074626865671642,0.5074626865671642,0.0,0.0,0.0,0.5074626865633772,68,66,0,0
sem_erro,random_forest,oscilacao,90,40,40,117,117,63,54,0,117,0,24,24,0.5470085470085471,0.5470085470085471,0.0,0.0,0.0,0.5470085470038717,64,53,0,0
sem_erro,random_forest,oscilacao,90,45,45,104,104,55,49,0,104,0,22,22,0.4807692307692308,0.4807692307692308,0.0,0.0,0.0,0.480769230764608,50,54,0,0
sem_erro,random_forest,oscilacao,90,50,50,94,94,52,42,0,94,0,26,26,0.5,0.5,0.0,0.0,0.0,0.4999999999946808,47,47,0,0
sem_erro,random_forest,oscilacao,90,55,55,85,85,44,41,0,85,0,24,24,0.5529411764705883,0.5529411764705883,0.0,0.0,0.0,0.552941176464083,47,38,0,0
sem_erro,random_forest,oscilacao,90,60,60,78,78,40,38,0,78,0,17,17,0.5641025641025641,0.5641025641025641,0.0,0.0,0.0,0.564102564095332,44,34,0,0
sem_erro,random_forest,oscilacao,90,65,65,72,72,37,35,0,72,0,22,22,0.6111111111111112,0.6111111111111112,0.0,0.0,0.0,0.6111111111026234,44,28,0,0
sem_erro,random_forest,oscilacao,90,70,70,67,67,37,30,0,67,0,23,23,0.5223880597014925,0.5223880597014925,0.0,0.0,0.0,0.5223880596936957,35,32,0,0
sem_erro,random_forest,oscilacao,90,75,75,63,63,36,27,0,63,0,19,19,0.4126984126984127,0.4126984126984127,0.0,0.0,0.0,0.41269841269186197,26,37,0,0
sem_erro,random_forest,oscilacao,90,80,80,59,59,32,27,0,59,0,16,16,0.4915254237288136,0.4915254237288136,0.0,0.0,0.0,0.49152542372048263,29,30,0,0
sem_erro,random_forest,oscilacao,90,85,85,55,55,29,26,0,55,0,12,12,0.5272727272727272,0.5272727272727272,0.0,0.0,0.0,0.5272727272631406,29,26,0,0
sem_erro,random_forest,oscilacao,90,90,90,52,52,30,22,0,52,0,14,14,0.34615384615384615,0.34615384615384615,0.0,0.0,0.0,0.34615384614718936,18,34,0,0
sem_erro,random_forest,oscilacao,100,5,5,931,931,522,409,0,931,0,38,38,0.49516648764769067,0.49516648764769067,0.0,0.0,0.0,0.4951664876471588,461,470,0,0
sem_erro,random_forest,oscilacao,100,10,10,466,466,262,204,0,466,0,33,33,0.4678111587982833,0.4678111587982833,0.0,0.0,0.0,0.46781115879727936,218,248,0,0
sem_erro,random_forest,oscilacao,100,15,15,311,311,176,135,0,311,0,31,31,0.45016077170418006,0.45016077170418006,0.0,0.0,0.0,0.4501607717027326,140,171,0,0
sem_erro,random_forest,oscilacao,100,20,20,233,233,130,103,0,233,0,30,30,0.5021459227467812,0.5021459227467812,0.0,0.0,0.0,0.502145922744626,117,116,0,0
sem_erro,random_forest,oscilacao,100,25,25,187,187,107,80,0,187,0,29,29,0.44919786096256686,0.44919786096256686,0.0,0.0,0.0,0.44919786096016473,84,103,0,0
sem_erro,random_forest,oscilacao,100,30,30,156,156,86,70,0,156,0,27,27,0.47435897435897434,0.47435897435897434,0.0,0.0,0.0,0.4743589743559336,74,82,0,0
sem_erro,random_forest,oscilacao,100,35,35,133,133,74,59,0,133,0,26,26,0.48120300751879697,0.48120300751879697,0.0,0.0,0.0,0.48120300751517897,64,69,0,0
sem_erro,random_forest,oscilacao,100,40,40,117,117,66,51,0,117,0,26,26,0.5042735042735043,0.5042735042735043,0.0,0.0,0.0,0.5042735042691943,59,58,0,0
sem_erro,random_forest,oscilacao,100,45,45,104,104,59,45,0,104,0,25,25,0.4230769230769231,0.4230769230769231,0.0,0.0,0.0,0.423076923072855,44,60,0,0
sem_erro,random_forest,oscilacao,100,50,50,94,94,53,41,0,94,0,21,21,0.46808510638297873,0.46808510638297873,0.0,0.0,0.0,0.46808510637799905,44,50,0,0
sem_erro,random_forest,oscilacao,100,55,55,85,85,47,38,0,85,0,24,24,0.4235294117647059,0.4235294117647059,0.0,0.0,0.0,0.42352941175972314,36,49,0,0
sem_erro,random_forest,oscilacao,100,60,60,78,78,43,35,0,78,0,21,21,0.46153846153846156,0.46153846153846156,0.0,0.0,0.0,0.46153846153254435,36,42,0,0
sem_erro,random_forest,oscilacao,100,65,65,72,72,39,33,0,72,0,20,20,0.5277777777777778,0.5277777777777778,0.0,0.0,0.0,0.5277777777704475,38,34,0,0
sem_erro,random_forest,oscilacao,100,70,70,67,67,37,30,0,67,0,23,23,0.5223880597014925,0.5223880597014925,0.0,0.0,0.0,0.5223880596936957,35,32,0,0
sem_erro,random_forest,oscilacao,100,75,75,63,63,37,26,0,63,0,16,16,0.3968253968253968,0.3968253968253968,0.0,0.0,0.0,0.396825396819098,25,38,0,0
sem_erro,random_forest,oscilacao,100,80,80,59,59,33,26,0,59,0,19,19,0.4915254237288136,0.4915254237288136,0.0,0.0,0.0,0.49152542372048263,29,30,0,0
sem_erro,random_forest,oscilacao,100,85,85,55,55,31,24,0,55,0,15,15,0.509090909090909,0.509090909090909,0.0,0.0,0.0,0.5090909090816529,28,27,0,0
sem_erro,random_forest,oscilacao,100,90,90,52,52,32,20,0,52,0,11,11,0.3076923076923077,0.3076923076923077,0.0,0.0,0.0,0.30769230768639055,16,36,0,0
sem_erro,random_forest,oscilacao,100,95,95,49,49,27,22,0,49,0,9,9,0.4897959183673469,0.4897959183673469,0.0,0.0,0.0,0.48979591835735115,24,25,0,0
sem_erro,random_forest,oscilacao,100,100,100,47,47,24,23,0,47,0,12,12,0.3617021276595745,0.3617021276595745,0.0,0.0,0.0,0.3617021276518787,17,30,0,0
sem_erro,random_forest,queda,20,5,5,947,947,189,758,0,947,0,29,29,0.9493136219640972,0.9493136219640972,0.0,0.0,0.0,0.9493136219630948,899,48,0,0
sem_erro,random_forest,queda,20,10,10,474,474,92,382,0,474,0,12,12,0.9704641350210971,0.9704641350210971,0.0,0.0,0.0,0.9704641350190497,460,14,0,0
sem_erro,random_forest,queda,20,15,15,316,316,63,253,0,316,0,14,14,0.9525316455696202,0.9525316455696202,0.0,0.0,0.0,0.952531645566606,301,15,0,0
sem_erro,random_forest,queda,20,20,20,237,237,45,192,0,237,0,5,5,0.9789029535864979,0.9789029535864979,0.0,0.0,0.0,0.9789029535823676,232,5,0,0
sem_erro,random_forest,queda,30,5,5,945,945,227,718,0,945,0,21,21,0.9502645502645503,0.9502645502645503,0.0,0.0,0.0,0.9502645502635447,898,47,0,0
sem_erro,random_forest,queda,30,10,10,473,473,111,362,0,473,0,16,16,0.959830866807611,0.959830866807611,0.0,0.0,0.0,0.9598308668055818,454,19,0,0
sem_erro,random_forest,queda,30,15,15,315,315,77,238,0,315,0,11,11,0.9523809523809523,0.9523809523809523,0.0,0.0,0.0,0.952380952377929,300,15,0,0
sem_erro,random_forest,queda,30,20,20,237,237,56,181,0,237,0,9,9,0.9535864978902954,0.9535864978902954,0.0,0.0,0.0,0.9535864978862718,226,11,0,0
sem_erro,random_forest,queda,30,25,25,189,189,45,144,0,189,0,8,8,0.9576719576719577,0.9576719576719577,0.0,0.0,0.0,0.9576719576668907,181,8,0,0
sem_erro,random_forest,queda,30,30,30,158,158,38,120,0,158,0,6,6,0.9556962025316456,0.9556962025316456,0.0,0.0,0.0,0.955696202525597,151,7,0,0
sem_erro,random_forest,queda,40,5,5,943,943,261,682,0,943,0,18,18,0.943796394485684,0.943796394485684,0.0,0.0,0.0,0.9437963944846831,890,53,0,0
sem_erro,random_forest,queda,40,10,10,472,472,129,343,0,472,0,14,14,0.951271186440678,0.951271186440678,0.0,0.0,0.0,0.9512711864386626,449,23,0,0
sem_erro,random_forest,queda,40,15,15,315,315,88,227,0,315,0,12,12,0.9396825396825397,0.9396825396825397,0.0,0.0,0.0,0.9396825396795566,296,19,0,0
sem_erro,random_forest,queda,40,20,20,236,236,64,172,0,236,0,8,8,0.9491525423728814,0.9491525423728814,0.0,0.0,0.0,0.9491525423688596,224,12,0,0
sem_erro,random_forest,queda,40,25,25,189,189,53,136,0,189,0,11,11,0.9259259259259259,0.9259259259259259,0.0,0.0,0.0,0.9259259259210268,175,14,0,0
sem_erro,random_forest,queda,40,30,30,158,158,43,115,0,158,0,5,5,0.9620253164556962,0.9620253164556962,0.0,0.0,0.0,0.9620253164496075,152,6,0,0
sem_erro,random_forest,queda,40,35,35,135,135,36,99,0,135,0,4,4,0.9629629629629629,0.9629629629629629,0.0,0.0,0.0,0.96296296295583,130,5,0,0
sem_erro,random_forest,queda,40,40,40,118,118,33,85,0,118,0,8,8,0.923728813559322,0.923728813559322,0.0,0.0,0.0,0.9237288135514938,109,9,0,0
sem_erro,random_forest,queda,50,5,5,941,941,293,648,0,941,0,18,18,0.926673751328374,0.926673751328374,0.0,0.0,0.0,0.9266737513273893,872,69,0,0
sem_erro,random_forest,queda,50,10,10,471,471,145,326,0,471,0,17,17,0.9171974522292994,0.9171974522292994,0.0,0.0,0.0,0.917197452227352,432,39,0,0
sem_erro,random_forest,queda,50,15,15,314,314,98,216,0,314,0,13,13,0.9267515923566879,0.9267515923566879,0.0,0.0,0.0,0.9267515923537365,291,23,0,0
sem_erro,random_forest,queda,50,20,20,236,236,73,163,0,236,0,12,12,0.923728813559322,0.923728813559322,0.0,0.0,0.0,0.9237288135554079,218,18,0,0
sem_erro,random_forest,queda,50,25,25,189,189,59,130,0,189,0,13,13,0.9153439153439153,0.9153439153439153,0.0,0.0,0.0,0.9153439153390723,173,16,0,0
sem_erro,random_forest,queda,50,30,30,157,157,48,109,0,157,0,7,7,0.9363057324840764,0.9363057324840764,0.0,0.0,0.0,0.9363057324781128,147,10,0,0
sem_erro,random_forest,queda,50,35,35,135,135,40,95,0,135,0,8,8,0.9333333333333333,0.9333333333333333,0.0,0.0,0.0,0.9333333333264199,126,9,0,0
sem_erro,random_forest,queda,50,40,40,118,118,36,82,0,118,0,11,11,0.864406779661017,0.864406779661017,0.0,0.0,0.0,0.8644067796536914,102,16,0,0
sem_erro,random_forest,queda,50,45,45,105,105,34,71,0,105,0,10,10,0.8857142857142857,0.8857142857142857,0.0,0.0,0.0,0.8857142857058503,93,12,0,0
sem_erro,random_forest,queda,50,50,50,95,95,30,65,0,95,0,12,12,0.8631578947368421,0.8631578947368421,0.0,0.0,0.0,0.8631578947277562,82,13,0,0
sem_erro,random_forest,queda,60,5,5,939,939,324,615,0,939,0,23,23,0.8966986155484558,0.8966986155484558,0.0,0.0,0.0,0.8966986155475009,842,97,0,0
sem_erro,random_forest,queda,60,10,10,470,470,161,309,0,470,0,23,23,0.8893617021276595,0.8893617021276595,0.0,0.0,0.0,0.8893617021257674,418,52,0,0
sem_erro,random_forest,queda,60,15,15,313,313,109,204,0,313,0,21,21,0.8722044728434505,0.8722044728434505,0.0,0.0,0.0,0.8722044728406639,273,40,0,0
sem_erro,random_forest,queda,60,20,20,235,235,80,155,0,235,0,17,17,0.8936170212765957,0.8936170212765957,0.0,0.0,0.0,0.8936170212727932,210,25,0,0
sem_erro,random_forest,queda,60,25,25,188,188,66,122,0,188,0,15,15,0.8882978723404256,0.8882978723404256,0.0,0.0,0.0,0.8882978723357006,167,21,0,0
sem_erro,random_forest,queda,60,30,30,157,157,54,103,0,157,0,14,14,0.8726114649681529,0.8726114649681529,0.0,0.0,0.0,0.8726114649625949,137,20,0,0
sem_erro,random_forest,queda,60,35,35,135,135,46,89,0,135,0,10,10,0.8814814814814815,0.8814814814814815,0.0,0.0,0.0,0.8814814814749521,119,16,0,0
sem_erro,random_forest,queda,60,40,40,118,118,40,78,0,118,0,15,15,0.8220338983050848,0.8220338983050848,0.0,0.0,0.0,0.8220338982981183,97,21,0,0
sem_erro,random_forest,queda,60,45,45,105,105,38,67,0,105,0,13,13,0.8571428571428571,0.8571428571428571,0.0,0.0,0.0,0.8571428571346938,90,15,0,0
sem_erro,random_forest,queda,60,50,50,94,94,32,62,0,94,0,8,8,0.8723404255319149,0.8723404255319149,0.0,0.0,0.0,0.8723404255226347,82,12,0,0
sem_erro,random_forest,queda,60,55,55,86,86,25,61,0,86,0,9,9,0.8953488372093024,0.8953488372093024,0.0,0.0,0.0,0.8953488371988912,77,9,0,0
sem_erro,random_forest,queda,60,60,60,79,79,27,52,0,79,0,8,8,0.8607594936708861,0.8607594936708861,0.0,0.0,0.0,0.8607594936599904,68,11,0,0
sem_erro,random_forest,queda,70,5,5,937,937,354,583,0,937,0,29,29,0.8516542155816436,0.8516542155816436,0.0,0.0,0.0,0.8516542155807346,798,139,0,0
sem_erro,random_forest,queda,70,10,10,469,469,176,293,0,469,0,24,24,0.8592750533049041,0.8592750533049041,0.0,0.0,0.0,0.859275053303072,403,66,0,0
sem_erro,random_forest,queda,70,15,15,313,313,119,194,0,313,0,23,23,0.8562300319488818,0.8562300319488818,0.0,0.0,0.0,0.8562300319461462,268,45,0,0
sem_erro,random_forest,queda,70,20,20,235,235,88,147,0,235,0,25,25,0.8382978723404255,0.8382978723404255,0.0,0.0,0.0,0.8382978723368584,197,38,0,0
sem_erro,random_forest,queda,70,25,25,188,188,71,117,0,188,0,16,16,0.8297872340425532,0.8297872340425532,0.0,0.0,0.0,0.8297872340381395,156,32,0,0
sem_erro,random_forest,queda,70,30,30,157,157,59,98,0,157,0,20,20,0.821656050955414,0.821656050955414,0.0,0.0,0.0,0.8216560509501806,129,28,0,0
sem_erro,random_forest,queda,70,35,35,134,134,50,84,0,134,0,9,9,0.8805970149253731,0.8805970149253731,0.0,0.0,0.0,0.8805970149188016,118,16,0,0
sem_erro,random_forest,queda,70,40,40,118,118,45,73,0,118,0,17,17,0.8050847457627118,0.8050847457627118,0.0,0.0,0.0,0.8050847457558891,95,23,0,0
sem_erro,random_forest,queda,70,45,45,105,105,42,63,0,105,0,15,15,0.7619047619047619,0.7619047619047619,0.0,0.0,0.0,0.7619047618975057,80,25,0,0
sem_erro,random_forest,queda,70,50,50,94,94,34,60,0,94,0,10,10,0.851063829787234,0.851063829787234,0.0,0.0,0.0,0.8510638297781802,80,14,0,0
sem_erro,random_forest,queda,70,55,55,86,86,33,53,0,86,0,12,12,0.8255813953488372,0.8255813953488372,0.0,0.0,0.0,0.8255813953392374,71,15,0,0
sem_erro,random_forest,queda,70,60,60,79,79,30,49,0,79,0,14,14,0.7721518987341772,0.7721518987341772,0.0,0.0,0.0,0.7721518987244032,61,18,0,0
sem_erro,random_forest,queda,70,65,65,73,73,29,44,0,73,0,10,10,0.7808219178082192,0.7808219178082192,0.0,0.0,0.0,0.780821917797523,57,16,0,0
sem_erro,random_forest,queda,70,70,70,67,67,26,41,0,67,0,8,8,0.7761194029850746,0.7761194029850746,0.0,0.0,0.0,0.7761194029734907,52,15,0,0
sem_erro,random_forest,queda,80,5,5,935,935,384,551,0,935,0,32,32,0.7871657754010695,0.7871657754010695,0.0,0.0,0.0,0.7871657754002276,736,199,0,0
sem_erro,random_forest,queda,80,10,10,468,468,191,277,0,468,0,28,28,0.7756410256410257,0.7756410256410257,0.0,0.0,0.0,0.7756410256393683,363,105,0,0
sem_erro,random_forest,queda,80,15,15,312,312,129,183,0,312,0,28,28,0.7948717948717948,0.7948717948717948,0.0,0.0,0.0,0.7948717948692472,248,64,0,0
sem_erro,random_forest,queda,80,20,20,234,234,95,139,0,234,0,26,26,0.7905982905982906,0.7905982905982906,0.0,0.0,0.0,0.790598290594912,185,49,0,0
sem_erro,random_forest,queda,80,25,25,187,187,76,111,0,187,0,23,23,0.7486631016042781,0.7486631016042781,0.0,0.0,0.0,0.7486631016002746,140,47,0,0
sem_erro,random_forest,queda,80,30,30,156,156,64,92,0,156,0,22,22,0.7564102564102564,0.7564102564102564,0.0,0.0,0.0,0.7564102564054077,118,38,0,0
sem_erro,random_forest,queda,80,35,35,134,134,54,80,0,134,0,14,14,0.8208955223880597,0.8208955223880597,0.0,0.0,0.0,0.8208955223819336,110,24,0,0
sem_erro,random_forest,queda,80,40,40,117,117,48,69,0,117,0,22,22,0.7264957264957265,0.7264957264957265,0.0,0.0,0.0,0.7264957264895171,85,32,0,0
sem_erro,random_forest,queda,80,45,45,104,104,45,59,0,104,0,14,14,0.75,0.75,0.0,0.0,0.0,0.7499999999927884,78,26,0,0
sem_erro,random_forest,queda,80,50,50,94,94,37,57,0,94,0,12,12,0.7446808510638298,0.7446808510638298,0.0,0.0,0.0,0.7446808510559076,70,24,0,0
sem_erro,random_forest,queda,80,55,55,85,85,36,49,0,85,0,11,11,0.7764705882352941,0.7764705882352941,0.0,0.0,0.0,0.7764705882261591,66,19,0,0
sem_erro,random_forest,queda,80,60,60,78,78,32,46,0,78,0,14,14,0.7692307692307693,0.7692307692307693,0.0,0.0,0.0,0.7692307692209073,60,18,0,0
sem_erro,random_forest,queda,80,65,65,72,72,28,44,0,72,0,9,9,0.7638888888888888,0.7638888888888888,0.0,0.0,0.0,0.7638888888782793,55,17,0,0
sem_erro,random_forest,queda,80,70,70,67,67,27,40,0,67,0,7,7,0.7910447761194029,0.7910447761194029,0.0,0.0,0.0,0.7910447761075963,53,14,0,0
sem_erro,random_forest,queda,80,75,75,63,63,25,38,0,63,0,6,6,0.7777777777777778,0.7777777777777778,0.0,0.0,0.0,0.7777777777654321,49,14,0,0
sem_erro,random_forest,queda,80,80,80,59,59,24,35,0,59,0,6,6,0.7457627118644068,0.7457627118644068,0.0,0.0,0.0,0.7457627118517668,44,15,0,0
sem_erro,random_forest,queda,90,5,5,933,933,412,521,0,933,0,38,38,0.722400857449089,0.722400857449089,0.0,0.0,0.0,0.7224008574483147,674,259,0,0
sem_erro,random_forest,queda,90,10,10,467,467,205,262,0,467,0,24,24,0.7194860813704497,0.7194860813704497,0.0,0.0,0.0,0.719486081368909,336,131,0,0
sem_erro,random_forest,queda,90,15,15,311,311,138,173,0,311,0,25,25,0.7331189710610932,0.7331189710610932,0.0,0.0,0.0,0.733118971058736,228,83,0,0
sem_erro,random_forest,queda,90,20,20,234,234,102,132,0,234,0,27,27,0.7094017094017094,0.7094017094017094,0.0,0.0,0.0,0.7094017093986777,166,68,0,0
sem_erro,random_forest,queda,90,25,25,187,187,84,103,0,187,0,25,25,0.6737967914438503,0.6737967914438503,0.0,0.0,0.0,0.6737967914402471,126,61,0,0
sem_erro,random_forest,queda,90,30,30,156,156,69,87,0,156,0,21,21,0.7307692307692307,0.7307692307692307,0.0,0.0,0.0,0.7307692307645464,114,42,0,0
sem_erro,random_forest,queda,90,35,35,134,134,56,78,0,134,0,21,21,0.7388059701492538,0.7388059701492538,0.0,0.0,0.0,0.7388059701437403,99,35,0,0
sem_erro,random_forest,queda,90,40,40,117,117,50,67,0,117,0,17,17,0.6837606837606838,0.6837606837606838,0.0,0.0,0.0,0.6837606837548397,80,37,0,0
sem_erro,random_forest,queda,90,45,45,104,104,46,58,0,104,0,13,13,0.6826923076923077,0.6826923076923077,0.0,0.0,0.0,0.6826923076857433,71,33,0,0
sem_erro,random_forest,queda,90,50,50,94,94,42,52,0,94,0,15,15,0.6170212765957447,0.6170212765957447,0.0,0.0,0.0,0.6170212765891806,58,36,0,0
sem_erro,random_forest,queda,90,55,55,85,85,36,49,0,85,0,11,11,0.7529411764705882,0.7529411764705882,0.0,0.0,0.0,0.7529411764617301,64,21,0,0
sem_erro,random_forest,queda,90,60,60,78,78,34,44,0,78,0,16,16,0.6666666666666666,0.6666666666666666,0.0,0.0,0.0,0.6666666666581196,52,26,0,0
sem_erro,random_forest,queda,90,65,65,72,72,35,37,0,72,0,12,12,0.5833333333333334,0.5833333333333334,0.0,0.0,0.0,0.5833333333252314,42,30,0,0
sem_erro,random_forest,queda,90,70,70,67,67,27,40,0,67,0,11,11,0.7313432835820896,0.7313432835820896,0.0,0.0,0.0,0.731343283571174,49,18,0,0
sem_erro,random_forest,queda,90,75,75,63,63,26,37,0,63,0,11,11,0.6984126984126984,0.6984126984126984,0.0,0.0,0.0,0.6984126984016126,44,19,0,0
sem_erro,random_forest,queda,90,80,80,59,59,26,33,0,59,0,12,12,0.6101694915254238,0.6101694915254238,0.0,0.0,0.0,0.6101694915150819,36,23,0,0
sem_erro,random_forest,queda,90,85,85,55,55,24,31,0,55,0,10,10,0.6545454545454545,0.6545454545454545,0.0,0.0,0.0,0.6545454545335537,36,19,0,0
sem_erro,random_forest,queda,90,90,90,52,52,23,29,0,52,0,11,11,0.7692307692307693,0.7692307692307693,0.0,0.0,0.0,0.7692307692159763,40,12,0,0
sem_erro,random_forest,queda,100,5,5,931,931,438,493,0,931,0,40,40,0.6562835660580022,0.6562835660580022,0.0,0.0,0.0,0.6562835660572972,611,320,0,0
sem_erro,random_forest,queda,100,10,10,466,466,218,248,0,466,0,28,28,0.6566523605150214,0.6566523605150214,0.0,0.0,0.0,0.6566523605136123,306,160,0,0
sem_erro,random_forest,queda,100,15,15,311,311,146,165,0,311,0,30,30,0.6463022508038585,0.6463022508038585,0.0,0.0,0.0,0.6463022508017804,201,110,0,0
sem_erro,random_forest,queda,100,20,20,233,233,108,125,0,233,0,22,22,0.648068669527897,0.648068669527897,0.0,0.0,0.0,0.6480686695251157,151,82,0,0
sem_erro,random_forest,queda,100,25,25,187,187,87,100,0,187,0,22,22,0.6363636363636364,0.6363636363636364,0.0,0.0,0.0,0.6363636363602334,119,68,0,0
sem_erro,random_forest,queda,100,30,30,156,156,73,83,0,156,0,18,18,0.6858974358974359,0.6858974358974359,0.0,0.0,0.0,0.6858974358930392,107,49,0,0
sem_erro,random_forest,queda,100,35,35,133,133,62,71,0,133,0,15,15,0.6616541353383458,0.6616541353383458,0.0,0.0,0.0,0.661654135333371,88,45,0,0
sem_erro,random_forest,queda,100,40,40,117,117,53,64,0,117,0,18,18,0.6239316239316239,0.6239316239316239,0.0,0.0,0.0,0.6239316239262912,73,44,0,0
sem_erro,random_forest,queda,100,45,45,104,104,49,55,0,104,0,13,13,0.5865384615384616,0.5865384615384616,0.0,0.0,0.0,0.5865384615328217,61,43,0,0
sem_erro,random_forest,queda,100,50,50,94,94,44,50,0,94,0,14,14,0.6063829787234043,0.6063829787234043,0.0,0.0,0.0,0.6063829787169533,57,37,0,0
sem_erro,random_forest,queda,100,55,55,85,85,39,46,0,85,0,13,13,0.6941176470588235,0.6941176470588235,0.0,0.0,0.0,0.6941176470506574,59,26,0,0
sem_erro,random_forest,queda,100,60,60,78,78,36,42,0,78,0,20,20,0.6410256410256411,0.6410256410256411,0.0,0.0,0.0,0.6410256410174228,50,28,0,0
sem_erro,random_forest,queda,100,65,65,72,72,36,36,0,72,0,12,12,0.5416666666666666,0.5416666666666666,0.0,0.0,0.0,0.5416666666591435,39,33,0,0
sem_erro,random_forest,queda,100,70,70,67,67,29,38,0,67,0,12,12,0.6268656716417911,0.6268656716417911,0.0,0.0,0.0,0.6268656716324348,42,25,0,0
sem_erro,random_forest,queda,100,75,75,63,63,28,35,0,63,0,10,10,0.6825396825396826,0.6825396825396826,0.0,0.0,0.0,0.6825396825288487,43,20,0,0
sem_erro,random_forest,queda,100,80,80,59,59,27,32,0,59,0,9,9,0.5423728813559322,0.5423728813559322,0.0,0.0,0.0,0.5423728813467394,32,27,0,0
sem_erro,random_forest,queda,100,85,85,55,55,25,30,0,55,0,9,9,0.6,0.6,0.0,0.0,0.0,0.5999999999890909,33,22,0,0
sem_erro,random_forest,queda,100,90,90,52,52,25,27,0,52,0,11,11,0.6923076923076923,0.6923076923076923,0.0,0.0,0.0,0.6923076922943787,36,16,0,0
sem_erro,random_forest,queda,100,95,95,49,49,23,26,0,49,0,6,6,0.6326530612244898,0.6326530612244898,0.0,0.0,0.0,0.6326530612115786,31,18,0,0
sem_erro,random_forest,queda,100,100,100,47,47,20,27,0,47,0,9,9,0.6170212765957447,0.6170212765957447,0.0,0.0,0.0,0.6170212765826166,29,18,0,0
sem_erro,xgboost,lacuna,20,5,5,947,947,254,693,0,947,0,0,0,1.0,1.0,0.0,0.0,0.0,0.9999999999989441,947,0,0,0
sem_erro,xgboost,lacuna,20,10,10,474,474,125,349,0,474,0,0,0,1.0,1.0,0.0,0.0,0.0,0.9999999999978904,474,0,0,0
sem_erro,xgboost,lacuna,20,15,15,316,316,86,230,0,316,0,0,0,1.0,1.0,0.0,0.0,0.0,0.9999999999968355,316,0,0,0
sem_erro,xgboost,lacuna,20,20,20,237,237,63,174,0,237,0,0,0,1.0,1.0,0.0,0.0,0.0,0.9999999999957806,237,0,0,0
sem_erro,xgboost,lacuna,30,5,5,945,945,292,653,0,945,0,0,0,1.0,1.0,0.0,0.0,0.0,0.9999999999989418,945,0,0,0
sem_erro,xgboost,lacuna,30,10,10,473,473,144,329,0,473,0,0,0,1.0,1.0,0.0,0.0,0.0,0.9999999999978858,473,0,0,0
sem_erro,xgboost,lacuna,30,15,15,315,315,96,219,0,315,0,0,0,1.0,1.0,0.0,0.0,0.0,0.9999999999968254,315,0,0,0
sem_erro,xgboost,lacuna,30,20,20,237,237,71,166,0,237,0,0,0,1.0,1.0,0.0,0.0,0.0,0.9999999999957806,237,0,0,0
sem_erro,xgboost,lacuna,30,25,25,189,189,57,132,0,189,0,0,0,1.0,1.0,0.0,0.0,0.0,0.999999999994709,189,0,0,0
sem_erro,xgboost,lacuna,30,30,30,158,158,50,108,0,158,0,0,0,1.0,1.0,0.0,0.0,0.0,0.999999999993671,158,0,0,0
sem_erro,xgboost,lacuna,40,5,5,943,943,329,614,0,943,0,0,0,1.0,1.0,0.0,0.0,0.0,0.9999999999989395,943,0,0,0
sem_erro,xgboost,lacuna,40,10,10,472,472,163,309,0,472,0,0,0,1.0,1.0,0.0,0.0,0.0,0.9999999999978814,472,0,0,0
sem_erro,xgboost,lacuna,40,15,15,315,315,112,203,0,315,0,0,0,1.0,1.0,0.0,0.0,0.0,0.9999999999968254,315,0,0,0
sem_erro,xgboost,lacuna,40,20,20,236,236,82,154,0,236,0,0,0,1.0,1.0,0.0,0.0,0.0,0.9999999999957627,236,0,0,0
sem_erro,xgboost,lacuna,40,25,25,189,189,65,124,0,189,0,0,0,1.0,1.0,0.0,0.0,0.0,0.999999999994709,189,0,0,0
sem_erro,xgboost,lacuna,40,30,30,158,158,56,102,0,158,0,0,0,1.0,1.0,0.0,0.0,0.0,0.999999999993671,158,0,0,0
sem_erro,xgboost,lacuna,40,35,35,135,135,44,91,0,135,0,0,0,1.0,1.0,0.0,0.0,0.0,0.9999999999925927,135,0,0,0
sem_erro,xgboost,lacuna,40,40,40,118,118,44,74,0,118,0,0,0,1.0,1.0,0.0,0.0,0.0,0.9999999999915254,118,0,0,0
sem_erro,xgboost,lacuna,50,5,5,941,941,364,577,0,941,0,0,0,1.0,1.0,0.0,0.0,0.0,0.9999999999989373,941,0,0,0
sem_erro,xgboost,lacuna,50,10,10,471,471,181,290,0,471,0,0,0,1.0,1.0,0.0,0.0,0.0,0.9999999999978769,471,0,0,0
sem_erro,xgboost,lacuna,50,15,15,314,314,122,192,0,314,0,0,0,1.0,1.0,0.0,0.0,0.0,0.9999999999968153,314,0,0,0
sem_erro,xgboost,lacuna,50,20,20,236,236,89,147,0,236,0,0,0,1.0,1.0,0.0,0.0,0.0,0.9999999999957627,236,0,0,0
sem_erro,xgboost,lacuna,50,25,25,189,189,73,116,0,189,0,0,0,1.0,1.0,0.0,0.0,0.0,0.999999999994709,189,0,0,0
sem_erro,xgboost,lacuna,50,30,30,157,157,62,95,0,157,0,0,0,1.0,1.0,0.0,0.0,0.0,0.9999999999936307,157,0,0,0
sem_erro,xgboost,lacuna,50,35,35,135,135,51,84,0,135,0,0,0,1.0,1.0,0.0,0.0,0.0,0.9999999999925927,135,0,0,0
sem_erro,xgboost,lacuna,50,40,40,118,118,45,73,0,118,0,0,0,1.0,1.0,0.0,0.0,0.0,0.9999999999915254,118,0,0,0
sem_erro,xgboost,lacuna,50,45,45,105,105,41,64,0,105,0,0,0,1.0,1.0,0.0,0.0,0.0,0.9999999999904762,105,0,0,0
sem_erro,xgboost,lacuna,50,50,50,95,95,37,58,0,95,0,0,0,1.0,1.0,0.0,0.0,0.0,0.9999999999894736,95,0,0,0
sem_erro,xgboost,lacuna,60,5,5,939,939,398,541,0,939,0,0,0,1.0,1.0,0.0,0.0,0.0,0.9999999999989351,939,0,0,0
sem_erro,xgboost,lacuna,60,10,10,470,470,198,272,0,470,0,0,0,1.0,1.0,0.0,0.0,0.0,0.9999999999978724,470,0,0,0
sem_erro,xgboost,lacuna,60,15,15,313,313,132,181,0,313,0,0,0,1.0,1.0,0.0,0.0,0.0,0.9999999999968051,313,0,0,0
sem_erro,xgboost,lacuna,60,20,20,235,235,100,135,0,235,0,0,0,1.0,1.0,0.0,0.0,0.0,0.9999999999957447,235,0,0,0
sem_erro,xgboost,lacuna,60,25,25,188,188,80,108,0,188,0,0,0,1.0,1.0,0.0,0.0,0.0,0.9999999999946809,188,0,0,0
sem_erro,xgboost,lacuna,60,30,30,157,157,69,88,0,157,0,0,0,1.0,1.0,0.0,0.0,0.0,0.9999999999936307,157,0,0,0
sem_erro,xgboost,lacuna,60,35,35,135,135,56,79,0,135,0,0,0,1.0,1.0,0.0,0.0,0.0,0.9999999999925927,135,0,0,0
sem_erro,xgboost,lacuna,60,40,40,118,118,49,69,0,118,0,0,0,1.0,1.0,0.0,0.0,0.0,0.9999999999915254,118,0,0,0
sem_erro,xgboost,lacuna,60,45,45,105,105,43,62,0,105,0,0,0,1.0,1.0,0.0,0.0,0.0,0.9999999999904762,105,0,0,0
sem_erro,xgboost,lacuna,60,50,50,94,94,40,54,0,94,0,0,0,1.0,1.0,0.0,0.0,0.0,0.9999999999893616,94,0,0,0
sem_erro,xgboost,lacuna,60,55,55,86,86,35,51,0,86,0,0,0,1.0,1.0,0.0,0.0,0.0,0.9999999999883721,86,0,0,0
sem_erro,xgboost,lacuna,60,60,60,79,79,35,44,0,79,0,0,0,1.0,1.0,0.0,0.0,0.0,0.9999999999873417,79,0,0,0
sem_erro,xgboost,lacuna,70,5,5,937,937,430,507,0,937,0,0,0,1.0,1.0,0.0,0.0,0.0,0.9999999999989327,937,0,0,0
sem_erro,xgboost,lacuna,70,10,10,469,469,214,255,0,469,0,0,0,1.0,1.0,0.0,0.0,0.0,0.9999999999978678,469,0,0,0
sem_erro,xgboost,lacuna,70,15,15,313,313,145,168,0,313,0,0,0,1.0,1.0,0.0,0.0,0.0,0.9999999999968051,313,0,0,0
sem_erro,xgboost,lacuna,70,20,20,235,235,106,129,0,235,0,0,0,1.0,1.0,0.0,0.0,0.0,0.9999999999957447,235,0,0,0
sem_erro,xgboost,lacuna,70,25,25,188,188,87,101,0,188,0,0,0,1.0,1.0,0.0,0.0,0.0,0.9999999999946809,188,0,0,0
sem_erro,xgboost,lacuna,70,30,30,157,157,73,84,0,157,0,0,0,1.0,1.0,0.0,0.0,0.0,0.9999999999936307,157,0,0,0
sem_erro,xgboost,lacuna,70,35,35,134,134,57,77,0,134,0,0,0,1.0,1.0,0.0,0.0,0.0,0.9999999999925374,134,0,0,0
sem_erro,xgboost,lacuna,70,40,40,118,118,54,64,0,118,0,0,0,1.0,1.0,0.0,0.0,0.0,0.9999999999915254,118,0,0,0
sem_erro,xgboost,lacuna,70,45,45,105,105,48,57,0,105,0,0,0,1.0,1.0,0.0,0.0,0.0,0.9999999999904762,105,0,0,0
sem_erro,xgboost,lacuna,70,50,50,94,94,43,51,0,94,0,0,0,1.0,1.0,0.0,0.0,0.0,0.9999999999893616,94,0,0,0
sem_erro,xgboost,lacuna,70,55,55,86,86,38,48,0,86,0,0,0,1.0,1.0,0.0,0.0,0.0,0.9999999999883721,86,0,0,0
sem_erro,xgboost,lacuna,70,60,60,79,79,36,43,0,79,0,0,0,1.0,1.0,0.0,0.0,0.0,0.9999999999873417,79,0,0,0
sem_erro,xgboost,lacuna,70,65,65,73,73,34,39,0,73,0,0,0,1.0,1.0,0.0,0.0,0.0,0.9999999999863013,73,0,0,0
sem_erro,xgboost,lacuna,70,70,70,67,67,30,37,0,67,0,0,0,1.0,1.0,0.0,0.0,0.0,0.9999999999850746,67,0,0,0
sem_erro,xgboost,lacuna,80,5,5,935,935,459,476,0,935,0,0,0,1.0,1.0,0.0,0.0,0.0,0.9999999999989305,935,0,0,0
sem_erro,xgboost,lacuna,80,10,10,468,468,228,240,0,468,0,0,0,1.0,1.0,0.0,0.0,0.0,0.9999999999978633,468,0,0,0
sem_erro,xgboost,lacuna,80,15,15,312,312,154,158,0,312,0,0,0,1.0,1.0,0.0,0.0,0.0,0.9999999999967949,312,0,0,0
sem_erro,xgboost,lacuna,80,20,20,234,234,115,119,0,234,0,0,0,1.0,1.0,0.0,0.0,0.0,0.9999999999957265,234,0,0,0
sem_erro,xgboost,lacuna,80,25,25,187,187,90,97,0,187,0,0,0,1.0,1.0,0.0,0.0,0.0,0.9999999999946525,187,0,0,0
sem_erro,xgboost,lacuna,80,30,30,156,156,78,78,0,156,0,0,0,1.0,1.0,0.0,0.0,0.0,0.9999999999935898,156,0,0,0
sem_erro,xgboost,lacuna,80,35,35,134,134,62,72,0,134,0,0,0,1.0,1.0,0.0,0.0,0.0,0.9999999999925374,134,0,0,0
sem_erro,xgboost,lacuna,80,40,40,117,117,60,57,0,117,0,0,0,1.0,1.0,0.0,0.0,0.0,0.999999999991453,117,0,0,0
sem_erro,xgboost,lacuna,80,45,45,104,104,52,52,0,104,0,0,0,1.0,1.0,0.0,0.0,0.0,0.9999999999903846,104,0,0,0
sem_erro,xgboost,lacuna,80,50,50,94,94,44,50,0,94,0,0,0,1.0,1.0,0.0,0.0,0.0,0.9999999999893616,94,0,0,0
sem_erro,xgboost,lacuna,80,55,55,85,85,38,47,0,85,0,0,0,1.0,1.0,0.0,0.0,0.0,0.9999999999882353,85,0,0,0
sem_erro,xgboost,lacuna,80,60,60,78,78,39,39,0,78,0,0,0,1.0,1.0,0.0,0.0,0.0,0.9999999999871795,78,0,0,0
sem_erro,xgboost,lacuna,80,65,65,72,72,34,38,0,72,0,0,0,1.0,1.0,0.0,0.0,0.0,0.9999999999861111,72,0,0,0
sem_erro,xgboost,lacuna,80,70,70,67,67,34,33,0,67,0,0,0,1.0,1.0,0.0,0.0,0.0,0.9999999999850746,67,0,0,0
sem_erro,xgboost,lacuna,80,75,75,63,63,31,32,0,63,0,0,0,1.0,1.0,0.0,0.0,0.0,0.999999999984127,63,0,0,0
sem_erro,xgboost,lacuna,80,80,80,59,59,30,29,0,59,0,0,0,1.0,1.0,0.0,0.0,0.0,0.9999999999830509,59,0,0,0
sem_erro,xgboost,lacuna,90,5,5,933,933,487,446,0,933,0,0,0,1.0,1.0,0.0,0.0,0.0,0.9999999999989282,933,0,0,0
sem_erro,xgboost,lacuna,90,10,10,467,467,242,225,0,467,0,0,0,1.0,1.0,0.0,0.0,0.0,0.9999999999978587,467,0,0,0
sem_erro,xgboost,lacuna,90,15,15,311,311,162,149,0,311,0,0,0,1.0,1.0,0.0,0.0,0.0,0.9999999999967846,311,0,0,0
sem_erro,xgboost,lacuna,90,20,20,234,234,120,114,0,234,0,0,0,1.0,1.0,0.0,0.0,0.0,0.9999999999957265,234,0,0,0
sem_erro,xgboost,lacuna,90,25,25,187,187,98,89,0,187,0,0,0,1.0,1.0,0.0,0.0,0.0,0.9999999999946525,187,0,0,0
sem_erro,xgboost,lacuna,90,30,30,156,156,84,72,0,156,0,0,0,1.0,1.0,0.0,0.0,0.0,0.9999999999935898,156,0,0,0
sem_erro,xgboost,lacuna,90,35,35,134,134,69,65,0,134,0,0,0,1.0,1.0,0.0,0.0,0.0,0.9999999999925374,134,0,0,0
sem_erro,xgboost,lacuna,90,40,40,117,117,61,56,0,117,0,0,0,1.0,1.0,0.0,0.0,0.0,0.999999999991453,117,0,0,0
sem_erro,xgboost,lacuna,90,45,45,104,104,54,50,0,104,0,0,0,1.0,1.0,0.0,0.0,0.0,0.9999999999903846,104,0,0,0
sem_erro,xgboost,lacuna,90,50,50,94,94,48,46,0,94,0,0,0,1.0,1.0,0.0,0.0,0.0,0.9999999999893616,94,0,0,0
sem_erro,xgboost,lacuna,90,55,55,85,85,42,43,0,85,0,0,0,1.0,1.0,0.0,0.0,0.0,0.9999999999882353,85,0,0,0
sem_erro,xgboost,lacuna,90,60,60,78,78,41,37,0,78,0,0,0,1.0,1.0,0.0,0.0,0.0,0.9999999999871795,78,0,0,0
sem_erro,xgboost,lacuna,90,65,65,72,72,34,38,0,72,0,0,0,1.0,1.0,0.0,0.0,0.0,0.9999999999861111,72,0,0,0
sem_erro,xgboost,lacuna,90,70,70,67,67,37,30,0,67,0,0,0,1.0,1.0,0.0,0.0,0.0,0.9999999999850746,67,0,0,0
sem_erro,xgboost,lacuna,90,75,75,63,63,32,31,0,63,0,0,0,1.0,1.0,0.0,0.0,0.0,0.999999999984127,63,0,0,0
sem_erro,xgboost,lacuna,90,80,80,59,59,31,28,0,59,0,0,0,1.0,1.0,0.0,0.0,0.0,0.9999999999830509,59,0,0,0
sem_erro,xgboost,lacuna,90,85,85,55,55,24,31,0,55,0,0,0,1.0,1.0,0.0,0.0,0.0,0.9999999999818182,55,0,0,0
sem_erro,xgboost,lacuna,90,90,90,52,52,30,22,0,52,0,0,0,1.0,1.0,0.0,0.0,0.0,0.9999999999807693,52,0,0,0
sem_erro,xgboost,lacuna,100,5,5,931,931,513,418,0,931,0,0,0,1.0,1.0,0.0,0.0,0.0,0.9999999999989259,931,0,0,0
sem_erro,xgboost,lacuna,100,10,10,466,466,255,211,0,466,0,0,0,1.0,1.0,0.0,0.0,0.0,0.999999999997854,466,0,0,0
sem_erro,xgboost,lacuna,100,15,15,311,311,172,139,0,311,0,0,0,1.0,1.0,0.0,0.0,0.0,0.9999999999967846,311,0,0,0
sem_erro,xgboost,lacuna,100,20,20,233,233,128,105,0,233,0,0,0,1.0,1.0,0.0,0.0,0.0,0.9999999999957082,233,0,0,0
sem_erro,xgboost,lacuna,100,25,25,187,187,103,84,0,187,0,0,0,1.0,1.0,0.0,0.0,0.0,0.9999999999946525,187,0,0,0
sem_erro,xgboost,lacuna,100,30,30,156,156,86,70,0,156,0,0,0,1.0,1.0,0.0,0.0,0.0,0.9999999999935898,156,0,0,0
sem_erro,xgboost,lacuna,100,35,35,133,133,70,63,0,133,0,0,0,1.0,1.0,0.0,0.0,0.0,0.9999999999924812,133,0,0,0
sem_erro,xgboost,lacuna,100,40,40,117,117,63,54,0,117,0,0,0,1.0,1.0,0.0,0.0,0.0,0.999999999991453,117,0,0,0
sem_erro,xgboost,lacuna,100,45,45,104,104,57,47,0,104,0,0,0,1.0,1.0,0.0,0.0,0.0,0.9999999999903846,104,0,0,0
sem_erro,xgboost,lacuna,100,50,50,94,94,52,42,0,94,0,0,0,1.0,1.0,0.0,0.0,0.0,0.9999999999893616,94,0,0,0
sem_erro,xgboost,lacuna,100,55,55,85,85,46,39,0,85,0,0,0,1.0,1.0,0.0,0.0,0.0,0.9999999999882353,85,0,0,0
sem_erro,xgboost,lacuna,100,60,60,78,78,42,36,0,78,0,0,0,1.0,1.0,0.0,0.0,0.0,0.9999999999871795,78,0,0,0
sem_erro,xgboost,lacuna,100,65,65,72,72,39,33,0,72,0,0,0,1.0,1.0,0.0,0.0,0.0,0.9999999999861111,72,0,0,0
sem_erro,xgboost,lacuna,100,70,70,67,67,37,30,0,67,0,0,0,1.0,1.0,0.0,0.0,0.0,0.9999999999850746,67,0,0,0
sem_erro,xgboost,lacuna,100,75,75,63,63,33,30,0,63,0,0,0,1.0,1.0,0.0,0.0,0.0,0.999999999984127,63,0,0,0
sem_erro,xgboost,lacuna,100,80,80,59,59,32,27,0,59,0,0,0,1.0,1.0,0.0,0.0,0.0,0.9999999999830509,59,0,0,0
sem_erro,xgboost,lacuna,100,85,85,55,55,27,28,0,55,0,0,0,1.0,1.0,0.0,0.0,0.0,0.9999999999818182,55,0,0,0
sem_erro,xgboost,lacuna,100,90,90,52,52,30,22,0,52,0,0,0,1.0,1.0,0.0,0.0,0.0,0.9999999999807693,52,0,0,0
sem_erro,xgboost,lacuna,100,95,95,49,49,28,21,0,49,0,0,0,1.0,1.0,0.0,0.0,0.0,0.9999999999795919,49,0,0,0
sem_erro,xgboost,lacuna,100,100,100,47,47,28,19,0,47,0,0,0,1.0,1.0,0.0,0.0,0.0,0.9999999999787235,47,0,0,0
sem_erro,xgboost,oscilacao,20,5,5,947,947,301,646,0,947,0,41,41,0.8954593453009504,0.8954593453009504,0.0,0.0,0.0,0.8954593453000048,848,99,0,0
sem_erro,xgboost,oscilacao,20,10,10,474,474,152,322,0,474,0,29,29,0.8860759493670886,0.8860759493670886,0.0,0.0,0.0,0.8860759493652193,420,54,0,0
sem_erro,xgboost,oscilacao,20,15,15,316,316,101,215,0,316,0,23,23,0.8924050632911392,0.8924050632911392,0.0,0.0,0.0,0.8924050632883153,282,34,0,0
sem_erro,xgboost,oscilacao,20,20,20,237,237,75,162,0,237,0,19,19,0.890295358649789,0.890295358649789,0.0,0.0,0.0,0.8902953586460326,211,26,0,0
sem_erro,xgboost,oscilacao,30,5,5,945,945,333,612,0,945,0,52,52,0.8560846560846561,0.8560846560846561,0.0,0.0,0.0,0.8560846560837502,809,136,0,0
sem_erro,xgboost,oscilacao,30,10,10,473,473,168,305,0,473,0,36,36,0.8583509513742071,0.8583509513742071,0.0,0.0,0.0,0.8583509513723925,406,67,0,0
sem_erro,xgboost,oscilacao,30,15,15,315,315,110,205,0,315,0,30,30,0.8444444444444444,0.8444444444444444,0.0,0.0,0.0,0.8444444444417637,266,49,0,0
sem_erro,xgboost,oscilacao,30,20,20,237,237,83,154,0,237,0,22,22,0.8523206751054853,0.8523206751054853,0.0,0.0,0.0,0.852320675101889,202,35,0,0
sem_erro,xgboost,oscilacao,30,25,25,189,189,67,122,0,189,0,26,26,0.7883597883597884,0.7883597883597884,0.0,0.0,0.0,0.7883597883556172,149,40,0,0
sem_erro,xgboost,oscilacao,30,30,30,158,158,54,104,0,158,0,21,21,0.8481012658227848,0.8481012658227848,0.0,0.0,0.0,0.8481012658174172,134,24,0,0
sem_erro,xgboost,oscilacao,40,5,5,943,943,365,578,0,943,0,53,53,0.8197242841993637,0.8197242841993637,0.0,0.0,0.0,0.8197242841984945,773,170,0,0
sem_erro,xgboost,oscilacao,40,10,10,472,472,184,288,0,472,0,44,44,0.7754237288135594,0.7754237288135594,0.0,0.0,0.0,0.7754237288119165,366,106,0,0
sem_erro,xgboost,oscilacao,40,15,15,315,315,124,191,0,315,0,36,36,0.7587301587301587,0.7587301587301587,0.0,0.0,0.0,0.7587301587277501,239,76,0,0
sem_erro,xgboost,oscilacao,40,20,20,236,236,91,145,0,236,0,27,27,0.7923728813559322,0.7923728813559322,0.0,0.0,0.0,0.7923728813525748,187,49,0,0
sem_erro,xgboost,oscilacao,40,25,25,189,189,75,114,0,189,0,28,28,0.7354497354497355,0.7354497354497355,0.0,0.0,0.0,0.7354497354458442,139,50,0,0
sem_erro,xgboost,oscilacao,40,30,30,158,158,60,98,0,158,0,31,31,0.6582278481012658,0.6582278481012658,0.0,0.0,0.0,0.6582278480970999,104,54,0,0
sem_erro,xgboost,oscilacao,40,35,35,135,135,52,83,0,135,0,25,25,0.7407407407407407,0.7407407407407407,0.0,0.0,0.0,0.7407407407352539,100,35,0,0
sem_erro,xgboost,oscilacao,40,40,40,118,118,44,74,0,118,0,20,20,0.788135593220339,0.788135593220339,0.0,0.0,0.0,0.7881355932136599,93,25,0,0
sem_erro,xgboost,oscilacao,50,5,5,941,941,397,544,0,941,0,57,57,0.7523910733262487,0.7523910733262487,0.0,0.0,0.0,0.7523910733254491,708,233,0,0
sem_erro,xgboost,oscilacao,50,10,10,471,471,200,271,0,471,0,51,51,0.7176220806794055,0.7176220806794055,0.0,0.0,0.0,0.7176220806778819,338,133,0,0
sem_erro,xgboost,oscilacao,50,15,15,314,314,133,181,0,314,0,42,42,0.7261146496815286,0.7261146496815286,0.0,0.0,0.0,0.7261146496792162,228,86,0,0
sem_erro,xgboost,oscilacao,50,20,20,236,236,99,137,0,236,0,33,33,0.7161016949152542,0.7161016949152542,0.0,0.0,0.0,0.71610169491222,169,67,0,0
sem_erro,xgboost,oscilacao,50,25,25,189,189,82,107,0,189,0,34,34,0.6137566137566137,0.6137566137566137,0.0,0.0,0.0,0.6137566137533664,116,73,0,0
sem_erro,xgboost,oscilacao,50,30,30,157,157,67,90,0,157,0,27,27,0.6815286624203821,0.6815286624203821,0.0,0.0,0.0,0.6815286624160413,107,50,0,0
sem_erro,xgboost,oscilacao,50,35,35,135,135,59,76,0,135,0,27,27,0.6518518518518519,0.6518518518518519,0.0,0.0,0.0,0.6518518518470233,88,47,0,0
sem_erro,xgboost,oscilacao,50,40,40,118,118,49,69,0,118,0,21,21,0.6779661016949152,0.6779661016949152,0.0,0.0,0.0,0.6779661016891697,80,38,0,0
sem_erro,xgboost,oscilacao,50,45,45,105,105,44,61,0,105,0,23,23,0.6761904761904762,0.6761904761904762,0.0,0.0,0.0,0.6761904761840363,71,34,0,0
sem_erro,xgboost,oscilacao,50,50,50,95,95,41,54,0,95,0,26,26,0.5684210526315789,0.5684210526315789,0.0,0.0,0.0,0.5684210526255955,54,41,0,0
sem_erro,xgboost,oscilacao,60,5,5,939,939,426,513,0,939,0,58,58,0.6890308839190629,0.6890308839190629,0.0,0.0,0.0,0.689030883918329,647,292,0,0
sem_erro,xgboost,oscilacao,60,10,10,470,470,214,256,0,470,0,45,45,0.7042553191489361,0.7042553191489361,0.0,0.0,0.0,0.7042553191474378,331,139,0,0
sem_erro,xgboost,oscilacao,60,15,15,313,313,141,172,0,313,0,39,39,0.6613418530351438,0.6613418530351438,0.0,0.0,0.0,0.6613418530330308,207,106,0,0
sem_erro,xgboost,oscilacao,60,20,20,235,235,106,129,0,235,0,30,30,0.6936170212765957,0.6936170212765957,0.0,0.0,0.0,0.6936170212736442,163,72,0,0
sem_erro,xgboost,oscilacao,60,25,25,188,188,88,100,0,188,0,30,30,0.6436170212765957,0.6436170212765957,0.0,0.0,0.0,0.6436170212731723,121,67,0,0
sem_erro,xgboost,oscilacao,60,30,30,157,157,69,88,0,157,0,28,28,0.6942675159235668,0.6942675159235668,0.0,0.0,0.0,0.6942675159191448,109,48,0,0
sem_erro,xgboost,oscilacao,60,35,35,135,135,63,72,0,135,0,31,31,0.5555555555555556,0.5555555555555556,0.0,0.0,0.0,0.5555555555514404,75,60,0,0
sem_erro,xgboost,oscilacao,60,40,40,118,118,54,64,0,118,0,23,23,0.6694915254237288,0.6694915254237288,0.0,0.0,0.0,0.6694915254180551,79,39,0,0
sem_erro,xgboost,oscilacao,60,45,45,105,105,49,56,0,105,0,21,21,0.5619047619047619,0.5619047619047619,0.0,0.0,0.0,0.5619047618994104,59,46,0,0
sem_erro,xgboost,oscilacao,60,50,50,94,94,44,50,0,94,0,20,20,0.6702127659574468,0.6702127659574468,0.0,0.0,0.0,0.6702127659503169,63,31,0,0
sem_erro,xgboost,oscilacao,60,55,55,86,86,38,48,0,86,0,17,17,0.7093023255813954,0.7093023255813954,0.0,0.0,0.0,0.7093023255731477,61,25,0,0
sem_erro,xgboost,oscilacao,60,60,60,79,79,35,44,0,79,0,18,18,0.7468354430379747,0.7468354430379747,0.0,0.0,0.0,0.746835443028521,59,20,0,0
sem_erro,xgboost,oscilacao,70,5,5,937,937,452,485,0,937,0,60,60,0.6264674493062967,0.6264674493062967,0.0,0.0,0.0,0.6264674493056281,587,350,0,0
sem_erro,xgboost,oscilacao,70,10,10,469,469,227,242,0,469,0,48,48,0.605543710021322,0.605543710021322,0.0,0.0,0.0,0.6055437100200308,284,185,0,0
sem_erro,xgboost,oscilacao,70,15,15,313,313,153,160,0,313,0,37,37,0.6006389776357828,0.6006389776357828,0.0,0.0,0.0,0.6006389776338638,188,125,0,0
sem_erro,xgboost,oscilacao,70,20,20,235,235,113,122,0,235,0,37,37,0.5957446808510638,0.5957446808510638,0.0,0.0,0.0,0.5957446808485287,140,95,0,0
sem_erro,xgboost,oscilacao,70,25,25,188,188,94,94,0,188,0,35,35,0.5372340425531915,0.5372340425531915,0.0,0.0,0.0,0.5372340425503339,101,87,0,0
sem_erro,xgboost,oscilacao,70,30,30,157,157,75,82,0,157,0,33,33,0.6050955414012739,0.6050955414012739,0.0,0.0,0.0,0.6050955413974198,95,62,0,0
sem_erro,xgboost,oscilacao,70,35,35,134,134,63,71,0,134,0,29,29,0.4626865671641791,0.4626865671641791,0.0,0.0,0.0,0.46268656716072626,62,72,0,0
sem_erro,xgboost,oscilacao,70,40,40,118,118,57,61,0,118,0,24,24,0.5423728813559322,0.5423728813559322,0.0,0.0,0.0,0.5423728813513358,64,54,0,0
sem_erro,xgboost,oscilacao,70,45,45,105,105,52,53,0,105,0,23,23,0.5047619047619047,0.5047619047619047,0.0,0.0,0.0,0.5047619047570975,53,52,0,0
sem_erro,xgboost,oscilacao,70,50,50,94,94,48,46,0,94,0,27,27,0.4787234042553192,0.4787234042553192,0.0,0.0,0.0,0.4787234042502263,45,49,0,0
sem_erro,xgboost,oscilacao,70,55,55,86,86,40,46,0,86,0,20,20,0.47674418604651164,0.47674418604651164,0.0,0.0,0.0,0.4767441860409681,41,45,0,0
sem_erro,xgboost,oscilacao,70,60,60,79,79,38,41,0,79,0,21,21,0.6582278481012658,0.6582278481012658,0.0,0.0,0.0,0.6582278480929338,52,27,0,0
sem_erro,xgboost,oscilacao,70,65,65,73,73,36,37,0,73,0,16,16,0.5205479452054794,0.5205479452054794,0.0,0.0,0.0,0.5205479451983487,38,35,0,0
sem_erro,xgboost,oscilacao,70,70,70,67,67,34,33,0,67,0,19,19,0.417910447761194,0.417910447761194,0.0,0.0,0.0,0.41791044775495656,28,39,0,0
sem_erro,xgboost,oscilacao,80,5,5,935,935,476,459,0,935,0,52,52,0.49732620320855614,0.49732620320855614,0.0,0.0,0.0,0.49732620320802423,465,470,0,0
sem_erro,xgboost,oscilacao,80,10,10,468,468,239,229,0,468,0,50,50,0.5064102564102564,0.5064102564102564,0.0,0.0,0.0,0.5064102564091744,237,231,0,0
sem_erro,xgboost,oscilacao,80,15,15,312,312,160,152,0,312,0,37,37,0.5352564102564102,0.5352564102564102,0.0,0.0,0.0,0.5352564102546947,167,145,0,0
sem_erro,xgboost,oscilacao,80,20,20,234,234,118,116,0,234,0,33,33,0.5982905982905983,0.5982905982905983,0.0,0.0,0.0,0.5982905982880415,140,94,0,0
sem_erro,xgboost,oscilacao,80,25,25,187,187,96,91,0,187,0,33,33,0.5240641711229946,0.5240641711229946,0.0,0.0,0.0,0.5240641711201922,98,89,0,0
sem_erro,xgboost,oscilacao,80,30,30,156,156,81,75,0,156,0,29,29,0.5641025641025641,0.5641025641025641,0.0,0.0,0.0,0.5641025640989481,88,68,0,0
sem_erro,xgboost,oscilacao,80,35,35,134,134,68,66,0,134,0,31,31,0.48507462686567165,0.48507462686567165,0.0,0.0,0.0,0.4850746268620517,65,69,0,0
sem_erro,xgboost,oscilacao,80,40,40,117,117,59,58,0,117,0,27,27,0.5128205128205128,0.5128205128205128,0.0,0.0,0.0,0.5128205128161297,60,57,0,0
sem_erro,xgboost,oscilacao,80,45,45,104,104,54,50,0,104,0,24,24,0.46153846153846156,0.46153846153846156,0.0,0.0,0.0,0.46153846153402367,48,56,0,0
sem_erro,xgboost,oscilacao,80,50,50,94,94,51,43,0,94,0,25,25,0.43617021276595747,0.43617021276595747,0.0,0.0,0.0,0.43617021276131734,41,53,0,0
sem_erro,xgboost,oscilacao,80,55,55,85,85,43,42,0,85,0,21,21,0.47058823529411764,0.47058823529411764,0.0,0.0,0.0,0.4705882352885813,40,45,0,0
sem_erro,xgboost,oscilacao,80,60,60,78,78,40,38,0,78,0,19,19,0.47435897435897434,0.47435897435897434,0.0,0.0,0.0,0.4743589743528928,37,41,0,0
sem_erro,xgboost,oscilacao,80,65,65,72,72,35,37,0,72,0,22,22,0.6111111111111112,0.6111111111111112,0.0,0.0,0.0,0.6111111111026234,44,28,0,0
sem_erro,xgboost,oscilacao,80,70,70,67,67,36,31,0,67,0,21,21,0.373134328358209,0.373134328358209,0.0,0.0,0.0,0.37313432835263977,25,42,0,0
sem_erro,xgboost,oscilacao,80,75,75,63,63,35,28,0,63,0,18,18,0.49206349206349204,0.49206349206349204,0.0,0.0,0.0,0.49206349205568156,31,32,0,0
sem_erro,xgboost,oscilacao,80,80,80,59,59,31,28,0,59,0,17,17,0.4915254237288136,0.4915254237288136,0.0,0.0,0.0,0.49152542372048263,29,30,0,0
sem_erro,xgboost,oscilacao,90,5,5,933,933,500,433,0,933,0,47,47,0.5423365487674169,0.5423365487674169,0.0,0.0,0.0,0.5423365487668357,506,427,0,0
sem_erro,xgboost,oscilacao,90,10,10,467,467,251,216,0,467,0,44,44,0.5224839400428265,0.5224839400428265,0.0,0.0,0.0,0.5224839400417077,244,223,0,0
sem_erro,xgboost,oscilacao,90,15,15,311,311,166,145,0,311,0,34,34,0.49517684887459806,0.49517684887459806,0.0,0.0,0.0,0.4951768488730059,154,157,0,0
sem_erro,xgboost,oscilacao,90,20,20,234,234,125,109,0,234,0,40,40,0.5042735042735043,0.5042735042735043,0.0,0.0,0.0,0.5042735042713493,118,116,0,0
sem_erro,xgboost,oscilacao,90,25,25,187,187,102,85,0,187,0,30,30,0.5187165775401069,0.5187165775401069,0.0,0.0,0.0,0.5187165775373331,97,90,0,0
sem_erro,xgboost,oscilacao,90,30,30,156,156,81,75,0,156,0,28,28,0.5448717948717948,0.5448717948717948,0.0,0.0,0.0,0.5448717948683022,85,71,0,0
sem_erro,xgboost,oscilacao,90,35,35,134,134,73,61,0,134,0,28,28,0.43283582089552236,0.43283582089552236,0.0,0.0,0.0,0.4328358208922923,58,76,0,0
sem_erro,xgboost,oscilacao,90,40,40,117,117,63,54,0,117,0,24,24,0.48717948717948717,0.48717948717948717,0.0,0.0,0.0,0.4871794871753232,57,60,0,0
sem_erro,xgboost,oscilacao,90,45,45,104,104,55,49,0,104,0,21,21,0.4326923076923077,0.4326923076923077,0.0,0.0,0.0,0.43269230768814715,45,59,0,0
sem_erro,xgboost,oscilacao,90,50,50,94,94,52,42,0,94,0,27,27,0.5212765957446809,0.5212765957446809,0.0,0.0,0.0,0.5212765957391353,49,45,0,0
sem_erro,xgboost,oscilacao,90,55,55,85,85,44,41,0,85,0,23,23,0.4470588235294118,0.4470588235294118,0.0,0.0,0.0,0.4470588235241522,38,47,0,0
sem_erro,xgboost,oscilacao,90,60,60,78,78,40,38,0,78,0,22,22,0.44871794871794873,0.44871794871794873,0.0,0.0,0.0,0.4487179487121959,35,43,0,0
sem_erro,xgboost,oscilacao,90,65,65,72,72,37,35,0,72,0,17,17,0.6388888888888888,0.6388888888888888,0.0,0.0,0.0,0.6388888888800154,46,26,0,0
sem_erro,xgboost,oscilacao,90,70,70,67,67,37,30,0,67,0,22,22,0.4626865671641791,0.4626865671641791,0.0,0.0,0.0,0.4626865671572733,31,36,0,0
sem_erro,xgboost,oscilacao,90,75,75,63,63,36,27,0,63,0,19,19,0.47619047619047616,0.47619047619047616,0.0,0.0,0.0,0.47619047618291765,30,33,0,0
sem_erro,xgboost,oscilacao,90,80,80,59,59,32,27,0,59,0,18,18,0.5084745762711864,0.5084745762711864,0.0,0.0,0.0,0.5084745762625683,30,29,0,0
sem_erro,xgboost,oscilacao,90,85,85,55,55,29,26,0,55,0,15,15,0.5636363636363636,0.5636363636363636,0.0,0.0,0.0,0.5636363636261157,31,24,0,0
sem_erro,xgboost,oscilacao,90,90,90,52,52,30,22,0,52,0,14,14,0.40384615384615385,0.40384615384615385,0.0,0.0,0.0,0.4038461538383876,21,31,0,0
sem_erro,xgboost,oscilacao,100,5,5,931,931,522,409,0,931,0,43,43,0.5306122448979592,0.5306122448979592,0.0,0.0,0.0,0.5306122448973892,494,437,0,0
sem_erro,xgboost,oscilacao,100,10,10,466,466,262,204,0,466,0,37,37,0.5343347639484979,0.5343347639484979,0.0,0.0,0.0,0.5343347639473512,249,217,0,0
sem_erro,xgboost,oscilacao,100,15,15,311,311,176,135,0,311,0,37,37,0.5016077170418006,0.5016077170418006,0.0,0.0,0.0,0.5016077170401878,156,155,0,0
sem_erro,xgboost,oscilacao,100,20,20,233,233,130,103,0,233,0,30,30,0.5364806866952789,0.5364806866952789,0.0,0.0,0.0,0.5364806866929765,125,108,0,0
sem_erro,xgboost,oscilacao,100,25,25,187,187,107,80,0,187,0,29,29,0.45454545454545453,0.45454545454545453,0.0,0.0,0.0,0.45454545454302386,85,102,0,0
sem_erro,xgboost,oscilacao,100,30,30,156,156,86,70,0,156,0,27,27,0.46794871794871795,0.46794871794871795,0.0,0.0,0.0,0.4679487179457183,73,83,0,0
sem_erro,xgboost,oscilacao,100,35,35,133,133,74,59,0,133,0,27,27,0.41353383458646614,0.41353383458646614,0.0,0.0,0.0,0.4135338345833569,55,78,0,0
sem_erro,xgboost,oscilacao,100,40,40,117,117,66,51,0,117,0,26,26,0.48717948717948717,0.48717948717948717,0.0,0.0,0.0,0.4871794871753232,57,60,0,0
sem_erro,xgboost,oscilacao,100,45,45,104,104,59,45,0,104,0,23,23,0.41346153846153844,0.41346153846153844,0.0,0.0,0.0,0.41346153845756284,43,61,0,0
sem_erro,xgboost,oscilacao,100,50,50,94,94,53,41,0,94,0,23,23,0.46808510638297873,0.46808510638297873,0.0,0.0,0.0,0.46808510637799905,44,50,0,0
sem_erro,xgboost,oscilacao,100,55,55,85,85,47,38,0,85,0,25,25,0.4823529411764706,0.4823529411764706,0.0,0.0,0.0,0.4823529411707958,41,44,0,0
sem_erro,xgboost,oscilacao,100,60,60,78,78,43,35,0,78,0,21,21,0.46153846153846156,0.46153846153846156,0.0,0.0,0.0,0.46153846153254435,36,42,0,0
sem_erro,xgboost,oscilacao,100,65,65,72,72,39,33,0,72,0,24,24,0.5138888888888888,0.5138888888888888,0.0,0.0,0.0,0.5138888888817515,37,35,0,0
sem_erro,xgboost,oscilacao,100,70,70,67,67,37,30,0,67,0,21,21,0.4925373134328358,0.4925373134328358,0.0,0.0,0.0,0.4925373134254845,33,34,0,0
sem_erro,xgboost,oscilacao,100,75,75,63,63,37,26,0,63,0,21,21,0.4603174603174603,0.4603174603174603,0.0,0.0,0.0,0.4603174603101537,29,34,0,0
sem_erro,xgboost,oscilacao,100,80,80,59,59,33,26,0,59,0,18,18,0.576271186440678,0.576271186440678,0.0,0.0,0.0,0.5762711864309107,34,25,0,0
sem_erro,xgboost,oscilacao,100,85,85,55,55,31,24,0,55,0,15,15,0.4727272727272727,0.4727272727272727,0.0,0.0,0.0,0.4727272727186777,26,29,0,0
sem_erro,xgboost,oscilacao,100,90,90,52,52,32,20,0,52,0,14,14,0.3269230769230769,0.3269230769230769,0.0,0.0,0.0,0.32692307691678996,17,35,0,0
sem_erro,xgboost,oscilacao,100,95,95,49,49,27,22,0,49,0,12,12,0.40816326530612246,0.40816326530612246,0.0,0.0,0.0,0.4081632652977926,20,29,0,0
sem_erro,xgboost,oscilacao,100,100,100,47,47,24,23,0,47,0,9,9,0.48936170212765956,0.48936170212765956,0.0,0.0,0.0,0.48936170211724767,23,24,0,0
sem_erro,xgboost,queda,20,5,5,947,947,189,758,0,947,0,52,52,0.853220696937698,0.853220696937698,0.0,0.0,0.0,0.853220696936797,808,139,0,0
sem_erro,xgboost,queda,20,10,10,474,474,92,382,0,474,0,37,37,0.8459915611814346,0.8459915611814346,0.0,0.0,0.0,0.8459915611796498,401,73,0,0
sem_erro,xgboost,queda,20,15,15,316,316,63,253,0,316,0,29,29,0.8607594936708861,0.8607594936708861,0.0,0.0,0.0,0.8607594936681622,272,44,0,0
sem_erro,xgboost,queda,20,20,20,237,237,45,192,0,237,0,27,27,0.8481012658227848,0.8481012658227848,0.0,0.0,0.0,0.8481012658192063,201,36,0,0
sem_erro,xgboost,queda,30,5,5,945,945,227,718,0,945,0,46,46,0.8455026455026455,0.8455026455026455,0.0,0.0,0.0,0.8455026455017508,799,146,0,0
sem_erro,xgboost,queda,30,10,10,473,473,111,362,0,473,0,34,34,0.8520084566596194,0.8520084566596194,0.0,0.0,0.0,0.8520084566578182,403,70,0,0
sem_erro,xgboost,queda,30,15,15,315,315,77,238,0,315,0,30,30,0.8539682539682539,0.8539682539682539,0.0,0.0,0.0,0.853968253965543,269,46,0,0
sem_erro,xgboost,queda,30,20,20,237,237,56,181,0,237,0,24,24,0.8565400843881856,0.8565400843881856,0.0,0.0,0.0,0.8565400843845716,203,34,0,0
sem_erro,xgboost,queda,30,25,25,189,189,45,144,0,189,0,20,20,0.8677248677248677,0.8677248677248677,0.0,0.0,0.0,0.8677248677202767,164,25,0,0
sem_erro,xgboost,queda,30,30,30,158,158,38,120,0,158,0,22,22,0.8354430379746836,0.8354430379746836,0.0,0.0,0.0,0.835443037969396,132,26,0,0
sem_erro,xgboost,queda,40,5,5,943,943,261,682,0,943,0,39,39,0.8250265111346765,0.8250265111346765,0.0,0.0,0.0,0.8250265111338017,778,165,0,0
sem_erro,xgboost,queda,40,10,10,472,472,129,343,0,472,0,37,37,0.8135593220338984,0.8135593220338984,0.0,0.0,0.0,0.8135593220321746,384,88,0,0
sem_erro,xgboost,queda,40,15,15,315,315,88,227,0,315,0,30,30,0.8253968253968254,0.8253968253968254,0.0,0.0,0.0,0.8253968253942051,260,55,0,0
sem_erro,xgboost,queda,40,20,20,236,236,64,172,0,236,0,29,29,0.8220338983050848,0.8220338983050848,0.0,0.0,0.0,0.8220338983016016,194,42,0,0
sem_erro,xgboost,queda,40,25,25,189,189,53,136,0,189,0,22,22,0.783068783068783,0.783068783068783,0.0,0.0,0.0,0.7830687830646399,148,41,0,0
sem_erro,xgboost,queda,40,30,30,158,158,43,115,0,158,0,20,20,0.8164556962025317,0.8164556962025317,0.0,0.0,0.0,0.8164556961973642,129,29,0,0
sem_erro,xgboost,queda,40,35,35,135,135,36,99,0,135,0,15,15,0.837037037037037,0.837037037037037,0.0,0.0,0.0,0.8370370370308369,113,22,0,0
sem_erro,xgboost,queda,40,40,40,118,118,33,85,0,118,0,15,15,0.8305084745762712,0.8305084745762712,0.0,0.0,0.0,0.8305084745692329,98,20,0,0
sem_erro,xgboost,queda,50,5,5,941,941,293,648,0,941,0,47,47,0.7927736450584485,0.7927736450584485,0.0,0.0,0.0,0.792773645057606,746,195,0,0
sem_erro,xgboost,queda,50,10,10,471,471,145,326,0,471,0,42,42,0.7791932059447984,0.7791932059447984,0.0,0.0,0.0,0.779193205943144,367,104,0,0
sem_erro,xgboost,queda,50,15,15,314,314,98,216,0,314,0,36,36,0.7770700636942676,0.7770700636942676,0.0,0.0,0.0,0.7770700636917928,244,70,0,0
sem_erro,xgboost,queda,50,20,20,236,236,73,163,0,236,0,28,28,0.7796610169491526,0.7796610169491526,0.0,0.0,0.0,0.7796610169458489,184,52,0,0
sem_erro,xgboost,queda,50,25,25,189,189,59,130,0,189,0,27,27,0.783068783068783,0.783068783068783,0.0,0.0,0.0,0.7830687830646399,148,41,0,0
sem_erro,xgboost,queda,50,30,30,157,157,48,109,0,157,0,23,23,0.7834394904458599,0.7834394904458599,0.0,0.0,0.0,0.7834394904408699,123,34,0,0
sem_erro,xgboost,queda,50,35,35,135,135,40,95,0,135,0,17,17,0.8,0.8,0.0,0.0,0.0,0.7999999999940741,108,27,0,0
sem_erro,xgboost,queda,50,40,40,118,118,36,82,0,118,0,18,18,0.7966101694915254,0.7966101694915254,0.0,0.0,0.0,0.7966101694847745,94,24,0,0
sem_erro,xgboost,queda,50,45,45,105,105,34,71,0,105,0,15,15,0.7714285714285715,0.7714285714285715,0.0,0.0,0.0,0.7714285714212245,81,24,0,0
sem_erro,xgboost,queda,50,50,50,95,95,30,65,0,95,0,24,24,0.7052631578947368,0.7052631578947368,0.0,0.0,0.0,0.705263157887313,67,28,0,0
sem_erro,xgboost,queda,60,5,5,939,939,324,615,0,939,0,41,41,0.7689030883919062,0.7689030883919062,0.0,0.0,0.0,0.7689030883910875,722,217,0,0
sem_erro,xgboost,queda,60,10,10,470,470,161,309,0,470,0,40,40,0.7702127659574468,0.7702127659574468,0.0,0.0,0.0,0.7702127659558081,362,108,0,0
sem_erro,xgboost,queda,60,15,15,313,313,109,204,0,313,0,32,32,0.7571884984025559,0.7571884984025559,0.0,0.0,0.0,0.7571884984001368,237,76,0,0
sem_erro,xgboost,queda,60,20,20,235,235,80,155,0,235,0,35,35,0.7446808510638298,0.7446808510638298,0.0,0.0,0.0,0.744680851060661,175,60,0,0
sem_erro,xgboost,queda,60,25,25,188,188,66,122,0,188,0,30,30,0.7021276595744681,0.7021276595744681,0.0,0.0,0.0,0.7021276595707334,132,56,0,0
sem_erro,xgboost,queda,60,30,30,157,157,54,103,0,157,0,28,28,0.7770700636942676,0.7770700636942676,0.0,0.0,0.0,0.7770700636893181,122,35,0,0
sem_erro,xgboost,queda,60,35,35,135,135,46,89,0,135,0,23,23,0.7111111111111111,0.7111111111111111,0.0,0.0,0.0,0.7111111111058437,96,39,0,0
sem_erro,xgboost,queda,60,40,40,118,118,40,78,0,118,0,23,23,0.6779661016949152,0.6779661016949152,0.0,0.0,0.0,0.6779661016891697,80,38,0,0
sem_erro,xgboost,queda,60,45,45,105,105,38,67,0,105,0,19,19,0.7714285714285715,0.7714285714285715,0.0,0.0,0.0,0.7714285714212245,81,24,0,0
sem_erro,xgboost,queda,60,50,50,94,94,32,62,0,94,0,19,19,0.7340425531914894,0.7340425531914894,0.0,0.0,0.0,0.7340425531836804,69,25,0,0
sem_erro,xgboost,queda,60,55,55,86,86,25,61,0,86,0,16,16,0.7906976744186046,0.7906976744186046,0.0,0.0,0.0,0.7906976744094104,68,18,0,0
sem_erro,xgboost,queda,60,60,60,79,79,27,52,0,79,0,16,16,0.7468354430379747,0.7468354430379747,0.0,0.0,0.0,0.746835443028521,59,20,0,0
sem_erro,xgboost,queda,70,5,5,937,937,354,583,0,937,0,45,45,0.7524012806830309,0.7524012806830309,0.0,0.0,0.0,0.752401280682228,705,232,0,0
sem_erro,xgboost,queda,70,10,10,469,469,176,293,0,469,0,37,37,0.7292110874200426,0.7292110874200426,0.0,0.0,0.0,0.7292110874184878,342,127,0,0
sem_erro,xgboost,queda,70,15,15,313,313,119,194,0,313,0,35,35,0.7348242811501597,0.7348242811501597,0.0,0.0,0.0,0.7348242811478121,230,83,0,0
sem_erro,xgboost,queda,70,20,20,235,235,88,147,0,235,0,36,36,0.7276595744680852,0.7276595744680852,0.0,0.0,0.0,0.7276595744649887,171,64,0,0
sem_erro,xgboost,queda,70,25,25,188,188,71,117,0,188,0,29,29,0.723404255319149,0.723404255319149,0.0,0.0,0.0,0.7234042553153011,136,52,0,0
sem_erro,xgboost,queda,70,30,30,157,157,59,98,0,157,0,30,30,0.7261146496815286,0.7261146496815286,0.0,0.0,0.0,0.7261146496769038,114,43,0,0
sem_erro,xgboost,queda,70,35,35,134,134,50,84,0,134,0,27,27,0.753731343283582,0.753731343283582,0.0,0.0,0.0,0.7537313432779573,101,33,0,0
sem_erro,xgboost,queda,70,40,40,118,118,45,73,0,118,0,29,29,0.6271186440677966,0.6271186440677966,0.0,0.0,0.0,0.6271186440624821,74,44,0,0
sem_erro,xgboost,queda,70,45,45,105,105,42,63,0,105,0,21,21,0.638095238095238,0.638095238095238,0.0,0.0,0.0,0.638095238089161,67,38,0,0
sem_erro,xgboost,queda,70,50,50,94,94,34,60,0,94,0,21,21,0.6595744680851063,0.6595744680851063,0.0,0.0,0.0,0.6595744680780896,62,32,0,0
sem_erro,xgboost,queda,70,55,55,86,86,33,53,0,86,0,18,18,0.686046511627907,0.686046511627907,0.0,0.0,0.0,0.6860465116199297,59,27,0,0
sem_erro,xgboost,queda,70,60,60,79,79,30,49,0,79,0,18,18,0.6962025316455697,0.6962025316455697,0.0,0.0,0.0,0.6962025316367569,55,24,0,0
sem_erro,xgboost,queda,70,65,65,73,73,29,44,0,73,0,14,14,0.589041095890411,0.589041095890411,0.0,0.0,0.0,0.5890410958823419,43,30,0,0
sem_erro,xgboost,queda,70,70,70,67,67,26,41,0,67,0,12,12,0.6119402985074627,0.6119402985074627,0.0,0.0,0.0,0.6119402984983292,41,26,0,0
sem_erro,xgboost,queda,80,5,5,935,935,384,551,0,935,0,53,53,0.6930481283422459,0.6930481283422459,0.0,0.0,0.0,0.6930481283415048,648,287,0,0
sem_erro,xgboost,queda,80,10,10,468,468,191,277,0,468,0,44,44,0.6239316239316239,0.6239316239316239,0.0,0.0,0.0,0.6239316239302908,292,176,0,0
sem_erro,xgboost,queda,80,15,15,312,312,129,183,0,312,0,37,37,0.7083333333333334,0.7083333333333334,0.0,0.0,0.0,0.7083333333310631,221,91,0,0
sem_erro,xgboost,queda,80,20,20,234,234,95,139,0,234,0,39,39,0.6282051282051282,0.6282051282051282,0.0,0.0,0.0,0.6282051282024436,147,87,0,0
sem_erro,xgboost,queda,80,25,25,187,187,76,111,0,187,0,32,32,0.6470588235294118,0.6470588235294118,0.0,0.0,0.0,0.6470588235259516,121,66,0,0
sem_erro,xgboost,queda,80,30,30,156,156,64,92,0,156,0,32,32,0.6538461538461539,0.6538461538461539,0.0,0.0,0.0,0.6538461538419625,102,54,0,0
sem_erro,xgboost,queda,80,35,35,134,134,54,80,0,134,0,30,30,0.6567164179104478,0.6567164179104478,0.0,0.0,0.0,0.6567164179055469,88,46,0,0
sem_erro,xgboost,queda,80,40,40,117,117,48,69,0,117,0,28,28,0.6324786324786325,0.6324786324786325,0.0,0.0,0.0,0.6324786324732267,74,43,0,0
sem_erro,xgboost,queda,80,45,45,104,104,45,59,0,104,0,25,25,0.6346153846153846,0.6346153846153846,0.0,0.0,0.0,0.6346153846092826,66,38,0,0
sem_erro,xgboost,queda,80,50,50,94,94,37,57,0,94,0,18,18,0.6702127659574468,0.6702127659574468,0.0,0.0,0.0,0.6702127659503169,63,31,0,0
sem_erro,xgboost,queda,80,55,55,85,85,36,49,0,85,0,19,19,0.611764705882353,0.611764705882353,0.0,0.0,0.0,0.6117647058751556,52,33,0,0
sem_erro,xgboost,queda,80,60,60,78,78,32,46,0,78,0,20,20,0.5769230769230769,0.5769230769230769,0.0,0.0,0.0,0.5769230769156805,45,33,0,0
sem_erro,xgboost,queda,80,65,65,72,72,28,44,0,72,0,13,13,0.5416666666666666,0.5416666666666666,0.0,0.0,0.0,0.5416666666591435,39,33,0,0
sem_erro,xgboost,queda,80,70,70,67,67,27,40,0,67,0,16,16,0.5522388059701493,0.5522388059701493,0.0,0.0,0.0,0.5522388059619069,37,30,0,0
sem_erro,xgboost,queda,80,75,75,63,63,25,38,0,63,0,13,13,0.7777777777777778,0.7777777777777778,0.0,0.0,0.0,0.7777777777654321,49,14,0,0
sem_erro,xgboost,queda,80,80,80,59,59,24,35,0,59,0,12,12,0.6101694915254238,0.6101694915254238,0.0,0.0,0.0,0.6101694915150819,36,23,0,0
sem_erro,xgboost,queda,90,5,5,933,933,412,521,0,933,0,53,53,0.6334405144694534,0.6334405144694534,0.0,0.0,0.0,0.6334405144687745,591,342,0,0
sem_erro,xgboost,queda,90,10,10,467,467,205,262,0,467,0,46,46,0.582441113490364,0.582441113490364,0.0,0.0,0.0,0.5824411134891169,272,195,0,0
sem_erro,xgboost,queda,90,15,15,311,311,138,173,0,311,0,34,34,0.6366559485530546,0.6366559485530546,0.0,0.0,0.0,0.6366559485510076,198,113,0,0
sem_erro,xgboost,queda,90,20,20,234,234,102,132,0,234,0,37,37,0.5811965811965812,0.5811965811965812,0.0,0.0,0.0,0.5811965811940975,136,98,0,0
sem_erro,xgboost,queda,90,25,25,187,187,84,103,0,187,0,37,37,0.5828877005347594,0.5828877005347594,0.0,0.0,0.0,0.5828877005316423,109,78,0,0
sem_erro,xgboost,queda,90,30,30,156,156,69,87,0,156,0,27,27,0.6089743589743589,0.6089743589743589,0.0,0.0,0.0,0.6089743589704554,95,61,0,0
sem_erro,xgboost,queda,90,35,35,134,134,56,78,0,134,0,33,33,0.5597014925373134,0.5597014925373134,0.0,0.0,0.0,0.5597014925331366,75,59,0,0
sem_erro,xgboost,queda,90,40,40,117,117,50,67,0,117,0,26,26,0.5726495726495726,0.5726495726495726,0.0,0.0,0.0,0.5726495726446782,67,50,0,0
sem_erro,xgboost,queda,90,45,45,104,104,46,58,0,104,0,21,21,0.5,0.5,0.0,0.0,0.0,0.4999999999951923,52,52,0,0
sem_erro,xgboost,queda,90,50,50,94,94,42,52,0,94,0,15,15,0.5212765957446809,0.5212765957446809,0.0,0.0,0.0,0.5212765957391353,49,45,0,0
sem_erro,xgboost,queda,90,55,55,85,85,36,49,0,85,0,19,19,0.6235294117647059,0.6235294117647059,0.0,0.0,0.0,0.6235294117573702,53,32,0,0
sem_erro,xgboost,queda,90,60,60,78,78,34,44,0,78,0,16,16,0.6025641025641025,0.6025641025641025,0.0,0.0,0.0,0.6025641025563774,47,31,0,0
sem_erro,xgboost,queda,90,65,65,72,72,35,37,0,72,0,14,14,0.4444444444444444,0.4444444444444444,0.0,0.0,0.0,0.4444444444382716,32,40,0,0
sem_erro,xgboost,queda,90,70,70,67,67,27,40,0,67,0,14,14,0.5373134328358209,0.5373134328358209,0.0,0.0,0.0,0.5373134328278013,36,31,0,0
sem_erro,xgboost,queda,90,75,75,63,63,26,37,0,63,0,11,11,0.6031746031746031,0.6031746031746031,0.0,0.0,0.0,0.603174603165029,38,25,0,0
sem_erro,xgboost,queda,90,80,80,59,59,26,33,0,59,0,11,11,0.4576271186440678,0.4576271186440678,0.0,0.0,0.0,0.45762711863631145,27,32,0,0
sem_erro,xgboost,queda,90,85,85,55,55,24,31,0,55,0,11,11,0.36363636363636365,0.36363636363636365,0.0,0.0,0.0,0.3636363636297521,20,35,0,0
sem_erro,xgboost,queda,90,90,90,52,52,23,29,0,52,0,14,14,0.6538461538461539,0.6538461538461539,0.0,0.0,0.0,0.6538461538335799,34,18,0,0
sem_erro,xgboost,queda,100,5,5,931,931,438,493,0,931,0,50,50,0.5284640171858217,0.5284640171858217,0.0,0.0,0.0,0.528464017185254,492,439,0,0
sem_erro,xgboost,queda,100,10,10,466,466,218,248,0,466,0,41,41,0.5085836909871244,0.5085836909871244,0.0,0.0,0.0,0.5085836909860331,237,229,0,0
sem_erro,xgboost,queda,100,15,15,311,311,146,165,0,311,0,31,31,0.47266881028938906,0.47266881028938906,0.0,0.0,0.0,0.4726688102878692,147,164,0,0
sem_erro,xgboost,queda,100,20,20,233,233,108,125,0,233,0,34,34,0.48497854077253216,0.48497854077253216,0.0,0.0,0.0,0.4849785407704508,113,120,0,0
sem_erro,xgboost,queda,100,25,25,187,187,87,100,0,187,0,30,30,0.47058823529411764,0.47058823529411764,0.0,0.0,0.0,0.47058823529160115,88,99,0,0
sem_erro,xgboost,queda,100,30,30,156,156,73,83,0,156,0,28,28,0.46153846153846156,0.46153846153846156,0.0,0.0,0.0,0.461538461535503,72,84,0,0
sem_erro,xgboost,queda,100,35,35,133,133,62,71,0,133,0,27,27,0.5037593984962406,0.5037593984962406,0.0,0.0,0.0,0.503759398492453,67,66,0,0
sem_erro,xgboost,queda,100,40,40,117,117,53,64,0,117,0,19,19,0.42735042735042733,0.42735042735042733,0.0,0.0,0.0,0.42735042734677475,50,67,0,0
sem_erro,xgboost,queda,100,45,45,104,104,49,55,0,104,0,24,24,0.4423076923076923,0.4423076923076923,0.0,0.0,0.0,0.44230769230343936,46,58,0,0
sem_erro,xgboost,queda,100,50,50,94,94,44,50,0,94,0,17,17,0.5212765957446809,0.5212765957446809,0.0,0.0,0.0,0.5212765957391353,49,45,0,0
sem_erro,xgboost,queda,100,55,55,85,85,39,46,0,85,0,18,18,0.4588235294117647,0.4588235294117647,0.0,0.0,0.0,0.4588235294063668,39,46,0,0
sem_erro,xgboost,queda,100,60,60,78,78,36,42,0,78,0,20,20,0.5384615384615384,0.5384615384615384,0.0,0.0,0.0,0.5384615384546351,42,36,0,0
sem_erro,xgboost,queda,100,65,65,72,72,36,36,0,72,0,14,14,0.4166666666666667,0.4166666666666667,0.0,0.0,0.0,0.4166666666608796,30,42,0,0
sem_erro,xgboost,queda,100,70,70,67,67,29,38,0,67,0,16,16,0.5373134328358209,0.5373134328358209,0.0,0.0,0.0,0.5373134328278013,36,31,0,0
sem_erro,xgboost,queda,100,75,75,63,63,28,35,0,63,0,10,10,0.5714285714285714,0.5714285714285714,0.0,0.0,0.0,0.5714285714195012,36,27,0,0
sem_erro,xgboost,queda,100,80,80,59,59,27,32,0,59,0,12,12,0.3898305084745763,0.3898305084745763,0.0,0.0,0.0,0.389830508467969,23,36,0,0
sem_erro,xgboost,queda,100,85,85,55,55,25,30,0,55,0,13,13,0.3090909090909091,0.3090909090909091,0.0,0.0,0.0,0.3090909090852893,17,38,0,0
sem_erro,xgboost,queda,100,90,90,52,52,25,27,0,52,0,11,11,0.4807692307692308,0.4807692307692308,0.0,0.0,0.0,0.48076923075998523,25,27,0,0
sem_erro,xgboost,queda,100,95,95,49,49,23,26,0,49,0,10,10,0.3877551020408163,0.3877551020408163,0.0,0.0,0.0,0.387755102032903,19,30,0,0
sem_erro,xgboost,queda,100,100,100,47,47,20,27,0,47,0,10,10,0.48936170212765956,0.48936170212765956,0.0,0.0,0.0,0.48936170211724767,23,24,0,0
