teste,modelo,falha,janela,passo_cfg,passo_real,amostras_treino,amostras_teste,positivos_treino,negativos_treino,positivos_teste,negativos_teste,eventos_reais_teste,eventos_detectados,diferenca_eventos,accuracy,balanced_accuracy,precision_pos,recall_pos,f1_pos,specificity,tn,fp,fn,tp
com_erro,catboost,lacuna,20,5,5,947,947,274,673,242,705,19,19,0,1.0,1.0,1.0,1.0,1.0,0.9999999999985816,705,0,0,242
com_erro,catboost,lacuna,20,10,10,474,474,136,338,122,352,19,19,0,1.0,1.0,1.0,1.0,1.0,0.9999999999971592,352,0,0,122
com_erro,catboost,lacuna,20,15,15,316,316,91,225,83,233,19,19,0,1.0,1.0,1.0,1.0,1.0,0.9999999999957082,233,0,0,83
com_erro,catboost,lacuna,20,20,20,237,237,68,169,60,177,18,18,0,0.9915611814345991,0.9833333333333334,1.0,0.9666666666666667,0.9830508474576272,0.9999999999943503,177,0,2,58
com_erro,catboost,lacuna,30,5,5,945,945,316,629,278,667,19,19,0,1.0,1.0,1.0,1.0,1.0,0.9999999999985008,667,0,0,278
com_erro,catboost,lacuna,30,10,10,473,473,158,315,140,333,18,18,0,1.0,1.0,1.0,1.0,1.0,0.9999999999969971,333,0,0,140
com_erro,catboost,lacuna,30,15,15,315,315,104,211,95,220,16,16,0,1.0,1.0,1.0,1.0,1.0,0.9999999999954546,220,0,0,95
com_erro,catboost,lacuna,30,20,20,237,237,78,159,72,165,17,17,0,1.0,1.0,1.0,1.0,1.0,0.9999999999939394,165,0,0,72
com_erro,catboost,lacuna,30,25,25,189,189,63,126,56,133,16,16,0,1.0,1.0,1.0,1.0,1.0,0.9999999999924812,133,0,0,56
com_erro,catboost,lacuna,30,30,30,158,158,53,105,49,109,16,17,1,0.9873417721518988,0.9795918367346939,1.0,0.9591836734693877,0.9791666666666666,0.9999999999908257,109,0,2,47
com_erro,catboost,lacuna,40,5,5,943,943,352,591,313,630,17,17,0,1.0,1.0,1.0,1.0,1.0,0.9999999999984127,630,0,0,313
com_erro,catboost,lacuna,40,10,10,472,472,176,296,157,315,17,17,0,1.0,1.0,1.0,1.0,1.0,0.9999999999968254,315,0,0,157
com_erro,catboost,lacuna,40,15,15,315,315,117,198,107,208,17,17,0,0.9936507936507937,0.9906542056074766,1.0,0.9813084112149533,0.9905660377358491,0.9999999999951924,208,0,2,105
com_erro,catboost,lacuna,40,20,20,236,236,88,148,78,158,16,16,0,0.9915254237288136,0.9871794871794872,1.0,0.9743589743589743,0.987012987012987,0.999999999993671,158,0,2,76
com_erro,catboost,lacuna,40,25,25,189,189,70,119,61,128,16,16,0,1.0,1.0,1.0,1.0,1.0,0.9999999999921876,128,0,0,61
com_erro,catboost,lacuna,40,30,30,158,158,57,101,55,103,16,16,0,1.0,1.0,1.0,1.0,1.0,0.9999999999902912,103,0,0,55
com_erro,catboost,lacuna,40,35,35,135,135,49,86,46,89,15,16,1,0.9925925925925926,0.9891304347826086,1.0,0.9782608695652174,0.989010989010989,0.999999999988764,89,0,1,45
com_erro,catboost,lacuna,40,40,40,118,118,46,72,40,78,15,15,0,0.9830508474576272,0.975,1.0,0.95,0.9743589743589743,0.9999999999871795,78,0,2,38
com_erro,catboost,lacuna,50,5,5,941,941,383,558,345,596,17,17,0,1.0,1.0,1.0,1.0,1.0,0.9999999999983221,596,0,0,345
com_erro,catboost,lacuna,50,10,10,471,471,192,279,173,298,17,17,0,1.0,1.0,1.0,1.0,1.0,0.9999999999966444,298,0,0,173
com_erro,catboost,lacuna,50,15,15,314,314,127,187,117,197,17,17,0,1.0,1.0,1.0,1.0,1.0,0.999999999994924,197,0,0,117
com_erro,catboost,lacuna,50,20,20,236,236,96,140,88,148,16,16,0,1.0,1.0,1.0,1.0,1.0,0.9999999999932433,148,0,0,88
com_erro,catboost,lacuna,50,25,25,189,189,79,110,71,118,16,16,0,1.0,1.0,1.0,1.0,1.0,0.9999999999915254,118,0,0,71
com_erro,catboost,lacuna,50,30,30,157,157,62,95,58,99,15,15,0,1.0,1.0,1.0,1.0,1.0,0.999999999989899,99,0,0,58
com_erro,catboost,lacuna,50,35,35,135,135,54,81,51,84,15,16,1,0.9925925925925926,0.9901960784313726,1.0,0.9803921568627451,0.9900990099009901,0.9999999999880952,84,0,1,50
com_erro,catboost,lacuna,50,40,40,118,118,48,70,42,76,15,15,0,0.9830508474576272,0.9761904761904762,1.0,0.9523809523809523,0.975609756097561,0.9999999999868421,76,0,2,40
com_erro,catboost,lacuna,50,45,45,105,105,41,64,37,68,15,15,0,1.0,1.0,1.0,1.0,1.0,0.9999999999852941,68,0,0,37
com_erro,catboost,lacuna,50,50,50,95,95,41,54,37,58,16,16,0,1.0,1.0,1.0,1.0,1.0,0.9999999999827587,58,0,0,37
com_erro,catboost,lacuna,60,5,5,939,939,411,528,377,562,17,17,0,1.0,1.0,1.0,1.0,1.0,0.9999999999982206,562,0,0,377
com_erro,catboost,lacuna,60,10,10,470,470,206,264,189,281,16,16,0,1.0,1.0,1.0,1.0,1.0,0.9999999999964413,281,0,0,189
com_erro,catboost,lacuna,60,15,15,313,313,135,178,127,186,14,15,1,0.9936102236421726,0.9921259842519685,1.0,0.984251968503937,0.9920634920634921,0.9999999999946237,186,0,2,125
com_erro,catboost,lacuna,60,20,20,235,235,104,131,94,141,14,14,0,0.9914893617021276,0.9893617021276595,1.0,0.9787234042553191,0.989247311827957,0.9999999999929079,141,0,2,92
com_erro,catboost,lacuna,60,25,25,188,188,83,105,76,112,14,14,0,1.0,1.0,1.0,1.0,1.0,0.9999999999910714,112,0,0,76
com_erro,catboost,lacuna,60,30,30,157,157,69,88,65,92,14,14,0,0.9936305732484076,0.9923076923076923,1.0,0.9846153846153847,0.9922480620155039,0.9999999999891304,92,0,1,64
com_erro,catboost,lacuna,60,35,35,135,135,60,75,57,78,14,15,1,0.9851851851851852,0.9824561403508771,1.0,0.9649122807017544,0.9821428571428571,0.9999999999871795,78,0,2,55
com_erro,catboost,lacuna,60,40,40,118,118,51,67,47,71,14,14,0,0.9915254237288136,0.9893617021276595,1.0,0.9787234042553191,0.989247311827957,0.9999999999859155,71,0,1,46
com_erro,catboost,lacuna,60,45,45,105,105,46,59,43,62,13,13,0,1.0,1.0,1.0,1.0,1.0,0.999999999983871,62,0,0,43
com_erro,catboost,lacuna,60,50,50,94,94,40,54,38,56,14,14,0,1.0,1.0,1.0,1.0,1.0,0.999999999982143,56,0,0,38
com_erro,catboost,lacuna,60,55,55,86,86,37,49,35,51,13,13,0,1.0,1.0,1.0,1.0,1.0,0.9999999999803922,51,0,0,35
com_erro,catboost,lacuna,60,60,60,79,79,36,43,33,46,14,14,0,1.0,1.0,1.0,1.0,1.0,0.999999999978261,46,0,0,33
com_erro,catboost,lacuna,70,5,5,937,937,437,500,408,529,15,15,0,1.0,1.0,1.0,1.0,1.0,0.9999999999981096,529,0,0,408
com_erro,catboost,lacuna,70,10,10,469,469,219,250,204,265,15,15,0,1.0,1.0,1.0,1.0,1.0,0.9999999999962265,265,0,0,204
com_erro,catboost,lacuna,70,15,15,313,313,147,166,138,175,15,16,1,0.9936102236421726,0.9927536231884058,1.0,0.9855072463768116,0.9927007299270073,0.9999999999942858,175,0,2,136
com_erro,catboost,lacuna,70,20,20,235,235,109,126,103,132,15,15,0,1.0,1.0,1.0,1.0,1.0,0.9999999999924243,132,0,0,103
com_erro,catboost,lacuna,70,25,25,188,188,87,101,83,105,15,15,0,1.0,1.0,1.0,1.0,1.0,0.9999999999904762,105,0,0,83
com_erro,catboost,lacuna,70,30,30,157,157,73,84,70,87,14,14,0,1.0,1.0,1.0,1.0,1.0,0.9999999999885058,87,0,0,70
com_erro,catboost,lacuna,70,35,35,134,134,64,70,60,74,13,14,1,0.9925373134328358,0.9916666666666667,1.0,0.9833333333333333,0.9915966386554622,0.9999999999864865,74,0,1,59
com_erro,catboost,lacuna,70,40,40,118,118,56,62,54,64,14,14,0,1.0,1.0,1.0,1.0,1.0,0.9999999999843749,64,0,0,54
com_erro,catboost,lacuna,70,45,45,105,105,49,56,47,58,14,14,0,1.0,1.0,1.0,1.0,1.0,0.9999999999827587,58,0,0,47
com_erro,catboost,lacuna,70,50,50,94,94,42,52,42,52,14,14,0,1.0,1.0,1.0,1.0,1.0,0.9999999999807693,52,0,0,42
com_erro,catboost,lacuna,70,55,55,86,86,39,47,36,50,14,14,0,0.9883720930232558,0.9861111111111112,1.0,0.9722222222222222,0.9859154929577465,0.9999999999800001,50,0,1,35
com_erro,catboost,lacuna,70,60,60,79,79,38,41,37,42,14,14,0,1.0,1.0,1.0,1.0,1.0,0.9999999999761906,42,0,0,37
com_erro,catboost,lacuna,70,65,65,73,73,37,36,30,43,14,14,0,1.0,1.0,1.0,1.0,1.0,0.9999999999767443,43,0,0,30
com_erro,catboost,lacuna,70,70,70,67,67,30,37,31,36,12,12,0,0.9850746268656716,0.9838709677419355,1.0,0.967741935483871,0.9836065573770492,0.9999999999722223,36,0,1,30
com_erro,catboost,lacuna,80,5,5,935,935,461,474,436,499,15,15,0,1.0,1.0,1.0,1.0,1.0,0.999999999997996,499,0,0,436
com_erro,catboost,lacuna,80,10,10,468,468,231,237,218,250,15,15,0,1.0,1.0,1.0,1.0,1.0,0.9999999999960001,250,0,0,218
com_erro,catboost,lacuna,80,15,15,312,312,153,159,147,165,14,14,0,1.0,1.0,1.0,1.0,1.0,0.9999999999939394,165,0,0,147
com_erro,catboost,lacuna,80,20,20,234,234,116,118,108,126,14,14,0,0.9914529914529915,0.9907407407407407,1.0,0.9814814814814815,0.9906542056074766,0.9999999999920635,126,0,2,106
com_erro,catboost,lacuna,80,25,25,187,187,92,95,87,100,14,14,0,1.0,1.0,1.0,1.0,1.0,0.99999999999,100,0,0,87
com_erro,catboost,lacuna,80,30,30,156,156,75,81,73,83,13,13,0,1.0,1.0,1.0,1.0,1.0,0.9999999999879517,83,0,0,73
com_erro,catboost,lacuna,80,35,35,134,134,68,66,64,70,13,13,0,0.9925373134328358,0.9921875,1.0,0.984375,0.9921259842519685,0.9999999999857142,70,0,1,63
com_erro,catboost,lacuna,80,40,40,117,117,61,56,55,62,13,13,0,0.9829059829059829,0.9818181818181818,1.0,0.9636363636363636,0.9814814814814815,0.999999999983871,62,0,2,53
com_erro,catboost,lacuna,80,45,45,104,104,50,54,47,57,13,13,0,1.0,1.0,1.0,1.0,1.0,0.9999999999824563,57,0,0,47
com_erro,catboost,lacuna,80,50,50,94,94,47,47,45,49,13,13,0,1.0,1.0,1.0,1.0,1.0,0.9999999999795919,49,0,0,45
com_erro,catboost,lacuna,80,55,55,85,85,42,43,40,45,13,13,0,0.9882352941176471,0.9875,1.0,0.975,0.9873417721518988,0.9999999999777779,45,0,1,39
com_erro,catboost,lacuna,80,60,60,78,78,39,39,38,40,13,13,0,0.9871794871794872,0.986842105263158,1.0,0.9736842105263158,0.9866666666666667,0.9999999999750001,40,0,1,37
com_erro,catboost,lacuna,80,65,65,72,72,38,34,34,38,13,13,0,0.9861111111111112,0.9852941176470589,1.0,0.9705882352941176,0.9850746268656716,0.9999999999736843,38,0,1,33
com_erro,catboost,lacuna,80,70,70,67,67,34,33,33,34,12,12,0,0.9850746268656716,0.9848484848484849,1.0,0.9696969696969697,0.9846153846153847,0.9999999999705883,34,0,1,32
com_erro,catboost,lacuna,80,75,75,63,63,31,32,27,36,13,13,0,1.0,1.0,1.0,1.0,1.0,0.9999999999722223,36,0,0,27
com_erro,catboost,lacuna,80,80,80,59,59,31,28,27,32,13,13,0,0.9830508474576272,0.9814814814814814,1.0,0.9629629629629629,0.9811320754716981,0.9999999999687501,32,0,1,26
com_erro,catboost,lacuna,90,5,5,933,933,484,449,462,471,14,14,0,1.0,1.0,1.0,1.0,1.0,0.9999999999978769,471,0,0,462
com_erro,catboost,lacuna,90,10,10,467,467,243,224,231,236,14,14,0,1.0,1.0,1.0,1.0,1.0,0.9999999999957627,236,0,0,231
com_erro,catboost,lacuna,90,15,15,311,311,160,151,155,156,13,13,0,0.9967845659163987,0.9967741935483871,1.0,0.9935483870967742,0.9967637540453075,0.9999999999935898,156,0,1,154
com_erro,catboost,lacuna,90,20,20,234,234,121,113,117,117,14,14,0,1.0,1.0,1.0,1.0,1.0,0.999999999991453,117,0,0,117
com_erro,catboost,lacuna,90,25,25,187,187,98,89,91,96,13,13,0,1.0,1.0,1.0,1.0,1.0,0.9999999999895833,96,0,0,91
com_erro,catboost,lacuna,90,30,30,156,156,82,74,79,77,13,13,0,0.9935897435897436,0.9936708860759493,1.0,0.9873417721518988,0.9936305732484076,0.9999999999870129,77,0,1,78
com_erro,catboost,lacuna,90,35,35,134,134,70,64,68,66,14,14,0,1.0,1.0,1.0,1.0,1.0,0.9999999999848485,66,0,0,68
com_erro,catboost,lacuna,90,40,40,117,117,61,56,57,60,12,13,1,0.9829059829059829,0.9824561403508771,1.0,0.9649122807017544,0.9821428571428571,0.9999999999833334,60,0,2,55
com_erro,catboost,lacuna,90,45,45,104,104,52,52,51,53,12,13,1,0.9903846153846154,0.9901960784313726,1.0,0.9803921568627451,0.9900990099009901,0.9999999999811321,53,0,1,50
com_erro,catboost,lacuna,90,50,50,94,94,52,42,47,47,12,12,0,1.0,1.0,1.0,1.0,1.0,0.9999999999787235,47,0,0,47
com_erro,catboost,lacuna,90,55,55,85,85,44,41,40,45,13,13,0,1.0,1.0,1.0,1.0,1.0,0.9999999999777779,45,0,0,40
com_erro,catboost,lacuna,90,60,60,78,78,41,37,41,37,12,13,1,0.9871794871794872,0.9878048780487805,1.0,0.975609756097561,0.9876543209876543,0.9999999999729731,37,0,1,40
com_erro,catboost,lacuna,90,65,65,72,72,38,34,35,37,13,13,0,0.9861111111111112,0.9857142857142858,1.0,0.9714285714285714,0.9855072463768116,0.9999999999729731,37,0,1,34
com_erro,catboost,lacuna,90,70,70,67,67,35,32,34,33,12,12,0,1.0,1.0,1.0,1.0,1.0,0.9999999999696971,33,0,0,34
com_erro,catboost,lacuna,90,75,75,63,63,34,29,29,34,13,13,0,1.0,1.0,1.0,1.0,1.0,0.9999999999705883,34,0,0,29
com_erro,catboost,lacuna,90,80,80,59,59,31,28,29,30,11,12,1,0.9830508474576272,0.9827586206896552,1.0,0.9655172413793104,0.9824561403508771,0.9999999999666667,30,0,1,28
com_erro,catboost,lacuna,90,85,85,55,55,29,26,28,27,12,12,0,1.0,1.0,1.0,1.0,1.0,0.999999999962963,27,0,0,28
com_erro,catboost,lacuna,90,90,90,52,52,26,26,27,25,12,13,1,0.9807692307692307,0.9814814814814814,1.0,0.9629629629629629,0.9811320754716981,0.99999999996,25,0,1,26
com_erro,catboost,lacuna,100,5,5,931,931,505,426,486,445,14,14,0,1.0,1.0,1.0,1.0,1.0,0.9999999999977528,445,0,0,486
com_erro,catboost,lacuna,100,10,10,466,466,253,213,243,223,14,14,0,1.0,1.0,1.0,1.0,1.0,0.9999999999955157,223,0,0,243
com_erro,catboost,lacuna,100,15,15,311,311,170,141,164,147,14,14,0,0.9967845659163987,0.9969512195121951,1.0,0.9939024390243902,0.9969418960244648,0.9999999999931973,147,0,1,163
com_erro,catboost,lacuna,100,20,20,233,233,127,106,121,112,13,13,0,0.9957081545064378,0.9958677685950413,1.0,0.9917355371900827,0.995850622406639,0.9999999999910714,112,0,1,120
com_erro,catboost,lacuna,100,25,25,187,187,102,85,100,87,14,14,0,1.0,1.0,1.0,1.0,1.0,0.9999999999885058,87,0,0,100
com_erro,catboost,lacuna,100,30,30,156,156,85,71,83,73,14,14,0,1.0,1.0,1.0,1.0,1.0,0.9999999999863013,73,0,0,83
com_erro,catboost,lacuna,100,35,35,133,133,73,60,71,62,12,12,0,1.0,1.0,1.0,1.0,1.0,0.999999999983871,62,0,0,71
com_erro,catboost,lacuna,100,40,40,117,117,62,55,61,56,12,12,0,0.9829059829059829,0.9836065573770492,1.0,0.9672131147540983,0.9833333333333333,0.999999999982143,56,0,2,59
com_erro,catboost,lacuna,100,45,45,104,104,57,47,53,51,12,12,0,0.9903846153846154,0.9905660377358491,1.0,0.9811320754716981,0.9904761904761905,0.9999999999803922,51,0,1,52
com_erro,catboost,lacuna,100,50,50,94,94,52,42,52,42,13,13,0,1.0,1.0,1.0,1.0,1.0,0.9999999999761906,42,0,0,52
com_erro,catboost,lacuna,100,55,55,85,85,45,40,46,39,12,13,1,0.9764705882352941,0.9782608695652174,1.0,0.9565217391304348,0.9777777777777777,0.9999999999743591,39,0,2,44
com_erro,catboost,lacuna,100,60,60,78,78,42,36,42,36,12,12,0,0.9743589743589743,0.9761904761904762,1.0,0.9523809523809523,0.975609756097561,0.9999999999722223,36,0,2,40
com_erro,catboost,lacuna,100,65,65,72,72,39,33,37,35,12,13,1,0.9861111111111112,0.9864864864864865,1.0,0.972972972972973,0.9863013698630136,0.9999999999714286,35,0,1,36
com_erro,catboost,lacuna,100,70,70,67,67,39,28,36,31,11,11,0,1.0,1.0,1.0,1.0,1.0,0.9999999999677419,31,0,0,36
com_erro,catboost,lacuna,100,75,75,63,63,36,27,35,28,13,13,0,1.0,1.0,1.0,1.0,1.0,0.9999999999642857,28,0,0,35
com_erro,catboost,lacuna,100,80,80,59,59,31,28,31,28,11,11,0,0.9830508474576272,0.9838709677419355,1.0,0.967741935483871,0.9836065573770492,0.9999999999642857,28,0,1,30
com_erro,catboost,lacuna,100,85,85,55,55,32,23,30,25,11,11,0,1.0,1.0,1.0,1.0,1.0,0.99999999996,25,0,0,30
com_erro,catboost,lacuna,100,90,90,52,52,29,23,27,25,12,12,0,1.0,1.0,1.0,1.0,1.0,0.99999999996,25,0,0,27
com_erro,catboost,lacuna,100,95,95,49,49,27,22,25,24,13,13,0,1.0,1.0,1.0,1.0,1.0,0.9999999999583333,24,0,0,25
com_erro,catboost,lacuna,100,100,100,47,47,26,21,27,20,10,10,0,1.0,1.0,1.0,1.0,1.0,0.99999999995,20,0,0,27
com_erro,catboost,oscilacao,20,5,5,947,947,412,535,304,643,17,35,18,0.8912354804646251,0.8947598633052304,0.7879656160458453,0.9046052631578947,0.8422664624808576,0.8849144634511898,569,74,29,275
com_erro,catboost,oscilacao,20,10,10,474,474,205,269,155,319,17,32,15,0.8839662447257384,0.8856001617959349,0.7840909090909091,0.8903225806451613,0.8338368580060423,0.8808777429439472,281,38,17,138
com_erro,catboost,oscilacao,20,15,15,316,316,140,176,102,214,17,27,10,0.8829113924050633,0.88789628000733,0.773109243697479,0.9019607843137255,0.832579185520362,0.8738317756968513,187,27,10,92
com_erro,catboost,oscilacao,20,20,20,237,237,102,135,77,160,17,25,8,0.8776371308016878,0.8857954545454545,0.7608695652173914,0.9090909090909091,0.8284023668639053,0.8624999999946095,138,22,7,70
com_erro,catboost,oscilacao,30,5,5,945,945,457,488,336,609,17,37,20,0.8571428571428571,0.8691502463054187,0.7445255474452555,0.9107142857142857,0.8192771084337349,0.8275862068951928,504,105,30,306
com_erro,catboost,oscilacao,30,10,10,473,473,228,245,171,302,16,34,18,0.8414376321353065,0.8517292126563649,0.7307692307692307,0.8888888888888888,0.8021108179419525,0.8145695364211438,246,56,19,152
com_erro,catboost,oscilacao,30,15,15,315,315,152,163,109,206,17,28,11,0.8539682539682539,0.8689097710875568,0.7299270072992701,0.9174311926605505,0.8130081300813008,0.8203883495105807,169,37,9,100
com_erro,catboost,oscilacao,30,20,20,237,237,114,123,86,151,16,24,8,0.7932489451476793,0.8102186970583706,0.6637168141592921,0.872093023255814,0.7537688442211056,0.7483443708559713,113,38,11,75
com_erro,catboost,oscilacao,30,25,25,189,189,93,96,65,124,15,25,10,0.8253968253968254,0.8339950372208437,0.7,0.8615384615384616,0.7724137931034483,0.8064516128967222,100,24,9,56
com_erro,catboost,oscilacao,30,30,30,158,158,74,84,57,101,16,21,5,0.8227848101265823,0.8384575299635226,0.6986301369863014,0.8947368421052632,0.7846153846153846,0.7821782178140378,79,22,6,51
com_erro,catboost,oscilacao,40,5,5,943,943,499,444,367,576,16,37,21,0.8059384941675504,0.8268099076597033,0.6869918699186992,0.9209809264305178,0.7869615832363213,0.732638888887617,422,154,29,338
com_erro,catboost,oscilacao,40,10,10,472,472,249,223,186,286,16,31,15,0.7902542372881356,0.8090645913226558,0.6761133603238867,0.8978494623655914,0.7713625866050808,0.7202797202772019,206,80,19,167
com_erro,catboost,oscilacao,40,15,15,315,315,167,148,123,192,16,28,12,0.7777777777777778,0.7957952235772358,0.6625766871165644,0.8780487804878049,0.7552447552447552,0.7135416666629504,137,55,15,108
com_erro,catboost,oscilacao,40,20,20,236,236,124,112,93,143,16,24,8,0.7457627118644068,0.7676517031355741,0.627906976744186,0.8709677419354839,0.7297297297297297,0.6643356643310186,95,48,12,81
com_erro,catboost,oscilacao,40,25,25,189,189,100,89,72,117,16,26,10,0.7671957671957672,0.7772435897435898,0.6555555555555556,0.8194444444444444,0.7283950617283951,0.7350427350364526,86,31,13,59
com_erro,catboost,oscilacao,40,30,30,158,158,81,77,62,96,16,23,7,0.7848101265822784,0.8029233870967742,0.6707317073170732,0.8870967741935484,0.7638888888888888,0.718749999992513,69,27,7,55
com_erro,catboost,oscilacao,40,35,35,135,135,73,62,54,81,15,20,5,0.8222222222222222,0.8395061728395061,0.7142857142857143,0.9259259259259259,0.8064516129032258,0.753086419743789,61,20,4,50
com_erro,catboost,oscilacao,40,40,40,118,118,61,57,46,72,15,21,6,0.7457627118644068,0.7681159420289855,0.625,0.8695652173913043,0.7272727272727273,0.6666666666574074,48,24,6,40
com_erro,catboost,oscilacao,50,5,5,941,941,537,404,397,544,16,26,10,0.7810839532412327,0.8024938879834049,0.6720720720720721,0.9395465994962217,0.7836134453781513,0.665441176469365,362,182,24,373
com_erro,catboost,oscilacao,50,10,10,471,471,269,202,201,270,16,26,10,0.772823779193206,0.7929519071310116,0.6678571428571428,0.9303482587064676,0.7775467775467776,0.6555555555531276,177,93,14,187
com_erro,catboost,oscilacao,50,15,15,314,314,181,133,133,181,16,21,5,0.7420382165605095,0.7592946454534125,0.6444444444444445,0.8721804511278195,0.7412140575079872,0.6464088397754343,117,64,17,116
com_erro,catboost,oscilacao,50,20,20,236,236,135,101,101,135,16,19,3,0.75,0.7702603593692703,0.647887323943662,0.9108910891089109,0.757201646090535,0.6296296296249657,85,50,9,92
com_erro,catboost,oscilacao,50,25,25,189,189,108,81,77,112,16,22,6,0.7619047619047619,0.778814935064935,0.6568627450980392,0.8701298701298701,0.7486033519553073,0.6874999999938616,77,35,10,67
com_erro,catboost,oscilacao,50,30,30,157,157,90,67,67,90,13,18,5,0.7388535031847133,0.7569651741293533,0.6413043478260869,0.8805970149253731,0.7421383647798742,0.6333333333262963,57,33,8,59
com_erro,catboost,oscilacao,50,35,35,135,135,78,57,58,77,15,18,3,0.7555555555555555,0.7750783699059561,0.654320987654321,0.9137931034482759,0.762589928057554,0.6363636363553719,49,28,5,53
com_erro,catboost,oscilacao,50,40,40,118,118,70,48,50,68,15,17,2,0.7457627118644068,0.7714705882352941,0.6351351351351351,0.94,0.7580645161290323,0.6029411764617214,41,27,3,47
com_erro,catboost,oscilacao,50,45,45,105,105,60,45,45,60,14,19,5,0.6952380952380952,0.711111111111111,0.6065573770491803,0.8222222222222222,0.6981132075471698,0.5999999999900001,36,24,8,37
com_erro,catboost,oscilacao,50,50,50,95,95,52,43,40,55,13,19,6,0.7052631578947368,0.7181818181818183,0.6153846153846154,0.8,0.6956521739130435,0.6363636363520662,35,20,8,32
com_erro,catboost,oscilacao,60,5,5,939,939,573,366,427,512,16,29,13,0.7614483493077743,0.7761956601288056,0.669449081803005,0.9391100702576113,0.7816764132553606,0.6132812499988022,314,198,26,401
com_erro,catboost,oscilacao,60,10,10,470,470,287,183,216,254,16,24,8,0.7553191489361702,0.7687736949547974,0.6666666666666666,0.9351851851851852,0.7784200385356455,0.6023622047220379,153,101,14,202
com_erro,catboost,oscilacao,60,15,15,313,313,191,122,140,173,16,19,3,0.7603833865814696,0.7771056977704376,0.6649746192893401,0.9357142857142857,0.7774480712166172,0.6184971098230145,107,66,9,131
com_erro,catboost,oscilacao,60,20,20,235,235,144,91,108,127,14,23,9,0.7404255319148936,0.7522236803732867,0.6598639455782312,0.8981481481481481,0.7607843137254902,0.6062992125936512,77,50,11,97
com_erro,catboost,oscilacao,60,25,25,188,188,115,73,84,104,14,20,6,0.7340425531914894,0.7504578754578755,0.6440677966101694,0.9047619047619048,0.7524752475247525,0.5961538461481138,62,42,8,76
com_erro,catboost,oscilacao,60,30,30,157,157,94,63,72,85,13,18,5,0.7643312101910829,0.7781045751633987,0.6732673267326733,0.9444444444444444,0.7861271676300579,0.6117647058751556,52,33,4,68
com_erro,catboost,oscilacao,60,35,35,135,135,83,52,63,72,15,21,6,0.7111111111111111,0.7242063492063492,0.6304347826086957,0.9206349206349206,0.7483870967741936,0.5277777777704475,38,34,5,58
com_erro,catboost,oscilacao,60,40,40,118,118,72,46,57,61,14,17,3,0.7372881355932204,0.7424503882657463,0.6710526315789473,0.8947368421052632,0.7669172932330827,0.5901639344165547,36,25,6,51
com_erro,catboost,oscilacao,60,45,45,105,105,63,42,47,58,14,16,2,0.7142857142857143,0.7272560528246514,0.6349206349206349,0.851063829787234,0.7272727272727273,0.6034482758516647,35,23,7,40
com_erro,catboost,oscilacao,60,50,50,94,94,54,40,43,51,13,17,4,0.7127659574468085,0.720702234382125,0.6481481481481481,0.813953488372093,0.7216494845360825,0.6274509803798539,32,19,8,35
com_erro,catboost,oscilacao,60,55,55,86,86,50,36,39,47,13,15,2,0.7441860465116279,0.7550463720676487,0.6666666666666666,0.8717948717948718,0.7555555555555555,0.6382978723268448,30,17,5,34
com_erro,catboost,oscilacao,60,60,60,79,79,48,31,37,42,12,15,3,0.759493670886076,0.7705920205920206,0.6730769230769231,0.9459459459459459,0.7865168539325843,0.5952380952239229,25,17,2,35
com_erro,catboost,oscilacao,70,5,5,937,937,607,330,457,480,14,25,11,0.7652081109925294,0.7695751276440554,0.6883942766295708,0.9474835886214442,0.7974217311233885,0.591666666665434,284,196,24,433
com_erro,catboost,oscilacao,70,10,10,469,469,304,165,231,238,13,22,9,0.7484008528784648,0.751082251082251,0.6782334384858044,0.9307359307359307,0.7846715328467153,0.5714285714261705,136,102,16,215
com_erro,catboost,oscilacao,70,15,15,313,313,203,110,153,160,13,21,8,0.7348242811501597,0.7390522875816994,0.6635514018691588,0.9281045751633987,0.773841961852861,0.5499999999965626,88,72,11,142
com_erro,catboost,oscilacao,70,20,20,235,235,152,83,116,119,13,18,5,0.7404255319148936,0.7429368299043755,0.6687116564417178,0.9396551724137931,0.7813620071684588,0.5462184873903679,65,54,7,109
com_erro,catboost,oscilacao,70,25,25,188,188,121,67,89,99,13,18,5,0.7446808510638298,0.7547383951878334,0.6614173228346457,0.9438202247191011,0.7777777777777778,0.565656565650852,56,43,5,84
com_erro,catboost,oscilacao,70,30,30,157,157,100,57,77,80,13,17,4,0.7388535031847133,0.742288961038961,0.6698113207547169,0.922077922077922,0.7759562841530054,0.5624999999929687,45,35,6,71
com_erro,catboost,oscilacao,70,35,35,134,134,90,44,66,68,13,18,5,0.7014925373134329,0.7045454545454546,0.6382978723404256,0.9090909090909091,0.75,0.49999999999264705,34,34,6,60
com_erro,catboost,oscilacao,70,40,40,118,118,73,45,61,57,12,18,6,0.7288135593220338,0.724475122231809,0.6933333333333334,0.8524590163934426,0.7647058823529411,0.5964912280597107,34,23,9,52
com_erro,catboost,oscilacao,70,45,45,105,105,68,37,52,53,13,16,3,0.6761904761904762,0.6779753265602322,0.625,0.8653846153846154,0.7258064516129032,0.49056603772659313,26,27,7,45
com_erro,catboost,oscilacao,70,50,50,94,94,60,34,45,49,13,13,0,0.6914893617021277,0.700453514739229,0.6212121212121212,0.9111111111111111,0.7387387387387387,0.48979591835735115,24,25,4,41
com_erro,catboost,oscilacao,70,55,55,86,86,56,30,42,44,13,16,3,0.7093023255813954,0.7132034632034632,0.6491228070175439,0.8809523809523809,0.7474747474747475,0.5454545454421488,24,20,5,37
com_erro,catboost,oscilacao,70,60,60,79,79,50,29,40,39,12,14,2,0.7848101265822784,0.7830128205128206,0.7254901960784313,0.925,0.8131868131868132,0.6410256410092046,25,14,3,37
com_erro,catboost,oscilacao,70,65,65,73,73,48,25,37,36,12,13,1,0.6301369863013698,0.6276276276276276,0.6,0.8108108108108109,0.6896551724137931,0.4444444444320988,16,20,7,30
com_erro,catboost,oscilacao,70,70,70,67,67,46,21,35,32,11,11,0,0.6865671641791045,0.6772321428571428,0.6458333333333334,0.8857142857142857,0.7469879518072289,0.4687499999853516,15,17,4,31
com_erro,catboost,oscilacao,80,5,5,935,935,639,296,482,453,13,33,20,0.7540106951871658,0.7475978492850797,0.688622754491018,0.9543568464730291,0.8,0.5408388520959363,245,208,22,460
com_erro,catboost,oscilacao,80,10,10,468,468,320,148,243,225,13,25,12,0.7457264957264957,0.7376954732510288,0.6845238095238095,0.9465020576131687,0.7944732297063903,0.5288888888865383,119,106,13,230
com_erro,catboost,oscilacao,80,15,15,312,312,215,97,161,151,13,17,4,0.717948717948718,0.7104602854674839,0.658008658008658,0.9440993788819876,0.7755102040816326,0.47682119204982243,72,79,9,152
com_erro,catboost,oscilacao,80,20,20,234,234,160,74,121,113,13,18,5,0.7435897435897436,0.7368536531851093,0.6848484848484848,0.9338842975206612,0.7902097902097902,0.5398230088447803,61,52,8,113
com_erro,catboost,oscilacao,80,25,25,187,187,129,58,94,93,13,16,3,0.732620320855615,0.7312971859986273,0.6571428571428571,0.9787234042553191,0.7863247863247863,0.48387096773673255,45,48,2,92
com_erro,catboost,oscilacao,80,30,30,156,156,108,48,80,76,12,16,4,0.75,0.7447368421052631,0.6846846846846847,0.95,0.7958115183246073,0.539473684203428,41,35,4,76
com_erro,catboost,oscilacao,80,35,35,134,134,93,41,72,62,12,14,2,0.7388059701492538,0.7211021505376345,0.6831683168316832,0.9583333333333334,0.7976878612716763,0.48387096773413113,30,32,3,69
com_erro,catboost,oscilacao,80,40,40,117,117,79,38,61,56,12,12,0,0.7521367521367521,0.7439988290398127,0.6951219512195121,0.9344262295081968,0.7972027972027972,0.5535714285615434,31,25,4,57
com_erro,catboost,oscilacao,80,45,45,104,104,69,35,52,52,12,12,0,0.75,0.75,0.6756756756756757,0.9615384615384616,0.7936507936507936,0.5384615384511835,28,24,2,50
com_erro,catboost,oscilacao,80,50,50,94,94,65,29,46,48,13,14,1,0.7021276595744681,0.7078804347826086,0.625,0.9782608695652174,0.7627118644067796,0.43749999999088546,21,27,1,45
com_erro,catboost,oscilacao,80,55,55,85,85,60,25,44,41,12,13,1,0.7058823529411765,0.6976164079822617,0.6507936507936508,0.9318181818181818,0.7663551401869159,0.4634146341350387,19,22,3,41
com_erro,catboost,oscilacao,80,60,60,78,78,54,24,40,38,12,12,0,0.7307692307692307,0.7256578947368422,0.6727272727272727,0.925,0.7789473684210526,0.5263157894598338,20,18,3,37
com_erro,catboost,oscilacao,80,65,65,72,72,50,22,37,35,12,10,-2,0.6944444444444444,0.6880308880308881,0.6415094339622641,0.918918918918919,0.7555555555555555,0.45714285712979597,16,19,3,34
com_erro,catboost,oscilacao,80,70,70,67,67,48,19,37,30,10,10,0,0.7164179104477612,0.6896396396396396,0.6730769230769231,0.9459459459459459,0.7865168539325843,0.4333333333188889,13,17,2,35
com_erro,catboost,oscilacao,80,75,75,63,63,43,20,31,32,12,14,2,0.7301587301587301,0.732358870967742,0.675,0.8709677419354839,0.7605633802816901,0.5937499999814454,19,13,4,27
com_erro,catboost,oscilacao,80,80,80,59,59,42,17,29,30,11,10,-1,0.6271186440677966,0.6316091954022989,0.5777777777777777,0.896551724137931,0.7027027027027027,0.3666666666544444,11,19,3,26
com_erro,catboost,oscilacao,90,5,5,933,933,664,269,506,427,13,22,9,0.7642015005359056,0.7449482093102906,0.7048710601719198,0.9723320158102767,0.8172757475083057,0.5175644028090923,221,206,14,492
com_erro,catboost,oscilacao,90,10,10,467,467,332,135,255,212,13,17,4,0.7580299785867237,0.7362745098039216,0.7005649717514124,0.9725490196078431,0.8144499178981938,0.49999999999764155,106,106,7,248
com_erro,catboost,oscilacao,90,15,15,311,311,223,88,167,144,13,15,2,0.7491961414790996,0.7320359281437125,0.6909871244635193,0.9640718562874252,0.805,0.49999999999652783,72,72,6,161
com_erro,catboost,oscilacao,90,20,20,234,234,166,68,128,106,12,12,0,0.7094017094017094,0.6832989386792453,0.6612903225806451,0.9609375,0.7834394904458599,0.4056603773546636,43,63,5,123
com_erro,catboost,oscilacao,90,25,25,187,187,132,55,99,88,12,15,3,0.7272727272727273,0.7121212121212122,0.6666666666666666,0.9696969696969697,0.7901234567901234,0.4545454545402892,40,48,3,96
com_erro,catboost,oscilacao,90,30,30,156,156,111,45,84,72,12,11,-1,0.7243589743589743,0.7023809523809524,0.664,0.9880952380952381,0.7942583732057417,0.4166666666608796,30,42,1,83
com_erro,catboost,oscilacao,90,35,35,134,134,96,38,74,60,12,12,0,0.7611940298507462,0.7396396396396396,0.7142857142857143,0.9459459459459459,0.813953488372093,0.5333333333244444,32,28,4,70
com_erro,catboost,oscilacao,90,40,40,117,117,84,33,65,52,11,11,0,0.7008547008547008,0.6692307692307693,0.6595744680851063,0.9538461538461539,0.779874213836478,0.38461538460798816,20,32,3,62
com_erro,catboost,oscilacao,90,45,45,104,104,74,30,57,47,11,10,-1,0.7403846153846154,0.7183650615901456,0.6923076923076923,0.9473684210526315,0.8,0.48936170211724767,23,24,3,54
com_erro,catboost,oscilacao,90,50,50,94,94,67,27,50,44,12,10,-2,0.723404255319149,0.7059090909090909,0.6621621621621622,0.98,0.7903225806451613,0.4318181818083678,19,25,1,49
com_erro,catboost,oscilacao,90,55,55,85,85,60,25,48,37,11,12,1,0.7529411764705882,0.7193130630630631,0.7014925373134329,0.9791666666666666,0.8173913043478261,0.4594594594470417,17,20,1,47
com_erro,catboost,oscilacao,90,60,60,78,78,56,22,41,37,12,10,-2,0.7051282051282052,0.6905075807514832,0.6451612903225806,0.975609756097561,0.7766990291262136,0.4054054053944485,15,22,1,40
com_erro,catboost,oscilacao,90,65,65,72,72,51,21,38,34,12,11,-1,0.7083333333333334,0.6942724458204335,0.6545454545454545,0.9473684210526315,0.7741935483870968,0.44117647057525955,15,19,2,36
com_erro,catboost,oscilacao,90,70,70,67,67,49,18,38,29,10,9,-1,0.7313432835820896,0.7019056261343013,0.7,0.9210526315789473,0.7954545454545454,0.48275862067300834,14,15,3,35
com_erro,catboost,oscilacao,90,75,75,63,63,45,18,32,31,12,11,-1,0.6984126984126984,0.6950604838709677,0.6444444444444445,0.90625,0.7532467532467533,0.48387096772632676,15,16,3,29
com_erro,catboost,oscilacao,90,80,80,59,59,43,16,31,28,11,10,-1,0.6440677966101694,0.6336405529953917,0.6190476190476191,0.8387096774193549,0.7123287671232876,0.42857142855612246,12,16,5,26
com_erro,catboost,oscilacao,90,85,85,55,55,37,18,31,24,10,9,-1,0.7636363636363637,0.7385752688172043,0.725,0.9354838709677419,0.8169014084507042,0.5416666666440972,13,11,2,29
com_erro,catboost,oscilacao,90,90,90,52,52,35,17,26,26,11,11,0,0.8269230769230769,0.8269230769230769,0.7575757575757576,0.9615384615384616,0.847457627118644,0.692307692281065,18,8,1,25
com_erro,catboost,oscilacao,100,5,5,931,931,683,248,530,401,13,19,6,0.7604726100966702,0.7264974356561427,0.7123098201936376,0.9716981132075472,0.8220271348762969,0.48129675810353795,193,208,15,515
com_erro,catboost,oscilacao,100,10,10,466,466,342,124,267,199,12,18,6,0.7467811158798283,0.7079969134059813,0.7008086253369272,0.9737827715355806,0.8150470219435737,0.44221105527415977,88,111,7,260
com_erro,catboost,oscilacao,100,15,15,311,311,228,83,177,134,12,13,1,0.7202572347266881,0.6789990724344379,0.67578125,0.9774011299435028,0.7990762124711316,0.3805970149225329,51,83,4,173
com_erro,catboost,oscilacao,100,20,20,233,233,172,61,133,100,12,14,2,0.7467811158798283,0.711203007518797,0.7032967032967034,0.9624060150375939,0.8126984126984127,0.4599999999954,46,54,5,128
com_erro,catboost,oscilacao,100,25,25,187,187,137,50,104,83,12,13,1,0.732620320855615,0.7012279888785913,0.68,0.9807692307692307,0.8031496062992126,0.42168674698287123,35,48,2,102
com_erro,catboost,oscilacao,100,30,30,156,156,114,42,89,67,12,11,-1,0.7948717948717948,0.7611940298507462,0.7355371900826446,1.0,0.8476190476190476,0.5223880596936957,35,32,0,89
com_erro,catboost,oscilacao,100,35,35,133,133,98,35,77,56,11,9,-2,0.7142857142857143,0.6655844155844156,0.6756756756756757,0.974025974025974,0.7978723404255319,0.35714285713647964,20,36,2,75
com_erro,catboost,oscilacao,100,40,40,117,117,85,32,70,47,10,12,2,0.7692307692307693,0.7302431610942249,0.7471264367816092,0.9285714285714286,0.8280254777070064,0.531914893605704,25,22,5,65
com_erro,catboost,oscilacao,100,45,45,104,104,76,28,59,45,11,11,0,0.7692307692307693,0.7412429378531074,0.7272727272727273,0.9491525423728814,0.8235294117647058,0.5333333333214815,24,21,3,56
com_erro,catboost,oscilacao,100,50,50,94,94,69,25,52,42,12,11,-1,0.723404255319149,0.6927655677655677,0.6710526315789473,0.9807692307692307,0.796875,0.4047619047522676,17,25,1,51
com_erro,catboost,oscilacao,100,55,55,85,85,62,23,49,36,10,8,-2,0.7764705882352941,0.7434807256235827,0.734375,0.9591836734693877,0.831858407079646,0.5277777777631173,19,17,2,47
com_erro,catboost,oscilacao,100,60,60,78,78,58,20,43,35,11,9,-2,0.7564102564102564,0.7285714285714285,0.6935483870967742,1.0,0.819047619047619,0.45714285712979597,16,19,0,43
com_erro,catboost,oscilacao,100,65,65,72,72,53,19,41,31,10,9,-1,0.7222222222222222,0.6852871754523997,0.6842105263157895,0.9512195121951219,0.7959183673469388,0.41935483869614987,13,18,2,39
com_erro,catboost,oscilacao,100,70,70,67,67,51,16,40,27,9,6,-3,0.6865671641791045,0.6171296296296296,0.6610169491525424,0.975,0.7878787878787878,0.25925925924965704,7,20,1,39
com_erro,catboost,oscilacao,100,75,75,63,63,46,17,33,30,12,9,-3,0.7142857142857143,0.7015151515151515,0.6530612244897959,0.9696969696969697,0.7804878048780488,0.4333333333188889,13,17,1,32
com_erro,catboost,oscilacao,100,80,80,59,59,44,15,35,24,9,8,-1,0.7796610169491526,0.7422619047619048,0.75,0.9428571428571428,0.8354430379746836,0.5416666666440972,13,11,2,33
com_erro,catboost,oscilacao,100,85,85,55,55,38,17,31,24,10,9,-1,0.7818181818181819,0.7547043010752688,0.7317073170731707,0.967741935483871,0.8333333333333334,0.5416666666440972,13,11,1,30
com_erro,catboost,oscilacao,100,90,90,52,52,36,16,28,24,11,10,-1,0.7692307692307693,0.7559523809523809,0.7222222222222222,0.9285714285714286,0.8125,0.5833333333090278,14,10,2,26
com_erro,catboost,oscilacao,100,95,95,49,49,37,12,27,22,9,7,-2,0.7346938775510204,0.7087542087542087,0.6842105263157895,0.9629629629629629,0.8,0.4545454545247934,10,12,1,26
com_erro,catboost,oscilacao,100,100,100,47,47,35,12,24,23,11,11,0,0.7446808510638298,0.7418478260869565,0.7,0.875,0.7777777777777778,0.608695652147448,14,9,3,21
com_erro,catboost,queda,20,5,5,947,947,233,714,200,747,21,26,5,0.9218585005279831,0.8827342704149933,0.815,0.815,0.815,0.9504685408287142,710,37,37,163
com_erro,catboost,queda,20,10,10,474,474,118,356,97,377,21,25,4,0.9219409282700421,0.8896743143099346,0.7941176470588235,0.8350515463917526,0.8140703517587939,0.9442970822256119,356,21,16,81
com_erro,catboost,queda,20,15,15,316,316,78,238,66,250,19,26,7,0.9145569620253164,0.8790909090909091,0.782608695652174,0.8181818181818182,0.8,0.9399999999962401,235,15,12,54
com_erro,catboost,queda,20,20,20,237,237,57,180,48,189,19,25,6,0.9324894514767933,0.9110449735449735,0.8076923076923077,0.875,0.84,0.9470899470849361,179,10,6,42
com_erro,catboost,queda,30,5,5,945,945,277,668,240,705,20,26,6,0.9153439153439153,0.8924202127659575,0.8252032520325203,0.8458333333333333,0.8353909465020576,0.9390070921972496,662,43,37,203
com_erro,catboost,queda,30,10,10,473,473,140,333,117,356,20,25,5,0.9112050739957717,0.8922380677998656,0.8,0.8547008547008547,0.8264462809917356,0.9297752808962647,331,25,17,100
com_erro,catboost,queda,30,15,15,315,315,92,223,80,235,19,24,5,0.8920634920634921,0.8452127659574469,0.8108108108108109,0.75,0.7792207792207793,0.9404255319108918,221,14,20,60
com_erro,catboost,queda,30,20,20,237,237,70,167,60,177,20,24,4,0.9113924050632911,0.8800847457627119,0.8305084745762712,0.8166666666666667,0.8235294117647058,0.9435028248534266,167,10,11,49
com_erro,catboost,queda,30,25,25,189,189,54,135,46,143,19,24,5,0.8994708994708994,0.8598358163575555,0.8,0.782608695652174,0.7912087912087912,0.9370629370563842,134,9,10,36
com_erro,catboost,queda,30,30,30,158,158,50,108,38,120,18,22,4,0.8860759493670886,0.8530701754385965,0.75,0.7894736842105263,0.7692307692307693,0.9166666666590277,110,10,8,30
com_erro,catboost,queda,40,5,5,943,943,320,623,278,665,20,27,7,0.8939554612937434,0.8777113647427922,0.8090277777777778,0.8381294964028777,0.823321554770318,0.9172932330813274,610,55,45,233
com_erro,catboost,queda,40,10,10,472,472,161,311,136,336,20,25,5,0.8983050847457628,0.8848039215686274,0.8055555555555556,0.8529411764705882,0.8285714285714286,0.9166666666639385,308,28,20,116
com_erro,catboost,queda,40,15,15,315,315,109,206,94,221,19,24,5,0.8857142857142857,0.8635313372484836,0.8085106382978723,0.8085106382978723,0.8085106382978723,0.9185520361949387,203,18,18,76
com_erro,catboost,queda,40,20,20,236,236,79,157,67,169,19,22,3,0.9110169491525424,0.8973328623156407,0.8285714285714286,0.8656716417910447,0.8467153284671532,0.9289940828347397,157,12,9,58
com_erro,catboost,queda,40,25,25,189,189,60,129,56,133,15,21,6,0.8835978835978836,0.8552631578947368,0.8148148148148148,0.7857142857142857,0.8,0.9248120300682345,123,10,12,44
com_erro,catboost,queda,40,30,30,158,158,54,104,45,113,18,23,5,0.9050632911392406,0.8801376597836774,0.8409090909090909,0.8222222222222222,0.8314606741573034,0.9380530973368314,106,7,8,37
com_erro,catboost,queda,40,35,35,135,135,46,89,40,95,16,23,7,0.8814814814814815,0.8506578947368422,0.8157894736842105,0.775,0.7948717948717948,0.9263157894639334,88,7,9,31
com_erro,catboost,queda,40,40,40,118,118,35,83,37,81,16,21,5,0.8389830508474576,0.7946279612946279,0.78125,0.6756756756756757,0.7246376811594203,0.9135802469023014,74,7,12,25
com_erro,catboost,queda,50,5,5,941,941,361,580,314,627,18,30,12,0.8926673751328374,0.8844817602779387,0.8256880733944955,0.8598726114649682,0.8424336973478939,0.9090909090894592,570,57,44,270
com_erro,catboost,queda,50,10,10,471,471,181,290,155,316,18,24,6,0.8959660297239915,0.8895977950183749,0.823170731707317,0.8709677419354839,0.8463949843260188,0.9082278480983917,287,29,20,135
com_erro,catboost,queda,50,15,15,314,314,121,193,104,210,17,23,6,0.8980891719745223,0.884981684981685,0.8461538461538461,0.8461538461538461,0.8461538461538461,0.9238095238051247,194,16,16,88
com_erro,catboost,queda,50,20,20,236,236,90,146,79,157,16,22,6,0.885593220338983,0.8794243328227043,0.8095238095238095,0.8607594936708861,0.8343558282208589,0.898089171968802,141,16,11,68
com_erro,catboost,queda,50,25,25,189,189,68,121,64,125,16,21,5,0.8518518518518519,0.8308125,0.7903225806451613,0.765625,0.7777777777777778,0.895999999992832,112,13,15,49
com_erro,catboost,queda,50,30,30,157,157,62,95,51,106,16,20,4,0.9044585987261147,0.9038105808361081,0.8214285714285714,0.9019607843137255,0.8598130841121495,0.9056603773499465,96,10,5,46
com_erro,catboost,queda,50,35,35,135,135,53,82,45,90,13,17,4,0.9111111111111111,0.9111111111111111,0.8367346938775511,0.9111111111111111,0.8723404255319149,0.9111111111009876,82,8,4,41
com_erro,catboost,queda,50,40,40,118,118,44,74,43,75,13,17,4,0.864406779661017,0.8437209302325581,0.8461538461538461,0.7674418604651163,0.8048780487804879,0.9199999999877333,69,6,10,33
com_erro,catboost,queda,50,45,45,105,105,40,65,33,72,15,17,2,0.9047619047619048,0.889520202020202,0.8484848484848485,0.8484848484848485,0.8484848484848485,0.9305555555426311,67,5,5,28
com_erro,catboost,queda,50,50,50,95,95,34,61,33,62,15,17,2,0.8421052631578947,0.8081622678396871,0.8214285714285714,0.696969696969697,0.7540983606557377,0.9193548386948491,57,5,10,23
com_erro,catboost,queda,60,5,5,939,939,399,540,346,593,15,32,17,0.8668796592119276,0.8639059743247326,0.7994579945799458,0.8526011560693642,0.8251748251748252,0.8752107925786253,519,74,51,295
com_erro,catboost,queda,60,10,10,470,470,200,270,172,298,15,26,11,0.8851063829787233,0.8835843608553144,0.8206521739130435,0.877906976744186,0.848314606741573,0.8892617449634589,265,33,21,151
com_erro,catboost,queda,60,15,15,313,313,133,180,116,197,14,21,7,0.8562300319488818,0.8503413267985296,0.7933884297520661,0.8275862068965517,0.810126582278481,0.8730964466960757,172,25,20,96
com_erro,catboost,queda,60,20,20,235,235,99,136,86,149,14,20,6,0.8936170212765957,0.8915248946464804,0.8351648351648352,0.8837209302325582,0.8587570621468926,0.899328859054367,134,15,10,76
com_erro,catboost,queda,60,25,25,188,188,79,109,69,119,13,22,9,0.851063829787234,0.8397271952259164,0.7971014492753623,0.7971014492753623,0.7971014492753623,0.8823529411690558,105,14,14,55
com_erro,catboost,queda,60,30,30,157,157,71,86,56,101,14,18,4,0.8407643312101911,0.8364568599717115,0.7540983606557377,0.8214285714285714,0.7863247863247863,0.8514851485064209,86,15,10,46
com_erro,catboost,queda,60,35,35,135,135,54,81,50,85,14,16,2,0.8814814814814815,0.8729411764705882,0.84,0.84,0.84,0.905882352930519,77,8,8,42
com_erro,catboost,queda,60,40,40,118,118,49,69,44,74,13,18,5,0.8728813559322034,0.8664004914004915,0.8222222222222222,0.8409090909090909,0.8314606741573034,0.8918918918798393,66,8,7,37
com_erro,catboost,queda,60,45,45,105,105,43,62,39,66,12,18,6,0.8285714285714286,0.8164335664335665,0.7692307692307693,0.7692307692307693,0.7692307692307693,0.8636363636232782,57,9,9,30
com_erro,catboost,queda,60,50,50,94,94,41,53,33,61,13,17,4,0.8829787234042553,0.8750620963735718,0.8235294117647058,0.8484848484848485,0.835820895522388,0.9016393442475141,55,6,5,28
com_erro,catboost,queda,60,55,55,86,86,38,48,30,56,13,17,4,0.8604651162790697,0.8541666666666667,0.78125,0.8333333333333334,0.8064516129032258,0.874999999984375,49,7,5,25
com_erro,catboost,queda,60,60,60,79,79,36,43,26,53,14,18,4,0.8481012658227848,0.8476052249637156,0.7333333333333333,0.8461538461538461,0.7857142857142857,0.849056603757565,45,8,4,22
com_erro,catboost,queda,70,5,5,937,937,435,502,373,564,14,29,15,0.8623265741728922,0.8670260300800487,0.7904761904761904,0.8900804289544236,0.8373266078184111,0.8439716312041774,476,88,41,332
com_erro,catboost,queda,70,10,10,469,469,218,251,186,283,14,22,8,0.8784648187633263,0.8799441468140887,0.8208955223880597,0.8870967741935484,0.8527131782945736,0.872791519431545,247,36,21,165
com_erro,catboost,queda,70,15,15,313,313,147,166,126,187,14,21,7,0.8594249201277955,0.8603471691706985,0.8014705882352942,0.8650793650793651,0.8320610687022901,0.8556149732574566,160,27,17,109
com_erro,catboost,queda,70,20,20,235,235,109,126,94,141,14,20,6,0.8680851063829788,0.8723404255319149,0.8,0.8936170212765957,0.8442211055276382,0.8510638297811982,120,21,10,84
com_erro,catboost,queda,70,25,25,188,188,85,103,76,112,12,19,7,0.8457446808510638,0.8409304511278195,0.8051948051948052,0.8157894736842105,0.8104575163398693,0.8660714285636958,97,15,14,62
com_erro,catboost,queda,70,30,30,157,157,73,84,62,95,14,17,3,0.8789808917197452,0.8775891341256367,0.8307692307692308,0.8709677419354839,0.8503937007874016,0.884210526306482,84,11,8,54
com_erro,catboost,queda,70,35,35,134,134,62,72,53,81,12,16,4,0.8507462686567164,0.8537153505706965,0.7796610169491526,0.8679245283018868,0.8214285714285714,0.8395061728291419,68,13,7,46
com_erro,catboost,queda,70,40,40,118,118,51,67,48,70,14,20,6,0.8135593220338984,0.8068452380952381,0.7708333333333334,0.7708333333333334,0.7708333333333334,0.842857142845102,59,11,11,37
com_erro,catboost,queda,70,45,45,105,105,48,57,43,62,12,15,3,0.8952380952380953,0.8899099774943735,0.8809523809523809,0.8604651162790697,0.8705882352941177,0.9193548386948491,57,5,6,37
com_erro,catboost,queda,70,50,50,94,94,44,50,37,57,12,14,2,0.8829787234042553,0.8750592697961119,0.8611111111111112,0.8378378378378378,0.8493150684931506,0.912280701738381,52,5,6,31
com_erro,catboost,queda,70,55,55,86,86,41,45,34,52,11,12,1,0.8604651162790697,0.8642533936651584,0.7894736842105263,0.8823529411764706,0.8333333333333334,0.846153846137574,44,8,4,30
com_erro,catboost,queda,70,60,60,79,79,37,42,29,50,14,16,2,0.8481012658227848,0.8437931034482758,0.7741935483870968,0.8275862068965517,0.8,0.8599999999828001,43,7,5,24
com_erro,catboost,queda,70,65,65,73,73,31,42,29,44,12,10,-2,0.8356164383561644,0.8283699059561129,0.7931034482758621,0.7931034482758621,0.7931034482758621,0.8636363636167356,38,6,6,23
com_erro,catboost,queda,70,70,70,67,67,33,34,26,41,11,14,3,0.8805970149253731,0.8813320825515947,0.8214285714285714,0.8846153846153846,0.8518518518518519,0.8780487804663891,36,5,3,23
com_erro,catboost,queda,80,5,5,935,935,467,468,399,536,14,29,15,0.8556149732620321,0.8599740956869786,0.7959641255605381,0.8897243107769424,0.8402366863905325,0.830223880595466,445,91,44,355
com_erro,catboost,queda,80,10,10,468,468,234,234,199,269,14,24,10,0.8547008547008547,0.8598755861089835,0.7911111111111111,0.8944723618090452,0.839622641509434,0.825278810405854,222,47,21,178
com_erro,catboost,queda,80,15,15,312,312,156,156,134,178,12,20,8,0.8782051282051282,0.8812678182123093,0.8287671232876712,0.9029850746268657,0.8642857142857143,0.8595505617929239,153,25,13,121
com_erro,catboost,queda,80,20,20,234,234,116,118,100,134,12,18,6,0.8675213675213675,0.8678358208955224,0.8285714285714286,0.87,0.848780487804878,0.8656716417845846,116,18,13,87
com_erro,catboost,queda,80,25,25,187,187,93,94,80,107,12,17,5,0.8716577540106952,0.8720794392523364,0.8333333333333334,0.875,0.8536585365853658,0.8691588784965499,93,14,10,70
com_erro,catboost,queda,80,30,30,156,156,79,77,67,89,12,15,3,0.8653846153846154,0.8654200905584437,0.8285714285714286,0.8656716417910447,0.8467153284671532,0.8651685393161217,77,12,9,58
com_erro,catboost,queda,80,35,35,134,134,68,66,57,77,11,17,6,0.8283582089552238,0.8255866940077465,0.7931034482758621,0.8070175438596491,0.8,0.8441558441448811,65,12,11,46
com_erro,catboost,queda,80,40,40,117,117,55,62,53,64,12,15,3,0.8547008547008547,0.8525943396226415,0.8461538461538461,0.8301886792452831,0.8380952380952381,0.874999999986328,56,8,9,44
com_erro,catboost,queda,80,45,45,104,104,52,52,46,58,10,17,7,0.8269230769230769,0.8223388305847077,0.8181818181818182,0.782608695652174,0.8,0.8620689655023782,50,8,10,36
com_erro,catboost,queda,80,50,50,94,94,46,48,40,54,11,15,4,0.8617021276595744,0.8569444444444444,0.8461538461538461,0.825,0.8354430379746836,0.888888888872428,48,6,7,33
com_erro,catboost,queda,80,55,55,85,85,41,44,35,50,11,12,1,0.8705882352941177,0.8728571428571428,0.8157894736842105,0.8857142857142857,0.8493150684931506,0.8599999999828001,43,7,4,31
com_erro,catboost,queda,80,60,60,78,78,39,39,31,47,12,14,2,0.8589743589743589,0.855525051475635,0.8125,0.8387096774193549,0.8253968253968254,0.8723404255133546,41,6,5,26
com_erro,catboost,queda,80,65,65,72,72,34,38,30,42,10,11,1,0.8055555555555556,0.8095238095238095,0.7352941176470589,0.8333333333333334,0.78125,0.7857142856955783,33,9,5,25
com_erro,catboost,queda,80,70,70,67,67,34,33,28,39,11,16,5,0.7761194029850746,0.7724358974358974,0.7241379310344828,0.75,0.7368421052631579,0.7948717948514136,31,8,7,21
com_erro,catboost,queda,80,75,75,63,63,34,29,28,35,10,14,4,0.8412698412698413,0.8357142857142856,0.8461538461538461,0.7857142857142857,0.8148148148148148,0.8857142856889797,31,4,6,22
com_erro,catboost,queda,80,80,80,59,59,28,31,29,30,10,12,2,0.7966101694915254,0.7948275862068965,0.8695652173913043,0.6896551724137931,0.7692307692307693,0.89999999997,27,3,9,20
com_erro,catboost,queda,90,5,5,933,933,496,437,425,508,13,21,8,0.864951768488746,0.8677188513200556,0.821505376344086,0.8988235294117647,0.8584269662921349,0.8366141732266996,425,83,43,382
com_erro,catboost,queda,90,10,10,467,467,249,218,212,255,13,17,4,0.8629550321199143,0.865362560118387,0.8217391304347826,0.8915094339622641,0.8552036199095022,0.8392156862712188,214,41,23,189
com_erro,catboost,queda,90,15,15,311,311,165,146,143,168,11,16,5,0.8392282958199357,0.8402639027639027,0.8079470198675497,0.8531468531468531,0.8299319727891157,0.8273809523760276,139,29,21,122
com_erro,catboost,queda,90,20,20,234,234,124,110,107,127,12,17,5,0.8461538461538461,0.8494370446684818,0.7983193277310925,0.8878504672897196,0.8407079646017699,0.8110236220408581,103,24,12,95
com_erro,catboost,queda,90,25,25,187,187,96,91,84,103,11,16,5,0.8716577540106952,0.8736130374479889,0.8333333333333334,0.8928571428571429,0.8620689655172413,0.8543689320305401,88,15,9,75
com_erro,catboost,queda,90,30,30,156,156,87,69,70,86,11,16,5,0.8141025641025641,0.8181063122923589,0.759493670886076,0.8571428571428571,0.8053691275167785,0.7790697674328014,67,19,10,60
com_erro,catboost,queda,90,35,35,134,134,70,64,61,73,11,14,3,0.8656716417910447,0.864585672580283,0.8524590163934426,0.8524590163934426,0.8524590163934426,0.8767123287551135,64,9,9,52
com_erro,catboost,queda,90,40,40,117,117,63,54,56,61,10,11,1,0.8461538461538461,0.8480679156908666,0.8064516129032258,0.8928571428571429,0.847457627118644,0.8032786885114217,49,12,6,50
com_erro,catboost,queda,90,45,45,104,104,58,46,47,57,10,12,2,0.8653846153846154,0.8697275102650243,0.8113207547169812,0.9148936170212766,0.86,0.824561403494306,47,10,4,43
com_erro,catboost,queda,90,50,50,94,94,47,47,42,52,10,12,2,0.8617021276595744,0.8635531135531136,0.8222222222222222,0.8809523809523809,0.8505747126436781,0.846153846137574,44,8,5,37
com_erro,catboost,queda,90,55,55,85,85,44,41,37,48,9,11,2,0.8705882352941177,0.8730292792792793,0.825,0.8918918918918919,0.8571428571428571,0.8541666666488716,41,7,4,33
com_erro,catboost,queda,90,60,60,78,78,43,35,33,45,11,15,4,0.8205128205128205,0.8202020202020202,0.7714285714285715,0.8181818181818182,0.7941176470588235,0.8222222222039507,37,8,6,27
com_erro,catboost,queda,90,65,65,72,72,37,35,31,41,10,10,0,0.8888888888888888,0.8945712037765539,0.8285714285714286,0.9354838709677419,0.8787878787878788,0.8536585365645449,35,6,2,29
com_erro,catboost,queda,90,70,70,67,67,34,33,29,38,11,15,4,0.7910447761194029,0.7912885662431942,0.7419354838709677,0.7931034482758621,0.7666666666666667,0.7894736841897507,30,8,6,23
com_erro,catboost,queda,90,75,75,63,63,35,28,30,33,9,11,2,0.8571428571428571,0.8545454545454545,0.8888888888888888,0.8,0.8421052631578947,0.909090909063361,30,3,6,24
com_erro,catboost,queda,90,80,80,59,59,33,26,30,29,9,12,3,0.7796610169491526,0.7793103448275862,0.7741935483870968,0.8,0.7868852459016393,0.7586206896290131,22,7,6,24
com_erro,catboost,queda,90,85,85,55,55,28,27,24,31,9,7,-2,0.9454545454545454,0.9469086021505376,0.92,0.9583333333333334,0.9387755102040817,0.935483870937565,29,2,1,23
com_erro,catboost,queda,90,90,90,52,52,30,22,24,28,9,9,0,0.8846153846153846,0.8869047619047619,0.8461538461538461,0.9166666666666666,0.88,0.8571428571122449,24,4,2,22
com_erro,catboost,queda,100,5,5,931,931,523,408,448,483,12,20,8,0.8668098818474759,0.8684006211180124,0.8292682926829268,0.9107142857142857,0.8680851063829788,0.8260869565200288,399,84,40,408
com_erro,catboost,queda,100,10,10,466,466,262,204,224,242,12,16,4,0.8583690987124464,0.8594856847697756,0.8291666666666667,0.8883928571428571,0.8577586206896551,0.8305785123932621,201,41,25,199
com_erro,catboost,queda,100,15,15,311,311,177,134,150,161,12,15,3,0.8520900321543409,0.8532712215320911,0.8209876543209876,0.8866666666666667,0.8525641025641025,0.8198757763924232,132,29,17,133
com_erro,catboost,queda,100,20,20,233,233,129,104,112,121,11,17,6,0.8412017167381974,0.8417945690672963,0.8205128205128205,0.8571428571428571,0.8384279475982532,0.8264462809849054,100,21,16,96
com_erro,catboost,queda,100,25,25,187,187,102,85,91,96,11,14,3,0.8556149732620321,0.8562271062271063,0.8333333333333334,0.8791208791208791,0.8556149732620321,0.8333333333246528,80,16,11,80
com_erro,catboost,queda,100,30,30,156,156,89,67,75,81,12,14,2,0.8333333333333334,0.8340740740740741,0.810126582278481,0.8533333333333334,0.8311688311688312,0.8148148148047554,66,15,11,64
com_erro,catboost,queda,100,35,35,133,133,74,59,64,69,11,12,1,0.8345864661654135,0.8343523550724637,0.828125,0.828125,0.828125,0.8405797101327451,58,11,11,53
com_erro,catboost,queda,100,40,40,117,117,66,51,57,60,10,11,1,0.8376068376068376,0.8381578947368421,0.8166666666666667,0.8596491228070176,0.8376068376068376,0.8166666666530557,49,11,8,49
com_erro,catboost,queda,100,45,45,104,104,59,45,49,55,9,11,2,0.875,0.876252319109462,0.8461538461538461,0.8979591836734694,0.8712871287128713,0.8545454545299174,47,8,5,44
com_erro,catboost,queda,100,50,50,94,94,51,43,47,47,9,10,1,0.851063829787234,0.851063829787234,0.851063829787234,0.851063829787234,0.851063829787234,0.8510638297691263,40,7,7,40
com_erro,catboost,queda,100,55,55,85,85,47,38,40,45,9,9,0,0.8823529411764706,0.8847222222222222,0.8409090909090909,0.925,0.8809523809523809,0.8444444444256791,38,7,3,37
com_erro,catboost,queda,100,60,60,78,78,44,34,36,42,10,12,2,0.8717948717948718,0.871031746031746,0.8611111111111112,0.8611111111111112,0.8611111111111112,0.8809523809314059,37,5,5,31
com_erro,catboost,queda,100,65,65,72,72,37,35,32,40,10,11,1,0.8472222222222222,0.85,0.8,0.875,0.835820895522388,0.8249999999793751,33,7,4,28
com_erro,catboost,queda,100,70,70,67,67,35,32,32,35,10,11,1,0.746268656716418,0.74375,0.7586206896551724,0.6875,0.7213114754098361,0.7999999999771429,28,7,10,22
com_erro,catboost,queda,100,75,75,63,63,37,26,33,30,8,11,3,0.8571428571428571,0.8590909090909091,0.9,0.8181818181818182,0.8571428571428571,0.89999999997,27,3,6,27
com_erro,catboost,queda,100,80,80,59,59,35,24,30,29,9,11,2,0.7966101694915254,0.7965517241379311,0.8,0.8,0.8,0.7931034482485136,23,6,6,24
com_erro,catboost,queda,100,85,85,55,55,28,27,27,28,8,9,1,0.8545454545454545,0.8538359788359788,0.88,0.8148148148148148,0.8461538461538461,0.8928571428252551,25,3,5,22
com_erro,catboost,queda,100,90,90,52,52,30,22,24,28,9,9,0,0.9038461538461539,0.9047619047619048,0.88,0.9166666666666666,0.8979591836734694,0.8928571428252551,25,3,2,22
com_erro,catboost,queda,100,95,95,49,49,28,21,22,27,10,7,-3,0.8775510204081632,0.8804713804713804,0.8333333333333334,0.9090909090909091,0.8695652173913043,0.8518518518203018,23,4,2,20
com_erro,catboost,queda,100,100,100,47,47,24,23,24,23,8,10,2,0.7872340425531915,0.7871376811594203,0.7916666666666666,0.7916666666666666,0.7916666666666666,0.7826086956181475,18,5,5,19
com_erro,mlp,lacuna,20,5,5,947,947,274,673,242,705,19,22,3,0.9904963041182682,0.9854756462106559,0.9874476987447699,0.9752066115702479,0.9812889812889813,0.9957446808496514,702,3,6,236
com_erro,mlp,lacuna,20,10,10,474,474,136,338,122,352,19,19,0,0.989451476793249,0.9795081967213115,1.0,0.9590163934426229,0.9790794979079498,0.9999999999971592,352,0,5,117
com_erro,mlp,lacuna,20,15,15,316,316,91,225,83,233,19,19,0,0.9841772151898734,0.9698795180722892,1.0,0.9397590361445783,0.968944099378882,0.9999999999957082,233,0,5,78
com_erro,mlp,lacuna,20,20,20,237,237,68,169,60,177,18,22,4,0.9240506329113924,0.9216101694915254,0.8088235294117647,0.9166666666666666,0.859375,0.9265536723111495,164,13,5,55
com_erro,mlp,lacuna,30,5,5,945,945,316,629,278,667,19,29,10,0.9619047619047619,0.9614751976529721,0.9143835616438356,0.960431654676259,0.9368421052631579,0.9625187406282422,642,25,11,267
com_erro,mlp,lacuna,30,10,10,473,473,158,315,140,333,18,26,8,0.9408033826638478,0.9372586872586872,0.8783783783783784,0.9285714285714286,0.9027777777777778,0.9459459459431053,315,18,10,130
com_erro,mlp,lacuna,30,15,15,315,315,104,211,95,220,16,21,5,0.946031746031746,0.9194976076555024,0.9642857142857143,0.8526315789473684,0.9050279329608939,0.9863636363591529,217,3,14,81
com_erro,mlp,lacuna,30,20,20,237,237,78,159,72,165,17,19,2,0.9704641350210971,0.9513888888888888,1.0,0.9027777777777778,0.948905109489051,0.9999999999939394,165,0,7,65
com_erro,mlp,lacuna,30,25,25,189,189,63,126,56,133,16,20,4,0.9206349206349206,0.9229323308270676,0.8253968253968254,0.9285714285714286,0.8739495798319328,0.9172932330758099,122,11,4,52
com_erro,mlp,lacuna,30,30,30,158,158,53,105,49,109,16,19,3,0.9240506329113924,0.8831679460775136,0.9743589743589743,0.7755102040816326,0.8636363636363636,0.9908256880643043,108,1,11,38
com_erro,mlp,lacuna,40,5,5,943,943,352,591,313,630,17,23,6,0.9840933191940615,0.9808610984329834,0.9806451612903225,0.9712460063897763,0.9759229534510433,0.9904761904746183,624,6,9,304
com_erro,mlp,lacuna,40,10,10,472,472,176,296,157,315,17,19,2,0.9745762711864406,0.9649782630674351,0.9865771812080537,0.9363057324840764,0.9607843137254902,0.9936507936476392,313,2,10,147
com_erro,mlp,lacuna,40,15,15,315,315,117,198,107,208,17,17,0,0.9682539682539683,0.9532710280373832,1.0,0.9065420560747663,0.9509803921568627,0.9999999999951924,208,0,10,97
com_erro,mlp,lacuna,40,20,20,236,236,88,148,78,158,16,19,3,0.8728813559322034,0.8693605972086984,0.7790697674418605,0.8589743589743589,0.8170731707317073,0.87974683543747,139,19,11,67
com_erro,mlp,lacuna,40,25,25,189,189,70,119,61,128,16,21,5,0.9365079365079365,0.9359631147540983,0.8769230769230769,0.9344262295081968,0.9047619047619048,0.9374999999926759,120,8,4,57
com_erro,mlp,lacuna,40,30,30,158,158,57,101,55,103,16,17,1,0.9556962025316456,0.9363636363636363,1.0,0.8727272727272727,0.9320388349514563,0.9999999999902912,103,0,7,48
com_erro,mlp,lacuna,40,35,35,135,135,49,86,46,89,15,18,3,0.9333333333333333,0.9126770884220811,0.9512195121951219,0.8478260869565217,0.896551724137931,0.977528089876657,87,2,7,39
com_erro,mlp,lacuna,40,40,40,118,118,46,72,40,78,15,18,3,0.9152542372881356,0.9115384615384616,0.8571428571428571,0.9,0.8780487804878049,0.9230769230650887,72,6,4,36
com_erro,mlp,lacuna,50,5,5,941,941,383,558,345,596,17,33,16,0.9543039319872476,0.956601984242778,0.9148351648351648,0.9652173913043478,0.9393511988716502,0.9479865771796175,565,31,12,333
com_erro,mlp,lacuna,50,10,10,471,471,192,279,173,298,17,25,8,0.9341825902335457,0.9346510455056833,0.8901098901098901,0.9364161849710982,0.9126760563380282,0.932885906037138,278,20,11,162
com_erro,mlp,lacuna,50,15,15,314,314,127,187,117,197,17,18,1,0.945859872611465,0.934292160180485,0.9629629629629629,0.8888888888888888,0.9244444444444444,0.9796954314671082,193,4,13,104
com_erro,mlp,lacuna,50,20,20,236,236,96,140,88,148,16,18,2,0.864406779661017,0.8688574938574938,0.78,0.8863636363636364,0.8297872340425532,0.851351351345599,126,22,10,78
com_erro,mlp,lacuna,50,25,25,189,189,79,110,71,118,16,20,4,0.8941798941798942,0.906839341131535,0.8,0.9577464788732394,0.8717948717948718,0.8559322033825768,101,17,3,68
com_erro,mlp,lacuna,50,30,30,157,157,62,95,58,99,15,19,4,0.8789808917197452,0.8754789272030651,0.819672131147541,0.8620689655172413,0.8403361344537815,0.8888888888799101,88,11,8,50
com_erro,mlp,lacuna,50,35,35,135,135,54,81,51,84,15,19,4,0.8740740740740741,0.8679971988795518,0.8269230769230769,0.8431372549019608,0.8349514563106796,0.8928571428465135,75,9,8,43
com_erro,mlp,lacuna,50,40,40,118,118,48,70,42,76,15,16,1,0.864406779661017,0.8681077694235588,0.7708333333333334,0.8809523809523809,0.8222222222222222,0.8552631578834834,65,11,5,37
com_erro,mlp,lacuna,50,45,45,105,105,41,64,37,68,15,18,3,0.8761904761904762,0.8674483306836248,0.8157894736842105,0.8378378378378378,0.8266666666666667,0.8970588235162197,61,7,6,31
com_erro,mlp,lacuna,50,50,50,95,95,41,54,37,58,16,16,0,0.8105263157894737,0.8105778191985089,0.7317073170731707,0.8108108108108109,0.7692307692307693,0.8103448275722355,47,11,7,30
com_erro,mlp,lacuna,60,5,5,939,939,411,528,377,562,17,21,4,0.9787007454739084,0.9752211219875964,0.989041095890411,0.9575596816976127,0.9730458221024259,0.9928825622758134,558,4,16,361
com_erro,mlp,lacuna,60,10,10,470,470,206,264,189,281,16,21,5,0.9574468085106383,0.9505545199495378,0.9774011299435028,0.9153439153439153,0.9453551912568307,0.9857651245516521,277,4,16,173
com_erro,mlp,lacuna,60,15,15,313,313,135,178,127,186,14,19,5,0.8881789137380192,0.8859326051985437,0.8538461538461538,0.8740157480314961,0.8638132295719845,0.8978494623607643,167,19,16,111
com_erro,mlp,lacuna,60,20,20,235,235,104,131,94,141,14,20,6,0.9234042553191489,0.9184397163120568,0.9130434782608695,0.8936170212765957,0.9032258064516129,0.943262411340828,133,8,10,84
com_erro,mlp,lacuna,60,25,25,188,188,83,105,76,112,14,18,4,0.9308510638297872,0.9292763157894737,0.9090909090909091,0.9210526315789473,0.9150326797385621,0.9374999999916295,105,7,6,70
com_erro,mlp,lacuna,60,30,30,157,157,69,88,65,92,14,19,5,0.8853503184713376,0.8795986622073578,0.873015873015873,0.8461538461538461,0.859375,0.9130434782509451,84,8,10,55
com_erro,mlp,lacuna,60,35,35,135,135,60,75,57,78,14,19,5,0.8444444444444444,0.8441295546558705,0.8,0.8421052631578947,0.8205128205128205,0.8461538461429979,66,12,9,48
com_erro,mlp,lacuna,60,40,40,118,118,51,67,47,71,14,17,3,0.8389830508474576,0.8374288282888822,0.78,0.8297872340425532,0.8041237113402062,0.8450704225233088,60,11,8,39
com_erro,mlp,lacuna,60,45,45,105,105,46,59,43,62,13,16,3,0.8380952380952381,0.8379594898724682,0.782608695652174,0.8372093023255814,0.8089887640449438,0.8387096774058274,52,10,7,36
com_erro,mlp,lacuna,60,50,50,94,94,40,54,38,56,14,16,2,0.8191489361702128,0.8228383458646616,0.7441860465116279,0.8421052631578947,0.7901234567901234,0.8035714285570791,45,11,6,32
com_erro,mlp,lacuna,60,55,55,86,86,37,49,35,51,13,16,3,0.8255813953488372,0.8260504201680672,0.7631578947368421,0.8285714285714286,0.7945205479452054,0.8235294117485583,42,9,6,29
com_erro,mlp,lacuna,60,60,60,79,79,36,43,33,46,14,16,2,0.8227848101265823,0.8221343873517787,0.7714285714285715,0.8181818181818182,0.7941176470588235,0.8260869565037808,38,8,6,27
com_erro,mlp,lacuna,70,5,5,937,937,437,500,408,529,15,28,13,0.9573105656350054,0.9577078468438416,0.9423076923076923,0.9607843137254902,0.9514563106796117,0.9546313799603883,505,24,16,392
com_erro,mlp,lacuna,70,10,10,469,469,219,250,204,265,15,20,5,0.9211087420042644,0.9239826119126896,0.8812785388127854,0.946078431372549,0.9125295508274232,0.9018867924494269,239,26,11,193
com_erro,mlp,lacuna,70,15,15,313,313,147,166,138,175,15,17,2,0.9712460063897763,0.9681573498964804,0.9923664122137404,0.9420289855072463,0.966542750929368,0.9942857142800328,174,1,8,130
com_erro,mlp,lacuna,70,20,20,235,235,109,126,103,132,15,20,5,0.9446808510638298,0.9411591644601354,0.9591836734693877,0.912621359223301,0.9353233830845771,0.9696969696896236,128,4,9,94
com_erro,mlp,lacuna,70,25,25,188,188,87,101,83,105,15,15,0,0.8563829787234043,0.8562822719449226,0.8255813953488372,0.8554216867469879,0.8402366863905325,0.8571428571346938,90,15,12,71
com_erro,mlp,lacuna,70,30,30,157,157,73,84,70,87,14,15,1,0.9299363057324841,0.9214285714285715,1.0,0.8428571428571429,0.9147286821705426,0.9999999999885058,87,0,11,59
com_erro,mlp,lacuna,70,35,35,134,134,64,70,60,74,13,18,5,0.8805970149253731,0.8761261261261262,0.8928571428571429,0.8333333333333334,0.8620689655172413,0.918918918906501,68,6,10,50
com_erro,mlp,lacuna,70,40,40,118,118,56,62,54,64,14,15,1,0.8898305084745762,0.892650462962963,0.847457627118644,0.9259259259259259,0.8849557522123894,0.8593749999865722,55,9,4,50
com_erro,mlp,lacuna,70,45,45,105,105,49,56,47,58,14,16,2,0.8761904761904762,0.8758253851797506,0.8541666666666666,0.8723404255319149,0.8631578947368421,0.8793103448124258,51,7,6,41
com_erro,mlp,lacuna,70,50,50,94,94,42,52,42,52,14,14,0,0.8191489361702128,0.8228021978021978,0.7659574468085106,0.8571428571428571,0.8089887640449438,0.7884615384463758,41,11,6,36
com_erro,mlp,lacuna,70,55,55,86,86,39,47,36,50,14,15,1,0.9534883720930233,0.9522222222222222,0.9444444444444444,0.9444444444444444,0.9444444444444444,0.9599999999808001,48,2,2,34
com_erro,mlp,lacuna,70,60,60,79,79,38,41,37,42,14,16,2,0.8481012658227848,0.8474903474903475,0.8378378378378378,0.8378378378378378,0.8378378378378378,0.8571428571224491,36,6,6,31
com_erro,mlp,lacuna,70,65,65,73,73,37,36,30,43,14,14,0,0.9041095890410958,0.9135658914728682,0.8285714285714286,0.9666666666666667,0.8923076923076924,0.860465116259059,37,6,1,29
com_erro,mlp,lacuna,70,70,70,67,67,30,37,31,36,12,14,2,0.8805970149253731,0.8709677419354839,1.0,0.7419354838709677,0.8518518518518519,0.9999999999722223,36,0,8,23
com_erro,mlp,lacuna,80,5,5,935,935,461,474,436,499,15,33,18,0.948663101604278,0.9490081079590373,0.9369369369369369,0.9541284403669725,0.9454545454545454,0.9438877755492107,471,28,20,416
com_erro,mlp,lacuna,80,10,10,468,468,231,237,218,250,15,26,11,0.9145299145299145,0.9161834862385321,0.8836206896551724,0.9403669724770642,0.9111111111111111,0.8919999999964321,223,27,13,205
com_erro,mlp,lacuna,80,15,15,312,312,153,159,147,165,14,18,4,0.9230769230769231,0.9217068645640074,0.9361702127659575,0.8979591836734694,0.9166666666666666,0.9454545454488155,156,9,15,132
com_erro,mlp,lacuna,80,20,20,234,234,116,118,108,126,14,18,4,0.9145299145299145,0.916005291005291,0.8859649122807017,0.9351851851851852,0.9099099099099099,0.8968253968182791,113,13,7,101
com_erro,mlp,lacuna,80,25,25,187,187,92,95,87,100,14,14,0,0.8716577540106952,0.8747701149425287,0.8247422680412371,0.9195402298850575,0.8695652173913043,0.8299999999916999,83,17,7,80
com_erro,mlp,lacuna,80,30,30,156,156,75,81,73,83,13,17,4,0.9038461538461539,0.9038620234362106,0.8918918918918919,0.9041095890410958,0.8979591836734694,0.9036144578204384,75,8,7,66
com_erro,mlp,lacuna,80,35,35,134,134,68,66,64,70,13,14,1,0.8432835820895522,0.8453125,0.8028169014084507,0.890625,0.8444444444444444,0.7999999999885714,56,14,7,57
com_erro,mlp,lacuna,80,40,40,117,117,61,56,55,62,13,13,0,0.8461538461538461,0.850733137829912,0.7846153846153846,0.9272727272727272,0.85,0.7741935483746099,48,14,4,51
com_erro,mlp,lacuna,80,45,45,104,104,50,54,47,57,13,16,3,0.875,0.8784994400895856,0.8269230769230769,0.9148936170212766,0.8686868686868687,0.8421052631431211,48,9,4,43
com_erro,mlp,lacuna,80,50,50,94,94,47,47,45,49,13,14,1,0.9042553191489362,0.9036281179138321,0.9090909090909091,0.8888888888888888,0.898876404494382,0.9183673469200334,45,4,5,40
com_erro,mlp,lacuna,80,55,55,85,85,42,43,40,45,13,13,0,0.9294117647058824,0.9263888888888889,0.9722222222222222,0.875,0.9210526315789473,0.9777777777560495,44,1,5,35
com_erro,mlp,lacuna,80,60,60,78,78,39,39,38,40,13,13,0,0.8461538461538461,0.8473684210526315,0.8095238095238095,0.8947368421052632,0.85,0.79999999998,32,8,4,34
com_erro,mlp,lacuna,80,65,65,72,72,38,34,34,38,13,12,-1,0.7638888888888888,0.7654798761609907,0.7297297297297297,0.7941176470588235,0.7605633802816901,0.7368421052437674,28,10,7,27
com_erro,mlp,lacuna,80,70,70,67,67,34,33,33,34,12,12,0,0.835820895522388,0.8364527629233511,0.8055555555555556,0.8787878787878788,0.8405797101449275,0.7941176470354672,27,7,4,29
com_erro,mlp,lacuna,80,75,75,63,63,31,32,27,36,13,13,0,0.8412698412698413,0.8425925925925926,0.7931034482758621,0.8518518518518519,0.8214285714285714,0.8333333333101852,30,6,4,23
com_erro,mlp,lacuna,80,80,80,59,59,31,28,27,32,13,11,-2,0.8135593220338984,0.822337962962963,0.7352941176470589,0.9259259259259259,0.819672131147541,0.7187499999775392,23,9,2,25
com_erro,mlp,lacuna,90,5,5,933,933,484,449,462,471,14,36,22,0.9217577706323687,0.9220296688449554,0.8977505112474438,0.9502164502164502,0.9232386961093586,0.893842887471563,421,50,23,439
com_erro,mlp,lacuna,90,10,10,467,467,243,224,231,236,14,20,6,0.8758029978586723,0.8763849145205078,0.8365758754863813,0.9307359307359307,0.8811475409836066,0.8220338983016016,194,42,16,215
com_erro,mlp,lacuna,90,15,15,311,311,160,151,155,156,13,18,5,0.8713826366559485,0.8715260545905708,0.8402366863905325,0.9161290322580645,0.8765432098765432,0.8269230769177762,129,27,13,142
com_erro,mlp,lacuna,90,20,20,234,234,121,113,117,117,14,14,0,0.8675213675213675,0.8675213675213675,0.8257575757575758,0.9316239316239316,0.8755020080321285,0.8034188034119366,94,23,8,109
com_erro,mlp,lacuna,90,25,25,187,187,98,89,91,96,13,14,1,0.8556149732620321,0.8573717948717949,0.8076923076923077,0.9230769230769231,0.8615384615384616,0.7916666666584201,76,20,7,84
com_erro,mlp,lacuna,90,30,30,156,156,82,74,79,77,13,15,2,0.8397435897435898,0.8393062633568963,0.8214285714285714,0.8734177215189873,0.8466257668711656,0.805194805184348,62,15,10,69
com_erro,mlp,lacuna,90,35,35,134,134,70,64,68,66,14,15,1,0.8432835820895522,0.8424688057040999,0.8133333333333334,0.8970588235294118,0.8531468531468531,0.7878787878668503,52,14,7,61
com_erro,mlp,lacuna,90,40,40,117,117,61,56,57,60,12,12,0,0.8376068376068376,0.8394736842105264,0.7878787878787878,0.9122807017543859,0.8455284552845529,0.7666666666538889,46,14,5,52
com_erro,mlp,lacuna,90,45,45,104,104,52,52,51,53,12,15,3,0.8653846153846154,0.8657047724750278,0.8490566037735849,0.8823529411764706,0.8653846153846154,0.849056603757565,45,8,6,45
com_erro,mlp,lacuna,90,50,50,94,94,52,42,47,47,12,12,0,0.8617021276595744,0.8617021276595744,0.8148148148148148,0.9361702127659575,0.8712871287128713,0.7872340425364419,37,10,3,44
com_erro,mlp,lacuna,90,55,55,85,85,44,41,40,45,13,14,1,0.8588235294117647,0.8611111111111112,0.8181818181818182,0.9,0.8571428571428571,0.8222222222039507,37,8,4,36
com_erro,mlp,lacuna,90,60,60,78,78,41,37,41,37,12,13,1,0.8205128205128205,0.8200395517468688,0.8292682926829268,0.8292682926829268,0.8292682926829268,0.810810810788897,30,7,7,34
com_erro,mlp,lacuna,90,65,65,72,72,38,34,35,37,13,13,0,0.875,0.8768339768339768,0.825,0.9428571428571428,0.88,0.810810810788897,30,7,2,33
com_erro,mlp,lacuna,90,70,70,67,67,35,32,34,33,12,12,0,0.8656716417910447,0.8645276292335116,0.8205128205128205,0.9411764705882353,0.8767123287671232,0.7878787878549128,26,7,2,32
com_erro,mlp,lacuna,90,75,75,63,63,34,29,29,34,13,14,1,0.873015873015873,0.8747464503042597,0.8387096774193549,0.896551724137931,0.8666666666666667,0.8529411764455018,29,5,3,26
com_erro,mlp,lacuna,90,80,80,59,59,31,28,29,30,11,12,1,0.8305084745762712,0.8316091954022988,0.7878787878787878,0.896551724137931,0.8387096774193549,0.7666666666411112,23,7,3,26
com_erro,mlp,lacuna,90,85,85,55,55,29,26,28,27,12,12,0,0.8181818181818182,0.8174603174603174,0.8,0.8571428571428571,0.8275862068965517,0.7777777777489712,21,6,4,24
com_erro,mlp,lacuna,90,90,90,52,52,26,26,27,25,12,14,2,0.8461538461538461,0.8488888888888889,0.9130434782608695,0.7777777777777778,0.84,0.9199999999632,23,2,6,21
com_erro,mlp,lacuna,100,5,5,931,931,505,426,486,445,14,22,8,0.8904403866809882,0.8878577703796181,0.8582089552238806,0.9465020576131687,0.9001956947162426,0.8292134831442041,369,76,26,460
com_erro,mlp,lacuna,100,10,10,466,466,253,213,243,223,14,17,3,0.8755364806866953,0.8725387071176807,0.8388278388278388,0.9423868312757202,0.8875968992248062,0.8026905829560418,179,44,14,229
com_erro,mlp,lacuna,100,15,15,311,311,170,141,164,147,14,15,1,0.8745980707395499,0.8729882196781151,0.8654970760233918,0.9024390243902439,0.8835820895522388,0.8435374149602481,124,23,16,148
com_erro,mlp,lacuna,100,20,20,233,233,127,106,121,112,13,13,0,0.8755364806866953,0.8728600944510035,0.8382352941176471,0.9421487603305785,0.8871595330739299,0.8035714285642538,90,22,7,114
com_erro,mlp,lacuna,100,25,25,187,187,102,85,100,87,14,14,0,0.893048128342246,0.8887931034482759,0.8636363636363636,0.95,0.9047619047619048,0.8275862068870392,72,15,5,95
com_erro,mlp,lacuna,100,30,30,156,156,85,71,83,73,14,12,-2,0.8589743589743589,0.8542663805908566,0.8279569892473119,0.927710843373494,0.875,0.780821917797523,57,16,6,77
com_erro,mlp,lacuna,100,35,35,133,133,73,60,71,62,12,13,1,0.8571428571428571,0.8539300318037255,0.8421052631578947,0.9014084507042254,0.8707482993197279,0.8064516128902186,50,12,7,64
com_erro,mlp,lacuna,100,40,40,117,117,62,55,61,56,12,11,-1,0.8290598290598291,0.8265515222482436,0.8059701492537313,0.8852459016393442,0.84375,0.7678571428434312,43,13,7,54
com_erro,mlp,lacuna,100,45,45,104,104,57,47,53,51,12,11,-1,0.8461538461538461,0.8442471328153903,0.7936507936507936,0.9433962264150944,0.8620689655172413,0.7450980392010765,38,13,3,50
com_erro,mlp,lacuna,100,50,50,94,94,52,42,52,42,13,11,-2,0.8404255319148937,0.8328754578754578,0.8245614035087719,0.9038461538461539,0.8623853211009175,0.7619047618866214,32,10,5,47
com_erro,mlp,lacuna,100,55,55,85,85,45,40,46,39,12,12,0,0.7764705882352941,0.7739687848383501,0.7872340425531915,0.8043478260869565,0.7956989247311828,0.7435897435706772,29,10,9,37
com_erro,mlp,lacuna,100,60,60,78,78,42,36,42,36,12,12,0,0.8589743589743589,0.8531746031746033,0.8297872340425532,0.9285714285714286,0.8764044943820225,0.777777777756173,28,8,3,39
com_erro,mlp,lacuna,100,65,65,72,72,39,33,37,35,12,10,-2,0.8333333333333334,0.8308880308880309,0.7906976744186046,0.918918918918919,0.85,0.7428571428359184,26,9,3,34
com_erro,mlp,lacuna,100,70,70,67,67,39,28,36,31,11,12,1,0.8805970149253731,0.8754480286738351,0.85,0.9444444444444444,0.8947368421052632,0.8064516128772112,25,6,2,34
com_erro,mlp,lacuna,100,75,75,63,63,36,27,35,28,13,13,0,0.9047619047619048,0.9142857142857144,1.0,0.8285714285714286,0.90625,0.9999999999642857,28,0,6,29
com_erro,mlp,lacuna,100,80,80,59,59,31,28,31,28,11,11,0,0.864406779661017,0.8605990783410138,0.8285714285714286,0.9354838709677419,0.8787878787878788,0.7857142856862245,22,6,2,29
com_erro,mlp,lacuna,100,85,85,55,55,32,23,30,25,11,12,1,0.8363636363636363,0.8366666666666667,0.8620689655172413,0.8333333333333334,0.847457627118644,0.8399999999664,21,4,5,25
com_erro,mlp,lacuna,100,90,90,52,52,29,23,27,25,12,12,0,0.8269230769230769,0.8229629629629629,0.78125,0.9259259259259259,0.847457627118644,0.7199999999712,18,7,2,25
com_erro,mlp,lacuna,100,95,95,49,49,27,22,25,24,13,13,0,0.7755102040816326,0.7741666666666667,0.75,0.84,0.7924528301886793,0.7083333333038194,17,7,4,21
com_erro,mlp,lacuna,100,100,100,47,47,26,21,27,20,10,11,1,0.7872340425531915,0.7824074074074074,0.8148148148148148,0.8148148148148148,0.8148148148148148,0.7499999999625,15,5,5,22
com_erro,mlp,oscilacao,20,5,5,947,947,412,535,304,643,17,63,46,0.8648363252375924,0.8701169476958337,0.7430939226519337,0.8848684210526315,0.8078078078078078,0.8553654743377055,550,93,35,269
com_erro,mlp,oscilacao,20,10,10,474,474,205,269,155,319,17,42,25,0.8523206751054853,0.8554555566791384,0.73224043715847,0.864516129032258,0.7928994082840237,0.8463949843233656,270,49,21,134
com_erro,mlp,oscilacao,20,15,15,316,316,140,176,102,214,17,31,14,0.8670886075949367,0.8685175004581271,0.7542372881355932,0.8725490196078431,0.8090909090909091,0.8644859813043716,185,29,13,89
com_erro,mlp,oscilacao,20,20,20,237,237,102,135,77,160,17,30,13,0.8396624472573839,0.8441964285714285,0.7096774193548387,0.8571428571428571,0.7764705882352941,0.8312499999948048,133,27,11,66
com_erro,mlp,oscilacao,30,5,5,945,945,457,488,336,609,17,59,42,0.8148148148148148,0.8363095238095237,0.6784922394678492,0.9107142857142857,0.7776365946632783,0.7619047619035109,464,145,30,306
com_erro,mlp,oscilacao,30,10,10,473,473,228,245,171,302,16,42,26,0.8245243128964059,0.8308740947290965,0.7156862745098039,0.8538011695906432,0.7786666666666666,0.8079470198648744,244,58,25,146
com_erro,mlp,oscilacao,30,15,15,315,315,152,163,109,206,17,26,9,0.8603174603174604,0.8737641400195957,0.7407407407407407,0.9174311926605505,0.819672131147541,0.8300970873746112,171,35,9,100
com_erro,mlp,oscilacao,30,20,20,237,237,114,123,86,151,16,31,15,0.7932489451476793,0.787694440166333,0.6947368421052632,0.7674418604651163,0.7292817679558011,0.8079470198621991,122,29,20,66
com_erro,mlp,oscilacao,30,25,25,189,189,93,96,65,124,15,25,10,0.873015873015873,0.8702853598014888,0.7887323943661971,0.8615384615384616,0.8235294117647058,0.8790322580574271,109,15,9,56
com_erro,mlp,oscilacao,30,30,30,158,158,74,84,57,101,16,24,8,0.8227848101265823,0.8231717908632968,0.7230769230769231,0.8245614035087719,0.7704918032786885,0.8217821782096852,83,18,10,47
com_erro,mlp,oscilacao,40,5,5,943,943,499,444,367,576,16,56,40,0.8441145281018028,0.8550938540720557,0.7477477477477478,0.9046321525885559,0.8187422934648582,0.805555555554157,464,112,35,332
com_erro,mlp,oscilacao,40,10,10,472,472,249,223,186,286,16,42,26,0.8305084745762712,0.836641852770885,0.7453703703703703,0.8655913978494624,0.8009950248756219,0.8076923076894836,231,55,25,161
com_erro,mlp,oscilacao,40,15,15,315,315,167,148,123,192,16,28,12,0.7968253968253968,0.8099593495934959,0.6903225806451613,0.8699186991869918,0.7697841726618705,0.7499999999960938,144,48,16,107
com_erro,mlp,oscilacao,40,20,20,236,236,124,112,93,143,16,24,8,0.8305084745762712,0.839461613655162,0.7387387387387387,0.8817204301075269,0.803921568627451,0.7972027971972224,114,29,11,82
com_erro,mlp,oscilacao,40,25,25,189,189,100,89,72,117,16,24,8,0.7513227513227513,0.7697649572649572,0.6288659793814433,0.8472222222222222,0.7218934911242604,0.6923076923017751,81,36,11,61
com_erro,mlp,oscilacao,40,30,30,158,158,81,77,62,96,16,22,6,0.8037974683544303,0.8128360215053764,0.7066666666666667,0.8548387096774194,0.7737226277372263,0.7708333333253038,74,22,9,53
com_erro,mlp,oscilacao,40,35,35,135,135,73,62,54,81,15,22,7,0.8074074074074075,0.808641975308642,0.7333333333333333,0.8148148148148148,0.7719298245614035,0.8024691357925621,65,16,10,44
com_erro,mlp,oscilacao,40,40,40,118,118,61,57,46,72,15,20,5,0.7627118644067796,0.7820048309178744,0.6451612903225806,0.8695652173913043,0.7407407407407407,0.6944444444347994,50,22,6,40
com_erro,mlp,oscilacao,50,5,5,941,941,537,404,397,544,16,39,23,0.8512221041445271,0.8560087605571196,0.7874720357941835,0.8866498740554156,0.8341232227488151,0.8253676470573064,449,95,45,352
com_erro,mlp,oscilacao,50,10,10,471,471,269,202,201,270,16,38,22,0.821656050955414,0.8298231066887782,0.7447698744769874,0.8855721393034826,0.8090909090909091,0.7740740740712072,209,61,23,178
com_erro,mlp,oscilacao,50,15,15,314,314,181,133,133,181,16,28,12,0.7929936305732485,0.8024965729240228,0.7098765432098766,0.8646616541353384,0.7796610169491526,0.740331491708617,134,47,18,115
com_erro,mlp,oscilacao,50,20,20,236,236,135,101,101,135,16,27,11,0.8135593220338984,0.8208287495416209,0.7394957983193278,0.8712871287128713,0.8,0.7703703703646639,104,31,13,88
com_erro,mlp,oscilacao,50,25,25,189,189,108,81,77,112,16,26,10,0.8253968253968254,0.8364448051948052,0.7340425531914894,0.8961038961038961,0.8070175438596491,0.7767857142787786,87,25,8,69
com_erro,mlp,oscilacao,50,30,30,157,157,90,67,67,90,13,19,6,0.7388535031847133,0.7531509121061359,0.6477272727272727,0.8507462686567164,0.7354838709677419,0.6555555555482716,59,31,10,57
com_erro,mlp,oscilacao,50,35,35,135,135,78,57,58,77,15,19,4,0.8148148148148148,0.8206448723690103,0.746268656716418,0.8620689655172413,0.8,0.7792207792106595,60,17,8,50
com_erro,mlp,oscilacao,50,40,40,118,118,70,48,50,68,15,19,4,0.7288135593220338,0.7435294117647059,0.6363636363636364,0.84,0.7241379310344828,0.6470588235198962,44,24,8,42
com_erro,mlp,oscilacao,50,45,45,105,105,60,45,45,60,14,19,5,0.7238095238095238,0.7305555555555556,0.6481481481481481,0.7777777777777778,0.7070707070707071,0.6833333333219445,41,19,10,35
com_erro,mlp,oscilacao,50,50,50,95,95,52,43,40,55,13,21,8,0.7157894736842105,0.7170454545454545,0.6444444444444445,0.725,0.6823529411764706,0.7090909090780165,39,16,11,29
com_erro,mlp,oscilacao,60,5,5,939,939,573,366,427,512,16,40,24,0.7965921192758253,0.8043398711943794,0.7251908396946565,0.8899297423887588,0.7991587802313355,0.7187499999985962,368,144,47,380
com_erro,mlp,oscilacao,60,10,10,470,470,287,183,216,254,16,33,17,0.7531914893617021,0.7626494604841061,0.6785714285714286,0.8796296296296297,0.7661290322580645,0.6456692913360407,164,90,26,190
com_erro,mlp,oscilacao,60,15,15,313,313,191,122,140,173,16,25,9,0.7603833865814696,0.77233691164327,0.6775956284153005,0.8857142857142857,0.7678018575851393,0.6589595375684454,114,59,16,124
com_erro,mlp,oscilacao,60,20,20,235,235,144,91,108,127,14,22,8,0.7361702127659574,0.747594050743657,0.6575342465753424,0.8888888888888888,0.7559055118110236,0.6062992125936512,77,50,12,96
com_erro,mlp,oscilacao,60,25,25,188,188,115,73,84,104,14,24,10,0.7446808510638298,0.7589285714285714,0.6578947368421053,0.8928571428571429,0.7575757575757576,0.6249999999939904,65,39,9,75
com_erro,mlp,oscilacao,60,30,30,157,157,94,63,72,85,13,19,6,0.7770700636942676,0.7866830065359477,0.6989247311827957,0.9027777777777778,0.7878787878787878,0.6705882352862284,57,28,7,65
com_erro,mlp,oscilacao,60,35,35,135,135,83,52,63,72,15,20,5,0.7703703703703704,0.7748015873015873,0.7162162162162162,0.8412698412698413,0.7737226277372263,0.7083333333234954,51,21,10,53
com_erro,mlp,oscilacao,60,40,40,118,118,72,46,57,61,14,18,4,0.788135593220339,0.7910555076215128,0.7352941176470589,0.8771929824561403,0.8,0.7049180327753293,43,18,7,50
com_erro,mlp,oscilacao,60,45,45,105,105,63,42,47,58,14,18,4,0.7142857142857143,0.7252384446074835,0.639344262295082,0.8297872340425532,0.7222222222222222,0.6206896551617123,36,22,8,39
com_erro,mlp,oscilacao,60,50,50,94,94,54,40,43,51,13,20,7,0.776595744680851,0.7777017783857729,0.7391304347826086,0.7906976744186046,0.7640449438202247,0.764705882337947,39,12,9,34
com_erro,mlp,oscilacao,60,55,55,86,86,50,36,39,47,13,15,2,0.7441860465116279,0.7506819421713038,0.6808510638297872,0.8205128205128205,0.7441860465116279,0.6808510638153011,32,15,7,32
com_erro,mlp,oscilacao,60,60,60,79,79,48,31,37,42,12,18,6,0.8607594936708861,0.8642213642213643,0.8095238095238095,0.918918918918919,0.8607594936708861,0.8095238095045352,34,8,3,34
com_erro,mlp,oscilacao,70,5,5,937,937,607,330,457,480,14,36,22,0.7662753468516542,0.7695682895696572,0.7023809523809523,0.9037199124726477,0.7904306220095694,0.6354166666653429,305,175,44,413
com_erro,mlp,oscilacao,70,10,10,469,469,304,165,231,238,13,26,13,0.7569296375266524,0.758785332314744,0.7010309278350515,0.8831168831168831,0.7816091954022989,0.6344537815099393,151,87,27,204
com_erro,mlp,oscilacao,70,15,15,313,313,203,110,153,160,13,22,9,0.7667731629392971,0.7697303921568628,0.7040816326530612,0.9019607843137255,0.7908309455587392,0.6374999999960157,102,58,15,138
com_erro,mlp,oscilacao,70,20,20,235,235,152,83,116,119,13,22,9,0.7319148936170212,0.7337728194726166,0.6754966887417219,0.8793103448275862,0.7640449438202247,0.5882352941127039,70,49,14,102
com_erro,mlp,oscilacao,70,25,25,188,188,121,67,89,99,13,22,9,0.7553191489361702,0.7620020429009193,0.6869565217391305,0.8876404494382022,0.7745098039215687,0.6363636363572084,63,36,10,79
com_erro,mlp,oscilacao,70,30,30,157,157,100,57,77,80,13,17,4,0.7707006369426752,0.773051948051948,0.711340206185567,0.8961038961038961,0.7931034482758621,0.649999999991875,52,28,8,69
com_erro,mlp,oscilacao,70,35,35,134,134,90,44,66,68,13,16,3,0.746268656716418,0.7484402852049911,0.686046511627907,0.8939393939393939,0.7763157894736842,0.6029411764617214,41,27,7,59
com_erro,mlp,oscilacao,70,40,40,118,118,73,45,61,57,12,15,3,0.7966101694915254,0.7940753523152142,0.7681159420289855,0.8688524590163934,0.8153846153846154,0.7192982456014159,41,16,8,53
com_erro,mlp,oscilacao,70,45,45,105,105,68,37,52,53,13,16,3,0.7047619047619048,0.7057329462989841,0.6666666666666666,0.8076923076923077,0.7304347826086957,0.6037735848942685,32,21,10,42
com_erro,mlp,oscilacao,70,50,50,94,94,60,34,45,49,13,16,3,0.6914893617021277,0.6977324263038549,0.6333333333333333,0.8444444444444444,0.7238095238095238,0.55102040815202,27,22,7,38
com_erro,mlp,oscilacao,70,55,55,86,86,56,30,42,44,13,14,1,0.7325581395348837,0.7353896103896104,0.6792452830188679,0.8571428571428571,0.7578947368421053,0.6136363636224174,27,17,6,36
com_erro,mlp,oscilacao,70,60,60,79,79,50,29,40,39,12,12,0,0.8354430379746836,0.8342948717948718,0.7872340425531915,0.925,0.8505747126436781,0.7435897435706772,29,10,3,37
com_erro,mlp,oscilacao,70,65,65,73,73,48,25,37,36,12,14,2,0.7123287671232876,0.7105855855855856,0.6739130434782609,0.8378378378378378,0.7469879518072289,0.5833333333171297,21,15,6,31
com_erro,mlp,oscilacao,70,70,70,67,67,46,21,35,32,11,12,1,0.6716417910447762,0.6629464285714286,0.6382978723404256,0.8571428571428571,0.7317073170731707,0.4687499999853516,15,17,5,30
com_erro,mlp,oscilacao,80,5,5,935,935,639,296,482,453,13,33,20,0.7454545454545455,0.7395647275425243,0.6871165644171779,0.9294605809128631,0.7901234567901234,0.5496688741709721,249,204,34,448
com_erro,mlp,oscilacao,80,10,10,468,468,320,148,243,225,13,28,15,0.7414529914529915,0.7345679012345678,0.6894409937888198,0.9135802469135802,0.7858407079646018,0.5555555555530864,125,100,21,222
com_erro,mlp,oscilacao,80,15,15,312,312,215,97,161,151,13,22,9,0.7339743589743589,0.7274279132902801,0.6756756756756757,0.9316770186335404,0.783289817232376,0.5231788079435551,79,72,11,150
com_erro,mlp,oscilacao,80,20,20,234,234,160,74,121,113,13,20,7,0.7521367521367521,0.7462883054194398,0.6981132075471698,0.9173553719008265,0.7928571428571428,0.5752212389329626,65,48,10,111
com_erro,mlp,oscilacao,80,25,25,187,187,129,58,94,93,13,20,7,0.7379679144385026,0.7370167009837565,0.6771653543307087,0.9148936170212766,0.7782805429864253,0.5591397849402243,52,41,8,86
com_erro,mlp,oscilacao,80,30,30,156,156,108,48,80,76,12,19,7,0.7435897435897436,0.7391447368421052,0.6886792452830188,0.9125,0.7849462365591398,0.5657894736767659,43,33,7,73
com_erro,mlp,oscilacao,80,35,35,134,134,93,41,72,62,12,15,3,0.7761194029850746,0.7647849462365591,0.7333333333333333,0.9166666666666666,0.8148148148148148,0.6129032257965661,38,24,6,66
com_erro,mlp,oscilacao,80,40,40,117,117,79,38,61,56,12,14,2,0.7264957264957265,0.7194086651053864,0.6835443037974683,0.8852459016393442,0.7714285714285715,0.5535714285615434,31,25,7,54
com_erro,mlp,oscilacao,80,45,45,104,104,69,35,52,52,12,17,5,0.7788461538461539,0.7788461538461539,0.7377049180327869,0.8653846153846154,0.7964601769911505,0.6923076922943787,36,16,7,45
com_erro,mlp,oscilacao,80,50,50,94,94,65,29,46,48,13,15,2,0.7340425531914894,0.7377717391304348,0.6666666666666666,0.9130434782608695,0.7706422018348624,0.5624999999882813,27,21,4,42
com_erro,mlp,oscilacao,80,55,55,85,85,60,25,44,41,12,14,2,0.7176470588235294,0.7081485587583148,0.6515151515151515,0.9772727272727273,0.7818181818181819,0.43902439023319456,18,23,1,43
com_erro,mlp,oscilacao,80,60,60,78,78,54,24,40,38,12,12,0,0.7564102564102564,0.7513157894736842,0.6909090909090909,0.95,0.8,0.5526315789328256,21,17,2,38
com_erro,mlp,oscilacao,80,65,65,72,72,50,22,37,35,12,10,-2,0.7361111111111112,0.7308880308880309,0.68,0.918918918918919,0.7816091954022989,0.5428571428416327,19,16,3,34
com_erro,mlp,oscilacao,80,70,70,67,67,48,19,37,30,10,12,2,0.7164179104477612,0.6990990990990991,0.6956521739130435,0.8648648648648649,0.7710843373493976,0.5333333333155555,16,14,5,32
com_erro,mlp,oscilacao,80,75,75,63,63,43,20,31,32,12,12,0,0.7619047619047619,0.7641129032258065,0.7,0.9032258064516129,0.7887323943661971,0.6249999999804688,20,12,3,28
com_erro,mlp,oscilacao,80,80,80,59,59,42,17,29,30,11,11,0,0.6949152542372882,0.6977011494252874,0.6410256410256411,0.8620689655172413,0.7352941176470589,0.5333333333155555,16,14,4,25
com_erro,mlp,oscilacao,90,5,5,933,933,664,269,506,427,13,27,14,0.7545551982851019,0.7380659255213782,0.7076461769115442,0.932806324110672,0.8047740835464621,0.5433255269308119,232,195,34,472
com_erro,mlp,oscilacao,90,10,10,467,467,332,135,255,212,13,26,13,0.7408993576017131,0.7245652978172401,0.7055214723926381,0.9019607843137255,0.7917383820998278,0.5471698113181738,116,96,25,230
com_erro,mlp,oscilacao,90,15,15,311,311,223,88,167,144,13,23,10,0.7331189710610932,0.7180222887558216,0.6875,0.9221556886227545,0.7877237851662404,0.5138888888853202,74,70,13,154
com_erro,mlp,oscilacao,90,20,20,234,234,166,68,128,106,12,20,8,0.7478632478632479,0.7322376179245282,0.7142857142857143,0.8984375,0.7958477508650519,0.5660377358437166,60,46,13,115
com_erro,mlp,oscilacao,90,25,25,187,187,132,55,99,88,12,17,5,0.7433155080213903,0.7335858585858586,0.7007874015748031,0.898989898989899,0.7876106194690266,0.5681818181753615,50,38,10,89
com_erro,mlp,oscilacao,90,30,30,156,156,111,45,84,72,12,17,5,0.7884615384615384,0.7767857142857143,0.7428571428571429,0.9285714285714286,0.8253968253968254,0.6249999999913194,45,27,6,78
com_erro,mlp,oscilacao,90,35,35,134,134,96,38,74,60,12,12,0,0.753731343283582,0.7344594594594596,0.7157894736842105,0.918918918918919,0.8047337278106509,0.5499999999908334,33,27,6,68
com_erro,mlp,oscilacao,90,40,40,117,117,84,33,65,52,11,12,1,0.7264957264957265,0.7057692307692308,0.6987951807228916,0.8923076923076924,0.7837837837837838,0.519230769220784,27,25,7,58
com_erro,mlp,oscilacao,90,45,45,104,104,74,30,57,47,11,12,1,0.7884615384615384,0.7752892870474057,0.7536231884057971,0.9122807017543859,0.8253968253968254,0.6382978723268448,30,17,5,52
com_erro,mlp,oscilacao,90,50,50,94,94,67,27,50,44,12,12,0,0.723404255319149,0.71,0.6764705882352942,0.92,0.7796610169491526,0.4999999999886364,22,22,4,46
com_erro,mlp,oscilacao,90,55,55,85,85,60,25,48,37,11,12,1,0.788235294117647,0.7691441441441441,0.7586206896551724,0.9166666666666666,0.8301886792452831,0.6216216216048212,23,14,4,44
com_erro,mlp,oscilacao,90,60,60,78,78,56,22,41,37,12,10,-2,0.782051282051282,0.7729070533948583,0.7222222222222222,0.9512195121951219,0.8210526315789474,0.5945945945785245,22,15,2,39
com_erro,mlp,oscilacao,90,65,65,72,72,51,21,38,34,12,12,0,0.8055555555555556,0.7987616099071208,0.7608695652173914,0.9210526315789473,0.8333333333333334,0.676470588215398,23,11,3,35
com_erro,mlp,oscilacao,90,70,70,67,67,49,18,38,29,10,11,1,0.7164179104477612,0.6887477313974592,0.6938775510204082,0.8947368421052632,0.7816091954022989,0.48275862067300834,14,15,4,34
com_erro,mlp,oscilacao,90,75,75,63,63,45,18,32,31,12,9,-3,0.7619047619047619,0.7590725806451613,0.6976744186046512,0.9375,0.8,0.580645161271592,18,13,2,30
com_erro,mlp,oscilacao,90,80,80,59,59,43,16,31,28,11,10,-1,0.7457627118644068,0.7390552995391705,0.7105263157894737,0.8709677419354839,0.782608695652174,0.6071428571211734,17,11,4,27
com_erro,mlp,oscilacao,90,85,85,55,55,37,18,31,24,10,10,0,0.8,0.7849462365591398,0.7777777777777778,0.9032258064516129,0.835820895522388,0.6666666666388888,16,8,3,28
com_erro,mlp,oscilacao,90,90,90,52,52,35,17,26,26,11,10,-1,0.8076923076923077,0.8076923076923077,0.7352941176470589,0.9615384615384616,0.8333333333333334,0.6538461538210059,17,9,1,25
com_erro,mlp,oscilacao,100,5,5,931,931,683,248,530,401,13,24,11,0.7465091299677766,0.7133228250129393,0.7053072625698324,0.9528301886792453,0.8105939004815409,0.4738154613454518,190,211,25,505
com_erro,mlp,oscilacao,100,10,10,466,466,342,124,267,199,12,24,12,0.7746781115879828,0.7489789772834209,0.7439759036144579,0.9250936329588015,0.8247078464106845,0.5728643216051615,114,85,20,247
com_erro,mlp,oscilacao,100,15,15,311,311,228,83,177,134,12,17,5,0.7652733118971061,0.7375832700902268,0.7280701754385965,0.9378531073446328,0.8197530864197531,0.5373134328318111,72,62,11,166
com_erro,mlp,oscilacao,100,20,20,233,233,172,61,133,100,12,19,7,0.7725321888412017,0.7498872180451128,0.7469135802469136,0.9097744360902256,0.8203389830508474,0.5899999999941,59,41,12,121
com_erro,mlp,oscilacao,100,25,25,187,187,137,50,104,83,12,18,6,0.7700534759358288,0.7494786839666359,0.7293233082706767,0.9326923076923077,0.8185654008438819,0.5662650602341414,47,36,7,97
com_erro,mlp,oscilacao,100,30,30,156,156,114,42,89,67,12,13,1,0.8012820512820513,0.7778802616132818,0.7636363636363637,0.9438202247191011,0.8442211055276382,0.6119402984983292,41,26,5,84
com_erro,mlp,oscilacao,100,35,35,133,133,98,35,77,56,11,15,4,0.7443609022556391,0.7037337662337663,0.7047619047619048,0.961038961038961,0.8131868131868132,0.4464285714205995,25,31,3,74
com_erro,mlp,oscilacao,100,40,40,117,117,85,32,70,47,10,12,2,0.8034188034188035,0.7727963525835866,0.7831325301204819,0.9285714285714286,0.8496732026143791,0.6170212765826166,29,18,5,65
com_erro,mlp,oscilacao,100,45,45,104,104,76,28,59,45,11,13,2,0.7788461538461539,0.7576271186440677,0.75,0.9152542372881356,0.8244274809160306,0.5999999999866668,27,18,5,54
com_erro,mlp,oscilacao,100,50,50,94,94,69,25,52,42,12,12,0,0.723404255319149,0.6996336996336996,0.6857142857142857,0.9230769230769231,0.7868852459016393,0.47619047617913834,20,22,4,48
com_erro,mlp,oscilacao,100,55,55,85,85,62,23,49,36,10,11,1,0.7647058823529411,0.7295918367346939,0.7230769230769231,0.9591836734693877,0.8245614035087719,0.49999999998611117,18,18,2,47
com_erro,mlp,oscilacao,100,60,60,78,78,58,20,43,35,11,12,1,0.7692307692307693,0.748172757475083,0.7192982456140351,0.9534883720930233,0.82,0.5428571428416327,19,16,2,41
com_erro,mlp,oscilacao,100,65,65,72,72,53,19,41,31,10,13,3,0.8055555555555556,0.7859952793076318,0.7755102040816326,0.926829268292683,0.8444444444444444,0.6451612903017689,20,11,3,38
com_erro,mlp,oscilacao,100,70,70,67,67,51,16,40,27,9,11,2,0.7313432835820896,0.6787037037037037,0.7037037037037037,0.95,0.8085106382978723,0.40740740739231823,11,16,2,38
com_erro,mlp,oscilacao,100,75,75,63,63,46,17,33,30,12,12,0,0.746031746031746,0.7363636363636363,0.6888888888888889,0.9393939393939394,0.7948717948717948,0.5333333333155555,16,14,2,31
com_erro,mlp,oscilacao,100,80,80,59,59,44,15,35,24,9,9,0,0.7966101694915254,0.7696428571428571,0.7804878048780488,0.9142857142857143,0.8421052631578947,0.6249999999739584,15,9,3,32
com_erro,mlp,oscilacao,100,85,85,55,55,38,17,31,24,10,10,0,0.7818181818181819,0.7641129032258065,0.7567567567567568,0.9032258064516129,0.8235294117647058,0.6249999999739584,15,9,3,28
com_erro,mlp,oscilacao,100,90,90,52,52,36,16,28,24,11,10,-1,0.8076923076923077,0.7976190476190477,0.7647058823529411,0.9285714285714286,0.8387096774193549,0.6666666666388888,16,8,2,26
com_erro,mlp,oscilacao,100,95,95,49,49,37,12,27,22,9,10,1,0.7346938775510204,0.712962962962963,0.6944444444444444,0.9259259259259259,0.7936507936507936,0.49999999997727274,11,11,2,25
com_erro,mlp,oscilacao,100,100,100,47,47,35,12,24,23,11,9,-2,0.7021276595744681,0.6983695652173914,0.65625,0.875,0.75,0.5217391304120983,12,11,3,21
com_erro,mlp,queda,20,5,5,947,947,233,714,200,747,21,38,17,0.9155227032734953,0.8842101740294511,0.7830188679245284,0.83,0.8058252427184466,0.9384203480576461,701,46,34,166
com_erro,mlp,queda,20,10,10,474,474,118,356,97,377,21,23,2,0.9261603375527426,0.8884984549755257,0.8163265306122449,0.8247422680412371,0.8205128205128205,0.9522546419072885,359,18,17,80
com_erro,mlp,queda,20,15,15,316,316,78,238,66,250,19,24,5,0.9177215189873418,0.8755151515151515,0.803030303030303,0.803030303030303,0.803030303030303,0.947999999996208,237,13,13,53
com_erro,mlp,queda,20,20,20,237,237,57,180,48,189,19,24,5,0.919831223628692,0.8720238095238095,0.8085106382978723,0.7916666666666666,0.8,0.9523809523759134,180,9,10,38
com_erro,mlp,queda,30,5,5,945,945,277,668,240,705,20,39,19,0.908994708994709,0.8936613475177305,0.7961538461538461,0.8625,0.828,0.9248226950341492,652,53,33,207
com_erro,mlp,queda,30,10,10,473,473,140,333,117,356,20,30,10,0.9154334038054969,0.8921780466724287,0.8181818181818182,0.8461538461538461,0.8319327731092437,0.9382022471883759,334,22,18,99
com_erro,mlp,queda,30,15,15,315,315,92,223,80,235,19,26,7,0.8857142857142857,0.8409574468085106,0.7894736842105263,0.75,0.7692307692307693,0.9319148936130557,219,16,20,60
com_erro,mlp,queda,30,20,20,237,237,70,167,60,177,20,22,2,0.9282700421940928,0.9079096045197741,0.8524590163934426,0.8666666666666667,0.859504132231405,0.949152542367519,168,9,8,52
com_erro,mlp,queda,30,25,25,189,189,54,135,46,143,19,20,1,0.9153439153439153,0.8924445120097294,0.8125,0.8478260869565217,0.8297872340425532,0.9370629370563842,134,9,7,39
com_erro,mlp,queda,30,30,30,158,158,50,108,38,120,18,20,2,0.8860759493670886,0.8530701754385965,0.75,0.7894736842105263,0.7692307692307693,0.9166666666590277,110,10,8,30
com_erro,mlp,queda,40,5,5,943,943,320,623,278,665,20,43,23,0.8759278897136797,0.8701628171147293,0.7555555555555555,0.8561151079136691,0.8026981450252951,0.8842105263144598,588,77,40,238
com_erro,mlp,queda,40,10,10,472,472,161,311,136,336,20,33,13,0.8665254237288136,0.8602941176470589,0.732484076433121,0.8455882352941176,0.7849829351535836,0.8749999999973959,294,42,21,115
com_erro,mlp,queda,40,15,15,315,315,109,206,94,221,19,28,9,0.8793650793650793,0.8620631558679118,0.7857142857142857,0.8191489361702128,0.8020833333333334,0.904977375561516,200,21,17,77
com_erro,mlp,queda,40,20,20,236,236,79,157,67,169,19,25,6,0.8898305084745762,0.8780358562218493,0.7808219178082192,0.8507462686567164,0.8142857142857143,0.9053254437816254,153,16,10,57
com_erro,mlp,queda,40,25,25,189,189,60,129,56,133,15,20,5,0.91005291005291,0.8843984962406015,0.8679245283018868,0.8214285714285714,0.8440366972477065,0.9473684210455086,126,7,10,46
com_erro,mlp,queda,40,30,30,158,158,54,104,45,113,18,21,3,0.8670886075949367,0.8268436578171091,0.7857142857142857,0.7333333333333333,0.7586206896551724,0.9203539822927402,104,9,12,33
com_erro,mlp,queda,40,35,35,135,135,46,89,40,95,16,20,4,0.8814814814814815,0.8651315789473684,0.7857142857142857,0.825,0.8048780487804879,0.9052631578852077,86,9,7,33
com_erro,mlp,queda,40,40,40,118,118,35,83,37,81,16,22,6,0.847457627118644,0.8008008008008007,0.8064516129032258,0.6756756756756757,0.7352941176470589,0.9259259259144947,75,6,12,25
com_erro,mlp,queda,50,5,5,941,941,361,580,314,627,18,46,28,0.8490967056323061,0.8501965684332429,0.7362637362637363,0.8535031847133758,0.7905604719764012,0.8468899521517593,531,96,46,268
com_erro,mlp,queda,50,10,10,471,471,181,290,155,316,18,40,22,0.8535031847133758,0.8513781135157208,0.7443181818181818,0.8451612903225807,0.7915407854984894,0.8575949367061468,271,45,24,131
com_erro,mlp,queda,50,15,15,314,314,121,193,104,210,17,26,9,0.8885350318471338,0.8778388278388278,0.822429906542056,0.8461538461538461,0.8341232227488151,0.9095238095194785,191,19,16,88
com_erro,mlp,queda,50,20,20,236,236,90,146,79,157,16,30,14,0.826271186440678,0.8191163428202854,0.7159090909090909,0.7974683544303798,0.7544910179640718,0.840764331204836,132,25,16,63
com_erro,mlp,queda,50,25,25,189,189,68,121,64,125,16,20,4,0.8571428571428571,0.838625,0.7936507936507936,0.78125,0.7874015748031497,0.895999999992832,112,13,14,50
com_erro,mlp,queda,50,30,30,157,157,62,95,51,106,16,23,7,0.8280254777070064,0.8268590455049944,0.7,0.8235294117647058,0.7567567567567568,0.830188679237451,88,18,9,42
com_erro,mlp,queda,50,35,35,135,135,53,82,45,90,13,19,6,0.8740740740740741,0.8722222222222222,0.78,0.8666666666666667,0.8210526315789474,0.8777777777680247,79,11,6,39
com_erro,mlp,queda,50,40,40,118,118,44,74,43,75,13,22,9,0.7966101694915254,0.7854263565891473,0.7111111111111111,0.7441860465116279,0.7272727272727273,0.8266666666556444,62,13,11,32
com_erro,mlp,queda,50,45,45,105,105,40,65,33,72,15,16,1,0.9142857142857143,0.9128787878787878,0.8333333333333334,0.9090909090909091,0.8695652173913043,0.9166666666539351,66,6,3,30
com_erro,mlp,queda,50,50,50,95,95,34,61,33,62,15,16,1,0.8,0.7617302052785924,0.75,0.6363636363636364,0.6885245901639344,0.8870967741792404,55,7,12,21
com_erro,mlp,queda,60,5,5,939,939,399,540,346,593,15,54,39,0.8264110756123536,0.8324674185341508,0.7237163814180929,0.8554913294797688,0.7841059602649006,0.8094435075871679,480,113,50,296
com_erro,mlp,queda,60,10,10,470,470,200,270,172,298,15,39,24,0.851063829787234,0.8518222256906509,0.765625,0.8546511627906976,0.8076923076923077,0.8489932885877551,253,45,25,147
com_erro,mlp,queda,60,15,15,313,313,133,180,116,197,14,34,20,0.8210862619808307,0.8241948188342376,0.7238805970149254,0.8362068965517241,0.776,0.8121827411126286,160,37,19,97
com_erro,mlp,queda,60,20,20,235,235,99,136,86,149,14,26,12,0.851063829787234,0.8505931012954581,0.7684210526315789,0.8488372093023255,0.8066298342541437,0.8523489932828702,127,22,13,73
com_erro,mlp,queda,60,25,25,188,188,79,109,69,119,13,21,8,0.8351063829787234,0.8393009377664109,0.7375,0.855072463768116,0.7919463087248322,0.8235294117577855,98,21,10,59
com_erro,mlp,queda,60,30,30,157,157,71,86,56,101,14,19,5,0.8152866242038217,0.8246110325318246,0.6956521739130435,0.8571428571428571,0.768,0.7920792079129497,80,21,8,48
com_erro,mlp,queda,60,35,35,135,135,54,81,50,85,14,16,2,0.8740740740740741,0.8670588235294118,0.8235294117647058,0.84,0.8316831683168316,0.8941176470483044,76,9,8,42
com_erro,mlp,queda,60,40,40,118,118,49,69,44,74,13,20,7,0.847457627118644,0.8415233415233416,0.782608695652174,0.8181818181818182,0.8,0.8648648648531775,64,10,8,36
com_erro,mlp,queda,60,45,45,105,105,43,62,39,66,12,17,5,0.8571428571428571,0.8496503496503496,0.8,0.8205128205128205,0.810126582278481,0.8787878787745638,58,8,7,32
com_erro,mlp,queda,60,50,50,94,94,41,53,33,61,13,13,0,0.8404255319148937,0.8283656234475907,0.7647058823529411,0.7878787878787878,0.7761194029850746,0.86885245900215,53,8,7,26
com_erro,mlp,queda,60,55,55,86,86,38,48,30,56,13,18,5,0.8488372093023255,0.8607142857142858,0.7297297297297297,0.9,0.8059701492537313,0.8214285714139031,46,10,3,27
com_erro,mlp,queda,60,60,60,79,79,36,43,26,53,14,16,2,0.8227848101265823,0.8189404934687954,0.7,0.8076923076923077,0.75,0.8301886792296191,44,9,5,21
com_erro,mlp,queda,70,5,5,937,937,435,502,373,564,14,39,25,0.8143009605122732,0.8257705398056776,0.7167755991285403,0.8820375335120644,0.7908653846153846,0.7695035460979264,434,130,44,329
com_erro,mlp,queda,70,10,10,469,469,218,251,186,283,14,36,22,0.837953091684435,0.8463752422204491,0.75,0.8870967741935484,0.812807881773399,0.805653710244503,228,55,21,165
com_erro,mlp,queda,70,15,15,313,313,147,166,126,187,14,24,10,0.8370607028753994,0.8429250488074018,0.7586206896551724,0.873015873015873,0.8118081180811808,0.8128342245945838,152,35,16,110
com_erro,mlp,queda,70,20,20,235,235,109,126,94,141,14,25,11,0.8425531914893617,0.8457446808510638,0.7714285714285715,0.8617021276595744,0.8140703517587939,0.8297872340366682,117,24,13,81
com_erro,mlp,queda,70,25,25,188,188,85,103,76,112,12,21,9,0.8085106382978723,0.8139097744360901,0.7272727272727273,0.8421052631578947,0.7804878048780488,0.7857142857072704,88,24,12,64
com_erro,mlp,queda,70,30,30,157,157,73,84,62,95,14,19,5,0.8280254777070064,0.8214770797962648,0.7777777777777778,0.7903225806451613,0.784,0.8526315789383934,81,14,13,49
com_erro,mlp,queda,70,35,35,134,134,62,72,53,81,12,20,8,0.8059701492537313,0.8166783135336595,0.7076923076923077,0.8679245283018868,0.7796610169491526,0.7654320987559823,62,19,7,46
com_erro,mlp,queda,70,40,40,118,118,51,67,48,70,14,18,4,0.8389830508474576,0.8282738095238096,0.8222222222222222,0.7708333333333334,0.7956989247311828,0.8857142857016326,62,8,11,37
com_erro,mlp,queda,70,45,45,105,105,48,57,43,62,12,13,1,0.8952380952380953,0.8899099774943735,0.8809523809523809,0.8604651162790697,0.8705882352941177,0.9193548386948491,57,5,6,37
com_erro,mlp,queda,70,50,50,94,94,44,50,37,57,12,14,2,0.8297872340425532,0.8217164532954007,0.7837837837837838,0.7837837837837838,0.7837837837837838,0.8596491227919361,49,8,8,29
com_erro,mlp,queda,70,55,55,86,86,41,45,34,52,11,14,3,0.8488372093023255,0.8546380090497737,0.7692307692307693,0.8823529411764706,0.821917808219178,0.8269230769071746,43,9,4,30
com_erro,mlp,queda,70,60,60,79,79,37,42,29,50,14,17,3,0.8227848101265823,0.8020689655172414,0.7777777777777778,0.7241379310344828,0.75,0.8799999999824001,44,6,8,21
com_erro,mlp,queda,70,65,65,73,73,31,42,29,44,12,11,-1,0.8356164383561644,0.8107366771159874,0.8695652173913043,0.6896551724137931,0.7692307692307693,0.9318181817970042,41,3,9,20
com_erro,mlp,queda,70,70,70,67,67,33,34,26,41,11,16,5,0.7910447761194029,0.7940900562851783,0.7,0.8076923076923077,0.75,0.7804878048590126,32,9,5,21
com_erro,mlp,queda,80,5,5,935,935,467,468,399,536,14,38,24,0.8,0.808904256910934,0.7199170124481328,0.8696741854636592,0.7877412031782066,0.7481343283568131,401,135,52,347
com_erro,mlp,queda,80,10,10,468,468,234,234,199,269,14,33,19,0.7841880341880342,0.7919990286002503,0.7058823529411765,0.8442211055276382,0.7688787185354691,0.7397769516701124,199,70,31,168
com_erro,mlp,queda,80,15,15,312,312,156,156,134,178,12,28,16,0.8141025641025641,0.8241656884118732,0.7317073170731707,0.8955223880597015,0.8053691275167785,0.7528089887598157,134,44,14,120
com_erro,mlp,queda,80,20,20,234,234,116,118,100,134,12,19,7,0.7735042735042735,0.7806716417910448,0.6974789915966386,0.83,0.7579908675799086,0.7313432835766318,98,36,17,83
com_erro,mlp,queda,80,25,25,187,187,93,94,80,107,12,17,5,0.8128342245989305,0.8222546728971962,0.7319587628865979,0.8875,0.8022598870056498,0.7570093457873176,81,26,9,71
com_erro,mlp,queda,80,30,30,156,156,79,77,67,89,12,17,5,0.8461538461538461,0.8448767398960255,0.8115942028985508,0.835820895522388,0.8235294117647058,0.8539325842600681,76,13,11,56
com_erro,mlp,queda,80,35,35,134,134,68,66,57,77,11,17,6,0.8432835820895522,0.8454089769879244,0.7903225806451613,0.8596491228070176,0.8235294117647058,0.8311688311580367,64,13,8,49
com_erro,mlp,queda,80,40,40,117,117,55,62,53,64,12,20,8,0.7777777777777778,0.7774174528301887,0.7454545454545455,0.7735849056603774,0.7592592592592593,0.7812499999877929,50,14,12,41
com_erro,mlp,queda,80,45,45,104,104,52,52,46,58,10,12,2,0.8365384615384616,0.8377061469265368,0.7959183673469388,0.8478260869565217,0.8210526315789474,0.827586206882283,48,10,7,39
com_erro,mlp,queda,80,50,50,94,94,46,48,40,54,11,13,2,0.8829787234042553,0.8819444444444444,0.8536585365853658,0.875,0.8641975308641975,0.888888888872428,48,6,5,35
com_erro,mlp,queda,80,55,55,85,85,41,44,35,50,11,12,1,0.8941176470588236,0.8971428571428571,0.8421052631578947,0.9142857142857143,0.8767123287671232,0.8799999999824001,44,6,3,32
com_erro,mlp,queda,80,60,60,78,78,39,39,31,47,12,15,3,0.7564102564102564,0.7539464653397392,0.6764705882352942,0.7419354838709677,0.7076923076923077,0.7659574467922138,36,11,8,23
com_erro,mlp,queda,80,65,65,72,72,34,38,30,42,10,13,3,0.8333333333333334,0.8333333333333334,0.78125,0.8333333333333334,0.8064516129032258,0.8333333333134921,35,7,5,25
com_erro,mlp,queda,80,70,70,67,67,34,33,28,39,11,14,3,0.8059701492537313,0.8081501831501832,0.7419354838709677,0.8214285714285714,0.7796610169491526,0.7948717948514136,31,8,5,23
com_erro,mlp,queda,80,75,75,63,63,34,29,28,35,10,14,4,0.8412698412698413,0.8392857142857142,0.8214285714285714,0.8214285714285714,0.8214285714285714,0.8571428571183675,30,5,5,23
com_erro,mlp,queda,80,80,80,59,59,28,31,29,30,10,12,2,0.847457627118644,0.846551724137931,0.8846153846153846,0.7931034482758621,0.8363636363636363,0.89999999997,27,3,6,23
com_erro,mlp,queda,90,5,5,933,933,496,437,425,508,13,31,18,0.7727759914255091,0.7823043075497915,0.6961325966850829,0.8894117647058823,0.78099173553719,0.6751968503923717,343,165,47,378
com_erro,mlp,queda,90,10,10,467,467,249,218,212,255,13,29,16,0.7858672376873662,0.7931834998150203,0.7170542635658915,0.8726415094339622,0.7872340425531915,0.7137254901932796,182,73,27,185
com_erro,mlp,queda,90,15,15,311,311,165,146,143,168,11,25,14,0.8135048231511254,0.8190559440559441,0.7514792899408284,0.8881118881118881,0.8141025641025641,0.7499999999955358,126,42,16,127
com_erro,mlp,queda,90,20,20,234,234,124,110,107,127,12,19,7,0.7735042735042735,0.7803002428434763,0.7076923076923077,0.8598130841121495,0.7763713080168776,0.7007874015692851,89,38,15,92
com_erro,mlp,queda,90,25,25,187,187,96,91,84,103,11,17,6,0.8502673796791443,0.8519995376791494,0.8111111111111111,0.8690476190476191,0.8390804597701149,0.8349514563025733,86,17,11,73
com_erro,mlp,queda,90,30,30,156,156,87,69,70,86,11,17,6,0.8269230769230769,0.8323920265780731,0.7654320987654321,0.8857142857142857,0.8211920529801324,0.7790697674328014,67,19,8,62
com_erro,mlp,queda,90,35,35,134,134,70,64,61,73,11,16,5,0.835820895522388,0.8331461935773636,0.8305084745762712,0.8032786885245902,0.8166666666666667,0.8630136986183148,63,10,12,49
com_erro,mlp,queda,90,40,40,117,117,63,54,56,61,10,15,5,0.7435897435897436,0.7489754098360656,0.6805555555555556,0.875,0.765625,0.6229508196619189,38,23,7,49
com_erro,mlp,queda,90,45,45,104,104,58,46,47,57,10,11,1,0.8365384615384616,0.8434117207913401,0.7678571428571429,0.9148936170212766,0.8349514563106796,0.771929824547861,44,13,4,43
com_erro,mlp,queda,90,50,50,94,94,47,47,42,52,10,14,4,0.8404255319148937,0.8374542124542125,0.8292682926829268,0.8095238095238095,0.8192771084337349,0.8653846153679734,45,7,8,34
com_erro,mlp,queda,90,55,55,85,85,44,41,37,48,9,12,3,0.8941176470588236,0.9000563063063063,0.8333333333333334,0.9459459459459459,0.8860759493670886,0.8541666666488716,41,7,2,35
com_erro,mlp,queda,90,60,60,78,78,43,35,33,45,11,15,4,0.7564102564102564,0.7606060606060605,0.6842105263157895,0.7878787878787878,0.7323943661971831,0.7333333333170371,33,12,7,26
com_erro,mlp,queda,90,65,65,72,72,37,35,31,41,10,14,4,0.8472222222222222,0.8501180173092053,0.7941176470588235,0.8709677419354839,0.8307692307692308,0.8292682926627009,34,7,4,27
com_erro,mlp,queda,90,70,70,67,67,34,33,29,38,11,11,0,0.8805970149253731,0.8743194192377495,0.8888888888888888,0.8275862068965517,0.8571428571428571,0.9210526315547092,35,3,5,24
com_erro,mlp,queda,90,75,75,63,63,35,28,30,33,9,11,2,0.873015873015873,0.8727272727272728,0.8666666666666667,0.8666666666666667,0.8666666666666667,0.878787878761249,29,4,4,26
com_erro,mlp,queda,90,80,80,59,59,33,26,30,29,9,11,2,0.7457627118644068,0.7442528735632183,0.7142857142857143,0.8333333333333334,0.7692307692307693,0.6551724137705113,19,10,5,25
com_erro,mlp,queda,90,85,85,55,55,28,27,24,31,9,9,0,0.9272727272727272,0.9260752688172043,0.9166666666666666,0.9166666666666666,0.9166666666666666,0.935483870937565,29,2,2,22
com_erro,mlp,queda,90,90,90,52,52,30,22,24,28,9,9,0,0.8269230769230769,0.8333333333333333,0.7586206896551724,0.9166666666666666,0.8301886792452831,0.7499999999732143,21,7,2,22
com_erro,mlp,queda,100,5,5,931,931,523,408,448,483,12,31,19,0.7798066595059077,0.783983566252588,0.7173524150268337,0.8950892857142857,0.7964250248262165,0.6728778467894971,325,158,47,401
com_erro,mlp,queda,100,10,10,466,466,262,204,224,242,12,28,16,0.7832618025751072,0.7873376623376623,0.7220216606498195,0.8928571428571429,0.7984031936127745,0.6818181818153645,165,77,24,200
com_erro,mlp,queda,100,15,15,311,311,177,134,150,161,12,16,4,0.7845659163987139,0.7882815734989648,0.7243243243243244,0.8933333333333333,0.8,0.6832298136603526,110,51,16,134
com_erro,mlp,queda,100,20,20,233,233,129,104,112,121,11,21,10,0.7639484978540773,0.7677464580873672,0.708029197080292,0.8660714285714286,0.7791164658634538,0.6694214875977733,81,40,15,97
com_erro,mlp,queda,100,25,25,187,187,102,85,91,96,11,18,7,0.8021390374331551,0.8041437728937728,0.7547169811320755,0.8791208791208791,0.8121827411167513,0.7291666666590711,70,26,11,80
com_erro,mlp,queda,100,30,30,156,156,89,67,75,81,12,13,1,0.7628205128205128,0.7656790123456789,0.7159090909090909,0.84,0.7730061349693251,0.6913580246828227,56,25,12,63
com_erro,mlp,queda,100,35,35,133,133,74,59,64,69,11,17,6,0.7518796992481203,0.7540760869565217,0.7123287671232876,0.8125,0.7591240875912408,0.6956521739029615,48,21,12,52
com_erro,mlp,queda,100,40,40,117,117,66,51,57,60,10,14,4,0.7777777777777778,0.7807017543859649,0.7183098591549296,0.8947368421052632,0.796875,0.6666666666555556,40,20,6,51
com_erro,mlp,queda,100,45,45,104,104,59,45,49,55,9,13,4,0.8076923076923077,0.8126159554730983,0.7457627118644068,0.8979591836734694,0.8148148148148148,0.7272727272595042,40,15,5,44
com_erro,mlp,queda,100,50,50,94,94,51,43,47,47,9,12,3,0.7978723404255319,0.7978723404255319,0.7692307692307693,0.851063829787234,0.8080808080808081,0.7446808510479855,35,12,7,40
com_erro,mlp,queda,100,55,55,85,85,47,38,40,45,9,10,1,0.8470588235294118,0.8500000000000001,0.8,0.9,0.8470588235294118,0.7999999999822223,36,9,4,36
com_erro,mlp,queda,100,60,60,78,78,44,34,36,42,10,14,4,0.7692307692307693,0.7718253968253969,0.725,0.8055555555555556,0.7631578947368421,0.7380952380776644,31,11,7,29
com_erro,mlp,queda,100,65,65,72,72,37,35,32,40,10,15,5,0.8333333333333334,0.840625,0.7631578947368421,0.90625,0.8285714285714286,0.7749999999806251,31,9,3,29
com_erro,mlp,queda,100,70,70,67,67,35,32,32,35,10,14,4,0.7014925373134329,0.7022321428571429,0.6764705882352942,0.71875,0.696969696969697,0.685714285694694,24,11,9,23
com_erro,mlp,queda,100,75,75,63,63,37,26,33,30,8,13,5,0.8253968253968254,0.8272727272727273,0.8666666666666667,0.7878787878787878,0.8253968253968254,0.8666666666377778,26,4,7,26
com_erro,mlp,queda,100,80,80,59,59,35,24,30,29,9,11,2,0.7288135593220338,0.7270114942528736,0.6944444444444444,0.8333333333333334,0.7575757575757576,0.6206896551510107,18,11,5,25
com_erro,mlp,queda,100,85,85,55,55,28,27,27,28,8,9,1,0.8545454545454545,0.8538359788359788,0.88,0.8148148148148148,0.8461538461538461,0.8928571428252551,25,3,5,22
com_erro,mlp,queda,100,90,90,52,52,30,22,24,28,9,13,4,0.7884615384615384,0.7946428571428572,0.7241379310344828,0.875,0.7924528301886793,0.714285714260204,20,8,3,21
com_erro,mlp,queda,100,95,95,49,49,28,21,22,27,10,9,-1,0.7959183673469388,0.8106060606060606,0.7,0.9545454545454546,0.8076923076923077,0.6666666666419753,18,9,1,21
com_erro,mlp,queda,100,100,100,47,47,24,23,24,23,8,9,1,0.8085106382978723,0.8070652173913043,0.7777777777777778,0.875,0.8235294117647058,0.7391304347504726,17,6,3,21
com_erro,random_forest,lacuna,20,5,5,947,947,274,673,242,705,19,19,0,1.0,1.0,1.0,1.0,1.0,0.9999999999985816,705,0,0,242
com_erro,random_forest,lacuna,20,10,10,474,474,136,338,122,352,19,19,0,1.0,1.0,1.0,1.0,1.0,0.9999999999971592,352,0,0,122
com_erro,random_forest,lacuna,20,15,15,316,316,91,225,83,233,19,19,0,0.9968354430379747,0.9939759036144578,1.0,0.9879518072289156,0.9939393939393939,0.9999999999957082,233,0,1,82
com_erro,random_forest,lacuna,20,20,20,237,237,68,169,60,177,18,18,0,0.9915611814345991,0.9833333333333334,1.0,0.9666666666666667,0.9830508474576272,0.9999999999943503,177,0,2,58
com_erro,random_forest,lacuna,30,5,5,945,945,316,629,278,667,19,19,0,1.0,1.0,1.0,1.0,1.0,0.9999999999985008,667,0,0,278
com_erro,random_forest,lacuna,30,10,10,473,473,158,315,140,333,18,18,0,1.0,1.0,1.0,1.0,1.0,0.9999999999969971,333,0,0,140
com_erro,random_forest,lacuna,30,15,15,315,315,104,211,95,220,16,16,0,0.9968253968253968,0.9947368421052631,1.0,0.9894736842105263,0.9947089947089947,0.9999999999954546,220,0,1,94
com_erro,random_forest,lacuna,30,20,20,237,237,78,159,72,165,17,17,0,0.9957805907172996,0.9930555555555556,1.0,0.9861111111111112,0.993006993006993,0.9999999999939394,165,0,1,71
com_erro,random_forest,lacuna,30,25,25,189,189,63,126,56,133,16,16,0,0.9947089947089947,0.9910714285714286,1.0,0.9821428571428571,0.990990990990991,0.9999999999924812,133,0,1,55
com_erro,random_forest,lacuna,30,30,30,158,158,53,105,49,109,16,17,1,0.9810126582278481,0.9693877551020409,1.0,0.9387755102040817,0.968421052631579,0.9999999999908257,109,0,3,46
com_erro,random_forest,lacuna,40,5,5,943,943,352,591,313,630,17,17,0,1.0,1.0,1.0,1.0,1.0,0.9999999999984127,630,0,0,313
com_erro,random_forest,lacuna,40,10,10,472,472,176,296,157,315,17,17,0,1.0,1.0,1.0,1.0,1.0,0.9999999999968254,315,0,0,157
com_erro,random_forest,lacuna,40,15,15,315,315,117,198,107,208,17,17,0,0.9936507936507937,0.9906542056074766,1.0,0.9813084112149533,0.9905660377358491,0.9999999999951924,208,0,2,105
com_erro,random_forest,lacuna,40,20,20,236,236,88,148,78,158,16,16,0,0.9872881355932204,0.9807692307692308,1.0,0.9615384615384616,0.9803921568627451,0.999999999993671,158,0,3,75
com_erro,random_forest,lacuna,40,25,25,189,189,70,119,61,128,16,16,0,1.0,1.0,1.0,1.0,1.0,0.9999999999921876,128,0,0,61
com_erro,random_forest,lacuna,40,30,30,158,158,57,101,55,103,16,16,0,1.0,1.0,1.0,1.0,1.0,0.9999999999902912,103,0,0,55
com_erro,random_forest,lacuna,40,35,35,135,135,49,86,46,89,15,16,1,0.9925925925925926,0.9891304347826086,1.0,0.9782608695652174,0.989010989010989,0.999999999988764,89,0,1,45
com_erro,random_forest,lacuna,40,40,40,118,118,46,72,40,78,15,15,0,0.9745762711864406,0.9625,1.0,0.925,0.961038961038961,0.9999999999871795,78,0,3,37
com_erro,random_forest,lacuna,50,5,5,941,941,383,558,345,596,17,17,0,1.0,1.0,1.0,1.0,1.0,0.9999999999983221,596,0,0,345
com_erro,random_forest,lacuna,50,10,10,471,471,192,279,173,298,17,17,0,1.0,1.0,1.0,1.0,1.0,0.9999999999966444,298,0,0,173
com_erro,random_forest,lacuna,50,15,15,314,314,127,187,117,197,17,17,0,0.9968152866242038,0.9957264957264957,1.0,0.9914529914529915,0.9957081545064378,0.999999999994924,197,0,1,116
com_erro,random_forest,lacuna,50,20,20,236,236,96,140,88,148,16,16,0,0.9957627118644068,0.9943181818181819,1.0,0.9886363636363636,0.9942857142857143,0.9999999999932433,148,0,1,87
com_erro,random_forest,lacuna,50,25,25,189,189,79,110,71,118,16,16,0,1.0,1.0,1.0,1.0,1.0,0.9999999999915254,118,0,0,71
com_erro,random_forest,lacuna,50,30,30,157,157,62,95,58,99,15,15,0,0.9936305732484076,0.994949494949495,0.9830508474576272,1.0,0.9914529914529915,0.9898989898889908,98,1,0,58
com_erro,random_forest,lacuna,50,35,35,135,135,54,81,51,84,15,16,1,0.9925925925925926,0.9901960784313726,1.0,0.9803921568627451,0.9900990099009901,0.9999999999880952,84,0,1,50
com_erro,random_forest,lacuna,50,40,40,118,118,48,70,42,76,15,19,4,0.9322033898305084,0.9260651629072681,0.9047619047619048,0.9047619047619048,0.9047619047619048,0.9473684210401662,72,4,4,38
com_erro,random_forest,lacuna,50,45,45,105,105,41,64,37,68,15,15,0,1.0,1.0,1.0,1.0,1.0,0.9999999999852941,68,0,0,37
com_erro,random_forest,lacuna,50,50,50,95,95,41,54,37,58,16,16,0,0.9052631578947369,0.9224137931034483,0.8043478260869565,1.0,0.891566265060241,0.8448275861923306,49,9,0,37
com_erro,random_forest,lacuna,60,5,5,939,939,411,528,377,562,17,17,0,1.0,1.0,1.0,1.0,1.0,0.9999999999982206,562,0,0,377
com_erro,random_forest,lacuna,60,10,10,470,470,206,264,189,281,16,16,0,1.0,1.0,1.0,1.0,1.0,0.9999999999964413,281,0,0,189
com_erro,random_forest,lacuna,60,15,15,313,313,135,178,127,186,14,15,1,0.9904153354632588,0.9881889763779528,1.0,0.9763779527559056,0.9880478087649402,0.9999999999946237,186,0,3,124
com_erro,random_forest,lacuna,60,20,20,235,235,104,131,94,141,14,14,0,0.9914893617021276,0.9893617021276595,1.0,0.9787234042553191,0.989247311827957,0.9999999999929079,141,0,2,92
com_erro,random_forest,lacuna,60,25,25,188,188,83,105,76,112,14,14,0,1.0,1.0,1.0,1.0,1.0,0.9999999999910714,112,0,0,76
com_erro,random_forest,lacuna,60,30,30,157,157,69,88,65,92,14,16,2,0.9363057324840764,0.9433946488294315,0.8767123287671232,0.9846153846153847,0.927536231884058,0.902173913033672,83,9,1,64
com_erro,random_forest,lacuna,60,35,35,135,135,60,75,57,78,14,18,4,0.9333333333333333,0.9375843454790823,0.8870967741935484,0.9649122807017544,0.9243697478991597,0.9102564102447402,71,7,2,55
com_erro,random_forest,lacuna,60,40,40,118,118,51,67,47,71,14,15,1,0.8813559322033898,0.8906203176505844,0.8,0.9361702127659575,0.8627450980392157,0.8450704225233088,60,11,3,44
com_erro,random_forest,lacuna,60,45,45,105,105,46,59,43,62,13,15,2,0.9333333333333333,0.9399849962490623,0.875,0.9767441860465116,0.9230769230769231,0.9032258064370448,56,6,1,42
com_erro,random_forest,lacuna,60,50,50,94,94,40,54,38,56,14,14,0,0.8936170212765957,0.9064849624060151,0.8043478260869565,0.9736842105263158,0.8809523809523809,0.8392857142707271,47,9,1,37
com_erro,random_forest,lacuna,60,55,55,86,86,37,49,35,51,13,14,1,0.9186046511627907,0.926890756302521,0.85,0.9714285714285714,0.9066666666666666,0.8823529411591696,45,6,1,34
com_erro,random_forest,lacuna,60,60,60,79,79,36,43,33,46,14,15,1,0.8734177215189873,0.8784584980237153,0.8108108108108109,0.9090909090909091,0.8571428571428571,0.8478260869380908,39,7,3,30
com_erro,random_forest,lacuna,70,5,5,937,937,437,500,408,529,15,15,0,1.0,1.0,1.0,1.0,1.0,0.9999999999981096,529,0,0,408
com_erro,random_forest,lacuna,70,10,10,469,469,219,250,204,265,15,21,6,0.9637526652452025,0.9679245283018868,0.9230769230769231,1.0,0.96,0.9358490566002421,248,17,0,204
com_erro,random_forest,lacuna,70,15,15,313,313,147,166,138,175,15,18,3,0.9361022364217252,0.9413250517598344,0.8831168831168831,0.9855072463768116,0.9315068493150684,0.8971428571377307,157,18,2,136
com_erro,random_forest,lacuna,70,20,20,235,235,109,126,103,132,15,16,1,0.9276595744680851,0.9345395704619006,0.864406779661017,0.9902912621359223,0.9230769230769231,0.8787878787812213,116,16,1,102
com_erro,random_forest,lacuna,70,25,25,188,188,87,101,83,105,15,16,1,0.9308510638297872,0.9380952380952381,0.8645833333333334,1.0,0.9273743016759777,0.8761904761821315,92,13,0,83
com_erro,random_forest,lacuna,70,30,30,157,157,73,84,70,87,14,16,2,0.9299363057324841,0.9353858784893267,0.8734177215189873,0.9857142857142858,0.9261744966442953,0.8850574712541946,77,10,1,69
com_erro,random_forest,lacuna,70,35,35,134,134,64,70,60,74,13,15,2,0.9253731343283582,0.9308558558558558,0.8676470588235294,0.9833333333333333,0.921875,0.8783783783665083,65,9,1,59
com_erro,random_forest,lacuna,70,40,40,118,118,56,62,54,64,14,15,1,0.9067796610169492,0.9126157407407407,0.8412698412698413,0.9814814814814815,0.905982905982906,0.8437499999868163,54,10,1,53
com_erro,random_forest,lacuna,70,45,45,105,105,49,56,47,58,14,14,0,0.9142857142857143,0.9224137931034483,0.8392857142857143,1.0,0.912621359223301,0.8448275861923306,49,9,0,47
com_erro,random_forest,lacuna,70,50,50,94,94,42,52,42,52,14,14,0,0.8936170212765957,0.9038461538461539,0.8076923076923077,1.0,0.8936170212765957,0.8076923076767752,42,10,0,42
com_erro,random_forest,lacuna,70,55,55,86,86,39,47,36,50,14,15,1,0.8953488372093024,0.9061111111111111,0.813953488372093,0.9722222222222222,0.8860759493670886,0.8399999999832001,42,8,1,35
com_erro,random_forest,lacuna,70,60,60,79,79,38,41,37,42,14,14,0,0.8860759493670886,0.8912483912483913,0.8181818181818182,0.972972972972973,0.8888888888888888,0.8095238095045352,34,8,1,36
com_erro,random_forest,lacuna,70,65,65,73,73,37,36,30,43,14,14,0,0.9041095890410958,0.9186046511627908,0.8108108108108109,1.0,0.8955223880597015,0.8372093023061115,36,7,0,30
com_erro,random_forest,lacuna,70,70,70,67,67,30,37,31,36,12,12,0,0.9850746268656716,0.9838709677419355,1.0,0.967741935483871,0.9836065573770492,0.9999999999722223,36,0,1,30
com_erro,random_forest,lacuna,80,5,5,935,935,461,474,436,499,15,15,0,0.9989304812834224,0.9988532110091743,1.0,0.9977064220183486,0.9988518943742825,0.999999999997996,499,0,1,435
com_erro,random_forest,lacuna,80,10,10,468,468,231,237,218,250,15,16,1,0.9401709401709402,0.944,0.8861788617886179,1.0,0.9396551724137931,0.8879999999964481,222,28,0,218
com_erro,random_forest,lacuna,80,15,15,312,312,153,159,147,165,14,17,3,0.9198717948717948,0.9242424242424243,0.8546511627906976,1.0,0.9216300940438872,0.8484848484797062,140,25,0,147
com_erro,random_forest,lacuna,80,20,20,234,234,116,118,108,126,14,15,1,0.8931623931623932,0.8988095238095237,0.8267716535433071,0.9722222222222222,0.8936170212765957,0.8253968253902746,104,22,3,105
com_erro,random_forest,lacuna,80,25,25,187,187,92,95,87,100,14,15,1,0.9037433155080213,0.9099999999999999,0.8285714285714286,1.0,0.90625,0.8199999999918,82,18,0,87
com_erro,random_forest,lacuna,80,30,30,156,156,75,81,73,83,13,14,1,0.9038461538461539,0.9088133355339165,0.8372093023255814,0.9863013698630136,0.9056603773584906,0.8313253011948033,69,14,1,72
com_erro,random_forest,lacuna,80,35,35,134,134,68,66,64,70,13,13,0,0.8880597014925373,0.8921875,0.8181818181818182,0.984375,0.8936170212765957,0.7999999999885714,56,14,1,63
com_erro,random_forest,lacuna,80,40,40,117,117,61,56,55,62,13,12,-1,0.8717948717948718,0.8769794721407624,0.803030303030303,0.9636363636363636,0.8760330578512396,0.7903225806324142,49,13,2,53
com_erro,random_forest,lacuna,80,45,45,104,104,50,54,47,57,13,13,0,0.9134615384615384,0.9210526315789473,0.8392857142857143,1.0,0.912621359223301,0.8421052631431211,48,9,0,47
com_erro,random_forest,lacuna,80,50,50,94,94,47,47,45,49,13,13,0,0.9042553191489362,0.9081632653061225,0.8333333333333334,1.0,0.9090909090909091,0.8163265305955852,40,9,0,45
com_erro,random_forest,lacuna,80,55,55,85,85,42,43,40,45,13,14,1,0.8941176470588236,0.8972222222222221,0.8444444444444444,0.95,0.8941176470588236,0.8444444444256791,38,7,2,38
com_erro,random_forest,lacuna,80,60,60,78,78,39,39,38,40,13,13,0,0.8461538461538461,0.8480263157894736,0.7954545454545454,0.9210526315789473,0.8536585365853658,0.7749999999806251,31,9,3,35
com_erro,random_forest,lacuna,80,65,65,72,72,38,34,34,38,13,12,-1,0.8611111111111112,0.8668730650154799,0.7857142857142857,0.9705882352941176,0.868421052631579,0.7631578947167591,29,9,1,33
com_erro,random_forest,lacuna,80,70,70,67,67,34,33,33,34,12,12,0,0.8955223880597015,0.8966131907308378,0.8421052631578947,0.9696969696969697,0.9014084507042254,0.8235294117404846,28,6,1,32
com_erro,random_forest,lacuna,80,75,75,63,63,31,32,27,36,13,13,0,0.9047619047619048,0.9166666666666667,0.8181818181818182,1.0,0.9,0.8333333333101852,30,6,0,27
com_erro,random_forest,lacuna,80,80,80,59,59,31,28,27,32,13,12,-1,0.864406779661017,0.8721064814814814,0.7878787878787878,0.9629629629629629,0.8666666666666667,0.781249999975586,25,7,1,26
com_erro,random_forest,lacuna,90,5,5,933,933,484,449,462,471,14,15,1,0.9935691318327974,0.9936098932914219,0.9892703862660944,0.9978354978354979,0.9935344827586207,0.9893842887452455,466,5,1,461
com_erro,random_forest,lacuna,90,10,10,467,467,243,224,231,236,14,15,1,0.9057815845824411,0.9067338029202436,0.8424908424908425,0.9956709956709957,0.9126984126984127,0.8177966101660263,193,43,1,230
com_erro,random_forest,lacuna,90,15,15,311,311,160,151,155,156,13,14,1,0.9260450160771704,0.9262613730355665,0.875,0.9935483870967742,0.9305135951661632,0.8589743589688528,134,22,1,154
com_erro,random_forest,lacuna,90,20,20,234,234,121,113,117,117,14,16,2,0.8931623931623932,0.8931623931623931,0.8333333333333334,0.9829059829059829,0.9019607843137255,0.8034188034119366,94,23,2,115
com_erro,random_forest,lacuna,90,25,25,187,187,98,89,91,96,13,12,-1,0.8877005347593583,0.890625,0.8125,1.0,0.896551724137931,0.781249999991862,75,21,0,91
com_erro,random_forest,lacuna,90,30,30,156,156,82,74,79,77,13,13,0,0.8910256410256411,0.8897747821798455,0.8297872340425532,0.9873417721518988,0.9017341040462428,0.7922077921975038,61,16,1,78
com_erro,random_forest,lacuna,90,35,35,134,134,70,64,68,66,14,13,-1,0.8880597014925373,0.8863636363636364,0.8192771084337349,1.0,0.9006622516556292,0.7727272727155647,51,15,0,68
com_erro,random_forest,lacuna,90,40,40,117,117,61,56,57,60,12,12,0,0.8717948717948718,0.8741228070175439,0.8088235294117647,0.9649122807017544,0.88,0.7833333333202778,47,13,2,55
com_erro,random_forest,lacuna,90,45,45,104,104,52,52,51,53,12,13,1,0.8942307692307693,0.8954864964853866,0.8448275862068966,0.9607843137254902,0.8990825688073395,0.8301886792296191,44,9,2,49
com_erro,random_forest,lacuna,90,50,50,94,94,52,42,47,47,12,11,-1,0.8936170212765957,0.8936170212765957,0.8245614035087719,1.0,0.9038461538461539,0.7872340425364419,37,10,0,47
com_erro,random_forest,lacuna,90,55,55,85,85,44,41,40,45,13,13,0,0.8941176470588236,0.898611111111111,0.8297872340425532,0.975,0.896551724137931,0.8222222222039507,37,8,1,39
com_erro,random_forest,lacuna,90,60,60,78,78,41,37,41,37,12,12,0,0.8717948717948718,0.8675016479894528,0.8297872340425532,0.9512195121951219,0.8863636363636364,0.7837837837626005,29,8,2,39
com_erro,random_forest,lacuna,90,65,65,72,72,38,34,35,37,13,12,-1,0.8888888888888888,0.8918918918918919,0.813953488372093,1.0,0.8974358974358975,0.7837837837626005,29,8,0,35
com_erro,random_forest,lacuna,90,70,70,67,67,35,32,34,33,12,11,-1,0.8955223880597015,0.8939393939393939,0.8292682926829268,1.0,0.9066666666666666,0.7878787878549128,26,7,0,34
com_erro,random_forest,lacuna,90,75,75,63,63,34,29,29,34,13,13,0,0.9047619047619048,0.9117647058823529,0.8285714285714286,1.0,0.90625,0.8235294117404846,28,6,0,29
com_erro,random_forest,lacuna,90,80,80,59,59,31,28,29,30,11,11,0,0.864406779661017,0.8660919540229886,0.8,0.9655172413793104,0.875,0.7666666666411112,23,7,1,28
com_erro,random_forest,lacuna,90,85,85,55,55,29,26,28,27,12,11,-1,0.8363636363636363,0.8353174603174603,0.8064516129032258,0.8928571428571429,0.847457627118644,0.7777777777489712,21,6,3,25
com_erro,random_forest,lacuna,90,90,90,52,52,26,26,27,25,12,13,1,0.8269230769230769,0.8244444444444444,0.8,0.8888888888888888,0.8421052631578947,0.7599999999696,19,6,3,24
com_erro,random_forest,lacuna,100,5,5,931,931,505,426,486,445,14,14,0,0.8990332975295381,0.8944768113931659,0.8391003460207612,0.9979423868312757,0.9116541353383458,0.7910112359532786,352,93,1,485
com_erro,random_forest,lacuna,100,10,10,466,466,253,213,243,223,14,14,0,0.8927038626609443,0.8880769159792579,0.8316151202749141,0.9958847736625515,0.9063670411985019,0.7802690582924652,174,49,1,242
com_erro,random_forest,lacuna,100,15,15,311,311,170,141,164,147,14,14,0,0.8938906752411575,0.8881076820972291,0.8358974358974359,0.9939024390243902,0.9080779944289693,0.7823129251647463,115,32,1,163
com_erro,random_forest,lacuna,100,20,20,233,233,127,106,121,112,13,12,-1,0.8798283261802575,0.8756641086186541,0.8206896551724138,0.9834710743801653,0.8947368421052632,0.7678571428502869,86,26,2,119
com_erro,random_forest,lacuna,100,25,25,187,187,102,85,100,87,14,13,-1,0.893048128342246,0.8850574712643677,0.8333333333333334,1.0,0.9090909090909091,0.7701149425198837,67,20,0,100
com_erro,random_forest,lacuna,100,30,30,156,156,85,71,83,73,14,13,-1,0.8846153846153846,0.8775375474500742,0.8282828282828283,0.9879518072289156,0.9010989010989011,0.7671232876607244,56,17,1,82
com_erro,random_forest,lacuna,100,35,35,133,133,73,60,71,62,12,11,-1,0.8947368421052632,0.8870967741935484,0.8352941176470589,1.0,0.9102564102564102,0.7741935483746099,48,14,0,71
com_erro,random_forest,lacuna,100,40,40,117,117,62,55,61,56,12,11,-1,0.8632478632478633,0.8593384074941453,0.8169014084507042,0.9508196721311475,0.8787878787878788,0.7678571428434312,43,13,3,58
com_erro,random_forest,lacuna,100,45,45,104,104,57,47,53,51,12,12,0,0.8846153846153846,0.8827229004809471,0.8253968253968254,0.9811320754716981,0.896551724137931,0.7843137254748175,40,11,1,52
com_erro,random_forest,lacuna,100,50,50,94,94,52,42,52,42,13,12,-1,0.8936170212765957,0.8809523809523809,0.8387096774193549,1.0,0.9122807017543859,0.7619047618866214,32,10,0,52
com_erro,random_forest,lacuna,100,55,55,85,85,45,40,46,39,12,12,0,0.8470588235294118,0.839186176142698,0.8113207547169812,0.9347826086956522,0.8686868686868687,0.7435897435706772,29,10,3,43
com_erro,random_forest,lacuna,100,60,60,78,78,42,36,42,36,12,11,-1,0.8589743589743589,0.8531746031746033,0.8297872340425532,0.9285714285714286,0.8764044943820225,0.777777777756173,28,8,3,39
com_erro,random_forest,lacuna,100,65,65,72,72,39,33,37,35,12,12,0,0.875,0.8722007722007723,0.8181818181818182,0.972972972972973,0.8888888888888888,0.7714285714065306,27,8,1,36
com_erro,random_forest,lacuna,100,70,70,67,67,39,28,36,31,11,10,-1,0.8955223880597015,0.8870967741935484,0.8372093023255814,1.0,0.9113924050632911,0.7741935483621228,24,7,0,36
com_erro,random_forest,lacuna,100,75,75,63,63,36,27,35,28,13,13,0,0.9206349206349206,0.9107142857142857,0.875,1.0,0.9333333333333333,0.8214285713992346,23,5,0,35
com_erro,random_forest,lacuna,100,80,80,59,59,31,28,31,28,11,9,-2,0.847457627118644,0.8410138248847927,0.7894736842105263,0.967741935483871,0.8695652173913043,0.714285714260204,20,8,1,30
com_erro,random_forest,lacuna,100,85,85,55,55,32,23,30,25,11,9,-2,0.8727272727272727,0.86,0.8108108108108109,1.0,0.8955223880597015,0.7199999999712,18,7,0,30
com_erro,random_forest,lacuna,100,90,90,52,52,29,23,27,25,12,10,-2,0.8269230769230769,0.8200000000000001,0.75,1.0,0.8571428571428571,0.6399999999744,16,9,0,27
com_erro,random_forest,lacuna,100,95,95,49,49,27,22,25,24,13,11,-2,0.8571428571428571,0.8541666666666667,0.78125,1.0,0.8771929824561403,0.7083333333038194,17,7,0,25
com_erro,random_forest,lacuna,100,100,100,47,47,26,21,27,20,10,10,0,0.8936170212765957,0.8814814814814815,0.8666666666666667,0.9629629629629629,0.9122807017543859,0.79999999996,16,4,1,26
com_erro,random_forest,oscilacao,20,5,5,947,947,412,535,304,643,17,36,19,0.8870116156282999,0.8881809159368094,0.7855072463768116,0.8914473684210527,0.8351309707241911,0.8849144634511898,569,74,33,271
com_erro,random_forest,oscilacao,20,10,10,474,474,205,269,155,319,17,32,15,0.8839662447257384,0.8856001617959349,0.7840909090909091,0.8903225806451613,0.8338368580060423,0.8808777429439472,281,38,17,138
com_erro,random_forest,oscilacao,20,15,15,316,316,140,176,102,214,17,26,9,0.8829113924050633,0.890461792193513,0.768595041322314,0.9117647058823529,0.8340807174887892,0.8691588785006115,186,28,9,93
com_erro,random_forest,oscilacao,20,20,20,237,237,102,135,77,160,17,22,5,0.8987341772151899,0.898051948051948,0.8117647058823529,0.8961038961038961,0.8518518518518519,0.8999999999943751,144,16,8,69
com_erro,random_forest,oscilacao,30,5,5,945,945,457,488,336,609,17,38,21,0.8423280423280424,0.8509852216748768,0.7308641975308642,0.8809523809523809,0.7989203778677463,0.8210180623960246,500,109,40,296
com_erro,random_forest,oscilacao,30,10,10,473,473,228,245,171,302,16,34,18,0.8181818181818182,0.8271755547809923,0.7033492822966507,0.8596491228070176,0.7736842105263158,0.7947019867523355,240,62,24,147
com_erro,random_forest,oscilacao,30,15,15,315,315,152,163,109,206,17,30,13,0.834920634920635,0.8478667497995902,0.708029197080292,0.8899082568807339,0.7886178861788617,0.8058252427145348,166,40,12,97
com_erro,random_forest,oscilacao,30,20,20,237,237,114,123,86,151,16,23,7,0.7721518987341772,0.7886570152471892,0.6403508771929824,0.8488372093023255,0.73,0.7284768211872287,110,41,13,73
com_erro,random_forest,oscilacao,30,25,25,189,189,93,96,65,124,15,24,9,0.8359788359788359,0.8457196029776675,0.7125,0.8769230769230769,0.7862068965517242,0.8145161290256894,101,23,8,57
com_erro,random_forest,oscilacao,30,30,30,158,158,74,84,57,101,16,21,5,0.8037974683544303,0.8159631752648949,0.6805555555555556,0.8596491228070176,0.7596899224806202,0.772277227715126,78,23,8,49
com_erro,random_forest,oscilacao,40,5,5,943,943,499,444,367,576,16,33,17,0.7900318133616119,0.8093399939448986,0.6728016359918201,0.896457765667575,0.7686915887850467,0.7222222222209683,416,160,38,329
com_erro,random_forest,oscilacao,40,10,10,472,472,249,223,186,286,16,28,12,0.7711864406779662,0.7895706444093541,0.657258064516129,0.8763440860215054,0.7511520737327189,0.7027972027947454,201,85,23,163
com_erro,random_forest,oscilacao,40,15,15,315,315,167,148,123,192,16,28,12,0.7619047619047619,0.7769308943089431,0.65,0.8455284552845529,0.734982332155477,0.7083333333296441,136,56,19,104
com_erro,random_forest,oscilacao,40,20,20,236,236,124,112,93,143,16,22,6,0.7711864406779662,0.7905105647041131,0.656,0.8817204301075269,0.7522935779816514,0.6993006992958092,100,43,11,82
com_erro,random_forest,oscilacao,40,25,25,189,189,100,89,72,117,16,23,7,0.7354497354497355,0.7489316239316239,0.6170212765957447,0.8055555555555556,0.6987951807228916,0.6923076923017751,81,36,14,58
com_erro,random_forest,oscilacao,40,30,30,158,158,81,77,62,96,16,23,7,0.7721518987341772,0.7896505376344086,0.6585365853658537,0.8709677419354839,0.75,0.7083333333259548,68,28,8,54
com_erro,random_forest,oscilacao,40,35,35,135,135,73,62,54,81,15,19,4,0.7777777777777778,0.7962962962962963,0.6666666666666666,0.8888888888888888,0.7619047619047619,0.703703703695016,57,24,6,48
com_erro,random_forest,oscilacao,40,40,40,118,118,61,57,46,72,15,20,5,0.7457627118644068,0.7641908212560387,0.6290322580645161,0.8478260869565217,0.7222222222222222,0.6805555555461034,49,23,7,39
com_erro,random_forest,oscilacao,50,5,5,941,941,537,404,397,544,16,23,7,0.767268862911796,0.7861210920136317,0.6642066420664207,0.906801007556675,0.7667731629392971,0.665441176469365,362,182,37,360
com_erro,random_forest,oscilacao,50,10,10,471,471,269,202,201,270,16,23,7,0.7600849256900213,0.7786622443338862,0.6594202898550725,0.9054726368159204,0.7631027253668763,0.6518518518494376,176,94,19,182
com_erro,random_forest,oscilacao,50,15,15,314,314,181,133,133,181,16,21,5,0.7420382165605095,0.7602916130104267,0.6428571428571429,0.8796992481203008,0.7428571428571429,0.6408839778970117,116,65,16,117
com_erro,random_forest,oscilacao,50,20,20,236,236,135,101,101,135,16,20,4,0.7161016949152542,0.7356435643564356,0.6197183098591549,0.8712871287128713,0.7242798353909465,0.5999999999955556,81,54,13,88
com_erro,random_forest,oscilacao,50,25,25,189,189,108,81,77,112,16,21,5,0.746031746031746,0.7694805194805194,0.6330275229357798,0.8961038961038961,0.7419354838709677,0.642857142851403,72,40,8,69
com_erro,random_forest,oscilacao,50,30,30,157,157,90,67,67,90,13,21,8,0.7006369426751592,0.717910447761194,0.6086956521739131,0.835820895522388,0.7044025157232704,0.5999999999933333,54,36,11,56
com_erro,random_forest,oscilacao,50,35,35,135,135,78,57,58,77,15,19,4,0.7481481481481481,0.7664576802507836,0.65,0.896551724137931,0.7536231884057971,0.6363636363553719,49,28,6,52
com_erro,random_forest,oscilacao,50,40,40,118,118,70,48,50,68,15,20,5,0.6864406779661016,0.706764705882353,0.5915492957746479,0.84,0.6942148760330579,0.5735294117562716,39,29,8,42
com_erro,random_forest,oscilacao,50,45,45,105,105,60,45,45,60,14,22,8,0.6761904761904762,0.6972222222222222,0.5846153846153846,0.8444444444444444,0.6909090909090909,0.5499999999908334,33,27,7,38
com_erro,random_forest,oscilacao,50,50,50,95,95,52,43,40,55,13,20,7,0.6842105263157895,0.696590909090909,0.5961538461538461,0.775,0.6739130434782609,0.6181818181705786,34,21,9,31
com_erro,random_forest,oscilacao,60,5,5,939,939,573,366,427,512,16,26,10,0.7571884984025559,0.7713174216920375,0.6677908937605397,0.927400468384075,0.7764705882352941,0.6152343749987984,315,197,31,396
com_erro,random_forest,oscilacao,60,10,10,470,470,287,183,216,254,16,23,7,0.7510638297872341,0.7637977544473608,0.6655518394648829,0.9212962962962963,0.7728155339805826,0.6062992125960383,154,100,17,199
com_erro,random_forest,oscilacao,60,15,15,313,313,191,122,140,173,16,21,5,0.7507987220447284,0.7663914120561519,0.6597938144329897,0.9142857142857143,0.7664670658682635,0.6184971098230145,107,66,12,128
com_erro,random_forest,oscilacao,60,20,20,235,235,144,91,108,127,14,19,5,0.7404255319148936,0.7529163021289006,0.6577181208053692,0.9074074074074074,0.7626459143968871,0.5984251968456816,76,51,10,98
com_erro,random_forest,oscilacao,60,25,25,188,188,115,73,84,104,14,21,7,0.7393617021276596,0.7564102564102564,0.6470588235294118,0.9166666666666666,0.7586206896551724,0.5961538461481138,62,42,7,77
com_erro,random_forest,oscilacao,60,30,30,157,157,94,63,72,85,13,19,6,0.7261146496815286,0.739624183006536,0.6435643564356436,0.9027777777777778,0.7514450867052023,0.576470588228512,49,36,7,65
com_erro,random_forest,oscilacao,60,35,35,135,135,83,52,63,72,15,19,4,0.7037037037037037,0.7162698412698413,0.6263736263736264,0.9047619047619048,0.7402597402597403,0.5277777777704475,38,34,6,57
com_erro,random_forest,oscilacao,60,40,40,118,118,72,46,57,61,14,18,4,0.7033898305084746,0.7090882945067587,0.6410256410256411,0.8771929824561403,0.7407407407407407,0.5409836065485085,33,28,7,50
com_erro,random_forest,oscilacao,60,45,45,105,105,63,42,47,58,14,19,5,0.6761904761904762,0.6907556859867938,0.6,0.8297872340425532,0.6964285714285714,0.5517241379215221,32,26,8,39
com_erro,random_forest,oscilacao,60,50,50,94,94,54,40,43,51,13,19,6,0.6914893617021277,0.6992704058367533,0.6296296296296297,0.7906976744186046,0.7010309278350515,0.6078431372429836,31,20,9,34
com_erro,random_forest,oscilacao,60,55,55,86,86,50,36,39,47,13,19,6,0.686046511627907,0.6996726677577741,0.6111111111111112,0.8461538461538461,0.7096774193548387,0.5531914893499321,26,21,6,33
com_erro,random_forest,oscilacao,60,60,60,79,79,48,31,37,42,12,16,4,0.7721518987341772,0.7824967824967826,0.6862745098039216,0.9459459459459459,0.7954545454545454,0.6190476190328799,26,16,2,35
com_erro,random_forest,oscilacao,70,5,5,937,937,607,330,457,480,14,27,13,0.7385272145144077,0.7432713347921225,0.6645962732919255,0.936542669584245,0.7774750227066304,0.5499999999988542,264,216,29,428
com_erro,random_forest,oscilacao,70,10,10,469,469,304,165,231,238,13,26,13,0.7377398720682303,0.7405143875732112,0.66875,0.9264069264069265,0.7767695099818511,0.5546218487371655,132,106,17,214
com_erro,random_forest,oscilacao,70,15,15,313,313,203,110,153,160,13,21,8,0.7476038338658147,0.7515522875816993,0.6761904761904762,0.9281045751633987,0.7823691460055097,0.5749999999964063,92,68,11,142
com_erro,random_forest,oscilacao,70,20,20,235,235,152,83,116,119,13,20,7,0.7106382978723405,0.713090408577224,0.6481481481481481,0.9051724137931034,0.7553956834532374,0.5210084033569663,62,57,11,105
com_erro,random_forest,oscilacao,70,25,25,188,188,121,67,89,99,13,20,7,0.7287234042553191,0.7384519350811486,0.6507936507936508,0.9213483146067416,0.7627906976744186,0.5555555555499438,55,44,7,82
com_erro,random_forest,oscilacao,70,30,30,157,157,100,57,77,80,13,15,2,0.7197452229299363,0.7235389610389611,0.6513761467889908,0.922077922077922,0.7634408602150538,0.5249999999934375,42,38,6,71
com_erro,random_forest,oscilacao,70,35,35,134,134,90,44,66,68,13,17,4,0.7238805970149254,0.7270499108734403,0.6526315789473685,0.9393939393939394,0.7701863354037267,0.514705882345372,35,33,4,62
com_erro,random_forest,oscilacao,70,40,40,118,118,73,45,61,57,12,15,3,0.7288135593220338,0.723899913718723,0.6883116883116883,0.8688524590163934,0.7681159420289855,0.5789473684108957,33,24,8,53
com_erro,random_forest,oscilacao,70,45,45,105,105,68,37,52,53,13,13,0,0.6761904761904762,0.6779753265602322,0.625,0.8653846153846154,0.7258064516129032,0.49056603772659313,26,27,7,45
com_erro,random_forest,oscilacao,70,50,50,94,94,60,34,45,49,13,14,1,0.7127659574468085,0.7208616780045352,0.640625,0.9111111111111111,0.7522935779816514,0.5306122448871304,26,23,4,41
com_erro,random_forest,oscilacao,70,55,55,86,86,56,30,42,44,13,14,1,0.7209302325581395,0.725108225108225,0.6551724137931034,0.9047619047619048,0.76,0.5454545454421488,24,20,4,38
com_erro,random_forest,oscilacao,70,60,60,79,79,50,29,40,39,12,13,1,0.759493670886076,0.7573717948717948,0.6981132075471698,0.925,0.7956989247311828,0.5897435897284682,23,16,3,37
com_erro,random_forest,oscilacao,70,65,65,73,73,48,25,37,36,12,12,0,0.6712328767123288,0.6685435435435436,0.6274509803921569,0.8648648648648649,0.7272727272727273,0.472222222209105,17,19,5,32
com_erro,random_forest,oscilacao,70,70,70,67,67,46,21,35,32,11,10,-1,0.6567164179104478,0.6446428571428571,0.6153846153846154,0.9142857142857143,0.735632183908046,0.3749999999882813,12,20,3,32
com_erro,random_forest,oscilacao,80,5,5,935,935,639,296,482,453,13,30,17,0.720855614973262,0.7133815137442409,0.6580829756795422,0.9543568464730291,0.7790008467400508,0.47240618101440973,214,239,22,460
com_erro,random_forest,oscilacao,80,10,10,468,468,320,148,243,225,13,22,9,0.7371794871794872,0.7279835390946502,0.6714285714285714,0.9670781893004116,0.7925801011804384,0.48888888888671606,110,115,8,235
com_erro,random_forest,oscilacao,80,15,15,312,312,215,97,161,151,13,21,8,0.7051282051282052,0.6972152523549011,0.6468085106382979,0.9440993788819876,0.7676767676767676,0.45033112582483226,68,83,9,152
com_erro,random_forest,oscilacao,80,20,20,234,234,160,74,121,113,13,19,6,0.7307692307692307,0.7235793169019236,0.6726190476190477,0.9338842975206612,0.7820069204152249,0.5132743362786436,58,55,8,113
com_erro,random_forest,oscilacao,80,25,25,187,187,129,58,94,93,13,14,1,0.7540106951871658,0.7528597574925646,0.6791044776119403,0.9680851063829787,0.7982456140350878,0.5376344085963695,50,43,3,91
com_erro,random_forest,oscilacao,80,30,30,156,156,108,48,80,76,12,13,1,0.7051282051282052,0.6986842105263158,0.6440677966101694,0.95,0.7676767676767676,0.4473684210467451,34,42,4,76
com_erro,random_forest,oscilacao,80,35,35,134,134,93,41,72,62,12,15,3,0.7238805970149254,0.7060931899641577,0.6732673267326733,0.9444444444444444,0.7861271676300579,0.46774193547632675,29,33,4,68
com_erro,random_forest,oscilacao,80,40,40,117,117,79,38,61,56,12,12,0,0.7008547008547008,0.6918911007025761,0.6547619047619048,0.9016393442622951,0.7586206896551724,0.4821428571342475,27,29,6,55
com_erro,random_forest,oscilacao,80,45,45,104,104,69,35,52,52,12,11,-1,0.7403846153846154,0.7403846153846154,0.6712328767123288,0.9423076923076923,0.784,0.5384615384511835,28,24,3,49
com_erro,random_forest,oscilacao,80,50,50,94,94,65,29,46,48,13,12,-1,0.6914893617021277,0.6965579710144928,0.6231884057971014,0.9347826086956522,0.7478260869565218,0.45833333332378473,22,26,3,43
com_erro,random_forest,oscilacao,80,55,55,85,85,60,25,44,41,12,10,-2,0.6470588235294118,0.636640798226164,0.6029411764705882,0.9318181818181818,0.7321428571428571,0.341463414625818,14,27,3,41
com_erro,random_forest,oscilacao,80,60,60,78,78,54,24,40,38,12,13,1,0.717948717948718,0.7118421052631578,0.6551724137931034,0.95,0.7755102040816326,0.47368421051385046,18,20,2,38
com_erro,random_forest,oscilacao,80,65,65,72,72,50,22,37,35,12,10,-2,0.6944444444444444,0.6880308880308881,0.6415094339622641,0.918918918918919,0.7555555555555555,0.45714285712979597,16,19,3,34
com_erro,random_forest,oscilacao,80,70,70,67,67,48,19,37,30,10,9,-1,0.6865671641791045,0.6563063063063063,0.6481481481481481,0.9459459459459459,0.7692307692307693,0.3666666666544444,11,19,2,35
com_erro,random_forest,oscilacao,80,75,75,63,63,43,20,31,32,12,10,-2,0.6984126984126984,0.702116935483871,0.6304347826086957,0.9354838709677419,0.7532467532467533,0.4687499999853516,15,17,2,29
com_erro,random_forest,oscilacao,80,80,80,59,59,42,17,29,30,11,9,-2,0.5932203389830508,0.5982758620689655,0.5531914893617021,0.896551724137931,0.6842105263157895,0.29999999999,9,21,3,26
com_erro,random_forest,oscilacao,90,5,5,933,933,664,269,506,427,13,21,8,0.722400857449089,0.6994635798983625,0.6680272108843538,0.9703557312252964,0.7912973408541499,0.4285714285704249,183,244,15,491
com_erro,random_forest,oscilacao,90,10,10,467,467,332,135,255,212,13,16,3,0.7494646680942184,0.7268405475397706,0.6927374301675978,0.9725490196078431,0.8091353996737357,0.48113207546942866,102,110,7,248
com_erro,random_forest,oscilacao,90,15,15,311,311,223,88,167,144,13,15,2,0.7331189710610932,0.7146748170326015,0.6764705882352942,0.9640718562874252,0.7950617283950617,0.4652777777745467,67,77,6,161
com_erro,random_forest,oscilacao,90,20,20,234,234,166,68,128,106,12,16,4,0.7264957264957265,0.7013561320754718,0.6739130434782609,0.96875,0.7948717948717948,0.4339622641468494,46,60,4,124
com_erro,random_forest,oscilacao,90,25,25,187,187,132,55,99,88,12,13,1,0.7379679144385026,0.7241161616161615,0.6785714285714286,0.9595959595959596,0.7949790794979079,0.4886363636308109,43,45,4,95
com_erro,random_forest,oscilacao,90,30,30,156,156,111,45,84,72,12,12,0,0.7371794871794872,0.7172619047619048,0.6776859504132231,0.9761904761904762,0.8,0.4583333333269676,33,39,2,82
com_erro,random_forest,oscilacao,90,35,35,134,134,96,38,74,60,12,13,1,0.7313432835820896,0.7078828828828829,0.69,0.9324324324324325,0.7931034482758621,0.4833333333252778,29,31,5,69
com_erro,random_forest,oscilacao,90,40,40,117,117,84,33,65,52,11,11,0,0.6837606837606838,0.6538461538461539,0.6521739130434783,0.9230769230769231,0.7643312101910829,0.38461538460798816,20,32,5,60
com_erro,random_forest,oscilacao,90,45,45,104,104,74,30,57,47,11,10,-1,0.7115384615384616,0.6845837999253452,0.6626506024096386,0.9649122807017544,0.7857142857142857,0.404255319140335,19,28,2,55
com_erro,random_forest,oscilacao,90,50,50,94,94,67,27,50,44,12,13,1,0.7127659574468085,0.6972727272727273,0.6619718309859155,0.94,0.7768595041322314,0.454545454535124,20,24,3,47
com_erro,random_forest,oscilacao,90,55,55,85,85,60,25,48,37,11,10,-1,0.6941176470588235,0.6579391891891893,0.6617647058823529,0.9375,0.7758620689655172,0.37837837836815197,14,23,3,45
com_erro,random_forest,oscilacao,90,60,60,78,78,56,22,41,37,12,8,-4,0.6923076923076923,0.6769940672379697,0.6349206349206349,0.975609756097561,0.7692307692307693,0.37837837836815197,14,23,1,40
com_erro,random_forest,oscilacao,90,65,65,72,72,51,21,38,34,12,11,-1,0.7222222222222222,0.7074303405572755,0.6607142857142857,0.9736842105263158,0.7872340425531915,0.44117647057525955,15,19,1,37
com_erro,random_forest,oscilacao,90,70,70,67,67,49,18,38,29,10,8,-2,0.6567164179104478,0.6197822141560798,0.6415094339622641,0.8947368421052632,0.7472527472527473,0.3448275861950059,10,19,4,34
com_erro,random_forest,oscilacao,90,75,75,63,63,45,18,32,31,12,9,-3,0.6984126984126984,0.6945564516129032,0.6382978723404256,0.9375,0.759493670886076,0.4516129032112383,14,17,2,30
com_erro,random_forest,oscilacao,90,80,80,59,59,43,16,31,28,11,8,-3,0.6271186440677966,0.6123271889400922,0.5957446808510638,0.9032258064516129,0.717948717948718,0.32142857141709186,9,19,3,28
com_erro,random_forest,oscilacao,90,85,85,55,55,37,18,31,24,10,10,0,0.7636363636363637,0.7385752688172043,0.725,0.9354838709677419,0.8169014084507042,0.5416666666440972,13,11,2,29
com_erro,random_forest,oscilacao,90,90,90,52,52,35,17,26,26,11,9,-2,0.7307692307692307,0.7307692307692308,0.6578947368421053,0.9615384615384616,0.78125,0.4999999999807692,13,13,1,25
com_erro,random_forest,oscilacao,100,5,5,931,931,683,248,530,401,13,16,3,0.7389903329752954,0.7012562932291911,0.6926174496644295,0.9735849056603774,0.8094117647058824,0.42892768079693533,172,229,14,516
com_erro,random_forest,oscilacao,100,10,10,466,466,342,124,267,199,12,16,4,0.7317596566523605,0.6904089737074888,0.6878306878306878,0.9737827715355806,0.8062015503875969,0.4070351758773516,81,118,7,260
com_erro,random_forest,oscilacao,100,15,15,311,311,228,83,177,134,12,15,3,0.7427652733118971,0.7078379289990724,0.6995884773662552,0.96045197740113,0.8095238095238095,0.4552238805936178,61,73,7,170
com_erro,random_forest,oscilacao,100,20,20,233,233,172,61,133,100,12,13,1,0.7510729613733905,0.7137218045112782,0.7027027027027027,0.9774436090225563,0.8176100628930818,0.4499999999955,45,55,3,130
com_erro,random_forest,oscilacao,100,25,25,187,187,137,50,104,83,12,14,2,0.732620320855615,0.7024443929564411,0.6824324324324325,0.9711538461538461,0.8015873015873016,0.4337349397538104,36,47,3,101
com_erro,random_forest,oscilacao,100,30,30,156,156,114,42,89,67,12,12,0,0.7371794871794872,0.6995639778634916,0.6935483870967742,0.9662921348314607,0.8075117370892019,0.43283582088906214,29,38,3,86
com_erro,random_forest,oscilacao,100,35,35,133,133,98,35,77,56,11,12,1,0.7293233082706767,0.6858766233766234,0.6915887850467289,0.961038961038961,0.8043478260869565,0.41071428570695157,23,33,3,74
com_erro,random_forest,oscilacao,100,40,40,117,117,85,32,70,47,10,11,1,0.7435897435897436,0.6983282674772037,0.7222222222222222,0.9285714285714286,0.8125,0.4680851063730195,22,25,5,65
com_erro,random_forest,oscilacao,100,45,45,104,104,76,28,59,45,11,11,0,0.7692307692307693,0.7386064030131827,0.7215189873417721,0.9661016949152542,0.8260869565217391,0.5111111110997532,23,22,2,57
com_erro,random_forest,oscilacao,100,50,50,94,94,69,25,52,42,12,12,0,0.7127659574468085,0.6831501831501832,0.6666666666666666,0.9615384615384616,0.7874015748031497,0.4047619047522676,17,25,2,50
com_erro,random_forest,oscilacao,100,55,55,85,85,62,23,49,36,10,10,0,0.7058823529411765,0.6601473922902494,0.6714285714285714,0.9591836734693877,0.7899159663865546,0.3611111111010803,13,23,2,47
com_erro,random_forest,oscilacao,100,60,60,78,78,58,20,43,35,11,8,-3,0.717948717948718,0.6883720930232557,0.6666666666666666,0.9767441860465116,0.7924528301886793,0.39999999998857144,14,21,1,42
com_erro,random_forest,oscilacao,100,65,65,72,72,53,19,41,31,10,9,-1,0.7083333333333334,0.6691581431943352,0.6724137931034483,0.9512195121951219,0.7878787878787878,0.3870967741810614,12,19,2,39
com_erro,random_forest,oscilacao,100,70,70,67,67,51,16,40,27,9,5,-4,0.6268656716417911,0.549074074074074,0.6229508196721312,0.95,0.7524752475247525,0.14814814814266117,4,23,2,38
com_erro,random_forest,oscilacao,100,75,75,63,63,46,17,33,30,12,9,-3,0.7301587301587301,0.7181818181818183,0.6666666666666666,0.9696969696969697,0.7901234567901234,0.4666666666511111,14,16,1,32
com_erro,random_forest,oscilacao,100,80,80,59,59,44,15,35,24,9,5,-4,0.6949152542372882,0.631547619047619,0.6666666666666666,0.9714285714285714,0.7906976744186046,0.2916666666545139,7,17,1,34
com_erro,random_forest,oscilacao,100,85,85,55,55,38,17,31,24,10,8,-2,0.7636363636363637,0.7338709677419355,0.7142857142857143,0.967741935483871,0.821917808219178,0.49999999997916666,12,12,1,30
com_erro,random_forest,oscilacao,100,90,90,52,52,36,16,28,24,11,8,-3,0.7692307692307693,0.7529761904761905,0.7105263157894737,0.9642857142857143,0.8181818181818182,0.5416666666440972,13,11,1,27
com_erro,random_forest,oscilacao,100,95,95,49,49,37,12,27,22,9,6,-3,0.6530612244897959,0.6178451178451179,0.6190476190476191,0.9629629629629629,0.7536231884057971,0.272727272714876,6,16,1,26
com_erro,random_forest,oscilacao,100,100,100,47,47,35,12,24,23,11,9,-2,0.7021276595744681,0.6965579710144928,0.6388888888888888,0.9583333333333334,0.7666666666666667,0.43478260867674856,10,13,1,23
com_erro,random_forest,queda,20,5,5,947,947,233,714,200,747,21,25,4,0.9229144667370645,0.8888955823293172,0.8097560975609757,0.83,0.8197530864197531,0.9477911646573658,708,39,34,166
com_erro,random_forest,queda,20,10,10,474,474,118,356,97,377,21,25,4,0.9219409282700421,0.8858459350816266,0.8,0.8247422680412371,0.8121827411167513,0.9469496021195042,357,20,17,80
com_erro,random_forest,queda,20,15,15,316,316,78,238,66,250,19,26,7,0.9208860759493671,0.8942424242424243,0.7887323943661971,0.8484848484848485,0.8175182481751825,0.9399999999962401,235,15,10,56
com_erro,random_forest,queda,20,20,20,237,237,57,180,48,189,19,23,4,0.9282700421940928,0.8928571428571428,0.8163265306122449,0.8333333333333334,0.8247422680412371,0.9523809523759134,180,9,8,40
com_erro,random_forest,queda,30,5,5,945,945,277,668,240,705,20,25,5,0.9079365079365079,0.8819592198581561,0.8122448979591836,0.8291666666666667,0.8206185567010309,0.9347517730483195,659,46,41,199
com_erro,random_forest,queda,30,10,10,473,473,140,333,117,356,20,24,4,0.9069767441860465,0.8808220493613752,0.8016528925619835,0.8290598290598291,0.8151260504201681,0.9325842696603017,332,24,20,97
com_erro,random_forest,queda,30,15,15,315,315,92,223,80,235,19,24,5,0.8952380952380953,0.8555851063829787,0.8051948051948052,0.775,0.7898089171974523,0.9361702127619738,220,15,18,62
com_erro,random_forest,queda,30,20,20,237,237,70,167,60,177,20,23,3,0.9071729957805907,0.8772598870056497,0.8166666666666667,0.8166666666666667,0.8166666666666667,0.9378531073393342,166,11,11,49
com_erro,random_forest,queda,30,25,25,189,189,54,135,46,143,19,24,5,0.8994708994708994,0.8598358163575555,0.8,0.782608695652174,0.7912087912087912,0.9370629370563842,134,9,10,36
com_erro,random_forest,queda,30,30,30,158,158,50,108,38,120,18,21,3,0.8987341772151899,0.8614035087719298,0.7894736842105263,0.7894736842105263,0.7894736842105263,0.9333333333255556,112,8,8,30
com_erro,random_forest,queda,40,5,5,943,943,320,623,278,665,20,26,6,0.8992576882290562,0.8846108075945259,0.8166089965397924,0.8489208633093526,0.8324514991181657,0.9203007518783154,612,53,42,236
com_erro,random_forest,queda,40,10,10,472,472,161,311,136,336,20,22,2,0.9046610169491526,0.8914565826330533,0.8181818181818182,0.8602941176470589,0.8387096774193549,0.9226190476163018,310,26,19,117
com_erro,random_forest,queda,40,15,15,315,315,109,206,94,221,19,22,3,0.8761904761904762,0.8536873014344855,0.7894736842105263,0.7978723404255319,0.7936507936507936,0.9095022624393235,201,20,19,75
com_erro,random_forest,queda,40,20,20,236,236,79,157,67,169,19,22,3,0.8940677966101694,0.8719862227324915,0.8088235294117647,0.8208955223880597,0.8148148148148148,0.9230769230714612,156,13,12,55
com_erro,random_forest,queda,40,25,25,189,189,60,129,56,133,15,21,6,0.8835978835978836,0.8552631578947368,0.8148148148148148,0.7857142857142857,0.8,0.9248120300682345,123,10,12,44
com_erro,random_forest,queda,40,30,30,158,158,54,104,45,113,18,22,4,0.879746835443038,0.8490658800393314,0.7954545454545454,0.7777777777777778,0.7865168539325843,0.9203539822927402,104,9,10,35
com_erro,random_forest,queda,40,35,35,135,135,46,89,40,95,16,23,7,0.8518518518518519,0.8078947368421052,0.7777777777777778,0.7,0.7368421052631579,0.9157894736745706,87,8,12,28
com_erro,random_forest,queda,40,40,40,118,118,35,83,37,81,16,22,6,0.8220338983050848,0.7676009342676009,0.7666666666666667,0.6216216216216216,0.6865671641791045,0.9135802469023014,74,7,14,23
com_erro,random_forest,queda,50,5,5,941,941,361,580,314,627,18,24,6,0.8894792773645058,0.8836792328243888,0.8143712574850299,0.8662420382165605,0.8395061728395061,0.9011164274307797,565,62,42,272
com_erro,random_forest,queda,50,10,10,471,471,181,290,155,316,18,23,5,0.8895966029723992,0.8832074316047367,0.8121212121212121,0.864516129032258,0.8375,0.9018987341743611,285,31,21,134
com_erro,random_forest,queda,50,15,15,314,314,121,193,104,210,17,22,5,0.8885350318471338,0.8778388278388278,0.822429906542056,0.8461538461538461,0.8341232227488151,0.9095238095194785,191,19,16,88
com_erro,random_forest,queda,50,20,20,236,236,90,146,79,157,16,21,5,0.885593220338983,0.8762799322744497,0.8170731707317073,0.8481012658227848,0.8322981366459627,0.9044585987203538,142,15,12,67
com_erro,random_forest,queda,50,25,25,189,189,68,121,64,125,16,21,5,0.8518518518518519,0.8308125,0.7903225806451613,0.765625,0.7777777777777778,0.895999999992832,112,13,15,49
com_erro,random_forest,queda,50,30,30,157,157,62,95,51,106,16,19,3,0.89171974522293,0.8842027376988532,0.8148148148148148,0.8627450980392157,0.8380952380952381,0.9056603773499465,96,10,7,44
com_erro,random_forest,queda,50,35,35,135,135,53,82,45,90,13,17,4,0.8962962962962963,0.8944444444444444,0.8163265306122449,0.8888888888888888,0.851063829787234,0.8999999999899999,81,9,5,40
com_erro,random_forest,queda,50,40,40,118,118,44,74,43,75,13,19,6,0.8305084745762712,0.8021705426356589,0.8108108108108109,0.6976744186046512,0.75,0.9066666666545777,68,7,13,30
com_erro,random_forest,queda,50,45,45,105,105,40,65,33,72,15,16,1,0.9047619047619048,0.889520202020202,0.8484848484848485,0.8484848484848485,0.8484848484848485,0.9305555555426311,67,5,5,28
com_erro,random_forest,queda,50,50,50,95,95,34,61,33,62,15,18,3,0.8526315789473684,0.8304007820136852,0.8064516129032258,0.7575757575757576,0.78125,0.9032258064370448,56,6,8,25
com_erro,random_forest,queda,60,5,5,939,939,399,540,346,593,15,28,13,0.8711395101171459,0.8732978194543275,0.7922077922077922,0.8815028901734104,0.8344733242134063,0.8650927487337857,513,80,41,305
com_erro,random_forest,queda,60,10,10,470,470,200,270,172,298,15,22,7,0.8829787234042553,0.8819065085063212,0.8162162162162162,0.877906976744186,0.84593837535014,0.8859060402654836,264,34,21,151
com_erro,random_forest,queda,60,15,15,313,313,133,180,116,197,14,21,7,0.853035143769968,0.8424864344477507,0.8017241379310345,0.8017241379310345,0.8017241379310345,0.8832487309599836,174,23,23,93
com_erro,random_forest,queda,60,20,20,235,235,99,136,86,149,14,20,6,0.8723404255319149,0.8624551272046199,0.8255813953488372,0.8255813953488372,0.8255813953488372,0.899328859054367,134,15,15,71
com_erro,random_forest,queda,60,25,25,188,188,79,109,69,119,13,20,7,0.851063829787234,0.8397271952259164,0.7971014492753623,0.7971014492753623,0.7971014492753623,0.8823529411690558,105,14,14,55
com_erro,random_forest,queda,60,30,30,157,157,71,86,56,101,14,19,5,0.8471337579617835,0.8414073550212164,0.7666666666666667,0.8214285714285714,0.7931034482758621,0.8613861386053328,87,14,10,46
com_erro,random_forest,queda,60,35,35,135,135,54,81,50,85,14,17,3,0.8666666666666667,0.8570588235294118,0.82,0.82,0.82,0.8941176470483044,76,9,9,41
com_erro,random_forest,queda,60,40,40,118,118,49,69,44,74,13,19,6,0.847457627118644,0.8323095823095823,0.8095238095238095,0.7727272727272727,0.7906976744186046,0.8918918918798393,66,8,10,34
com_erro,random_forest,queda,60,45,45,105,105,43,62,39,66,12,17,5,0.8380952380952381,0.824009324009324,0.7894736842105263,0.7692307692307693,0.7792207792207793,0.8787878787745638,58,8,9,30
com_erro,random_forest,queda,60,50,50,94,94,41,53,33,61,13,17,4,0.8723404255319149,0.8599105812220567,0.8181818181818182,0.8181818181818182,0.8181818181818182,0.9016393442475141,55,6,6,27
com_erro,random_forest,queda,60,55,55,86,86,38,48,30,56,13,18,5,0.8488372093023255,0.8375,0.7741935483870968,0.8,0.7868852459016393,0.874999999984375,49,7,6,24
com_erro,random_forest,queda,60,60,60,79,79,36,43,26,53,14,16,2,0.8481012658227848,0.8378084179970973,0.75,0.8076923076923077,0.7777777777777778,0.8679245282855109,46,7,5,21
com_erro,random_forest,queda,70,5,5,937,937,435,502,373,564,14,21,7,0.8655282817502669,0.8705935200501969,0.7933491686460807,0.8954423592493298,0.8413098236775819,0.8457446808495643,477,87,39,334
com_erro,random_forest,queda,70,10,10,469,469,218,251,186,283,14,19,5,0.8805970149253731,0.8826323188570995,0.8217821782178217,0.8924731182795699,0.8556701030927835,0.872791519431545,247,36,20,166
com_erro,random_forest,queda,70,15,15,313,313,147,166,126,187,14,18,4,0.865814696485623,0.8656947627535863,0.8134328358208955,0.8650793650793651,0.8384615384615385,0.8663101604231749,162,25,17,109
com_erro,random_forest,queda,70,20,20,235,235,109,126,94,141,14,19,5,0.8680851063829788,0.8687943262411348,0.8118811881188119,0.8723404255319149,0.841025641025641,0.8652482269442182,122,19,12,82
com_erro,random_forest,queda,70,25,25,188,188,85,103,76,112,12,16,4,0.8670212765957447,0.863016917293233,0.8311688311688312,0.8421052631578947,0.8366013071895425,0.8839285714206792,99,13,12,64
com_erro,random_forest,queda,70,30,30,157,157,73,84,62,95,14,16,2,0.8598726114649682,0.8589983022071308,0.803030303030303,0.8548387096774194,0.828125,0.8631578947277562,82,13,9,53
com_erro,random_forest,queda,70,35,35,134,134,62,72,53,81,12,17,5,0.8582089552238806,0.8598881900768693,0.7931034482758621,0.8679245283018868,0.8288288288288288,0.8518518518413352,69,12,7,46
com_erro,random_forest,queda,70,40,40,118,118,51,67,48,70,14,18,4,0.8135593220338984,0.800297619047619,0.7954545454545454,0.7291666666666666,0.7608695652173914,0.8714285714161224,61,9,13,35
com_erro,random_forest,queda,70,45,45,105,105,48,57,43,62,12,15,3,0.8857142857142857,0.8782820705176294,0.8780487804878049,0.8372093023255814,0.8571428571428571,0.9193548386948491,57,5,7,36
com_erro,random_forest,queda,70,50,50,94,94,44,50,37,57,12,15,3,0.8936170212765957,0.8885727833096254,0.8648648648648649,0.8648648648648649,0.8648648648648649,0.912280701738381,52,5,5,32
com_erro,random_forest,queda,70,55,55,86,86,41,45,34,52,11,13,2,0.8255813953488372,0.8252262443438914,0.7567567567567568,0.8235294117647058,0.7887323943661971,0.8269230769071746,43,9,6,28
com_erro,random_forest,queda,70,60,60,79,79,37,42,29,50,14,14,0,0.8481012658227848,0.8437931034482758,0.7741935483870968,0.8275862068965517,0.8,0.8599999999828001,43,7,5,24
com_erro,random_forest,queda,70,65,65,73,73,31,42,29,44,12,10,-2,0.8493150684931506,0.8397335423197492,0.8214285714285714,0.7931034482758621,0.8070175438596491,0.8863636363434918,39,5,6,23
com_erro,random_forest,queda,70,70,70,67,67,33,34,26,41,11,14,3,0.8955223880597015,0.9005628517823641,0.8275862068965517,0.9230769230769231,0.8727272727272727,0.8780487804663891,36,5,2,24
com_erro,random_forest,queda,80,5,5,935,935,467,468,399,536,14,23,9,0.8588235294117647,0.8634131971720346,0.7986577181208053,0.8947368421052632,0.8439716312056738,0.8320895522372536,446,90,42,357
com_erro,random_forest,queda,80,10,10,468,468,234,234,199,269,14,18,4,0.8675213675213675,0.8697203489566794,0.8186046511627907,0.8844221105527639,0.8502415458937198,0.8550185873574163,230,39,23,176
com_erro,random_forest,queda,80,15,15,312,312,156,156,134,178,12,17,5,0.875,0.8756917658896528,0.8368794326241135,0.8805970149253731,0.8581818181818182,0.8707865168490406,155,23,16,118
com_erro,random_forest,queda,80,20,20,234,234,116,118,100,134,12,16,4,0.8760683760683761,0.8765671641791044,0.8380952380952381,0.88,0.8585365853658536,0.8731343283516931,117,17,12,88
com_erro,random_forest,queda,80,25,25,187,187,93,94,80,107,12,17,5,0.8770053475935828,0.8783294392523364,0.8352941176470589,0.8875,0.8606060606060606,0.8691588784965499,93,14,9,71
com_erro,random_forest,queda,80,30,30,156,156,79,77,67,89,12,14,2,0.8782051282051282,0.8803454636927721,0.8333333333333334,0.8955223880597015,0.8633093525179856,0.8651685393161217,77,12,7,60
com_erro,random_forest,queda,80,35,35,134,134,68,66,57,77,11,16,5,0.835820895522388,0.834358623832308,0.7966101694915254,0.8245614035087719,0.8103448275862069,0.8441558441448811,65,12,10,47
com_erro,random_forest,queda,80,40,40,117,117,55,62,53,64,12,15,3,0.8376068376068376,0.8337264150943396,0.84,0.7924528301886793,0.8155339805825242,0.874999999986328,56,8,11,42
com_erro,random_forest,queda,80,45,45,104,104,52,52,46,58,10,13,3,0.8557692307692307,0.8526986506746627,0.8444444444444444,0.8260869565217391,0.8351648351648352,0.8793103448124258,51,7,8,38
com_erro,random_forest,queda,80,50,50,94,94,46,48,40,54,11,14,3,0.8936170212765957,0.8944444444444444,0.8571428571428571,0.9,0.8780487804878049,0.888888888872428,48,6,4,36
com_erro,random_forest,queda,80,55,55,85,85,41,44,35,50,11,12,1,0.8470588235294118,0.8442857142857143,0.8055555555555556,0.8285714285714286,0.8169014084507042,0.8599999999828001,43,7,6,29
com_erro,random_forest,queda,80,60,60,78,78,39,39,31,47,12,13,1,0.8589743589743589,0.855525051475635,0.8125,0.8387096774193549,0.8253968253968254,0.8723404255133546,41,6,5,26
com_erro,random_forest,queda,80,65,65,72,72,34,38,30,42,10,10,0,0.8333333333333334,0.8333333333333334,0.78125,0.8333333333333334,0.8064516129032258,0.8333333333134921,35,7,5,25
com_erro,random_forest,queda,80,70,70,67,67,34,33,28,39,11,14,3,0.8507462686567164,0.8466117216117216,0.8214285714285714,0.8214285714285714,0.8214285714285714,0.8717948717725181,34,5,5,23
com_erro,random_forest,queda,80,75,75,63,63,34,29,28,35,10,9,-1,0.8571428571428571,0.8571428571428571,0.8275862068965517,0.8571428571428571,0.8421052631578947,0.8571428571183675,30,5,4,24
com_erro,random_forest,queda,80,80,80,59,59,28,31,29,30,10,10,0,0.7796610169491526,0.7775862068965518,0.8636363636363636,0.6551724137931034,0.7450980392156863,0.89999999997,27,3,10,19
com_erro,random_forest,queda,90,5,5,933,933,496,437,425,508,13,20,7,0.857449088960343,0.8604446503010653,0.811965811965812,0.8941176470588236,0.851063829787234,0.8267716535416796,420,88,45,380
com_erro,random_forest,queda,90,10,10,467,467,249,218,212,255,13,17,4,0.8650963597430407,0.8673233444321125,0.8253275109170306,0.8915094339622641,0.8571428571428571,0.8431372548986544,215,40,23,189
com_erro,random_forest,queda,90,15,15,311,311,165,146,143,168,11,16,5,0.8392282958199357,0.8402639027639027,0.8079470198675497,0.8531468531468531,0.8299319727891157,0.8273809523760276,139,29,21,122
com_erro,random_forest,queda,90,20,20,234,234,124,110,107,127,12,17,5,0.8547008547008547,0.8565751710942674,0.8173913043478261,0.8785046728971962,0.8468468468468469,0.8346456692847666,106,21,13,94
com_erro,random_forest,queda,90,25,25,187,187,96,91,84,103,11,14,3,0.8877005347593583,0.8903721682847896,0.8461538461538461,0.9166666666666666,0.88,0.8640776698945235,89,14,7,77
com_erro,random_forest,queda,90,30,30,156,156,87,69,70,86,11,13,2,0.8333333333333334,0.8382059800664452,0.775,0.8857142857142857,0.8266666666666667,0.7906976744094104,68,18,8,62
com_erro,random_forest,queda,90,35,35,134,134,70,64,61,73,11,14,3,0.8656716417910447,0.864585672580283,0.8524590163934426,0.8524590163934426,0.8524590163934426,0.8767123287551135,64,9,9,52
com_erro,random_forest,queda,90,40,40,117,117,63,54,56,61,10,13,3,0.8290598290598291,0.8287470725995316,0.8214285714285714,0.8214285714285714,0.8214285714285714,0.8360655737567858,51,10,10,46
com_erro,random_forest,queda,90,45,45,104,104,58,46,47,57,10,12,2,0.8365384615384616,0.841545352743561,0.7777777777777778,0.8936170212765957,0.8316831683168316,0.789473684196676,45,12,5,42
com_erro,random_forest,queda,90,50,50,94,94,47,47,42,52,10,14,4,0.8617021276595744,0.8612637362637363,0.8372093023255814,0.8571428571428571,0.8470588235294118,0.8653846153679734,45,7,6,36
com_erro,random_forest,queda,90,55,55,85,85,44,41,37,48,9,10,1,0.8705882352941177,0.8699324324324325,0.8421052631578947,0.8648648648648649,0.8533333333333334,0.8749999999817709,42,6,5,32
com_erro,random_forest,queda,90,60,60,78,78,43,35,33,45,11,12,1,0.8717948717948718,0.8767676767676768,0.8108108108108109,0.9090909090909091,0.8571428571428571,0.8444444444256791,38,7,3,30
com_erro,random_forest,queda,90,65,65,72,72,37,35,31,41,10,10,0,0.8888888888888888,0.8945712037765539,0.8285714285714286,0.9354838709677419,0.8787878787878788,0.8536585365645449,35,6,2,29
com_erro,random_forest,queda,90,70,70,67,67,34,33,29,38,11,13,2,0.8507462686567164,0.8439201451905627,0.8518518518518519,0.7931034482758621,0.8214285714285714,0.8947368420817176,34,4,6,23
com_erro,random_forest,queda,90,75,75,63,63,35,28,30,33,9,9,0,0.8571428571428571,0.8590909090909091,0.8181818181818182,0.9,0.8571428571428571,0.8181818181570248,27,6,3,27
com_erro,random_forest,queda,90,80,80,59,59,33,26,30,29,9,11,2,0.7627118644067796,0.7620689655172415,0.75,0.8,0.7741935483870968,0.7241379310095125,21,8,6,24
com_erro,random_forest,queda,90,85,85,55,55,28,27,24,31,9,8,-1,0.9090909090909091,0.9099462365591398,0.88,0.9166666666666666,0.8979591836734694,0.9032258064224766,28,3,2,22
com_erro,random_forest,queda,90,90,90,52,52,30,22,24,28,9,7,-2,0.8269230769230769,0.8333333333333333,0.7586206896551724,0.9166666666666666,0.8301886792452831,0.7499999999732143,21,7,2,22
com_erro,random_forest,queda,100,5,5,931,931,523,408,448,483,12,19,7,0.8539205155746509,0.8556547619047619,0.8145161290322581,0.9017857142857143,0.8559322033898306,0.8095238095221335,391,92,44,404
com_erro,random_forest,queda,100,10,10,466,466,262,204,224,242,12,16,4,0.8562231759656652,0.8574195690672963,0.8257261410788381,0.8883928571428571,0.8559139784946237,0.8264462809883205,200,42,25,199
com_erro,random_forest,queda,100,15,15,311,311,177,134,150,161,12,16,4,0.8617363344051447,0.8630434782608696,0.8282208588957055,0.9,0.8626198083067093,0.8260869565166082,133,28,15,135
com_erro,random_forest,queda,100,20,20,233,233,129,104,112,121,11,15,4,0.8540772532188842,0.8551874262101535,0.825,0.8839285714285714,0.853448275862069,0.8264462809849054,100,21,13,99
com_erro,random_forest,queda,100,25,25,187,187,102,85,91,96,11,11,0,0.8716577540106952,0.8724244505494505,0.845360824742268,0.9010989010989011,0.8723404255319149,0.8437499999912109,81,15,9,82
com_erro,random_forest,queda,100,30,30,156,156,89,67,75,81,12,14,2,0.8525641025641025,0.8535802469135803,0.825,0.88,0.8516129032258064,0.8271604938169486,67,14,9,66
com_erro,random_forest,queda,100,35,35,133,133,74,59,64,69,11,12,1,0.8421052631578947,0.8421648550724637,0.8307692307692308,0.84375,0.8372093023255814,0.8405797101327451,58,11,10,54
com_erro,random_forest,queda,100,40,40,117,117,66,51,57,60,10,10,0,0.8632478632478633,0.8640350877192983,0.8360655737704918,0.8947368421052632,0.864406779661017,0.8333333333194445,50,10,6,51
com_erro,random_forest,queda,100,45,45,104,104,59,45,49,55,9,11,2,0.8653846153846154,0.8660482374768088,0.8431372549019608,0.8775510204081632,0.86,0.8545454545299174,47,8,6,43
com_erro,random_forest,queda,100,50,50,94,94,51,43,47,47,9,10,1,0.8404255319148937,0.8404255319148937,0.8478260869565217,0.8297872340425532,0.8387096774193549,0.8510638297691263,40,7,8,39
com_erro,random_forest,queda,100,55,55,85,85,47,38,40,45,9,9,0,0.8823529411764706,0.8833333333333333,0.8571428571428571,0.9,0.8780487804878049,0.8666666666474074,39,6,4,36
com_erro,random_forest,queda,100,60,60,78,78,44,34,36,42,10,11,1,0.8846153846153846,0.8869047619047619,0.8461538461538461,0.9166666666666666,0.88,0.8571428571224491,36,6,3,33
com_erro,random_forest,queda,100,65,65,72,72,37,35,32,40,10,10,0,0.8472222222222222,0.846875,0.8181818181818182,0.84375,0.8307692307692308,0.8499999999787501,34,6,5,27
com_erro,random_forest,queda,100,70,70,67,67,35,32,32,35,10,11,1,0.7761194029850746,0.7736607142857144,0.7931034482758621,0.71875,0.7540983606557377,0.8285714285477552,29,6,9,23
com_erro,random_forest,queda,100,75,75,63,63,37,26,33,30,8,10,2,0.873015873015873,0.8696969696969697,0.8378378378378378,0.9393939393939394,0.8857142857142857,0.7999999999733334,24,6,2,31
com_erro,random_forest,queda,100,80,80,59,59,35,24,30,29,9,10,1,0.8305084745762712,0.8304597701149425,0.8333333333333334,0.8333333333333334,0.8333333333333334,0.8275862068680143,24,5,5,25
com_erro,random_forest,queda,100,85,85,55,55,28,27,27,28,8,8,0,0.8545454545454545,0.8531746031746033,0.9130434782608695,0.7777777777777778,0.84,0.9285714285382654,26,2,6,21
com_erro,random_forest,queda,100,90,90,52,52,30,22,24,28,9,6,-3,0.8269230769230769,0.8303571428571428,0.7777777777777778,0.875,0.8235294117647058,0.7857142856862245,22,6,3,21
com_erro,random_forest,queda,100,95,95,49,49,28,21,22,27,10,8,-2,0.8979591836734694,0.9031986531986532,0.84,0.9545454545454546,0.8936170212765957,0.8518518518203018,23,4,1,21
com_erro,random_forest,queda,100,100,100,47,47,24,23,24,23,8,9,1,0.7659574468085106,0.7663043478260869,0.782608695652174,0.75,0.7659574468085106,0.7826086956181475,18,5,6,18
com_erro,xgboost,lacuna,20,5,5,947,947,274,673,242,705,19,19,0,1.0,1.0,1.0,1.0,1.0,0.9999999999985816,705,0,0,242
com_erro,xgboost,lacuna,20,10,10,474,474,136,338,122,352,19,19,0,1.0,1.0,1.0,1.0,1.0,0.9999999999971592,352,0,0,122
com_erro,xgboost,lacuna,20,15,15,316,316,91,225,83,233,19,19,0,1.0,1.0,1.0,1.0,1.0,0.9999999999957082,233,0,0,83
com_erro,xgboost,lacuna,20,20,20,237,237,68,169,60,177,18,18,0,0.9915611814345991,0.9833333333333334,1.0,0.9666666666666667,0.9830508474576272,0.9999999999943503,177,0,2,58
com_erro,xgboost,lacuna,30,5,5,945,945,316,629,278,667,19,19,0,1.0,1.0,1.0,1.0,1.0,0.9999999999985008,667,0,0,278
com_erro,xgboost,lacuna,30,10,10,473,473,158,315,140,333,18,18,0,1.0,1.0,1.0,1.0,1.0,0.9999999999969971,333,0,0,140
com_erro,xgboost,lacuna,30,15,15,315,315,104,211,95,220,16,16,0,1.0,1.0,1.0,1.0,1.0,0.9999999999954546,220,0,0,95
com_erro,xgboost,lacuna,30,20,20,237,237,78,159,72,165,17,17,0,1.0,1.0,1.0,1.0,1.0,0.9999999999939394,165,0,0,72
com_erro,xgboost,lacuna,30,25,25,189,189,63,126,56,133,16,16,0,1.0,1.0,1.0,1.0,1.0,0.9999999999924812,133,0,0,56
com_erro,xgboost,lacuna,30,30,30,158,158,53,105,49,109,16,17,1,0.9873417721518988,0.9795918367346939,1.0,0.9591836734693877,0.9791666666666666,0.9999999999908257,109,0,2,47
com_erro,xgboost,lacuna,40,5,5,943,943,352,591,313,630,17,17,0,1.0,1.0,1.0,1.0,1.0,0.9999999999984127,630,0,0,313
com_erro,xgboost,lacuna,40,10,10,472,472,176,296,157,315,17,17,0,1.0,1.0,1.0,1.0,1.0,0.9999999999968254,315,0,0,157
com_erro,xgboost,lacuna,40,15,15,315,315,117,198,107,208,17,17,0,0.9936507936507937,0.9906542056074766,1.0,0.9813084112149533,0.9905660377358491,0.9999999999951924,208,0,2,105
com_erro,xgboost,lacuna,40,20,20,236,236,88,148,78,158,16,16,0,0.9915254237288136,0.9871794871794872,1.0,0.9743589743589743,0.987012987012987,0.999999999993671,158,0,2,76
com_erro,xgboost,lacuna,40,25,25,189,189,70,119,61,128,16,16,0,1.0,1.0,1.0,1.0,1.0,0.9999999999921876,128,0,0,61
com_erro,xgboost,lacuna,40,30,30,158,158,57,101,55,103,16,16,0,1.0,1.0,1.0,1.0,1.0,0.9999999999902912,103,0,0,55
com_erro,xgboost,lacuna,40,35,35,135,135,49,86,46,89,15,16,1,0.9925925925925926,0.9891304347826086,1.0,0.9782608695652174,0.989010989010989,0.999999999988764,89,0,1,45
com_erro,xgboost,lacuna,40,40,40,118,118,46,72,40,78,15,15,0,0.9830508474576272,0.975,1.0,0.95,0.9743589743589743,0.9999999999871795,78,0,2,38
com_erro,xgboost,lacuna,50,5,5,941,941,383,558,345,596,17,17,0,1.0,1.0,1.0,1.0,1.0,0.9999999999983221,596,0,0,345
com_erro,xgboost,lacuna,50,10,10,471,471,192,279,173,298,17,17,0,1.0,1.0,1.0,1.0,1.0,0.9999999999966444,298,0,0,173
com_erro,xgboost,lacuna,50,15,15,314,314,127,187,117,197,17,17,0,1.0,1.0,1.0,1.0,1.0,0.999999999994924,197,0,0,117
com_erro,xgboost,lacuna,50,20,20,236,236,96,140,88,148,16,16,0,1.0,1.0,1.0,1.0,1.0,0.9999999999932433,148,0,0,88
com_erro,xgboost,lacuna,50,25,25,189,189,79,110,71,118,16,16,0,1.0,1.0,1.0,1.0,1.0,0.9999999999915254,118,0,0,71
com_erro,xgboost,lacuna,50,30,30,157,157,62,95,58,99,15,15,0,1.0,1.0,1.0,1.0,1.0,0.999999999989899,99,0,0,58
com_erro,xgboost,lacuna,50,35,35,135,135,54,81,51,84,15,16,1,0.9925925925925926,0.9901960784313726,1.0,0.9803921568627451,0.9900990099009901,0.9999999999880952,84,0,1,50
com_erro,xgboost,lacuna,50,40,40,118,118,48,70,42,76,15,15,0,0.9830508474576272,0.9761904761904762,1.0,0.9523809523809523,0.975609756097561,0.9999999999868421,76,0,2,40
com_erro,xgboost,lacuna,50,45,45,105,105,41,64,37,68,15,15,0,1.0,1.0,1.0,1.0,1.0,0.9999999999852941,68,0,0,37
com_erro,xgboost,lacuna,50,50,50,95,95,41,54,37,58,16,16,0,1.0,1.0,1.0,1.0,1.0,0.9999999999827587,58,0,0,37
com_erro,xgboost,lacuna,60,5,5,939,939,411,528,377,562,17,17,0,1.0,1.0,1.0,1.0,1.0,0.9999999999982206,562,0,0,377
com_erro,xgboost,lacuna,60,10,10,470,470,206,264,189,281,16,16,0,1.0,1.0,1.0,1.0,1.0,0.9999999999964413,281,0,0,189
com_erro,xgboost,lacuna,60,15,15,313,313,135,178,127,186,14,15,1,0.9936102236421726,0.9921259842519685,1.0,0.984251968503937,0.9920634920634921,0.9999999999946237,186,0,2,125
com_erro,xgboost,lacuna,60,20,20,235,235,104,131,94,141,14,14,0,0.9914893617021276,0.9893617021276595,1.0,0.9787234042553191,0.989247311827957,0.9999999999929079,141,0,2,92
com_erro,xgboost,lacuna,60,25,25,188,188,83,105,76,112,14,14,0,1.0,1.0,1.0,1.0,1.0,0.9999999999910714,112,0,0,76
com_erro,xgboost,lacuna,60,30,30,157,157,69,88,65,92,14,14,0,0.9936305732484076,0.9923076923076923,1.0,0.9846153846153847,0.9922480620155039,0.9999999999891304,92,0,1,64
com_erro,xgboost,lacuna,60,35,35,135,135,60,75,57,78,14,15,1,0.9851851851851852,0.9824561403508771,1.0,0.9649122807017544,0.9821428571428571,0.9999999999871795,78,0,2,55
com_erro,xgboost,lacuna,60,40,40,118,118,51,67,47,71,14,14,0,0.9915254237288136,0.9893617021276595,1.0,0.9787234042553191,0.989247311827957,0.9999999999859155,71,0,1,46
com_erro,xgboost,lacuna,60,45,45,105,105,46,59,43,62,13,13,0,1.0,1.0,1.0,1.0,1.0,0.999999999983871,62,0,0,43
com_erro,xgboost,lacuna,60,50,50,94,94,40,54,38,56,14,14,0,1.0,1.0,1.0,1.0,1.0,0.999999999982143,56,0,0,38
com_erro,xgboost,lacuna,60,55,55,86,86,37,49,35,51,13,13,0,0.9883720930232558,0.9857142857142858,1.0,0.9714285714285714,0.9855072463768116,0.9999999999803922,51,0,1,34
com_erro,xgboost,lacuna,60,60,60,79,79,36,43,33,46,14,14,0,1.0,1.0,1.0,1.0,1.0,0.999999999978261,46,0,0,33
com_erro,xgboost,lacuna,70,5,5,937,937,437,500,408,529,15,15,0,1.0,1.0,1.0,1.0,1.0,0.9999999999981096,529,0,0,408
com_erro,xgboost,lacuna,70,10,10,469,469,219,250,204,265,15,15,0,1.0,1.0,1.0,1.0,1.0,0.9999999999962265,265,0,0,204
com_erro,xgboost,lacuna,70,15,15,313,313,147,166,138,175,15,16,1,0.9936102236421726,0.9927536231884058,1.0,0.9855072463768116,0.9927007299270073,0.9999999999942858,175,0,2,136
com_erro,xgboost,lacuna,70,20,20,235,235,109,126,103,132,15,15,0,1.0,1.0,1.0,1.0,1.0,0.9999999999924243,132,0,0,103
com_erro,xgboost,lacuna,70,25,25,188,188,87,101,83,105,15,15,0,1.0,1.0,1.0,1.0,1.0,0.9999999999904762,105,0,0,83
com_erro,xgboost,lacuna,70,30,30,157,157,73,84,70,87,14,14,0,1.0,1.0,1.0,1.0,1.0,0.9999999999885058,87,0,0,70
com_erro,xgboost,lacuna,70,35,35,134,134,64,70,60,74,13,14,1,0.9925373134328358,0.9916666666666667,1.0,0.9833333333333333,0.9915966386554622,0.9999999999864865,74,0,1,59
com_erro,xgboost,lacuna,70,40,40,118,118,56,62,54,64,14,14,0,1.0,1.0,1.0,1.0,1.0,0.9999999999843749,64,0,0,54
com_erro,xgboost,lacuna,70,45,45,105,105,49,56,47,58,14,14,0,1.0,1.0,1.0,1.0,1.0,0.9999999999827587,58,0,0,47
com_erro,xgboost,lacuna,70,50,50,94,94,42,52,42,52,14,14,0,1.0,1.0,1.0,1.0,1.0,0.9999999999807693,52,0,0,42
com_erro,xgboost,lacuna,70,55,55,86,86,39,47,36,50,14,13,-1,0.9767441860465116,0.9722222222222222,1.0,0.9444444444444444,0.9714285714285714,0.9999999999800001,50,0,2,34
com_erro,xgboost,lacuna,70,60,60,79,79,38,41,37,42,14,14,0,1.0,1.0,1.0,1.0,1.0,0.9999999999761906,42,0,0,37
com_erro,xgboost,lacuna,70,65,65,73,73,37,36,30,43,14,14,0,0.9863013698630136,0.9833333333333334,1.0,0.9666666666666667,0.9830508474576272,0.9999999999767443,43,0,1,29
com_erro,xgboost,lacuna,70,70,70,67,67,30,37,31,36,12,13,1,0.9552238805970149,0.9516129032258065,1.0,0.9032258064516129,0.9491525423728814,0.9999999999722223,36,0,3,28
com_erro,xgboost,lacuna,80,5,5,935,935,461,474,436,499,15,15,0,1.0,1.0,1.0,1.0,1.0,0.999999999997996,499,0,0,436
com_erro,xgboost,lacuna,80,10,10,468,468,231,237,218,250,15,15,0,1.0,1.0,1.0,1.0,1.0,0.9999999999960001,250,0,0,218
com_erro,xgboost,lacuna,80,15,15,312,312,153,159,147,165,14,14,0,1.0,1.0,1.0,1.0,1.0,0.9999999999939394,165,0,0,147
com_erro,xgboost,lacuna,80,20,20,234,234,116,118,108,126,14,14,0,0.9914529914529915,0.9907407407407407,1.0,0.9814814814814815,0.9906542056074766,0.9999999999920635,126,0,2,106
com_erro,xgboost,lacuna,80,25,25,187,187,92,95,87,100,14,14,0,1.0,1.0,1.0,1.0,1.0,0.99999999999,100,0,0,87
com_erro,xgboost,lacuna,80,30,30,156,156,75,81,73,83,13,13,0,1.0,1.0,1.0,1.0,1.0,0.9999999999879517,83,0,0,73
com_erro,xgboost,lacuna,80,35,35,134,134,68,66,64,70,13,13,0,0.9925373134328358,0.9921875,1.0,0.984375,0.9921259842519685,0.9999999999857142,70,0,1,63
com_erro,xgboost,lacuna,80,40,40,117,117,61,56,55,62,13,13,0,0.9829059829059829,0.9818181818181818,1.0,0.9636363636363636,0.9814814814814815,0.999999999983871,62,0,2,53
com_erro,xgboost,lacuna,80,45,45,104,104,50,54,47,57,13,13,0,1.0,1.0,1.0,1.0,1.0,0.9999999999824563,57,0,0,47
com_erro,xgboost,lacuna,80,50,50,94,94,47,47,45,49,13,13,0,1.0,1.0,1.0,1.0,1.0,0.9999999999795919,49,0,0,45
com_erro,xgboost,lacuna,80,55,55,85,85,42,43,40,45,13,13,0,0.9882352941176471,0.9875,1.0,0.975,0.9873417721518988,0.9999999999777779,45,0,1,39
com_erro,xgboost,lacuna,80,60,60,78,78,39,39,38,40,13,13,0,0.9871794871794872,0.986842105263158,1.0,0.9736842105263158,0.9866666666666667,0.9999999999750001,40,0,1,37
com_erro,xgboost,lacuna,80,65,65,72,72,38,34,34,38,13,13,0,0.9861111111111112,0.9852941176470589,1.0,0.9705882352941176,0.9850746268656716,0.9999999999736843,38,0,1,33
com_erro,xgboost,lacuna,80,70,70,67,67,34,33,33,34,12,12,0,0.9850746268656716,0.9848484848484849,1.0,0.9696969696969697,0.9846153846153847,0.9999999999705883,34,0,1,32
com_erro,xgboost,lacuna,80,75,75,63,63,31,32,27,36,13,13,0,1.0,1.0,1.0,1.0,1.0,0.9999999999722223,36,0,0,27
com_erro,xgboost,lacuna,80,80,80,59,59,31,28,27,32,13,13,0,0.9830508474576272,0.9814814814814814,1.0,0.9629629629629629,0.9811320754716981,0.9999999999687501,32,0,1,26
com_erro,xgboost,lacuna,90,5,5,933,933,484,449,462,471,14,14,0,1.0,1.0,1.0,1.0,1.0,0.9999999999978769,471,0,0,462
com_erro,xgboost,lacuna,90,10,10,467,467,243,224,231,236,14,14,0,1.0,1.0,1.0,1.0,1.0,0.9999999999957627,236,0,0,231
com_erro,xgboost,lacuna,90,15,15,311,311,160,151,155,156,13,13,0,0.9967845659163987,0.9967741935483871,1.0,0.9935483870967742,0.9967637540453075,0.9999999999935898,156,0,1,154
com_erro,xgboost,lacuna,90,20,20,234,234,121,113,117,117,14,14,0,1.0,1.0,1.0,1.0,1.0,0.999999999991453,117,0,0,117
com_erro,xgboost,lacuna,90,25,25,187,187,98,89,91,96,13,13,0,1.0,1.0,1.0,1.0,1.0,0.9999999999895833,96,0,0,91
com_erro,xgboost,lacuna,90,30,30,156,156,82,74,79,77,13,13,0,0.9935897435897436,0.9936708860759493,1.0,0.9873417721518988,0.9936305732484076,0.9999999999870129,77,0,1,78
com_erro,xgboost,lacuna,90,35,35,134,134,70,64,68,66,14,14,0,1.0,1.0,1.0,1.0,1.0,0.9999999999848485,66,0,0,68
com_erro,xgboost,lacuna,90,40,40,117,117,61,56,57,60,12,13,1,0.9829059829059829,0.9824561403508771,1.0,0.9649122807017544,0.9821428571428571,0.9999999999833334,60,0,2,55
com_erro,xgboost,lacuna,90,45,45,104,104,52,52,51,53,12,13,1,0.9903846153846154,0.9901960784313726,1.0,0.9803921568627451,0.9900990099009901,0.9999999999811321,53,0,1,50
com_erro,xgboost,lacuna,90,50,50,94,94,52,42,47,47,12,12,0,1.0,1.0,1.0,1.0,1.0,0.9999999999787235,47,0,0,47
com_erro,xgboost,lacuna,90,55,55,85,85,44,41,40,45,13,13,0,0.9882352941176471,0.9875,1.0,0.975,0.9873417721518988,0.9999999999777779,45,0,1,39
com_erro,xgboost,lacuna,90,60,60,78,78,41,37,41,37,12,13,1,0.9487179487179487,0.9512195121951219,1.0,0.9024390243902439,0.9487179487179487,0.9999999999729731,37,0,4,37
com_erro,xgboost,lacuna,90,65,65,72,72,38,34,35,37,13,13,0,0.9861111111111112,0.9857142857142858,1.0,0.9714285714285714,0.9855072463768116,0.9999999999729731,37,0,1,34
com_erro,xgboost,lacuna,90,70,70,67,67,35,32,34,33,12,13,1,0.9850746268656716,0.9852941176470589,1.0,0.9705882352941176,0.9850746268656716,0.9999999999696971,33,0,1,33
com_erro,xgboost,lacuna,90,75,75,63,63,34,29,29,34,13,13,0,0.9841269841269841,0.9827586206896552,1.0,0.9655172413793104,0.9824561403508771,0.9999999999705883,34,0,1,28
com_erro,xgboost,lacuna,90,80,80,59,59,31,28,29,30,11,12,1,0.9830508474576272,0.9827586206896552,1.0,0.9655172413793104,0.9824561403508771,0.9999999999666667,30,0,1,28
com_erro,xgboost,lacuna,90,85,85,55,55,29,26,28,27,12,12,0,1.0,1.0,1.0,1.0,1.0,0.999999999962963,27,0,0,28
com_erro,xgboost,lacuna,90,90,90,52,52,26,26,27,25,12,14,2,0.9423076923076923,0.9444444444444444,1.0,0.8888888888888888,0.9411764705882353,0.99999999996,25,0,3,24
com_erro,xgboost,lacuna,100,5,5,931,931,505,426,486,445,14,14,0,1.0,1.0,1.0,1.0,1.0,0.9999999999977528,445,0,0,486
com_erro,xgboost,lacuna,100,10,10,466,466,253,213,243,223,14,14,0,1.0,1.0,1.0,1.0,1.0,0.9999999999955157,223,0,0,243
com_erro,xgboost,lacuna,100,15,15,311,311,170,141,164,147,14,14,0,0.9967845659163987,0.9969512195121951,1.0,0.9939024390243902,0.9969418960244648,0.9999999999931973,147,0,1,163
com_erro,xgboost,lacuna,100,20,20,233,233,127,106,121,112,13,13,0,0.9957081545064378,0.9958677685950413,1.0,0.9917355371900827,0.995850622406639,0.9999999999910714,112,0,1,120
com_erro,xgboost,lacuna,100,25,25,187,187,102,85,100,87,14,14,0,1.0,1.0,1.0,1.0,1.0,0.9999999999885058,87,0,0,100
com_erro,xgboost,lacuna,100,30,30,156,156,85,71,83,73,14,14,0,1.0,1.0,1.0,1.0,1.0,0.9999999999863013,73,0,0,83
com_erro,xgboost,lacuna,100,35,35,133,133,73,60,71,62,12,12,0,1.0,1.0,1.0,1.0,1.0,0.999999999983871,62,0,0,71
com_erro,xgboost,lacuna,100,40,40,117,117,62,55,61,56,12,12,0,0.9658119658119658,0.9672131147540983,1.0,0.9344262295081968,0.9661016949152542,0.999999999982143,56,0,4,57
com_erro,xgboost,lacuna,100,45,45,104,104,57,47,53,51,12,12,0,0.9903846153846154,0.9905660377358491,1.0,0.9811320754716981,0.9904761904761905,0.9999999999803922,51,0,1,52
com_erro,xgboost,lacuna,100,50,50,94,94,52,42,52,42,13,13,0,1.0,1.0,1.0,1.0,1.0,0.9999999999761906,42,0,0,52
com_erro,xgboost,lacuna,100,55,55,85,85,45,40,46,39,12,13,1,0.9411764705882353,0.9456521739130435,1.0,0.8913043478260869,0.9425287356321839,0.9999999999743591,39,0,5,41
com_erro,xgboost,lacuna,100,60,60,78,78,42,36,42,36,12,12,0,0.9615384615384616,0.9642857142857143,1.0,0.9285714285714286,0.9629629629629629,0.9999999999722223,36,0,3,39
com_erro,xgboost,lacuna,100,65,65,72,72,39,33,37,35,12,13,1,0.9861111111111112,0.9864864864864865,1.0,0.972972972972973,0.9863013698630136,0.9999999999714286,35,0,1,36
com_erro,xgboost,lacuna,100,70,70,67,67,39,28,36,31,11,11,0,1.0,1.0,1.0,1.0,1.0,0.9999999999677419,31,0,0,36
com_erro,xgboost,lacuna,100,75,75,63,63,36,27,35,28,13,13,0,1.0,1.0,1.0,1.0,1.0,0.9999999999642857,28,0,0,35
com_erro,xgboost,lacuna,100,80,80,59,59,31,28,31,28,11,11,0,0.9830508474576272,0.9838709677419355,1.0,0.967741935483871,0.9836065573770492,0.9999999999642857,28,0,1,30
com_erro,xgboost,lacuna,100,85,85,55,55,32,23,30,25,11,11,0,1.0,1.0,1.0,1.0,1.0,0.99999999996,25,0,0,30
com_erro,xgboost,lacuna,100,90,90,52,52,29,23,27,25,12,12,0,1.0,1.0,1.0,1.0,1.0,0.99999999996,25,0,0,27
com_erro,xgboost,lacuna,100,95,95,49,49,27,22,25,24,13,13,0,1.0,1.0,1.0,1.0,1.0,0.9999999999583333,24,0,0,25
com_erro,xgboost,lacuna,100,100,100,47,47,26,21,27,20,10,10,0,0.9787234042553191,0.9814814814814814,1.0,0.9629629629629629,0.9811320754716981,0.99999999995,20,0,1,26
com_erro,xgboost,oscilacao,20,5,5,947,947,412,535,304,643,17,49,32,0.866948257655755,0.8838120037652452,0.729381443298969,0.930921052631579,0.8179190751445087,0.8367029548976102,538,105,21,283
com_erro,xgboost,oscilacao,20,10,10,474,474,205,269,155,319,17,32,15,0.8776371308016878,0.8825563757710587,0.7679558011049724,0.896774193548387,0.8273809523809523,0.8683385579910083,277,42,16,139
com_erro,xgboost,oscilacao,20,15,15,316,316,140,176,102,214,17,35,18,0.8449367088607594,0.8649899212021257,0.6962962962962963,0.9215686274509803,0.7932489451476793,0.8084112149494934,173,41,8,94
com_erro,xgboost,oscilacao,20,20,20,237,237,102,135,77,160,17,28,11,0.8396624472573839,0.8576704545454545,0.693069306930693,0.9090909090909091,0.7865168539325843,0.8062499999949609,129,31,7,70
com_erro,xgboost,oscilacao,30,5,5,945,945,457,488,336,609,17,46,29,0.8317460317460318,0.8541153530377669,0.6971046770601337,0.9315476190476191,0.7974522292993631,0.7766830870266392,473,136,23,313
com_erro,xgboost,oscilacao,30,10,10,473,473,228,245,171,302,16,31,15,0.7991543340380549,0.8198849773440223,0.6652173913043479,0.8947368421052632,0.7630922693266833,0.7450331125803145,225,77,18,153
com_erro,xgboost,oscilacao,30,15,15,315,315,152,163,109,206,17,30,13,0.8253968253968254,0.8513850538879487,0.68,0.9357798165137615,0.7876447876447876,0.7669902912584127,158,48,7,102
com_erro,xgboost,oscilacao,30,20,20,237,237,114,123,86,151,16,23,7,0.7848101265822784,0.8111042661327583,0.6446280991735537,0.9069767441860465,0.7536231884057971,0.7152317880747336,108,43,8,78
com_erro,xgboost,oscilacao,30,25,25,189,189,93,96,65,124,15,27,12,0.8306878306878307,0.8563275434243176,0.6853932584269663,0.9384615384615385,0.7922077922077922,0.7741935483808533,96,28,4,61
com_erro,xgboost,oscilacao,30,30,30,158,158,74,84,57,101,16,24,8,0.8164556962025317,0.8373284696890742,0.6842105263157895,0.9122807017543859,0.7819548872180451,0.7623762376162141,77,24,5,52
com_erro,xgboost,oscilacao,40,5,5,943,943,499,444,367,576,16,40,24,0.7804878048780488,0.8104256547078413,0.649812734082397,0.9455040871934605,0.7702552719200888,0.6753472222210497,389,187,20,347
com_erro,xgboost,oscilacao,40,10,10,472,472,249,223,186,286,16,33,17,0.7711864406779662,0.797090006767426,0.6477272727272727,0.9193548387096774,0.76,0.6748251748228153,193,93,15,171
com_erro,xgboost,oscilacao,40,15,15,315,315,167,148,123,192,16,30,14,0.7587301587301587,0.787474593495935,0.6312849162011173,0.9186991869918699,0.7483443708609272,0.6562499999965821,126,66,10,113
com_erro,xgboost,oscilacao,40,20,20,236,236,124,112,93,143,16,24,8,0.7415254237288136,0.7679148808181067,0.6194029850746269,0.8924731182795699,0.7312775330396476,0.6433566433521444,92,51,10,83
com_erro,xgboost,oscilacao,40,25,25,189,189,100,89,72,117,16,24,8,0.7724867724867724,0.7922008547008548,0.6494845360824743,0.875,0.7455621301775148,0.7094017093956461,83,34,9,63
com_erro,xgboost,oscilacao,40,30,30,158,158,81,77,62,96,16,23,7,0.7531645569620253,0.7740255376344086,0.6352941176470588,0.8709677419354839,0.7346938775510204,0.6770833333262803,65,31,8,54
com_erro,xgboost,oscilacao,40,35,35,135,135,73,62,54,81,15,22,7,0.7925925925925926,0.8179012345679012,0.6710526315789473,0.9444444444444444,0.7846153846153846,0.6913580246828227,56,25,3,51
com_erro,xgboost,oscilacao,40,40,40,118,118,61,57,46,72,15,22,7,0.7372881355932204,0.7690217391304348,0.6086956521739131,0.9130434782608695,0.7304347826086957,0.6249999999913194,45,27,4,42
com_erro,xgboost,oscilacao,50,5,5,941,941,537,404,397,544,16,27,11,0.7778958554729012,0.8024591606163876,0.6637630662020906,0.9596977329974811,0.7847579814624099,0.6452205882341081,351,193,16,381
com_erro,xgboost,oscilacao,50,10,10,471,471,269,202,201,270,16,26,10,0.7600849256900213,0.7831122166943063,0.6517241379310345,0.9402985074626866,0.769857433808554,0.6259259259236077,169,101,12,189
com_erro,xgboost,oscilacao,50,15,15,314,314,181,133,133,181,16,22,6,0.7356687898089171,0.7587546213600299,0.6302083333333334,0.9097744360902256,0.7446153846153846,0.6077348066264766,110,71,12,121
com_erro,xgboost,oscilacao,50,20,20,236,236,135,101,101,135,16,19,3,0.7457627118644068,0.7702970297029703,0.6375838926174496,0.9405940594059405,0.76,0.5999999999955556,81,54,6,95
com_erro,xgboost,oscilacao,50,25,25,189,189,108,81,77,112,16,26,10,0.7566137566137566,0.7824675324675325,0.6396396396396397,0.922077922077922,0.7553191489361702,0.642857142851403,72,40,6,71
com_erro,xgboost,oscilacao,50,30,30,157,157,90,67,67,90,13,22,9,0.6878980891719745,0.7144278606965174,0.5882352941176471,0.8955223880597015,0.7100591715976331,0.5333333333274074,48,42,7,60
com_erro,xgboost,oscilacao,50,35,35,135,135,78,57,58,77,15,17,2,0.7481481481481481,0.7707120465741155,0.6428571428571429,0.9310344827586207,0.7605633802816901,0.6103896103816833,47,30,4,54
com_erro,xgboost,oscilacao,50,40,40,118,118,70,48,50,68,15,19,4,0.7457627118644068,0.7714705882352941,0.6351351351351351,0.94,0.7580645161290323,0.6029411764617214,41,27,3,47
com_erro,xgboost,oscilacao,50,45,45,105,105,60,45,45,60,14,21,7,0.6857142857142857,0.7083333333333334,0.5909090909090909,0.8666666666666667,0.7027027027027027,0.5499999999908334,33,27,6,39
com_erro,xgboost,oscilacao,50,50,50,95,95,52,43,40,55,13,19,6,0.6947368421052632,0.7090909090909091,0.6037735849056604,0.8,0.6881720430107527,0.6181818181705786,34,21,8,32
com_erro,xgboost,oscilacao,60,5,5,939,939,573,366,427,512,16,27,11,0.7571884984025559,0.7732613985655737,0.6623164763458401,0.9508196721311475,0.7807692307692308,0.5957031249988365,305,207,21,406
com_erro,xgboost,oscilacao,60,10,10,470,470,287,183,216,254,16,25,9,0.7404255319148936,0.7553404782735491,0.6506410256410257,0.9398148148148148,0.7689393939393939,0.570866141730036,145,109,13,203
com_erro,xgboost,oscilacao,60,15,15,313,313,191,122,140,173,16,19,3,0.7699680511182109,0.7878199834847234,0.67,0.9571428571428572,0.788235294117647,0.6184971098230145,107,66,6,134
com_erro,xgboost,oscilacao,60,20,20,235,235,144,91,108,127,14,20,6,0.723404255319149,0.7378608923884514,0.6387096774193548,0.9166666666666666,0.752851711026616,0.5590551181058342,71,56,9,99
com_erro,xgboost,oscilacao,60,25,25,188,188,115,73,84,104,14,19,5,0.723404255319149,0.7408424908424909,0.6333333333333333,0.9047619047619048,0.7450980392156863,0.5769230769175295,60,44,8,76
com_erro,xgboost,oscilacao,60,30,30,157,157,94,63,72,85,13,19,6,0.7070063694267515,0.7219771241830065,0.625,0.9027777777777778,0.7386363636363636,0.5411764705818685,46,39,7,65
com_erro,xgboost,oscilacao,60,35,35,135,135,83,52,63,72,15,19,4,0.7333333333333333,0.7470238095238095,0.6451612903225806,0.9523809523809523,0.7692307692307693,0.5416666666591435,39,33,3,60
com_erro,xgboost,oscilacao,60,40,40,118,118,72,46,57,61,14,18,4,0.711864406779661,0.718435432844406,0.6419753086419753,0.9122807017543859,0.7536231884057971,0.5245901639258265,32,29,5,52
com_erro,xgboost,oscilacao,60,45,45,105,105,63,42,47,58,14,17,3,0.7142857142857143,0.7292736610418196,0.6307692307692307,0.8723404255319149,0.7321428571428571,0.5862068965416172,34,24,6,41
com_erro,xgboost,oscilacao,60,50,50,94,94,54,40,43,51,13,18,5,0.7127659574468085,0.7225262197902417,0.6428571428571429,0.8372093023255814,0.7272727272727273,0.6078431372429836,31,20,7,36
com_erro,xgboost,oscilacao,60,55,55,86,86,50,36,39,47,13,17,4,0.6976744186046512,0.712493180578287,0.6181818181818182,0.8717948717948718,0.723404255319149,0.5531914893499321,26,21,5,34
com_erro,xgboost,oscilacao,60,60,60,79,79,48,31,37,42,12,15,3,0.759493670886076,0.7705920205920206,0.6730769230769231,0.9459459459459459,0.7865168539325843,0.5952380952239229,25,17,2,35
com_erro,xgboost,oscilacao,70,5,5,937,937,607,330,457,480,14,27,13,0.7556029882604055,0.7603049781181619,0.677570093457944,0.9518599562363238,0.7916287534121929,0.5687499999988151,273,207,22,435
com_erro,xgboost,oscilacao,70,10,10,469,469,304,165,231,238,13,21,8,0.7505330490405118,0.7535014005602241,0.6748466257668712,0.9523809523809523,0.7899461400359067,0.5546218487371655,132,106,11,220
com_erro,xgboost,oscilacao,70,15,15,313,313,203,110,153,160,13,20,7,0.7220447284345048,0.7269812091503267,0.6473214285714286,0.9477124183006536,0.7692307692307693,0.506249999996836,81,79,8,145
com_erro,xgboost,oscilacao,70,20,20,235,235,152,83,116,119,13,16,3,0.7361702127659574,0.7387351492321066,0.6646341463414634,0.9396551724137931,0.7785714285714286,0.5378151260459006,64,55,7,109
com_erro,xgboost,oscilacao,70,25,25,188,188,121,67,89,99,13,18,5,0.7393617021276596,0.7485529451821586,0.6612903225806451,0.9213483146067416,0.7699530516431925,0.57575757575176,57,42,7,82
com_erro,xgboost,oscilacao,70,30,30,157,157,100,57,77,80,13,17,4,0.7197452229299363,0.7235389610389611,0.6513761467889908,0.922077922077922,0.7634408602150538,0.5249999999934375,42,38,6,71
com_erro,xgboost,oscilacao,70,35,35,134,134,90,44,66,68,13,18,5,0.6791044776119403,0.6831550802139037,0.6116504854368932,0.9545454545454546,0.7455621301775148,0.41176470587629754,28,40,3,63
com_erro,xgboost,oscilacao,70,40,40,118,118,73,45,61,57,12,17,5,0.7372881355932204,0.7320966350301985,0.6923076923076923,0.8852459016393442,0.7769784172661871,0.5789473684108957,33,24,7,54
com_erro,xgboost,oscilacao,70,45,45,105,105,68,37,52,53,13,13,0,0.6666666666666666,0.6687227866473149,0.6133333333333333,0.8846153846153846,0.7244094488188977,0.45283018867070135,24,29,6,46
com_erro,xgboost,oscilacao,70,50,50,94,94,60,34,45,49,13,14,1,0.6702127659574468,0.6791383219954649,0.6060606060606061,0.8888888888888888,0.7207207207207207,0.4693877550924615,23,26,5,40
com_erro,xgboost,oscilacao,70,55,55,86,86,56,30,42,44,13,13,0,0.6976744186046512,0.7034632034632035,0.625,0.9523809523809523,0.7547169811320755,0.454545454535124,20,24,2,40
com_erro,xgboost,oscilacao,70,60,60,79,79,50,29,40,39,12,11,-1,0.7974683544303798,0.7955128205128206,0.7307692307692307,0.95,0.8260869565217391,0.6410256410092046,25,14,2,38
com_erro,xgboost,oscilacao,70,65,65,73,73,48,25,37,36,12,10,-2,0.6575342465753424,0.6542792792792793,0.6111111111111112,0.8918918918918919,0.7252747252747253,0.4166666666550926,15,21,4,33
com_erro,xgboost,oscilacao,70,70,70,67,67,46,21,35,32,11,12,1,0.6567164179104478,0.6473214285714286,0.625,0.8571428571428571,0.7228915662650602,0.43749999998632816,14,18,5,30
com_erro,xgboost,oscilacao,80,5,5,935,935,639,296,482,453,13,28,15,0.7411764705882353,0.7342864078114553,0.6759530791788856,0.9564315352697096,0.7920962199312714,0.5121412803520703,232,221,21,461
com_erro,xgboost,oscilacao,80,10,10,468,468,320,148,243,225,13,22,9,0.7457264957264957,0.7370370370370369,0.6802325581395349,0.9629629629629629,0.797274275979557,0.5111111111088396,115,110,9,234
com_erro,xgboost,oscilacao,80,15,15,312,312,215,97,161,151,13,16,3,0.7019230769230769,0.6936983258607214,0.6428571428571429,0.9503105590062112,0.7669172932330827,0.4370860927123372,66,85,8,153
com_erro,xgboost,oscilacao,80,20,20,234,234,160,74,121,113,13,16,3,0.7393162393162394,0.7315512323557376,0.6744186046511628,0.9586776859504132,0.7918088737201365,0.504424778756598,57,56,5,116
com_erro,xgboost,oscilacao,80,25,25,187,187,129,58,94,93,13,17,4,0.7005347593582888,0.6991535117822009,0.6338028169014085,0.9574468085106383,0.7627118644067796,0.440860215049023,41,52,4,90
com_erro,xgboost,oscilacao,80,30,30,156,156,108,48,80,76,12,14,2,0.7115384615384616,0.7042763157894737,0.6422764227642277,0.9875,0.7783251231527094,0.42105263157340717,32,44,1,79
com_erro,xgboost,oscilacao,80,35,35,134,134,93,41,72,62,12,14,2,0.746268656716418,0.7291666666666667,0.69,0.9583333333333334,0.8023255813953488,0.4999999999919355,31,31,3,69
com_erro,xgboost,oscilacao,80,40,40,117,117,79,38,61,56,12,12,0,0.7094017094017094,0.6993559718969555,0.6551724137931034,0.9344262295081968,0.7702702702702703,0.4642857142774235,26,30,4,57
com_erro,xgboost,oscilacao,80,45,45,104,104,69,35,52,52,12,13,1,0.7115384615384616,0.7115384615384616,0.6410256410256411,0.9615384615384616,0.7692307692307693,0.46153846152958583,24,28,2,50
com_erro,xgboost,oscilacao,80,50,50,94,94,65,29,46,48,13,11,-2,0.6808510638297872,0.6870471014492754,0.6081081081081081,0.9782608695652174,0.75,0.39583333332508686,19,29,1,45
com_erro,xgboost,oscilacao,80,55,55,85,85,60,25,44,41,12,11,-1,0.6470588235294118,0.6374722838137472,0.6060606060606061,0.9090909090909091,0.7272727272727273,0.36585365852766216,15,26,4,40
com_erro,xgboost,oscilacao,80,60,60,78,78,54,24,40,38,12,12,0,0.6794871794871795,0.6723684210526315,0.6229508196721312,0.95,0.7524752475247525,0.39473684209487536,15,23,2,38
com_erro,xgboost,oscilacao,80,65,65,72,72,50,22,37,35,12,11,-1,0.7083333333333334,0.7023166023166023,0.6538461538461539,0.918918918918919,0.7640449438202247,0.4857142857004082,17,18,3,34
com_erro,xgboost,oscilacao,80,70,70,67,67,48,19,37,30,10,7,-3,0.6716417910447762,0.6396396396396397,0.6363636363636364,0.9459459459459459,0.7608695652173914,0.3333333333222222,10,20,2,35
com_erro,xgboost,oscilacao,80,75,75,63,63,43,20,31,32,12,12,0,0.6984126984126984,0.7016129032258065,0.6363636363636364,0.9032258064516129,0.7466666666666667,0.49999999998437505,16,16,3,28
com_erro,xgboost,oscilacao,80,80,80,59,59,42,17,29,30,11,9,-2,0.6271186440677966,0.632183908045977,0.574468085106383,0.9310344827586207,0.7105263157894737,0.3333333333222222,10,20,2,27
com_erro,xgboost,oscilacao,90,5,5,933,933,664,269,506,427,13,25,12,0.7438370846730975,0.722882783645435,0.6867132867132867,0.9703557312252964,0.8042588042588042,0.4754098360644604,203,224,15,491
com_erro,xgboost,oscilacao,90,10,10,467,467,332,135,255,212,13,19,6,0.7387580299785867,0.7154458009618943,0.6842105263157895,0.9686274509803922,0.801948051948052,0.46226415094121576,98,114,8,247
com_erro,xgboost,oscilacao,90,15,15,311,311,223,88,167,144,13,18,5,0.7106109324758842,0.6913256819693945,0.6597510373443983,0.9520958083832335,0.7794117647058824,0.43055555555256564,62,82,8,159
com_erro,xgboost,oscilacao,90,20,20,234,234,166,68,128,106,12,12,0,0.7136752136752137,0.6872051886792453,0.6631016042780749,0.96875,0.7873015873015873,0.4056603773546636,43,63,4,124
com_erro,xgboost,oscilacao,90,25,25,187,187,132,55,99,88,12,15,3,0.7219251336898396,0.7058080808080808,0.6598639455782312,0.9797979797979798,0.7886178861788617,0.43181818181327475,38,50,2,97
com_erro,xgboost,oscilacao,90,30,30,156,156,111,45,84,72,12,14,2,0.7307692307692307,0.7123015873015872,0.6779661016949152,0.9523809523809523,0.7920792079207921,0.47222222221566357,34,38,4,80
com_erro,xgboost,oscilacao,90,35,35,134,134,96,38,74,60,12,11,-1,0.7313432835820896,0.7047297297297297,0.6826923076923077,0.9594594594594594,0.797752808988764,0.4499999999925,27,33,3,71
com_erro,xgboost,oscilacao,90,40,40,117,117,84,33,65,52,11,10,-1,0.6666666666666666,0.6307692307692307,0.6326530612244898,0.9538461538461539,0.7607361963190185,0.30769230768639055,16,36,3,62
com_erro,xgboost,oscilacao,90,45,45,104,104,74,30,57,47,11,12,1,0.7596153846153846,0.7396416573348263,0.7105263157894737,0.9473684210526315,0.8120300751879699,0.531914893605704,25,22,3,54
com_erro,xgboost,oscilacao,90,50,50,94,94,67,27,50,44,12,13,1,0.7021276595744681,0.6859090909090909,0.6527777777777778,0.94,0.7704918032786885,0.4318181818083678,19,25,3,47
com_erro,xgboost,oscilacao,90,55,55,85,85,60,25,48,37,11,13,2,0.7294117647058823,0.695382882882883,0.6865671641791045,0.9583333333333334,0.8,0.4324324324207451,16,21,2,46
com_erro,xgboost,oscilacao,90,60,60,78,78,56,22,41,37,12,9,-3,0.717948717948718,0.7040210942649967,0.6557377049180327,0.975609756097561,0.7843137254901961,0.4324324324207451,16,21,1,40
com_erro,xgboost,oscilacao,90,65,65,72,72,51,21,38,34,12,11,-1,0.75,0.7383900928792569,0.6923076923076923,0.9473684210526315,0.8,0.5294117646903115,18,16,2,36
com_erro,xgboost,oscilacao,90,70,70,67,67,49,18,38,29,10,10,0,0.6716417910447762,0.632940108892922,0.6481481481481481,0.9210526315789473,0.7608695652173914,0.3448275861950059,10,19,3,35
com_erro,xgboost,oscilacao,90,75,75,63,63,45,18,32,31,12,8,-4,0.6666666666666666,0.6628024193548387,0.6170212765957447,0.90625,0.7341772151898734,0.41935483869614987,13,18,3,29
com_erro,xgboost,oscilacao,90,80,80,59,59,43,16,31,28,11,7,-4,0.6440677966101694,0.6284562211981567,0.6041666666666666,0.9354838709677419,0.7341772151898734,0.32142857141709186,9,19,2,29
com_erro,xgboost,oscilacao,90,85,85,55,55,37,18,31,24,10,9,-1,0.7818181818181819,0.7547043010752688,0.7317073170731707,0.967741935483871,0.8333333333333334,0.5416666666440972,13,11,1,30
com_erro,xgboost,oscilacao,90,90,90,52,52,35,17,26,26,11,12,1,0.7884615384615384,0.7884615384615385,0.7272727272727273,0.9230769230769231,0.8135593220338984,0.6538461538210059,17,9,2,24
com_erro,xgboost,oscilacao,100,5,5,931,931,683,248,530,401,13,14,1,0.7400644468313641,0.7015927163224016,0.692,0.9792452830188679,0.8109375,0.42394014962487797,170,231,11,519
com_erro,xgboost,oscilacao,100,10,10,466,466,342,124,267,199,12,14,2,0.7360515021459227,0.694794195697589,0.6904761904761905,0.9775280898876404,0.8093023255813954,0.4120603015054671,82,117,6,261
com_erro,xgboost,oscilacao,100,15,15,311,311,228,83,177,134,12,16,4,0.7556270096463023,0.7209503330803609,0.7078189300411523,0.9717514124293786,0.819047619047619,0.4701492537278347,63,71,5,172
com_erro,xgboost,oscilacao,100,20,20,233,233,172,61,133,100,12,15,3,0.7467811158798283,0.7087218045112782,0.6989247311827957,0.9774436090225563,0.8150470219435737,0.43999999999559997,44,56,3,130
com_erro,xgboost,oscilacao,100,25,25,187,187,137,50,104,83,12,17,5,0.7165775401069518,0.6868049119555144,0.673469387755102,0.9519230769230769,0.7888446215139442,0.42168674698287123,35,48,5,99
com_erro,xgboost,oscilacao,100,30,30,156,156,114,42,89,67,12,13,1,0.75,0.7107999329196713,0.6984126984126984,0.9887640449438202,0.8186046511627907,0.43283582088906214,29,38,1,88
com_erro,xgboost,oscilacao,100,35,35,133,133,98,35,77,56,11,11,0,0.7293233082706767,0.6834415584415584,0.6880733944954128,0.974025974025974,0.8064516129032258,0.39285714285012757,22,34,2,75
com_erro,xgboost,oscilacao,100,40,40,117,117,85,32,70,47,10,11,1,0.7264957264957265,0.666565349544073,0.6938775510204082,0.9714285714285714,0.8095238095238095,0.3617021276518787,17,30,2,68
com_erro,xgboost,oscilacao,100,45,45,104,104,76,28,59,45,11,11,0,0.7788461538461539,0.7523540489642184,0.7368421052631579,0.9491525423728814,0.8296296296296296,0.5555555555432099,25,20,3,56
com_erro,xgboost,oscilacao,100,50,50,94,94,69,25,52,42,12,13,1,0.7021276595744681,0.6758241758241759,0.6666666666666666,0.9230769230769231,0.7741935483870968,0.42857142856122454,18,24,4,48
com_erro,xgboost,oscilacao,100,55,55,85,85,62,23,49,36,10,8,-2,0.7176470588235294,0.6703514739229025,0.676056338028169,0.9795918367346939,0.8,0.3611111111010803,13,23,1,48
com_erro,xgboost,oscilacao,100,60,60,78,78,58,20,43,35,11,9,-2,0.7692307692307693,0.7428571428571429,0.7049180327868853,1.0,0.8269230769230769,0.4857142857004082,17,18,0,43
com_erro,xgboost,oscilacao,100,65,65,72,72,53,19,41,31,10,11,1,0.7222222222222222,0.6892210857592447,0.6909090909090909,0.926829268292683,0.7916666666666666,0.4516129032112383,14,17,3,38
com_erro,xgboost,oscilacao,100,70,70,67,67,51,16,40,27,9,6,-3,0.7014925373134329,0.6356481481481482,0.6724137931034483,0.975,0.7959183673469388,0.29629629628532234,8,19,1,39
com_erro,xgboost,oscilacao,100,75,75,63,63,46,17,33,30,12,10,-2,0.7142857142857143,0.7015151515151515,0.6530612244897959,0.9696969696969697,0.7804878048780488,0.4333333333188889,13,17,1,32
com_erro,xgboost,oscilacao,100,80,80,59,59,44,15,35,24,9,8,-1,0.7627118644067796,0.7148809523809524,0.723404255319149,0.9714285714285714,0.8292682926829268,0.4583333333142361,11,13,1,34
com_erro,xgboost,oscilacao,100,85,85,55,55,38,17,31,24,10,8,-2,0.7636363636363637,0.7338709677419355,0.7142857142857143,0.967741935483871,0.821917808219178,0.49999999997916666,12,12,1,30
com_erro,xgboost,oscilacao,100,90,90,52,52,36,16,28,24,11,9,-2,0.7692307692307693,0.7529761904761905,0.7105263157894737,0.9642857142857143,0.8181818181818182,0.5416666666440972,13,11,1,27
com_erro,xgboost,oscilacao,100,95,95,49,49,37,12,27,22,9,7,-2,0.7142857142857143,0.686026936026936,0.6666666666666666,0.9629629629629629,0.7878787878787878,0.40909090907231405,9,13,1,26
com_erro,xgboost,oscilacao,100,100,100,47,47,35,12,24,23,11,9,-2,0.723404255319149,0.7192028985507246,0.6666666666666666,0.9166666666666666,0.7719298245614035,0.5217391304120983,12,11,2,22
com_erro,xgboost,queda,20,5,5,947,947,233,714,200,747,21,33,12,0.9271383315733897,0.919032797858099,0.7835497835497836,0.905,0.839907192575406,0.9330655957149491,697,50,19,181
com_erro,xgboost,queda,20,10,10,474,474,118,356,97,377,21,26,5,0.9282700421940928,0.9166233695206323,0.7837837837837838,0.8969072164948454,0.8365384615384616,0.9363395225439355,353,24,10,87
com_erro,xgboost,queda,20,15,15,316,316,78,238,66,250,19,26,7,0.9208860759493671,0.8942424242424243,0.7887323943661971,0.8484848484848485,0.8175182481751825,0.9399999999962401,235,15,10,56
com_erro,xgboost,queda,20,20,20,237,237,57,180,48,189,19,27,8,0.9240506329113924,0.9135251322751323,0.7678571428571429,0.8958333333333334,0.8269230769230769,0.9312169312120042,176,13,5,43
com_erro,xgboost,queda,30,5,5,945,945,277,668,240,705,20,33,13,0.908994708994709,0.9005319148936171,0.7851851851851852,0.8833333333333333,0.8313725490196079,0.917730496452599,647,58,28,212
com_erro,xgboost,queda,30,10,10,473,473,140,333,117,356,20,31,11,0.9133192389006343,0.9108566215307788,0.7794117647058824,0.905982905982906,0.8379446640316206,0.9157303370760794,326,30,11,106
com_erro,xgboost,queda,30,15,15,315,315,92,223,80,235,19,29,10,0.8793650793650793,0.861436170212766,0.7333333333333333,0.825,0.7764705882352941,0.8978723404217113,211,24,14,66
com_erro,xgboost,queda,30,20,20,237,237,70,167,60,177,20,25,5,0.9156118143459916,0.9049435028248587,0.803030303030303,0.8833333333333333,0.8412698412698413,0.9265536723111495,164,13,7,53
com_erro,xgboost,queda,30,25,25,189,189,54,135,46,143,19,24,5,0.91005291005291,0.888948008513226,0.7959183673469388,0.8478260869565217,0.8210526315789474,0.9300699300634262,133,10,7,39
com_erro,xgboost,queda,30,30,30,158,158,50,108,38,120,18,22,4,0.8924050632911392,0.875219298245614,0.7441860465116279,0.8421052631578947,0.7901234567901234,0.9083333333257638,109,11,6,32
com_erro,xgboost,queda,40,5,5,943,943,320,623,278,665,20,32,12,0.8981972428419936,0.8995591496727431,0.784375,0.9028776978417267,0.8394648829431438,0.8962406015024117,596,69,27,251
com_erro,xgboost,queda,40,10,10,472,472,161,311,136,336,20,33,13,0.8919491525423728,0.9000350140056022,0.7575757575757576,0.9191176470588235,0.8305647840531561,0.8809523809497591,296,40,11,125
com_erro,xgboost,queda,40,15,15,315,315,109,206,94,221,19,25,6,0.8793650793650793,0.8712332723596804,0.7692307692307693,0.851063829787234,0.8080808080808081,0.8914027149280932,197,24,14,80
com_erro,xgboost,queda,40,20,20,236,236,79,157,67,169,19,23,4,0.9194915254237288,0.9167623421354765,0.8243243243243243,0.9104477611940298,0.8652482269503546,0.9230769230714612,156,13,6,61
com_erro,xgboost,queda,40,25,25,189,189,60,129,56,133,15,22,7,0.8783068783068783,0.8515037593984962,0.8,0.7857142857142857,0.7927927927927928,0.9172932330758099,122,11,12,44
com_erro,xgboost,queda,40,30,30,158,158,54,104,45,113,18,25,7,0.8734177215189873,0.8580137659783678,0.7551020408163265,0.8222222222222222,0.7872340425531915,0.8938053097266034,101,12,8,37
com_erro,xgboost,queda,40,35,35,135,135,46,89,40,95,16,25,9,0.8592592592592593,0.8565789473684211,0.723404255319149,0.85,0.7816091954022989,0.8631578947277562,82,13,6,34
com_erro,xgboost,queda,40,40,40,118,118,35,83,37,81,16,21,5,0.8389830508474576,0.8166499833166501,0.7368421052631579,0.7567567567567568,0.7466666666666667,0.8765432098657217,71,10,9,28
com_erro,xgboost,queda,50,5,5,941,941,361,580,314,627,18,33,15,0.8852284803400637,0.8947977935574315,0.7754010695187166,0.9235668789808917,0.8430232558139535,0.86602870813259,543,84,24,290
com_erro,xgboost,queda,50,10,10,471,471,181,290,155,316,18,29,11,0.8832271762208068,0.8899652919559004,0.7747252747252747,0.9096774193548387,0.8367952522255193,0.8702531645542081,275,41,14,141
com_erro,xgboost,queda,50,15,15,314,314,121,193,104,210,17,24,7,0.8821656050955414,0.8827838827838828,0.7863247863247863,0.8846153846153846,0.832579185520362,0.880952380948186,185,25,12,92
com_erro,xgboost,queda,50,20,20,236,236,90,146,79,157,16,22,6,0.8898305084745762,0.8920422478432637,0.797752808988764,0.8987341772151899,0.8452380952380952,0.8853503184656984,139,18,8,71
com_erro,xgboost,queda,50,25,25,189,189,68,121,64,125,16,21,5,0.8571428571428571,0.838625,0.7936507936507936,0.78125,0.7874015748031497,0.895999999992832,112,13,14,50
com_erro,xgboost,queda,50,30,30,157,157,62,95,51,106,16,21,5,0.8662420382165605,0.8704217536071033,0.75,0.8823529411764706,0.8108108108108109,0.8584905660296368,91,15,6,45
com_erro,xgboost,queda,50,35,35,135,135,53,82,45,90,13,18,5,0.8814814814814815,0.8888888888888888,0.7735849056603774,0.9111111111111111,0.8367346938775511,0.866666666657037,78,12,4,41
com_erro,xgboost,queda,50,40,40,118,118,44,74,43,75,13,17,4,0.8559322033898306,0.8668217054263565,0.75,0.9069767441860465,0.8210526315789474,0.8266666666556444,62,13,4,39
com_erro,xgboost,queda,50,45,45,105,105,40,65,33,72,15,17,2,0.9142857142857143,0.9128787878787878,0.8333333333333334,0.9090909090909091,0.8695652173913043,0.9166666666539351,66,6,3,30
com_erro,xgboost,queda,50,50,50,95,95,34,61,33,62,15,16,1,0.8631578947368421,0.8384652981427174,0.8333333333333334,0.7575757575757576,0.7936507936507936,0.9193548386948491,57,5,8,25
com_erro,xgboost,queda,60,5,5,939,939,399,540,346,593,15,35,20,0.8519701810436635,0.8623341683806256,0.7482014388489209,0.9017341040462428,0.817824377457405,0.8229342327136207,488,105,34,312
com_erro,xgboost,queda,60,10,10,470,470,200,270,172,298,15,28,13,0.8617021276595744,0.8663571094115812,0.7715736040609137,0.8837209302325582,0.8238482384823849,0.8489932885877551,253,45,20,152
com_erro,xgboost,queda,60,15,15,313,313,133,180,116,197,14,25,11,0.8594249201277955,0.8688298617188868,0.7608695652173914,0.9051724137931034,0.8267716535433071,0.8324873096404443,164,33,11,105
com_erro,xgboost,queda,60,20,20,235,235,99,136,86,149,14,22,8,0.8851063829787233,0.8872717340408928,0.8105263157894737,0.8953488372093024,0.850828729281768,0.8791946308665827,131,18,9,77
com_erro,xgboost,queda,60,25,25,188,188,79,109,69,119,13,24,11,0.8404255319148937,0.8435026184386798,0.7468354430379747,0.855072463768116,0.7972972972972973,0.8319327731022527,99,20,10,59
com_erro,xgboost,queda,60,30,30,157,157,71,86,56,101,14,21,7,0.8343949044585988,0.843440594059406,0.7205882352941176,0.875,0.7903225806451613,0.8118811881107735,82,19,7,49
com_erro,xgboost,queda,60,35,35,135,135,54,81,50,85,14,19,5,0.8740740740740741,0.8794117647058823,0.7894736842105263,0.9,0.8411214953271028,0.8588235294016608,73,12,5,45
com_erro,xgboost,queda,60,40,40,118,118,49,69,44,74,13,18,5,0.9067796610169492,0.9118550368550369,0.8367346938775511,0.9318181818181818,0.8817204301075269,0.8918918918798393,66,8,3,41
com_erro,xgboost,queda,60,45,45,105,105,43,62,39,66,12,18,6,0.8380952380952381,0.8292540792540792,0.775,0.7948717948717948,0.7848101265822784,0.8636363636232782,57,9,8,31
com_erro,xgboost,queda,60,50,50,94,94,41,53,33,61,13,17,4,0.8829787234042553,0.8820168902136115,0.8055555555555556,0.8787878787878788,0.8405797101449275,0.8852459016248321,54,7,4,29
com_erro,xgboost,queda,60,55,55,86,86,38,48,30,56,13,20,7,0.8372093023255814,0.8517857142857144,0.7105263157894737,0.9,0.7941176470588235,0.8035714285570791,45,11,3,27
com_erro,xgboost,queda,60,60,60,79,79,36,43,26,53,14,20,6,0.810126582278481,0.829100145137881,0.6571428571428571,0.8846153846153846,0.7540983606557377,0.7735849056457814,41,12,3,23
com_erro,xgboost,queda,70,5,5,937,937,435,502,373,564,14,29,15,0.8516542155816436,0.8636082748654763,0.7577092511013216,0.9222520107238605,0.8319226118500604,0.804964539005665,454,110,29,344
com_erro,xgboost,queda,70,10,10,469,469,218,251,186,283,14,24,10,0.8614072494669509,0.8685740339678559,0.7813953488372093,0.9032258064516129,0.8379052369077307,0.8339222614811522,236,47,18,168
com_erro,xgboost,queda,70,15,15,313,313,147,166,126,187,14,22,8,0.853035143769968,0.8588829471182412,0.7777777777777778,0.8888888888888888,0.8296296296296296,0.8288770053431611,155,32,14,112
com_erro,xgboost,queda,70,20,20,235,235,109,126,94,141,14,23,9,0.851063829787234,0.8599290780141844,0.7657657657657657,0.9042553191489362,0.8292682926829268,0.8156028368736483,115,26,9,85
com_erro,xgboost,queda,70,25,25,188,188,85,103,76,112,12,18,6,0.8670212765957447,0.8672462406015038,0.8148148148148148,0.868421052631579,0.8407643312101911,0.8660714285636958,97,15,10,66
com_erro,xgboost,queda,70,30,30,157,157,73,84,62,95,14,22,8,0.8598726114649682,0.8702037351443124,0.7702702702702703,0.9193548387096774,0.8382352941176471,0.8210526315703047,78,17,5,57
com_erro,xgboost,queda,70,35,35,134,134,62,72,53,81,12,16,4,0.8582089552238806,0.8664104355928255,0.7741935483870968,0.9056603773584906,0.8347826086956521,0.8271604938169486,67,14,5,48
com_erro,xgboost,queda,70,40,40,118,118,51,67,48,70,14,20,6,0.8305084745762712,0.8276785714285715,0.78,0.8125,0.7959183673469388,0.842857142845102,59,11,9,39
com_erro,xgboost,queda,70,45,45,105,105,48,57,43,62,12,17,5,0.8571428571428571,0.8540885221305327,0.8181818181818182,0.8372093023255814,0.8275862068965517,0.870967741921436,54,8,7,36
com_erro,xgboost,queda,70,50,50,94,94,44,50,37,57,12,16,4,0.851063829787234,0.8487434803224276,0.7948717948717948,0.8378378378378378,0.8157894736842105,0.8596491227919361,49,8,6,31
com_erro,xgboost,queda,70,55,55,86,86,41,45,34,52,11,14,3,0.8604651162790697,0.879524886877828,0.75,0.9705882352941176,0.8461538461538461,0.7884615384463758,41,11,1,33
com_erro,xgboost,queda,70,60,60,79,79,37,42,29,50,14,15,1,0.7848101265822784,0.8082758620689655,0.65,0.896551724137931,0.7536231884057971,0.7199999999856,36,14,3,26
com_erro,xgboost,queda,70,65,65,73,73,31,42,29,44,12,11,-1,0.8767123287671232,0.8800940438871474,0.8125,0.896551724137931,0.8524590163934426,0.8636363636167356,38,6,3,26
com_erro,xgboost,queda,70,70,70,67,67,33,34,26,41,11,14,3,0.9104477611940298,0.9268292682926829,0.8125,1.0,0.896551724137931,0.8536585365645449,35,6,0,26
com_erro,xgboost,queda,80,5,5,935,935,467,468,399,536,14,28,14,0.8459893048128342,0.8547815434107657,0.7684210526315789,0.9147869674185464,0.8352402745995423,0.7947761194015023,426,110,34,365
com_erro,xgboost,queda,80,10,10,468,468,234,234,199,269,14,25,11,0.8525641025641025,0.8599783303132764,0.7801724137931034,0.9095477386934674,0.839907192575406,0.8104089219300729,218,51,18,181
com_erro,xgboost,queda,80,15,15,312,312,156,156,134,178,12,21,9,0.8589743589743589,0.8662585946671139,0.7884615384615384,0.917910447761194,0.8482758620689655,0.8146067415684574,145,33,11,123
com_erro,xgboost,queda,80,20,20,234,234,116,118,100,134,12,21,9,0.8632478632478633,0.8691791044776119,0.7982456140350878,0.91,0.8504672897196262,0.8283582089490422,111,23,9,91
com_erro,xgboost,queda,80,25,25,187,187,93,94,80,107,12,16,4,0.8663101604278075,0.8721378504672896,0.8021978021978022,0.9125,0.8538011695906432,0.8317757009268059,89,18,7,73
com_erro,xgboost,queda,80,30,30,156,156,79,77,67,89,12,17,5,0.8525641025641025,0.8578735535804125,0.7894736842105263,0.8955223880597015,0.8391608391608392,0.8202247190919075,73,16,7,60
com_erro,xgboost,queda,80,35,35,134,134,68,66,57,77,11,20,9,0.8059701492537313,0.812941444520392,0.7313432835820896,0.8596491228070176,0.7903225806451613,0.7662337662238151,59,18,8,49
com_erro,xgboost,queda,80,40,40,117,117,55,62,53,64,12,17,5,0.8376068376068376,0.8369693396226415,0.8148148148148148,0.8301886792452831,0.822429906542056,0.8437499999868163,54,10,9,44
com_erro,xgboost,queda,80,45,45,104,104,52,52,46,58,10,15,5,0.7980769230769231,0.803223388305847,0.7358490566037735,0.8478260869565217,0.7878787878787878,0.7586206896420928,44,14,7,39
com_erro,xgboost,queda,80,50,50,94,94,46,48,40,54,11,17,6,0.776595744680851,0.7861111111111111,0.6938775510204082,0.85,0.7640449438202247,0.7222222222088478,39,15,6,34
com_erro,xgboost,queda,80,55,55,85,85,41,44,35,50,11,14,3,0.8470588235294118,0.8571428571428572,0.7619047619047619,0.9142857142857143,0.8311688311688312,0.7999999999840001,40,10,3,32
com_erro,xgboost,queda,80,60,60,78,78,39,39,31,47,12,17,5,0.7564102564102564,0.7814001372683597,0.6363636363636364,0.9032258064516129,0.7466666666666667,0.6595744680710729,31,16,3,28
com_erro,xgboost,queda,80,65,65,72,72,34,38,30,42,10,11,1,0.8472222222222222,0.8500000000000001,0.7878787878787878,0.8666666666666667,0.8253968253968254,0.8333333333134921,35,7,4,26
com_erro,xgboost,queda,80,70,70,67,67,34,33,28,39,11,14,3,0.835820895522388,0.8438644688644689,0.7575757575757576,0.8928571428571429,0.819672131147541,0.7948717948514136,31,8,3,25
com_erro,xgboost,queda,80,75,75,63,63,34,29,28,35,10,12,2,0.8571428571428571,0.8571428571428571,0.8275862068965517,0.8571428571428571,0.8421052631578947,0.8571428571183675,30,5,4,24
com_erro,xgboost,queda,80,80,80,59,59,28,31,29,30,10,12,2,0.8813559322033898,0.8816091954022989,0.8666666666666667,0.896551724137931,0.8813559322033898,0.8666666666377778,26,4,3,26
com_erro,xgboost,queda,90,5,5,933,933,496,437,425,508,13,26,13,0.84994640943194,0.8550926354793886,0.790224032586558,0.9129411764705883,0.8471615720524017,0.7972440944866196,405,103,37,388
com_erro,xgboost,queda,90,10,10,467,467,249,218,212,255,13,22,9,0.854389721627409,0.8607010728819829,0.788,0.9292452830188679,0.8528138528138528,0.7921568627419916,202,53,15,197
com_erro,xgboost,queda,90,15,15,311,311,165,146,143,168,11,20,9,0.8006430868167203,0.8061105561105562,0.7396449704142012,0.8741258741258742,0.8012820512820513,0.7380952380908448,124,44,18,125
com_erro,xgboost,queda,90,20,20,234,234,124,110,107,127,12,19,7,0.8461538461538461,0.8516447126352197,0.784,0.9158878504672897,0.8448275862068966,0.7874015747969496,100,27,9,98
com_erro,xgboost,queda,90,25,25,187,187,96,91,84,103,11,14,3,0.8823529411764706,0.8844197873324087,0.8444444444444444,0.9047619047619048,0.8735632183908046,0.8640776698945235,89,14,8,76
com_erro,xgboost,queda,90,30,30,156,156,87,69,70,86,11,17,6,0.8012820512820513,0.8091362126245847,0.7294117647058823,0.8857142857142857,0.8,0.7325581395263656,63,23,8,62
com_erro,xgboost,queda,90,35,35,134,134,70,64,61,73,11,17,6,0.835820895522388,0.8371884123063102,0.8,0.8524590163934426,0.8253968253968254,0.8219178082079189,60,13,9,52
com_erro,xgboost,queda,90,40,40,117,117,63,54,56,61,10,13,3,0.8461538461538461,0.8495316159250585,0.7878787878787878,0.9285714285714286,0.8524590163934426,0.7704918032660576,47,14,4,52
com_erro,xgboost,queda,90,45,45,104,104,58,46,47,57,10,14,4,0.8557692307692307,0.8628219484882419,0.7857142857142857,0.9361702127659575,0.8543689320388349,0.789473684196676,45,12,3,44
com_erro,xgboost,queda,90,50,50,94,94,47,47,42,52,10,12,2,0.8617021276595744,0.8635531135531136,0.8222222222222222,0.8809523809523809,0.8505747126436781,0.846153846137574,44,8,5,37
com_erro,xgboost,queda,90,55,55,85,85,44,41,37,48,9,13,4,0.8823529411764706,0.8896396396396397,0.813953488372093,0.9459459459459459,0.875,0.8333333333159723,40,8,2,35
com_erro,xgboost,queda,90,60,60,78,78,43,35,33,45,11,15,4,0.7948717948717948,0.8020202020202021,0.717948717948718,0.8484848484848485,0.7777777777777778,0.7555555555387655,34,11,5,28
com_erro,xgboost,queda,90,65,65,72,72,37,35,31,41,10,11,1,0.8194444444444444,0.8335955940204562,0.725,0.9354838709677419,0.8169014084507042,0.7317073170553243,30,11,2,29
com_erro,xgboost,queda,90,70,70,67,67,34,33,29,38,11,13,2,0.8507462686567164,0.852087114337568,0.8064516129032258,0.8620689655172413,0.8333333333333334,0.8421052631357342,32,6,4,25
com_erro,xgboost,queda,90,75,75,63,63,35,28,30,33,9,12,3,0.8253968253968254,0.8257575757575758,0.8064516129032258,0.8333333333333334,0.819672131147541,0.8181818181570248,27,6,5,25
com_erro,xgboost,queda,90,80,80,59,59,33,26,30,29,9,10,1,0.864406779661017,0.8632183908045977,0.8235294117647058,0.9333333333333333,0.875,0.7931034482485136,23,6,2,28
com_erro,xgboost,queda,90,85,85,55,55,28,27,24,31,9,7,-2,0.9454545454545454,0.9469086021505376,0.92,0.9583333333333334,0.9387755102040817,0.935483870937565,29,2,1,23
com_erro,xgboost,queda,90,90,90,52,52,30,22,24,28,9,11,2,0.8653846153846154,0.8720238095238095,0.7931034482758621,0.9583333333333334,0.8679245283018868,0.7857142856862245,22,6,1,23
com_erro,xgboost,queda,100,5,5,931,931,523,408,448,483,12,20,8,0.8399570354457573,0.8427633281573499,0.7858508604206501,0.9174107142857143,0.8465499485066942,0.7681159420273952,371,112,37,411
com_erro,xgboost,queda,100,10,10,466,466,262,204,224,242,12,16,4,0.8433476394849786,0.8455209563164109,0.7984189723320159,0.9017857142857143,0.8469601677148847,0.7892561983438461,191,51,22,202
com_erro,xgboost,queda,100,15,15,311,311,177,134,150,161,12,18,6,0.8263665594855305,0.8291097308488613,0.7727272727272727,0.9066666666666666,0.8343558282208589,0.7515527950263879,121,40,14,136
com_erro,xgboost,queda,100,20,20,233,233,129,104,112,121,11,18,7,0.8497854077253219,0.8513872491145218,0.8130081300813008,0.8928571428571429,0.851063829787234,0.8099173553652073,98,23,12,100
com_erro,xgboost,queda,100,25,25,187,187,102,85,91,96,11,14,3,0.8609625668449198,0.8617216117216118,0.8350515463917526,0.8901098901098901,0.8617021276595744,0.8333333333246528,80,16,10,81
com_erro,xgboost,queda,100,30,30,156,156,89,67,75,81,12,15,3,0.8397435897435898,0.8412345679012345,0.8048780487804879,0.88,0.8407643312101911,0.8024691357925621,65,16,9,66
com_erro,xgboost,queda,100,35,35,133,133,74,59,64,69,11,15,4,0.8345864661654135,0.8366168478260869,0.7916666666666666,0.890625,0.8382352941176471,0.7826086956408317,54,15,7,57
com_erro,xgboost,queda,100,40,40,117,117,66,51,57,60,10,13,3,0.8205128205128205,0.8214912280701754,0.7903225806451613,0.8596491228070176,0.8235294117647058,0.7833333333202778,47,13,8,49
com_erro,xgboost,queda,100,45,45,104,104,59,45,49,55,9,13,4,0.8461538461538461,0.8489795918367347,0.8,0.8979591836734694,0.8461538461538461,0.7999999999854546,44,11,5,44
com_erro,xgboost,queda,100,50,50,94,94,51,43,47,47,9,9,0,0.8617021276595744,0.8617021276595744,0.84,0.8936170212765957,0.865979381443299,0.8297872340248982,39,8,5,42
com_erro,xgboost,queda,100,55,55,85,85,47,38,40,45,9,9,0,0.8823529411764706,0.8833333333333333,0.8571428571428571,0.9,0.8780487804878049,0.8666666666474074,39,6,4,36
com_erro,xgboost,queda,100,60,60,78,78,44,34,36,42,10,12,2,0.8589743589743589,0.8591269841269842,0.8378378378378378,0.8611111111111112,0.8493150684931506,0.8571428571224491,36,6,5,31
com_erro,xgboost,queda,100,65,65,72,72,37,35,32,40,10,12,2,0.8194444444444444,0.825,0.7567567567567568,0.875,0.8115942028985508,0.7749999999806251,31,9,4,28
com_erro,xgboost,queda,100,70,70,67,67,35,32,32,35,10,11,1,0.7164179104477612,0.7191964285714285,0.6756756756756757,0.78125,0.7246376811594203,0.6571428571240817,23,12,7,25
com_erro,xgboost,queda,100,75,75,63,63,37,26,33,30,8,10,2,0.8571428571428571,0.8575757575757577,0.875,0.8484848484848485,0.8615384615384616,0.8666666666377778,26,4,5,28
com_erro,xgboost,queda,100,80,80,59,59,35,24,30,29,9,12,3,0.8305084745762712,0.8304597701149425,0.8333333333333334,0.8333333333333334,0.8333333333333334,0.8275862068680143,24,5,5,25
com_erro,xgboost,queda,100,85,85,55,55,28,27,27,28,8,9,1,0.8545454545454545,0.8531746031746033,0.9130434782608695,0.7777777777777778,0.84,0.9285714285382654,26,2,6,21
com_erro,xgboost,queda,100,90,90,52,52,30,22,24,28,9,10,1,0.8653846153846154,0.8690476190476191,0.8148148148148148,0.9166666666666666,0.8627450980392157,0.8214285713992346,23,5,2,22
com_erro,xgboost,queda,100,95,95,49,49,28,21,22,27,10,9,-1,0.7959183673469388,0.8106060606060606,0.7,0.9545454545454546,0.8076923076923077,0.6666666666419753,18,9,1,21
com_erro,xgboost,queda,100,100,100,47,47,24,23,24,23,8,9,1,0.7659574468085106,0.7653985507246377,0.76,0.7916666666666666,0.7755102040816326,0.7391304347504726,17,6,5,19
