teste,modelo,falha,janela,passo_cfg,passo_real,amostras_treino,amostras_teste,positivos_treino,negativos_treino,positivos_teste,negativos_teste,eventos_reais_teste,eventos_detectados,diferenca_eventos,accuracy,balanced_accuracy,precision_pos,recall_pos,f1_pos,specificity,tn,fp,fn,tp
com_erro,catboost,lacuna,20,5,5,1811,1811,119,1692,119,1692,18,18,0,1.0,1.0,1.0,1.0,1.0,0.999999999999409,1692,0,0,119
com_erro,catboost,lacuna,20,10,10,906,906,58,848,58,848,18,18,0,1.0,1.0,1.0,1.0,1.0,0.9999999999988207,848,0,0,58
com_erro,catboost,lacuna,20,15,15,604,604,40,564,40,564,18,18,0,1.0,1.0,1.0,1.0,1.0,0.999999999998227,564,0,0,40
com_erro,catboost,lacuna,20,20,20,453,453,28,425,28,425,18,18,0,1.0,1.0,1.0,1.0,1.0,0.9999999999976471,425,0,0,28
com_erro,catboost,lacuna,30,5,5,1809,1809,151,1658,151,1658,18,18,0,1.0,1.0,1.0,1.0,1.0,0.9999999999993968,1658,0,0,151
com_erro,catboost,lacuna,30,10,10,905,905,74,831,74,831,18,18,0,1.0,1.0,1.0,1.0,1.0,0.9999999999987966,831,0,0,74
com_erro,catboost,lacuna,30,15,15,603,603,51,552,51,552,18,18,0,1.0,1.0,1.0,1.0,1.0,0.9999999999981884,552,0,0,51
com_erro,catboost,lacuna,30,20,20,453,453,38,415,38,415,18,18,0,1.0,1.0,1.0,1.0,1.0,0.9999999999975904,415,0,0,38
com_erro,catboost,lacuna,30,25,25,362,362,31,331,31,331,18,18,0,1.0,1.0,1.0,1.0,1.0,0.9999999999969789,331,0,0,31
com_erro,catboost,lacuna,30,30,30,302,302,26,276,26,276,18,18,0,1.0,1.0,1.0,1.0,1.0,0.9999999999963769,276,0,0,26
com_erro,catboost,lacuna,40,5,5,1807,1807,183,1624,183,1624,18,18,0,1.0,1.0,1.0,1.0,1.0,0.9999999999993843,1624,0,0,183
com_erro,catboost,lacuna,40,10,10,904,904,90,814,90,814,18,18,0,1.0,1.0,1.0,1.0,1.0,0.9999999999987715,814,0,0,90
com_erro,catboost,lacuna,40,15,15,603,603,62,541,62,541,18,18,0,1.0,1.0,1.0,1.0,1.0,0.9999999999981516,541,0,0,62
com_erro,catboost,lacuna,40,20,20,452,452,44,408,44,408,18,18,0,1.0,1.0,1.0,1.0,1.0,0.9999999999975491,408,0,0,44
com_erro,catboost,lacuna,40,25,25,362,362,37,325,37,325,18,18,0,1.0,1.0,1.0,1.0,1.0,0.9999999999969231,325,0,0,37
com_erro,catboost,lacuna,40,30,30,302,302,30,272,30,272,18,18,0,1.0,1.0,1.0,1.0,1.0,0.9999999999963236,272,0,0,30
com_erro,catboost,lacuna,40,35,35,259,259,29,230,29,230,18,18,0,1.0,1.0,1.0,1.0,1.0,0.9999999999956523,230,0,0,29
com_erro,catboost,lacuna,40,40,40,226,226,21,205,21,205,17,17,0,1.0,1.0,1.0,1.0,1.0,0.999999999995122,205,0,0,21
com_erro,catboost,lacuna,50,5,5,1805,1805,215,1590,215,1590,18,18,0,1.0,1.0,1.0,1.0,1.0,0.9999999999993711,1590,0,0,215
com_erro,catboost,lacuna,50,10,10,903,903,106,797,106,797,18,18,0,1.0,1.0,1.0,1.0,1.0,0.9999999999987453,797,0,0,106
com_erro,catboost,lacuna,50,15,15,602,602,72,530,72,530,18,18,0,1.0,1.0,1.0,1.0,1.0,0.9999999999981132,530,0,0,72
com_erro,catboost,lacuna,50,20,20,452,452,54,398,54,398,18,18,0,1.0,1.0,1.0,1.0,1.0,0.9999999999974875,398,0,0,54
com_erro,catboost,lacuna,50,25,25,361,361,43,318,43,318,18,18,0,1.0,1.0,1.0,1.0,1.0,0.9999999999968554,318,0,0,43
com_erro,catboost,lacuna,50,30,30,301,301,36,265,36,265,18,18,0,1.0,1.0,1.0,1.0,1.0,0.9999999999962265,265,0,0,36
com_erro,catboost,lacuna,50,35,35,258,258,32,226,32,226,18,18,0,1.0,1.0,1.0,1.0,1.0,0.9999999999955753,226,0,0,32
com_erro,catboost,lacuna,50,40,40,226,226,27,199,27,199,18,18,0,1.0,1.0,1.0,1.0,1.0,0.9999999999949749,199,0,0,27
com_erro,catboost,lacuna,50,45,45,201,201,26,175,26,175,18,18,0,1.0,1.0,1.0,1.0,1.0,0.9999999999942858,175,0,0,26
com_erro,catboost,lacuna,50,50,50,181,181,21,160,21,160,18,18,0,1.0,1.0,1.0,1.0,1.0,0.9999999999937501,160,0,0,21
com_erro,catboost,lacuna,60,5,5,1803,1803,247,1556,247,1556,18,18,0,1.0,1.0,1.0,1.0,1.0,0.9999999999993573,1556,0,0,247
com_erro,catboost,lacuna,60,10,10,902,902,122,780,122,780,18,18,0,1.0,1.0,1.0,1.0,1.0,0.9999999999987179,780,0,0,122
com_erro,catboost,lacuna,60,15,15,601,601,83,518,83,518,18,18,0,1.0,1.0,1.0,1.0,1.0,0.9999999999980695,518,0,0,83
com_erro,catboost,lacuna,60,20,20,451,451,60,391,60,391,18,18,0,1.0,1.0,1.0,1.0,1.0,0.9999999999974425,391,0,0,60
com_erro,catboost,lacuna,60,25,25,361,361,49,312,49,312,18,18,0,1.0,1.0,1.0,1.0,1.0,0.9999999999967949,312,0,0,49
com_erro,catboost,lacuna,60,30,30,301,301,42,259,42,259,18,18,0,1.0,1.0,1.0,1.0,1.0,0.9999999999961391,259,0,0,42
com_erro,catboost,lacuna,60,35,35,258,258,36,222,36,222,18,18,0,1.0,1.0,1.0,1.0,1.0,0.9999999999954955,222,0,0,36
com_erro,catboost,lacuna,60,40,40,226,226,30,196,30,196,18,18,0,1.0,1.0,1.0,1.0,1.0,0.999999999994898,196,0,0,30
com_erro,catboost,lacuna,60,45,45,201,201,30,171,30,171,18,18,0,1.0,1.0,1.0,1.0,1.0,0.9999999999941521,171,0,0,30
com_erro,catboost,lacuna,60,50,50,181,181,25,156,25,156,18,18,0,1.0,1.0,1.0,1.0,1.0,0.9999999999935898,156,0,0,25
com_erro,catboost,lacuna,60,55,55,164,164,22,142,22,142,17,17,0,1.0,1.0,1.0,1.0,1.0,0.9999999999929579,142,0,0,22
com_erro,catboost,lacuna,60,60,60,151,151,22,129,22,129,18,18,0,1.0,1.0,1.0,1.0,1.0,0.9999999999922481,129,0,0,22
com_erro,catboost,lacuna,70,5,5,1801,1801,279,1522,279,1522,18,18,0,1.0,1.0,1.0,1.0,1.0,0.999999999999343,1522,0,0,279
com_erro,catboost,lacuna,70,10,10,901,901,138,763,138,763,18,18,0,1.0,1.0,1.0,1.0,1.0,0.9999999999986894,763,0,0,138
com_erro,catboost,lacuna,70,15,15,601,601,94,507,94,507,18,18,0,1.0,1.0,1.0,1.0,1.0,0.9999999999980277,507,0,0,94
com_erro,catboost,lacuna,70,20,20,451,451,70,381,70,381,18,18,0,1.0,1.0,1.0,1.0,1.0,0.9999999999973753,381,0,0,70
com_erro,catboost,lacuna,70,25,25,361,361,58,303,58,303,18,18,0,1.0,1.0,1.0,1.0,1.0,0.9999999999966998,303,0,0,58
com_erro,catboost,lacuna,70,30,30,301,301,46,255,46,255,18,18,0,1.0,1.0,1.0,1.0,1.0,0.9999999999960785,255,0,0,46
com_erro,catboost,lacuna,70,35,35,258,258,42,216,42,216,18,18,0,1.0,1.0,1.0,1.0,1.0,0.9999999999953704,216,0,0,42
com_erro,catboost,lacuna,70,40,40,226,226,34,192,34,192,18,18,0,1.0,1.0,1.0,1.0,1.0,0.9999999999947917,192,0,0,34
com_erro,catboost,lacuna,70,45,45,201,201,33,168,33,168,18,18,0,1.0,1.0,1.0,1.0,1.0,0.9999999999940477,168,0,0,33
com_erro,catboost,lacuna,70,50,50,181,181,28,153,28,153,18,18,0,1.0,1.0,1.0,1.0,1.0,0.9999999999934641,153,0,0,28
com_erro,catboost,lacuna,70,55,55,164,164,26,138,26,138,17,17,0,1.0,1.0,1.0,1.0,1.0,0.9999999999927537,138,0,0,26
com_erro,catboost,lacuna,70,60,60,151,151,26,125,26,125,18,18,0,1.0,1.0,1.0,1.0,1.0,0.999999999992,125,0,0,26
com_erro,catboost,lacuna,70,65,65,139,139,21,118,21,118,17,17,0,1.0,1.0,1.0,1.0,1.0,0.9999999999915254,118,0,0,21
com_erro,catboost,lacuna,70,70,70,129,129,21,108,21,108,17,17,0,1.0,1.0,1.0,1.0,1.0,0.9999999999907407,108,0,0,21
com_erro,catboost,lacuna,80,5,5,1799,1799,311,1488,311,1488,18,18,0,1.0,1.0,1.0,1.0,1.0,0.999999999999328,1488,0,0,311
com_erro,catboost,lacuna,80,10,10,900,900,154,746,154,746,18,18,0,1.0,1.0,1.0,1.0,1.0,0.9999999999986595,746,0,0,154
com_erro,catboost,lacuna,80,15,15,600,600,104,496,104,496,18,18,0,1.0,1.0,1.0,1.0,1.0,0.999999999997984,496,0,0,104
com_erro,catboost,lacuna,80,20,20,450,450,76,374,76,374,18,18,0,1.0,1.0,1.0,1.0,1.0,0.9999999999973262,374,0,0,76
com_erro,catboost,lacuna,80,25,25,360,360,63,297,63,297,18,18,0,1.0,1.0,1.0,1.0,1.0,0.999999999996633,297,0,0,63
com_erro,catboost,lacuna,80,30,30,300,300,52,248,52,248,18,18,0,1.0,1.0,1.0,1.0,1.0,0.9999999999959678,248,0,0,52
com_erro,catboost,lacuna,80,35,35,257,257,47,210,47,210,17,17,0,1.0,1.0,1.0,1.0,1.0,0.9999999999952381,210,0,0,47
com_erro,catboost,lacuna,80,40,40,225,225,37,188,37,188,17,17,0,1.0,1.0,1.0,1.0,1.0,0.9999999999946809,188,0,0,37
com_erro,catboost,lacuna,80,45,45,200,200,35,165,35,165,17,17,0,1.0,1.0,1.0,1.0,1.0,0.9999999999939394,165,0,0,35
com_erro,catboost,lacuna,80,50,50,180,180,31,149,31,149,17,17,0,1.0,1.0,1.0,1.0,1.0,0.9999999999932887,149,0,0,31
com_erro,catboost,lacuna,80,55,55,164,164,29,135,29,135,18,18,0,1.0,1.0,1.0,1.0,1.0,0.9999999999925927,135,0,0,29
com_erro,catboost,lacuna,80,60,60,150,150,28,122,28,122,17,17,0,1.0,1.0,1.0,1.0,1.0,0.9999999999918032,122,0,0,28
com_erro,catboost,lacuna,80,65,65,139,139,25,114,25,114,18,18,0,1.0,1.0,1.0,1.0,1.0,0.999999999991228,114,0,0,25
com_erro,catboost,lacuna,80,70,70,129,129,23,106,23,106,17,17,0,1.0,1.0,1.0,1.0,1.0,0.999999999990566,106,0,0,23
com_erro,catboost,lacuna,80,75,75,120,120,17,103,17,103,17,17,0,1.0,1.0,1.0,1.0,1.0,0.9999999999902912,103,0,0,17
com_erro,catboost,lacuna,80,80,80,113,113,17,96,17,96,17,17,0,1.0,1.0,1.0,1.0,1.0,0.9999999999895833,96,0,0,17
com_erro,catboost,lacuna,90,5,5,1797,1797,343,1454,343,1454,18,18,0,1.0,1.0,1.0,1.0,1.0,0.9999999999993122,1454,0,0,343
com_erro,catboost,lacuna,90,10,10,899,899,170,729,170,729,18,18,0,1.0,1.0,1.0,1.0,1.0,0.9999999999986283,729,0,0,170
com_erro,catboost,lacuna,90,15,15,599,599,115,484,115,484,18,18,0,1.0,1.0,1.0,1.0,1.0,0.9999999999979339,484,0,0,115
com_erro,catboost,lacuna,90,20,20,450,450,86,364,86,364,18,18,0,1.0,1.0,1.0,1.0,1.0,0.9999999999972528,364,0,0,86
com_erro,catboost,lacuna,90,25,25,360,360,69,291,69,291,18,18,0,1.0,1.0,1.0,1.0,1.0,0.9999999999965636,291,0,0,69
com_erro,catboost,lacuna,90,30,30,300,300,58,242,58,242,18,18,0,1.0,1.0,1.0,1.0,1.0,0.9999999999958679,242,0,0,58
com_erro,catboost,lacuna,90,35,35,257,257,49,208,49,208,18,18,0,1.0,1.0,1.0,1.0,1.0,0.9999999999951924,208,0,0,49
com_erro,catboost,lacuna,90,40,40,225,225,43,182,43,182,18,18,0,1.0,1.0,1.0,1.0,1.0,0.9999999999945055,182,0,0,43
com_erro,catboost,lacuna,90,45,45,200,200,39,161,39,161,18,18,0,1.0,1.0,1.0,1.0,1.0,0.9999999999937889,161,0,0,39
com_erro,catboost,lacuna,90,50,50,180,180,33,147,33,147,17,17,0,1.0,1.0,1.0,1.0,1.0,0.9999999999931973,147,0,0,33
com_erro,catboost,lacuna,90,55,55,164,164,33,131,33,131,18,18,0,1.0,1.0,1.0,1.0,1.0,0.9999999999923664,131,0,0,33
com_erro,catboost,lacuna,90,60,60,150,150,30,120,30,120,17,17,0,1.0,1.0,1.0,1.0,1.0,0.9999999999916667,120,0,0,30
com_erro,catboost,lacuna,90,65,65,139,139,28,111,28,111,18,18,0,1.0,1.0,1.0,1.0,1.0,0.999999999990991,111,0,0,28
com_erro,catboost,lacuna,90,70,70,129,129,24,105,24,105,18,18,0,1.0,1.0,1.0,1.0,1.0,0.9999999999904762,105,0,0,24
com_erro,catboost,lacuna,90,75,75,120,120,17,103,17,103,17,17,0,1.0,1.0,1.0,1.0,1.0,0.9999999999902912,103,0,0,17
com_erro,catboost,lacuna,90,80,80,113,113,21,92,21,92,18,18,0,1.0,1.0,1.0,1.0,1.0,0.9999999999891304,92,0,0,21
com_erro,catboost,lacuna,90,85,85,106,106,21,85,21,85,17,17,0,1.0,1.0,1.0,1.0,1.0,0.9999999999882353,85,0,0,21
com_erro,catboost,lacuna,90,90,90,100,100,20,80,20,80,17,17,0,1.0,1.0,1.0,1.0,1.0,0.9999999999875,80,0,0,20
com_erro,catboost,lacuna,100,5,5,1795,1795,375,1420,375,1420,18,18,0,1.0,1.0,1.0,1.0,1.0,0.9999999999992958,1420,0,0,375
com_erro,catboost,lacuna,100,10,10,898,898,186,712,186,712,18,18,0,1.0,1.0,1.0,1.0,1.0,0.9999999999985956,712,0,0,186
com_erro,catboost,lacuna,100,15,15,599,599,126,473,126,473,18,18,0,1.0,1.0,1.0,1.0,1.0,0.9999999999978858,473,0,0,126
com_erro,catboost,lacuna,100,20,20,449,449,92,357,92,357,18,18,0,1.0,1.0,1.0,1.0,1.0,0.9999999999971989,357,0,0,92
com_erro,catboost,lacuna,100,25,25,359,359,75,284,75,284,18,18,0,1.0,1.0,1.0,1.0,1.0,0.9999999999964789,284,0,0,75
com_erro,catboost,lacuna,100,30,30,300,300,62,238,62,238,18,18,0,1.0,1.0,1.0,1.0,1.0,0.9999999999957984,238,0,0,62
com_erro,catboost,lacuna,100,35,35,257,257,55,202,55,202,18,18,0,1.0,1.0,1.0,1.0,1.0,0.9999999999950495,202,0,0,55
com_erro,catboost,lacuna,100,40,40,225,225,46,179,46,179,18,18,0,1.0,1.0,1.0,1.0,1.0,0.9999999999944135,179,0,0,46
com_erro,catboost,lacuna,100,45,45,200,200,43,157,43,157,18,18,0,1.0,1.0,1.0,1.0,1.0,0.9999999999936307,157,0,0,43
com_erro,catboost,lacuna,100,50,50,180,180,37,143,37,143,18,18,0,1.0,1.0,1.0,1.0,1.0,0.999999999993007,143,0,0,37
com_erro,catboost,lacuna,100,55,55,164,164,36,128,36,128,18,18,0,1.0,1.0,1.0,1.0,1.0,0.9999999999921876,128,0,0,36
com_erro,catboost,lacuna,100,60,60,150,150,30,120,30,120,17,17,0,1.0,1.0,1.0,1.0,1.0,0.9999999999916667,120,0,0,30
com_erro,catboost,lacuna,100,65,65,139,139,30,109,30,109,18,18,0,1.0,1.0,1.0,1.0,1.0,0.9999999999908257,109,0,0,30
com_erro,catboost,lacuna,100,70,70,129,129,27,102,27,102,18,18,0,1.0,1.0,1.0,1.0,1.0,0.9999999999901961,102,0,0,27
com_erro,catboost,lacuna,100,75,75,120,120,22,98,22,98,17,17,0,1.0,1.0,1.0,1.0,1.0,0.9999999999897958,98,0,0,22
com_erro,catboost,lacuna,100,80,80,113,113,24,89,24,89,18,18,0,1.0,1.0,1.0,1.0,1.0,0.999999999988764,89,0,0,24
com_erro,catboost,lacuna,100,85,85,106,106,23,83,23,83,17,17,0,1.0,1.0,1.0,1.0,1.0,0.9999999999879517,83,0,0,23
com_erro,catboost,lacuna,100,90,90,100,100,21,79,21,79,17,17,0,1.0,1.0,1.0,1.0,1.0,0.9999999999873417,79,0,0,21
com_erro,catboost,lacuna,100,95,95,95,95,19,76,19,76,17,17,0,1.0,1.0,1.0,1.0,1.0,0.9999999999868421,76,0,0,19
com_erro,catboost,lacuna,100,100,100,90,90,17,73,17,73,17,17,0,1.0,1.0,1.0,1.0,1.0,0.9999999999863013,73,0,0,17
com_erro,catboost,oscilacao,20,5,5,1811,1811,174,1637,174,1637,18,18,0,1.0,1.0,1.0,1.0,1.0,0.9999999999993892,1637,0,0,174
com_erro,catboost,oscilacao,20,10,10,906,906,87,819,87,819,18,18,0,1.0,1.0,1.0,1.0,1.0,0.999999999998779,819,0,0,87
com_erro,catboost,oscilacao,20,15,15,604,604,58,546,58,546,18,18,0,1.0,1.0,1.0,1.0,1.0,0.9999999999981685,546,0,0,58
com_erro,catboost,oscilacao,20,20,20,453,453,44,409,44,409,18,18,0,1.0,1.0,1.0,1.0,1.0,0.9999999999975551,409,0,0,44
com_erro,catboost,oscilacao,30,5,5,1809,1809,210,1599,210,1599,18,18,0,1.0,1.0,1.0,1.0,1.0,0.9999999999993746,1599,0,0,210
com_erro,catboost,oscilacao,30,10,10,905,905,105,800,105,800,18,18,0,1.0,1.0,1.0,1.0,1.0,0.99999999999875,800,0,0,105
com_erro,catboost,oscilacao,30,15,15,603,603,70,533,70,533,18,18,0,1.0,1.0,1.0,1.0,1.0,0.9999999999981238,533,0,0,70
com_erro,catboost,oscilacao,30,20,20,453,453,52,401,52,401,18,18,0,1.0,1.0,1.0,1.0,1.0,0.9999999999975062,401,0,0,52
com_erro,catboost,oscilacao,30,25,25,362,362,41,321,41,321,18,18,0,1.0,1.0,1.0,1.0,1.0,0.9999999999968847,321,0,0,41
com_erro,catboost,oscilacao,30,30,30,302,302,35,267,35,267,18,18,0,1.0,1.0,1.0,1.0,1.0,0.9999999999962548,267,0,0,35
com_erro,catboost,oscilacao,40,5,5,1807,1807,243,1564,243,1564,18,18,0,1.0,1.0,1.0,1.0,1.0,0.9999999999993606,1564,0,0,243
com_erro,catboost,oscilacao,40,10,10,904,904,122,782,122,782,18,18,0,1.0,1.0,1.0,1.0,1.0,0.9999999999987212,782,0,0,122
com_erro,catboost,oscilacao,40,15,15,603,603,82,521,82,521,18,18,0,1.0,1.0,1.0,1.0,1.0,0.9999999999980806,521,0,0,82
com_erro,catboost,oscilacao,40,20,20,452,452,61,391,61,391,18,18,0,1.0,1.0,1.0,1.0,1.0,0.9999999999974425,391,0,0,61
com_erro,catboost,oscilacao,40,25,25,362,362,50,312,50,312,18,18,0,1.0,1.0,1.0,1.0,1.0,0.9999999999967949,312,0,0,50
com_erro,catboost,oscilacao,40,30,30,302,302,41,261,41,261,18,18,0,1.0,1.0,1.0,1.0,1.0,0.9999999999961686,261,0,0,41
com_erro,catboost,oscilacao,40,35,35,259,259,35,224,35,224,18,18,0,1.0,1.0,1.0,1.0,1.0,0.9999999999955358,224,0,0,35
com_erro,catboost,oscilacao,40,40,40,226,226,29,197,29,197,18,18,0,1.0,1.0,1.0,1.0,1.0,0.999999999994924,197,0,0,29
com_erro,catboost,oscilacao,50,5,5,1805,1805,275,1530,275,1530,18,18,0,1.0,1.0,1.0,1.0,1.0,0.9999999999993464,1530,0,0,275
com_erro,catboost,oscilacao,50,10,10,903,903,138,765,138,765,18,18,0,1.0,1.0,1.0,1.0,1.0,0.9999999999986928,765,0,0,138
com_erro,catboost,oscilacao,50,15,15,602,602,92,510,92,510,18,18,0,1.0,1.0,1.0,1.0,1.0,0.9999999999980392,510,0,0,92
com_erro,catboost,oscilacao,50,20,20,452,452,69,383,69,383,18,18,0,1.0,1.0,1.0,1.0,1.0,0.9999999999973891,383,0,0,69
com_erro,catboost,oscilacao,50,25,25,361,361,55,306,55,306,18,18,0,1.0,1.0,1.0,1.0,1.0,0.9999999999967321,306,0,0,55
com_erro,catboost,oscilacao,50,30,30,301,301,46,255,46,255,18,18,0,1.0,1.0,1.0,1.0,1.0,0.9999999999960785,255,0,0,46
com_erro,catboost,oscilacao,50,35,35,258,258,40,218,40,218,18,18,0,1.0,1.0,1.0,1.0,1.0,0.9999999999954129,218,0,0,40
com_erro,catboost,oscilacao,50,40,40,226,226,34,192,34,192,18,18,0,1.0,1.0,1.0,1.0,1.0,0.9999999999947917,192,0,0,34
com_erro,catboost,oscilacao,50,45,45,201,201,31,170,31,170,18,18,0,1.0,1.0,1.0,1.0,1.0,0.9999999999941177,170,0,0,31
com_erro,catboost,oscilacao,50,50,50,181,181,28,153,28,153,18,18,0,1.0,1.0,1.0,1.0,1.0,0.9999999999934641,153,0,0,28
com_erro,catboost,oscilacao,60,5,5,1803,1803,307,1496,307,1496,18,18,0,1.0,1.0,1.0,1.0,1.0,0.9999999999993315,1496,0,0,307
com_erro,catboost,oscilacao,60,10,10,902,902,154,748,154,748,18,18,0,1.0,1.0,1.0,1.0,1.0,0.9999999999986631,748,0,0,154
com_erro,catboost,oscilacao,60,15,15,601,601,103,498,103,498,18,18,0,1.0,1.0,1.0,1.0,1.0,0.9999999999979919,498,0,0,103
com_erro,catboost,oscilacao,60,20,20,451,451,77,374,77,374,18,18,0,1.0,1.0,1.0,1.0,1.0,0.9999999999973262,374,0,0,77
com_erro,catboost,oscilacao,60,25,25,361,361,62,299,62,299,18,18,0,1.0,1.0,1.0,1.0,1.0,0.9999999999966556,299,0,0,62
com_erro,catboost,oscilacao,60,30,30,301,301,52,249,52,249,18,18,0,1.0,1.0,1.0,1.0,1.0,0.999999999995984,249,0,0,52
com_erro,catboost,oscilacao,60,35,35,258,258,44,214,44,214,18,18,0,1.0,1.0,1.0,1.0,1.0,0.9999999999953272,214,0,0,44
com_erro,catboost,oscilacao,60,40,40,226,226,39,187,39,187,18,18,0,1.0,1.0,1.0,1.0,1.0,0.9999999999946525,187,0,0,39
com_erro,catboost,oscilacao,60,45,45,201,201,35,166,35,166,18,18,0,1.0,1.0,1.0,1.0,1.0,0.9999999999939759,166,0,0,35
com_erro,catboost,oscilacao,60,50,50,181,181,32,149,32,149,18,18,0,1.0,1.0,1.0,1.0,1.0,0.9999999999932887,149,0,0,32
com_erro,catboost,oscilacao,60,55,55,164,164,28,136,28,136,18,18,0,1.0,1.0,1.0,1.0,1.0,0.9999999999926471,136,0,0,28
com_erro,catboost,oscilacao,60,60,60,151,151,27,124,27,124,18,18,0,1.0,1.0,1.0,1.0,1.0,0.9999999999919355,124,0,0,27
com_erro,catboost,oscilacao,70,5,5,1801,1801,339,1462,339,1462,18,18,0,1.0,1.0,1.0,1.0,1.0,0.999999999999316,1462,0,0,339
com_erro,catboost,oscilacao,70,10,10,901,901,170,731,170,731,18,18,0,1.0,1.0,1.0,1.0,1.0,0.999999999998632,731,0,0,170
com_erro,catboost,oscilacao,70,15,15,601,601,114,487,114,487,18,18,0,1.0,1.0,1.0,1.0,1.0,0.9999999999979466,487,0,0,114
com_erro,catboost,oscilacao,70,20,20,451,451,85,366,85,366,18,18,0,1.0,1.0,1.0,1.0,1.0,0.9999999999972677,366,0,0,85
com_erro,catboost,oscilacao,70,25,25,361,361,69,292,69,292,18,18,0,1.0,1.0,1.0,1.0,1.0,0.9999999999965754,292,0,0,69
com_erro,catboost,oscilacao,70,30,30,301,301,57,244,57,244,18,18,0,1.0,1.0,1.0,1.0,1.0,0.9999999999959017,244,0,0,57
com_erro,catboost,oscilacao,70,35,35,258,258,48,210,48,210,18,18,0,1.0,1.0,1.0,1.0,1.0,0.9999999999952381,210,0,0,48
com_erro,catboost,oscilacao,70,40,40,226,226,42,184,42,184,18,18,0,1.0,1.0,1.0,1.0,1.0,0.9999999999945652,184,0,0,42
com_erro,catboost,oscilacao,70,45,45,201,201,39,162,39,162,18,18,0,1.0,1.0,1.0,1.0,1.0,0.9999999999938273,162,0,0,39
com_erro,catboost,oscilacao,70,50,50,181,181,35,146,35,146,18,18,0,1.0,1.0,1.0,1.0,1.0,0.9999999999931508,146,0,0,35
com_erro,catboost,oscilacao,70,55,55,164,164,32,132,32,132,18,18,0,1.0,1.0,1.0,1.0,1.0,0.9999999999924243,132,0,0,32
com_erro,catboost,oscilacao,70,60,60,151,151,29,122,29,122,18,18,0,1.0,1.0,1.0,1.0,1.0,0.9999999999918032,122,0,0,29
com_erro,catboost,oscilacao,70,65,65,139,139,26,113,26,113,18,18,0,1.0,1.0,1.0,1.0,1.0,0.9999999999911504,113,0,0,26
com_erro,catboost,oscilacao,70,70,70,129,129,24,105,24,105,18,18,0,1.0,1.0,1.0,1.0,1.0,0.9999999999904762,105,0,0,24
com_erro,catboost,oscilacao,80,5,5,1799,1799,371,1428,371,1428,18,18,0,1.0,1.0,1.0,1.0,1.0,0.9999999999992998,1428,0,0,371
com_erro,catboost,oscilacao,80,10,10,900,900,186,714,186,714,18,18,0,1.0,1.0,1.0,1.0,1.0,0.9999999999985995,714,0,0,186
com_erro,catboost,oscilacao,80,15,15,600,600,124,476,124,476,18,18,0,1.0,1.0,1.0,1.0,1.0,0.9999999999978992,476,0,0,124
com_erro,catboost,oscilacao,80,20,20,450,450,93,357,93,357,18,18,0,1.0,1.0,1.0,1.0,1.0,0.9999999999971989,357,0,0,93
com_erro,catboost,oscilacao,80,25,25,360,360,74,286,74,286,18,18,0,1.0,1.0,1.0,1.0,1.0,0.9999999999965036,286,0,0,74
com_erro,catboost,oscilacao,80,30,30,300,300,62,238,62,238,18,18,0,1.0,1.0,1.0,1.0,1.0,0.9999999999957984,238,0,0,62
com_erro,catboost,oscilacao,80,35,35,257,257,53,204,53,204,18,18,0,1.0,1.0,1.0,1.0,1.0,0.9999999999950981,204,0,0,53
com_erro,catboost,oscilacao,80,40,40,225,225,45,180,45,180,18,18,0,1.0,1.0,1.0,1.0,1.0,0.9999999999944446,180,0,0,45
com_erro,catboost,oscilacao,80,45,45,200,200,41,159,41,159,18,18,0,1.0,1.0,1.0,1.0,1.0,0.9999999999937108,159,0,0,41
com_erro,catboost,oscilacao,80,50,50,180,180,38,142,38,142,18,18,0,1.0,1.0,1.0,1.0,1.0,0.9999999999929579,142,0,0,38
com_erro,catboost,oscilacao,80,55,55,164,164,35,129,35,129,18,18,0,1.0,1.0,1.0,1.0,1.0,0.9999999999922481,129,0,0,35
com_erro,catboost,oscilacao,80,60,60,150,150,31,119,31,119,18,18,0,1.0,1.0,1.0,1.0,1.0,0.9999999999915966,119,0,0,31
com_erro,catboost,oscilacao,80,65,65,139,139,28,111,28,111,18,18,0,1.0,1.0,1.0,1.0,1.0,0.999999999990991,111,0,0,28
com_erro,catboost,oscilacao,80,70,70,129,129,27,102,27,102,18,18,0,1.0,1.0,1.0,1.0,1.0,0.9999999999901961,102,0,0,27
com_erro,catboost,oscilacao,80,75,75,120,120,27,93,27,93,17,17,0,1.0,1.0,1.0,1.0,1.0,0.9999999999892473,93,0,0,27
com_erro,catboost,oscilacao,80,80,80,113,113,22,91,22,91,18,18,0,1.0,1.0,1.0,1.0,1.0,0.9999999999890109,91,0,0,22
com_erro,catboost,oscilacao,90,5,5,1797,1797,403,1394,403,1394,18,18,0,1.0,1.0,1.0,1.0,1.0,0.9999999999992827,1394,0,0,403
com_erro,catboost,oscilacao,90,10,10,899,899,202,697,202,697,18,18,0,1.0,1.0,1.0,1.0,1.0,0.9999999999985653,697,0,0,202
com_erro,catboost,oscilacao,90,15,15,599,599,135,464,135,464,18,18,0,1.0,1.0,1.0,1.0,1.0,0.9999999999978448,464,0,0,135
com_erro,catboost,oscilacao,90,20,20,450,450,101,349,101,349,18,18,0,1.0,1.0,1.0,1.0,1.0,0.9999999999971347,349,0,0,101
com_erro,catboost,oscilacao,90,25,25,360,360,82,278,82,278,18,18,0,1.0,1.0,1.0,1.0,1.0,0.9999999999964029,278,0,0,82
com_erro,catboost,oscilacao,90,30,30,300,300,68,232,68,232,18,18,0,1.0,1.0,1.0,1.0,1.0,0.9999999999956897,232,0,0,68
com_erro,catboost,oscilacao,90,35,35,257,257,59,198,59,198,18,18,0,1.0,1.0,1.0,1.0,1.0,0.9999999999949496,198,0,0,59
com_erro,catboost,oscilacao,90,40,40,225,225,50,175,50,175,18,18,0,1.0,1.0,1.0,1.0,1.0,0.9999999999942858,175,0,0,50
com_erro,catboost,oscilacao,90,45,45,200,200,45,155,45,155,18,18,0,1.0,1.0,1.0,1.0,1.0,0.9999999999935485,155,0,0,45
com_erro,catboost,oscilacao,90,50,50,180,180,41,139,41,139,18,18,0,1.0,1.0,1.0,1.0,1.0,0.9999999999928059,139,0,0,41
com_erro,catboost,oscilacao,90,55,55,164,164,37,127,37,127,18,18,0,1.0,1.0,1.0,1.0,1.0,0.999999999992126,127,0,0,37
com_erro,catboost,oscilacao,90,60,60,150,150,34,116,34,116,18,18,0,1.0,1.0,1.0,1.0,1.0,0.9999999999913792,116,0,0,34
com_erro,catboost,oscilacao,90,65,65,139,139,31,108,31,108,18,18,0,1.0,1.0,1.0,1.0,1.0,0.9999999999907407,108,0,0,31
com_erro,catboost,oscilacao,90,70,70,129,129,30,99,30,99,18,18,0,1.0,1.0,1.0,1.0,1.0,0.999999999989899,99,0,0,30
com_erro,catboost,oscilacao,90,75,75,120,120,30,90,30,90,18,18,0,1.0,1.0,1.0,1.0,1.0,0.9999999999888889,90,0,0,30
com_erro,catboost,oscilacao,90,80,80,113,113,25,88,25,88,18,18,0,1.0,1.0,1.0,1.0,1.0,0.9999999999886363,88,0,0,25
com_erro,catboost,oscilacao,90,85,85,106,106,24,82,24,82,18,18,0,1.0,1.0,1.0,1.0,1.0,0.9999999999878049,82,0,0,24
com_erro,catboost,oscilacao,90,90,90,100,100,22,78,22,78,17,17,0,1.0,1.0,1.0,1.0,1.0,0.9999999999871795,78,0,0,22
com_erro,catboost,oscilacao,100,5,5,1795,1795,435,1360,435,1360,18,18,0,1.0,1.0,1.0,1.0,1.0,0.9999999999992647,1360,0,0,435
com_erro,catboost,oscilacao,100,10,10,898,898,218,680,218,680,18,18,0,1.0,1.0,1.0,1.0,1.0,0.9999999999985294,680,0,0,218
com_erro,catboost,oscilacao,100,15,15,599,599,146,453,146,453,18,18,0,1.0,1.0,1.0,1.0,1.0,0.9999999999977925,453,0,0,146
com_erro,catboost,oscilacao,100,20,20,449,449,109,340,109,340,18,18,0,1.0,1.0,1.0,1.0,1.0,0.9999999999970589,340,0,0,109
com_erro,catboost,oscilacao,100,25,25,359,359,87,272,87,272,18,18,0,1.0,1.0,1.0,1.0,1.0,0.9999999999963236,272,0,0,87
com_erro,catboost,oscilacao,100,30,30,300,300,73,227,73,227,18,18,0,1.0,1.0,1.0,1.0,1.0,0.9999999999955947,227,0,0,73
com_erro,catboost,oscilacao,100,35,35,257,257,62,195,62,195,18,18,0,1.0,1.0,1.0,1.0,1.0,0.9999999999948719,195,0,0,62
com_erro,catboost,oscilacao,100,40,40,225,225,55,170,55,170,18,18,0,1.0,1.0,1.0,1.0,1.0,0.9999999999941177,170,0,0,55
com_erro,catboost,oscilacao,100,45,45,200,200,49,151,49,151,18,18,0,1.0,1.0,1.0,1.0,1.0,0.9999999999933775,151,0,0,49
com_erro,catboost,oscilacao,100,50,50,180,180,44,136,44,136,18,18,0,1.0,1.0,1.0,1.0,1.0,0.9999999999926471,136,0,0,44
com_erro,catboost,oscilacao,100,55,55,164,164,40,124,40,124,18,18,0,1.0,1.0,1.0,1.0,1.0,0.9999999999919355,124,0,0,40
com_erro,catboost,oscilacao,100,60,60,150,150,37,113,37,113,18,18,0,1.0,1.0,1.0,1.0,1.0,0.9999999999911504,113,0,0,37
com_erro,catboost,oscilacao,100,65,65,139,139,34,105,34,105,18,18,0,1.0,1.0,1.0,1.0,1.0,0.9999999999904762,105,0,0,34
com_erro,catboost,oscilacao,100,70,70,129,129,31,98,31,98,18,18,0,1.0,1.0,1.0,1.0,1.0,0.9999999999897958,98,0,0,31
com_erro,catboost,oscilacao,100,75,75,120,120,30,90,30,90,18,18,0,1.0,1.0,1.0,1.0,1.0,0.9999999999888889,90,0,0,30
com_erro,catboost,oscilacao,100,80,80,113,113,28,85,28,85,18,18,0,1.0,1.0,1.0,1.0,1.0,0.9999999999882353,85,0,0,28
com_erro,catboost,oscilacao,100,85,85,106,106,26,80,26,80,18,18,0,1.0,1.0,1.0,1.0,1.0,0.9999999999875,80,0,0,26
com_erro,catboost,oscilacao,100,90,90,100,100,24,76,24,76,17,17,0,1.0,1.0,1.0,1.0,1.0,0.9999999999868421,76,0,0,24
com_erro,catboost,oscilacao,100,95,95,95,95,23,72,23,72,18,18,0,1.0,1.0,1.0,1.0,1.0,0.9999999999861111,72,0,0,23
com_erro,catboost,oscilacao,100,100,100,90,90,22,68,22,68,17,17,0,1.0,1.0,1.0,1.0,1.0,0.9999999999852941,68,0,0,22
com_erro,catboost,queda,20,5,5,1811,1811,104,1707,104,1707,18,18,0,1.0,1.0,1.0,1.0,1.0,0.9999999999994141,1707,0,0,104
com_erro,catboost,queda,20,10,10,906,906,53,853,53,853,18,18,0,1.0,1.0,1.0,1.0,1.0,0.9999999999988277,853,0,0,53
com_erro,catboost,queda,20,15,15,604,604,35,569,35,569,18,18,0,1.0,1.0,1.0,1.0,1.0,0.9999999999982425,569,0,0,35
com_erro,catboost,queda,20,20,20,453,453,26,427,26,427,18,18,0,1.0,1.0,1.0,1.0,1.0,0.9999999999976581,427,0,0,26
com_erro,catboost,queda,30,5,5,1809,1809,136,1673,136,1673,18,18,0,1.0,1.0,1.0,1.0,1.0,0.9999999999994023,1673,0,0,136
com_erro,catboost,queda,30,10,10,905,905,69,836,69,836,18,18,0,1.0,1.0,1.0,1.0,1.0,0.9999999999988038,836,0,0,69
com_erro,catboost,queda,30,15,15,603,603,47,556,47,556,18,18,0,1.0,1.0,1.0,1.0,1.0,0.9999999999982014,556,0,0,47
com_erro,catboost,queda,30,20,20,453,453,34,419,34,419,18,18,0,1.0,1.0,1.0,1.0,1.0,0.9999999999976134,419,0,0,34
com_erro,catboost,queda,30,25,25,362,362,27,335,27,335,17,17,0,1.0,1.0,1.0,1.0,1.0,0.9999999999970149,335,0,0,27
com_erro,catboost,queda,30,30,30,302,302,25,277,25,277,18,18,0,1.0,1.0,1.0,1.0,1.0,0.9999999999963899,277,0,0,25
com_erro,catboost,queda,40,5,5,1807,1807,168,1639,168,1639,18,18,0,1.0,1.0,1.0,1.0,1.0,0.9999999999993899,1639,0,0,168
com_erro,catboost,queda,40,10,10,904,904,85,819,85,819,18,18,0,1.0,1.0,1.0,1.0,1.0,0.999999999998779,819,0,0,85
com_erro,catboost,queda,40,15,15,603,603,59,544,59,544,18,18,0,1.0,1.0,1.0,1.0,1.0,0.9999999999981618,544,0,0,59
com_erro,catboost,queda,40,20,20,452,452,42,410,42,410,18,18,0,1.0,1.0,1.0,1.0,1.0,0.999999999997561,410,0,0,42
com_erro,catboost,queda,40,25,25,362,362,34,328,34,328,18,18,0,1.0,1.0,1.0,1.0,1.0,0.9999999999969512,328,0,0,34
com_erro,catboost,queda,40,30,30,302,302,32,270,32,270,18,18,0,1.0,1.0,1.0,1.0,1.0,0.9999999999962963,270,0,0,32
com_erro,catboost,queda,40,35,35,259,259,18,241,18,241,18,18,0,1.0,1.0,1.0,1.0,1.0,0.9999999999958507,241,0,0,18
com_erro,catboost,queda,40,40,40,226,226,20,206,20,206,17,17,0,1.0,1.0,1.0,1.0,1.0,0.9999999999951457,206,0,0,20
com_erro,catboost,queda,50,5,5,1805,1805,200,1605,200,1605,18,18,0,1.0,1.0,1.0,1.0,1.0,0.9999999999993769,1605,0,0,200
com_erro,catboost,queda,50,10,10,903,903,101,802,101,802,18,18,0,1.0,1.0,1.0,1.0,1.0,0.9999999999987531,802,0,0,101
com_erro,catboost,queda,50,15,15,602,602,67,535,67,535,18,18,0,1.0,1.0,1.0,1.0,1.0,0.9999999999981308,535,0,0,67
com_erro,catboost,queda,50,20,20,452,452,50,402,50,402,18,18,0,1.0,1.0,1.0,1.0,1.0,0.9999999999975124,402,0,0,50
com_erro,catboost,queda,50,25,25,361,361,40,321,40,321,17,17,0,1.0,1.0,1.0,1.0,1.0,0.9999999999968847,321,0,0,40
com_erro,catboost,queda,50,30,30,301,301,33,268,33,268,17,17,0,1.0,1.0,1.0,1.0,1.0,0.9999999999962687,268,0,0,33
com_erro,catboost,queda,50,35,35,258,258,25,233,25,233,17,17,0,1.0,1.0,1.0,1.0,1.0,0.9999999999957082,233,0,0,25
com_erro,catboost,queda,50,40,40,226,226,25,201,25,201,17,17,0,1.0,1.0,1.0,1.0,1.0,0.999999999995025,201,0,0,25
com_erro,catboost,queda,50,45,45,201,201,25,176,25,176,17,17,0,1.0,1.0,1.0,1.0,1.0,0.9999999999943182,176,0,0,25
com_erro,catboost,queda,50,50,50,181,181,19,162,19,162,17,17,0,1.0,1.0,1.0,1.0,1.0,0.9999999999938273,162,0,0,19
com_erro,catboost,queda,60,5,5,1803,1803,232,1571,232,1571,18,18,0,1.0,1.0,1.0,1.0,1.0,0.9999999999993635,1571,0,0,232
com_erro,catboost,queda,60,10,10,902,902,117,785,117,785,18,18,0,1.0,1.0,1.0,1.0,1.0,0.9999999999987261,785,0,0,117
com_erro,catboost,queda,60,15,15,601,601,79,522,79,522,18,18,0,1.0,1.0,1.0,1.0,1.0,0.9999999999980843,522,0,0,79
com_erro,catboost,queda,60,20,20,451,451,58,393,58,393,18,18,0,1.0,1.0,1.0,1.0,1.0,0.9999999999974555,393,0,0,58
com_erro,catboost,queda,60,25,25,361,361,47,314,47,314,18,18,0,1.0,1.0,1.0,1.0,1.0,0.9999999999968153,314,0,0,47
com_erro,catboost,queda,60,30,30,301,301,41,260,41,260,18,18,0,1.0,1.0,1.0,1.0,1.0,0.9999999999961539,260,0,0,41
com_erro,catboost,queda,60,35,35,258,258,33,225,33,225,17,17,0,1.0,1.0,1.0,1.0,1.0,0.9999999999955556,225,0,0,33
com_erro,catboost,queda,60,40,40,226,226,31,195,31,195,18,18,0,1.0,1.0,1.0,1.0,1.0,0.9999999999948719,195,0,0,31
com_erro,catboost,queda,60,45,45,201,201,29,172,29,172,18,18,0,1.0,1.0,1.0,1.0,1.0,0.9999999999941861,172,0,0,29
com_erro,catboost,queda,60,50,50,181,181,24,157,24,157,18,18,0,1.0,1.0,1.0,1.0,1.0,0.9999999999936307,157,0,0,24
com_erro,catboost,queda,60,55,55,164,164,23,141,23,141,17,17,0,1.0,1.0,1.0,1.0,1.0,0.9999999999929079,141,0,0,23
com_erro,catboost,queda,60,60,60,151,151,21,130,21,130,18,18,0,1.0,1.0,1.0,1.0,1.0,0.9999999999923078,130,0,0,21
com_erro,catboost,queda,70,5,5,1801,1801,264,1537,264,1537,18,18,0,1.0,1.0,1.0,1.0,1.0,0.9999999999993494,1537,0,0,264
com_erro,catboost,queda,70,10,10,901,901,133,768,133,768,18,18,0,1.0,1.0,1.0,1.0,1.0,0.9999999999986979,768,0,0,133
com_erro,catboost,queda,70,15,15,601,601,91,510,91,510,18,18,0,1.0,1.0,1.0,1.0,1.0,0.9999999999980392,510,0,0,91
com_erro,catboost,queda,70,20,20,451,451,66,385,66,385,18,18,0,1.0,1.0,1.0,1.0,1.0,0.9999999999974026,385,0,0,66
com_erro,catboost,queda,70,25,25,361,361,54,307,54,307,18,18,0,1.0,1.0,1.0,1.0,1.0,0.9999999999967427,307,0,0,54
com_erro,catboost,queda,70,30,30,301,301,48,253,48,253,18,18,0,1.0,1.0,1.0,1.0,1.0,0.9999999999960475,253,0,0,48
com_erro,catboost,queda,70,35,35,258,258,34,224,34,224,18,18,0,1.0,1.0,1.0,1.0,1.0,0.9999999999955358,224,0,0,34
com_erro,catboost,queda,70,40,40,226,226,34,192,34,192,18,18,0,1.0,1.0,1.0,1.0,1.0,0.9999999999947917,192,0,0,34
com_erro,catboost,queda,70,45,45,201,201,33,168,33,168,18,18,0,1.0,1.0,1.0,1.0,1.0,0.9999999999940477,168,0,0,33
com_erro,catboost,queda,70,50,50,181,181,26,155,26,155,18,18,0,1.0,1.0,1.0,1.0,1.0,0.9999999999935485,155,0,0,26
com_erro,catboost,queda,70,55,55,164,164,25,139,25,139,17,17,0,1.0,1.0,1.0,1.0,1.0,0.9999999999928059,139,0,0,25
com_erro,catboost,queda,70,60,60,151,151,24,127,24,127,18,18,0,1.0,1.0,1.0,1.0,1.0,0.999999999992126,127,0,0,24
com_erro,catboost,queda,70,65,65,139,139,19,120,19,120,17,17,0,1.0,1.0,1.0,1.0,1.0,0.9999999999916667,120,0,0,19
com_erro,catboost,queda,70,70,70,129,129,17,112,17,112,17,17,0,1.0,1.0,1.0,1.0,1.0,0.9999999999910714,112,0,0,17
com_erro,catboost,queda,80,5,5,1799,1799,296,1503,296,1503,18,18,0,1.0,1.0,1.0,1.0,1.0,0.9999999999993346,1503,0,0,296
com_erro,catboost,queda,80,10,10,900,900,149,751,149,751,18,18,0,1.0,1.0,1.0,1.0,1.0,0.9999999999986685,751,0,0,149
com_erro,catboost,queda,80,15,15,600,600,99,501,99,501,18,18,0,1.0,1.0,1.0,1.0,1.0,0.999999999998004,501,0,0,99
com_erro,catboost,queda,80,20,20,450,450,74,376,74,376,18,18,0,1.0,1.0,1.0,1.0,1.0,0.9999999999973405,376,0,0,74
com_erro,catboost,queda,80,25,25,360,360,59,301,59,301,17,17,0,1.0,1.0,1.0,1.0,1.0,0.9999999999966778,301,0,0,59
com_erro,catboost,queda,80,30,30,300,300,49,251,49,251,17,17,0,1.0,1.0,1.0,1.0,1.0,0.999999999996016,251,0,0,49
com_erro,catboost,queda,80,35,35,257,257,36,221,36,221,17,17,0,1.0,1.0,1.0,1.0,1.0,0.9999999999954752,221,0,0,36
com_erro,catboost,queda,80,40,40,225,225,36,189,36,189,17,17,0,1.0,1.0,1.0,1.0,1.0,0.999999999994709,189,0,0,36
com_erro,catboost,queda,80,45,45,200,200,34,166,34,166,17,17,0,1.0,1.0,1.0,1.0,1.0,0.9999999999939759,166,0,0,34
com_erro,catboost,queda,80,50,50,180,180,29,151,29,151,17,17,0,1.0,1.0,1.0,1.0,1.0,0.9999999999933775,151,0,0,29
com_erro,catboost,queda,80,55,55,164,164,27,137,27,137,17,17,0,1.0,1.0,1.0,1.0,1.0,0.9999999999927008,137,0,0,27
com_erro,catboost,queda,80,60,60,150,150,24,126,24,126,17,17,0,1.0,1.0,1.0,1.0,1.0,0.9999999999920635,126,0,0,24
com_erro,catboost,queda,80,65,65,139,139,22,117,22,117,17,17,0,1.0,1.0,1.0,1.0,1.0,0.999999999991453,117,0,0,22
com_erro,catboost,queda,80,70,70,129,129,19,110,19,110,17,17,0,1.0,1.0,1.0,1.0,1.0,0.999999999990909,110,0,0,19
com_erro,catboost,queda,80,75,75,120,120,17,103,17,103,17,17,0,1.0,1.0,1.0,1.0,1.0,0.9999999999902912,103,0,0,17
com_erro,catboost,queda,80,80,80,113,113,18,95,18,95,17,17,0,1.0,1.0,1.0,1.0,1.0,0.9999999999894736,95,0,0,18
com_erro,catboost,queda,90,5,5,1797,1797,328,1469,328,1469,18,18,0,1.0,1.0,1.0,1.0,1.0,0.9999999999993193,1469,0,0,328
com_erro,catboost,queda,90,10,10,899,899,165,734,165,734,18,18,0,1.0,1.0,1.0,1.0,1.0,0.9999999999986376,734,0,0,165
com_erro,catboost,queda,90,15,15,599,599,111,488,111,488,18,18,0,1.0,1.0,1.0,1.0,1.0,0.9999999999979509,488,0,0,111
com_erro,catboost,queda,90,20,20,450,450,82,368,82,368,18,18,0,1.0,1.0,1.0,1.0,1.0,0.9999999999972826,368,0,0,82
com_erro,catboost,queda,90,25,25,360,360,66,294,66,294,18,18,0,1.0,1.0,1.0,1.0,1.0,0.9999999999965987,294,0,0,66
com_erro,catboost,queda,90,30,30,300,300,57,243,57,243,18,18,0,1.0,1.0,1.0,1.0,1.0,0.9999999999958848,243,0,0,57
com_erro,catboost,queda,90,35,35,257,257,46,211,46,211,17,17,0,1.0,1.0,1.0,1.0,1.0,0.9999999999952607,211,0,0,46
com_erro,catboost,queda,90,40,40,225,225,41,184,41,184,17,17,0,1.0,1.0,1.0,1.0,1.0,0.9999999999945652,184,0,0,41
com_erro,catboost,queda,90,45,45,200,200,38,162,38,162,17,17,0,1.0,1.0,1.0,1.0,1.0,0.9999999999938273,162,0,0,38
com_erro,catboost,queda,90,50,50,180,180,33,147,33,147,17,17,0,1.0,1.0,1.0,1.0,1.0,0.9999999999931973,147,0,0,33
com_erro,catboost,queda,90,55,55,164,164,29,135,29,135,17,17,0,1.0,1.0,1.0,1.0,1.0,0.9999999999925927,135,0,0,29
com_erro,catboost,queda,90,60,60,150,150,28,122,28,122,17,17,0,1.0,1.0,1.0,1.0,1.0,0.9999999999918032,122,0,0,28
com_erro,catboost,queda,90,65,65,139,139,24,115,24,115,18,18,0,1.0,1.0,1.0,1.0,1.0,0.9999999999913043,115,0,0,24
com_erro,catboost,queda,90,70,70,129,129,23,106,23,106,17,17,0,1.0,1.0,1.0,1.0,1.0,0.999999999990566,106,0,0,23
com_erro,catboost,queda,90,75,75,120,120,22,98,22,98,17,17,0,1.0,1.0,1.0,1.0,1.0,0.9999999999897958,98,0,0,22
com_erro,catboost,queda,90,80,80,113,113,20,93,20,93,17,17,0,1.0,1.0,1.0,1.0,1.0,0.9999999999892473,93,0,0,20
com_erro,catboost,queda,90,85,85,106,106,19,87,19,87,17,17,0,1.0,1.0,1.0,1.0,1.0,0.9999999999885058,87,0,0,19
com_erro,catboost,queda,90,90,90,100,100,20,80,20,80,17,17,0,1.0,1.0,1.0,1.0,1.0,0.9999999999875,80,0,0,20
com_erro,catboost,queda,100,5,5,1795,1795,360,1435,360,1435,18,18,0,1.0,1.0,1.0,1.0,1.0,0.9999999999993031,1435,0,0,360
com_erro,catboost,queda,100,10,10,898,898,181,717,181,717,18,18,0,1.0,1.0,1.0,1.0,1.0,0.9999999999986053,717,0,0,181
com_erro,catboost,queda,100,15,15,599,599,123,476,123,476,18,18,0,1.0,1.0,1.0,1.0,1.0,0.9999999999978992,476,0,0,123
com_erro,catboost,queda,100,20,20,449,449,90,359,90,359,18,18,0,1.0,1.0,1.0,1.0,1.0,0.9999999999972146,359,0,0,90
com_erro,catboost,queda,100,25,25,359,359,72,287,72,287,17,17,0,1.0,1.0,1.0,1.0,1.0,0.9999999999965157,287,0,0,72
com_erro,catboost,queda,100,30,30,300,300,64,236,64,236,18,18,0,1.0,1.0,1.0,1.0,1.0,0.9999999999957627,236,0,0,64
com_erro,catboost,queda,100,35,35,257,257,50,207,50,207,18,18,0,1.0,1.0,1.0,1.0,1.0,0.9999999999951691,207,0,0,50
com_erro,catboost,queda,100,40,40,225,225,47,178,47,178,18,18,0,1.0,1.0,1.0,1.0,1.0,0.999999999994382,178,0,0,47
com_erro,catboost,queda,100,45,45,200,200,41,159,41,159,17,17,0,1.0,1.0,1.0,1.0,1.0,0.9999999999937108,159,0,0,41
com_erro,catboost,queda,100,50,50,180,180,35,145,35,145,17,17,0,1.0,1.0,1.0,1.0,1.0,0.9999999999931035,145,0,0,35
com_erro,catboost,queda,100,55,55,164,164,34,130,34,130,18,18,0,1.0,1.0,1.0,1.0,1.0,0.9999999999923078,130,0,0,34
com_erro,catboost,queda,100,60,60,150,150,32,118,32,118,17,17,0,1.0,1.0,1.0,1.0,1.0,0.9999999999915254,118,0,0,32
com_erro,catboost,queda,100,65,65,139,139,26,113,26,113,18,18,0,1.0,1.0,1.0,1.0,1.0,0.9999999999911504,113,0,0,26
com_erro,catboost,queda,100,70,70,129,129,26,103,26,103,18,18,0,1.0,1.0,1.0,1.0,1.0,0.9999999999902912,103,0,0,26
com_erro,catboost,queda,100,75,75,120,120,25,95,25,95,17,17,0,1.0,1.0,1.0,1.0,1.0,0.9999999999894736,95,0,0,25
com_erro,catboost,queda,100,80,80,113,113,23,90,23,90,18,18,0,1.0,1.0,1.0,1.0,1.0,0.9999999999888889,90,0,0,23
com_erro,catboost,queda,100,85,85,106,106,22,84,22,84,17,17,0,1.0,1.0,1.0,1.0,1.0,0.9999999999880952,84,0,0,22
com_erro,catboost,queda,100,90,90,100,100,22,78,22,78,17,17,0,1.0,1.0,1.0,1.0,1.0,0.9999999999871795,78,0,0,22
com_erro,catboost,queda,100,95,95,95,95,18,77,18,77,17,17,0,1.0,1.0,1.0,1.0,1.0,0.9999999999870129,77,0,0,18
com_erro,catboost,queda,100,100,100,90,90,17,73,17,73,17,17,0,1.0,1.0,1.0,1.0,1.0,0.9999999999863013,73,0,0,17
com_erro,mlp,lacuna,20,5,5,1811,1811,119,1692,119,1692,18,18,0,1.0,1.0,1.0,1.0,1.0,0.999999999999409,1692,0,0,119
com_erro,mlp,lacuna,20,10,10,906,906,58,848,58,848,18,18,0,0.9988962472406181,0.9913793103448276,1.0,0.9827586206896551,0.991304347826087,0.9999999999988207,848,0,1,57
com_erro,mlp,lacuna,20,15,15,604,604,40,564,40,564,18,18,0,0.9966887417218543,0.975,1.0,0.95,0.9743589743589743,0.999999999998227,564,0,2,38
com_erro,mlp,lacuna,20,20,20,453,453,28,425,28,425,18,18,0,1.0,1.0,1.0,1.0,1.0,0.9999999999976471,425,0,0,28
com_erro,mlp,lacuna,30,5,5,1809,1809,151,1658,151,1658,18,18,0,0.9994472084024323,0.9966887417218543,1.0,0.9933774834437086,0.9966777408637874,0.9999999999993968,1658,0,1,150
com_erro,mlp,lacuna,30,10,10,905,905,74,831,74,831,18,18,0,0.9988950276243094,0.9993983152827919,0.9866666666666667,1.0,0.9932885906040269,0.9987966305643817,830,1,0,74
com_erro,mlp,lacuna,30,15,15,603,603,51,552,51,552,18,18,0,0.9817578772802653,0.892156862745098,1.0,0.7843137254901961,0.8791208791208791,0.9999999999981884,552,0,11,40
com_erro,mlp,lacuna,30,20,20,453,453,38,415,38,415,18,18,0,1.0,1.0,1.0,1.0,1.0,0.9999999999975904,415,0,0,38
com_erro,mlp,lacuna,30,25,25,362,362,31,331,31,331,18,18,0,1.0,1.0,1.0,1.0,1.0,0.9999999999969789,331,0,0,31
com_erro,mlp,lacuna,30,30,30,302,302,26,276,26,276,18,18,0,1.0,1.0,1.0,1.0,1.0,0.9999999999963769,276,0,0,26
com_erro,mlp,lacuna,40,5,5,1807,1807,183,1624,183,1624,18,18,0,1.0,1.0,1.0,1.0,1.0,0.9999999999993843,1624,0,0,183
com_erro,mlp,lacuna,40,10,10,904,904,90,814,90,814,18,18,0,1.0,1.0,1.0,1.0,1.0,0.9999999999987715,814,0,0,90
com_erro,mlp,lacuna,40,15,15,603,603,62,541,62,541,18,18,0,1.0,1.0,1.0,1.0,1.0,0.9999999999981516,541,0,0,62
com_erro,mlp,lacuna,40,20,20,452,452,44,408,44,408,18,18,0,1.0,1.0,1.0,1.0,1.0,0.9999999999975491,408,0,0,44
com_erro,mlp,lacuna,40,25,25,362,362,37,325,37,325,18,18,0,1.0,1.0,1.0,1.0,1.0,0.9999999999969231,325,0,0,37
com_erro,mlp,lacuna,40,30,30,302,302,30,272,30,272,18,18,0,1.0,1.0,1.0,1.0,1.0,0.9999999999963236,272,0,0,30
com_erro,mlp,lacuna,40,35,35,259,259,29,230,29,230,18,18,0,1.0,1.0,1.0,1.0,1.0,0.9999999999956523,230,0,0,29
com_erro,mlp,lacuna,40,40,40,226,226,21,205,21,205,17,17,0,1.0,1.0,1.0,1.0,1.0,0.999999999995122,205,0,0,21
com_erro,mlp,lacuna,50,5,5,1805,1805,215,1590,215,1590,18,18,0,1.0,1.0,1.0,1.0,1.0,0.9999999999993711,1590,0,0,215
com_erro,mlp,lacuna,50,10,10,903,903,106,797,106,797,18,18,0,1.0,1.0,1.0,1.0,1.0,0.9999999999987453,797,0,0,106
com_erro,mlp,lacuna,50,15,15,602,602,72,530,72,530,18,21,3,0.9750830564784053,0.9018343815513628,0.9830508474576272,0.8055555555555556,0.8854961832061069,0.9981132075452867,529,1,14,58
com_erro,mlp,lacuna,50,20,20,452,452,54,398,54,398,18,18,0,1.0,1.0,1.0,1.0,1.0,0.9999999999974875,398,0,0,54
com_erro,mlp,lacuna,50,25,25,361,361,43,318,43,318,18,18,0,1.0,1.0,1.0,1.0,1.0,0.9999999999968554,318,0,0,43
com_erro,mlp,lacuna,50,30,30,301,301,36,265,36,265,18,18,0,1.0,1.0,1.0,1.0,1.0,0.9999999999962265,265,0,0,36
com_erro,mlp,lacuna,50,35,35,258,258,32,226,32,226,18,18,0,1.0,1.0,1.0,1.0,1.0,0.9999999999955753,226,0,0,32
com_erro,mlp,lacuna,50,40,40,226,226,27,199,27,199,18,18,0,1.0,1.0,1.0,1.0,1.0,0.9999999999949749,199,0,0,27
com_erro,mlp,lacuna,50,45,45,201,201,26,175,26,175,18,18,0,1.0,1.0,1.0,1.0,1.0,0.9999999999942858,175,0,0,26
com_erro,mlp,lacuna,50,50,50,181,181,21,160,21,160,18,18,0,1.0,1.0,1.0,1.0,1.0,0.9999999999937501,160,0,0,21
com_erro,mlp,lacuna,60,5,5,1803,1803,247,1556,247,1556,18,18,0,1.0,1.0,1.0,1.0,1.0,0.9999999999993573,1556,0,0,247
com_erro,mlp,lacuna,60,10,10,902,902,122,780,122,780,18,18,0,1.0,1.0,1.0,1.0,1.0,0.9999999999987179,780,0,0,122
com_erro,mlp,lacuna,60,15,15,601,601,83,518,83,518,18,18,0,0.9983361064891847,0.9939759036144578,1.0,0.9879518072289156,0.9939393939393939,0.9999999999980695,518,0,1,82
com_erro,mlp,lacuna,60,20,20,451,451,60,391,60,391,18,18,0,1.0,1.0,1.0,1.0,1.0,0.9999999999974425,391,0,0,60
com_erro,mlp,lacuna,60,25,25,361,361,49,312,49,312,18,18,0,1.0,1.0,1.0,1.0,1.0,0.9999999999967949,312,0,0,49
com_erro,mlp,lacuna,60,30,30,301,301,42,259,42,259,18,18,0,1.0,1.0,1.0,1.0,1.0,0.9999999999961391,259,0,0,42
com_erro,mlp,lacuna,60,35,35,258,258,36,222,36,222,18,18,0,1.0,1.0,1.0,1.0,1.0,0.9999999999954955,222,0,0,36
com_erro,mlp,lacuna,60,40,40,226,226,30,196,30,196,18,18,0,1.0,1.0,1.0,1.0,1.0,0.999999999994898,196,0,0,30
com_erro,mlp,lacuna,60,45,45,201,201,30,171,30,171,18,18,0,0.9601990049751243,0.9353801169590643,0.84375,0.9,0.8709677419354839,0.9707602339124518,166,5,3,27
com_erro,mlp,lacuna,60,50,50,181,181,25,156,25,156,18,18,0,1.0,1.0,1.0,1.0,1.0,0.9999999999935898,156,0,0,25
com_erro,mlp,lacuna,60,55,55,164,164,22,142,22,142,17,17,0,1.0,1.0,1.0,1.0,1.0,0.9999999999929579,142,0,0,22
com_erro,mlp,lacuna,60,60,60,151,151,22,129,22,129,18,18,0,1.0,1.0,1.0,1.0,1.0,0.9999999999922481,129,0,0,22
com_erro,mlp,lacuna,70,5,5,1801,1801,279,1522,279,1522,18,18,0,1.0,1.0,1.0,1.0,1.0,0.999999999999343,1522,0,0,279
com_erro,mlp,lacuna,70,10,10,901,901,138,763,138,763,18,18,0,1.0,1.0,1.0,1.0,1.0,0.9999999999986894,763,0,0,138
com_erro,mlp,lacuna,70,15,15,601,601,94,507,94,507,18,18,0,1.0,1.0,1.0,1.0,1.0,0.9999999999980277,507,0,0,94
com_erro,mlp,lacuna,70,20,20,451,451,70,381,70,381,18,18,0,1.0,1.0,1.0,1.0,1.0,0.9999999999973753,381,0,0,70
com_erro,mlp,lacuna,70,25,25,361,361,58,303,58,303,18,18,0,1.0,1.0,1.0,1.0,1.0,0.9999999999966998,303,0,0,58
com_erro,mlp,lacuna,70,30,30,301,301,46,255,46,255,18,18,0,1.0,1.0,1.0,1.0,1.0,0.9999999999960785,255,0,0,46
com_erro,mlp,lacuna,70,35,35,258,258,42,216,42,216,18,18,0,1.0,1.0,1.0,1.0,1.0,0.9999999999953704,216,0,0,42
com_erro,mlp,lacuna,70,40,40,226,226,34,192,34,192,18,18,0,1.0,1.0,1.0,1.0,1.0,0.9999999999947917,192,0,0,34
com_erro,mlp,lacuna,70,45,45,201,201,33,168,33,168,18,16,-2,0.9253731343283582,0.8336038961038961,0.8214285714285714,0.696969696969697,0.7540983606557377,0.9702380952323201,163,5,10,23
com_erro,mlp,lacuna,70,50,50,181,181,28,153,28,153,18,18,0,1.0,1.0,1.0,1.0,1.0,0.9999999999934641,153,0,0,28
com_erro,mlp,lacuna,70,55,55,164,164,26,138,26,138,17,18,1,0.9573170731707317,0.9590301003344481,0.8064516129032258,0.9615384615384616,0.8771929824561403,0.9565217391235036,132,6,1,25
com_erro,mlp,lacuna,70,60,60,151,151,26,125,26,125,18,18,0,1.0,1.0,1.0,1.0,1.0,0.999999999992,125,0,0,26
com_erro,mlp,lacuna,70,65,65,139,139,21,118,21,118,17,17,0,1.0,1.0,1.0,1.0,1.0,0.9999999999915254,118,0,0,21
com_erro,mlp,lacuna,70,70,70,129,129,21,108,21,108,17,17,0,1.0,1.0,1.0,1.0,1.0,0.9999999999907407,108,0,0,21
com_erro,mlp,lacuna,80,5,5,1799,1799,311,1488,311,1488,18,18,0,1.0,1.0,1.0,1.0,1.0,0.999999999999328,1488,0,0,311
com_erro,mlp,lacuna,80,10,10,900,900,154,746,154,746,18,18,0,1.0,1.0,1.0,1.0,1.0,0.9999999999986595,746,0,0,154
com_erro,mlp,lacuna,80,15,15,600,600,104,496,104,496,18,18,0,1.0,1.0,1.0,1.0,1.0,0.999999999997984,496,0,0,104
com_erro,mlp,lacuna,80,20,20,450,450,76,374,76,374,18,18,0,1.0,1.0,1.0,1.0,1.0,0.9999999999973262,374,0,0,76
com_erro,mlp,lacuna,80,25,25,360,360,63,297,63,297,18,18,0,1.0,1.0,1.0,1.0,1.0,0.999999999996633,297,0,0,63
com_erro,mlp,lacuna,80,30,30,300,300,52,248,52,248,18,18,0,1.0,1.0,1.0,1.0,1.0,0.9999999999959678,248,0,0,52
com_erro,mlp,lacuna,80,35,35,257,257,47,210,47,210,17,17,0,1.0,1.0,1.0,1.0,1.0,0.9999999999952381,210,0,0,47
com_erro,mlp,lacuna,80,40,40,225,225,37,188,37,188,17,17,0,1.0,1.0,1.0,1.0,1.0,0.9999999999946809,188,0,0,37
com_erro,mlp,lacuna,80,45,45,200,200,35,165,35,165,17,17,0,1.0,1.0,1.0,1.0,1.0,0.9999999999939394,165,0,0,35
com_erro,mlp,lacuna,80,50,50,180,180,31,149,31,149,17,17,0,1.0,1.0,1.0,1.0,1.0,0.9999999999932887,149,0,0,31
com_erro,mlp,lacuna,80,55,55,164,164,29,135,29,135,18,18,0,1.0,1.0,1.0,1.0,1.0,0.9999999999925927,135,0,0,29
com_erro,mlp,lacuna,80,60,60,150,150,28,122,28,122,17,17,0,1.0,1.0,1.0,1.0,1.0,0.9999999999918032,122,0,0,28
com_erro,mlp,lacuna,80,65,65,139,139,25,114,25,114,18,18,0,1.0,1.0,1.0,1.0,1.0,0.999999999991228,114,0,0,25
com_erro,mlp,lacuna,80,70,70,129,129,23,106,23,106,17,17,0,1.0,1.0,1.0,1.0,1.0,0.999999999990566,106,0,0,23
com_erro,mlp,lacuna,80,75,75,120,120,17,103,17,103,17,17,0,1.0,1.0,1.0,1.0,1.0,0.9999999999902912,103,0,0,17
com_erro,mlp,lacuna,80,80,80,113,113,17,96,17,96,17,17,0,1.0,1.0,1.0,1.0,1.0,0.9999999999895833,96,0,0,17
com_erro,mlp,lacuna,90,5,5,1797,1797,343,1454,343,1454,18,18,0,1.0,1.0,1.0,1.0,1.0,0.9999999999993122,1454,0,0,343
com_erro,mlp,lacuna,90,10,10,899,899,170,729,170,729,18,18,0,1.0,1.0,1.0,1.0,1.0,0.9999999999986283,729,0,0,170
com_erro,mlp,lacuna,90,15,15,599,599,115,484,115,484,18,18,0,1.0,1.0,1.0,1.0,1.0,0.9999999999979339,484,0,0,115
com_erro,mlp,lacuna,90,20,20,450,450,86,364,86,364,18,18,0,1.0,1.0,1.0,1.0,1.0,0.9999999999972528,364,0,0,86
com_erro,mlp,lacuna,90,25,25,360,360,69,291,69,291,18,18,0,1.0,1.0,1.0,1.0,1.0,0.9999999999965636,291,0,0,69
com_erro,mlp,lacuna,90,30,30,300,300,58,242,58,242,18,18,0,1.0,1.0,1.0,1.0,1.0,0.9999999999958679,242,0,0,58
com_erro,mlp,lacuna,90,35,35,257,257,49,208,49,208,18,18,0,1.0,1.0,1.0,1.0,1.0,0.9999999999951924,208,0,0,49
com_erro,mlp,lacuna,90,40,40,225,225,43,182,43,182,18,18,0,1.0,1.0,1.0,1.0,1.0,0.9999999999945055,182,0,0,43
com_erro,mlp,lacuna,90,45,45,200,200,39,161,39,161,18,18,0,1.0,1.0,1.0,1.0,1.0,0.9999999999937889,161,0,0,39
com_erro,mlp,lacuna,90,50,50,180,180,33,147,33,147,17,17,0,1.0,1.0,1.0,1.0,1.0,0.9999999999931973,147,0,0,33
com_erro,mlp,lacuna,90,55,55,164,164,33,131,33,131,18,18,0,1.0,1.0,1.0,1.0,1.0,0.9999999999923664,131,0,0,33
com_erro,mlp,lacuna,90,60,60,150,150,30,120,30,120,17,17,0,1.0,1.0,1.0,1.0,1.0,0.9999999999916667,120,0,0,30
com_erro,mlp,lacuna,90,65,65,139,139,28,111,28,111,18,18,0,1.0,1.0,1.0,1.0,1.0,0.999999999990991,111,0,0,28
com_erro,mlp,lacuna,90,70,70,129,129,24,105,24,105,18,18,0,1.0,1.0,1.0,1.0,1.0,0.9999999999904762,105,0,0,24
com_erro,mlp,lacuna,90,75,75,120,120,17,103,17,103,17,17,0,1.0,1.0,1.0,1.0,1.0,0.9999999999902912,103,0,0,17
com_erro,mlp,lacuna,90,80,80,113,113,21,92,21,92,18,18,0,1.0,1.0,1.0,1.0,1.0,0.9999999999891304,92,0,0,21
com_erro,mlp,lacuna,90,85,85,106,106,21,85,21,85,17,17,0,1.0,1.0,1.0,1.0,1.0,0.9999999999882353,85,0,0,21
com_erro,mlp,lacuna,90,90,90,100,100,20,80,20,80,17,17,0,1.0,1.0,1.0,1.0,1.0,0.9999999999875,80,0,0,20
com_erro,mlp,lacuna,100,5,5,1795,1795,375,1420,375,1420,18,18,0,1.0,1.0,1.0,1.0,1.0,0.9999999999992958,1420,0,0,375
com_erro,mlp,lacuna,100,10,10,898,898,186,712,186,712,18,18,0,1.0,1.0,1.0,1.0,1.0,0.9999999999985956,712,0,0,186
com_erro,mlp,lacuna,100,15,15,599,599,126,473,126,473,18,18,0,1.0,1.0,1.0,1.0,1.0,0.9999999999978858,473,0,0,126
com_erro,mlp,lacuna,100,20,20,449,449,92,357,92,357,18,18,0,1.0,1.0,1.0,1.0,1.0,0.9999999999971989,357,0,0,92
com_erro,mlp,lacuna,100,25,25,359,359,75,284,75,284,18,18,0,1.0,1.0,1.0,1.0,1.0,0.9999999999964789,284,0,0,75
com_erro,mlp,lacuna,100,30,30,300,300,62,238,62,238,18,18,0,1.0,1.0,1.0,1.0,1.0,0.9999999999957984,238,0,0,62
com_erro,mlp,lacuna,100,35,35,257,257,55,202,55,202,18,18,0,1.0,1.0,1.0,1.0,1.0,0.9999999999950495,202,0,0,55
com_erro,mlp,lacuna,100,40,40,225,225,46,179,46,179,18,18,0,1.0,1.0,1.0,1.0,1.0,0.9999999999944135,179,0,0,46
com_erro,mlp,lacuna,100,45,45,200,200,43,157,43,157,18,18,0,0.94,0.9280106650866538,0.8297872340425532,0.9069767441860465,0.8666666666666667,0.9490445859812163,149,8,4,39
com_erro,mlp,lacuna,100,50,50,180,180,37,143,37,143,18,18,0,0.9611111111111111,0.9454734454734455,0.8947368421052632,0.918918918918919,0.9066666666666666,0.9720279720211747,139,4,3,34
com_erro,mlp,lacuna,100,55,55,164,164,36,128,36,128,18,18,0,0.9695121951219512,0.9704861111111112,0.8974358974358975,0.9722222222222222,0.9333333333333333,0.9687499999924317,124,4,1,35
com_erro,mlp,lacuna,100,60,60,150,150,30,120,30,120,17,17,0,1.0,1.0,1.0,1.0,1.0,0.9999999999916667,120,0,0,30
com_erro,mlp,lacuna,100,65,65,139,139,30,109,30,109,18,18,0,0.9856115107913669,0.9908256880733946,0.9375,1.0,0.967741935483871,0.981651376137783,107,2,0,30
com_erro,mlp,lacuna,100,70,70,129,129,27,102,27,102,18,18,0,1.0,1.0,1.0,1.0,1.0,0.9999999999901961,102,0,0,27
com_erro,mlp,lacuna,100,75,75,120,120,22,98,22,98,17,17,0,1.0,1.0,1.0,1.0,1.0,0.9999999999897958,98,0,0,22
com_erro,mlp,lacuna,100,80,80,113,113,24,89,24,89,18,18,0,0.9646017699115044,0.962312734082397,0.8846153846153846,0.9583333333333334,0.92,0.9662921348206034,86,3,1,23
com_erro,mlp,lacuna,100,85,85,106,106,23,83,23,83,17,17,0,1.0,1.0,1.0,1.0,1.0,0.9999999999879517,83,0,0,23
com_erro,mlp,lacuna,100,90,90,100,100,21,79,21,79,17,17,0,1.0,1.0,1.0,1.0,1.0,0.9999999999873417,79,0,0,21
com_erro,mlp,lacuna,100,95,95,95,95,19,76,19,76,17,17,0,1.0,1.0,1.0,1.0,1.0,0.9999999999868421,76,0,0,19
com_erro,mlp,lacuna,100,100,100,90,90,17,73,17,73,17,17,0,1.0,1.0,1.0,1.0,1.0,0.9999999999863013,73,0,0,17
com_erro,mlp,oscilacao,20,5,5,1811,1811,174,1637,174,1637,18,18,0,1.0,1.0,1.0,1.0,1.0,0.9999999999993892,1637,0,0,174
com_erro,mlp,oscilacao,20,10,10,906,906,87,819,87,819,18,18,0,1.0,1.0,1.0,1.0,1.0,0.999999999998779,819,0,0,87
com_erro,mlp,oscilacao,20,15,15,604,604,58,546,58,546,18,18,0,1.0,1.0,1.0,1.0,1.0,0.9999999999981685,546,0,0,58
com_erro,mlp,oscilacao,20,20,20,453,453,44,409,44,409,18,18,0,1.0,1.0,1.0,1.0,1.0,0.9999999999975551,409,0,0,44
com_erro,mlp,oscilacao,30,5,5,1809,1809,210,1599,210,1599,18,18,0,1.0,1.0,1.0,1.0,1.0,0.9999999999993746,1599,0,0,210
com_erro,mlp,oscilacao,30,10,10,905,905,105,800,105,800,18,18,0,1.0,1.0,1.0,1.0,1.0,0.99999999999875,800,0,0,105
com_erro,mlp,oscilacao,30,15,15,603,603,70,533,70,533,18,18,0,1.0,1.0,1.0,1.0,1.0,0.9999999999981238,533,0,0,70
com_erro,mlp,oscilacao,30,20,20,453,453,52,401,52,401,18,18,0,1.0,1.0,1.0,1.0,1.0,0.9999999999975062,401,0,0,52
com_erro,mlp,oscilacao,30,25,25,362,362,41,321,41,321,18,18,0,1.0,1.0,1.0,1.0,1.0,0.9999999999968847,321,0,0,41
com_erro,mlp,oscilacao,30,30,30,302,302,35,267,35,267,18,18,0,1.0,1.0,1.0,1.0,1.0,0.9999999999962548,267,0,0,35
com_erro,mlp,oscilacao,40,5,5,1807,1807,243,1564,243,1564,18,18,0,1.0,1.0,1.0,1.0,1.0,0.9999999999993606,1564,0,0,243
com_erro,mlp,oscilacao,40,10,10,904,904,122,782,122,782,18,18,0,1.0,1.0,1.0,1.0,1.0,0.9999999999987212,782,0,0,122
com_erro,mlp,oscilacao,40,15,15,603,603,82,521,82,521,18,18,0,1.0,1.0,1.0,1.0,1.0,0.9999999999980806,521,0,0,82
com_erro,mlp,oscilacao,40,20,20,452,452,61,391,61,391,18,18,0,1.0,1.0,1.0,1.0,1.0,0.9999999999974425,391,0,0,61
com_erro,mlp,oscilacao,40,25,25,362,362,50,312,50,312,18,18,0,1.0,1.0,1.0,1.0,1.0,0.9999999999967949,312,0,0,50
com_erro,mlp,oscilacao,40,30,30,302,302,41,261,41,261,18,18,0,1.0,1.0,1.0,1.0,1.0,0.9999999999961686,261,0,0,41
com_erro,mlp,oscilacao,40,35,35,259,259,35,224,35,224,18,18,0,1.0,1.0,1.0,1.0,1.0,0.9999999999955358,224,0,0,35
com_erro,mlp,oscilacao,40,40,40,226,226,29,197,29,197,18,18,0,1.0,1.0,1.0,1.0,1.0,0.999999999994924,197,0,0,29
com_erro,mlp,oscilacao,50,5,5,1805,1805,275,1530,275,1530,18,18,0,1.0,1.0,1.0,1.0,1.0,0.9999999999993464,1530,0,0,275
com_erro,mlp,oscilacao,50,10,10,903,903,138,765,138,765,18,18,0,1.0,1.0,1.0,1.0,1.0,0.9999999999986928,765,0,0,138
com_erro,mlp,oscilacao,50,15,15,602,602,92,510,92,510,18,18,0,1.0,1.0,1.0,1.0,1.0,0.9999999999980392,510,0,0,92
com_erro,mlp,oscilacao,50,20,20,452,452,69,383,69,383,18,18,0,1.0,1.0,1.0,1.0,1.0,0.9999999999973891,383,0,0,69
com_erro,mlp,oscilacao,50,25,25,361,361,55,306,55,306,18,18,0,1.0,1.0,1.0,1.0,1.0,0.9999999999967321,306,0,0,55
com_erro,mlp,oscilacao,50,30,30,301,301,46,255,46,255,18,18,0,1.0,1.0,1.0,1.0,1.0,0.9999999999960785,255,0,0,46
com_erro,mlp,oscilacao,50,35,35,258,258,40,218,40,218,18,18,0,1.0,1.0,1.0,1.0,1.0,0.9999999999954129,218,0,0,40
com_erro,mlp,oscilacao,50,40,40,226,226,34,192,34,192,18,18,0,1.0,1.0,1.0,1.0,1.0,0.9999999999947917,192,0,0,34
com_erro,mlp,oscilacao,50,45,45,201,201,31,170,31,170,18,18,0,1.0,1.0,1.0,1.0,1.0,0.9999999999941177,170,0,0,31
com_erro,mlp,oscilacao,50,50,50,181,181,28,153,28,153,18,18,0,1.0,1.0,1.0,1.0,1.0,0.9999999999934641,153,0,0,28
com_erro,mlp,oscilacao,60,5,5,1803,1803,307,1496,307,1496,18,18,0,0.9994453688297282,0.998371335504886,1.0,0.996742671009772,0.99836867862969,0.9999999999993315,1496,0,1,306
com_erro,mlp,oscilacao,60,10,10,902,902,154,748,154,748,18,18,0,1.0,1.0,1.0,1.0,1.0,0.9999999999986631,748,0,0,154
com_erro,mlp,oscilacao,60,15,15,601,601,103,498,103,498,18,18,0,1.0,1.0,1.0,1.0,1.0,0.9999999999979919,498,0,0,103
com_erro,mlp,oscilacao,60,20,20,451,451,77,374,77,374,18,18,0,1.0,1.0,1.0,1.0,1.0,0.9999999999973262,374,0,0,77
com_erro,mlp,oscilacao,60,25,25,361,361,62,299,62,299,18,18,0,1.0,1.0,1.0,1.0,1.0,0.9999999999966556,299,0,0,62
com_erro,mlp,oscilacao,60,30,30,301,301,52,249,52,249,18,18,0,1.0,1.0,1.0,1.0,1.0,0.999999999995984,249,0,0,52
com_erro,mlp,oscilacao,60,35,35,258,258,44,214,44,214,18,18,0,1.0,1.0,1.0,1.0,1.0,0.9999999999953272,214,0,0,44
com_erro,mlp,oscilacao,60,40,40,226,226,39,187,39,187,18,18,0,1.0,1.0,1.0,1.0,1.0,0.9999999999946525,187,0,0,39
com_erro,mlp,oscilacao,60,45,45,201,201,35,166,35,166,18,18,0,0.9900497512437811,0.9714285714285714,1.0,0.9428571428571428,0.9705882352941176,0.9999999999939759,166,0,2,33
com_erro,mlp,oscilacao,60,50,50,181,181,32,149,32,149,18,18,0,1.0,1.0,1.0,1.0,1.0,0.9999999999932887,149,0,0,32
com_erro,mlp,oscilacao,60,55,55,164,164,28,136,28,136,18,18,0,1.0,1.0,1.0,1.0,1.0,0.9999999999926471,136,0,0,28
com_erro,mlp,oscilacao,60,60,60,151,151,27,124,27,124,18,18,0,1.0,1.0,1.0,1.0,1.0,0.9999999999919355,124,0,0,27
com_erro,mlp,oscilacao,70,5,5,1801,1801,339,1462,339,1462,18,18,0,1.0,1.0,1.0,1.0,1.0,0.999999999999316,1462,0,0,339
com_erro,mlp,oscilacao,70,10,10,901,901,170,731,170,731,18,18,0,1.0,1.0,1.0,1.0,1.0,0.999999999998632,731,0,0,170
com_erro,mlp,oscilacao,70,15,15,601,601,114,487,114,487,18,18,0,1.0,1.0,1.0,1.0,1.0,0.9999999999979466,487,0,0,114
com_erro,mlp,oscilacao,70,20,20,451,451,85,366,85,366,18,18,0,1.0,1.0,1.0,1.0,1.0,0.9999999999972677,366,0,0,85
com_erro,mlp,oscilacao,70,25,25,361,361,69,292,69,292,18,18,0,1.0,1.0,1.0,1.0,1.0,0.9999999999965754,292,0,0,69
com_erro,mlp,oscilacao,70,30,30,301,301,57,244,57,244,18,18,0,1.0,1.0,1.0,1.0,1.0,0.9999999999959017,244,0,0,57
com_erro,mlp,oscilacao,70,35,35,258,258,48,210,48,210,18,18,0,1.0,1.0,1.0,1.0,1.0,0.9999999999952381,210,0,0,48
com_erro,mlp,oscilacao,70,40,40,226,226,42,184,42,184,18,18,0,1.0,1.0,1.0,1.0,1.0,0.9999999999945652,184,0,0,42
com_erro,mlp,oscilacao,70,45,45,201,201,39,162,39,162,18,18,0,1.0,1.0,1.0,1.0,1.0,0.9999999999938273,162,0,0,39
com_erro,mlp,oscilacao,70,50,50,181,181,35,146,35,146,18,18,0,1.0,1.0,1.0,1.0,1.0,0.9999999999931508,146,0,0,35
com_erro,mlp,oscilacao,70,55,55,164,164,32,132,32,132,18,18,0,1.0,1.0,1.0,1.0,1.0,0.9999999999924243,132,0,0,32
com_erro,mlp,oscilacao,70,60,60,151,151,29,122,29,122,18,18,0,1.0,1.0,1.0,1.0,1.0,0.9999999999918032,122,0,0,29
com_erro,mlp,oscilacao,70,65,65,139,139,26,113,26,113,18,18,0,1.0,1.0,1.0,1.0,1.0,0.9999999999911504,113,0,0,26
com_erro,mlp,oscilacao,70,70,70,129,129,24,105,24,105,18,18,0,1.0,1.0,1.0,1.0,1.0,0.9999999999904762,105,0,0,24
com_erro,mlp,oscilacao,80,5,5,1799,1799,371,1428,371,1428,18,18,0,1.0,1.0,1.0,1.0,1.0,0.9999999999992998,1428,0,0,371
com_erro,mlp,oscilacao,80,10,10,900,900,186,714,186,714,18,18,0,1.0,1.0,1.0,1.0,1.0,0.9999999999985995,714,0,0,186
com_erro,mlp,oscilacao,80,15,15,600,600,124,476,124,476,18,18,0,1.0,1.0,1.0,1.0,1.0,0.9999999999978992,476,0,0,124
com_erro,mlp,oscilacao,80,20,20,450,450,93,357,93,357,18,18,0,1.0,1.0,1.0,1.0,1.0,0.9999999999971989,357,0,0,93
com_erro,mlp,oscilacao,80,25,25,360,360,74,286,74,286,18,18,0,1.0,1.0,1.0,1.0,1.0,0.9999999999965036,286,0,0,74
com_erro,mlp,oscilacao,80,30,30,300,300,62,238,62,238,18,18,0,1.0,1.0,1.0,1.0,1.0,0.9999999999957984,238,0,0,62
com_erro,mlp,oscilacao,80,35,35,257,257,53,204,53,204,18,18,0,1.0,1.0,1.0,1.0,1.0,0.9999999999950981,204,0,0,53
com_erro,mlp,oscilacao,80,40,40,225,225,45,180,45,180,18,18,0,1.0,1.0,1.0,1.0,1.0,0.9999999999944446,180,0,0,45
com_erro,mlp,oscilacao,80,45,45,200,200,41,159,41,159,18,18,0,1.0,1.0,1.0,1.0,1.0,0.9999999999937108,159,0,0,41
com_erro,mlp,oscilacao,80,50,50,180,180,38,142,38,142,18,18,0,1.0,1.0,1.0,1.0,1.0,0.9999999999929579,142,0,0,38
com_erro,mlp,oscilacao,80,55,55,164,164,35,129,35,129,18,18,0,1.0,1.0,1.0,1.0,1.0,0.9999999999922481,129,0,0,35
com_erro,mlp,oscilacao,80,60,60,150,150,31,119,31,119,18,18,0,1.0,1.0,1.0,1.0,1.0,0.9999999999915966,119,0,0,31
com_erro,mlp,oscilacao,80,65,65,139,139,28,111,28,111,18,18,0,1.0,1.0,1.0,1.0,1.0,0.999999999990991,111,0,0,28
com_erro,mlp,oscilacao,80,70,70,129,129,27,102,27,102,18,18,0,1.0,1.0,1.0,1.0,1.0,0.9999999999901961,102,0,0,27
com_erro,mlp,oscilacao,80,75,75,120,120,27,93,27,93,17,17,0,1.0,1.0,1.0,1.0,1.0,0.9999999999892473,93,0,0,27
com_erro,mlp,oscilacao,80,80,80,113,113,22,91,22,91,18,18,0,1.0,1.0,1.0,1.0,1.0,0.9999999999890109,91,0,0,22
com_erro,mlp,oscilacao,90,5,5,1797,1797,403,1394,403,1394,18,18,0,1.0,1.0,1.0,1.0,1.0,0.9999999999992827,1394,0,0,403
com_erro,mlp,oscilacao,90,10,10,899,899,202,697,202,697,18,18,0,1.0,1.0,1.0,1.0,1.0,0.9999999999985653,697,0,0,202
com_erro,mlp,oscilacao,90,15,15,599,599,135,464,135,464,18,18,0,1.0,1.0,1.0,1.0,1.0,0.9999999999978448,464,0,0,135
com_erro,mlp,oscilacao,90,20,20,450,450,101,349,101,349,18,18,0,1.0,1.0,1.0,1.0,1.0,0.9999999999971347,349,0,0,101
com_erro,mlp,oscilacao,90,25,25,360,360,82,278,82,278,18,18,0,1.0,1.0,1.0,1.0,1.0,0.9999999999964029,278,0,0,82
com_erro,mlp,oscilacao,90,30,30,300,300,68,232,68,232,18,18,0,1.0,1.0,1.0,1.0,1.0,0.9999999999956897,232,0,0,68
com_erro,mlp,oscilacao,90,35,35,257,257,59,198,59,198,18,18,0,1.0,1.0,1.0,1.0,1.0,0.9999999999949496,198,0,0,59
com_erro,mlp,oscilacao,90,40,40,225,225,50,175,50,175,18,18,0,1.0,1.0,1.0,1.0,1.0,0.9999999999942858,175,0,0,50
com_erro,mlp,oscilacao,90,45,45,200,200,45,155,45,155,18,18,0,1.0,1.0,1.0,1.0,1.0,0.9999999999935485,155,0,0,45
com_erro,mlp,oscilacao,90,50,50,180,180,41,139,41,139,18,18,0,1.0,1.0,1.0,1.0,1.0,0.9999999999928059,139,0,0,41
com_erro,mlp,oscilacao,90,55,55,164,164,37,127,37,127,18,18,0,1.0,1.0,1.0,1.0,1.0,0.999999999992126,127,0,0,37
com_erro,mlp,oscilacao,90,60,60,150,150,34,116,34,116,18,18,0,1.0,1.0,1.0,1.0,1.0,0.9999999999913792,116,0,0,34
com_erro,mlp,oscilacao,90,65,65,139,139,31,108,31,108,18,18,0,1.0,1.0,1.0,1.0,1.0,0.9999999999907407,108,0,0,31
com_erro,mlp,oscilacao,90,70,70,129,129,30,99,30,99,18,18,0,1.0,1.0,1.0,1.0,1.0,0.999999999989899,99,0,0,30
com_erro,mlp,oscilacao,90,75,75,120,120,30,90,30,90,18,18,0,1.0,1.0,1.0,1.0,1.0,0.9999999999888889,90,0,0,30
com_erro,mlp,oscilacao,90,80,80,113,113,25,88,25,88,18,18,0,1.0,1.0,1.0,1.0,1.0,0.9999999999886363,88,0,0,25
com_erro,mlp,oscilacao,90,85,85,106,106,24,82,24,82,18,18,0,1.0,1.0,1.0,1.0,1.0,0.9999999999878049,82,0,0,24
com_erro,mlp,oscilacao,90,90,90,100,100,22,78,22,78,17,17,0,1.0,1.0,1.0,1.0,1.0,0.9999999999871795,78,0,0,22
com_erro,mlp,oscilacao,100,5,5,1795,1795,435,1360,435,1360,18,18,0,1.0,1.0,1.0,1.0,1.0,0.9999999999992647,1360,0,0,435
com_erro,mlp,oscilacao,100,10,10,898,898,218,680,218,680,18,18,0,1.0,1.0,1.0,1.0,1.0,0.9999999999985294,680,0,0,218
com_erro,mlp,oscilacao,100,15,15,599,599,146,453,146,453,18,18,0,1.0,1.0,1.0,1.0,1.0,0.9999999999977925,453,0,0,146
com_erro,mlp,oscilacao,100,20,20,449,449,109,340,109,340,18,18,0,1.0,1.0,1.0,1.0,1.0,0.9999999999970589,340,0,0,109
com_erro,mlp,oscilacao,100,25,25,359,359,87,272,87,272,18,18,0,1.0,1.0,1.0,1.0,1.0,0.9999999999963236,272,0,0,87
com_erro,mlp,oscilacao,100,30,30,300,300,73,227,73,227,18,18,0,1.0,1.0,1.0,1.0,1.0,0.9999999999955947,227,0,0,73
com_erro,mlp,oscilacao,100,35,35,257,257,62,195,62,195,18,18,0,1.0,1.0,1.0,1.0,1.0,0.9999999999948719,195,0,0,62
com_erro,mlp,oscilacao,100,40,40,225,225,55,170,55,170,18,18,0,1.0,1.0,1.0,1.0,1.0,0.9999999999941177,170,0,0,55
com_erro,mlp,oscilacao,100,45,45,200,200,49,151,49,151,18,18,0,1.0,1.0,1.0,1.0,1.0,0.9999999999933775,151,0,0,49
com_erro,mlp,oscilacao,100,50,50,180,180,44,136,44,136,18,18,0,1.0,1.0,1.0,1.0,1.0,0.9999999999926471,136,0,0,44
com_erro,mlp,oscilacao,100,55,55,164,164,40,124,40,124,18,18,0,1.0,1.0,1.0,1.0,1.0,0.9999999999919355,124,0,0,40
com_erro,mlp,oscilacao,100,60,60,150,150,37,113,37,113,18,18,0,1.0,1.0,1.0,1.0,1.0,0.9999999999911504,113,0,0,37
com_erro,mlp,oscilacao,100,65,65,139,139,34,105,34,105,18,18,0,1.0,1.0,1.0,1.0,1.0,0.9999999999904762,105,0,0,34
com_erro,mlp,oscilacao,100,70,70,129,129,31,98,31,98,18,18,0,0.9844961240310077,0.978768926925609,0.967741935483871,0.967741935483871,0.967741935483871,0.9897959183572469,97,1,1,30
com_erro,mlp,oscilacao,100,75,75,120,120,30,90,30,90,18,18,0,0.9916666666666667,0.9833333333333334,1.0,0.9666666666666667,0.9830508474576272,0.9999999999888889,90,0,1,29
com_erro,mlp,oscilacao,100,80,80,113,113,28,85,28,85,18,18,0,1.0,1.0,1.0,1.0,1.0,0.9999999999882353,85,0,0,28
com_erro,mlp,oscilacao,100,85,85,106,106,26,80,26,80,18,18,0,1.0,1.0,1.0,1.0,1.0,0.9999999999875,80,0,0,26
com_erro,mlp,oscilacao,100,90,90,100,100,24,76,24,76,17,17,0,1.0,1.0,1.0,1.0,1.0,0.9999999999868421,76,0,0,24
com_erro,mlp,oscilacao,100,95,95,95,95,23,72,23,72,18,18,0,1.0,1.0,1.0,1.0,1.0,0.9999999999861111,72,0,0,23
com_erro,mlp,oscilacao,100,100,100,90,90,22,68,22,68,17,17,0,1.0,1.0,1.0,1.0,1.0,0.9999999999852941,68,0,0,22
com_erro,mlp,queda,20,5,5,1811,1811,104,1707,104,1707,18,18,0,1.0,1.0,1.0,1.0,1.0,0.9999999999994141,1707,0,0,104
com_erro,mlp,queda,20,10,10,906,906,53,853,53,853,18,18,0,1.0,1.0,1.0,1.0,1.0,0.9999999999988277,853,0,0,53
com_erro,mlp,queda,20,15,15,604,604,35,569,35,569,18,18,0,1.0,1.0,1.0,1.0,1.0,0.9999999999982425,569,0,0,35
com_erro,mlp,queda,20,20,20,453,453,26,427,26,427,18,18,0,1.0,1.0,1.0,1.0,1.0,0.9999999999976581,427,0,0,26
com_erro,mlp,queda,30,5,5,1809,1809,136,1673,136,1673,18,18,0,1.0,1.0,1.0,1.0,1.0,0.9999999999994023,1673,0,0,136
com_erro,mlp,queda,30,10,10,905,905,69,836,69,836,18,18,0,1.0,1.0,1.0,1.0,1.0,0.9999999999988038,836,0,0,69
com_erro,mlp,queda,30,15,15,603,603,47,556,47,556,18,18,0,1.0,1.0,1.0,1.0,1.0,0.9999999999982014,556,0,0,47
com_erro,mlp,queda,30,20,20,453,453,34,419,34,419,18,18,0,1.0,1.0,1.0,1.0,1.0,0.9999999999976134,419,0,0,34
com_erro,mlp,queda,30,25,25,362,362,27,335,27,335,17,17,0,1.0,1.0,1.0,1.0,1.0,0.9999999999970149,335,0,0,27
com_erro,mlp,queda,30,30,30,302,302,25,277,25,277,18,18,0,1.0,1.0,1.0,1.0,1.0,0.9999999999963899,277,0,0,25
com_erro,mlp,queda,40,5,5,1807,1807,168,1639,168,1639,18,18,0,1.0,1.0,1.0,1.0,1.0,0.9999999999993899,1639,0,0,168
com_erro,mlp,queda,40,10,10,904,904,85,819,85,819,18,18,0,1.0,1.0,1.0,1.0,1.0,0.999999999998779,819,0,0,85
com_erro,mlp,queda,40,15,15,603,603,59,544,59,544,18,18,0,1.0,1.0,1.0,1.0,1.0,0.9999999999981618,544,0,0,59
com_erro,mlp,queda,40,20,20,452,452,42,410,42,410,18,18,0,1.0,1.0,1.0,1.0,1.0,0.999999999997561,410,0,0,42
com_erro,mlp,queda,40,25,25,362,362,34,328,34,328,18,18,0,1.0,1.0,1.0,1.0,1.0,0.9999999999969512,328,0,0,34
com_erro,mlp,queda,40,30,30,302,302,32,270,32,270,18,18,0,1.0,1.0,1.0,1.0,1.0,0.9999999999962963,270,0,0,32
com_erro,mlp,queda,40,35,35,259,259,18,241,18,241,18,18,0,1.0,1.0,1.0,1.0,1.0,0.9999999999958507,241,0,0,18
com_erro,mlp,queda,40,40,40,226,226,20,206,20,206,17,17,0,1.0,1.0,1.0,1.0,1.0,0.9999999999951457,206,0,0,20
com_erro,mlp,queda,50,5,5,1805,1805,200,1605,200,1605,18,18,0,1.0,1.0,1.0,1.0,1.0,0.9999999999993769,1605,0,0,200
com_erro,mlp,queda,50,10,10,903,903,101,802,101,802,18,18,0,1.0,1.0,1.0,1.0,1.0,0.9999999999987531,802,0,0,101
com_erro,mlp,queda,50,15,15,602,602,67,535,67,535,18,18,0,1.0,1.0,1.0,1.0,1.0,0.9999999999981308,535,0,0,67
com_erro,mlp,queda,50,20,20,452,452,50,402,50,402,18,18,0,1.0,1.0,1.0,1.0,1.0,0.9999999999975124,402,0,0,50
com_erro,mlp,queda,50,25,25,361,361,40,321,40,321,17,17,0,1.0,1.0,1.0,1.0,1.0,0.9999999999968847,321,0,0,40
com_erro,mlp,queda,50,30,30,301,301,33,268,33,268,17,17,0,1.0,1.0,1.0,1.0,1.0,0.9999999999962687,268,0,0,33
com_erro,mlp,queda,50,35,35,258,258,25,233,25,233,17,17,0,1.0,1.0,1.0,1.0,1.0,0.9999999999957082,233,0,0,25
com_erro,mlp,queda,50,40,40,226,226,25,201,25,201,17,17,0,1.0,1.0,1.0,1.0,1.0,0.999999999995025,201,0,0,25
com_erro,mlp,queda,50,45,45,201,201,25,176,25,176,17,18,1,0.9552238805970149,0.9744318181818181,0.7352941176470589,1.0,0.847457627118644,0.9488636363582451,167,9,0,25
com_erro,mlp,queda,50,50,50,181,181,19,162,19,162,17,17,0,1.0,1.0,1.0,1.0,1.0,0.9999999999938273,162,0,0,19
com_erro,mlp,queda,60,5,5,1803,1803,232,1571,232,1571,18,18,0,1.0,1.0,1.0,1.0,1.0,0.9999999999993635,1571,0,0,232
com_erro,mlp,queda,60,10,10,902,902,117,785,117,785,18,18,0,1.0,1.0,1.0,1.0,1.0,0.9999999999987261,785,0,0,117
com_erro,mlp,queda,60,15,15,601,601,79,522,79,522,18,18,0,1.0,1.0,1.0,1.0,1.0,0.9999999999980843,522,0,0,79
com_erro,mlp,queda,60,20,20,451,451,58,393,58,393,18,18,0,1.0,1.0,1.0,1.0,1.0,0.9999999999974555,393,0,0,58
com_erro,mlp,queda,60,25,25,361,361,47,314,47,314,18,18,0,1.0,1.0,1.0,1.0,1.0,0.9999999999968153,314,0,0,47
com_erro,mlp,queda,60,30,30,301,301,41,260,41,260,18,18,0,1.0,1.0,1.0,1.0,1.0,0.9999999999961539,260,0,0,41
com_erro,mlp,queda,60,35,35,258,258,33,225,33,225,17,17,0,1.0,1.0,1.0,1.0,1.0,0.9999999999955556,225,0,0,33
com_erro,mlp,queda,60,40,40,226,226,31,195,31,195,18,18,0,1.0,1.0,1.0,1.0,1.0,0.9999999999948719,195,0,0,31
com_erro,mlp,queda,60,45,45,201,201,29,172,29,172,18,18,0,0.945273631840796,0.9250200481154771,0.7647058823529411,0.896551724137931,0.8253968253968254,0.9534883720874798,164,8,3,26
com_erro,mlp,queda,60,50,50,181,181,24,157,24,157,18,18,0,1.0,1.0,1.0,1.0,1.0,0.9999999999936307,157,0,0,24
com_erro,mlp,queda,60,55,55,164,164,23,141,23,141,17,17,0,1.0,1.0,1.0,1.0,1.0,0.9999999999929079,141,0,0,23
com_erro,mlp,queda,60,60,60,151,151,21,130,21,130,18,18,0,1.0,1.0,1.0,1.0,1.0,0.9999999999923078,130,0,0,21
com_erro,mlp,queda,70,5,5,1801,1801,264,1537,264,1537,18,18,0,1.0,1.0,1.0,1.0,1.0,0.9999999999993494,1537,0,0,264
com_erro,mlp,queda,70,10,10,901,901,133,768,133,768,18,18,0,1.0,1.0,1.0,1.0,1.0,0.9999999999986979,768,0,0,133
com_erro,mlp,queda,70,15,15,601,601,91,510,91,510,18,18,0,1.0,1.0,1.0,1.0,1.0,0.9999999999980392,510,0,0,91
com_erro,mlp,queda,70,20,20,451,451,66,385,66,385,18,18,0,1.0,1.0,1.0,1.0,1.0,0.9999999999974026,385,0,0,66
com_erro,mlp,queda,70,25,25,361,361,54,307,54,307,18,18,0,1.0,1.0,1.0,1.0,1.0,0.9999999999967427,307,0,0,54
com_erro,mlp,queda,70,30,30,301,301,48,253,48,253,18,18,0,1.0,1.0,1.0,1.0,1.0,0.9999999999960475,253,0,0,48
com_erro,mlp,queda,70,35,35,258,258,34,224,34,224,18,18,0,1.0,1.0,1.0,1.0,1.0,0.9999999999955358,224,0,0,34
com_erro,mlp,queda,70,40,40,226,226,34,192,34,192,18,18,0,1.0,1.0,1.0,1.0,1.0,0.9999999999947917,192,0,0,34
com_erro,mlp,queda,70,45,45,201,201,33,168,33,168,18,13,-5,0.9402985074626866,0.8181818181818181,1.0,0.6363636363636364,0.7777777777777778,0.9999999999940477,168,0,12,21
com_erro,mlp,queda,70,50,50,181,181,26,155,26,155,18,18,0,1.0,1.0,1.0,1.0,1.0,0.9999999999935485,155,0,0,26
com_erro,mlp,queda,70,55,55,164,164,25,139,25,139,17,18,1,0.9512195121951219,0.9384172661870505,0.7931034482758621,0.92,0.8518518518518519,0.956834532367217,133,6,2,23
com_erro,mlp,queda,70,60,60,151,151,24,127,24,127,18,18,0,0.9735099337748344,0.9673556430446195,0.8846153846153846,0.9583333333333334,0.92,0.9763779527482175,124,3,1,23
com_erro,mlp,queda,70,65,65,139,139,19,120,19,120,17,18,1,0.9856115107913669,0.9916666666666667,0.9047619047619048,1.0,0.95,0.9833333333251388,118,2,0,19
com_erro,mlp,queda,70,70,70,129,129,17,112,17,112,17,17,0,1.0,1.0,1.0,1.0,1.0,0.9999999999910714,112,0,0,17
com_erro,mlp,queda,80,5,5,1799,1799,296,1503,296,1503,18,18,0,1.0,1.0,1.0,1.0,1.0,0.9999999999993346,1503,0,0,296
com_erro,mlp,queda,80,10,10,900,900,149,751,149,751,18,18,0,1.0,1.0,1.0,1.0,1.0,0.9999999999986685,751,0,0,149
com_erro,mlp,queda,80,15,15,600,600,99,501,99,501,18,18,0,1.0,1.0,1.0,1.0,1.0,0.999999999998004,501,0,0,99
com_erro,mlp,queda,80,20,20,450,450,74,376,74,376,18,18,0,1.0,1.0,1.0,1.0,1.0,0.9999999999973405,376,0,0,74
com_erro,mlp,queda,80,25,25,360,360,59,301,59,301,17,17,0,1.0,1.0,1.0,1.0,1.0,0.9999999999966778,301,0,0,59
com_erro,mlp,queda,80,30,30,300,300,49,251,49,251,17,17,0,1.0,1.0,1.0,1.0,1.0,0.999999999996016,251,0,0,49
com_erro,mlp,queda,80,35,35,257,257,36,221,36,221,17,17,0,1.0,1.0,1.0,1.0,1.0,0.9999999999954752,221,0,0,36
com_erro,mlp,queda,80,40,40,225,225,36,189,36,189,17,17,0,1.0,1.0,1.0,1.0,1.0,0.999999999994709,189,0,0,36
com_erro,mlp,queda,80,45,45,200,200,34,166,34,166,17,17,0,1.0,1.0,1.0,1.0,1.0,0.9999999999939759,166,0,0,34
com_erro,mlp,queda,80,50,50,180,180,29,151,29,151,17,17,0,1.0,1.0,1.0,1.0,1.0,0.9999999999933775,151,0,0,29
com_erro,mlp,queda,80,55,55,164,164,27,137,27,137,17,17,0,1.0,1.0,1.0,1.0,1.0,0.9999999999927008,137,0,0,27
com_erro,mlp,queda,80,60,60,150,150,24,126,24,126,17,17,0,1.0,1.0,1.0,1.0,1.0,0.9999999999920635,126,0,0,24
com_erro,mlp,queda,80,65,65,139,139,22,117,22,117,17,17,0,1.0,1.0,1.0,1.0,1.0,0.999999999991453,117,0,0,22
com_erro,mlp,queda,80,70,70,129,129,19,110,19,110,17,17,0,1.0,1.0,1.0,1.0,1.0,0.999999999990909,110,0,0,19
com_erro,mlp,queda,80,75,75,120,120,17,103,17,103,17,17,0,1.0,1.0,1.0,1.0,1.0,0.9999999999902912,103,0,0,17
com_erro,mlp,queda,80,80,80,113,113,18,95,18,95,17,17,0,1.0,1.0,1.0,1.0,1.0,0.9999999999894736,95,0,0,18
com_erro,mlp,queda,90,5,5,1797,1797,328,1469,328,1469,18,18,0,1.0,1.0,1.0,1.0,1.0,0.9999999999993193,1469,0,0,328
com_erro,mlp,queda,90,10,10,899,899,165,734,165,734,18,18,0,1.0,1.0,1.0,1.0,1.0,0.9999999999986376,734,0,0,165
com_erro,mlp,queda,90,15,15,599,599,111,488,111,488,18,18,0,1.0,1.0,1.0,1.0,1.0,0.9999999999979509,488,0,0,111
com_erro,mlp,queda,90,20,20,450,450,82,368,82,368,18,18,0,1.0,1.0,1.0,1.0,1.0,0.9999999999972826,368,0,0,82
com_erro,mlp,queda,90,25,25,360,360,66,294,66,294,18,18,0,1.0,1.0,1.0,1.0,1.0,0.9999999999965987,294,0,0,66
com_erro,mlp,queda,90,30,30,300,300,57,243,57,243,18,18,0,1.0,1.0,1.0,1.0,1.0,0.9999999999958848,243,0,0,57
com_erro,mlp,queda,90,35,35,257,257,46,211,46,211,17,17,0,1.0,1.0,1.0,1.0,1.0,0.9999999999952607,211,0,0,46
com_erro,mlp,queda,90,40,40,225,225,41,184,41,184,17,17,0,1.0,1.0,1.0,1.0,1.0,0.9999999999945652,184,0,0,41
com_erro,mlp,queda,90,45,45,200,200,38,162,38,162,17,17,0,1.0,1.0,1.0,1.0,1.0,0.9999999999938273,162,0,0,38
com_erro,mlp,queda,90,50,50,180,180,33,147,33,147,17,17,0,1.0,1.0,1.0,1.0,1.0,0.9999999999931973,147,0,0,33
com_erro,mlp,queda,90,55,55,164,164,29,135,29,135,17,17,0,1.0,1.0,1.0,1.0,1.0,0.9999999999925927,135,0,0,29
com_erro,mlp,queda,90,60,60,150,150,28,122,28,122,17,17,0,1.0,1.0,1.0,1.0,1.0,0.9999999999918032,122,0,0,28
com_erro,mlp,queda,90,65,65,139,139,24,115,24,115,18,18,0,1.0,1.0,1.0,1.0,1.0,0.9999999999913043,115,0,0,24
com_erro,mlp,queda,90,70,70,129,129,23,106,23,106,17,17,0,1.0,1.0,1.0,1.0,1.0,0.999999999990566,106,0,0,23
com_erro,mlp,queda,90,75,75,120,120,22,98,22,98,17,17,0,1.0,1.0,1.0,1.0,1.0,0.9999999999897958,98,0,0,22
com_erro,mlp,queda,90,80,80,113,113,20,93,20,93,17,17,0,1.0,1.0,1.0,1.0,1.0,0.9999999999892473,93,0,0,20
com_erro,mlp,queda,90,85,85,106,106,19,87,19,87,17,17,0,1.0,1.0,1.0,1.0,1.0,0.9999999999885058,87,0,0,19
com_erro,mlp,queda,90,90,90,100,100,20,80,20,80,17,17,0,1.0,1.0,1.0,1.0,1.0,0.9999999999875,80,0,0,20
com_erro,mlp,queda,100,5,5,1795,1795,360,1435,360,1435,18,18,0,1.0,1.0,1.0,1.0,1.0,0.9999999999993031,1435,0,0,360
com_erro,mlp,queda,100,10,10,898,898,181,717,181,717,18,18,0,1.0,1.0,1.0,1.0,1.0,0.9999999999986053,717,0,0,181
com_erro,mlp,queda,100,15,15,599,599,123,476,123,476,18,18,0,1.0,1.0,1.0,1.0,1.0,0.9999999999978992,476,0,0,123
com_erro,mlp,queda,100,20,20,449,449,90,359,90,359,18,18,0,1.0,1.0,1.0,1.0,1.0,0.9999999999972146,359,0,0,90
com_erro,mlp,queda,100,25,25,359,359,72,287,72,287,17,17,0,1.0,1.0,1.0,1.0,1.0,0.9999999999965157,287,0,0,72
com_erro,mlp,queda,100,30,30,300,300,64,236,64,236,18,18,0,1.0,1.0,1.0,1.0,1.0,0.9999999999957627,236,0,0,64
com_erro,mlp,queda,100,35,35,257,257,50,207,50,207,18,18,0,1.0,1.0,1.0,1.0,1.0,0.9999999999951691,207,0,0,50
com_erro,mlp,queda,100,40,40,225,225,47,178,47,178,18,18,0,1.0,1.0,1.0,1.0,1.0,0.999999999994382,178,0,0,47
com_erro,mlp,queda,100,45,45,200,200,41,159,41,159,17,18,1,0.94,0.9170118116275503,0.8372093023255814,0.8780487804878049,0.8571428571428571,0.9559748427612832,152,7,5,36
com_erro,mlp,queda,100,50,50,180,180,35,145,35,145,17,17,0,1.0,1.0,1.0,1.0,1.0,0.9999999999931035,145,0,0,35
com_erro,mlp,queda,100,55,55,164,164,34,130,34,130,18,18,0,1.0,1.0,1.0,1.0,1.0,0.9999999999923078,130,0,0,34
com_erro,mlp,queda,100,60,60,150,150,32,118,32,118,17,17,0,1.0,1.0,1.0,1.0,1.0,0.9999999999915254,118,0,0,32
com_erro,mlp,queda,100,65,65,139,139,26,113,26,113,18,18,0,1.0,1.0,1.0,1.0,1.0,0.9999999999911504,113,0,0,26
com_erro,mlp,queda,100,70,70,129,129,26,103,26,103,18,18,0,1.0,1.0,1.0,1.0,1.0,0.9999999999902912,103,0,0,26
com_erro,mlp,queda,100,75,75,120,120,25,95,25,95,17,17,0,1.0,1.0,1.0,1.0,1.0,0.9999999999894736,95,0,0,25
com_erro,mlp,queda,100,80,80,113,113,23,90,23,90,18,18,0,1.0,1.0,1.0,1.0,1.0,0.9999999999888889,90,0,0,23
com_erro,mlp,queda,100,85,85,106,106,22,84,22,84,17,17,0,1.0,1.0,1.0,1.0,1.0,0.9999999999880952,84,0,0,22
com_erro,mlp,queda,100,90,90,100,100,22,78,22,78,17,17,0,1.0,1.0,1.0,1.0,1.0,0.9999999999871795,78,0,0,22
com_erro,mlp,queda,100,95,95,95,95,18,77,18,77,17,17,0,1.0,1.0,1.0,1.0,1.0,0.9999999999870129,77,0,0,18
com_erro,mlp,queda,100,100,100,90,90,17,73,17,73,17,16,-1,0.9444444444444444,0.9206285253827557,0.8333333333333334,0.8823529411764706,0.8571428571428571,0.9589041095759053,70,3,2,15
com_erro,random_forest,lacuna,20,5,5,1811,1811,119,1692,119,1692,18,18,0,1.0,1.0,1.0,1.0,1.0,0.999999999999409,1692,0,0,119
com_erro,random_forest,lacuna,20,10,10,906,906,58,848,58,848,18,18,0,1.0,1.0,1.0,1.0,1.0,0.9999999999988207,848,0,0,58
com_erro,random_forest,lacuna,20,15,15,604,604,40,564,40,564,18,18,0,1.0,1.0,1.0,1.0,1.0,0.999999999998227,564,0,0,40
com_erro,random_forest,lacuna,20,20,20,453,453,28,425,28,425,18,18,0,1.0,1.0,1.0,1.0,1.0,0.9999999999976471,425,0,0,28
com_erro,random_forest,lacuna,30,5,5,1809,1809,151,1658,151,1658,18,18,0,1.0,1.0,1.0,1.0,1.0,0.9999999999993968,1658,0,0,151
com_erro,random_forest,lacuna,30,10,10,905,905,74,831,74,831,18,18,0,1.0,1.0,1.0,1.0,1.0,0.9999999999987966,831,0,0,74
com_erro,random_forest,lacuna,30,15,15,603,603,51,552,51,552,18,18,0,1.0,1.0,1.0,1.0,1.0,0.9999999999981884,552,0,0,51
com_erro,random_forest,lacuna,30,20,20,453,453,38,415,38,415,18,18,0,1.0,1.0,1.0,1.0,1.0,0.9999999999975904,415,0,0,38
com_erro,random_forest,lacuna,30,25,25,362,362,31,331,31,331,18,18,0,1.0,1.0,1.0,1.0,1.0,0.9999999999969789,331,0,0,31
com_erro,random_forest,lacuna,30,30,30,302,302,26,276,26,276,18,18,0,1.0,1.0,1.0,1.0,1.0,0.9999999999963769,276,0,0,26
com_erro,random_forest,lacuna,40,5,5,1807,1807,183,1624,183,1624,18,18,0,1.0,1.0,1.0,1.0,1.0,0.9999999999993843,1624,0,0,183
com_erro,random_forest,lacuna,40,10,10,904,904,90,814,90,814,18,18,0,1.0,1.0,1.0,1.0,1.0,0.9999999999987715,814,0,0,90
com_erro,random_forest,lacuna,40,15,15,603,603,62,541,62,541,18,18,0,1.0,1.0,1.0,1.0,1.0,0.9999999999981516,541,0,0,62
com_erro,random_forest,lacuna,40,20,20,452,452,44,408,44,408,18,18,0,1.0,1.0,1.0,1.0,1.0,0.9999999999975491,408,0,0,44
com_erro,random_forest,lacuna,40,25,25,362,362,37,325,37,325,18,18,0,1.0,1.0,1.0,1.0,1.0,0.9999999999969231,325,0,0,37
com_erro,random_forest,lacuna,40,30,30,302,302,30,272,30,272,18,18,0,1.0,1.0,1.0,1.0,1.0,0.9999999999963236,272,0,0,30
com_erro,random_forest,lacuna,40,35,35,259,259,29,230,29,230,18,18,0,1.0,1.0,1.0,1.0,1.0,0.9999999999956523,230,0,0,29
com_erro,random_forest,lacuna,40,40,40,226,226,21,205,21,205,17,17,0,1.0,1.0,1.0,1.0,1.0,0.999999999995122,205,0,0,21
com_erro,random_forest,lacuna,50,5,5,1805,1805,215,1590,215,1590,18,18,0,1.0,1.0,1.0,1.0,1.0,0.9999999999993711,1590,0,0,215
com_erro,random_forest,lacuna,50,10,10,903,903,106,797,106,797,18,18,0,1.0,1.0,1.0,1.0,1.0,0.9999999999987453,797,0,0,106
com_erro,random_forest,lacuna,50,15,15,602,602,72,530,72,530,18,18,0,1.0,1.0,1.0,1.0,1.0,0.9999999999981132,530,0,0,72
com_erro,random_forest,lacuna,50,20,20,452,452,54,398,54,398,18,18,0,1.0,1.0,1.0,1.0,1.0,0.9999999999974875,398,0,0,54
com_erro,random_forest,lacuna,50,25,25,361,361,43,318,43,318,18,18,0,1.0,1.0,1.0,1.0,1.0,0.9999999999968554,318,0,0,43
com_erro,random_forest,lacuna,50,30,30,301,301,36,265,36,265,18,18,0,1.0,1.0,1.0,1.0,1.0,0.9999999999962265,265,0,0,36
com_erro,random_forest,lacuna,50,35,35,258,258,32,226,32,226,18,18,0,1.0,1.0,1.0,1.0,1.0,0.9999999999955753,226,0,0,32
com_erro,random_forest,lacuna,50,40,40,226,226,27,199,27,199,18,18,0,1.0,1.0,1.0,1.0,1.0,0.9999999999949749,199,0,0,27
com_erro,random_forest,lacuna,50,45,45,201,201,26,175,26,175,18,18,0,1.0,1.0,1.0,1.0,1.0,0.9999999999942858,175,0,0,26
com_erro,random_forest,lacuna,50,50,50,181,181,21,160,21,160,18,18,0,1.0,1.0,1.0,1.0,1.0,0.9999999999937501,160,0,0,21
com_erro,random_forest,lacuna,60,5,5,1803,1803,247,1556,247,1556,18,18,0,1.0,1.0,1.0,1.0,1.0,0.9999999999993573,1556,0,0,247
com_erro,random_forest,lacuna,60,10,10,902,902,122,780,122,780,18,18,0,1.0,1.0,1.0,1.0,1.0,0.9999999999987179,780,0,0,122
com_erro,random_forest,lacuna,60,15,15,601,601,83,518,83,518,18,18,0,1.0,1.0,1.0,1.0,1.0,0.9999999999980695,518,0,0,83
com_erro,random_forest,lacuna,60,20,20,451,451,60,391,60,391,18,18,0,1.0,1.0,1.0,1.0,1.0,0.9999999999974425,391,0,0,60
com_erro,random_forest,lacuna,60,25,25,361,361,49,312,49,312,18,18,0,1.0,1.0,1.0,1.0,1.0,0.9999999999967949,312,0,0,49
com_erro,random_forest,lacuna,60,30,30,301,301,42,259,42,259,18,18,0,1.0,1.0,1.0,1.0,1.0,0.9999999999961391,259,0,0,42
com_erro,random_forest,lacuna,60,35,35,258,258,36,222,36,222,18,18,0,1.0,1.0,1.0,1.0,1.0,0.9999999999954955,222,0,0,36
com_erro,random_forest,lacuna,60,40,40,226,226,30,196,30,196,18,18,0,1.0,1.0,1.0,1.0,1.0,0.999999999994898,196,0,0,30
com_erro,random_forest,lacuna,60,45,45,201,201,30,171,30,171,18,18,0,1.0,1.0,1.0,1.0,1.0,0.9999999999941521,171,0,0,30
com_erro,random_forest,lacuna,60,50,50,181,181,25,156,25,156,18,18,0,1.0,1.0,1.0,1.0,1.0,0.9999999999935898,156,0,0,25
com_erro,random_forest,lacuna,60,55,55,164,164,22,142,22,142,17,17,0,1.0,1.0,1.0,1.0,1.0,0.9999999999929579,142,0,0,22
com_erro,random_forest,lacuna,60,60,60,151,151,22,129,22,129,18,18,0,1.0,1.0,1.0,1.0,1.0,0.9999999999922481,129,0,0,22
com_erro,random_forest,lacuna,70,5,5,1801,1801,279,1522,279,1522,18,18,0,1.0,1.0,1.0,1.0,1.0,0.999999999999343,1522,0,0,279
com_erro,random_forest,lacuna,70,10,10,901,901,138,763,138,763,18,18,0,1.0,1.0,1.0,1.0,1.0,0.9999999999986894,763,0,0,138
com_erro,random_forest,lacuna,70,15,15,601,601,94,507,94,507,18,18,0,1.0,1.0,1.0,1.0,1.0,0.9999999999980277,507,0,0,94
com_erro,random_forest,lacuna,70,20,20,451,451,70,381,70,381,18,18,0,1.0,1.0,1.0,1.0,1.0,0.9999999999973753,381,0,0,70
com_erro,random_forest,lacuna,70,25,25,361,361,58,303,58,303,18,18,0,1.0,1.0,1.0,1.0,1.0,0.9999999999966998,303,0,0,58
com_erro,random_forest,lacuna,70,30,30,301,301,46,255,46,255,18,18,0,1.0,1.0,1.0,1.0,1.0,0.9999999999960785,255,0,0,46
com_erro,random_forest,lacuna,70,35,35,258,258,42,216,42,216,18,18,0,1.0,1.0,1.0,1.0,1.0,0.9999999999953704,216,0,0,42
com_erro,random_forest,lacuna,70,40,40,226,226,34,192,34,192,18,18,0,1.0,1.0,1.0,1.0,1.0,0.9999999999947917,192,0,0,34
com_erro,random_forest,lacuna,70,45,45,201,201,33,168,33,168,18,18,0,1.0,1.0,1.0,1.0,1.0,0.9999999999940477,168,0,0,33
com_erro,random_forest,lacuna,70,50,50,181,181,28,153,28,153,18,18,0,1.0,1.0,1.0,1.0,1.0,0.9999999999934641,153,0,0,28
com_erro,random_forest,lacuna,70,55,55,164,164,26,138,26,138,17,17,0,1.0,1.0,1.0,1.0,1.0,0.9999999999927537,138,0,0,26
com_erro,random_forest,lacuna,70,60,60,151,151,26,125,26,125,18,18,0,1.0,1.0,1.0,1.0,1.0,0.999999999992,125,0,0,26
com_erro,random_forest,lacuna,70,65,65,139,139,21,118,21,118,17,17,0,1.0,1.0,1.0,1.0,1.0,0.9999999999915254,118,0,0,21
com_erro,random_forest,lacuna,70,70,70,129,129,21,108,21,108,17,17,0,1.0,1.0,1.0,1.0,1.0,0.9999999999907407,108,0,0,21
com_erro,random_forest,lacuna,80,5,5,1799,1799,311,1488,311,1488,18,18,0,1.0,1.0,1.0,1.0,1.0,0.999999999999328,1488,0,0,311
com_erro,random_forest,lacuna,80,10,10,900,900,154,746,154,746,18,18,0,1.0,1.0,1.0,1.0,1.0,0.9999999999986595,746,0,0,154
com_erro,random_forest,lacuna,80,15,15,600,600,104,496,104,496,18,18,0,1.0,1.0,1.0,1.0,1.0,0.999999999997984,496,0,0,104
com_erro,random_forest,lacuna,80,20,20,450,450,76,374,76,374,18,18,0,1.0,1.0,1.0,1.0,1.0,0.9999999999973262,374,0,0,76
com_erro,random_forest,lacuna,80,25,25,360,360,63,297,63,297,18,18,0,1.0,1.0,1.0,1.0,1.0,0.999999999996633,297,0,0,63
com_erro,random_forest,lacuna,80,30,30,300,300,52,248,52,248,18,18,0,1.0,1.0,1.0,1.0,1.0,0.9999999999959678,248,0,0,52
com_erro,random_forest,lacuna,80,35,35,257,257,47,210,47,210,17,17,0,1.0,1.0,1.0,1.0,1.0,0.9999999999952381,210,0,0,47
com_erro,random_forest,lacuna,80,40,40,225,225,37,188,37,188,17,17,0,1.0,1.0,1.0,1.0,1.0,0.9999999999946809,188,0,0,37
com_erro,random_forest,lacuna,80,45,45,200,200,35,165,35,165,17,17,0,1.0,1.0,1.0,1.0,1.0,0.9999999999939394,165,0,0,35
com_erro,random_forest,lacuna,80,50,50,180,180,31,149,31,149,17,17,0,1.0,1.0,1.0,1.0,1.0,0.9999999999932887,149,0,0,31
com_erro,random_forest,lacuna,80,55,55,164,164,29,135,29,135,18,18,0,1.0,1.0,1.0,1.0,1.0,0.9999999999925927,135,0,0,29
com_erro,random_forest,lacuna,80,60,60,150,150,28,122,28,122,17,17,0,1.0,1.0,1.0,1.0,1.0,0.9999999999918032,122,0,0,28
com_erro,random_forest,lacuna,80,65,65,139,139,25,114,25,114,18,18,0,1.0,1.0,1.0,1.0,1.0,0.999999999991228,114,0,0,25
com_erro,random_forest,lacuna,80,70,70,129,129,23,106,23,106,17,17,0,1.0,1.0,1.0,1.0,1.0,0.999999999990566,106,0,0,23
com_erro,random_forest,lacuna,80,75,75,120,120,17,103,17,103,17,17,0,1.0,1.0,1.0,1.0,1.0,0.9999999999902912,103,0,0,17
com_erro,random_forest,lacuna,80,80,80,113,113,17,96,17,96,17,17,0,1.0,1.0,1.0,1.0,1.0,0.9999999999895833,96,0,0,17
com_erro,random_forest,lacuna,90,5,5,1797,1797,343,1454,343,1454,18,18,0,1.0,1.0,1.0,1.0,1.0,0.9999999999993122,1454,0,0,343
com_erro,random_forest,lacuna,90,10,10,899,899,170,729,170,729,18,18,0,1.0,1.0,1.0,1.0,1.0,0.9999999999986283,729,0,0,170
com_erro,random_forest,lacuna,90,15,15,599,599,115,484,115,484,18,18,0,1.0,1.0,1.0,1.0,1.0,0.9999999999979339,484,0,0,115
com_erro,random_forest,lacuna,90,20,20,450,450,86,364,86,364,18,18,0,1.0,1.0,1.0,1.0,1.0,0.9999999999972528,364,0,0,86
com_erro,random_forest,lacuna,90,25,25,360,360,69,291,69,291,18,18,0,1.0,1.0,1.0,1.0,1.0,0.9999999999965636,291,0,0,69
com_erro,random_forest,lacuna,90,30,30,300,300,58,242,58,242,18,18,0,1.0,1.0,1.0,1.0,1.0,0.9999999999958679,242,0,0,58
com_erro,random_forest,lacuna,90,35,35,257,257,49,208,49,208,18,18,0,1.0,1.0,1.0,1.0,1.0,0.9999999999951924,208,0,0,49
com_erro,random_forest,lacuna,90,40,40,225,225,43,182,43,182,18,18,0,1.0,1.0,1.0,1.0,1.0,0.9999999999945055,182,0,0,43
com_erro,random_forest,lacuna,90,45,45,200,200,39,161,39,161,18,18,0,1.0,1.0,1.0,1.0,1.0,0.9999999999937889,161,0,0,39
com_erro,random_forest,lacuna,90,50,50,180,180,33,147,33,147,17,17,0,1.0,1.0,1.0,1.0,1.0,0.9999999999931973,147,0,0,33
com_erro,random_forest,lacuna,90,55,55,164,164,33,131,33,131,18,18,0,1.0,1.0,1.0,1.0,1.0,0.9999999999923664,131,0,0,33
com_erro,random_forest,lacuna,90,60,60,150,150,30,120,30,120,17,17,0,1.0,1.0,1.0,1.0,1.0,0.9999999999916667,120,0,0,30
com_erro,random_forest,lacuna,90,65,65,139,139,28,111,28,111,18,18,0,1.0,1.0,1.0,1.0,1.0,0.999999999990991,111,0,0,28
com_erro,random_forest,lacuna,90,70,70,129,129,24,105,24,105,18,18,0,1.0,1.0,1.0,1.0,1.0,0.9999999999904762,105,0,0,24
com_erro,random_forest,lacuna,90,75,75,120,120,17,103,17,103,17,17,0,1.0,1.0,1.0,1.0,1.0,0.9999999999902912,103,0,0,17
com_erro,random_forest,lacuna,90,80,80,113,113,21,92,21,92,18,18,0,1.0,1.0,1.0,1.0,1.0,0.9999999999891304,92,0,0,21
com_erro,random_forest,lacuna,90,85,85,106,106,21,85,21,85,17,17,0,1.0,1.0,1.0,1.0,1.0,0.9999999999882353,85,0,0,21
com_erro,random_forest,lacuna,90,90,90,100,100,20,80,20,80,17,17,0,1.0,1.0,1.0,1.0,1.0,0.9999999999875,80,0,0,20
com_erro,random_forest,lacuna,100,5,5,1795,1795,375,1420,375,1420,18,18,0,1.0,1.0,1.0,1.0,1.0,0.9999999999992958,1420,0,0,375
com_erro,random_forest,lacuna,100,10,10,898,898,186,712,186,712,18,18,0,1.0,1.0,1.0,1.0,1.0,0.9999999999985956,712,0,0,186
com_erro,random_forest,lacuna,100,15,15,599,599,126,473,126,473,18,18,0,1.0,1.0,1.0,1.0,1.0,0.9999999999978858,473,0,0,126
com_erro,random_forest,lacuna,100,20,20,449,449,92,357,92,357,18,18,0,1.0,1.0,1.0,1.0,1.0,0.9999999999971989,357,0,0,92
com_erro,random_forest,lacuna,100,25,25,359,359,75,284,75,284,18,18,0,1.0,1.0,1.0,1.0,1.0,0.9999999999964789,284,0,0,75
com_erro,random_forest,lacuna,100,30,30,300,300,62,238,62,238,18,18,0,1.0,1.0,1.0,1.0,1.0,0.9999999999957984,238,0,0,62
com_erro,random_forest,lacuna,100,35,35,257,257,55,202,55,202,18,18,0,1.0,1.0,1.0,1.0,1.0,0.9999999999950495,202,0,0,55
com_erro,random_forest,lacuna,100,40,40,225,225,46,179,46,179,18,18,0,1.0,1.0,1.0,1.0,1.0,0.9999999999944135,179,0,0,46
com_erro,random_forest,lacuna,100,45,45,200,200,43,157,43,157,18,18,0,1.0,1.0,1.0,1.0,1.0,0.9999999999936307,157,0,0,43
com_erro,random_forest,lacuna,100,50,50,180,180,37,143,37,143,18,18,0,1.0,1.0,1.0,1.0,1.0,0.999999999993007,143,0,0,37
com_erro,random_forest,lacuna,100,55,55,164,164,36,128,36,128,18,18,0,1.0,1.0,1.0,1.0,1.0,0.9999999999921876,128,0,0,36
com_erro,random_forest,lacuna,100,60,60,150,150,30,120,30,120,17,17,0,1.0,1.0,1.0,1.0,1.0,0.9999999999916667,120,0,0,30
com_erro,random_forest,lacuna,100,65,65,139,139,30,109,30,109,18,18,0,1.0,1.0,1.0,1.0,1.0,0.9999999999908257,109,0,0,30
com_erro,random_forest,lacuna,100,70,70,129,129,27,102,27,102,18,18,0,1.0,1.0,1.0,1.0,1.0,0.9999999999901961,102,0,0,27
com_erro,random_forest,lacuna,100,75,75,120,120,22,98,22,98,17,17,0,1.0,1.0,1.0,1.0,1.0,0.9999999999897958,98,0,0,22
com_erro,random_forest,lacuna,100,80,80,113,113,24,89,24,89,18,18,0,1.0,1.0,1.0,1.0,1.0,0.999999999988764,89,0,0,24
com_erro,random_forest,lacuna,100,85,85,106,106,23,83,23,83,17,17,0,1.0,1.0,1.0,1.0,1.0,0.9999999999879517,83,0,0,23
com_erro,random_forest,lacuna,100,90,90,100,100,21,79,21,79,17,17,0,1.0,1.0,1.0,1.0,1.0,0.9999999999873417,79,0,0,21
com_erro,random_forest,lacuna,100,95,95,95,95,19,76,19,76,17,17,0,1.0,1.0,1.0,1.0,1.0,0.9999999999868421,76,0,0,19
com_erro,random_forest,lacuna,100,100,100,90,90,17,73,17,73,17,17,0,1.0,1.0,1.0,1.0,1.0,0.9999999999863013,73,0,0,17
com_erro,random_forest,oscilacao,20,5,5,1811,1811,174,1637,174,1637,18,18,0,1.0,1.0,1.0,1.0,1.0,0.9999999999993892,1637,0,0,174
com_erro,random_forest,oscilacao,20,10,10,906,906,87,819,87,819,18,18,0,1.0,1.0,1.0,1.0,1.0,0.999999999998779,819,0,0,87
com_erro,random_forest,oscilacao,20,15,15,604,604,58,546,58,546,18,18,0,1.0,1.0,1.0,1.0,1.0,0.9999999999981685,546,0,0,58
com_erro,random_forest,oscilacao,20,20,20,453,453,44,409,44,409,18,18,0,1.0,1.0,1.0,1.0,1.0,0.9999999999975551,409,0,0,44
com_erro,random_forest,oscilacao,30,5,5,1809,1809,210,1599,210,1599,18,18,0,1.0,1.0,1.0,1.0,1.0,0.9999999999993746,1599,0,0,210
com_erro,random_forest,oscilacao,30,10,10,905,905,105,800,105,800,18,18,0,1.0,1.0,1.0,1.0,1.0,0.99999999999875,800,0,0,105
com_erro,random_forest,oscilacao,30,15,15,603,603,70,533,70,533,18,18,0,1.0,1.0,1.0,1.0,1.0,0.9999999999981238,533,0,0,70
com_erro,random_forest,oscilacao,30,20,20,453,453,52,401,52,401,18,18,0,1.0,1.0,1.0,1.0,1.0,0.9999999999975062,401,0,0,52
com_erro,random_forest,oscilacao,30,25,25,362,362,41,321,41,321,18,18,0,1.0,1.0,1.0,1.0,1.0,0.9999999999968847,321,0,0,41
com_erro,random_forest,oscilacao,30,30,30,302,302,35,267,35,267,18,18,0,1.0,1.0,1.0,1.0,1.0,0.9999999999962548,267,0,0,35
com_erro,random_forest,oscilacao,40,5,5,1807,1807,243,1564,243,1564,18,18,0,1.0,1.0,1.0,1.0,1.0,0.9999999999993606,1564,0,0,243
com_erro,random_forest,oscilacao,40,10,10,904,904,122,782,122,782,18,18,0,1.0,1.0,1.0,1.0,1.0,0.9999999999987212,782,0,0,122
com_erro,random_forest,oscilacao,40,15,15,603,603,82,521,82,521,18,18,0,1.0,1.0,1.0,1.0,1.0,0.9999999999980806,521,0,0,82
com_erro,random_forest,oscilacao,40,20,20,452,452,61,391,61,391,18,18,0,1.0,1.0,1.0,1.0,1.0,0.9999999999974425,391,0,0,61
com_erro,random_forest,oscilacao,40,25,25,362,362,50,312,50,312,18,18,0,1.0,1.0,1.0,1.0,1.0,0.9999999999967949,312,0,0,50
com_erro,random_forest,oscilacao,40,30,30,302,302,41,261,41,261,18,18,0,1.0,1.0,1.0,1.0,1.0,0.9999999999961686,261,0,0,41
com_erro,random_forest,oscilacao,40,35,35,259,259,35,224,35,224,18,18,0,1.0,1.0,1.0,1.0,1.0,0.9999999999955358,224,0,0,35
com_erro,random_forest,oscilacao,40,40,40,226,226,29,197,29,197,18,18,0,1.0,1.0,1.0,1.0,1.0,0.999999999994924,197,0,0,29
com_erro,random_forest,oscilacao,50,5,5,1805,1805,275,1530,275,1530,18,18,0,1.0,1.0,1.0,1.0,1.0,0.9999999999993464,1530,0,0,275
com_erro,random_forest,oscilacao,50,10,10,903,903,138,765,138,765,18,18,0,1.0,1.0,1.0,1.0,1.0,0.9999999999986928,765,0,0,138
com_erro,random_forest,oscilacao,50,15,15,602,602,92,510,92,510,18,18,0,1.0,1.0,1.0,1.0,1.0,0.9999999999980392,510,0,0,92
com_erro,random_forest,oscilacao,50,20,20,452,452,69,383,69,383,18,18,0,1.0,1.0,1.0,1.0,1.0,0.9999999999973891,383,0,0,69
com_erro,random_forest,oscilacao,50,25,25,361,361,55,306,55,306,18,18,0,1.0,1.0,1.0,1.0,1.0,0.9999999999967321,306,0,0,55
com_erro,random_forest,oscilacao,50,30,30,301,301,46,255,46,255,18,18,0,1.0,1.0,1.0,1.0,1.0,0.9999999999960785,255,0,0,46
com_erro,random_forest,oscilacao,50,35,35,258,258,40,218,40,218,18,18,0,1.0,1.0,1.0,1.0,1.0,0.9999999999954129,218,0,0,40
com_erro,random_forest,oscilacao,50,40,40,226,226,34,192,34,192,18,18,0,1.0,1.0,1.0,1.0,1.0,0.9999999999947917,192,0,0,34
com_erro,random_forest,oscilacao,50,45,45,201,201,31,170,31,170,18,18,0,1.0,1.0,1.0,1.0,1.0,0.9999999999941177,170,0,0,31
com_erro,random_forest,oscilacao,50,50,50,181,181,28,153,28,153,18,18,0,1.0,1.0,1.0,1.0,1.0,0.9999999999934641,153,0,0,28
com_erro,random_forest,oscilacao,60,5,5,1803,1803,307,1496,307,1496,18,18,0,1.0,1.0,1.0,1.0,1.0,0.9999999999993315,1496,0,0,307
com_erro,random_forest,oscilacao,60,10,10,902,902,154,748,154,748,18,18,0,1.0,1.0,1.0,1.0,1.0,0.9999999999986631,748,0,0,154
com_erro,random_forest,oscilacao,60,15,15,601,601,103,498,103,498,18,18,0,1.0,1.0,1.0,1.0,1.0,0.9999999999979919,498,0,0,103
com_erro,random_forest,oscilacao,60,20,20,451,451,77,374,77,374,18,18,0,1.0,1.0,1.0,1.0,1.0,0.9999999999973262,374,0,0,77
com_erro,random_forest,oscilacao,60,25,25,361,361,62,299,62,299,18,18,0,1.0,1.0,1.0,1.0,1.0,0.9999999999966556,299,0,0,62
com_erro,random_forest,oscilacao,60,30,30,301,301,52,249,52,249,18,18,0,1.0,1.0,1.0,1.0,1.0,0.999999999995984,249,0,0,52
com_erro,random_forest,oscilacao,60,35,35,258,258,44,214,44,214,18,18,0,1.0,1.0,1.0,1.0,1.0,0.9999999999953272,214,0,0,44
com_erro,random_forest,oscilacao,60,40,40,226,226,39,187,39,187,18,18,0,1.0,1.0,1.0,1.0,1.0,0.9999999999946525,187,0,0,39
com_erro,random_forest,oscilacao,60,45,45,201,201,35,166,35,166,18,18,0,1.0,1.0,1.0,1.0,1.0,0.9999999999939759,166,0,0,35
com_erro,random_forest,oscilacao,60,50,50,181,181,32,149,32,149,18,18,0,1.0,1.0,1.0,1.0,1.0,0.9999999999932887,149,0,0,32
com_erro,random_forest,oscilacao,60,55,55,164,164,28,136,28,136,18,18,0,1.0,1.0,1.0,1.0,1.0,0.9999999999926471,136,0,0,28
com_erro,random_forest,oscilacao,60,60,60,151,151,27,124,27,124,18,18,0,1.0,1.0,1.0,1.0,1.0,0.9999999999919355,124,0,0,27
com_erro,random_forest,oscilacao,70,5,5,1801,1801,339,1462,339,1462,18,18,0,1.0,1.0,1.0,1.0,1.0,0.999999999999316,1462,0,0,339
com_erro,random_forest,oscilacao,70,10,10,901,901,170,731,170,731,18,18,0,1.0,1.0,1.0,1.0,1.0,0.999999999998632,731,0,0,170
com_erro,random_forest,oscilacao,70,15,15,601,601,114,487,114,487,18,18,0,1.0,1.0,1.0,1.0,1.0,0.9999999999979466,487,0,0,114
com_erro,random_forest,oscilacao,70,20,20,451,451,85,366,85,366,18,18,0,1.0,1.0,1.0,1.0,1.0,0.9999999999972677,366,0,0,85
com_erro,random_forest,oscilacao,70,25,25,361,361,69,292,69,292,18,18,0,1.0,1.0,1.0,1.0,1.0,0.9999999999965754,292,0,0,69
com_erro,random_forest,oscilacao,70,30,30,301,301,57,244,57,244,18,18,0,1.0,1.0,1.0,1.0,1.0,0.9999999999959017,244,0,0,57
com_erro,random_forest,oscilacao,70,35,35,258,258,48,210,48,210,18,18,0,1.0,1.0,1.0,1.0,1.0,0.9999999999952381,210,0,0,48
com_erro,random_forest,oscilacao,70,40,40,226,226,42,184,42,184,18,18,0,1.0,1.0,1.0,1.0,1.0,0.9999999999945652,184,0,0,42
com_erro,random_forest,oscilacao,70,45,45,201,201,39,162,39,162,18,18,0,1.0,1.0,1.0,1.0,1.0,0.9999999999938273,162,0,0,39
com_erro,random_forest,oscilacao,70,50,50,181,181,35,146,35,146,18,18,0,1.0,1.0,1.0,1.0,1.0,0.9999999999931508,146,0,0,35
com_erro,random_forest,oscilacao,70,55,55,164,164,32,132,32,132,18,18,0,1.0,1.0,1.0,1.0,1.0,0.9999999999924243,132,0,0,32
com_erro,random_forest,oscilacao,70,60,60,151,151,29,122,29,122,18,18,0,1.0,1.0,1.0,1.0,1.0,0.9999999999918032,122,0,0,29
com_erro,random_forest,oscilacao,70,65,65,139,139,26,113,26,113,18,18,0,1.0,1.0,1.0,1.0,1.0,0.9999999999911504,113,0,0,26
com_erro,random_forest,oscilacao,70,70,70,129,129,24,105,24,105,18,18,0,1.0,1.0,1.0,1.0,1.0,0.9999999999904762,105,0,0,24
com_erro,random_forest,oscilacao,80,5,5,1799,1799,371,1428,371,1428,18,18,0,1.0,1.0,1.0,1.0,1.0,0.9999999999992998,1428,0,0,371
com_erro,random_forest,oscilacao,80,10,10,900,900,186,714,186,714,18,18,0,1.0,1.0,1.0,1.0,1.0,0.9999999999985995,714,0,0,186
com_erro,random_forest,oscilacao,80,15,15,600,600,124,476,124,476,18,18,0,1.0,1.0,1.0,1.0,1.0,0.9999999999978992,476,0,0,124
com_erro,random_forest,oscilacao,80,20,20,450,450,93,357,93,357,18,18,0,1.0,1.0,1.0,1.0,1.0,0.9999999999971989,357,0,0,93
com_erro,random_forest,oscilacao,80,25,25,360,360,74,286,74,286,18,18,0,1.0,1.0,1.0,1.0,1.0,0.9999999999965036,286,0,0,74
com_erro,random_forest,oscilacao,80,30,30,300,300,62,238,62,238,18,18,0,1.0,1.0,1.0,1.0,1.0,0.9999999999957984,238,0,0,62
com_erro,random_forest,oscilacao,80,35,35,257,257,53,204,53,204,18,18,0,1.0,1.0,1.0,1.0,1.0,0.9999999999950981,204,0,0,53
com_erro,random_forest,oscilacao,80,40,40,225,225,45,180,45,180,18,18,0,1.0,1.0,1.0,1.0,1.0,0.9999999999944446,180,0,0,45
com_erro,random_forest,oscilacao,80,45,45,200,200,41,159,41,159,18,18,0,1.0,1.0,1.0,1.0,1.0,0.9999999999937108,159,0,0,41
com_erro,random_forest,oscilacao,80,50,50,180,180,38,142,38,142,18,18,0,1.0,1.0,1.0,1.0,1.0,0.9999999999929579,142,0,0,38
com_erro,random_forest,oscilacao,80,55,55,164,164,35,129,35,129,18,18,0,1.0,1.0,1.0,1.0,1.0,0.9999999999922481,129,0,0,35
com_erro,random_forest,oscilacao,80,60,60,150,150,31,119,31,119,18,18,0,1.0,1.0,1.0,1.0,1.0,0.9999999999915966,119,0,0,31
com_erro,random_forest,oscilacao,80,65,65,139,139,28,111,28,111,18,18,0,1.0,1.0,1.0,1.0,1.0,0.999999999990991,111,0,0,28
com_erro,random_forest,oscilacao,80,70,70,129,129,27,102,27,102,18,18,0,1.0,1.0,1.0,1.0,1.0,0.9999999999901961,102,0,0,27
com_erro,random_forest,oscilacao,80,75,75,120,120,27,93,27,93,17,17,0,1.0,1.0,1.0,1.0,1.0,0.9999999999892473,93,0,0,27
com_erro,random_forest,oscilacao,80,80,80,113,113,22,91,22,91,18,18,0,1.0,1.0,1.0,1.0,1.0,0.9999999999890109,91,0,0,22
com_erro,random_forest,oscilacao,90,5,5,1797,1797,403,1394,403,1394,18,18,0,1.0,1.0,1.0,1.0,1.0,0.9999999999992827,1394,0,0,403
com_erro,random_forest,oscilacao,90,10,10,899,899,202,697,202,697,18,18,0,1.0,1.0,1.0,1.0,1.0,0.9999999999985653,697,0,0,202
com_erro,random_forest,oscilacao,90,15,15,599,599,135,464,135,464,18,18,0,1.0,1.0,1.0,1.0,1.0,0.9999999999978448,464,0,0,135
com_erro,random_forest,oscilacao,90,20,20,450,450,101,349,101,349,18,18,0,1.0,1.0,1.0,1.0,1.0,0.9999999999971347,349,0,0,101
com_erro,random_forest,oscilacao,90,25,25,360,360,82,278,82,278,18,18,0,1.0,1.0,1.0,1.0,1.0,0.9999999999964029,278,0,0,82
com_erro,random_forest,oscilacao,90,30,30,300,300,68,232,68,232,18,18,0,1.0,1.0,1.0,1.0,1.0,0.9999999999956897,232,0,0,68
com_erro,random_forest,oscilacao,90,35,35,257,257,59,198,59,198,18,18,0,1.0,1.0,1.0,1.0,1.0,0.9999999999949496,198,0,0,59
com_erro,random_forest,oscilacao,90,40,40,225,225,50,175,50,175,18,18,0,1.0,1.0,1.0,1.0,1.0,0.9999999999942858,175,0,0,50
com_erro,random_forest,oscilacao,90,45,45,200,200,45,155,45,155,18,18,0,1.0,1.0,1.0,1.0,1.0,0.9999999999935485,155,0,0,45
com_erro,random_forest,oscilacao,90,50,50,180,180,41,139,41,139,18,18,0,1.0,1.0,1.0,1.0,1.0,0.9999999999928059,139,0,0,41
com_erro,random_forest,oscilacao,90,55,55,164,164,37,127,37,127,18,18,0,1.0,1.0,1.0,1.0,1.0,0.999999999992126,127,0,0,37
com_erro,random_forest,oscilacao,90,60,60,150,150,34,116,34,116,18,18,0,1.0,1.0,1.0,1.0,1.0,0.9999999999913792,116,0,0,34
com_erro,random_forest,oscilacao,90,65,65,139,139,31,108,31,108,18,18,0,1.0,1.0,1.0,1.0,1.0,0.9999999999907407,108,0,0,31
com_erro,random_forest,oscilacao,90,70,70,129,129,30,99,30,99,18,18,0,1.0,1.0,1.0,1.0,1.0,0.999999999989899,99,0,0,30
com_erro,random_forest,oscilacao,90,75,75,120,120,30,90,30,90,18,18,0,1.0,1.0,1.0,1.0,1.0,0.9999999999888889,90,0,0,30
com_erro,random_forest,oscilacao,90,80,80,113,113,25,88,25,88,18,18,0,1.0,1.0,1.0,1.0,1.0,0.9999999999886363,88,0,0,25
com_erro,random_forest,oscilacao,90,85,85,106,106,24,82,24,82,18,18,0,1.0,1.0,1.0,1.0,1.0,0.9999999999878049,82,0,0,24
com_erro,random_forest,oscilacao,90,90,90,100,100,22,78,22,78,17,17,0,1.0,1.0,1.0,1.0,1.0,0.9999999999871795,78,0,0,22
com_erro,random_forest,oscilacao,100,5,5,1795,1795,435,1360,435,1360,18,18,0,1.0,1.0,1.0,1.0,1.0,0.9999999999992647,1360,0,0,435
com_erro,random_forest,oscilacao,100,10,10,898,898,218,680,218,680,18,18,0,1.0,1.0,1.0,1.0,1.0,0.9999999999985294,680,0,0,218
com_erro,random_forest,oscilacao,100,15,15,599,599,146,453,146,453,18,18,0,1.0,1.0,1.0,1.0,1.0,0.9999999999977925,453,0,0,146
com_erro,random_forest,oscilacao,100,20,20,449,449,109,340,109,340,18,18,0,1.0,1.0,1.0,1.0,1.0,0.9999999999970589,340,0,0,109
com_erro,random_forest,oscilacao,100,25,25,359,359,87,272,87,272,18,18,0,1.0,1.0,1.0,1.0,1.0,0.9999999999963236,272,0,0,87
com_erro,random_forest,oscilacao,100,30,30,300,300,73,227,73,227,18,18,0,1.0,1.0,1.0,1.0,1.0,0.9999999999955947,227,0,0,73
com_erro,random_forest,oscilacao,100,35,35,257,257,62,195,62,195,18,18,0,1.0,1.0,1.0,1.0,1.0,0.9999999999948719,195,0,0,62
com_erro,random_forest,oscilacao,100,40,40,225,225,55,170,55,170,18,18,0,1.0,1.0,1.0,1.0,1.0,0.9999999999941177,170,0,0,55
com_erro,random_forest,oscilacao,100,45,45,200,200,49,151,49,151,18,18,0,1.0,1.0,1.0,1.0,1.0,0.9999999999933775,151,0,0,49
com_erro,random_forest,oscilacao,100,50,50,180,180,44,136,44,136,18,18,0,1.0,1.0,1.0,1.0,1.0,0.9999999999926471,136,0,0,44
com_erro,random_forest,oscilacao,100,55,55,164,164,40,124,40,124,18,18,0,1.0,1.0,1.0,1.0,1.0,0.9999999999919355,124,0,0,40
com_erro,random_forest,oscilacao,100,60,60,150,150,37,113,37,113,18,18,0,1.0,1.0,1.0,1.0,1.0,0.9999999999911504,113,0,0,37
com_erro,random_forest,oscilacao,100,65,65,139,139,34,105,34,105,18,18,0,1.0,1.0,1.0,1.0,1.0,0.9999999999904762,105,0,0,34
com_erro,random_forest,oscilacao,100,70,70,129,129,31,98,31,98,18,18,0,1.0,1.0,1.0,1.0,1.0,0.9999999999897958,98,0,0,31
com_erro,random_forest,oscilacao,100,75,75,120,120,30,90,30,90,18,18,0,1.0,1.0,1.0,1.0,1.0,0.9999999999888889,90,0,0,30
com_erro,random_forest,oscilacao,100,80,80,113,113,28,85,28,85,18,18,0,1.0,1.0,1.0,1.0,1.0,0.9999999999882353,85,0,0,28
com_erro,random_forest,oscilacao,100,85,85,106,106,26,80,26,80,18,18,0,1.0,1.0,1.0,1.0,1.0,0.9999999999875,80,0,0,26
com_erro,random_forest,oscilacao,100,90,90,100,100,24,76,24,76,17,17,0,1.0,1.0,1.0,1.0,1.0,0.9999999999868421,76,0,0,24
com_erro,random_forest,oscilacao,100,95,95,95,95,23,72,23,72,18,18,0,1.0,1.0,1.0,1.0,1.0,0.9999999999861111,72,0,0,23
com_erro,random_forest,oscilacao,100,100,100,90,90,22,68,22,68,17,17,0,1.0,1.0,1.0,1.0,1.0,0.9999999999852941,68,0,0,22
com_erro,random_forest,queda,20,5,5,1811,1811,104,1707,104,1707,18,18,0,1.0,1.0,1.0,1.0,1.0,0.9999999999994141,1707,0,0,104
com_erro,random_forest,queda,20,10,10,906,906,53,853,53,853,18,18,0,1.0,1.0,1.0,1.0,1.0,0.9999999999988277,853,0,0,53
com_erro,random_forest,queda,20,15,15,604,604,35,569,35,569,18,18,0,1.0,1.0,1.0,1.0,1.0,0.9999999999982425,569,0,0,35
com_erro,random_forest,queda,20,20,20,453,453,26,427,26,427,18,18,0,1.0,1.0,1.0,1.0,1.0,0.9999999999976581,427,0,0,26
com_erro,random_forest,queda,30,5,5,1809,1809,136,1673,136,1673,18,18,0,1.0,1.0,1.0,1.0,1.0,0.9999999999994023,1673,0,0,136
com_erro,random_forest,queda,30,10,10,905,905,69,836,69,836,18,18,0,1.0,1.0,1.0,1.0,1.0,0.9999999999988038,836,0,0,69
com_erro,random_forest,queda,30,15,15,603,603,47,556,47,556,18,18,0,1.0,1.0,1.0,1.0,1.0,0.9999999999982014,556,0,0,47
com_erro,random_forest,queda,30,20,20,453,453,34,419,34,419,18,18,0,1.0,1.0,1.0,1.0,1.0,0.9999999999976134,419,0,0,34
com_erro,random_forest,queda,30,25,25,362,362,27,335,27,335,17,17,0,1.0,1.0,1.0,1.0,1.0,0.9999999999970149,335,0,0,27
com_erro,random_forest,queda,30,30,30,302,302,25,277,25,277,18,18,0,1.0,1.0,1.0,1.0,1.0,0.9999999999963899,277,0,0,25
com_erro,random_forest,queda,40,5,5,1807,1807,168,1639,168,1639,18,18,0,1.0,1.0,1.0,1.0,1.0,0.9999999999993899,1639,0,0,168
com_erro,random_forest,queda,40,10,10,904,904,85,819,85,819,18,18,0,1.0,1.0,1.0,1.0,1.0,0.999999999998779,819,0,0,85
com_erro,random_forest,queda,40,15,15,603,603,59,544,59,544,18,18,0,1.0,1.0,1.0,1.0,1.0,0.9999999999981618,544,0,0,59
com_erro,random_forest,queda,40,20,20,452,452,42,410,42,410,18,18,0,1.0,1.0,1.0,1.0,1.0,0.999999999997561,410,0,0,42
com_erro,random_forest,queda,40,25,25,362,362,34,328,34,328,18,18,0,1.0,1.0,1.0,1.0,1.0,0.9999999999969512,328,0,0,34
com_erro,random_forest,queda,40,30,30,302,302,32,270,32,270,18,18,0,1.0,1.0,1.0,1.0,1.0,0.9999999999962963,270,0,0,32
com_erro,random_forest,queda,40,35,35,259,259,18,241,18,241,18,18,0,1.0,1.0,1.0,1.0,1.0,0.9999999999958507,241,0,0,18
com_erro,random_forest,queda,40,40,40,226,226,20,206,20,206,17,17,0,1.0,1.0,1.0,1.0,1.0,0.9999999999951457,206,0,0,20
com_erro,random_forest,queda,50,5,5,1805,1805,200,1605,200,1605,18,18,0,1.0,1.0,1.0,1.0,1.0,0.9999999999993769,1605,0,0,200
com_erro,random_forest,queda,50,10,10,903,903,101,802,101,802,18,18,0,1.0,1.0,1.0,1.0,1.0,0.9999999999987531,802,0,0,101
com_erro,random_forest,queda,50,15,15,602,602,67,535,67,535,18,18,0,1.0,1.0,1.0,1.0,1.0,0.9999999999981308,535,0,0,67
com_erro,random_forest,queda,50,20,20,452,452,50,402,50,402,18,18,0,1.0,1.0,1.0,1.0,1.0,0.9999999999975124,402,0,0,50
com_erro,random_forest,queda,50,25,25,361,361,40,321,40,321,17,17,0,1.0,1.0,1.0,1.0,1.0,0.9999999999968847,321,0,0,40
com_erro,random_forest,queda,50,30,30,301,301,33,268,33,268,17,17,0,1.0,1.0,1.0,1.0,1.0,0.9999999999962687,268,0,0,33
com_erro,random_forest,queda,50,35,35,258,258,25,233,25,233,17,17,0,1.0,1.0,1.0,1.0,1.0,0.9999999999957082,233,0,0,25
com_erro,random_forest,queda,50,40,40,226,226,25,201,25,201,17,17,0,1.0,1.0,1.0,1.0,1.0,0.999999999995025,201,0,0,25
com_erro,random_forest,queda,50,45,45,201,201,25,176,25,176,17,17,0,1.0,1.0,1.0,1.0,1.0,0.9999999999943182,176,0,0,25
com_erro,random_forest,queda,50,50,50,181,181,19,162,19,162,17,17,0,1.0,1.0,1.0,1.0,1.0,0.9999999999938273,162,0,0,19
com_erro,random_forest,queda,60,5,5,1803,1803,232,1571,232,1571,18,18,0,1.0,1.0,1.0,1.0,1.0,0.9999999999993635,1571,0,0,232
com_erro,random_forest,queda,60,10,10,902,902,117,785,117,785,18,18,0,1.0,1.0,1.0,1.0,1.0,0.9999999999987261,785,0,0,117
com_erro,random_forest,queda,60,15,15,601,601,79,522,79,522,18,18,0,1.0,1.0,1.0,1.0,1.0,0.9999999999980843,522,0,0,79
com_erro,random_forest,queda,60,20,20,451,451,58,393,58,393,18,18,0,1.0,1.0,1.0,1.0,1.0,0.9999999999974555,393,0,0,58
com_erro,random_forest,queda,60,25,25,361,361,47,314,47,314,18,18,0,1.0,1.0,1.0,1.0,1.0,0.9999999999968153,314,0,0,47
com_erro,random_forest,queda,60,30,30,301,301,41,260,41,260,18,18,0,1.0,1.0,1.0,1.0,1.0,0.9999999999961539,260,0,0,41
com_erro,random_forest,queda,60,35,35,258,258,33,225,33,225,17,17,0,1.0,1.0,1.0,1.0,1.0,0.9999999999955556,225,0,0,33
com_erro,random_forest,queda,60,40,40,226,226,31,195,31,195,18,18,0,1.0,1.0,1.0,1.0,1.0,0.9999999999948719,195,0,0,31
com_erro,random_forest,queda,60,45,45,201,201,29,172,29,172,18,18,0,1.0,1.0,1.0,1.0,1.0,0.9999999999941861,172,0,0,29
com_erro,random_forest,queda,60,50,50,181,181,24,157,24,157,18,18,0,1.0,1.0,1.0,1.0,1.0,0.9999999999936307,157,0,0,24
com_erro,random_forest,queda,60,55,55,164,164,23,141,23,141,17,17,0,1.0,1.0,1.0,1.0,1.0,0.9999999999929079,141,0,0,23
com_erro,random_forest,queda,60,60,60,151,151,21,130,21,130,18,18,0,1.0,1.0,1.0,1.0,1.0,0.9999999999923078,130,0,0,21
com_erro,random_forest,queda,70,5,5,1801,1801,264,1537,264,1537,18,18,0,1.0,1.0,1.0,1.0,1.0,0.9999999999993494,1537,0,0,264
com_erro,random_forest,queda,70,10,10,901,901,133,768,133,768,18,18,0,1.0,1.0,1.0,1.0,1.0,0.9999999999986979,768,0,0,133
com_erro,random_forest,queda,70,15,15,601,601,91,510,91,510,18,18,0,1.0,1.0,1.0,1.0,1.0,0.9999999999980392,510,0,0,91
com_erro,random_forest,queda,70,20,20,451,451,66,385,66,385,18,18,0,1.0,1.0,1.0,1.0,1.0,0.9999999999974026,385,0,0,66
com_erro,random_forest,queda,70,25,25,361,361,54,307,54,307,18,18,0,1.0,1.0,1.0,1.0,1.0,0.9999999999967427,307,0,0,54
com_erro,random_forest,queda,70,30,30,301,301,48,253,48,253,18,18,0,1.0,1.0,1.0,1.0,1.0,0.9999999999960475,253,0,0,48
com_erro,random_forest,queda,70,35,35,258,258,34,224,34,224,18,18,0,1.0,1.0,1.0,1.0,1.0,0.9999999999955358,224,0,0,34
com_erro,random_forest,queda,70,40,40,226,226,34,192,34,192,18,18,0,1.0,1.0,1.0,1.0,1.0,0.9999999999947917,192,0,0,34
com_erro,random_forest,queda,70,45,45,201,201,33,168,33,168,18,18,0,1.0,1.0,1.0,1.0,1.0,0.9999999999940477,168,0,0,33
com_erro,random_forest,queda,70,50,50,181,181,26,155,26,155,18,18,0,1.0,1.0,1.0,1.0,1.0,0.9999999999935485,155,0,0,26
com_erro,random_forest,queda,70,55,55,164,164,25,139,25,139,17,17,0,1.0,1.0,1.0,1.0,1.0,0.9999999999928059,139,0,0,25
com_erro,random_forest,queda,70,60,60,151,151,24,127,24,127,18,18,0,1.0,1.0,1.0,1.0,1.0,0.999999999992126,127,0,0,24
com_erro,random_forest,queda,70,65,65,139,139,19,120,19,120,17,17,0,1.0,1.0,1.0,1.0,1.0,0.9999999999916667,120,0,0,19
com_erro,random_forest,queda,70,70,70,129,129,17,112,17,112,17,17,0,1.0,1.0,1.0,1.0,1.0,0.9999999999910714,112,0,0,17
com_erro,random_forest,queda,80,5,5,1799,1799,296,1503,296,1503,18,18,0,1.0,1.0,1.0,1.0,1.0,0.9999999999993346,1503,0,0,296
com_erro,random_forest,queda,80,10,10,900,900,149,751,149,751,18,18,0,1.0,1.0,1.0,1.0,1.0,0.9999999999986685,751,0,0,149
com_erro,random_forest,queda,80,15,15,600,600,99,501,99,501,18,18,0,1.0,1.0,1.0,1.0,1.0,0.999999999998004,501,0,0,99
com_erro,random_forest,queda,80,20,20,450,450,74,376,74,376,18,18,0,1.0,1.0,1.0,1.0,1.0,0.9999999999973405,376,0,0,74
com_erro,random_forest,queda,80,25,25,360,360,59,301,59,301,17,17,0,1.0,1.0,1.0,1.0,1.0,0.9999999999966778,301,0,0,59
com_erro,random_forest,queda,80,30,30,300,300,49,251,49,251,17,17,0,1.0,1.0,1.0,1.0,1.0,0.999999999996016,251,0,0,49
com_erro,random_forest,queda,80,35,35,257,257,36,221,36,221,17,17,0,1.0,1.0,1.0,1.0,1.0,0.9999999999954752,221,0,0,36
com_erro,random_forest,queda,80,40,40,225,225,36,189,36,189,17,17,0,1.0,1.0,1.0,1.0,1.0,0.999999999994709,189,0,0,36
com_erro,random_forest,queda,80,45,45,200,200,34,166,34,166,17,17,0,1.0,1.0,1.0,1.0,1.0,0.9999999999939759,166,0,0,34
com_erro,random_forest,queda,80,50,50,180,180,29,151,29,151,17,17,0,1.0,1.0,1.0,1.0,1.0,0.9999999999933775,151,0,0,29
com_erro,random_forest,queda,80,55,55,164,164,27,137,27,137,17,17,0,1.0,1.0,1.0,1.0,1.0,0.9999999999927008,137,0,0,27
com_erro,random_forest,queda,80,60,60,150,150,24,126,24,126,17,17,0,1.0,1.0,1.0,1.0,1.0,0.9999999999920635,126,0,0,24
com_erro,random_forest,queda,80,65,65,139,139,22,117,22,117,17,17,0,1.0,1.0,1.0,1.0,1.0,0.999999999991453,117,0,0,22
com_erro,random_forest,queda,80,70,70,129,129,19,110,19,110,17,17,0,1.0,1.0,1.0,1.0,1.0,0.999999999990909,110,0,0,19
com_erro,random_forest,queda,80,75,75,120,120,17,103,17,103,17,17,0,1.0,1.0,1.0,1.0,1.0,0.9999999999902912,103,0,0,17
com_erro,random_forest,queda,80,80,80,113,113,18,95,18,95,17,17,0,1.0,1.0,1.0,1.0,1.0,0.9999999999894736,95,0,0,18
com_erro,random_forest,queda,90,5,5,1797,1797,328,1469,328,1469,18,18,0,1.0,1.0,1.0,1.0,1.0,0.9999999999993193,1469,0,0,328
com_erro,random_forest,queda,90,10,10,899,899,165,734,165,734,18,18,0,1.0,1.0,1.0,1.0,1.0,0.9999999999986376,734,0,0,165
com_erro,random_forest,queda,90,15,15,599,599,111,488,111,488,18,18,0,1.0,1.0,1.0,1.0,1.0,0.9999999999979509,488,0,0,111
com_erro,random_forest,queda,90,20,20,450,450,82,368,82,368,18,18,0,1.0,1.0,1.0,1.0,1.0,0.9999999999972826,368,0,0,82
com_erro,random_forest,queda,90,25,25,360,360,66,294,66,294,18,18,0,1.0,1.0,1.0,1.0,1.0,0.9999999999965987,294,0,0,66
com_erro,random_forest,queda,90,30,30,300,300,57,243,57,243,18,18,0,1.0,1.0,1.0,1.0,1.0,0.9999999999958848,243,0,0,57
com_erro,random_forest,queda,90,35,35,257,257,46,211,46,211,17,17,0,1.0,1.0,1.0,1.0,1.0,0.9999999999952607,211,0,0,46
com_erro,random_forest,queda,90,40,40,225,225,41,184,41,184,17,17,0,1.0,1.0,1.0,1.0,1.0,0.9999999999945652,184,0,0,41
com_erro,random_forest,queda,90,45,45,200,200,38,162,38,162,17,17,0,1.0,1.0,1.0,1.0,1.0,0.9999999999938273,162,0,0,38
com_erro,random_forest,queda,90,50,50,180,180,33,147,33,147,17,17,0,1.0,1.0,1.0,1.0,1.0,0.9999999999931973,147,0,0,33
com_erro,random_forest,queda,90,55,55,164,164,29,135,29,135,17,17,0,1.0,1.0,1.0,1.0,1.0,0.9999999999925927,135,0,0,29
com_erro,random_forest,queda,90,60,60,150,150,28,122,28,122,17,17,0,1.0,1.0,1.0,1.0,1.0,0.9999999999918032,122,0,0,28
com_erro,random_forest,queda,90,65,65,139,139,24,115,24,115,18,18,0,1.0,1.0,1.0,1.0,1.0,0.9999999999913043,115,0,0,24
com_erro,random_forest,queda,90,70,70,129,129,23,106,23,106,17,17,0,1.0,1.0,1.0,1.0,1.0,0.999999999990566,106,0,0,23
com_erro,random_forest,queda,90,75,75,120,120,22,98,22,98,17,17,0,1.0,1.0,1.0,1.0,1.0,0.9999999999897958,98,0,0,22
com_erro,random_forest,queda,90,80,80,113,113,20,93,20,93,17,17,0,1.0,1.0,1.0,1.0,1.0,0.9999999999892473,93,0,0,20
com_erro,random_forest,queda,90,85,85,106,106,19,87,19,87,17,17,0,1.0,1.0,1.0,1.0,1.0,0.9999999999885058,87,0,0,19
com_erro,random_forest,queda,90,90,90,100,100,20,80,20,80,17,17,0,1.0,1.0,1.0,1.0,1.0,0.9999999999875,80,0,0,20
com_erro,random_forest,queda,100,5,5,1795,1795,360,1435,360,1435,18,18,0,1.0,1.0,1.0,1.0,1.0,0.9999999999993031,1435,0,0,360
com_erro,random_forest,queda,100,10,10,898,898,181,717,181,717,18,18,0,1.0,1.0,1.0,1.0,1.0,0.9999999999986053,717,0,0,181
com_erro,random_forest,queda,100,15,15,599,599,123,476,123,476,18,18,0,1.0,1.0,1.0,1.0,1.0,0.9999999999978992,476,0,0,123
com_erro,random_forest,queda,100,20,20,449,449,90,359,90,359,18,18,0,1.0,1.0,1.0,1.0,1.0,0.9999999999972146,359,0,0,90
com_erro,random_forest,queda,100,25,25,359,359,72,287,72,287,17,17,0,1.0,1.0,1.0,1.0,1.0,0.9999999999965157,287,0,0,72
com_erro,random_forest,queda,100,30,30,300,300,64,236,64,236,18,18,0,1.0,1.0,1.0,1.0,1.0,0.9999999999957627,236,0,0,64
com_erro,random_forest,queda,100,35,35,257,257,50,207,50,207,18,18,0,1.0,1.0,1.0,1.0,1.0,0.9999999999951691,207,0,0,50
com_erro,random_forest,queda,100,40,40,225,225,47,178,47,178,18,18,0,1.0,1.0,1.0,1.0,1.0,0.999999999994382,178,0,0,47
com_erro,random_forest,queda,100,45,45,200,200,41,159,41,159,17,17,0,1.0,1.0,1.0,1.0,1.0,0.9999999999937108,159,0,0,41
com_erro,random_forest,queda,100,50,50,180,180,35,145,35,145,17,17,0,1.0,1.0,1.0,1.0,1.0,0.9999999999931035,145,0,0,35
com_erro,random_forest,queda,100,55,55,164,164,34,130,34,130,18,18,0,1.0,1.0,1.0,1.0,1.0,0.9999999999923078,130,0,0,34
com_erro,random_forest,queda,100,60,60,150,150,32,118,32,118,17,17,0,1.0,1.0,1.0,1.0,1.0,0.9999999999915254,118,0,0,32
com_erro,random_forest,queda,100,65,65,139,139,26,113,26,113,18,18,0,1.0,1.0,1.0,1.0,1.0,0.9999999999911504,113,0,0,26
com_erro,random_forest,queda,100,70,70,129,129,26,103,26,103,18,18,0,1.0,1.0,1.0,1.0,1.0,0.9999999999902912,103,0,0,26
com_erro,random_forest,queda,100,75,75,120,120,25,95,25,95,17,17,0,1.0,1.0,1.0,1.0,1.0,0.9999999999894736,95,0,0,25
com_erro,random_forest,queda,100,80,80,113,113,23,90,23,90,18,18,0,1.0,1.0,1.0,1.0,1.0,0.9999999999888889,90,0,0,23
com_erro,random_forest,queda,100,85,85,106,106,22,84,22,84,17,17,0,1.0,1.0,1.0,1.0,1.0,0.9999999999880952,84,0,0,22
com_erro,random_forest,queda,100,90,90,100,100,22,78,22,78,17,17,0,1.0,1.0,1.0,1.0,1.0,0.9999999999871795,78,0,0,22
com_erro,random_forest,queda,100,95,95,95,95,18,77,18,77,17,17,0,1.0,1.0,1.0,1.0,1.0,0.9999999999870129,77,0,0,18
com_erro,random_forest,queda,100,100,100,90,90,17,73,17,73,17,17,0,1.0,1.0,1.0,1.0,1.0,0.9999999999863013,73,0,0,17
com_erro,xgboost,lacuna,20,5,5,1811,1811,119,1692,119,1692,18,18,0,1.0,1.0,1.0,1.0,1.0,0.999999999999409,1692,0,0,119
com_erro,xgboost,lacuna,20,10,10,906,906,58,848,58,848,18,18,0,1.0,1.0,1.0,1.0,1.0,0.9999999999988207,848,0,0,58
com_erro,xgboost,lacuna,20,15,15,604,604,40,564,40,564,18,18,0,1.0,1.0,1.0,1.0,1.0,0.999999999998227,564,0,0,40
com_erro,xgboost,lacuna,20,20,20,453,453,28,425,28,425,18,18,0,1.0,1.0,1.0,1.0,1.0,0.9999999999976471,425,0,0,28
com_erro,xgboost,lacuna,30,5,5,1809,1809,151,1658,151,1658,18,18,0,1.0,1.0,1.0,1.0,1.0,0.9999999999993968,1658,0,0,151
com_erro,xgboost,lacuna,30,10,10,905,905,74,831,74,831,18,18,0,1.0,1.0,1.0,1.0,1.0,0.9999999999987966,831,0,0,74
com_erro,xgboost,lacuna,30,15,15,603,603,51,552,51,552,18,18,0,1.0,1.0,1.0,1.0,1.0,0.9999999999981884,552,0,0,51
com_erro,xgboost,lacuna,30,20,20,453,453,38,415,38,415,18,18,0,1.0,1.0,1.0,1.0,1.0,0.9999999999975904,415,0,0,38
com_erro,xgboost,lacuna,30,25,25,362,362,31,331,31,331,18,18,0,1.0,1.0,1.0,1.0,1.0,0.9999999999969789,331,0,0,31
com_erro,xgboost,lacuna,30,30,30,302,302,26,276,26,276,18,18,0,1.0,1.0,1.0,1.0,1.0,0.9999999999963769,276,0,0,26
com_erro,xgboost,lacuna,40,5,5,1807,1807,183,1624,183,1624,18,18,0,1.0,1.0,1.0,1.0,1.0,0.9999999999993843,1624,0,0,183
com_erro,xgboost,lacuna,40,10,10,904,904,90,814,90,814,18,18,0,1.0,1.0,1.0,1.0,1.0,0.9999999999987715,814,0,0,90
com_erro,xgboost,lacuna,40,15,15,603,603,62,541,62,541,18,18,0,1.0,1.0,1.0,1.0,1.0,0.9999999999981516,541,0,0,62
com_erro,xgboost,lacuna,40,20,20,452,452,44,408,44,408,18,18,0,1.0,1.0,1.0,1.0,1.0,0.9999999999975491,408,0,0,44
com_erro,xgboost,lacuna,40,25,25,362,362,37,325,37,325,18,18,0,1.0,1.0,1.0,1.0,1.0,0.9999999999969231,325,0,0,37
com_erro,xgboost,lacuna,40,30,30,302,302,30,272,30,272,18,18,0,1.0,1.0,1.0,1.0,1.0,0.9999999999963236,272,0,0,30
com_erro,xgboost,lacuna,40,35,35,259,259,29,230,29,230,18,18,0,1.0,1.0,1.0,1.0,1.0,0.9999999999956523,230,0,0,29
com_erro,xgboost,lacuna,40,40,40,226,226,21,205,21,205,17,17,0,1.0,1.0,1.0,1.0,1.0,0.999999999995122,205,0,0,21
com_erro,xgboost,lacuna,50,5,5,1805,1805,215,1590,215,1590,18,18,0,1.0,1.0,1.0,1.0,1.0,0.9999999999993711,1590,0,0,215
com_erro,xgboost,lacuna,50,10,10,903,903,106,797,106,797,18,18,0,1.0,1.0,1.0,1.0,1.0,0.9999999999987453,797,0,0,106
com_erro,xgboost,lacuna,50,15,15,602,602,72,530,72,530,18,18,0,1.0,1.0,1.0,1.0,1.0,0.9999999999981132,530,0,0,72
com_erro,xgboost,lacuna,50,20,20,452,452,54,398,54,398,18,18,0,1.0,1.0,1.0,1.0,1.0,0.9999999999974875,398,0,0,54
com_erro,xgboost,lacuna,50,25,25,361,361,43,318,43,318,18,18,0,1.0,1.0,1.0,1.0,1.0,0.9999999999968554,318,0,0,43
com_erro,xgboost,lacuna,50,30,30,301,301,36,265,36,265,18,18,0,1.0,1.0,1.0,1.0,1.0,0.9999999999962265,265,0,0,36
com_erro,xgboost,lacuna,50,35,35,258,258,32,226,32,226,18,18,0,1.0,1.0,1.0,1.0,1.0,0.9999999999955753,226,0,0,32
com_erro,xgboost,lacuna,50,40,40,226,226,27,199,27,199,18,18,0,1.0,1.0,1.0,1.0,1.0,0.9999999999949749,199,0,0,27
com_erro,xgboost,lacuna,50,45,45,201,201,26,175,26,175,18,18,0,1.0,1.0,1.0,1.0,1.0,0.9999999999942858,175,0,0,26
com_erro,xgboost,lacuna,50,50,50,181,181,21,160,21,160,18,18,0,1.0,1.0,1.0,1.0,1.0,0.9999999999937501,160,0,0,21
com_erro,xgboost,lacuna,60,5,5,1803,1803,247,1556,247,1556,18,18,0,1.0,1.0,1.0,1.0,1.0,0.9999999999993573,1556,0,0,247
com_erro,xgboost,lacuna,60,10,10,902,902,122,780,122,780,18,18,0,1.0,1.0,1.0,1.0,1.0,0.9999999999987179,780,0,0,122
com_erro,xgboost,lacuna,60,15,15,601,601,83,518,83,518,18,18,0,1.0,1.0,1.0,1.0,1.0,0.9999999999980695,518,0,0,83
com_erro,xgboost,lacuna,60,20,20,451,451,60,391,60,391,18,18,0,1.0,1.0,1.0,1.0,1.0,0.9999999999974425,391,0,0,60
com_erro,xgboost,lacuna,60,25,25,361,361,49,312,49,312,18,18,0,1.0,1.0,1.0,1.0,1.0,0.9999999999967949,312,0,0,49
com_erro,xgboost,lacuna,60,30,30,301,301,42,259,42,259,18,18,0,1.0,1.0,1.0,1.0,1.0,0.9999999999961391,259,0,0,42
com_erro,xgboost,lacuna,60,35,35,258,258,36,222,36,222,18,18,0,1.0,1.0,1.0,1.0,1.0,0.9999999999954955,222,0,0,36
com_erro,xgboost,lacuna,60,40,40,226,226,30,196,30,196,18,18,0,1.0,1.0,1.0,1.0,1.0,0.999999999994898,196,0,0,30
com_erro,xgboost,lacuna,60,45,45,201,201,30,171,30,171,18,18,0,1.0,1.0,1.0,1.0,1.0,0.9999999999941521,171,0,0,30
com_erro,xgboost,lacuna,60,50,50,181,181,25,156,25,156,18,18,0,1.0,1.0,1.0,1.0,1.0,0.9999999999935898,156,0,0,25
com_erro,xgboost,lacuna,60,55,55,164,164,22,142,22,142,17,17,0,1.0,1.0,1.0,1.0,1.0,0.9999999999929579,142,0,0,22
com_erro,xgboost,lacuna,60,60,60,151,151,22,129,22,129,18,18,0,1.0,1.0,1.0,1.0,1.0,0.9999999999922481,129,0,0,22
com_erro,xgboost,lacuna,70,5,5,1801,1801,279,1522,279,1522,18,18,0,1.0,1.0,1.0,1.0,1.0,0.999999999999343,1522,0,0,279
com_erro,xgboost,lacuna,70,10,10,901,901,138,763,138,763,18,18,0,1.0,1.0,1.0,1.0,1.0,0.9999999999986894,763,0,0,138
com_erro,xgboost,lacuna,70,15,15,601,601,94,507,94,507,18,18,0,1.0,1.0,1.0,1.0,1.0,0.9999999999980277,507,0,0,94
com_erro,xgboost,lacuna,70,20,20,451,451,70,381,70,381,18,18,0,1.0,1.0,1.0,1.0,1.0,0.9999999999973753,381,0,0,70
com_erro,xgboost,lacuna,70,25,25,361,361,58,303,58,303,18,18,0,1.0,1.0,1.0,1.0,1.0,0.9999999999966998,303,0,0,58
com_erro,xgboost,lacuna,70,30,30,301,301,46,255,46,255,18,18,0,1.0,1.0,1.0,1.0,1.0,0.9999999999960785,255,0,0,46
com_erro,xgboost,lacuna,70,35,35,258,258,42,216,42,216,18,18,0,1.0,1.0,1.0,1.0,1.0,0.9999999999953704,216,0,0,42
com_erro,xgboost,lacuna,70,40,40,226,226,34,192,34,192,18,18,0,1.0,1.0,1.0,1.0,1.0,0.9999999999947917,192,0,0,34
com_erro,xgboost,lacuna,70,45,45,201,201,33,168,33,168,18,18,0,1.0,1.0,1.0,1.0,1.0,0.9999999999940477,168,0,0,33
com_erro,xgboost,lacuna,70,50,50,181,181,28,153,28,153,18,18,0,1.0,1.0,1.0,1.0,1.0,0.9999999999934641,153,0,0,28
com_erro,xgboost,lacuna,70,55,55,164,164,26,138,26,138,17,17,0,1.0,1.0,1.0,1.0,1.0,0.9999999999927537,138,0,0,26
com_erro,xgboost,lacuna,70,60,60,151,151,26,125,26,125,18,18,0,1.0,1.0,1.0,1.0,1.0,0.999999999992,125,0,0,26
com_erro,xgboost,lacuna,70,65,65,139,139,21,118,21,118,17,17,0,1.0,1.0,1.0,1.0,1.0,0.9999999999915254,118,0,0,21
com_erro,xgboost,lacuna,70,70,70,129,129,21,108,21,108,17,17,0,1.0,1.0,1.0,1.0,1.0,0.9999999999907407,108,0,0,21
com_erro,xgboost,lacuna,80,5,5,1799,1799,311,1488,311,1488,18,18,0,1.0,1.0,1.0,1.0,1.0,0.999999999999328,1488,0,0,311
com_erro,xgboost,lacuna,80,10,10,900,900,154,746,154,746,18,18,0,1.0,1.0,1.0,1.0,1.0,0.9999999999986595,746,0,0,154
com_erro,xgboost,lacuna,80,15,15,600,600,104,496,104,496,18,18,0,1.0,1.0,1.0,1.0,1.0,0.999999999997984,496,0,0,104
com_erro,xgboost,lacuna,80,20,20,450,450,76,374,76,374,18,18,0,1.0,1.0,1.0,1.0,1.0,0.9999999999973262,374,0,0,76
com_erro,xgboost,lacuna,80,25,25,360,360,63,297,63,297,18,18,0,1.0,1.0,1.0,1.0,1.0,0.999999999996633,297,0,0,63
com_erro,xgboost,lacuna,80,30,30,300,300,52,248,52,248,18,18,0,1.0,1.0,1.0,1.0,1.0,0.9999999999959678,248,0,0,52
com_erro,xgboost,lacuna,80,35,35,257,257,47,210,47,210,17,17,0,1.0,1.0,1.0,1.0,1.0,0.9999999999952381,210,0,0,47
com_erro,xgboost,lacuna,80,40,40,225,225,37,188,37,188,17,17,0,1.0,1.0,1.0,1.0,1.0,0.9999999999946809,188,0,0,37
com_erro,xgboost,lacuna,80,45,45,200,200,35,165,35,165,17,17,0,1.0,1.0,1.0,1.0,1.0,0.9999999999939394,165,0,0,35
com_erro,xgboost,lacuna,80,50,50,180,180,31,149,31,149,17,17,0,1.0,1.0,1.0,1.0,1.0,0.9999999999932887,149,0,0,31
com_erro,xgboost,lacuna,80,55,55,164,164,29,135,29,135,18,18,0,1.0,1.0,1.0,1.0,1.0,0.9999999999925927,135,0,0,29
com_erro,xgboost,lacuna,80,60,60,150,150,28,122,28,122,17,17,0,1.0,1.0,1.0,1.0,1.0,0.9999999999918032,122,0,0,28
com_erro,xgboost,lacuna,80,65,65,139,139,25,114,25,114,18,18,0,1.0,1.0,1.0,1.0,1.0,0.999999999991228,114,0,0,25
com_erro,xgboost,lacuna,80,70,70,129,129,23,106,23,106,17,17,0,1.0,1.0,1.0,1.0,1.0,0.999999999990566,106,0,0,23
com_erro,xgboost,lacuna,80,75,75,120,120,17,103,17,103,17,17,0,1.0,1.0,1.0,1.0,1.0,0.9999999999902912,103,0,0,17
com_erro,xgboost,lacuna,80,80,80,113,113,17,96,17,96,17,17,0,1.0,1.0,1.0,1.0,1.0,0.9999999999895833,96,0,0,17
com_erro,xgboost,lacuna,90,5,5,1797,1797,343,1454,343,1454,18,18,0,1.0,1.0,1.0,1.0,1.0,0.9999999999993122,1454,0,0,343
com_erro,xgboost,lacuna,90,10,10,899,899,170,729,170,729,18,18,0,1.0,1.0,1.0,1.0,1.0,0.9999999999986283,729,0,0,170
com_erro,xgboost,lacuna,90,15,15,599,599,115,484,115,484,18,18,0,1.0,1.0,1.0,1.0,1.0,0.9999999999979339,484,0,0,115
com_erro,xgboost,lacuna,90,20,20,450,450,86,364,86,364,18,18,0,1.0,1.0,1.0,1.0,1.0,0.9999999999972528,364,0,0,86
com_erro,xgboost,lacuna,90,25,25,360,360,69,291,69,291,18,18,0,1.0,1.0,1.0,1.0,1.0,0.9999999999965636,291,0,0,69
com_erro,xgboost,lacuna,90,30,30,300,300,58,242,58,242,18,18,0,1.0,1.0,1.0,1.0,1.0,0.9999999999958679,242,0,0,58
com_erro,xgboost,lacuna,90,35,35,257,257,49,208,49,208,18,18,0,1.0,1.0,1.0,1.0,1.0,0.9999999999951924,208,0,0,49
com_erro,xgboost,lacuna,90,40,40,225,225,43,182,43,182,18,18,0,1.0,1.0,1.0,1.0,1.0,0.9999999999945055,182,0,0,43
com_erro,xgboost,lacuna,90,45,45,200,200,39,161,39,161,18,18,0,1.0,1.0,1.0,1.0,1.0,0.9999999999937889,161,0,0,39
com_erro,xgboost,lacuna,90,50,50,180,180,33,147,33,147,17,17,0,1.0,1.0,1.0,1.0,1.0,0.9999999999931973,147,0,0,33
com_erro,xgboost,lacuna,90,55,55,164,164,33,131,33,131,18,18,0,1.0,1.0,1.0,1.0,1.0,0.9999999999923664,131,0,0,33
com_erro,xgboost,lacuna,90,60,60,150,150,30,120,30,120,17,17,0,1.0,1.0,1.0,1.0,1.0,0.9999999999916667,120,0,0,30
com_erro,xgboost,lacuna,90,65,65,139,139,28,111,28,111,18,18,0,1.0,1.0,1.0,1.0,1.0,0.999999999990991,111,0,0,28
com_erro,xgboost,lacuna,90,70,70,129,129,24,105,24,105,18,18,0,1.0,1.0,1.0,1.0,1.0,0.9999999999904762,105,0,0,24
com_erro,xgboost,lacuna,90,75,75,120,120,17,103,17,103,17,17,0,1.0,1.0,1.0,1.0,1.0,0.9999999999902912,103,0,0,17
com_erro,xgboost,lacuna,90,80,80,113,113,21,92,21,92,18,18,0,1.0,1.0,1.0,1.0,1.0,0.9999999999891304,92,0,0,21
com_erro,xgboost,lacuna,90,85,85,106,106,21,85,21,85,17,17,0,1.0,1.0,1.0,1.0,1.0,0.9999999999882353,85,0,0,21
com_erro,xgboost,lacuna,90,90,90,100,100,20,80,20,80,17,17,0,1.0,1.0,1.0,1.0,1.0,0.9999999999875,80,0,0,20
com_erro,xgboost,lacuna,100,5,5,1795,1795,375,1420,375,1420,18,18,0,1.0,1.0,1.0,1.0,1.0,0.9999999999992958,1420,0,0,375
com_erro,xgboost,lacuna,100,10,10,898,898,186,712,186,712,18,18,0,1.0,1.0,1.0,1.0,1.0,0.9999999999985956,712,0,0,186
com_erro,xgboost,lacuna,100,15,15,599,599,126,473,126,473,18,18,0,1.0,1.0,1.0,1.0,1.0,0.9999999999978858,473,0,0,126
com_erro,xgboost,lacuna,100,20,20,449,449,92,357,92,357,18,18,0,1.0,1.0,1.0,1.0,1.0,0.9999999999971989,357,0,0,92
com_erro,xgboost,lacuna,100,25,25,359,359,75,284,75,284,18,18,0,1.0,1.0,1.0,1.0,1.0,0.9999999999964789,284,0,0,75
com_erro,xgboost,lacuna,100,30,30,300,300,62,238,62,238,18,18,0,1.0,1.0,1.0,1.0,1.0,0.9999999999957984,238,0,0,62
com_erro,xgboost,lacuna,100,35,35,257,257,55,202,55,202,18,18,0,1.0,1.0,1.0,1.0,1.0,0.9999999999950495,202,0,0,55
com_erro,xgboost,lacuna,100,40,40,225,225,46,179,46,179,18,18,0,1.0,1.0,1.0,1.0,1.0,0.9999999999944135,179,0,0,46
com_erro,xgboost,lacuna,100,45,45,200,200,43,157,43,157,18,18,0,1.0,1.0,1.0,1.0,1.0,0.9999999999936307,157,0,0,43
com_erro,xgboost,lacuna,100,50,50,180,180,37,143,37,143,18,18,0,1.0,1.0,1.0,1.0,1.0,0.999999999993007,143,0,0,37
com_erro,xgboost,lacuna,100,55,55,164,164,36,128,36,128,18,18,0,1.0,1.0,1.0,1.0,1.0,0.9999999999921876,128,0,0,36
com_erro,xgboost,lacuna,100,60,60,150,150,30,120,30,120,17,17,0,1.0,1.0,1.0,1.0,1.0,0.9999999999916667,120,0,0,30
com_erro,xgboost,lacuna,100,65,65,139,139,30,109,30,109,18,18,0,1.0,1.0,1.0,1.0,1.0,0.9999999999908257,109,0,0,30
com_erro,xgboost,lacuna,100,70,70,129,129,27,102,27,102,18,18,0,1.0,1.0,1.0,1.0,1.0,0.9999999999901961,102,0,0,27
com_erro,xgboost,lacuna,100,75,75,120,120,22,98,22,98,17,17,0,1.0,1.0,1.0,1.0,1.0,0.9999999999897958,98,0,0,22
com_erro,xgboost,lacuna,100,80,80,113,113,24,89,24,89,18,18,0,1.0,1.0,1.0,1.0,1.0,0.999999999988764,89,0,0,24
com_erro,xgboost,lacuna,100,85,85,106,106,23,83,23,83,17,17,0,1.0,1.0,1.0,1.0,1.0,0.9999999999879517,83,0,0,23
com_erro,xgboost,lacuna,100,90,90,100,100,21,79,21,79,17,17,0,1.0,1.0,1.0,1.0,1.0,0.9999999999873417,79,0,0,21
com_erro,xgboost,lacuna,100,95,95,95,95,19,76,19,76,17,17,0,1.0,1.0,1.0,1.0,1.0,0.9999999999868421,76,0,0,19
com_erro,xgboost,lacuna,100,100,100,90,90,17,73,17,73,17,17,0,1.0,1.0,1.0,1.0,1.0,0.9999999999863013,73,0,0,17
com_erro,xgboost,oscilacao,20,5,5,1811,1811,174,1637,174,1637,18,18,0,1.0,1.0,1.0,1.0,1.0,0.9999999999993892,1637,0,0,174
com_erro,xgboost,oscilacao,20,10,10,906,906,87,819,87,819,18,18,0,1.0,1.0,1.0,1.0,1.0,0.999999999998779,819,0,0,87
com_erro,xgboost,oscilacao,20,15,15,604,604,58,546,58,546,18,18,0,0.9983443708609272,0.9990842490842491,0.9830508474576272,1.0,0.9914529914529915,0.9981684981666701,545,1,0,58
com_erro,xgboost,oscilacao,20,20,20,453,453,44,409,44,409,18,19,1,0.9977924944812362,0.9987775061124695,0.9777777777777777,1.0,0.9887640449438202,0.9975550122224999,408,1,0,44
com_erro,xgboost,oscilacao,30,5,5,1809,1809,210,1599,210,1599,18,18,0,1.0,1.0,1.0,1.0,1.0,0.9999999999993746,1599,0,0,210
com_erro,xgboost,oscilacao,30,10,10,905,905,105,800,105,800,18,18,0,1.0,1.0,1.0,1.0,1.0,0.99999999999875,800,0,0,105
com_erro,xgboost,oscilacao,30,15,15,603,603,70,533,70,533,18,18,0,1.0,1.0,1.0,1.0,1.0,0.9999999999981238,533,0,0,70
com_erro,xgboost,oscilacao,30,20,20,453,453,52,401,52,401,18,18,0,1.0,1.0,1.0,1.0,1.0,0.9999999999975062,401,0,0,52
com_erro,xgboost,oscilacao,30,25,25,362,362,41,321,41,321,18,18,0,1.0,1.0,1.0,1.0,1.0,0.9999999999968847,321,0,0,41
com_erro,xgboost,oscilacao,30,30,30,302,302,35,267,35,267,18,18,0,1.0,1.0,1.0,1.0,1.0,0.9999999999962548,267,0,0,35
com_erro,xgboost,oscilacao,40,5,5,1807,1807,243,1564,243,1564,18,18,0,1.0,1.0,1.0,1.0,1.0,0.9999999999993606,1564,0,0,243
com_erro,xgboost,oscilacao,40,10,10,904,904,122,782,122,782,18,18,0,1.0,1.0,1.0,1.0,1.0,0.9999999999987212,782,0,0,122
com_erro,xgboost,oscilacao,40,15,15,603,603,82,521,82,521,18,18,0,1.0,1.0,1.0,1.0,1.0,0.9999999999980806,521,0,0,82
com_erro,xgboost,oscilacao,40,20,20,452,452,61,391,61,391,18,18,0,1.0,1.0,1.0,1.0,1.0,0.9999999999974425,391,0,0,61
com_erro,xgboost,oscilacao,40,25,25,362,362,50,312,50,312,18,18,0,1.0,1.0,1.0,1.0,1.0,0.9999999999967949,312,0,0,50
com_erro,xgboost,oscilacao,40,30,30,302,302,41,261,41,261,18,18,0,1.0,1.0,1.0,1.0,1.0,0.9999999999961686,261,0,0,41
com_erro,xgboost,oscilacao,40,35,35,259,259,35,224,35,224,18,18,0,1.0,1.0,1.0,1.0,1.0,0.9999999999955358,224,0,0,35
com_erro,xgboost,oscilacao,40,40,40,226,226,29,197,29,197,18,18,0,0.995575221238938,0.9974619289340101,0.9666666666666667,1.0,0.9830508474576272,0.99492385786297,196,1,0,29
com_erro,xgboost,oscilacao,50,5,5,1805,1805,275,1530,275,1530,18,18,0,1.0,1.0,1.0,1.0,1.0,0.9999999999993464,1530,0,0,275
com_erro,xgboost,oscilacao,50,10,10,903,903,138,765,138,765,18,18,0,1.0,1.0,1.0,1.0,1.0,0.9999999999986928,765,0,0,138
com_erro,xgboost,oscilacao,50,15,15,602,602,92,510,92,510,18,18,0,1.0,1.0,1.0,1.0,1.0,0.9999999999980392,510,0,0,92
com_erro,xgboost,oscilacao,50,20,20,452,452,69,383,69,383,18,18,0,1.0,1.0,1.0,1.0,1.0,0.9999999999973891,383,0,0,69
com_erro,xgboost,oscilacao,50,25,25,361,361,55,306,55,306,18,18,0,1.0,1.0,1.0,1.0,1.0,0.9999999999967321,306,0,0,55
com_erro,xgboost,oscilacao,50,30,30,301,301,46,255,46,255,18,18,0,1.0,1.0,1.0,1.0,1.0,0.9999999999960785,255,0,0,46
com_erro,xgboost,oscilacao,50,35,35,258,258,40,218,40,218,18,18,0,0.9961240310077519,0.9977064220183487,0.975609756097561,1.0,0.9876543209876543,0.9954128440321311,217,1,0,40
com_erro,xgboost,oscilacao,50,40,40,226,226,34,192,34,192,18,18,0,0.995575221238938,0.9973958333333333,0.9714285714285714,1.0,0.9855072463768116,0.9947916666614856,191,1,0,34
com_erro,xgboost,oscilacao,50,45,45,201,201,31,170,31,170,18,18,0,0.9950248756218906,0.9970588235294118,0.96875,1.0,0.9841269841269841,0.9941176470529759,169,1,0,31
com_erro,xgboost,oscilacao,50,50,50,181,181,28,153,28,153,18,18,0,1.0,1.0,1.0,1.0,1.0,0.9999999999934641,153,0,0,28
com_erro,xgboost,oscilacao,60,5,5,1803,1803,307,1496,307,1496,18,18,0,1.0,1.0,1.0,1.0,1.0,0.9999999999993315,1496,0,0,307
com_erro,xgboost,oscilacao,60,10,10,902,902,154,748,154,748,18,18,0,1.0,1.0,1.0,1.0,1.0,0.9999999999986631,748,0,0,154
com_erro,xgboost,oscilacao,60,15,15,601,601,103,498,103,498,18,18,0,1.0,1.0,1.0,1.0,1.0,0.9999999999979919,498,0,0,103
com_erro,xgboost,oscilacao,60,20,20,451,451,77,374,77,374,18,18,0,1.0,1.0,1.0,1.0,1.0,0.9999999999973262,374,0,0,77
com_erro,xgboost,oscilacao,60,25,25,361,361,62,299,62,299,18,18,0,1.0,1.0,1.0,1.0,1.0,0.9999999999966556,299,0,0,62
com_erro,xgboost,oscilacao,60,30,30,301,301,52,249,52,249,18,18,0,1.0,1.0,1.0,1.0,1.0,0.999999999995984,249,0,0,52
com_erro,xgboost,oscilacao,60,35,35,258,258,44,214,44,214,18,18,0,1.0,1.0,1.0,1.0,1.0,0.9999999999953272,214,0,0,44
com_erro,xgboost,oscilacao,60,40,40,226,226,39,187,39,187,18,18,0,1.0,1.0,1.0,1.0,1.0,0.9999999999946525,187,0,0,39
com_erro,xgboost,oscilacao,60,45,45,201,201,35,166,35,166,18,18,0,1.0,1.0,1.0,1.0,1.0,0.9999999999939759,166,0,0,35
com_erro,xgboost,oscilacao,60,50,50,181,181,32,149,32,149,18,18,0,1.0,1.0,1.0,1.0,1.0,0.9999999999932887,149,0,0,32
com_erro,xgboost,oscilacao,60,55,55,164,164,28,136,28,136,18,18,0,0.9939024390243902,0.9963235294117647,0.9655172413793104,1.0,0.9824561403508771,0.9926470588162306,135,1,0,28
com_erro,xgboost,oscilacao,60,60,60,151,151,27,124,27,124,18,18,0,1.0,1.0,1.0,1.0,1.0,0.9999999999919355,124,0,0,27
com_erro,xgboost,oscilacao,70,5,5,1801,1801,339,1462,339,1462,18,18,0,1.0,1.0,1.0,1.0,1.0,0.999999999999316,1462,0,0,339
com_erro,xgboost,oscilacao,70,10,10,901,901,170,731,170,731,18,18,0,1.0,1.0,1.0,1.0,1.0,0.999999999998632,731,0,0,170
com_erro,xgboost,oscilacao,70,15,15,601,601,114,487,114,487,18,18,0,1.0,1.0,1.0,1.0,1.0,0.9999999999979466,487,0,0,114
com_erro,xgboost,oscilacao,70,20,20,451,451,85,366,85,366,18,18,0,1.0,1.0,1.0,1.0,1.0,0.9999999999972677,366,0,0,85
com_erro,xgboost,oscilacao,70,25,25,361,361,69,292,69,292,18,18,0,1.0,1.0,1.0,1.0,1.0,0.9999999999965754,292,0,0,69
com_erro,xgboost,oscilacao,70,30,30,301,301,57,244,57,244,18,18,0,1.0,1.0,1.0,1.0,1.0,0.9999999999959017,244,0,0,57
com_erro,xgboost,oscilacao,70,35,35,258,258,48,210,48,210,18,18,0,0.9961240310077519,0.9976190476190476,0.9795918367346939,1.0,0.9896907216494846,0.995238095233356,209,1,0,48
com_erro,xgboost,oscilacao,70,40,40,226,226,42,184,42,184,18,18,0,1.0,1.0,1.0,1.0,1.0,0.9999999999945652,184,0,0,42
com_erro,xgboost,oscilacao,70,45,45,201,201,39,162,39,162,18,18,0,1.0,1.0,1.0,1.0,1.0,0.9999999999938273,162,0,0,39
com_erro,xgboost,oscilacao,70,50,50,181,181,35,146,35,146,18,18,0,1.0,1.0,1.0,1.0,1.0,0.9999999999931508,146,0,0,35
com_erro,xgboost,oscilacao,70,55,55,164,164,32,132,32,132,18,18,0,0.9939024390243902,0.9962121212121212,0.9696969696969697,1.0,0.9846153846153847,0.9924242424167241,131,1,0,32
com_erro,xgboost,oscilacao,70,60,60,151,151,29,122,29,122,18,18,0,0.9933774834437086,0.9959016393442623,0.9666666666666667,1.0,0.9830508474576272,0.991803278680395,121,1,0,29
com_erro,xgboost,oscilacao,70,65,65,139,139,26,113,26,113,18,18,0,0.9928057553956835,0.995575221238938,0.9629629629629629,1.0,0.9811320754716981,0.9911504424691049,112,1,0,26
com_erro,xgboost,oscilacao,70,70,70,129,129,24,105,24,105,18,18,0,0.9922480620155039,0.9952380952380953,0.96,1.0,0.9795918367346939,0.9904761904667574,104,1,0,24
com_erro,xgboost,oscilacao,80,5,5,1799,1799,371,1428,371,1428,18,18,0,1.0,1.0,1.0,1.0,1.0,0.9999999999992998,1428,0,0,371
com_erro,xgboost,oscilacao,80,10,10,900,900,186,714,186,714,18,18,0,1.0,1.0,1.0,1.0,1.0,0.9999999999985995,714,0,0,186
com_erro,xgboost,oscilacao,80,15,15,600,600,124,476,124,476,18,18,0,1.0,1.0,1.0,1.0,1.0,0.9999999999978992,476,0,0,124
com_erro,xgboost,oscilacao,80,20,20,450,450,93,357,93,357,18,18,0,1.0,1.0,1.0,1.0,1.0,0.9999999999971989,357,0,0,93
com_erro,xgboost,oscilacao,80,25,25,360,360,74,286,74,286,18,18,0,1.0,1.0,1.0,1.0,1.0,0.9999999999965036,286,0,0,74
com_erro,xgboost,oscilacao,80,30,30,300,300,62,238,62,238,18,18,0,1.0,1.0,1.0,1.0,1.0,0.9999999999957984,238,0,0,62
com_erro,xgboost,oscilacao,80,35,35,257,257,53,204,53,204,18,18,0,0.9961089494163424,0.9975490196078431,0.9814814814814815,1.0,0.9906542056074766,0.9950980392108084,203,1,0,53
com_erro,xgboost,oscilacao,80,40,40,225,225,45,180,45,180,18,18,0,0.9955555555555555,0.9972222222222222,0.9782608695652174,1.0,0.989010989010989,0.9944444444389198,179,1,0,45
com_erro,xgboost,oscilacao,80,45,45,200,200,41,159,41,159,18,18,0,0.995,0.9968553459119497,0.9761904761904762,1.0,0.9879518072289156,0.9937106918176497,158,1,0,41
com_erro,xgboost,oscilacao,80,50,50,180,180,38,142,38,142,18,18,0,1.0,1.0,1.0,1.0,1.0,0.9999999999929579,142,0,0,38
com_erro,xgboost,oscilacao,80,55,55,164,164,35,129,35,129,18,18,0,0.9939024390243902,0.9961240310077519,0.9722222222222222,1.0,0.9859154929577465,0.9922480620078121,128,1,0,35
com_erro,xgboost,oscilacao,80,60,60,150,150,31,119,31,119,18,18,0,0.9933333333333333,0.9957983193277311,0.96875,1.0,0.9841269841269841,0.9915966386471294,118,1,0,31
com_erro,xgboost,oscilacao,80,65,65,139,139,28,111,28,111,18,18,0,0.9928057553956835,0.9954954954954955,0.9655172413793104,1.0,0.9824561403508771,0.9909909909820631,110,1,0,28
com_erro,xgboost,oscilacao,80,70,70,129,129,27,102,27,102,18,18,0,1.0,1.0,1.0,1.0,1.0,0.9999999999901961,102,0,0,27
com_erro,xgboost,oscilacao,80,75,75,120,120,27,93,27,93,17,17,0,1.0,1.0,1.0,1.0,1.0,0.9999999999892473,93,0,0,27
com_erro,xgboost,oscilacao,80,80,80,113,113,22,91,22,91,18,18,0,1.0,1.0,1.0,1.0,1.0,0.9999999999890109,91,0,0,22
com_erro,xgboost,oscilacao,90,5,5,1797,1797,403,1394,403,1394,18,18,0,1.0,1.0,1.0,1.0,1.0,0.9999999999992827,1394,0,0,403
com_erro,xgboost,oscilacao,90,10,10,899,899,202,697,202,697,18,18,0,1.0,1.0,1.0,1.0,1.0,0.9999999999985653,697,0,0,202
com_erro,xgboost,oscilacao,90,15,15,599,599,135,464,135,464,18,18,0,1.0,1.0,1.0,1.0,1.0,0.9999999999978448,464,0,0,135
com_erro,xgboost,oscilacao,90,20,20,450,450,101,349,101,349,18,18,0,1.0,1.0,1.0,1.0,1.0,0.9999999999971347,349,0,0,101
com_erro,xgboost,oscilacao,90,25,25,360,360,82,278,82,278,18,18,0,1.0,1.0,1.0,1.0,1.0,0.9999999999964029,278,0,0,82
com_erro,xgboost,oscilacao,90,30,30,300,300,68,232,68,232,18,18,0,1.0,1.0,1.0,1.0,1.0,0.9999999999956897,232,0,0,68
com_erro,xgboost,oscilacao,90,35,35,257,257,59,198,59,198,18,18,0,1.0,1.0,1.0,1.0,1.0,0.9999999999949496,198,0,0,59
com_erro,xgboost,oscilacao,90,40,40,225,225,50,175,50,175,18,18,0,1.0,1.0,1.0,1.0,1.0,0.9999999999942858,175,0,0,50
com_erro,xgboost,oscilacao,90,45,45,200,200,45,155,45,155,18,18,0,0.995,0.9967741935483871,0.9782608695652174,1.0,0.989010989010989,0.9935483870903643,154,1,0,45
com_erro,xgboost,oscilacao,90,50,50,180,180,41,139,41,139,18,18,0,1.0,1.0,1.0,1.0,1.0,0.9999999999928059,139,0,0,41
com_erro,xgboost,oscilacao,90,55,55,164,164,37,127,37,127,18,18,0,0.9939024390243902,0.9960629921259843,0.9736842105263158,1.0,0.9866666666666667,0.9921259842441564,126,1,0,37
com_erro,xgboost,oscilacao,90,60,60,150,150,34,116,34,116,18,18,0,0.9933333333333333,0.9956896551724138,0.9714285714285714,1.0,0.9855072463768116,0.9913793103362811,115,1,0,34
com_erro,xgboost,oscilacao,90,65,65,139,139,31,108,31,108,18,18,0,0.9928057553956835,0.9953703703703703,0.96875,1.0,0.9841269841269841,0.9907407407315671,107,1,0,31
com_erro,xgboost,oscilacao,90,70,70,129,129,30,99,30,99,18,18,0,1.0,1.0,1.0,1.0,1.0,0.999999999989899,99,0,0,30
com_erro,xgboost,oscilacao,90,75,75,120,120,30,90,30,90,18,18,0,1.0,1.0,1.0,1.0,1.0,0.9999999999888889,90,0,0,30
com_erro,xgboost,oscilacao,90,80,80,113,113,25,88,25,88,18,18,0,0.9911504424778761,0.9943181818181819,0.9615384615384616,1.0,0.9803921568627451,0.9886363636251291,87,1,0,25
com_erro,xgboost,oscilacao,90,85,85,106,106,24,82,24,82,18,18,0,1.0,1.0,1.0,1.0,1.0,0.9999999999878049,82,0,0,24
com_erro,xgboost,oscilacao,90,90,90,100,100,22,78,22,78,17,17,0,1.0,1.0,1.0,1.0,1.0,0.9999999999871795,78,0,0,22
com_erro,xgboost,oscilacao,100,5,5,1795,1795,435,1360,435,1360,18,18,0,1.0,1.0,1.0,1.0,1.0,0.9999999999992647,1360,0,0,435
com_erro,xgboost,oscilacao,100,10,10,898,898,218,680,218,680,18,18,0,1.0,1.0,1.0,1.0,1.0,0.9999999999985294,680,0,0,218
com_erro,xgboost,oscilacao,100,15,15,599,599,146,453,146,453,18,18,0,1.0,1.0,1.0,1.0,1.0,0.9999999999977925,453,0,0,146
com_erro,xgboost,oscilacao,100,20,20,449,449,109,340,109,340,18,18,0,1.0,1.0,1.0,1.0,1.0,0.9999999999970589,340,0,0,109
com_erro,xgboost,oscilacao,100,25,25,359,359,87,272,87,272,18,18,0,1.0,1.0,1.0,1.0,1.0,0.9999999999963236,272,0,0,87
com_erro,xgboost,oscilacao,100,30,30,300,300,73,227,73,227,18,18,0,1.0,1.0,1.0,1.0,1.0,0.9999999999955947,227,0,0,73
com_erro,xgboost,oscilacao,100,35,35,257,257,62,195,62,195,18,18,0,0.9961089494163424,0.9974358974358974,0.9841269841269841,1.0,0.992,0.994871794866693,194,1,0,62
com_erro,xgboost,oscilacao,100,40,40,225,225,55,170,55,170,18,18,0,1.0,1.0,1.0,1.0,1.0,0.9999999999941177,170,0,0,55
com_erro,xgboost,oscilacao,100,45,45,200,200,49,151,49,151,18,18,0,0.995,0.9966887417218543,0.98,1.0,0.98989898989899,0.9933774834371301,150,1,0,49
com_erro,xgboost,oscilacao,100,50,50,180,180,44,136,44,136,18,18,0,1.0,1.0,1.0,1.0,1.0,0.9999999999926471,136,0,0,44
com_erro,xgboost,oscilacao,100,55,55,164,164,40,124,40,124,18,18,0,0.9939024390243902,0.9959677419354839,0.975609756097561,1.0,0.9876543209876543,0.9919354838629683,123,1,0,40
com_erro,xgboost,oscilacao,100,60,60,150,150,37,113,37,113,18,18,0,0.9933333333333333,0.995575221238938,0.9736842105263158,1.0,0.9866666666666667,0.9911504424691049,112,1,0,37
com_erro,xgboost,oscilacao,100,65,65,139,139,34,105,34,105,18,18,0,1.0,1.0,1.0,1.0,1.0,0.9999999999904762,105,0,0,34
com_erro,xgboost,oscilacao,100,70,70,129,129,31,98,31,98,18,18,0,1.0,1.0,1.0,1.0,1.0,0.9999999999897958,98,0,0,31
com_erro,xgboost,oscilacao,100,75,75,120,120,30,90,30,90,18,18,0,1.0,1.0,1.0,1.0,1.0,0.9999999999888889,90,0,0,30
com_erro,xgboost,oscilacao,100,80,80,113,113,28,85,28,85,18,18,0,1.0,1.0,1.0,1.0,1.0,0.9999999999882353,85,0,0,28
com_erro,xgboost,oscilacao,100,85,85,106,106,26,80,26,80,18,18,0,1.0,1.0,1.0,1.0,1.0,0.9999999999875,80,0,0,26
com_erro,xgboost,oscilacao,100,90,90,100,100,24,76,24,76,17,17,0,0.99,0.993421052631579,0.96,1.0,0.9795918367346939,0.9868421052501731,75,1,0,24
com_erro,xgboost,oscilacao,100,95,95,95,95,23,72,23,72,18,18,0,1.0,1.0,1.0,1.0,1.0,0.9999999999861111,72,0,0,23
com_erro,xgboost,oscilacao,100,100,100,90,90,22,68,22,68,17,17,0,1.0,1.0,1.0,1.0,1.0,0.9999999999852941,68,0,0,22
com_erro,xgboost,queda,20,5,5,1811,1811,104,1707,104,1707,18,18,0,1.0,1.0,1.0,1.0,1.0,0.9999999999994141,1707,0,0,104
com_erro,xgboost,queda,20,10,10,906,906,53,853,53,853,18,18,0,1.0,1.0,1.0,1.0,1.0,0.9999999999988277,853,0,0,53
com_erro,xgboost,queda,20,15,15,604,604,35,569,35,569,18,18,0,1.0,1.0,1.0,1.0,1.0,0.9999999999982425,569,0,0,35
com_erro,xgboost,queda,20,20,20,453,453,26,427,26,427,18,18,0,1.0,1.0,1.0,1.0,1.0,0.9999999999976581,427,0,0,26
com_erro,xgboost,queda,30,5,5,1809,1809,136,1673,136,1673,18,18,0,0.9994472084024323,0.9997011356843992,0.9927007299270073,1.0,0.9963369963369964,0.9994022713682011,1672,1,0,136
com_erro,xgboost,queda,30,10,10,905,905,69,836,69,836,18,18,0,1.0,1.0,1.0,1.0,1.0,0.9999999999988038,836,0,0,69
com_erro,xgboost,queda,30,15,15,603,603,47,556,47,556,18,18,0,1.0,1.0,1.0,1.0,1.0,0.9999999999982014,556,0,0,47
com_erro,xgboost,queda,30,20,20,453,453,34,419,34,419,18,18,0,1.0,1.0,1.0,1.0,1.0,0.9999999999976134,419,0,0,34
com_erro,xgboost,queda,30,25,25,362,362,27,335,27,335,17,17,0,1.0,1.0,1.0,1.0,1.0,0.9999999999970149,335,0,0,27
com_erro,xgboost,queda,30,30,30,302,302,25,277,25,277,18,18,0,1.0,1.0,1.0,1.0,1.0,0.9999999999963899,277,0,0,25
com_erro,xgboost,queda,40,5,5,1807,1807,168,1639,168,1639,18,18,0,1.0,1.0,1.0,1.0,1.0,0.9999999999993899,1639,0,0,168
com_erro,xgboost,queda,40,10,10,904,904,85,819,85,819,18,18,0,1.0,1.0,1.0,1.0,1.0,0.999999999998779,819,0,0,85
com_erro,xgboost,queda,40,15,15,603,603,59,544,59,544,18,18,0,1.0,1.0,1.0,1.0,1.0,0.9999999999981618,544,0,0,59
com_erro,xgboost,queda,40,20,20,452,452,42,410,42,410,18,18,0,1.0,1.0,1.0,1.0,1.0,0.999999999997561,410,0,0,42
com_erro,xgboost,queda,40,25,25,362,362,34,328,34,328,18,18,0,1.0,1.0,1.0,1.0,1.0,0.9999999999969512,328,0,0,34
com_erro,xgboost,queda,40,30,30,302,302,32,270,32,270,18,18,0,1.0,1.0,1.0,1.0,1.0,0.9999999999962963,270,0,0,32
com_erro,xgboost,queda,40,35,35,259,259,18,241,18,241,18,18,0,1.0,1.0,1.0,1.0,1.0,0.9999999999958507,241,0,0,18
com_erro,xgboost,queda,40,40,40,226,226,20,206,20,206,17,17,0,1.0,1.0,1.0,1.0,1.0,0.9999999999951457,206,0,0,20
com_erro,xgboost,queda,50,5,5,1805,1805,200,1605,200,1605,18,18,0,1.0,1.0,1.0,1.0,1.0,0.9999999999993769,1605,0,0,200
com_erro,xgboost,queda,50,10,10,903,903,101,802,101,802,18,18,0,1.0,1.0,1.0,1.0,1.0,0.9999999999987531,802,0,0,101
com_erro,xgboost,queda,50,15,15,602,602,67,535,67,535,18,18,0,1.0,1.0,1.0,1.0,1.0,0.9999999999981308,535,0,0,67
com_erro,xgboost,queda,50,20,20,452,452,50,402,50,402,18,18,0,1.0,1.0,1.0,1.0,1.0,0.9999999999975124,402,0,0,50
com_erro,xgboost,queda,50,25,25,361,361,40,321,40,321,17,17,0,1.0,1.0,1.0,1.0,1.0,0.9999999999968847,321,0,0,40
com_erro,xgboost,queda,50,30,30,301,301,33,268,33,268,17,17,0,1.0,1.0,1.0,1.0,1.0,0.9999999999962687,268,0,0,33
com_erro,xgboost,queda,50,35,35,258,258,25,233,25,233,17,17,0,1.0,1.0,1.0,1.0,1.0,0.9999999999957082,233,0,0,25
com_erro,xgboost,queda,50,40,40,226,226,25,201,25,201,17,17,0,1.0,1.0,1.0,1.0,1.0,0.999999999995025,201,0,0,25
com_erro,xgboost,queda,50,45,45,201,201,25,176,25,176,17,17,0,1.0,1.0,1.0,1.0,1.0,0.9999999999943182,176,0,0,25
com_erro,xgboost,queda,50,50,50,181,181,19,162,19,162,17,17,0,1.0,1.0,1.0,1.0,1.0,0.9999999999938273,162,0,0,19
com_erro,xgboost,queda,60,5,5,1803,1803,232,1571,232,1571,18,18,0,1.0,1.0,1.0,1.0,1.0,0.9999999999993635,1571,0,0,232
com_erro,xgboost,queda,60,10,10,902,902,117,785,117,785,18,18,0,1.0,1.0,1.0,1.0,1.0,0.9999999999987261,785,0,0,117
com_erro,xgboost,queda,60,15,15,601,601,79,522,79,522,18,18,0,1.0,1.0,1.0,1.0,1.0,0.9999999999980843,522,0,0,79
com_erro,xgboost,queda,60,20,20,451,451,58,393,58,393,18,18,0,1.0,1.0,1.0,1.0,1.0,0.9999999999974555,393,0,0,58
com_erro,xgboost,queda,60,25,25,361,361,47,314,47,314,18,18,0,1.0,1.0,1.0,1.0,1.0,0.9999999999968153,314,0,0,47
com_erro,xgboost,queda,60,30,30,301,301,41,260,41,260,18,18,0,1.0,1.0,1.0,1.0,1.0,0.9999999999961539,260,0,0,41
com_erro,xgboost,queda,60,35,35,258,258,33,225,33,225,17,17,0,1.0,1.0,1.0,1.0,1.0,0.9999999999955556,225,0,0,33
com_erro,xgboost,queda,60,40,40,226,226,31,195,31,195,18,18,0,1.0,1.0,1.0,1.0,1.0,0.9999999999948719,195,0,0,31
com_erro,xgboost,queda,60,45,45,201,201,29,172,29,172,18,18,0,1.0,1.0,1.0,1.0,1.0,0.9999999999941861,172,0,0,29
com_erro,xgboost,queda,60,50,50,181,181,24,157,24,157,18,18,0,1.0,1.0,1.0,1.0,1.0,0.9999999999936307,157,0,0,24
com_erro,xgboost,queda,60,55,55,164,164,23,141,23,141,17,17,0,1.0,1.0,1.0,1.0,1.0,0.9999999999929079,141,0,0,23
com_erro,xgboost,queda,60,60,60,151,151,21,130,21,130,18,18,0,1.0,1.0,1.0,1.0,1.0,0.9999999999923078,130,0,0,21
com_erro,xgboost,queda,70,5,5,1801,1801,264,1537,264,1537,18,18,0,1.0,1.0,1.0,1.0,1.0,0.9999999999993494,1537,0,0,264
com_erro,xgboost,queda,70,10,10,901,901,133,768,133,768,18,18,0,1.0,1.0,1.0,1.0,1.0,0.9999999999986979,768,0,0,133
com_erro,xgboost,queda,70,15,15,601,601,91,510,91,510,18,18,0,1.0,1.0,1.0,1.0,1.0,0.9999999999980392,510,0,0,91
com_erro,xgboost,queda,70,20,20,451,451,66,385,66,385,18,18,0,1.0,1.0,1.0,1.0,1.0,0.9999999999974026,385,0,0,66
com_erro,xgboost,queda,70,25,25,361,361,54,307,54,307,18,18,0,1.0,1.0,1.0,1.0,1.0,0.9999999999967427,307,0,0,54
com_erro,xgboost,queda,70,30,30,301,301,48,253,48,253,18,18,0,1.0,1.0,1.0,1.0,1.0,0.9999999999960475,253,0,0,48
com_erro,xgboost,queda,70,35,35,258,258,34,224,34,224,18,18,0,1.0,1.0,1.0,1.0,1.0,0.9999999999955358,224,0,0,34
com_erro,xgboost,queda,70,40,40,226,226,34,192,34,192,18,18,0,1.0,1.0,1.0,1.0,1.0,0.9999999999947917,192,0,0,34
com_erro,xgboost,queda,70,45,45,201,201,33,168,33,168,18,18,0,1.0,1.0,1.0,1.0,1.0,0.9999999999940477,168,0,0,33
com_erro,xgboost,queda,70,50,50,181,181,26,155,26,155,18,18,0,1.0,1.0,1.0,1.0,1.0,0.9999999999935485,155,0,0,26
com_erro,xgboost,queda,70,55,55,164,164,25,139,25,139,17,17,0,1.0,1.0,1.0,1.0,1.0,0.9999999999928059,139,0,0,25
com_erro,xgboost,queda,70,60,60,151,151,24,127,24,127,18,18,0,1.0,1.0,1.0,1.0,1.0,0.999999999992126,127,0,0,24
com_erro,xgboost,queda,70,65,65,139,139,19,120,19,120,17,17,0,1.0,1.0,1.0,1.0,1.0,0.9999999999916667,120,0,0,19
com_erro,xgboost,queda,70,70,70,129,129,17,112,17,112,17,17,0,1.0,1.0,1.0,1.0,1.0,0.9999999999910714,112,0,0,17
com_erro,xgboost,queda,80,5,5,1799,1799,296,1503,296,1503,18,18,0,0.9994441356309061,0.9996673320026613,0.9966329966329966,1.0,0.9983136593591906,0.9993346640046578,1502,1,0,296
com_erro,xgboost,queda,80,10,10,900,900,149,751,149,751,18,18,0,1.0,1.0,1.0,1.0,1.0,0.9999999999986685,751,0,0,149
com_erro,xgboost,queda,80,15,15,600,600,99,501,99,501,18,18,0,1.0,1.0,1.0,1.0,1.0,0.999999999998004,501,0,0,99
com_erro,xgboost,queda,80,20,20,450,450,74,376,74,376,18,18,0,1.0,1.0,1.0,1.0,1.0,0.9999999999973405,376,0,0,74
com_erro,xgboost,queda,80,25,25,360,360,59,301,59,301,17,17,0,1.0,1.0,1.0,1.0,1.0,0.9999999999966778,301,0,0,59
com_erro,xgboost,queda,80,30,30,300,300,49,251,49,251,17,17,0,1.0,1.0,1.0,1.0,1.0,0.999999999996016,251,0,0,49
com_erro,xgboost,queda,80,35,35,257,257,36,221,36,221,17,17,0,1.0,1.0,1.0,1.0,1.0,0.9999999999954752,221,0,0,36
com_erro,xgboost,queda,80,40,40,225,225,36,189,36,189,17,17,0,1.0,1.0,1.0,1.0,1.0,0.999999999994709,189,0,0,36
com_erro,xgboost,queda,80,45,45,200,200,34,166,34,166,17,17,0,1.0,1.0,1.0,1.0,1.0,0.9999999999939759,166,0,0,34
com_erro,xgboost,queda,80,50,50,180,180,29,151,29,151,17,17,0,1.0,1.0,1.0,1.0,1.0,0.9999999999933775,151,0,0,29
com_erro,xgboost,queda,80,55,55,164,164,27,137,27,137,17,17,0,1.0,1.0,1.0,1.0,1.0,0.9999999999927008,137,0,0,27
com_erro,xgboost,queda,80,60,60,150,150,24,126,24,126,17,17,0,1.0,1.0,1.0,1.0,1.0,0.9999999999920635,126,0,0,24
com_erro,xgboost,queda,80,65,65,139,139,22,117,22,117,17,17,0,1.0,1.0,1.0,1.0,1.0,0.999999999991453,117,0,0,22
com_erro,xgboost,queda,80,70,70,129,129,19,110,19,110,17,17,0,1.0,1.0,1.0,1.0,1.0,0.999999999990909,110,0,0,19
com_erro,xgboost,queda,80,75,75,120,120,17,103,17,103,17,17,0,1.0,1.0,1.0,1.0,1.0,0.9999999999902912,103,0,0,17
com_erro,xgboost,queda,80,80,80,113,113,18,95,18,95,17,17,0,1.0,1.0,1.0,1.0,1.0,0.9999999999894736,95,0,0,18
com_erro,xgboost,queda,90,5,5,1797,1797,328,1469,328,1469,18,18,0,1.0,1.0,1.0,1.0,1.0,0.9999999999993193,1469,0,0,328
com_erro,xgboost,queda,90,10,10,899,899,165,734,165,734,18,18,0,1.0,1.0,1.0,1.0,1.0,0.9999999999986376,734,0,0,165
com_erro,xgboost,queda,90,15,15,599,599,111,488,111,488,18,18,0,1.0,1.0,1.0,1.0,1.0,0.9999999999979509,488,0,0,111
com_erro,xgboost,queda,90,20,20,450,450,82,368,82,368,18,18,0,1.0,1.0,1.0,1.0,1.0,0.9999999999972826,368,0,0,82
com_erro,xgboost,queda,90,25,25,360,360,66,294,66,294,18,18,0,1.0,1.0,1.0,1.0,1.0,0.9999999999965987,294,0,0,66
com_erro,xgboost,queda,90,30,30,300,300,57,243,57,243,18,18,0,1.0,1.0,1.0,1.0,1.0,0.9999999999958848,243,0,0,57
com_erro,xgboost,queda,90,35,35,257,257,46,211,46,211,17,17,0,1.0,1.0,1.0,1.0,1.0,0.9999999999952607,211,0,0,46
com_erro,xgboost,queda,90,40,40,225,225,41,184,41,184,17,17,0,1.0,1.0,1.0,1.0,1.0,0.9999999999945652,184,0,0,41
com_erro,xgboost,queda,90,45,45,200,200,38,162,38,162,17,17,0,1.0,1.0,1.0,1.0,1.0,0.9999999999938273,162,0,0,38
com_erro,xgboost,queda,90,50,50,180,180,33,147,33,147,17,17,0,1.0,1.0,1.0,1.0,1.0,0.9999999999931973,147,0,0,33
com_erro,xgboost,queda,90,55,55,164,164,29,135,29,135,17,17,0,1.0,1.0,1.0,1.0,1.0,0.9999999999925927,135,0,0,29
com_erro,xgboost,queda,90,60,60,150,150,28,122,28,122,17,17,0,1.0,1.0,1.0,1.0,1.0,0.9999999999918032,122,0,0,28
com_erro,xgboost,queda,90,65,65,139,139,24,115,24,115,18,18,0,1.0,1.0,1.0,1.0,1.0,0.9999999999913043,115,0,0,24
com_erro,xgboost,queda,90,70,70,129,129,23,106,23,106,17,17,0,1.0,1.0,1.0,1.0,1.0,0.999999999990566,106,0,0,23
com_erro,xgboost,queda,90,75,75,120,120,22,98,22,98,17,17,0,1.0,1.0,1.0,1.0,1.0,0.9999999999897958,98,0,0,22
com_erro,xgboost,queda,90,80,80,113,113,20,93,20,93,17,17,0,1.0,1.0,1.0,1.0,1.0,0.9999999999892473,93,0,0,20
com_erro,xgboost,queda,90,85,85,106,106,19,87,19,87,17,17,0,1.0,1.0,1.0,1.0,1.0,0.9999999999885058,87,0,0,19
com_erro,xgboost,queda,90,90,90,100,100,20,80,20,80,17,17,0,1.0,1.0,1.0,1.0,1.0,0.9999999999875,80,0,0,20
com_erro,xgboost,queda,100,5,5,1795,1795,360,1435,360,1435,18,18,0,1.0,1.0,1.0,1.0,1.0,0.9999999999993031,1435,0,0,360
com_erro,xgboost,queda,100,10,10,898,898,181,717,181,717,18,18,0,1.0,1.0,1.0,1.0,1.0,0.9999999999986053,717,0,0,181
com_erro,xgboost,queda,100,15,15,599,599,123,476,123,476,18,18,0,1.0,1.0,1.0,1.0,1.0,0.9999999999978992,476,0,0,123
com_erro,xgboost,queda,100,20,20,449,449,90,359,90,359,18,18,0,1.0,1.0,1.0,1.0,1.0,0.9999999999972146,359,0,0,90
com_erro,xgboost,queda,100,25,25,359,359,72,287,72,287,17,17,0,1.0,1.0,1.0,1.0,1.0,0.9999999999965157,287,0,0,72
com_erro,xgboost,queda,100,30,30,300,300,64,236,64,236,18,18,0,1.0,1.0,1.0,1.0,1.0,0.9999999999957627,236,0,0,64
com_erro,xgboost,queda,100,35,35,257,257,50,207,50,207,18,18,0,1.0,1.0,1.0,1.0,1.0,0.9999999999951691,207,0,0,50
com_erro,xgboost,queda,100,40,40,225,225,47,178,47,178,18,18,0,1.0,1.0,1.0,1.0,1.0,0.999999999994382,178,0,0,47
com_erro,xgboost,queda,100,45,45,200,200,41,159,41,159,17,17,0,1.0,1.0,1.0,1.0,1.0,0.9999999999937108,159,0,0,41
com_erro,xgboost,queda,100,50,50,180,180,35,145,35,145,17,17,0,1.0,1.0,1.0,1.0,1.0,0.9999999999931035,145,0,0,35
com_erro,xgboost,queda,100,55,55,164,164,34,130,34,130,18,18,0,1.0,1.0,1.0,1.0,1.0,0.9999999999923078,130,0,0,34
com_erro,xgboost,queda,100,60,60,150,150,32,118,32,118,17,17,0,1.0,1.0,1.0,1.0,1.0,0.9999999999915254,118,0,0,32
com_erro,xgboost,queda,100,65,65,139,139,26,113,26,113,18,18,0,1.0,1.0,1.0,1.0,1.0,0.9999999999911504,113,0,0,26
com_erro,xgboost,queda,100,70,70,129,129,26,103,26,103,18,18,0,1.0,1.0,1.0,1.0,1.0,0.9999999999902912,103,0,0,26
com_erro,xgboost,queda,100,75,75,120,120,25,95,25,95,17,17,0,1.0,1.0,1.0,1.0,1.0,0.9999999999894736,95,0,0,25
com_erro,xgboost,queda,100,80,80,113,113,23,90,23,90,18,18,0,1.0,1.0,1.0,1.0,1.0,0.9999999999888889,90,0,0,23
com_erro,xgboost,queda,100,85,85,106,106,22,84,22,84,17,17,0,1.0,1.0,1.0,1.0,1.0,0.9999999999880952,84,0,0,22
com_erro,xgboost,queda,100,90,90,100,100,22,78,22,78,17,17,0,1.0,1.0,1.0,1.0,1.0,0.9999999999871795,78,0,0,22
com_erro,xgboost,queda,100,95,95,95,95,18,77,18,77,17,17,0,1.0,1.0,1.0,1.0,1.0,0.9999999999870129,77,0,0,18
com_erro,xgboost,queda,100,100,100,90,90,17,73,17,73,17,17,0,1.0,1.0,1.0,1.0,1.0,0.9999999999863013,73,0,0,17
