teste,modelo,falha,janela,passo_cfg,passo_real,amostras_treino,amostras_teste,positivos_treino,negativos_treino,positivos_teste,negativos_teste,eventos_reais_teste,eventos_detectados,diferenca_eventos,accuracy,balanced_accuracy,precision_pos,recall_pos,f1_pos,specificity,tn,fp,fn,tp
sem_erro,catboost,lacuna,20,5,5,947,947,279,668,0,947,0,0,0,1.0,1.0,0.0,0.0,0.0,0.9999999999989441,947,0,0,0
sem_erro,catboost,lacuna,20,10,10,474,474,141,333,0,474,0,0,0,1.0,1.0,0.0,0.0,0.0,0.9999999999978904,474,0,0,0
sem_erro,catboost,lacuna,20,15,15,316,316,94,222,0,316,0,0,0,1.0,1.0,0.0,0.0,0.0,0.9999999999968355,316,0,0,0
sem_erro,catboost,lacuna,20,20,20,237,237,68,169,0,237,0,0,0,1.0,1.0,0.0,0.0,0.0,0.9999999999957806,237,0,0,0
sem_erro,catboost,lacuna,30,5,5,945,945,317,628,0,945,0,0,0,1.0,1.0,0.0,0.0,0.0,0.9999999999989418,945,0,0,0
sem_erro,catboost,lacuna,30,10,10,473,473,160,313,0,473,0,0,0,1.0,1.0,0.0,0.0,0.0,0.9999999999978858,473,0,0,0
sem_erro,catboost,lacuna,30,15,15,315,315,105,210,0,315,0,0,0,1.0,1.0,0.0,0.0,0.0,0.9999999999968254,315,0,0,0
sem_erro,catboost,lacuna,30,20,20,237,237,80,157,0,237,0,0,0,1.0,1.0,0.0,0.0,0.0,0.9999999999957806,237,0,0,0
sem_erro,catboost,lacuna,30,25,25,189,189,65,124,0,189,0,0,0,1.0,1.0,0.0,0.0,0.0,0.999999999994709,189,0,0,0
sem_erro,catboost,lacuna,30,30,30,158,158,52,106,0,158,0,0,0,1.0,1.0,0.0,0.0,0.0,0.999999999993671,158,0,0,0
sem_erro,catboost,lacuna,40,5,5,943,943,353,590,0,943,0,0,0,1.0,1.0,0.0,0.0,0.0,0.9999999999989395,943,0,0,0
sem_erro,catboost,lacuna,40,10,10,472,472,178,294,0,472,0,0,0,1.0,1.0,0.0,0.0,0.0,0.9999999999978814,472,0,0,0
sem_erro,catboost,lacuna,40,15,15,315,315,121,194,0,315,0,0,0,1.0,1.0,0.0,0.0,0.0,0.9999999999968254,315,0,0,0
sem_erro,catboost,lacuna,40,20,20,236,236,87,149,0,236,0,0,0,1.0,1.0,0.0,0.0,0.0,0.9999999999957627,236,0,0,0
sem_erro,catboost,lacuna,40,25,25,189,189,70,119,0,189,0,0,0,1.0,1.0,0.0,0.0,0.0,0.999999999994709,189,0,0,0
sem_erro,catboost,lacuna,40,30,30,158,158,61,97,0,158,0,0,0,1.0,1.0,0.0,0.0,0.0,0.999999999993671,158,0,0,0
sem_erro,catboost,lacuna,40,35,35,135,135,51,84,0,135,0,0,0,1.0,1.0,0.0,0.0,0.0,0.9999999999925927,135,0,0,0
sem_erro,catboost,lacuna,40,40,40,118,118,46,72,0,118,0,0,0,1.0,1.0,0.0,0.0,0.0,0.9999999999915254,118,0,0,0
sem_erro,catboost,lacuna,50,5,5,941,941,385,556,0,941,0,0,0,1.0,1.0,0.0,0.0,0.0,0.9999999999989373,941,0,0,0
sem_erro,catboost,lacuna,50,10,10,471,471,194,277,0,471,0,0,0,1.0,1.0,0.0,0.0,0.0,0.9999999999978769,471,0,0,0
sem_erro,catboost,lacuna,50,15,15,314,314,130,184,0,314,0,0,0,1.0,1.0,0.0,0.0,0.0,0.9999999999968153,314,0,0,0
sem_erro,catboost,lacuna,50,20,20,236,236,98,138,0,236,0,0,0,1.0,1.0,0.0,0.0,0.0,0.9999999999957627,236,0,0,0
sem_erro,catboost,lacuna,50,25,25,189,189,77,112,0,189,0,0,0,1.0,1.0,0.0,0.0,0.0,0.999999999994709,189,0,0,0
sem_erro,catboost,lacuna,50,30,30,157,157,64,93,0,157,0,0,0,1.0,1.0,0.0,0.0,0.0,0.9999999999936307,157,0,0,0
sem_erro,catboost,lacuna,50,35,35,135,135,55,80,0,135,0,0,0,1.0,1.0,0.0,0.0,0.0,0.9999999999925927,135,0,0,0
sem_erro,catboost,lacuna,50,40,40,118,118,50,68,0,118,0,0,0,1.0,1.0,0.0,0.0,0.0,0.9999999999915254,118,0,0,0
sem_erro,catboost,lacuna,50,45,45,105,105,45,60,0,105,0,0,0,1.0,1.0,0.0,0.0,0.0,0.9999999999904762,105,0,0,0
sem_erro,catboost,lacuna,50,50,50,95,95,38,57,0,95,0,0,0,1.0,1.0,0.0,0.0,0.0,0.9999999999894736,95,0,0,0
sem_erro,catboost,lacuna,60,5,5,939,939,415,524,0,939,0,0,0,1.0,1.0,0.0,0.0,0.0,0.9999999999989351,939,0,0,0
sem_erro,catboost,lacuna,60,10,10,470,470,209,261,0,470,0,0,0,1.0,1.0,0.0,0.0,0.0,0.9999999999978724,470,0,0,0
sem_erro,catboost,lacuna,60,15,15,313,313,138,175,0,313,0,0,0,1.0,1.0,0.0,0.0,0.0,0.9999999999968051,313,0,0,0
sem_erro,catboost,lacuna,60,20,20,235,235,102,133,0,235,0,0,0,1.0,1.0,0.0,0.0,0.0,0.9999999999957447,235,0,0,0
sem_erro,catboost,lacuna,60,25,25,188,188,85,103,0,188,0,0,0,1.0,1.0,0.0,0.0,0.0,0.9999999999946809,188,0,0,0
sem_erro,catboost,lacuna,60,30,30,157,157,70,87,0,157,0,0,0,1.0,1.0,0.0,0.0,0.0,0.9999999999936307,157,0,0,0
sem_erro,catboost,lacuna,60,35,35,135,135,61,74,0,135,0,0,0,1.0,1.0,0.0,0.0,0.0,0.9999999999925927,135,0,0,0
sem_erro,catboost,lacuna,60,40,40,118,118,51,67,0,118,0,0,0,1.0,1.0,0.0,0.0,0.0,0.9999999999915254,118,0,0,0
sem_erro,catboost,lacuna,60,45,45,105,105,47,58,0,105,0,0,0,1.0,1.0,0.0,0.0,0.0,0.9999999999904762,105,0,0,0
sem_erro,catboost,lacuna,60,50,50,94,94,43,51,0,94,0,0,0,1.0,1.0,0.0,0.0,0.0,0.9999999999893616,94,0,0,0
sem_erro,catboost,lacuna,60,55,55,86,86,38,48,0,86,0,0,0,1.0,1.0,0.0,0.0,0.0,0.9999999999883721,86,0,0,0
sem_erro,catboost,lacuna,60,60,60,79,79,35,44,0,79,0,0,0,1.0,1.0,0.0,0.0,0.0,0.9999999999873417,79,0,0,0
sem_erro,catboost,lacuna,70,5,5,937,937,445,492,0,937,0,0,0,1.0,1.0,0.0,0.0,0.0,0.9999999999989327,937,0,0,0
sem_erro,catboost,lacuna,70,10,10,469,469,224,245,0,469,0,0,0,1.0,1.0,0.0,0.0,0.0,0.9999999999978678,469,0,0,0
sem_erro,catboost,lacuna,70,15,15,313,313,151,162,0,313,0,0,0,1.0,1.0,0.0,0.0,0.0,0.9999999999968051,313,0,0,0
sem_erro,catboost,lacuna,70,20,20,235,235,113,122,0,235,0,0,0,1.0,1.0,0.0,0.0,0.0,0.9999999999957447,235,0,0,0
sem_erro,catboost,lacuna,70,25,25,188,188,86,102,0,188,0,0,0,1.0,1.0,0.0,0.0,0.0,0.9999999999946809,188,0,0,0
sem_erro,catboost,lacuna,70,30,30,157,157,76,81,0,157,0,0,0,1.0,1.0,0.0,0.0,0.0,0.9999999999936307,157,0,0,0
sem_erro,catboost,lacuna,70,35,35,134,134,65,69,0,134,0,0,0,1.0,1.0,0.0,0.0,0.0,0.9999999999925374,134,0,0,0
sem_erro,catboost,lacuna,70,40,40,118,118,58,60,0,118,0,0,0,1.0,1.0,0.0,0.0,0.0,0.9999999999915254,118,0,0,0
sem_erro,catboost,lacuna,70,45,45,105,105,52,53,0,105,0,0,0,1.0,1.0,0.0,0.0,0.0,0.9999999999904762,105,0,0,0
sem_erro,catboost,lacuna,70,50,50,94,94,43,51,0,94,0,0,0,1.0,1.0,0.0,0.0,0.0,0.9999999999893616,94,0,0,0
sem_erro,catboost,lacuna,70,55,55,86,86,40,46,0,86,0,0,0,1.0,1.0,0.0,0.0,0.0,0.9999999999883721,86,0,0,0
sem_erro,catboost,lacuna,70,60,60,79,79,38,41,0,79,0,0,0,1.0,1.0,0.0,0.0,0.0,0.9999999999873417,79,0,0,0
sem_erro,catboost,lacuna,70,65,65,73,73,35,38,0,73,0,0,0,1.0,1.0,0.0,0.0,0.0,0.9999999999863013,73,0,0,0
sem_erro,catboost,lacuna,70,70,70,67,67,35,32,0,67,0,0,0,1.0,1.0,0.0,0.0,0.0,0.9999999999850746,67,0,0,0
sem_erro,catboost,lacuna,80,5,5,935,935,471,464,0,935,0,0,0,1.0,1.0,0.0,0.0,0.0,0.9999999999989305,935,0,0,0
sem_erro,catboost,lacuna,80,10,10,468,468,236,232,0,468,0,0,0,1.0,1.0,0.0,0.0,0.0,0.9999999999978633,468,0,0,0
sem_erro,catboost,lacuna,80,15,15,312,312,159,153,0,312,0,0,0,1.0,1.0,0.0,0.0,0.0,0.9999999999967949,312,0,0,0
sem_erro,catboost,lacuna,80,20,20,234,234,117,117,0,234,0,0,0,1.0,1.0,0.0,0.0,0.0,0.9999999999957265,234,0,0,0
sem_erro,catboost,lacuna,80,25,25,187,187,95,92,0,187,0,0,0,1.0,1.0,0.0,0.0,0.0,0.9999999999946525,187,0,0,0
sem_erro,catboost,lacuna,80,30,30,156,156,78,78,0,156,0,0,0,1.0,1.0,0.0,0.0,0.0,0.9999999999935898,156,0,0,0
sem_erro,catboost,lacuna,80,35,35,134,134,67,67,0,134,0,0,0,1.0,1.0,0.0,0.0,0.0,0.9999999999925374,134,0,0,0
sem_erro,catboost,lacuna,80,40,40,117,117,61,56,0,117,0,0,0,1.0,1.0,0.0,0.0,0.0,0.999999999991453,117,0,0,0
sem_erro,catboost,lacuna,80,45,45,104,104,54,50,0,104,0,0,0,1.0,1.0,0.0,0.0,0.0,0.9999999999903846,104,0,0,0
sem_erro,catboost,lacuna,80,50,50,94,94,46,48,0,94,0,0,0,1.0,1.0,0.0,0.0,0.0,0.9999999999893616,94,0,0,0
sem_erro,catboost,lacuna,80,55,55,85,85,43,42,0,85,0,0,0,1.0,1.0,0.0,0.0,0.0,0.9999999999882353,85,0,0,0
sem_erro,catboost,lacuna,80,60,60,78,78,38,40,0,78,0,0,0,1.0,1.0,0.0,0.0,0.0,0.9999999999871795,78,0,0,0
sem_erro,catboost,lacuna,80,65,65,72,72,36,36,0,72,0,0,0,1.0,1.0,0.0,0.0,0.0,0.9999999999861111,72,0,0,0
sem_erro,catboost,lacuna,80,70,70,67,67,36,31,0,67,0,0,0,1.0,1.0,0.0,0.0,0.0,0.9999999999850746,67,0,0,0
sem_erro,catboost,lacuna,80,75,75,63,63,33,30,0,63,0,0,0,1.0,1.0,0.0,0.0,0.0,0.999999999984127,63,0,0,0
sem_erro,catboost,lacuna,80,80,80,59,59,30,29,0,59,0,0,0,1.0,1.0,0.0,0.0,0.0,0.9999999999830509,59,0,0,0
sem_erro,catboost,lacuna,90,5,5,933,933,493,440,0,933,0,0,0,1.0,1.0,0.0,0.0,0.0,0.9999999999989282,933,0,0,0
sem_erro,catboost,lacuna,90,10,10,467,467,247,220,0,467,0,0,0,1.0,1.0,0.0,0.0,0.0,0.9999999999978587,467,0,0,0
sem_erro,catboost,lacuna,90,15,15,311,311,164,147,0,311,0,0,0,1.0,1.0,0.0,0.0,0.0,0.9999999999967846,311,0,0,0
sem_erro,catboost,lacuna,90,20,20,234,234,124,110,0,234,0,0,0,1.0,1.0,0.0,0.0,0.0,0.9999999999957265,234,0,0,0
sem_erro,catboost,lacuna,90,25,25,187,187,98,89,0,187,0,0,0,1.0,1.0,0.0,0.0,0.0,0.9999999999946525,187,0,0,0
sem_erro,catboost,lacuna,90,30,30,156,156,82,74,0,156,0,0,0,1.0,1.0,0.0,0.0,0.0,0.9999999999935898,156,0,0,0
sem_erro,catboost,lacuna,90,35,35,134,134,72,62,0,134,0,0,0,1.0,1.0,0.0,0.0,0.0,0.9999999999925374,134,0,0,0
sem_erro,catboost,lacuna,90,40,40,117,117,63,54,0,117,0,0,0,1.0,1.0,0.0,0.0,0.0,0.999999999991453,117,0,0,0
sem_erro,catboost,lacuna,90,45,45,104,104,56,48,0,104,0,0,0,1.0,1.0,0.0,0.0,0.0,0.9999999999903846,104,0,0,0
sem_erro,catboost,lacuna,90,50,50,94,94,47,47,0,94,0,0,0,1.0,1.0,0.0,0.0,0.0,0.9999999999893616,94,0,0,0
sem_erro,catboost,lacuna,90,55,55,85,85,46,39,0,85,0,0,0,1.0,1.0,0.0,0.0,0.0,0.9999999999882353,85,0,0,0
sem_erro,catboost,lacuna,90,60,60,78,78,41,37,0,78,0,0,0,1.0,1.0,0.0,0.0,0.0,0.9999999999871795,78,0,0,0
sem_erro,catboost,lacuna,90,65,65,72,72,37,35,0,72,0,0,0,1.0,1.0,0.0,0.0,0.0,0.9999999999861111,72,0,0,0
sem_erro,catboost,lacuna,90,70,70,67,67,37,30,0,67,0,0,0,1.0,1.0,0.0,0.0,0.0,0.9999999999850746,67,0,0,0
sem_erro,catboost,lacuna,90,75,75,63,63,34,29,0,63,0,0,0,1.0,1.0,0.0,0.0,0.0,0.999999999984127,63,0,0,0
sem_erro,catboost,lacuna,90,80,80,59,59,31,28,0,59,0,0,0,1.0,1.0,0.0,0.0,0.0,0.9999999999830509,59,0,0,0
sem_erro,catboost,lacuna,90,85,85,55,55,30,25,0,55,0,0,0,1.0,1.0,0.0,0.0,0.0,0.9999999999818182,55,0,0,0
sem_erro,catboost,lacuna,90,90,90,52,52,28,24,0,52,0,0,0,1.0,1.0,0.0,0.0,0.0,0.9999999999807693,52,0,0,0
sem_erro,catboost,lacuna,100,5,5,931,931,515,416,0,931,0,0,0,1.0,1.0,0.0,0.0,0.0,0.9999999999989259,931,0,0,0
sem_erro,catboost,lacuna,100,10,10,466,466,258,208,0,466,0,0,0,1.0,1.0,0.0,0.0,0.0,0.999999999997854,466,0,0,0
sem_erro,catboost,lacuna,100,15,15,311,311,173,138,0,311,0,0,0,1.0,1.0,0.0,0.0,0.0,0.9999999999967846,311,0,0,0
sem_erro,catboost,lacuna,100,20,20,233,233,128,105,0,233,0,0,0,1.0,1.0,0.0,0.0,0.0,0.9999999999957082,233,0,0,0
sem_erro,catboost,lacuna,100,25,25,187,187,102,85,0,187,0,0,0,1.0,1.0,0.0,0.0,0.0,0.9999999999946525,187,0,0,0
sem_erro,catboost,lacuna,100,30,30,156,156,87,69,0,156,0,0,0,1.0,1.0,0.0,0.0,0.0,0.9999999999935898,156,0,0,0
sem_erro,catboost,lacuna,100,35,35,133,133,76,57,0,133,0,0,0,1.0,1.0,0.0,0.0,0.0,0.9999999999924812,133,0,0,0
sem_erro,catboost,lacuna,100,40,40,117,117,64,53,0,117,0,0,0,1.0,1.0,0.0,0.0,0.0,0.999999999991453,117,0,0,0
sem_erro,catboost,lacuna,100,45,45,104,104,58,46,0,104,0,0,0,1.0,1.0,0.0,0.0,0.0,0.9999999999903846,104,0,0,0
sem_erro,catboost,lacuna,100,50,50,94,94,50,44,0,94,0,0,0,1.0,1.0,0.0,0.0,0.0,0.9999999999893616,94,0,0,0
sem_erro,catboost,lacuna,100,55,55,85,85,47,38,0,85,0,0,0,1.0,1.0,0.0,0.0,0.0,0.9999999999882353,85,0,0,0
sem_erro,catboost,lacuna,100,60,60,78,78,44,34,0,78,0,0,0,1.0,1.0,0.0,0.0,0.0,0.9999999999871795,78,0,0,0
sem_erro,catboost,lacuna,100,65,65,72,72,38,34,0,72,0,0,0,1.0,1.0,0.0,0.0,0.0,0.9999999999861111,72,0,0,0
sem_erro,catboost,lacuna,100,70,70,67,67,39,28,0,67,0,0,0,1.0,1.0,0.0,0.0,0.0,0.9999999999850746,67,0,0,0
sem_erro,catboost,lacuna,100,75,75,63,63,36,27,0,63,0,0,0,1.0,1.0,0.0,0.0,0.0,0.999999999984127,63,0,0,0
sem_erro,catboost,lacuna,100,80,80,59,59,31,28,0,59,0,0,0,1.0,1.0,0.0,0.0,0.0,0.9999999999830509,59,0,0,0
sem_erro,catboost,lacuna,100,85,85,55,55,31,24,0,55,0,0,0,1.0,1.0,0.0,0.0,0.0,0.9999999999818182,55,0,0,0
sem_erro,catboost,lacuna,100,90,90,52,52,28,24,0,52,0,0,0,1.0,1.0,0.0,0.0,0.0,0.9999999999807693,52,0,0,0
sem_erro,catboost,lacuna,100,95,95,49,49,28,21,0,49,0,0,0,1.0,1.0,0.0,0.0,0.0,0.9999999999795919,49,0,0,0
sem_erro,catboost,lacuna,100,100,100,47,47,24,23,0,47,0,0,0,1.0,1.0,0.0,0.0,0.0,0.9999999999787235,47,0,0,0
sem_erro,catboost,oscilacao,20,5,5,947,947,294,653,0,947,0,34,34,0.9070749736008448,0.9070749736008448,0.0,0.0,0.0,0.907074973599887,859,88,0,0
sem_erro,catboost,oscilacao,20,10,10,474,474,147,327,0,474,0,30,30,0.879746835443038,0.879746835443038,0.0,0.0,0.0,0.879746835441182,417,57,0,0
sem_erro,catboost,oscilacao,20,15,15,316,316,98,218,0,316,0,23,23,0.9018987341772152,0.9018987341772152,0.0,0.0,0.0,0.9018987341743611,285,31,0,0
sem_erro,catboost,oscilacao,20,20,20,237,237,73,164,0,237,0,17,17,0.9113924050632911,0.9113924050632911,0.0,0.0,0.0,0.9113924050594456,216,21,0,0
sem_erro,catboost,oscilacao,30,5,5,945,945,324,621,0,945,0,33,33,0.8772486772486773,0.8772486772486773,0.0,0.0,0.0,0.8772486772477489,829,116,0,0
sem_erro,catboost,oscilacao,30,10,10,473,473,162,311,0,473,0,31,31,0.854122621564482,0.854122621564482,0.0,0.0,0.0,0.8541226215626763,404,69,0,0
sem_erro,catboost,oscilacao,30,15,15,315,315,108,207,0,315,0,17,17,0.8984126984126984,0.8984126984126984,0.0,0.0,0.0,0.8984126984098464,283,32,0,0
sem_erro,catboost,oscilacao,30,20,20,237,237,80,157,0,237,0,21,21,0.869198312236287,0.869198312236287,0.0,0.0,0.0,0.8691983122326195,206,31,0,0
sem_erro,catboost,oscilacao,30,25,25,189,189,62,127,0,189,0,15,15,0.8888888888888888,0.8888888888888888,0.0,0.0,0.0,0.8888888888841858,168,21,0,0
sem_erro,catboost,oscilacao,30,30,30,158,158,57,101,0,158,0,17,17,0.8607594936708861,0.8607594936708861,0.0,0.0,0.0,0.8607594936654382,136,22,0,0
sem_erro,catboost,oscilacao,40,5,5,943,943,354,589,0,943,0,38,38,0.8197242841993637,0.8197242841993637,0.0,0.0,0.0,0.8197242841984945,773,170,0,0
sem_erro,catboost,oscilacao,40,10,10,472,472,177,295,0,472,0,32,32,0.8347457627118644,0.8347457627118644,0.0,0.0,0.0,0.8347457627100959,394,78,0,0
sem_erro,catboost,oscilacao,40,15,15,315,315,119,196,0,315,0,22,22,0.8253968253968254,0.8253968253968254,0.0,0.0,0.0,0.8253968253942051,260,55,0,0
sem_erro,catboost,oscilacao,40,20,20,236,236,88,148,0,236,0,26,26,0.7966101694915254,0.7966101694915254,0.0,0.0,0.0,0.79661016948815,188,48,0,0
sem_erro,catboost,oscilacao,40,25,25,189,189,69,120,0,189,0,16,16,0.8465608465608465,0.8465608465608465,0.0,0.0,0.0,0.8465608465563674,160,29,0,0
sem_erro,catboost,oscilacao,40,30,30,158,158,60,98,0,158,0,16,16,0.8227848101265823,0.8227848101265823,0.0,0.0,0.0,0.8227848101213748,130,28,0,0
sem_erro,catboost,oscilacao,40,35,35,135,135,48,87,0,135,0,20,20,0.7851851851851852,0.7851851851851852,0.0,0.0,0.0,0.7851851851793691,106,29,0,0
sem_erro,catboost,oscilacao,40,40,40,118,118,43,75,0,118,0,15,15,0.8389830508474576,0.8389830508474576,0.0,0.0,0.0,0.8389830508403475,99,19,0,0
sem_erro,catboost,oscilacao,50,5,5,941,941,384,557,0,941,0,36,36,0.8182784272051009,0.8182784272051009,0.0,0.0,0.0,0.8182784272042314,770,171,0,0
sem_erro,catboost,oscilacao,50,10,10,471,471,192,279,0,471,0,34,34,0.821656050955414,0.821656050955414,0.0,0.0,0.0,0.8216560509536696,387,84,0,0
sem_erro,catboost,oscilacao,50,15,15,314,314,128,186,0,314,0,27,27,0.8375796178343949,0.8375796178343949,0.0,0.0,0.0,0.8375796178317275,263,51,0,0
sem_erro,catboost,oscilacao,50,20,20,236,236,95,141,0,236,0,24,24,0.8135593220338984,0.8135593220338984,0.0,0.0,0.0,0.813559322030451,192,44,0,0
sem_erro,catboost,oscilacao,50,25,25,189,189,78,111,0,189,0,19,19,0.8095238095238095,0.8095238095238095,0.0,0.0,0.0,0.8095238095195264,153,36,0,0
sem_erro,catboost,oscilacao,50,30,30,157,157,65,92,0,157,0,22,22,0.7770700636942676,0.7770700636942676,0.0,0.0,0.0,0.7770700636893181,122,35,0,0
sem_erro,catboost,oscilacao,50,35,35,135,135,52,83,0,135,0,21,21,0.8148148148148148,0.8148148148148148,0.0,0.0,0.0,0.8148148148087793,110,25,0,0
sem_erro,catboost,oscilacao,50,40,40,118,118,44,74,0,118,0,13,13,0.8559322033898306,0.8559322033898306,0.0,0.0,0.0,0.8559322033825768,101,17,0,0
sem_erro,catboost,oscilacao,50,45,45,105,105,39,66,0,105,0,19,19,0.7523809523809524,0.7523809523809524,0.0,0.0,0.0,0.7523809523737868,79,26,0,0
sem_erro,catboost,oscilacao,50,50,50,95,95,39,56,0,95,0,11,11,0.8210526315789474,0.8210526315789474,0.0,0.0,0.0,0.8210526315703047,78,17,0,0
sem_erro,catboost,oscilacao,60,5,5,939,939,412,527,0,939,0,35,35,0.7933972310969116,0.7933972310969116,0.0,0.0,0.0,0.7933972310960666,745,194,0,0
sem_erro,catboost,oscilacao,60,10,10,470,470,206,264,0,470,0,29,29,0.7808510638297872,0.7808510638297872,0.0,0.0,0.0,0.7808510638281259,367,103,0,0
sem_erro,catboost,oscilacao,60,15,15,313,313,137,176,0,313,0,22,22,0.8083067092651757,0.8083067092651757,0.0,0.0,0.0,0.8083067092625933,253,60,0,0
sem_erro,catboost,oscilacao,60,20,20,235,235,102,133,0,235,0,27,27,0.7531914893617021,0.7531914893617021,0.0,0.0,0.0,0.7531914893584971,177,58,0,0
sem_erro,catboost,oscilacao,60,25,25,188,188,80,108,0,188,0,14,14,0.8404255319148937,0.8404255319148937,0.0,0.0,0.0,0.8404255319104234,158,30,0,0
sem_erro,catboost,oscilacao,60,30,30,157,157,72,85,0,157,0,21,21,0.7579617834394905,0.7579617834394905,0.0,0.0,0.0,0.7579617834346627,119,38,0,0
sem_erro,catboost,oscilacao,60,35,35,135,135,59,76,0,135,0,19,19,0.7481481481481481,0.7481481481481481,0.0,0.0,0.0,0.7481481481426063,101,34,0,0
sem_erro,catboost,oscilacao,60,40,40,118,118,51,67,0,118,0,11,11,0.8050847457627118,0.8050847457627118,0.0,0.0,0.0,0.8050847457558891,95,23,0,0
sem_erro,catboost,oscilacao,60,45,45,105,105,44,61,0,105,0,18,18,0.780952380952381,0.780952380952381,0.0,0.0,0.0,0.7809523809449432,82,23,0,0
sem_erro,catboost,oscilacao,60,50,50,94,94,39,55,0,94,0,14,14,0.8085106382978723,0.8085106382978723,0.0,0.0,0.0,0.8085106382892712,76,18,0,0
sem_erro,catboost,oscilacao,60,55,55,86,86,41,45,0,86,0,15,15,0.7441860465116279,0.7441860465116279,0.0,0.0,0.0,0.7441860465029746,64,22,0,0
sem_erro,catboost,oscilacao,60,60,60,79,79,36,43,0,79,0,17,17,0.6835443037974683,0.6835443037974683,0.0,0.0,0.0,0.6835443037888158,54,25,0,0
sem_erro,catboost,oscilacao,70,5,5,937,937,439,498,0,937,0,32,32,0.7844183564567769,0.7844183564567769,0.0,0.0,0.0,0.7844183564559398,735,202,0,0
sem_erro,catboost,oscilacao,70,10,10,469,469,220,249,0,469,0,27,27,0.7782515991471215,0.7782515991471215,0.0,0.0,0.0,0.7782515991454622,365,104,0,0
sem_erro,catboost,oscilacao,70,15,15,313,313,147,166,0,313,0,19,19,0.7763578274760383,0.7763578274760383,0.0,0.0,0.0,0.776357827473558,243,70,0,0
sem_erro,catboost,oscilacao,70,20,20,235,235,109,126,0,235,0,22,22,0.8,0.8,0.0,0.0,0.0,0.7999999999965958,188,47,0,0
sem_erro,catboost,oscilacao,70,25,25,188,188,86,102,0,188,0,22,22,0.7712765957446809,0.7712765957446809,0.0,0.0,0.0,0.7712765957405784,145,43,0,0
sem_erro,catboost,oscilacao,70,30,30,157,157,75,82,0,157,0,19,19,0.7452229299363057,0.7452229299363057,0.0,0.0,0.0,0.7452229299315591,117,40,0,0
sem_erro,catboost,oscilacao,70,35,35,134,134,62,72,0,134,0,15,15,0.8134328358208955,0.8134328358208955,0.0,0.0,0.0,0.8134328358148252,109,25,0,0
sem_erro,catboost,oscilacao,70,40,40,118,118,57,61,0,118,0,16,16,0.7627118644067796,0.7627118644067796,0.0,0.0,0.0,0.762711864400316,90,28,0,0
sem_erro,catboost,oscilacao,70,45,45,105,105,50,55,0,105,0,17,17,0.7238095238095238,0.7238095238095238,0.0,0.0,0.0,0.7238095238026303,76,29,0,0
sem_erro,catboost,oscilacao,70,50,50,94,94,41,53,0,94,0,14,14,0.7978723404255319,0.7978723404255319,0.0,0.0,0.0,0.7978723404170439,75,19,0,0
sem_erro,catboost,oscilacao,70,55,55,86,86,44,42,0,86,0,17,17,0.6744186046511628,0.6744186046511628,0.0,0.0,0.0,0.6744186046433207,58,28,0,0
sem_erro,catboost,oscilacao,70,60,60,79,79,37,42,0,79,0,11,11,0.7848101265822784,0.7848101265822784,0.0,0.0,0.0,0.7848101265723442,62,17,0,0
sem_erro,catboost,oscilacao,70,65,65,73,73,33,40,0,73,0,13,13,0.7808219178082192,0.7808219178082192,0.0,0.0,0.0,0.780821917797523,57,16,0,0
sem_erro,catboost,oscilacao,70,70,70,67,67,31,36,0,67,0,9,9,0.746268656716418,0.746268656716418,0.0,0.0,0.0,0.7462686567052795,50,17,0,0
sem_erro,catboost,oscilacao,80,5,5,935,935,463,472,0,935,0,30,30,0.7711229946524064,0.7711229946524064,0.0,0.0,0.0,0.7711229946515817,721,214,0,0
sem_erro,catboost,oscilacao,80,10,10,468,468,232,236,0,468,0,32,32,0.7692307692307693,0.7692307692307693,0.0,0.0,0.0,0.7692307692291256,360,108,0,0
sem_erro,catboost,oscilacao,80,15,15,312,312,154,158,0,312,0,21,21,0.7564102564102564,0.7564102564102564,0.0,0.0,0.0,0.756410256407832,236,76,0,0
sem_erro,catboost,oscilacao,80,20,20,234,234,115,119,0,234,0,23,23,0.7307692307692307,0.7307692307692307,0.0,0.0,0.0,0.7307692307661079,171,63,0,0
sem_erro,catboost,oscilacao,80,25,25,187,187,90,97,0,187,0,21,21,0.732620320855615,0.732620320855615,0.0,0.0,0.0,0.7326203208516973,137,50,0,0
sem_erro,catboost,oscilacao,80,30,30,156,156,78,78,0,156,0,24,24,0.6794871794871795,0.6794871794871795,0.0,0.0,0.0,0.6794871794828239,106,50,0,0
sem_erro,catboost,oscilacao,80,35,35,134,134,66,68,0,134,0,20,20,0.7388059701492538,0.7388059701492538,0.0,0.0,0.0,0.7388059701437403,99,35,0,0
sem_erro,catboost,oscilacao,80,40,40,117,117,57,60,0,117,0,18,18,0.717948717948718,0.717948717948718,0.0,0.0,0.0,0.7179487179425816,84,33,0,0
sem_erro,catboost,oscilacao,80,45,45,104,104,53,51,0,104,0,24,24,0.6153846153846154,0.6153846153846154,0.0,0.0,0.0,0.6153846153786982,64,40,0,0
sem_erro,catboost,oscilacao,80,50,50,94,94,44,50,0,94,0,14,14,0.7446808510638298,0.7446808510638298,0.0,0.0,0.0,0.7446808510559076,70,24,0,0
sem_erro,catboost,oscilacao,80,55,55,85,85,43,42,0,85,0,21,21,0.6588235294117647,0.6588235294117647,0.0,0.0,0.0,0.6588235294040138,56,29,0,0
sem_erro,catboost,oscilacao,80,60,60,78,78,37,41,0,78,0,14,14,0.7435897435897436,0.7435897435897436,0.0,0.0,0.0,0.7435897435802103,58,20,0,0
sem_erro,catboost,oscilacao,80,65,65,72,72,35,37,0,72,0,13,13,0.7361111111111112,0.7361111111111112,0.0,0.0,0.0,0.7361111111008873,53,19,0,0
sem_erro,catboost,oscilacao,80,70,70,67,67,32,35,0,67,0,12,12,0.7761194029850746,0.7761194029850746,0.0,0.0,0.0,0.7761194029734907,52,15,0,0
sem_erro,catboost,oscilacao,80,75,75,63,63,29,34,0,63,0,9,9,0.6984126984126984,0.6984126984126984,0.0,0.0,0.0,0.6984126984016126,44,19,0,0
sem_erro,catboost,oscilacao,80,80,80,59,59,29,30,0,59,0,16,16,0.5254237288135594,0.5254237288135594,0.0,0.0,0.0,0.5254237288046538,31,28,0,0
sem_erro,catboost,oscilacao,90,5,5,933,933,487,446,0,933,0,36,36,0.69989281886388,0.69989281886388,0.0,0.0,0.0,0.6998928188631298,653,280,0,0
sem_erro,catboost,oscilacao,90,10,10,467,467,244,223,0,467,0,29,29,0.7194860813704497,0.7194860813704497,0.0,0.0,0.0,0.719486081368909,336,131,0,0
sem_erro,catboost,oscilacao,90,15,15,311,311,162,149,0,311,0,28,28,0.7041800643086816,0.7041800643086816,0.0,0.0,0.0,0.7041800643064174,219,92,0,0
sem_erro,catboost,oscilacao,90,20,20,234,234,121,113,0,234,0,25,25,0.7521367521367521,0.7521367521367521,0.0,0.0,0.0,0.7521367521335379,176,58,0,0
sem_erro,catboost,oscilacao,90,25,25,187,187,96,91,0,187,0,25,25,0.6631016042780749,0.6631016042780749,0.0,0.0,0.0,0.6631016042745289,124,63,0,0
sem_erro,catboost,oscilacao,90,30,30,156,156,84,72,0,156,0,28,28,0.6410256410256411,0.6410256410256411,0.0,0.0,0.0,0.6410256410215319,100,56,0,0
sem_erro,catboost,oscilacao,90,35,35,134,134,69,65,0,134,0,21,21,0.7089552238805971,0.7089552238805971,0.0,0.0,0.0,0.7089552238753064,95,39,0,0
sem_erro,catboost,oscilacao,90,40,40,117,117,58,59,0,117,0,18,18,0.7435897435897436,0.7435897435897436,0.0,0.0,0.0,0.7435897435833881,87,30,0,0
sem_erro,catboost,oscilacao,90,45,45,104,104,53,51,0,104,0,20,20,0.6153846153846154,0.6153846153846154,0.0,0.0,0.0,0.6153846153786982,64,40,0,0
sem_erro,catboost,oscilacao,90,50,50,94,94,50,44,0,94,0,24,24,0.5425531914893617,0.5425531914893617,0.0,0.0,0.0,0.5425531914835898,51,43,0,0
sem_erro,catboost,oscilacao,90,55,55,85,85,46,39,0,85,0,12,12,0.7411764705882353,0.7411764705882353,0.0,0.0,0.0,0.7411764705795155,63,22,0,0
sem_erro,catboost,oscilacao,90,60,60,78,78,39,39,0,78,0,14,14,0.717948717948718,0.717948717948718,0.0,0.0,0.0,0.7179487179395134,56,22,0,0
sem_erro,catboost,oscilacao,90,65,65,72,72,36,36,0,72,0,7,7,0.8472222222222222,0.8472222222222222,0.0,0.0,0.0,0.8472222222104552,61,11,0,0
sem_erro,catboost,oscilacao,90,70,70,67,67,34,33,0,67,0,15,15,0.6567164179104478,0.6567164179104478,0.0,0.0,0.0,0.6567164179006459,44,23,0,0
sem_erro,catboost,oscilacao,90,75,75,63,63,32,31,0,63,0,15,15,0.6349206349206349,0.6349206349206349,0.0,0.0,0.0,0.6349206349105568,40,23,0,0
sem_erro,catboost,oscilacao,90,80,80,59,59,29,30,0,59,0,13,13,0.7288135593220338,0.7288135593220338,0.0,0.0,0.0,0.7288135593096812,43,16,0,0
sem_erro,catboost,oscilacao,90,85,85,55,55,26,29,0,55,0,9,9,0.8,0.8,0.0,0.0,0.0,0.7999999999854546,44,11,0,0
sem_erro,catboost,oscilacao,90,90,90,52,52,25,27,0,52,0,10,10,0.75,0.75,0.0,0.0,0.0,0.749999999985577,39,13,0,0
sem_erro,catboost,oscilacao,100,5,5,931,931,509,422,0,931,0,42,42,0.5993555316863588,0.5993555316863588,0.0,0.0,0.0,0.599355531685715,558,373,0,0
sem_erro,catboost,oscilacao,100,10,10,466,466,255,211,0,466,0,37,37,0.6008583690987125,0.6008583690987125,0.0,0.0,0.0,0.6008583690974231,280,186,0,0
sem_erro,catboost,oscilacao,100,15,15,311,311,170,141,0,311,0,27,27,0.617363344051447,0.617363344051447,0.0,0.0,0.0,0.6173633440494619,192,119,0,0
sem_erro,catboost,oscilacao,100,20,20,233,233,126,107,0,233,0,27,27,0.6351931330472103,0.6351931330472103,0.0,0.0,0.0,0.6351931330444842,148,85,0,0
sem_erro,catboost,oscilacao,100,25,25,187,187,103,84,0,187,0,26,26,0.5882352941176471,0.5882352941176471,0.0,0.0,0.0,0.5882352941145015,110,77,0,0
sem_erro,catboost,oscilacao,100,30,30,156,156,87,69,0,156,0,24,24,0.6025641025641025,0.6025641025641025,0.0,0.0,0.0,0.6025641025602401,94,62,0,0
sem_erro,catboost,oscilacao,100,35,35,133,133,73,60,0,133,0,18,18,0.6691729323308271,0.6691729323308271,0.0,0.0,0.0,0.6691729323257958,89,44,0,0
sem_erro,catboost,oscilacao,100,40,40,117,117,63,54,0,117,0,21,21,0.6410256410256411,0.6410256410256411,0.0,0.0,0.0,0.6410256410201621,75,42,0,0
sem_erro,catboost,oscilacao,100,45,45,104,104,55,49,0,104,0,18,18,0.6730769230769231,0.6730769230769231,0.0,0.0,0.0,0.6730769230704512,70,34,0,0
sem_erro,catboost,oscilacao,100,50,50,94,94,52,42,0,94,0,19,19,0.5851063829787234,0.5851063829787234,0.0,0.0,0.0,0.5851063829724988,55,39,0,0
sem_erro,catboost,oscilacao,100,55,55,85,85,49,36,0,85,0,14,14,0.4588235294117647,0.4588235294117647,0.0,0.0,0.0,0.4588235294063668,39,46,0,0
sem_erro,catboost,oscilacao,100,60,60,78,78,41,37,0,78,0,12,12,0.6923076923076923,0.6923076923076923,0.0,0.0,0.0,0.6923076922988165,54,24,0,0
sem_erro,catboost,oscilacao,100,65,65,72,72,40,32,0,72,0,18,18,0.6111111111111112,0.6111111111111112,0.0,0.0,0.0,0.6111111111026234,44,28,0,0
sem_erro,catboost,oscilacao,100,70,70,67,67,36,31,0,67,0,14,14,0.6268656716417911,0.6268656716417911,0.0,0.0,0.0,0.6268656716324348,42,25,0,0
sem_erro,catboost,oscilacao,100,75,75,63,63,37,26,0,63,0,8,8,0.31746031746031744,0.31746031746031744,0.0,0.0,0.0,0.3174603174552784,20,43,0,0
sem_erro,catboost,oscilacao,100,80,80,59,59,32,27,0,59,0,14,14,0.6101694915254238,0.6101694915254238,0.0,0.0,0.0,0.6101694915150819,36,23,0,0
sem_erro,catboost,oscilacao,100,85,85,55,55,29,26,0,55,0,13,13,0.6363636363636364,0.6363636363636364,0.0,0.0,0.0,0.6363636363520662,35,20,0,0
sem_erro,catboost,oscilacao,100,90,90,52,52,27,25,0,52,0,13,13,0.6153846153846154,0.6153846153846154,0.0,0.0,0.0,0.6153846153727811,32,20,0,0
sem_erro,catboost,oscilacao,100,95,95,49,49,25,24,0,49,0,9,9,0.3469387755102041,0.3469387755102041,0.0,0.0,0.0,0.34693877550312374,17,32,0,0
sem_erro,catboost,oscilacao,100,100,100,47,47,26,21,0,47,0,10,10,0.44680851063829785,0.44680851063829785,0.0,0.0,0.0,0.44680851062879134,21,26,0,0
sem_erro,catboost,queda,20,5,5,947,947,247,700,0,947,0,50,50,0.8785638859556494,0.8785638859556494,0.0,0.0,0.0,0.8785638859547217,832,115,0,0
sem_erro,catboost,queda,20,10,10,474,474,127,347,0,474,0,34,34,0.8481012658227848,0.8481012658227848,0.0,0.0,0.0,0.8481012658209955,402,72,0,0
sem_erro,catboost,queda,20,15,15,316,316,80,236,0,316,0,23,23,0.8892405063291139,0.8892405063291139,0.0,0.0,0.0,0.8892405063262999,281,35,0,0
sem_erro,catboost,queda,20,20,20,237,237,63,174,0,237,0,25,25,0.8649789029535865,0.8649789029535865,0.0,0.0,0.0,0.8649789029499368,205,32,0,0
sem_erro,catboost,queda,30,5,5,945,945,290,655,0,945,0,37,37,0.834920634920635,0.834920634920635,0.0,0.0,0.0,0.8349206349197514,789,156,0,0
sem_erro,catboost,queda,30,10,10,473,473,148,325,0,473,0,33,33,0.828752642706131,0.828752642706131,0.0,0.0,0.0,0.828752642704379,392,81,0,0
sem_erro,catboost,queda,30,15,15,315,315,93,222,0,315,0,23,23,0.8603174603174604,0.8603174603174604,0.0,0.0,0.0,0.8603174603147292,271,44,0,0
sem_erro,catboost,queda,30,20,20,237,237,76,161,0,237,0,24,24,0.8270042194092827,0.8270042194092827,0.0,0.0,0.0,0.8270042194057933,196,41,0,0
sem_erro,catboost,queda,30,25,25,189,189,59,130,0,189,0,17,17,0.8412698412698413,0.8412698412698413,0.0,0.0,0.0,0.8412698412653902,159,30,0,0
sem_erro,catboost,queda,30,30,30,158,158,48,110,0,158,0,21,21,0.8164556962025317,0.8164556962025317,0.0,0.0,0.0,0.8164556961973642,129,29,0,0
sem_erro,catboost,queda,40,5,5,943,943,328,615,0,943,0,34,34,0.8112407211028632,0.8112407211028632,0.0,0.0,0.0,0.811240721102003,765,178,0,0
sem_erro,catboost,queda,40,10,10,472,472,167,305,0,472,0,35,35,0.7966101694915254,0.7966101694915254,0.0,0.0,0.0,0.7966101694898378,376,96,0,0
sem_erro,catboost,queda,40,15,15,315,315,109,206,0,315,0,28,28,0.7936507936507936,0.7936507936507936,0.0,0.0,0.0,0.7936507936482742,250,65,0,0
sem_erro,catboost,queda,40,20,20,236,236,83,153,0,236,0,20,20,0.8432203389830508,0.8432203389830508,0.0,0.0,0.0,0.8432203389794779,199,37,0,0
sem_erro,catboost,queda,40,25,25,189,189,65,124,0,189,0,22,22,0.783068783068783,0.783068783068783,0.0,0.0,0.0,0.7830687830646399,148,41,0,0
sem_erro,catboost,queda,40,30,30,158,158,55,103,0,158,0,21,21,0.759493670886076,0.759493670886076,0.0,0.0,0.0,0.7594936708812691,120,38,0,0
sem_erro,catboost,queda,40,35,35,135,135,47,88,0,135,0,19,19,0.7925925925925926,0.7925925925925926,0.0,0.0,0.0,0.7925925925867215,107,28,0,0
sem_erro,catboost,queda,40,40,40,118,118,40,78,0,118,0,12,12,0.8559322033898306,0.8559322033898306,0.0,0.0,0.0,0.8559322033825768,101,17,0,0
sem_erro,catboost,queda,50,5,5,941,941,365,576,0,941,0,45,45,0.7757704569606801,0.7757704569606801,0.0,0.0,0.0,0.7757704569598557,730,211,0,0
sem_erro,catboost,queda,50,10,10,471,471,185,286,0,471,0,34,34,0.7494692144373672,0.7494692144373672,0.0,0.0,0.0,0.7494692144357761,353,118,0,0
sem_erro,catboost,queda,50,15,15,314,314,118,196,0,314,0,26,26,0.7738853503184714,0.7738853503184714,0.0,0.0,0.0,0.7738853503160068,243,71,0,0
sem_erro,catboost,queda,50,20,20,236,236,94,142,0,236,0,30,30,0.7372881355932204,0.7372881355932204,0.0,0.0,0.0,0.7372881355900963,174,62,0,0
sem_erro,catboost,queda,50,25,25,189,189,74,115,0,189,0,27,27,0.6772486772486772,0.6772486772486772,0.0,0.0,0.0,0.677248677245094,128,61,0,0
sem_erro,catboost,queda,50,30,30,157,157,59,98,0,157,0,26,26,0.7197452229299363,0.7197452229299363,0.0,0.0,0.0,0.719745222925352,113,44,0,0
sem_erro,catboost,queda,50,35,35,135,135,51,84,0,135,0,20,20,0.7481481481481481,0.7481481481481481,0.0,0.0,0.0,0.7481481481426063,101,34,0,0
sem_erro,catboost,queda,50,40,40,118,118,47,71,0,118,0,22,22,0.711864406779661,0.711864406779661,0.0,0.0,0.0,0.7118644067736283,84,34,0,0
sem_erro,catboost,queda,50,45,45,105,105,42,63,0,105,0,19,19,0.6666666666666666,0.6666666666666666,0.0,0.0,0.0,0.6666666666603175,70,35,0,0
sem_erro,catboost,queda,50,50,50,95,95,41,54,0,95,0,21,21,0.6736842105263158,0.6736842105263158,0.0,0.0,0.0,0.6736842105192243,64,31,0,0
sem_erro,catboost,queda,60,5,5,939,939,400,539,0,939,0,39,39,0.6762513312034079,0.6762513312034079,0.0,0.0,0.0,0.6762513312026877,635,304,0,0
sem_erro,catboost,queda,60,10,10,470,470,203,267,0,470,0,39,39,0.6468085106382979,0.6468085106382979,0.0,0.0,0.0,0.6468085106369217,304,166,0,0
sem_erro,catboost,queda,60,15,15,313,313,130,183,0,313,0,27,27,0.6996805111821086,0.6996805111821086,0.0,0.0,0.0,0.6996805111798733,219,94,0,0
sem_erro,catboost,queda,60,20,20,235,235,101,134,0,235,0,28,28,0.6595744680851063,0.6595744680851063,0.0,0.0,0.0,0.6595744680822997,155,80,0,0
sem_erro,catboost,queda,60,25,25,188,188,78,110,0,188,0,28,28,0.6382978723404256,0.6382978723404256,0.0,0.0,0.0,0.6382978723370304,120,68,0,0
sem_erro,catboost,queda,60,30,30,157,157,66,91,0,157,0,23,23,0.6496815286624203,0.6496815286624203,0.0,0.0,0.0,0.6496815286582823,102,55,0,0
sem_erro,catboost,queda,60,35,35,135,135,59,76,0,135,0,25,25,0.6074074074074074,0.6074074074074074,0.0,0.0,0.0,0.6074074074029081,82,53,0,0
sem_erro,catboost,queda,60,40,40,118,118,49,69,0,118,0,22,22,0.711864406779661,0.711864406779661,0.0,0.0,0.0,0.7118644067736283,84,34,0,0
sem_erro,catboost,queda,60,45,45,105,105,46,59,0,105,0,22,22,0.49523809523809526,0.49523809523809526,0.0,0.0,0.0,0.4952380952333787,52,53,0,0
sem_erro,catboost,queda,60,50,50,94,94,40,54,0,94,0,19,19,0.6382978723404256,0.6382978723404256,0.0,0.0,0.0,0.6382978723336351,60,34,0,0
sem_erro,catboost,queda,60,55,55,86,86,36,50,0,86,0,14,14,0.6627906976744186,0.6627906976744186,0.0,0.0,0.0,0.6627906976667117,57,29,0,0
sem_erro,catboost,queda,60,60,60,79,79,34,45,0,79,0,18,18,0.6582278481012658,0.6582278481012658,0.0,0.0,0.0,0.6582278480929338,52,27,0,0
sem_erro,catboost,queda,70,5,5,937,937,430,507,0,937,0,51,51,0.5709711846318036,0.5709711846318036,0.0,0.0,0.0,0.5709711846311942,535,402,0,0
sem_erro,catboost,queda,70,10,10,469,469,218,251,0,469,0,39,39,0.5735607675906184,0.5735607675906184,0.0,0.0,0.0,0.5735607675893954,269,200,0,0
sem_erro,catboost,queda,70,15,15,313,313,144,169,0,313,0,33,33,0.5654952076677316,0.5654952076677316,0.0,0.0,0.0,0.565495207665925,177,136,0,0
sem_erro,catboost,queda,70,20,20,235,235,109,126,0,235,0,33,33,0.5446808510638298,0.5446808510638298,0.0,0.0,0.0,0.544680851061512,128,107,0,0
sem_erro,catboost,queda,70,25,25,188,188,85,103,0,188,0,28,28,0.601063829787234,0.601063829787234,0.0,0.0,0.0,0.6010638297840369,113,75,0,0
sem_erro,catboost,queda,70,30,30,157,157,73,84,0,157,0,27,27,0.5732484076433121,0.5732484076433121,0.0,0.0,0.0,0.5732484076396609,90,67,0,0
sem_erro,catboost,queda,70,35,35,134,134,62,72,0,134,0,24,24,0.5298507462686567,0.5298507462686567,0.0,0.0,0.0,0.5298507462647026,71,63,0,0
sem_erro,catboost,queda,70,40,40,118,118,53,65,0,118,0,23,23,0.576271186440678,0.576271186440678,0.0,0.0,0.0,0.5762711864357943,68,50,0,0
sem_erro,catboost,queda,70,45,45,105,105,50,55,0,105,0,20,20,0.4666666666666667,0.4666666666666667,0.0,0.0,0.0,0.46666666666222223,49,56,0,0
sem_erro,catboost,queda,70,50,50,94,94,42,52,0,94,0,20,20,0.6063829787234043,0.6063829787234043,0.0,0.0,0.0,0.6063829787169533,57,37,0,0
sem_erro,catboost,queda,70,55,55,86,86,40,46,0,86,0,16,16,0.5930232558139535,0.5930232558139535,0.0,0.0,0.0,0.5930232558070578,51,35,0,0
sem_erro,catboost,queda,70,60,60,79,79,37,42,0,79,0,17,17,0.6075949367088608,0.6075949367088608,0.0,0.0,0.0,0.6075949367011697,48,31,0,0
sem_erro,catboost,queda,70,65,65,73,73,33,40,0,73,0,17,17,0.6438356164383562,0.6438356164383562,0.0,0.0,0.0,0.6438356164295365,47,26,0,0
sem_erro,catboost,queda,70,70,70,67,67,33,34,0,67,0,17,17,0.5671641791044776,0.5671641791044776,0.0,0.0,0.0,0.5671641790960125,38,29,0,0
sem_erro,catboost,queda,80,5,5,935,935,458,477,0,935,0,48,48,0.4716577540106952,0.4716577540106952,0.0,0.0,0.0,0.4716577540101907,441,494,0,0
sem_erro,catboost,queda,80,10,10,468,468,232,236,0,468,0,38,38,0.5170940170940171,0.5170940170940171,0.0,0.0,0.0,0.5170940170929123,242,226,0,0
sem_erro,catboost,queda,80,15,15,312,312,150,162,0,312,0,33,33,0.5352564102564102,0.5352564102564102,0.0,0.0,0.0,0.5352564102546947,167,145,0,0
sem_erro,catboost,queda,80,20,20,234,234,115,119,0,234,0,29,29,0.5170940170940171,0.5170940170940171,0.0,0.0,0.0,0.5170940170918074,121,113,0,0
sem_erro,catboost,queda,80,25,25,187,187,93,94,0,187,0,20,20,0.45454545454545453,0.45454545454545453,0.0,0.0,0.0,0.45454545454302386,85,102,0,0
sem_erro,catboost,queda,80,30,30,156,156,76,80,0,156,0,24,24,0.4935897435897436,0.4935897435897436,0.0,0.0,0.0,0.4935897435865796,77,79,0,0
sem_erro,catboost,queda,80,35,35,134,134,64,70,0,134,0,25,25,0.47761194029850745,0.47761194029850745,0.0,0.0,0.0,0.47761194029494325,64,70,0,0
sem_erro,catboost,queda,80,40,40,117,117,58,59,0,117,0,17,17,0.4444444444444444,0.4444444444444444,0.0,0.0,0.0,0.44444444444064574,52,65,0,0
sem_erro,catboost,queda,80,45,45,104,104,51,53,0,104,0,16,16,0.5,0.5,0.0,0.0,0.0,0.4999999999951923,52,52,0,0
sem_erro,catboost,queda,80,50,50,94,94,48,46,0,94,0,12,12,0.39361702127659576,0.39361702127659576,0.0,0.0,0.0,0.39361702127240833,37,57,0,0
sem_erro,catboost,queda,80,55,55,85,85,41,44,0,85,0,18,18,0.5764705882352941,0.5764705882352941,0.0,0.0,0.0,0.576470588228512,49,36,0,0
sem_erro,catboost,queda,80,60,60,78,78,37,41,0,78,0,14,14,0.5769230769230769,0.5769230769230769,0.0,0.0,0.0,0.5769230769156805,45,33,0,0
sem_erro,catboost,queda,80,65,65,72,72,33,39,0,72,0,12,12,0.6527777777777778,0.6527777777777778,0.0,0.0,0.0,0.6527777777687114,47,25,0,0
sem_erro,catboost,queda,80,70,70,67,67,33,34,0,67,0,16,16,0.582089552238806,0.582089552238806,0.0,0.0,0.0,0.582089552230118,39,28,0,0
sem_erro,catboost,queda,80,75,75,63,63,29,34,0,63,0,9,9,0.5079365079365079,0.5079365079365079,0.0,0.0,0.0,0.5079365079284455,32,31,0,0
sem_erro,catboost,queda,80,80,80,59,59,30,29,0,59,0,9,9,0.4745762711864407,0.4745762711864407,0.0,0.0,0.0,0.474576271178397,28,31,0,0
sem_erro,catboost,queda,90,5,5,933,933,485,448,0,933,0,32,32,0.4062165058949625,0.4062165058949625,0.0,0.0,0.0,0.4062165058945271,379,554,0,0
sem_erro,catboost,queda,90,10,10,467,467,245,222,0,467,0,27,27,0.41113490364025695,0.41113490364025695,0.0,0.0,0.0,0.4111349036393766,192,275,0,0
sem_erro,catboost,queda,90,15,15,311,311,160,151,0,311,0,23,23,0.4437299035369775,0.4437299035369775,0.0,0.0,0.0,0.4437299035355507,138,173,0,0
sem_erro,catboost,queda,90,20,20,234,234,123,111,0,234,0,21,21,0.37606837606837606,0.37606837606837606,0.0,0.0,0.0,0.37606837606676896,88,146,0,0
sem_erro,catboost,queda,90,25,25,187,187,96,91,0,187,0,21,21,0.44385026737967914,0.44385026737967914,0.0,0.0,0.0,0.44385026737730565,83,104,0,0
sem_erro,catboost,queda,90,30,30,156,156,81,75,0,156,0,20,20,0.46153846153846156,0.46153846153846156,0.0,0.0,0.0,0.461538461535503,72,84,0,0
sem_erro,catboost,queda,90,35,35,134,134,70,64,0,134,0,15,15,0.41044776119402987,0.41044776119402987,0.0,0.0,0.0,0.4104477611909668,55,79,0,0
sem_erro,catboost,queda,90,40,40,117,117,62,55,0,117,0,18,18,0.4017094017094017,0.4017094017094017,0.0,0.0,0.0,0.4017094017059683,47,70,0,0
sem_erro,catboost,queda,90,45,45,104,104,54,50,0,104,0,17,17,0.4807692307692308,0.4807692307692308,0.0,0.0,0.0,0.480769230764608,50,54,0,0
sem_erro,catboost,queda,90,50,50,94,94,50,44,0,94,0,12,12,0.40425531914893614,0.40425531914893614,0.0,0.0,0.0,0.4042553191446356,38,56,0,0
sem_erro,catboost,queda,90,55,55,85,85,44,41,0,85,0,16,16,0.47058823529411764,0.47058823529411764,0.0,0.0,0.0,0.4705882352885813,40,45,0,0
sem_erro,catboost,queda,90,60,60,78,78,39,39,0,78,0,12,12,0.5641025641025641,0.5641025641025641,0.0,0.0,0.0,0.564102564095332,44,34,0,0
sem_erro,catboost,queda,90,65,65,72,72,35,37,0,72,0,8,8,0.5833333333333334,0.5833333333333334,0.0,0.0,0.0,0.5833333333252314,42,30,0,0
sem_erro,catboost,queda,90,70,70,67,67,35,32,0,67,0,14,14,0.5223880597014925,0.5223880597014925,0.0,0.0,0.0,0.5223880596936957,35,32,0,0
sem_erro,catboost,queda,90,75,75,63,63,30,33,0,63,0,9,9,0.4444444444444444,0.4444444444444444,0.0,0.0,0.0,0.4444444444373898,28,35,0,0
sem_erro,catboost,queda,90,80,80,59,59,33,26,0,59,0,9,9,0.3898305084745763,0.3898305084745763,0.0,0.0,0.0,0.389830508467969,23,36,0,0
sem_erro,catboost,queda,90,85,85,55,55,29,26,0,55,0,7,7,0.38181818181818183,0.38181818181818183,0.0,0.0,0.0,0.3818181818112397,21,34,0,0
sem_erro,catboost,queda,90,90,90,52,52,28,24,0,52,0,12,12,0.5192307692307693,0.5192307692307693,0.0,0.0,0.0,0.519230769220784,27,25,0,0
sem_erro,catboost,queda,100,5,5,931,931,509,422,0,931,0,25,25,0.34908700322234154,0.34908700322234154,0.0,0.0,0.0,0.3490870032219666,325,606,0,0
sem_erro,catboost,queda,100,10,10,466,466,257,209,0,466,0,20,20,0.3497854077253219,0.3497854077253219,0.0,0.0,0.0,0.3497854077245713,163,303,0,0
sem_erro,catboost,queda,100,15,15,311,311,170,141,0,311,0,21,21,0.37942122186495175,0.37942122186495175,0.0,0.0,0.0,0.3794212218637318,118,193,0,0
sem_erro,catboost,queda,100,20,20,233,233,127,106,0,233,0,19,19,0.3776824034334764,0.3776824034334764,0.0,0.0,0.0,0.37768240343185544,88,145,0,0
sem_erro,catboost,queda,100,25,25,187,187,103,84,0,187,0,15,15,0.36363636363636365,0.36363636363636365,0.0,0.0,0.0,0.3636363636344191,68,119,0,0
sem_erro,catboost,queda,100,30,30,156,156,86,70,0,156,0,13,13,0.3525641025641026,0.3525641025641026,0.0,0.0,0.0,0.35256410256184256,55,101,0,0
sem_erro,catboost,queda,100,35,35,133,133,72,61,0,133,0,12,12,0.40601503759398494,0.40601503759398494,0.0,0.0,0.0,0.40601503759093227,54,79,0,0
sem_erro,catboost,queda,100,40,40,117,117,63,54,0,117,0,14,14,0.41025641025641024,0.41025641025641024,0.0,0.0,0.0,0.41025641025290377,48,69,0,0
sem_erro,catboost,queda,100,45,45,104,104,58,46,0,104,0,16,16,0.4230769230769231,0.4230769230769231,0.0,0.0,0.0,0.423076923072855,44,60,0,0
sem_erro,catboost,queda,100,50,50,94,94,54,40,0,94,0,12,12,0.3191489361702128,0.3191489361702128,0.0,0.0,0.0,0.31914893616681755,30,64,0,0
sem_erro,catboost,queda,100,55,55,85,85,46,39,0,85,0,12,12,0.43529411764705883,0.43529411764705883,0.0,0.0,0.0,0.4352941176419377,37,48,0,0
sem_erro,catboost,queda,100,60,60,78,78,41,37,0,78,0,11,11,0.5,0.5,0.0,0.0,0.0,0.49999999999358974,39,39,0,0
sem_erro,catboost,queda,100,65,65,72,72,37,35,0,72,0,12,12,0.4861111111111111,0.4861111111111111,0.0,0.0,0.0,0.48611111110435956,35,37,0,0
sem_erro,catboost,queda,100,70,70,67,67,35,32,0,67,0,10,10,0.4626865671641791,0.4626865671641791,0.0,0.0,0.0,0.4626865671572733,31,36,0,0
sem_erro,catboost,queda,100,75,75,63,63,35,28,0,63,0,11,11,0.42857142857142855,0.42857142857142855,0.0,0.0,0.0,0.4285714285646259,27,36,0,0
sem_erro,catboost,queda,100,80,80,59,59,33,26,0,59,0,10,10,0.3898305084745763,0.3898305084745763,0.0,0.0,0.0,0.389830508467969,23,36,0,0
sem_erro,catboost,queda,100,85,85,55,55,30,25,0,55,0,7,7,0.38181818181818183,0.38181818181818183,0.0,0.0,0.0,0.3818181818112397,21,34,0,0
sem_erro,catboost,queda,100,90,90,52,52,29,23,0,52,0,11,11,0.5,0.5,0.0,0.0,0.0,0.49999999999038464,26,26,0,0
sem_erro,catboost,queda,100,95,95,49,49,28,21,0,49,0,8,8,0.40816326530612246,0.40816326530612246,0.0,0.0,0.0,0.4081632652977926,20,29,0,0
sem_erro,catboost,queda,100,100,100,47,47,29,18,0,47,0,7,7,0.3404255319148936,0.3404255319148936,0.0,0.0,0.0,0.34042553190765057,16,31,0,0
sem_erro,mlp,lacuna,20,5,5,947,947,279,668,0,947,0,1,1,0.9989440337909187,0.9989440337909187,0.0,0.0,0.0,0.9989440337898639,946,1,0,0
sem_erro,mlp,lacuna,20,10,10,474,474,141,333,0,474,0,4,4,0.9915611814345991,0.9915611814345991,0.0,0.0,0.0,0.9915611814325073,470,4,0,0
sem_erro,mlp,lacuna,20,15,15,316,316,94,222,0,316,0,1,1,0.9968354430379747,0.9968354430379747,0.0,0.0,0.0,0.9968354430348202,315,1,0,0
sem_erro,mlp,lacuna,20,20,20,237,237,68,169,0,237,0,0,0,1.0,1.0,0.0,0.0,0.0,0.9999999999957806,237,0,0,0
sem_erro,mlp,lacuna,30,5,5,945,945,317,628,0,945,0,3,3,0.9957671957671957,0.9957671957671957,0.0,0.0,0.0,0.995767195766142,941,4,0,0
sem_erro,mlp,lacuna,30,10,10,473,473,160,313,0,473,0,9,9,0.9788583509513742,0.9788583509513742,0.0,0.0,0.0,0.9788583509493047,463,10,0,0
sem_erro,mlp,lacuna,30,15,15,315,315,105,210,0,315,0,1,1,0.9968253968253968,0.9968253968253968,0.0,0.0,0.0,0.9968253968222324,314,1,0,0
sem_erro,mlp,lacuna,30,20,20,237,237,80,157,0,237,0,1,1,0.9957805907172996,0.9957805907172996,0.0,0.0,0.0,0.995780590713098,236,1,0,0
sem_erro,mlp,lacuna,30,25,25,189,189,65,124,0,189,0,6,6,0.9682539682539683,0.9682539682539683,0.0,0.0,0.0,0.9682539682488452,183,6,0,0
sem_erro,mlp,lacuna,30,30,30,158,158,52,106,0,158,0,2,2,0.9810126582278481,0.9810126582278481,0.0,0.0,0.0,0.9810126582216392,155,3,0,0
sem_erro,mlp,lacuna,40,5,5,943,943,353,590,0,943,0,14,14,0.9840933191940615,0.9840933191940615,0.0,0.0,0.0,0.9840933191930179,928,15,0,0
sem_erro,mlp,lacuna,40,10,10,472,472,178,294,0,472,0,11,11,0.9745762711864406,0.9745762711864406,0.0,0.0,0.0,0.974576271184376,460,12,0,0
sem_erro,mlp,lacuna,40,15,15,315,315,121,194,0,315,0,12,12,0.9555555555555556,0.9555555555555556,0.0,0.0,0.0,0.955555555552522,301,14,0,0
sem_erro,mlp,lacuna,40,20,20,236,236,87,149,0,236,0,4,4,0.9830508474576272,0.9830508474576272,0.0,0.0,0.0,0.9830508474534617,232,4,0,0
sem_erro,mlp,lacuna,40,25,25,189,189,70,119,0,189,0,6,6,0.9629629629629629,0.9629629629629629,0.0,0.0,0.0,0.962962962957868,182,7,0,0
sem_erro,mlp,lacuna,40,30,30,158,158,61,97,0,158,0,11,11,0.9113924050632911,0.9113924050632911,0.0,0.0,0.0,0.911392405057523,144,14,0,0
sem_erro,mlp,lacuna,40,35,35,135,135,51,84,0,135,0,0,0,1.0,1.0,0.0,0.0,0.0,0.9999999999925927,135,0,0,0
sem_erro,mlp,lacuna,40,40,40,118,118,46,72,0,118,0,3,3,0.9745762711864406,0.9745762711864406,0.0,0.0,0.0,0.9745762711781816,115,3,0,0
sem_erro,mlp,lacuna,50,5,5,941,941,385,556,0,941,0,26,26,0.953241232731137,0.953241232731137,0.0,0.0,0.0,0.9532412327301241,897,44,0,0
sem_erro,mlp,lacuna,50,10,10,471,471,194,277,0,471,0,25,25,0.9171974522292994,0.9171974522292994,0.0,0.0,0.0,0.917197452227352,432,39,0,0
sem_erro,mlp,lacuna,50,15,15,314,314,130,184,0,314,0,10,10,0.9585987261146497,0.9585987261146497,0.0,0.0,0.0,0.9585987261115968,301,13,0,0
sem_erro,mlp,lacuna,50,20,20,236,236,98,138,0,236,0,4,4,0.9830508474576272,0.9830508474576272,0.0,0.0,0.0,0.9830508474534617,232,4,0,0
sem_erro,mlp,lacuna,50,25,25,189,189,77,112,0,189,0,13,13,0.9206349206349206,0.9206349206349206,0.0,0.0,0.0,0.9206349206300496,174,15,0,0
sem_erro,mlp,lacuna,50,30,30,157,157,64,93,0,157,0,6,6,0.9554140127388535,0.9554140127388535,0.0,0.0,0.0,0.9554140127327682,150,7,0,0
sem_erro,mlp,lacuna,50,35,35,135,135,55,80,0,135,0,7,7,0.9259259259259259,0.9259259259259259,0.0,0.0,0.0,0.9259259259190673,125,10,0,0
sem_erro,mlp,lacuna,50,40,40,118,118,50,68,0,118,0,4,4,0.9661016949152542,0.9661016949152542,0.0,0.0,0.0,0.9661016949070669,114,4,0,0
sem_erro,mlp,lacuna,50,45,45,105,105,45,60,0,105,0,7,7,0.9333333333333333,0.9333333333333333,0.0,0.0,0.0,0.9333333333244445,98,7,0,0
sem_erro,mlp,lacuna,50,50,50,95,95,38,57,0,95,0,7,7,0.9263157894736842,0.9263157894736842,0.0,0.0,0.0,0.9263157894639334,88,7,0,0
sem_erro,mlp,lacuna,60,5,5,939,939,415,524,0,939,0,11,11,0.9882854100106496,0.9882854100106496,0.0,0.0,0.0,0.9882854100095971,928,11,0,0
sem_erro,mlp,lacuna,60,10,10,470,470,209,261,0,470,0,23,23,0.9127659574468086,0.9127659574468086,0.0,0.0,0.0,0.9127659574448664,429,41,0,0
sem_erro,mlp,lacuna,60,15,15,313,313,138,175,0,313,0,9,9,0.9680511182108626,0.9680511182108626,0.0,0.0,0.0,0.9680511182077698,303,10,0,0
sem_erro,mlp,lacuna,60,20,20,235,235,102,133,0,235,0,3,3,0.9872340425531915,0.9872340425531915,0.0,0.0,0.0,0.9872340425489905,232,3,0,0
sem_erro,mlp,lacuna,60,25,25,188,188,85,103,0,188,0,12,12,0.9148936170212766,0.9148936170212766,0.0,0.0,0.0,0.9148936170164101,172,16,0,0
sem_erro,mlp,lacuna,60,30,30,157,157,70,87,0,157,0,5,5,0.9681528662420382,0.9681528662420382,0.0,0.0,0.0,0.9681528662358717,152,5,0,0
sem_erro,mlp,lacuna,60,35,35,135,135,61,74,0,135,0,6,6,0.9407407407407408,0.9407407407407408,0.0,0.0,0.0,0.9407407407337723,127,8,0,0
sem_erro,mlp,lacuna,60,40,40,118,118,51,67,0,118,0,4,4,0.923728813559322,0.923728813559322,0.0,0.0,0.0,0.9237288135514938,109,9,0,0
sem_erro,mlp,lacuna,60,45,45,105,105,47,58,0,105,0,14,14,0.8285714285714286,0.8285714285714286,0.0,0.0,0.0,0.8285714285635374,87,18,0,0
sem_erro,mlp,lacuna,60,50,50,94,94,43,51,0,94,0,10,10,0.8723404255319149,0.8723404255319149,0.0,0.0,0.0,0.8723404255226347,82,12,0,0
sem_erro,mlp,lacuna,60,55,55,86,86,38,48,0,86,0,6,6,0.9186046511627907,0.9186046511627907,0.0,0.0,0.0,0.9186046511521092,79,7,0,0
sem_erro,mlp,lacuna,60,60,60,79,79,35,44,0,79,0,8,8,0.8227848101265823,0.8227848101265823,0.0,0.0,0.0,0.8227848101161672,65,14,0,0
sem_erro,mlp,lacuna,70,5,5,937,937,445,492,0,937,0,50,50,0.8762006403415155,0.8762006403415155,0.0,0.0,0.0,0.8762006403405803,821,116,0,0
sem_erro,mlp,lacuna,70,10,10,469,469,224,245,0,469,0,10,10,0.9509594882729211,0.9509594882729211,0.0,0.0,0.0,0.9509594882708935,446,23,0,0
sem_erro,mlp,lacuna,70,15,15,313,313,151,162,0,313,0,12,12,0.9169329073482428,0.9169329073482428,0.0,0.0,0.0,0.9169329073453133,287,26,0,0
sem_erro,mlp,lacuna,70,20,20,235,235,113,122,0,235,0,17,17,0.8893617021276595,0.8893617021276595,0.0,0.0,0.0,0.8893617021238751,209,26,0,0
sem_erro,mlp,lacuna,70,25,25,188,188,86,102,0,188,0,10,10,0.925531914893617,0.925531914893617,0.0,0.0,0.0,0.925531914888694,174,14,0,0
sem_erro,mlp,lacuna,70,30,30,157,157,76,81,0,157,0,11,11,0.910828025477707,0.910828025477707,0.0,0.0,0.0,0.9108280254719057,143,14,0,0
sem_erro,mlp,lacuna,70,35,35,134,134,65,69,0,134,0,14,14,0.8208955223880597,0.8208955223880597,0.0,0.0,0.0,0.8208955223819336,110,24,0,0
sem_erro,mlp,lacuna,70,40,40,118,118,58,60,0,118,0,9,9,0.8983050847457628,0.8983050847457628,0.0,0.0,0.0,0.89830508473815,106,12,0,0
sem_erro,mlp,lacuna,70,45,45,105,105,52,53,0,105,0,12,12,0.7904761904761904,0.7904761904761904,0.0,0.0,0.0,0.7904761904686621,83,22,0,0
sem_erro,mlp,lacuna,70,50,50,94,94,43,51,0,94,0,8,8,0.9148936170212766,0.9148936170212766,0.0,0.0,0.0,0.9148936170115437,86,8,0,0
sem_erro,mlp,lacuna,70,55,55,86,86,40,46,0,86,0,7,7,0.872093023255814,0.872093023255814,0.0,0.0,0.0,0.8720930232456733,75,11,0,0
sem_erro,mlp,lacuna,70,60,60,79,79,38,41,0,79,0,7,7,0.8734177215189873,0.8734177215189873,0.0,0.0,0.0,0.8734177215079314,69,10,0,0
sem_erro,mlp,lacuna,70,65,65,73,73,35,38,0,73,0,5,5,0.9041095890410958,0.9041095890410958,0.0,0.0,0.0,0.9041095890287107,66,7,0,0
sem_erro,mlp,lacuna,70,70,70,67,67,35,32,0,67,0,13,13,0.6119402985074627,0.6119402985074627,0.0,0.0,0.0,0.6119402984983292,41,26,0,0
sem_erro,mlp,lacuna,80,5,5,935,935,471,464,0,935,0,28,28,0.9358288770053476,0.9358288770053476,0.0,0.0,0.0,0.9358288770043467,875,60,0,0
sem_erro,mlp,lacuna,80,10,10,468,468,236,232,0,468,0,12,12,0.9551282051282052,0.9551282051282052,0.0,0.0,0.0,0.9551282051261643,447,21,0,0
sem_erro,mlp,lacuna,80,15,15,312,312,159,153,0,312,0,14,14,0.9391025641025641,0.9391025641025641,0.0,0.0,0.0,0.9391025640995542,293,19,0,0
sem_erro,mlp,lacuna,80,20,20,234,234,117,117,0,234,0,19,19,0.8461538461538461,0.8461538461538461,0.0,0.0,0.0,0.8461538461502301,198,36,0,0
sem_erro,mlp,lacuna,80,25,25,187,187,95,92,0,187,0,15,15,0.9037433155080213,0.9037433155080213,0.0,0.0,0.0,0.9037433155031885,169,18,0,0
sem_erro,mlp,lacuna,80,30,30,156,156,78,78,0,156,0,8,8,0.9358974358974359,0.9358974358974359,0.0,0.0,0.0,0.9358974358914366,146,10,0,0
sem_erro,mlp,lacuna,80,35,35,134,134,67,67,0,134,0,13,13,0.8955223880597015,0.8955223880597015,0.0,0.0,0.0,0.8955223880530185,120,14,0,0
sem_erro,mlp,lacuna,80,40,40,117,117,61,56,0,117,0,5,5,0.8632478632478633,0.8632478632478633,0.0,0.0,0.0,0.8632478632404851,101,16,0,0
sem_erro,mlp,lacuna,80,45,45,104,104,54,50,0,104,0,16,16,0.7788461538461539,0.7788461538461539,0.0,0.0,0.0,0.778846153838665,81,23,0,0
sem_erro,mlp,lacuna,80,50,50,94,94,46,48,0,94,0,5,5,0.925531914893617,0.925531914893617,0.0,0.0,0.0,0.925531914883771,87,7,0,0
sem_erro,mlp,lacuna,80,55,55,85,85,43,42,0,85,0,7,7,0.8823529411764706,0.8823529411764706,0.0,0.0,0.0,0.88235294116609,75,10,0,0
sem_erro,mlp,lacuna,80,60,60,78,78,38,40,0,78,0,10,10,0.7564102564102564,0.7564102564102564,0.0,0.0,0.0,0.7564102564005588,59,19,0,0
sem_erro,mlp,lacuna,80,65,65,72,72,36,36,0,72,0,11,11,0.8472222222222222,0.8472222222222222,0.0,0.0,0.0,0.8472222222104552,61,11,0,0
sem_erro,mlp,lacuna,80,70,70,67,67,36,31,0,67,0,11,11,0.7014925373134329,0.7014925373134329,0.0,0.0,0.0,0.7014925373029628,47,20,0,0
sem_erro,mlp,lacuna,80,75,75,63,63,33,30,0,63,0,11,11,0.7619047619047619,0.7619047619047619,0.0,0.0,0.0,0.7619047618926682,48,15,0,0
sem_erro,mlp,lacuna,80,80,80,59,59,30,29,0,59,0,8,8,0.8135593220338984,0.8135593220338984,0.0,0.0,0.0,0.8135593220201092,48,11,0,0
sem_erro,mlp,lacuna,90,5,5,933,933,493,440,0,933,0,43,43,0.909967845659164,0.909967845659164,0.0,0.0,0.0,0.9099678456581887,849,84,0,0
sem_erro,mlp,lacuna,90,10,10,467,467,247,220,0,467,0,29,29,0.8693790149892934,0.8693790149892934,0.0,0.0,0.0,0.8693790149874318,406,61,0,0
sem_erro,mlp,lacuna,90,15,15,311,311,164,147,0,311,0,11,11,0.9614147909967846,0.9614147909967846,0.0,0.0,0.0,0.9614147909936932,299,12,0,0
sem_erro,mlp,lacuna,90,20,20,234,234,124,110,0,234,0,14,14,0.8632478632478633,0.8632478632478633,0.0,0.0,0.0,0.8632478632441742,202,32,0,0
sem_erro,mlp,lacuna,90,25,25,187,187,98,89,0,187,0,18,18,0.8128342245989305,0.8128342245989305,0.0,0.0,0.0,0.8128342245945838,152,35,0,0
sem_erro,mlp,lacuna,90,30,30,156,156,82,74,0,156,0,8,8,0.9166666666666666,0.9166666666666666,0.0,0.0,0.0,0.9166666666607907,143,13,0,0
sem_erro,mlp,lacuna,90,35,35,134,134,72,62,0,134,0,13,13,0.8507462686567164,0.8507462686567164,0.0,0.0,0.0,0.8507462686503676,114,20,0,0
sem_erro,mlp,lacuna,90,40,40,117,117,63,54,0,117,0,8,8,0.9145299145299145,0.9145299145299145,0.0,0.0,0.0,0.914529914522098,107,10,0,0
sem_erro,mlp,lacuna,90,45,45,104,104,56,48,0,104,0,14,14,0.8461538461538461,0.8461538461538461,0.0,0.0,0.0,0.84615384614571,88,16,0,0
sem_erro,mlp,lacuna,90,50,50,94,94,47,47,0,94,0,13,13,0.8297872340425532,0.8297872340425532,0.0,0.0,0.0,0.8297872340337257,78,16,0,0
sem_erro,mlp,lacuna,90,55,55,85,85,46,39,0,85,0,8,8,0.8235294117647058,0.8235294117647058,0.0,0.0,0.0,0.8235294117550173,70,15,0,0
sem_erro,mlp,lacuna,90,60,60,78,78,41,37,0,78,0,9,9,0.7692307692307693,0.7692307692307693,0.0,0.0,0.0,0.7692307692209073,60,18,0,0
sem_erro,mlp,lacuna,90,65,65,72,72,37,35,0,72,0,6,6,0.9166666666666666,0.9166666666666666,0.0,0.0,0.0,0.9166666666539351,66,6,0,0
sem_erro,mlp,lacuna,90,70,70,67,67,37,30,0,67,0,7,7,0.7761194029850746,0.7761194029850746,0.0,0.0,0.0,0.7761194029734907,52,15,0,0
sem_erro,mlp,lacuna,90,75,75,63,63,34,29,0,63,0,7,7,0.8412698412698413,0.8412698412698413,0.0,0.0,0.0,0.8412698412564878,53,10,0,0
sem_erro,mlp,lacuna,90,80,80,59,59,31,28,0,59,0,5,5,0.8305084745762712,0.8305084745762712,0.0,0.0,0.0,0.8305084745621948,49,10,0,0
sem_erro,mlp,lacuna,90,85,85,55,55,30,25,0,55,0,2,2,0.9454545454545454,0.9454545454545454,0.0,0.0,0.0,0.9454545454373554,52,3,0,0
sem_erro,mlp,lacuna,90,90,90,52,52,28,24,0,52,0,5,5,0.8846153846153846,0.8846153846153846,0.0,0.0,0.0,0.8846153845983729,46,6,0,0
sem_erro,mlp,lacuna,100,5,5,931,931,515,416,0,931,0,48,48,0.8442534908700322,0.8442534908700322,0.0,0.0,0.0,0.8442534908691254,786,145,0,0
sem_erro,mlp,lacuna,100,10,10,466,466,258,208,0,466,0,19,19,0.9291845493562232,0.9291845493562232,0.0,0.0,0.0,0.9291845493542292,433,33,0,0
sem_erro,mlp,lacuna,100,15,15,311,311,173,138,0,311,0,19,19,0.8295819935691319,0.8295819935691319,0.0,0.0,0.0,0.8295819935664644,258,53,0,0
sem_erro,mlp,lacuna,100,20,20,233,233,128,105,0,233,0,6,6,0.9184549356223176,0.9184549356223176,0.0,0.0,0.0,0.9184549356183758,214,19,0,0
sem_erro,mlp,lacuna,100,25,25,187,187,102,85,0,187,0,13,13,0.9197860962566845,0.9197860962566845,0.0,0.0,0.0,0.9197860962517659,172,15,0,0
sem_erro,mlp,lacuna,100,30,30,156,156,87,69,0,156,0,13,13,0.8525641025641025,0.8525641025641025,0.0,0.0,0.0,0.8525641025586375,133,23,0,0
sem_erro,mlp,lacuna,100,35,35,133,133,76,57,0,133,0,14,14,0.8195488721804511,0.8195488721804511,0.0,0.0,0.0,0.8195488721742892,109,24,0,0
sem_erro,mlp,lacuna,100,40,40,117,117,64,53,0,117,0,17,17,0.7264957264957265,0.7264957264957265,0.0,0.0,0.0,0.7264957264895171,85,32,0,0
sem_erro,mlp,lacuna,100,45,45,104,104,58,46,0,104,0,11,11,0.7403846153846154,0.7403846153846154,0.0,0.0,0.0,0.7403846153774962,77,27,0,0
sem_erro,mlp,lacuna,100,50,50,94,94,50,44,0,94,0,5,5,0.9468085106382979,0.9468085106382979,0.0,0.0,0.0,0.9468085106282254,89,5,0,0
sem_erro,mlp,lacuna,100,55,55,85,85,47,38,0,85,0,4,4,0.8352941176470589,0.8352941176470589,0.0,0.0,0.0,0.8352941176372318,71,14,0,0
sem_erro,mlp,lacuna,100,60,60,78,78,44,34,0,78,0,8,8,0.7307692307692307,0.7307692307692307,0.0,0.0,0.0,0.7307692307598619,57,21,0,0
sem_erro,mlp,lacuna,100,65,65,72,72,38,34,0,72,0,4,4,0.9166666666666666,0.9166666666666666,0.0,0.0,0.0,0.9166666666539351,66,6,0,0
sem_erro,mlp,lacuna,100,70,70,67,67,39,28,0,67,0,8,8,0.7313432835820896,0.7313432835820896,0.0,0.0,0.0,0.731343283571174,49,18,0,0
sem_erro,mlp,lacuna,100,75,75,63,63,36,27,0,63,0,8,8,0.8095238095238095,0.8095238095238095,0.0,0.0,0.0,0.80952380951096,51,12,0,0
sem_erro,mlp,lacuna,100,80,80,59,59,31,28,0,59,0,8,8,0.711864406779661,0.711864406779661,0.0,0.0,0.0,0.7118644067675955,42,17,0,0
sem_erro,mlp,lacuna,100,85,85,55,55,31,24,0,55,0,10,10,0.7636363636363637,0.7636363636363637,0.0,0.0,0.0,0.7636363636224794,42,13,0,0
sem_erro,mlp,lacuna,100,90,90,52,52,28,24,0,52,0,8,8,0.8076923076923077,0.8076923076923077,0.0,0.0,0.0,0.8076923076767752,42,10,0,0
sem_erro,mlp,lacuna,100,95,95,49,49,28,21,0,49,0,9,9,0.7346938775510204,0.7346938775510204,0.0,0.0,0.0,0.7346938775360267,36,13,0,0
sem_erro,mlp,lacuna,100,100,100,47,47,24,23,0,47,0,8,8,0.6808510638297872,0.6808510638297872,0.0,0.0,0.0,0.6808510638153011,32,15,0,0
sem_erro,mlp,oscilacao,20,5,5,947,947,294,653,0,947,0,37,37,0.925026399155227,0.925026399155227,0.0,0.0,0.0,0.9250263991542502,876,71,0,0
sem_erro,mlp,oscilacao,20,10,10,474,474,147,327,0,474,0,36,36,0.8607594936708861,0.8607594936708861,0.0,0.0,0.0,0.8607594936690701,408,66,0,0
sem_erro,mlp,oscilacao,20,15,15,316,316,98,218,0,316,0,32,32,0.8417721518987342,0.8417721518987342,0.0,0.0,0.0,0.8417721518960704,266,50,0,0
sem_erro,mlp,oscilacao,20,20,20,237,237,73,164,0,237,0,22,22,0.869198312236287,0.869198312236287,0.0,0.0,0.0,0.8691983122326195,206,31,0,0
sem_erro,mlp,oscilacao,30,5,5,945,945,324,621,0,945,0,46,46,0.8613756613756614,0.8613756613756614,0.0,0.0,0.0,0.8613756613747499,814,131,0,0
sem_erro,mlp,oscilacao,30,10,10,473,473,162,311,0,473,0,45,45,0.7928118393234672,0.7928118393234672,0.0,0.0,0.0,0.7928118393217911,375,98,0,0
sem_erro,mlp,oscilacao,30,15,15,315,315,108,207,0,315,0,39,39,0.7936507936507936,0.7936507936507936,0.0,0.0,0.0,0.7936507936482742,250,65,0,0
sem_erro,mlp,oscilacao,30,20,20,237,237,80,157,0,237,0,22,22,0.8734177215189873,0.8734177215189873,0.0,0.0,0.0,0.8734177215153021,207,30,0,0
sem_erro,mlp,oscilacao,30,25,25,189,189,62,127,0,189,0,15,15,0.8941798941798942,0.8941798941798942,0.0,0.0,0.0,0.8941798941751631,169,20,0,0
sem_erro,mlp,oscilacao,30,30,30,158,158,57,101,0,158,0,20,20,0.8227848101265823,0.8227848101265823,0.0,0.0,0.0,0.8227848101213748,130,28,0,0
sem_erro,mlp,oscilacao,40,5,5,943,943,354,589,0,943,0,53,53,0.7815482502651113,0.7815482502651113,0.0,0.0,0.0,0.7815482502642825,737,206,0,0
sem_erro,mlp,oscilacao,40,10,10,472,472,177,295,0,472,0,25,25,0.923728813559322,0.923728813559322,0.0,0.0,0.0,0.923728813557365,436,36,0,0
sem_erro,mlp,oscilacao,40,15,15,315,315,119,196,0,315,0,33,33,0.7492063492063492,0.7492063492063492,0.0,0.0,0.0,0.7492063492039708,236,79,0,0
sem_erro,mlp,oscilacao,40,20,20,236,236,88,148,0,236,0,12,12,0.9322033898305084,0.9322033898305084,0.0,0.0,0.0,0.9322033898265585,220,16,0,0
sem_erro,mlp,oscilacao,40,25,25,189,189,69,120,0,189,0,14,14,0.8783068783068783,0.8783068783068783,0.0,0.0,0.0,0.8783068783022312,166,23,0,0
sem_erro,mlp,oscilacao,40,30,30,158,158,60,98,0,158,0,19,19,0.7974683544303798,0.7974683544303798,0.0,0.0,0.0,0.7974683544253325,126,32,0,0
sem_erro,mlp,oscilacao,40,35,35,135,135,48,87,0,135,0,14,14,0.8518518518518519,0.8518518518518519,0.0,0.0,0.0,0.8518518518455419,115,20,0,0
sem_erro,mlp,oscilacao,40,40,40,118,118,43,75,0,118,0,13,13,0.864406779661017,0.864406779661017,0.0,0.0,0.0,0.8644067796536914,102,16,0,0
sem_erro,mlp,oscilacao,50,5,5,941,941,384,557,0,941,0,58,58,0.8533475026567482,0.8533475026567482,0.0,0.0,0.0,0.8533475026558413,803,138,0,0
sem_erro,mlp,oscilacao,50,10,10,471,471,192,279,0,471,0,61,61,0.49469214437367304,0.49469214437367304,0.0,0.0,0.0,0.49469214437262277,233,238,0,0
sem_erro,mlp,oscilacao,50,15,15,314,314,128,186,0,314,0,27,27,0.8662420382165605,0.8662420382165605,0.0,0.0,0.0,0.8662420382138019,272,42,0,0
sem_erro,mlp,oscilacao,50,20,20,236,236,95,141,0,236,0,28,28,0.8347457627118644,0.8347457627118644,0.0,0.0,0.0,0.8347457627083273,197,39,0,0
sem_erro,mlp,oscilacao,50,25,25,189,189,78,111,0,189,0,19,19,0.8306878306878307,0.8306878306878307,0.0,0.0,0.0,0.8306878306834355,157,32,0,0
sem_erro,mlp,oscilacao,50,30,30,157,157,65,92,0,157,0,26,26,0.7070063694267515,0.7070063694267515,0.0,0.0,0.0,0.7070063694222484,111,46,0,0
sem_erro,mlp,oscilacao,50,35,35,135,135,52,83,0,135,0,14,14,0.8518518518518519,0.8518518518518519,0.0,0.0,0.0,0.8518518518455419,115,20,0,0
sem_erro,mlp,oscilacao,50,40,40,118,118,44,74,0,118,0,13,13,0.864406779661017,0.864406779661017,0.0,0.0,0.0,0.8644067796536914,102,16,0,0
sem_erro,mlp,oscilacao,50,45,45,105,105,39,66,0,105,0,10,10,0.8666666666666667,0.8666666666666667,0.0,0.0,0.0,0.8666666666584126,91,14,0,0
sem_erro,mlp,oscilacao,50,50,50,95,95,39,56,0,95,0,15,15,0.7894736842105263,0.7894736842105263,0.0,0.0,0.0,0.7894736842022161,75,20,0,0
sem_erro,mlp,oscilacao,60,5,5,939,939,412,527,0,939,0,68,68,0.8168264110756124,0.8168264110756124,0.0,0.0,0.0,0.8168264110747425,767,172,0,0
sem_erro,mlp,oscilacao,60,10,10,470,470,206,264,0,470,0,28,28,0.8468085106382979,0.8468085106382979,0.0,0.0,0.0,0.8468085106364962,398,72,0,0
sem_erro,mlp,oscilacao,60,15,15,313,313,137,176,0,313,0,37,37,0.7507987220447284,0.7507987220447284,0.0,0.0,0.0,0.7507987220423298,235,78,0,0
sem_erro,mlp,oscilacao,60,20,20,235,235,102,133,0,235,0,15,15,0.851063829787234,0.851063829787234,0.0,0.0,0.0,0.8510638297836125,200,35,0,0
sem_erro,mlp,oscilacao,60,25,25,188,188,80,108,0,188,0,24,24,0.7925531914893617,0.7925531914893617,0.0,0.0,0.0,0.792553191485146,149,39,0,0
sem_erro,mlp,oscilacao,60,30,30,157,157,72,85,0,157,0,25,25,0.7643312101910829,0.7643312101910829,0.0,0.0,0.0,0.7643312101862145,120,37,0,0
sem_erro,mlp,oscilacao,60,35,35,135,135,59,76,0,135,0,13,13,0.8592592592592593,0.8592592592592593,0.0,0.0,0.0,0.8592592592528945,116,19,0,0
sem_erro,mlp,oscilacao,60,40,40,118,118,51,67,0,118,0,14,14,0.8220338983050848,0.8220338983050848,0.0,0.0,0.0,0.8220338982981183,97,21,0,0
sem_erro,mlp,oscilacao,60,45,45,105,105,44,61,0,105,0,13,13,0.8285714285714286,0.8285714285714286,0.0,0.0,0.0,0.8285714285635374,87,18,0,0
sem_erro,mlp,oscilacao,60,50,50,94,94,39,55,0,94,0,10,10,0.851063829787234,0.851063829787234,0.0,0.0,0.0,0.8510638297781802,80,14,0,0
sem_erro,mlp,oscilacao,60,55,55,86,86,41,45,0,86,0,14,14,0.7906976744186046,0.7906976744186046,0.0,0.0,0.0,0.7906976744094104,68,18,0,0
sem_erro,mlp,oscilacao,60,60,60,79,79,36,43,0,79,0,9,9,0.8227848101265823,0.8227848101265823,0.0,0.0,0.0,0.8227848101161672,65,14,0,0
sem_erro,mlp,oscilacao,70,5,5,937,937,439,498,0,937,0,37,37,0.8815368196371398,0.8815368196371398,0.0,0.0,0.0,0.881536819636199,826,111,0,0
sem_erro,mlp,oscilacao,70,10,10,469,469,220,249,0,469,0,58,58,0.55863539445629,0.55863539445629,0.0,0.0,0.0,0.5586353944550989,262,207,0,0
sem_erro,mlp,oscilacao,70,15,15,313,313,147,166,0,313,0,37,37,0.7028753993610224,0.7028753993610224,0.0,0.0,0.0,0.7028753993587767,220,93,0,0
sem_erro,mlp,oscilacao,70,20,20,235,235,109,126,0,235,0,15,15,0.8851063829787233,0.8851063829787233,0.0,0.0,0.0,0.885106382974957,208,27,0,0
sem_erro,mlp,oscilacao,70,25,25,188,188,86,102,0,188,0,26,26,0.7553191489361702,0.7553191489361702,0.0,0.0,0.0,0.7553191489321526,142,46,0,0
sem_erro,mlp,oscilacao,70,30,30,157,157,75,82,0,157,0,24,24,0.7388535031847133,0.7388535031847133,0.0,0.0,0.0,0.7388535031800073,116,41,0,0
sem_erro,mlp,oscilacao,70,35,35,134,134,62,72,0,134,0,22,22,0.6940298507462687,0.6940298507462687,0.0,0.0,0.0,0.6940298507410894,93,41,0,0
sem_erro,mlp,oscilacao,70,40,40,118,118,57,61,0,118,0,20,20,0.7033898305084746,0.7033898305084746,0.0,0.0,0.0,0.7033898305025136,83,35,0,0
sem_erro,mlp,oscilacao,70,45,45,105,105,50,55,0,105,0,19,19,0.7142857142857143,0.7142857142857143,0.0,0.0,0.0,0.7142857142789115,75,30,0,0
sem_erro,mlp,oscilacao,70,50,50,94,94,41,53,0,94,0,12,12,0.8085106382978723,0.8085106382978723,0.0,0.0,0.0,0.8085106382892712,76,18,0,0
sem_erro,mlp,oscilacao,70,55,55,86,86,44,42,0,86,0,16,16,0.7325581395348837,0.7325581395348837,0.0,0.0,0.0,0.7325581395263656,63,23,0,0
sem_erro,mlp,oscilacao,70,60,60,79,79,37,42,0,79,0,12,12,0.7721518987341772,0.7721518987341772,0.0,0.0,0.0,0.7721518987244032,61,18,0,0
sem_erro,mlp,oscilacao,70,65,65,73,73,33,40,0,73,0,10,10,0.7945205479452054,0.7945205479452054,0.0,0.0,0.0,0.7945205479343216,58,15,0,0
sem_erro,mlp,oscilacao,70,70,70,67,67,31,36,0,67,0,9,9,0.6417910447761194,0.6417910447761194,0.0,0.0,0.0,0.6417910447665404,43,24,0,0
sem_erro,mlp,oscilacao,80,5,5,935,935,463,472,0,935,0,99,99,0.6887700534759358,0.6887700534759358,0.0,0.0,0.0,0.6887700534751992,644,291,0,0
sem_erro,mlp,oscilacao,80,10,10,468,468,232,236,0,468,0,60,60,0.655982905982906,0.655982905982906,0.0,0.0,0.0,0.6559829059815043,307,161,0,0
sem_erro,mlp,oscilacao,80,15,15,312,312,154,158,0,312,0,42,42,0.5961538461538461,0.5961538461538461,0.0,0.0,0.0,0.5961538461519355,186,126,0,0
sem_erro,mlp,oscilacao,80,20,20,234,234,115,119,0,234,0,28,28,0.7478632478632479,0.7478632478632479,0.0,0.0,0.0,0.7478632478600519,175,59,0,0
sem_erro,mlp,oscilacao,80,25,25,187,187,90,97,0,187,0,17,17,0.8181818181818182,0.8181818181818182,0.0,0.0,0.0,0.818181818177443,153,34,0,0
sem_erro,mlp,oscilacao,80,30,30,156,156,78,78,0,156,0,22,22,0.6858974358974359,0.6858974358974359,0.0,0.0,0.0,0.6858974358930392,107,49,0,0
sem_erro,mlp,oscilacao,80,35,35,134,134,66,68,0,134,0,17,17,0.7686567164179104,0.7686567164179104,0.0,0.0,0.0,0.7686567164121743,103,31,0,0
sem_erro,mlp,oscilacao,80,40,40,117,117,57,60,0,117,0,19,19,0.6495726495726496,0.6495726495726496,0.0,0.0,0.0,0.6495726495670977,76,41,0,0
sem_erro,mlp,oscilacao,80,45,45,104,104,53,51,0,104,0,18,18,0.7019230769230769,0.7019230769230769,0.0,0.0,0.0,0.7019230769163276,73,31,0,0
sem_erro,mlp,oscilacao,80,50,50,94,94,44,50,0,94,0,19,19,0.6702127659574468,0.6702127659574468,0.0,0.0,0.0,0.6702127659503169,63,31,0,0
sem_erro,mlp,oscilacao,80,55,55,85,85,43,42,0,85,0,13,13,0.8117647058823529,0.8117647058823529,0.0,0.0,0.0,0.8117647058728027,69,16,0,0
sem_erro,mlp,oscilacao,80,60,60,78,78,37,41,0,78,0,17,17,0.6794871794871795,0.6794871794871795,0.0,0.0,0.0,0.679487179478468,53,25,0,0
sem_erro,mlp,oscilacao,80,65,65,72,72,35,37,0,72,0,10,10,0.8194444444444444,0.8194444444444444,0.0,0.0,0.0,0.8194444444330632,59,13,0,0
sem_erro,mlp,oscilacao,80,70,70,67,67,32,35,0,67,0,14,14,0.7313432835820896,0.7313432835820896,0.0,0.0,0.0,0.731343283571174,49,18,0,0
sem_erro,mlp,oscilacao,80,75,75,63,63,29,34,0,63,0,15,15,0.6666666666666666,0.6666666666666666,0.0,0.0,0.0,0.6666666666560846,42,21,0,0
sem_erro,mlp,oscilacao,80,80,80,59,59,29,30,0,59,0,13,13,0.711864406779661,0.711864406779661,0.0,0.0,0.0,0.7118644067675955,42,17,0,0
sem_erro,mlp,oscilacao,90,5,5,933,933,487,446,0,933,0,75,75,0.7663451232583065,0.7663451232583065,0.0,0.0,0.0,0.7663451232574852,715,218,0,0
sem_erro,mlp,oscilacao,90,10,10,467,467,244,223,0,467,0,65,65,0.5610278372591007,0.5610278372591007,0.0,0.0,0.0,0.5610278372578993,262,205,0,0
sem_erro,mlp,oscilacao,90,15,15,311,311,162,149,0,311,0,26,26,0.8167202572347267,0.8167202572347267,0.0,0.0,0.0,0.8167202572321006,254,57,0,0
sem_erro,mlp,oscilacao,90,20,20,234,234,121,113,0,234,0,16,16,0.8888888888888888,0.8888888888888888,0.0,0.0,0.0,0.8888888888850902,208,26,0,0
sem_erro,mlp,oscilacao,90,25,25,187,187,96,91,0,187,0,22,22,0.7272727272727273,0.7272727272727273,0.0,0.0,0.0,0.7272727272688382,136,51,0,0
sem_erro,mlp,oscilacao,90,30,30,156,156,84,72,0,156,0,25,25,0.6730769230769231,0.6730769230769231,0.0,0.0,0.0,0.6730769230726086,105,51,0,0
sem_erro,mlp,oscilacao,90,35,35,134,134,69,65,0,134,0,21,21,0.7388059701492538,0.7388059701492538,0.0,0.0,0.0,0.7388059701437403,99,35,0,0
sem_erro,mlp,oscilacao,90,40,40,117,117,58,59,0,117,0,18,18,0.717948717948718,0.717948717948718,0.0,0.0,0.0,0.7179487179425816,84,33,0,0
sem_erro,mlp,oscilacao,90,45,45,104,104,53,51,0,104,0,17,17,0.7307692307692307,0.7307692307692307,0.0,0.0,0.0,0.7307692307622041,76,28,0,0
sem_erro,mlp,oscilacao,90,50,50,94,94,50,44,0,94,0,24,24,0.5638297872340425,0.5638297872340425,0.0,0.0,0.0,0.5638297872280443,53,41,0,0
sem_erro,mlp,oscilacao,90,55,55,85,85,46,39,0,85,0,16,16,0.6588235294117647,0.6588235294117647,0.0,0.0,0.0,0.6588235294040138,56,29,0,0
sem_erro,mlp,oscilacao,90,60,60,78,78,39,39,0,78,0,15,15,0.6410256410256411,0.6410256410256411,0.0,0.0,0.0,0.6410256410174228,50,28,0,0
sem_erro,mlp,oscilacao,90,65,65,72,72,36,36,0,72,0,12,12,0.8055555555555556,0.8055555555555556,0.0,0.0,0.0,0.8055555555443672,58,14,0,0
sem_erro,mlp,oscilacao,90,70,70,67,67,34,33,0,67,0,14,14,0.6716417910447762,0.6716417910447762,0.0,0.0,0.0,0.6716417910347516,45,22,0,0
sem_erro,mlp,oscilacao,90,75,75,63,63,32,31,0,63,0,15,15,0.6507936507936508,0.6507936507936508,0.0,0.0,0.0,0.6507936507833207,41,22,0,0
sem_erro,mlp,oscilacao,90,80,80,59,59,29,30,0,59,0,11,11,0.6779661016949152,0.6779661016949152,0.0,0.0,0.0,0.6779661016834243,40,19,0,0
sem_erro,mlp,oscilacao,90,85,85,55,55,26,29,0,55,0,9,9,0.8,0.8,0.0,0.0,0.0,0.7999999999854546,44,11,0,0
sem_erro,mlp,oscilacao,90,90,90,52,52,25,27,0,52,0,11,11,0.7307692307692307,0.7307692307692307,0.0,0.0,0.0,0.7307692307551775,38,14,0,0
sem_erro,mlp,oscilacao,100,5,5,931,931,509,422,0,931,0,55,55,0.8614393125671321,0.8614393125671321,0.0,0.0,0.0,0.8614393125662069,802,129,0,0
sem_erro,mlp,oscilacao,100,10,10,466,466,255,211,0,466,0,48,48,0.723175965665236,0.723175965665236,0.0,0.0,0.0,0.7231759656636841,337,129,0,0
sem_erro,mlp,oscilacao,100,15,15,311,311,170,141,0,311,0,33,33,0.8231511254019293,0.8231511254019293,0.0,0.0,0.0,0.8231511253992825,256,55,0,0
sem_erro,mlp,oscilacao,100,20,20,233,233,126,107,0,233,0,15,15,0.8669527896995708,0.8669527896995708,0.0,0.0,0.0,0.86695278969585,202,31,0,0
sem_erro,mlp,oscilacao,100,25,25,187,187,103,84,0,187,0,19,19,0.7058823529411765,0.7058823529411765,0.0,0.0,0.0,0.7058823529374018,132,55,0,0
sem_erro,mlp,oscilacao,100,30,30,156,156,87,69,0,156,0,27,27,0.6730769230769231,0.6730769230769231,0.0,0.0,0.0,0.6730769230726086,105,51,0,0
sem_erro,mlp,oscilacao,100,35,35,133,133,73,60,0,133,0,18,18,0.6842105263157895,0.6842105263157895,0.0,0.0,0.0,0.684210526310645,91,42,0,0
sem_erro,mlp,oscilacao,100,40,40,117,117,63,54,0,117,0,15,15,0.717948717948718,0.717948717948718,0.0,0.0,0.0,0.7179487179425816,84,33,0,0
sem_erro,mlp,oscilacao,100,45,45,104,104,55,49,0,104,0,19,19,0.7211538461538461,0.7211538461538461,0.0,0.0,0.0,0.7211538461469119,75,29,0,0
sem_erro,mlp,oscilacao,100,50,50,94,94,52,42,0,94,0,9,9,0.8085106382978723,0.8085106382978723,0.0,0.0,0.0,0.8085106382892712,76,18,0,0
sem_erro,mlp,oscilacao,100,55,55,85,85,49,36,0,85,0,13,13,0.6705882352941176,0.6705882352941176,0.0,0.0,0.0,0.6705882352862284,57,28,0,0
sem_erro,mlp,oscilacao,100,60,60,78,78,41,37,0,78,0,12,12,0.6794871794871795,0.6794871794871795,0.0,0.0,0.0,0.679487179478468,53,25,0,0
sem_erro,mlp,oscilacao,100,65,65,72,72,40,32,0,72,0,15,15,0.6944444444444444,0.6944444444444444,0.0,0.0,0.0,0.6944444444347994,50,22,0,0
sem_erro,mlp,oscilacao,100,70,70,67,67,36,31,0,67,0,14,14,0.6268656716417911,0.6268656716417911,0.0,0.0,0.0,0.6268656716324348,42,25,0,0
sem_erro,mlp,oscilacao,100,75,75,63,63,37,26,0,63,0,12,12,0.6507936507936508,0.6507936507936508,0.0,0.0,0.0,0.6507936507833207,41,22,0,0
sem_erro,mlp,oscilacao,100,80,80,59,59,32,27,0,59,0,10,10,0.6101694915254238,0.6101694915254238,0.0,0.0,0.0,0.6101694915150819,36,23,0,0
sem_erro,mlp,oscilacao,100,85,85,55,55,29,26,0,55,0,11,11,0.7090909090909091,0.7090909090909091,0.0,0.0,0.0,0.7090909090780165,39,16,0,0
sem_erro,mlp,oscilacao,100,90,90,52,52,27,25,0,52,0,12,12,0.6538461538461539,0.6538461538461539,0.0,0.0,0.0,0.6538461538335799,34,18,0,0
sem_erro,mlp,oscilacao,100,95,95,49,49,25,24,0,49,0,8,8,0.7959183673469388,0.7959183673469388,0.0,0.0,0.0,0.7959183673306957,39,10,0,0
sem_erro,mlp,oscilacao,100,100,100,47,47,26,21,0,47,0,11,11,0.5957446808510638,0.5957446808510638,0.0,0.0,0.0,0.5957446808383885,28,19,0,0
sem_erro,mlp,queda,20,5,5,947,947,247,700,0,947,0,55,55,0.8954593453009504,0.8954593453009504,0.0,0.0,0.0,0.8954593453000048,848,99,0,0
sem_erro,mlp,queda,20,10,10,474,474,127,347,0,474,0,33,33,0.869198312236287,0.869198312236287,0.0,0.0,0.0,0.8691983122344532,412,62,0,0
sem_erro,mlp,queda,20,15,15,316,316,80,236,0,316,0,32,32,0.8512658227848101,0.8512658227848101,0.0,0.0,0.0,0.8512658227821163,269,47,0,0
sem_erro,mlp,queda,20,20,20,237,237,63,174,0,237,0,46,46,0.5864978902953587,0.5864978902953587,0.0,0.0,0.0,0.586497890292884,139,98,0,0
sem_erro,mlp,queda,30,5,5,945,945,290,655,0,945,0,60,60,0.8476190476190476,0.8476190476190476,0.0,0.0,0.0,0.8476190476181507,801,144,0,0
sem_erro,mlp,queda,30,10,10,473,473,148,325,0,473,0,60,60,0.7378435517970402,0.7378435517970402,0.0,0.0,0.0,0.7378435517954802,349,124,0,0
sem_erro,mlp,queda,30,15,15,315,315,93,222,0,315,0,27,27,0.8539682539682539,0.8539682539682539,0.0,0.0,0.0,0.853968253965543,269,46,0,0
sem_erro,mlp,queda,30,20,20,237,237,76,161,0,237,0,40,40,0.379746835443038,0.379746835443038,0.0,0.0,0.0,0.37974683544143567,90,147,0,0
sem_erro,mlp,queda,30,25,25,189,189,59,130,0,189,0,26,26,0.7936507936507936,0.7936507936507936,0.0,0.0,0.0,0.7936507936465945,150,39,0,0
sem_erro,mlp,queda,30,30,30,158,158,48,110,0,158,0,24,24,0.7784810126582279,0.7784810126582279,0.0,0.0,0.0,0.7784810126533008,123,35,0,0
sem_erro,mlp,queda,40,5,5,943,943,328,615,0,943,0,70,70,0.8377518557794273,0.8377518557794273,0.0,0.0,0.0,0.837751855778539,790,153,0,0
sem_erro,mlp,queda,40,10,10,472,472,167,305,0,472,0,47,47,0.8050847457627118,0.8050847457627118,0.0,0.0,0.0,0.8050847457610062,380,92,0,0
sem_erro,mlp,queda,40,15,15,315,315,109,206,0,315,0,47,47,0.6761904761904762,0.6761904761904762,0.0,0.0,0.0,0.6761904761883296,213,102,0,0
sem_erro,mlp,queda,40,20,20,236,236,83,153,0,236,0,46,46,0.6694915254237288,0.6694915254237288,0.0,0.0,0.0,0.669491525420892,158,78,0,0
sem_erro,mlp,queda,40,25,25,189,189,65,124,0,189,0,27,27,0.6878306878306878,0.6878306878306878,0.0,0.0,0.0,0.6878306878270486,130,59,0,0
sem_erro,mlp,queda,40,30,30,158,158,55,103,0,158,0,28,28,0.7151898734177216,0.7151898734177216,0.0,0.0,0.0,0.7151898734131951,113,45,0,0
sem_erro,mlp,queda,40,35,35,135,135,47,88,0,135,0,25,25,0.725925925925926,0.725925925925926,0.0,0.0,0.0,0.7259259259205487,98,37,0,0
sem_erro,mlp,queda,40,40,40,118,118,40,78,0,118,0,22,22,0.7711864406779662,0.7711864406779662,0.0,0.0,0.0,0.7711864406714306,91,27,0,0
sem_erro,mlp,queda,50,5,5,941,941,365,576,0,941,0,85,85,0.5313496280552603,0.5313496280552603,0.0,0.0,0.0,0.5313496280546957,500,441,0,0
sem_erro,mlp,queda,50,10,10,471,471,185,286,0,471,0,12,12,0.04246284501061571,0.04246284501061571,0.0,0.0,0.0,0.04246284501052556,20,451,0,0
sem_erro,mlp,queda,50,15,15,314,314,118,196,0,314,0,25,25,0.821656050955414,0.821656050955414,0.0,0.0,0.0,0.8216560509527973,258,56,0,0
sem_erro,mlp,queda,50,20,20,236,236,94,142,0,236,0,30,30,0.2033898305084746,0.2033898305084746,0.0,0.0,0.0,0.20338983050761275,48,188,0,0
sem_erro,mlp,queda,50,25,25,189,189,74,115,0,189,0,35,35,0.582010582010582,0.582010582010582,0.0,0.0,0.0,0.5820105820075027,110,79,0,0
sem_erro,mlp,queda,50,30,30,157,157,59,98,0,157,0,29,29,0.6369426751592356,0.6369426751592356,0.0,0.0,0.0,0.6369426751551788,100,57,0,0
sem_erro,mlp,queda,50,35,35,135,135,51,84,0,135,0,23,23,0.674074074074074,0.674074074074074,0.0,0.0,0.0,0.6740740740690809,91,44,0,0
sem_erro,mlp,queda,50,40,40,118,118,47,71,0,118,0,26,26,0.6186440677966102,0.6186440677966102,0.0,0.0,0.0,0.6186440677913674,73,45,0,0
sem_erro,mlp,queda,50,45,45,105,105,42,63,0,105,0,22,22,0.5714285714285714,0.5714285714285714,0.0,0.0,0.0,0.5714285714231292,60,45,0,0
sem_erro,mlp,queda,50,50,50,95,95,41,54,0,95,0,22,22,0.631578947368421,0.631578947368421,0.0,0.0,0.0,0.6315789473617728,60,35,0,0
sem_erro,mlp,queda,60,5,5,939,939,400,539,0,939,0,77,77,0.7550585729499467,0.7550585729499467,0.0,0.0,0.0,0.7550585729491427,709,230,0,0
sem_erro,mlp,queda,60,10,10,470,470,203,267,0,470,0,58,58,0.6212765957446809,0.6212765957446809,0.0,0.0,0.0,0.621276595743359,292,178,0,0
sem_erro,mlp,queda,60,15,15,313,313,130,183,0,313,0,41,41,0.7603833865814696,0.7603833865814696,0.0,0.0,0.0,0.7603833865790404,238,75,0,0
sem_erro,mlp,queda,60,20,20,235,235,101,134,0,235,0,22,22,0.251063829787234,0.251063829787234,0.0,0.0,0.0,0.2510638297861657,59,176,0,0
sem_erro,mlp,queda,60,25,25,188,188,78,110,0,188,0,31,31,0.5691489361702128,0.5691489361702128,0.0,0.0,0.0,0.5691489361671854,107,81,0,0
sem_erro,mlp,queda,60,30,30,157,157,66,91,0,157,0,34,34,0.4840764331210191,0.4840764331210191,0.0,0.0,0.0,0.48407643311793586,76,81,0,0
sem_erro,mlp,queda,60,35,35,135,135,59,76,0,135,0,23,23,0.5185185185185185,0.5185185185185185,0.0,0.0,0.0,0.5185185185146777,70,65,0,0
sem_erro,mlp,queda,60,40,40,118,118,49,69,0,118,0,23,23,0.711864406779661,0.711864406779661,0.0,0.0,0.0,0.7118644067736283,84,34,0,0
sem_erro,mlp,queda,60,45,45,105,105,46,59,0,105,0,26,26,0.4666666666666667,0.4666666666666667,0.0,0.0,0.0,0.46666666666222223,49,56,0,0
sem_erro,mlp,queda,60,50,50,94,94,40,54,0,94,0,22,22,0.6702127659574468,0.6702127659574468,0.0,0.0,0.0,0.6702127659503169,63,31,0,0
sem_erro,mlp,queda,60,55,55,86,86,36,50,0,86,0,17,17,0.43023255813953487,0.43023255813953487,0.0,0.0,0.0,0.43023255813453215,37,49,0,0
sem_erro,mlp,queda,60,60,60,79,79,34,45,0,79,0,21,21,0.6455696202531646,0.6455696202531646,0.0,0.0,0.0,0.6455696202449928,51,28,0,0
sem_erro,mlp,queda,70,5,5,937,937,430,507,0,937,0,83,83,0.5624332977588047,0.5624332977588047,0.0,0.0,0.0,0.5624332977582045,527,410,0,0
sem_erro,mlp,queda,70,10,10,469,469,218,251,0,469,0,41,41,0.15565031982942432,0.15565031982942432,0.0,0.0,0.0,0.15565031982909244,73,396,0,0
sem_erro,mlp,queda,70,15,15,313,313,144,169,0,313,0,64,64,0.5399361022364217,0.5399361022364217,0.0,0.0,0.0,0.5399361022346967,169,144,0,0
sem_erro,mlp,queda,70,20,20,235,235,109,126,0,235,0,16,16,0.09787234042553192,0.09787234042553192,0.0,0.0,0.0,0.09787234042511544,23,212,0,0
sem_erro,mlp,queda,70,25,25,188,188,85,103,0,188,0,36,36,0.5212765957446809,0.5212765957446809,0.0,0.0,0.0,0.5212765957419081,98,90,0,0
sem_erro,mlp,queda,70,30,30,157,157,73,84,0,157,0,28,28,0.5605095541401274,0.5605095541401274,0.0,0.0,0.0,0.5605095541365573,88,69,0,0
sem_erro,mlp,queda,70,35,35,134,134,62,72,0,134,0,28,28,0.5223880597014925,0.5223880597014925,0.0,0.0,0.0,0.5223880596975942,70,64,0,0
sem_erro,mlp,queda,70,40,40,118,118,53,65,0,118,0,22,22,0.4322033898305085,0.4322033898305085,0.0,0.0,0.0,0.4322033898268457,51,67,0,0
sem_erro,mlp,queda,70,45,45,105,105,50,55,0,105,0,17,17,0.5238095238095238,0.5238095238095238,0.0,0.0,0.0,0.5238095238045352,55,50,0,0
sem_erro,mlp,queda,70,50,50,94,94,42,52,0,94,0,20,20,0.5425531914893617,0.5425531914893617,0.0,0.0,0.0,0.5425531914835898,51,43,0,0
sem_erro,mlp,queda,70,55,55,86,86,40,46,0,86,0,18,18,0.5813953488372093,0.5813953488372093,0.0,0.0,0.0,0.5813953488304489,50,36,0,0
sem_erro,mlp,queda,70,60,60,79,79,37,42,0,79,0,21,21,0.5949367088607594,0.5949367088607594,0.0,0.0,0.0,0.5949367088532286,47,32,0,0
sem_erro,mlp,queda,70,65,65,73,73,33,40,0,73,0,19,19,0.5205479452054794,0.5205479452054794,0.0,0.0,0.0,0.5205479451983487,38,35,0,0
sem_erro,mlp,queda,70,70,70,67,67,33,34,0,67,0,19,19,0.5970149253731343,0.5970149253731343,0.0,0.0,0.0,0.5970149253642236,40,27,0,0
sem_erro,mlp,queda,80,5,5,935,935,458,477,0,935,0,74,74,0.4855614973262032,0.4855614973262032,0.0,0.0,0.0,0.4855614973256839,454,481,0,0
sem_erro,mlp,queda,80,10,10,468,468,232,236,0,468,0,36,36,0.16452991452991453,0.16452991452991453,0.0,0.0,0.0,0.16452991452956298,77,391,0,0
sem_erro,mlp,queda,80,15,15,312,312,150,162,0,312,0,39,39,0.38782051282051283,0.38782051282051283,0.0,0.0,0.0,0.3878205128192698,121,191,0,0
sem_erro,mlp,queda,80,20,20,234,234,115,119,0,234,0,20,20,0.1111111111111111,0.1111111111111111,0.0,0.0,0.0,0.11111111111063628,26,208,0,0
sem_erro,mlp,queda,80,25,25,187,187,93,94,0,187,0,29,29,0.40641711229946526,0.40641711229946526,0.0,0.0,0.0,0.4064171122972919,76,111,0,0
sem_erro,mlp,queda,80,30,30,156,156,76,80,0,156,0,22,22,0.391025641025641,0.391025641025641,0.0,0.0,0.0,0.3910256410231345,61,95,0,0
sem_erro,mlp,queda,80,35,35,134,134,64,70,0,134,0,25,25,0.44776119402985076,0.44776119402985076,0.0,0.0,0.0,0.44776119402650927,60,74,0,0
sem_erro,mlp,queda,80,40,40,117,117,58,59,0,117,0,24,24,0.4444444444444444,0.4444444444444444,0.0,0.0,0.0,0.44444444444064574,52,65,0,0
sem_erro,mlp,queda,80,45,45,104,104,51,53,0,104,0,17,17,0.4326923076923077,0.4326923076923077,0.0,0.0,0.0,0.43269230768814715,45,59,0,0
sem_erro,mlp,queda,80,50,50,94,94,48,46,0,94,0,16,16,0.43617021276595747,0.43617021276595747,0.0,0.0,0.0,0.43617021276131734,41,53,0,0
sem_erro,mlp,queda,80,55,55,85,85,41,44,0,85,0,19,19,0.4588235294117647,0.4588235294117647,0.0,0.0,0.0,0.4588235294063668,39,46,0,0
sem_erro,mlp,queda,80,60,60,78,78,37,41,0,78,0,18,18,0.46153846153846156,0.46153846153846156,0.0,0.0,0.0,0.46153846153254435,36,42,0,0
sem_erro,mlp,queda,80,65,65,72,72,33,39,0,72,0,15,15,0.4722222222222222,0.4722222222222222,0.0,0.0,0.0,0.47222222221566357,34,38,0,0
sem_erro,mlp,queda,80,70,70,67,67,33,34,0,67,0,16,16,0.5671641791044776,0.5671641791044776,0.0,0.0,0.0,0.5671641790960125,38,29,0,0
sem_erro,mlp,queda,80,75,75,63,63,29,34,0,63,0,13,13,0.31746031746031744,0.31746031746031744,0.0,0.0,0.0,0.3174603174552784,20,43,0,0
sem_erro,mlp,queda,80,80,80,59,59,30,29,0,59,0,11,11,0.3728813559322034,0.3728813559322034,0.0,0.0,0.0,0.3728813559258834,22,37,0,0
sem_erro,mlp,queda,90,5,5,933,933,485,448,0,933,0,39,39,0.17256162915326903,0.17256162915326903,0.0,0.0,0.0,0.17256162915308407,161,772,0,0
sem_erro,mlp,queda,90,10,10,467,467,245,222,0,467,0,55,55,0.2698072805139186,0.2698072805139186,0.0,0.0,0.0,0.2698072805133409,126,341,0,0
sem_erro,mlp,queda,90,15,15,311,311,160,151,0,311,0,33,33,0.2733118971061093,0.2733118971061093,0.0,0.0,0.0,0.2733118971052305,85,226,0,0
sem_erro,mlp,queda,90,20,20,234,234,123,111,0,234,0,47,47,0.4358974358974359,0.4358974358974359,0.0,0.0,0.0,0.4358974358955731,102,132,0,0
sem_erro,mlp,queda,90,25,25,187,187,96,91,0,187,0,30,30,0.44919786096256686,0.44919786096256686,0.0,0.0,0.0,0.44919786096016473,84,103,0,0
sem_erro,mlp,queda,90,30,30,156,156,81,75,0,156,0,27,27,0.4807692307692308,0.4807692307692308,0.0,0.0,0.0,0.48076923076614897,75,81,0,0
sem_erro,mlp,queda,90,35,35,134,134,70,64,0,134,0,27,27,0.4253731343283582,0.4253731343283582,0.0,0.0,0.0,0.4253731343251838,57,77,0,0
sem_erro,mlp,queda,90,40,40,117,117,62,55,0,117,0,22,22,0.4700854700854701,0.4700854700854701,0.0,0.0,0.0,0.47008547008145224,55,62,0,0
sem_erro,mlp,queda,90,45,45,104,104,54,50,0,104,0,20,20,0.4423076923076923,0.4423076923076923,0.0,0.0,0.0,0.44230769230343936,46,58,0,0
sem_erro,mlp,queda,90,50,50,94,94,50,44,0,94,0,16,16,0.44680851063829785,0.44680851063829785,0.0,0.0,0.0,0.4468085106335446,42,52,0,0
sem_erro,mlp,queda,90,55,55,85,85,44,41,0,85,0,16,16,0.4117647058823529,0.4117647058823529,0.0,0.0,0.0,0.41176470587750863,35,50,0,0
sem_erro,mlp,queda,90,60,60,78,78,39,39,0,78,0,15,15,0.48717948717948717,0.48717948717948717,0.0,0.0,0.0,0.4871794871732413,38,40,0,0
sem_erro,mlp,queda,90,65,65,72,72,35,37,0,72,0,13,13,0.3611111111111111,0.3611111111111111,0.0,0.0,0.0,0.3611111111060957,26,46,0,0
sem_erro,mlp,queda,90,70,70,67,67,35,32,0,67,0,15,15,0.5074626865671642,0.5074626865671642,0.0,0.0,0.0,0.50746268655959,34,33,0,0
sem_erro,mlp,queda,90,75,75,63,63,30,33,0,63,0,13,13,0.5238095238095238,0.5238095238095238,0.0,0.0,0.0,0.5238095238012094,33,30,0,0
sem_erro,mlp,queda,90,80,80,59,59,33,26,0,59,0,14,14,0.5084745762711864,0.5084745762711864,0.0,0.0,0.0,0.5084745762625683,30,29,0,0
sem_erro,mlp,queda,90,85,85,55,55,29,26,0,55,0,11,11,0.38181818181818183,0.38181818181818183,0.0,0.0,0.0,0.3818181818112397,21,34,0,0
sem_erro,mlp,queda,90,90,90,52,52,28,24,0,52,0,14,14,0.5,0.5,0.0,0.0,0.0,0.49999999999038464,26,26,0,0
sem_erro,mlp,queda,100,5,5,931,931,509,422,0,931,0,84,84,0.4092373791621912,0.4092373791621912,0.0,0.0,0.0,0.4092373791617516,381,550,0,0
sem_erro,mlp,queda,100,10,10,466,466,257,209,0,466,0,69,69,0.6888412017167382,0.6888412017167382,0.0,0.0,0.0,0.68884120171526,321,145,0,0
sem_erro,mlp,queda,100,15,15,311,311,170,141,0,311,0,37,37,0.3536977491961415,0.3536977491961415,0.0,0.0,0.0,0.3536977491950042,110,201,0,0
sem_erro,mlp,queda,100,20,20,233,233,127,106,0,233,0,30,30,0.19742489270386265,0.19742489270386265,0.0,0.0,0.0,0.19742489270301536,46,187,0,0
sem_erro,mlp,queda,100,25,25,187,187,103,84,0,187,0,31,31,0.43315508021390375,0.43315508021390375,0.0,0.0,0.0,0.43315508021158744,81,106,0,0
sem_erro,mlp,queda,100,30,30,156,156,86,70,0,156,0,28,28,0.5769230769230769,0.5769230769230769,0.0,0.0,0.0,0.5769230769193787,90,66,0,0
sem_erro,mlp,queda,100,35,35,133,133,72,61,0,133,0,24,24,0.39849624060150374,0.39849624060150374,0.0,0.0,0.0,0.3984962405985076,53,80,0,0
sem_erro,mlp,queda,100,40,40,117,117,63,54,0,117,0,20,20,0.5555555555555556,0.5555555555555556,0.0,0.0,0.0,0.5555555555508072,65,52,0,0
sem_erro,mlp,queda,100,45,45,104,104,58,46,0,104,0,18,18,0.46153846153846156,0.46153846153846156,0.0,0.0,0.0,0.46153846153402367,48,56,0,0
sem_erro,mlp,queda,100,50,50,94,94,54,40,0,94,0,15,15,0.35106382978723405,0.35106382978723405,0.0,0.0,0.0,0.3510638297834993,33,61,0,0
sem_erro,mlp,queda,100,55,55,85,85,46,39,0,85,0,18,18,0.43529411764705883,0.43529411764705883,0.0,0.0,0.0,0.4352941176419377,37,48,0,0
sem_erro,mlp,queda,100,60,60,78,78,41,37,0,78,0,20,20,0.46153846153846156,0.46153846153846156,0.0,0.0,0.0,0.46153846153254435,36,42,0,0
sem_erro,mlp,queda,100,65,65,72,72,37,35,0,72,0,11,11,0.375,0.375,0.0,0.0,0.0,0.37499999999479167,27,45,0,0
sem_erro,mlp,queda,100,70,70,67,67,35,32,0,67,0,16,16,0.5074626865671642,0.5074626865671642,0.0,0.0,0.0,0.50746268655959,34,33,0,0
sem_erro,mlp,queda,100,75,75,63,63,35,28,0,63,0,15,15,0.49206349206349204,0.49206349206349204,0.0,0.0,0.0,0.49206349205568156,31,32,0,0
sem_erro,mlp,queda,100,80,80,59,59,33,26,0,59,0,11,11,0.4915254237288136,0.4915254237288136,0.0,0.0,0.0,0.49152542372048263,29,30,0,0
sem_erro,mlp,queda,100,85,85,55,55,30,25,0,55,0,14,14,0.41818181818181815,0.41818181818181815,0.0,0.0,0.0,0.4181818181742149,23,32,0,0
sem_erro,mlp,queda,100,90,90,52,52,29,23,0,52,0,13,13,0.4230769230769231,0.4230769230769231,0.0,0.0,0.0,0.423076923068787,22,30,0,0
sem_erro,mlp,queda,100,95,95,49,49,28,21,0,49,0,9,9,0.40816326530612246,0.40816326530612246,0.0,0.0,0.0,0.4081632652977926,20,29,0,0
sem_erro,mlp,queda,100,100,100,47,47,29,18,0,47,0,10,10,0.3829787234042553,0.3829787234042553,0.0,0.0,0.0,0.3829787233961069,18,29,0,0
sem_erro,random_forest,lacuna,20,5,5,947,947,279,668,0,947,0,0,0,1.0,1.0,0.0,0.0,0.0,0.9999999999989441,947,0,0,0
sem_erro,random_forest,lacuna,20,10,10,474,474,141,333,0,474,0,0,0,1.0,1.0,0.0,0.0,0.0,0.9999999999978904,474,0,0,0
sem_erro,random_forest,lacuna,20,15,15,316,316,94,222,0,316,0,0,0,1.0,1.0,0.0,0.0,0.0,0.9999999999968355,316,0,0,0
sem_erro,random_forest,lacuna,20,20,20,237,237,68,169,0,237,0,0,0,1.0,1.0,0.0,0.0,0.0,0.9999999999957806,237,0,0,0
sem_erro,random_forest,lacuna,30,5,5,945,945,317,628,0,945,0,0,0,1.0,1.0,0.0,0.0,0.0,0.9999999999989418,945,0,0,0
sem_erro,random_forest,lacuna,30,10,10,473,473,160,313,0,473,0,0,0,1.0,1.0,0.0,0.0,0.0,0.9999999999978858,473,0,0,0
sem_erro,random_forest,lacuna,30,15,15,315,315,105,210,0,315,0,0,0,1.0,1.0,0.0,0.0,0.0,0.9999999999968254,315,0,0,0
sem_erro,random_forest,lacuna,30,20,20,237,237,80,157,0,237,0,0,0,1.0,1.0,0.0,0.0,0.0,0.9999999999957806,237,0,0,0
sem_erro,random_forest,lacuna,30,25,25,189,189,65,124,0,189,0,0,0,1.0,1.0,0.0,0.0,0.0,0.999999999994709,189,0,0,0
sem_erro,random_forest,lacuna,30,30,30,158,158,52,106,0,158,0,0,0,1.0,1.0,0.0,0.0,0.0,0.999999999993671,158,0,0,0
sem_erro,random_forest,lacuna,40,5,5,943,943,353,590,0,943,0,0,0,1.0,1.0,0.0,0.0,0.0,0.9999999999989395,943,0,0,0
sem_erro,random_forest,lacuna,40,10,10,472,472,178,294,0,472,0,0,0,1.0,1.0,0.0,0.0,0.0,0.9999999999978814,472,0,0,0
sem_erro,random_forest,lacuna,40,15,15,315,315,121,194,0,315,0,0,0,1.0,1.0,0.0,0.0,0.0,0.9999999999968254,315,0,0,0
sem_erro,random_forest,lacuna,40,20,20,236,236,87,149,0,236,0,0,0,1.0,1.0,0.0,0.0,0.0,0.9999999999957627,236,0,0,0
sem_erro,random_forest,lacuna,40,25,25,189,189,70,119,0,189,0,0,0,1.0,1.0,0.0,0.0,0.0,0.999999999994709,189,0,0,0
sem_erro,random_forest,lacuna,40,30,30,158,158,61,97,0,158,0,0,0,1.0,1.0,0.0,0.0,0.0,0.999999999993671,158,0,0,0
sem_erro,random_forest,lacuna,40,35,35,135,135,51,84,0,135,0,0,0,1.0,1.0,0.0,0.0,0.0,0.9999999999925927,135,0,0,0
sem_erro,random_forest,lacuna,40,40,40,118,118,46,72,0,118,0,0,0,1.0,1.0,0.0,0.0,0.0,0.9999999999915254,118,0,0,0
sem_erro,random_forest,lacuna,50,5,5,941,941,385,556,0,941,0,0,0,1.0,1.0,0.0,0.0,0.0,0.9999999999989373,941,0,0,0
sem_erro,random_forest,lacuna,50,10,10,471,471,194,277,0,471,0,0,0,1.0,1.0,0.0,0.0,0.0,0.9999999999978769,471,0,0,0
sem_erro,random_forest,lacuna,50,15,15,314,314,130,184,0,314,0,0,0,1.0,1.0,0.0,0.0,0.0,0.9999999999968153,314,0,0,0
sem_erro,random_forest,lacuna,50,20,20,236,236,98,138,0,236,0,0,0,1.0,1.0,0.0,0.0,0.0,0.9999999999957627,236,0,0,0
sem_erro,random_forest,lacuna,50,25,25,189,189,77,112,0,189,0,0,0,1.0,1.0,0.0,0.0,0.0,0.999999999994709,189,0,0,0
sem_erro,random_forest,lacuna,50,30,30,157,157,64,93,0,157,0,0,0,1.0,1.0,0.0,0.0,0.0,0.9999999999936307,157,0,0,0
sem_erro,random_forest,lacuna,50,35,35,135,135,55,80,0,135,0,0,0,1.0,1.0,0.0,0.0,0.0,0.9999999999925927,135,0,0,0
sem_erro,random_forest,lacuna,50,40,40,118,118,50,68,0,118,0,0,0,1.0,1.0,0.0,0.0,0.0,0.9999999999915254,118,0,0,0
sem_erro,random_forest,lacuna,50,45,45,105,105,45,60,0,105,0,0,0,1.0,1.0,0.0,0.0,0.0,0.9999999999904762,105,0,0,0
sem_erro,random_forest,lacuna,50,50,50,95,95,38,57,0,95,0,0,0,1.0,1.0,0.0,0.0,0.0,0.9999999999894736,95,0,0,0
sem_erro,random_forest,lacuna,60,5,5,939,939,415,524,0,939,0,0,0,1.0,1.0,0.0,0.0,0.0,0.9999999999989351,939,0,0,0
sem_erro,random_forest,lacuna,60,10,10,470,470,209,261,0,470,0,0,0,1.0,1.0,0.0,0.0,0.0,0.9999999999978724,470,0,0,0
sem_erro,random_forest,lacuna,60,15,15,313,313,138,175,0,313,0,0,0,1.0,1.0,0.0,0.0,0.0,0.9999999999968051,313,0,0,0
sem_erro,random_forest,lacuna,60,20,20,235,235,102,133,0,235,0,0,0,1.0,1.0,0.0,0.0,0.0,0.9999999999957447,235,0,0,0
sem_erro,random_forest,lacuna,60,25,25,188,188,85,103,0,188,0,0,0,1.0,1.0,0.0,0.0,0.0,0.9999999999946809,188,0,0,0
sem_erro,random_forest,lacuna,60,30,30,157,157,70,87,0,157,0,0,0,1.0,1.0,0.0,0.0,0.0,0.9999999999936307,157,0,0,0
sem_erro,random_forest,lacuna,60,35,35,135,135,61,74,0,135,0,0,0,1.0,1.0,0.0,0.0,0.0,0.9999999999925927,135,0,0,0
sem_erro,random_forest,lacuna,60,40,40,118,118,51,67,0,118,0,0,0,1.0,1.0,0.0,0.0,0.0,0.9999999999915254,118,0,0,0
sem_erro,random_forest,lacuna,60,45,45,105,105,47,58,0,105,0,0,0,1.0,1.0,0.0,0.0,0.0,0.9999999999904762,105,0,0,0
sem_erro,random_forest,lacuna,60,50,50,94,94,43,51,0,94,0,0,0,1.0,1.0,0.0,0.0,0.0,0.9999999999893616,94,0,0,0
sem_erro,random_forest,lacuna,60,55,55,86,86,38,48,0,86,0,0,0,1.0,1.0,0.0,0.0,0.0,0.9999999999883721,86,0,0,0
sem_erro,random_forest,lacuna,60,60,60,79,79,35,44,0,79,0,0,0,1.0,1.0,0.0,0.0,0.0,0.9999999999873417,79,0,0,0
sem_erro,random_forest,lacuna,70,5,5,937,937,445,492,0,937,0,0,0,1.0,1.0,0.0,0.0,0.0,0.9999999999989327,937,0,0,0
sem_erro,random_forest,lacuna,70,10,10,469,469,224,245,0,469,0,0,0,1.0,1.0,0.0,0.0,0.0,0.9999999999978678,469,0,0,0
sem_erro,random_forest,lacuna,70,15,15,313,313,151,162,0,313,0,0,0,1.0,1.0,0.0,0.0,0.0,0.9999999999968051,313,0,0,0
sem_erro,random_forest,lacuna,70,20,20,235,235,113,122,0,235,0,3,3,0.9872340425531915,0.9872340425531915,0.0,0.0,0.0,0.9872340425489905,232,3,0,0
sem_erro,random_forest,lacuna,70,25,25,188,188,86,102,0,188,0,2,2,0.9893617021276596,0.9893617021276596,0.0,0.0,0.0,0.989361702122397,186,2,0,0
sem_erro,random_forest,lacuna,70,30,30,157,157,76,81,0,157,0,1,1,0.9936305732484076,0.9936305732484076,0.0,0.0,0.0,0.9936305732420788,156,1,0,0
sem_erro,random_forest,lacuna,70,35,35,134,134,65,69,0,134,0,3,3,0.9701492537313433,0.9701492537313433,0.0,0.0,0.0,0.9701492537241034,130,4,0,0
sem_erro,random_forest,lacuna,70,40,40,118,118,58,60,0,118,0,4,4,0.9576271186440678,0.9576271186440678,0.0,0.0,0.0,0.9576271186359523,113,5,0,0
sem_erro,random_forest,lacuna,70,45,45,105,105,52,53,0,105,0,3,3,0.9714285714285714,0.9714285714285714,0.0,0.0,0.0,0.9714285714193197,102,3,0,0
sem_erro,random_forest,lacuna,70,50,50,94,94,43,51,0,94,0,3,3,0.9680851063829787,0.9680851063829787,0.0,0.0,0.0,0.9680851063726799,91,3,0,0
sem_erro,random_forest,lacuna,70,55,55,86,86,40,46,0,86,0,2,2,0.9651162790697675,0.9651162790697675,0.0,0.0,0.0,0.9651162790585451,83,3,0,0
sem_erro,random_forest,lacuna,70,60,60,79,79,38,41,0,79,0,2,2,0.9746835443037974,0.9746835443037974,0.0,0.0,0.0,0.9746835442914596,77,2,0,0
sem_erro,random_forest,lacuna,70,65,65,73,73,35,38,0,73,0,1,1,0.9863013698630136,0.9863013698630136,0.0,0.0,0.0,0.9863013698495027,72,1,0,0
sem_erro,random_forest,lacuna,70,70,70,67,67,35,32,0,67,0,7,7,0.8805970149253731,0.8805970149253731,0.0,0.0,0.0,0.8805970149122299,59,8,0,0
sem_erro,random_forest,lacuna,80,5,5,935,935,471,464,0,935,0,0,0,1.0,1.0,0.0,0.0,0.0,0.9999999999989305,935,0,0,0
sem_erro,random_forest,lacuna,80,10,10,468,468,236,232,0,468,0,0,0,1.0,1.0,0.0,0.0,0.0,0.9999999999978633,468,0,0,0
sem_erro,random_forest,lacuna,80,15,15,312,312,159,153,0,312,0,0,0,1.0,1.0,0.0,0.0,0.0,0.9999999999967949,312,0,0,0
sem_erro,random_forest,lacuna,80,20,20,234,234,117,117,0,234,0,1,1,0.9957264957264957,0.9957264957264957,0.0,0.0,0.0,0.9957264957222405,233,1,0,0
sem_erro,random_forest,lacuna,80,25,25,187,187,95,92,0,187,0,0,0,1.0,1.0,0.0,0.0,0.0,0.9999999999946525,187,0,0,0
sem_erro,random_forest,lacuna,80,30,30,156,156,78,78,0,156,0,1,1,0.9935897435897436,0.9935897435897436,0.0,0.0,0.0,0.9935897435833745,155,1,0,0
sem_erro,random_forest,lacuna,80,35,35,134,134,67,67,0,134,0,3,3,0.9776119402985075,0.9776119402985075,0.0,0.0,0.0,0.9776119402912119,131,3,0,0
sem_erro,random_forest,lacuna,80,40,40,117,117,61,56,0,117,0,3,3,0.8888888888888888,0.8888888888888888,0.0,0.0,0.0,0.8888888888812915,104,13,0,0
sem_erro,random_forest,lacuna,80,45,45,104,104,54,50,0,104,0,3,3,0.9711538461538461,0.9711538461538461,0.0,0.0,0.0,0.9711538461445081,101,3,0,0
sem_erro,random_forest,lacuna,80,50,50,94,94,46,48,0,94,0,0,0,1.0,1.0,0.0,0.0,0.0,0.9999999999893616,94,0,0,0
sem_erro,random_forest,lacuna,80,55,55,85,85,43,42,0,85,0,4,4,0.9411764705882353,0.9411764705882353,0.0,0.0,0.0,0.9411764705771626,80,5,0,0
sem_erro,random_forest,lacuna,80,60,60,78,78,38,40,0,78,0,4,4,0.8974358974358975,0.8974358974358975,0.0,0.0,0.0,0.8974358974243918,70,8,0,0
sem_erro,random_forest,lacuna,80,65,65,72,72,36,36,0,72,0,3,3,0.9583333333333334,0.9583333333333334,0.0,0.0,0.0,0.9583333333200231,69,3,0,0
sem_erro,random_forest,lacuna,80,70,70,67,67,36,31,0,67,0,6,6,0.9104477611940298,0.9104477611940298,0.0,0.0,0.0,0.910447761180441,61,6,0,0
sem_erro,random_forest,lacuna,80,75,75,63,63,33,30,0,63,0,1,1,0.9841269841269841,0.9841269841269841,0.0,0.0,0.0,0.9841269841113631,62,1,0,0
sem_erro,random_forest,lacuna,80,80,80,59,59,30,29,0,59,0,4,4,0.847457627118644,0.847457627118644,0.0,0.0,0.0,0.8474576271042804,50,9,0,0
sem_erro,random_forest,lacuna,90,5,5,933,933,493,440,0,933,0,0,0,1.0,1.0,0.0,0.0,0.0,0.9999999999989282,933,0,0,0
sem_erro,random_forest,lacuna,90,10,10,467,467,247,220,0,467,0,0,0,1.0,1.0,0.0,0.0,0.0,0.9999999999978587,467,0,0,0
sem_erro,random_forest,lacuna,90,15,15,311,311,164,147,0,311,0,1,1,0.9967845659163987,0.9967845659163987,0.0,0.0,0.0,0.9967845659131936,310,1,0,0
sem_erro,random_forest,lacuna,90,20,20,234,234,124,110,0,234,0,5,5,0.9572649572649573,0.9572649572649573,0.0,0.0,0.0,0.9572649572608665,224,10,0,0
sem_erro,random_forest,lacuna,90,25,25,187,187,98,89,0,187,0,3,3,0.9786096256684492,0.9786096256684492,0.0,0.0,0.0,0.9786096256632161,183,4,0,0
sem_erro,random_forest,lacuna,90,30,30,156,156,82,74,0,156,0,7,7,0.9102564102564102,0.9102564102564102,0.0,0.0,0.0,0.9102564102505754,142,14,0,0
sem_erro,random_forest,lacuna,90,35,35,134,134,72,62,0,134,0,7,7,0.9477611940298507,0.9477611940298507,0.0,0.0,0.0,0.947761194022778,127,7,0,0
sem_erro,random_forest,lacuna,90,40,40,117,117,63,54,0,117,0,4,4,0.8888888888888888,0.8888888888888888,0.0,0.0,0.0,0.8888888888812915,104,13,0,0
sem_erro,random_forest,lacuna,90,45,45,104,104,56,48,0,104,0,2,2,0.9807692307692307,0.9807692307692307,0.0,0.0,0.0,0.9807692307598003,102,2,0,0
sem_erro,random_forest,lacuna,90,50,50,94,94,47,47,0,94,0,5,5,0.9468085106382979,0.9468085106382979,0.0,0.0,0.0,0.9468085106282254,89,5,0,0
sem_erro,random_forest,lacuna,90,55,55,85,85,46,39,0,85,0,3,3,0.9647058823529412,0.9647058823529412,0.0,0.0,0.0,0.9647058823415916,82,3,0,0
sem_erro,random_forest,lacuna,90,60,60,78,78,41,37,0,78,0,7,7,0.8205128205128205,0.8205128205128205,0.0,0.0,0.0,0.8205128205023011,64,14,0,0
sem_erro,random_forest,lacuna,90,65,65,72,72,37,35,0,72,0,3,3,0.9583333333333334,0.9583333333333334,0.0,0.0,0.0,0.9583333333200231,69,3,0,0
sem_erro,random_forest,lacuna,90,70,70,67,67,37,30,0,67,0,5,5,0.8507462686567164,0.8507462686567164,0.0,0.0,0.0,0.8507462686440187,57,10,0,0
sem_erro,random_forest,lacuna,90,75,75,63,63,34,29,0,63,0,3,3,0.9523809523809523,0.9523809523809523,0.0,0.0,0.0,0.9523809523658353,60,3,0,0
sem_erro,random_forest,lacuna,90,80,80,59,59,31,28,0,59,0,4,4,0.847457627118644,0.847457627118644,0.0,0.0,0.0,0.8474576271042804,50,9,0,0
sem_erro,random_forest,lacuna,90,85,85,55,55,30,25,0,55,0,0,0,1.0,1.0,0.0,0.0,0.0,0.9999999999818182,55,0,0,0
sem_erro,random_forest,lacuna,90,90,90,52,52,28,24,0,52,0,5,5,0.8846153846153846,0.8846153846153846,0.0,0.0,0.0,0.8846153845983729,46,6,0,0
sem_erro,random_forest,lacuna,100,5,5,931,931,515,416,0,931,0,0,0,1.0,1.0,0.0,0.0,0.0,0.9999999999989259,931,0,0,0
sem_erro,random_forest,lacuna,100,10,10,466,466,258,208,0,466,0,4,4,0.944206008583691,0.944206008583691,0.0,0.0,0.0,0.9442060085816648,440,26,0,0
sem_erro,random_forest,lacuna,100,15,15,311,311,173,138,0,311,0,7,7,0.9292604501607717,0.9292604501607717,0.0,0.0,0.0,0.9292604501577838,289,22,0,0
sem_erro,random_forest,lacuna,100,20,20,233,233,128,105,0,233,0,5,5,0.8755364806866953,0.8755364806866953,0.0,0.0,0.0,0.8755364806829377,204,29,0,0
sem_erro,random_forest,lacuna,100,25,25,187,187,102,85,0,187,0,7,7,0.9411764705882353,0.9411764705882353,0.0,0.0,0.0,0.9411764705832023,176,11,0,0
sem_erro,random_forest,lacuna,100,30,30,156,156,87,69,0,156,0,10,10,0.8910256410256411,0.8910256410256411,0.0,0.0,0.0,0.8910256410199294,139,17,0,0
sem_erro,random_forest,lacuna,100,35,35,133,133,76,57,0,133,0,5,5,0.8796992481203008,0.8796992481203008,0.0,0.0,0.0,0.8796992481136865,117,16,0,0
sem_erro,random_forest,lacuna,100,40,40,117,117,64,53,0,117,0,5,5,0.8717948717948718,0.8717948717948718,0.0,0.0,0.0,0.8717948717874205,102,15,0,0
sem_erro,random_forest,lacuna,100,45,45,104,104,58,46,0,104,0,4,4,0.9134615384615384,0.9134615384615384,0.0,0.0,0.0,0.9134615384527551,95,9,0,0
sem_erro,random_forest,lacuna,100,50,50,94,94,50,44,0,94,0,7,7,0.8936170212765957,0.8936170212765957,0.0,0.0,0.0,0.8936170212670892,84,10,0,0
sem_erro,random_forest,lacuna,100,55,55,85,85,47,38,0,85,0,6,6,0.8352941176470589,0.8352941176470589,0.0,0.0,0.0,0.8352941176372318,71,14,0,0
sem_erro,random_forest,lacuna,100,60,60,78,78,44,34,0,78,0,8,8,0.8589743589743589,0.8589743589743589,0.0,0.0,0.0,0.8589743589633464,67,11,0,0
sem_erro,random_forest,lacuna,100,65,65,72,72,38,34,0,72,0,3,3,0.9583333333333334,0.9583333333333334,0.0,0.0,0.0,0.9583333333200231,69,3,0,0
sem_erro,random_forest,lacuna,100,70,70,67,67,39,28,0,67,0,6,6,0.8208955223880597,0.8208955223880597,0.0,0.0,0.0,0.8208955223758075,55,12,0,0
sem_erro,random_forest,lacuna,100,75,75,63,63,36,27,0,63,0,3,3,0.9523809523809523,0.9523809523809523,0.0,0.0,0.0,0.9523809523658353,60,3,0,0
sem_erro,random_forest,lacuna,100,80,80,59,59,31,28,0,59,0,3,3,0.8135593220338984,0.8135593220338984,0.0,0.0,0.0,0.8135593220201092,48,11,0,0
sem_erro,random_forest,lacuna,100,85,85,55,55,31,24,0,55,0,1,1,0.9636363636363636,0.9636363636363636,0.0,0.0,0.0,0.9636363636188431,53,2,0,0
sem_erro,random_forest,lacuna,100,90,90,52,52,28,24,0,52,0,3,3,0.9038461538461539,0.9038461538461539,0.0,0.0,0.0,0.9038461538287722,47,5,0,0
sem_erro,random_forest,lacuna,100,95,95,49,49,28,21,0,49,0,7,7,0.7346938775510204,0.7346938775510204,0.0,0.0,0.0,0.7346938775360267,36,13,0,0
sem_erro,random_forest,lacuna,100,100,100,47,47,24,23,0,47,0,6,6,0.7659574468085106,0.7659574468085106,0.0,0.0,0.0,0.7659574467922138,36,11,0,0
sem_erro,random_forest,oscilacao,20,5,5,947,947,294,653,0,947,0,36,36,0.8975712777191129,0.8975712777191129,0.0,0.0,0.0,0.8975712777181651,850,97,0,0
sem_erro,random_forest,oscilacao,20,10,10,474,474,147,327,0,474,0,28,28,0.8860759493670886,0.8860759493670886,0.0,0.0,0.0,0.8860759493652193,420,54,0,0
sem_erro,random_forest,oscilacao,20,15,15,316,316,98,218,0,316,0,20,20,0.8860759493670886,0.8860759493670886,0.0,0.0,0.0,0.8860759493642846,280,36,0,0
sem_erro,random_forest,oscilacao,20,20,20,237,237,73,164,0,237,0,19,19,0.8818565400843882,0.8818565400843882,0.0,0.0,0.0,0.8818565400806673,209,28,0,0
sem_erro,random_forest,oscilacao,30,5,5,945,945,324,621,0,945,0,38,38,0.8613756613756614,0.8613756613756614,0.0,0.0,0.0,0.8613756613747499,814,131,0,0
sem_erro,random_forest,oscilacao,30,10,10,473,473,162,311,0,473,0,26,26,0.8668076109936576,0.8668076109936576,0.0,0.0,0.0,0.8668076109918249,410,63,0,0
sem_erro,random_forest,oscilacao,30,15,15,315,315,108,207,0,315,0,19,19,0.8761904761904762,0.8761904761904762,0.0,0.0,0.0,0.8761904761876946,276,39,0,0
sem_erro,random_forest,oscilacao,30,20,20,237,237,80,157,0,237,0,20,20,0.8649789029535865,0.8649789029535865,0.0,0.0,0.0,0.8649789029499368,205,32,0,0
sem_erro,random_forest,oscilacao,30,25,25,189,189,62,127,0,189,0,17,17,0.8677248677248677,0.8677248677248677,0.0,0.0,0.0,0.8677248677202767,164,25,0,0
sem_erro,random_forest,oscilacao,30,30,30,158,158,57,101,0,158,0,18,18,0.8544303797468354,0.8544303797468354,0.0,0.0,0.0,0.8544303797414277,135,23,0,0
sem_erro,random_forest,oscilacao,40,5,5,943,943,354,589,0,943,0,31,31,0.8345705196182397,0.8345705196182397,0.0,0.0,0.0,0.8345705196173546,787,156,0,0
sem_erro,random_forest,oscilacao,40,10,10,472,472,177,295,0,472,0,28,28,0.8220338983050848,0.8220338983050848,0.0,0.0,0.0,0.8220338983033432,388,84,0,0
sem_erro,random_forest,oscilacao,40,15,15,315,315,119,196,0,315,0,21,21,0.8158730158730159,0.8158730158730159,0.0,0.0,0.0,0.8158730158704258,257,58,0,0
sem_erro,random_forest,oscilacao,40,20,20,236,236,88,148,0,236,0,22,22,0.8050847457627118,0.8050847457627118,0.0,0.0,0.0,0.8050847457593006,190,46,0,0
sem_erro,random_forest,oscilacao,40,25,25,189,189,69,120,0,189,0,15,15,0.873015873015873,0.873015873015873,0.0,0.0,0.0,0.8730158730112539,165,24,0,0
sem_erro,random_forest,oscilacao,40,30,30,158,158,60,98,0,158,0,21,21,0.7974683544303798,0.7974683544303798,0.0,0.0,0.0,0.7974683544253325,126,32,0,0
sem_erro,random_forest,oscilacao,40,35,35,135,135,48,87,0,135,0,22,22,0.7925925925925926,0.7925925925925926,0.0,0.0,0.0,0.7925925925867215,107,28,0,0
sem_erro,random_forest,oscilacao,40,40,40,118,118,43,75,0,118,0,21,21,0.788135593220339,0.788135593220339,0.0,0.0,0.0,0.7881355932136599,93,25,0,0
sem_erro,random_forest,oscilacao,50,5,5,941,941,384,557,0,941,0,43,43,0.8055260361317748,0.8055260361317748,0.0,0.0,0.0,0.8055260361309187,758,183,0,0
sem_erro,random_forest,oscilacao,50,10,10,471,471,192,279,0,471,0,34,34,0.7898089171974523,0.7898089171974523,0.0,0.0,0.0,0.7898089171957754,372,99,0,0
sem_erro,random_forest,oscilacao,50,15,15,314,314,128,186,0,314,0,28,28,0.7961783439490446,0.7961783439490446,0.0,0.0,0.0,0.796178343946509,250,64,0,0
sem_erro,random_forest,oscilacao,50,20,20,236,236,95,141,0,236,0,23,23,0.8135593220338984,0.8135593220338984,0.0,0.0,0.0,0.813559322030451,192,44,0,0
sem_erro,random_forest,oscilacao,50,25,25,189,189,78,111,0,189,0,19,19,0.783068783068783,0.783068783068783,0.0,0.0,0.0,0.7830687830646399,148,41,0,0
sem_erro,random_forest,oscilacao,50,30,30,157,157,65,92,0,157,0,21,21,0.7643312101910829,0.7643312101910829,0.0,0.0,0.0,0.7643312101862145,120,37,0,0
sem_erro,random_forest,oscilacao,50,35,35,135,135,52,83,0,135,0,19,19,0.837037037037037,0.837037037037037,0.0,0.0,0.0,0.8370370370308369,113,22,0,0
sem_erro,random_forest,oscilacao,50,40,40,118,118,44,74,0,118,0,14,14,0.8389830508474576,0.8389830508474576,0.0,0.0,0.0,0.8389830508403475,99,19,0,0
sem_erro,random_forest,oscilacao,50,45,45,105,105,39,66,0,105,0,15,15,0.819047619047619,0.819047619047619,0.0,0.0,0.0,0.8190476190398186,86,19,0,0
sem_erro,random_forest,oscilacao,50,50,50,95,95,39,56,0,95,0,16,16,0.7578947368421053,0.7578947368421053,0.0,0.0,0.0,0.7578947368341274,72,23,0,0
sem_erro,random_forest,oscilacao,60,5,5,939,939,412,527,0,939,0,35,35,0.759318423855165,0.759318423855165,0.0,0.0,0.0,0.7593184238543564,713,226,0,0
sem_erro,random_forest,oscilacao,60,10,10,470,470,206,264,0,470,0,30,30,0.7617021276595745,0.7617021276595745,0.0,0.0,0.0,0.7617021276579539,358,112,0,0
sem_erro,random_forest,oscilacao,60,15,15,313,313,137,176,0,313,0,25,25,0.792332268370607,0.792332268370607,0.0,0.0,0.0,0.7923322683680757,248,65,0,0
sem_erro,random_forest,oscilacao,60,20,20,235,235,102,133,0,235,0,27,27,0.7617021276595745,0.7617021276595745,0.0,0.0,0.0,0.7617021276563333,179,56,0,0
sem_erro,random_forest,oscilacao,60,25,25,188,188,80,108,0,188,0,18,18,0.8031914893617021,0.8031914893617021,0.0,0.0,0.0,0.8031914893574299,151,37,0,0
sem_erro,random_forest,oscilacao,60,30,30,157,157,72,85,0,157,0,22,22,0.732484076433121,0.732484076433121,0.0,0.0,0.0,0.7324840764284556,115,42,0,0
sem_erro,random_forest,oscilacao,60,35,35,135,135,59,76,0,135,0,21,21,0.725925925925926,0.725925925925926,0.0,0.0,0.0,0.7259259259205487,98,37,0,0
sem_erro,random_forest,oscilacao,60,40,40,118,118,51,67,0,118,0,12,12,0.7966101694915254,0.7966101694915254,0.0,0.0,0.0,0.7966101694847745,94,24,0,0
sem_erro,random_forest,oscilacao,60,45,45,105,105,44,61,0,105,0,21,21,0.7428571428571429,0.7428571428571429,0.0,0.0,0.0,0.742857142850068,78,27,0,0
sem_erro,random_forest,oscilacao,60,50,50,94,94,39,55,0,94,0,17,17,0.7659574468085106,0.7659574468085106,0.0,0.0,0.0,0.7659574468003622,72,22,0,0
sem_erro,random_forest,oscilacao,60,55,55,86,86,41,45,0,86,0,16,16,0.7209302325581395,0.7209302325581395,0.0,0.0,0.0,0.7209302325497566,62,24,0,0
sem_erro,random_forest,oscilacao,60,60,60,79,79,36,43,0,79,0,17,17,0.7088607594936709,0.7088607594936709,0.0,0.0,0.0,0.708860759484698,56,23,0,0
sem_erro,random_forest,oscilacao,70,5,5,937,937,439,498,0,937,0,31,31,0.743863393810032,0.743863393810032,0.0,0.0,0.0,0.7438633938092382,697,240,0,0
sem_erro,random_forest,oscilacao,70,10,10,469,469,220,249,0,469,0,30,30,0.744136460554371,0.744136460554371,0.0,0.0,0.0,0.7441364605527844,349,120,0,0
sem_erro,random_forest,oscilacao,70,15,15,313,313,147,166,0,313,0,25,25,0.7635782747603834,0.7635782747603834,0.0,0.0,0.0,0.7635782747579438,239,74,0,0
sem_erro,random_forest,oscilacao,70,20,20,235,235,109,126,0,235,0,25,25,0.7659574468085106,0.7659574468085106,0.0,0.0,0.0,0.7659574468052512,180,55,0,0
sem_erro,random_forest,oscilacao,70,25,25,188,188,86,102,0,188,0,17,17,0.8031914893617021,0.8031914893617021,0.0,0.0,0.0,0.8031914893574299,151,37,0,0
sem_erro,random_forest,oscilacao,70,30,30,157,157,75,82,0,157,0,17,17,0.7452229299363057,0.7452229299363057,0.0,0.0,0.0,0.7452229299315591,117,40,0,0
sem_erro,random_forest,oscilacao,70,35,35,134,134,62,72,0,134,0,20,20,0.7313432835820896,0.7313432835820896,0.0,0.0,0.0,0.7313432835766318,98,36,0,0
sem_erro,random_forest,oscilacao,70,40,40,118,118,57,61,0,118,0,21,21,0.7033898305084746,0.7033898305084746,0.0,0.0,0.0,0.7033898305025136,83,35,0,0
sem_erro,random_forest,oscilacao,70,45,45,105,105,50,55,0,105,0,19,19,0.6857142857142857,0.6857142857142857,0.0,0.0,0.0,0.6857142857077551,72,33,0,0
sem_erro,random_forest,oscilacao,70,50,50,94,94,41,53,0,94,0,18,18,0.6914893617021277,0.6914893617021277,0.0,0.0,0.0,0.6914893616947714,65,29,0,0
sem_erro,random_forest,oscilacao,70,55,55,86,86,44,42,0,86,0,20,20,0.5930232558139535,0.5930232558139535,0.0,0.0,0.0,0.5930232558070578,51,35,0,0
sem_erro,random_forest,oscilacao,70,60,60,79,79,37,42,0,79,0,19,19,0.6835443037974683,0.6835443037974683,0.0,0.0,0.0,0.6835443037888158,54,25,0,0
sem_erro,random_forest,oscilacao,70,65,65,73,73,33,40,0,73,0,15,15,0.7123287671232876,0.7123287671232876,0.0,0.0,0.0,0.7123287671135297,52,21,0,0
sem_erro,random_forest,oscilacao,70,70,70,67,67,31,36,0,67,0,12,12,0.7910447761194029,0.7910447761194029,0.0,0.0,0.0,0.7910447761075963,53,14,0,0
sem_erro,random_forest,oscilacao,80,5,5,935,935,463,472,0,935,0,32,32,0.7016042780748664,0.7016042780748664,0.0,0.0,0.0,0.701604278074116,656,279,0,0
sem_erro,random_forest,oscilacao,80,10,10,468,468,232,236,0,468,0,29,29,0.7136752136752137,0.7136752136752137,0.0,0.0,0.0,0.7136752136736887,334,134,0,0
sem_erro,random_forest,oscilacao,80,15,15,312,312,154,158,0,312,0,29,29,0.6955128205128205,0.6955128205128205,0.0,0.0,0.0,0.6955128205105914,217,95,0,0
sem_erro,random_forest,oscilacao,80,20,20,234,234,115,119,0,234,0,24,24,0.7051282051282052,0.7051282051282052,0.0,0.0,0.0,0.7051282051251918,165,69,0,0
sem_erro,random_forest,oscilacao,80,25,25,187,187,90,97,0,187,0,20,20,0.732620320855615,0.732620320855615,0.0,0.0,0.0,0.7326203208516973,137,50,0,0
sem_erro,random_forest,oscilacao,80,30,30,156,156,78,78,0,156,0,24,24,0.6410256410256411,0.6410256410256411,0.0,0.0,0.0,0.6410256410215319,100,56,0,0
sem_erro,random_forest,oscilacao,80,35,35,134,134,66,68,0,134,0,20,20,0.7313432835820896,0.7313432835820896,0.0,0.0,0.0,0.7313432835766318,98,36,0,0
sem_erro,random_forest,oscilacao,80,40,40,117,117,57,60,0,117,0,20,20,0.6837606837606838,0.6837606837606838,0.0,0.0,0.0,0.6837606837548397,80,37,0,0
sem_erro,random_forest,oscilacao,80,45,45,104,104,53,51,0,104,0,23,23,0.6442307692307693,0.6442307692307693,0.0,0.0,0.0,0.6442307692245747,67,37,0,0
sem_erro,random_forest,oscilacao,80,50,50,94,94,44,50,0,94,0,17,17,0.7021276595744681,0.7021276595744681,0.0,0.0,0.0,0.7021276595669986,66,28,0,0
sem_erro,random_forest,oscilacao,80,55,55,85,85,43,42,0,85,0,19,19,0.6352941176470588,0.6352941176470588,0.0,0.0,0.0,0.6352941176395848,54,31,0,0
sem_erro,random_forest,oscilacao,80,60,60,78,78,37,41,0,78,0,19,19,0.6410256410256411,0.6410256410256411,0.0,0.0,0.0,0.6410256410174228,50,28,0,0
sem_erro,random_forest,oscilacao,80,65,65,72,72,35,37,0,72,0,13,13,0.7361111111111112,0.7361111111111112,0.0,0.0,0.0,0.7361111111008873,53,19,0,0
sem_erro,random_forest,oscilacao,80,70,70,67,67,32,35,0,67,0,15,15,0.6716417910447762,0.6716417910447762,0.0,0.0,0.0,0.6716417910347516,45,22,0,0
sem_erro,random_forest,oscilacao,80,75,75,63,63,29,34,0,63,0,12,12,0.6349206349206349,0.6349206349206349,0.0,0.0,0.0,0.6349206349105568,40,23,0,0
sem_erro,random_forest,oscilacao,80,80,80,59,59,29,30,0,59,0,18,18,0.5932203389830508,0.5932203389830508,0.0,0.0,0.0,0.5932203389729963,35,24,0,0
sem_erro,random_forest,oscilacao,90,5,5,933,933,487,446,0,933,0,41,41,0.6591639871382636,0.6591639871382636,0.0,0.0,0.0,0.6591639871375572,615,318,0,0
sem_erro,random_forest,oscilacao,90,10,10,467,467,244,223,0,467,0,33,33,0.6595289079229122,0.6595289079229122,0.0,0.0,0.0,0.6595289079215,308,159,0,0
sem_erro,random_forest,oscilacao,90,15,15,311,311,162,149,0,311,0,28,28,0.662379421221865,0.662379421221865,0.0,0.0,0.0,0.6623794212197351,206,105,0,0
sem_erro,random_forest,oscilacao,90,20,20,234,234,121,113,0,234,0,24,24,0.7008547008547008,0.7008547008547008,0.0,0.0,0.0,0.7008547008517058,164,70,0,0
sem_erro,random_forest,oscilacao,90,25,25,187,187,96,91,0,187,0,28,28,0.5828877005347594,0.5828877005347594,0.0,0.0,0.0,0.5828877005316423,109,78,0,0
sem_erro,random_forest,oscilacao,90,30,30,156,156,84,72,0,156,0,26,26,0.5961538461538461,0.5961538461538461,0.0,0.0,0.0,0.5961538461500246,93,63,0,0
sem_erro,random_forest,oscilacao,90,35,35,134,134,69,65,0,134,0,20,20,0.6567164179104478,0.6567164179104478,0.0,0.0,0.0,0.6567164179055469,88,46,0,0
sem_erro,random_forest,oscilacao,90,40,40,117,117,58,59,0,117,0,21,21,0.6923076923076923,0.6923076923076923,0.0,0.0,0.0,0.6923076923017751,81,36,0,0
sem_erro,random_forest,oscilacao,90,45,45,104,104,53,51,0,104,0,18,18,0.6826923076923077,0.6826923076923077,0.0,0.0,0.0,0.6826923076857433,71,33,0,0
sem_erro,random_forest,oscilacao,90,50,50,94,94,50,44,0,94,0,19,19,0.5106382978723404,0.5106382978723404,0.0,0.0,0.0,0.5106382978669081,48,46,0,0
sem_erro,random_forest,oscilacao,90,55,55,85,85,46,39,0,85,0,17,17,0.5882352941176471,0.5882352941176471,0.0,0.0,0.0,0.5882352941107266,50,35,0,0
sem_erro,random_forest,oscilacao,90,60,60,78,78,39,39,0,78,0,16,16,0.5769230769230769,0.5769230769230769,0.0,0.0,0.0,0.5769230769156805,45,33,0,0
sem_erro,random_forest,oscilacao,90,65,65,72,72,36,36,0,72,0,15,15,0.6944444444444444,0.6944444444444444,0.0,0.0,0.0,0.6944444444347994,50,22,0,0
sem_erro,random_forest,oscilacao,90,70,70,67,67,34,33,0,67,0,14,14,0.5373134328358209,0.5373134328358209,0.0,0.0,0.0,0.5373134328278013,36,31,0,0
sem_erro,random_forest,oscilacao,90,75,75,63,63,32,31,0,63,0,9,9,0.47619047619047616,0.47619047619047616,0.0,0.0,0.0,0.47619047618291765,30,33,0,0
sem_erro,random_forest,oscilacao,90,80,80,59,59,29,30,0,59,0,18,18,0.6779661016949152,0.6779661016949152,0.0,0.0,0.0,0.6779661016834243,40,19,0,0
sem_erro,random_forest,oscilacao,90,85,85,55,55,26,29,0,55,0,13,13,0.6545454545454545,0.6545454545454545,0.0,0.0,0.0,0.6545454545335537,36,19,0,0
sem_erro,random_forest,oscilacao,90,90,90,52,52,25,27,0,52,0,12,12,0.6923076923076923,0.6923076923076923,0.0,0.0,0.0,0.6923076922943787,36,16,0,0
sem_erro,random_forest,oscilacao,100,5,5,931,931,509,422,0,931,0,45,45,0.5628356605800214,0.5628356605800214,0.0,0.0,0.0,0.5628356605794169,524,407,0,0
sem_erro,random_forest,oscilacao,100,10,10,466,466,255,211,0,466,0,38,38,0.5793991416309013,0.5793991416309013,0.0,0.0,0.0,0.579399141629658,270,196,0,0
sem_erro,random_forest,oscilacao,100,15,15,311,311,170,141,0,311,0,37,37,0.572347266881029,0.572347266881029,0.0,0.0,0.0,0.5723472668791886,178,133,0,0
sem_erro,random_forest,oscilacao,100,20,20,233,233,126,107,0,233,0,30,30,0.6223175965665236,0.6223175965665236,0.0,0.0,0.0,0.6223175965638528,145,88,0,0
sem_erro,random_forest,oscilacao,100,25,25,187,187,103,84,0,187,0,29,29,0.5775401069518716,0.5775401069518716,0.0,0.0,0.0,0.5775401069487832,108,79,0,0
sem_erro,random_forest,oscilacao,100,30,30,156,156,87,69,0,156,0,25,25,0.5512820512820513,0.5512820512820513,0.0,0.0,0.0,0.5512820512785175,86,70,0,0
sem_erro,random_forest,oscilacao,100,35,35,133,133,73,60,0,133,0,20,20,0.6240601503759399,0.6240601503759399,0.0,0.0,0.0,0.6240601503712477,83,50,0,0
sem_erro,random_forest,oscilacao,100,40,40,117,117,63,54,0,117,0,22,22,0.5811965811965812,0.5811965811965812,0.0,0.0,0.0,0.5811965811916137,68,49,0,0
sem_erro,random_forest,oscilacao,100,45,45,104,104,55,49,0,104,0,17,17,0.6538461538461539,0.6538461538461539,0.0,0.0,0.0,0.6538461538398669,68,36,0,0
sem_erro,random_forest,oscilacao,100,50,50,94,94,52,42,0,94,0,21,21,0.5106382978723404,0.5106382978723404,0.0,0.0,0.0,0.5106382978669081,48,46,0,0
sem_erro,random_forest,oscilacao,100,55,55,85,85,49,36,0,85,0,16,16,0.3764705882352941,0.3764705882352941,0.0,0.0,0.0,0.37647058823086504,32,53,0,0
sem_erro,random_forest,oscilacao,100,60,60,78,78,41,37,0,78,0,10,10,0.6153846153846154,0.6153846153846154,0.0,0.0,0.0,0.6153846153767258,48,30,0,0
sem_erro,random_forest,oscilacao,100,65,65,72,72,40,32,0,72,0,21,21,0.5555555555555556,0.5555555555555556,0.0,0.0,0.0,0.5555555555478395,40,32,0,0
sem_erro,random_forest,oscilacao,100,70,70,67,67,36,31,0,67,0,16,16,0.5522388059701493,0.5522388059701493,0.0,0.0,0.0,0.5522388059619069,37,30,0,0
sem_erro,random_forest,oscilacao,100,75,75,63,63,37,26,0,63,0,9,9,0.3333333333333333,0.3333333333333333,0.0,0.0,0.0,0.3333333333280423,21,42,0,0
sem_erro,random_forest,oscilacao,100,80,80,59,59,32,27,0,59,0,14,14,0.576271186440678,0.576271186440678,0.0,0.0,0.0,0.5762711864309107,34,25,0,0
sem_erro,random_forest,oscilacao,100,85,85,55,55,29,26,0,55,0,15,15,0.4909090909090909,0.4909090909090909,0.0,0.0,0.0,0.4909090909001653,27,28,0,0
sem_erro,random_forest,oscilacao,100,90,90,52,52,27,25,0,52,0,11,11,0.6346153846153846,0.6346153846153846,0.0,0.0,0.0,0.6346153846031806,33,19,0,0
sem_erro,random_forest,oscilacao,100,95,95,49,49,25,24,0,49,0,13,13,0.5102040816326531,0.5102040816326531,0.0,0.0,0.0,0.5102040816222407,25,24,0,0
sem_erro,random_forest,oscilacao,100,100,100,47,47,26,21,0,47,0,9,9,0.425531914893617,0.425531914893617,0.0,0.0,0.0,0.42553191488456316,20,27,0,0
sem_erro,random_forest,queda,20,5,5,947,947,247,700,0,947,0,38,38,0.9070749736008448,0.9070749736008448,0.0,0.0,0.0,0.907074973599887,859,88,0,0
sem_erro,random_forest,queda,20,10,10,474,474,127,347,0,474,0,27,27,0.8966244725738397,0.8966244725738397,0.0,0.0,0.0,0.8966244725719481,425,49,0,0
sem_erro,random_forest,queda,20,15,15,316,316,80,236,0,316,0,16,16,0.939873417721519,0.939873417721519,0.0,0.0,0.0,0.9398734177185447,297,19,0,0
sem_erro,random_forest,queda,20,20,20,237,237,63,174,0,237,0,19,19,0.9029535864978903,0.9029535864978903,0.0,0.0,0.0,0.9029535864940804,214,23,0,0
sem_erro,random_forest,queda,30,5,5,945,945,290,655,0,945,0,39,39,0.8603174603174604,0.8603174603174604,0.0,0.0,0.0,0.86031746031655,813,132,0,0
sem_erro,random_forest,queda,30,10,10,473,473,148,325,0,473,0,29,29,0.879492600422833,0.879492600422833,0.0,0.0,0.0,0.8794926004209737,416,57,0,0
sem_erro,random_forest,queda,30,15,15,315,315,93,222,0,315,0,20,20,0.8888888888888888,0.8888888888888888,0.0,0.0,0.0,0.8888888888860671,280,35,0,0
sem_erro,random_forest,queda,30,20,20,237,237,76,161,0,237,0,23,23,0.8438818565400844,0.8438818565400844,0.0,0.0,0.0,0.8438818565365237,200,37,0,0
sem_erro,random_forest,queda,30,25,25,189,189,59,130,0,189,0,18,18,0.873015873015873,0.873015873015873,0.0,0.0,0.0,0.8730158730112539,165,24,0,0
sem_erro,random_forest,queda,30,30,30,158,158,48,110,0,158,0,22,22,0.8354430379746836,0.8354430379746836,0.0,0.0,0.0,0.835443037969396,132,26,0,0
sem_erro,random_forest,queda,40,5,5,943,943,328,615,0,943,0,43,43,0.8038176033934252,0.8038176033934252,0.0,0.0,0.0,0.8038176033925728,758,185,0,0
sem_erro,random_forest,queda,40,10,10,472,472,167,305,0,472,0,32,32,0.8220338983050848,0.8220338983050848,0.0,0.0,0.0,0.8220338983033432,388,84,0,0
sem_erro,random_forest,queda,40,15,15,315,315,109,206,0,315,0,27,27,0.8031746031746032,0.8031746031746032,0.0,0.0,0.0,0.8031746031720535,253,62,0,0
sem_erro,random_forest,queda,40,20,20,236,236,83,153,0,236,0,23,23,0.8220338983050848,0.8220338983050848,0.0,0.0,0.0,0.8220338983016016,194,42,0,0
sem_erro,random_forest,queda,40,25,25,189,189,65,124,0,189,0,17,17,0.8148148148148148,0.8148148148148148,0.0,0.0,0.0,0.8148148148105037,154,35,0,0
sem_erro,random_forest,queda,40,30,30,158,158,55,103,0,158,0,20,20,0.8037974683544303,0.8037974683544303,0.0,0.0,0.0,0.8037974683493431,127,31,0,0
sem_erro,random_forest,queda,40,35,35,135,135,47,88,0,135,0,12,12,0.8814814814814815,0.8814814814814815,0.0,0.0,0.0,0.8814814814749521,119,16,0,0
sem_erro,random_forest,queda,40,40,40,118,118,40,78,0,118,0,12,12,0.8559322033898306,0.8559322033898306,0.0,0.0,0.0,0.8559322033825768,101,17,0,0
sem_erro,random_forest,queda,50,5,5,941,941,365,576,0,941,0,46,46,0.7332624867162593,0.7332624867162593,0.0,0.0,0.0,0.7332624867154801,690,251,0,0
sem_erro,random_forest,queda,50,10,10,471,471,185,286,0,471,0,31,31,0.7515923566878981,0.7515923566878981,0.0,0.0,0.0,0.7515923566863024,354,117,0,0
sem_erro,random_forest,queda,50,15,15,314,314,118,196,0,314,0,29,29,0.767515923566879,0.767515923566879,0.0,0.0,0.0,0.7675159235644347,241,73,0,0
sem_erro,random_forest,queda,50,20,20,236,236,94,142,0,236,0,29,29,0.6991525423728814,0.6991525423728814,0.0,0.0,0.0,0.6991525423699189,165,71,0,0
sem_erro,random_forest,queda,50,25,25,189,189,74,115,0,189,0,25,25,0.6984126984126984,0.6984126984126984,0.0,0.0,0.0,0.6984126984090031,132,57,0,0
sem_erro,random_forest,queda,50,30,30,157,157,59,98,0,157,0,21,21,0.7579617834394905,0.7579617834394905,0.0,0.0,0.0,0.7579617834346627,119,38,0,0
sem_erro,random_forest,queda,50,35,35,135,135,51,84,0,135,0,15,15,0.7851851851851852,0.7851851851851852,0.0,0.0,0.0,0.7851851851793691,106,29,0,0
sem_erro,random_forest,queda,50,40,40,118,118,47,71,0,118,0,19,19,0.7288135593220338,0.7288135593220338,0.0,0.0,0.0,0.7288135593158575,86,32,0,0
sem_erro,random_forest,queda,50,45,45,105,105,42,63,0,105,0,17,17,0.7047619047619048,0.7047619047619048,0.0,0.0,0.0,0.7047619047551927,74,31,0,0
sem_erro,random_forest,queda,50,50,50,95,95,41,54,0,95,0,20,20,0.6736842105263158,0.6736842105263158,0.0,0.0,0.0,0.6736842105192243,64,31,0,0
sem_erro,random_forest,queda,60,5,5,939,939,400,539,0,939,0,47,47,0.6592119275825347,0.6592119275825347,0.0,0.0,0.0,0.6592119275818326,619,320,0,0
sem_erro,random_forest,queda,60,10,10,470,470,203,267,0,470,0,35,35,0.6595744680851063,0.6595744680851063,0.0,0.0,0.0,0.659574468083703,310,160,0,0
sem_erro,random_forest,queda,60,15,15,313,313,130,183,0,313,0,28,28,0.6964856230031949,0.6964856230031949,0.0,0.0,0.0,0.6964856230009697,218,95,0,0
sem_erro,random_forest,queda,60,20,20,235,235,101,134,0,235,0,28,28,0.676595744680851,0.676595744680851,0.0,0.0,0.0,0.676595744677972,159,76,0,0
sem_erro,random_forest,queda,60,25,25,188,188,78,110,0,188,0,27,27,0.6382978723404256,0.6382978723404256,0.0,0.0,0.0,0.6382978723370304,120,68,0,0
sem_erro,random_forest,queda,60,30,30,157,157,66,91,0,157,0,27,27,0.6560509554140127,0.6560509554140127,0.0,0.0,0.0,0.6560509554098342,103,54,0,0
sem_erro,random_forest,queda,60,35,35,135,135,59,76,0,135,0,23,23,0.6518518518518519,0.6518518518518519,0.0,0.0,0.0,0.6518518518470233,88,47,0,0
sem_erro,random_forest,queda,60,40,40,118,118,49,69,0,118,0,22,22,0.7288135593220338,0.7288135593220338,0.0,0.0,0.0,0.7288135593158575,86,32,0,0
sem_erro,random_forest,queda,60,45,45,105,105,46,59,0,105,0,17,17,0.5333333333333333,0.5333333333333333,0.0,0.0,0.0,0.533333333328254,56,49,0,0
sem_erro,random_forest,queda,60,50,50,94,94,40,54,0,94,0,20,20,0.648936170212766,0.648936170212766,0.0,0.0,0.0,0.6489361702058624,61,33,0,0
sem_erro,random_forest,queda,60,55,55,86,86,36,50,0,86,0,15,15,0.7209302325581395,0.7209302325581395,0.0,0.0,0.0,0.7209302325497566,62,24,0,0
sem_erro,random_forest,queda,60,60,60,79,79,34,45,0,79,0,17,17,0.759493670886076,0.759493670886076,0.0,0.0,0.0,0.759493670876462,60,19,0,0
sem_erro,random_forest,queda,70,5,5,937,937,430,507,0,937,0,45,45,0.5955176093916755,0.5955176093916755,0.0,0.0,0.0,0.59551760939104,558,379,0,0
sem_erro,random_forest,queda,70,10,10,469,469,218,251,0,469,0,34,34,0.5778251599147122,0.5778251599147122,0.0,0.0,0.0,0.5778251599134802,271,198,0,0
sem_erro,random_forest,queda,70,15,15,313,313,144,169,0,313,0,34,34,0.5846645367412141,0.5846645367412141,0.0,0.0,0.0,0.5846645367393462,183,130,0,0
sem_erro,random_forest,queda,70,20,20,235,235,109,126,0,235,0,30,30,0.5617021276595745,0.5617021276595745,0.0,0.0,0.0,0.5617021276571843,132,103,0,0
sem_erro,random_forest,queda,70,25,25,188,188,85,103,0,188,0,29,29,0.5851063829787234,0.5851063829787234,0.0,0.0,0.0,0.5851063829756111,110,78,0,0
sem_erro,random_forest,queda,70,30,30,157,157,73,84,0,157,0,28,28,0.5477707006369427,0.5477707006369427,0.0,0.0,0.0,0.5477707006334537,86,71,0,0
sem_erro,random_forest,queda,70,35,35,134,134,62,72,0,134,0,19,19,0.5223880597014925,0.5223880597014925,0.0,0.0,0.0,0.5223880596975942,70,64,0,0
sem_erro,random_forest,queda,70,40,40,118,118,53,65,0,118,0,23,23,0.5677966101694916,0.5677966101694916,0.0,0.0,0.0,0.5677966101646796,67,51,0,0
sem_erro,random_forest,queda,70,45,45,105,105,50,55,0,105,0,16,16,0.47619047619047616,0.47619047619047616,0.0,0.0,0.0,0.476190476185941,50,55,0,0
sem_erro,random_forest,queda,70,50,50,94,94,42,52,0,94,0,19,19,0.6063829787234043,0.6063829787234043,0.0,0.0,0.0,0.6063829787169533,57,37,0,0
sem_erro,random_forest,queda,70,55,55,86,86,40,46,0,86,0,15,15,0.5930232558139535,0.5930232558139535,0.0,0.0,0.0,0.5930232558070578,51,35,0,0
sem_erro,random_forest,queda,70,60,60,79,79,37,42,0,79,0,18,18,0.6329113924050633,0.6329113924050633,0.0,0.0,0.0,0.6329113923970517,50,29,0,0
sem_erro,random_forest,queda,70,65,65,73,73,33,40,0,73,0,17,17,0.6986301369863014,0.6986301369863014,0.0,0.0,0.0,0.698630136976731,51,22,0,0
sem_erro,random_forest,queda,70,70,70,67,67,33,34,0,67,0,15,15,0.5373134328358209,0.5373134328358209,0.0,0.0,0.0,0.5373134328278013,36,31,0,0
sem_erro,random_forest,queda,80,5,5,935,935,458,477,0,935,0,46,46,0.5133689839572193,0.5133689839572193,0.0,0.0,0.0,0.5133689839566702,480,455,0,0
sem_erro,random_forest,queda,80,10,10,468,468,232,236,0,468,0,41,41,0.5106837606837606,0.5106837606837606,0.0,0.0,0.0,0.5106837606826695,239,229,0,0
sem_erro,random_forest,queda,80,15,15,312,312,150,162,0,312,0,29,29,0.5416666666666666,0.5416666666666666,0.0,0.0,0.0,0.5416666666649306,169,143,0,0
sem_erro,random_forest,queda,80,20,20,234,234,115,119,0,234,0,30,30,0.5042735042735043,0.5042735042735043,0.0,0.0,0.0,0.5042735042713493,118,116,0,0
sem_erro,random_forest,queda,80,25,25,187,187,93,94,0,187,0,21,21,0.44385026737967914,0.44385026737967914,0.0,0.0,0.0,0.44385026737730565,83,104,0,0
sem_erro,random_forest,queda,80,30,30,156,156,76,80,0,156,0,22,22,0.46153846153846156,0.46153846153846156,0.0,0.0,0.0,0.461538461535503,72,84,0,0
sem_erro,random_forest,queda,80,35,35,134,134,64,70,0,134,0,19,19,0.5,0.5,0.0,0.0,0.0,0.4999999999962687,67,67,0,0
sem_erro,random_forest,queda,80,40,40,117,117,58,59,0,117,0,18,18,0.49572649572649574,0.49572649572649574,0.0,0.0,0.0,0.49572649572225874,58,59,0,0
sem_erro,random_forest,queda,80,45,45,104,104,51,53,0,104,0,17,17,0.5096153846153846,0.5096153846153846,0.0,0.0,0.0,0.5096153846104845,53,51,0,0
sem_erro,random_forest,queda,80,50,50,94,94,48,46,0,94,0,15,15,0.4148936170212766,0.4148936170212766,0.0,0.0,0.0,0.41489361701686284,39,55,0,0
sem_erro,random_forest,queda,80,55,55,85,85,41,44,0,85,0,18,18,0.5411764705882353,0.5411764705882353,0.0,0.0,0.0,0.5411764705818685,46,39,0,0
sem_erro,random_forest,queda,80,60,60,78,78,37,41,0,78,0,12,12,0.5897435897435898,0.5897435897435898,0.0,0.0,0.0,0.5897435897360289,46,32,0,0
sem_erro,random_forest,queda,80,65,65,72,72,33,39,0,72,0,13,13,0.6805555555555556,0.6805555555555556,0.0,0.0,0.0,0.6805555555461034,49,23,0,0
sem_erro,random_forest,queda,80,70,70,67,67,33,34,0,67,0,15,15,0.5223880597014925,0.5223880597014925,0.0,0.0,0.0,0.5223880596936957,35,32,0,0
sem_erro,random_forest,queda,80,75,75,63,63,29,34,0,63,0,8,8,0.5396825396825397,0.5396825396825397,0.0,0.0,0.0,0.5396825396739733,34,29,0,0
sem_erro,random_forest,queda,80,80,80,59,59,30,29,0,59,0,9,9,0.5084745762711864,0.5084745762711864,0.0,0.0,0.0,0.5084745762625683,30,29,0,0
sem_erro,random_forest,queda,90,5,5,933,933,485,448,0,933,0,37,37,0.40514469453376206,0.40514469453376206,0.0,0.0,0.0,0.4051446945333278,378,555,0,0
sem_erro,random_forest,queda,90,10,10,467,467,245,222,0,467,0,31,31,0.4004282655246253,0.4004282655246253,0.0,0.0,0.0,0.4004282655237678,187,280,0,0
sem_erro,random_forest,queda,90,15,15,311,311,160,151,0,311,0,27,27,0.4565916398713826,0.4565916398713826,0.0,0.0,0.0,0.4565916398699145,142,169,0,0
sem_erro,random_forest,queda,90,20,20,234,234,123,111,0,234,0,21,21,0.41452991452991456,0.41452991452991456,0.0,0.0,0.0,0.41452991452814303,97,137,0,0
sem_erro,random_forest,queda,90,25,25,187,187,96,91,0,187,0,16,16,0.43315508021390375,0.43315508021390375,0.0,0.0,0.0,0.43315508021158744,81,106,0,0
sem_erro,random_forest,queda,90,30,30,156,156,81,75,0,156,0,20,20,0.4358974358974359,0.4358974358974359,0.0,0.0,0.0,0.4358974358946417,68,88,0,0
sem_erro,random_forest,queda,90,35,35,134,134,70,64,0,134,0,16,16,0.44029850746268656,0.44029850746268656,0.0,0.0,0.0,0.4402985074594008,59,75,0,0
sem_erro,random_forest,queda,90,40,40,117,117,62,55,0,117,0,19,19,0.42735042735042733,0.42735042735042733,0.0,0.0,0.0,0.42735042734677475,50,67,0,0
sem_erro,random_forest,queda,90,45,45,104,104,54,50,0,104,0,16,16,0.5096153846153846,0.5096153846153846,0.0,0.0,0.0,0.5096153846104845,53,51,0,0
sem_erro,random_forest,queda,90,50,50,94,94,50,44,0,94,0,11,11,0.39361702127659576,0.39361702127659576,0.0,0.0,0.0,0.39361702127240833,37,57,0,0
sem_erro,random_forest,queda,90,55,55,85,85,44,41,0,85,0,16,16,0.4235294117647059,0.4235294117647059,0.0,0.0,0.0,0.42352941175972314,36,49,0,0
sem_erro,random_forest,queda,90,60,60,78,78,39,39,0,78,0,11,11,0.5512820512820513,0.5512820512820513,0.0,0.0,0.0,0.5512820512749835,43,35,0,0
sem_erro,random_forest,queda,90,65,65,72,72,35,37,0,72,0,11,11,0.5694444444444444,0.5694444444444444,0.0,0.0,0.0,0.5694444444365354,41,31,0,0
sem_erro,random_forest,queda,90,70,70,67,67,35,32,0,67,0,10,10,0.44776119402985076,0.44776119402985076,0.0,0.0,0.0,0.4477611940231677,30,37,0,0
sem_erro,random_forest,queda,90,75,75,63,63,30,33,0,63,0,9,9,0.5238095238095238,0.5238095238095238,0.0,0.0,0.0,0.5238095238012094,33,30,0,0
sem_erro,random_forest,queda,90,80,80,59,59,33,26,0,59,0,9,9,0.423728813559322,0.423728813559322,0.0,0.0,0.0,0.4237288135521402,25,34,0,0
sem_erro,random_forest,queda,90,85,85,55,55,29,26,0,55,0,9,9,0.509090909090909,0.509090909090909,0.0,0.0,0.0,0.5090909090816529,28,27,0,0
sem_erro,random_forest,queda,90,90,90,52,52,28,24,0,52,0,11,11,0.5192307692307693,0.5192307692307693,0.0,0.0,0.0,0.519230769220784,27,25,0,0
sem_erro,random_forest,queda,100,5,5,931,931,509,422,0,931,0,29,29,0.34908700322234154,0.34908700322234154,0.0,0.0,0.0,0.3490870032219666,325,606,0,0
sem_erro,random_forest,queda,100,10,10,466,466,257,209,0,466,0,24,24,0.34763948497854075,0.34763948497854075,0.0,0.0,0.0,0.3476394849777948,162,304,0,0
sem_erro,random_forest,queda,100,15,15,311,311,170,141,0,311,0,20,20,0.3762057877813505,0.3762057877813505,0.0,0.0,0.0,0.37620578778014085,117,194,0,0
sem_erro,random_forest,queda,100,20,20,233,233,127,106,0,233,0,19,19,0.3905579399141631,0.3905579399141631,0.0,0.0,0.0,0.3905579399124869,91,142,0,0
sem_erro,random_forest,queda,100,25,25,187,187,103,84,0,187,0,13,13,0.3582887700534759,0.3582887700534759,0.0,0.0,0.0,0.35828877005155996,67,120,0,0
sem_erro,random_forest,queda,100,30,30,156,156,86,70,0,156,0,18,18,0.358974358974359,0.358974358974359,0.0,0.0,0.0,0.35897435897205787,56,100,0,0
sem_erro,random_forest,queda,100,35,35,133,133,72,61,0,133,0,13,13,0.39849624060150374,0.39849624060150374,0.0,0.0,0.0,0.3984962405985076,53,80,0,0
sem_erro,random_forest,queda,100,40,40,117,117,63,54,0,117,0,16,16,0.452991452991453,0.452991452991453,0.0,0.0,0.0,0.45299145298758126,53,64,0,0
sem_erro,random_forest,queda,100,45,45,104,104,58,46,0,104,0,11,11,0.375,0.375,0.0,0.0,0.0,0.3749999999963942,39,65,0,0
sem_erro,random_forest,queda,100,50,50,94,94,54,40,0,94,0,11,11,0.3404255319148936,0.3404255319148936,0.0,0.0,0.0,0.34042553191127206,32,62,0,0
sem_erro,random_forest,queda,100,55,55,85,85,46,39,0,85,0,12,12,0.3764705882352941,0.3764705882352941,0.0,0.0,0.0,0.37647058823086504,32,53,0,0
sem_erro,random_forest,queda,100,60,60,78,78,41,37,0,78,0,9,9,0.5,0.5,0.0,0.0,0.0,0.49999999999358974,39,39,0,0
sem_erro,random_forest,queda,100,65,65,72,72,37,35,0,72,0,12,12,0.4861111111111111,0.4861111111111111,0.0,0.0,0.0,0.48611111110435956,35,37,0,0
sem_erro,random_forest,queda,100,70,70,67,67,35,32,0,67,0,10,10,0.417910447761194,0.417910447761194,0.0,0.0,0.0,0.41791044775495656,28,39,0,0
sem_erro,random_forest,queda,100,75,75,63,63,35,28,0,63,0,12,12,0.4126984126984127,0.4126984126984127,0.0,0.0,0.0,0.41269841269186197,26,37,0,0
sem_erro,random_forest,queda,100,80,80,59,59,33,26,0,59,0,9,9,0.4067796610169492,0.4067796610169492,0.0,0.0,0.0,0.4067796610100546,24,35,0,0
sem_erro,random_forest,queda,100,85,85,55,55,30,25,0,55,0,7,7,0.43636363636363634,0.43636363636363634,0.0,0.0,0.0,0.4363636363557025,24,31,0,0
sem_erro,random_forest,queda,100,90,90,52,52,29,23,0,52,0,11,11,0.40384615384615385,0.40384615384615385,0.0,0.0,0.0,0.4038461538383876,21,31,0,0
sem_erro,random_forest,queda,100,95,95,49,49,28,21,0,49,0,9,9,0.42857142857142855,0.42857142857142855,0.0,0.0,0.0,0.42857142856268227,21,28,0,0
sem_erro,random_forest,queda,100,100,100,47,47,29,18,0,47,0,6,6,0.2978723404255319,0.2978723404255319,0.0,0.0,0.0,0.29787234041919425,14,33,0,0
sem_erro,xgboost,lacuna,20,5,5,947,947,279,668,0,947,0,0,0,1.0,1.0,0.0,0.0,0.0,0.9999999999989441,947,0,0,0
sem_erro,xgboost,lacuna,20,10,10,474,474,141,333,0,474,0,0,0,1.0,1.0,0.0,0.0,0.0,0.9999999999978904,474,0,0,0
sem_erro,xgboost,lacuna,20,15,15,316,316,94,222,0,316,0,0,0,1.0,1.0,0.0,0.0,0.0,0.9999999999968355,316,0,0,0
sem_erro,xgboost,lacuna,20,20,20,237,237,68,169,0,237,0,0,0,1.0,1.0,0.0,0.0,0.0,0.9999999999957806,237,0,0,0
sem_erro,xgboost,lacuna,30,5,5,945,945,317,628,0,945,0,0,0,1.0,1.0,0.0,0.0,0.0,0.9999999999989418,945,0,0,0
sem_erro,xgboost,lacuna,30,10,10,473,473,160,313,0,473,0,0,0,1.0,1.0,0.0,0.0,0.0,0.9999999999978858,473,0,0,0
sem_erro,xgboost,lacuna,30,15,15,315,315,105,210,0,315,0,0,0,1.0,1.0,0.0,0.0,0.0,0.9999999999968254,315,0,0,0
sem_erro,xgboost,lacuna,30,20,20,237,237,80,157,0,237,0,0,0,1.0,1.0,0.0,0.0,0.0,0.9999999999957806,237,0,0,0
sem_erro,xgboost,lacuna,30,25,25,189,189,65,124,0,189,0,0,0,1.0,1.0,0.0,0.0,0.0,0.999999999994709,189,0,0,0
sem_erro,xgboost,lacuna,30,30,30,158,158,52,106,0,158,0,0,0,1.0,1.0,0.0,0.0,0.0,0.999999999993671,158,0,0,0
sem_erro,xgboost,lacuna,40,5,5,943,943,353,590,0,943,0,0,0,1.0,1.0,0.0,0.0,0.0,0.9999999999989395,943,0,0,0
sem_erro,xgboost,lacuna,40,10,10,472,472,178,294,0,472,0,0,0,1.0,1.0,0.0,0.0,0.0,0.9999999999978814,472,0,0,0
sem_erro,xgboost,lacuna,40,15,15,315,315,121,194,0,315,0,0,0,1.0,1.0,0.0,0.0,0.0,0.9999999999968254,315,0,0,0
sem_erro,xgboost,lacuna,40,20,20,236,236,87,149,0,236,0,0,0,1.0,1.0,0.0,0.0,0.0,0.9999999999957627,236,0,0,0
sem_erro,xgboost,lacuna,40,25,25,189,189,70,119,0,189,0,0,0,1.0,1.0,0.0,0.0,0.0,0.999999999994709,189,0,0,0
sem_erro,xgboost,lacuna,40,30,30,158,158,61,97,0,158,0,0,0,1.0,1.0,0.0,0.0,0.0,0.999999999993671,158,0,0,0
sem_erro,xgboost,lacuna,40,35,35,135,135,51,84,0,135,0,0,0,1.0,1.0,0.0,0.0,0.0,0.9999999999925927,135,0,0,0
sem_erro,xgboost,lacuna,40,40,40,118,118,46,72,0,118,0,0,0,1.0,1.0,0.0,0.0,0.0,0.9999999999915254,118,0,0,0
sem_erro,xgboost,lacuna,50,5,5,941,941,385,556,0,941,0,0,0,1.0,1.0,0.0,0.0,0.0,0.9999999999989373,941,0,0,0
sem_erro,xgboost,lacuna,50,10,10,471,471,194,277,0,471,0,0,0,1.0,1.0,0.0,0.0,0.0,0.9999999999978769,471,0,0,0
sem_erro,xgboost,lacuna,50,15,15,314,314,130,184,0,314,0,0,0,1.0,1.0,0.0,0.0,0.0,0.9999999999968153,314,0,0,0
sem_erro,xgboost,lacuna,50,20,20,236,236,98,138,0,236,0,0,0,1.0,1.0,0.0,0.0,0.0,0.9999999999957627,236,0,0,0
sem_erro,xgboost,lacuna,50,25,25,189,189,77,112,0,189,0,0,0,1.0,1.0,0.0,0.0,0.0,0.999999999994709,189,0,0,0
sem_erro,xgboost,lacuna,50,30,30,157,157,64,93,0,157,0,0,0,1.0,1.0,0.0,0.0,0.0,0.9999999999936307,157,0,0,0
sem_erro,xgboost,lacuna,50,35,35,135,135,55,80,0,135,0,0,0,1.0,1.0,0.0,0.0,0.0,0.9999999999925927,135,0,0,0
sem_erro,xgboost,lacuna,50,40,40,118,118,50,68,0,118,0,0,0,1.0,1.0,0.0,0.0,0.0,0.9999999999915254,118,0,0,0
sem_erro,xgboost,lacuna,50,45,45,105,105,45,60,0,105,0,0,0,1.0,1.0,0.0,0.0,0.0,0.9999999999904762,105,0,0,0
sem_erro,xgboost,lacuna,50,50,50,95,95,38,57,0,95,0,0,0,1.0,1.0,0.0,0.0,0.0,0.9999999999894736,95,0,0,0
sem_erro,xgboost,lacuna,60,5,5,939,939,415,524,0,939,0,0,0,1.0,1.0,0.0,0.0,0.0,0.9999999999989351,939,0,0,0
sem_erro,xgboost,lacuna,60,10,10,470,470,209,261,0,470,0,0,0,1.0,1.0,0.0,0.0,0.0,0.9999999999978724,470,0,0,0
sem_erro,xgboost,lacuna,60,15,15,313,313,138,175,0,313,0,0,0,1.0,1.0,0.0,0.0,0.0,0.9999999999968051,313,0,0,0
sem_erro,xgboost,lacuna,60,20,20,235,235,102,133,0,235,0,0,0,1.0,1.0,0.0,0.0,0.0,0.9999999999957447,235,0,0,0
sem_erro,xgboost,lacuna,60,25,25,188,188,85,103,0,188,0,0,0,1.0,1.0,0.0,0.0,0.0,0.9999999999946809,188,0,0,0
sem_erro,xgboost,lacuna,60,30,30,157,157,70,87,0,157,0,0,0,1.0,1.0,0.0,0.0,0.0,0.9999999999936307,157,0,0,0
sem_erro,xgboost,lacuna,60,35,35,135,135,61,74,0,135,0,0,0,1.0,1.0,0.0,0.0,0.0,0.9999999999925927,135,0,0,0
sem_erro,xgboost,lacuna,60,40,40,118,118,51,67,0,118,0,0,0,1.0,1.0,0.0,0.0,0.0,0.9999999999915254,118,0,0,0
sem_erro,xgboost,lacuna,60,45,45,105,105,47,58,0,105,0,0,0,1.0,1.0,0.0,0.0,0.0,0.9999999999904762,105,0,0,0
sem_erro,xgboost,lacuna,60,50,50,94,94,43,51,0,94,0,0,0,1.0,1.0,0.0,0.0,0.0,0.9999999999893616,94,0,0,0
sem_erro,xgboost,lacuna,60,55,55,86,86,38,48,0,86,0,0,0,1.0,1.0,0.0,0.0,0.0,0.9999999999883721,86,0,0,0
sem_erro,xgboost,lacuna,60,60,60,79,79,35,44,0,79,0,0,0,1.0,1.0,0.0,0.0,0.0,0.9999999999873417,79,0,0,0
sem_erro,xgboost,lacuna,70,5,5,937,937,445,492,0,937,0,0,0,1.0,1.0,0.0,0.0,0.0,0.9999999999989327,937,0,0,0
sem_erro,xgboost,lacuna,70,10,10,469,469,224,245,0,469,0,0,0,1.0,1.0,0.0,0.0,0.0,0.9999999999978678,469,0,0,0
sem_erro,xgboost,lacuna,70,15,15,313,313,151,162,0,313,0,0,0,1.0,1.0,0.0,0.0,0.0,0.9999999999968051,313,0,0,0
sem_erro,xgboost,lacuna,70,20,20,235,235,113,122,0,235,0,0,0,1.0,1.0,0.0,0.0,0.0,0.9999999999957447,235,0,0,0
sem_erro,xgboost,lacuna,70,25,25,188,188,86,102,0,188,0,0,0,1.0,1.0,0.0,0.0,0.0,0.9999999999946809,188,0,0,0
sem_erro,xgboost,lacuna,70,30,30,157,157,76,81,0,157,0,0,0,1.0,1.0,0.0,0.0,0.0,0.9999999999936307,157,0,0,0
sem_erro,xgboost,lacuna,70,35,35,134,134,65,69,0,134,0,0,0,1.0,1.0,0.0,0.0,0.0,0.9999999999925374,134,0,0,0
sem_erro,xgboost,lacuna,70,40,40,118,118,58,60,0,118,0,0,0,1.0,1.0,0.0,0.0,0.0,0.9999999999915254,118,0,0,0
sem_erro,xgboost,lacuna,70,45,45,105,105,52,53,0,105,0,0,0,1.0,1.0,0.0,0.0,0.0,0.9999999999904762,105,0,0,0
sem_erro,xgboost,lacuna,70,50,50,94,94,43,51,0,94,0,0,0,1.0,1.0,0.0,0.0,0.0,0.9999999999893616,94,0,0,0
sem_erro,xgboost,lacuna,70,55,55,86,86,40,46,0,86,0,0,0,1.0,1.0,0.0,0.0,0.0,0.9999999999883721,86,0,0,0
sem_erro,xgboost,lacuna,70,60,60,79,79,38,41,0,79,0,0,0,1.0,1.0,0.0,0.0,0.0,0.9999999999873417,79,0,0,0
sem_erro,xgboost,lacuna,70,65,65,73,73,35,38,0,73,0,0,0,1.0,1.0,0.0,0.0,0.0,0.9999999999863013,73,0,0,0
sem_erro,xgboost,lacuna,70,70,70,67,67,35,32,0,67,0,0,0,1.0,1.0,0.0,0.0,0.0,0.9999999999850746,67,0,0,0
sem_erro,xgboost,lacuna,80,5,5,935,935,471,464,0,935,0,0,0,1.0,1.0,0.0,0.0,0.0,0.9999999999989305,935,0,0,0
sem_erro,xgboost,lacuna,80,10,10,468,468,236,232,0,468,0,0,0,1.0,1.0,0.0,0.0,0.0,0.9999999999978633,468,0,0,0
sem_erro,xgboost,lacuna,80,15,15,312,312,159,153,0,312,0,0,0,1.0,1.0,0.0,0.0,0.0,0.9999999999967949,312,0,0,0
sem_erro,xgboost,lacuna,80,20,20,234,234,117,117,0,234,0,0,0,1.0,1.0,0.0,0.0,0.0,0.9999999999957265,234,0,0,0
sem_erro,xgboost,lacuna,80,25,25,187,187,95,92,0,187,0,0,0,1.0,1.0,0.0,0.0,0.0,0.9999999999946525,187,0,0,0
sem_erro,xgboost,lacuna,80,30,30,156,156,78,78,0,156,0,0,0,1.0,1.0,0.0,0.0,0.0,0.9999999999935898,156,0,0,0
sem_erro,xgboost,lacuna,80,35,35,134,134,67,67,0,134,0,0,0,1.0,1.0,0.0,0.0,0.0,0.9999999999925374,134,0,0,0
sem_erro,xgboost,lacuna,80,40,40,117,117,61,56,0,117,0,0,0,1.0,1.0,0.0,0.0,0.0,0.999999999991453,117,0,0,0
sem_erro,xgboost,lacuna,80,45,45,104,104,54,50,0,104,0,0,0,1.0,1.0,0.0,0.0,0.0,0.9999999999903846,104,0,0,0
sem_erro,xgboost,lacuna,80,50,50,94,94,46,48,0,94,0,0,0,1.0,1.0,0.0,0.0,0.0,0.9999999999893616,94,0,0,0
sem_erro,xgboost,lacuna,80,55,55,85,85,43,42,0,85,0,0,0,1.0,1.0,0.0,0.0,0.0,0.9999999999882353,85,0,0,0
sem_erro,xgboost,lacuna,80,60,60,78,78,38,40,0,78,0,0,0,1.0,1.0,0.0,0.0,0.0,0.9999999999871795,78,0,0,0
sem_erro,xgboost,lacuna,80,65,65,72,72,36,36,0,72,0,0,0,1.0,1.0,0.0,0.0,0.0,0.9999999999861111,72,0,0,0
sem_erro,xgboost,lacuna,80,70,70,67,67,36,31,0,67,0,0,0,1.0,1.0,0.0,0.0,0.0,0.9999999999850746,67,0,0,0
sem_erro,xgboost,lacuna,80,75,75,63,63,33,30,0,63,0,0,0,1.0,1.0,0.0,0.0,0.0,0.999999999984127,63,0,0,0
sem_erro,xgboost,lacuna,80,80,80,59,59,30,29,0,59,0,0,0,1.0,1.0,0.0,0.0,0.0,0.9999999999830509,59,0,0,0
sem_erro,xgboost,lacuna,90,5,5,933,933,493,440,0,933,0,0,0,1.0,1.0,0.0,0.0,0.0,0.9999999999989282,933,0,0,0
sem_erro,xgboost,lacuna,90,10,10,467,467,247,220,0,467,0,0,0,1.0,1.0,0.0,0.0,0.0,0.9999999999978587,467,0,0,0
sem_erro,xgboost,lacuna,90,15,15,311,311,164,147,0,311,0,0,0,1.0,1.0,0.0,0.0,0.0,0.9999999999967846,311,0,0,0
sem_erro,xgboost,lacuna,90,20,20,234,234,124,110,0,234,0,0,0,1.0,1.0,0.0,0.0,0.0,0.9999999999957265,234,0,0,0
sem_erro,xgboost,lacuna,90,25,25,187,187,98,89,0,187,0,0,0,1.0,1.0,0.0,0.0,0.0,0.9999999999946525,187,0,0,0
sem_erro,xgboost,lacuna,90,30,30,156,156,82,74,0,156,0,0,0,1.0,1.0,0.0,0.0,0.0,0.9999999999935898,156,0,0,0
sem_erro,xgboost,lacuna,90,35,35,134,134,72,62,0,134,0,0,0,1.0,1.0,0.0,0.0,0.0,0.9999999999925374,134,0,0,0
sem_erro,xgboost,lacuna,90,40,40,117,117,63,54,0,117,0,0,0,1.0,1.0,0.0,0.0,0.0,0.999999999991453,117,0,0,0
sem_erro,xgboost,lacuna,90,45,45,104,104,56,48,0,104,0,0,0,1.0,1.0,0.0,0.0,0.0,0.9999999999903846,104,0,0,0
sem_erro,xgboost,lacuna,90,50,50,94,94,47,47,0,94,0,0,0,1.0,1.0,0.0,0.0,0.0,0.9999999999893616,94,0,0,0
sem_erro,xgboost,lacuna,90,55,55,85,85,46,39,0,85,0,0,0,1.0,1.0,0.0,0.0,0.0,0.9999999999882353,85,0,0,0
sem_erro,xgboost,lacuna,90,60,60,78,78,41,37,0,78,0,0,0,1.0,1.0,0.0,0.0,0.0,0.9999999999871795,78,0,0,0
sem_erro,xgboost,lacuna,90,65,65,72,72,37,35,0,72,0,0,0,1.0,1.0,0.0,0.0,0.0,0.9999999999861111,72,0,0,0
sem_erro,xgboost,lacuna,90,70,70,67,67,37,30,0,67,0,0,0,1.0,1.0,0.0,0.0,0.0,0.9999999999850746,67,0,0,0
sem_erro,xgboost,lacuna,90,75,75,63,63,34,29,0,63,0,0,0,1.0,1.0,0.0,0.0,0.0,0.999999999984127,63,0,0,0
sem_erro,xgboost,lacuna,90,80,80,59,59,31,28,0,59,0,0,0,1.0,1.0,0.0,0.0,0.0,0.9999999999830509,59,0,0,0
sem_erro,xgboost,lacuna,90,85,85,55,55,30,25,0,55,0,0,0,1.0,1.0,0.0,0.0,0.0,0.9999999999818182,55,0,0,0
sem_erro,xgboost,lacuna,90,90,90,52,52,28,24,0,52,0,0,0,1.0,1.0,0.0,0.0,0.0,0.9999999999807693,52,0,0,0
sem_erro,xgboost,lacuna,100,5,5,931,931,515,416,0,931,0,0,0,1.0,1.0,0.0,0.0,0.0,0.9999999999989259,931,0,0,0
sem_erro,xgboost,lacuna,100,10,10,466,466,258,208,0,466,0,0,0,1.0,1.0,0.0,0.0,0.0,0.999999999997854,466,0,0,0
sem_erro,xgboost,lacuna,100,15,15,311,311,173,138,0,311,0,0,0,1.0,1.0,0.0,0.0,0.0,0.9999999999967846,311,0,0,0
sem_erro,xgboost,lacuna,100,20,20,233,233,128,105,0,233,0,0,0,1.0,1.0,0.0,0.0,0.0,0.9999999999957082,233,0,0,0
sem_erro,xgboost,lacuna,100,25,25,187,187,102,85,0,187,0,0,0,1.0,1.0,0.0,0.0,0.0,0.9999999999946525,187,0,0,0
sem_erro,xgboost,lacuna,100,30,30,156,156,87,69,0,156,0,0,0,1.0,1.0,0.0,0.0,0.0,0.9999999999935898,156,0,0,0
sem_erro,xgboost,lacuna,100,35,35,133,133,76,57,0,133,0,0,0,1.0,1.0,0.0,0.0,0.0,0.9999999999924812,133,0,0,0
sem_erro,xgboost,lacuna,100,40,40,117,117,64,53,0,117,0,0,0,1.0,1.0,0.0,0.0,0.0,0.999999999991453,117,0,0,0
sem_erro,xgboost,lacuna,100,45,45,104,104,58,46,0,104,0,0,0,1.0,1.0,0.0,0.0,0.0,0.9999999999903846,104,0,0,0
sem_erro,xgboost,lacuna,100,50,50,94,94,50,44,0,94,0,0,0,1.0,1.0,0.0,0.0,0.0,0.9999999999893616,94,0,0,0
sem_erro,xgboost,lacuna,100,55,55,85,85,47,38,0,85,0,0,0,1.0,1.0,0.0,0.0,0.0,0.9999999999882353,85,0,0,0
sem_erro,xgboost,lacuna,100,60,60,78,78,44,34,0,78,0,0,0,1.0,1.0,0.0,0.0,0.0,0.9999999999871795,78,0,0,0
sem_erro,xgboost,lacuna,100,65,65,72,72,38,34,0,72,0,0,0,1.0,1.0,0.0,0.0,0.0,0.9999999999861111,72,0,0,0
sem_erro,xgboost,lacuna,100,70,70,67,67,39,28,0,67,0,0,0,1.0,1.0,0.0,0.0,0.0,0.9999999999850746,67,0,0,0
sem_erro,xgboost,lacuna,100,75,75,63,63,36,27,0,63,0,0,0,1.0,1.0,0.0,0.0,0.0,0.999999999984127,63,0,0,0
sem_erro,xgboost,lacuna,100,80,80,59,59,31,28,0,59,0,0,0,1.0,1.0,0.0,0.0,0.0,0.9999999999830509,59,0,0,0
sem_erro,xgboost,lacuna,100,85,85,55,55,31,24,0,55,0,0,0,1.0,1.0,0.0,0.0,0.0,0.9999999999818182,55,0,0,0
sem_erro,xgboost,lacuna,100,90,90,52,52,28,24,0,52,0,0,0,1.0,1.0,0.0,0.0,0.0,0.9999999999807693,52,0,0,0
sem_erro,xgboost,lacuna,100,95,95,49,49,28,21,0,49,0,0,0,1.0,1.0,0.0,0.0,0.0,0.9999999999795919,49,0,0,0
sem_erro,xgboost,lacuna,100,100,100,47,47,24,23,0,47,0,0,0,1.0,1.0,0.0,0.0,0.0,0.9999999999787235,47,0,0,0
sem_erro,xgboost,oscilacao,20,5,5,947,947,294,653,0,947,0,47,47,0.8511087645195353,0.8511087645195353,0.0,0.0,0.0,0.8511087645186366,806,141,0,0
sem_erro,xgboost,oscilacao,20,10,10,474,474,147,327,0,474,0,35,35,0.8312236286919831,0.8312236286919831,0.0,0.0,0.0,0.8312236286902295,394,80,0,0
sem_erro,xgboost,oscilacao,20,15,15,316,316,98,218,0,316,0,30,30,0.8164556962025317,0.8164556962025317,0.0,0.0,0.0,0.816455696199948,258,58,0,0
sem_erro,xgboost,oscilacao,20,20,20,237,237,73,164,0,237,0,24,24,0.8481012658227848,0.8481012658227848,0.0,0.0,0.0,0.8481012658192063,201,36,0,0
sem_erro,xgboost,oscilacao,30,5,5,945,945,324,621,0,945,0,50,50,0.7947089947089947,0.7947089947089947,0.0,0.0,0.0,0.7947089947081537,751,194,0,0
sem_erro,xgboost,oscilacao,30,10,10,473,473,162,311,0,473,0,39,39,0.7822410147991543,0.7822410147991543,0.0,0.0,0.0,0.7822410147975005,370,103,0,0
sem_erro,xgboost,oscilacao,30,15,15,315,315,108,207,0,315,0,33,33,0.7936507936507936,0.7936507936507936,0.0,0.0,0.0,0.7936507936482742,250,65,0,0
sem_erro,xgboost,oscilacao,30,20,20,237,237,80,157,0,237,0,28,28,0.7890295358649789,0.7890295358649789,0.0,0.0,0.0,0.7890295358616497,187,50,0,0
sem_erro,xgboost,oscilacao,30,25,25,189,189,62,127,0,189,0,24,24,0.8095238095238095,0.8095238095238095,0.0,0.0,0.0,0.8095238095195264,153,36,0,0
sem_erro,xgboost,oscilacao,30,30,30,158,158,57,101,0,158,0,24,24,0.7468354430379747,0.7468354430379747,0.0,0.0,0.0,0.7468354430332479,118,40,0,0
sem_erro,xgboost,oscilacao,40,5,5,943,943,354,589,0,943,0,46,46,0.7433722163308589,0.7433722163308589,0.0,0.0,0.0,0.7433722163300707,701,242,0,0
sem_erro,xgboost,oscilacao,40,10,10,472,472,177,295,0,472,0,35,35,0.7436440677966102,0.7436440677966102,0.0,0.0,0.0,0.7436440677950347,351,121,0,0
sem_erro,xgboost,oscilacao,40,15,15,315,315,119,196,0,315,0,28,28,0.7333333333333333,0.7333333333333333,0.0,0.0,0.0,0.7333333333310054,231,84,0,0
sem_erro,xgboost,oscilacao,40,20,20,236,236,88,148,0,236,0,26,26,0.7457627118644068,0.7457627118644068,0.0,0.0,0.0,0.7457627118612468,176,60,0,0
sem_erro,xgboost,oscilacao,40,25,25,189,189,69,120,0,189,0,22,22,0.7671957671957672,0.7671957671957672,0.0,0.0,0.0,0.767195767191708,145,44,0,0
sem_erro,xgboost,oscilacao,40,30,30,158,158,60,98,0,158,0,20,20,0.7531645569620253,0.7531645569620253,0.0,0.0,0.0,0.7531645569572585,119,39,0,0
sem_erro,xgboost,oscilacao,40,35,35,135,135,48,87,0,135,0,22,22,0.7333333333333333,0.7333333333333333,0.0,0.0,0.0,0.7333333333279013,99,36,0,0
sem_erro,xgboost,oscilacao,40,40,40,118,118,43,75,0,118,0,21,21,0.7627118644067796,0.7627118644067796,0.0,0.0,0.0,0.762711864400316,90,28,0,0
sem_erro,xgboost,oscilacao,50,5,5,941,941,384,557,0,941,0,55,55,0.7353878852284803,0.7353878852284803,0.0,0.0,0.0,0.7353878852276988,692,249,0,0
sem_erro,xgboost,oscilacao,50,10,10,471,471,192,279,0,471,0,34,34,0.7261146496815286,0.7261146496815286,0.0,0.0,0.0,0.7261146496799871,342,129,0,0
sem_erro,xgboost,oscilacao,50,15,15,314,314,128,186,0,314,0,30,30,0.7388535031847133,0.7388535031847133,0.0,0.0,0.0,0.7388535031823603,232,82,0,0
sem_erro,xgboost,oscilacao,50,20,20,236,236,95,141,0,236,0,29,29,0.7372881355932204,0.7372881355932204,0.0,0.0,0.0,0.7372881355900963,174,62,0,0
sem_erro,xgboost,oscilacao,50,25,25,189,189,78,111,0,189,0,23,23,0.7248677248677249,0.7248677248677249,0.0,0.0,0.0,0.7248677248638896,137,52,0,0
sem_erro,xgboost,oscilacao,50,30,30,157,157,65,92,0,157,0,24,24,0.7006369426751592,0.7006369426751592,0.0,0.0,0.0,0.7006369426706966,110,47,0,0
sem_erro,xgboost,oscilacao,50,35,35,135,135,52,83,0,135,0,22,22,0.7777777777777778,0.7777777777777778,0.0,0.0,0.0,0.7777777777720165,105,30,0,0
sem_erro,xgboost,oscilacao,50,40,40,118,118,44,74,0,118,0,18,18,0.7966101694915254,0.7966101694915254,0.0,0.0,0.0,0.7966101694847745,94,24,0,0
sem_erro,xgboost,oscilacao,50,45,45,105,105,39,66,0,105,0,22,22,0.7047619047619048,0.7047619047619048,0.0,0.0,0.0,0.7047619047551927,74,31,0,0
sem_erro,xgboost,oscilacao,50,50,50,95,95,39,56,0,95,0,16,16,0.7473684210526316,0.7473684210526316,0.0,0.0,0.0,0.7473684210447645,71,24,0,0
sem_erro,xgboost,oscilacao,60,5,5,939,939,412,527,0,939,0,44,44,0.7028753993610224,0.7028753993610224,0.0,0.0,0.0,0.7028753993602739,660,279,0,0
sem_erro,xgboost,oscilacao,60,10,10,470,470,206,264,0,470,0,39,39,0.7106382978723405,0.7106382978723405,0.0,0.0,0.0,0.7106382978708284,334,136,0,0
sem_erro,xgboost,oscilacao,60,15,15,313,313,137,176,0,313,0,29,29,0.7284345047923323,0.7284345047923323,0.0,0.0,0.0,0.728434504790005,228,85,0,0
sem_erro,xgboost,oscilacao,60,20,20,235,235,102,133,0,235,0,30,30,0.676595744680851,0.676595744680851,0.0,0.0,0.0,0.676595744677972,159,76,0,0
sem_erro,xgboost,oscilacao,60,25,25,188,188,80,108,0,188,0,24,24,0.7393617021276596,0.7393617021276596,0.0,0.0,0.0,0.7393617021237269,139,49,0,0
sem_erro,xgboost,oscilacao,60,30,30,157,157,72,85,0,157,0,24,24,0.6496815286624203,0.6496815286624203,0.0,0.0,0.0,0.6496815286582823,102,55,0,0
sem_erro,xgboost,oscilacao,60,35,35,135,135,59,76,0,135,0,24,24,0.6814814814814815,0.6814814814814815,0.0,0.0,0.0,0.6814814814764335,92,43,0,0
sem_erro,xgboost,oscilacao,60,40,40,118,118,51,67,0,118,0,20,20,0.711864406779661,0.711864406779661,0.0,0.0,0.0,0.7118644067736283,84,34,0,0
sem_erro,xgboost,oscilacao,60,45,45,105,105,44,61,0,105,0,24,24,0.6285714285714286,0.6285714285714286,0.0,0.0,0.0,0.6285714285654421,66,39,0,0
sem_erro,xgboost,oscilacao,60,50,50,94,94,39,55,0,94,0,22,22,0.7127659574468085,0.7127659574468085,0.0,0.0,0.0,0.7127659574392259,67,27,0,0
sem_erro,xgboost,oscilacao,60,55,55,86,86,41,45,0,86,0,17,17,0.5930232558139535,0.5930232558139535,0.0,0.0,0.0,0.5930232558070578,51,35,0,0
sem_erro,xgboost,oscilacao,60,60,60,79,79,36,43,0,79,0,18,18,0.6075949367088608,0.6075949367088608,0.0,0.0,0.0,0.6075949367011697,48,31,0,0
sem_erro,xgboost,oscilacao,70,5,5,937,937,439,498,0,937,0,44,44,0.7043756670224119,0.7043756670224119,0.0,0.0,0.0,0.7043756670216602,660,277,0,0
sem_erro,xgboost,oscilacao,70,10,10,469,469,220,249,0,469,0,37,37,0.6823027718550106,0.6823027718550106,0.0,0.0,0.0,0.6823027718535559,320,149,0,0
sem_erro,xgboost,oscilacao,70,15,15,313,313,147,166,0,313,0,24,24,0.6741214057507987,0.6741214057507987,0.0,0.0,0.0,0.674121405748645,211,102,0,0
sem_erro,xgboost,oscilacao,70,20,20,235,235,109,126,0,235,0,30,30,0.7021276595744681,0.7021276595744681,0.0,0.0,0.0,0.7021276595714804,165,70,0,0
sem_erro,xgboost,oscilacao,70,25,25,188,188,86,102,0,188,0,26,26,0.6968085106382979,0.6968085106382979,0.0,0.0,0.0,0.6968085106345915,131,57,0,0
sem_erro,xgboost,oscilacao,70,30,30,157,157,75,82,0,157,0,19,19,0.6687898089171974,0.6687898089171974,0.0,0.0,0.0,0.6687898089129377,105,52,0,0
sem_erro,xgboost,oscilacao,70,35,35,134,134,62,72,0,134,0,19,19,0.7238805970149254,0.7238805970149254,0.0,0.0,0.0,0.7238805970095233,97,37,0,0
sem_erro,xgboost,oscilacao,70,40,40,118,118,57,61,0,118,0,19,19,0.711864406779661,0.711864406779661,0.0,0.0,0.0,0.7118644067736283,84,34,0,0
sem_erro,xgboost,oscilacao,70,45,45,105,105,50,55,0,105,0,22,22,0.6,0.6,0.0,0.0,0.0,0.5999999999942857,63,42,0,0
sem_erro,xgboost,oscilacao,70,50,50,94,94,41,53,0,94,0,20,20,0.6808510638297872,0.6808510638297872,0.0,0.0,0.0,0.6808510638225441,64,30,0,0
sem_erro,xgboost,oscilacao,70,55,55,86,86,44,42,0,86,0,18,18,0.5116279069767442,0.5116279069767442,0.0,0.0,0.0,0.511627906970795,44,42,0,0
sem_erro,xgboost,oscilacao,70,60,60,79,79,37,42,0,79,0,16,16,0.6329113924050633,0.6329113924050633,0.0,0.0,0.0,0.6329113923970517,50,29,0,0
sem_erro,xgboost,oscilacao,70,65,65,73,73,33,40,0,73,0,22,22,0.6301369863013698,0.6301369863013698,0.0,0.0,0.0,0.6301369862927378,46,27,0,0
sem_erro,xgboost,oscilacao,70,70,70,67,67,31,36,0,67,0,10,10,0.6119402985074627,0.6119402985074627,0.0,0.0,0.0,0.6119402984983292,41,26,0,0
sem_erro,xgboost,oscilacao,80,5,5,935,935,463,472,0,935,0,41,41,0.6844919786096256,0.6844919786096256,0.0,0.0,0.0,0.6844919786088935,640,295,0,0
sem_erro,xgboost,oscilacao,80,10,10,468,468,232,236,0,468,0,40,40,0.6752136752136753,0.6752136752136753,0.0,0.0,0.0,0.6752136752122324,316,152,0,0
sem_erro,xgboost,oscilacao,80,15,15,312,312,154,158,0,312,0,31,31,0.657051282051282,0.657051282051282,0.0,0.0,0.0,0.6570512820491762,205,107,0,0
sem_erro,xgboost,oscilacao,80,20,20,234,234,115,119,0,234,0,30,30,0.6196581196581197,0.6196581196581197,0.0,0.0,0.0,0.6196581196554716,145,89,0,0
sem_erro,xgboost,oscilacao,80,25,25,187,187,90,97,0,187,0,22,22,0.6951871657754011,0.6951871657754011,0.0,0.0,0.0,0.6951871657716835,130,57,0,0
sem_erro,xgboost,oscilacao,80,30,30,156,156,78,78,0,156,0,26,26,0.5705128205128205,0.5705128205128205,0.0,0.0,0.0,0.5705128205091634,89,67,0,0
sem_erro,xgboost,oscilacao,80,35,35,134,134,66,68,0,134,0,25,25,0.6119402985074627,0.6119402985074627,0.0,0.0,0.0,0.611940298502896,82,52,0,0
sem_erro,xgboost,oscilacao,80,40,40,117,117,57,60,0,117,0,21,21,0.5982905982905983,0.5982905982905983,0.0,0.0,0.0,0.5982905982854847,70,47,0,0
sem_erro,xgboost,oscilacao,80,45,45,104,104,53,51,0,104,0,27,27,0.5384615384615384,0.5384615384615384,0.0,0.0,0.0,0.5384615384563609,56,48,0,0
sem_erro,xgboost,oscilacao,80,50,50,94,94,44,50,0,94,0,17,17,0.6702127659574468,0.6702127659574468,0.0,0.0,0.0,0.6702127659503169,63,31,0,0
sem_erro,xgboost,oscilacao,80,55,55,85,85,43,42,0,85,0,20,20,0.49411764705882355,0.49411764705882355,0.0,0.0,0.0,0.49411764705301037,42,43,0,0
sem_erro,xgboost,oscilacao,80,60,60,78,78,37,41,0,78,0,22,22,0.5512820512820513,0.5512820512820513,0.0,0.0,0.0,0.5512820512749835,43,35,0,0
sem_erro,xgboost,oscilacao,80,65,65,72,72,35,37,0,72,0,15,15,0.7083333333333334,0.7083333333333334,0.0,0.0,0.0,0.7083333333234954,51,21,0,0
sem_erro,xgboost,oscilacao,80,70,70,67,67,32,35,0,67,0,14,14,0.5970149253731343,0.5970149253731343,0.0,0.0,0.0,0.5970149253642236,40,27,0,0
sem_erro,xgboost,oscilacao,80,75,75,63,63,29,34,0,63,0,13,13,0.5555555555555556,0.5555555555555556,0.0,0.0,0.0,0.5555555555467372,35,28,0,0
sem_erro,xgboost,oscilacao,80,80,80,59,59,29,30,0,59,0,13,13,0.5254237288135594,0.5254237288135594,0.0,0.0,0.0,0.5254237288046538,31,28,0,0
sem_erro,xgboost,oscilacao,90,5,5,933,933,487,446,0,933,0,49,49,0.6302250803858521,0.6302250803858521,0.0,0.0,0.0,0.6302250803851767,588,345,0,0
sem_erro,xgboost,oscilacao,90,10,10,467,467,244,223,0,467,0,36,36,0.6381156316916489,0.6381156316916489,0.0,0.0,0.0,0.6381156316902824,298,169,0,0
sem_erro,xgboost,oscilacao,90,15,15,311,311,162,149,0,311,0,38,38,0.5916398713826366,0.5916398713826366,0.0,0.0,0.0,0.5916398713807343,184,127,0,0
sem_erro,xgboost,oscilacao,90,20,20,234,234,121,113,0,234,0,31,31,0.5811965811965812,0.5811965811965812,0.0,0.0,0.0,0.5811965811940975,136,98,0,0
sem_erro,xgboost,oscilacao,90,25,25,187,187,96,91,0,187,0,28,28,0.5187165775401069,0.5187165775401069,0.0,0.0,0.0,0.5187165775373331,97,90,0,0
sem_erro,xgboost,oscilacao,90,30,30,156,156,84,72,0,156,0,28,28,0.5064102564102564,0.5064102564102564,0.0,0.0,0.0,0.5064102564070102,79,77,0,0
sem_erro,xgboost,oscilacao,90,35,35,134,134,69,65,0,134,0,27,27,0.5746268656716418,0.5746268656716418,0.0,0.0,0.0,0.5746268656673535,77,57,0,0
sem_erro,xgboost,oscilacao,90,40,40,117,117,58,59,0,117,0,23,23,0.5982905982905983,0.5982905982905983,0.0,0.0,0.0,0.5982905982854847,70,47,0,0
sem_erro,xgboost,oscilacao,90,45,45,104,104,53,51,0,104,0,23,23,0.5961538461538461,0.5961538461538461,0.0,0.0,0.0,0.5961538461481138,62,42,0,0
sem_erro,xgboost,oscilacao,90,50,50,94,94,50,44,0,94,0,21,21,0.32978723404255317,0.32978723404255317,0.0,0.0,0.0,0.3297872340390448,31,63,0,0
sem_erro,xgboost,oscilacao,90,55,55,85,85,46,39,0,85,0,17,17,0.5058823529411764,0.5058823529411764,0.0,0.0,0.0,0.5058823529352249,43,42,0,0
sem_erro,xgboost,oscilacao,90,60,60,78,78,39,39,0,78,0,15,15,0.48717948717948717,0.48717948717948717,0.0,0.0,0.0,0.4871794871732413,38,40,0,0
sem_erro,xgboost,oscilacao,90,65,65,72,72,36,36,0,72,0,12,12,0.7361111111111112,0.7361111111111112,0.0,0.0,0.0,0.7361111111008873,53,19,0,0
sem_erro,xgboost,oscilacao,90,70,70,67,67,34,33,0,67,0,13,13,0.4626865671641791,0.4626865671641791,0.0,0.0,0.0,0.4626865671572733,31,36,0,0
sem_erro,xgboost,oscilacao,90,75,75,63,63,32,31,0,63,0,11,11,0.3968253968253968,0.3968253968253968,0.0,0.0,0.0,0.396825396819098,25,38,0,0
sem_erro,xgboost,oscilacao,90,80,80,59,59,29,30,0,59,0,17,17,0.559322033898305,0.559322033898305,0.0,0.0,0.0,0.5593220338888251,33,26,0,0
sem_erro,xgboost,oscilacao,90,85,85,55,55,26,29,0,55,0,12,12,0.6,0.6,0.0,0.0,0.0,0.5999999999890909,33,22,0,0
sem_erro,xgboost,oscilacao,90,90,90,52,52,25,27,0,52,0,15,15,0.5576923076923077,0.5576923076923077,0.0,0.0,0.0,0.5576923076815828,29,23,0,0
sem_erro,xgboost,oscilacao,100,5,5,931,931,509,422,0,931,0,50,50,0.4339419978517723,0.4339419978517723,0.0,0.0,0.0,0.4339419978513062,404,527,0,0
sem_erro,xgboost,oscilacao,100,10,10,466,466,255,211,0,466,0,39,39,0.44635193133047213,0.44635193133047213,0.0,0.0,0.0,0.4463519313295143,208,258,0,0
sem_erro,xgboost,oscilacao,100,15,15,311,311,170,141,0,311,0,36,36,0.43086816720257237,0.43086816720257237,0.0,0.0,0.0,0.4308681672011869,134,177,0,0
sem_erro,xgboost,oscilacao,100,20,20,233,233,126,107,0,233,0,28,28,0.44635193133047213,0.44635193133047213,0.0,0.0,0.0,0.44635193132855644,104,129,0,0
sem_erro,xgboost,oscilacao,100,25,25,187,187,103,84,0,187,0,25,25,0.4385026737967914,0.4385026737967914,0.0,0.0,0.0,0.4385026737944465,82,105,0,0
sem_erro,xgboost,oscilacao,100,30,30,156,156,87,69,0,156,0,23,23,0.5128205128205128,0.5128205128205128,0.0,0.0,0.0,0.5128205128172255,80,76,0,0
sem_erro,xgboost,oscilacao,100,35,35,133,133,73,60,0,133,0,22,22,0.518796992481203,0.518796992481203,0.0,0.0,0.0,0.5187969924773023,69,64,0,0
sem_erro,xgboost,oscilacao,100,40,40,117,117,63,54,0,117,0,18,18,0.4444444444444444,0.4444444444444444,0.0,0.0,0.0,0.44444444444064574,52,65,0,0
sem_erro,xgboost,oscilacao,100,45,45,104,104,55,49,0,104,0,22,22,0.5192307692307693,0.5192307692307693,0.0,0.0,0.0,0.5192307692257766,54,50,0,0
sem_erro,xgboost,oscilacao,100,50,50,94,94,52,42,0,94,0,14,14,0.3723404255319149,0.3723404255319149,0.0,0.0,0.0,0.3723404255279538,35,59,0,0
sem_erro,xgboost,oscilacao,100,55,55,85,85,49,36,0,85,0,10,10,0.35294117647058826,0.35294117647058826,0.0,0.0,0.0,0.35294117646643597,30,55,0,0
sem_erro,xgboost,oscilacao,100,60,60,78,78,41,37,0,78,0,13,13,0.5512820512820513,0.5512820512820513,0.0,0.0,0.0,0.5512820512749835,43,35,0,0
sem_erro,xgboost,oscilacao,100,65,65,72,72,40,32,0,72,0,20,20,0.5277777777777778,0.5277777777777778,0.0,0.0,0.0,0.5277777777704475,38,34,0,0
sem_erro,xgboost,oscilacao,100,70,70,67,67,36,31,0,67,0,14,14,0.43283582089552236,0.43283582089552236,0.0,0.0,0.0,0.43283582088906214,29,38,0,0
sem_erro,xgboost,oscilacao,100,75,75,63,63,37,26,0,63,0,11,11,0.2857142857142857,0.2857142857142857,0.0,0.0,0.0,0.2857142857097506,18,45,0,0
sem_erro,xgboost,oscilacao,100,80,80,59,59,32,27,0,59,0,15,15,0.4576271186440678,0.4576271186440678,0.0,0.0,0.0,0.45762711863631145,27,32,0,0
sem_erro,xgboost,oscilacao,100,85,85,55,55,29,26,0,55,0,12,12,0.43636363636363634,0.43636363636363634,0.0,0.0,0.0,0.4363636363557025,24,31,0,0
sem_erro,xgboost,oscilacao,100,90,90,52,52,27,25,0,52,0,14,14,0.46153846153846156,0.46153846153846156,0.0,0.0,0.0,0.46153846152958583,24,28,0,0
sem_erro,xgboost,oscilacao,100,95,95,49,49,25,24,0,49,0,10,10,0.3877551020408163,0.3877551020408163,0.0,0.0,0.0,0.387755102032903,19,30,0,0
sem_erro,xgboost,oscilacao,100,100,100,47,47,26,21,0,47,0,9,9,0.2553191489361702,0.2553191489361702,0.0,0.0,0.0,0.2553191489307379,12,35,0,0
sem_erro,xgboost,queda,20,5,5,947,947,247,700,0,947,0,77,77,0.7444561774023232,0.7444561774023232,0.0,0.0,0.0,0.744456177401537,705,242,0,0
sem_erro,xgboost,queda,20,10,10,474,474,127,347,0,474,0,54,54,0.7320675105485233,0.7320675105485233,0.0,0.0,0.0,0.7320675105469788,347,127,0,0
sem_erro,xgboost,queda,20,15,15,316,316,80,236,0,316,0,32,32,0.8069620253164557,0.8069620253164557,0.0,0.0,0.0,0.806962025313902,255,61,0,0
sem_erro,xgboost,queda,20,20,20,237,237,63,174,0,237,0,29,29,0.7763713080168776,0.7763713080168776,0.0,0.0,0.0,0.7763713080136019,184,53,0,0
sem_erro,xgboost,queda,30,5,5,945,945,290,655,0,945,0,54,54,0.7619047619047619,0.7619047619047619,0.0,0.0,0.0,0.7619047619039556,720,225,0,0
sem_erro,xgboost,queda,30,10,10,473,473,148,325,0,473,0,45,45,0.7251585623678647,0.7251585623678647,0.0,0.0,0.0,0.7251585623663316,343,130,0,0
sem_erro,xgboost,queda,30,15,15,315,315,93,222,0,315,0,39,39,0.7555555555555555,0.7555555555555555,0.0,0.0,0.0,0.755555555553157,238,77,0,0
sem_erro,xgboost,queda,30,20,20,237,237,76,161,0,237,0,33,33,0.7383966244725738,0.7383966244725738,0.0,0.0,0.0,0.7383966244694583,175,62,0,0
sem_erro,xgboost,queda,30,25,25,189,189,59,130,0,189,0,30,30,0.7248677248677249,0.7248677248677249,0.0,0.0,0.0,0.7248677248638896,137,52,0,0
sem_erro,xgboost,queda,30,30,30,158,158,48,110,0,158,0,30,30,0.7151898734177216,0.7151898734177216,0.0,0.0,0.0,0.7151898734131951,113,45,0,0
sem_erro,xgboost,queda,40,5,5,943,943,328,615,0,943,0,54,54,0.7242841993637328,0.7242841993637328,0.0,0.0,0.0,0.7242841993629647,683,260,0,0
sem_erro,xgboost,queda,40,10,10,472,472,167,305,0,472,0,37,37,0.7203389830508474,0.7203389830508474,0.0,0.0,0.0,0.7203389830493213,340,132,0,0
sem_erro,xgboost,queda,40,15,15,315,315,109,206,0,315,0,41,41,0.6666666666666666,0.6666666666666666,0.0,0.0,0.0,0.6666666666645503,210,105,0,0
sem_erro,xgboost,queda,40,20,20,236,236,83,153,0,236,0,31,31,0.75,0.75,0.0,0.0,0.0,0.7499999999968221,177,59,0,0
sem_erro,xgboost,queda,40,25,25,189,189,65,124,0,189,0,27,27,0.6878306878306878,0.6878306878306878,0.0,0.0,0.0,0.6878306878270486,130,59,0,0
sem_erro,xgboost,queda,40,30,30,158,158,55,103,0,158,0,30,30,0.6582278481012658,0.6582278481012658,0.0,0.0,0.0,0.6582278480970999,104,54,0,0
sem_erro,xgboost,queda,40,35,35,135,135,47,88,0,135,0,24,24,0.7111111111111111,0.7111111111111111,0.0,0.0,0.0,0.7111111111058437,96,39,0,0
sem_erro,xgboost,queda,40,40,40,118,118,40,78,0,118,0,20,20,0.7203389830508474,0.7203389830508474,0.0,0.0,0.0,0.7203389830447429,85,33,0,0
sem_erro,xgboost,queda,50,5,5,941,941,365,576,0,941,0,41,41,0.667375132837407,0.667375132837407,0.0,0.0,0.0,0.6673751328366978,628,313,0,0
sem_erro,xgboost,queda,50,10,10,471,471,185,286,0,471,0,43,43,0.673036093418259,0.673036093418259,0.0,0.0,0.0,0.6730360934168301,317,154,0,0
sem_erro,xgboost,queda,50,15,15,314,314,118,196,0,314,0,32,32,0.6815286624203821,0.6815286624203821,0.0,0.0,0.0,0.6815286624182118,214,100,0,0
sem_erro,xgboost,queda,50,20,20,236,236,94,142,0,236,0,36,36,0.5805084745762712,0.5805084745762712,0.0,0.0,0.0,0.5805084745738114,137,99,0,0
sem_erro,xgboost,queda,50,25,25,189,189,74,115,0,189,0,26,26,0.5555555555555556,0.5555555555555556,0.0,0.0,0.0,0.5555555555526162,105,84,0,0
sem_erro,xgboost,queda,50,30,30,157,157,59,98,0,157,0,31,31,0.6178343949044586,0.6178343949044586,0.0,0.0,0.0,0.6178343949005234,97,60,0,0
sem_erro,xgboost,queda,50,35,35,135,135,51,84,0,135,0,20,20,0.6592592592592592,0.6592592592592592,0.0,0.0,0.0,0.6592592592543759,89,46,0,0
sem_erro,xgboost,queda,50,40,40,118,118,47,71,0,118,0,23,23,0.5677966101694916,0.5677966101694916,0.0,0.0,0.0,0.5677966101646796,67,51,0,0
sem_erro,xgboost,queda,50,45,45,105,105,42,63,0,105,0,23,23,0.6285714285714286,0.6285714285714286,0.0,0.0,0.0,0.6285714285654421,66,39,0,0
sem_erro,xgboost,queda,50,50,50,95,95,41,54,0,95,0,24,24,0.49473684210526314,0.49473684210526314,0.0,0.0,0.0,0.49473684210005536,47,48,0,0
sem_erro,xgboost,queda,60,5,5,939,939,400,539,0,939,0,51,51,0.5676251331203408,0.5676251331203408,0.0,0.0,0.0,0.5676251331197363,533,406,0,0
sem_erro,xgboost,queda,60,10,10,470,470,203,267,0,470,0,43,43,0.5425531914893617,0.5425531914893617,0.0,0.0,0.0,0.5425531914882074,255,215,0,0
sem_erro,xgboost,queda,60,15,15,313,313,130,183,0,313,0,37,37,0.5750798722044729,0.5750798722044729,0.0,0.0,0.0,0.5750798722026356,180,133,0,0
sem_erro,xgboost,queda,60,20,20,235,235,101,134,0,235,0,35,35,0.5617021276595745,0.5617021276595745,0.0,0.0,0.0,0.5617021276571843,132,103,0,0
sem_erro,xgboost,queda,60,25,25,188,188,78,110,0,188,0,30,30,0.5319148936170213,0.5319148936170213,0.0,0.0,0.0,0.531914893614192,100,88,0,0
sem_erro,xgboost,queda,60,30,30,157,157,66,91,0,157,0,25,25,0.5095541401273885,0.5095541401273885,0.0,0.0,0.0,0.509554140124143,80,77,0,0
sem_erro,xgboost,queda,60,35,35,135,135,59,76,0,135,0,27,27,0.4962962962962963,0.4962962962962963,0.0,0.0,0.0,0.49629629629262006,67,68,0,0
sem_erro,xgboost,queda,60,40,40,118,118,49,69,0,118,0,24,24,0.6101694915254238,0.6101694915254238,0.0,0.0,0.0,0.6101694915202528,72,46,0,0
sem_erro,xgboost,queda,60,45,45,105,105,46,59,0,105,0,21,21,0.44761904761904764,0.44761904761904764,0.0,0.0,0.0,0.44761904761478455,47,58,0,0
sem_erro,xgboost,queda,60,50,50,94,94,40,54,0,94,0,20,20,0.5212765957446809,0.5212765957446809,0.0,0.0,0.0,0.5212765957391353,49,45,0,0
sem_erro,xgboost,queda,60,55,55,86,86,36,50,0,86,0,19,19,0.5232558139534884,0.5232558139534884,0.0,0.0,0.0,0.523255813947404,45,41,0,0
sem_erro,xgboost,queda,60,60,60,79,79,34,45,0,79,0,21,21,0.5569620253164557,0.5569620253164557,0.0,0.0,0.0,0.5569620253094055,44,35,0,0
sem_erro,xgboost,queda,70,5,5,937,937,430,507,0,937,0,48,48,0.4813233724653148,0.4813233724653148,0.0,0.0,0.0,0.48132337246480117,451,486,0,0
sem_erro,xgboost,queda,70,10,10,469,469,218,251,0,469,0,39,39,0.4584221748400853,0.4584221748400853,0.0,0.0,0.0,0.45842217483910785,215,254,0,0
sem_erro,xgboost,queda,70,15,15,313,313,144,169,0,313,0,30,30,0.4281150159744409,0.4281150159744409,0.0,0.0,0.0,0.4281150159730731,134,179,0,0
sem_erro,xgboost,queda,70,20,20,235,235,109,126,0,235,0,31,31,0.43829787234042555,0.43829787234042555,0.0,0.0,0.0,0.43829787233856043,103,132,0,0
sem_erro,xgboost,queda,70,25,25,188,188,85,103,0,188,0,26,26,0.5,0.5,0.0,0.0,0.0,0.49999999999734046,94,94,0,0
sem_erro,xgboost,queda,70,30,30,157,157,73,84,0,157,0,29,29,0.47770700636942676,0.47770700636942676,0.0,0.0,0.0,0.4777070063663841,75,82,0,0
sem_erro,xgboost,queda,70,35,35,134,134,62,72,0,134,0,19,19,0.4253731343283582,0.4253731343283582,0.0,0.0,0.0,0.4253731343251838,57,77,0,0
sem_erro,xgboost,queda,70,40,40,118,118,53,65,0,118,0,21,21,0.4745762711864407,0.4745762711864407,0.0,0.0,0.0,0.47457627118241885,56,62,0,0
sem_erro,xgboost,queda,70,45,45,105,105,50,55,0,105,0,18,18,0.41904761904761906,0.41904761904761906,0.0,0.0,0.0,0.4190476190436281,44,61,0,0
sem_erro,xgboost,queda,70,50,50,94,94,42,52,0,94,0,23,23,0.46808510638297873,0.46808510638297873,0.0,0.0,0.0,0.46808510637799905,44,50,0,0
sem_erro,xgboost,queda,70,55,55,86,86,40,46,0,86,0,15,15,0.47674418604651164,0.47674418604651164,0.0,0.0,0.0,0.4767441860409681,41,45,0,0
sem_erro,xgboost,queda,70,60,60,79,79,37,42,0,79,0,16,16,0.5443037974683544,0.5443037974683544,0.0,0.0,0.0,0.5443037974614645,43,36,0,0
sem_erro,xgboost,queda,70,65,65,73,73,33,40,0,73,0,15,15,0.4246575342465753,0.4246575342465753,0.0,0.0,0.0,0.4246575342407581,31,42,0,0
sem_erro,xgboost,queda,70,70,70,67,67,33,34,0,67,0,14,14,0.5671641791044776,0.5671641791044776,0.0,0.0,0.0,0.5671641790960125,38,29,0,0
sem_erro,xgboost,queda,80,5,5,935,935,458,477,0,935,0,40,40,0.41711229946524064,0.41711229946524064,0.0,0.0,0.0,0.41711229946479456,390,545,0,0
sem_erro,xgboost,queda,80,10,10,468,468,232,236,0,468,0,32,32,0.3952991452991453,0.3952991452991453,0.0,0.0,0.0,0.3952991452983006,185,283,0,0
sem_erro,xgboost,queda,80,15,15,312,312,150,162,0,312,0,27,27,0.4391025641025641,0.4391025641025641,0.0,0.0,0.0,0.4391025641011567,137,175,0,0
sem_erro,xgboost,queda,80,20,20,234,234,115,119,0,234,0,22,22,0.4017094017094017,0.4017094017094017,0.0,0.0,0.0,0.40170940170768504,94,140,0,0
sem_erro,xgboost,queda,80,25,25,187,187,93,94,0,187,0,17,17,0.3582887700534759,0.3582887700534759,0.0,0.0,0.0,0.35828877005155996,67,120,0,0
sem_erro,xgboost,queda,80,30,30,156,156,76,80,0,156,0,19,19,0.3782051282051282,0.3782051282051282,0.0,0.0,0.0,0.37820512820270386,59,97,0,0
sem_erro,xgboost,queda,80,35,35,134,134,64,70,0,134,0,20,20,0.4253731343283582,0.4253731343283582,0.0,0.0,0.0,0.4253731343251838,57,77,0,0
sem_erro,xgboost,queda,80,40,40,117,117,58,59,0,117,0,20,20,0.38461538461538464,0.38461538461538464,0.0,0.0,0.0,0.38461538461209727,45,72,0,0
sem_erro,xgboost,queda,80,45,45,104,104,51,53,0,104,0,19,19,0.38461538461538464,0.38461538461538464,0.0,0.0,0.0,0.3846153846116864,40,64,0,0
sem_erro,xgboost,queda,80,50,50,94,94,48,46,0,94,0,15,15,0.3723404255319149,0.3723404255319149,0.0,0.0,0.0,0.3723404255279538,35,59,0,0
sem_erro,xgboost,queda,80,55,55,85,85,41,44,0,85,0,16,16,0.49411764705882355,0.49411764705882355,0.0,0.0,0.0,0.49411764705301037,42,43,0,0
sem_erro,xgboost,queda,80,60,60,78,78,37,41,0,78,0,16,16,0.44871794871794873,0.44871794871794873,0.0,0.0,0.0,0.4487179487121959,35,43,0,0
sem_erro,xgboost,queda,80,65,65,72,72,33,39,0,72,0,15,15,0.5,0.5,0.0,0.0,0.0,0.49999999999305555,36,36,0,0
sem_erro,xgboost,queda,80,70,70,67,67,33,34,0,67,0,14,14,0.47761194029850745,0.47761194029850745,0.0,0.0,0.0,0.4776119402913789,32,35,0,0
sem_erro,xgboost,queda,80,75,75,63,63,29,34,0,63,0,10,10,0.38095238095238093,0.38095238095238093,0.0,0.0,0.0,0.3809523809463341,24,39,0,0
sem_erro,xgboost,queda,80,80,80,59,59,30,29,0,59,0,9,9,0.4067796610169492,0.4067796610169492,0.0,0.0,0.0,0.4067796610100546,24,35,0,0
sem_erro,xgboost,queda,90,5,5,933,933,485,448,0,933,0,32,32,0.3708467309753483,0.3708467309753483,0.0,0.0,0.0,0.37084673097495086,346,587,0,0
sem_erro,xgboost,queda,90,10,10,467,467,245,222,0,467,0,24,24,0.3511777301927195,0.3511777301927195,0.0,0.0,0.0,0.3511777301919675,164,303,0,0
sem_erro,xgboost,queda,90,15,15,311,311,160,151,0,311,0,16,16,0.35691318327974275,0.35691318327974275,0.0,0.0,0.0,0.35691318327859517,111,200,0,0
sem_erro,xgboost,queda,90,20,20,234,234,123,111,0,234,0,16,16,0.3076923076923077,0.3076923076923077,0.0,0.0,0.0,0.30769230769099276,72,162,0,0
sem_erro,xgboost,queda,90,25,25,187,187,96,91,0,187,0,17,17,0.36363636363636365,0.36363636363636365,0.0,0.0,0.0,0.3636363636344191,68,119,0,0
sem_erro,xgboost,queda,90,30,30,156,156,81,75,0,156,0,14,14,0.3333333333333333,0.3333333333333333,0.0,0.0,0.0,0.3333333333311966,52,104,0,0
sem_erro,xgboost,queda,90,35,35,134,134,70,64,0,134,0,17,17,0.3656716417910448,0.3656716417910448,0.0,0.0,0.0,0.3656716417883159,49,85,0,0
sem_erro,xgboost,queda,90,40,40,117,117,62,55,0,117,0,17,17,0.3333333333333333,0.3333333333333333,0.0,0.0,0.0,0.3333333333304843,39,78,0,0
sem_erro,xgboost,queda,90,45,45,104,104,54,50,0,104,0,16,16,0.375,0.375,0.0,0.0,0.0,0.3749999999963942,39,65,0,0
sem_erro,xgboost,queda,90,50,50,94,94,50,44,0,94,0,11,11,0.3404255319148936,0.3404255319148936,0.0,0.0,0.0,0.34042553191127206,32,62,0,0
sem_erro,xgboost,queda,90,55,55,85,85,44,41,0,85,0,15,15,0.38823529411764707,0.38823529411764707,0.0,0.0,0.0,0.38823529411307955,33,52,0,0
sem_erro,xgboost,queda,90,60,60,78,78,39,39,0,78,0,14,14,0.4230769230769231,0.4230769230769231,0.0,0.0,0.0,0.42307692307149897,33,45,0,0
sem_erro,xgboost,queda,90,65,65,72,72,35,37,0,72,0,13,13,0.4305555555555556,0.4305555555555556,0.0,0.0,0.0,0.4305555555495756,31,41,0,0
sem_erro,xgboost,queda,90,70,70,67,67,35,32,0,67,0,10,10,0.44776119402985076,0.44776119402985076,0.0,0.0,0.0,0.4477611940231677,30,37,0,0
sem_erro,xgboost,queda,90,75,75,63,63,30,33,0,63,0,11,11,0.4444444444444444,0.4444444444444444,0.0,0.0,0.0,0.4444444444373898,28,35,0,0
sem_erro,xgboost,queda,90,80,80,59,59,33,26,0,59,0,9,9,0.3559322033898305,0.3559322033898305,0.0,0.0,0.0,0.3559322033837978,21,38,0,0
sem_erro,xgboost,queda,90,85,85,55,55,29,26,0,55,0,8,8,0.2909090909090909,0.2909090909090909,0.0,0.0,0.0,0.2909090909038017,16,39,0,0
sem_erro,xgboost,queda,90,90,90,52,52,28,24,0,52,0,11,11,0.4423076923076923,0.4423076923076923,0.0,0.0,0.0,0.44230769229918643,23,29,0,0
sem_erro,xgboost,queda,100,5,5,931,931,509,422,0,931,0,27,27,0.30182599355531686,0.30182599355531686,0.0,0.0,0.0,0.3018259935549927,281,650,0,0
sem_erro,xgboost,queda,100,10,10,466,466,257,209,0,466,0,19,19,0.28969957081545067,0.28969957081545067,0.0,0.0,0.0,0.289699570814829,135,331,0,0
sem_erro,xgboost,queda,100,15,15,311,311,170,141,0,311,0,19,19,0.3183279742765273,0.3183279742765273,0.0,0.0,0.0,0.3183279742755038,99,212,0,0
sem_erro,xgboost,queda,100,20,20,233,233,127,106,0,233,0,17,17,0.3133047210300429,0.3133047210300429,0.0,0.0,0.0,0.3133047210286983,73,160,0,0
sem_erro,xgboost,queda,100,25,25,187,187,103,84,0,187,0,13,13,0.28342245989304815,0.28342245989304815,0.0,0.0,0.0,0.28342245989153253,53,134,0,0
sem_erro,xgboost,queda,100,30,30,156,156,86,70,0,156,0,13,13,0.3141025641025641,0.3141025641025641,0.0,0.0,0.0,0.31410256410055065,49,107,0,0
sem_erro,xgboost,queda,100,35,35,133,133,72,61,0,133,0,12,12,0.3609022556390977,0.3609022556390977,0.0,0.0,0.0,0.36090225563638423,48,85,0,0
sem_erro,xgboost,queda,100,40,40,117,117,63,54,0,117,0,12,12,0.358974358974359,0.358974358974359,0.0,0.0,0.0,0.3589743589712908,42,75,0,0
sem_erro,xgboost,queda,100,45,45,104,104,58,46,0,104,0,15,15,0.38461538461538464,0.38461538461538464,0.0,0.0,0.0,0.3846153846116864,40,64,0,0
sem_erro,xgboost,queda,100,50,50,94,94,54,40,0,94,0,11,11,0.2765957446808511,0.2765957446808511,0.0,0.0,0.0,0.27659574467790854,26,68,0,0
sem_erro,xgboost,queda,100,55,55,85,85,46,39,0,85,0,12,12,0.35294117647058826,0.35294117647058826,0.0,0.0,0.0,0.35294117646643597,30,55,0,0
sem_erro,xgboost,queda,100,60,60,78,78,41,37,0,78,0,12,12,0.3717948717948718,0.3717948717948718,0.0,0.0,0.0,0.3717948717901052,29,49,0,0
sem_erro,xgboost,queda,100,65,65,72,72,37,35,0,72,0,10,10,0.3888888888888889,0.3888888888888889,0.0,0.0,0.0,0.38888888888348766,28,44,0,0
sem_erro,xgboost,queda,100,70,70,67,67,35,32,0,67,0,8,8,0.373134328358209,0.373134328358209,0.0,0.0,0.0,0.37313432835263977,25,42,0,0
sem_erro,xgboost,queda,100,75,75,63,63,35,28,0,63,0,11,11,0.36507936507936506,0.36507936507936506,0.0,0.0,0.0,0.3650793650735702,23,40,0,0
sem_erro,xgboost,queda,100,80,80,59,59,33,26,0,59,0,6,6,0.3220338983050847,0.3220338983050847,0.0,0.0,0.0,0.3220338982996266,19,40,0,0
sem_erro,xgboost,queda,100,85,85,55,55,30,25,0,55,0,6,6,0.32727272727272727,0.32727272727272727,0.0,0.0,0.0,0.32727272726677686,18,37,0,0
sem_erro,xgboost,queda,100,90,90,52,52,29,23,0,52,0,11,11,0.38461538461538464,0.38461538461538464,0.0,0.0,0.0,0.38461538460798816,20,32,0,0
sem_erro,xgboost,queda,100,95,95,49,49,28,21,0,49,0,8,8,0.3877551020408163,0.3877551020408163,0.0,0.0,0.0,0.387755102032903,19,30,0,0
sem_erro,xgboost,queda,100,100,100,47,47,29,18,0,47,0,4,4,0.2765957446808511,0.2765957446808511,0.0,0.0,0.0,0.27659574467496606,13,34,0,0
