teste,modelo,falha,janela,passo_cfg,passo_real,amostras_treino,amostras_teste,positivos_treino,negativos_treino,positivos_teste,negativos_teste,eventos_reais_teste,eventos_detectados,diferenca_eventos,accuracy,balanced_accuracy,precision_pos,recall_pos,f1_pos,specificity,tn,fp,fn,tp
com_erro,catboost,lacuna,20,5,5,947,947,209,738,280,667,23,23,0,1.0,1.0,1.0,1.0,1.0,0.9999999999985008,667,0,0,280
com_erro,catboost,lacuna,20,10,10,474,474,104,370,139,335,23,23,0,1.0,1.0,1.0,1.0,1.0,0.9999999999970149,335,0,0,139
com_erro,catboost,lacuna,20,15,15,316,316,70,246,91,225,22,22,0,1.0,1.0,1.0,1.0,1.0,0.9999999999955556,225,0,0,91
com_erro,catboost,lacuna,20,20,20,237,237,54,183,67,170,22,22,0,1.0,1.0,1.0,1.0,1.0,0.9999999999941177,170,0,0,67
com_erro,catboost,lacuna,30,5,5,945,945,245,700,323,622,21,21,0,1.0,1.0,1.0,1.0,1.0,0.9999999999983923,622,0,0,323
com_erro,catboost,lacuna,30,10,10,473,473,122,351,161,312,21,21,0,1.0,1.0,1.0,1.0,1.0,0.9999999999967949,312,0,0,161
com_erro,catboost,lacuna,30,15,15,315,315,80,235,106,209,19,19,0,1.0,1.0,1.0,1.0,1.0,0.9999999999952154,209,0,0,106
com_erro,catboost,lacuna,30,20,20,237,237,62,175,81,156,21,21,0,1.0,1.0,1.0,1.0,1.0,0.9999999999935898,156,0,0,81
com_erro,catboost,lacuna,30,25,25,189,189,50,139,64,125,19,19,0,1.0,1.0,1.0,1.0,1.0,0.999999999992,125,0,0,64
com_erro,catboost,lacuna,30,30,30,158,158,41,117,54,104,19,19,0,1.0,1.0,1.0,1.0,1.0,0.9999999999903846,104,0,0,54
com_erro,catboost,lacuna,40,5,5,943,943,279,664,362,581,20,20,0,1.0,1.0,1.0,1.0,1.0,0.9999999999982788,581,0,0,362
com_erro,catboost,lacuna,40,10,10,472,472,139,333,181,291,20,20,0,1.0,1.0,1.0,1.0,1.0,0.9999999999965636,291,0,0,181
com_erro,catboost,lacuna,40,15,15,315,315,93,222,120,195,20,20,0,1.0,1.0,1.0,1.0,1.0,0.9999999999948719,195,0,0,120
com_erro,catboost,lacuna,40,20,20,236,236,71,165,89,147,19,19,0,1.0,1.0,1.0,1.0,1.0,0.9999999999931973,147,0,0,89
com_erro,catboost,lacuna,40,25,25,189,189,55,134,73,116,18,18,0,1.0,1.0,1.0,1.0,1.0,0.9999999999913792,116,0,0,73
com_erro,catboost,lacuna,40,30,30,158,158,45,113,61,97,19,19,0,0.9936708860759493,0.9918032786885246,1.0,0.9836065573770492,0.9917355371900827,0.9999999999896907,97,0,1,60
com_erro,catboost,lacuna,40,35,35,135,135,40,95,51,84,18,18,0,1.0,1.0,1.0,1.0,1.0,0.9999999999880952,84,0,0,51
com_erro,catboost,lacuna,40,40,40,118,118,37,81,44,74,19,19,0,0.9915254237288136,0.9886363636363636,1.0,0.9772727272727273,0.9885057471264368,0.9999999999864865,74,0,1,43
com_erro,catboost,lacuna,50,5,5,941,941,312,629,400,541,20,20,0,1.0,1.0,1.0,1.0,1.0,0.9999999999981516,541,0,0,400
com_erro,catboost,lacuna,50,10,10,471,471,156,315,200,271,20,20,0,1.0,1.0,1.0,1.0,1.0,0.99999999999631,271,0,0,200
com_erro,catboost,lacuna,50,15,15,314,314,105,209,131,183,20,20,0,1.0,1.0,1.0,1.0,1.0,0.9999999999945356,183,0,0,131
com_erro,catboost,lacuna,50,20,20,236,236,79,157,101,135,20,20,0,1.0,1.0,1.0,1.0,1.0,0.9999999999925927,135,0,0,101
com_erro,catboost,lacuna,50,25,25,189,189,66,123,81,108,19,19,0,1.0,1.0,1.0,1.0,1.0,0.9999999999907407,108,0,0,81
com_erro,catboost,lacuna,50,30,30,157,157,53,104,69,88,16,17,1,0.9936305732484076,0.9927536231884058,1.0,0.9855072463768116,0.9927007299270073,0.9999999999886363,88,0,1,68
com_erro,catboost,lacuna,50,35,35,135,135,45,90,55,80,17,17,0,1.0,1.0,1.0,1.0,1.0,0.9999999999875,80,0,0,55
com_erro,catboost,lacuna,50,40,40,118,118,40,78,49,69,18,19,1,0.9745762711864406,0.9693877551020409,1.0,0.9387755102040817,0.968421052631579,0.9999999999855071,69,0,3,46
com_erro,catboost,lacuna,50,45,45,105,105,33,72,42,63,16,16,0,1.0,1.0,1.0,1.0,1.0,0.999999999984127,63,0,0,42
com_erro,catboost,lacuna,50,50,50,95,95,33,62,42,53,18,18,0,0.9894736842105263,0.9880952380952381,1.0,0.9761904761904762,0.9879518072289156,0.9999999999811321,53,0,1,41
com_erro,catboost,lacuna,60,5,5,939,939,344,595,438,501,19,19,0,1.0,1.0,1.0,1.0,1.0,0.999999999998004,501,0,0,438
com_erro,catboost,lacuna,60,10,10,470,470,172,298,219,251,19,19,0,1.0,1.0,1.0,1.0,1.0,0.999999999996016,251,0,0,219
com_erro,catboost,lacuna,60,15,15,313,313,113,200,144,169,18,18,0,1.0,1.0,1.0,1.0,1.0,0.999999999994083,169,0,0,144
com_erro,catboost,lacuna,60,20,20,235,235,87,148,108,127,18,18,0,1.0,1.0,1.0,1.0,1.0,0.999999999992126,127,0,0,108
com_erro,catboost,lacuna,60,25,25,188,188,69,119,89,99,16,16,0,1.0,1.0,1.0,1.0,1.0,0.999999999989899,99,0,0,89
com_erro,catboost,lacuna,60,30,30,157,157,57,100,73,84,15,15,0,1.0,1.0,1.0,1.0,1.0,0.9999999999880952,84,0,0,73
com_erro,catboost,lacuna,60,35,35,135,135,51,84,64,71,16,16,0,1.0,1.0,1.0,1.0,1.0,0.9999999999859155,71,0,0,64
com_erro,catboost,lacuna,60,40,40,118,118,43,75,54,64,16,16,0,0.9915254237288136,0.9907407407407407,1.0,0.9814814814814815,0.9906542056074766,0.9999999999843749,64,0,1,53
com_erro,catboost,lacuna,60,45,45,105,105,37,68,48,57,16,16,0,1.0,1.0,1.0,1.0,1.0,0.9999999999824563,57,0,0,48
com_erro,catboost,lacuna,60,50,50,94,94,35,59,46,48,15,16,1,0.9787234042553191,0.9782608695652174,1.0,0.9565217391304348,0.9777777777777777,0.9999999999791668,48,0,2,44
com_erro,catboost,lacuna,60,55,55,86,86,33,53,40,46,15,15,0,1.0,1.0,1.0,1.0,1.0,0.999999999978261,46,0,0,40
com_erro,catboost,lacuna,60,60,60,79,79,30,49,38,41,15,15,0,1.0,1.0,1.0,1.0,1.0,0.9999999999756098,41,0,0,38
com_erro,catboost,lacuna,70,5,5,937,937,375,562,474,463,19,19,0,1.0,1.0,1.0,1.0,1.0,0.9999999999978402,463,0,0,474
com_erro,catboost,lacuna,70,10,10,469,469,188,281,237,232,17,17,0,1.0,1.0,1.0,1.0,1.0,0.9999999999956897,232,0,0,237
com_erro,catboost,lacuna,70,15,15,313,313,125,188,157,156,16,16,0,1.0,1.0,1.0,1.0,1.0,0.9999999999935898,156,0,0,157
com_erro,catboost,lacuna,70,20,20,235,235,95,140,120,115,17,17,0,1.0,1.0,1.0,1.0,1.0,0.9999999999913043,115,0,0,120
com_erro,catboost,lacuna,70,25,25,188,188,75,113,95,93,16,16,0,1.0,1.0,1.0,1.0,1.0,0.9999999999892473,93,0,0,95
com_erro,catboost,lacuna,70,30,30,157,157,61,96,79,78,16,16,0,0.9936305732484076,0.9936708860759493,1.0,0.9873417721518988,0.9936305732484076,0.9999999999871795,78,0,1,78
com_erro,catboost,lacuna,70,35,35,134,134,55,79,69,65,15,15,0,1.0,1.0,1.0,1.0,1.0,0.9999999999846153,65,0,0,69
com_erro,catboost,lacuna,70,40,40,118,118,48,70,61,57,16,16,0,0.9915254237288136,0.9918032786885246,1.0,0.9836065573770492,0.9917355371900827,0.9999999999824563,57,0,1,60
com_erro,catboost,lacuna,70,45,45,105,105,42,63,52,53,16,16,0,1.0,1.0,1.0,1.0,1.0,0.9999999999811321,53,0,0,52
com_erro,catboost,lacuna,70,50,50,94,94,38,56,47,47,15,15,0,0.9787234042553191,0.9787234042553192,1.0,0.9574468085106383,0.9782608695652174,0.9999999999787235,47,0,2,45
com_erro,catboost,lacuna,70,55,55,86,86,35,51,42,44,16,16,0,1.0,1.0,1.0,1.0,1.0,0.9999999999772728,44,0,0,42
com_erro,catboost,lacuna,70,60,60,79,79,32,47,42,37,16,16,0,0.9873417721518988,0.9880952380952381,1.0,0.9761904761904762,0.9879518072289156,0.9999999999729731,37,0,1,41
com_erro,catboost,lacuna,70,65,65,73,73,27,46,39,34,13,14,1,0.9863013698630136,0.9871794871794872,1.0,0.9743589743589743,0.987012987012987,0.9999999999705883,34,0,1,38
com_erro,catboost,lacuna,70,70,70,67,67,30,37,36,31,12,12,0,1.0,1.0,1.0,1.0,1.0,0.9999999999677419,31,0,0,36
com_erro,catboost,lacuna,80,5,5,935,935,405,530,507,428,16,16,0,1.0,1.0,1.0,1.0,1.0,0.9999999999976635,428,0,0,507
com_erro,catboost,lacuna,80,10,10,468,468,203,265,253,215,16,16,0,1.0,1.0,1.0,1.0,1.0,0.9999999999953488,215,0,0,253
com_erro,catboost,lacuna,80,15,15,312,312,136,176,166,146,16,16,0,1.0,1.0,1.0,1.0,1.0,0.9999999999931508,146,0,0,166
com_erro,catboost,lacuna,80,20,20,234,234,103,131,126,108,15,15,0,1.0,1.0,1.0,1.0,1.0,0.9999999999907407,108,0,0,126
com_erro,catboost,lacuna,80,25,25,187,187,82,105,101,86,15,15,0,1.0,1.0,1.0,1.0,1.0,0.9999999999883721,86,0,0,101
com_erro,catboost,lacuna,80,30,30,156,156,68,88,85,71,15,15,0,1.0,1.0,1.0,1.0,1.0,0.9999999999859155,71,0,0,85
com_erro,catboost,lacuna,80,35,35,134,134,56,78,71,63,15,15,0,1.0,1.0,1.0,1.0,1.0,0.999999999984127,63,0,0,71
com_erro,catboost,lacuna,80,40,40,117,117,53,64,63,54,14,14,0,0.9914529914529915,0.9920634920634921,1.0,0.9841269841269841,0.992,0.9999999999814816,54,0,1,62
com_erro,catboost,lacuna,80,45,45,104,104,43,61,54,50,14,14,0,1.0,1.0,1.0,1.0,1.0,0.9999999999800001,50,0,0,54
com_erro,catboost,lacuna,80,50,50,94,94,41,53,50,44,14,14,0,0.9893617021276596,0.99,1.0,0.98,0.98989898989899,0.9999999999772728,44,0,1,49
com_erro,catboost,lacuna,80,55,55,85,85,37,48,44,41,15,15,0,1.0,1.0,1.0,1.0,1.0,0.9999999999756098,41,0,0,44
com_erro,catboost,lacuna,80,60,60,78,78,35,43,43,35,13,13,0,1.0,1.0,1.0,1.0,1.0,0.9999999999714286,35,0,0,43
com_erro,catboost,lacuna,80,65,65,72,72,29,43,40,32,11,11,0,1.0,1.0,1.0,1.0,1.0,0.9999999999687501,32,0,0,40
com_erro,catboost,lacuna,80,70,70,67,67,30,37,37,30,12,12,0,1.0,1.0,1.0,1.0,1.0,0.9999999999666667,30,0,0,37
com_erro,catboost,lacuna,80,75,75,63,63,26,37,33,30,11,11,0,1.0,1.0,1.0,1.0,1.0,0.9999999999666667,30,0,0,33
com_erro,catboost,lacuna,80,80,80,59,59,25,34,32,27,12,12,0,1.0,1.0,1.0,1.0,1.0,0.999999999962963,27,0,0,32
com_erro,catboost,lacuna,90,5,5,933,933,434,499,537,396,16,16,0,1.0,1.0,1.0,1.0,1.0,0.9999999999974748,396,0,0,537
com_erro,catboost,lacuna,90,10,10,467,467,218,249,268,199,16,16,0,1.0,1.0,1.0,1.0,1.0,0.9999999999949749,199,0,0,268
com_erro,catboost,lacuna,90,15,15,311,311,143,168,177,134,15,15,0,1.0,1.0,1.0,1.0,1.0,0.9999999999925374,134,0,0,177
com_erro,catboost,lacuna,90,20,20,234,234,110,124,136,98,16,16,0,1.0,1.0,1.0,1.0,1.0,0.9999999999897958,98,0,0,136
com_erro,catboost,lacuna,90,25,25,187,187,86,101,107,80,15,15,0,1.0,1.0,1.0,1.0,1.0,0.9999999999875,80,0,0,107
com_erro,catboost,lacuna,90,30,30,156,156,72,84,88,68,15,15,0,1.0,1.0,1.0,1.0,1.0,0.9999999999852941,68,0,0,88
com_erro,catboost,lacuna,90,35,35,134,134,63,71,78,56,15,15,0,1.0,1.0,1.0,1.0,1.0,0.999999999982143,56,0,0,78
com_erro,catboost,lacuna,90,40,40,117,117,56,61,67,50,13,14,1,0.9829059829059829,0.9850746268656716,1.0,0.9701492537313433,0.9848484848484849,0.9999999999800001,50,0,2,65
com_erro,catboost,lacuna,90,45,45,104,104,45,59,56,48,14,14,0,1.0,1.0,1.0,1.0,1.0,0.9999999999791668,48,0,0,56
com_erro,catboost,lacuna,90,50,50,94,94,44,50,55,39,13,13,0,0.9893617021276596,0.990909090909091,1.0,0.9818181818181818,0.9908256880733946,0.9999999999743591,39,0,1,54
com_erro,catboost,lacuna,90,55,55,85,85,42,43,49,36,12,12,0,1.0,1.0,1.0,1.0,1.0,0.9999999999722223,36,0,0,49
com_erro,catboost,lacuna,90,60,60,78,78,36,42,44,34,13,13,0,1.0,1.0,1.0,1.0,1.0,0.9999999999705883,34,0,0,44
com_erro,catboost,lacuna,90,65,65,72,72,33,39,44,28,11,12,1,0.9861111111111112,0.9886363636363636,1.0,0.9772727272727273,0.9885057471264368,0.9999999999642857,28,0,1,43
com_erro,catboost,lacuna,90,70,70,67,67,33,34,40,27,11,11,0,1.0,1.0,1.0,1.0,1.0,0.999999999962963,27,0,0,40
com_erro,catboost,lacuna,90,75,75,63,63,28,35,34,29,11,11,0,1.0,1.0,1.0,1.0,1.0,0.9999999999655173,29,0,0,34
com_erro,catboost,lacuna,90,80,80,59,59,26,33,35,24,11,11,0,1.0,1.0,1.0,1.0,1.0,0.9999999999583333,24,0,0,35
com_erro,catboost,lacuna,90,85,85,55,55,27,28,34,21,10,10,0,1.0,1.0,1.0,1.0,1.0,0.999999999952381,21,0,0,34
com_erro,catboost,lacuna,90,90,90,52,52,23,29,27,25,12,12,0,1.0,1.0,1.0,1.0,1.0,0.99999999996,25,0,0,27
com_erro,catboost,lacuna,100,5,5,931,931,461,470,567,364,16,16,0,1.0,1.0,1.0,1.0,1.0,0.9999999999972528,364,0,0,567
com_erro,catboost,lacuna,100,10,10,466,466,231,235,283,183,16,16,0,1.0,1.0,1.0,1.0,1.0,0.9999999999945356,183,0,0,283
com_erro,catboost,lacuna,100,15,15,311,311,154,157,187,124,16,16,0,1.0,1.0,1.0,1.0,1.0,0.9999999999919355,124,0,0,187
com_erro,catboost,lacuna,100,20,20,233,233,116,117,141,92,13,13,0,1.0,1.0,1.0,1.0,1.0,0.9999999999891304,92,0,0,141
com_erro,catboost,lacuna,100,25,25,187,187,96,91,114,73,14,14,0,1.0,1.0,1.0,1.0,1.0,0.9999999999863013,73,0,0,114
com_erro,catboost,lacuna,100,30,30,156,156,76,80,94,62,16,16,0,0.9935897435897436,0.9946808510638299,1.0,0.9893617021276596,0.9946524064171123,0.999999999983871,62,0,1,93
com_erro,catboost,lacuna,100,35,35,133,133,67,66,82,51,10,10,0,1.0,1.0,1.0,1.0,1.0,0.9999999999803922,51,0,0,82
com_erro,catboost,lacuna,100,40,40,117,117,57,60,70,47,12,13,1,0.9914529914529915,0.9928571428571429,1.0,0.9857142857142858,0.9928057553956835,0.9999999999787235,47,0,1,69
com_erro,catboost,lacuna,100,45,45,104,104,50,54,61,43,14,14,0,1.0,1.0,1.0,1.0,1.0,0.9999999999767443,43,0,0,61
com_erro,catboost,lacuna,100,50,50,94,94,48,46,59,35,13,13,0,0.9893617021276596,0.9915254237288136,1.0,0.9830508474576272,0.9914529914529915,0.9999999999714286,35,0,1,58
com_erro,catboost,lacuna,100,55,55,85,85,43,42,51,34,11,11,0,1.0,1.0,1.0,1.0,1.0,0.9999999999705883,34,0,0,51
com_erro,catboost,lacuna,100,60,60,78,78,38,40,46,32,13,13,0,1.0,1.0,1.0,1.0,1.0,0.9999999999687501,32,0,0,46
com_erro,catboost,lacuna,100,65,65,72,72,34,38,44,28,11,12,1,0.9722222222222222,0.9772727272727273,1.0,0.9545454545454546,0.9767441860465116,0.9999999999642857,28,0,2,42
com_erro,catboost,lacuna,100,70,70,67,67,33,34,42,25,10,10,0,1.0,1.0,1.0,1.0,1.0,0.99999999996,25,0,0,42
com_erro,catboost,lacuna,100,75,75,63,63,32,31,36,27,12,12,0,1.0,1.0,1.0,1.0,1.0,0.999999999962963,27,0,0,36
com_erro,catboost,lacuna,100,80,80,59,59,27,32,37,22,10,10,0,1.0,1.0,1.0,1.0,1.0,0.9999999999545455,22,0,0,37
com_erro,catboost,lacuna,100,85,85,55,55,28,27,34,21,10,10,0,1.0,1.0,1.0,1.0,1.0,0.999999999952381,21,0,0,34
com_erro,catboost,lacuna,100,90,90,52,52,25,27,31,21,12,12,0,0.9807692307692307,0.9838709677419355,1.0,0.967741935483871,0.9836065573770492,0.999999999952381,21,0,1,30
com_erro,catboost,lacuna,100,95,95,49,49,22,27,30,19,10,10,0,1.0,1.0,1.0,1.0,1.0,0.9999999999473684,19,0,0,30
com_erro,catboost,lacuna,100,100,100,47,47,23,24,29,18,10,10,0,0.9787234042553191,0.9827586206896552,1.0,0.9655172413793104,0.9824561403508771,0.9999999999444444,18,0,1,28
com_erro,catboost,oscilacao,20,5,5,947,947,393,554,380,567,19,29,10,0.9440337909186906,0.9398101735821034,0.9407008086253369,0.9184210526315789,0.929427430093209,0.9611992945309327,545,22,31,349
com_erro,catboost,oscilacao,20,10,10,474,474,198,276,188,286,19,27,8,0.930379746835443,0.9249925606308584,0.9234972677595629,0.898936170212766,0.9110512129380054,0.9510489510456257,272,14,19,169
com_erro,catboost,oscilacao,20,15,15,316,316,134,182,124,192,19,26,7,0.9367088607594937,0.9350638440860215,0.9126984126984127,0.9274193548387096,0.92,0.9427083333284234,181,11,9,115
com_erro,catboost,oscilacao,20,20,20,237,237,99,138,96,141,19,26,7,0.9156118143459916,0.9124556737588653,0.8958333333333334,0.8958333333333334,0.8958333333333334,0.929078014177808,131,10,10,86
com_erro,catboost,oscilacao,30,5,5,945,945,434,511,416,529,19,32,13,0.928042328042328,0.9262282790460956,0.9243902439024391,0.9110576923076923,0.9176755447941889,0.9413988657827195,498,31,37,379
com_erro,catboost,oscilacao,30,10,10,473,473,218,255,206,267,19,28,9,0.9217758985200846,0.9201756299770918,0.9121951219512195,0.9077669902912622,0.9099756690997567,0.9325842696594285,249,18,19,187
com_erro,catboost,oscilacao,30,15,15,315,315,144,171,139,176,19,25,6,0.9079365079365079,0.9055142249836494,0.9044117647058824,0.8848920863309353,0.8945454545454545,0.9261363636311015,163,13,16,123
com_erro,catboost,oscilacao,30,20,20,237,237,111,126,106,131,18,24,6,0.9071729957805907,0.9034279130059053,0.92,0.8679245283018868,0.8932038834951457,0.9389312977027563,123,8,14,92
com_erro,catboost,oscilacao,30,25,25,189,189,88,101,82,107,19,21,2,0.8888888888888888,0.8861978573056759,0.8765432098765432,0.8658536585365854,0.8711656441717791,0.906542056066294,97,10,11,71
com_erro,catboost,oscilacao,30,30,30,158,158,69,89,68,90,19,22,3,0.9113924050632911,0.9060457516339869,0.921875,0.8676470588235294,0.8939393939393939,0.9444444444339506,85,5,9,59
com_erro,catboost,oscilacao,40,5,5,943,943,474,469,451,492,18,28,10,0.9300106044538706,0.9294161123429416,0.9365079365079365,0.9157427937915743,0.9260089686098655,0.9430894308923922,464,28,38,413
com_erro,catboost,oscilacao,40,10,10,472,472,238,234,224,248,18,24,6,0.9173728813559322,0.9172667050691243,0.9111111111111111,0.9151785714285714,0.9131403118040089,0.9193548387059703,228,20,19,205
com_erro,catboost,oscilacao,40,15,15,315,315,160,155,153,162,17,23,6,0.8857142857142857,0.885439360929557,0.8874172185430463,0.8758169934640523,0.881578947368421,0.8950617283895367,145,17,19,134
com_erro,catboost,oscilacao,40,20,20,236,236,119,117,114,122,17,20,3,0.8983050847457628,0.8979004889272362,0.9017857142857143,0.8859649122807017,0.8938053097345132,0.9098360655663128,111,11,13,101
com_erro,catboost,oscilacao,40,25,25,189,189,93,96,91,98,17,25,8,0.8571428571428571,0.8563579277864992,0.8636363636363636,0.8351648351648352,0.8491620111731844,0.8775510203992086,86,12,15,76
com_erro,catboost,oscilacao,40,30,30,158,158,77,81,75,83,17,24,7,0.8481012658227848,0.8483534136546185,0.8311688311688312,0.8533333333333334,0.8421052631578947,0.8433734939657425,70,13,11,64
com_erro,catboost,oscilacao,40,35,35,135,135,69,66,63,72,17,20,3,0.8962962962962963,0.8958333333333333,0.8888888888888888,0.8888888888888888,0.8888888888888888,0.9027777777652392,65,7,7,56
com_erro,catboost,oscilacao,40,40,40,118,118,62,56,57,61,16,22,6,0.8559322033898306,0.855478861087144,0.8571428571428571,0.8421052631578947,0.8495575221238938,0.86885245900215,53,8,9,48
com_erro,catboost,oscilacao,50,5,5,941,941,514,427,485,456,17,30,13,0.9160467587672688,0.9159997287032013,0.9194214876033058,0.9175257731958762,0.9184726522187823,0.9144736842085209,417,39,40,445
com_erro,catboost,oscilacao,50,10,10,471,471,258,213,241,230,17,25,8,0.9129511677282378,0.9128540501533465,0.9132231404958677,0.91701244813278,0.9151138716356108,0.9086956521699623,209,21,20,221
com_erro,catboost,oscilacao,50,15,15,314,314,174,140,159,155,17,27,10,0.8853503184713376,0.8850882531953743,0.8727272727272727,0.9056603773584906,0.8888888888888888,0.8645161290266806,134,21,15,144
com_erro,catboost,oscilacao,50,20,20,236,236,131,105,123,113,17,22,5,0.8898305084745762,0.8899920857615655,0.9008264462809917,0.8861788617886179,0.8934426229508197,0.8938053097266034,101,12,14,109
com_erro,catboost,oscilacao,50,25,25,189,189,103,86,99,90,17,22,5,0.8624338624338624,0.8626262626262626,0.8762886597938144,0.8585858585858586,0.8673469387755102,0.866666666657037,78,12,14,85
com_erro,catboost,oscilacao,50,30,30,157,157,86,71,79,78,17,21,4,0.8789808917197452,0.8788542680947744,0.8658536585365854,0.8987341772151899,0.8819875776397516,0.8589743589633464,67,11,8,71
com_erro,catboost,oscilacao,50,35,35,135,135,74,61,68,67,16,19,3,0.8592592592592593,0.8594161545215101,0.8769230769230769,0.8382352941176471,0.8571428571428571,0.8805970149122299,59,8,11,57
com_erro,catboost,oscilacao,50,40,40,118,118,67,51,62,56,14,21,7,0.8220338983050848,0.82286866359447,0.847457627118644,0.8064516129032258,0.8264462809917356,0.8392857142707271,47,9,12,50
com_erro,catboost,oscilacao,50,45,45,105,105,57,48,54,51,16,22,6,0.8,0.8006535947712419,0.8235294117647058,0.7777777777777778,0.8,0.8235294117485583,42,9,12,42
com_erro,catboost,oscilacao,50,50,50,95,95,51,44,50,45,15,17,2,0.9052631578947369,0.9066666666666667,0.9361702127659575,0.88,0.9072164948453608,0.9333333333125927,42,3,6,44
com_erro,catboost,oscilacao,60,5,5,939,939,551,388,516,423,17,35,18,0.9009584664536742,0.8985925559404035,0.8998109640831758,0.9224806201550387,0.9110047846889953,0.8747044917237005,370,53,40,476
com_erro,catboost,oscilacao,60,10,10,470,470,276,194,257,213,17,28,11,0.9085106382978724,0.9058932061891453,0.9022556390977443,0.933852140077821,0.9177820267686424,0.8779342722963478,187,26,17,240
com_erro,catboost,oscilacao,60,15,15,313,313,183,130,173,140,17,28,11,0.8881789137380192,0.8852188274153592,0.8876404494382022,0.9132947976878613,0.9002849002849003,0.8571428571367348,120,20,15,158
com_erro,catboost,oscilacao,60,20,20,235,235,138,97,130,105,16,19,3,0.902127659574468,0.8996336996336997,0.9022556390977443,0.9230769230769231,0.9125475285171103,0.8761904761821315,92,13,10,120
com_erro,catboost,oscilacao,60,25,25,188,188,109,79,102,86,17,23,6,0.8776595744680851,0.876310989512084,0.883495145631068,0.8921568627450981,0.8878048780487805,0.8604651162690643,74,12,11,91
com_erro,catboost,oscilacao,60,30,30,157,157,89,68,86,71,17,22,5,0.8343949044585988,0.8353259089420242,0.8658536585365854,0.8255813953488372,0.8452380952380952,0.8450704225233088,60,11,15,71
com_erro,catboost,oscilacao,60,35,35,135,135,80,55,75,60,15,18,3,0.8962962962962963,0.89,0.8765432098765432,0.9466666666666667,0.9102564102564102,0.8333333333194445,50,10,4,71
com_erro,catboost,oscilacao,60,40,40,118,118,71,47,65,53,14,17,3,0.864406779661017,0.8595065312046444,0.855072463768116,0.9076923076923077,0.8805970149253731,0.8113207547016732,43,10,6,59
com_erro,catboost,oscilacao,60,45,45,105,105,60,45,60,45,14,18,4,0.8380952380952381,0.8333333333333334,0.8524590163934426,0.8666666666666667,0.859504132231405,0.7999999999822223,36,9,8,52
com_erro,catboost,oscilacao,60,50,50,94,94,56,38,51,43,15,18,3,0.9042553191489362,0.9008207934336525,0.8888888888888888,0.9411764705882353,0.9142857142857143,0.860465116259059,37,6,3,48
com_erro,catboost,oscilacao,60,55,55,86,86,51,35,48,38,13,15,2,0.8372093023255814,0.8377192982456141,0.8695652173913043,0.8333333333333334,0.851063829787234,0.8421052631357342,32,6,8,40
com_erro,catboost,oscilacao,60,60,60,79,79,44,35,43,36,15,18,3,0.8607594936708861,0.8562661498708011,0.8478260869565217,0.9069767441860465,0.8764044943820225,0.805555555533179,29,7,4,39
com_erro,catboost,oscilacao,70,5,5,937,937,582,355,546,391,15,34,19,0.9103521878335112,0.9041998070131063,0.9081272084805654,0.9413919413919414,0.9244604316546763,0.8670076726320537,339,52,32,514
com_erro,catboost,oscilacao,70,10,10,469,469,291,178,272,197,15,28,13,0.906183368869936,0.8967229023589132,0.8904109589041096,0.9558823529411765,0.9219858156028369,0.8375634517723982,165,32,12,260
com_erro,catboost,oscilacao,70,15,15,313,313,195,118,184,129,15,26,11,0.8849840255591054,0.8790023592854734,0.8936170212765957,0.9130434782608695,0.9032258064516129,0.8449612403035275,109,20,16,168
com_erro,catboost,oscilacao,70,20,20,235,235,147,88,139,96,14,22,8,0.8680851063829788,0.8578761990407674,0.8698630136986302,0.9136690647482014,0.8912280701754386,0.8020833333249783,77,19,12,127
com_erro,catboost,oscilacao,70,25,25,188,188,116,72,109,79,14,20,6,0.8670212765957447,0.8609336894669609,0.875,0.8990825688073395,0.8868778280542986,0.8227848101161672,65,14,11,98
com_erro,catboost,oscilacao,70,30,30,157,157,96,61,91,66,14,23,9,0.8343949044585988,0.8259240759240759,0.8421052631578947,0.8791208791208791,0.8602150537634409,0.7727272727155647,51,15,11,80
com_erro,catboost,oscilacao,70,35,35,134,134,84,50,77,57,15,18,3,0.8731343283582089,0.8645477329687856,0.8658536585365854,0.922077922077922,0.8930817610062893,0.807017543845491,46,11,6,71
com_erro,catboost,oscilacao,70,40,40,118,118,75,43,69,49,11,16,5,0.788135593220339,0.7685595977521443,0.782051282051282,0.8840579710144928,0.8299319727891157,0.6530612244764682,32,17,8,61
com_erro,catboost,oscilacao,70,45,45,105,105,63,42,62,43,12,15,3,0.8476190476190476,0.8460240060015004,0.8833333333333333,0.8548387096774194,0.8688524590163934,0.8372093023061115,36,7,9,53
com_erro,catboost,oscilacao,70,50,50,94,94,57,37,55,39,12,17,5,0.7872340425531915,0.7846153846153847,0.8301886792452831,0.8,0.8148148148148148,0.7692307692110454,30,9,11,44
com_erro,catboost,oscilacao,70,55,55,86,86,52,34,53,33,12,13,1,0.8372093023255814,0.8221841052029731,0.8545454545454545,0.8867924528301887,0.8703703703703703,0.7575757575528008,25,8,6,47
com_erro,catboost,oscilacao,70,60,60,79,79,47,32,46,33,13,16,3,0.8481012658227848,0.8395915678524374,0.8541666666666666,0.8913043478260869,0.8723404255319149,0.7878787878549128,26,7,5,41
com_erro,catboost,oscilacao,70,65,65,73,73,45,28,43,30,12,15,3,0.7945205479452054,0.7751937984496124,0.7916666666666666,0.8837209302325582,0.8351648351648352,0.6666666666444444,20,10,5,38
com_erro,catboost,oscilacao,70,70,70,67,67,41,26,36,31,13,16,3,0.8208955223880597,0.8243727598566308,0.875,0.7777777777777778,0.8235294117647058,0.8709677419073881,27,4,8,28
com_erro,catboost,oscilacao,80,5,5,935,935,611,324,572,363,15,38,23,0.8866310160427807,0.8751324433142615,0.8922558922558923,0.9265734265734266,0.9090909090909091,0.8236914600528273,299,64,42,530
com_erro,catboost,oscilacao,80,10,10,468,468,305,163,285,183,14,28,14,0.8824786324786325,0.864394593039977,0.8709677419354839,0.9473684210526315,0.907563025210084,0.7814207650230524,143,40,15,270
com_erro,catboost,oscilacao,80,15,15,312,312,206,106,189,123,15,23,8,0.8589743589743589,0.8367531294360562,0.8436018957345972,0.9417989417989417,0.89,0.7317073170672219,90,33,11,178
com_erro,catboost,oscilacao,80,20,20,234,234,152,82,144,90,14,23,9,0.8803418803418803,0.8652777777777778,0.881578947368421,0.9305555555555556,0.9054054054054054,0.799999999991111,72,18,10,134
com_erro,catboost,oscilacao,80,25,25,187,187,123,64,115,72,14,19,5,0.8128342245989305,0.7881038647342995,0.8174603174603174,0.8956521739130435,0.8547717842323651,0.6805555555461034,49,23,12,103
com_erro,catboost,oscilacao,80,30,30,156,156,102,54,95,61,13,19,6,0.8333333333333334,0.8044866264020707,0.8165137614678899,0.9368421052631579,0.8725490196078431,0.6721311475299651,41,20,6,89
com_erro,catboost,oscilacao,80,35,35,134,134,86,48,81,53,12,16,4,0.8731343283582089,0.8624505008152807,0.8809523809523809,0.9135802469135802,0.896969696969697,0.8113207547016732,43,10,7,74
com_erro,catboost,oscilacao,80,40,40,117,117,77,40,72,45,11,14,3,0.8461538461538461,0.8125,0.8214285714285714,0.9583333333333334,0.8846153846153846,0.6666666666518519,30,15,3,69
com_erro,catboost,oscilacao,80,45,45,104,104,69,35,63,41,11,13,2,0.8365384615384616,0.805458768873403,0.8108108108108109,0.9523809523809523,0.8759124087591241,0.6585365853497919,27,14,3,60
com_erro,catboost,oscilacao,80,50,50,94,94,59,35,61,33,11,15,4,0.7872340425531915,0.7804272230501739,0.8596491228070176,0.8032786885245902,0.8305084745762712,0.7575757575528008,25,8,12,49
com_erro,catboost,oscilacao,80,55,55,85,85,57,28,52,33,12,15,3,0.8470588235294118,0.8251748251748252,0.8421052631578947,0.9230769230769231,0.8807339449541285,0.7272727272506888,24,9,4,48
com_erro,catboost,oscilacao,80,60,60,78,78,49,29,47,31,12,13,1,0.7948717948717948,0.75840768702814,0.7719298245614035,0.9361702127659575,0.8461538461538461,0.580645161271592,18,13,3,44
com_erro,catboost,oscilacao,80,65,65,72,72,48,24,44,28,12,15,3,0.7638888888888888,0.7288961038961039,0.7647058823529411,0.8863636363636364,0.8210526315789474,0.5714285714081633,16,12,5,39
com_erro,catboost,oscilacao,80,70,70,67,67,41,26,40,27,10,13,3,0.835820895522388,0.8444444444444444,0.9142857142857143,0.8,0.8533333333333334,0.8888888888559671,24,3,8,32
com_erro,catboost,oscilacao,80,75,75,63,63,44,19,40,23,8,10,2,0.7777777777777778,0.7418478260869565,0.7954545454545454,0.875,0.8333333333333334,0.608695652147448,14,9,5,35
com_erro,catboost,oscilacao,80,80,80,59,59,40,19,36,23,11,11,0,0.7966101694915254,0.7705314009661836,0.8,0.8888888888888888,0.8421052631578947,0.6521739130151228,15,8,4,32
com_erro,catboost,oscilacao,90,5,5,933,933,638,295,597,336,13,38,25,0.8488745980707395,0.822056712132089,0.85625,0.9179229480737019,0.8860145513338723,0.7261904761883149,244,92,49,548
com_erro,catboost,oscilacao,90,10,10,467,467,319,148,297,170,13,31,18,0.8458244111349036,0.8133887898593781,0.8419452887537994,0.9326599326599326,0.8849840255591054,0.6941176470547405,118,52,20,277
com_erro,catboost,oscilacao,90,15,15,311,311,213,98,201,110,12,21,9,0.8263665594855305,0.7874717322478517,0.8295964125560538,0.9203980099502488,0.8726415094339622,0.6545454545395041,72,38,16,185
com_erro,catboost,oscilacao,90,20,20,234,234,161,73,151,83,11,18,7,0.8205128205128205,0.7795420090959866,0.8224852071005917,0.9205298013245033,0.86875,0.6385542168597764,53,30,12,139
com_erro,catboost,oscilacao,90,25,25,187,187,127,60,119,68,13,18,5,0.8235294117647058,0.7888655462184874,0.8257575757575758,0.9159663865546218,0.8685258964143426,0.661764705872621,45,23,10,109
com_erro,catboost,oscilacao,90,30,30,156,156,104,52,101,55,11,16,5,0.8205128205128205,0.7827182718271828,0.8288288288288288,0.9108910891089109,0.8679245283018868,0.6545454545335537,36,19,9,92
com_erro,catboost,oscilacao,90,35,35,134,134,91,43,86,48,11,14,3,0.8656716417910447,0.8263081395348837,0.8469387755102041,0.9651162790697675,0.9021739130434783,0.6874999999856771,33,15,3,83
com_erro,catboost,oscilacao,90,40,40,117,117,82,35,75,42,11,15,4,0.8205128205128205,0.7814285714285715,0.8214285714285714,0.92,0.8679245283018868,0.6428571428418368,27,15,6,69
com_erro,catboost,oscilacao,90,45,45,104,104,72,32,69,35,10,12,2,0.8461538461538461,0.7995859213250518,0.8441558441558441,0.9420289855072463,0.8904109589041096,0.6571428571240817,23,12,4,65
com_erro,catboost,oscilacao,90,50,50,94,94,61,33,62,32,11,12,1,0.8085106382978723,0.7565524193548387,0.8142857142857143,0.9193548387096774,0.8636363636363636,0.5937499999814454,19,13,5,57
com_erro,catboost,oscilacao,90,55,55,85,85,59,26,53,32,11,13,2,0.8235294117647058,0.7903891509433962,0.8166666666666667,0.9245283018867925,0.8672566371681416,0.6562499999794923,21,11,4,49
com_erro,catboost,oscilacao,90,60,60,78,78,51,27,50,28,9,9,0,0.8076923076923077,0.7635714285714286,0.8070175438596491,0.92,0.8598130841121495,0.6071428571211734,17,11,4,46
com_erro,catboost,oscilacao,90,65,65,72,72,49,23,47,25,9,14,5,0.75,0.7336170212765958,0.8222222222222222,0.7872340425531915,0.8043478260869565,0.6799999999728,17,8,10,37
com_erro,catboost,oscilacao,90,70,70,67,67,44,23,43,24,9,11,2,0.8208955223880597,0.7960271317829457,0.8444444444444444,0.8837209302325582,0.8636363636363636,0.7083333333038194,17,7,5,38
com_erro,catboost,oscilacao,90,75,75,63,63,45,18,43,20,8,8,0,0.7301587301587301,0.6418604651162791,0.76,0.8837209302325582,0.8172043010752689,0.39999999998,8,12,5,38
com_erro,catboost,oscilacao,90,80,80,59,59,43,16,38,21,11,12,1,0.7966101694915254,0.7568922305764412,0.8095238095238095,0.8947368421052632,0.85,0.6190476190181405,13,8,4,34
com_erro,catboost,oscilacao,90,85,85,55,55,38,17,33,22,10,10,0,0.7636363636363637,0.7272727272727273,0.75,0.9090909090909091,0.821917808219178,0.545454545429752,12,10,3,30
com_erro,catboost,oscilacao,90,90,90,52,52,37,15,34,18,8,9,1,0.75,0.6650326797385621,0.7441860465116279,0.9411764705882353,0.8311688311688312,0.38888888886728395,7,11,2,32
com_erro,catboost,oscilacao,100,5,5,931,931,662,269,619,312,11,27,16,0.8088077336197637,0.756868501719067,0.8191027496382055,0.9143780290791599,0.8641221374045801,0.5993589743570533,187,125,53,566
com_erro,catboost,oscilacao,100,10,10,466,466,331,135,308,158,11,25,14,0.8326180257510729,0.7886117047509453,0.8382352941176471,0.9253246753246753,0.8796296296296297,0.6518987341730893,103,55,23,285
com_erro,catboost,oscilacao,100,15,15,311,311,222,89,208,103,11,20,9,0.8263665594855305,0.7795229648991785,0.8377192982456141,0.9182692307692307,0.8761467889908257,0.640776699022905,66,37,17,191
com_erro,catboost,oscilacao,100,20,20,233,233,164,69,156,77,11,21,10,0.8454935622317596,0.8122710622710623,0.8658536585365854,0.9102564102564102,0.8875,0.7142857142764378,55,22,14,142
com_erro,catboost,oscilacao,100,25,25,187,187,132,55,127,60,10,13,3,0.8288770053475936,0.7772965879265092,0.841726618705036,0.9212598425196851,0.8796992481203008,0.6333333333227779,38,22,10,117
com_erro,catboost,oscilacao,100,30,30,156,156,109,47,103,53,11,19,8,0.8269230769230769,0.7819197655248213,0.8333333333333334,0.9223300970873787,0.8755760368663594,0.6415094339501602,34,19,8,95
com_erro,catboost,oscilacao,100,35,35,133,133,93,40,90,43,9,13,4,0.8646616541353384,0.8210594315245479,0.8673469387755102,0.9444444444444444,0.9042553191489362,0.6976744185884263,30,13,5,85
com_erro,catboost,oscilacao,100,40,40,117,117,85,32,77,40,11,12,1,0.8547008547008547,0.799512987012987,0.8333333333333334,0.974025974025974,0.8982035928143712,0.624999999984375,25,15,2,75
com_erro,catboost,oscilacao,100,45,45,104,104,74,30,71,33,10,10,0,0.8269230769230769,0.7678190354246692,0.8354430379746836,0.9295774647887324,0.88,0.6060606060422407,20,13,5,66
com_erro,catboost,oscilacao,100,50,50,94,94,65,29,64,30,9,10,1,0.8085106382978723,0.7619791666666667,0.8382352941176471,0.890625,0.8636363636363636,0.6333333333122222,19,11,7,57
com_erro,catboost,oscilacao,100,55,55,85,85,61,24,55,30,10,14,4,0.8235294117647058,0.7954545454545454,0.8448275862068966,0.8909090909090909,0.8672566371681416,0.6999999999766666,21,9,6,49
com_erro,catboost,oscilacao,100,60,60,78,78,53,25,51,27,9,7,-2,0.7948717948717948,0.7298474945533768,0.7868852459016393,0.9411764705882353,0.8571428571428571,0.5185185184993141,14,13,3,48
com_erro,catboost,oscilacao,100,65,65,72,72,50,22,47,25,9,14,5,0.8194444444444444,0.7868085106382978,0.84,0.8936170212765957,0.865979381443299,0.6799999999728,17,8,5,42
com_erro,catboost,oscilacao,100,70,70,67,67,47,20,47,20,7,9,2,0.8656716417910447,0.8037234042553192,0.8653846153846154,0.9574468085106383,0.9090909090909091,0.6499999999675,13,7,2,45
com_erro,catboost,oscilacao,100,75,75,63,63,46,17,45,18,7,11,4,0.7936507936507936,0.7722222222222221,0.8809523809523809,0.8222222222222222,0.8505747126436781,0.7222222221820987,13,5,8,37
com_erro,catboost,oscilacao,100,80,80,59,59,43,16,39,20,11,10,-1,0.864406779661017,0.8243589743589743,0.8604651162790697,0.9487179487179487,0.9024390243902439,0.699999999965,14,6,2,37
com_erro,catboost,oscilacao,100,85,85,55,55,39,16,35,20,9,10,1,0.8727272727272727,0.8571428571428572,0.8888888888888888,0.9142857142857143,0.9014084507042254,0.79999999996,16,4,3,32
com_erro,catboost,oscilacao,100,90,90,52,52,38,14,35,17,8,7,-1,0.8461538461538461,0.7798319327731092,0.8292682926829268,0.9714285714285714,0.8947368421052632,0.588235294083045,10,7,1,34
com_erro,catboost,oscilacao,100,95,95,49,49,34,15,35,14,7,13,6,0.7959183673469388,0.75,0.8571428571428571,0.8571428571428571,0.8571428571428571,0.6428571428112245,9,5,5,30
com_erro,catboost,oscilacao,100,100,100,47,47,32,15,33,14,7,9,2,0.8297872340425532,0.775974025974026,0.8571428571428571,0.9090909090909091,0.8823529411764706,0.6428571428112245,9,5,3,30
com_erro,catboost,queda,20,5,5,947,947,190,757,206,741,20,27,7,0.9303062302006336,0.902892968043709,0.8301886792452831,0.8543689320388349,0.8421052631578947,0.951417004047299,705,36,30,176
com_erro,catboost,queda,20,10,10,474,474,96,378,104,370,20,25,5,0.930379746835443,0.907016632016632,0.8256880733944955,0.8653846153846154,0.8450704225352113,0.9486486486460848,351,19,14,90
com_erro,catboost,queda,20,15,15,316,316,64,252,70,246,19,29,10,0.9050632911392406,0.862369337979094,0.7857142857142857,0.7857142857142857,0.7857142857142857,0.9390243902400853,231,15,15,55
com_erro,catboost,queda,20,20,20,237,237,49,188,52,185,19,25,6,0.9367088607594937,0.9110706860706861,0.8490566037735849,0.8653846153846154,0.8571428571428571,0.9567567567515851,177,8,7,45
com_erro,catboost,queda,30,5,5,945,945,232,713,244,701,20,31,11,0.9121693121693122,0.8820186618647834,0.8368200836820083,0.819672131147541,0.8281573498964804,0.9443651925806785,662,39,44,200
com_erro,catboost,queda,30,10,10,473,473,117,356,123,350,20,24,4,0.9154334038054969,0.8901277584204413,0.8373983739837398,0.8373983739837398,0.8373983739837398,0.942857142854449,330,20,20,103
com_erro,catboost,queda,30,15,15,315,315,77,238,81,234,19,26,7,0.8920634920634921,0.850664767331434,0.8051948051948052,0.7654320987654321,0.7848101265822784,0.9358974358934363,219,15,19,62
com_erro,catboost,queda,30,20,20,237,237,62,175,64,173,20,23,3,0.9113924050632911,0.8802384393063584,0.8524590163934426,0.8125,0.832,0.9479768786072372,164,9,12,52
com_erro,catboost,queda,30,25,25,189,189,48,141,46,143,18,22,4,0.91005291005291,0.8815749467923382,0.8085106382978723,0.8260869565217391,0.8172043010752689,0.9370629370563842,134,9,8,38
com_erro,catboost,queda,30,30,30,158,158,41,117,40,118,18,24,6,0.8987341772151899,0.8661016949152542,0.8,0.8,0.8,0.9322033898226084,110,8,8,32
com_erro,catboost,queda,40,5,5,943,943,274,669,281,662,20,29,9,0.9056203605514316,0.8866961972239842,0.8428571428571429,0.8398576512455516,0.8413547237076648,0.9335347432010067,618,44,45,236
com_erro,catboost,queda,40,10,10,472,472,138,334,142,330,19,25,6,0.9004237288135594,0.8786384976525822,0.841726618705036,0.823943661971831,0.8327402135231317,0.933333333330505,308,22,25,117
com_erro,catboost,queda,40,15,15,315,315,92,223,96,219,19,24,5,0.8952380952380953,0.8720034246575342,0.8387096774193549,0.8125,0.8253968253968254,0.9315068493108151,204,15,18,78
com_erro,catboost,queda,40,20,20,236,236,70,166,71,165,17,25,8,0.9110169491525424,0.9002560819462228,0.8378378378378378,0.8732394366197183,0.8551724137931035,0.9272727272671075,153,12,9,62
com_erro,catboost,queda,40,25,25,189,189,55,134,54,135,18,26,8,0.8888888888888888,0.8888888888888888,0.7619047619047619,0.8888888888888888,0.8205128205128205,0.8888888888823046,120,15,6,48
com_erro,catboost,queda,40,30,30,158,158,46,112,48,110,17,23,6,0.8734177215189873,0.8386363636363636,0.8181818181818182,0.75,0.782608695652174,0.9272727272642974,102,8,12,36
com_erro,catboost,queda,40,35,35,135,135,39,96,37,98,17,27,10,0.8814814814814815,0.8763099834528406,0.7441860465116279,0.8648648648648649,0.8,0.8877551020317576,87,11,5,32
com_erro,catboost,queda,40,40,40,118,118,34,84,36,82,16,24,8,0.8898305084745762,0.8661924119241193,0.8285714285714286,0.8055555555555556,0.8169014084507042,0.9268292682813801,76,6,7,29
com_erro,catboost,queda,50,5,5,941,941,312,629,316,625,18,28,10,0.8884165781083954,0.8753215189873418,0.832807570977918,0.8354430379746836,0.8341232227488151,0.9151999999985357,572,53,52,264
com_erro,catboost,queda,50,10,10,471,471,157,314,159,312,18,26,8,0.8747346072186837,0.8576439283986454,0.8205128205128205,0.8050314465408805,0.8126984126984127,0.9102564102534928,284,28,31,128
com_erro,catboost,queda,50,15,15,314,314,105,209,107,207,16,29,13,0.8598726114649682,0.8417987268048219,0.8,0.7850467289719626,0.7924528301886793,0.8985507246333404,186,21,23,84
com_erro,catboost,queda,50,20,20,236,236,82,154,83,153,17,22,5,0.8601694915254238,0.8342782896291046,0.8378378378378378,0.7469879518072289,0.7898089171974523,0.9215686274449572,141,12,21,62
com_erro,catboost,queda,50,25,25,189,189,66,123,62,127,16,24,8,0.8518518518518519,0.8402336804673609,0.7575757575757576,0.8064516129032258,0.78125,0.874015748024614,111,16,12,50
com_erro,catboost,queda,50,30,30,157,157,55,102,54,103,16,25,9,0.8343949044585988,0.8209277238403452,0.75,0.7777777777777778,0.7636363636363637,0.8640776698945235,89,14,12,42
com_erro,catboost,queda,50,35,35,135,135,46,89,44,91,16,24,8,0.8518518518518519,0.8314185814185814,0.7727272727272727,0.7727272727272727,0.7727272727272727,0.8901098901001087,81,10,10,34
com_erro,catboost,queda,50,40,40,118,118,40,78,41,77,16,20,4,0.8728813559322034,0.8569844789356984,0.825,0.8048780487804879,0.8148148148148148,0.9090909090791027,70,7,8,33
com_erro,catboost,queda,50,45,45,105,105,34,71,37,68,15,23,8,0.8571428571428571,0.8527424483306836,0.775,0.8378378378378378,0.8051948051948052,0.8676470588107699,59,9,6,31
com_erro,catboost,queda,50,50,50,95,95,32,63,32,63,16,24,8,0.8421052631578947,0.8425099206349207,0.7297297297297297,0.84375,0.782608695652174,0.8412698412564878,53,10,5,27
com_erro,catboost,queda,60,5,5,939,939,347,592,347,592,16,31,15,0.8743343982960596,0.8705214580574812,0.8136986301369863,0.8559077809798271,0.8342696629213483,0.88513513513364,524,68,50,297
com_erro,catboost,queda,60,10,10,470,470,175,295,175,295,16,25,9,0.8723404255319149,0.8669249394673124,0.8176795580110497,0.8457142857142858,0.8314606741573034,0.8881355932173284,262,33,27,148
com_erro,catboost,queda,60,15,15,313,313,115,198,116,197,15,26,11,0.8722044728434505,0.868348503413268,0.8114754098360656,0.853448275862069,0.8319327731092437,0.8832487309599836,174,23,17,99
com_erro,catboost,queda,60,20,20,235,235,88,147,87,148,15,22,7,0.8680851063829788,0.8597390493942219,0.8181818181818182,0.8275862068965517,0.8228571428571428,0.8918918918858657,132,16,15,72
com_erro,catboost,queda,60,25,25,188,188,69,119,67,121,15,23,8,0.8670212765957447,0.870050573578389,0.7763157894736842,0.8805970149253731,0.8251748251748252,0.8595041322243016,104,17,8,59
com_erro,catboost,queda,60,30,30,157,157,60,97,58,99,15,21,6,0.8789808917197452,0.8790491118077325,0.8095238095238095,0.8793103448275862,0.8429752066115702,0.8787878787790021,87,12,7,51
com_erro,catboost,queda,60,35,35,135,135,52,83,51,84,16,19,3,0.8592592592592593,0.8599439775910365,0.7857142857142857,0.8627450980392157,0.822429906542056,0.857142857132653,72,12,7,44
com_erro,catboost,queda,60,40,40,118,118,43,75,43,75,14,21,7,0.8813559322033898,0.8768992248062015,0.8222222222222222,0.8604651162790697,0.8409090909090909,0.8933333333214222,67,8,6,37
com_erro,catboost,queda,60,45,45,105,105,39,66,40,65,14,19,5,0.8571428571428571,0.8653846153846154,0.7659574468085106,0.9,0.8275862068965517,0.8307692307564497,54,11,4,36
com_erro,catboost,queda,60,50,50,94,94,34,60,33,61,15,19,4,0.8404255319148937,0.8353204172876304,0.75,0.8181818181818182,0.782608695652174,0.852459016379468,52,9,6,27
com_erro,catboost,queda,60,55,55,86,86,30,56,32,54,14,20,6,0.872093023255814,0.8599537037037037,0.8387096774193549,0.8125,0.8253968253968254,0.9074074073906037,49,5,6,26
com_erro,catboost,queda,60,60,60,79,79,34,45,29,50,14,18,4,0.8607594936708861,0.8610344827586207,0.78125,0.8620689655172413,0.819672131147541,0.8599999999828001,43,7,4,25
com_erro,catboost,queda,70,5,5,937,937,378,559,375,562,16,28,12,0.8783351120597652,0.8755065243179122,0.8389610389610389,0.8613333333333333,0.85,0.8896797153009081,500,62,52,323
com_erro,catboost,queda,70,10,10,469,469,191,278,189,280,16,24,8,0.8742004264392325,0.8714285714285714,0.8350515463917526,0.8571428571428571,0.8459530026109661,0.8857142857111224,248,32,27,162
com_erro,catboost,queda,70,15,15,313,313,127,186,127,186,16,23,7,0.8466453674121406,0.8497375328083989,0.7801418439716312,0.8661417322834646,0.8208955223880597,0.8333333333288531,155,31,17,110
com_erro,catboost,queda,70,20,20,235,235,99,136,98,137,16,24,8,0.8468085106382979,0.8424698346491881,0.8163265306122449,0.8163265306122449,0.8163265306122449,0.8686131386797912,119,18,18,80
com_erro,catboost,queda,70,25,25,188,188,75,113,74,114,15,23,8,0.851063829787234,0.858226647700332,0.7674418604651163,0.8918918918918919,0.825,0.824561403501539,94,20,8,66
com_erro,catboost,queda,70,30,30,157,157,64,93,63,94,16,20,4,0.8471337579617835,0.8461668355285377,0.7910447761194029,0.8412698412698413,0.8153846153846154,0.8510638297781802,80,14,10,53
com_erro,catboost,queda,70,35,35,134,134,56,78,53,81,15,24,9,0.8208955223880597,0.8225017470300489,0.7457627118644068,0.8301886792452831,0.7857142857142857,0.8148148148047554,66,15,9,44
com_erro,catboost,queda,70,40,40,118,118,48,70,49,69,15,21,6,0.8050847457627118,0.8037562851227448,0.75,0.7959183673469388,0.7722772277227723,0.8115942028867884,56,13,10,39
com_erro,catboost,queda,70,45,45,105,105,46,59,45,60,15,18,3,0.8285714285714286,0.8305555555555555,0.7755102040816326,0.8444444444444444,0.8085106382978723,0.8166666666530557,49,11,7,38
com_erro,catboost,queda,70,50,50,94,94,38,56,37,57,14,19,5,0.7978723404255319,0.7906590801327644,0.7368421052631579,0.7567567567567568,0.7466666666666667,0.824561403494306,47,10,9,28
com_erro,catboost,queda,70,55,55,86,86,32,54,34,52,14,17,3,0.8255813953488372,0.8150452488687783,0.7878787878787878,0.7647058823529411,0.7761194029850746,0.8653846153679734,45,7,8,26
com_erro,catboost,queda,70,60,60,79,79,36,43,33,46,14,16,2,0.810126582278481,0.8069828722002634,0.7647058823529411,0.7878787878787878,0.7761194029850746,0.8260869565037808,38,8,7,26
com_erro,catboost,queda,70,65,65,73,73,27,46,32,41,11,16,5,0.821917808219178,0.8174542682926829,0.8064516129032258,0.78125,0.7936507936507936,0.8536585365645449,35,6,7,25
com_erro,catboost,queda,70,70,70,67,67,27,40,28,39,14,18,4,0.835820895522388,0.8388278388278387,0.7741935483870968,0.8571428571428571,0.8135593220338984,0.8205128204917818,32,7,4,24
com_erro,catboost,queda,80,5,5,935,935,408,527,403,532,16,30,14,0.8759358288770054,0.8777402563480662,0.8329466357308585,0.890818858560794,0.8609112709832134,0.8646616541337131,460,72,44,359
com_erro,catboost,queda,80,10,10,468,468,206,262,203,265,16,23,7,0.8653846153846154,0.8667255321126499,0.8240740740740741,0.8768472906403941,0.8496420047732697,0.8566037735816733,227,38,25,178
com_erro,catboost,queda,80,15,15,312,312,137,175,136,176,14,25,11,0.8493589743589743,0.8514371657754011,0.8027210884353742,0.8676470588235294,0.833922261484099,0.8352272727225272,147,29,18,118
com_erro,catboost,queda,80,20,20,234,234,103,131,101,133,14,20,6,0.8675213675213675,0.8679743914241048,0.8301886792452831,0.8712871287128713,0.8502415458937198,0.8646616541288372,115,18,13,88
com_erro,catboost,queda,80,25,25,187,187,83,104,78,109,14,22,8,0.839572192513369,0.8478005175252882,0.7608695652173914,0.8974358974358975,0.8235294117647058,0.7981651376073563,87,22,8,70
com_erro,catboost,queda,80,30,30,156,156,70,86,69,87,13,21,8,0.8076923076923077,0.8110944527736133,0.7532467532467533,0.8405797101449275,0.7945205479452054,0.7816091953933149,68,19,11,58
com_erro,catboost,queda,80,35,35,134,134,59,75,55,79,15,20,5,0.8731343283582089,0.8785960874568469,0.8064516129032258,0.9090909090909091,0.8547008547008547,0.8481012658120494,67,12,5,50
com_erro,catboost,queda,80,40,40,117,117,50,67,51,66,14,20,6,0.8376068376068376,0.8382352941176471,0.7962962962962963,0.8431372549019608,0.819047619047619,0.833333333320707,55,11,8,43
com_erro,catboost,queda,80,45,45,104,104,46,58,47,57,13,19,6,0.8365384615384616,0.841545352743561,0.7777777777777778,0.8936170212765957,0.8316831683168316,0.789473684196676,45,12,5,42
com_erro,catboost,queda,80,50,50,94,94,42,52,40,54,12,16,4,0.7872340425531915,0.7921296296296296,0.717391304347826,0.825,0.7674418604651163,0.759259259245199,41,13,7,33
com_erro,catboost,queda,80,55,55,85,85,38,47,38,47,12,15,3,0.8588235294117647,0.8597424412094066,0.825,0.868421052631579,0.8461538461538461,0.8510638297691263,40,7,5,33
com_erro,catboost,queda,80,60,60,78,78,35,43,34,44,12,16,4,0.8076923076923077,0.8128342245989304,0.7435897435897436,0.8529411764705882,0.7945205479452054,0.7727272727097108,34,10,5,29
com_erro,catboost,queda,80,65,65,72,72,27,45,34,38,9,15,6,0.8194444444444444,0.81656346749226,0.8387096774193549,0.7647058823529411,0.8,0.8684210526087258,33,5,8,26
com_erro,catboost,queda,80,70,70,67,67,29,38,29,38,14,18,4,0.7761194029850746,0.7699637023593466,0.75,0.7241379310344828,0.7368421052631579,0.8157894736627425,31,7,8,21
com_erro,catboost,queda,80,75,75,63,63,29,34,26,37,11,16,5,0.8253968253968254,0.817047817047817,0.8,0.7692307692307693,0.7843137254901961,0.8648648648414902,32,5,6,20
com_erro,catboost,queda,80,80,80,59,59,26,33,25,34,12,15,3,0.847457627118644,0.8464705882352941,0.8076923076923077,0.84,0.8235294117647058,0.8529411764455018,29,5,4,21
com_erro,catboost,queda,90,5,5,933,933,437,496,431,502,15,27,12,0.8745980707395499,0.8764108299978739,0.8398268398268398,0.9002320185614849,0.8689809630459127,0.8525896414325645,428,74,43,388
com_erro,catboost,queda,90,10,10,467,467,220,247,217,250,14,25,11,0.8629550321199143,0.864700460829493,0.8283261802575107,0.8894009216589862,0.8577777777777778,0.83999999999664,210,40,24,193
com_erro,catboost,queda,90,15,15,311,311,144,167,144,167,14,28,14,0.8553054662379421,0.8571398868928809,0.8193548387096774,0.8819444444444444,0.8494983277591973,0.8323353293363334,139,28,17,127
com_erro,catboost,queda,90,20,20,234,234,113,121,112,122,14,21,7,0.8418803418803419,0.8417740046838408,0.831858407079646,0.8392857142857143,0.8355555555555556,0.844262295075047,103,19,18,94
com_erro,catboost,queda,90,25,25,187,187,88,99,85,102,13,22,9,0.8502673796791443,0.8549019607843138,0.7938144329896907,0.9058823529411765,0.8461538461538461,0.8039215686195693,82,20,8,77
com_erro,catboost,queda,90,30,30,156,156,74,82,72,84,13,18,5,0.8717948717948718,0.8740079365079365,0.8333333333333334,0.9027777777777778,0.8666666666666667,0.8452380952280328,71,13,7,65
com_erro,catboost,queda,90,35,35,134,134,65,69,63,71,13,19,6,0.8507462686567164,0.850212385423653,0.8412698412698413,0.8412698412698413,0.8412698412698413,0.859154929565364,61,10,10,53
com_erro,catboost,queda,90,40,40,117,117,56,61,56,61,12,16,4,0.8376068376068376,0.837675644028103,0.8245614035087719,0.8392857142857143,0.831858407079646,0.8360655737567858,51,10,9,47
com_erro,catboost,queda,90,45,45,104,104,48,56,51,53,12,21,9,0.7788461538461539,0.7793192748797633,0.7592592592592593,0.803921568627451,0.780952380952381,0.7547169811178356,40,13,10,41
com_erro,catboost,queda,90,50,50,94,94,43,51,43,51,11,17,6,0.8191489361702128,0.8242134062927496,0.76,0.8837209302325582,0.8172043010752689,0.764705882337947,39,12,5,38
com_erro,catboost,queda,90,55,55,85,85,38,47,41,44,10,14,4,0.8470588235294118,0.8464523281596452,0.85,0.8292682926829268,0.8395061728395061,0.8636363636167356,38,6,7,34
com_erro,catboost,queda,90,60,60,78,78,36,42,36,42,12,19,7,0.782051282051282,0.7738095238095237,0.8275862068965517,0.6666666666666666,0.7384615384615385,0.8809523809314059,37,5,12,24
com_erro,catboost,queda,90,65,65,72,72,33,39,36,36,9,14,5,0.8611111111111112,0.8611111111111112,0.8823529411764706,0.8333333333333334,0.8571428571428571,0.8888888888641976,32,4,6,30
com_erro,catboost,queda,90,70,70,67,67,33,34,33,34,10,16,6,0.8208955223880597,0.821301247771836,0.8,0.8484848484848485,0.8235294117647058,0.7941176470354672,27,7,5,28
com_erro,catboost,queda,90,75,75,63,63,30,33,28,35,11,15,4,0.8253968253968254,0.825,0.7931034482758621,0.8214285714285714,0.8070175438596491,0.8285714285477552,29,6,5,23
com_erro,catboost,queda,90,80,80,59,59,28,31,28,31,11,15,4,0.7796610169491526,0.7782258064516129,0.7777777777777778,0.75,0.7636363636363637,0.8064516128772112,25,6,7,21
com_erro,catboost,queda,90,85,85,55,55,25,30,27,28,12,13,1,0.8727272727272727,0.873015873015873,0.8571428571428571,0.8888888888888888,0.8727272727272727,0.8571428571122449,24,4,3,24
com_erro,catboost,queda,90,90,90,52,52,24,28,24,28,11,12,1,0.8076923076923077,0.8065476190476191,0.7916666666666666,0.7916666666666666,0.7916666666666666,0.8214285713992346,23,5,5,19
com_erro,catboost,queda,100,5,5,931,931,464,467,456,475,14,25,11,0.8732545649838883,0.8740789473684211,0.8407258064516129,0.9144736842105263,0.8760504201680672,0.8336842105245607,396,79,39,417
com_erro,catboost,queda,100,10,10,466,466,234,232,229,237,14,21,7,0.869098712446352,0.8697602859617121,0.8387096774193549,0.9082969432314411,0.8721174004192872,0.8312236286884759,197,40,21,208
com_erro,catboost,queda,100,15,15,311,311,156,155,154,157,14,21,7,0.864951768488746,0.8651873604102904,0.845679012345679,0.8896103896103896,0.8670886075949367,0.840764331204836,132,25,17,137
com_erro,catboost,queda,100,20,20,233,233,117,116,114,119,13,20,7,0.871244635193133,0.8719224531918031,0.8442622950819673,0.9035087719298246,0.8728813559322034,0.8403361344467198,100,19,11,103
com_erro,catboost,queda,100,25,25,187,187,96,91,90,97,13,19,6,0.839572192513369,0.8421534936998855,0.7884615384615384,0.9111111111111111,0.845360824742268,0.7731958762806886,75,22,8,82
com_erro,catboost,queda,100,30,30,156,156,78,78,77,79,13,19,6,0.8397435897435898,0.8401282262041756,0.8170731707317073,0.8701298701298701,0.8427672955974843,0.8101265822682262,64,15,10,67
com_erro,catboost,queda,100,35,35,133,133,69,64,65,68,12,16,4,0.8571428571428571,0.8589366515837105,0.8026315789473685,0.9384615384615385,0.8652482269503546,0.7794117646944204,53,15,4,61
com_erro,catboost,queda,100,40,40,117,117,58,59,56,61,12,17,5,0.8717948717948718,0.8733899297423888,0.8360655737704918,0.9107142857142857,0.8717948717948718,0.8360655737567858,51,10,5,51
com_erro,catboost,queda,100,45,45,104,104,51,53,53,51,11,17,6,0.8076923076923077,0.806881243063263,0.7894736842105263,0.8490566037735849,0.8181818181818182,0.764705882337947,39,12,8,45
com_erro,catboost,queda,100,50,50,94,94,48,46,46,48,11,15,4,0.7978723404255319,0.8002717391304348,0.7368421052631579,0.9130434782608695,0.8155339805825242,0.6874999999856771,33,15,4,42
com_erro,catboost,queda,100,55,55,85,85,41,44,43,42,10,14,4,0.8117647058823529,0.8114617940199336,0.8,0.8372093023255814,0.8181818181818182,0.7857142856955783,33,9,7,36
com_erro,catboost,queda,100,60,60,78,78,38,40,37,41,12,14,2,0.8717948717948718,0.8688200395517469,0.9090909090909091,0.8108108108108109,0.8571428571428571,0.9268292682700774,38,3,7,30
com_erro,catboost,queda,100,65,65,72,72,36,36,36,36,9,12,3,0.9027777777777778,0.9027777777777777,0.9142857142857143,0.8888888888888888,0.9014084507042254,0.9166666666412038,33,3,4,32
com_erro,catboost,queda,100,70,70,67,67,36,31,34,33,10,12,2,0.8507462686567164,0.8493761140819964,0.8,0.9411764705882353,0.8648648648648649,0.7575757575528008,25,8,2,32
com_erro,catboost,queda,100,75,75,63,63,33,30,30,33,11,13,2,0.8095238095238095,0.8090909090909091,0.8,0.8,0.8,0.8181818181570248,27,6,6,24
com_erro,catboost,queda,100,80,80,59,59,30,29,28,31,11,15,4,0.8135593220338984,0.8139400921658986,0.7931034482758621,0.8214285714285714,0.8070175438596491,0.8064516128772112,25,6,5,23
com_erro,catboost,queda,100,85,85,55,55,25,30,28,27,11,14,3,0.8727272727272727,0.8716931216931216,0.8387096774193549,0.9285714285714286,0.8813559322033898,0.8148148147846365,22,5,2,26
com_erro,catboost,queda,100,90,90,52,52,25,27,26,26,10,13,3,0.8461538461538461,0.8461538461538461,0.875,0.8076923076923077,0.84,0.8846153845813609,23,3,5,21
com_erro,catboost,queda,100,95,95,49,49,25,24,22,27,10,11,1,0.8163265306122449,0.8207070707070707,0.76,0.8636363636363636,0.8085106382978723,0.7777777777489712,21,6,3,19
com_erro,catboost,queda,100,100,100,47,47,23,24,23,24,9,11,2,0.7872340425531915,0.7871376811594203,0.782608695652174,0.782608695652174,0.782608695652174,0.7916666666336806,19,5,5,18
com_erro,mlp,lacuna,20,5,5,947,947,209,738,280,667,23,23,0,0.9841605068637803,0.9732142857142857,1.0,0.9464285714285714,0.9724770642201835,0.9999999999985008,667,0,15,265
com_erro,mlp,lacuna,20,10,10,474,474,104,370,139,335,23,23,0,0.9810126582278481,0.9676258992805755,1.0,0.935251798561151,0.966542750929368,0.9999999999970149,335,0,9,130
com_erro,mlp,lacuna,20,15,15,316,316,70,246,91,225,22,22,0,0.9841772151898734,0.9725274725274725,1.0,0.945054945054945,0.9717514124293786,0.9999999999955556,225,0,5,86
com_erro,mlp,lacuna,20,20,20,237,237,54,183,67,170,22,22,0,0.9915611814345991,0.9850746268656716,1.0,0.9701492537313433,0.9848484848484849,0.9999999999941177,170,0,2,65
com_erro,mlp,lacuna,30,5,5,945,945,245,700,323,622,21,25,4,0.9798941798941799,0.9728206225797139,0.9903225806451613,0.9504643962848297,0.9699842022116903,0.9951768488729982,619,3,16,307
com_erro,mlp,lacuna,30,10,10,473,473,122,351,161,312,21,25,4,0.9661733615221987,0.9548196368848543,0.9801324503311258,0.9192546583850931,0.9487179487179487,0.9903846153814411,309,3,13,148
com_erro,mlp,lacuna,30,15,15,315,315,80,235,106,209,19,20,1,0.9746031746031746,0.9622641509433962,1.0,0.9245283018867925,0.9607843137254902,0.9999999999952154,209,0,8,98
com_erro,mlp,lacuna,30,20,20,237,237,62,175,81,156,21,21,0,0.9620253164556962,0.9444444444444444,1.0,0.8888888888888888,0.9411764705882353,0.9999999999935898,156,0,9,72
com_erro,mlp,lacuna,30,25,25,189,189,50,139,64,125,19,19,0,0.9576719576719577,0.9375,1.0,0.875,0.9333333333333333,0.999999999992,125,0,8,56
com_erro,mlp,lacuna,30,30,30,158,158,41,117,54,104,19,19,0,0.9746835443037974,0.962962962962963,1.0,0.9259259259259259,0.9615384615384616,0.9999999999903846,104,0,4,50
com_erro,mlp,lacuna,40,5,5,943,943,279,664,362,581,20,21,1,0.9798515376458112,0.9742775363490268,0.9971014492753624,0.9502762430939227,0.9731258840169731,0.9982788296024127,580,1,18,344
com_erro,mlp,lacuna,40,10,10,472,472,139,333,181,291,20,20,0,0.9703389830508474,0.9613259668508287,1.0,0.9226519337016574,0.9597701149425287,0.9999999999965636,291,0,14,167
com_erro,mlp,lacuna,40,15,15,315,315,93,222,120,195,20,25,5,0.9492063492063492,0.9413461538461538,0.956140350877193,0.9083333333333333,0.9316239316239316,0.9743589743539777,190,5,11,109
com_erro,mlp,lacuna,40,20,20,236,236,71,165,89,147,19,21,2,0.961864406779661,0.9538714362149354,0.9761904761904762,0.9213483146067416,0.9479768786127167,0.9863945578164192,145,2,7,82
com_erro,mlp,lacuna,40,25,25,189,189,55,134,73,116,18,22,4,0.9206349206349206,0.9074161549362305,0.9393939393939394,0.8493150684931506,0.8920863309352518,0.9655172413709869,112,4,11,62
com_erro,mlp,lacuna,40,30,30,158,158,45,113,61,97,19,20,1,0.9367088607594937,0.9180327868852459,1.0,0.8360655737704918,0.9107142857142857,0.9999999999896907,97,0,10,51
com_erro,mlp,lacuna,40,35,35,135,135,40,95,51,84,18,21,3,0.9555555555555556,0.9488795518207283,0.9591836734693877,0.9215686274509803,0.94,0.9761904761788548,82,2,4,47
com_erro,mlp,lacuna,40,40,40,118,118,37,81,44,74,19,20,1,0.9576271186440678,0.9523955773955775,0.9534883720930233,0.9318181818181818,0.9425287356321839,0.9729729729598247,72,2,3,41
com_erro,mlp,lacuna,50,5,5,941,941,312,629,400,541,20,22,2,0.9766206163655685,0.9728257855822551,0.9973684210526316,0.9475,0.9717948717948718,0.9981515711626652,540,1,21,379
com_erro,mlp,lacuna,50,10,10,471,471,156,315,200,271,20,21,1,0.9681528662420382,0.9631549815498155,0.9946524064171123,0.93,0.9612403100775194,0.9963099630959547,270,1,14,186
com_erro,mlp,lacuna,50,15,15,314,314,105,209,131,183,20,20,0,0.9713375796178344,0.9656488549618321,1.0,0.9312977099236641,0.9644268774703557,0.9999999999945356,183,0,9,122
com_erro,mlp,lacuna,50,20,20,236,236,79,157,101,135,20,20,0,0.9745762711864406,0.9702970297029703,1.0,0.9405940594059405,0.9693877551020408,0.9999999999925927,135,0,6,95
com_erro,mlp,lacuna,50,25,25,189,189,66,123,81,108,19,22,3,0.9153439153439153,0.9104938271604939,0.922077922077922,0.8765432098765432,0.8987341772151899,0.9444444444356995,102,6,10,71
com_erro,mlp,lacuna,50,30,30,157,157,53,104,69,88,16,18,2,0.9554140127388535,0.9492753623188406,1.0,0.8985507246376812,0.9465648854961832,0.9999999999886363,88,0,7,62
com_erro,mlp,lacuna,50,35,35,135,135,45,90,55,80,17,18,1,0.9555555555555556,0.9454545454545454,1.0,0.8909090909090909,0.9423076923076923,0.9999999999875,80,0,6,49
com_erro,mlp,lacuna,50,40,40,118,118,40,78,49,69,18,19,1,0.9576271186440678,0.9489795918367347,1.0,0.8979591836734694,0.946236559139785,0.9999999999855071,69,0,5,44
com_erro,mlp,lacuna,50,45,45,105,105,33,72,42,63,16,20,4,0.9428571428571428,0.9325396825396826,0.9736842105263158,0.8809523809523809,0.925,0.9841269841113631,62,1,5,37
com_erro,mlp,lacuna,50,50,50,95,95,33,62,42,53,18,20,2,0.9157894736842105,0.9121743036837376,0.925,0.8809523809523809,0.9024390243902439,0.9433962263972945,50,3,5,37
com_erro,mlp,lacuna,60,5,5,939,939,344,595,438,501,19,24,5,0.9637912673056444,0.9619049572088699,0.9879227053140096,0.9337899543378996,0.960093896713615,0.9900199600778643,496,5,29,409
com_erro,mlp,lacuna,60,10,10,470,470,172,298,219,251,19,21,2,0.9617021276595744,0.9594862558896833,0.9902439024390244,0.9269406392694064,0.9575471698113207,0.9920318725060079,249,2,16,203
com_erro,mlp,lacuna,60,15,15,313,313,113,200,144,169,18,19,1,0.9552715654952076,0.9519025312294542,0.9924242424242424,0.9097222222222222,0.9492753623188406,0.9940828402308043,168,1,13,131
com_erro,mlp,lacuna,60,20,20,235,235,87,148,108,127,18,20,2,0.9574468085106383,0.9543963254593175,0.99,0.9166666666666666,0.9519230769230769,0.9921259842441564,126,1,9,99
com_erro,mlp,lacuna,60,25,25,188,188,69,119,89,99,16,22,6,0.898936170212766,0.8955283168766315,0.9487179487179487,0.8314606741573034,0.8862275449101796,0.9595959595862666,95,4,15,74
com_erro,mlp,lacuna,60,30,30,157,157,57,100,73,84,15,20,5,0.9490445859872612,0.9469993476842792,0.9710144927536232,0.9178082191780822,0.9436619718309859,0.9761904761788548,82,2,6,67
com_erro,mlp,lacuna,60,35,35,135,135,51,84,64,71,16,20,4,0.9407407407407408,0.9390404929577465,0.9666666666666667,0.90625,0.9354838709677419,0.9718309859018052,69,2,6,58
com_erro,mlp,lacuna,60,40,40,118,118,43,75,54,64,16,17,1,0.940677966101695,0.9351851851851851,1.0,0.8703703703703703,0.9306930693069307,0.9999999999843749,64,0,7,47
com_erro,mlp,lacuna,60,45,45,105,105,37,68,48,57,16,20,4,0.8666666666666667,0.862390350877193,0.8863636363636364,0.8125,0.8478260869565217,0.912280701738381,52,5,9,39
com_erro,mlp,lacuna,60,50,50,94,94,35,59,46,48,15,17,2,0.925531914893617,0.9243659420289855,0.975609756097561,0.8695652173913043,0.9195402298850575,0.9791666666462674,47,1,6,40
com_erro,mlp,lacuna,60,55,55,86,86,33,53,40,46,15,17,2,0.8953488372093024,0.8956521739130434,0.8780487804878049,0.9,0.8888888888888888,0.8913043478067109,41,5,4,36
com_erro,mlp,lacuna,60,60,60,79,79,30,49,38,41,15,17,2,0.9240506329113924,0.9239409499358151,0.9210526315789473,0.9210526315789473,0.9210526315789473,0.9268292682700774,38,3,3,35
com_erro,mlp,lacuna,70,5,5,937,937,375,562,474,463,19,21,2,0.9690501600853789,0.9693591601279492,0.9955456570155902,0.9430379746835443,0.9685807150595883,0.9956803455702037,461,2,27,447
com_erro,mlp,lacuna,70,10,10,469,469,188,281,237,232,17,19,2,0.9680170575692963,0.9683544303797469,1.0,0.9367088607594937,0.9673202614379085,0.9999999999956897,232,0,15,222
com_erro,mlp,lacuna,70,15,15,313,313,125,188,157,156,16,22,6,0.9424920127795527,0.9425934999183407,0.9727891156462585,0.910828025477707,0.9407894736842105,0.9743589743527286,152,4,14,143
com_erro,mlp,lacuna,70,20,20,235,235,95,140,120,115,17,21,4,0.9446808510638298,0.9452898550724638,0.9734513274336283,0.9166666666666666,0.944206008583691,0.973913043469792,112,3,10,110
com_erro,mlp,lacuna,70,25,25,188,188,75,113,95,93,16,20,4,0.9202127659574468,0.9207130730050934,0.9651162790697675,0.8736842105263158,0.9171270718232044,0.9677419354734651,90,3,12,83
com_erro,mlp,lacuna,70,30,30,157,157,61,96,79,78,16,22,6,0.8789808917197452,0.8793411230120092,0.9285714285714286,0.8227848101265823,0.87248322147651,0.9358974358854372,73,5,14,65
com_erro,mlp,lacuna,70,35,35,134,134,55,79,69,65,15,15,0,0.9477611940298507,0.9483835005574136,0.9696969696969697,0.927536231884058,0.9481481481481482,0.9692307692158579,63,2,5,64
com_erro,mlp,lacuna,70,40,40,118,118,48,70,61,57,16,18,2,0.9067796610169492,0.9081104400345125,0.9464285714285714,0.8688524590163934,0.905982905982906,0.9473684210360112,54,3,8,53
com_erro,mlp,lacuna,70,45,45,105,105,42,63,52,53,16,19,3,0.9142857142857143,0.9138243831640058,0.9574468085106383,0.8653846153846154,0.9090909090909091,0.9622641509252403,51,2,7,45
com_erro,mlp,lacuna,70,50,50,94,94,38,56,47,47,15,15,0,0.9148936170212766,0.9148936170212766,0.9148936170212766,0.9148936170212766,0.9148936170212766,0.9148936170018108,43,4,4,43
com_erro,mlp,lacuna,70,55,55,86,86,35,51,42,44,16,13,-3,0.9418604651162791,0.9415584415584416,0.9512195121951219,0.9285714285714286,0.9397590361445783,0.9545454545237604,42,2,3,39
com_erro,mlp,lacuna,70,60,60,79,79,32,47,42,37,16,14,-2,0.8607594936708861,0.8642213642213643,0.918918918918919,0.8095238095238095,0.8607594936708861,0.9189189188940834,34,3,8,34
com_erro,mlp,lacuna,70,65,65,73,73,27,46,39,34,13,16,3,0.8767123287671232,0.8827300150829562,0.96875,0.7948717948717948,0.8732394366197183,0.970588235265571,33,1,8,31
com_erro,mlp,lacuna,70,70,70,67,67,30,37,36,31,12,14,2,0.8955223880597015,0.8960573476702509,0.9142857142857143,0.8888888888888888,0.9014084507042254,0.9032258064224766,28,3,4,32
com_erro,mlp,lacuna,80,5,5,935,935,405,530,507,428,16,23,7,0.9614973262032086,0.9632228243838596,0.9855670103092784,0.9428007889546351,0.9637096774193549,0.9836448598107859,421,7,29,478
com_erro,mlp,lacuna,80,10,10,468,468,203,265,253,215,16,18,2,0.9700854700854701,0.9716334221895395,0.9917695473251029,0.9525691699604744,0.9717741935483871,0.9906976744139968,213,2,12,241
com_erro,mlp,lacuna,80,15,15,312,312,136,176,166,146,16,17,1,0.9551282051282052,0.9570061066182538,0.9871794871794872,0.927710843373494,0.9565217391304348,0.9863013698562583,144,2,12,154
com_erro,mlp,lacuna,80,20,20,234,234,103,131,126,108,15,17,2,0.9444444444444444,0.9470899470899471,0.9829059829059829,0.9126984126984127,0.9465020576131687,0.9814814814723937,106,2,11,115
com_erro,mlp,lacuna,80,25,25,187,187,82,105,101,86,15,20,5,0.8877005347593583,0.8908588533271932,0.9347826086956522,0.8514851485148515,0.8911917098445595,0.9302325581287182,80,6,15,86
com_erro,mlp,lacuna,80,30,30,156,156,68,88,85,71,15,22,7,0.8717948717948718,0.871913835956918,0.891566265060241,0.8705882352941177,0.8809523809523809,0.8732394366074191,62,9,11,74
com_erro,mlp,lacuna,80,35,35,134,134,56,78,71,63,15,18,3,0.9402985074626866,0.9409792085848423,0.9565217391304348,0.9295774647887324,0.9428571428571428,0.9523809523658353,60,3,5,66
com_erro,mlp,lacuna,80,40,40,117,117,53,64,63,54,14,19,5,0.8888888888888888,0.8888888888888888,0.9032258064516129,0.8888888888888888,0.896,0.888888888872428,48,6,7,56
com_erro,mlp,lacuna,80,45,45,104,104,43,61,54,50,14,17,3,0.875,0.875925925925926,0.9019607843137255,0.8518518518518519,0.8761904761904762,0.8999999999820001,45,5,8,46
com_erro,mlp,lacuna,80,50,50,94,94,41,53,50,44,14,16,2,0.8829787234042553,0.8845454545454545,0.9148936170212766,0.86,0.8865979381443299,0.909090909070248,40,4,7,43
com_erro,mlp,lacuna,80,55,55,85,85,37,48,44,41,15,15,0,0.9411764705882353,0.9431818181818181,1.0,0.8863636363636364,0.9397590361445783,0.9999999999756098,41,0,5,39
com_erro,mlp,lacuna,80,60,60,78,78,35,43,43,35,13,15,2,0.8846153846153846,0.8794019933554817,0.8695652173913043,0.9302325581395349,0.898876404494382,0.8285714285477552,29,6,3,40
com_erro,mlp,lacuna,80,65,65,72,72,29,43,40,32,11,14,3,0.875,0.884375,0.9696969696969697,0.8,0.8767123287671232,0.9687499999697267,31,1,8,32
com_erro,mlp,lacuna,80,70,70,67,67,30,37,37,30,12,13,1,0.8955223880597015,0.8927927927927928,0.8947368421052632,0.918918918918919,0.9066666666666666,0.8666666666377778,26,4,3,34
com_erro,mlp,lacuna,80,75,75,63,63,26,37,33,30,11,15,4,0.8571428571428571,0.8590909090909091,0.9,0.8181818181818182,0.8571428571428571,0.89999999997,27,3,6,27
com_erro,mlp,lacuna,80,80,80,59,59,25,34,32,27,12,14,2,0.9491525423728814,0.9502314814814814,0.967741935483871,0.9375,0.9523809523809523,0.9629629629272977,26,1,2,30
com_erro,mlp,lacuna,90,5,5,933,933,434,499,537,396,16,23,7,0.9539121114683816,0.954989842559675,0.9713740458015268,0.9478584729981379,0.9594721960414703,0.9621212121187825,381,15,28,509
com_erro,mlp,lacuna,90,10,10,467,467,218,249,268,199,16,21,5,0.9464668094218416,0.949476861921548,0.9764705882352941,0.9291044776119403,0.9521988527724665,0.9698492462262822,193,6,19,249
com_erro,mlp,lacuna,90,15,15,311,311,143,168,177,134,15,17,2,0.9356913183279743,0.9416898558057172,0.9875776397515528,0.8983050847457628,0.9408284023668639,0.9850746268583204,132,2,18,159
com_erro,mlp,lacuna,90,20,20,234,234,110,124,136,98,16,19,3,0.9230769230769231,0.9252701080432173,0.9538461538461539,0.9117647058823529,0.9323308270676691,0.9387755101945022,92,6,12,124
com_erro,mlp,lacuna,90,25,25,187,187,86,101,107,80,15,21,6,0.8877005347593583,0.8892523364485981,0.9215686274509803,0.8785046728971962,0.8995215311004785,0.8999999999887499,72,8,13,94
com_erro,mlp,lacuna,90,30,30,156,156,72,84,88,68,15,15,0,0.9487179487179487,0.9545454545454546,1.0,0.9090909090909091,0.9523809523809523,0.9999999999852941,68,0,8,80
com_erro,mlp,lacuna,90,35,35,134,134,63,71,78,56,15,17,2,0.8805970149253731,0.8798076923076923,0.9078947368421053,0.8846153846153846,0.8961038961038961,0.874999999984375,49,7,9,69
com_erro,mlp,lacuna,90,40,40,117,117,56,61,67,50,13,14,1,0.9316239316239316,0.9352238805970149,0.9682539682539683,0.9104477611940298,0.9384615384615385,0.9599999999808001,48,2,6,61
com_erro,mlp,lacuna,90,45,45,104,104,45,59,56,48,14,18,4,0.9038461538461539,0.90625,0.9423076923076923,0.875,0.9074074074074074,0.9374999999804688,45,3,7,49
com_erro,mlp,lacuna,90,50,50,94,94,44,50,55,39,13,14,1,0.8829787234042553,0.8925407925407924,0.9583333333333334,0.8363636363636363,0.8932038834951457,0.9487179486936227,37,2,9,46
com_erro,mlp,lacuna,90,55,55,85,85,42,43,49,36,12,14,2,0.8823529411764706,0.8869047619047619,0.9333333333333333,0.8571428571428571,0.8936170212765957,0.9166666666412038,33,3,7,42
com_erro,mlp,lacuna,90,60,60,78,78,36,42,44,34,13,14,1,0.9358974358974359,0.9364973262032086,0.9534883720930233,0.9318181818181818,0.9425287356321839,0.9411764705605538,32,2,3,41
com_erro,mlp,lacuna,90,65,65,72,72,33,39,44,28,11,13,2,0.8888888888888888,0.9025974025974026,0.9736842105263158,0.8409090909090909,0.9024390243902439,0.9642857142512755,27,1,7,37
com_erro,mlp,lacuna,90,70,70,67,67,33,34,40,27,11,10,-1,0.8955223880597015,0.8944444444444444,0.9230769230769231,0.9,0.9113924050632911,0.8888888888559671,24,3,4,36
com_erro,mlp,lacuna,90,75,75,63,63,28,35,34,29,11,13,2,0.9047619047619048,0.9041582150101419,0.9117647058823529,0.9117647058823529,0.9117647058823529,0.8965517241070154,26,3,3,31
com_erro,mlp,lacuna,90,80,80,59,59,26,33,35,24,11,10,-1,0.8813559322033898,0.893452380952381,0.9666666666666667,0.8285714285714286,0.8923076923076924,0.9583333332934028,23,1,6,29
com_erro,mlp,lacuna,90,85,85,55,55,27,28,34,21,10,12,2,0.8909090909090909,0.8935574229691876,0.9375,0.8823529411764706,0.9090909090909091,0.9047619047188209,19,2,4,30
com_erro,mlp,lacuna,90,90,90,52,52,23,29,27,25,12,13,1,0.9038461538461539,0.9059259259259259,0.9583333333333334,0.8518518518518519,0.9019607843137255,0.9599999999616,24,1,4,23
com_erro,mlp,lacuna,100,5,5,931,931,461,470,567,364,16,16,0,0.9731471535982814,0.9779541446208113,1.0,0.9559082892416225,0.9774571686203787,0.9999999999972528,364,0,25,542
com_erro,mlp,lacuna,100,10,10,466,466,231,235,283,183,16,16,0,0.9656652360515021,0.9707659927783892,0.9962825278810409,0.9469964664310954,0.9710144927536232,0.9945355191202485,182,1,15,268
com_erro,mlp,lacuna,100,15,15,311,311,154,157,187,124,16,18,2,0.9646302250803859,0.9678713127479731,0.9888888888888889,0.9518716577540107,0.9700272479564033,0.983870967734001,122,2,9,178
com_erro,mlp,lacuna,100,20,20,233,233,116,117,141,92,13,16,3,0.9570815450643777,0.9607616404563676,0.9851851851851852,0.9432624113475178,0.9637681159420289,0.9782608695545841,90,2,8,133
com_erro,mlp,lacuna,100,25,25,187,187,96,91,114,73,14,19,5,0.9090909090909091,0.9131218457101657,0.9532710280373832,0.8947368421052632,0.9230769230769231,0.9315068493023081,68,5,12,102
com_erro,mlp,lacuna,100,30,30,156,156,76,80,94,62,16,19,3,0.9294871794871795,0.9332532601235415,0.9662921348314607,0.9148936170212766,0.9398907103825137,0.9516129032104579,59,3,8,86
com_erro,mlp,lacuna,100,35,35,133,133,67,66,82,51,10,16,6,0.9172932330827067,0.9218077474892397,0.961038961038961,0.9024390243902439,0.9308176100628931,0.9411764705697809,48,3,8,74
com_erro,mlp,lacuna,100,40,40,117,117,57,60,70,47,12,15,3,0.9487179487179487,0.9571428571428571,1.0,0.9142857142857143,0.9552238805970149,0.9999999999787235,47,0,6,64
com_erro,mlp,lacuna,100,45,45,104,104,50,54,61,43,14,14,0,0.9134615384615384,0.9090735798703775,0.9193548387096774,0.9344262295081968,0.926829268292683,0.8837209302120066,38,5,4,57
com_erro,mlp,lacuna,100,50,50,94,94,48,46,59,35,13,12,-1,0.925531914893617,0.9290556900726392,0.9642857142857143,0.9152542372881356,0.9391304347826087,0.9428571428302042,33,2,5,54
com_erro,mlp,lacuna,100,55,55,85,85,43,42,51,34,11,12,1,0.9294117647058824,0.9411764705882353,1.0,0.8823529411764706,0.9375,0.9999999999705883,34,0,6,45
com_erro,mlp,lacuna,100,60,60,78,78,38,40,46,32,13,13,0,0.9230769230769231,0.9252717391304348,0.9545454545454546,0.9130434782608695,0.9333333333333333,0.9374999999707032,30,2,4,42
com_erro,mlp,lacuna,100,65,65,72,72,34,38,44,28,11,12,1,0.9305555555555556,0.9366883116883117,0.975609756097561,0.9090909090909091,0.9411764705882353,0.9642857142512755,27,1,4,40
com_erro,mlp,lacuna,100,70,70,67,67,33,34,42,25,10,10,0,0.9552238805970149,0.9561904761904761,0.975609756097561,0.9523809523809523,0.963855421686747,0.9599999999616,24,1,2,40
com_erro,mlp,lacuna,100,75,75,63,63,32,31,36,27,12,13,1,0.9047619047619048,0.8981481481481481,0.8947368421052632,0.9444444444444444,0.918918918918919,0.8518518518203018,23,4,2,34
com_erro,mlp,lacuna,100,80,80,59,59,27,32,37,22,10,11,1,0.9491525423728814,0.9594594594594594,1.0,0.918918918918919,0.9577464788732394,0.9999999999545455,22,0,3,34
com_erro,mlp,lacuna,100,85,85,55,55,28,27,34,21,10,10,0,0.9090909090909091,0.8991596638655461,0.9142857142857143,0.9411764705882353,0.927536231884058,0.8571428571020409,18,3,2,32
com_erro,mlp,lacuna,100,90,90,52,52,25,27,31,21,12,10,-2,0.8461538461538461,0.8402457757296466,0.8709677419354839,0.8709677419354839,0.8709677419354839,0.8095238094852608,17,4,4,27
com_erro,mlp,lacuna,100,95,95,49,49,22,27,30,19,10,10,0,0.9591836734693877,0.9570175438596491,0.9666666666666667,0.9666666666666667,0.9666666666666667,0.9473684210027701,18,1,1,29
com_erro,mlp,lacuna,100,100,100,47,47,23,24,29,18,10,11,1,0.8723404255319149,0.8754789272030651,0.9259259259259259,0.8620689655172413,0.8928571428571429,0.8888888888395061,16,2,4,25
com_erro,mlp,oscilacao,20,5,5,947,947,393,554,380,567,19,37,18,0.9155227032734953,0.9068875893437297,0.9213483146067416,0.8631578947368421,0.8913043478260869,0.9506172839489407,539,28,52,328
com_erro,mlp,oscilacao,20,10,10,474,474,198,276,188,286,19,38,19,0.8987341772151899,0.8942121708079155,0.8723404255319149,0.8723404255319149,0.8723404255319149,0.916083916080713,262,24,24,164
com_erro,mlp,oscilacao,20,15,15,316,316,134,182,124,192,19,35,16,0.8924050632911392,0.8928931451612903,0.8409090909090909,0.8951612903225806,0.8671875,0.8906249999953614,171,21,13,111
com_erro,mlp,oscilacao,20,20,20,237,237,99,138,96,141,19,29,10,0.8987341772151899,0.8949468085106382,0.875,0.875,0.875,0.9148936170147881,129,12,12,84
com_erro,mlp,oscilacao,30,5,5,945,945,434,511,416,529,19,39,20,0.908994708994709,0.9063908681110949,0.9064039408866995,0.8846153846153846,0.8953771289537713,0.9281663516050508,491,38,48,368
com_erro,mlp,oscilacao,30,10,10,473,473,218,255,206,267,19,36,17,0.9006342494714588,0.8981218864768554,0.8916256157635468,0.8786407766990292,0.8850855745721271,0.917602996251245,245,22,25,181
com_erro,mlp,oscilacao,30,15,15,315,315,144,171,139,176,19,26,7,0.8888888888888888,0.8862001308044474,0.8823529411764706,0.8633093525179856,0.8727272727272727,0.9090909090857439,160,16,19,120
com_erro,mlp,oscilacao,30,20,20,237,237,111,126,106,131,18,23,5,0.8860759493670886,0.8798430073455279,0.9157894736842105,0.8207547169811321,0.8656716417910447,0.9389312977027563,123,8,19,87
com_erro,mlp,oscilacao,30,25,25,189,189,88,101,82,107,19,22,3,0.91005291005291,0.9091634374287668,0.891566265060241,0.9024390243902439,0.896969696969697,0.91588785045873,98,9,8,74
com_erro,mlp,oscilacao,30,30,30,158,158,69,89,68,90,19,20,1,0.8924050632911392,0.8875816993464052,0.8923076923076924,0.8529411764705882,0.8721804511278195,0.9222222222119753,83,7,10,58
com_erro,mlp,oscilacao,40,5,5,943,943,474,469,451,492,18,39,21,0.8748674443266172,0.8744456762749446,0.87248322147651,0.8647450110864745,0.8685968819599109,0.8841463414616176,435,57,61,390
com_erro,mlp,oscilacao,40,10,10,472,472,238,234,224,248,18,34,16,0.8771186440677966,0.8765841013824884,0.8738738738738738,0.8660714285714286,0.8699551569506726,0.8870967741899715,220,28,30,194
com_erro,mlp,oscilacao,40,15,15,315,315,160,155,153,162,17,24,7,0.8761904761904762,0.875998547567175,0.875,0.869281045751634,0.8721311475409836,0.8827160493772672,143,19,20,133
com_erro,mlp,oscilacao,40,20,20,236,236,119,117,114,122,17,21,4,0.8813559322033898,0.8806442335346563,0.8909090909090909,0.8596491228070176,0.875,0.9016393442549046,110,12,16,98
com_erro,mlp,oscilacao,40,25,25,189,189,93,96,91,98,17,27,10,0.8042328042328042,0.8033751962323391,0.8068181818181818,0.7802197802197802,0.7932960893854749,0.826530612236464,81,17,20,71
com_erro,mlp,oscilacao,40,30,30,158,158,77,81,75,83,17,22,5,0.8670886075949367,0.8670682730923696,0.8552631578947368,0.8666666666666667,0.8609271523178808,0.8674698795076208,72,11,10,65
com_erro,mlp,oscilacao,40,35,35,135,135,69,66,63,72,17,18,1,0.9259259259259259,0.9255952380952381,0.9206349206349206,0.9206349206349206,0.9206349206349206,0.9305555555426311,67,5,5,58
com_erro,mlp,oscilacao,40,40,40,118,118,62,56,57,61,16,22,6,0.8728813559322034,0.872447512223181,0.875,0.8596491228070176,0.8672566371681416,0.8852459016248321,54,7,8,49
com_erro,mlp,oscilacao,50,5,5,941,941,514,427,485,456,17,38,21,0.8554729011689692,0.855138813528667,0.8553971486761711,0.865979381443299,0.860655737704918,0.8442982456121836,385,71,65,420
com_erro,mlp,oscilacao,50,10,10,471,471,258,213,241,230,17,34,17,0.8704883227176221,0.8705664802453545,0.8781512605042017,0.8672199170124482,0.872651356993737,0.8739130434744613,201,29,32,209
com_erro,mlp,oscilacao,50,15,15,314,314,174,140,159,155,17,26,9,0.8503184713375797,0.8499289916818827,0.8333333333333334,0.8805031446540881,0.8562691131498471,0.8193548387043913,127,28,19,140
com_erro,mlp,oscilacao,50,20,20,236,236,131,105,123,113,17,23,6,0.864406779661017,0.8656018418591265,0.8956521739130435,0.8373983739837398,0.865546218487395,0.8938053097266034,101,12,20,103
com_erro,mlp,oscilacao,50,25,25,189,189,103,86,99,90,17,24,7,0.8783068783068783,0.8792929292929292,0.9042553191489362,0.8585858585858586,0.8808290155440415,0.8999999999899999,81,9,14,85
com_erro,mlp,oscilacao,50,30,30,157,157,86,71,79,78,17,24,7,0.8662420382165605,0.8661960402466731,0.8625,0.8734177215189873,0.8679245283018868,0.8589743589633464,67,11,10,69
com_erro,mlp,oscilacao,50,35,35,135,135,74,61,68,67,16,18,2,0.8518518518518519,0.8523924495171202,0.9137931034482759,0.7794117647058824,0.8412698412698413,0.9253731343145466,62,5,15,53
com_erro,mlp,oscilacao,50,40,40,118,118,67,51,62,56,14,22,8,0.7711864406779662,0.7736175115207373,0.8181818181818182,0.7258064516129032,0.7692307692307693,0.8214285714139031,46,10,17,45
com_erro,mlp,oscilacao,50,45,45,105,105,57,48,54,51,16,19,3,0.8571428571428571,0.8583877995642701,0.8979591836734694,0.8148148148148148,0.8543689320388349,0.9019607842960401,46,5,10,44
com_erro,mlp,oscilacao,50,50,50,95,95,51,44,50,45,15,17,2,0.8631578947368421,0.8644444444444443,0.8936170212765957,0.84,0.865979381443299,0.8888888888691359,40,5,8,42
com_erro,mlp,oscilacao,60,5,5,939,939,551,388,516,423,17,39,22,0.8477103301384451,0.8456690857111441,0.8579654510556622,0.8662790697674418,0.8621022179363549,0.8250591016528959,349,74,69,447
com_erro,mlp,oscilacao,60,10,10,470,470,276,194,257,213,17,35,18,0.8659574468085106,0.8653751301583822,0.8818897637795275,0.8715953307392996,0.8767123287671232,0.8591549295734312,183,30,33,224
com_erro,mlp,oscilacao,60,15,15,313,313,183,130,173,140,17,31,14,0.8594249201277955,0.8558009909165978,0.8603351955307262,0.8901734104046243,0.875,0.8214285714227041,115,25,19,154
com_erro,mlp,oscilacao,60,20,20,235,235,138,97,130,105,16,21,5,0.8638297872340426,0.865018315018315,0.8951612903225806,0.8538461538461538,0.8740157480314961,0.8761904761821315,92,13,19,111
com_erro,mlp,oscilacao,60,25,25,188,188,109,79,102,86,17,21,4,0.8829787234042553,0.8821249430004561,0.8921568627450981,0.8921568627450981,0.8921568627450981,0.8720930232456733,75,11,11,91
com_erro,mlp,oscilacao,60,30,30,157,157,89,68,86,71,17,19,2,0.8598726114649682,0.8610383229610219,0.8902439024390244,0.8488372093023255,0.8690476190476191,0.8732394366074191,62,9,13,73
com_erro,mlp,oscilacao,60,35,35,135,135,80,55,75,60,15,18,3,0.8814814814814815,0.8783333333333333,0.8831168831168831,0.9066666666666666,0.8947368421052632,0.8499999999858334,51,9,7,68
com_erro,mlp,oscilacao,60,40,40,118,118,71,47,65,53,14,18,4,0.8728813559322034,0.8724238026124819,0.890625,0.8769230769230769,0.8837209302325582,0.8679245282855109,46,7,8,57
com_erro,mlp,oscilacao,60,45,45,105,105,60,45,60,45,14,15,1,0.8952380952380953,0.9,0.9454545454545454,0.8666666666666667,0.9043478260869565,0.9333333333125927,42,3,8,52
com_erro,mlp,oscilacao,60,50,50,94,94,56,38,51,43,15,16,1,0.8936170212765957,0.8910168718650251,0.8867924528301887,0.9215686274509803,0.9038461538461539,0.860465116259059,37,6,4,47
com_erro,mlp,oscilacao,60,55,55,86,86,51,35,48,38,13,18,5,0.7790697674418605,0.774671052631579,0.7959183673469388,0.8125,0.8041237113402062,0.7368421052437674,28,10,9,39
com_erro,mlp,oscilacao,60,60,60,79,79,44,35,43,36,15,16,1,0.8607594936708861,0.8607881136950905,0.8809523809523809,0.8604651162790697,0.8705882352941177,0.8611111110871914,31,5,6,37
com_erro,mlp,oscilacao,70,5,5,937,937,582,355,546,391,15,40,25,0.8495197438633938,0.8396592750812699,0.8509532062391681,0.8992673992673993,0.8744434550311665,0.7800511508931457,305,86,55,491
com_erro,mlp,oscilacao,70,10,10,469,469,291,178,272,197,15,33,18,0.8550106609808102,0.8484062406688564,0.8642857142857143,0.8897058823529411,0.8768115942028986,0.8071065989806746,159,38,30,242
com_erro,mlp,oscilacao,70,15,15,313,313,195,118,184,129,15,24,9,0.853035143769968,0.8437184024266936,0.859375,0.8967391304347826,0.8776595744680851,0.7906976744124753,102,27,19,165
com_erro,mlp,oscilacao,70,20,20,235,235,147,88,139,96,14,26,12,0.8723404255319149,0.8679181654676259,0.8920863309352518,0.8920863309352518,0.8920863309352518,0.8437499999912109,81,15,15,124
com_erro,mlp,oscilacao,70,25,25,188,188,116,72,109,79,14,23,9,0.8563829787234043,0.8517593775403554,0.8727272727272727,0.8807339449541285,0.8767123287671232,0.8227848101161672,65,14,13,96
com_erro,mlp,oscilacao,70,30,30,157,157,96,61,91,66,14,20,6,0.8471337579617835,0.836913086913087,0.845360824742268,0.9010989010989011,0.8723404255319149,0.7727272727155647,51,15,9,82
com_erro,mlp,oscilacao,70,35,35,134,134,84,50,77,57,15,18,3,0.8955223880597015,0.8931419457735247,0.9090909090909091,0.9090909090909091,0.9090909090909091,0.8771929824407511,50,7,7,70
com_erro,mlp,oscilacao,70,40,40,118,118,75,43,69,49,11,18,7,0.8559322033898306,0.8561076604554865,0.8939393939393939,0.855072463768116,0.8740740740740741,0.8571428571253645,42,7,10,59
com_erro,mlp,oscilacao,70,45,45,105,105,63,42,62,43,12,15,3,0.8666666666666667,0.8692798199549887,0.9137931034482759,0.8548387096774194,0.8833333333333333,0.8837209302120066,38,5,9,53
com_erro,mlp,oscilacao,70,50,50,94,94,57,37,55,39,12,16,4,0.8617021276595744,0.8557109557109557,0.875,0.8909090909090909,0.8828828828828829,0.8205128204917818,32,7,6,49
com_erro,mlp,oscilacao,70,55,55,86,86,52,34,53,33,12,16,4,0.8488372093023255,0.8430531732418525,0.8846153846153846,0.8679245283018868,0.8761904761904762,0.8181818181570248,27,6,7,46
com_erro,mlp,oscilacao,70,60,60,79,79,47,32,46,33,13,16,3,0.7974683544303798,0.7875494071146245,0.8125,0.8478260869565217,0.8297872340425532,0.7272727272506888,24,9,7,39
com_erro,mlp,oscilacao,70,65,65,73,73,45,28,43,30,12,14,2,0.821917808219178,0.8186046511627907,0.8571428571428571,0.8372093023255814,0.8470588235294118,0.7999999999733334,24,6,7,36
com_erro,mlp,oscilacao,70,70,70,67,67,41,26,36,31,13,15,2,0.8805970149253731,0.8799283154121864,0.8888888888888888,0.8888888888888888,0.8888888888888888,0.8709677419073881,27,4,4,32
com_erro,mlp,oscilacao,80,5,5,935,935,611,324,572,363,15,42,27,0.8620320855614974,0.8449618563254927,0.8625204582651391,0.9213286713286714,0.8909551986475064,0.7685950413201967,279,84,45,527
com_erro,mlp,oscilacao,80,10,10,468,468,305,163,285,183,14,39,25,0.844017094017094,0.8269485188380788,0.8486842105263158,0.9052631578947369,0.8760611205432938,0.7486338797773299,137,46,27,258
com_erro,mlp,oscilacao,80,15,15,312,312,206,106,189,123,15,30,15,0.842948717948718,0.8206865401987353,0.8333333333333334,0.9259259259259259,0.8771929824561403,0.715447154465728,88,35,14,175
com_erro,mlp,oscilacao,80,20,20,234,234,152,82,144,90,14,23,9,0.8717948717948718,0.85625,0.875,0.9236111111111112,0.8986486486486487,0.7888888888801234,71,19,11,133
com_erro,mlp,oscilacao,80,25,25,187,187,123,64,115,72,14,18,4,0.8770053475935828,0.8636473429951691,0.8833333333333333,0.9217391304347826,0.902127659574468,0.8055555555443672,58,14,9,106
com_erro,mlp,oscilacao,80,30,30,156,156,102,54,95,61,13,17,4,0.8846153846153846,0.8671268334771354,0.8737864077669902,0.9473684210526315,0.9090909090909091,0.7868852458887396,48,13,5,90
com_erro,mlp,oscilacao,80,35,35,134,134,86,48,81,53,12,20,8,0.8731343283582089,0.8624505008152807,0.8809523809523809,0.9135802469135802,0.896969696969697,0.8113207547016732,43,10,7,74
com_erro,mlp,oscilacao,80,40,40,117,117,77,40,72,45,11,20,9,0.811965811965812,0.8013888888888889,0.8472222222222222,0.8472222222222222,0.8472222222222222,0.7555555555387655,34,11,11,61
com_erro,mlp,oscilacao,80,45,45,104,104,69,35,63,41,11,18,7,0.8653846153846154,0.8505613627564848,0.8656716417910447,0.9206349206349206,0.8923076923076924,0.7804878048590126,32,9,5,58
com_erro,mlp,oscilacao,80,50,50,94,94,59,35,61,33,11,17,6,0.7978723404255319,0.7816691505216096,0.85,0.8360655737704918,0.8429752066115702,0.7272727272506888,24,9,10,51
com_erro,mlp,oscilacao,80,55,55,85,85,57,28,52,33,12,13,1,0.8470588235294118,0.8196386946386947,0.8305084745762712,0.9423076923076923,0.8828828828828829,0.6969696969485768,23,10,3,49
com_erro,mlp,oscilacao,80,60,60,78,78,49,29,47,31,12,14,2,0.8846153846153846,0.8822923816060397,0.9130434782608695,0.8936170212765957,0.9032258064516129,0.8709677419073881,27,4,5,42
com_erro,mlp,oscilacao,80,65,65,72,72,48,24,44,28,12,11,-1,0.875,0.8522727272727273,0.8571428571428571,0.9545454545454546,0.9032258064516129,0.7499999999732143,21,7,2,42
com_erro,mlp,oscilacao,80,70,70,67,67,41,26,40,27,10,16,6,0.8507462686567164,0.8509259259259259,0.8947368421052632,0.85,0.8717948717948718,0.8518518518203018,23,4,6,34
com_erro,mlp,oscilacao,80,75,75,63,63,44,19,40,23,8,11,3,0.8571428571428571,0.8597826086956522,0.918918918918919,0.85,0.8831168831168831,0.8695652173534971,20,3,6,34
com_erro,mlp,oscilacao,80,80,80,59,59,40,19,36,23,11,13,2,0.8135593220338984,0.8079710144927537,0.8571428571428571,0.8333333333333334,0.8450704225352113,0.7826086956181475,18,5,6,30
com_erro,mlp,oscilacao,90,5,5,933,933,638,295,597,336,13,37,24,0.8488745980707395,0.8266107322325915,0.8642172523961661,0.9061976549413735,0.884709730171709,0.7470238095215863,251,85,56,541
com_erro,mlp,oscilacao,90,10,10,467,467,319,148,297,170,13,28,15,0.8715203426124197,0.8524559318676965,0.8810289389067524,0.9225589225589226,0.9013157894736842,0.7823529411718686,133,37,23,274
com_erro,mlp,oscilacao,90,15,15,311,311,213,98,201,110,12,28,16,0.8553054662379421,0.8304387155133424,0.8679245283018868,0.9154228855721394,0.8910411622276029,0.7454545454477686,82,28,17,184
com_erro,mlp,oscilacao,90,20,20,234,234,161,73,151,83,11,25,14,0.8418803418803419,0.8259395196680763,0.875,0.8807947019867549,0.8778877887788779,0.7710843373401074,64,19,18,133
com_erro,mlp,oscilacao,90,25,25,187,187,127,60,119,68,13,19,6,0.8449197860962567,0.8245798319327731,0.8629032258064516,0.8991596638655462,0.8806584362139918,0.7499999999889706,51,17,12,107
com_erro,mlp,oscilacao,90,30,30,156,156,104,52,101,55,11,18,7,0.8333333333333334,0.8050405040504051,0.8504672897196262,0.900990099009901,0.875,0.7090909090780165,39,16,10,91
com_erro,mlp,oscilacao,90,35,35,134,134,91,43,86,48,11,19,8,0.8805970149253731,0.8609496124031008,0.8888888888888888,0.9302325581395349,0.9090909090909091,0.7916666666501737,38,10,6,80
com_erro,mlp,oscilacao,90,40,40,117,117,82,35,75,42,11,21,10,0.7863247863247863,0.76,0.8205128205128205,0.8533333333333334,0.8366013071895425,0.6666666666507937,28,14,11,64
com_erro,mlp,oscilacao,90,45,45,104,104,72,32,69,35,10,13,3,0.8269230769230769,0.7850931677018633,0.84,0.9130434782608695,0.875,0.6571428571240817,23,12,6,63
com_erro,mlp,oscilacao,90,50,50,94,94,61,33,62,32,11,12,1,0.8404255319148937,0.826108870967742,0.8852459016393442,0.8709677419354839,0.8780487804878049,0.781249999975586,25,7,8,54
com_erro,mlp,oscilacao,90,55,55,85,85,59,26,53,32,11,13,2,0.8588235294117647,0.8434551886792453,0.8727272727272727,0.9056603773584906,0.8888888888888888,0.781249999975586,25,7,5,48
com_erro,mlp,oscilacao,90,60,60,78,78,51,27,50,28,9,15,6,0.7948717948717948,0.7849999999999999,0.8541666666666666,0.82,0.8367346938775511,0.7499999999732143,21,7,9,41
com_erro,mlp,oscilacao,90,65,65,72,72,49,23,47,25,9,11,2,0.8333333333333334,0.8068085106382978,0.8571428571428571,0.8936170212765957,0.875,0.7199999999712,18,7,5,42
com_erro,mlp,oscilacao,90,70,70,67,67,44,23,43,24,9,14,5,0.8656716417910447,0.876937984496124,0.9473684210526315,0.8372093023255814,0.8888888888888888,0.9166666666284722,22,2,7,36
com_erro,mlp,oscilacao,90,75,75,63,63,45,18,43,20,8,12,4,0.8888888888888888,0.8918604651162791,0.95,0.8837209302325582,0.9156626506024096,0.899999999955,18,2,5,38
com_erro,mlp,oscilacao,90,80,80,59,59,43,16,38,21,11,14,3,0.8305084745762712,0.8151629072681704,0.868421052631579,0.868421052631579,0.868421052631579,0.7619047618684808,16,5,5,33
com_erro,mlp,oscilacao,90,85,85,55,55,38,17,33,22,10,12,2,0.8363636363636363,0.8181818181818181,0.8333333333333334,0.9090909090909091,0.8695652173913043,0.7272727272396694,16,6,3,30
com_erro,mlp,oscilacao,90,90,90,52,52,37,15,34,18,8,9,1,0.7884615384615384,0.7467320261437909,0.8108108108108109,0.8823529411764706,0.8450704225352113,0.6111111110771605,11,7,4,30
com_erro,mlp,oscilacao,100,5,5,931,931,662,269,619,312,11,41,30,0.8657357679914071,0.8402147798351352,0.8847352024922118,0.9176090468497576,0.9008723235527359,0.762820512818068,238,74,51,568
com_erro,mlp,oscilacao,100,10,10,466,466,331,135,308,158,11,25,14,0.8798283261802575,0.8551495972382048,0.8913043478260869,0.9318181818181818,0.9111111111111111,0.7784810126533008,123,35,21,287
com_erro,mlp,oscilacao,100,15,15,311,311,222,89,208,103,11,22,11,0.8617363344051447,0.830470500373413,0.8767123287671232,0.9230769230769231,0.8992974238875878,0.7378640776627392,76,27,16,192
com_erro,mlp,oscilacao,100,20,20,233,233,164,69,156,77,11,18,7,0.8755364806866953,0.8577256077256077,0.9044585987261147,0.9102564102564102,0.9073482428115016,0.805194805184348,62,15,14,142
com_erro,mlp,oscilacao,100,25,25,187,187,132,55,127,60,10,14,4,0.8663101604278075,0.8444225721784777,0.8984375,0.905511811023622,0.9019607843137255,0.7833333333202778,47,13,12,115
com_erro,mlp,oscilacao,100,30,30,156,156,109,47,103,53,11,19,8,0.8717948717948718,0.8525370947059902,0.8952380952380953,0.912621359223301,0.9038461538461539,0.7924528301737274,42,11,9,94
com_erro,mlp,oscilacao,100,35,35,133,133,93,40,90,43,9,18,9,0.8571428571428571,0.8580103359173126,0.927710843373494,0.8555555555555555,0.8901734104046243,0.860465116259059,37,6,13,77
com_erro,mlp,oscilacao,100,40,40,117,117,85,32,77,40,11,15,4,0.8632478632478633,0.836038961038961,0.8765432098765432,0.922077922077922,0.8987341772151899,0.7499999999812501,30,10,6,71
com_erro,mlp,oscilacao,100,45,45,104,104,74,30,71,33,10,13,3,0.8653846153846154,0.8446436192915066,0.9014084507042254,0.9014084507042254,0.9014084507042254,0.7878787878549128,26,7,7,64
com_erro,mlp,oscilacao,100,50,50,94,94,65,29,64,30,9,12,3,0.8404255319148937,0.803125,0.8656716417910447,0.90625,0.8854961832061069,0.6999999999766666,21,9,6,58
com_erro,mlp,oscilacao,100,55,55,85,85,61,24,55,30,10,12,2,0.8235294117647058,0.7954545454545454,0.8448275862068966,0.8909090909090909,0.8672566371681416,0.6999999999766666,21,9,6,49
com_erro,mlp,oscilacao,100,60,60,78,78,53,25,51,27,9,16,7,0.8461538461538461,0.8300653594771241,0.8823529411764706,0.8823529411764706,0.8823529411764706,0.7777777777489712,21,6,6,45
com_erro,mlp,oscilacao,100,65,65,72,72,50,22,47,25,9,14,5,0.8333333333333334,0.8161702127659575,0.8723404255319149,0.8723404255319149,0.8723404255319149,0.7599999999696,19,6,6,41
com_erro,mlp,oscilacao,100,70,70,67,67,47,20,47,20,7,11,4,0.8656716417910447,0.8468085106382979,0.9130434782608695,0.8936170212765957,0.9032258064516129,0.79999999996,16,4,5,42
com_erro,mlp,oscilacao,100,75,75,63,63,46,17,45,18,7,10,3,0.873015873015873,0.8611111111111112,0.9302325581395349,0.8888888888888888,0.9090909090909091,0.8333333332870371,15,3,5,40
com_erro,mlp,oscilacao,100,80,80,59,59,43,16,39,20,11,10,-1,0.864406779661017,0.860897435897436,0.918918918918919,0.8717948717948718,0.8947368421052632,0.8499999999575,17,3,5,34
com_erro,mlp,oscilacao,100,85,85,55,55,39,16,35,20,9,10,1,0.8181818181818182,0.7821428571428571,0.8205128205128205,0.9142857142857143,0.8648648648648649,0.6499999999675,13,7,3,32
com_erro,mlp,oscilacao,100,90,90,52,52,38,14,35,17,8,8,0,0.8269230769230769,0.7655462184873949,0.825,0.9428571428571428,0.88,0.588235294083045,10,7,2,33
com_erro,mlp,oscilacao,100,95,95,49,49,34,15,35,14,7,9,2,0.8979591836734694,0.8857142857142857,0.9411764705882353,0.9142857142857143,0.927536231884058,0.8571428570816326,12,2,3,32
com_erro,mlp,oscilacao,100,100,100,47,47,32,15,33,14,7,9,2,0.8936170212765957,0.9036796536796536,0.9666666666666667,0.8787878787878788,0.9206349206349206,0.928571428505102,13,1,4,29
com_erro,mlp,queda,20,5,5,947,947,190,757,206,741,20,31,11,0.9366420274551215,0.9244657573732689,0.8230088495575221,0.9029126213592233,0.8611111111111112,0.9460188933860377,701,40,20,186
com_erro,mlp,queda,20,10,10,474,474,96,378,104,370,20,29,9,0.9261603375527426,0.9077702702702704,0.8053097345132744,0.875,0.8387096774193549,0.9405405405379985,348,22,13,91
com_erro,mlp,queda,20,15,15,316,316,64,252,70,246,19,23,4,0.939873417721519,0.9204994192799071,0.8493150684931506,0.8857142857142857,0.8671328671328671,0.9552845528416453,235,11,8,62
com_erro,mlp,queda,20,20,20,237,237,49,188,52,185,19,24,5,0.9324894514767933,0.9083679833679834,0.8333333333333334,0.8653846153846154,0.8490566037735849,0.951351351346209,176,9,7,45
com_erro,mlp,queda,30,5,5,945,945,232,713,244,701,20,37,17,0.9174603174603174,0.9002800449007273,0.82421875,0.8647540983606558,0.844,0.935805991439464,656,45,33,211
com_erro,mlp,queda,30,10,10,473,473,117,356,123,350,20,30,10,0.9154334038054969,0.9006736353077816,0.816793893129771,0.8699186991869918,0.84251968503937,0.9314285714259102,326,24,16,107
com_erro,mlp,queda,30,15,15,315,315,77,238,81,234,19,31,12,0.8952380952380953,0.8608736942070275,0.8,0.7901234567901234,0.7950310559006211,0.9316239316199504,218,16,17,64
com_erro,mlp,queda,30,20,20,237,237,62,175,64,173,20,25,5,0.9113924050632911,0.8950054190751445,0.8208955223880597,0.859375,0.8396946564885496,0.9306358381449097,161,12,9,55
com_erro,mlp,queda,30,25,25,189,189,48,141,46,143,18,24,6,0.9047619047619048,0.8854515050167224,0.78,0.8478260869565217,0.8125,0.9230769230704681,132,11,7,39
com_erro,mlp,queda,30,30,30,158,158,41,117,40,118,18,22,4,0.9113924050632911,0.8745762711864407,0.8421052631578947,0.8,0.8205128205128205,0.9491525423648377,112,6,8,32
com_erro,mlp,queda,40,5,5,943,943,274,669,281,662,20,38,18,0.8897136797454931,0.8712706024018664,0.8083623693379791,0.8256227758007118,0.8169014084507042,0.9169184290016361,607,55,49,232
com_erro,mlp,queda,40,10,10,472,472,138,334,142,330,19,28,9,0.8919491525423728,0.8645539906103287,0.837037037037037,0.795774647887324,0.8158844765342961,0.933333333330505,308,22,29,113
com_erro,mlp,queda,40,15,15,315,315,92,223,96,219,19,26,7,0.8920634920634921,0.8609446347031964,0.8522727272727273,0.78125,0.8152173913043478,0.9406392694020976,206,13,21,75
com_erro,mlp,queda,40,20,20,236,236,70,166,71,165,17,23,6,0.902542372881356,0.8781476739223218,0.8529411764705882,0.8169014084507042,0.8345323741007195,0.9393939393882461,155,10,13,58
com_erro,mlp,queda,40,25,25,189,189,55,134,54,135,18,28,10,0.8465608465608465,0.8092592592592592,0.7358490566037735,0.7222222222222222,0.7289719626168224,0.8962962962896571,121,14,15,39
com_erro,mlp,queda,40,30,30,158,158,46,112,48,110,17,23,6,0.879746835443038,0.8490530303030304,0.8222222222222222,0.7708333333333334,0.7956989247311828,0.9272727272642974,102,8,11,37
com_erro,mlp,queda,40,35,35,135,135,39,96,37,98,17,22,5,0.8962962962962963,0.8528681742967458,0.8484848484848485,0.7567567567567568,0.8,0.9489795918270512,93,5,9,28
com_erro,mlp,queda,40,40,40,118,118,34,84,36,82,16,23,7,0.8983050847457628,0.872289972899729,0.8529411764705882,0.8055555555555556,0.8285714285714286,0.9390243902324509,77,5,7,29
com_erro,mlp,queda,50,5,5,941,941,312,629,316,625,18,41,23,0.8639744952178533,0.8459696202531646,0.8012820512820513,0.7911392405063291,0.7961783439490446,0.9007999999985588,563,62,66,250
com_erro,mlp,queda,50,10,10,471,471,157,314,159,312,18,29,11,0.8726114649681529,0.846788824383164,0.8413793103448276,0.7672955974842768,0.8026315789473685,0.9262820512790825,289,23,37,122
com_erro,mlp,queda,50,15,15,314,314,105,209,107,207,16,26,10,0.8630573248407644,0.8464716240010836,0.8018867924528302,0.794392523364486,0.7981220657276995,0.8985507246333404,186,21,22,85
com_erro,mlp,queda,50,20,20,236,236,82,154,83,153,17,24,7,0.8559322033898306,0.8365225608315616,0.810126582278481,0.7710843373493976,0.7901234567901234,0.9019607843078303,138,15,19,64
com_erro,mlp,queda,50,25,25,189,189,66,123,62,127,16,27,11,0.8571428571428571,0.8359156718313436,0.7868852459016393,0.7741935483870968,0.7804878048780488,0.8976377952685225,114,13,14,48
com_erro,mlp,queda,50,30,30,157,157,55,102,54,103,16,21,5,0.8598726114649682,0.844750089895721,0.7962962962962963,0.7962962962962963,0.7962962962962963,0.8932038834864737,92,11,11,43
com_erro,mlp,queda,50,35,35,135,135,46,89,44,91,16,28,12,0.8296296296296296,0.8031968031968032,0.7441860465116279,0.7272727272727273,0.735632183908046,0.8791208791112184,80,11,12,32
com_erro,mlp,queda,50,40,40,118,118,40,78,41,77,16,24,8,0.8559322033898306,0.8268926195755464,0.8333333333333334,0.7317073170731707,0.7792207792207793,0.922077922065947,71,6,11,30
com_erro,mlp,queda,50,45,45,105,105,34,71,37,68,15,22,7,0.8095238095238095,0.7728537360890302,0.7741935483870968,0.6486486486486487,0.7058823529411765,0.8970588235162197,61,7,13,24
com_erro,mlp,queda,50,50,50,95,95,32,63,32,63,16,21,5,0.7684210526315789,0.7485119047619048,0.6470588235294118,0.6875,0.6666666666666666,0.80952380951096,51,12,10,22
com_erro,mlp,queda,60,5,5,939,939,347,592,347,592,16,49,33,0.8541001064962727,0.837776988083184,0.8201219512195121,0.7752161383285303,0.797037037037037,0.900337837836317,533,59,78,269
com_erro,mlp,queda,60,10,10,470,470,175,295,175,295,16,39,23,0.851063829787234,0.8360290556900727,0.8143712574850299,0.7771428571428571,0.7953216374269005,0.8949152542342546,264,31,39,136
com_erro,mlp,queda,60,15,15,313,313,115,198,116,197,15,25,10,0.8466453674121406,0.8338657447925784,0.7982456140350878,0.7844827586206896,0.7913043478260869,0.8832487309599836,174,23,25,91
com_erro,mlp,queda,60,20,20,235,235,88,147,87,148,15,26,11,0.8553191489361702,0.8448664181422803,0.8045977011494253,0.8045977011494253,0.8045977011494253,0.8851351351291545,131,17,17,70
com_erro,mlp,queda,60,25,25,188,188,69,119,67,121,15,26,11,0.8191489361702128,0.7962254841495005,0.7619047619047619,0.7164179104477612,0.7384615384615385,0.8760330578439997,106,15,19,48
com_erro,mlp,queda,60,30,30,157,157,60,97,58,99,15,22,7,0.8598726114649682,0.8496168582375478,0.8103448275862069,0.8103448275862069,0.8103448275862069,0.8888888888799101,88,11,11,47
com_erro,mlp,queda,60,35,35,135,135,52,83,51,84,16,23,7,0.8222222222222222,0.8070728291316527,0.7755102040816326,0.7450980392156863,0.76,0.8690476190372732,73,11,13,38
com_erro,mlp,queda,60,40,40,118,118,43,75,43,75,14,23,9,0.8220338983050848,0.8054263565891473,0.7619047619047619,0.7441860465116279,0.7529411764705882,0.866666666655111,65,10,11,32
com_erro,mlp,queda,60,45,45,105,105,39,66,40,65,14,18,4,0.8476190476190476,0.8336538461538462,0.8157894736842105,0.775,0.7948717948717948,0.8923076922939644,58,7,9,31
com_erro,mlp,queda,60,50,50,94,94,34,60,33,61,15,22,7,0.7872340425531915,0.7595628415300546,0.7096774193548387,0.6666666666666666,0.6875,0.852459016379468,52,9,11,22
com_erro,mlp,queda,60,55,55,86,86,30,56,32,54,14,20,6,0.813953488372093,0.7818287037037037,0.8076923076923077,0.65625,0.7241379310344828,0.9074074073906037,49,5,11,21
com_erro,mlp,queda,60,60,60,79,79,34,45,29,50,14,18,4,0.8607594936708861,0.846551724137931,0.8214285714285714,0.7931034482758621,0.8070175438596491,0.8999999999820001,45,5,6,23
com_erro,mlp,queda,70,5,5,937,937,378,559,375,562,16,45,29,0.8537886872998933,0.8430652431791221,0.8361581920903954,0.7893333333333333,0.8120713305898491,0.8967971530233153,504,58,79,296
com_erro,mlp,queda,70,10,10,469,469,191,278,189,280,16,30,14,0.8422174840085288,0.8300264550264551,0.8285714285714286,0.7671957671957672,0.7967032967032966,0.8928571428539541,250,30,44,145
com_erro,mlp,queda,70,15,15,313,313,127,186,127,186,16,31,15,0.8562300319488818,0.8465625264583863,0.8416666666666667,0.7952755905511811,0.8178137651821862,0.8978494623607643,167,19,26,101
com_erro,mlp,queda,70,20,20,235,235,99,136,98,137,16,25,9,0.8297872340425532,0.8162520482645613,0.8372093023255814,0.7346938775510204,0.782608695652174,0.8978102189715489,123,14,26,72
com_erro,mlp,queda,70,25,25,188,188,75,113,74,114,15,24,9,0.8297872340425532,0.8122332859174964,0.8181818181818182,0.7297297297297297,0.7714285714285715,0.8947368420974146,102,12,20,54
com_erro,mlp,queda,70,30,30,157,157,64,93,63,94,16,20,4,0.8598726114649682,0.8489530563998648,0.847457627118644,0.7936507936507936,0.819672131147541,0.9042553191393164,85,9,13,50
com_erro,mlp,queda,70,35,35,134,134,56,78,53,81,15,22,7,0.8134328358208955,0.7935010482180294,0.8043478260869565,0.6981132075471698,0.7474747474747475,0.888888888877915,72,9,16,37
com_erro,mlp,queda,70,40,40,118,118,48,70,49,69,15,23,8,0.788135593220339,0.7774327122153208,0.7608695652173914,0.7142857142857143,0.7368421052631579,0.8405797101327451,58,11,14,35
com_erro,mlp,queda,70,45,45,105,105,46,59,45,60,15,19,4,0.8095238095238095,0.8,0.8048780487804879,0.7333333333333333,0.7674418604651163,0.8666666666522223,52,8,12,33
com_erro,mlp,queda,70,50,50,94,94,38,56,37,57,14,17,3,0.8085106382978723,0.7852062588904694,0.8064516129032258,0.6756756756756757,0.7352941176470589,0.894736842089566,51,6,12,25
com_erro,mlp,queda,70,55,55,86,86,32,54,34,52,14,20,6,0.7906976744186046,0.7607466063348416,0.8076923076923077,0.6176470588235294,0.7,0.9038461538287722,47,5,13,21
com_erro,mlp,queda,70,60,60,79,79,36,43,33,46,14,16,2,0.8227848101265823,0.813570487483531,0.8064516129032258,0.7575757575757576,0.78125,0.8695652173724008,40,6,8,25
com_erro,mlp,queda,70,65,65,73,73,27,46,32,41,11,15,4,0.7808219178082192,0.7671493902439024,0.8076923076923077,0.65625,0.7241379310344828,0.8780487804663891,36,5,11,21
com_erro,mlp,queda,70,70,70,67,67,27,40,28,39,14,15,1,0.7313432835820896,0.7037545787545787,0.75,0.5357142857142857,0.625,0.8717948717725181,34,5,13,15
com_erro,mlp,queda,80,5,5,935,935,408,527,403,532,16,46,30,0.825668449197861,0.8227368980764567,0.7955665024630542,0.8014888337468983,0.7985166872682324,0.8439849624044287,449,83,80,323
com_erro,mlp,queda,80,10,10,468,468,206,262,203,265,16,35,19,0.7863247863247863,0.7830839297332466,0.751219512195122,0.7586206896551724,0.7549019607843137,0.8075471698082735,214,51,49,154
com_erro,mlp,queda,80,15,15,312,312,137,175,136,176,14,29,15,0.8269230769230769,0.821524064171123,0.8153846153846154,0.7794117647058824,0.7969924812030075,0.8636363636314567,152,24,30,106
com_erro,mlp,queda,80,20,20,234,234,103,131,101,133,14,26,12,0.8205128205128205,0.8159011389860791,0.797979797979798,0.7821782178217822,0.79,0.8496240601439878,113,20,22,79
com_erro,mlp,queda,80,25,25,187,187,83,104,78,109,14,24,10,0.8074866310160428,0.8002234768289814,0.7763157894736842,0.7564102564102564,0.7662337662337663,0.8440366972399629,92,17,19,59
com_erro,mlp,queda,80,30,30,156,156,70,86,69,87,13,23,10,0.7948717948717948,0.7876061969015492,0.7936507936507936,0.7246376811594203,0.7575757575757576,0.8505747126339014,74,13,19,50
com_erro,mlp,queda,80,35,35,134,134,59,75,55,79,15,20,5,0.8432835820895522,0.8311852704257767,0.84,0.7636363636363637,0.8,0.8987341772038134,71,8,13,42
com_erro,mlp,queda,80,40,40,117,117,50,67,51,66,14,18,4,0.7948717948717948,0.7825311942959001,0.813953488372093,0.6862745098039216,0.7446808510638298,0.8787878787745638,58,8,16,35
com_erro,mlp,queda,80,45,45,104,104,46,58,47,57,13,18,5,0.7980769230769231,0.7859275849197461,0.8611111111111112,0.6595744680851063,0.7469879518072289,0.912280701738381,52,5,16,31
com_erro,mlp,queda,80,50,50,94,94,42,52,40,54,12,19,7,0.7872340425531915,0.7791666666666667,0.7631578947368421,0.725,0.7435897435897436,0.8333333333179013,45,9,11,29
com_erro,mlp,queda,80,55,55,85,85,38,47,38,47,12,17,5,0.788235294117647,0.7757558790593505,0.8333333333333334,0.6578947368421053,0.7352941176470589,0.8936170212575827,42,5,13,25
com_erro,mlp,queda,80,60,60,78,78,35,43,34,44,12,17,5,0.8589743589743589,0.8516042780748663,0.8709677419354839,0.7941176470588235,0.8307692307692308,0.909090909070248,40,4,7,27
com_erro,mlp,queda,80,65,65,72,72,27,45,34,38,9,14,5,0.8194444444444444,0.81656346749226,0.8387096774193549,0.7647058823529411,0.8,0.8684210526087258,33,5,8,26
com_erro,mlp,queda,80,70,70,67,67,29,38,29,38,14,18,4,0.6567164179104478,0.6442831215970961,0.6153846153846154,0.5517241379310345,0.5818181818181818,0.7368421052437674,28,10,13,16
com_erro,mlp,queda,80,75,75,63,63,29,34,26,37,11,15,4,0.7936507936507936,0.7957380457380457,0.7241379310344828,0.8076923076923077,0.7636363636363637,0.7837837837626005,29,8,5,21
com_erro,mlp,queda,80,80,80,59,59,26,33,25,34,12,15,3,0.7288135593220338,0.7223529411764706,0.68,0.68,0.68,0.7647058823304499,26,8,8,17
com_erro,mlp,queda,90,5,5,933,933,437,496,431,502,15,55,40,0.8113612004287245,0.8110828149120456,0.7891156462585034,0.8074245939675174,0.7981651376146789,0.8147410358549507,409,93,83,348
com_erro,mlp,queda,90,10,10,467,467,220,247,217,250,14,36,22,0.8094218415417559,0.8095299539170507,0.7857142857142857,0.8110599078341014,0.7981859410430839,0.8079999999967681,202,48,41,176
com_erro,mlp,queda,90,15,15,311,311,144,167,144,167,14,32,18,0.77491961414791,0.7760728542914171,0.7402597402597403,0.7916666666666666,0.7651006711409396,0.760479041911614,127,40,30,114
com_erro,mlp,queda,90,20,20,234,234,113,121,112,122,14,28,14,0.7948717948717948,0.794496487119438,0.7857142857142857,0.7857142857142857,0.7857142857142857,0.8032786885180059,98,24,24,88
com_erro,mlp,queda,90,25,25,187,187,88,99,85,102,13,25,12,0.7647058823529411,0.7647058823529411,0.7303370786516854,0.7647058823529411,0.7471264367816092,0.764705882345444,78,24,20,65
com_erro,mlp,queda,90,30,30,156,156,74,82,72,84,13,23,10,0.8076923076923077,0.8075396825396826,0.7837837837837838,0.8055555555555556,0.7945205479452054,0.8095238095141724,68,16,14,58
com_erro,mlp,queda,90,35,35,134,134,65,69,63,71,13,25,12,0.7313432835820896,0.7348535658394812,0.684931506849315,0.7936507936507936,0.7352941176470589,0.6760563380186471,48,23,13,50
com_erro,mlp,queda,90,40,40,117,117,56,61,56,61,12,24,12,0.7777777777777778,0.7773711943793911,0.7678571428571429,0.7678571428571429,0.7678571428571429,0.7868852458887396,48,13,13,43
com_erro,mlp,queda,90,45,45,104,104,48,56,51,53,12,23,11,0.7788461538461539,0.7778394376618571,0.8043478260869565,0.7254901960784313,0.7628865979381443,0.8301886792296191,44,9,14,37
com_erro,mlp,queda,90,50,50,94,94,43,51,43,51,11,17,6,0.776595744680851,0.7722298221614227,0.775,0.7209302325581395,0.7469879518072289,0.8235294117485583,42,9,12,31
com_erro,mlp,queda,90,55,55,85,85,38,47,41,44,10,17,7,0.7764705882352941,0.7749445676274944,0.7894736842105263,0.7317073170731707,0.759493670886076,0.8181818181632232,36,8,11,30
com_erro,mlp,queda,90,60,60,78,78,36,42,36,42,12,19,7,0.7692307692307693,0.7698412698412698,0.7368421052631579,0.7777777777777778,0.7567567567567568,0.7619047618866214,32,10,8,28
com_erro,mlp,queda,90,65,65,72,72,33,39,36,36,9,17,8,0.7638888888888888,0.7638888888888888,0.7878787878787878,0.7222222222222222,0.7536231884057971,0.805555555533179,29,7,10,26
com_erro,mlp,queda,90,70,70,67,67,33,34,33,34,10,18,8,0.6716417910447762,0.6702317290552584,0.7037037037037037,0.5757575757575758,0.6333333333333333,0.7647058823304499,26,8,14,19
com_erro,mlp,queda,90,75,75,63,63,30,33,28,35,11,16,5,0.7142857142857143,0.7142857142857143,0.6666666666666666,0.7142857142857143,0.6896551724137931,0.7142857142653062,25,10,8,20
com_erro,mlp,queda,90,80,80,59,59,28,31,28,31,11,15,4,0.711864406779661,0.7154377880184332,0.6666666666666666,0.7857142857142857,0.7213114754098361,0.6451612903017689,20,11,6,22
com_erro,mlp,queda,90,85,85,55,55,25,30,27,28,12,15,3,0.7818181818181819,0.781084656084656,0.8,0.7407407407407407,0.7692307692307693,0.8214285713992346,23,5,7,20
com_erro,mlp,queda,90,90,90,52,52,24,28,24,28,11,12,1,0.75,0.7440476190476191,0.7619047619047619,0.6666666666666666,0.7111111111111111,0.8214285713992346,23,5,8,16
com_erro,mlp,queda,100,5,5,931,931,464,467,456,475,14,42,28,0.7948442534908701,0.7950877192982455,0.7813163481953291,0.8070175438596491,0.7939590075512406,0.7831578947351934,372,103,88,368
com_erro,mlp,queda,100,10,10,466,466,234,232,229,237,14,33,19,0.7875536480686696,0.7877489727857314,0.7754237288135594,0.7991266375545851,0.7870967741935484,0.7763713080136019,184,53,46,183
com_erro,mlp,queda,100,15,15,311,311,156,155,154,157,14,33,19,0.7877813504823151,0.787823641326826,0.782051282051282,0.7922077922077922,0.7870967741935484,0.7834394904408699,123,34,32,122
com_erro,mlp,queda,100,20,20,233,233,117,116,114,119,13,24,11,0.7896995708154506,0.7893262568185169,0.7927927927927928,0.7719298245614035,0.7822222222222223,0.806722689068851,96,23,26,88
com_erro,mlp,queda,100,25,25,187,187,96,91,90,97,13,30,17,0.7807486631016043,0.7830469644902635,0.7378640776699029,0.8444444444444444,0.7875647668393783,0.7216494845286427,70,27,14,76
com_erro,mlp,queda,100,30,30,156,156,78,78,77,79,13,23,10,0.7884615384615384,0.7888377445339472,0.7682926829268293,0.8181818181818182,0.7924528301886793,0.759493670876462,60,19,14,63
com_erro,mlp,queda,100,35,35,133,133,69,64,65,68,12,22,10,0.6992481203007519,0.7018099547511312,0.654320987654321,0.8153846153846154,0.726027397260274,0.5882352941089966,40,28,12,53
com_erro,mlp,queda,100,40,40,117,117,58,59,56,61,12,21,9,0.811965811965812,0.8094262295081966,0.84,0.75,0.7924528301886793,0.86885245900215,53,8,14,42
com_erro,mlp,queda,100,45,45,104,104,51,53,53,51,11,20,9,0.7307692307692307,0.730299667036626,0.7272727272727273,0.7547169811320755,0.7407407407407407,0.7058823529273357,36,15,13,40
com_erro,mlp,queda,100,50,50,94,94,48,46,46,48,11,20,9,0.723404255319149,0.725090579710145,0.6851851851851852,0.8043478260869565,0.74,0.6458333333198785,31,17,9,37
com_erro,mlp,queda,100,55,55,85,85,41,44,43,42,10,18,8,0.7294117647058823,0.7297895902547065,0.75,0.6976744186046512,0.7228915662650602,0.7619047618866214,32,10,13,30
com_erro,mlp,queda,100,60,60,78,78,38,40,37,41,12,20,8,0.7564102564102564,0.7603823335530653,0.7045454545454546,0.8378378378378378,0.7654320987654321,0.682926829251636,28,13,6,31
com_erro,mlp,queda,100,65,65,72,72,36,36,36,36,9,16,7,0.7916666666666666,0.7916666666666667,0.8181818181818182,0.75,0.782608695652174,0.8333333333101852,30,6,9,27
com_erro,mlp,queda,100,70,70,67,67,36,31,34,33,10,16,6,0.746268656716418,0.7455436720142603,0.7297297297297297,0.7941176470588235,0.7605633802816901,0.6969696969485768,23,10,7,27
com_erro,mlp,queda,100,75,75,63,63,33,30,30,33,11,14,3,0.746031746031746,0.75,0.6944444444444444,0.8333333333333334,0.7575757575757576,0.6666666666464647,22,11,5,25
com_erro,mlp,queda,100,80,80,59,59,30,29,28,31,11,15,4,0.711864406779661,0.7102534562211982,0.7037037037037037,0.6785714285714286,0.6909090909090909,0.7419354838470343,23,8,9,19
com_erro,mlp,queda,100,85,85,55,55,25,30,28,27,11,14,3,0.7818181818181819,0.7837301587301587,0.8636363636363636,0.6785714285714286,0.76,0.8888888888559671,24,3,9,19
com_erro,mlp,queda,100,90,90,52,52,25,27,26,26,10,12,2,0.7307692307692307,0.7307692307692308,0.6875,0.8461538461538461,0.7586206896551724,0.6153846153609468,16,10,4,22
com_erro,mlp,queda,100,95,95,49,49,25,24,22,27,10,15,5,0.7551020408163265,0.760942760942761,0.6923076923076923,0.8181818181818182,0.75,0.7037037036776406,19,8,4,18
com_erro,mlp,queda,100,100,100,47,47,23,24,23,24,9,11,2,0.7446808510638298,0.743659420289855,0.7619047619047619,0.6956521739130435,0.7272727272727273,0.7916666666336806,19,5,7,16
com_erro,random_forest,lacuna,20,5,5,947,947,209,738,280,667,23,23,0,1.0,1.0,1.0,1.0,1.0,0.9999999999985008,667,0,0,280
com_erro,random_forest,lacuna,20,10,10,474,474,104,370,139,335,23,23,0,0.9957805907172996,0.9928057553956835,1.0,0.9856115107913669,0.9927536231884058,0.9999999999970149,335,0,2,137
com_erro,random_forest,lacuna,20,15,15,316,316,70,246,91,225,22,22,0,0.9936708860759493,0.989010989010989,1.0,0.978021978021978,0.9888888888888889,0.9999999999955556,225,0,2,89
com_erro,random_forest,lacuna,20,20,20,237,237,54,183,67,170,22,22,0,0.9915611814345991,0.9850746268656716,1.0,0.9701492537313433,0.9848484848484849,0.9999999999941177,170,0,2,65
com_erro,random_forest,lacuna,30,5,5,945,945,245,700,323,622,21,21,0,1.0,1.0,1.0,1.0,1.0,0.9999999999983923,622,0,0,323
com_erro,random_forest,lacuna,30,10,10,473,473,122,351,161,312,21,22,1,0.9957716701902748,0.9937888198757764,1.0,0.9875776397515528,0.99375,0.9999999999967949,312,0,2,159
com_erro,random_forest,lacuna,30,15,15,315,315,80,235,106,209,19,19,0,0.9968253968253968,0.9952830188679245,1.0,0.9905660377358491,0.995260663507109,0.9999999999952154,209,0,1,105
com_erro,random_forest,lacuna,30,20,20,237,237,62,175,81,156,21,21,0,0.9831223628691983,0.9753086419753086,1.0,0.9506172839506173,0.9746835443037974,0.9999999999935898,156,0,4,77
com_erro,random_forest,lacuna,30,25,25,189,189,50,139,64,125,19,19,0,0.9841269841269841,0.9765625,1.0,0.953125,0.976,0.999999999992,125,0,3,61
com_erro,random_forest,lacuna,30,30,30,158,158,41,117,54,104,19,19,0,0.9936708860759493,0.9907407407407407,1.0,0.9814814814814815,0.9906542056074766,0.9999999999903846,104,0,1,53
com_erro,random_forest,lacuna,40,5,5,943,943,279,664,362,581,20,20,0,1.0,1.0,1.0,1.0,1.0,0.9999999999982788,581,0,0,362
com_erro,random_forest,lacuna,40,10,10,472,472,139,333,181,291,20,20,0,1.0,1.0,1.0,1.0,1.0,0.9999999999965636,291,0,0,181
com_erro,random_forest,lacuna,40,15,15,315,315,93,222,120,195,20,20,0,0.9968253968253968,0.9958333333333333,1.0,0.9916666666666667,0.99581589958159,0.9999999999948719,195,0,1,119
com_erro,random_forest,lacuna,40,20,20,236,236,71,165,89,147,19,19,0,0.9957627118644068,0.9943820224719101,1.0,0.9887640449438202,0.9943502824858758,0.9999999999931973,147,0,1,88
com_erro,random_forest,lacuna,40,25,25,189,189,55,134,73,116,18,19,1,0.9841269841269841,0.9794520547945205,1.0,0.958904109589041,0.9790209790209791,0.9999999999913792,116,0,3,70
com_erro,random_forest,lacuna,40,30,30,158,158,45,113,61,97,19,19,0,0.9936708860759493,0.9918032786885246,1.0,0.9836065573770492,0.9917355371900827,0.9999999999896907,97,0,1,60
com_erro,random_forest,lacuna,40,35,35,135,135,40,95,51,84,18,18,0,0.9851851851851852,0.9803921568627452,1.0,0.9607843137254902,0.98,0.9999999999880952,84,0,2,49
com_erro,random_forest,lacuna,40,40,40,118,118,37,81,44,74,19,19,0,0.9915254237288136,0.9886363636363636,1.0,0.9772727272727273,0.9885057471264368,0.9999999999864865,74,0,1,43
com_erro,random_forest,lacuna,50,5,5,941,941,312,629,400,541,20,20,0,1.0,1.0,1.0,1.0,1.0,0.9999999999981516,541,0,0,400
com_erro,random_forest,lacuna,50,10,10,471,471,156,315,200,271,20,20,0,1.0,1.0,1.0,1.0,1.0,0.99999999999631,271,0,0,200
com_erro,random_forest,lacuna,50,15,15,314,314,105,209,131,183,20,20,0,0.9936305732484076,0.9923664122137404,1.0,0.9847328244274809,0.9923076923076923,0.9999999999945356,183,0,2,129
com_erro,random_forest,lacuna,50,20,20,236,236,79,157,101,135,20,20,0,0.9915254237288136,0.9900990099009901,1.0,0.9801980198019802,0.99,0.9999999999925927,135,0,2,99
com_erro,random_forest,lacuna,50,25,25,189,189,66,123,81,108,19,20,1,0.9841269841269841,0.9814814814814814,1.0,0.9629629629629629,0.9811320754716981,0.9999999999907407,108,0,3,78
com_erro,random_forest,lacuna,50,30,30,157,157,53,104,69,88,16,17,1,0.9936305732484076,0.9927536231884058,1.0,0.9855072463768116,0.9927007299270073,0.9999999999886363,88,0,1,68
com_erro,random_forest,lacuna,50,35,35,135,135,45,90,55,80,17,18,1,0.9851851851851852,0.9818181818181818,1.0,0.9636363636363636,0.9814814814814815,0.9999999999875,80,0,2,53
com_erro,random_forest,lacuna,50,40,40,118,118,40,78,49,69,18,19,1,0.9745762711864406,0.9693877551020409,1.0,0.9387755102040817,0.968421052631579,0.9999999999855071,69,0,3,46
com_erro,random_forest,lacuna,50,45,45,105,105,33,72,42,63,16,18,2,0.9809523809523809,0.9761904761904762,1.0,0.9523809523809523,0.975609756097561,0.999999999984127,63,0,2,40
com_erro,random_forest,lacuna,50,50,50,95,95,33,62,42,53,18,18,0,0.9894736842105263,0.9880952380952381,1.0,0.9761904761904762,0.9879518072289156,0.9999999999811321,53,0,1,41
com_erro,random_forest,lacuna,60,5,5,939,939,344,595,438,501,19,19,0,1.0,1.0,1.0,1.0,1.0,0.999999999998004,501,0,0,438
com_erro,random_forest,lacuna,60,10,10,470,470,172,298,219,251,19,19,0,1.0,1.0,1.0,1.0,1.0,0.999999999996016,251,0,0,219
com_erro,random_forest,lacuna,60,15,15,313,313,113,200,144,169,18,18,0,1.0,1.0,1.0,1.0,1.0,0.999999999994083,169,0,0,144
com_erro,random_forest,lacuna,60,20,20,235,235,87,148,108,127,18,18,0,0.9914893617021276,0.9907407407407407,1.0,0.9814814814814815,0.9906542056074766,0.999999999992126,127,0,2,106
com_erro,random_forest,lacuna,60,25,25,188,188,69,119,89,99,16,17,1,0.9893617021276596,0.9887640449438202,1.0,0.9775280898876404,0.9886363636363636,0.999999999989899,99,0,2,87
com_erro,random_forest,lacuna,60,30,30,157,157,57,100,73,84,15,15,0,1.0,1.0,1.0,1.0,1.0,0.9999999999880952,84,0,0,73
com_erro,random_forest,lacuna,60,35,35,135,135,51,84,64,71,16,17,1,0.9851851851851852,0.984375,1.0,0.96875,0.9841269841269841,0.9999999999859155,71,0,2,62
com_erro,random_forest,lacuna,60,40,40,118,118,43,75,54,64,16,16,0,0.9915254237288136,0.9907407407407407,1.0,0.9814814814814815,0.9906542056074766,0.9999999999843749,64,0,1,53
com_erro,random_forest,lacuna,60,45,45,105,105,37,68,48,57,16,17,1,0.9904761904761905,0.9895833333333333,1.0,0.9791666666666666,0.9894736842105263,0.9999999999824563,57,0,1,47
com_erro,random_forest,lacuna,60,50,50,94,94,35,59,46,48,15,16,1,0.9787234042553191,0.9782608695652174,1.0,0.9565217391304348,0.9777777777777777,0.9999999999791668,48,0,2,44
com_erro,random_forest,lacuna,60,55,55,86,86,33,53,40,46,15,15,0,1.0,1.0,1.0,1.0,1.0,0.999999999978261,46,0,0,40
com_erro,random_forest,lacuna,60,60,60,79,79,30,49,38,41,15,15,0,1.0,1.0,1.0,1.0,1.0,0.9999999999756098,41,0,0,38
com_erro,random_forest,lacuna,70,5,5,937,937,375,562,474,463,19,19,0,0.9978655282817502,0.9978902953586498,1.0,0.9957805907172996,0.9978858350951374,0.9999999999978402,463,0,2,472
com_erro,random_forest,lacuna,70,10,10,469,469,188,281,237,232,17,17,0,0.9936034115138592,0.9936708860759493,1.0,0.9873417721518988,0.9936305732484076,0.9999999999956897,232,0,3,234
com_erro,random_forest,lacuna,70,15,15,313,313,125,188,157,156,16,16,0,0.9968051118210862,0.9968152866242038,1.0,0.9936305732484076,0.9968051118210862,0.9999999999935898,156,0,1,156
com_erro,random_forest,lacuna,70,20,20,235,235,95,140,120,115,17,18,1,0.9872340425531915,0.9875,1.0,0.975,0.9873417721518988,0.9999999999913043,115,0,3,117
com_erro,random_forest,lacuna,70,25,25,188,188,75,113,95,93,16,16,0,0.9893617021276596,0.9894736842105263,1.0,0.9789473684210527,0.9893617021276596,0.9999999999892473,93,0,2,93
com_erro,random_forest,lacuna,70,30,30,157,157,61,96,79,78,16,16,0,0.9936305732484076,0.9936708860759493,1.0,0.9873417721518988,0.9936305732484076,0.9999999999871795,78,0,1,78
com_erro,random_forest,lacuna,70,35,35,134,134,55,79,69,65,15,16,1,0.9850746268656716,0.9855072463768115,1.0,0.9710144927536232,0.9852941176470589,0.9999999999846153,65,0,2,67
com_erro,random_forest,lacuna,70,40,40,118,118,48,70,61,57,16,16,0,0.9830508474576272,0.9836065573770492,1.0,0.9672131147540983,0.9833333333333333,0.9999999999824563,57,0,2,59
com_erro,random_forest,lacuna,70,45,45,105,105,42,63,52,53,16,18,2,0.9809523809523809,0.9807692307692308,1.0,0.9615384615384616,0.9803921568627451,0.9999999999811321,53,0,2,50
com_erro,random_forest,lacuna,70,50,50,94,94,38,56,47,47,15,15,0,0.9680851063829787,0.9680851063829787,1.0,0.9361702127659575,0.967032967032967,0.9999999999787235,47,0,3,44
com_erro,random_forest,lacuna,70,55,55,86,86,35,51,42,44,16,16,0,1.0,1.0,1.0,1.0,1.0,0.9999999999772728,44,0,0,42
com_erro,random_forest,lacuna,70,60,60,79,79,32,47,42,37,16,16,0,0.9746835443037974,0.9761904761904762,1.0,0.9523809523809523,0.975609756097561,0.9999999999729731,37,0,2,40
com_erro,random_forest,lacuna,70,65,65,73,73,27,46,39,34,13,14,1,0.958904109589041,0.9615384615384616,1.0,0.9230769230769231,0.96,0.9999999999705883,34,0,3,36
com_erro,random_forest,lacuna,70,70,70,67,67,30,37,36,31,12,12,0,1.0,1.0,1.0,1.0,1.0,0.9999999999677419,31,0,0,36
com_erro,random_forest,lacuna,80,5,5,935,935,405,530,507,428,16,16,0,0.9989304812834224,0.9990138067061144,1.0,0.9980276134122288,0.9990128331688055,0.9999999999976635,428,0,1,506
com_erro,random_forest,lacuna,80,10,10,468,468,203,265,253,215,16,16,0,0.9957264957264957,0.9960474308300395,1.0,0.9920948616600791,0.996031746031746,0.9999999999953488,215,0,2,251
com_erro,random_forest,lacuna,80,15,15,312,312,136,176,166,146,16,16,0,0.9967948717948718,0.9969879518072289,1.0,0.9939759036144579,0.9969788519637462,0.9999999999931508,146,0,1,165
com_erro,random_forest,lacuna,80,20,20,234,234,103,131,126,108,15,15,0,0.9914529914529915,0.9920634920634921,1.0,0.9841269841269841,0.992,0.9999999999907407,108,0,2,124
com_erro,random_forest,lacuna,80,25,25,187,187,82,105,101,86,15,15,0,0.9893048128342246,0.9900990099009901,1.0,0.9801980198019802,0.99,0.9999999999883721,86,0,2,99
com_erro,random_forest,lacuna,80,30,30,156,156,68,88,85,71,15,15,0,0.9935897435897436,0.9941176470588236,1.0,0.9882352941176471,0.9940828402366864,0.9999999999859155,71,0,1,84
com_erro,random_forest,lacuna,80,35,35,134,134,56,78,71,63,15,15,0,0.9850746268656716,0.9859154929577465,1.0,0.971830985915493,0.9857142857142858,0.999999999984127,63,0,2,69
com_erro,random_forest,lacuna,80,40,40,117,117,53,64,63,54,14,14,0,0.9914529914529915,0.9920634920634921,1.0,0.9841269841269841,0.992,0.9999999999814816,54,0,1,62
com_erro,random_forest,lacuna,80,45,45,104,104,43,61,54,50,14,14,0,1.0,1.0,1.0,1.0,1.0,0.9999999999800001,50,0,0,54
com_erro,random_forest,lacuna,80,50,50,94,94,41,53,50,44,14,14,0,0.9787234042553191,0.98,1.0,0.96,0.9795918367346939,0.9999999999772728,44,0,2,48
com_erro,random_forest,lacuna,80,55,55,85,85,37,48,44,41,15,15,0,1.0,1.0,1.0,1.0,1.0,0.9999999999756098,41,0,0,44
com_erro,random_forest,lacuna,80,60,60,78,78,35,43,43,35,13,13,0,1.0,1.0,1.0,1.0,1.0,0.9999999999714286,35,0,0,43
com_erro,random_forest,lacuna,80,65,65,72,72,29,43,40,32,11,13,2,0.9583333333333334,0.9625,1.0,0.925,0.961038961038961,0.9999999999687501,32,0,3,37
com_erro,random_forest,lacuna,80,70,70,67,67,30,37,37,30,12,12,0,1.0,1.0,1.0,1.0,1.0,0.9999999999666667,30,0,0,37
com_erro,random_forest,lacuna,80,75,75,63,63,26,37,33,30,11,10,-1,0.9841269841269841,0.9848484848484849,1.0,0.9696969696969697,0.9846153846153847,0.9999999999666667,30,0,1,32
com_erro,random_forest,lacuna,80,80,80,59,59,25,34,32,27,12,11,-1,0.9830508474576272,0.984375,1.0,0.96875,0.9841269841269841,0.999999999962963,27,0,1,31
com_erro,random_forest,lacuna,90,5,5,933,933,434,499,537,396,16,16,0,1.0,1.0,1.0,1.0,1.0,0.9999999999974748,396,0,0,537
com_erro,random_forest,lacuna,90,10,10,467,467,218,249,268,199,16,16,0,0.9914346895074947,0.9925373134328358,1.0,0.9850746268656716,0.9924812030075187,0.9999999999949749,199,0,4,264
com_erro,random_forest,lacuna,90,15,15,311,311,143,168,177,134,15,15,0,0.9967845659163987,0.9971751412429379,1.0,0.9943502824858758,0.9971671388101983,0.9999999999925374,134,0,1,176
com_erro,random_forest,lacuna,90,20,20,234,234,110,124,136,98,16,16,0,0.9914529914529915,0.9926470588235294,1.0,0.9852941176470589,0.9925925925925926,0.9999999999897958,98,0,2,134
com_erro,random_forest,lacuna,90,25,25,187,187,86,101,107,80,15,15,0,0.983957219251337,0.985981308411215,1.0,0.9719626168224299,0.985781990521327,0.9999999999875,80,0,3,104
com_erro,random_forest,lacuna,90,30,30,156,156,72,84,88,68,15,15,0,0.9935897435897436,0.9943181818181819,1.0,0.9886363636363636,0.9942857142857143,0.9999999999852941,68,0,1,87
com_erro,random_forest,lacuna,90,35,35,134,134,63,71,78,56,15,16,1,0.9925373134328358,0.9935897435897436,1.0,0.9871794871794872,0.9935483870967742,0.999999999982143,56,0,1,77
com_erro,random_forest,lacuna,90,40,40,117,117,56,61,67,50,13,14,1,0.9829059829059829,0.9850746268656716,1.0,0.9701492537313433,0.9848484848484849,0.9999999999800001,50,0,2,65
com_erro,random_forest,lacuna,90,45,45,104,104,45,59,56,48,14,14,0,1.0,1.0,1.0,1.0,1.0,0.9999999999791668,48,0,0,56
com_erro,random_forest,lacuna,90,50,50,94,94,44,50,55,39,13,13,0,0.9893617021276596,0.990909090909091,1.0,0.9818181818181818,0.9908256880733946,0.9999999999743591,39,0,1,54
com_erro,random_forest,lacuna,90,55,55,85,85,42,43,49,36,12,13,1,0.9882352941176471,0.9897959183673469,1.0,0.9795918367346939,0.9896907216494846,0.9999999999722223,36,0,1,48
com_erro,random_forest,lacuna,90,60,60,78,78,36,42,44,34,13,13,0,1.0,1.0,1.0,1.0,1.0,0.9999999999705883,34,0,0,44
com_erro,random_forest,lacuna,90,65,65,72,72,33,39,44,28,11,12,1,0.9722222222222222,0.9772727272727273,1.0,0.9545454545454546,0.9767441860465116,0.9999999999642857,28,0,2,42
com_erro,random_forest,lacuna,90,70,70,67,67,33,34,40,27,11,11,0,1.0,1.0,1.0,1.0,1.0,0.999999999962963,27,0,0,40
com_erro,random_forest,lacuna,90,75,75,63,63,28,35,34,29,11,10,-1,0.9841269841269841,0.9852941176470589,1.0,0.9705882352941176,0.9850746268656716,0.9999999999655173,29,0,1,33
com_erro,random_forest,lacuna,90,80,80,59,59,26,33,35,24,11,11,0,1.0,1.0,1.0,1.0,1.0,0.9999999999583333,24,0,0,35
com_erro,random_forest,lacuna,90,85,85,55,55,27,28,34,21,10,10,0,1.0,1.0,1.0,1.0,1.0,0.999999999952381,21,0,0,34
com_erro,random_forest,lacuna,90,90,90,52,52,23,29,27,25,12,11,-1,0.9807692307692307,0.98,0.9642857142857143,1.0,0.9818181818181818,0.9599999999616,24,1,0,27
com_erro,random_forest,lacuna,100,5,5,931,931,461,470,567,364,16,16,0,0.9989258861439313,0.9991181657848325,1.0,0.9982363315696648,0.999117387466902,0.9999999999972528,364,0,1,566
com_erro,random_forest,lacuna,100,10,10,466,466,231,235,283,183,16,16,0,0.9935622317596566,0.9946996466431095,1.0,0.9893992932862191,0.9946714031971581,0.9999999999945356,183,0,3,280
com_erro,random_forest,lacuna,100,15,15,311,311,154,157,187,124,16,16,0,0.9935691318327974,0.9946524064171123,1.0,0.9893048128342246,0.9946236559139785,0.9999999999919355,124,0,2,185
com_erro,random_forest,lacuna,100,20,20,233,233,116,117,141,92,13,13,0,0.9914163090128756,0.9929078014184397,1.0,0.9858156028368794,0.9928571428571429,0.9999999999891304,92,0,2,139
com_erro,random_forest,lacuna,100,25,25,187,187,96,91,114,73,14,15,1,0.9893048128342246,0.9912280701754386,1.0,0.9824561403508771,0.9911504424778761,0.9999999999863013,73,0,2,112
com_erro,random_forest,lacuna,100,30,30,156,156,76,80,94,62,16,16,0,0.9871794871794872,0.9893617021276595,1.0,0.9787234042553191,0.989247311827957,0.999999999983871,62,0,2,92
com_erro,random_forest,lacuna,100,35,35,133,133,67,66,82,51,10,10,0,1.0,1.0,1.0,1.0,1.0,0.9999999999803922,51,0,0,82
com_erro,random_forest,lacuna,100,40,40,117,117,57,60,70,47,12,13,1,0.9829059829059829,0.9857142857142858,1.0,0.9714285714285714,0.9855072463768116,0.9999999999787235,47,0,2,68
com_erro,random_forest,lacuna,100,45,45,104,104,50,54,61,43,14,14,0,0.9903846153846154,0.9918032786885246,1.0,0.9836065573770492,0.9917355371900827,0.9999999999767443,43,0,1,60
com_erro,random_forest,lacuna,100,50,50,94,94,48,46,59,35,13,13,0,0.9893617021276596,0.9915254237288136,1.0,0.9830508474576272,0.9914529914529915,0.9999999999714286,35,0,1,58
com_erro,random_forest,lacuna,100,55,55,85,85,43,42,51,34,11,11,0,1.0,1.0,1.0,1.0,1.0,0.9999999999705883,34,0,0,51
com_erro,random_forest,lacuna,100,60,60,78,78,38,40,46,32,13,13,0,1.0,1.0,1.0,1.0,1.0,0.9999999999687501,32,0,0,46
com_erro,random_forest,lacuna,100,65,65,72,72,34,38,44,28,11,12,1,0.9583333333333334,0.9659090909090908,1.0,0.9318181818181818,0.9647058823529412,0.9999999999642857,28,0,3,41
com_erro,random_forest,lacuna,100,70,70,67,67,33,34,42,25,10,10,0,1.0,1.0,1.0,1.0,1.0,0.99999999996,25,0,0,42
com_erro,random_forest,lacuna,100,75,75,63,63,32,31,36,27,12,12,0,1.0,1.0,1.0,1.0,1.0,0.999999999962963,27,0,0,36
com_erro,random_forest,lacuna,100,80,80,59,59,27,32,37,22,10,10,0,0.9661016949152542,0.972972972972973,1.0,0.9459459459459459,0.9722222222222222,0.9999999999545455,22,0,2,35
com_erro,random_forest,lacuna,100,85,85,55,55,28,27,34,21,10,10,0,1.0,1.0,1.0,1.0,1.0,0.999999999952381,21,0,0,34
com_erro,random_forest,lacuna,100,90,90,52,52,25,27,31,21,12,11,-1,0.9230769230769231,0.9278033794162825,0.9655172413793104,0.9032258064516129,0.9333333333333333,0.9523809523356009,20,1,3,28
com_erro,random_forest,lacuna,100,95,95,49,49,22,27,30,19,10,10,0,1.0,1.0,1.0,1.0,1.0,0.9999999999473684,19,0,0,30
com_erro,random_forest,lacuna,100,100,100,47,47,23,24,29,18,10,11,1,0.9574468085106383,0.9655172413793103,1.0,0.9310344827586207,0.9642857142857143,0.9999999999444444,18,0,2,27
com_erro,random_forest,oscilacao,20,5,5,947,947,393,554,380,567,19,25,6,0.9366420274551215,0.9314675577833473,0.9347826086956522,0.9052631578947369,0.9197860962566845,0.9576719576702687,543,24,36,344
com_erro,random_forest,oscilacao,20,10,10,474,474,198,276,188,286,19,26,7,0.930379746835443,0.9249925606308584,0.9234972677595629,0.898936170212766,0.9110512129380054,0.9510489510456257,272,14,19,169
com_erro,random_forest,oscilacao,20,15,15,316,316,134,182,124,192,19,25,6,0.9430379746835443,0.9431283602150538,0.9140625,0.9435483870967742,0.9285714285714286,0.9427083333284234,181,11,7,117
com_erro,random_forest,oscilacao,20,20,20,237,237,99,138,96,141,19,27,8,0.9113924050632911,0.9105718085106382,0.8787878787878788,0.90625,0.8923076923076924,0.9148936170147881,129,12,9,87
com_erro,random_forest,oscilacao,30,5,5,945,945,434,511,416,529,19,32,13,0.9164021164021164,0.9135206121855459,0.9181141439205955,0.8894230769230769,0.9035409035409036,0.9376181474462427,496,33,46,370
com_erro,random_forest,oscilacao,30,10,10,473,473,218,255,206,267,19,27,8,0.9175475687103594,0.9147667357550635,0.9154228855721394,0.8932038834951457,0.9041769041769042,0.9363295880114745,250,17,22,184
com_erro,random_forest,oscilacao,30,15,15,315,315,144,171,139,176,19,25,6,0.9047619047619048,0.9019171026814912,0.9037037037037037,0.8776978417266187,0.8905109489051095,0.9261363636311015,163,13,17,122
com_erro,random_forest,oscilacao,30,20,20,237,237,111,126,106,131,18,26,8,0.8987341772151899,0.8957943252196456,0.9019607843137255,0.8679245283018868,0.8846153846153846,0.9236641221303538,121,10,14,92
com_erro,random_forest,oscilacao,30,25,25,189,189,88,101,82,107,19,22,3,0.9153439153439153,0.9124116708456804,0.9125,0.8902439024390244,0.9012345679012346,0.934579439243602,100,7,9,73
com_erro,random_forest,oscilacao,30,30,30,158,158,69,89,68,90,19,22,3,0.9050632911392406,0.9004901960784314,0.9076923076923077,0.8676470588235294,0.8872180451127819,0.933333333322963,84,6,9,59
com_erro,random_forest,oscilacao,40,5,5,943,943,474,469,451,492,18,29,11,0.9088016967126193,0.9081670362158167,0.9138321995464853,0.893569844789357,0.9035874439461884,0.9227642276404009,454,38,48,403
com_erro,random_forest,oscilacao,40,10,10,472,472,238,234,224,248,18,24,6,0.9152542372881356,0.9148185483870968,0.9144144144144144,0.90625,0.9103139013452914,0.9233870967704703,229,19,21,203
com_erro,random_forest,oscilacao,40,15,15,315,315,160,155,153,162,17,23,6,0.8952380952380953,0.894880174291939,0.9,0.8823529411764706,0.8910891089108911,0.9074074074018061,147,15,18,135
com_erro,random_forest,oscilacao,40,20,20,236,236,119,117,114,122,17,22,5,0.8898305084745762,0.8894161633592177,0.8928571428571429,0.8771929824561403,0.8849557522123894,0.9016393442549046,110,12,14,100
com_erro,random_forest,oscilacao,40,25,25,189,189,93,96,91,98,17,22,5,0.8518518518518519,0.8512558869701727,0.8539325842696629,0.8351648351648352,0.8444444444444444,0.8673469387666597,85,13,15,76
com_erro,random_forest,oscilacao,40,30,30,158,158,77,81,75,83,17,26,9,0.8544303797468354,0.8550200803212852,0.8333333333333334,0.8666666666666667,0.8496732026143791,0.8433734939657425,70,13,10,65
com_erro,random_forest,oscilacao,40,35,35,135,135,69,66,63,72,17,21,4,0.8814814814814815,0.8819444444444444,0.8615384615384616,0.8888888888888888,0.875,0.8749999999878472,63,9,7,56
com_erro,random_forest,oscilacao,40,40,40,118,118,62,56,57,61,16,20,4,0.8898305084745762,0.8905665803853897,0.8666666666666667,0.9122807017543859,0.8888888888888888,0.86885245900215,53,8,5,52
com_erro,random_forest,oscilacao,50,5,5,941,941,514,427,485,456,17,30,13,0.9043570669500531,0.9043317055525412,0.9089026915113871,0.9051546391752577,0.9070247933884298,0.9035087719278432,412,44,46,439
com_erro,random_forest,oscilacao,50,10,10,471,471,258,213,241,230,17,25,8,0.9023354564755839,0.9022821576763486,0.9045643153526971,0.9045643153526971,0.9045643153526971,0.899999999996087,207,23,23,218
com_erro,random_forest,oscilacao,50,15,15,314,314,174,140,159,155,17,25,8,0.8853503184713376,0.8852505579224995,0.8819875776397516,0.8930817610062893,0.8875,0.877419354833049,136,19,17,142
com_erro,random_forest,oscilacao,50,20,20,236,236,131,105,123,113,17,24,7,0.8771186440677966,0.8767177494783798,0.8790322580645161,0.8861788617886179,0.8825910931174089,0.8672566371604667,98,15,14,109
com_erro,random_forest,oscilacao,50,25,25,189,189,103,86,99,90,17,21,4,0.8465608465608465,0.8464646464646465,0.8571428571428571,0.8484848484848485,0.8527918781725888,0.8444444444350617,76,14,15,84
com_erro,random_forest,oscilacao,50,30,30,157,157,86,71,79,78,17,24,7,0.8152866242038217,0.8153197013956508,0.8205128205128205,0.810126582278481,0.8152866242038217,0.8205128205023011,64,14,15,64
com_erro,random_forest,oscilacao,50,35,35,135,135,74,61,68,67,16,22,6,0.8592592592592593,0.8590869183494293,0.8450704225352113,0.8823529411764706,0.8633093525179856,0.8358208955099131,56,11,8,60
com_erro,random_forest,oscilacao,50,40,40,118,118,67,51,62,56,14,21,7,0.8389830508474576,0.8389976958525346,0.8524590163934426,0.8387096774193549,0.8455284552845529,0.8392857142707271,47,9,10,52
com_erro,random_forest,oscilacao,50,45,45,105,105,57,48,54,51,16,23,7,0.7904761904761904,0.7903050108932461,0.7962962962962963,0.7962962962962963,0.7962962962962963,0.7843137254748175,40,11,11,43
com_erro,random_forest,oscilacao,50,50,50,95,95,51,44,50,45,15,18,3,0.8631578947368421,0.8633333333333333,0.8775510204081632,0.86,0.8686868686868687,0.8666666666474074,39,6,7,43
com_erro,random_forest,oscilacao,60,5,5,939,939,551,388,516,423,17,37,20,0.8881789137380192,0.8839820770795536,0.8770642201834863,0.9263565891472868,0.9010367577756834,0.8416075650098307,356,67,38,478
com_erro,random_forest,oscilacao,60,10,10,470,470,276,194,257,213,17,30,13,0.8978723404255319,0.8945580095358141,0.8884758364312267,0.9299610894941635,0.908745247148289,0.8591549295734312,183,30,18,239
com_erro,random_forest,oscilacao,60,15,15,313,313,183,130,173,140,17,29,12,0.8690095846645367,0.8637902559867878,0.8586956521739131,0.9132947976878613,0.8851540616246498,0.814285714279898,114,26,15,158
com_erro,random_forest,oscilacao,60,20,20,235,235,138,97,130,105,16,20,4,0.8808510638297873,0.873992673992674,0.8591549295774648,0.9384615384615385,0.8970588235294118,0.8095238095160997,85,20,8,122
com_erro,random_forest,oscilacao,60,25,25,188,188,109,79,102,86,17,22,5,0.8829787234042553,0.8775649794801641,0.8571428571428571,0.9411764705882353,0.897196261682243,0.8139534883626284,70,16,6,96
com_erro,random_forest,oscilacao,60,30,30,157,157,89,68,86,71,17,21,4,0.8343949044585988,0.8328693088765149,0.8488372093023255,0.8488372093023255,0.8488372093023255,0.8169014084391986,58,13,13,73
com_erro,random_forest,oscilacao,60,35,35,135,135,80,55,75,60,15,21,6,0.8296296296296296,0.8216666666666667,0.8170731707317073,0.8933333333333333,0.8535031847133758,0.7499999999875,45,15,8,67
com_erro,random_forest,oscilacao,60,40,40,118,118,71,47,65,53,14,17,3,0.8305084745762712,0.8217706821480406,0.8082191780821918,0.9076923076923077,0.855072463768116,0.7358490565898896,39,14,6,59
com_erro,random_forest,oscilacao,60,45,45,105,105,60,45,60,45,14,18,4,0.8476190476190476,0.8416666666666667,0.8548387096774194,0.8833333333333333,0.8688524590163934,0.7999999999822223,36,9,7,53
com_erro,random_forest,oscilacao,60,50,50,94,94,56,38,51,43,15,18,3,0.851063829787234,0.8463292293661651,0.8363636363636363,0.9019607843137255,0.8679245283018868,0.7906976744002164,34,9,5,46
com_erro,random_forest,oscilacao,60,55,55,86,86,51,35,48,38,13,17,4,0.8023255813953488,0.7982456140350878,0.8163265306122449,0.8333333333333334,0.8247422680412371,0.7631578947167591,29,9,8,40
com_erro,random_forest,oscilacao,60,60,60,79,79,44,35,43,36,15,17,2,0.8354430379746836,0.8284883720930232,0.8125,0.9069767441860465,0.8571428571428571,0.7499999999791668,27,9,4,39
com_erro,random_forest,oscilacao,70,5,5,937,937,582,355,546,391,15,36,21,0.8676627534685165,0.8552270406490355,0.8552188552188552,0.9304029304029304,0.8912280701754386,0.7800511508931457,305,86,38,508
com_erro,random_forest,oscilacao,70,10,10,469,469,291,178,272,197,15,29,14,0.8699360341151386,0.854275530008958,0.8436482084690554,0.9522058823529411,0.8946459412780656,0.7563451776611353,149,48,13,259
com_erro,random_forest,oscilacao,70,15,15,313,313,195,118,184,129,15,26,11,0.8338658146964856,0.819304010785305,0.83,0.9021739130434783,0.8645833333333334,0.7364341085214231,95,34,18,166
com_erro,random_forest,oscilacao,70,20,20,235,235,147,88,139,96,14,23,9,0.8468085106382979,0.8286121103117505,0.832258064516129,0.9280575539568345,0.8775510204081632,0.7291666666590711,70,26,10,129
com_erro,random_forest,oscilacao,70,25,25,188,188,116,72,109,79,14,19,5,0.8351063829787234,0.824700963883405,0.8362068965517241,0.8899082568807339,0.8622222222222222,0.759493670876462,60,19,12,97
com_erro,random_forest,oscilacao,70,30,30,157,157,96,61,91,66,14,20,6,0.821656050955414,0.8066100566100567,0.8118811881188119,0.9010989010989011,0.8541666666666666,0.7121212121104223,47,19,9,82
com_erro,random_forest,oscilacao,70,35,35,134,134,84,50,77,57,15,19,4,0.8432835820895522,0.8317384370015949,0.8333333333333334,0.9090909090909091,0.8695652173913043,0.7543859648990459,43,14,7,70
com_erro,random_forest,oscilacao,70,40,40,118,118,75,43,69,49,11,13,2,0.8135593220338984,0.7873410233658681,0.7831325301204819,0.9420289855072463,0.8552631578947368,0.6326530612115786,31,18,4,65
com_erro,random_forest,oscilacao,70,45,45,105,105,63,42,62,43,12,17,5,0.8380952380952381,0.8237059264816204,0.835820895522388,0.9032258064516129,0.8682170542635659,0.7441860464943213,32,11,6,56
com_erro,random_forest,oscilacao,70,50,50,94,94,57,37,55,39,12,17,5,0.7872340425531915,0.7734265734265734,0.7966101694915254,0.8545454545454545,0.8245614035087719,0.6923076922899409,27,12,8,47
com_erro,random_forest,oscilacao,70,55,55,86,86,52,34,53,33,12,15,3,0.7558139534883721,0.7275586049170955,0.7758620689655172,0.8490566037735849,0.8108108108108109,0.6060606060422407,20,13,8,45
com_erro,random_forest,oscilacao,70,60,60,79,79,47,32,46,33,13,14,1,0.8227848101265823,0.7964426877470356,0.7857142857142857,0.9565217391304348,0.8627450980392157,0.6363636363443527,21,12,2,44
com_erro,random_forest,oscilacao,70,65,65,73,73,45,28,43,30,12,14,2,0.7671232876712328,0.7468992248062015,0.7708333333333334,0.8604651162790697,0.8131868131868132,0.6333333333122222,19,11,6,37
com_erro,random_forest,oscilacao,70,70,70,67,67,41,26,36,31,13,16,3,0.8208955223880597,0.8221326164874552,0.8529411764705882,0.8055555555555556,0.8285714285714286,0.8387096773922997,26,5,7,29
com_erro,random_forest,oscilacao,80,5,5,935,935,611,324,572,363,15,32,17,0.839572192513369,0.8084869675778767,0.8187311178247734,0.9475524475524476,0.8784440842787682,0.6694214876014617,243,120,30,542
com_erro,random_forest,oscilacao,80,10,10,468,468,305,163,285,183,14,29,15,0.8418803418803419,0.8095484613172275,0.8149253731343283,0.9578947368421052,0.8806451612903226,0.6612021857887367,121,62,12,273
com_erro,random_forest,oscilacao,80,15,15,312,312,206,106,189,123,15,23,8,0.8237179487179487,0.7906181442766809,0.7991071428571429,0.9470899470899471,0.8668280871670703,0.634146341458259,78,45,10,179
com_erro,random_forest,oscilacao,80,20,20,234,234,152,82,144,90,14,24,10,0.8376068376068376,0.8097222222222222,0.8271604938271605,0.9305555555555556,0.8758169934640523,0.6888888888812346,62,28,10,134
com_erro,random_forest,oscilacao,80,25,25,187,187,123,64,115,72,14,16,2,0.8021390374331551,0.763828502415459,0.7867647058823529,0.9304347826086956,0.852589641434263,0.5972222222139274,43,29,8,107
com_erro,random_forest,oscilacao,80,30,30,156,156,102,54,95,61,13,18,5,0.8141025641025641,0.7740293356341674,0.7844827586206896,0.9578947368421052,0.8625592417061612,0.5901639344165547,36,25,4,91
com_erro,random_forest,oscilacao,80,35,35,134,134,86,48,81,53,12,17,5,0.8283582089552238,0.8091078499883531,0.8295454545454546,0.9012345679012346,0.863905325443787,0.7169811320619438,38,15,8,73
com_erro,random_forest,oscilacao,80,40,40,117,117,77,40,72,45,11,13,2,0.7948717948717948,0.7541666666666667,0.7790697674418605,0.9305555555555556,0.8481012658227848,0.5777777777649383,26,19,5,67
com_erro,random_forest,oscilacao,80,45,45,104,104,69,35,63,41,11,13,2,0.8173076923076923,0.7810685249709639,0.7894736842105263,0.9523809523809523,0.8633093525179856,0.6097560975461036,25,16,3,60
com_erro,random_forest,oscilacao,80,50,50,94,94,59,35,61,33,11,10,-1,0.7872340425531915,0.7456532538499752,0.8059701492537313,0.8852459016393442,0.84375,0.6060606060422407,20,13,7,54
com_erro,random_forest,oscilacao,80,55,55,85,85,57,28,52,33,12,12,0,0.8235294117647058,0.7782634032634033,0.7846153846153846,0.9807692307692307,0.8717948717948718,0.5757575757401286,19,14,1,51
com_erro,random_forest,oscilacao,80,60,60,78,78,49,29,47,31,12,12,0,0.8076923076923077,0.7690459849004805,0.7758620689655172,0.9574468085106383,0.8571428571428571,0.580645161271592,18,13,2,45
com_erro,random_forest,oscilacao,80,65,65,72,72,48,24,44,28,12,15,3,0.8333333333333334,0.8051948051948052,0.82,0.9318181818181818,0.8723404255319149,0.6785714285471939,19,9,3,41
com_erro,random_forest,oscilacao,80,70,70,67,67,41,26,40,27,10,13,3,0.8208955223880597,0.8199074074074073,0.868421052631579,0.825,0.8461538461538461,0.8148148147846365,22,5,7,33
com_erro,random_forest,oscilacao,80,75,75,63,63,44,19,40,23,8,9,1,0.7777777777777778,0.7233695652173913,0.7708333333333334,0.925,0.8409090909090909,0.5217391304120983,12,11,3,37
com_erro,random_forest,oscilacao,80,80,80,59,59,40,19,36,23,11,11,0,0.7627118644067796,0.7270531400966183,0.7619047619047619,0.8888888888888888,0.8205128205128205,0.5652173912797731,13,10,4,32
com_erro,random_forest,oscilacao,90,5,5,933,933,638,295,597,336,13,25,12,0.8113612004287245,0.762817061497966,0.8020086083213773,0.9363484087102177,0.8639876352395672,0.5892857142839605,198,138,38,559
com_erro,random_forest,oscilacao,90,10,10,467,467,319,148,297,170,13,25,12,0.8137044967880086,0.7654981184392949,0.8,0.9427609427609428,0.865533230293663,0.5882352941141868,100,70,17,280
com_erro,random_forest,oscilacao,90,15,15,311,311,213,98,201,110,12,21,9,0.8070739549839229,0.7519674355495252,0.7974683544303798,0.9402985074626866,0.863013698630137,0.5636363636312397,62,48,12,189
com_erro,random_forest,oscilacao,90,20,20,234,234,161,73,151,83,11,17,6,0.8205128205128205,0.7686906566664007,0.807909604519774,0.9470198675496688,0.8719512195121951,0.5903614457760197,49,34,8,143
com_erro,random_forest,oscilacao,90,25,25,187,187,127,60,119,68,13,15,2,0.786096256684492,0.73109243697479,0.7762237762237763,0.9327731092436975,0.8473282442748091,0.5294117646980968,36,32,8,111
com_erro,random_forest,oscilacao,90,30,30,156,156,104,52,101,55,11,11,0,0.8141025641025641,0.7612061206120612,0.8050847457627118,0.9405940594059405,0.867579908675799,0.5818181818076034,32,23,6,95
com_erro,random_forest,oscilacao,90,35,35,134,134,91,43,86,48,11,13,2,0.7686567164179104,0.7139050387596899,0.7722772277227723,0.9069767441860465,0.8342245989304813,0.5208333333224827,25,23,8,78
com_erro,random_forest,oscilacao,90,40,40,117,117,82,35,75,42,11,11,0,0.7948717948717948,0.73,0.7741935483870968,0.96,0.8571428571428571,0.4999999999880953,21,21,3,72
com_erro,random_forest,oscilacao,90,45,45,104,104,72,32,69,35,10,10,0,0.8173076923076923,0.7567287784679089,0.8125,0.9420289855072463,0.87248322147651,0.5714285714122449,20,15,4,65
com_erro,random_forest,oscilacao,90,50,50,94,94,61,33,62,32,11,9,-2,0.7553191489361702,0.6784274193548387,0.76,0.9193548387096774,0.8321167883211679,0.43749999998632816,14,18,5,57
com_erro,random_forest,oscilacao,90,55,55,85,85,59,26,53,32,11,11,0,0.8117647058823529,0.7561910377358491,0.7761194029850746,0.9811320754716981,0.8666666666666667,0.5312499999833985,17,15,1,52
com_erro,random_forest,oscilacao,90,60,60,78,78,51,27,50,28,9,8,-1,0.8333333333333334,0.7757142857142857,0.8032786885245902,0.98,0.8828828828828829,0.5714285714081633,16,12,1,49
com_erro,random_forest,oscilacao,90,65,65,72,72,49,23,47,25,9,12,3,0.7916666666666666,0.7280851063829787,0.7857142857142857,0.9361702127659575,0.8543689320388349,0.5199999999792,13,12,3,44
com_erro,random_forest,oscilacao,90,70,70,67,67,44,23,43,24,9,9,0,0.7164179104477612,0.6593992248062015,0.74,0.8604651162790697,0.7956989247311828,0.4583333333142361,11,13,6,37
com_erro,random_forest,oscilacao,90,75,75,63,63,45,18,43,20,8,9,1,0.7777777777777778,0.6901162790697675,0.7843137254901961,0.9302325581395349,0.851063829787234,0.4499999999775,9,11,3,40
com_erro,random_forest,oscilacao,90,80,80,59,59,43,16,38,21,11,9,-2,0.7966101694915254,0.7355889724310777,0.782608695652174,0.9473684210526315,0.8571428571428571,0.5238095237845805,11,10,2,36
com_erro,random_forest,oscilacao,90,85,85,55,55,38,17,33,22,10,7,-3,0.7454545454545455,0.696969696969697,0.7209302325581395,0.9393939393939394,0.8157894736842105,0.4545454545247934,10,12,2,31
com_erro,random_forest,oscilacao,90,90,90,52,52,37,15,34,18,8,7,-1,0.7692307692307693,0.6797385620915033,0.75,0.9705882352941176,0.8461538461538461,0.38888888886728395,7,11,1,33
com_erro,random_forest,oscilacao,100,5,5,931,931,662,269,619,312,11,20,9,0.807733619763695,0.7425489830578683,0.8038674033149171,0.9402261712439418,0.8667163067758749,0.5448717948700486,170,142,37,582
com_erro,random_forest,oscilacao,100,10,10,466,466,331,135,308,158,11,19,8,0.8090128755364807,0.747636856814072,0.8050139275766016,0.9383116883116883,0.8665667166416792,0.5569620253129307,88,70,19,289
com_erro,random_forest,oscilacao,100,15,15,311,311,222,89,208,103,11,18,7,0.7942122186495176,0.7285287528005975,0.8,0.9230769230769231,0.8571428571428571,0.5339805825190875,55,48,16,192
com_erro,random_forest,oscilacao,100,20,20,233,233,164,69,156,77,11,14,3,0.8111587982832618,0.7405927405927406,0.8043478260869565,0.9487179487179487,0.8705882352941177,0.5324675324606173,41,36,8,148
com_erro,random_forest,oscilacao,100,25,25,187,187,132,55,127,60,10,13,3,0.7914438502673797,0.727755905511811,0.8098591549295775,0.905511811023622,0.8550185873605948,0.5499999999908334,33,27,12,115
com_erro,random_forest,oscilacao,100,30,30,156,156,109,47,103,53,11,13,2,0.8076923076923077,0.7398790987360322,0.7967479674796748,0.9514563106796117,0.8672566371681416,0.5283018867824849,28,25,5,98
com_erro,random_forest,oscilacao,100,35,35,133,133,93,40,90,43,9,13,4,0.8120300751879699,0.7518087855297158,0.8217821782178217,0.9222222222222223,0.8691099476439791,0.5813953488236885,25,18,7,83
com_erro,random_forest,oscilacao,100,40,40,117,117,85,32,77,40,11,11,0,0.8290598290598291,0.7560064935064935,0.8,0.987012987012987,0.8837209302325582,0.5249999999868751,21,19,1,76
com_erro,random_forest,oscilacao,100,45,45,104,104,74,30,71,33,10,10,0,0.7884615384615384,0.7072129748186087,0.7951807228915663,0.9295774647887324,0.8571428571428571,0.4848484848337925,16,17,5,66
com_erro,random_forest,oscilacao,100,50,50,94,94,65,29,64,30,9,11,2,0.7553191489361702,0.6875,0.7887323943661971,0.875,0.8296296296296296,0.49999999998333333,15,15,8,56
com_erro,random_forest,oscilacao,100,55,55,85,85,61,24,55,30,10,8,-2,0.8117647058823529,0.7484848484848485,0.7910447761194029,0.9636363636363636,0.8688524590163934,0.5333333333155555,16,14,2,53
com_erro,random_forest,oscilacao,100,60,60,78,78,53,25,51,27,9,7,-2,0.8076923076923077,0.7483660130718954,0.8,0.9411764705882353,0.8648648648648649,0.5555555555349794,15,12,3,48
com_erro,random_forest,oscilacao,100,65,65,72,72,50,22,47,25,9,11,2,0.8194444444444444,0.7587234042553193,0.8035714285714286,0.9574468085106383,0.8737864077669902,0.5599999999776,14,11,2,45
com_erro,random_forest,oscilacao,100,70,70,67,67,47,20,47,20,7,7,0,0.8208955223880597,0.7287234042553192,0.8181818181818182,0.9574468085106383,0.8823529411764706,0.499999999975,10,10,2,45
com_erro,random_forest,oscilacao,100,75,75,63,63,46,17,45,18,7,8,1,0.7777777777777778,0.6777777777777778,0.803921568627451,0.9111111111111111,0.8541666666666666,0.44444444441975306,8,10,4,41
com_erro,random_forest,oscilacao,100,80,80,59,59,43,16,39,20,11,10,-1,0.847457627118644,0.8115384615384615,0.8571428571428571,0.9230769230769231,0.8888888888888888,0.699999999965,14,6,3,36
com_erro,random_forest,oscilacao,100,85,85,55,55,39,16,35,20,9,6,-3,0.7818181818181819,0.7107142857142857,0.7555555555555555,0.9714285714285714,0.85,0.4499999999775,9,11,1,34
com_erro,random_forest,oscilacao,100,90,90,52,52,38,14,35,17,8,6,-2,0.8269230769230769,0.7504201680672269,0.8095238095238095,0.9714285714285714,0.8831168831168831,0.5294117646747405,9,8,1,34
com_erro,random_forest,oscilacao,100,95,95,49,49,34,15,35,14,7,11,4,0.7755102040816326,0.6928571428571428,0.8157894736842105,0.8857142857142857,0.8493150684931506,0.49999999996428574,7,7,4,31
com_erro,random_forest,oscilacao,100,100,100,47,47,32,15,33,14,7,7,0,0.7659574468085106,0.6893939393939394,0.8055555555555556,0.8787878787878788,0.8405797101449275,0.49999999996428574,7,7,4,29
com_erro,random_forest,queda,20,5,5,947,947,190,757,206,741,20,25,5,0.9303062302006336,0.8958832855102656,0.8431372549019608,0.8349514563106796,0.8390243902439024,0.9568151147085603,709,32,34,172
com_erro,random_forest,queda,20,10,10,474,474,96,378,104,370,20,25,5,0.9261603375527426,0.8939449064449065,0.8285714285714286,0.8365384615384616,0.8325358851674641,0.9513513513487801,352,18,17,87
com_erro,random_forest,queda,20,15,15,316,316,64,252,70,246,19,27,8,0.9082278481012658,0.8541811846689895,0.8153846153846154,0.7571428571428571,0.7851851851851852,0.9512195121912552,234,12,17,53
com_erro,random_forest,queda,20,20,20,237,237,49,188,52,185,19,27,8,0.9240506329113924,0.896049896049896,0.8148148148148148,0.8461538461538461,0.8301886792452831,0.9459459459408328,175,10,8,44
com_erro,random_forest,queda,30,5,5,945,945,232,713,244,701,20,29,9,0.9185185185185185,0.8889700895675967,0.8523206751054853,0.8278688524590164,0.83991683991684,0.9500713266748216,666,35,42,202
com_erro,random_forest,queda,30,10,10,473,473,117,356,123,350,20,24,4,0.9154334038054969,0.8874912891986062,0.8429752066115702,0.8292682926829268,0.8360655737704918,0.9457142857115837,331,19,21,102
com_erro,random_forest,queda,30,15,15,315,315,77,238,81,234,19,25,6,0.8952380952380953,0.8608736942070275,0.8,0.7901234567901234,0.7950310559006211,0.9316239316199504,218,16,17,64
com_erro,random_forest,queda,30,20,20,237,237,62,175,64,173,20,26,6,0.9113924050632911,0.8900830924855492,0.8307692307692308,0.84375,0.8372093023255814,0.9364161849656855,162,11,10,54
com_erro,random_forest,queda,30,25,25,189,189,48,141,46,143,18,23,5,0.9259259259259259,0.8994375190027364,0.8478260869565217,0.8478260869565217,0.8478260869565217,0.9510489510423005,136,7,7,39
com_erro,random_forest,queda,30,30,30,158,158,41,117,40,118,18,23,5,0.8860759493670886,0.8328389830508475,0.8055555555555556,0.725,0.7631578947368421,0.940677966093723,111,7,11,29
com_erro,random_forest,queda,40,5,5,943,943,274,669,281,662,20,29,9,0.9024390243902439,0.8803340465106277,0.8436363636363636,0.8256227758007118,0.8345323741007195,0.9350453172191313,619,43,49,232
com_erro,random_forest,queda,40,10,10,472,472,138,334,142,330,19,27,8,0.8961864406779662,0.8715962441314554,0.8394160583941606,0.8098591549295775,0.8243727598566308,0.933333333330505,308,22,27,115
com_erro,random_forest,queda,40,15,15,315,315,92,223,96,219,19,26,7,0.8857142857142857,0.8622288812785388,0.8191489361702128,0.8020833333333334,0.8105263157894737,0.9223744292195326,202,17,19,77
com_erro,random_forest,queda,40,20,20,236,236,70,166,71,165,17,24,7,0.9110169491525424,0.896244131455399,0.8472222222222222,0.8591549295774648,0.8531468531468531,0.9333333333276769,154,11,10,61
com_erro,random_forest,queda,40,25,25,189,189,55,134,54,135,18,25,7,0.8888888888888888,0.8888888888888888,0.7619047619047619,0.8888888888888888,0.8205128205128205,0.8888888888823046,120,15,6,48
com_erro,random_forest,queda,40,30,30,158,158,46,112,48,110,17,23,6,0.8860759493670886,0.8653409090909091,0.8125,0.8125,0.8125,0.918181818173471,101,9,9,39
com_erro,random_forest,queda,40,35,35,135,135,39,96,37,98,17,26,9,0.9037037037037037,0.9084390512961942,0.7727272727272727,0.918918918918919,0.8395061728395061,0.8979591836643065,88,10,3,34
com_erro,random_forest,queda,40,40,40,118,118,34,84,36,82,16,23,7,0.8559322033898306,0.8262195121951219,0.7714285714285715,0.75,0.7605633802816901,0.9024390243792385,74,8,9,27
com_erro,random_forest,queda,50,5,5,941,941,312,629,316,625,18,27,9,0.8852284803400637,0.8674455696202532,0.8398692810457516,0.8132911392405063,0.8263665594855305,0.9215999999985255,576,49,59,257
com_erro,random_forest,queda,50,10,10,471,471,157,314,159,312,18,26,8,0.8789808917197452,0.8623911465892597,0.8269230769230769,0.8113207547169812,0.819047619047619,0.9134615384586108,285,27,30,129
com_erro,random_forest,queda,50,15,15,314,314,105,209,107,207,16,27,11,0.856687898089172,0.8393832678676239,0.7924528301886793,0.7850467289719626,0.7887323943661971,0.8937198067589676,185,22,23,84
com_erro,random_forest,queda,50,20,20,236,236,82,154,83,153,17,23,6,0.8686440677966102,0.8490826049295219,0.8333333333333334,0.7831325301204819,0.8074534161490683,0.9150326797325815,140,13,18,65
com_erro,random_forest,queda,50,25,25,189,189,66,123,62,127,16,25,9,0.8571428571428571,0.8606807213614427,0.7397260273972602,0.8709677419354839,0.8,0.8503937007807055,108,19,8,54
com_erro,random_forest,queda,50,30,30,157,157,55,102,54,103,16,25,9,0.8280254777070064,0.8116684645810859,0.7454545454545455,0.7592592592592593,0.7522935779816514,0.8640776698945235,89,14,13,41
com_erro,random_forest,queda,50,35,35,135,135,46,89,44,91,16,24,8,0.8518518518518519,0.8431568431568432,0.75,0.8181818181818182,0.782608695652174,0.8681318681223282,79,12,8,36
com_erro,random_forest,queda,50,40,40,118,118,40,78,41,77,16,23,7,0.8813559322033898,0.863477985429205,0.8461538461538461,0.8048780487804879,0.825,0.922077922065947,71,6,8,33
com_erro,random_forest,queda,50,45,45,105,105,34,71,37,68,15,22,7,0.8095238095238095,0.7790143084260731,0.7575757575757576,0.6756756756756757,0.7142857142857143,0.8823529411634947,60,8,12,25
com_erro,random_forest,queda,50,50,50,95,95,32,63,32,63,16,20,4,0.8631578947368421,0.8660714285714286,0.7567567567567568,0.875,0.8115942028985508,0.8571428571292518,54,9,4,28
com_erro,random_forest,queda,60,5,5,939,939,347,592,347,592,16,31,15,0.873269435569755,0.8643099151024223,0.8275862068965517,0.829971181556196,0.8287769784172662,0.8986486486471307,532,60,59,288
com_erro,random_forest,queda,60,10,10,470,470,175,295,175,295,16,27,11,0.874468085106383,0.867457627118644,0.8258426966292135,0.84,0.8328611898016998,0.8949152542342546,264,31,28,147
com_erro,random_forest,queda,60,15,15,313,313,115,198,116,197,15,26,11,0.8562300319488818,0.8556581480833187,0.7795275590551181,0.853448275862069,0.8148148148148148,0.8578680203002139,169,28,17,99
com_erro,random_forest,queda,60,20,20,235,235,88,147,87,148,15,21,6,0.8808510638297873,0.8769804287045666,0.8241758241758241,0.8620689655172413,0.8426966292134831,0.8918918918858657,132,16,12,75
com_erro,random_forest,queda,60,25,25,188,188,69,119,67,121,15,23,8,0.8617021276595744,0.8592574318490194,0.7808219178082192,0.8507462686567164,0.8142857142857143,0.8677685950341506,105,16,10,57
com_erro,random_forest,queda,60,30,30,157,157,60,97,58,99,15,20,5,0.8789808917197452,0.8790491118077325,0.8095238095238095,0.8793103448275862,0.8429752066115702,0.8787878787790021,87,12,7,51
com_erro,random_forest,queda,60,35,35,135,135,52,83,51,84,16,20,4,0.8740740740740741,0.8795518207282913,0.7931034482758621,0.9019607843137255,0.8440366972477065,0.857142857132653,72,12,5,46
com_erro,random_forest,queda,60,40,40,118,118,43,75,43,75,14,19,5,0.864406779661017,0.8586046511627907,0.8,0.8372093023255814,0.8181818181818182,0.8799999999882666,66,9,7,36
com_erro,random_forest,queda,60,45,45,105,105,39,66,40,65,14,19,5,0.819047619047619,0.8105769230769231,0.7560975609756098,0.775,0.7654320987654321,0.8461538461408283,55,10,9,31
com_erro,random_forest,queda,60,50,50,94,94,34,60,33,61,15,19,4,0.8404255319148937,0.8283656234475907,0.7647058823529411,0.7878787878787878,0.7761194029850746,0.86885245900215,53,8,7,26
com_erro,random_forest,queda,60,55,55,86,86,30,56,32,54,14,21,7,0.8604651162790697,0.8443287037037037,0.8333333333333334,0.78125,0.8064516129032258,0.9074074073906037,49,5,7,25
com_erro,random_forest,queda,60,60,60,79,79,34,45,29,50,14,17,3,0.8354430379746836,0.8337931034482758,0.75,0.8275862068965517,0.7868852459016393,0.8399999999832001,42,8,5,24
com_erro,random_forest,queda,70,5,5,937,937,378,559,375,562,16,29,13,0.8665955176093917,0.8657200474495848,0.8156565656565656,0.8613333333333333,0.8378728923476005,0.8701067615642881,489,73,52,323
com_erro,random_forest,queda,70,10,10,469,469,191,278,189,280,16,26,10,0.8699360341151386,0.8695767195767196,0.82,0.8677248677248677,0.8431876606683805,0.8714285714254593,244,36,25,164
com_erro,random_forest,queda,70,15,15,313,313,127,186,127,186,16,23,7,0.8562300319488818,0.8565532131064262,0.8014705882352942,0.8582677165354331,0.8288973384030418,0.8548387096728235,159,27,18,109
com_erro,random_forest,queda,70,20,20,235,235,99,136,98,137,16,22,6,0.8553191489361702,0.8526739162818413,0.82,0.8367346938775511,0.8282828282828283,0.8686131386797912,119,18,16,82
com_erro,random_forest,queda,70,25,25,188,188,75,113,74,114,15,23,8,0.8670212765957447,0.869013750592698,0.8024691358024691,0.8783783783783784,0.8387096774193549,0.8596491227994767,98,16,9,65
com_erro,random_forest,queda,70,30,30,157,157,64,93,63,94,16,20,4,0.8598726114649682,0.8594224924012157,0.8059701492537313,0.8571428571428571,0.8307692307692308,0.8617021276504074,81,13,9,54
com_erro,random_forest,queda,70,35,35,134,134,56,78,53,81,15,21,6,0.8582089552238806,0.8631493128348474,0.7833333333333333,0.8867924528301887,0.831858407079646,0.8395061728291419,68,13,6,47
com_erro,random_forest,queda,70,40,40,118,118,48,70,49,69,15,20,5,0.8220338983050848,0.8182490387459331,0.78,0.7959183673469388,0.7878787878787878,0.8405797101327451,58,11,10,39
com_erro,random_forest,queda,70,45,45,105,105,46,59,45,60,15,18,3,0.8285714285714286,0.8277777777777777,0.7872340425531915,0.8222222222222222,0.8043478260869565,0.8333333333194445,50,10,8,37
com_erro,random_forest,queda,70,50,50,94,94,38,56,37,57,14,19,5,0.851063829787234,0.8534850640113798,0.7804878048780488,0.8648648648648649,0.8205128205128205,0.8421052631431211,48,9,5,32
com_erro,random_forest,queda,70,55,55,86,86,32,54,34,52,14,17,3,0.8604651162790697,0.8591628959276019,0.8055555555555556,0.8529411764705882,0.8285714285714286,0.8653846153679734,45,7,5,29
com_erro,random_forest,queda,70,60,60,79,79,36,43,33,46,14,15,1,0.810126582278481,0.8069828722002634,0.7647058823529411,0.7878787878787878,0.7761194029850746,0.8260869565037808,38,8,7,26
com_erro,random_forest,queda,70,65,65,73,73,27,46,32,41,11,16,5,0.7671232876712328,0.7583841463414633,0.7586206896551724,0.6875,0.7213114754098361,0.8292682926627009,34,7,10,22
com_erro,random_forest,queda,70,70,70,67,67,27,40,28,39,14,16,2,0.7761194029850746,0.7573260073260073,0.782608695652174,0.6428571428571429,0.7058823529411765,0.8717948717725181,34,5,10,18
com_erro,random_forest,queda,80,5,5,935,935,408,527,403,532,16,30,14,0.8737967914438503,0.8764622474299893,0.8260869565217391,0.8957816377171216,0.8595238095238096,0.8571428571412459,456,76,42,361
com_erro,random_forest,queda,80,10,10,468,468,206,262,203,265,16,25,9,0.8504273504273504,0.8535179849428386,0.7982062780269058,0.8768472906403941,0.8356807511737089,0.8301886792421502,220,45,25,178
com_erro,random_forest,queda,80,15,15,312,312,137,175,136,176,14,24,10,0.8365384615384616,0.8392379679144386,0.785234899328859,0.8602941176470589,0.8210526315789474,0.8181818181771695,144,32,19,117
com_erro,random_forest,queda,80,20,20,234,234,103,131,101,133,14,20,6,0.8675213675213675,0.8703565845306336,0.8181818181818182,0.8910891089108911,0.8530805687203792,0.8496240601439878,113,20,11,90
com_erro,random_forest,queda,80,25,25,187,187,83,104,78,109,14,21,7,0.839572192513369,0.8459774170783345,0.7666666666666667,0.8846153846153846,0.8214285714285714,0.8073394495338776,88,21,9,69
com_erro,random_forest,queda,80,30,30,156,156,70,86,69,87,13,20,7,0.8141025641025641,0.8168415792103948,0.7631578947368421,0.8405797101449275,0.8,0.793103448266746,69,18,11,58
com_erro,random_forest,queda,80,35,35,134,134,59,75,55,79,15,19,4,0.8582089552238806,0.8659378596087457,0.78125,0.9090909090909091,0.8403361344537815,0.8227848101161672,65,14,5,50
com_erro,random_forest,queda,80,40,40,117,117,50,67,51,66,14,19,5,0.8461538461538461,0.8435828877005347,0.8235294117647058,0.8235294117647058,0.8235294117647058,0.8636363636232782,57,9,9,42
com_erro,random_forest,queda,80,45,45,104,104,46,58,47,57,13,17,4,0.8269230769230769,0.8290406868234416,0.7843137254901961,0.851063829787234,0.8163265306122449,0.807017543845491,46,11,7,40
com_erro,random_forest,queda,80,50,50,94,94,42,52,40,54,12,19,7,0.7553191489361702,0.7611111111111111,0.6808510638297872,0.8,0.735632183908046,0.7222222222088478,39,15,8,32
com_erro,random_forest,queda,80,55,55,85,85,38,47,38,47,12,16,4,0.8117647058823529,0.8121500559910414,0.775,0.8157894736842105,0.7948717948717948,0.80851063828067,38,9,7,31
com_erro,random_forest,queda,80,60,60,78,78,35,43,34,44,12,16,4,0.7564102564102564,0.7573529411764706,0.7027027027027027,0.7647058823529411,0.7323943661971831,0.7499999999829546,33,11,8,26
com_erro,random_forest,queda,80,65,65,72,72,27,45,34,38,9,15,6,0.7916666666666666,0.7886996904024768,0.8064516129032258,0.7352941176470589,0.7692307692307693,0.8421052631357342,32,6,9,25
com_erro,random_forest,queda,80,70,70,67,67,29,38,29,38,14,15,1,0.7910447761194029,0.7790381125226861,0.8,0.6896551724137931,0.7407407407407407,0.8684210526087258,33,5,9,20
com_erro,random_forest,queda,80,75,75,63,63,29,34,26,37,11,18,7,0.8412698412698413,0.8477130977130978,0.7666666666666667,0.8846153846153846,0.8214285714285714,0.810810810788897,30,7,3,23
com_erro,random_forest,queda,80,80,80,59,59,26,33,25,34,12,16,4,0.8135593220338984,0.806470588235294,0.7916666666666666,0.76,0.7755102040816326,0.8529411764455018,29,5,6,19
com_erro,random_forest,queda,90,5,5,933,933,437,496,431,502,15,32,17,0.864951768488746,0.8677748403139184,0.8210526315789474,0.9048723897911833,0.8609271523178808,0.8306772908349986,417,85,41,390
com_erro,random_forest,queda,90,10,10,467,467,220,247,217,250,14,26,12,0.8394004282655246,0.8414838709677419,0.8008474576271186,0.8709677419354839,0.8344370860927153,0.811999999996752,203,47,28,189
com_erro,random_forest,queda,90,15,15,311,311,144,167,144,167,14,23,9,0.8520900321543409,0.8546240851630074,0.810126582278481,0.8888888888888888,0.847682119205298,0.8203592814322135,137,30,16,128
com_erro,random_forest,queda,90,20,20,234,234,113,121,112,122,14,22,8,0.8333333333333334,0.8339432084309133,0.811965811965812,0.8482142857142857,0.8296943231441049,0.8196721311408224,100,22,17,95
com_erro,random_forest,queda,90,25,25,187,187,88,99,85,102,13,22,9,0.8288770053475936,0.8333333333333333,0.7731958762886598,0.8823529411764706,0.8241758241758241,0.7843137254825067,80,22,10,75
com_erro,random_forest,queda,90,30,30,156,156,74,82,72,84,13,19,6,0.8269230769230769,0.8303571428571428,0.7777777777777778,0.875,0.8235294117647058,0.785714285704932,66,18,9,63
com_erro,random_forest,queda,90,35,35,134,134,65,69,63,71,13,20,7,0.8208955223880597,0.8211491169237648,0.8,0.8253968253968254,0.8125,0.8169014084391986,58,13,11,52
com_erro,random_forest,queda,90,40,40,117,117,56,61,56,61,12,19,7,0.7863247863247863,0.7877634660421545,0.7540983606557377,0.8214285714285714,0.7863247863247863,0.7540983606433754,46,15,10,46
com_erro,random_forest,queda,90,45,45,104,104,48,56,51,53,12,18,6,0.8076923076923077,0.8076211616722161,0.803921568627451,0.803921568627451,0.803921568627451,0.8113207547016732,43,10,10,41
com_erro,random_forest,queda,90,50,50,94,94,43,51,43,51,11,17,6,0.7978723404255319,0.7991336069311445,0.7608695652173914,0.813953488372093,0.7865168539325843,0.7843137254748175,40,11,8,35
com_erro,random_forest,queda,90,55,55,85,85,38,47,41,44,10,14,4,0.8352941176470589,0.8334257206208426,0.8648648648648649,0.7804878048780488,0.8205128205128205,0.8863636363434918,39,5,9,32
com_erro,random_forest,queda,90,60,60,78,78,36,42,36,42,12,16,4,0.7564102564102564,0.7559523809523809,0.7297297297297297,0.75,0.7397260273972602,0.7619047618866214,32,10,9,27
com_erro,random_forest,queda,90,65,65,72,72,33,39,36,36,9,15,6,0.8333333333333334,0.8333333333333334,0.8157894736842105,0.8611111111111112,0.8378378378378378,0.805555555533179,29,7,5,31
com_erro,random_forest,queda,90,70,70,67,67,33,34,33,34,10,16,6,0.746268656716418,0.7468805704099821,0.7222222222222222,0.7878787878787878,0.7536231884057971,0.7058823529204153,24,10,7,26
com_erro,random_forest,queda,90,75,75,63,63,30,33,28,35,11,13,2,0.7777777777777778,0.7892857142857144,0.6944444444444444,0.8928571428571429,0.78125,0.685714285694694,24,11,3,25
com_erro,random_forest,queda,90,80,80,59,59,28,31,28,31,11,14,3,0.7457627118644068,0.7459677419354839,0.7241379310344828,0.75,0.7368421052631579,0.7419354838470343,23,8,7,21
com_erro,random_forest,queda,90,85,85,55,55,25,30,27,28,12,13,1,0.7818181818181819,0.7824074074074074,0.7586206896551724,0.8148148148148148,0.7857142857142857,0.7499999999732143,21,7,5,22
com_erro,random_forest,queda,90,90,90,52,52,24,28,24,28,11,15,4,0.7307692307692307,0.7261904761904762,0.7272727272727273,0.6666666666666666,0.6956521739130435,0.7857142856862245,22,6,8,16
com_erro,random_forest,queda,100,5,5,931,931,464,467,456,475,14,27,13,0.8582169709989259,0.859298245614035,0.8188976377952756,0.9122807017543859,0.8630705394190872,0.8063157894719867,383,92,40,416
com_erro,random_forest,queda,100,10,10,466,466,234,232,229,237,14,21,7,0.8454935622317596,0.8464061319624859,0.807843137254902,0.8995633187772926,0.8512396694214877,0.7932489451443323,188,49,23,206
com_erro,random_forest,queda,100,15,15,311,311,156,155,154,157,14,21,7,0.8327974276527331,0.8332161469104145,0.8035714285714286,0.8766233766233766,0.8385093167701864,0.7898089171924216,124,33,19,135
com_erro,random_forest,queda,100,20,20,233,233,117,116,114,119,13,20,7,0.8497854077253219,0.8509140498304586,0.8110236220472441,0.9035087719298246,0.8547717842323651,0.7983193277243839,95,24,11,103
com_erro,random_forest,queda,100,25,25,187,187,96,91,90,97,13,19,6,0.8021390374331551,0.8060710194730814,0.7387387387387387,0.9111111111111111,0.8159203980099502,0.7010309278278244,68,29,8,82
com_erro,random_forest,queda,100,30,30,156,156,78,78,77,79,13,18,5,0.8269230769230769,0.8273056057866184,0.8048780487804879,0.8571428571428571,0.8301886792452831,0.7974683544202852,63,16,11,66
com_erro,random_forest,queda,100,35,35,133,133,69,64,65,68,12,16,4,0.8195488721804511,0.8221719457013574,0.7530864197530864,0.9384615384615385,0.8356164383561644,0.7058823529307958,48,20,4,61
com_erro,random_forest,queda,100,40,40,117,117,58,59,56,61,12,18,6,0.8290598290598291,0.8309426229508197,0.7903225806451613,0.875,0.8305084745762712,0.7868852458887396,48,13,7,49
com_erro,random_forest,queda,100,45,45,104,104,51,53,53,51,11,15,4,0.7884615384615384,0.7880133185349611,0.7818181818181819,0.8113207547169812,0.7962962962962963,0.764705882337947,39,12,10,43
com_erro,random_forest,queda,100,50,50,94,94,48,46,46,48,11,13,2,0.7872340425531915,0.7894021739130435,0.7321428571428571,0.8913043478260869,0.803921568627451,0.6874999999856771,33,15,5,41
com_erro,random_forest,queda,100,55,55,85,85,41,44,43,42,10,13,3,0.7529411764705882,0.7522148394241417,0.7291666666666666,0.813953488372093,0.7692307692307693,0.6904761904597506,29,13,8,35
com_erro,random_forest,queda,100,60,60,78,78,38,40,37,41,12,15,3,0.7564102564102564,0.7564271588661833,0.7368421052631579,0.7567567567567568,0.7466666666666667,0.7560975609571684,31,10,9,28
com_erro,random_forest,queda,100,65,65,72,72,36,36,36,36,9,13,4,0.875,0.875,0.8648648648648649,0.8888888888888888,0.8767123287671232,0.8611111110871914,31,5,4,32
com_erro,random_forest,queda,100,70,70,67,67,36,31,34,33,10,12,2,0.7611940298507462,0.7593582887700534,0.7142857142857143,0.8823529411764706,0.7894736842105263,0.6363636363443527,21,12,4,30
com_erro,random_forest,queda,100,75,75,63,63,33,30,30,33,11,11,0,0.7936507936507936,0.7984848484848486,0.7297297297297297,0.9,0.8059701492537313,0.6969696969485768,23,10,3,27
com_erro,random_forest,queda,100,80,80,59,59,30,29,28,31,11,17,6,0.6779661016949152,0.6831797235023042,0.6285714285714286,0.7857142857142857,0.6984126984126984,0.580645161271592,18,13,6,22
com_erro,random_forest,queda,100,85,85,55,55,25,30,28,27,11,12,1,0.7454545454545455,0.7453703703703703,0.75,0.75,0.75,0.7407407407133059,20,7,7,21
com_erro,random_forest,queda,100,90,90,52,52,25,27,26,26,10,12,2,0.75,0.75,0.782608695652174,0.6923076923076923,0.7346938775510204,0.8076923076612426,21,5,8,18
com_erro,random_forest,queda,100,95,95,49,49,25,24,22,27,10,11,1,0.8163265306122449,0.8291245791245792,0.7241379310344828,0.9545454545454546,0.8235294117647058,0.7037037036776406,19,8,1,21
com_erro,random_forest,queda,100,100,100,47,47,23,24,23,24,9,9,0,0.723404255319149,0.7246376811594203,0.6923076923076923,0.782608695652174,0.7346938775510204,0.6666666666388888,16,8,5,18
com_erro,xgboost,lacuna,20,5,5,947,947,209,738,280,667,23,23,0,1.0,1.0,1.0,1.0,1.0,0.9999999999985008,667,0,0,280
com_erro,xgboost,lacuna,20,10,10,474,474,104,370,139,335,23,23,0,1.0,1.0,1.0,1.0,1.0,0.9999999999970149,335,0,0,139
com_erro,xgboost,lacuna,20,15,15,316,316,70,246,91,225,22,22,0,1.0,1.0,1.0,1.0,1.0,0.9999999999955556,225,0,0,91
com_erro,xgboost,lacuna,20,20,20,237,237,54,183,67,170,22,22,0,1.0,1.0,1.0,1.0,1.0,0.9999999999941177,170,0,0,67
com_erro,xgboost,lacuna,30,5,5,945,945,245,700,323,622,21,21,0,1.0,1.0,1.0,1.0,1.0,0.9999999999983923,622,0,0,323
com_erro,xgboost,lacuna,30,10,10,473,473,122,351,161,312,21,21,0,1.0,1.0,1.0,1.0,1.0,0.9999999999967949,312,0,0,161
com_erro,xgboost,lacuna,30,15,15,315,315,80,235,106,209,19,19,0,1.0,1.0,1.0,1.0,1.0,0.9999999999952154,209,0,0,106
com_erro,xgboost,lacuna,30,20,20,237,237,62,175,81,156,21,21,0,1.0,1.0,1.0,1.0,1.0,0.9999999999935898,156,0,0,81
com_erro,xgboost,lacuna,30,25,25,189,189,50,139,64,125,19,19,0,1.0,1.0,1.0,1.0,1.0,0.999999999992,125,0,0,64
com_erro,xgboost,lacuna,30,30,30,158,158,41,117,54,104,19,19,0,1.0,1.0,1.0,1.0,1.0,0.9999999999903846,104,0,0,54
com_erro,xgboost,lacuna,40,5,5,943,943,279,664,362,581,20,20,0,1.0,1.0,1.0,1.0,1.0,0.9999999999982788,581,0,0,362
com_erro,xgboost,lacuna,40,10,10,472,472,139,333,181,291,20,20,0,1.0,1.0,1.0,1.0,1.0,0.9999999999965636,291,0,0,181
com_erro,xgboost,lacuna,40,15,15,315,315,93,222,120,195,20,20,0,1.0,1.0,1.0,1.0,1.0,0.9999999999948719,195,0,0,120
com_erro,xgboost,lacuna,40,20,20,236,236,71,165,89,147,19,19,0,1.0,1.0,1.0,1.0,1.0,0.9999999999931973,147,0,0,89
com_erro,xgboost,lacuna,40,25,25,189,189,55,134,73,116,18,18,0,1.0,1.0,1.0,1.0,1.0,0.9999999999913792,116,0,0,73
com_erro,xgboost,lacuna,40,30,30,158,158,45,113,61,97,19,19,0,0.9936708860759493,0.9918032786885246,1.0,0.9836065573770492,0.9917355371900827,0.9999999999896907,97,0,1,60
com_erro,xgboost,lacuna,40,35,35,135,135,40,95,51,84,18,18,0,1.0,1.0,1.0,1.0,1.0,0.9999999999880952,84,0,0,51
com_erro,xgboost,lacuna,40,40,40,118,118,37,81,44,74,19,19,0,0.9915254237288136,0.9886363636363636,1.0,0.9772727272727273,0.9885057471264368,0.9999999999864865,74,0,1,43
com_erro,xgboost,lacuna,50,5,5,941,941,312,629,400,541,20,20,0,1.0,1.0,1.0,1.0,1.0,0.9999999999981516,541,0,0,400
com_erro,xgboost,lacuna,50,10,10,471,471,156,315,200,271,20,20,0,1.0,1.0,1.0,1.0,1.0,0.99999999999631,271,0,0,200
com_erro,xgboost,lacuna,50,15,15,314,314,105,209,131,183,20,20,0,1.0,1.0,1.0,1.0,1.0,0.9999999999945356,183,0,0,131
com_erro,xgboost,lacuna,50,20,20,236,236,79,157,101,135,20,20,0,1.0,1.0,1.0,1.0,1.0,0.9999999999925927,135,0,0,101
com_erro,xgboost,lacuna,50,25,25,189,189,66,123,81,108,19,19,0,1.0,1.0,1.0,1.0,1.0,0.9999999999907407,108,0,0,81
com_erro,xgboost,lacuna,50,30,30,157,157,53,104,69,88,16,17,1,0.9936305732484076,0.9927536231884058,1.0,0.9855072463768116,0.9927007299270073,0.9999999999886363,88,0,1,68
com_erro,xgboost,lacuna,50,35,35,135,135,45,90,55,80,17,17,0,1.0,1.0,1.0,1.0,1.0,0.9999999999875,80,0,0,55
com_erro,xgboost,lacuna,50,40,40,118,118,40,78,49,69,18,19,1,0.9745762711864406,0.9693877551020409,1.0,0.9387755102040817,0.968421052631579,0.9999999999855071,69,0,3,46
com_erro,xgboost,lacuna,50,45,45,105,105,33,72,42,63,16,16,0,1.0,1.0,1.0,1.0,1.0,0.999999999984127,63,0,0,42
com_erro,xgboost,lacuna,50,50,50,95,95,33,62,42,53,18,18,0,0.9894736842105263,0.9880952380952381,1.0,0.9761904761904762,0.9879518072289156,0.9999999999811321,53,0,1,41
com_erro,xgboost,lacuna,60,5,5,939,939,344,595,438,501,19,19,0,1.0,1.0,1.0,1.0,1.0,0.999999999998004,501,0,0,438
com_erro,xgboost,lacuna,60,10,10,470,470,172,298,219,251,19,19,0,1.0,1.0,1.0,1.0,1.0,0.999999999996016,251,0,0,219
com_erro,xgboost,lacuna,60,15,15,313,313,113,200,144,169,18,18,0,1.0,1.0,1.0,1.0,1.0,0.999999999994083,169,0,0,144
com_erro,xgboost,lacuna,60,20,20,235,235,87,148,108,127,18,18,0,1.0,1.0,1.0,1.0,1.0,0.999999999992126,127,0,0,108
com_erro,xgboost,lacuna,60,25,25,188,188,69,119,89,99,16,16,0,1.0,1.0,1.0,1.0,1.0,0.999999999989899,99,0,0,89
com_erro,xgboost,lacuna,60,30,30,157,157,57,100,73,84,15,15,0,1.0,1.0,1.0,1.0,1.0,0.9999999999880952,84,0,0,73
com_erro,xgboost,lacuna,60,35,35,135,135,51,84,64,71,16,16,0,1.0,1.0,1.0,1.0,1.0,0.9999999999859155,71,0,0,64
com_erro,xgboost,lacuna,60,40,40,118,118,43,75,54,64,16,17,1,0.9830508474576272,0.9814814814814814,1.0,0.9629629629629629,0.9811320754716981,0.9999999999843749,64,0,2,52
com_erro,xgboost,lacuna,60,45,45,105,105,37,68,48,57,16,16,0,1.0,1.0,1.0,1.0,1.0,0.9999999999824563,57,0,0,48
com_erro,xgboost,lacuna,60,50,50,94,94,35,59,46,48,15,16,1,0.9787234042553191,0.9782608695652174,1.0,0.9565217391304348,0.9777777777777777,0.9999999999791668,48,0,2,44
com_erro,xgboost,lacuna,60,55,55,86,86,33,53,40,46,15,15,0,1.0,1.0,1.0,1.0,1.0,0.999999999978261,46,0,0,40
com_erro,xgboost,lacuna,60,60,60,79,79,30,49,38,41,15,15,0,1.0,1.0,1.0,1.0,1.0,0.9999999999756098,41,0,0,38
com_erro,xgboost,lacuna,70,5,5,937,937,375,562,474,463,19,19,0,1.0,1.0,1.0,1.0,1.0,0.9999999999978402,463,0,0,474
com_erro,xgboost,lacuna,70,10,10,469,469,188,281,237,232,17,17,0,1.0,1.0,1.0,1.0,1.0,0.9999999999956897,232,0,0,237
com_erro,xgboost,lacuna,70,15,15,313,313,125,188,157,156,16,16,0,1.0,1.0,1.0,1.0,1.0,0.9999999999935898,156,0,0,157
com_erro,xgboost,lacuna,70,20,20,235,235,95,140,120,115,17,17,0,1.0,1.0,1.0,1.0,1.0,0.9999999999913043,115,0,0,120
com_erro,xgboost,lacuna,70,25,25,188,188,75,113,95,93,16,16,0,1.0,1.0,1.0,1.0,1.0,0.9999999999892473,93,0,0,95
com_erro,xgboost,lacuna,70,30,30,157,157,61,96,79,78,16,16,0,0.9936305732484076,0.9936708860759493,1.0,0.9873417721518988,0.9936305732484076,0.9999999999871795,78,0,1,78
com_erro,xgboost,lacuna,70,35,35,134,134,55,79,69,65,15,15,0,1.0,1.0,1.0,1.0,1.0,0.9999999999846153,65,0,0,69
com_erro,xgboost,lacuna,70,40,40,118,118,48,70,61,57,16,16,0,0.9830508474576272,0.9836065573770492,1.0,0.9672131147540983,0.9833333333333333,0.9999999999824563,57,0,2,59
com_erro,xgboost,lacuna,70,45,45,105,105,42,63,52,53,16,16,0,1.0,1.0,1.0,1.0,1.0,0.9999999999811321,53,0,0,52
com_erro,xgboost,lacuna,70,50,50,94,94,38,56,47,47,15,15,0,0.9787234042553191,0.9787234042553192,1.0,0.9574468085106383,0.9782608695652174,0.9999999999787235,47,0,2,45
com_erro,xgboost,lacuna,70,55,55,86,86,35,51,42,44,16,16,0,1.0,1.0,1.0,1.0,1.0,0.9999999999772728,44,0,0,42
com_erro,xgboost,lacuna,70,60,60,79,79,32,47,42,37,16,16,0,0.9873417721518988,0.9880952380952381,1.0,0.9761904761904762,0.9879518072289156,0.9999999999729731,37,0,1,41
com_erro,xgboost,lacuna,70,65,65,73,73,27,46,39,34,13,14,1,0.9863013698630136,0.9871794871794872,1.0,0.9743589743589743,0.987012987012987,0.9999999999705883,34,0,1,38
com_erro,xgboost,lacuna,70,70,70,67,67,30,37,36,31,12,12,0,1.0,1.0,1.0,1.0,1.0,0.9999999999677419,31,0,0,36
com_erro,xgboost,lacuna,80,5,5,935,935,405,530,507,428,16,16,0,1.0,1.0,1.0,1.0,1.0,0.9999999999976635,428,0,0,507
com_erro,xgboost,lacuna,80,10,10,468,468,203,265,253,215,16,16,0,1.0,1.0,1.0,1.0,1.0,0.9999999999953488,215,0,0,253
com_erro,xgboost,lacuna,80,15,15,312,312,136,176,166,146,16,16,0,1.0,1.0,1.0,1.0,1.0,0.9999999999931508,146,0,0,166
com_erro,xgboost,lacuna,80,20,20,234,234,103,131,126,108,15,15,0,1.0,1.0,1.0,1.0,1.0,0.9999999999907407,108,0,0,126
com_erro,xgboost,lacuna,80,25,25,187,187,82,105,101,86,15,15,0,1.0,1.0,1.0,1.0,1.0,0.9999999999883721,86,0,0,101
com_erro,xgboost,lacuna,80,30,30,156,156,68,88,85,71,15,15,0,1.0,1.0,1.0,1.0,1.0,0.9999999999859155,71,0,0,85
com_erro,xgboost,lacuna,80,35,35,134,134,56,78,71,63,15,15,0,1.0,1.0,1.0,1.0,1.0,0.999999999984127,63,0,0,71
com_erro,xgboost,lacuna,80,40,40,117,117,53,64,63,54,14,14,0,0.9914529914529915,0.9920634920634921,1.0,0.9841269841269841,0.992,0.9999999999814816,54,0,1,62
com_erro,xgboost,lacuna,80,45,45,104,104,43,61,54,50,14,14,0,1.0,1.0,1.0,1.0,1.0,0.9999999999800001,50,0,0,54
com_erro,xgboost,lacuna,80,50,50,94,94,41,53,50,44,14,14,0,0.9893617021276596,0.99,1.0,0.98,0.98989898989899,0.9999999999772728,44,0,1,49
com_erro,xgboost,lacuna,80,55,55,85,85,37,48,44,41,15,15,0,1.0,1.0,1.0,1.0,1.0,0.9999999999756098,41,0,0,44
com_erro,xgboost,lacuna,80,60,60,78,78,35,43,43,35,13,13,0,1.0,1.0,1.0,1.0,1.0,0.9999999999714286,35,0,0,43
com_erro,xgboost,lacuna,80,65,65,72,72,29,43,40,32,11,11,0,1.0,1.0,1.0,1.0,1.0,0.9999999999687501,32,0,0,40
com_erro,xgboost,lacuna,80,70,70,67,67,30,37,37,30,12,12,0,1.0,1.0,1.0,1.0,1.0,0.9999999999666667,30,0,0,37
com_erro,xgboost,lacuna,80,75,75,63,63,26,37,33,30,11,11,0,1.0,1.0,1.0,1.0,1.0,0.9999999999666667,30,0,0,33
com_erro,xgboost,lacuna,80,80,80,59,59,25,34,32,27,12,12,0,1.0,1.0,1.0,1.0,1.0,0.999999999962963,27,0,0,32
com_erro,xgboost,lacuna,90,5,5,933,933,434,499,537,396,16,16,0,1.0,1.0,1.0,1.0,1.0,0.9999999999974748,396,0,0,537
com_erro,xgboost,lacuna,90,10,10,467,467,218,249,268,199,16,16,0,1.0,1.0,1.0,1.0,1.0,0.9999999999949749,199,0,0,268
com_erro,xgboost,lacuna,90,15,15,311,311,143,168,177,134,15,15,0,1.0,1.0,1.0,1.0,1.0,0.9999999999925374,134,0,0,177
com_erro,xgboost,lacuna,90,20,20,234,234,110,124,136,98,16,16,0,1.0,1.0,1.0,1.0,1.0,0.9999999999897958,98,0,0,136
com_erro,xgboost,lacuna,90,25,25,187,187,86,101,107,80,15,15,0,1.0,1.0,1.0,1.0,1.0,0.9999999999875,80,0,0,107
com_erro,xgboost,lacuna,90,30,30,156,156,72,84,88,68,15,15,0,1.0,1.0,1.0,1.0,1.0,0.9999999999852941,68,0,0,88
com_erro,xgboost,lacuna,90,35,35,134,134,63,71,78,56,15,15,0,1.0,1.0,1.0,1.0,1.0,0.999999999982143,56,0,0,78
com_erro,xgboost,lacuna,90,40,40,117,117,56,61,67,50,13,14,1,0.9829059829059829,0.9850746268656716,1.0,0.9701492537313433,0.9848484848484849,0.9999999999800001,50,0,2,65
com_erro,xgboost,lacuna,90,45,45,104,104,45,59,56,48,14,14,0,1.0,1.0,1.0,1.0,1.0,0.9999999999791668,48,0,0,56
com_erro,xgboost,lacuna,90,50,50,94,94,44,50,55,39,13,13,0,0.9893617021276596,0.990909090909091,1.0,0.9818181818181818,0.9908256880733946,0.9999999999743591,39,0,1,54
com_erro,xgboost,lacuna,90,55,55,85,85,42,43,49,36,12,12,0,1.0,1.0,1.0,1.0,1.0,0.9999999999722223,36,0,0,49
com_erro,xgboost,lacuna,90,60,60,78,78,36,42,44,34,13,13,0,1.0,1.0,1.0,1.0,1.0,0.9999999999705883,34,0,0,44
com_erro,xgboost,lacuna,90,65,65,72,72,33,39,44,28,11,12,1,0.9861111111111112,0.9886363636363636,1.0,0.9772727272727273,0.9885057471264368,0.9999999999642857,28,0,1,43
com_erro,xgboost,lacuna,90,70,70,67,67,33,34,40,27,11,11,0,1.0,1.0,1.0,1.0,1.0,0.999999999962963,27,0,0,40
com_erro,xgboost,lacuna,90,75,75,63,63,28,35,34,29,11,11,0,1.0,1.0,1.0,1.0,1.0,0.9999999999655173,29,0,0,34
com_erro,xgboost,lacuna,90,80,80,59,59,26,33,35,24,11,11,0,1.0,1.0,1.0,1.0,1.0,0.9999999999583333,24,0,0,35
com_erro,xgboost,lacuna,90,85,85,55,55,27,28,34,21,10,10,0,1.0,1.0,1.0,1.0,1.0,0.999999999952381,21,0,0,34
com_erro,xgboost,lacuna,90,90,90,52,52,23,29,27,25,12,12,0,1.0,1.0,1.0,1.0,1.0,0.99999999996,25,0,0,27
com_erro,xgboost,lacuna,100,5,5,931,931,461,470,567,364,16,16,0,1.0,1.0,1.0,1.0,1.0,0.9999999999972528,364,0,0,567
com_erro,xgboost,lacuna,100,10,10,466,466,231,235,283,183,16,16,0,1.0,1.0,1.0,1.0,1.0,0.9999999999945356,183,0,0,283
com_erro,xgboost,lacuna,100,15,15,311,311,154,157,187,124,16,16,0,1.0,1.0,1.0,1.0,1.0,0.9999999999919355,124,0,0,187
com_erro,xgboost,lacuna,100,20,20,233,233,116,117,141,92,13,13,0,1.0,1.0,1.0,1.0,1.0,0.9999999999891304,92,0,0,141
com_erro,xgboost,lacuna,100,25,25,187,187,96,91,114,73,14,14,0,1.0,1.0,1.0,1.0,1.0,0.9999999999863013,73,0,0,114
com_erro,xgboost,lacuna,100,30,30,156,156,76,80,94,62,16,16,0,0.9935897435897436,0.9946808510638299,1.0,0.9893617021276596,0.9946524064171123,0.999999999983871,62,0,1,93
com_erro,xgboost,lacuna,100,35,35,133,133,67,66,82,51,10,10,0,1.0,1.0,1.0,1.0,1.0,0.9999999999803922,51,0,0,82
com_erro,xgboost,lacuna,100,40,40,117,117,57,60,70,47,12,13,1,0.9914529914529915,0.9928571428571429,1.0,0.9857142857142858,0.9928057553956835,0.9999999999787235,47,0,1,69
com_erro,xgboost,lacuna,100,45,45,104,104,50,54,61,43,14,14,0,1.0,1.0,1.0,1.0,1.0,0.9999999999767443,43,0,0,61
com_erro,xgboost,lacuna,100,50,50,94,94,48,46,59,35,13,13,0,0.9893617021276596,0.9915254237288136,1.0,0.9830508474576272,0.9914529914529915,0.9999999999714286,35,0,1,58
com_erro,xgboost,lacuna,100,55,55,85,85,43,42,51,34,11,11,0,1.0,1.0,1.0,1.0,1.0,0.9999999999705883,34,0,0,51
com_erro,xgboost,lacuna,100,60,60,78,78,38,40,46,32,13,13,0,1.0,1.0,1.0,1.0,1.0,0.9999999999687501,32,0,0,46
com_erro,xgboost,lacuna,100,65,65,72,72,34,38,44,28,11,12,1,0.9583333333333334,0.9659090909090908,1.0,0.9318181818181818,0.9647058823529412,0.9999999999642857,28,0,3,41
com_erro,xgboost,lacuna,100,70,70,67,67,33,34,42,25,10,10,0,1.0,1.0,1.0,1.0,1.0,0.99999999996,25,0,0,42
com_erro,xgboost,lacuna,100,75,75,63,63,32,31,36,27,12,12,0,1.0,1.0,1.0,1.0,1.0,0.999999999962963,27,0,0,36
com_erro,xgboost,lacuna,100,80,80,59,59,27,32,37,22,10,10,0,1.0,1.0,1.0,1.0,1.0,0.9999999999545455,22,0,0,37
com_erro,xgboost,lacuna,100,85,85,55,55,28,27,34,21,10,10,0,0.9818181818181818,0.9852941176470589,1.0,0.9705882352941176,0.9850746268656716,0.999999999952381,21,0,1,33
com_erro,xgboost,lacuna,100,90,90,52,52,25,27,31,21,12,12,0,0.9807692307692307,0.9838709677419355,1.0,0.967741935483871,0.9836065573770492,0.999999999952381,21,0,1,30
com_erro,xgboost,lacuna,100,95,95,49,49,22,27,30,19,10,10,0,1.0,1.0,1.0,1.0,1.0,0.9999999999473684,19,0,0,30
com_erro,xgboost,lacuna,100,100,100,47,47,23,24,29,18,10,10,0,0.9787234042553191,0.9827586206896552,1.0,0.9655172413793104,0.9824561403508771,0.9999999999444444,18,0,1,28
com_erro,xgboost,oscilacao,20,5,5,947,947,393,554,380,567,19,36,17,0.9408658922914467,0.9419381787802841,0.9090909090909091,0.9473684210526315,0.9278350515463918,0.9365079365062848,531,36,20,360
com_erro,xgboost,oscilacao,20,10,10,474,474,198,276,188,286,19,32,13,0.930379746835443,0.9304604969498587,0.8974358974358975,0.9308510638297872,0.9138381201044387,0.9300699300666782,266,20,13,175
com_erro,xgboost,oscilacao,20,15,15,316,316,134,182,124,192,19,28,9,0.939873417721519,0.943380376344086,0.8947368421052632,0.9596774193548387,0.9260700389105059,0.9270833333285048,178,14,5,119
com_erro,xgboost,oscilacao,20,20,20,237,237,99,138,96,141,19,27,8,0.9156118143459916,0.9174423758865249,0.8725490196078431,0.9270833333333334,0.898989898989899,0.9078014184332781,128,13,7,89
com_erro,xgboost,oscilacao,30,5,5,945,945,434,511,416,529,19,34,15,0.9301587301587302,0.9309428166351608,0.9069767441860465,0.9375,0.9219858156028369,0.9243856332685739,489,40,26,390
com_erro,xgboost,oscilacao,30,10,10,473,473,218,255,206,267,19,33,14,0.9217758985200846,0.9246118322970074,0.8823529411764706,0.9466019417475728,0.9133489461358314,0.9026217228430614,241,26,11,195
com_erro,xgboost,oscilacao,30,15,15,315,315,144,171,139,176,19,27,8,0.9174603174603174,0.9185742315238719,0.8896551724137931,0.9280575539568345,0.9084507042253521,0.9090909090857439,160,16,10,129
com_erro,xgboost,oscilacao,30,20,20,237,237,111,126,106,131,18,26,8,0.9029535864978903,0.9041120553075039,0.8738738738738738,0.9150943396226415,0.8940092165898618,0.8931297709855487,117,14,9,97
com_erro,xgboost,oscilacao,30,25,25,189,189,88,101,82,107,19,25,6,0.8624338624338624,0.8656826988830636,0.8111111111111111,0.8902439024390244,0.8488372093023255,0.8411214953192419,90,17,9,73
com_erro,xgboost,oscilacao,30,30,30,158,158,69,89,68,90,19,26,7,0.8987341772151899,0.903921568627451,0.8421052631578947,0.9411764705882353,0.8888888888888888,0.866666666657037,78,12,4,64
com_erro,xgboost,oscilacao,40,5,5,943,943,474,469,451,492,18,32,14,0.9194061505832449,0.91990022172949,0.9032258064516129,0.9312638580931264,0.9170305676855895,0.908536585364007,447,45,31,420
com_erro,xgboost,oscilacao,40,10,10,472,472,238,234,224,248,18,27,9,0.9216101694915254,0.9230270737327189,0.891213389121339,0.9508928571428571,0.9200863930885529,0.8951612903189712,222,26,11,213
com_erro,xgboost,oscilacao,40,15,15,315,315,160,155,153,162,17,23,6,0.8920634920634921,0.8925199709513435,0.8742138364779874,0.9084967320261438,0.8910256410256411,0.8765432098711325,142,20,14,139
com_erro,xgboost,oscilacao,40,20,20,236,236,119,117,114,122,17,21,4,0.9067796610169492,0.9078228357779695,0.8770491803278688,0.9385964912280702,0.9067796610169492,0.8770491803206799,107,15,7,107
com_erro,xgboost,oscilacao,40,25,25,189,189,93,96,91,98,17,25,8,0.8624338624338624,0.8645996860282574,0.8155339805825242,0.9230769230769231,0.865979381443299,0.8061224489713661,79,19,7,84
com_erro,xgboost,oscilacao,40,30,30,158,158,77,81,75,83,17,25,8,0.8544303797468354,0.8563052208835341,0.8170731707317073,0.8933333333333333,0.8535031847133758,0.8192771084238641,68,15,8,67
com_erro,xgboost,oscilacao,40,35,35,135,135,69,66,63,72,17,21,4,0.9111111111111111,0.9136904761904762,0.8695652173913043,0.9523809523809523,0.9090909090909091,0.8749999999878472,63,9,3,60
com_erro,xgboost,oscilacao,40,40,40,118,118,62,56,57,61,16,20,4,0.8813559322033898,0.8840954846131723,0.8208955223880597,0.9649122807017544,0.8870967741935484,0.8032786885114217,49,12,2,55
com_erro,xgboost,oscilacao,50,5,5,941,941,514,427,485,456,17,37,20,0.8969181721572795,0.8957383794537891,0.8745173745173745,0.934020618556701,0.9032901296111665,0.8574561403489969,391,65,32,453
com_erro,xgboost,oscilacao,50,10,10,471,471,258,213,241,230,17,27,10,0.9193205944798302,0.9183835468158037,0.8918918918918919,0.9585062240663901,0.924,0.8782608695613989,202,28,10,231
com_erro,xgboost,oscilacao,50,15,15,314,314,174,140,159,155,17,26,9,0.8885350318471338,0.8879894501927369,0.8604651162790697,0.9308176100628931,0.8942598187311178,0.8451612903171281,131,24,11,148
com_erro,xgboost,oscilacao,50,20,20,236,236,131,105,123,113,17,25,8,0.8898305084745762,0.8885531333189438,0.875968992248062,0.9186991869918699,0.8968253968253969,0.8584070796384211,97,16,10,113
com_erro,xgboost,oscilacao,50,25,25,189,189,103,86,99,90,17,20,3,0.8888888888888888,0.8863636363636365,0.8611111111111112,0.9393939393939394,0.8985507246376812,0.833333333324074,75,15,6,93
com_erro,xgboost,oscilacao,50,30,30,157,157,86,71,79,78,17,22,5,0.8853503184713376,0.8851022395326194,0.8588235294117647,0.9240506329113924,0.8902439024390244,0.8461538461429979,66,12,6,73
com_erro,xgboost,oscilacao,50,35,35,135,135,74,61,68,67,16,24,8,0.8592592592592593,0.8587576821773486,0.8181818181818182,0.9264705882352942,0.8689655172413793,0.7910447761075963,53,14,5,63
com_erro,xgboost,oscilacao,50,40,40,118,118,67,51,62,56,14,17,3,0.8389830508474576,0.836405529953917,0.8208955223880597,0.8870967741935484,0.8527131782945736,0.7857142857002551,44,12,7,55
com_erro,xgboost,oscilacao,50,45,45,105,105,57,48,54,51,16,22,6,0.8285714285714286,0.8273420479302832,0.8103448275862069,0.8703703703703703,0.8392857142857143,0.7843137254748175,40,11,7,47
com_erro,xgboost,oscilacao,50,50,50,95,95,51,44,50,45,15,20,5,0.8842105263157894,0.8777777777777778,0.819672131147541,1.0,0.9009009009009009,0.7555555555387655,34,11,0,50
com_erro,xgboost,oscilacao,60,5,5,939,939,551,388,516,423,17,35,18,0.8956336528221512,0.8907650228159877,0.8786231884057971,0.939922480620155,0.9082397003745318,0.8416075650098307,356,67,31,485
com_erro,xgboost,oscilacao,60,10,10,470,470,276,194,257,213,17,29,12,0.9063829787234042,0.9011344330574889,0.8817204301075269,0.9571984435797666,0.917910447761194,0.8450704225312439,180,33,11,246
com_erro,xgboost,oscilacao,60,15,15,313,313,183,130,173,140,17,27,10,0.8849840255591054,0.8802848885218828,0.8743169398907104,0.9248554913294798,0.898876404494382,0.8357142857083164,117,23,13,160
com_erro,xgboost,oscilacao,60,20,20,235,235,138,97,130,105,16,19,3,0.902127659574468,0.8968864468864468,0.8848920863309353,0.9461538461538461,0.9144981412639405,0.8476190476109751,89,16,7,123
com_erro,xgboost,oscilacao,60,25,25,188,188,109,79,102,86,17,21,4,0.8936170212765957,0.8882808937528499,0.8660714285714286,0.9509803921568627,0.9065420560747663,0.8255813953392374,71,15,5,97
com_erro,xgboost,oscilacao,60,30,30,157,157,89,68,86,71,17,21,4,0.821656050955414,0.8175565018015067,0.8222222222222222,0.8604651162790697,0.8409090909090909,0.7746478873130331,55,16,12,74
com_erro,xgboost,oscilacao,60,35,35,135,135,80,55,75,60,15,20,5,0.8666666666666667,0.8583333333333334,0.8433734939759037,0.9333333333333333,0.8860759493670886,0.7833333333202778,47,13,5,70
com_erro,xgboost,oscilacao,60,40,40,118,118,71,47,65,53,14,17,3,0.847457627118644,0.8406386066763425,0.8309859154929577,0.9076923076923077,0.8676470588235294,0.7735849056457814,41,12,6,59
com_erro,xgboost,oscilacao,60,45,45,105,105,60,45,60,45,14,19,5,0.819047619047619,0.8083333333333333,0.8153846153846154,0.8833333333333333,0.848,0.7333333333170371,33,12,7,53
com_erro,xgboost,oscilacao,60,50,50,94,94,56,38,51,43,15,18,3,0.8723404255319149,0.8641130870953033,0.8305084745762712,0.9607843137254902,0.8909090909090909,0.7674418604472688,33,10,2,49
com_erro,xgboost,oscilacao,60,55,55,86,86,51,35,48,38,13,16,3,0.8023255813953488,0.8009868421052632,0.8297872340425532,0.8125,0.8210526315789474,0.7894736841897507,30,8,9,39
com_erro,xgboost,oscilacao,60,60,60,79,79,44,35,43,36,15,15,0,0.9113924050632911,0.9072997416020672,0.8913043478260869,0.9534883720930233,0.9213483146067416,0.8611111110871914,31,5,2,41
com_erro,xgboost,oscilacao,70,5,5,937,937,582,355,546,391,15,38,23,0.8996798292422625,0.8895969759141115,0.8856655290102389,0.9505494505494505,0.9169611307420494,0.8286445012766531,324,67,27,519
com_erro,xgboost,oscilacao,70,10,10,469,469,291,178,272,197,15,30,15,0.8869936034115139,0.8745800985368766,0.8662207357859532,0.9522058823529411,0.9071803852889667,0.7969543147167668,157,40,13,259
com_erro,xgboost,oscilacao,70,15,15,313,313,195,118,184,129,15,23,8,0.8817891373801917,0.8751263902932255,0.8888888888888888,0.9130434782608695,0.900804289544236,0.8372093023190915,108,21,16,168
com_erro,xgboost,oscilacao,70,20,20,235,235,147,88,139,96,14,24,10,0.8468085106382979,0.8286121103117505,0.832258064516129,0.9280575539568345,0.8775510204081632,0.7291666666590711,70,26,10,129
com_erro,xgboost,oscilacao,70,25,25,188,188,116,72,109,79,14,24,10,0.8670212765957447,0.8539658576239694,0.85,0.9357798165137615,0.8908296943231441,0.7721518987244032,61,18,7,102
com_erro,xgboost,oscilacao,70,30,30,157,157,96,61,91,66,14,20,6,0.8280254777070064,0.8141858141858143,0.82,0.9010989010989011,0.8586387434554974,0.727272727261708,48,18,9,82
com_erro,xgboost,oscilacao,70,35,35,134,134,84,50,77,57,15,17,2,0.8582089552238806,0.8492822966507176,0.8536585365853658,0.9090909090909091,0.8805031446540881,0.789473684196676,45,12,7,70
com_erro,xgboost,oscilacao,70,40,40,118,118,75,43,69,49,11,13,2,0.8135593220338984,0.7873410233658681,0.7831325301204819,0.9420289855072463,0.8552631578947368,0.6326530612115786,31,18,4,65
com_erro,xgboost,oscilacao,70,45,45,105,105,63,42,62,43,12,16,4,0.8476190476190476,0.8388972243060765,0.859375,0.8870967741935484,0.873015873015873,0.7906976744002164,34,9,7,55
com_erro,xgboost,oscilacao,70,50,50,94,94,57,37,55,39,12,16,4,0.7872340425531915,0.7771561771561771,0.8070175438596491,0.8363636363636363,0.8214285714285714,0.7179487179303091,28,11,9,46
com_erro,xgboost,oscilacao,70,55,55,86,86,52,34,53,33,12,15,3,0.7906976744186046,0.7672955974842768,0.8070175438596491,0.8679245283018868,0.8363636363636363,0.6666666666464647,22,11,7,46
com_erro,xgboost,oscilacao,70,60,60,79,79,47,32,46,33,13,15,2,0.8481012658227848,0.8310276679841897,0.8269230769230769,0.9347826086956522,0.8775510204081632,0.7272727272506888,24,9,3,43
com_erro,xgboost,oscilacao,70,65,65,73,73,45,28,43,30,12,14,2,0.8082191780821918,0.7868217054263565,0.7959183673469388,0.9069767441860465,0.8478260869565217,0.6666666666444444,20,10,4,39
com_erro,xgboost,oscilacao,70,70,70,67,67,41,26,36,31,13,16,3,0.8059701492537313,0.803763440860215,0.8108108108108109,0.8333333333333334,0.821917808219178,0.7741935483621228,24,7,6,30
com_erro,xgboost,oscilacao,80,5,5,935,935,611,324,572,363,15,37,22,0.8716577540106952,0.8538355583810129,0.8668831168831169,0.9335664335664335,0.898989898989899,0.7741046831934598,281,82,38,534
com_erro,xgboost,oscilacao,80,10,10,468,468,305,163,285,183,14,31,17,0.8611111111111112,0.8390278976128847,0.8481012658227848,0.9403508771929825,0.891846921797005,0.7377049180287557,135,48,17,268
com_erro,xgboost,oscilacao,80,15,15,312,312,206,106,189,123,15,29,14,0.8525641025641025,0.8257839721254355,0.8294930875576036,0.9523809523809523,0.8866995073891626,0.6991869918642343,86,37,9,180
com_erro,xgboost,oscilacao,80,20,20,234,234,152,82,144,90,14,26,12,0.8547008547008547,0.8277777777777777,0.8395061728395061,0.9444444444444444,0.8888888888888888,0.7111111111032099,64,26,8,136
com_erro,xgboost,oscilacao,80,25,25,187,187,123,64,115,72,14,22,8,0.8181818181818182,0.7898550724637681,0.813953488372093,0.9130434782608695,0.860655737704918,0.6666666666574074,48,24,10,105
com_erro,xgboost,oscilacao,80,30,30,156,156,102,54,95,61,13,18,5,0.8525641025641025,0.8144089732528041,0.8103448275862069,0.9894736842105263,0.8909952606635071,0.639344262284601,39,22,1,94
com_erro,xgboost,oscilacao,80,35,35,134,134,86,48,81,53,12,20,8,0.8507462686567164,0.8308874912648497,0.8426966292134831,0.9259259259259259,0.8823529411764706,0.7358490565898896,39,14,6,75
com_erro,xgboost,oscilacao,80,40,40,117,117,77,40,72,45,11,16,5,0.8376068376068376,0.8055555555555556,0.8192771084337349,0.9444444444444444,0.8774193548387097,0.6666666666518519,30,15,4,68
com_erro,xgboost,oscilacao,80,45,45,104,104,69,35,63,41,11,16,5,0.8365384615384616,0.805458768873403,0.8108108108108109,0.9523809523809523,0.8759124087591241,0.6585365853497919,27,14,3,60
com_erro,xgboost,oscilacao,80,50,50,94,94,59,35,61,33,11,10,-1,0.7978723404255319,0.7538499751614506,0.8088235294117647,0.9016393442622951,0.8527131782945736,0.6060606060422407,20,13,6,55
com_erro,xgboost,oscilacao,80,55,55,85,85,57,28,52,33,12,13,1,0.8352941176470589,0.798951048951049,0.8064516129032258,0.9615384615384616,0.8771929824561403,0.6363636363443527,21,12,2,50
com_erro,xgboost,oscilacao,80,60,60,78,78,49,29,47,31,12,14,2,0.8076923076923077,0.7745367192862045,0.7857142857142857,0.9361702127659575,0.8543689320388349,0.6129032257866805,19,12,3,44
com_erro,xgboost,oscilacao,80,65,65,72,72,48,24,44,28,12,11,-1,0.7777777777777778,0.7142857142857143,0.7333333333333333,1.0,0.8461538461538461,0.42857142855612246,12,16,0,44
com_erro,xgboost,oscilacao,80,70,70,67,67,41,26,40,27,10,14,4,0.8208955223880597,0.8199074074074073,0.868421052631579,0.825,0.8461538461538461,0.8148148147846365,22,5,7,33
com_erro,xgboost,oscilacao,80,75,75,63,63,44,19,40,23,8,11,3,0.7301587301587301,0.6951086956521739,0.7674418604651163,0.825,0.7951807228915663,0.5652173912797731,13,10,7,33
com_erro,xgboost,oscilacao,80,80,80,59,59,40,19,36,23,11,10,-1,0.8135593220338984,0.7844202898550725,0.8048780487804879,0.9166666666666666,0.8571428571428571,0.6521739130151228,15,8,3,33
com_erro,xgboost,oscilacao,90,5,5,933,933,638,295,597,336,13,39,26,0.8263665594855305,0.790806712132089,0.8290468986384266,0.9179229480737019,0.8712241653418124,0.663690476188501,223,113,49,548
com_erro,xgboost,oscilacao,90,10,10,467,467,319,148,297,170,13,32,19,0.828693790149893,0.7886017033075856,0.8200589970501475,0.936026936026936,0.8742138364779874,0.6411764705844637,109,61,19,278
com_erro,xgboost,oscilacao,90,15,15,311,311,213,98,201,110,12,24,12,0.8263665594855305,0.7854138398914519,0.8266666666666667,0.9253731343283582,0.8732394366197183,0.6454545454486776,71,39,15,186
com_erro,xgboost,oscilacao,90,20,20,234,234,161,73,151,83,11,21,10,0.8205128205128205,0.7741163328811936,0.815028901734104,0.9337748344370861,0.8703703703703703,0.6144578313178981,51,32,10,141
com_erro,xgboost,oscilacao,90,25,25,187,187,127,60,119,68,13,25,12,0.8074866310160428,0.7605042016806722,0.7985611510791367,0.9327731092436975,0.8604651162790697,0.5882352941089966,40,28,8,111
com_erro,xgboost,oscilacao,90,30,30,156,156,104,52,101,55,11,17,6,0.8076923076923077,0.752115211521152,0.7983193277310925,0.9405940594059405,0.8636363636363636,0.5636363636261157,31,24,6,95
com_erro,xgboost,oscilacao,90,35,35,134,134,91,43,86,48,11,14,3,0.8432835820895522,0.7996608527131783,0.8282828282828283,0.9534883720930233,0.8864864864864865,0.6458333333198785,31,17,4,82
com_erro,xgboost,oscilacao,90,40,40,117,117,82,35,75,42,11,15,4,0.811965811965812,0.7642857142857142,0.8045977011494253,0.9333333333333333,0.8641975308641975,0.5952380952239229,25,17,5,70
com_erro,xgboost,oscilacao,90,45,45,104,104,72,32,69,35,10,12,2,0.8173076923076923,0.7426501035196686,0.7976190476190477,0.9710144927536232,0.8758169934640523,0.5142857142710204,18,17,2,67
com_erro,xgboost,oscilacao,90,50,50,94,94,61,33,62,32,11,9,-2,0.776595744680851,0.702116935483871,0.7733333333333333,0.9354838709677419,0.8467153284671532,0.4687499999853516,15,17,4,58
com_erro,xgboost,oscilacao,90,55,55,85,85,59,26,53,32,11,10,-1,0.8235294117647058,0.7780070754716981,0.796875,0.9622641509433962,0.8717948717948718,0.5937499999814454,19,13,2,51
com_erro,xgboost,oscilacao,90,60,60,78,78,51,27,50,28,9,10,1,0.8076923076923077,0.7478571428571428,0.7868852459016393,0.96,0.8648648648648649,0.5357142856951531,15,13,2,48
com_erro,xgboost,oscilacao,90,65,65,72,72,49,23,47,25,9,12,3,0.8055555555555556,0.7480851063829788,0.8,0.9361702127659575,0.8627450980392157,0.5599999999776,14,11,3,44
com_erro,xgboost,oscilacao,90,70,70,67,67,44,23,43,24,9,10,1,0.7611940298507462,0.6942829457364341,0.7547169811320755,0.9302325581395349,0.8333333333333334,0.4583333333142361,11,13,3,40
com_erro,xgboost,oscilacao,90,75,75,63,63,45,18,43,20,8,10,2,0.746031746031746,0.666860465116279,0.7755102040816326,0.8837209302325582,0.8260869565217391,0.4499999999775,9,11,5,38
com_erro,xgboost,oscilacao,90,80,80,59,59,43,16,38,21,11,9,-2,0.8135593220338984,0.7593984962406015,0.8,0.9473684210526315,0.8674698795180723,0.5714285714013605,12,9,2,36
com_erro,xgboost,oscilacao,90,85,85,55,55,38,17,33,22,10,11,1,0.7636363636363637,0.7348484848484849,0.7631578947368421,0.8787878787878788,0.8169014084507042,0.5909090908822314,13,9,4,29
com_erro,xgboost,oscilacao,90,90,90,52,52,37,15,34,18,8,6,-2,0.7307692307692307,0.6241830065359477,0.717391304347826,0.9705882352941176,0.825,0.2777777777623457,5,13,1,33
com_erro,xgboost,oscilacao,100,5,5,931,931,662,269,619,312,11,27,16,0.7980665950590763,0.7432272896731701,0.8100719424460432,0.9095315024232633,0.8569254185692542,0.5769230769212278,180,132,56,563
com_erro,xgboost,oscilacao,100,10,10,466,466,331,135,308,158,11,26,15,0.8175965665236051,0.7602950846621732,0.8140845070422535,0.9383116883116883,0.8717948717948718,0.582278481008973,92,66,19,289
com_erro,xgboost,oscilacao,100,15,15,311,311,222,89,208,103,11,21,10,0.8167202572347267,0.7698609036594474,0.8325991189427313,0.9086538461538461,0.8689655172413793,0.6310679611589216,65,38,19,189
com_erro,xgboost,oscilacao,100,20,20,233,233,164,69,156,77,11,21,10,0.8283261802575107,0.7830086580086579,0.8411764705882353,0.9166666666666666,0.8773006134969326,0.6493506493422162,50,27,13,143
com_erro,xgboost,oscilacao,100,25,25,187,187,132,55,127,60,10,14,4,0.8502673796791443,0.8062335958005249,0.8613138686131386,0.9291338582677166,0.8939393939393939,0.6833333333219445,41,19,9,118
com_erro,xgboost,oscilacao,100,30,30,156,156,109,47,103,53,11,19,8,0.8141025641025641,0.7584722476644075,0.8135593220338984,0.9320388349514563,0.8687782805429864,0.5849056603663225,31,22,7,96
com_erro,xgboost,oscilacao,100,35,35,133,133,93,40,90,43,9,15,6,0.8571428571428571,0.8094315245478036,0.8585858585858586,0.9444444444444444,0.8994708994708994,0.6744186046354786,29,14,5,85
com_erro,xgboost,oscilacao,100,40,40,117,117,85,32,77,40,11,15,4,0.8290598290598291,0.7680194805194804,0.8131868131868132,0.961038961038961,0.8809523809523809,0.574999999985625,23,17,3,74
com_erro,xgboost,oscilacao,100,45,45,104,104,74,30,71,33,10,13,3,0.7884615384615384,0.7153222364489971,0.8024691358024691,0.9154929577464789,0.8552631578947368,0.5151515151359045,17,16,6,65
com_erro,xgboost,oscilacao,100,50,50,94,94,65,29,64,30,9,8,-1,0.8085106382978723,0.7442708333333333,0.8194444444444444,0.921875,0.8676470588235294,0.5666666666477778,17,13,5,59
com_erro,xgboost,oscilacao,100,55,55,85,85,61,24,55,30,10,11,1,0.8,0.7545454545454545,0.8064516129032258,0.9090909090909091,0.8547008547008547,0.59999999998,18,12,5,50
com_erro,xgboost,oscilacao,100,60,60,78,78,53,25,51,27,9,8,-1,0.8076923076923077,0.7309368191721133,0.78125,0.9803921568627451,0.8695652173913043,0.48148148146364883,13,14,1,50
com_erro,xgboost,oscilacao,100,65,65,72,72,50,22,47,25,9,11,2,0.8055555555555556,0.7480851063829788,0.8,0.9361702127659575,0.8627450980392157,0.5599999999776,14,11,3,44
com_erro,xgboost,oscilacao,100,70,70,67,67,47,20,47,20,7,9,2,0.7761194029850746,0.6680851063829787,0.7857142857142857,0.9361702127659575,0.8543689320388349,0.39999999998,8,12,3,44
com_erro,xgboost,oscilacao,100,75,75,63,63,46,17,45,18,7,13,6,0.7777777777777778,0.7111111111111111,0.8297872340425532,0.8666666666666667,0.8478260869565217,0.5555555555246914,10,8,6,39
com_erro,xgboost,oscilacao,100,80,80,59,59,43,16,39,20,11,9,-2,0.8135593220338984,0.7493589743589744,0.8043478260869565,0.9487179487179487,0.8705882352941177,0.5499999999725,11,9,2,37
com_erro,xgboost,oscilacao,100,85,85,55,55,39,16,35,20,9,10,1,0.8363636363636363,0.8071428571428572,0.8421052631578947,0.9142857142857143,0.8767123287671232,0.699999999965,14,6,3,32
com_erro,xgboost,oscilacao,100,90,90,52,52,38,14,35,17,8,8,0,0.8269230769230769,0.7504201680672269,0.8095238095238095,0.9714285714285714,0.8831168831168831,0.5294117646747405,9,8,1,34
com_erro,xgboost,oscilacao,100,95,95,49,49,34,15,35,14,7,11,4,0.7755102040816326,0.6928571428571428,0.8157894736842105,0.8857142857142857,0.8493150684931506,0.49999999996428574,7,7,4,31
com_erro,xgboost,oscilacao,100,100,100,47,47,32,15,33,14,7,7,0,0.8085106382978723,0.7402597402597402,0.8333333333333334,0.9090909090909091,0.8695652173913043,0.571428571387755,8,6,3,30
com_erro,xgboost,queda,20,5,5,947,947,190,757,206,741,20,33,13,0.9334741288278775,0.9276987277753757,0.8042553191489362,0.9174757281553398,0.8571428571428571,0.9379217273941459,695,46,17,189
com_erro,xgboost,queda,20,10,10,474,474,96,378,104,370,20,27,7,0.9282700421940928,0.9194906444906445,0.7966101694915254,0.9038461538461539,0.8468468468468469,0.9351351351326078,346,24,10,94
com_erro,xgboost,queda,20,15,15,316,316,64,252,70,246,19,25,6,0.9335443037974683,0.9266550522648083,0.810126582278481,0.9142857142857143,0.8590604026845637,0.9390243902400853,231,15,6,64
com_erro,xgboost,queda,20,20,20,237,237,49,188,52,185,19,28,9,0.9282700421940928,0.9264033264033265,0.7868852459016393,0.9230769230769231,0.8495575221238938,0.9297297297247042,172,13,4,48
com_erro,xgboost,queda,30,5,5,945,945,232,713,244,701,20,34,14,0.9153439153439153,0.9108767334720891,0.7971014492753623,0.9016393442622951,0.8461538461538461,0.9201141226805705,645,56,24,220
com_erro,xgboost,queda,30,10,10,473,473,117,356,123,350,20,28,8,0.9112050739957717,0.9030894308943089,0.7956204379562044,0.8861788617886179,0.8384615384615385,0.9199999999973715,322,28,14,109
com_erro,xgboost,queda,30,15,15,315,315,77,238,81,234,19,30,11,0.9015873015873016,0.8933998100664767,0.7717391304347826,0.8765432098765432,0.8208092485549133,0.9102564102525204,213,21,10,71
com_erro,xgboost,queda,30,20,20,237,237,62,175,64,173,20,26,6,0.9029535864978903,0.8892250722543353,0.7971014492753623,0.859375,0.8270676691729323,0.919075144503358,159,14,9,55
com_erro,xgboost,queda,30,25,25,189,189,48,141,46,143,18,24,6,0.9047619047619048,0.8854515050167224,0.78,0.8478260869565217,0.8125,0.9230769230704681,132,11,7,39
com_erro,xgboost,queda,30,30,30,158,158,41,117,40,118,18,26,8,0.8544303797468354,0.8364406779661018,0.6808510638297872,0.8,0.735632183908046,0.8728813559248061,103,15,8,32
com_erro,xgboost,queda,40,5,5,943,943,274,669,281,662,20,39,19,0.8992576882290562,0.8965014890711851,0.7961783439490446,0.8896797153024911,0.8403361344537815,0.9033232628385146,598,64,31,250
com_erro,xgboost,queda,40,10,10,472,472,138,334,142,330,19,27,8,0.9046610169491526,0.9017285531370038,0.8089171974522293,0.8943661971830986,0.8494983277591973,0.9090909090881543,300,30,15,127
com_erro,xgboost,queda,40,15,15,315,315,92,223,96,219,19,29,10,0.8793650793650793,0.8752140410958904,0.7685185185185185,0.8645833333333334,0.8137254901960784,0.8858447488544026,194,25,13,83
com_erro,xgboost,queda,40,20,20,236,236,70,166,71,165,17,27,10,0.902542372881356,0.9022193768672642,0.8,0.9014084507042254,0.847682119205298,0.9030303030248302,149,16,7,64
com_erro,xgboost,queda,40,25,25,189,189,55,134,54,135,18,25,7,0.873015873015873,0.8888888888888888,0.7142857142857143,0.9259259259259259,0.8064516129032258,0.8518518518455419,115,20,4,50
com_erro,xgboost,queda,40,30,30,158,158,46,112,48,110,17,24,7,0.8670886075949367,0.8575757575757577,0.7547169811320755,0.8333333333333334,0.7920792079207921,0.8818181818101652,97,13,8,40
com_erro,xgboost,queda,40,35,35,135,135,39,96,37,98,17,24,7,0.9111111111111111,0.9135410921125207,0.7906976744186046,0.918918918918919,0.85,0.9081632652968554,89,9,3,34
com_erro,xgboost,queda,40,40,40,118,118,34,84,36,82,16,23,7,0.8898305084745762,0.8895663956639566,0.7804878048780488,0.8888888888888888,0.8311688311688312,0.8902439024281678,73,9,4,32
com_erro,xgboost,queda,50,5,5,941,941,312,629,316,625,18,39,21,0.8799149840595112,0.8790911392405063,0.7891737891737892,0.8765822784810127,0.8305847076461769,0.8815999999985894,551,74,39,277
com_erro,xgboost,queda,50,10,10,471,471,157,314,159,312,18,31,13,0.8704883227176221,0.8714017900338655,0.7722222222222223,0.8742138364779874,0.8200589970501475,0.8685897435869597,271,41,20,139
com_erro,xgboost,queda,50,15,15,314,314,105,209,107,207,16,30,14,0.8630573248407644,0.8667885683326562,0.7580645161290323,0.8785046728971962,0.8138528138528138,0.8550724637639852,177,30,13,94
com_erro,xgboost,queda,50,20,20,236,236,82,154,83,153,17,22,5,0.8813559322033898,0.8726671391448146,0.8235294117647058,0.8433734939759037,0.8333333333333334,0.9019607843078303,138,15,13,70
com_erro,xgboost,queda,50,25,25,189,189,66,123,62,127,16,28,12,0.8359788359788359,0.8408051816103632,0.7066666666666667,0.8548387096774194,0.7737226277372263,0.826771653536797,105,22,9,53
com_erro,xgboost,queda,50,30,30,157,157,55,102,54,103,16,26,10,0.8280254777070064,0.833692916217188,0.7076923076923077,0.8518518518518519,0.773109243697479,0.8155339805746065,84,19,8,46
com_erro,xgboost,queda,50,35,35,135,135,46,89,44,91,16,27,11,0.8222222222222222,0.8270479520479521,0.6851851851851852,0.8409090909090909,0.7551020408163265,0.813186813177877,74,17,7,37
com_erro,xgboost,queda,50,40,40,118,118,40,78,41,77,16,22,6,0.8813559322033898,0.8748812163446309,0.813953488372093,0.8536585365853658,0.8333333333333334,0.8961038960922584,69,8,6,35
com_erro,xgboost,queda,50,45,45,105,105,34,71,37,68,15,22,7,0.8476190476190476,0.8577106518282989,0.7333333333333333,0.8918918918918919,0.8048780487804879,0.8235294117525951,56,12,4,33
com_erro,xgboost,queda,50,50,50,95,95,32,63,32,63,16,23,7,0.8,0.826140873015873,0.6444444444444445,0.90625,0.7532467532467533,0.7460317460199043,47,16,3,29
com_erro,xgboost,queda,60,5,5,939,939,347,592,347,592,16,38,22,0.8626198083067093,0.8660015382817976,0.7780612244897959,0.8789625360230547,0.8254397834912043,0.8530405405390996,505,87,42,305
com_erro,xgboost,queda,60,10,10,470,470,175,295,175,295,16,29,13,0.8702127659574468,0.8756900726392252,0.785,0.8971428571428571,0.8373333333333334,0.8542372881326975,252,43,18,157
com_erro,xgboost,queda,60,15,15,313,313,115,198,116,197,15,23,8,0.8594249201277955,0.8706021354804832,0.7571428571428571,0.9137931034482759,0.828125,0.8274111675084903,163,34,10,106
com_erro,xgboost,queda,60,20,20,235,235,88,147,87,148,15,23,8,0.8723404255319149,0.8773299161230196,0.7878787878787878,0.896551724137931,0.8387096774193549,0.8581081081023102,127,21,9,78
com_erro,xgboost,queda,60,25,25,188,188,69,119,67,121,15,27,12,0.824468085106383,0.8303318120143086,0.7125,0.8507462686567164,0.7755102040816326,0.8099173553652073,98,23,10,57
com_erro,xgboost,queda,60,30,30,157,157,60,97,58,99,15,22,7,0.8598726114649682,0.8674677812608846,0.7647058823529411,0.896551724137931,0.8253968253968254,0.8383838383753698,83,16,6,52
com_erro,xgboost,queda,60,35,35,135,135,52,83,51,84,16,21,5,0.8666666666666667,0.8813025210084033,0.7619047619047619,0.9411764705882353,0.8421052631578947,0.8214285714187924,69,15,3,48
com_erro,xgboost,queda,60,40,40,118,118,43,75,43,75,14,21,7,0.8728813559322034,0.8851162790697674,0.7692307692307693,0.9302325581395349,0.8421052631578947,0.8399999999887999,63,12,3,40
com_erro,xgboost,queda,60,45,45,105,105,39,66,40,65,14,21,7,0.8476190476190476,0.8673076923076923,0.7307692307692307,0.95,0.8260869565217391,0.7846153846033136,51,14,2,38
com_erro,xgboost,queda,60,50,50,94,94,34,60,33,61,15,19,4,0.8297872340425532,0.854942871336314,0.6888888888888889,0.9393939393939394,0.7948717948717948,0.7704918032660576,47,14,2,31
com_erro,xgboost,queda,60,55,55,86,86,30,56,32,54,14,19,5,0.8953488372093024,0.8912037037037037,0.8484848484848485,0.875,0.8615384615384616,0.9074074073906037,49,5,4,28
com_erro,xgboost,queda,60,60,60,79,79,34,45,29,50,14,18,4,0.8481012658227848,0.8582758620689654,0.7428571428571429,0.896551724137931,0.8125,0.8199999999836001,41,9,3,26
com_erro,xgboost,queda,70,5,5,937,937,378,559,375,562,16,33,17,0.8644610458911419,0.8679335705812574,0.7980769230769231,0.8853333333333333,0.8394437420986094,0.8505338078276681,478,84,43,332
com_erro,xgboost,queda,70,10,10,469,469,191,278,189,280,16,33,17,0.8656716417910447,0.8754629629629629,0.78125,0.9259259259259259,0.847457627118644,0.8249999999970536,231,49,14,175
com_erro,xgboost,queda,70,15,15,313,313,127,186,127,186,16,25,9,0.8370607028753994,0.8441706883413767,0.7567567567567568,0.8818897637795275,0.8145454545454546,0.8064516128988901,150,36,15,112
com_erro,xgboost,queda,70,20,20,235,235,99,136,98,137,16,26,10,0.8468085106382979,0.8511842693281693,0.7818181818181819,0.8775510204081632,0.8269230769230769,0.8248175182421547,113,24,12,86
com_erro,xgboost,queda,70,25,25,188,188,75,113,74,114,15,26,11,0.8457446808510638,0.8633238501659555,0.7368421052631579,0.9459459459459459,0.8284023668639053,0.7807017543791166,89,25,4,70
com_erro,xgboost,queda,70,30,30,157,157,64,93,63,94,16,22,6,0.8089171974522293,0.8142519419115164,0.726027397260274,0.8412698412698413,0.7794117647058824,0.7872340425448167,74,20,10,53
com_erro,xgboost,queda,70,35,35,134,134,56,78,53,81,15,22,7,0.8582089552238806,0.8761938038667598,0.75,0.9622641509433962,0.8429752066115702,0.7901234567803688,64,17,2,51
com_erro,xgboost,queda,70,40,40,118,118,48,70,49,69,15,21,6,0.8135593220338984,0.8257911860396332,0.7213114754098361,0.8979591836734694,0.8,0.753623188394875,52,17,5,44
com_erro,xgboost,queda,70,45,45,105,105,46,59,45,60,15,18,3,0.8285714285714286,0.836111111111111,0.7547169811320755,0.8888888888888888,0.8163265306122449,0.7833333333202778,47,13,5,40
com_erro,xgboost,queda,70,50,50,94,94,38,56,37,57,14,19,5,0.8191489361702128,0.8271692745376956,0.7272727272727273,0.8648648648648649,0.7901234567901234,0.789473684196676,45,12,5,32
com_erro,xgboost,queda,70,55,55,86,86,32,54,34,52,14,17,3,0.872093023255814,0.8636877828054299,0.8484848484848485,0.8235294117647058,0.835820895522388,0.9038461538287722,47,5,6,28
com_erro,xgboost,queda,70,60,60,79,79,36,43,33,46,14,17,3,0.8227848101265823,0.8264163372859026,0.7567567567567568,0.8484848484848485,0.8,0.8043478260694708,37,9,5,28
com_erro,xgboost,queda,70,65,65,73,73,27,46,32,41,11,16,5,0.821917808219178,0.8208841463414633,0.7878787878787878,0.8125,0.8,0.8292682926627009,34,7,6,26
com_erro,xgboost,queda,70,70,70,67,67,27,40,28,39,14,17,3,0.8208955223880597,0.8310439560439561,0.7352941176470589,0.8928571428571429,0.8064516129032258,0.7692307692110454,30,9,3,25
com_erro,xgboost,queda,80,5,5,935,935,408,527,403,532,16,35,19,0.8459893048128342,0.8532295378645124,0.7749469214437368,0.9057071960297767,0.8352402745995423,0.800751879697743,426,106,38,365
com_erro,xgboost,queda,80,10,10,468,468,206,262,203,265,16,28,12,0.844017094017094,0.8518914397248816,0.7708333333333334,0.9113300492610837,0.835214446952596,0.7924528301856889,210,55,18,185
com_erro,xgboost,queda,80,15,15,312,312,137,175,136,176,14,26,12,0.8237179487179487,0.8337232620320856,0.7425149700598802,0.9117647058823529,0.8184818481848185,0.7556818181775246,133,43,12,124
com_erro,xgboost,queda,80,20,20,234,234,103,131,101,133,14,19,5,0.8760683760683761,0.8814486711829077,0.8157894736842105,0.9207920792079208,0.8651162790697674,0.8421052631515632,112,21,8,93
com_erro,xgboost,queda,80,25,25,187,187,83,104,78,109,14,22,8,0.8288770053475936,0.8404493060456364,0.7395833333333334,0.9102564102564102,0.8160919540229885,0.7706422018277922,84,25,7,71
com_erro,xgboost,queda,80,30,30,156,156,70,86,69,87,13,19,6,0.8012820512820513,0.8098450774612693,0.7261904761904762,0.8840579710144928,0.7973856209150327,0.7356321838995904,64,23,8,61
com_erro,xgboost,queda,80,35,35,134,134,59,75,55,79,15,21,6,0.8507462686567164,0.865132336018412,0.7536231884057971,0.9454545454545454,0.8387096774193549,0.7848101265723442,62,17,3,52
com_erro,xgboost,queda,80,40,40,117,117,50,67,51,66,14,19,5,0.8547008547008547,0.8622994652406417,0.7833333333333333,0.9215686274509803,0.8468468468468469,0.8030303030181358,53,13,4,47
com_erro,xgboost,queda,80,45,45,104,104,46,58,47,57,13,18,5,0.8173076923076923,0.8240014930944382,0.75,0.8936170212765957,0.8155339805825242,0.7543859648990459,43,14,5,42
com_erro,xgboost,queda,80,50,50,94,94,42,52,40,54,12,18,6,0.776595744680851,0.7861111111111111,0.6938775510204082,0.85,0.7640449438202247,0.7222222222088478,39,15,6,34
com_erro,xgboost,queda,80,55,55,85,85,38,47,38,47,12,14,2,0.8235294117647058,0.8278275475923853,0.7674418604651163,0.868421052631579,0.8148148148148148,0.7872340425364419,37,10,5,33
com_erro,xgboost,queda,80,60,60,78,78,35,43,34,44,12,17,5,0.7948717948717948,0.8014705882352942,0.725,0.8529411764705882,0.7837837837837838,0.7499999999829546,33,11,5,29
com_erro,xgboost,queda,80,65,65,72,72,27,45,34,38,9,15,6,0.8333333333333334,0.8328173374613003,0.8235294117647058,0.8235294117647058,0.8235294117647058,0.8421052631357342,32,6,6,28
com_erro,xgboost,queda,80,70,70,67,67,29,38,29,38,14,18,4,0.746268656716418,0.7558983666061706,0.6666666666666666,0.8275862068965517,0.7384615384615385,0.684210526297784,26,12,5,24
com_erro,xgboost,queda,80,75,75,63,63,29,34,26,37,11,16,5,0.8412698412698413,0.8534303534303534,0.75,0.9230769230769231,0.8275862068965517,0.7837837837626005,29,8,2,24
com_erro,xgboost,queda,80,80,80,59,59,26,33,25,34,12,15,3,0.8305084745762712,0.8423529411764705,0.7419354838709677,0.92,0.8214285714285714,0.7647058823304499,26,8,2,23
com_erro,xgboost,queda,90,5,5,933,933,437,496,431,502,15,37,22,0.8403001071811361,0.8448664737800538,0.7831325301204819,0.9048723897911833,0.8396124865446717,0.7848605577673609,394,108,41,390
com_erro,xgboost,queda,90,10,10,467,467,220,247,217,250,14,31,17,0.8394004282655246,0.8439170506912442,0.7817460317460317,0.9078341013824884,0.8400852878464818,0.7799999999968801,195,55,20,197
com_erro,xgboost,queda,90,15,15,311,311,144,167,144,167,14,25,11,0.8392282958199357,0.8450390884896873,0.7732558139534884,0.9236111111111112,0.8417721518987342,0.7664670658636739,128,39,11,133
com_erro,xgboost,queda,90,20,20,234,234,113,121,112,122,14,21,7,0.8418803418803419,0.8439695550351288,0.8,0.8928571428571429,0.8438818565400844,0.7950819672065976,97,25,12,100
com_erro,xgboost,queda,90,25,25,187,187,88,99,85,102,13,21,8,0.8181818181818182,0.8264705882352941,0.7428571428571429,0.9176470588235294,0.8210526315789474,0.7352941176398501,75,27,7,78
com_erro,xgboost,queda,90,30,30,156,156,74,82,72,84,13,19,6,0.8269230769230769,0.8323412698412698,0.7647058823529411,0.9027777777777778,0.8280254777070064,0.7619047618956916,64,20,7,65
com_erro,xgboost,queda,90,35,35,134,134,65,69,63,71,13,21,8,0.835820895522388,0.8397048960429242,0.7808219178082192,0.9047619047619048,0.8382352941176471,0.7746478873130331,55,16,6,57
com_erro,xgboost,queda,90,40,40,117,117,56,61,56,61,12,17,5,0.8205128205128205,0.8220140515222483,0.7868852459016393,0.8571428571428571,0.8205128205128205,0.7868852458887396,48,13,8,48
com_erro,xgboost,queda,90,45,45,104,104,48,56,51,53,12,18,6,0.8173076923076923,0.818534961154273,0.7758620689655172,0.8823529411764706,0.8256880733944955,0.7547169811178356,40,13,6,45
com_erro,xgboost,queda,90,50,50,94,94,43,51,43,51,11,16,5,0.7978723404255319,0.8064295485636115,0.7222222222222222,0.9069767441860465,0.8041237113402062,0.7058823529273357,36,15,4,39
com_erro,xgboost,queda,90,55,55,85,85,38,47,41,44,10,14,4,0.8470588235294118,0.8472838137472284,0.8333333333333334,0.8536585365853658,0.8433734939759037,0.8409090908899794,37,7,6,35
com_erro,xgboost,queda,90,60,60,78,78,36,42,36,42,12,18,6,0.8076923076923077,0.8095238095238095,0.7692307692307693,0.8333333333333334,0.8,0.7857142856955783,33,9,6,30
com_erro,xgboost,queda,90,65,65,72,72,33,39,36,36,9,13,4,0.875,0.875,0.8292682926829268,0.9444444444444444,0.8831168831168831,0.805555555533179,29,7,2,34
com_erro,xgboost,queda,90,70,70,67,67,33,34,33,34,10,15,5,0.7761194029850746,0.7780748663101604,0.7142857142857143,0.9090909090909091,0.8,0.6470588235103807,22,12,3,30
com_erro,xgboost,queda,90,75,75,63,63,30,33,28,35,11,15,4,0.7777777777777778,0.7892857142857144,0.6944444444444444,0.8928571428571429,0.78125,0.685714285694694,24,11,3,25
com_erro,xgboost,queda,90,80,80,59,59,28,31,28,31,11,14,3,0.711864406779661,0.7154377880184332,0.6666666666666666,0.7857142857142857,0.7213114754098361,0.6451612903017689,20,11,6,22
com_erro,xgboost,queda,90,85,85,55,55,25,30,27,28,12,13,1,0.8909090909090909,0.8921957671957672,0.8387096774193549,0.9629629629629629,0.896551724137931,0.8214285713992346,23,5,1,26
com_erro,xgboost,queda,90,90,90,52,52,24,28,24,28,11,11,0,0.7884615384615384,0.7916666666666667,0.7407407407407407,0.8333333333333334,0.7843137254901961,0.7499999999732143,21,7,4,20
com_erro,xgboost,queda,100,5,5,931,931,464,467,456,475,14,31,17,0.8453276047261009,0.8468421052631578,0.7954545454545454,0.9210526315789473,0.8536585365853658,0.7726315789457419,367,108,36,420
com_erro,xgboost,queda,100,10,10,466,466,234,232,229,237,14,28,14,0.8326180257510729,0.8339690085309455,0.7827715355805244,0.9126637554585153,0.842741935483871,0.7552742616001887,179,58,20,209
com_erro,xgboost,queda,100,15,15,311,311,156,155,154,157,14,21,7,0.8392282958199357,0.8399578128877492,0.7921348314606742,0.9155844155844156,0.8493975903614458,0.7643312101862145,120,37,13,141
com_erro,xgboost,queda,100,20,20,233,233,117,116,114,119,13,20,7,0.871244635193133,0.8722910216718266,0.8333333333333334,0.9210526315789473,0.875,0.8235294117577855,98,21,9,105
com_erro,xgboost,queda,100,25,25,187,187,96,91,90,97,13,20,7,0.8235294117647058,0.8278923253150057,0.7522123893805309,0.9444444444444444,0.8374384236453202,0.7113402061782336,69,28,5,85
com_erro,xgboost,queda,100,30,30,156,156,78,78,77,79,13,18,5,0.8269230769230769,0.8276343909255302,0.7906976744186046,0.8831168831168831,0.8343558282208589,0.7721518987244032,61,18,9,68
com_erro,xgboost,queda,100,35,35,133,133,69,64,65,68,12,20,8,0.849624060150376,0.8522624434389141,0.7777777777777778,0.9692307692307692,0.863013698630137,0.7352941176362456,50,18,2,63
com_erro,xgboost,queda,100,40,40,117,117,58,59,56,61,12,18,6,0.8547008547008547,0.857728337236534,0.8,0.9285714285714286,0.859504132231405,0.7868852458887396,48,13,4,52
com_erro,xgboost,queda,100,45,45,104,104,51,53,53,51,11,15,4,0.8269230769230769,0.825009248982612,0.7777777777777778,0.9245283018867925,0.8448275862068966,0.7254901960642062,37,14,4,49
com_erro,xgboost,queda,100,50,50,94,94,48,46,46,48,11,14,3,0.776595744680851,0.7798913043478262,0.7049180327868853,0.9347826086956522,0.8037383177570093,0.6249999999869792,30,18,3,43
com_erro,xgboost,queda,100,55,55,85,85,41,44,43,42,10,14,4,0.8235294117647058,0.82281284606866,0.7916666666666666,0.8837209302325582,0.8351648351648352,0.7619047618866214,32,10,5,38
com_erro,xgboost,queda,100,60,60,78,78,38,40,37,41,12,16,4,0.8461538461538461,0.8470665787738958,0.8205128205128205,0.8648648648648649,0.8421052631578947,0.8292682926627009,34,7,5,32
com_erro,xgboost,queda,100,65,65,72,72,36,36,36,36,9,13,4,0.9027777777777778,0.9027777777777777,0.8918918918918919,0.9166666666666666,0.9041095890410958,0.8888888888641976,32,4,3,33
com_erro,xgboost,queda,100,70,70,67,67,36,31,34,33,10,11,1,0.7910447761194029,0.7883244206773619,0.717391304347826,0.9705882352941176,0.825,0.6060606060422407,20,13,1,33
com_erro,xgboost,queda,100,75,75,63,63,33,30,30,33,11,12,1,0.8571428571428571,0.8606060606060606,0.8,0.9333333333333333,0.8615384615384616,0.7878787878549128,26,7,2,28
com_erro,xgboost,queda,100,80,80,59,59,30,29,28,31,11,16,5,0.711864406779661,0.7188940092165899,0.6486486486486487,0.8571428571428571,0.7384615384615385,0.580645161271592,18,13,4,24
com_erro,xgboost,queda,100,85,85,55,55,25,30,28,27,11,13,2,0.8909090909090909,0.8895502645502645,0.84375,0.9642857142857143,0.9,0.8148148147846365,22,5,1,27
com_erro,xgboost,queda,100,90,90,52,52,25,27,26,26,10,13,3,0.8461538461538461,0.8461538461538461,0.875,0.8076923076923077,0.84,0.8846153845813609,23,3,5,21
com_erro,xgboost,queda,100,95,95,49,49,25,24,22,27,10,11,1,0.8367346938775511,0.8476430976430976,0.75,0.9545454545454546,0.84,0.7407407407133059,20,7,1,21
com_erro,xgboost,queda,100,100,100,47,47,23,24,23,24,9,8,-1,0.8085106382978723,0.8106884057971014,0.75,0.9130434782608695,0.8235294117647058,0.7083333333038194,17,7,2,21
