modelo,falha,janela,passo_cfg,passo_real,amostras,positivos,negativos,splits_validos,accuracy,balanced_accuracy,precision_pos,recall_pos,f1_pos,specificity,tn,fp,fn,tp
catboost,lacuna,20,5,5,2733,86,2647,5,0.9986813186813187,0.98125,1.0,0.9625,0.9808917197452229,0.9999999999995445,2195,0,3,77
catboost,lacuna,20,10,10,1367,42,1325,5,0.9973568281938326,0.9615384615384616,1.0,0.9230769230769231,0.96,0.9999999999990876,1096,0,3,36
catboost,lacuna,20,15,15,911,29,882,5,0.9920529801324504,0.8888888888888888,1.0,0.7777777777777778,0.875,0.9999999999986264,728,0,6,21
catboost,lacuna,20,20,20,684,25,659,5,0.9929824561403509,0.9130434782608696,1.0,0.8260869565217391,0.9047619047619048,0.9999999999981719,547,0,4,19
catboost,lacuna,30,5,5,2731,108,2623,5,0.9951648351648351,0.946078431372549,1.0,0.8921568627450981,0.9430051813471503,0.9999999999995398,2173,0,11,91
catboost,lacuna,30,10,10,1366,53,1313,5,0.9947136563876652,0.94,1.0,0.88,0.9361702127659575,0.9999999999990784,1085,0,6,44
catboost,lacuna,30,15,15,911,35,876,5,0.9920529801324504,0.9090909090909092,1.0,0.8181818181818182,0.9,0.999999999998615,722,0,6,27
catboost,lacuna,30,20,20,683,25,658,5,0.9929203539823008,0.9130434782608696,1.0,0.8260869565217391,0.9047619047619048,0.999999999998155,542,0,4,19
catboost,lacuna,30,25,25,547,23,524,5,0.989010989010989,0.8809523809523809,1.0,0.7619047619047619,0.8648648648648649,0.9999999999976958,434,0,5,16
catboost,lacuna,30,30,30,456,20,436,5,0.9921052631578947,0.9210526315789473,1.0,0.8421052631578947,0.9142857142857143,0.99999999999723,361,0,3,16
catboost,lacuna,40,5,5,2729,130,2599,5,0.9951541850220265,0.9556451612903225,1.0,0.9112903225806451,0.9535864978902954,0.999999999999534,2146,0,11,113
catboost,lacuna,40,10,10,1365,64,1301,5,0.9929515418502203,0.9344262295081966,1.0,0.8688524590163934,0.9298245614035088,0.9999999999990689,1074,0,8,53
catboost,lacuna,40,15,15,910,44,866,5,0.9894039735099338,0.9047619047619048,1.0,0.8095238095238095,0.8947368421052632,0.9999999999985975,713,0,8,34
catboost,lacuna,40,20,20,683,36,647,5,0.9893805309734514,0.9117647058823529,1.0,0.8235294117647058,0.9032258064516129,0.9999999999981167,531,0,6,28
catboost,lacuna,40,25,25,546,28,518,5,0.989010989010989,0.9038461538461539,1.0,0.8076923076923077,0.8936170212765957,0.999999999997669,429,0,5,21
catboost,lacuna,40,30,30,455,24,431,5,0.9893333333333333,0.9130434782608696,1.0,0.8260869565217391,0.9047619047619048,0.9999999999971592,352,0,4,19
catboost,lacuna,40,35,35,390,17,373,5,0.9907692307692307,0.90625,1.0,0.8125,0.896551724137931,0.9999999999967638,309,0,3,13
catboost,lacuna,40,40,40,342,15,327,5,0.9894736842105263,0.8928571428571428,1.0,0.7857142857142857,0.88,0.99999999999631,271,0,3,11
catboost,lacuna,50,5,5,2727,152,2575,5,0.9947136563876652,0.9589041095890412,1.0,0.9178082191780822,0.9571428571428572,0.9999999999995292,2124,0,12,134
catboost,lacuna,50,10,10,1364,75,1289,5,0.9911894273127754,0.9305555555555556,1.0,0.8611111111111112,0.9253731343283582,0.9999999999990593,1063,0,10,62
catboost,lacuna,50,15,15,909,51,858,5,0.9867549668874173,0.8979591836734694,1.0,0.7959183673469388,0.8863636363636364,0.9999999999985836,706,0,10,39
catboost,lacuna,50,20,20,682,36,646,5,0.9893805309734514,0.9117647058823529,1.0,0.8235294117647058,0.9032258064516129,0.9999999999981167,531,0,6,28
catboost,lacuna,50,25,25,546,29,517,5,0.9868131868131869,0.8888888888888888,1.0,0.7777777777777778,0.875,0.9999999999976635,428,0,6,21
catboost,lacuna,50,30,30,455,25,430,5,0.9866666666666667,0.8958333333333333,1.0,0.7916666666666666,0.8837209302325582,0.9999999999971511,351,0,5,19
catboost,lacuna,50,35,35,390,23,367,5,0.9876923076923076,0.9090909090909092,1.0,0.8181818181818182,0.9,0.9999999999966998,303,0,4,18
catboost,lacuna,50,40,40,341,15,326,5,0.9892857142857143,0.8928571428571428,1.0,0.7857142857142857,0.88,0.9999999999962407,266,0,3,11
catboost,lacuna,50,45,45,303,17,286,5,0.984,0.875,1.0,0.75,0.8571428571428571,0.9999999999957265,234,0,4,12
catboost,lacuna,50,50,50,273,15,258,5,0.9866666666666667,0.8928571428571428,1.0,0.7857142857142857,0.88,0.9999999999952607,211,0,3,11
catboost,lacuna,60,5,5,2725,174,2551,5,0.994273127753304,0.9613095238095238,1.0,0.9226190476190477,0.9597523219814241,0.9999999999995243,2102,0,13,155
catboost,lacuna,60,10,10,1363,86,1277,5,0.9903083700440528,0.9337349397590362,1.0,0.8674698795180723,0.9290322580645162,0.9999999999990494,1052,0,11,72
catboost,lacuna,60,15,15,909,57,852,5,0.9867549668874173,0.9090909090909092,1.0,0.8181818181818182,0.9,0.9999999999985715,700,0,10,45
catboost,lacuna,60,20,20,682,47,635,5,0.9858407079646018,0.9111111111111111,1.0,0.8222222222222222,0.9024390243902439,0.999999999998077,520,0,8,37
catboost,lacuna,60,25,25,545,34,511,5,0.9866666666666667,0.90625,1.0,0.8125,0.896551724137931,0.9999999999976077,418,0,6,26
catboost,lacuna,60,30,30,455,31,424,5,0.9866666666666667,0.9166666666666667,1.0,0.8333333333333334,0.9090909090909091,0.9999999999971014,345,0,5,25
catboost,lacuna,60,35,35,390,24,366,5,0.9876923076923076,0.9130434782608696,1.0,0.8260869565217391,0.9047619047619048,0.9999999999966888,302,0,4,19
catboost,lacuna,60,40,40,341,24,317,5,0.9821428571428571,0.8913043478260869,1.0,0.782608695652174,0.8780487804878049,0.999999999996109,257,0,5,18
catboost,lacuna,60,45,45,303,18,285,5,0.988,0.9117647058823529,1.0,0.8235294117647058,0.9032258064516129,0.9999999999957082,233,0,3,14
catboost,lacuna,60,50,50,273,21,252,5,0.9866666666666667,0.925,1.0,0.85,0.918918918918919,0.999999999995122,205,0,3,17
catboost,lacuna,60,55,55,248,15,233,5,0.9853658536585366,0.8928571428571428,1.0,0.7857142857142857,0.88,0.9999999999947644,191,0,3,11
catboost,lacuna,60,60,60,228,19,209,5,0.9736842105263158,0.8611111111111112,1.0,0.7222222222222222,0.8387096774193549,0.9999999999941861,172,0,5,13
catboost,lacuna,70,5,5,2723,196,2527,5,0.9929359823399558,0.9578947368421052,1.0,0.9157894736842105,0.9560439560439561,0.999999999999518,2075,0,16,174
catboost,lacuna,70,10,10,1362,97,1265,5,0.9894273127753304,0.9361702127659575,1.0,0.8723404255319149,0.9318181818181818,0.9999999999990394,1041,0,12,82
catboost,lacuna,70,15,15,908,66,842,5,0.9841059602649007,0.90625,1.0,0.8125,0.896551724137931,0.9999999999985528,691,0,12,52
catboost,lacuna,70,20,20,681,47,634,5,0.9858407079646018,0.9111111111111111,1.0,0.8222222222222222,0.9024390243902439,0.999999999998077,520,0,8,37
catboost,lacuna,70,25,25,545,40,505,5,0.9822222222222222,0.8947368421052632,1.0,0.7894736842105263,0.8823529411764706,0.9999999999975728,412,0,8,30
catboost,lacuna,70,30,30,454,35,419,5,0.984,0.9117647058823529,1.0,0.8235294117647058,0.9032258064516129,0.9999999999970675,341,0,6,28
catboost,lacuna,70,35,35,389,27,362,5,0.984375,0.9038461538461539,1.0,0.8076923076923077,0.8936170212765957,0.9999999999965987,294,0,5,21
catboost,lacuna,70,40,40,341,24,317,5,0.9857142857142858,0.9130434782608696,1.0,0.8260869565217391,0.9047619047619048,0.999999999996109,257,0,4,19
catboost,lacuna,70,45,45,303,23,280,5,0.984,0.9090909090909092,1.0,0.8181818181818182,0.9,0.9999999999956141,228,0,4,18
catboost,lacuna,70,50,50,273,24,249,5,0.9822222222222222,0.9130434782608696,1.0,0.8260869565217391,0.9047619047619048,0.9999999999950495,202,0,4,19
catboost,lacuna,70,55,55,248,17,231,5,0.9853658536585366,0.90625,1.0,0.8125,0.896551724137931,0.999999999994709,189,0,3,13
catboost,lacuna,70,60,60,227,19,208,5,0.9837837837837838,0.9166666666666667,1.0,0.8333333333333334,0.9090909090909091,0.999999999994012,167,0,3,15
catboost,lacuna,70,65,65,210,13,197,5,0.9828571428571429,0.875,1.0,0.75,0.8571428571428571,0.9999999999938651,163,0,3,9
catboost,lacuna,70,70,70,195,14,181,5,0.98125,0.8846153846153846,1.0,0.7692307692307693,0.8695652173913043,0.9999999999931973,147,0,3,10
catboost,lacuna,80,5,5,2721,218,2503,5,0.9947019867549669,0.9716981132075472,1.0,0.9433962264150944,0.970873786407767,0.999999999999513,2053,0,12,200
catboost,lacuna,80,10,10,1361,108,1253,5,0.9893805309734514,0.9428571428571428,1.0,0.8857142857142857,0.9393939393939394,0.9999999999990244,1025,0,12,93
catboost,lacuna,80,15,15,907,73,834,5,0.9801324503311258,0.8943661971830985,1.0,0.7887323943661971,0.8818897637795275,0.9999999999985381,684,0,15,56
catboost,lacuna,80,20,20,681,58,623,5,0.9823008849557522,0.9107142857142857,1.0,0.8214285714285714,0.9019607843137255,0.9999999999980353,509,0,10,46
catboost,lacuna,80,25,25,545,45,500,5,0.98,0.8953488372093024,1.0,0.7906976744186046,0.8831168831168831,0.9999999999975431,407,0,9,34
catboost,lacuna,80,30,30,454,36,418,5,0.9813333333333333,0.9,1.0,0.8,0.8888888888888888,0.9999999999970589,340,0,7,28
catboost,lacuna,80,35,35,389,31,358,5,0.98125,0.9,1.0,0.8,0.8888888888888888,0.9999999999965518,290,0,6,24
catboost,lacuna,80,40,40,341,26,315,5,0.9821428571428571,0.9,1.0,0.8,0.8888888888888888,0.9999999999960785,255,0,5,20
catboost,lacuna,80,45,45,303,25,278,5,0.98,0.8958333333333333,1.0,0.7916666666666666,0.8837209302325582,0.9999999999955753,226,0,5,19
catboost,lacuna,80,50,50,273,24,249,5,0.9822222222222222,0.9130434782608696,1.0,0.8260869565217391,0.9047619047619048,0.9999999999950495,202,0,4,19
catboost,lacuna,80,55,55,248,20,228,5,0.9804878048780488,0.8947368421052632,1.0,0.7894736842105263,0.8823529411764706,0.9999999999946237,186,0,4,15
catboost,lacuna,80,60,60,227,20,207,5,0.9837837837837838,0.9210526315789473,1.0,0.8421052631578947,0.9142857142857143,0.9999999999939759,166,0,3,16
catboost,lacuna,80,65,65,210,15,195,5,0.9828571428571429,0.8928571428571428,1.0,0.7857142857142857,0.88,0.9999999999937889,161,0,3,11
catboost,lacuna,80,70,70,195,16,179,5,0.975,0.8666666666666667,1.0,0.7333333333333333,0.8461538461538461,0.9999999999931035,145,0,4,11
catboost,lacuna,80,75,75,182,16,166,5,0.9733333333333334,0.8666666666666667,1.0,0.7333333333333333,0.8461538461538461,0.9999999999925927,135,0,4,11
catboost,lacuna,80,80,80,171,13,158,5,0.9642857142857143,0.7916666666666667,1.0,0.5833333333333334,0.7368421052631579,0.9999999999921876,128,0,5,7
catboost,lacuna,90,5,5,2719,240,2479,5,0.9880794701986755,0.9423076923076923,1.0,0.8846153846153846,0.9387755102040817,0.9999999999995076,2031,0,27,207
catboost,lacuna,90,10,10,1360,119,1241,5,0.9876106194690265,0.9396551724137931,1.0,0.8793103448275862,0.9357798165137615,0.9999999999990138,1014,0,14,102
catboost,lacuna,90,15,15,907,79,828,5,0.9801324503311258,0.9025974025974026,1.0,0.8051948051948052,0.8920863309352518,0.9999999999985251,678,0,15,62
catboost,lacuna,90,20,20,680,58,622,5,0.9823008849557522,0.9107142857142857,1.0,0.8214285714285714,0.9019607843137255,0.9999999999980353,509,0,10,46
catboost,lacuna,90,25,25,544,50,494,5,0.9777777777777777,0.8958333333333333,1.0,0.7916666666666666,0.8837209302325582,0.9999999999975124,402,0,10,38
catboost,lacuna,90,30,30,454,42,412,5,0.9813333333333333,0.9146341463414633,1.0,0.8292682926829268,0.9066666666666666,0.9999999999970061,334,0,7,34
catboost,lacuna,90,35,35,389,35,354,5,0.98125,0.9117647058823529,1.0,0.8235294117647058,0.9032258064516129,0.9999999999965036,286,0,6,28
catboost,lacuna,90,40,40,340,26,314,5,0.9821428571428571,0.9,1.0,0.8,0.8888888888888888,0.9999999999960785,255,0,5,20
catboost,lacuna,90,45,45,303,28,275,5,0.98,0.9074074074074074,1.0,0.8148148148148148,0.8979591836734694,0.9999999999955157,223,0,5,22
catboost,lacuna,90,50,50,272,25,247,5,0.9777777777777777,0.8958333333333333,1.0,0.7916666666666666,0.8837209302325582,0.999999999995025,201,0,5,19
catboost,lacuna,90,55,55,248,24,224,5,0.975609756097561,0.8913043478260869,1.0,0.782608695652174,0.8780487804878049,0.9999999999945055,182,0,5,18
catboost,lacuna,90,60,60,227,20,207,5,0.9783783783783784,0.8947368421052632,1.0,0.7894736842105263,0.8823529411764706,0.9999999999939759,166,0,4,15
catboost,lacuna,90,65,65,210,16,194,5,0.9771428571428571,0.8666666666666667,1.0,0.7333333333333333,0.8461538461538461,0.9999999999937501,160,0,4,11
catboost,lacuna,90,70,70,195,18,177,5,0.98125,0.9117647058823529,1.0,0.8235294117647058,0.9032258064516129,0.999999999993007,143,0,3,14
catboost,lacuna,90,75,75,182,17,165,5,0.9733333333333334,0.875,1.0,0.75,0.8571428571428571,0.9999999999925374,134,0,4,12
catboost,lacuna,90,80,80,170,12,158,5,0.9642857142857143,0.7727272727272727,1.0,0.5454545454545454,0.7058823529411765,0.9999999999922481,129,0,5,6
catboost,lacuna,90,85,85,160,13,147,5,0.9769230769230769,0.875,1.0,0.75,0.8571428571428571,0.9999999999915254,118,0,3,9
catboost,lacuna,90,90,90,152,17,135,5,0.976,0.90625,1.0,0.8125,0.896551724137931,0.9999999999908257,109,0,3,13
catboost,lacuna,100,5,5,2717,262,2455,5,0.9858407079646018,0.9375,1.0,0.875,0.9333333333333333,0.999999999999501,2004,0,32,224
catboost,lacuna,100,10,10,1359,130,1229,5,0.9805309734513274,0.9133858267716535,1.0,0.8267716535433071,0.9051724137931034,0.999999999999003,1003,0,22,105
catboost,lacuna,100,15,15,906,88,818,5,0.9774834437086093,0.9011627906976745,1.0,0.8023255813953488,0.8903225806451613,0.9999999999985052,669,0,17,69
catboost,lacuna,100,20,20,680,69,611,5,0.9787610619469026,0.9104477611940298,1.0,0.8208955223880597,0.9016393442622951,0.9999999999979919,498,0,12,55
catboost,lacuna,100,25,25,544,51,493,5,0.9777777777777777,0.8979591836734694,1.0,0.7959183673469388,0.8863636363636364,0.9999999999975062,401,0,10,39
catboost,lacuna,100,30,30,453,46,407,5,0.9786666666666667,0.9111111111111111,1.0,0.8222222222222222,0.9024390243902439,0.9999999999969698,330,0,8,37
catboost,lacuna,100,35,35,389,38,351,5,0.978125,0.9054054054054055,1.0,0.8108108108108109,0.8955223880597015,0.9999999999964665,283,0,7,30
catboost,lacuna,100,40,40,340,35,305,5,0.975,0.8970588235294117,1.0,0.7941176470588235,0.8852459016393442,0.999999999995935,246,0,7,27
catboost,lacuna,100,45,45,302,29,273,5,0.976,0.8928571428571428,1.0,0.7857142857142857,0.88,0.9999999999954955,222,0,6,22
catboost,lacuna,100,50,50,272,26,246,5,0.9777777777777777,0.9,1.0,0.8,0.8888888888888888,0.999999999995,200,0,5,20
catboost,lacuna,100,55,55,247,24,223,5,0.9707317073170731,0.8695652173913043,1.0,0.7391304347826086,0.85,0.9999999999945055,182,0,6,17
catboost,lacuna,100,60,60,227,24,203,5,0.9783783783783784,0.9130434782608696,1.0,0.8260869565217391,0.9047619047619048,0.9999999999938273,162,0,4,19
catboost,lacuna,100,65,65,209,18,191,5,0.9705882352941176,0.8529411764705883,1.0,0.7058823529411765,0.8275862068965517,0.9999999999934641,153,0,5,12
catboost,lacuna,100,70,70,195,19,176,5,0.98125,0.9166666666666667,1.0,0.8333333333333334,0.9090909090909091,0.9999999999929579,142,0,3,15
catboost,lacuna,100,75,75,182,18,164,5,0.9733333333333334,0.8823529411764706,1.0,0.7647058823529411,0.8666666666666667,0.9999999999924812,133,0,4,13
catboost,lacuna,100,80,80,170,15,155,5,0.9642857142857143,0.8214285714285714,1.0,0.6428571428571429,0.782608695652174,0.9999999999920635,126,0,5,9
catboost,lacuna,100,85,85,160,15,145,5,0.9692307692307692,0.8571428571428572,1.0,0.7142857142857143,0.8333333333333334,0.9999999999913792,116,0,4,10
catboost,lacuna,100,90,90,151,17,134,5,0.976,0.90625,1.0,0.8125,0.896551724137931,0.9999999999908257,109,0,3,13
catboost,lacuna,100,95,95,143,14,129,5,0.9478260869565217,0.7692307692307692,1.0,0.5384615384615384,0.7,0.9999999999901961,102,0,6,7
catboost,lacuna,100,100,100,136,12,124,5,0.9545454545454546,0.7727272727272727,1.0,0.5454545454545454,0.7058823529411765,0.999999999989899,99,0,5,6
catboost,oscilacao,20,5,5,2733,136,2597,5,0.9863736263736264,0.9661969341656034,0.8015873015873016,0.9439252336448598,0.8669527896995708,0.988468634685891,2143,25,6,101
catboost,oscilacao,20,10,10,1367,68,1299,5,0.986784140969163,0.9930619796484736,0.782608695652174,1.0,0.8780487804878049,0.986123959296035,1066,15,0,54
catboost,oscilacao,20,15,15,911,45,866,5,0.9841059602649007,0.964484126984127,0.7674418604651163,0.9428571428571428,0.8461538461538461,0.9861111111097415,710,10,2,33
catboost,oscilacao,20,20,20,684,29,655,5,0.9859649122807017,0.9718623320880693,0.7586206896551724,0.9565217391304348,0.8461538461538461,0.9872029250438991,540,7,1,22
catboost,oscilacao,30,5,5,2731,164,2567,5,0.9824175824175824,0.9688224712282452,0.7834394904458599,0.9534883720930233,0.8601398601398601,0.9841565703630083,2112,34,6,123
catboost,oscilacao,30,10,10,1366,82,1284,5,0.9814977973568282,0.9901869158878505,0.7558139534883721,1.0,0.8609271523178808,0.9803738317747847,1049,21,0,65
catboost,oscilacao,30,15,15,911,53,858,5,0.9867549668874173,0.9817838776464303,0.82,0.9761904761904762,0.8913043478260869,0.9873772791009995,704,9,1,41
catboost,oscilacao,30,20,20,683,41,642,5,0.984070796460177,0.9773296878560036,0.8,0.9696969696969697,0.8767123287671232,0.9849624060131862,524,8,1,32
catboost,oscilacao,30,25,25,547,38,509,5,0.9802197802197802,0.9744370054777846,0.7894736842105263,0.967741935483871,0.8695652173913043,0.9811320754693842,416,8,1,30
catboost,oscilacao,30,30,30,456,26,430,5,0.9868421052631579,0.9706194455498076,0.8333333333333334,0.9523809523809523,0.8888888888888888,0.9888579387159085,355,4,1,20
catboost,oscilacao,40,5,5,2729,190,2539,5,0.973568281938326,0.9672641509433961,0.7272727272727273,0.96,0.8275862068965517,0.9745283018863328,2066,54,6,144
catboost,oscilacao,40,10,10,1365,96,1269,5,0.9762114537444934,0.9872521246458923,0.7378640776699029,1.0,0.8491620111731844,0.9745042492908645,1032,27,0,76
catboost,oscilacao,40,15,15,910,65,845,5,0.9788079470198675,0.9522615864527628,0.7966101694915254,0.9215686274509803,0.8545454545454545,0.9829545454531492,692,12,4,47
catboost,oscilacao,40,20,20,683,43,640,5,0.9805309734513274,0.9621136590229312,0.7804878048780488,0.9411764705882353,0.8533333333333334,0.9830508474557759,522,9,2,32
catboost,oscilacao,40,25,25,546,40,506,5,0.9802197802197802,0.9749187352245863,0.7948717948717948,0.96875,0.8732394366197183,0.9810874704468533,415,8,1,31
catboost,oscilacao,40,30,30,455,30,425,5,0.984,0.9720441595441596,0.8214285714285714,0.9583333333333334,0.8846153846153846,0.9857549857521773,346,5,1,23
catboost,oscilacao,40,35,35,390,27,363,5,0.9753846153846154,0.9646773182957393,0.7407407407407407,0.9523809523809523,0.8333333333333334,0.9769736842073127,297,7,1,20
catboost,oscilacao,40,40,40,342,26,316,5,0.9824561403508771,0.9028679653679654,0.9444444444444444,0.8095238095238095,0.8717948717948718,0.9962121212083477,263,1,4,17
catboost,oscilacao,50,5,5,2727,214,2513,5,0.9726872246696036,0.9690196078431372,0.7454545454545455,0.9647058823529412,0.841025641025641,0.9733333333328699,2044,56,6,164
catboost,oscilacao,50,10,10,1364,108,1256,5,0.9726872246696036,0.9852240228789323,0.7350427350427351,1.0,0.8472906403940886,0.9704480457569395,1018,31,0,86
catboost,oscilacao,50,15,15,909,71,838,5,0.976158940397351,0.9706979358266912,0.7714285714285715,0.9642857142857143,0.8571428571428571,0.9771101573662703,683,16,2,54
catboost,oscilacao,50,20,20,682,54,628,5,0.9752212389380531,0.9439098280317205,0.7959183673469388,0.9069767441860465,0.8478260869565217,0.9808429118755156,512,10,4,39
catboost,oscilacao,50,25,25,546,46,500,5,0.9758241758241758,0.9498900814690289,0.8095238095238095,0.918918918918919,0.8607594936708861,0.9808612440167922,410,8,3,34
catboost,oscilacao,50,30,30,455,34,421,5,0.9866666666666667,0.9928366762177651,0.8387096774193549,1.0,0.9122807017543859,0.9856733524327058,344,5,0,26
catboost,oscilacao,50,35,35,390,30,360,5,0.9723076923076923,0.9275332225913622,0.7777777777777778,0.875,0.8235294117647058,0.9800664451794683,295,6,3,21
catboost,oscilacao,50,40,40,341,27,314,5,0.9857142857142858,0.9692307692307692,0.8636363636363636,0.95,0.9047619047619048,0.9884615384577368,257,3,1,19
catboost,oscilacao,50,45,45,303,25,278,5,0.992,0.9956709956709957,0.9047619047619048,1.0,0.95,0.9913419913376998,229,2,0,19
catboost,oscilacao,50,50,50,273,25,248,5,0.9866666666666667,0.9927184466019418,0.8636363636363636,1.0,0.926829268292683,0.9854368931990999,203,3,0,19
catboost,oscilacao,60,5,5,2725,238,2487,5,0.9616740088105726,0.9647393724696356,0.6943396226415094,0.968421052631579,0.8087912087912088,0.9610576923072303,1999,81,6,184
catboost,oscilacao,60,10,10,1363,120,1243,5,0.9700440528634361,0.983638113570741,0.7384615384615385,1.0,0.8495575221238938,0.9672762271405513,1005,34,0,96
catboost,oscilacao,60,15,15,909,79,830,5,0.9801324503311258,0.9819478851270759,0.8157894736842105,0.9841269841269841,0.8920863309352518,0.9797687861257518,678,14,1,62
catboost,oscilacao,60,20,20,682,55,627,5,0.9716814159292035,0.9534330832315476,0.7592592592592593,0.9318181818181818,0.8367346938775511,0.9750479846430422,508,13,3,41
catboost,oscilacao,60,25,25,545,51,494,5,0.9822222222222222,0.9902200488997555,0.8367346938775511,1.0,0.9111111111111111,0.9804400977971138,401,8,0,41
catboost,oscilacao,60,30,30,455,40,415,5,0.9786666666666667,0.9736965491372843,0.8108108108108109,0.967741935483871,0.8823529411764706,0.9796511627878499,337,7,1,30
catboost,oscilacao,60,35,35,390,34,356,5,0.9692307692307692,0.9495401441710167,0.7575757575757576,0.9259259259259259,0.8333333333333334,0.9731543624128418,290,8,2,25
catboost,oscilacao,60,40,40,341,28,313,5,0.975,0.9403846153846154,0.782608695652174,0.9,0.8372093023255814,0.9807692307654586,255,5,2,18
catboost,oscilacao,60,45,45,303,27,276,5,0.976,0.9868995633187774,0.7777777777777778,1.0,0.875,0.9737991266333023,223,6,0,21
catboost,oscilacao,60,50,50,273,26,247,5,0.9777777777777777,0.9878048780487805,0.8,1.0,0.8888888888888888,0.975609756092802,200,5,0,20
catboost,oscilacao,60,55,55,248,25,223,5,0.9804878048780488,0.9656196943972835,0.8571428571428571,0.9473684210526315,0.9,0.983870967736646,183,3,1,18
catboost,oscilacao,60,60,60,228,17,211,5,0.9842105263157894,0.920252064319861,0.9166666666666666,0.8461538461538461,0.88,0.9943502824802579,176,1,2,11
catboost,oscilacao,70,5,5,2723,262,2461,5,0.9620309050772627,0.9662495655196386,0.7183098591549296,0.9714285714285714,0.8259109311740891,0.9610705596102379,1975,80,6,204
catboost,oscilacao,70,10,10,1362,132,1230,5,0.9674008810572687,0.9820213799805637,0.7412587412587412,1.0,0.8514056224899599,0.9640427599601904,992,37,0,106
catboost,oscilacao,70,15,15,908,89,819,5,0.9721854304635762,0.9594040853306975,0.7976190476190477,0.9436619718309859,0.864516129032258,0.9751461988289837,667,17,4,67
catboost,oscilacao,70,20,20,681,66,615,5,0.9716814159292035,0.9590028007075472,0.7936507936507936,0.9433962264150944,0.8620689655172413,0.9746093749980965,499,13,3,50
catboost,oscilacao,70,25,25,545,53,492,5,0.9755555555555555,0.9865525672371638,0.7884615384615384,1.0,0.8817204301075269,0.9731051344719485,398,11,0,41
catboost,oscilacao,70,30,30,454,42,412,5,0.9733333333333334,0.9588580300155253,0.8,0.9411764705882353,0.8648648648648649,0.9765395894399516,333,8,2,32
catboost,oscilacao,70,35,35,389,39,350,5,0.971875,0.9534897499703756,0.7941176470588235,0.9310344827586207,0.8571428571428571,0.9759450171787769,284,7,2,27
catboost,oscilacao,70,40,40,341,38,303,5,0.9785714285714285,0.9727984613271055,0.8484848484848485,0.9655172413793104,0.9032258064516129,0.9800796812709958,246,5,1,28
catboost,oscilacao,70,45,45,303,32,271,5,0.964,0.9428466076696165,0.7586206896551724,0.9166666666666666,0.8301886792452831,0.9690265486682786,219,7,2,22
catboost,oscilacao,70,50,50,273,27,246,5,0.9777777777777777,0.9878048780487805,0.8,1.0,0.8888888888888888,0.975609756092802,200,5,0,20
catboost,oscilacao,70,55,55,248,25,223,5,0.975609756097561,0.9865591397849462,0.7916666666666666,1.0,0.8837209302325582,0.9731182795646607,181,5,0,19
catboost,oscilacao,70,60,60,227,19,208,5,0.9783783783783784,0.9227234753550543,0.8571428571428571,0.8571428571428571,0.8571428571428571,0.988304093561472,169,2,2,12
catboost,oscilacao,70,65,65,210,21,189,5,0.9828571428571429,0.93801191362621,0.9375,0.8823529411764706,0.9090909090909091,0.9936708860696604,157,1,2,15
catboost,oscilacao,70,70,70,195,19,176,5,0.975,0.8894324853228963,0.9166666666666666,0.7857142857142857,0.8461538461538461,0.9931506849247045,145,1,3,11
catboost,oscilacao,80,5,5,2721,286,2435,5,0.965121412803532,0.9690204038030126,0.7542087542087542,0.9739130434782609,0.8500948766603416,0.9641277641272904,1962,73,6,224
catboost,oscilacao,80,10,10,1361,144,1217,5,0.9601769911504425,0.9778106508875739,0.7204968944099379,1.0,0.8375451263537906,0.9556213017742056,969,45,0,116
catboost,oscilacao,80,15,15,907,95,812,5,0.9629139072847682,0.9676963026122006,0.74,0.9736842105263158,0.8409090909090909,0.961708394696669,653,26,2,74
catboost,oscilacao,80,20,20,681,67,614,5,0.9699115044247788,0.958523592085236,0.7846153846153846,0.9444444444444444,0.8571428571428571,0.972602739724124,497,14,3,51
catboost,oscilacao,80,25,25,545,64,481,5,0.9688888888888889,0.9739053516143299,0.7936507936507936,0.9803921568627451,0.8771929824561403,0.9674185463634902,386,13,1,50
catboost,oscilacao,80,30,30,454,46,408,5,0.9786666666666667,0.9882005899705015,0.8181818181818182,1.0,0.9,0.9764011799381227,331,8,0,36
catboost,oscilacao,80,35,35,389,41,348,5,0.96875,0.9683000334858801,0.7692307692307693,0.967741935483871,0.8571428571428571,0.9688581314845368,280,9,1,30
catboost,oscilacao,80,40,40,341,38,303,5,0.9785714285714285,0.9727984613271055,0.8484848484848485,0.9655172413793104,0.9032258064516129,0.9800796812709958,246,5,1,28
catboost,oscilacao,80,45,45,303,35,268,5,0.976,0.9866071428571428,0.8125,1.0,0.896551724137931,0.9732142857099411,218,6,0,26
catboost,oscilacao,80,50,50,273,37,236,5,0.9733333333333334,0.9846938775510203,0.8285714285714286,1.0,0.90625,0.969387755097095,190,6,0,29
catboost,oscilacao,80,55,55,248,27,221,5,0.9804878048780488,0.9469461697722568,0.9047619047619048,0.9047619047619048,0.9047619047619048,0.9891304347772331,182,2,2,19
catboost,oscilacao,80,60,60,227,20,207,5,0.9783783783783784,0.9555137844611529,0.8125,0.9285714285714286,0.8666666666666667,0.9824561403451318,168,3,1,13
catboost,oscilacao,80,65,65,210,23,187,5,0.9771428571428571,0.9409581646423752,0.8947368421052632,0.8947368421052632,0.8947368421052632,0.9871794871731592,154,2,2,17
catboost,oscilacao,80,70,70,195,20,175,5,0.975,0.9264367816091954,0.8666666666666667,0.8666666666666667,0.8666666666666667,0.9862068965449228,143,2,2,13
catboost,oscilacao,80,75,75,182,21,161,5,0.9733333333333334,0.9850746268656716,0.8,1.0,0.8888888888888888,0.9701492537241034,130,4,0,16
catboost,oscilacao,80,80,80,171,14,157,5,0.9857142857142858,0.9461538461538461,0.9,0.9,0.9,0.9923076923000592,129,1,1,9
catboost,oscilacao,90,5,5,2719,310,2409,5,0.952317880794702,0.9644416873449131,0.7040229885057471,0.98,0.8193979933110368,0.9488833746893554,1912,103,5,245
catboost,oscilacao,90,10,10,1360,156,1204,5,0.9539823008849557,0.9741035856573705,0.7078651685393258,1.0,0.8289473684210527,0.9482071713137966,952,52,0,126
catboost,oscilacao,90,15,15,907,103,804,5,0.9721854304635762,0.9790949512335054,0.803921568627451,0.9879518072289156,0.8864864864864865,0.9702380952366515,652,20,1,82
catboost,oscilacao,90,20,20,680,78,602,5,0.968141592920354,0.9612502371466515,0.8,0.9523809523809523,0.8695652173913043,0.9701195219104181,487,15,3,60
catboost,oscilacao,90,25,25,544,64,480,5,0.9577777777777777,0.9761904761904762,0.7285714285714285,1.0,0.8429752066115702,0.9523809523785655,380,19,0,51
catboost,oscilacao,90,30,30,454,52,402,5,0.968,0.9820359281437125,0.7735849056603774,1.0,0.8723404255319149,0.9640718562845387,322,12,0,41
catboost,oscilacao,90,35,35,389,43,346,5,0.978125,0.9609861683032415,0.8611111111111112,0.9393939393939394,0.8985507246376812,0.98257839720912,282,5,2,31
catboost,oscilacao,90,40,40,340,39,301,5,0.9678571428571429,0.9673333333333334,0.7837837837837838,0.9666666666666667,0.8656716417910447,0.9679999999961281,242,8,1,29
catboost,oscilacao,90,45,45,303,37,266,5,0.972,0.9842342342342343,0.8,1.0,0.8888888888888888,0.9684684684641061,215,7,0,28
catboost,oscilacao,90,50,50,272,36,236,5,0.9911111111111112,0.9948979591836735,0.9354838709677419,1.0,0.9666666666666667,0.989795918362297,194,2,0,29
catboost,oscilacao,90,55,55,248,28,220,5,0.9804878048780488,0.9690760059612519,0.875,0.9545454545454546,0.9130434782608695,0.9836065573716744,180,3,1,21
catboost,oscilacao,90,60,60,227,26,201,5,0.9783783783783784,0.9646480659480026,0.8571428571428571,0.9473684210526315,0.9,0.9819277108374583,163,3,1,18
catboost,oscilacao,90,65,65,210,25,185,5,0.9885714285714285,0.9935483870967742,0.9090909090909091,1.0,0.9523809523809523,0.9870967741871801,153,2,0,20
catboost,oscilacao,90,70,70,195,21,174,5,0.9875,0.9375,1.0,0.875,0.9333333333333333,0.9999999999930557,144,0,2,14
catboost,oscilacao,90,75,75,182,22,160,5,0.98,0.9888059701492538,0.8421052631578947,1.0,0.9142857142857143,0.9776119402912119,131,3,0,16
catboost,oscilacao,90,80,80,170,14,156,5,0.9857142857142858,0.9506694855532065,0.9090909090909091,0.9090909090909091,0.9090909090909091,0.9922480620078121,128,1,1,10
catboost,oscilacao,90,85,85,160,18,142,5,0.9692307692307692,0.9145299145299145,0.8461538461538461,0.8461538461538461,0.8461538461538461,0.982905982897582,115,2,2,11
catboost,oscilacao,90,90,90,152,18,134,5,0.96,0.8838481338481339,0.8461538461538461,0.7857142857142857,0.8148148148148148,0.9819819819731352,109,2,3,11
catboost,oscilacao,100,5,5,2717,334,2383,5,0.9460176991150443,0.9597431602456727,0.6947368421052632,0.9777777777777777,0.8123076923076923,0.9417085427130947,1874,116,6,264
catboost,oscilacao,100,10,10,1359,168,1191,5,0.9530973451327434,0.9733400402414487,0.7195767195767195,1.0,0.8369230769230769,0.946680080481945,941,53,0,136
catboost,oscilacao,100,15,15,906,113,793,5,0.9615894039735099,0.9591966768171587,0.7767857142857143,0.9560439560439561,0.8571428571428571,0.9623493975889121,639,25,4,87
catboost,oscilacao,100,20,20,680,79,601,5,0.9752212389380531,0.9655844560878244,0.8472222222222222,0.953125,0.8970588235294118,0.9780439121736966,490,11,3,61
catboost,oscilacao,100,25,25,544,70,474,5,0.9733333333333334,0.9617929659173314,0.8548387096774194,0.9464285714285714,0.8983050847457628,0.9771573604036113,385,9,3,53
catboost,oscilacao,100,30,30,453,54,399,5,0.976,0.966698709145839,0.8571428571428571,0.9545454545454546,0.9032258064516129,0.9788519637432663,324,7,2,42
catboost,oscilacao,100,35,35,389,48,341,5,0.95,0.9247445325183841,0.7333333333333333,0.8918918918918919,0.8048780487804879,0.9575971731414926,271,12,4,33
catboost,oscilacao,100,40,40,340,40,300,5,0.975,0.9566666666666667,0.8484848484848485,0.9333333333333333,0.8888888888888888,0.97999999999608,245,5,2,28
catboost,oscilacao,100,45,45,302,38,264,5,0.972,0.9840909090909091,0.8108108108108109,1.0,0.8955223880597015,0.9681818181774174,213,7,0,30
catboost,oscilacao,100,50,50,272,37,235,5,0.9688888888888889,0.9821428571428572,0.8055555555555556,1.0,0.8923076923076924,0.9642857142807945,189,7,0,29
catboost,oscilacao,100,55,55,247,31,216,5,0.9609756097560975,0.9261111111111111,0.8148148148148148,0.88,0.8461538461538461,0.9722222222168211,175,5,3,22
catboost,oscilacao,100,60,60,227,26,201,5,0.9783783783783784,0.9646480659480026,0.8571428571428571,0.9473684210526315,0.9,0.9819277108374583,163,3,1,18
catboost,oscilacao,100,65,65,209,24,185,5,0.9705882352941176,0.9836601307189543,0.7727272727272727,1.0,0.8717948717948718,0.9673202614315862,148,5,0,17
catboost,oscilacao,100,70,70,195,23,172,5,0.9875,0.9687010954616588,0.9444444444444444,0.9444444444444444,0.9444444444444444,0.9929577464718806,141,1,1,17
catboost,oscilacao,100,75,75,182,25,157,5,0.96,0.9321012454801125,0.8095238095238095,0.8947368421052632,0.85,0.9694656488475614,127,4,2,17
catboost,oscilacao,100,80,80,170,15,155,5,0.9714285714285714,0.9429175475687104,0.7692307692307693,0.9090909090909091,0.8333333333333334,0.9767441860389401,126,3,1,10
catboost,oscilacao,100,85,85,160,18,142,5,0.9615384615384616,0.9102564102564102,0.7857142857142857,0.8461538461538461,0.8148148148148148,0.9743589743506464,114,3,2,11
catboost,oscilacao,100,90,90,151,17,134,5,0.96,0.8838481338481339,0.8461538461538461,0.7857142857142857,0.8148148148148148,0.9819819819731352,109,2,3,11
catboost,oscilacao,100,95,95,143,18,125,5,0.9652173913043478,0.9468325791855203,0.8,0.9230769230769231,0.8571428571428571,0.970588235284602,99,3,1,12
catboost,oscilacao,100,100,100,136,13,123,5,0.9818181818181818,0.9394939493949395,0.8888888888888888,0.8888888888888888,0.8888888888888888,0.9900990098911872,100,1,1,8
catboost,queda,20,5,5,2733,72,2661,5,0.9692307692307692,0.9070725336548122,0.4690265486725664,0.8412698412698413,0.6022727272727273,0.9728752260393432,2152,60,10,53
catboost,queda,20,10,10,1367,37,1330,5,0.9947136563876652,0.921421690843155,0.9642857142857143,0.84375,0.9,0.9990933816854043,1102,1,5,27
catboost,queda,20,15,15,911,24,887,5,0.9668874172185431,0.9367133774490723,0.4523809523809524,0.9047619047619048,0.6031746031746031,0.9686648501349201,711,23,2,19
catboost,queda,20,20,20,684,18,666,5,0.9947368421052631,0.9324324324324325,0.9285714285714286,0.8666666666666667,0.896551724137931,0.9981981981963997,554,1,2,13
catboost,queda,30,5,5,2731,94,2637,5,0.9929670329670329,0.9036144578313253,1.0,0.8072289156626506,0.8933333333333333,0.9999999999995438,2192,0,16,67
catboost,queda,30,10,10,1366,48,1318,5,0.9929515418502203,0.9047619047619048,1.0,0.8095238095238095,0.8947368421052632,0.9999999999990851,1093,0,8,34
catboost,queda,30,15,15,911,32,879,5,0.9947019867549669,0.9285714285714286,1.0,0.8571428571428571,0.9230769230769231,0.9999999999986245,727,0,4,24
catboost,queda,30,20,20,683,24,659,5,0.9946902654867257,0.9285714285714286,1.0,0.8571428571428571,0.9230769230769231,0.9999999999981618,544,0,3,18
catboost,queda,30,25,25,547,21,526,5,0.9912087912087912,0.8888888888888888,1.0,0.7777777777777778,0.875,0.9999999999977117,437,0,4,14
catboost,queda,30,30,30,456,14,442,5,0.9921052631578947,0.875,1.0,0.75,0.8571428571428571,0.9999999999972826,368,0,3,9
catboost,queda,40,5,5,2729,116,2613,5,0.9920704845814978,0.912621359223301,1.0,0.8252427184466019,0.9042553191489362,0.9999999999995386,2167,0,18,85
catboost,queda,40,10,10,1365,59,1306,5,0.9920704845814978,0.9134615384615384,1.0,0.8269230769230769,0.9052631578947369,0.9999999999990766,1083,0,9,43
catboost,queda,40,15,15,910,41,869,5,0.990728476821192,0.9027777777777778,1.0,0.8055555555555556,0.8923076923076924,0.9999999999986092,719,0,7,29
catboost,queda,40,20,20,683,29,654,5,0.9911504424778761,0.9,1.0,0.8,0.8888888888888888,0.9999999999981481,540,0,5,20
catboost,queda,40,25,25,546,23,523,5,0.9824175824175824,0.8238505747126437,0.9285714285714286,0.65,0.7647058823529411,0.9977011494229938,434,1,7,13
catboost,queda,40,30,30,455,19,436,5,0.9893333333333333,0.9048572423398329,0.9285714285714286,0.8125,0.8666666666666667,0.997214484676888,358,1,3,13
catboost,queda,40,35,35,390,16,374,5,0.9753846153846154,0.7142857142857143,1.0,0.42857142857142855,0.6,0.9999999999967846,311,0,8,6
catboost,queda,40,40,40,342,14,328,5,0.9824561403508771,0.7916666666666667,1.0,0.5833333333333334,0.7368421052631579,0.999999999996337,273,0,5,7
catboost,queda,50,5,5,2727,138,2589,5,0.9911894273127754,0.9186991869918699,1.0,0.8373983739837398,0.911504424778761,0.9999999999995343,2147,0,20,103
catboost,queda,50,10,10,1364,70,1294,5,0.9911894273127754,0.9193548387096775,1.0,0.8387096774193549,0.9122807017543859,0.9999999999990681,1073,0,10,52
catboost,queda,50,15,15,909,46,863,5,0.9920529801324504,0.9268292682926829,1.0,0.8536585365853658,0.9210526315789473,0.9999999999985995,714,0,6,35
catboost,queda,50,20,20,682,35,647,5,0.9893805309734514,0.9032258064516129,1.0,0.8064516129032258,0.8928571428571429,0.9999999999981274,534,0,6,25
catboost,queda,50,25,25,546,30,516,5,0.989010989010989,0.9038461538461539,1.0,0.8076923076923077,0.8936170212765957,0.999999999997669,429,0,5,21
catboost,queda,50,30,30,455,24,431,5,0.9893333333333333,0.9047619047619048,1.0,0.8095238095238095,0.8947368421052632,0.9999999999971751,354,0,4,17
catboost,queda,50,35,35,390,20,370,5,0.9876923076923076,0.8823529411764706,1.0,0.7647058823529411,0.8666666666666667,0.9999999999967533,308,0,4,13
catboost,queda,50,40,40,341,16,325,5,0.975,0.75,1.0,0.5,0.6666666666666666,0.9999999999962407,266,0,7,7
catboost,queda,50,45,45,303,15,288,5,0.984,0.8461538461538461,1.0,0.6923076923076923,0.8181818181818182,0.9999999999957806,237,0,4,9
catboost,queda,50,50,50,273,13,260,5,0.9777777777777777,0.7727272727272727,1.0,0.5454545454545454,0.7058823529411765,0.9999999999953272,214,0,5,6
catboost,queda,60,5,5,2725,160,2565,5,0.9889867841409692,0.9256331350830646,0.9682539682539683,0.8531468531468531,0.9070631970260223,0.9981194170188067,2123,4,21,122
catboost,queda,60,10,10,1363,81,1282,5,0.9903083700440528,0.9236111111111112,1.0,0.8472222222222222,0.9172932330827067,0.9999999999990593,1063,0,11,61
catboost,queda,60,15,15,909,54,855,5,0.990728476821192,0.9270833333333333,1.0,0.8541666666666666,0.9213483146067416,0.9999999999985856,707,0,7,41
catboost,queda,60,20,20,682,40,642,5,0.9911504424778761,0.9285714285714286,1.0,0.8571428571428571,0.9230769230769231,0.9999999999981132,530,0,5,30
catboost,queda,60,25,25,545,33,512,5,0.9866666666666667,0.896551724137931,1.0,0.7931034482758621,0.8846153846153846,0.9999999999976247,421,0,6,23
catboost,queda,60,30,30,455,25,430,5,0.984,0.8636363636363636,1.0,0.7272727272727273,0.8421052631578947,0.9999999999971672,353,0,6,16
catboost,queda,60,35,35,390,24,366,5,0.9846153846153847,0.8809523809523809,1.0,0.7619047619047619,0.8648648648648649,0.9999999999967105,304,0,5,16
catboost,queda,60,40,40,341,20,321,5,0.9892857142857143,0.9117647058823529,1.0,0.8235294117647058,0.9032258064516129,0.9999999999961977,263,0,3,14
catboost,queda,60,45,45,303,19,284,5,0.988,0.90625,1.0,0.8125,0.896551724137931,0.9999999999957265,234,0,3,13
catboost,queda,60,50,50,273,17,256,5,0.9777777777777777,0.8333333333333333,1.0,0.6666666666666666,0.8,0.9999999999952381,210,0,5,10
catboost,queda,60,55,55,248,15,233,5,0.9804878048780488,0.8333333333333333,1.0,0.6666666666666666,0.8,0.9999999999948187,193,0,4,8
catboost,queda,60,60,60,228,13,215,5,0.9894736842105263,0.9090909090909092,1.0,0.8181818181818182,0.9,0.9999999999944135,179,0,2,9
catboost,queda,70,5,5,2723,182,2541,5,0.9898454746136865,0.9294478527607362,1.0,0.8588957055214724,0.9240924092409241,0.9999999999995243,2102,0,23,140
catboost,queda,70,10,10,1362,92,1270,5,0.9885462555066079,0.9263544344845158,0.9859154929577465,0.8536585365853658,0.9150326797385621,0.999050332382717,1052,1,12,70
catboost,queda,70,15,15,908,63,845,5,0.990728476821192,0.9375,1.0,0.875,0.9333333333333333,0.9999999999985694,699,0,7,49
catboost,queda,70,20,20,681,46,635,5,0.9876106194690265,0.9146341463414633,1.0,0.8292682926829268,0.9066666666666666,0.9999999999980916,524,0,7,34
catboost,queda,70,25,25,545,39,506,5,0.9844444444444445,0.8970588235294117,1.0,0.7941176470588235,0.8852459016393442,0.9999999999975961,416,0,7,27
catboost,queda,70,30,30,454,30,424,5,0.9866666666666667,0.921644258320476,0.9565217391304348,0.8461538461538461,0.8979591836734694,0.997134670484249,348,1,4,22
catboost,queda,70,35,35,389,26,363,5,0.971875,0.8043478260869565,1.0,0.6086956521739131,0.7567567567567568,0.999999999996633,297,0,9,14
catboost,queda,70,40,40,341,24,317,5,0.9821428571428571,0.8809523809523809,1.0,0.7619047619047619,0.8648648648648649,0.9999999999961391,259,0,5,16
catboost,queda,70,45,45,303,21,282,5,0.968,0.8034003831417624,0.9166666666666666,0.6111111111111112,0.7333333333333333,0.995689655168122,231,1,7,11
catboost,queda,70,50,50,273,23,250,5,0.9822222222222222,0.9,1.0,0.8,0.8888888888888888,0.999999999995122,205,0,4,16
catboost,queda,70,55,55,248,17,231,5,0.9804878048780488,0.8571428571428572,1.0,0.7142857142857143,0.8333333333333334,0.9999999999947644,191,0,4,10
catboost,queda,70,60,60,227,15,212,5,0.9783783783783784,0.8461538461538461,1.0,0.6923076923076923,0.8181818181818182,0.9999999999941861,172,0,4,9
catboost,queda,70,65,65,210,14,196,5,0.96,0.7083333333333334,1.0,0.4166666666666667,0.5882352941176471,0.9999999999938651,163,0,7,5
catboost,queda,70,70,70,195,14,181,5,0.96875,0.7916666666666667,1.0,0.5833333333333334,0.7368421052631579,0.9999999999932433,148,0,5,7
catboost,queda,80,5,5,2721,204,2517,5,0.990728476821192,0.9426229508196722,1.0,0.8852459016393442,0.9391304347826087,0.9999999999995197,2082,0,21,162
catboost,queda,80,10,10,1361,103,1258,5,0.9893805309734514,0.9347826086956521,1.0,0.8695652173913043,0.9302325581395349,0.9999999999990367,1038,0,12,80
catboost,queda,80,15,15,907,68,839,5,0.990728476821192,0.9426229508196722,1.0,0.8852459016393442,0.9391304347826087,0.999999999998559,694,0,7,54
catboost,queda,80,20,20,681,51,630,5,0.9893805309734514,0.9333333333333333,1.0,0.8666666666666667,0.9285714285714286,0.999999999998077,520,0,6,39
catboost,queda,80,25,25,545,43,502,5,0.9844444444444445,0.9078947368421053,1.0,0.8157894736842105,0.8985507246376812,0.9999999999975728,412,0,7,31
catboost,queda,80,30,30,454,35,419,5,0.9866666666666667,0.9193548387096775,1.0,0.8387096774193549,0.9122807017543859,0.9999999999970931,344,0,5,26
catboost,queda,80,35,35,389,29,360,5,0.971875,0.8269230769230769,1.0,0.6538461538461539,0.7906976744186046,0.9999999999965987,294,0,9,17
catboost,queda,80,40,40,341,25,316,5,0.975,0.8409090909090908,1.0,0.6818181818181818,0.8108108108108109,0.9999999999961241,258,0,7,15
catboost,queda,80,45,45,303,24,279,5,0.976,0.8571428571428572,1.0,0.7142857142857143,0.8333333333333334,0.9999999999956333,229,0,6,15
catboost,queda,80,50,50,273,24,249,5,0.9777777777777777,0.9023109243697479,0.9444444444444444,0.8095238095238095,0.8717948717948718,0.9950980392108084,203,1,4,17
catboost,queda,80,55,55,248,21,227,5,0.975609756097561,0.8611111111111112,1.0,0.7222222222222222,0.8387096774193549,0.9999999999946525,187,0,5,13
catboost,queda,80,60,60,227,17,210,5,0.9675675675675676,0.8,1.0,0.6,0.75,0.9999999999941177,170,0,6,9
catboost,queda,80,65,65,210,15,195,5,0.96,0.7307692307692308,1.0,0.46153846153846156,0.631578947368421,0.9999999999938273,162,0,7,6
catboost,queda,80,70,70,195,16,179,5,0.95625,0.75,1.0,0.5,0.6666666666666666,0.9999999999931508,146,0,7,7
catboost,queda,80,75,75,182,15,167,5,0.9866666666666667,0.9166666666666667,1.0,0.8333333333333334,0.9090909090909091,0.9999999999927537,138,0,2,10
catboost,queda,80,80,80,171,14,157,5,0.9428571428571428,0.6666666666666666,1.0,0.3333333333333333,0.5,0.9999999999921876,128,0,8,4
catboost,queda,90,5,5,2719,226,2493,5,0.9902869757174393,0.9480333790427773,0.994535519125683,0.896551724137931,0.9430051813471503,0.9995150339471389,2061,1,21,182
catboost,queda,90,10,10,1360,114,1246,5,0.9849557522123894,0.9387445639734493,0.9473684210526315,0.8823529411764706,0.9137055837563451,0.99513618676946,1023,5,12,90
catboost,queda,90,15,15,907,76,831,5,0.9880794701986755,0.9404486685503896,0.9836065573770492,0.8823529411764706,0.9302325581395349,0.9985443959228552,686,1,8,60
catboost,queda,90,20,20,680,57,623,5,0.9876106194690265,0.9313725490196079,1.0,0.8627450980392157,0.9263157894736842,0.9999999999980544,514,0,7,44
catboost,queda,90,25,25,544,45,499,5,0.98,0.8987804878048781,0.9696969696969697,0.8,0.8767123287671232,0.997560975607323,409,1,8,32
catboost,queda,90,30,30,454,36,418,5,0.9813333333333333,0.890625,1.0,0.78125,0.8771929824561403,0.9999999999970846,343,0,7,25
catboost,queda,90,35,35,389,34,355,5,0.98125,0.9,1.0,0.8,0.8888888888888888,0.9999999999965518,290,0,6,24
catboost,queda,90,40,40,340,27,313,5,0.9714285714285714,0.8333333333333333,1.0,0.6666666666666666,0.8,0.9999999999960938,256,0,8,16
catboost,queda,90,45,45,303,27,276,5,0.98,0.9144542772861357,0.9523809523809523,0.8333333333333334,0.8888888888888888,0.9955752212345329,225,1,4,20
catboost,queda,90,50,50,272,23,249,5,0.9733333333333334,0.85,1.0,0.7,0.8235294117647058,0.999999999995122,205,0,6,14
catboost,queda,90,55,55,248,22,226,5,0.9707317073170731,0.8421052631578947,1.0,0.6842105263157895,0.8125,0.9999999999946237,186,0,6,13
catboost,queda,90,60,60,227,18,209,5,0.9837837837837838,0.90625,1.0,0.8125,0.896551724137931,0.999999999994083,169,0,3,13
catboost,queda,90,65,65,210,19,191,5,0.9485714285714286,0.7615413253909158,0.9,0.5294117647058824,0.6666666666666666,0.9936708860696604,157,1,8,9
catboost,queda,90,70,70,195,19,176,5,0.96875,0.8529411764705883,1.0,0.7058823529411765,0.8275862068965517,0.999999999993007,143,0,5,12
catboost,queda,90,75,75,182,17,165,5,0.9733333333333334,0.8571428571428572,1.0,0.7142857142857143,0.8333333333333334,0.9999999999926471,136,0,4,10
catboost,queda,90,80,80,170,15,155,5,0.9642857142857143,0.8076923076923077,1.0,0.6153846153846154,0.7619047619047619,0.999999999992126,127,0,5,8
catboost,queda,90,85,85,160,14,146,5,0.9692307692307692,0.8333333333333333,1.0,0.6666666666666666,0.8,0.9999999999915254,118,0,4,8
catboost,queda,90,90,90,152,13,139,5,0.968,0.8181818181818181,1.0,0.6363636363636364,0.7777777777777778,0.999999999991228,114,0,4,7
catboost,queda,100,5,5,2717,248,2469,5,0.9796460176991151,0.9407882426235716,0.9004524886877828,0.8923766816143498,0.8963963963963963,0.9891998036323078,2015,22,24,199
catboost,queda,100,10,10,1359,125,1234,5,0.9814159292035398,0.9380350126298063,0.9252336448598131,0.8839285714285714,0.9041095890410958,0.9921414538300667,1010,8,13,99
catboost,queda,100,15,15,906,85,821,5,0.9854304635761589,0.9334741492907527,0.9850746268656716,0.868421052631579,0.9230769230769231,0.9985272459484558,678,1,10,66
catboost,queda,100,20,20,680,62,618,5,0.9876106194690265,0.9363636363636363,1.0,0.8727272727272727,0.9320388349514563,0.9999999999980392,510,0,7,48
catboost,queda,100,25,25,544,52,492,5,0.9844444444444445,0.9239130434782609,1.0,0.8478260869565217,0.9176470588235294,0.9999999999975248,404,0,7,39
catboost,queda,100,30,30,453,41,412,5,0.9866666666666667,0.9429695181907571,0.9696969696969697,0.8888888888888888,0.927536231884058,0.9970501474896842,338,1,4,32
catboost,queda,100,35,35,389,36,353,5,0.98125,0.90625,1.0,0.8125,0.896551724137931,0.9999999999965278,288,0,6,26
catboost,queda,100,40,40,340,31,309,5,0.9821428571428571,0.9074074074074074,1.0,0.8148148148148148,0.8979591836734694,0.9999999999960475,253,0,5,22
catboost,queda,100,45,45,302,29,273,5,0.988,0.94,1.0,0.88,0.9361702127659575,0.9999999999955556,225,0,3,22
catboost,queda,100,50,50,272,24,248,5,0.9688888888888889,0.8546918767507004,0.9375,0.7142857142857143,0.8108108108108109,0.9950980392108084,203,1,6,15
catboost,queda,100,55,55,247,23,224,5,0.9707317073170731,0.8722972972972973,0.9375,0.75,0.8333333333333334,0.9945945945892185,184,1,5,15
catboost,queda,100,60,60,227,21,206,5,0.9891891891891892,0.9444444444444444,1.0,0.8888888888888888,0.9411764705882353,0.999999999994012,167,0,2,16
catboost,queda,100,65,65,209,18,191,5,0.9588235294117647,0.78125,1.0,0.5625,0.72,0.9999999999935065,154,0,7,9
catboost,queda,100,70,70,195,20,175,5,0.975,0.8888888888888888,1.0,0.7777777777777778,0.875,0.9999999999929579,142,0,4,14
catboost,queda,100,75,75,182,20,162,5,0.9733333333333334,0.8823529411764706,1.0,0.7647058823529411,0.8666666666666667,0.9999999999924812,133,0,4,13
catboost,queda,100,80,80,170,17,153,5,0.9642857142857143,0.8531746031746033,0.9090909090909091,0.7142857142857143,0.8,0.9920634920556185,125,1,4,10
catboost,queda,100,85,85,160,15,145,5,0.9692307692307692,0.8461538461538461,1.0,0.6923076923076923,0.8181818181818182,0.999999999991453,117,0,4,9
catboost,queda,100,90,90,151,14,137,5,0.984,0.9090909090909092,1.0,0.8181818181818182,0.9,0.999999999991228,114,0,2,9
catboost,queda,100,95,95,143,15,128,5,0.9565217391304348,0.8076923076923077,1.0,0.6153846153846154,0.7619047619047619,0.9999999999901961,102,0,5,8
catboost,queda,100,100,100,136,12,124,5,0.9454545454545454,0.7,1.0,0.4,0.5714285714285714,0.99999999999,100,0,6,4
mlp,lacuna,20,5,5,2733,86,2647,5,0.9903296703296703,0.8625,1.0,0.725,0.8405797101449275,0.9999999999995445,2195,0,22,58
mlp,lacuna,20,10,10,1367,42,1325,5,0.9850220264317181,0.782051282051282,1.0,0.5641025641025641,0.7213114754098361,0.9999999999990876,1096,0,17,22
mlp,lacuna,20,15,15,911,29,882,5,0.9827814569536424,0.7592592592592593,1.0,0.5185185185185185,0.6829268292682927,0.9999999999986264,728,0,13,14
mlp,lacuna,20,20,20,684,25,659,5,0.9824561403508771,0.8034337493045068,0.9333333333333333,0.6086956521739131,0.7368421052631579,0.9981718464332757,546,1,9,14
mlp,lacuna,30,5,5,2731,108,2623,5,0.9837362637362638,0.8186274509803921,1.0,0.6372549019607843,0.7784431137724551,0.9999999999995398,2173,0,37,65
mlp,lacuna,30,10,10,1366,53,1313,5,0.9779735682819384,0.7595391705069124,0.9629629629629629,0.52,0.6753246753246753,0.999078341012904,1084,1,24,26
mlp,lacuna,30,15,15,911,35,876,5,0.9788079470198675,0.7864937463275414,0.9047619047619048,0.5757575757575758,0.7037037037037037,0.9972299168961257,720,2,14,19
mlp,lacuna,30,20,20,683,25,658,5,0.9699115044247788,0.7137012674474571,0.7142857142857143,0.43478260869565216,0.5405405405405406,0.9926199261974306,538,4,13,10
mlp,lacuna,30,25,25,547,23,524,5,0.9736263736263736,0.7369431643625192,0.9090909090909091,0.47619047619047616,0.625,0.9976958525322634,433,1,11,10
mlp,lacuna,30,30,30,456,20,436,5,0.9657894736842105,0.682825484764543,0.875,0.3684210526315789,0.5185185185185185,0.9972299168947445,360,1,12,7
mlp,lacuna,40,5,5,2729,130,2599,5,0.9744493392070485,0.7927238974235638,0.9125,0.5887096774193549,0.7156862745098039,0.9967381174273081,2139,7,51,73
mlp,lacuna,40,10,10,1365,64,1301,5,0.9691629955947136,0.7672329578410721,0.825,0.5409836065573771,0.6534653465346535,0.9934823091238422,1067,7,28,33
mlp,lacuna,40,15,15,910,44,866,5,0.9629139072847682,0.7114806651973552,0.8181818181818182,0.42857142857142855,0.5625,0.9943899018218872,709,4,24,18
mlp,lacuna,40,20,20,683,36,647,5,0.9646017699115044,0.7471751412429379,0.85,0.5,0.6296296296296297,0.9943502824840031,528,3,17,17
mlp,lacuna,40,25,25,546,28,518,5,0.9626373626373627,0.7092074592074592,0.8461538461538461,0.4230769230769231,0.5641025641025641,0.9953379953356752,427,2,15,11
mlp,lacuna,40,30,30,455,24,431,5,0.9546666666666667,0.6913908102766798,0.75,0.391304347826087,0.5142857142857142,0.9914772727244561,349,3,14,9
mlp,lacuna,40,35,35,390,17,373,5,0.9446153846153846,0.6449231391585761,0.4166666666666667,0.3125,0.35714285714285715,0.9773462783139892,302,7,11,5
mlp,lacuna,40,40,40,342,15,327,5,0.9754385964912281,0.7838692672641012,0.8888888888888888,0.5714285714285714,0.6956521739130435,0.9963099630959547,270,1,6,8
mlp,lacuna,50,5,5,2727,152,2575,5,0.9682819383259912,0.7853171839124938,0.8936170212765957,0.5753424657534246,0.7,0.9952919020710945,2114,10,62,84
mlp,lacuna,50,10,10,1364,75,1289,5,0.9709251101321585,0.7773074108916066,0.975609756097561,0.5555555555555556,0.7079646017699115,0.9990592662267177,1062,1,32,40
mlp,lacuna,50,15,15,909,51,858,5,0.9642384105960264,0.7719691275943805,0.84375,0.5510204081632653,0.6666666666666666,0.9929178470240894,701,5,22,27
mlp,lacuna,50,20,20,682,36,646,5,0.9663716814159292,0.7343524980613714,0.9411764705882353,0.47058823529411764,0.6274509803921569,0.9981167608267456,530,1,18,16
mlp,lacuna,50,25,25,546,29,517,5,0.9604395604395605,0.7360678435444791,0.7647058823529411,0.48148148148148145,0.5909090909090909,0.990654205605162,424,4,14,13
mlp,lacuna,50,30,30,455,25,430,5,0.9546666666666667,0.6846509971509971,0.8181818181818182,0.375,0.5142857142857142,0.9943019942991616,349,2,15,9
mlp,lacuna,50,35,35,390,23,367,5,0.9323076923076923,0.5632313231323132,0.5,0.13636363636363635,0.21428571428571427,0.9900990098977225,300,3,19,3
mlp,lacuna,50,40,40,341,15,326,5,0.9535714285714286,0.5695488721804511,0.6666666666666666,0.14285714285714285,0.23529411764705882,0.9962406015000141,265,1,12,2
mlp,lacuna,50,45,45,303,17,286,5,0.94,0.5603632478632479,0.6666666666666666,0.125,0.21052631578947367,0.9957264957222405,233,1,14,2
mlp,lacuna,50,50,50,273,15,258,5,0.9244444444444444,0.5262356127285037,0.2,0.07142857142857142,0.10526315789473684,0.9810426540237865,207,4,13,1
mlp,lacuna,60,5,5,2725,174,2551,5,0.9718061674008811,0.8150004530832313,0.9814814814814815,0.6309523809523809,0.7681159420289855,0.9990485252136065,2100,2,62,106
mlp,lacuna,60,10,10,1363,86,1277,5,0.9656387665198238,0.7817066746071739,0.94,0.5662650602409639,0.706766917293233,0.9971482889724361,1049,3,36,47
mlp,lacuna,60,15,15,909,57,852,5,0.9615894039735099,0.7614935064935064,0.90625,0.5272727272727272,0.6666666666666666,0.9957142857128632,697,3,26,29
mlp,lacuna,60,20,20,682,47,635,5,0.9504424778761061,0.7091880341880342,0.9047619047619048,0.4222222222222222,0.5757575757575758,0.9961538461519305,518,2,26,19
mlp,lacuna,60,25,25,545,34,511,5,0.9577777777777777,0.7175538277511961,0.9333333333333333,0.4375,0.5957446808510638,0.9976076555000057,417,1,18,14
mlp,lacuna,60,30,30,455,31,424,5,0.9493333333333334,0.6985507246376812,0.9230769230769231,0.4,0.5581395348837209,0.9971014492724722,344,1,18,12
mlp,lacuna,60,35,35,390,24,366,5,0.9446153846153846,0.6488626547653326,0.7777777777777778,0.30434782608695654,0.4375,0.9933774834404193,300,2,16,7
mlp,lacuna,60,40,40,341,24,317,5,0.9392857142857143,0.6502283877516495,0.875,0.30434782608695654,0.45161290322580644,0.9961089494124665,256,1,16,7
mlp,lacuna,60,45,45,303,18,285,5,0.936,0.5566776066649836,0.6666666666666666,0.11764705882352941,0.2,0.9957081545021644,232,1,15,2
mlp,lacuna,60,50,50,273,21,252,5,0.9333333333333333,0.6701219512195122,0.7777777777777778,0.35,0.4827586206896552,0.990243902434194,203,2,13,7
mlp,lacuna,60,55,55,248,15,233,5,0.9512195121951219,0.6428571428571428,1.0,0.2857142857142857,0.4444444444444444,0.9999999999947644,191,0,10,4
mlp,lacuna,60,60,60,228,19,209,5,0.9315789473684211,0.6637596899224806,0.8571428571428571,0.3333333333333333,0.48,0.9941860465058479,171,1,12,6
mlp,lacuna,70,5,5,2723,196,2527,5,0.9690949227373068,0.8181800887761572,0.9918032786885246,0.6368421052631579,0.7756410256410257,0.999518072288675,2074,1,69,121
mlp,lacuna,70,10,10,1362,97,1265,5,0.9638766519823788,0.7915925766958939,0.9649122807017544,0.5851063829787234,0.7284768211920529,0.9980787704121056,1039,2,39,55
mlp,lacuna,70,15,15,908,66,842,5,0.9483443708609272,0.7165792329956584,0.9032258064516129,0.4375,0.5894736842105263,0.9956584659898761,688,3,36,28
mlp,lacuna,70,20,20,681,47,634,5,0.9557522123893806,0.7323717948717949,0.9545454545454546,0.4666666666666667,0.6268656716417911,0.9980769230750037,519,1,24,21
mlp,lacuna,70,25,25,545,40,505,5,0.9377777777777778,0.6435232498722534,0.9166666666666666,0.2894736842105263,0.44,0.9975728155315593,411,1,27,11
mlp,lacuna,70,30,30,454,35,419,5,0.9386666666666666,0.6882439192685872,0.8666666666666667,0.38235294117647056,0.5306122448979592,0.9941348973577885,339,2,21,13
mlp,lacuna,70,35,35,389,27,362,5,0.93125,0.5769230769230769,1.0,0.15384615384615385,0.26666666666666666,0.9999999999965987,294,0,22,4
mlp,lacuna,70,40,40,341,24,317,5,0.9357142857142857,0.6284892573168669,0.8571428571428571,0.2608695652173913,0.4,0.9961089494124665,256,1,17,6
mlp,lacuna,70,45,45,303,23,280,5,0.928,0.5909090909090909,1.0,0.18181818181818182,0.3076923076923077,0.9999999999956141,228,0,18,4
mlp,lacuna,70,50,50,273,24,249,5,0.9111111111111111,0.6037451571244081,0.7142857142857143,0.21739130434782608,0.3333333333333333,0.9900990098960887,200,2,18,5
mlp,lacuna,70,55,55,248,17,231,5,0.9317073170731708,0.5625,1.0,0.125,0.2222222222222222,0.999999999994709,189,0,14,2
mlp,lacuna,70,60,60,227,19,208,5,0.918918918918919,0.5833333333333334,1.0,0.16666666666666666,0.2857142857142857,0.999999999994012,167,0,15,3
mlp,lacuna,70,65,65,210,13,197,5,0.9314285714285714,0.5,0.0,0.0,0.0,0.9999999999938651,163,0,12,0
mlp,lacuna,70,70,70,195,14,181,5,0.91875,0.5350601779173207,0.5,0.07692307692307693,0.13333333333333333,0.9931972789048082,146,1,12,1
mlp,lacuna,80,5,5,2721,218,2503,5,0.954083885209713,0.7737514819546177,0.9285714285714286,0.5518867924528302,0.6923076923076923,0.9956161714559203,2044,9,95,117
mlp,lacuna,80,10,10,1361,108,1253,5,0.9495575221238938,0.7542160278745644,0.9,0.5142857142857142,0.6545454545454545,0.9941463414624447,1019,6,51,54
mlp,lacuna,80,15,15,907,73,834,5,0.9509933774834437,0.7457478790873898,0.9722222222222222,0.49295774647887325,0.6542056074766355,0.9985380116944466,683,1,36,35
mlp,lacuna,80,20,20,681,58,623,5,0.9469026548672567,0.7480353634577603,0.9333333333333333,0.5,0.6511627906976745,0.9960707269135637,507,2,28,28
mlp,lacuna,80,25,25,545,45,500,5,0.92,0.6437917833266671,0.6842105263157895,0.3023255813953488,0.41935483870967744,0.9852579852555645,401,6,30,13
mlp,lacuna,80,30,30,454,36,418,5,0.928,0.6399159663865546,0.8333333333333334,0.2857142857142857,0.425531914893617,0.9941176470558997,338,2,25,10
mlp,lacuna,80,35,35,389,31,358,5,0.940625,0.6833333333333333,1.0,0.36666666666666664,0.5365853658536586,0.9999999999965518,290,0,19,11
mlp,lacuna,80,40,40,341,26,315,5,0.9357142857142857,0.6580392156862745,0.8888888888888888,0.32,0.47058823529411764,0.9960784313686428,254,1,17,8
mlp,lacuna,80,45,45,303,25,278,5,0.924,0.6041666666666666,1.0,0.20833333333333334,0.3448275862068966,0.9999999999955753,226,0,19,5
mlp,lacuna,80,50,50,273,24,249,5,0.9111111111111111,0.6422729229444684,0.6363636363636364,0.30434782608695654,0.4117647058823529,0.9801980197971277,198,4,16,7
mlp,lacuna,80,55,55,248,20,228,5,0.9317073170731708,0.631578947368421,1.0,0.2631578947368421,0.4166666666666667,0.9999999999946237,186,0,14,5
mlp,lacuna,80,60,60,227,20,207,5,0.9297297297297298,0.6578947368421053,1.0,0.3157894736842105,0.48,0.9999999999939759,166,0,13,6
mlp,lacuna,80,65,65,210,15,195,5,0.9371428571428572,0.6071428571428571,1.0,0.21428571428571427,0.35294117647058826,0.9999999999937889,161,0,11,3
mlp,lacuna,80,70,70,195,16,179,5,0.9375,0.6965517241379311,0.8571428571428571,0.4,0.5454545454545454,0.9931034482690132,144,1,9,6
mlp,lacuna,80,75,75,182,16,166,5,0.94,0.7296296296296296,0.875,0.4666666666666667,0.6086956521739131,0.9925925925852401,134,1,8,7
mlp,lacuna,80,80,80,171,13,158,5,0.9642857142857143,0.7916666666666667,1.0,0.5833333333333334,0.7368421052631579,0.9999999999921876,128,0,5,7
mlp,lacuna,90,5,5,2719,240,2479,5,0.9421633554083885,0.7749119418247926,0.8198757763975155,0.5641025641025641,0.6683544303797468,0.9857213195465359,2002,29,102,132
mlp,lacuna,90,10,10,1360,119,1241,5,0.9513274336283186,0.8011035162891926,0.8765432098765432,0.6120689655172413,0.7208121827411168,0.9901380670601675,1004,10,45,71
mlp,lacuna,90,15,15,907,79,828,5,0.9509933774834437,0.7654963031069226,0.9761904761904762,0.5324675324675324,0.6890756302521008,0.9985250737448399,677,1,36,41
mlp,lacuna,90,20,20,680,58,622,5,0.9433628318584071,0.7222319674431659,0.9615384615384616,0.44642857142857145,0.6097560975609756,0.9980353634557996,508,1,31,25
mlp,lacuna,90,25,25,544,50,494,5,0.9244444444444444,0.6825248756218906,0.8181818181818182,0.375,0.5142857142857142,0.9900497512413183,398,4,30,18
mlp,lacuna,90,30,30,454,42,412,5,0.9253333333333333,0.6692347013290493,0.9333333333333333,0.34146341463414637,0.5,0.9970059880209671,333,1,27,14
mlp,lacuna,90,35,35,389,35,354,5,0.928125,0.6747223364870424,0.9230769230769231,0.35294117647058826,0.5106382978723404,0.9965034965000122,285,1,22,12
mlp,lacuna,90,40,40,340,26,314,5,0.9142857142857143,0.6101960784313725,0.5454545454545454,0.24,0.3333333333333333,0.9803921568589005,250,5,19,6
mlp,lacuna,90,45,45,303,28,275,5,0.916,0.6111111111111112,1.0,0.2222222222222222,0.36363636363636365,0.9999999999955157,223,0,21,6
mlp,lacuna,90,50,50,272,25,247,5,0.8977777777777778,0.6125621890547264,0.5454545454545454,0.25,0.34285714285714286,0.9751243781046014,196,5,18,6
mlp,lacuna,90,55,55,248,24,224,5,0.9317073170731708,0.7146440516005733,0.9090909090909091,0.43478260869565216,0.5882352941176471,0.9945054945000302,181,1,13,10
mlp,lacuna,90,60,60,227,20,207,5,0.918918918918919,0.6052631578947368,1.0,0.21052631578947367,0.34782608695652173,0.9999999999939759,166,0,15,4
mlp,lacuna,90,65,65,210,16,194,5,0.9371428571428572,0.6937500000000001,0.75,0.4,0.5217391304347826,0.9874999999938282,158,2,9,6
mlp,lacuna,90,70,70,195,18,177,5,0.925,0.6470588235294118,1.0,0.29411764705882354,0.45454545454545453,0.999999999993007,143,0,12,5
mlp,lacuna,90,75,75,182,17,165,5,0.9133333333333333,0.6763059701492538,0.6666666666666666,0.375,0.48,0.9776119402912119,131,3,10,6
mlp,lacuna,90,80,80,170,12,158,5,0.95,0.6818181818181819,1.0,0.36363636363636365,0.5333333333333333,0.9999999999922481,129,0,7,4
mlp,lacuna,90,85,85,160,13,147,5,0.9307692307692308,0.625,1.0,0.25,0.4,0.9999999999915254,118,0,9,3
mlp,lacuna,90,90,90,152,17,135,5,0.904,0.625,1.0,0.25,0.4,0.9999999999908257,109,0,12,4
mlp,lacuna,100,5,5,2717,262,2455,5,0.9650442477876107,0.8661466130239521,0.9402985074626866,0.73828125,0.8271334792122538,0.9940119760474082,1992,12,67,189
mlp,lacuna,100,10,10,1359,130,1229,5,0.9610619469026549,0.8302101569307825,0.9882352941176471,0.6614173228346457,0.7924528301886793,0.9990029910259233,1002,1,43,84
mlp,lacuna,100,15,15,906,88,818,5,0.9576158940397351,0.8240866270379255,0.9655172413793104,0.6511627906976745,0.7777777777777778,0.9970104633766861,667,2,30,56
mlp,lacuna,100,20,20,680,69,611,5,0.9469026548672567,0.7825780734879817,0.9743589743589743,0.5671641791044776,0.7169811320754716,0.997991967869482,497,1,29,38
mlp,lacuna,100,25,25,544,51,493,5,0.9444444444444444,0.7448979591836735,1.0,0.4897959183673469,0.6575342465753424,0.9999999999975062,401,0,25,24
mlp,lacuna,100,30,30,453,46,407,5,0.9226666666666666,0.6873737373737374,0.9444444444444444,0.37777777777777777,0.5396825396825397,0.9969696969666759,329,1,28,17
mlp,lacuna,100,35,35,389,38,351,5,0.921875,0.6856556202845956,0.875,0.3783783783783784,0.5283018867924528,0.9929328621873041,281,2,23,14
mlp,lacuna,100,40,40,340,35,305,5,0.9428571428571428,0.7647058823529411,1.0,0.5294117647058824,0.6923076923076923,0.999999999995935,246,0,16,18
mlp,lacuna,100,45,45,302,29,273,5,0.912,0.6227477477477478,0.875,0.25,0.3888888888888889,0.9954954954910114,221,1,21,7
mlp,lacuna,100,50,50,272,26,246,5,0.92,0.675,0.8181818181818182,0.36,0.5,0.9899999999950501,198,2,16,9
mlp,lacuna,100,55,55,247,24,223,5,0.926829268292683,0.7118967988533206,0.8333333333333334,0.43478260869565216,0.5714285714285714,0.989010989005555,180,2,13,10
mlp,lacuna,100,60,60,227,24,203,5,0.8972972972972973,0.6242619431025228,0.75,0.2608695652173913,0.3870967741935484,0.9876543209815577,160,2,17,6
mlp,lacuna,100,65,65,209,18,191,5,0.9176470588235294,0.6928104575163399,0.6363636363636364,0.4117647058823529,0.5,0.9738562091439618,149,4,10,7
mlp,lacuna,100,70,70,195,19,176,5,0.9375,0.7949921752738655,0.7857142857142857,0.6111111111111112,0.6875,0.9788732394297264,139,3,7,11
mlp,lacuna,100,75,75,182,18,164,5,0.94,0.7865988500663423,0.8333333333333334,0.5882352941176471,0.6896551724137931,0.984962406007632,131,2,7,10
mlp,lacuna,100,80,80,170,15,155,5,0.9571428571428572,0.8174603174603174,0.9,0.6428571428571429,0.75,0.9920634920556185,125,1,5,9
mlp,lacuna,100,85,85,160,15,145,5,0.8923076923076924,0.5942118226600985,0.5,0.21428571428571427,0.3,0.974137931026085,113,3,11,3
mlp,lacuna,100,90,90,151,17,134,5,0.912,0.7095756880733946,0.7777777777777778,0.4375,0.56,0.981651376137783,107,2,9,7
mlp,lacuna,100,95,95,143,14,129,5,0.9130434782608695,0.6153846153846154,1.0,0.23076923076923078,0.375,0.9999999999901961,102,0,10,3
mlp,lacuna,100,100,100,136,12,124,5,0.9818181818181818,0.9090909090909092,1.0,0.8181818181818182,0.9,0.999999999989899,99,0,2,9
mlp,oscilacao,20,5,5,2733,136,2597,5,0.9920879120879121,0.9514260095871987,0.9238095238095239,0.9065420560747663,0.9150943396226415,0.9963099630991714,2160,8,10,97
mlp,oscilacao,20,10,10,1367,68,1299,5,0.9929515418502203,0.9787062733408709,0.896551724137931,0.9629629629629629,0.9285714285714286,0.994449583717859,1075,6,2,52
mlp,oscilacao,20,15,15,911,45,866,5,0.9880794701986755,0.9393849206349206,0.8611111111111112,0.8857142857142857,0.8732394366197183,0.9930555555541764,715,5,4,31
mlp,oscilacao,20,20,20,684,29,655,5,0.9929824561403509,0.9755186392178683,0.88,0.9565217391304348,0.9166666666666666,0.9945155393034836,544,3,1,22
mlp,oscilacao,30,5,5,2731,164,2567,5,0.9912087912087912,0.9661963487143921,0.9097744360902256,0.937984496124031,0.9236641221374046,0.9944082013042896,2134,12,8,121
mlp,oscilacao,30,10,10,1366,82,1284,5,0.9911894273127754,0.9664270309130123,0.9104477611940298,0.9384615384615385,0.9242424242424242,0.9943925233635567,1064,6,4,61
mlp,oscilacao,30,15,15,911,53,858,5,0.9894039735099338,0.927168904027249,0.9473684210526315,0.8571428571428571,0.9,0.9971949509102424,711,2,6,36
mlp,oscilacao,30,20,20,683,41,642,5,0.9858407079646018,0.9356345408976987,0.8787878787878788,0.8787878787878788,0.8787878787878788,0.9924812030056532,528,4,4,29
mlp,oscilacao,30,25,25,547,38,509,5,0.978021978021978,0.8985088253195375,0.8620689655172413,0.8064516129032258,0.8333333333333334,0.9905660377335128,420,4,6,25
mlp,oscilacao,30,30,30,456,26,430,5,0.9842105263157894,0.9019763894415704,0.8947368421052632,0.8095238095238095,0.85,0.9944289693565616,357,2,4,17
mlp,oscilacao,40,5,5,2729,190,2539,5,0.9837004405286344,0.9664937106918239,0.8304093567251462,0.9466666666666667,0.8847352024922118,0.9863207547165159,2091,29,8,142
mlp,oscilacao,40,10,10,1365,96,1269,5,0.9841409691629956,0.9670742010834451,0.8372093023255814,0.9473684210526315,0.8888888888888888,0.986779981113327,1045,14,4,72
mlp,oscilacao,40,15,15,910,65,845,5,0.9735099337748344,0.9403269830659536,0.7540983606557377,0.9019607843137255,0.8214285714285714,0.9786931818167917,689,15,5,46
mlp,oscilacao,40,20,20,683,43,640,5,0.984070796460177,0.9502326354270522,0.8378378378378378,0.9117647058823529,0.8732394366197183,0.9887005649698895,525,6,3,31
mlp,oscilacao,40,25,25,546,40,506,5,0.9824175824175824,0.9472148345153664,0.8529411764705882,0.90625,0.8787878787878788,0.9881796690283967,418,5,3,29
mlp,oscilacao,40,30,30,455,30,425,5,0.9866666666666667,0.9734686609686609,0.8518518518518519,0.9583333333333334,0.9019607843137255,0.988603988601172,347,4,1,23
mlp,oscilacao,40,35,35,390,27,363,5,0.9815384615384616,0.9679667919799498,0.8,0.9523809523809523,0.8695652173913043,0.983552631575712,299,5,1,20
mlp,oscilacao,40,40,40,342,26,316,5,0.9789473684210527,0.9448051948051948,0.8260869565217391,0.9047619047619048,0.8636363636363636,0.9848484848447544,260,4,2,19
mlp,oscilacao,50,5,5,2727,214,2513,5,0.981057268722467,0.9681372549019607,0.8223350253807107,0.9529411764705882,0.8828337874659401,0.9833333333328651,2065,35,8,162
mlp,oscilacao,50,10,10,1364,108,1256,5,0.986784140969163,0.9608264792604252,0.898876404494382,0.9302325581395349,0.9142857142857143,0.9914204003803705,1040,9,6,80
mlp,oscilacao,50,15,15,909,71,838,5,0.9788079470198675,0.9474887594522787,0.8225806451612904,0.9107142857142857,0.864406779661017,0.9842632331888638,688,11,5,51
mlp,oscilacao,50,20,20,682,54,628,5,0.9805309734513274,0.9254432861088835,0.8809523809523809,0.8604651162790697,0.8705882352941177,0.9904214559368,517,5,6,37
mlp,oscilacao,50,25,25,546,46,500,5,0.978021978021978,0.9141342299237036,0.8857142857142857,0.8378378378378378,0.8611111111111112,0.9904306220072,414,4,6,31
mlp,oscilacao,50,30,30,455,34,421,5,0.9786666666666667,0.9529424729997796,0.8,0.9230769230769231,0.8571428571428571,0.9828080229198201,343,6,2,24
mlp,oscilacao,50,35,35,390,30,360,5,0.9784615384615385,0.8733388704318936,0.9473684210526315,0.75,0.8372093023255814,0.9966777408604762,300,1,6,18
mlp,oscilacao,50,40,40,341,27,314,5,0.9928571428571429,0.95,1.0,0.9,0.9473684210526315,0.9999999999961539,260,0,2,18
mlp,oscilacao,50,45,45,303,25,278,5,0.98,0.9650262018683071,0.8181818181818182,0.9473684210526315,0.8780487804878049,0.9826839826797287,227,4,1,18
mlp,oscilacao,50,50,50,273,25,248,5,0.9866666666666667,0.9210526315789473,1.0,0.8421052631578947,0.9142857142857143,0.9999999999951457,206,0,3,16
mlp,oscilacao,60,5,5,2725,238,2487,5,0.9797356828193833,0.9554655870445344,0.8461538461538461,0.9263157894736842,0.8844221105527639,0.9846153846149113,2048,32,14,176
mlp,oscilacao,60,10,10,1363,120,1243,5,0.9797356828193833,0.9511148540263074,0.8543689320388349,0.9166666666666666,0.8844221105527639,0.9855630413849995,1024,15,8,88
mlp,oscilacao,60,15,15,909,79,830,5,0.9867549668874173,0.9422768143866409,0.9491525423728814,0.8888888888888888,0.9180327868852459,0.9956647398829542,689,3,7,56
mlp,oscilacao,60,20,20,682,55,627,5,0.9893805309734514,0.9526260687489094,0.9523809523809523,0.9090909090909091,0.9302325581395349,0.9961612284049978,519,2,4,40
mlp,oscilacao,60,25,25,545,51,494,5,0.9755555555555555,0.8877989146639633,0.9411764705882353,0.7804878048780488,0.8533333333333334,0.9951100244474448,407,2,9,32
mlp,oscilacao,60,30,30,455,40,415,5,0.9786666666666667,0.8856432858214554,0.96,0.7741935483870968,0.8571428571428571,0.9970930232529155,343,1,7,24
mlp,oscilacao,60,35,35,390,34,356,5,0.9784615384615385,0.9208923688789461,0.8846153846153846,0.8518518518518519,0.8679245283018868,0.9899328859027183,295,3,4,23
mlp,oscilacao,60,40,40,341,28,313,5,0.9857142857142858,0.9230769230769231,0.9444444444444444,0.85,0.8947368421052632,0.9961538461500148,259,1,3,17
mlp,oscilacao,60,45,45,303,27,276,5,0.98,0.9025784986483676,0.9444444444444444,0.8095238095238095,0.8717948717948718,0.9956331877685781,228,1,4,17
mlp,oscilacao,60,50,50,273,26,247,5,0.9644444444444444,0.8,1.0,0.6,0.75,0.999999999995122,205,0,8,12
mlp,oscilacao,60,55,55,248,25,223,5,0.9658536585365853,0.9339275608375779,0.7727272727272727,0.8947368421052632,0.8292682926829268,0.9731182795646607,181,5,2,17
mlp,oscilacao,60,60,60,228,17,211,5,0.9894736842105263,0.9587136027813994,0.9230769230769231,0.9230769230769231,0.9230769230769231,0.9943502824802579,176,1,1,12
mlp,oscilacao,70,5,5,2723,262,2461,5,0.9766004415011037,0.9550399721932569,0.8369098712446352,0.9285714285714286,0.8803611738148984,0.9815085158146075,2017,38,15,195
mlp,oscilacao,70,10,10,1362,132,1230,5,0.9779735682819384,0.9497726314245375,0.8584070796460177,0.9150943396226415,0.8858447488584474,0.9844509232254768,1013,16,9,97
mlp,oscilacao,70,15,15,908,89,819,5,0.9655629139072848,0.9178815583559838,0.7922077922077922,0.8591549295774648,0.8243243243243243,0.9766081871330752,668,16,10,61
mlp,oscilacao,70,20,20,681,66,615,5,0.9787610619469026,0.9206220518867925,0.9183673469387755,0.8490566037735849,0.8823529411764706,0.9921874999980621,508,4,8,45
mlp,oscilacao,70,25,25,545,53,492,5,0.9644444444444444,0.9365495855447552,0.7551020408163265,0.9024390243902439,0.8222222222222222,0.9706601466968933,397,12,4,37
mlp,oscilacao,70,30,30,454,42,412,5,0.9786666666666667,0.922071761255822,0.90625,0.8529411764705882,0.8787878787878788,0.991202346038149,338,3,5,29
mlp,oscilacao,70,35,35,389,39,350,5,0.975,0.9086384642730181,0.8888888888888888,0.8275862068965517,0.8571428571428571,0.9896907216460836,288,3,5,24
mlp,oscilacao,70,40,40,341,38,303,5,0.9535714285714286,0.8216101112790218,0.8636363636363636,0.6551724137931034,0.7450980392156863,0.9880478087610038,248,3,10,19
mlp,oscilacao,70,45,45,303,32,271,5,0.968,0.9264380530973451,0.8076923076923077,0.875,0.84,0.9778761061903635,221,5,3,21
mlp,oscilacao,70,50,50,273,27,246,5,0.9688888888888889,0.8701219512195122,0.8823529411764706,0.75,0.8108108108108109,0.990243902434194,203,2,5,15
mlp,oscilacao,70,55,55,248,25,223,5,0.9707317073170731,0.9366157328805886,0.8095238095238095,0.8947368421052632,0.85,0.9784946236506533,182,4,2,17
mlp,oscilacao,70,60,60,227,19,208,5,0.9567567567567568,0.8454469507101086,0.7142857142857143,0.7142857142857143,0.7142857142857143,0.9766081871287918,167,4,4,10
mlp,oscilacao,70,65,65,210,21,189,5,0.9714285714285714,0.8791883842144452,0.9285714285714286,0.7647058823529411,0.8387096774193549,0.9936708860696604,157,1,4,13
mlp,oscilacao,70,70,70,195,19,176,5,0.9875,0.9285714285714286,1.0,0.8571428571428571,0.9230769230769231,0.9999999999931508,146,0,2,12
mlp,oscilacao,80,5,5,2721,286,2435,5,0.9748344370860927,0.9493590428373038,0.8473895582329317,0.9173913043478261,0.8810020876826722,0.9813267813262991,1997,38,19,211
mlp,oscilacao,80,10,10,1361,144,1217,5,0.9734513274336283,0.947034618785282,0.8412698412698413,0.9137931034482759,0.8760330578512396,0.9802761341213212,994,20,10,106
mlp,oscilacao,80,15,15,907,95,812,5,0.9708609271523179,0.9487442833888846,0.813953488372093,0.9210526315789473,0.8641975308641975,0.9764359351973838,663,16,6,70
mlp,oscilacao,80,20,20,681,67,614,5,0.9893805309734514,0.9775675871566283,0.9285714285714286,0.9629629629629629,0.9454545454545454,0.992172211348352,507,4,2,52
mlp,oscilacao,80,25,25,545,64,481,5,0.9577777777777777,0.8821318000884564,0.8333333333333334,0.7843137254901961,0.8080808080808081,0.9799498746842608,391,8,11,40
mlp,oscilacao,80,30,30,454,46,408,5,0.976,0.961897738446411,0.8292682926829268,0.9444444444444444,0.8831168831168831,0.9793510324454887,332,7,2,34
mlp,oscilacao,80,35,35,389,41,348,5,0.978125,0.9446924880008929,0.875,0.9032258064516129,0.8888888888888888,0.9861591695467607,285,4,3,28
mlp,oscilacao,80,40,40,341,38,303,5,0.9857142857142858,0.9615331776342904,0.9310344827586207,0.9310344827586207,0.9310344827586207,0.9920318725060079,249,2,2,27
mlp,oscilacao,80,45,45,303,35,268,5,0.964,0.9459134615384616,0.7741935483870968,0.9230769230769231,0.8421052631578947,0.9687499999956752,217,7,2,24
mlp,oscilacao,80,50,50,273,37,236,5,0.9288888888888889,0.8122800844475722,0.76,0.6551724137931034,0.7037037037037037,0.969387755097095,190,6,10,19
mlp,oscilacao,80,55,55,248,27,221,5,0.9658536585365853,0.9177018633540373,0.8181818181818182,0.8571428571428571,0.8372093023255814,0.9782608695599008,180,4,3,18
mlp,oscilacao,80,60,60,227,20,207,5,0.9891891891891892,0.9941520467836258,0.875,1.0,0.9333333333333333,0.988304093561472,169,2,0,14
mlp,oscilacao,80,65,65,210,23,187,5,0.9657142857142857,0.9114372469635628,0.8421052631578947,0.8421052631578947,0.8421052631578947,0.9807692307629439,153,3,3,16
mlp,oscilacao,80,70,70,195,20,175,5,0.975,0.9563218390804598,0.8235294117647058,0.9333333333333333,0.875,0.9793103448208325,142,3,1,14
mlp,oscilacao,80,75,75,182,21,161,5,0.9666666666666667,0.9263059701492538,0.8235294117647058,0.875,0.8484848484848485,0.9776119402912119,131,3,2,14
mlp,oscilacao,80,80,80,171,14,157,5,0.9928571428571429,0.9961538461538462,0.9090909090909091,1.0,0.9523809523809523,0.9923076923000592,129,1,0,10
mlp,oscilacao,90,5,5,2719,310,2409,5,0.9664459161147902,0.9531116625310174,0.7959183673469388,0.936,0.8602941176470589,0.9702233250615533,1955,60,16,234
mlp,oscilacao,90,10,10,1360,156,1204,5,0.9690265486725663,0.9513375071143996,0.8181818181818182,0.9285714285714286,0.8698884758364313,0.9741035856564003,978,26,9,117
mlp,oscilacao,90,15,15,907,103,804,5,0.9695364238410596,0.9670467584624212,0.8,0.963855421686747,0.8743169398907104,0.9702380952366515,652,20,3,80
mlp,oscilacao,90,20,20,680,78,602,5,0.9628318584070796,0.9305002213368747,0.8,0.8888888888888888,0.8421052631578947,0.9721115537829241,488,14,7,56
mlp,oscilacao,90,25,25,544,64,480,5,0.9688888888888889,0.9568037741412354,0.8135593220338984,0.9411764705882353,0.8727272727272727,0.9724310776917985,388,11,3,48
mlp,oscilacao,90,30,30,454,52,402,5,0.9733333333333334,0.9529355922301739,0.8444444444444444,0.926829268292683,0.8837209302325582,0.9790419161647335,327,7,3,38
mlp,oscilacao,90,35,35,389,43,346,5,0.975,0.9324252982789568,0.8787878787878788,0.8787878787878788,0.8787878787878788,0.9860627177665992,283,4,4,29
mlp,oscilacao,90,40,40,340,39,301,5,0.975,0.9566666666666667,0.8484848484848485,0.9333333333333333,0.8888888888888888,0.97999999999608,245,5,2,28
mlp,oscilacao,90,45,45,303,37,266,5,0.972,0.9842342342342343,0.8,1.0,0.8888888888888888,0.9684684684641061,215,7,0,28
mlp,oscilacao,90,50,50,272,36,236,5,0.96,0.9182793807178043,0.8333333333333334,0.8620689655172413,0.847457627118644,0.9744897959133955,191,5,4,25
mlp,oscilacao,90,55,55,248,28,220,5,0.9853658536585366,0.9718082463984103,0.9130434782608695,0.9545454545454546,0.9333333333333333,0.9890710382459614,181,2,1,21
mlp,oscilacao,90,60,60,227,26,201,5,0.972972972972973,0.9383322764743183,0.85,0.8947368421052632,0.8717948717948718,0.9819277108374583,163,3,2,17
mlp,oscilacao,90,65,65,210,25,185,5,0.9828571428571429,0.9685483870967742,0.9047619047619048,0.95,0.926829268292683,0.9870967741871801,153,2,1,19
mlp,oscilacao,90,70,70,195,21,174,5,0.9625,0.8958333333333333,0.8125,0.8125,0.8125,0.979166666659867,141,3,3,13
mlp,oscilacao,90,75,75,182,22,160,5,0.9666666666666667,0.9538246268656716,0.7894736842105263,0.9375,0.8571428571428571,0.9701492537241034,130,4,1,15
mlp,oscilacao,90,80,80,170,14,156,5,0.9928571428571429,0.9545454545454546,1.0,0.9090909090909091,0.9523809523809523,0.9999999999922481,129,0,1,10
mlp,oscilacao,90,85,85,160,18,142,5,0.9615384615384616,0.8760683760683761,0.8333333333333334,0.7692307692307693,0.8,0.982905982897582,115,2,3,10
mlp,oscilacao,90,90,90,152,18,134,5,0.96,0.8838481338481339,0.8461538461538461,0.7857142857142857,0.8148148148148148,0.9819819819731352,109,2,3,11
mlp,oscilacao,100,5,5,2717,334,2383,5,0.9654867256637168,0.9483900986413549,0.8116883116883117,0.9259259259259259,0.8650519031141869,0.9708542713562961,1932,58,20,250
mlp,oscilacao,100,10,10,1359,168,1191,5,0.9663716814159292,0.9554976920345604,0.810126582278481,0.9411764705882353,0.8707482993197279,0.9698189134799097,964,30,8,128
mlp,oscilacao,100,15,15,906,113,793,5,0.952317880794702,0.9349596186945585,0.7477477477477478,0.9120879120879121,0.8217821782178217,0.9578313252997623,636,28,8,83
mlp,oscilacao,100,20,20,680,79,601,5,0.9699115044247788,0.9694049401197604,0.8051948051948052,0.96875,0.8794326241134752,0.9700598802375847,486,15,2,62
mlp,oscilacao,100,25,25,544,70,474,5,0.9577777777777777,0.922271573604061,0.8032786885245902,0.875,0.8376068376068376,0.969543147205661,382,12,7,49
mlp,oscilacao,100,30,30,453,54,399,5,0.968,0.9621669870914584,0.8076923076923077,0.9545454545454546,0.875,0.9697885196345324,321,10,2,42
mlp,oscilacao,100,35,35,389,48,341,5,0.953125,0.9147645879094642,0.7619047619047619,0.8648648648648649,0.810126582278481,0.964664310950655,273,10,5,32
mlp,oscilacao,100,40,40,340,40,300,5,0.9785714285714285,0.9733333333333334,0.8529411764705882,0.9666666666666667,0.90625,0.97999999999608,245,5,1,29
mlp,oscilacao,100,45,45,302,38,264,5,0.956,0.9606060606060607,0.7435897435897436,0.9666666666666667,0.8405797101449275,0.9545454545411157,210,10,1,29
mlp,oscilacao,100,50,50,272,37,235,5,0.9555555555555556,0.9451090781140041,0.7714285714285715,0.9310344827586207,0.84375,0.959183673464494,188,8,2,27
mlp,oscilacao,100,55,55,247,31,216,5,0.9512195121951219,0.9033333333333333,0.7777777777777778,0.84,0.8076923076923077,0.9666666666612963,174,6,4,21
mlp,oscilacao,100,60,60,227,26,201,5,0.9675675675675676,0.9586239695624603,0.782608695652174,0.9473684210526315,0.8571428571428571,0.9698795180664466,161,5,1,18
mlp,oscilacao,100,65,65,209,24,185,5,0.9705882352941176,0.9836601307189543,0.7727272727272727,1.0,0.8717948717948718,0.9673202614315862,148,5,0,17
mlp,oscilacao,100,70,70,195,23,172,5,0.9625,0.9546165884194053,0.7727272727272727,0.9444444444444444,0.85,0.964788732387572,137,5,1,17
mlp,oscilacao,100,75,75,182,25,157,5,0.9666666666666667,0.9359180393732422,0.85,0.8947368421052632,0.8717948717948718,0.9770992366337626,128,3,2,17
mlp,oscilacao,100,80,80,170,15,155,5,0.9714285714285714,0.9844961240310077,0.7333333333333333,1.0,0.8461538461538461,0.968992248054504,125,4,0,11
mlp,oscilacao,100,85,85,160,18,142,5,0.9692307692307692,0.982905982905983,0.7647058823529411,1.0,0.8666666666666667,0.965811965803711,113,4,0,13
mlp,oscilacao,100,90,90,151,17,134,5,0.976,0.9864864864864865,0.8235294117647058,1.0,0.9032258064516129,0.9729729729642074,108,3,0,14
mlp,oscilacao,100,95,95,143,18,125,5,0.9739130434782609,0.951734539969834,0.8571428571428571,0.9230769230769231,0.8888888888888888,0.9803921568531334,100,2,1,12
mlp,oscilacao,100,100,100,136,13,123,5,0.9727272727272728,0.9851485148514851,0.75,1.0,0.8571428571428571,0.9702970296933634,98,3,0,9
mlp,queda,20,5,5,2733,72,2661,5,0.996043956043956,0.9362818967249347,0.9821428571428571,0.873015873015873,0.9243697478991597,0.9995479204335446,2211,1,8,55
mlp,queda,20,10,10,1367,37,1330,5,0.9929515418502203,0.890171690843155,0.9615384615384616,0.78125,0.8620689655172413,0.9990933816854043,1102,1,7,25
mlp,queda,20,15,15,911,24,887,5,0.9947019867549669,0.9047619047619048,1.0,0.8095238095238095,0.8947368421052632,0.9999999999986376,734,0,4,17
mlp,queda,20,20,20,684,18,666,5,0.9929824561403509,0.8666666666666667,1.0,0.7333333333333333,0.8461538461538461,0.9999999999981982,555,0,4,11
mlp,queda,30,5,5,2731,94,2637,5,0.996043956043956,0.9457831325301205,1.0,0.891566265060241,0.9426751592356688,0.9999999999995438,2192,0,9,74
mlp,queda,30,10,10,1366,48,1318,5,0.9920704845814978,0.8928571428571428,1.0,0.7857142857142857,0.88,0.9999999999990851,1093,0,9,33
mlp,queda,30,15,15,911,32,879,5,0.990728476821192,0.875,1.0,0.75,0.8571428571428571,0.9999999999986245,727,0,7,21
mlp,queda,30,20,20,683,24,659,5,0.9876106194690265,0.8333333333333333,1.0,0.6666666666666666,0.8,0.9999999999981618,544,0,7,14
mlp,queda,30,25,25,547,21,526,5,0.9824175824175824,0.8044113907958301,0.9166666666666666,0.6111111111111112,0.7333333333333333,0.9977116704782661,436,1,7,11
mlp,queda,30,30,30,456,14,442,5,0.9921052631578947,0.875,1.0,0.75,0.8571428571428571,0.9999999999972826,368,0,3,9
mlp,queda,40,5,5,2729,116,2613,5,0.9929515418502203,0.9315773674849126,0.978021978021978,0.8640776699029126,0.9175257731958762,0.9990770650664518,2165,2,14,89
mlp,queda,40,10,10,1365,59,1306,5,0.9823788546255506,0.899229348675332,0.8076923076923077,0.8076923076923077,0.8076923076923077,0.9907663896574416,1073,10,10,42
mlp,queda,40,15,15,910,41,869,5,0.9894039735099338,0.8888888888888888,1.0,0.7777777777777778,0.875,0.9999999999986092,719,0,8,28
mlp,queda,40,20,20,683,29,654,5,0.9805309734513274,0.8562962962962963,0.8181818181818182,0.72,0.7659574468085106,0.9925925925907545,536,4,7,18
mlp,queda,40,25,25,546,23,523,5,0.978021978021978,0.7738505747126436,0.9166666666666666,0.55,0.6875,0.9977011494229938,434,1,9,11
mlp,queda,40,30,30,455,19,436,5,0.984,0.8722144846796658,0.8571428571428571,0.75,0.8,0.9944289693565616,357,2,4,12
mlp,queda,40,35,35,390,16,374,5,0.9784615384615385,0.7841065686724851,0.8888888888888888,0.5714285714285714,0.6956521739130435,0.9967845659131936,310,1,6,8
mlp,queda,40,40,40,342,14,328,5,0.9894736842105263,0.875,1.0,0.75,0.8571428571428571,0.999999999996337,273,0,3,9
mlp,queda,50,5,5,2727,138,2589,5,0.9876651982378855,0.8900110193463369,0.9896907216494846,0.7804878048780488,0.8727272727272727,0.9995342338141595,2146,1,27,96
mlp,queda,50,10,10,1364,70,1294,5,0.9823788546255506,0.8463082103237832,0.9772727272727273,0.6935483870967742,0.8113207547169812,0.9990680335498611,1072,1,19,43
mlp,queda,50,15,15,909,46,863,5,0.976158940397351,0.8149723303955729,0.896551724137931,0.6341463414634146,0.7428571428571429,0.9957983193263364,711,3,15,26
mlp,queda,50,20,20,682,35,647,5,0.9787610619469026,0.8064516129032258,1.0,0.6129032258064516,0.76,0.9999999999981274,534,0,12,19
mlp,queda,50,25,25,546,30,516,5,0.978021978021978,0.8257575757575757,0.9444444444444444,0.6538461538461539,0.7727272727272727,0.9976689976666722,428,1,9,17
mlp,queda,50,30,30,455,24,431,5,0.984,0.8795399515738498,0.9411764705882353,0.7619047619047619,0.8421052631578947,0.997175141240121,353,1,5,16
mlp,queda,50,35,35,390,20,370,5,0.963076923076923,0.7026355996944232,0.7777777777777778,0.4117647058823529,0.5384615384615384,0.9935064935032679,306,2,10,7
mlp,queda,50,40,40,341,16,325,5,0.9714285714285714,0.7142857142857143,1.0,0.42857142857142855,0.6,0.9999999999962407,266,0,8,6
mlp,queda,50,45,45,303,15,288,5,0.964,0.6901979876663421,0.8333333333333334,0.38461538461538464,0.5263157894736842,0.995780590713098,236,1,8,5
mlp,queda,50,50,50,273,13,260,5,0.9777777777777777,0.7727272727272727,1.0,0.5454545454545454,0.7058823529411765,0.9999999999953272,214,0,5,6
mlp,queda,60,5,5,2725,160,2565,5,0.9806167400881057,0.8624609992734111,0.9541284403669725,0.7272727272727273,0.8253968253968254,0.9976492712736259,2122,5,39,104
mlp,queda,60,10,10,1363,81,1282,5,0.9841409691629956,0.8944222326748197,0.95,0.7916666666666666,0.8636363636363636,0.9971777986820346,1060,3,15,57
mlp,queda,60,15,15,909,54,855,5,0.9721854304635762,0.8200878123526638,0.8857142857142857,0.6458333333333334,0.7469879518072289,0.9943422913705879,703,4,17,31
mlp,queda,60,20,20,682,40,642,5,0.9769911504424779,0.8676549865229111,0.8666666666666667,0.7428571428571429,0.8,0.9924528301868067,526,4,9,26
mlp,queda,60,25,25,545,33,512,5,0.9577777777777777,0.7526824473748874,0.75,0.5172413793103449,0.6122448979591837,0.9881235154370829,416,5,14,15
mlp,queda,60,30,30,455,25,430,5,0.9706666666666667,0.7926216842647438,0.8666666666666667,0.5909090909090909,0.7027027027027027,0.9943342776175799,351,2,9,13
mlp,queda,60,35,35,390,24,366,5,0.9661538461538461,0.7824248120300752,0.8571428571428571,0.5714285714285714,0.6857142857142857,0.9934210526283112,302,2,9,12
mlp,queda,60,40,40,341,20,321,5,0.9785714285714285,0.8235294117647058,1.0,0.6470588235294118,0.7857142857142857,0.9999999999961977,263,0,6,11
mlp,queda,60,45,45,303,19,284,5,0.952,0.6832264957264957,0.75,0.375,0.5,0.9914529914487545,232,2,10,6
mlp,queda,60,50,50,273,17,256,5,0.96,0.730952380952381,0.875,0.4666666666666667,0.6086956521739131,0.995238095233356,209,1,8,7
mlp,queda,60,55,55,248,15,233,5,0.9560975609756097,0.7422279792746114,0.6666666666666666,0.5,0.5714285714285714,0.984455958544122,190,3,6,6
mlp,queda,60,60,60,228,13,215,5,0.9736842105263158,0.8153885220924326,0.875,0.6363636363636364,0.7368421052631579,0.9944134078156738,178,1,4,7
mlp,queda,70,5,5,2723,182,2541,5,0.97439293598234,0.858870897129815,0.9007633587786259,0.7239263803680982,0.8027210884353742,0.9938154138910591,2089,13,45,118
mlp,queda,70,10,10,1362,92,1270,5,0.9700440528634361,0.8376647441688092,0.875,0.6829268292682927,0.7671232876712328,0.9924026590683833,1045,8,26,56
mlp,queda,70,15,15,908,63,845,5,0.9629139072847682,0.7910663192315552,0.868421052631579,0.5892857142857143,0.7021276595744681,0.9928469241759759,694,5,23,33
mlp,queda,70,20,20,681,46,635,5,0.9628318584070796,0.7888661329361385,0.8571428571428571,0.5853658536585366,0.6956521739130435,0.9923664122118466,520,4,17,24
mlp,queda,70,25,25,545,39,506,5,0.9466666666666667,0.674066742081448,0.8571428571428571,0.35294117647058826,0.5,0.9951923076899154,414,2,22,12
mlp,queda,70,30,30,454,30,424,5,0.952,0.7072404672691206,0.7857142857142857,0.4230769230769231,0.55,0.9914040114584773,346,3,15,11
mlp,queda,70,35,35,389,26,363,5,0.934375,0.5835895183721271,0.6666666666666666,0.17391304347826086,0.27586206896551724,0.993265993262649,295,2,19,4
mlp,queda,70,40,40,341,24,317,5,0.9321428571428572,0.5694980694980695,0.75,0.14285714285714285,0.24,0.9961389961351501,258,1,18,3
mlp,queda,70,45,45,303,21,282,5,0.944,0.6367337164750958,0.8333333333333334,0.2777777777777778,0.4166666666666667,0.995689655168122,231,1,13,5
mlp,queda,70,50,50,273,23,250,5,0.9377777777777778,0.6951219512195121,0.8,0.4,0.5333333333333333,0.990243902434194,203,2,12,8
mlp,queda,70,55,55,248,17,231,5,0.926829268292683,0.5635751682872102,0.4,0.14285714285714285,0.21052631578947367,0.9842931937121242,188,3,12,2
mlp,queda,70,60,60,227,15,212,5,0.9405405405405406,0.6124776386404294,0.75,0.23076923076923078,0.35294117647058826,0.9941860465058479,171,1,10,3
mlp,queda,70,65,65,210,14,196,5,0.9428571428571428,0.5833333333333334,1.0,0.16666666666666666,0.2857142857142857,0.9999999999938651,163,0,10,2
mlp,queda,70,70,70,195,14,181,5,0.93125,0.5416666666666666,1.0,0.08333333333333333,0.15384615384615385,0.9999999999932433,148,0,11,1
mlp,queda,80,5,5,2721,204,2517,5,0.9845474613686535,0.9243082786097856,0.9512195121951219,0.8524590163934426,0.899135446685879,0.9961575408256502,2074,8,27,156
mlp,queda,80,10,10,1361,103,1258,5,0.9761061946902655,0.8780263047666919,0.9333333333333333,0.7608695652173914,0.8383233532934131,0.9951830443150336,1033,5,22,70
mlp,queda,80,15,15,907,68,839,5,0.9668874172185431,0.839939528511362,0.875,0.6885245901639344,0.7706422018348624,0.9913544668573612,688,6,19,42
mlp,queda,80,20,20,681,51,630,5,0.9699115044247788,0.8517094017094018,0.8888888888888888,0.7111111111111111,0.7901234567901234,0.9923076923057841,516,4,13,32
mlp,queda,80,25,25,545,43,502,5,0.9555555555555556,0.7846193152784875,0.8461538461538461,0.5789473684210527,0.6875,0.9902912621335187,408,4,16,22
mlp,queda,80,30,30,454,35,419,5,0.9626666666666667,0.8328957239309827,0.84,0.6774193548387096,0.75,0.9883720930203826,340,4,10,21
mlp,queda,80,35,35,389,29,360,5,0.94375,0.706436420722135,0.7857142857142857,0.4230769230769231,0.55,0.9897959183639803,291,3,15,11
mlp,queda,80,40,40,341,25,316,5,0.95,0.7233967582804792,0.8333333333333334,0.45454545454545453,0.5882352941176471,0.9922480620116579,256,2,12,10
mlp,queda,80,45,45,303,24,279,5,0.94,0.7077354959451029,0.75,0.42857142857142855,0.5454545454545454,0.9868995633144677,226,3,12,9
mlp,queda,80,50,50,273,24,249,5,0.9466666666666667,0.7356442577030813,0.9090909090909091,0.47619047619047616,0.625,0.9950980392108084,203,1,11,10
mlp,queda,80,55,55,248,21,227,5,0.9317073170731708,0.636215092097445,0.8333333333333334,0.2777777777777778,0.4166666666666667,0.9946524064117933,186,1,13,5
mlp,queda,80,60,60,227,17,210,5,0.9351351351351351,0.6607843137254902,0.7142857142857143,0.3333333333333333,0.45454545454545453,0.988235294111834,168,2,10,5
mlp,queda,80,65,65,210,15,195,5,0.9428571428571428,0.6507597340930674,0.8,0.3076923076923077,0.4444444444444444,0.9938271604876925,161,1,9,4
mlp,queda,80,70,70,195,16,179,5,0.91875,0.5680039138943248,0.6666666666666666,0.14285714285714285,0.23529411764705882,0.9931506849247045,145,1,12,2
mlp,queda,80,75,75,182,15,167,5,0.9466666666666667,0.7427536231884058,0.75,0.5,0.6,0.9855072463696704,136,2,6,6
mlp,queda,80,80,80,171,14,157,5,0.9428571428571428,0.7421875,0.75,0.5,0.6,0.9843749999923097,126,2,6,6
mlp,queda,90,5,5,2719,226,2493,5,0.976158940397351,0.8892007855016651,0.9408284023668639,0.7832512315270936,0.8548387096774194,0.995150339475754,2052,10,44,159
mlp,queda,90,10,10,1360,114,1246,5,0.9725663716814159,0.8745326924544137,0.927710843373494,0.7549019607843137,0.8324324324324325,0.9941634241235465,1022,6,25,77
mlp,queda,90,15,15,907,76,831,5,0.9576158940397351,0.8044567171846905,0.875,0.6176470588235294,0.7241379310344828,0.9912663755444087,681,6,26,42
mlp,queda,90,20,20,680,57,623,5,0.968141592920354,0.8323605706874189,0.9714285714285714,0.6666666666666666,0.7906976744186046,0.9980544747062294,513,1,17,34
mlp,queda,90,25,25,544,45,499,5,0.9511111111111111,0.7701219512195122,0.8461538461538461,0.55,0.6666666666666666,0.9902439024366092,406,4,18,22
mlp,queda,90,30,30,454,36,418,5,0.952,0.7612518221574345,0.85,0.53125,0.6538461538461539,0.9912536443119789,340,3,15,17
mlp,queda,90,35,35,389,34,355,5,0.94375,0.7298850574712643,0.875,0.4666666666666667,0.6086956521739131,0.9931034482724376,288,2,16,14
mlp,queda,90,40,40,340,27,313,5,0.95,0.7272135416666666,0.9166666666666666,0.4583333333333333,0.6111111111111112,0.996093749996109,255,1,13,11
mlp,queda,90,45,45,303,27,276,5,0.936,0.7411504424778761,0.75,0.5,0.6,0.9823008849514058,222,4,12,12
mlp,queda,90,50,50,272,23,249,5,0.96,0.7975609756097561,0.9230769230769231,0.6,0.7272727272727273,0.995121951214658,204,1,8,12
mlp,queda,90,55,55,248,22,226,5,0.9463414634146341,0.7814091680814941,0.7857142857142857,0.5789473684210527,0.6666666666666666,0.983870967736646,183,3,8,11
mlp,queda,90,60,60,227,18,209,5,0.9297297297297298,0.6220414201183432,0.8,0.25,0.38095238095238093,0.9940828402308043,168,1,12,4
mlp,queda,90,65,65,210,19,191,5,0.9371428571428572,0.7289650037230082,0.8,0.47058823529411764,0.5925925925925926,0.9873417721456498,156,2,9,8
mlp,queda,90,70,70,195,19,176,5,0.9375,0.7058823529411764,1.0,0.4117647058823529,0.5833333333333334,0.999999999993007,143,0,10,7
mlp,queda,90,75,75,182,17,165,5,0.9266666666666666,0.6391806722689075,0.8,0.2857142857142857,0.42105263157894735,0.9926470588162306,135,1,10,4
mlp,queda,90,80,80,170,15,155,5,0.9214285714285714,0.6114476075105997,0.75,0.23076923076923078,0.35294117647058826,0.9921259842441564,126,1,10,3
mlp,queda,90,85,85,160,14,146,5,0.9461538461538461,0.7457627118644068,0.8571428571428571,0.5,0.631578947368421,0.9915254237204107,117,1,6,6
mlp,queda,90,90,90,152,13,139,5,0.936,0.677432216905901,0.8,0.36363636363636365,0.5,0.9912280701667436,113,1,7,4
mlp,queda,100,5,5,2717,248,2469,5,0.9690265486725663,0.9089402114689895,0.8493150684931506,0.8340807174887892,0.8416289592760181,0.983799705448707,2004,33,37,186
mlp,queda,100,10,10,1359,125,1234,5,0.9672566371681416,0.8904452006735897,0.8640776699029126,0.7946428571428571,0.827906976744186,0.9862475442033534,1004,14,23,89
mlp,queda,100,15,15,906,85,821,5,0.9576158940397351,0.8595845283311371,0.8235294117647058,0.7368421052631579,0.7777777777777778,0.9823269513976697,667,12,20,56
mlp,queda,100,20,20,680,62,618,5,0.9646017699115044,0.8668449197860963,0.8723404255319149,0.7454545454545455,0.803921568627451,0.9882352941157093,504,6,14,41
mlp,queda,100,25,25,544,52,492,5,0.9533333333333334,0.8584266035299182,0.7906976744186046,0.7391304347826086,0.7640449438202247,0.9777227722748076,395,9,12,34
mlp,queda,100,30,30,453,41,412,5,0.9546666666666667,0.8756145526057031,0.7567567567567568,0.7777777777777778,0.7671232876712328,0.9734513274307568,330,9,8,28
mlp,queda,100,35,35,389,36,353,5,0.934375,0.7274305555555556,0.7894736842105263,0.46875,0.5882352941176471,0.9861111111076871,284,4,17,15
mlp,queda,100,40,40,340,31,309,5,0.9464285714285714,0.8049333918899136,0.7727272727272727,0.6296296296296297,0.6938775510204082,0.9802371541463232,248,5,10,17
mlp,queda,100,45,45,302,29,273,5,0.92,0.76,0.6086956521739131,0.56,0.5833333333333334,0.9599999999957334,216,9,11,14
mlp,queda,100,50,50,272,24,248,5,0.9377777777777778,0.8588935574229692,0.64,0.7619047619047619,0.6956521739130435,0.9558823529364908,195,9,5,16
mlp,queda,100,55,55,247,23,224,5,0.9414634146341463,0.8337837837837838,0.7,0.7,0.7,0.9675675675623375,179,6,6,14
mlp,queda,100,60,60,227,21,206,5,0.9459459459459459,0.7965735196274119,0.7857142857142857,0.6111111111111112,0.6875,0.9820359281378321,164,3,7,11
mlp,queda,100,65,65,209,18,191,5,0.9705882352941176,0.8997564935064934,0.8666666666666667,0.8125,0.8387096774193549,0.9870129870065779,152,2,3,13
mlp,queda,100,70,70,195,20,175,5,0.93125,0.7672143974960877,0.7692307692307693,0.5555555555555556,0.6451612903225806,0.9788732394297264,139,3,8,10
mlp,queda,100,75,75,182,20,162,5,0.9266666666666666,0.7790800530738611,0.7142857142857143,0.5882352941176471,0.6451612903225806,0.9699248120227826,129,4,7,10
mlp,queda,100,80,80,170,17,153,5,0.9428571428571428,0.8412698412698413,0.7142857142857143,0.7142857142857143,0.7142857142857143,0.9682539682462836,122,4,4,10
mlp,queda,100,85,85,160,15,145,5,0.9307692307692308,0.688034188034188,0.8333333333333334,0.38461538461538464,0.5263157894736842,0.9914529914445175,116,1,8,5
mlp,queda,100,90,90,151,14,137,5,0.928,0.8373205741626795,0.5714285714285714,0.7272727272727273,0.64,0.9473684210443213,108,6,3,8
mlp,queda,100,95,95,143,15,128,5,0.9130434782608695,0.6825037707390649,0.7142857142857143,0.38461538461538464,0.5,0.9803921568531334,100,2,8,5
mlp,queda,100,100,100,136,12,124,5,0.9727272727272728,0.94,0.8181818181818182,0.9,0.8571428571428571,0.9799999999901999,98,2,1,9
random_forest,lacuna,20,5,5,2733,86,2647,5,0.9947252747252747,0.925,1.0,0.85,0.918918918918919,0.9999999999995445,2195,0,12,68
random_forest,lacuna,20,10,10,1367,42,1325,5,0.9938325991189427,0.9102564102564102,1.0,0.8205128205128205,0.9014084507042254,0.9999999999990876,1096,0,7,32
random_forest,lacuna,20,15,15,911,29,882,5,0.990728476821192,0.8703703703703703,1.0,0.7407407407407407,0.851063829787234,0.9999999999986264,728,0,7,20
random_forest,lacuna,20,20,20,684,25,659,5,0.9842105263157894,0.8043478260869565,1.0,0.6086956521739131,0.7567567567567568,0.9999999999981719,547,0,9,14
random_forest,lacuna,30,5,5,2731,108,2623,5,0.9920879120879121,0.9117647058823529,1.0,0.8235294117647058,0.9032258064516129,0.9999999999995398,2173,0,18,84
random_forest,lacuna,30,10,10,1366,53,1313,5,0.9885462555066079,0.87,1.0,0.74,0.8505747126436781,0.9999999999990784,1085,0,13,37
random_forest,lacuna,30,15,15,911,35,876,5,0.9841059602649007,0.8181818181818181,1.0,0.6363636363636364,0.7777777777777778,0.999999999998615,722,0,12,21
random_forest,lacuna,30,20,20,683,25,658,5,0.984070796460177,0.8043478260869565,1.0,0.6086956521739131,0.7567567567567568,0.999999999998155,542,0,9,14
random_forest,lacuna,30,25,25,547,23,524,5,0.9846153846153847,0.8333333333333333,1.0,0.6666666666666666,0.8,0.9999999999976958,434,0,7,14
random_forest,lacuna,30,30,30,456,20,436,5,0.9763157894736842,0.763157894736842,1.0,0.5263157894736842,0.6896551724137931,0.99999999999723,361,0,9,10
random_forest,lacuna,40,5,5,2729,130,2599,5,0.9889867841409692,0.8991935483870968,1.0,0.7983870967741935,0.8878923766816144,0.999999999999534,2146,0,25,99
random_forest,lacuna,40,10,10,1365,64,1301,5,0.9876651982378855,0.8852459016393442,1.0,0.7704918032786885,0.8703703703703703,0.9999999999990689,1074,0,14,47
random_forest,lacuna,40,15,15,910,44,866,5,0.9827814569536424,0.8452380952380952,1.0,0.6904761904761905,0.8169014084507042,0.9999999999985975,713,0,13,29
random_forest,lacuna,40,20,20,683,36,647,5,0.9752212389380531,0.7941176470588236,1.0,0.5882352941176471,0.7407407407407407,0.9999999999981167,531,0,14,20
random_forest,lacuna,40,25,25,546,28,518,5,0.978021978021978,0.8076923076923077,1.0,0.6153846153846154,0.7619047619047619,0.999999999997669,429,0,10,16
random_forest,lacuna,40,30,30,455,24,431,5,0.976,0.8043478260869565,1.0,0.6086956521739131,0.7567567567567568,0.9999999999971592,352,0,9,14
random_forest,lacuna,40,35,35,390,17,373,5,0.9723076923076923,0.71875,1.0,0.4375,0.6086956521739131,0.9999999999967638,309,0,9,7
random_forest,lacuna,40,40,40,342,15,327,5,0.9754385964912281,0.75,1.0,0.5,0.6666666666666666,0.99999999999631,271,0,7,7
random_forest,lacuna,50,5,5,2727,152,2575,5,0.9863436123348017,0.8938356164383562,1.0,0.7876712328767124,0.8812260536398467,0.9999999999995292,2124,0,31,115
random_forest,lacuna,50,10,10,1364,75,1289,5,0.9779735682819384,0.8263888888888888,1.0,0.6527777777777778,0.7899159663865546,0.9999999999990593,1063,0,25,47
random_forest,lacuna,50,15,15,909,51,858,5,0.9801324503311258,0.846938775510204,1.0,0.6938775510204082,0.8192771084337349,0.9999999999985836,706,0,15,34
random_forest,lacuna,50,20,20,682,36,646,5,0.9734513274336283,0.7794117647058824,1.0,0.5588235294117647,0.7169811320754716,0.9999999999981167,531,0,15,19
random_forest,lacuna,50,25,25,546,29,517,5,0.9714285714285714,0.7592592592592593,1.0,0.5185185185185185,0.6829268292682927,0.9999999999976635,428,0,13,14
random_forest,lacuna,50,30,30,455,25,430,5,0.968,0.75,1.0,0.5,0.6666666666666666,0.9999999999971511,351,0,12,12
random_forest,lacuna,50,35,35,390,23,367,5,0.9692307692307692,0.7727272727272727,1.0,0.5454545454545454,0.7058823529411765,0.9999999999966998,303,0,10,12
random_forest,lacuna,50,40,40,341,15,326,5,0.9678571428571429,0.6785714285714286,1.0,0.35714285714285715,0.5263157894736842,0.9999999999962407,266,0,9,5
random_forest,lacuna,50,45,45,303,17,286,5,0.96,0.6875,1.0,0.375,0.5454545454545454,0.9999999999957265,234,0,10,6
random_forest,lacuna,50,50,50,273,15,258,5,0.9555555555555556,0.6428571428571428,1.0,0.2857142857142857,0.4444444444444444,0.9999999999952607,211,0,10,4
random_forest,lacuna,60,5,5,2725,174,2551,5,0.9850220264317181,0.8988095238095238,1.0,0.7976190476190477,0.8874172185430463,0.9999999999995243,2102,0,34,134
random_forest,lacuna,60,10,10,1363,86,1277,5,0.9850220264317181,0.8975903614457832,1.0,0.7951807228915663,0.8859060402684564,0.9999999999990494,1052,0,17,66
random_forest,lacuna,60,15,15,909,57,852,5,0.9721854304635762,0.8090909090909091,1.0,0.6181818181818182,0.7640449438202247,0.9999999999985715,700,0,21,34
random_forest,lacuna,60,20,20,682,47,635,5,0.9787610619469026,0.8666666666666667,1.0,0.7333333333333333,0.8461538461538461,0.999999999998077,520,0,12,33
random_forest,lacuna,60,25,25,545,34,511,5,0.9711111111111111,0.796875,1.0,0.59375,0.7450980392156863,0.9999999999976077,418,0,13,19
random_forest,lacuna,60,30,30,455,31,424,5,0.9626666666666667,0.7666666666666666,1.0,0.5333333333333333,0.6956521739130435,0.9999999999971014,345,0,14,16
random_forest,lacuna,60,35,35,390,24,366,5,0.9661538461538461,0.7608695652173914,1.0,0.5217391304347826,0.6857142857142857,0.9999999999966888,302,0,11,12
random_forest,lacuna,60,40,40,341,24,317,5,0.9607142857142857,0.7608695652173914,1.0,0.5217391304347826,0.6857142857142857,0.999999999996109,257,0,11,12
random_forest,lacuna,60,45,45,303,18,285,5,0.956,0.6764705882352942,1.0,0.35294117647058826,0.5217391304347826,0.9999999999957082,233,0,11,6
random_forest,lacuna,60,50,50,273,21,252,5,0.9555555555555556,0.75,1.0,0.5,0.6666666666666666,0.999999999995122,205,0,10,10
random_forest,lacuna,60,55,55,248,15,233,5,0.9609756097560975,0.7142857142857143,1.0,0.42857142857142855,0.6,0.9999999999947644,191,0,8,6
random_forest,lacuna,60,60,60,228,19,209,5,0.9526315789473684,0.75,1.0,0.5,0.6666666666666666,0.9999999999941861,172,0,9,9
random_forest,lacuna,70,5,5,2723,196,2527,5,0.9810154525386313,0.8868421052631579,1.0,0.7736842105263158,0.8724035608308606,0.999999999999518,2075,0,43,147
random_forest,lacuna,70,10,10,1362,97,1265,5,0.9788546255506608,0.8723404255319149,1.0,0.7446808510638298,0.8536585365853658,0.9999999999990394,1041,0,24,70
random_forest,lacuna,70,15,15,908,66,842,5,0.9682119205298013,0.8125,1.0,0.625,0.7692307692307693,0.9999999999985528,691,0,24,40
random_forest,lacuna,70,20,20,681,47,634,5,0.9663716814159292,0.7888888888888889,1.0,0.5777777777777777,0.7323943661971831,0.999999999998077,520,0,19,26
random_forest,lacuna,70,25,25,545,40,505,5,0.9666666666666667,0.8026315789473684,1.0,0.6052631578947368,0.7540983606557377,0.9999999999975728,412,0,15,23
random_forest,lacuna,70,30,30,454,35,419,5,0.96,0.7794117647058824,1.0,0.5588235294117647,0.7169811320754716,0.9999999999970675,341,0,15,19
random_forest,lacuna,70,35,35,389,27,362,5,0.953125,0.7115384615384616,1.0,0.4230769230769231,0.5945945945945946,0.9999999999965987,294,0,15,11
random_forest,lacuna,70,40,40,341,24,317,5,0.9571428571428572,0.7391304347826086,1.0,0.4782608695652174,0.6470588235294118,0.999999999996109,257,0,12,11
random_forest,lacuna,70,45,45,303,23,280,5,0.952,0.7272727272727273,1.0,0.45454545454545453,0.625,0.9999999999956141,228,0,12,10
random_forest,lacuna,70,50,50,273,24,249,5,0.9422222222222222,0.717391304347826,1.0,0.43478260869565216,0.6060606060606061,0.9999999999950495,202,0,13,10
random_forest,lacuna,70,55,55,248,17,231,5,0.9463414634146341,0.65625,1.0,0.3125,0.47619047619047616,0.999999999994709,189,0,11,5
random_forest,lacuna,70,60,60,227,19,208,5,0.9405405405405406,0.6944444444444444,1.0,0.3888888888888889,0.56,0.999999999994012,167,0,11,7
random_forest,lacuna,70,65,65,210,13,197,5,0.9485714285714286,0.625,1.0,0.25,0.4,0.9999999999938651,163,0,9,3
random_forest,lacuna,70,70,70,195,14,181,5,0.95,0.6923076923076923,1.0,0.38461538461538464,0.5555555555555556,0.9999999999931973,147,0,8,5
random_forest,lacuna,80,5,5,2721,218,2503,5,0.9792494481236204,0.8891509433962264,1.0,0.7783018867924528,0.8753315649867374,0.999999999999513,2053,0,47,165
random_forest,lacuna,80,10,10,1361,108,1253,5,0.9778761061946902,0.8809523809523809,1.0,0.7619047619047619,0.8648648648648649,0.9999999999990244,1025,0,25,80
random_forest,lacuna,80,15,15,907,73,834,5,0.9721854304635762,0.852112676056338,1.0,0.704225352112676,0.8264462809917356,0.9999999999985381,684,0,21,50
random_forest,lacuna,80,20,20,681,58,623,5,0.9610619469026549,0.8035714285714286,1.0,0.6071428571428571,0.7555555555555555,0.9999999999980353,509,0,22,34
random_forest,lacuna,80,25,25,545,45,500,5,0.96,0.7906976744186047,1.0,0.5813953488372093,0.7352941176470589,0.9999999999975431,407,0,18,25
random_forest,lacuna,80,30,30,454,36,418,5,0.9546666666666667,0.7571428571428571,1.0,0.5142857142857142,0.6792452830188679,0.9999999999970589,340,0,17,18
random_forest,lacuna,80,35,35,389,31,358,5,0.95,0.7333333333333334,1.0,0.4666666666666667,0.6363636363636364,0.9999999999965518,290,0,16,14
random_forest,lacuna,80,40,40,341,26,315,5,0.95,0.72,1.0,0.44,0.6111111111111112,0.9999999999960785,255,0,14,11
random_forest,lacuna,80,45,45,303,25,278,5,0.952,0.75,1.0,0.5,0.6666666666666666,0.9999999999955753,226,0,12,12
random_forest,lacuna,80,50,50,273,24,249,5,0.9466666666666667,0.7391304347826086,1.0,0.4782608695652174,0.6470588235294118,0.9999999999950495,202,0,12,11
random_forest,lacuna,80,55,55,248,20,228,5,0.9560975609756097,0.763157894736842,1.0,0.5263157894736842,0.6896551724137931,0.9999999999946237,186,0,9,10
random_forest,lacuna,80,60,60,227,20,207,5,0.9405405405405406,0.7105263157894737,1.0,0.42105263157894735,0.5925925925925926,0.9999999999939759,166,0,11,8
random_forest,lacuna,80,65,65,210,15,195,5,0.9542857142857143,0.7142857142857143,1.0,0.42857142857142855,0.6,0.9999999999937889,161,0,8,6
random_forest,lacuna,80,70,70,195,16,179,5,0.94375,0.7,1.0,0.4,0.5714285714285714,0.9999999999931035,145,0,9,6
random_forest,lacuna,80,75,75,182,16,166,5,0.9533333333333334,0.7666666666666666,1.0,0.5333333333333333,0.6956521739130435,0.9999999999925927,135,0,7,8
random_forest,lacuna,80,80,80,171,13,158,5,0.95,0.7083333333333334,1.0,0.4166666666666667,0.5882352941176471,0.9999999999921876,128,0,7,5
random_forest,lacuna,90,5,5,2719,240,2479,5,0.9783664459161148,0.8952991452991452,1.0,0.7905982905982906,0.883054892601432,0.9999999999995076,2031,0,49,185
random_forest,lacuna,90,10,10,1360,119,1241,5,0.9743362831858408,0.875,1.0,0.75,0.8571428571428571,0.9999999999990138,1014,0,29,87
random_forest,lacuna,90,15,15,907,79,828,5,0.9629139072847682,0.8181818181818181,1.0,0.6363636363636364,0.7777777777777778,0.9999999999985251,678,0,28,49
random_forest,lacuna,90,20,20,680,58,622,5,0.9610619469026549,0.8035714285714286,1.0,0.6071428571428571,0.7555555555555555,0.9999999999980353,509,0,22,34
random_forest,lacuna,90,25,25,544,50,494,5,0.9577777777777777,0.8020833333333333,1.0,0.6041666666666666,0.7532467532467533,0.9999999999975124,402,0,19,29
random_forest,lacuna,90,30,30,454,42,412,5,0.9493333333333334,0.7682926829268293,1.0,0.5365853658536586,0.6984126984126984,0.9999999999970061,334,0,19,22
random_forest,lacuna,90,35,35,389,35,354,5,0.959375,0.8088235294117647,1.0,0.6176470588235294,0.7636363636363637,0.9999999999965036,286,0,13,21
random_forest,lacuna,90,40,40,340,26,314,5,0.9535714285714286,0.74,1.0,0.48,0.6486486486486487,0.9999999999960785,255,0,13,12
random_forest,lacuna,90,45,45,303,28,275,5,0.948,0.7592592592592593,1.0,0.5185185185185185,0.6829268292682927,0.9999999999955157,223,0,13,14
random_forest,lacuna,90,50,50,272,25,247,5,0.9377777777777778,0.7083333333333334,1.0,0.4166666666666667,0.5882352941176471,0.999999999995025,201,0,14,10
random_forest,lacuna,90,55,55,248,24,224,5,0.9365853658536586,0.717391304347826,1.0,0.43478260869565216,0.6060606060606061,0.9999999999945055,182,0,13,10
random_forest,lacuna,90,60,60,227,20,207,5,0.9351351351351351,0.6842105263157895,1.0,0.3684210526315789,0.5384615384615384,0.9999999999939759,166,0,12,7
random_forest,lacuna,90,65,65,210,16,194,5,0.9428571428571428,0.6666666666666666,1.0,0.3333333333333333,0.5,0.9999999999937501,160,0,10,5
random_forest,lacuna,90,70,70,195,18,177,5,0.93125,0.6764705882352942,1.0,0.35294117647058826,0.5217391304347826,0.999999999993007,143,0,11,6
random_forest,lacuna,90,75,75,182,17,165,5,0.94,0.71875,1.0,0.4375,0.6086956521739131,0.9999999999925374,134,0,9,7
random_forest,lacuna,90,80,80,170,12,158,5,0.95,0.6818181818181819,1.0,0.36363636363636365,0.5333333333333333,0.9999999999922481,129,0,7,4
random_forest,lacuna,90,85,85,160,13,147,5,0.9307692307692308,0.625,1.0,0.25,0.4,0.9999999999915254,118,0,9,3
random_forest,lacuna,90,90,90,152,17,135,5,0.936,0.75,1.0,0.5,0.6666666666666666,0.9999999999908257,109,0,8,8
random_forest,lacuna,100,5,5,2717,262,2455,5,0.9756637168141593,0.892578125,1.0,0.78515625,0.8796498905908097,0.999999999999501,2004,0,55,201
random_forest,lacuna,100,10,10,1359,130,1229,5,0.9707964601769912,0.8700787401574803,1.0,0.7401574803149606,0.8506787330316742,0.999999999999003,1003,0,33,94
random_forest,lacuna,100,15,15,906,88,818,5,0.9615894039735099,0.8313953488372092,1.0,0.6627906976744186,0.7972027972027972,0.9999999999985052,669,0,29,57
random_forest,lacuna,100,20,20,680,69,611,5,0.9575221238938053,0.8208955223880596,1.0,0.6417910447761194,0.7818181818181819,0.9999999999979919,498,0,24,43
random_forest,lacuna,100,25,25,544,51,493,5,0.9622222222222222,0.8265306122448979,1.0,0.6530612244897959,0.7901234567901234,0.9999999999975062,401,0,17,32
random_forest,lacuna,100,30,30,453,46,407,5,0.952,0.8,1.0,0.6,0.75,0.9999999999969698,330,0,18,27
random_forest,lacuna,100,35,35,389,38,351,5,0.94375,0.7567567567567568,1.0,0.5135135135135135,0.6785714285714286,0.9999999999964665,283,0,18,19
random_forest,lacuna,100,40,40,340,35,305,5,0.9392857142857143,0.75,1.0,0.5,0.6666666666666666,0.999999999995935,246,0,17,17
random_forest,lacuna,100,45,45,302,29,273,5,0.944,0.75,1.0,0.5,0.6666666666666666,0.9999999999954955,222,0,14,14
random_forest,lacuna,100,50,50,272,26,246,5,0.9422222222222222,0.74,1.0,0.48,0.6486486486486487,0.999999999995,200,0,13,12
random_forest,lacuna,100,55,55,247,24,223,5,0.9414634146341463,0.7391304347826086,1.0,0.4782608695652174,0.6470588235294118,0.9999999999945055,182,0,12,11
random_forest,lacuna,100,60,60,227,24,203,5,0.9351351351351351,0.7391304347826086,1.0,0.4782608695652174,0.6470588235294118,0.9999999999938273,162,0,12,11
random_forest,lacuna,100,65,65,209,18,191,5,0.9470588235294117,0.7352941176470589,1.0,0.47058823529411764,0.64,0.9999999999934641,153,0,9,8
random_forest,lacuna,100,70,70,195,19,176,5,0.93125,0.6944444444444444,1.0,0.3888888888888889,0.56,0.9999999999929579,142,0,11,7
random_forest,lacuna,100,75,75,182,18,164,5,0.94,0.7352941176470589,1.0,0.47058823529411764,0.64,0.9999999999924812,133,0,9,8
random_forest,lacuna,100,80,80,170,15,155,5,0.9357142857142857,0.6785714285714286,1.0,0.35714285714285715,0.5263157894736842,0.9999999999920635,126,0,9,5
random_forest,lacuna,100,85,85,160,15,145,5,0.9307692307692308,0.6785714285714286,1.0,0.35714285714285715,0.5263157894736842,0.9999999999913792,116,0,9,5
random_forest,lacuna,100,90,90,151,17,134,5,0.936,0.75,1.0,0.5,0.6666666666666666,0.9999999999908257,109,0,8,8
random_forest,lacuna,100,95,95,143,14,129,5,0.9217391304347826,0.6538461538461539,1.0,0.3076923076923077,0.47058823529411764,0.9999999999901961,102,0,9,4
random_forest,lacuna,100,100,100,136,12,124,5,0.9363636363636364,0.6818181818181819,1.0,0.36363636363636365,0.5333333333333333,0.999999999989899,99,0,7,4
random_forest,oscilacao,20,5,5,2733,136,2597,5,0.9824175824175824,0.9596790185191572,0.7518796992481203,0.9345794392523364,0.8333333333333334,0.9847785977855237,2135,33,7,100
random_forest,oscilacao,20,10,10,1367,68,1299,5,0.9788546255506608,0.9537122691609279,0.7142857142857143,0.9259259259259259,0.8064516129032258,0.9814986123950218,1061,20,4,50
random_forest,oscilacao,20,15,15,911,45,866,5,0.9801324503311258,0.9488095238095238,0.7272727272727273,0.9142857142857143,0.810126582278481,0.9833333333319676,708,12,3,32
random_forest,oscilacao,20,20,20,684,29,655,5,0.987719298245614,0.9727764088705191,0.7857142857142857,0.9565217391304348,0.8627450980392157,0.9890310786087952,541,6,1,22
random_forest,oscilacao,30,5,5,2731,164,2567,5,0.9762637362637363,0.9619176112760717,0.7218934911242604,0.9457364341085271,0.8187919463087249,0.9780987884431602,2099,47,7,122
random_forest,oscilacao,30,10,10,1366,82,1284,5,0.9779735682819384,0.9810927390366643,0.7272727272727273,0.9846153846153847,0.8366013071895425,0.9775700934570303,1046,24,1,64
random_forest,oscilacao,30,15,15,911,53,858,5,0.9894039735099338,0.9719829025579376,0.8695652173913043,0.9523809523809523,0.9090909090909091,0.9915848527335321,707,6,2,40
random_forest,oscilacao,30,20,20,683,41,642,5,0.9752212389380531,0.9442071086807928,0.7317073170731707,0.9090909090909091,0.8108108108108109,0.9793233082688358,521,11,3,30
random_forest,oscilacao,30,25,25,547,38,509,5,0.9714285714285714,0.9248706634205721,0.75,0.8709677419354839,0.8059701492537313,0.978773584903352,415,9,4,27
random_forest,oscilacao,30,30,30,456,26,430,5,0.9815789473684211,0.9678339302294734,0.7692307692307693,0.9523809523809523,0.851063829787234,0.9832869080752555,353,6,1,20
random_forest,oscilacao,40,5,5,2729,190,2539,5,0.9753303964757709,0.9651100628930818,0.7447916666666666,0.9533333333333334,0.8362573099415205,0.9768867924523694,2071,49,7,143
random_forest,oscilacao,40,10,10,1365,96,1269,5,0.9762114537444934,0.9811453208091049,0.7425742574257426,0.9868421052631579,0.847457627118644,0.9754485363541309,1033,26,1,75
random_forest,oscilacao,40,15,15,910,65,845,5,0.9774834437086093,0.9515513591800356,0.7833333333333333,0.9215686274509803,0.8468468468468469,0.9815340909076967,691,13,4,47
random_forest,oscilacao,40,20,20,683,43,640,5,0.9805309734513274,0.9483493962556774,0.7948717948717948,0.9117647058823529,0.8493150684931506,0.984934086627147,523,8,3,31
random_forest,oscilacao,40,25,25,546,40,506,5,0.978021978021978,0.9592937352245863,0.7894736842105263,0.9375,0.8571428571428571,0.9810874704468533,415,8,2,30
random_forest,oscilacao,40,30,30,455,30,425,5,0.9813333333333333,0.9706196581196581,0.7931034482758621,0.9583333333333334,0.8679245283018868,0.9829059829031827,345,6,1,23
random_forest,oscilacao,40,35,35,390,27,363,5,0.9815384615384616,0.9679667919799498,0.8,0.9523809523809523,0.8695652173913043,0.983552631575712,299,5,1,20
random_forest,oscilacao,40,40,40,342,26,316,5,0.9859649122807017,0.9705086580086579,0.8695652173913043,0.9523809523809523,0.9090909090909091,0.9886363636326189,261,3,1,20
random_forest,oscilacao,50,5,5,2727,214,2513,5,0.9687224669603525,0.9587675070028011,0.7219730941704036,0.9470588235294117,0.8193384223918575,0.9704761904757283,2038,62,9,161
random_forest,oscilacao,50,10,10,1364,108,1256,5,0.9709251101321585,0.9735961159021881,0.7304347826086957,0.9767441860465116,0.835820895522388,0.9704480457569395,1018,31,2,84
random_forest,oscilacao,50,15,15,909,71,838,5,0.9668874172185431,0.9574775189045575,0.7066666666666667,0.9464285714285714,0.8091603053435115,0.9685264663791581,677,22,3,53
random_forest,oscilacao,50,20,20,682,54,628,5,0.9663716814159292,0.9391205560010691,0.7222222222222222,0.9069767441860465,0.8041237113402062,0.9712643678142313,507,15,4,39
random_forest,oscilacao,50,25,25,546,46,500,5,0.9692307692307692,0.8970321996637787,0.8108108108108109,0.8108108108108109,0.8108108108108109,0.9832535885143942,411,7,7,30
random_forest,oscilacao,50,30,30,455,34,421,5,0.9813333333333333,0.9721732422305489,0.8064516129032258,0.9615384615384616,0.8771929824561403,0.9828080229198201,343,6,1,25
random_forest,oscilacao,50,35,35,390,30,360,5,0.9661538461538461,0.8666943521594684,0.782608695652174,0.75,0.7659574468085106,0.9833887043156698,296,5,6,18
random_forest,oscilacao,50,40,40,341,27,314,5,0.9821428571428571,0.9211538461538462,0.8947368421052632,0.85,0.8717948717948718,0.9923076923038758,258,2,3,17
random_forest,oscilacao,50,45,45,303,25,278,5,0.988,0.9693552061973114,0.9,0.9473684210526315,0.9230769230769231,0.9913419913376998,229,2,1,18
random_forest,oscilacao,50,50,50,273,25,248,5,0.9777777777777777,0.9400868676545733,0.85,0.8947368421052632,0.8717948717948718,0.9854368931990999,203,3,2,17
random_forest,oscilacao,60,5,5,2725,238,2487,5,0.9704845814977974,0.9671558704453441,0.7530864197530864,0.9631578947368421,0.8452655889145496,0.9711538461533793,2020,60,7,183
random_forest,oscilacao,60,10,10,1363,120,1243,5,0.9682819383259912,0.9684943455245428,0.7380952380952381,0.96875,0.8378378378378378,0.9682386910481537,1006,33,3,93
random_forest,oscilacao,60,15,15,909,79,830,5,0.9774834437086093,0.9732888338379668,0.8026315789473685,0.9682539682539683,0.8776978417266187,0.9783236994205515,677,15,2,61
random_forest,oscilacao,60,20,20,682,55,627,5,0.9893805309734514,0.9734339556796371,0.9130434782608695,0.9545454545454546,0.9333333333333333,0.992322456811915,517,4,2,42
random_forest,oscilacao,60,25,25,545,51,494,5,0.9755555555555555,0.9755799391734749,0.8,0.975609756097561,0.8791208791208791,0.9755501222470035,399,10,1,40
random_forest,oscilacao,60,30,30,455,40,415,5,0.9786666666666667,0.9736965491372843,0.8108108108108109,0.967741935483871,0.8823529411764706,0.9796511627878499,337,7,1,30
random_forest,oscilacao,60,35,35,390,34,356,5,0.9538461538461539,0.8906288839174745,0.6875,0.8148148148148148,0.7457627118644068,0.9664429530168912,288,10,5,22
random_forest,oscilacao,60,40,40,341,28,313,5,0.9821428571428571,0.9442307692307692,0.8571428571428571,0.9,0.8780487804878049,0.9884615384577368,257,3,2,18
random_forest,oscilacao,60,45,45,303,27,276,5,0.98,0.945830734040341,0.8636363636363636,0.9047619047619048,0.8837209302325582,0.9868995633144677,226,3,2,19
random_forest,oscilacao,60,50,50,273,26,247,5,0.9733333333333334,0.9402439024390243,0.8181818181818182,0.9,0.8571428571428571,0.9804878048732659,201,4,2,18
random_forest,oscilacao,60,55,55,248,25,223,5,0.9609756097560975,0.9076117713638936,0.7619047619047619,0.8421052631578947,0.8,0.9731182795646607,181,5,3,16
random_forest,oscilacao,60,60,60,228,17,211,5,0.9842105263157894,0.920252064319861,0.9166666666666666,0.8461538461538461,0.88,0.9943502824802579,176,1,2,11
random_forest,oscilacao,70,5,5,2723,262,2461,5,0.9677704194260486,0.9672749391727493,0.7546468401486989,0.9666666666666667,0.8475991649269311,0.9678832116783611,1989,66,7,203
random_forest,oscilacao,70,10,10,1362,132,1230,5,0.9770925110132158,0.9831353026385756,0.8076923076923077,0.9905660377358491,0.8898305084745762,0.9757045675403541,1004,25,1,105
random_forest,oscilacao,70,15,15,908,89,819,5,0.9695364238410596,0.9516308376575241,0.7857142857142857,0.9295774647887324,0.8516129032258064,0.9736842105248923,666,18,5,66
random_forest,oscilacao,70,20,20,681,66,615,5,0.9769911504424779,0.9619324882075472,0.8333333333333334,0.9433962264150944,0.8849557522123894,0.9804687499980851,502,10,3,50
random_forest,oscilacao,70,25,25,545,53,492,5,0.9844444444444445,0.9804699147235971,0.8695652173913043,0.975609756097561,0.9195402298850575,0.9853300733472241,403,6,1,40
random_forest,oscilacao,70,30,30,454,42,412,5,0.9733333333333334,0.9456184233224081,0.8157894736842105,0.9117647058823529,0.8611111111111112,0.979472140759591,334,7,3,31
random_forest,oscilacao,70,35,35,389,39,350,5,0.975,0.9396847967768693,0.8387096774193549,0.896551724137931,0.8666666666666667,0.9828178694124302,286,5,3,26
random_forest,oscilacao,70,40,40,341,38,303,5,0.9607142857142857,0.9323396070888859,0.7647058823529411,0.896551724137931,0.8253968253968254,0.9681274900359836,243,8,3,26
random_forest,oscilacao,70,45,45,303,32,271,5,0.964,0.9056047197640118,0.8,0.8333333333333334,0.8163265306122449,0.9778761061903635,221,5,4,20
random_forest,oscilacao,70,50,50,273,27,246,5,0.9822222222222222,0.9451219512195121,0.9,0.9,0.9,0.990243902434194,203,2,2,18
random_forest,oscilacao,70,55,55,248,25,223,5,0.9853658536585366,0.9683078664402942,0.9,0.9473684210526315,0.9230769230769231,0.9892473118226385,184,2,1,18
random_forest,oscilacao,70,60,60,227,19,208,5,0.972972972972973,0.8870091896407686,0.8461538461538461,0.7857142857142857,0.8148148148148148,0.988304093561472,169,2,3,11
random_forest,oscilacao,70,65,65,210,21,189,5,0.9714285714285714,0.8529411764705883,1.0,0.7058823529411765,0.8275862068965517,0.999999999993671,158,0,5,12
random_forest,oscilacao,70,70,70,195,19,176,5,0.975,0.8571428571428572,1.0,0.7142857142857143,0.8333333333333334,0.9999999999931508,146,0,4,10
random_forest,oscilacao,80,5,5,2721,286,2435,5,0.9713024282560706,0.9705319944450379,0.7935943060498221,0.9695652173913043,0.87279843444227,0.9714987714982941,1977,58,7,223
random_forest,oscilacao,80,10,10,1361,144,1217,5,0.9734513274336283,0.9775726042304291,0.8028169014084507,0.9827586206896551,0.8837209302325582,0.9723865877702442,986,28,2,114
random_forest,oscilacao,80,15,15,907,95,812,5,0.9708609271523179,0.9721145647624215,0.7872340425531915,0.9736842105263158,0.8705882352941177,0.9705449189970979,659,20,2,74
random_forest,oscilacao,80,20,20,681,67,614,5,0.9823008849557522,0.9736536928317749,0.8666666666666667,0.9629629629629629,0.9122807017543859,0.9843444226986608,503,8,2,52
random_forest,oscilacao,80,25,25,545,64,481,5,0.9644444444444444,0.9371959310039806,0.8070175438596491,0.9019607843137255,0.8518518518518519,0.9724310776917985,388,11,5,46
random_forest,oscilacao,80,30,30,454,46,408,5,0.9653333333333334,0.9684119960668633,0.7446808510638298,0.9722222222222222,0.8433734939759037,0.964601769908659,327,12,1,35
random_forest,oscilacao,80,35,35,389,41,348,5,0.978125,0.9302935595490568,0.9,0.8709677419354839,0.8852459016393442,0.9896193771592056,286,3,4,27
random_forest,oscilacao,80,40,40,341,38,303,5,0.9642857142857143,0.9190822915235609,0.8064516129032258,0.8620689655172413,0.8333333333333334,0.9760956175259917,245,6,4,25
random_forest,oscilacao,80,45,45,303,35,268,5,0.976,0.9526098901098901,0.8571428571428571,0.9230769230769231,0.8888888888888888,0.9821428571384726,220,4,2,24
random_forest,oscilacao,80,50,50,273,37,236,5,0.96,0.9329697396199859,0.8125,0.896551724137931,0.8524590163934426,0.969387755097095,190,6,3,26
random_forest,oscilacao,80,55,55,248,27,221,5,0.9707317073170731,0.9415113871635611,0.8260869565217391,0.9047619047619048,0.8636363636363636,0.9782608695599008,180,4,2,19
random_forest,oscilacao,80,60,60,227,20,207,5,0.9783783783783784,0.9227234753550543,0.8571428571428571,0.8571428571428571,0.8571428571428571,0.988304093561472,169,2,2,12
random_forest,oscilacao,80,65,65,210,23,187,5,0.9771428571428571,0.9178475033738192,0.9411764705882353,0.8421052631578947,0.8888888888888888,0.9935897435833745,155,1,3,16
random_forest,oscilacao,80,70,70,195,20,175,5,0.96875,0.8632183908045976,0.9166666666666666,0.7333333333333333,0.8148148148148148,0.9931034482690132,144,1,4,11
random_forest,oscilacao,80,75,75,182,21,161,5,0.9666666666666667,0.9263059701492538,0.8235294117647058,0.875,0.8484848484848485,0.9776119402912119,131,3,2,14
random_forest,oscilacao,80,80,80,171,14,157,5,0.9785714285714285,0.8961538461538462,0.8888888888888888,0.8,0.8421052631578947,0.9923076923000592,129,1,2,8
random_forest,oscilacao,90,5,5,2719,310,2409,5,0.9637969094922737,0.9673895781637717,0.7641509433962265,0.972,0.8556338028169014,0.9627791563270657,1940,75,7,243
random_forest,oscilacao,90,10,10,1360,156,1204,5,0.9663716814159292,0.9741352052109025,0.775,0.9841269841269841,0.8671328671328671,0.9641434262938604,968,36,2,124
random_forest,oscilacao,90,15,15,907,103,804,5,0.9841059602649007,0.9805113310384395,0.8901098901098901,0.9759036144578314,0.9310344827586207,0.9851190476175817,662,10,2,81
random_forest,oscilacao,90,20,20,680,78,602,5,0.952212389380531,0.9175836337190919,0.7432432432432432,0.873015873015873,0.8029197080291971,0.9621513944203941,483,19,8,55
random_forest,oscilacao,90,25,25,544,64,480,5,0.9844444444444445,0.9826772814388913,0.8928571428571429,0.9803921568627451,0.9345794392523364,0.984962406012569,393,6,1,50
random_forest,oscilacao,90,30,30,454,52,402,5,0.9733333333333334,0.9315393603037827,0.8780487804878049,0.8780487804878049,0.8780487804878049,0.9850299401168113,329,5,5,36
random_forest,oscilacao,90,35,35,389,43,346,5,0.96875,0.915531622848696,0.8484848484848485,0.8484848484848485,0.8484848484848485,0.98257839720912,282,5,5,28
random_forest,oscilacao,90,40,40,340,39,301,5,0.9785714285714285,0.944,0.9,0.9,0.9,0.987999999996048,247,3,3,27
random_forest,oscilacao,90,45,45,303,37,266,5,0.968,0.9507722007722008,0.8125,0.9285714285714286,0.8666666666666667,0.9729729729685903,216,6,2,26
random_forest,oscilacao,90,50,50,272,36,236,5,0.9822222222222222,0.9604152005629838,0.9310344827586207,0.9310344827586207,0.9310344827586207,0.989795918362297,194,2,2,27
random_forest,oscilacao,90,55,55,248,28,220,5,0.9902439024390244,0.9745404868355688,0.9545454545454546,0.9545454545454546,0.9545454545454546,0.9945355191202485,182,1,1,21
random_forest,oscilacao,90,60,60,227,26,201,5,0.9621621621621622,0.8857006975269499,0.8333333333333334,0.7894736842105263,0.8108108108108109,0.9819277108374583,163,3,4,15
random_forest,oscilacao,90,65,65,210,25,185,5,0.9714285714285714,0.9185483870967741,0.8947368421052632,0.85,0.8717948717948718,0.9870967741871801,153,2,3,17
random_forest,oscilacao,90,70,70,195,21,174,5,0.9625,0.8402777777777778,0.9166666666666666,0.6875,0.7857142857142857,0.9930555555486594,143,1,5,11
random_forest,oscilacao,90,75,75,182,22,160,5,0.9866666666666667,0.9375,1.0,0.875,0.9333333333333333,0.9999999999925374,134,0,2,14
random_forest,oscilacao,90,80,80,170,14,156,5,0.9642857142857143,0.7727272727272727,1.0,0.5454545454545454,0.7058823529411765,0.9999999999922481,129,0,5,6
random_forest,oscilacao,90,85,85,160,18,142,5,0.9384615384615385,0.7606837606837606,0.7777777777777778,0.5384615384615384,0.6363636363636364,0.982905982897582,115,2,6,7
random_forest,oscilacao,90,90,90,152,18,134,5,0.96,0.8526383526383526,0.9090909090909091,0.7142857142857143,0.8,0.9909909909820631,110,1,4,10
random_forest,oscilacao,100,5,5,2717,334,2383,5,0.9610619469026549,0.9666852782430673,0.7645348837209303,0.9740740740740741,0.8566775244299675,0.9592964824115783,1909,81,7,263
random_forest,oscilacao,100,10,10,1359,168,1191,5,0.9707964601769912,0.9738800449757368,0.8159509202453987,0.9779411764705882,0.8896321070234113,0.9698189134799097,964,30,3,133
random_forest,oscilacao,100,15,15,906,113,793,5,0.9708609271523179,0.9597262677081955,0.8349514563106796,0.945054945054945,0.8865979381443299,0.9743975903599783,647,17,5,86
random_forest,oscilacao,100,20,20,680,79,601,5,0.9805309734513274,0.9549494760479043,0.9076923076923077,0.921875,0.9147286821705426,0.9880239520938363,495,6,5,59
random_forest,oscilacao,100,25,25,544,70,474,5,0.9733333333333334,0.9388143582306019,0.8928571428571429,0.8928571428571429,0.8928571428571429,0.9847715736015615,388,6,6,50
random_forest,oscilacao,100,30,30,453,54,399,5,0.9813333333333333,0.9598667948365833,0.9111111111111111,0.9318181818181818,0.9213483146067416,0.9879154078520003,327,4,3,41
random_forest,oscilacao,100,35,35,389,48,341,5,0.978125,0.9406455925890556,0.9166666666666666,0.8918918918918919,0.9041095890410958,0.989399293282723,280,3,4,33
random_forest,oscilacao,100,40,40,340,40,300,5,0.9785714285714285,0.944,0.9,0.9,0.9,0.987999999996048,247,3,3,27
random_forest,oscilacao,100,45,45,302,38,264,5,0.976,0.9431818181818181,0.9,0.9,0.9,0.9863636363591529,217,3,3,27
random_forest,oscilacao,100,50,50,272,37,235,5,0.9822222222222222,0.9751055594651654,0.9032258064516129,0.9655172413793104,0.9333333333333333,0.9846938775459965,193,3,1,28
random_forest,oscilacao,100,55,55,247,31,216,5,0.9560975609756097,0.8888888888888888,0.8333333333333334,0.8,0.8163265306122449,0.9777777777723458,176,4,5,20
random_forest,oscilacao,100,60,60,227,26,201,5,0.9891891891891892,0.9706721623335447,0.9473684210526315,0.9473684210526315,0.9473684210526315,0.9939759036084701,165,1,1,18
random_forest,oscilacao,100,65,65,209,24,185,5,0.9882352941176471,0.9411764705882353,1.0,0.8823529411764706,0.9375,0.9999999999934641,153,0,2,15
random_forest,oscilacao,100,70,70,195,23,172,5,0.9625,0.8575899843505477,0.9285714285714286,0.7222222222222222,0.8125,0.9929577464718806,141,1,5,13
random_forest,oscilacao,100,75,75,182,25,157,5,0.96,0.8646042587384491,0.9333333333333333,0.7368421052631579,0.8235294117647058,0.9923664122061652,130,1,5,14
random_forest,oscilacao,100,80,80,170,15,155,5,0.9785714285714285,0.8636363636363636,1.0,0.7272727272727273,0.8421052631578947,0.9999999999922481,129,0,3,8
random_forest,oscilacao,100,85,85,160,18,142,5,0.9615384615384616,0.8418803418803419,0.9,0.6923076923076923,0.782608695652174,0.9914529914445175,116,1,4,9
random_forest,oscilacao,100,90,90,151,17,134,5,0.952,0.8169240669240669,0.9,0.6428571428571429,0.75,0.9909909909820631,110,1,5,9
random_forest,oscilacao,100,95,95,143,18,125,5,0.9478260869565217,0.802790346907994,0.8888888888888888,0.6153846153846154,0.7272727272727273,0.9901960784216647,101,1,5,8
random_forest,oscilacao,100,100,100,136,13,123,5,0.9818181818181818,0.8888888888888888,1.0,0.7777777777777778,0.875,0.9999999999900989,101,0,2,7
random_forest,queda,20,5,5,2733,72,2661,5,0.9951648351648351,0.9126984126984127,1.0,0.8253968253968254,0.9043478260869565,0.9999999999995479,2212,0,11,52
random_forest,queda,20,10,10,1367,37,1330,5,0.9929515418502203,0.875,1.0,0.75,0.8571428571428571,0.9999999999990934,1103,0,8,24
random_forest,queda,20,15,15,911,24,887,5,0.9894039735099338,0.8095238095238095,1.0,0.6190476190476191,0.7647058823529411,0.9999999999986376,734,0,8,13
random_forest,queda,20,20,20,684,18,666,5,0.9964912280701754,0.9333333333333333,1.0,0.8666666666666667,0.9285714285714286,0.9999999999981982,555,0,2,13
random_forest,queda,30,5,5,2731,94,2637,5,0.9916483516483516,0.8855421686746988,1.0,0.7710843373493976,0.8707482993197279,0.9999999999995438,2192,0,19,64
random_forest,queda,30,10,10,1366,48,1318,5,0.9911894273127754,0.8809523809523809,1.0,0.7619047619047619,0.8648648648648649,0.9999999999990851,1093,0,10,32
random_forest,queda,30,15,15,911,32,879,5,0.990728476821192,0.875,1.0,0.75,0.8571428571428571,0.9999999999986245,727,0,7,21
random_forest,queda,30,20,20,683,24,659,5,0.9876106194690265,0.8333333333333333,1.0,0.6666666666666666,0.8,0.9999999999981618,544,0,7,14
random_forest,queda,30,25,25,547,21,526,5,0.9846153846153847,0.8055555555555556,1.0,0.6111111111111112,0.7586206896551724,0.9999999999977117,437,0,7,11
random_forest,queda,30,30,30,456,14,442,5,0.9894736842105263,0.8333333333333333,1.0,0.6666666666666666,0.8,0.9999999999972826,368,0,4,8
random_forest,queda,40,5,5,2729,116,2613,5,0.9920704845814978,0.912621359223301,1.0,0.8252427184466019,0.9042553191489362,0.9999999999995386,2167,0,18,85
random_forest,queda,40,10,10,1365,59,1306,5,0.9885462555066079,0.875,1.0,0.75,0.8571428571428571,0.9999999999990766,1083,0,13,39
random_forest,queda,40,15,15,910,41,869,5,0.9894039735099338,0.8888888888888888,1.0,0.7777777777777778,0.875,0.9999999999986092,719,0,8,28
random_forest,queda,40,20,20,683,29,654,5,0.9911504424778761,0.9,1.0,0.8,0.8888888888888888,0.9999999999981481,540,0,5,20
random_forest,queda,40,25,25,546,23,523,5,0.9802197802197802,0.775,1.0,0.55,0.7096774193548387,0.9999999999977012,435,0,9,11
random_forest,queda,40,30,30,455,19,436,5,0.9866666666666667,0.84375,1.0,0.6875,0.8148148148148148,0.9999999999972146,359,0,5,11
random_forest,queda,40,35,35,390,16,374,5,0.9753846153846154,0.7142857142857143,1.0,0.42857142857142855,0.6,0.9999999999967846,311,0,8,6
random_forest,queda,40,40,40,342,14,328,5,0.9789473684210527,0.75,1.0,0.5,0.6666666666666666,0.999999999996337,273,0,6,6
random_forest,queda,50,5,5,2727,138,2589,5,0.9920704845814978,0.9268292682926829,1.0,0.8536585365853658,0.9210526315789473,0.9999999999995343,2147,0,18,105
random_forest,queda,50,10,10,1364,70,1294,5,0.9894273127753304,0.9032258064516129,1.0,0.8064516129032258,0.8928571428571429,0.9999999999990681,1073,0,12,50
random_forest,queda,50,15,15,909,46,863,5,0.9880794701986755,0.8902439024390244,1.0,0.7804878048780488,0.8767123287671232,0.9999999999985995,714,0,9,32
random_forest,queda,50,20,20,682,35,647,5,0.9823008849557522,0.8387096774193548,1.0,0.6774193548387096,0.8076923076923077,0.9999999999981274,534,0,10,21
random_forest,queda,50,25,25,546,30,516,5,0.967032967032967,0.7296037296037297,0.9230769230769231,0.46153846153846156,0.6153846153846154,0.9976689976666722,428,1,14,12
random_forest,queda,50,30,30,455,24,431,5,0.9813333333333333,0.8333333333333333,1.0,0.6666666666666666,0.8,0.9999999999971751,354,0,7,14
random_forest,queda,50,35,35,390,20,370,5,0.9784615384615385,0.8219060351413292,0.9166666666666666,0.6470588235294118,0.7586206896551724,0.9967532467500105,307,1,6,11
random_forest,queda,50,40,40,341,16,325,5,0.9678571428571429,0.6785714285714286,1.0,0.35714285714285715,0.5263157894736842,0.9999999999962407,266,0,9,5
random_forest,queda,50,45,45,303,15,288,5,0.968,0.6923076923076923,1.0,0.38461538461538464,0.5555555555555556,0.9999999999957806,237,0,8,5
random_forest,queda,50,50,50,273,13,260,5,0.9733333333333334,0.7272727272727273,1.0,0.45454545454545453,0.625,0.9999999999953272,214,0,6,5
random_forest,queda,60,5,5,2725,160,2565,5,0.9907488986784141,0.9265734265734266,1.0,0.8531468531468531,0.9207547169811321,0.9999999999995298,2127,0,21,122
random_forest,queda,60,10,10,1363,81,1282,5,0.9903083700440528,0.9236111111111112,1.0,0.8472222222222222,0.9172932330827067,0.9999999999990593,1063,0,11,61
random_forest,queda,60,15,15,909,54,855,5,0.9867549668874173,0.8958333333333333,1.0,0.7916666666666666,0.8837209302325582,0.9999999999985856,707,0,10,38
random_forest,queda,60,20,20,682,40,642,5,0.9876106194690265,0.9,1.0,0.8,0.8888888888888888,0.9999999999981132,530,0,7,28
random_forest,queda,60,25,25,545,33,512,5,0.9822222222222222,0.8620689655172413,1.0,0.7241379310344828,0.84,0.9999999999976247,421,0,8,21
random_forest,queda,60,30,30,455,25,430,5,0.984,0.8636363636363636,1.0,0.7272727272727273,0.8421052631578947,0.9999999999971672,353,0,6,16
random_forest,queda,60,35,35,390,24,366,5,0.9846153846153847,0.8809523809523809,1.0,0.7619047619047619,0.8648648648648649,0.9999999999967105,304,0,5,16
random_forest,queda,60,40,40,341,20,321,5,0.9678571428571429,0.7352941176470589,1.0,0.47058823529411764,0.64,0.9999999999961977,263,0,9,8
random_forest,queda,60,45,45,303,19,284,5,0.972,0.78125,1.0,0.5625,0.72,0.9999999999957265,234,0,7,9
random_forest,queda,60,50,50,273,17,256,5,0.9777777777777777,0.8333333333333333,1.0,0.6666666666666666,0.8,0.9999999999952381,210,0,5,10
random_forest,queda,60,55,55,248,15,233,5,0.9853658536585366,0.875,1.0,0.75,0.8571428571428571,0.9999999999948187,193,0,3,9
random_forest,queda,60,60,60,228,13,215,5,0.9789473684210527,0.8181818181818181,1.0,0.6363636363636364,0.7777777777777778,0.9999999999944135,179,0,4,7
random_forest,queda,70,5,5,2723,182,2541,5,0.9894039735099338,0.9263803680981595,1.0,0.852760736196319,0.9205298013245033,0.9999999999995243,2102,0,24,139
random_forest,queda,70,10,10,1362,92,1270,5,0.9885462555066079,0.9207317073170731,1.0,0.8414634146341463,0.9139072847682119,0.9999999999990503,1053,0,13,69
random_forest,queda,70,15,15,908,63,845,5,0.9880794701986755,0.9196428571428572,1.0,0.8392857142857143,0.912621359223301,0.9999999999985694,699,0,9,47
random_forest,queda,70,20,20,681,46,635,5,0.9787610619469026,0.8536585365853658,1.0,0.7073170731707317,0.8285714285714286,0.9999999999980916,524,0,12,29
random_forest,queda,70,25,25,545,39,506,5,0.9733333333333334,0.8370333710407241,0.9583333333333334,0.6764705882352942,0.7931034482758621,0.9975961538437558,415,1,11,23
random_forest,queda,70,30,30,454,30,424,5,0.9786666666666667,0.8461538461538461,1.0,0.6923076923076923,0.8181818181818182,0.9999999999971347,349,0,8,18
random_forest,queda,70,35,35,389,26,363,5,0.965625,0.7608695652173914,1.0,0.5217391304347826,0.6857142857142857,0.999999999996633,297,0,11,12
random_forest,queda,70,40,40,341,24,317,5,0.9607142857142857,0.7380952380952381,1.0,0.47619047619047616,0.6451612903225806,0.9999999999961391,259,0,11,10
random_forest,queda,70,45,45,303,21,282,5,0.964,0.75,1.0,0.5,0.6666666666666666,0.9999999999956897,232,0,9,9
random_forest,queda,70,50,50,273,23,250,5,0.9555555555555556,0.75,1.0,0.5,0.6666666666666666,0.999999999995122,205,0,10,10
random_forest,queda,70,55,55,248,17,231,5,0.9707317073170731,0.7857142857142857,1.0,0.5714285714285714,0.7272727272727273,0.9999999999947644,191,0,6,8
random_forest,queda,70,60,60,227,15,212,5,0.9567567567567568,0.6923076923076923,1.0,0.38461538461538464,0.5555555555555556,0.9999999999941861,172,0,8,5
random_forest,queda,70,65,65,210,14,196,5,0.9657142857142857,0.75,1.0,0.5,0.6666666666666666,0.9999999999938651,163,0,6,6
random_forest,queda,70,70,70,195,14,181,5,0.95,0.6666666666666666,1.0,0.3333333333333333,0.5,0.9999999999932433,148,0,8,4
random_forest,queda,80,5,5,2721,204,2517,5,0.9876379690949227,0.9234972677595629,1.0,0.8469945355191257,0.9171597633136095,0.9999999999995197,2082,0,28,155
random_forest,queda,80,10,10,1361,103,1258,5,0.9867256637168141,0.9184782608695652,1.0,0.8369565217391305,0.9112426035502958,0.9999999999990367,1038,0,15,77
random_forest,queda,80,15,15,907,68,839,5,0.9801324503311258,0.8770491803278688,1.0,0.7540983606557377,0.8598130841121495,0.999999999998559,694,0,15,46
random_forest,queda,80,20,20,681,51,630,5,0.9805309734513274,0.8777777777777778,1.0,0.7555555555555555,0.8607594936708861,0.999999999998077,520,0,11,34
random_forest,queda,80,25,25,545,43,502,5,0.9733333333333334,0.8421052631578947,1.0,0.6842105263157895,0.8125,0.9999999999975728,412,0,12,26
random_forest,queda,80,30,30,454,35,419,5,0.9786666666666667,0.8709677419354839,1.0,0.7419354838709677,0.8518518518518519,0.9999999999970931,344,0,8,23
random_forest,queda,80,35,35,389,29,360,5,0.95625,0.7307692307692308,1.0,0.46153846153846156,0.631578947368421,0.9999999999965987,294,0,14,12
random_forest,queda,80,40,40,341,25,316,5,0.9642857142857143,0.7727272727272727,1.0,0.5454545454545454,0.7058823529411765,0.9999999999961241,258,0,10,12
random_forest,queda,80,45,45,303,24,279,5,0.96,0.7619047619047619,1.0,0.5238095238095238,0.6875,0.9999999999956333,229,0,10,11
random_forest,queda,80,50,50,273,24,249,5,0.9555555555555556,0.7619047619047619,1.0,0.5238095238095238,0.6875,0.9999999999950981,204,0,10,11
random_forest,queda,80,55,55,248,21,227,5,0.9707317073170731,0.8333333333333333,1.0,0.6666666666666666,0.8,0.9999999999946525,187,0,6,12
random_forest,queda,80,60,60,227,17,210,5,0.9567567567567568,0.7333333333333334,1.0,0.4666666666666667,0.6363636363636364,0.9999999999941177,170,0,8,7
random_forest,queda,80,65,65,210,15,195,5,0.96,0.7307692307692308,1.0,0.46153846153846156,0.631578947368421,0.9999999999938273,162,0,7,6
random_forest,queda,80,70,70,195,16,179,5,0.94375,0.6785714285714286,1.0,0.35714285714285715,0.5263157894736842,0.9999999999931508,146,0,9,5
random_forest,queda,80,75,75,182,15,167,5,0.96,0.75,1.0,0.5,0.6666666666666666,0.9999999999927537,138,0,6,6
random_forest,queda,80,80,80,171,14,157,5,0.9285714285714286,0.62109375,0.75,0.25,0.375,0.9921874999922486,127,1,9,3
random_forest,queda,90,5,5,2719,226,2493,5,0.9858719646799117,0.9211822660098522,1.0,0.8423645320197044,0.9144385026737968,0.999999999999515,2062,0,32,171
random_forest,queda,90,10,10,1360,114,1246,5,0.9876106194690265,0.9313725490196079,1.0,0.8627450980392157,0.9263157894736842,0.9999999999990272,1028,0,14,88
random_forest,queda,90,15,15,907,76,831,5,0.9867549668874173,0.9264705882352942,1.0,0.8529411764705882,0.9206349206349206,0.9999999999985444,687,0,10,58
random_forest,queda,90,20,20,680,57,623,5,0.9769911504424779,0.8725490196078431,1.0,0.7450980392156863,0.8539325842696629,0.9999999999980544,514,0,13,38
random_forest,queda,90,25,25,544,45,499,5,0.9711111111111111,0.8375,1.0,0.675,0.8059701492537313,0.999999999997561,410,0,13,27
random_forest,queda,90,30,30,454,36,418,5,0.9786666666666667,0.875,1.0,0.75,0.8571428571428571,0.9999999999970846,343,0,8,24
random_forest,queda,90,35,35,389,34,355,5,0.971875,0.85,1.0,0.7,0.8235294117647058,0.9999999999965518,290,0,9,21
random_forest,queda,90,40,40,340,27,313,5,0.9571428571428572,0.75,1.0,0.5,0.6666666666666666,0.9999999999960938,256,0,12,12
random_forest,queda,90,45,45,303,27,276,5,0.952,0.75,1.0,0.5,0.6666666666666666,0.9999999999955753,226,0,12,12
random_forest,queda,90,50,50,272,23,249,5,0.9644444444444444,0.8,1.0,0.6,0.75,0.999999999995122,205,0,8,12
random_forest,queda,90,55,55,248,22,226,5,0.9658536585365853,0.8157894736842105,1.0,0.631578947368421,0.7741935483870968,0.9999999999946237,186,0,7,12
random_forest,queda,90,60,60,227,18,209,5,0.9567567567567568,0.75,1.0,0.5,0.6666666666666666,0.999999999994083,169,0,8,8
random_forest,queda,90,65,65,210,19,191,5,0.9542857142857143,0.7647058823529411,1.0,0.5294117647058824,0.6923076923076923,0.999999999993671,158,0,8,9
random_forest,queda,90,70,70,195,19,176,5,0.93125,0.6764705882352942,1.0,0.35294117647058826,0.5217391304347826,0.999999999993007,143,0,11,6
random_forest,queda,90,75,75,182,17,165,5,0.96,0.7857142857142857,1.0,0.5714285714285714,0.7272727272727273,0.9999999999926471,136,0,6,8
random_forest,queda,90,80,80,170,15,155,5,0.9428571428571428,0.7268322228952151,0.8571428571428571,0.46153846153846156,0.6,0.9921259842441564,126,1,7,6
random_forest,queda,90,85,85,160,14,146,5,0.9461538461538461,0.7083333333333334,1.0,0.4166666666666667,0.5882352941176471,0.9999999999915254,118,0,7,5
random_forest,queda,90,90,90,152,13,139,5,0.944,0.6818181818181819,1.0,0.36363636363636365,0.5333333333333333,0.999999999991228,114,0,7,4
random_forest,queda,100,5,5,2717,248,2469,5,0.9858407079646018,0.9282511210762332,1.0,0.8565022421524664,0.9227053140096618,0.9999999999995091,2037,0,32,191
random_forest,queda,100,10,10,1359,125,1234,5,0.9787610619469026,0.8928571428571428,1.0,0.7857142857142857,0.88,0.9999999999990177,1018,0,24,88
random_forest,queda,100,15,15,906,85,821,5,0.976158940397351,0.881578947368421,1.0,0.7631578947368421,0.8656716417910447,0.9999999999985273,679,0,18,58
random_forest,queda,100,20,20,680,62,618,5,0.9734513274336283,0.8636363636363636,1.0,0.7272727272727273,0.8421052631578947,0.9999999999980392,510,0,15,40
random_forest,queda,100,25,25,544,52,492,5,0.9666666666666667,0.8369565217391304,1.0,0.6739130434782609,0.8051948051948052,0.9999999999975248,404,0,15,31
random_forest,queda,100,30,30,453,41,412,5,0.976,0.875,1.0,0.75,0.8571428571428571,0.9999999999970501,339,0,9,27
random_forest,queda,100,35,35,389,36,353,5,0.96875,0.84375,1.0,0.6875,0.8148148148148148,0.9999999999965278,288,0,10,22
random_forest,queda,100,40,40,340,31,309,5,0.9714285714285714,0.8518518518518519,1.0,0.7037037037037037,0.8260869565217391,0.9999999999960475,253,0,8,19
random_forest,queda,100,45,45,302,29,273,5,0.96,0.8,1.0,0.6,0.75,0.9999999999955556,225,0,10,15
random_forest,queda,100,50,50,272,24,248,5,0.96,0.7857142857142857,1.0,0.5714285714285714,0.7272727272727273,0.9999999999950981,204,0,9,12
random_forest,queda,100,55,55,247,23,224,5,0.9658536585365853,0.825,1.0,0.65,0.7878787878787878,0.9999999999945947,185,0,7,13
random_forest,queda,100,60,60,227,21,206,5,0.9567567567567568,0.7777777777777778,1.0,0.5555555555555556,0.7142857142857143,0.999999999994012,167,0,8,10
random_forest,queda,100,65,65,209,18,191,5,0.9470588235294117,0.71875,1.0,0.4375,0.6086956521739131,0.9999999999935065,154,0,9,7
random_forest,queda,100,70,70,195,20,175,5,0.9375,0.7222222222222222,1.0,0.4444444444444444,0.6153846153846154,0.9999999999929579,142,0,10,8
random_forest,queda,100,75,75,182,20,162,5,0.9266666666666666,0.6764705882352942,1.0,0.35294117647058826,0.5217391304347826,0.9999999999924812,133,0,11,6
random_forest,queda,100,80,80,170,17,153,5,0.9285714285714286,0.6746031746031746,0.8333333333333334,0.35714285714285715,0.5,0.9920634920556185,125,1,9,5
random_forest,queda,100,85,85,160,15,145,5,0.9307692307692308,0.6538461538461539,1.0,0.3076923076923077,0.47058823529411764,0.999999999991453,117,0,9,4
random_forest,queda,100,90,90,151,14,137,5,0.944,0.6818181818181819,1.0,0.36363636363636365,0.5333333333333333,0.999999999991228,114,0,7,4
random_forest,queda,100,95,95,143,15,128,5,0.9217391304347826,0.6538461538461539,1.0,0.3076923076923077,0.47058823529411764,0.9999999999901961,102,0,9,4
random_forest,queda,100,100,100,136,12,124,5,0.9363636363636364,0.65,1.0,0.3,0.46153846153846156,0.99999999999,100,0,7,3
xgboost,lacuna,20,5,5,2733,86,2647,5,0.9978021978021978,0.96875,1.0,0.9375,0.967741935483871,0.9999999999995445,2195,0,5,75
xgboost,lacuna,20,10,10,1367,42,1325,5,0.9973568281938326,0.9615384615384616,1.0,0.9230769230769231,0.96,0.9999999999990876,1096,0,3,36
xgboost,lacuna,20,15,15,911,29,882,5,0.9933774834437086,0.9074074074074074,1.0,0.8148148148148148,0.8979591836734694,0.9999999999986264,728,0,5,22
xgboost,lacuna,20,20,20,684,25,659,5,0.9982456140350877,0.9782608695652174,1.0,0.9565217391304348,0.9777777777777777,0.9999999999981719,547,0,1,22
xgboost,lacuna,30,5,5,2731,108,2623,5,0.9978021978021978,0.9754901960784313,1.0,0.9509803921568627,0.9748743718592965,0.9999999999995398,2173,0,5,97
xgboost,lacuna,30,10,10,1366,53,1313,5,0.9955947136563876,0.95,1.0,0.9,0.9473684210526315,0.9999999999990784,1085,0,5,45
xgboost,lacuna,30,15,15,911,35,876,5,0.9933774834437086,0.9242424242424243,1.0,0.8484848484848485,0.9180327868852459,0.999999999998615,722,0,5,28
xgboost,lacuna,30,20,20,683,25,658,5,0.9946902654867257,0.9347826086956521,1.0,0.8695652173913043,0.9302325581395349,0.999999999998155,542,0,3,20
xgboost,lacuna,30,25,25,547,23,524,5,0.9934065934065934,0.9285714285714286,1.0,0.8571428571428571,0.9230769230769231,0.9999999999976958,434,0,3,18
xgboost,lacuna,30,30,30,456,20,436,5,0.9921052631578947,0.9210526315789473,1.0,0.8421052631578947,0.9142857142857143,0.99999999999723,361,0,3,16
xgboost,lacuna,40,5,5,2729,130,2599,5,0.9977973568281938,0.9798387096774194,1.0,0.9596774193548387,0.9794238683127572,0.999999999999534,2146,0,5,119
xgboost,lacuna,40,10,10,1365,64,1301,5,0.9955947136563876,0.959016393442623,1.0,0.9180327868852459,0.9572649572649573,0.9999999999990689,1074,0,5,56
xgboost,lacuna,40,15,15,910,44,866,5,0.9933774834437086,0.9404761904761905,1.0,0.8809523809523809,0.9367088607594937,0.9999999999985975,713,0,5,37
xgboost,lacuna,40,20,20,683,36,647,5,0.9946902654867257,0.9558823529411764,1.0,0.9117647058823529,0.9538461538461539,0.9999999999981167,531,0,3,31
xgboost,lacuna,40,25,25,546,28,518,5,0.9912087912087912,0.9230769230769231,1.0,0.8461538461538461,0.9166666666666666,0.999999999997669,429,0,4,22
xgboost,lacuna,40,30,30,455,24,431,5,0.9946666666666667,0.9565217391304348,1.0,0.9130434782608695,0.9545454545454546,0.9999999999971592,352,0,2,21
xgboost,lacuna,40,35,35,390,17,373,5,0.9876923076923076,0.875,1.0,0.75,0.8571428571428571,0.9999999999967638,309,0,4,12
xgboost,lacuna,40,40,40,342,15,327,5,0.9929824561403509,0.9285714285714286,1.0,0.8571428571428571,0.9230769230769231,0.99999999999631,271,0,2,12
xgboost,lacuna,50,5,5,2727,152,2575,5,0.9977973568281938,0.9828767123287672,1.0,0.9657534246575342,0.9825783972125436,0.9999999999995292,2124,0,5,141
xgboost,lacuna,50,10,10,1364,75,1289,5,0.9955947136563876,0.9652777777777778,1.0,0.9305555555555556,0.9640287769784173,0.9999999999990593,1063,0,5,67
xgboost,lacuna,50,15,15,909,51,858,5,0.9933774834437086,0.9489795918367347,1.0,0.8979591836734694,0.946236559139785,0.9999999999985836,706,0,5,44
xgboost,lacuna,50,20,20,682,36,646,5,0.9946902654867257,0.9558823529411764,1.0,0.9117647058823529,0.9538461538461539,0.9999999999981167,531,0,3,31
xgboost,lacuna,50,25,25,546,29,517,5,0.9956043956043956,0.962962962962963,1.0,0.9259259259259259,0.9615384615384616,0.9999999999976635,428,0,2,25
xgboost,lacuna,50,30,30,455,25,430,5,0.9946666666666667,0.9583333333333333,1.0,0.9166666666666666,0.9565217391304348,0.9999999999971511,351,0,2,22
xgboost,lacuna,50,35,35,390,23,367,5,0.9938461538461538,0.9545454545454546,1.0,0.9090909090909091,0.9523809523809523,0.9999999999966998,303,0,2,20
xgboost,lacuna,50,40,40,341,15,326,5,0.9892857142857143,0.8928571428571428,1.0,0.7857142857142857,0.88,0.9999999999962407,266,0,3,11
xgboost,lacuna,50,45,45,303,17,286,5,0.996,0.96875,1.0,0.9375,0.967741935483871,0.9999999999957265,234,0,1,15
xgboost,lacuna,50,50,50,273,15,258,5,0.9911111111111112,0.9285714285714286,1.0,0.8571428571428571,0.9230769230769231,0.9999999999952607,211,0,2,12
xgboost,lacuna,60,5,5,2725,174,2551,5,0.9977973568281938,0.9851190476190477,1.0,0.9702380952380952,0.9848942598187311,0.9999999999995243,2102,0,5,163
xgboost,lacuna,60,10,10,1363,86,1277,5,0.9955947136563876,0.9698795180722892,1.0,0.9397590361445783,0.968944099378882,0.9999999999990494,1052,0,5,78
xgboost,lacuna,60,15,15,909,57,852,5,0.9933774834437086,0.9545454545454546,1.0,0.9090909090909091,0.9523809523809523,0.9999999999985715,700,0,5,50
xgboost,lacuna,60,20,20,682,47,635,5,0.9946902654867257,0.9666666666666667,1.0,0.9333333333333333,0.9655172413793104,0.999999999998077,520,0,3,42
xgboost,lacuna,60,25,25,545,34,511,5,0.9955555555555555,0.96875,1.0,0.9375,0.967741935483871,0.9999999999976077,418,0,2,30
xgboost,lacuna,60,30,30,455,31,424,5,0.992,0.95,1.0,0.9,0.9473684210526315,0.9999999999971014,345,0,3,27
xgboost,lacuna,60,35,35,390,24,366,5,0.9907692307692307,0.9347826086956521,1.0,0.8695652173913043,0.9302325581395349,0.9999999999966888,302,0,3,20
xgboost,lacuna,60,40,40,341,24,317,5,0.9892857142857143,0.9347826086956521,1.0,0.8695652173913043,0.9302325581395349,0.999999999996109,257,0,3,20
xgboost,lacuna,60,45,45,303,18,285,5,0.996,0.9705882352941176,1.0,0.9411764705882353,0.9696969696969697,0.9999999999957082,233,0,1,16
xgboost,lacuna,60,50,50,273,21,252,5,0.9955555555555555,0.975,1.0,0.95,0.9743589743589743,0.999999999995122,205,0,1,19
xgboost,lacuna,60,55,55,248,15,233,5,0.9902439024390244,0.9285714285714286,1.0,0.8571428571428571,0.9230769230769231,0.9999999999947644,191,0,2,12
xgboost,lacuna,60,60,60,228,19,209,5,0.9736842105263158,0.8611111111111112,1.0,0.7222222222222222,0.8387096774193549,0.9999999999941861,172,0,5,13
xgboost,lacuna,70,5,5,2723,196,2527,5,0.9977924944812362,0.986842105263158,1.0,0.9736842105263158,0.9866666666666667,0.999999999999518,2075,0,5,185
xgboost,lacuna,70,10,10,1362,97,1265,5,0.9955947136563876,0.9734042553191489,1.0,0.9468085106382979,0.9726775956284153,0.9999999999990394,1041,0,5,89
xgboost,lacuna,70,15,15,908,66,842,5,0.9933774834437086,0.9609375,1.0,0.921875,0.959349593495935,0.9999999999985528,691,0,5,59
xgboost,lacuna,70,20,20,681,47,634,5,0.9946902654867257,0.9666666666666667,1.0,0.9333333333333333,0.9655172413793104,0.999999999998077,520,0,3,42
xgboost,lacuna,70,25,25,545,40,505,5,0.9955555555555555,0.9736842105263157,1.0,0.9473684210526315,0.972972972972973,0.9999999999975728,412,0,2,36
xgboost,lacuna,70,30,30,454,35,419,5,0.9946666666666667,0.9705882352941176,1.0,0.9411764705882353,0.9696969696969697,0.9999999999970675,341,0,2,32
xgboost,lacuna,70,35,35,389,27,362,5,0.9875,0.9230769230769231,1.0,0.8461538461538461,0.9166666666666666,0.9999999999965987,294,0,4,22
xgboost,lacuna,70,40,40,341,24,317,5,0.9964285714285714,0.9782608695652174,1.0,0.9565217391304348,0.9777777777777777,0.999999999996109,257,0,1,22
xgboost,lacuna,70,45,45,303,23,280,5,0.992,0.9545454545454546,1.0,0.9090909090909091,0.9523809523809523,0.9999999999956141,228,0,2,20
xgboost,lacuna,70,50,50,273,24,249,5,0.9911111111111112,0.9565217391304348,1.0,0.9130434782608695,0.9545454545454546,0.9999999999950495,202,0,2,21
xgboost,lacuna,70,55,55,248,17,231,5,0.9902439024390244,0.9375,1.0,0.875,0.9333333333333333,0.999999999994709,189,0,2,14
xgboost,lacuna,70,60,60,227,19,208,5,0.9837837837837838,0.9166666666666667,1.0,0.8333333333333334,0.9090909090909091,0.999999999994012,167,0,3,15
xgboost,lacuna,70,65,65,210,13,197,5,0.9942857142857143,0.9583333333333333,1.0,0.9166666666666666,0.9565217391304348,0.9999999999938651,163,0,1,11
xgboost,lacuna,70,70,70,195,14,181,5,0.9875,0.9230769230769231,1.0,0.8461538461538461,0.9166666666666666,0.9999999999931973,147,0,2,11
xgboost,lacuna,80,5,5,2721,218,2503,5,0.9977924944812362,0.9882075471698113,1.0,0.9764150943396226,0.9880668257756563,0.999999999999513,2053,0,5,207
xgboost,lacuna,80,10,10,1361,108,1253,5,0.995575221238938,0.9761904761904762,1.0,0.9523809523809523,0.975609756097561,0.9999999999990244,1025,0,5,100
xgboost,lacuna,80,15,15,907,73,834,5,0.9933774834437086,0.9647887323943662,1.0,0.9295774647887324,0.9635036496350365,0.9999999999985381,684,0,5,66
xgboost,lacuna,80,20,20,681,58,623,5,0.9946902654867257,0.9732142857142857,1.0,0.9464285714285714,0.9724770642201835,0.9999999999980353,509,0,3,53
xgboost,lacuna,80,25,25,545,45,500,5,0.9933333333333333,0.9651162790697674,1.0,0.9302325581395349,0.963855421686747,0.9999999999975431,407,0,3,40
xgboost,lacuna,80,30,30,454,36,418,5,0.9946666666666667,0.9714285714285714,1.0,0.9428571428571428,0.9705882352941176,0.9999999999970589,340,0,2,33
xgboost,lacuna,80,35,35,389,31,358,5,0.9875,0.9333333333333333,1.0,0.8666666666666667,0.9285714285714286,0.9999999999965518,290,0,4,26
xgboost,lacuna,80,40,40,341,26,315,5,0.9928571428571429,0.96,1.0,0.92,0.9583333333333334,0.9999999999960785,255,0,2,23
xgboost,lacuna,80,45,45,303,25,278,5,0.992,0.9583333333333333,1.0,0.9166666666666666,0.9565217391304348,0.9999999999955753,226,0,2,22
xgboost,lacuna,80,50,50,273,24,249,5,0.9955555555555555,0.9782608695652174,1.0,0.9565217391304348,0.9777777777777777,0.9999999999950495,202,0,1,22
xgboost,lacuna,80,55,55,248,20,228,5,0.9902439024390244,0.9473684210526316,1.0,0.8947368421052632,0.9444444444444444,0.9999999999946237,186,0,2,17
xgboost,lacuna,80,60,60,227,20,207,5,0.9945945945945946,0.9736842105263157,1.0,0.9473684210526315,0.972972972972973,0.9999999999939759,166,0,1,18
xgboost,lacuna,80,65,65,210,15,195,5,0.9942857142857143,0.9642857142857143,1.0,0.9285714285714286,0.9629629629629629,0.9999999999937889,161,0,1,13
xgboost,lacuna,80,70,70,195,16,179,5,0.9875,0.9333333333333333,1.0,0.8666666666666667,0.9285714285714286,0.9999999999931035,145,0,2,13
xgboost,lacuna,80,75,75,182,16,166,5,0.9866666666666667,0.9333333333333333,1.0,0.8666666666666667,0.9285714285714286,0.9999999999925927,135,0,2,13
xgboost,lacuna,80,80,80,171,13,158,5,1.0,1.0,1.0,1.0,1.0,0.9999999999921876,128,0,0,12
xgboost,lacuna,90,5,5,2719,240,2479,5,0.9977924944812362,0.9893162393162394,1.0,0.9786324786324786,0.9892008639308856,0.9999999999995076,2031,0,5,229
xgboost,lacuna,90,10,10,1360,119,1241,5,0.995575221238938,0.978448275862069,1.0,0.9568965517241379,0.9779735682819384,0.9999999999990138,1014,0,5,111
xgboost,lacuna,90,15,15,907,79,828,5,0.9933774834437086,0.9675324675324675,1.0,0.935064935064935,0.9664429530201343,0.9999999999985251,678,0,5,72
xgboost,lacuna,90,20,20,680,58,622,5,0.9946902654867257,0.9732142857142857,1.0,0.9464285714285714,0.9724770642201835,0.9999999999980353,509,0,3,53
xgboost,lacuna,90,25,25,544,50,494,5,0.9911111111111112,0.9583333333333333,1.0,0.9166666666666666,0.9565217391304348,0.9999999999975124,402,0,4,44
xgboost,lacuna,90,30,30,454,42,412,5,0.992,0.9634146341463414,1.0,0.926829268292683,0.9620253164556962,0.9999999999970061,334,0,3,38
xgboost,lacuna,90,35,35,389,35,354,5,0.9875,0.9411764705882353,1.0,0.8823529411764706,0.9375,0.9999999999965036,286,0,4,30
xgboost,lacuna,90,40,40,340,26,314,5,0.9892857142857143,0.94,1.0,0.88,0.9361702127659575,0.9999999999960785,255,0,3,22
xgboost,lacuna,90,45,45,303,28,275,5,0.988,0.9444444444444444,1.0,0.8888888888888888,0.9411764705882353,0.9999999999955157,223,0,3,24
xgboost,lacuna,90,50,50,272,25,247,5,0.9911111111111112,0.9583333333333333,1.0,0.9166666666666666,0.9565217391304348,0.999999999995025,201,0,2,22
xgboost,lacuna,90,55,55,248,24,224,5,0.975609756097561,0.8913043478260869,1.0,0.782608695652174,0.8780487804878049,0.9999999999945055,182,0,5,18
xgboost,lacuna,90,60,60,227,20,207,5,0.9837837837837838,0.9210526315789473,1.0,0.8421052631578947,0.9142857142857143,0.9999999999939759,166,0,3,16
xgboost,lacuna,90,65,65,210,16,194,5,0.9942857142857143,0.9666666666666667,1.0,0.9333333333333333,0.9655172413793104,0.9999999999937501,160,0,1,14
xgboost,lacuna,90,70,70,195,18,177,5,0.99375,0.9705882352941176,1.0,0.9411764705882353,0.9696969696969697,0.999999999993007,143,0,1,16
xgboost,lacuna,90,75,75,182,17,165,5,0.9866666666666667,0.9375,1.0,0.875,0.9333333333333333,0.9999999999925374,134,0,2,14
xgboost,lacuna,90,80,80,170,12,158,5,1.0,1.0,1.0,1.0,1.0,0.9999999999922481,129,0,0,11
xgboost,lacuna,90,85,85,160,13,147,5,0.9923076923076923,0.9583333333333333,1.0,0.9166666666666666,0.9565217391304348,0.9999999999915254,118,0,1,11
xgboost,lacuna,90,90,90,152,17,135,5,0.976,0.90625,1.0,0.8125,0.896551724137931,0.9999999999908257,109,0,3,13
xgboost,lacuna,100,5,5,2717,262,2455,5,0.9977876106194691,0.990234375,1.0,0.98046875,0.9901380670611439,0.999999999999501,2004,0,5,251
xgboost,lacuna,100,10,10,1359,130,1229,5,0.995575221238938,0.9803149606299213,1.0,0.9606299212598425,0.9799196787148594,0.999999999999003,1003,0,5,122
xgboost,lacuna,100,15,15,906,88,818,5,0.9933774834437086,0.9709302325581395,1.0,0.9418604651162791,0.9700598802395209,0.9999999999985052,669,0,5,81
xgboost,lacuna,100,20,20,680,69,611,5,0.9946902654867257,0.9776119402985075,1.0,0.9552238805970149,0.9770992366412213,0.9999999999979919,498,0,3,64
xgboost,lacuna,100,25,25,544,51,493,5,0.9955555555555555,0.9795918367346939,1.0,0.9591836734693877,0.9791666666666666,0.9999999999975062,401,0,2,47
xgboost,lacuna,100,30,30,453,46,407,5,0.9946666666666667,0.9777777777777779,1.0,0.9555555555555556,0.9772727272727273,0.9999999999969698,330,0,2,43
xgboost,lacuna,100,35,35,389,38,351,5,0.99375,0.972972972972973,1.0,0.9459459459459459,0.9722222222222222,0.9999999999964665,283,0,2,35
xgboost,lacuna,100,40,40,340,35,305,5,0.9892857142857143,0.9558823529411764,1.0,0.9117647058823529,0.9538461538461539,0.999999999995935,246,0,3,31
xgboost,lacuna,100,45,45,302,29,273,5,0.992,0.9642857142857143,1.0,0.9285714285714286,0.9629629629629629,0.9999999999954955,222,0,2,26
xgboost,lacuna,100,50,50,272,26,246,5,0.9911111111111112,0.96,1.0,0.92,0.9583333333333334,0.999999999995,200,0,2,23
xgboost,lacuna,100,55,55,247,24,223,5,0.9853658536585366,0.9347826086956521,1.0,0.8695652173913043,0.9302325581395349,0.9999999999945055,182,0,3,20
xgboost,lacuna,100,60,60,227,24,203,5,0.9891891891891892,0.9565217391304348,1.0,0.9130434782608695,0.9545454545454546,0.9999999999938273,162,0,2,21
xgboost,lacuna,100,65,65,209,18,191,5,0.9882352941176471,0.9411764705882353,1.0,0.8823529411764706,0.9375,0.9999999999934641,153,0,2,15
xgboost,lacuna,100,70,70,195,19,176,5,0.9875,0.9444444444444444,1.0,0.8888888888888888,0.9411764705882353,0.9999999999929579,142,0,2,16
xgboost,lacuna,100,75,75,182,18,164,5,0.9866666666666667,0.9411764705882353,1.0,0.8823529411764706,0.9375,0.9999999999924812,133,0,2,15
xgboost,lacuna,100,80,80,170,15,155,5,0.9928571428571429,0.9642857142857143,1.0,0.9285714285714286,0.9629629629629629,0.9999999999920635,126,0,1,13
xgboost,lacuna,100,85,85,160,15,145,5,0.9923076923076923,0.9642857142857143,1.0,0.9285714285714286,0.9629629629629629,0.9999999999913792,116,0,1,13
xgboost,lacuna,100,90,90,151,17,134,5,0.992,0.96875,1.0,0.9375,0.967741935483871,0.9999999999908257,109,0,1,15
xgboost,lacuna,100,95,95,143,14,129,5,0.9826086956521739,0.9230769230769231,1.0,0.8461538461538461,0.9166666666666666,0.9999999999901961,102,0,2,11
xgboost,lacuna,100,100,100,136,12,124,5,1.0,1.0,1.0,1.0,1.0,0.999999999989899,99,0,0,11
xgboost,oscilacao,20,5,5,2733,136,2597,5,0.9753846153846154,0.9737580611787426,0.6624203821656051,0.9719626168224299,0.7878787878787878,0.9755535055346054,2115,53,3,104
xgboost,oscilacao,20,10,10,1367,68,1299,5,0.9779735682819384,0.9884366327474561,0.6835443037974683,1.0,0.8120300751879699,0.9768732654940084,1056,25,0,54
xgboost,oscilacao,20,15,15,911,45,866,5,0.9867549668874173,0.9658730158730159,0.8048780487804879,0.9428571428571428,0.868421052631579,0.9888888888875155,712,8,2,33
xgboost,oscilacao,20,20,20,684,29,655,5,0.9912280701754386,0.9537795087830856,0.875,0.9130434782608695,0.8936170212765957,0.9945155393034836,544,3,2,21
xgboost,oscilacao,30,5,5,2731,164,2567,5,0.9701098901098901,0.9695846608436824,0.6613756613756614,0.9689922480620154,0.7861635220125787,0.9701770736248974,2082,64,4,125
xgboost,oscilacao,30,10,10,1366,82,1284,5,0.9726872246696036,0.9855140186915887,0.6770833333333334,1.0,0.8074534161490683,0.9710280373822701,1039,31,0,65
xgboost,oscilacao,30,15,15,911,53,858,5,0.9933774834437086,0.9740866893742068,0.9302325581395349,0.9523809523809523,0.9411764705882353,0.9957924263660648,710,3,2,40
xgboost,oscilacao,30,20,20,683,41,642,5,0.9858407079646018,0.9782695374800638,0.8205128205128205,0.9696969696969697,0.8888888888888888,0.9868421052613029,525,7,1,32
xgboost,oscilacao,30,25,25,547,38,509,5,0.9824175824175824,0.9756162507608035,0.8108108108108109,0.967741935483871,0.8823529411764706,0.9834905660354163,417,7,1,30
xgboost,oscilacao,30,30,30,456,26,430,5,0.9842105263157894,0.9468099217402839,0.8260869565217391,0.9047619047619048,0.8636363636363636,0.9888579387159085,355,4,2,19
xgboost,oscilacao,40,5,5,2729,190,2539,5,0.9643171806167401,0.9685062893081762,0.6547085201793722,0.9733333333333334,0.7828418230563002,0.9636792452825643,2043,77,4,146
xgboost,oscilacao,40,10,10,1365,96,1269,5,0.9647577092511013,0.9566870433875055,0.6666666666666666,0.9473684210526315,0.782608695652174,0.9660056657214674,1023,36,4,72
xgboost,oscilacao,40,15,15,910,65,845,5,0.9801324503311258,0.9529718137254901,0.8103448275862069,0.9215686274509803,0.8623853211009175,0.9843749999986018,693,11,4,47
xgboost,oscilacao,40,20,20,683,43,640,5,0.9858407079646018,0.9374099922454857,0.8823529411764706,0.8823529411764706,0.8823529411764706,0.9924670433126319,527,4,4,30
xgboost,oscilacao,40,25,25,546,40,506,5,0.967032967032967,0.9533835697399526,0.6976744186046512,0.9375,0.8,0.969267139477614,410,13,2,30
xgboost,oscilacao,40,30,30,455,30,425,5,0.968,0.9052706552706553,0.7142857142857143,0.8333333333333334,0.7692307692307693,0.9772079772051931,343,8,4,20
xgboost,oscilacao,40,35,35,390,27,363,5,0.9753846153846154,0.9203477443609023,0.782608695652174,0.8571428571428571,0.8181818181818182,0.983552631575712,299,5,3,18
xgboost,oscilacao,40,40,40,342,26,316,5,0.9614035087719298,0.891504329004329,0.7083333333333334,0.8095238095238095,0.7555555555555555,0.9734848484811611,257,7,4,17
xgboost,oscilacao,50,5,5,2727,214,2513,5,0.9621145374449339,0.9687114845938376,0.6693548387096774,0.9764705882352941,0.7942583732057417,0.9609523809519234,2018,82,4,166
xgboost,oscilacao,50,10,10,1364,108,1256,5,0.9541850220264317,0.9218413993393486,0.6440677966101694,0.8837209302325582,0.7450980392156863,0.959961868445224,1007,42,10,76
xgboost,oscilacao,50,15,15,909,71,838,5,0.9841059602649007,0.9749897813202535,0.84375,0.9642857142857143,0.9,0.9856938483533825,689,10,2,54
xgboost,oscilacao,50,20,20,682,54,628,5,0.9787610619469026,0.9778356945558229,0.7924528301886793,0.9767441860465116,0.875,0.9789272030632588,511,11,1,42
xgboost,oscilacao,50,25,25,546,46,500,5,0.978021978021978,0.938768912453123,0.8461538461538461,0.8918918918918919,0.868421052631579,0.9856459330119961,412,6,4,33
xgboost,oscilacao,50,30,30,455,34,421,5,0.984,0.9914040114613181,0.8125,1.0,0.896551724137931,0.9828080229198201,343,6,0,26
xgboost,oscilacao,50,35,35,390,30,360,5,0.9569230769230769,0.9000553709856036,0.6666666666666666,0.8333333333333334,0.7407407407407407,0.9667774086346619,291,10,4,20
xgboost,oscilacao,50,40,40,341,27,314,5,0.9714285714285714,0.8923076923076924,0.8,0.8,0.8,0.9846153846115977,256,4,4,16
xgboost,oscilacao,50,45,45,303,25,278,5,0.988,0.9935064935064934,0.8636363636363636,1.0,0.926829268292683,0.9870129870087143,228,3,0,19
xgboost,oscilacao,50,50,50,273,25,248,5,0.9911111111111112,0.9951456310679612,0.9047619047619048,1.0,0.95,0.9902912621311152,204,2,0,19
xgboost,oscilacao,60,5,5,2725,238,2487,5,0.960352422907489,0.9688006072874494,0.6838235294117647,0.9789473684210527,0.8051948051948052,0.9586538461533852,1994,86,4,186
xgboost,oscilacao,60,10,10,1363,120,1243,5,0.958590308370044,0.949019489894129,0.6870229007633588,0.9375,0.7929515418502202,0.9605389797873335,998,41,6,90
xgboost,oscilacao,60,15,15,909,79,830,5,0.9880794701986755,0.979069180658776,0.8970588235294118,0.9682539682539683,0.9312977099236641,0.9898843930621534,685,7,2,61
xgboost,oscilacao,60,20,20,682,55,627,5,0.9805309734513274,0.9478276042575466,0.851063829787234,0.9090909090909091,0.8791208791208791,0.9865642994222907,514,7,4,40
xgboost,oscilacao,60,25,25,545,51,494,5,0.98,0.967052298884847,0.8478260869565217,0.9512195121951219,0.896551724137931,0.982885085572169,402,7,2,39
xgboost,oscilacao,60,30,30,455,40,415,5,0.9813333333333333,0.9751500375093773,0.8333333333333334,0.967741935483871,0.8955223880597015,0.9825581395320275,338,6,1,30
xgboost,oscilacao,60,35,35,390,34,356,5,0.9538461538461539,0.9411508824260502,0.6578947368421053,0.9259259259259259,0.7692307692307693,0.9563758389229652,285,13,2,25
xgboost,oscilacao,60,40,40,341,28,313,5,0.9785714285714285,0.9192307692307693,0.85,0.85,0.85,0.9884615384577368,257,3,3,17
xgboost,oscilacao,60,45,45,303,27,276,5,0.988,0.9934497816593886,0.875,1.0,0.9333333333333333,0.9868995633144677,226,3,0,21
xgboost,oscilacao,60,50,50,273,26,247,5,0.9511111111111111,0.9280487804878048,0.6666666666666666,0.9,0.7659574468085106,0.9560975609709459,196,9,2,18
xgboost,oscilacao,60,55,55,248,25,223,5,0.9512195121951219,0.9258630447085456,0.68,0.8947368421052632,0.7727272727272727,0.9569892473066829,178,8,2,17
xgboost,oscilacao,60,60,60,228,17,211,5,0.9631578947368421,0.9445893089960886,0.6666666666666666,0.9230769230769231,0.7741935483870968,0.9661016949097961,171,6,1,12
xgboost,oscilacao,70,5,5,2723,262,2461,5,0.9562913907284768,0.9673618352450468,0.6843853820598007,0.9809523809523809,0.8062622309197651,0.9537712895372488,1960,95,4,206
xgboost,oscilacao,70,10,10,1362,132,1230,5,0.9577092511013215,0.9639831673909456,0.6959459459459459,0.9716981132075472,0.8110236220472441,0.9562682215734147,984,45,3,103
xgboost,oscilacao,70,15,15,908,89,819,5,0.9708609271523179,0.9586730911786508,0.788235294117647,0.9436619718309859,0.8589743589743589,0.9736842105248923,666,18,4,67
xgboost,oscilacao,70,20,20,681,66,615,5,0.9699115044247788,0.9495688384433962,0.7903225806451613,0.9245283018867925,0.8521739130434782,0.9746093749980965,499,13,4,49
xgboost,oscilacao,70,25,25,545,53,492,5,0.9755555555555555,0.9865525672371638,0.7884615384615384,1.0,0.8817204301075269,0.9731051344719485,398,11,0,41
xgboost,oscilacao,70,30,30,454,42,412,5,0.9573333333333334,0.9368207693634638,0.7045454545454546,0.9117647058823529,0.7948717948717948,0.9618768328417541,328,13,3,31
xgboost,oscilacao,70,35,35,389,39,350,5,0.971875,0.9690129162223012,0.7777777777777778,0.9655172413793104,0.8615384615384616,0.9725085910619502,283,8,1,28
xgboost,oscilacao,70,40,40,341,38,303,5,0.9678571428571429,0.9668223657095756,0.7777777777777778,0.9655172413793104,0.8615384615384616,0.9681274900359836,243,8,1,28
xgboost,oscilacao,70,45,45,303,32,271,5,0.964,0.9428466076696165,0.7586206896551724,0.9166666666666666,0.8301886792452831,0.9690265486682786,219,7,2,22
xgboost,oscilacao,70,50,50,273,27,246,5,0.9822222222222222,0.9451219512195121,0.9,0.9,0.9,0.990243902434194,203,2,2,18
xgboost,oscilacao,70,55,55,248,25,223,5,0.9512195121951219,0.949490662139219,0.6666666666666666,0.9473684210526315,0.782608695652174,0.9516129032206903,177,9,1,18
xgboost,oscilacao,70,60,60,227,19,208,5,0.9513513513513514,0.9081035923141185,0.631578947368421,0.8571428571428571,0.7272727272727273,0.9590643274797717,164,7,2,12
xgboost,oscilacao,70,65,65,210,21,189,5,0.9485714285714286,0.9190245718540581,0.6818181818181818,0.8823529411764706,0.7692307692307693,0.955696202525597,151,7,2,15
xgboost,oscilacao,70,70,70,195,19,176,5,0.95625,0.976027397260274,0.6666666666666666,1.0,0.8,0.9520547945140271,139,7,0,14
xgboost,oscilacao,80,5,5,2721,286,2435,5,0.9532008830022075,0.9662429227646618,0.6890243902439024,0.9826086956521739,0.8100358422939068,0.9498771498766831,1933,102,4,226
xgboost,oscilacao,80,10,10,1361,144,1217,5,0.9530973451327434,0.9624141331701013,0.6932515337423313,0.9741379310344828,0.8100358422939068,0.9506903353047824,964,50,3,113
xgboost,oscilacao,80,15,15,907,95,812,5,0.976158940397351,0.9750600728625688,0.8222222222222222,0.9736842105263158,0.891566265060241,0.9764359351973838,663,16,2,74
xgboost,oscilacao,80,20,20,681,67,614,5,0.9769911504424779,0.9541567007320432,0.847457627118644,0.9259259259259259,0.8849557522123894,0.9823874755362381,502,9,4,50
xgboost,oscilacao,80,25,25,545,64,481,5,0.9711111111111111,0.9751584844464101,0.8064516129032258,0.9803921568627451,0.8849557522123894,0.9699248120276444,387,12,1,50
xgboost,oscilacao,80,30,30,454,46,408,5,0.9786666666666667,0.9882005899705015,0.8181818181818182,1.0,0.9,0.9764011799381227,331,8,0,36
xgboost,oscilacao,80,35,35,389,41,348,5,0.975,0.9573613126465007,0.8285714285714286,0.9354838709677419,0.8787878787878788,0.9792387543218711,283,6,2,29
xgboost,oscilacao,80,40,40,341,38,303,5,0.9428571428571428,0.9071301002885012,0.6756756756756757,0.8620689655172413,0.7575757575757576,0.9521912350559674,239,12,4,25
xgboost,oscilacao,80,45,45,303,35,268,5,0.984,0.9910714285714286,0.8666666666666667,1.0,0.9285714285714286,0.9821428571384726,220,4,0,26
xgboost,oscilacao,80,50,50,273,37,236,5,0.9822222222222222,0.9897959183673469,0.8787878787878788,1.0,0.9354838709677419,0.979591836729696,192,4,0,29
xgboost,oscilacao,80,55,55,248,27,221,5,0.9804878048780488,0.9680383022774327,0.8695652173913043,0.9523809523809523,0.9090909090909091,0.9836956521685669,181,3,1,20
xgboost,oscilacao,80,60,60,227,20,207,5,0.9675675675675676,0.9824561403508771,0.7,1.0,0.8235294117647058,0.9649122806961117,165,6,0,14
xgboost,oscilacao,80,65,65,210,23,187,5,0.9428571428571428,0.89861673414305,0.6956521739130435,0.8421052631578947,0.7619047619047619,0.9551282051220826,149,7,3,16
xgboost,oscilacao,80,70,70,195,20,175,5,0.95625,0.9758620689655173,0.6818181818181818,1.0,0.8108108108108109,0.951724137924471,138,7,0,15
xgboost,oscilacao,80,75,75,182,21,161,5,0.9666666666666667,0.9813432835820896,0.7619047619047619,1.0,0.8648648648648649,0.962686567156995,129,5,0,16
xgboost,oscilacao,80,80,80,171,14,157,5,0.9642857142857143,0.9346153846153846,0.6923076923076923,0.9,0.782608695652174,0.9692307692233136,126,4,1,9
xgboost,oscilacao,90,5,5,2719,310,2409,5,0.9483443708609272,0.9639602977667494,0.6852367688022284,0.984,0.8078817733990148,0.9439205955330303,1902,113,4,246
xgboost,oscilacao,90,10,10,1360,156,1204,5,0.9460176991150443,0.9418595459432113,0.6900584795321637,0.9365079365079365,0.7946127946127947,0.9472111553775426,951,53,8,118
xgboost,oscilacao,90,15,15,907,103,804,5,0.9814569536423841,0.9790232358003442,0.8709677419354839,0.9759036144578314,0.9204545454545454,0.9821428571413956,660,12,2,81
xgboost,oscilacao,90,20,20,680,78,602,5,0.968141592920354,0.9473692531461455,0.8169014084507042,0.9206349206349206,0.8656716417910447,0.9741035856554301,489,13,5,58
xgboost,oscilacao,90,25,25,544,64,480,5,0.9777777777777777,0.987468671679198,0.8360655737704918,1.0,0.9107142857142857,0.9749373433559526,389,10,0,51
xgboost,oscilacao,90,30,30,454,52,402,5,0.976,0.9758288301445889,0.8333333333333334,0.975609756097561,0.898876404494382,0.9760479041886945,326,8,1,40
xgboost,oscilacao,90,35,35,389,43,346,5,0.96875,0.9289409777214654,0.8285714285714286,0.8787878787878788,0.8529411764705882,0.9790940766516408,281,6,4,29
xgboost,oscilacao,90,40,40,340,39,301,5,0.9642857142857143,0.9213333333333333,0.8125,0.8666666666666667,0.8387096774193549,0.975999999996096,244,6,4,26
xgboost,oscilacao,90,45,45,303,37,266,5,0.98,0.9887387387387387,0.8484848484848485,1.0,0.9180327868852459,0.9774774774730745,217,5,0,28
xgboost,oscilacao,90,50,50,272,36,236,5,0.9866666666666667,0.9923469387755102,0.90625,1.0,0.9508196721311475,0.9846938775459965,193,3,0,29
xgboost,oscilacao,90,55,55,248,28,220,5,0.9853658536585366,0.9918032786885246,0.88,1.0,0.9361702127659575,0.9836065573716744,180,3,0,22
xgboost,oscilacao,90,60,60,227,26,201,5,0.9783783783783784,0.9879518072289157,0.8260869565217391,1.0,0.9047619047619048,0.9759036144519524,162,4,0,19
xgboost,oscilacao,90,65,65,210,25,185,5,0.9771428571428571,0.9870967741935484,0.8333333333333334,1.0,0.9090909090909091,0.9741935483808117,151,4,0,20
xgboost,oscilacao,90,70,70,195,21,174,5,0.98125,0.9895833333333333,0.8421052631578947,1.0,0.9142857142857143,0.979166666659867,141,3,0,16
xgboost,oscilacao,90,75,75,182,22,160,5,0.9733333333333334,0.9850746268656716,0.8,1.0,0.8888888888888888,0.9701492537241034,130,4,0,16
xgboost,oscilacao,90,80,80,170,14,156,5,0.95,0.8897110641296688,0.6428571428571429,0.8181818181818182,0.72,0.9612403100700679,124,5,2,9
xgboost,oscilacao,90,85,85,160,18,142,5,0.9692307692307692,0.9487179487179487,0.8,0.9230769230769231,0.8571428571428571,0.9743589743506464,114,3,1,12
xgboost,oscilacao,90,90,90,152,18,134,5,0.968,0.9507722007722008,0.8125,0.9285714285714286,0.8666666666666667,0.9729729729642074,108,3,1,13
xgboost,oscilacao,100,5,5,2717,334,2383,5,0.9442477876106194,0.9603387306904895,0.6865284974093264,0.9814814814814815,0.8079268292682927,0.9391959798990255,1869,121,5,265
xgboost,oscilacao,100,10,10,1359,168,1191,5,0.9424778761061947,0.9419162031009587,0.6918918918918919,0.9411764705882353,0.7975077881619937,0.9426559356127338,937,57,8,128
xgboost,oscilacao,100,15,15,906,113,793,5,0.9708609271523179,0.9644677611545082,0.8285714285714286,0.9560439560439561,0.8877551020408163,0.9728915662635951,646,18,4,87
xgboost,oscilacao,100,20,20,680,79,601,5,0.9734513274336283,0.9577719560878244,0.8450704225352113,0.9375,0.8888888888888888,0.9780439121736966,490,11,4,60
xgboost,oscilacao,100,25,25,544,70,474,5,0.9666666666666667,0.9426667875271937,0.8360655737704918,0.9107142857142857,0.8717948717948718,0.9746192893376279,384,10,5,51
xgboost,oscilacao,100,30,30,453,54,399,5,0.9733333333333334,0.9553350727822026,0.8541666666666666,0.9318181818181818,0.8913043478260869,0.9788519637432663,324,7,3,41
xgboost,oscilacao,100,35,35,389,48,341,5,0.965625,0.9335784547798682,0.825,0.8918918918918919,0.8571428571428571,0.9752650176643984,276,7,4,33
xgboost,oscilacao,100,40,40,340,40,300,5,0.9714285714285714,0.94,0.84375,0.9,0.8709677419354839,0.97999999999608,245,5,3,27
xgboost,oscilacao,100,45,45,302,38,264,5,0.98,0.9886363636363636,0.8571428571428571,1.0,0.9230769230769231,0.9772727272682852,215,5,0,30
xgboost,oscilacao,100,50,50,272,37,235,5,0.9777777777777777,0.9725545390570021,0.875,0.9655172413793104,0.9180327868852459,0.979591836729696,192,4,1,28
xgboost,oscilacao,100,55,55,247,31,216,5,0.9707317073170731,0.9661111111111111,0.8275862068965517,0.96,0.8888888888888888,0.9722222222168211,175,5,1,24
xgboost,oscilacao,100,60,60,227,26,201,5,0.972972972972973,0.9616360177552314,0.8181818181818182,0.9473684210526315,0.8780487804878049,0.9759036144519524,162,4,1,18
xgboost,oscilacao,100,65,65,209,24,185,5,0.9764705882352941,0.9869281045751634,0.8095238095238095,1.0,0.8947368421052632,0.9738562091439618,149,4,0,17
xgboost,oscilacao,100,70,70,195,23,172,5,0.9625,0.9303599374021909,0.8,0.8888888888888888,0.8421052631578947,0.9718309859086491,138,4,2,16
xgboost,oscilacao,100,75,75,182,25,157,5,0.9533333333333334,0.9507834471675372,0.75,0.9473684210526315,0.8372093023255814,0.9541984732751588,125,6,1,18
xgboost,oscilacao,100,80,80,170,15,155,5,0.9785714285714285,0.9883720930232558,0.7857142857142857,1.0,0.88,0.9767441860389401,126,3,0,11
xgboost,oscilacao,100,85,85,160,18,142,5,0.9692307692307692,0.982905982905983,0.7647058823529411,1.0,0.8666666666666667,0.965811965803711,113,4,0,13
xgboost,oscilacao,100,90,90,151,17,134,5,0.936,0.8703346203346203,0.6875,0.7857142857142857,0.7333333333333333,0.9549549549463517,106,5,3,11
xgboost,oscilacao,100,95,95,143,18,125,5,0.9652173913043478,0.9468325791855203,0.8,0.9230769230769231,0.8571428571428571,0.970588235284602,99,3,1,12
xgboost,oscilacao,100,100,100,136,13,123,5,0.9727272727272728,0.9345434543454345,0.8,0.8888888888888888,0.8421052631578947,0.9801980197922753,99,2,1,8
xgboost,queda,20,5,5,2733,72,2661,5,0.9938461538461538,0.9351516978099257,0.9016393442622951,0.873015873015873,0.8870967741935484,0.9972875226035275,2206,6,8,55
xgboost,queda,20,10,10,1367,37,1330,5,0.9938325991189427,0.9209683816863101,0.9310344827586207,0.84375,0.8852459016393442,0.9981867633717152,1101,2,5,27
xgboost,queda,20,15,15,911,24,887,5,0.9933774834437086,0.904080705851823,0.9444444444444444,0.8095238095238095,0.8717948717948718,0.998637602178476,733,1,4,17
xgboost,queda,20,20,20,684,18,666,5,0.956140350877193,0.945045045045045,0.3684210526315789,0.9333333333333333,0.5283018867924528,0.9567567567550329,531,24,1,14
xgboost,queda,30,5,5,2731,94,2637,5,0.9863736263736264,0.940764884354938,0.7708333333333334,0.891566265060241,0.8268156424581006,0.9899635036491834,2170,22,9,74
xgboost,queda,30,10,10,1366,48,1318,5,0.9859030837004406,0.9239968631551432,0.782608695652174,0.8571428571428571,0.8181818181818182,0.9908508691665225,1083,10,6,36
xgboost,queda,30,15,15,911,32,879,5,0.9841059602649007,0.9402387502456279,0.7352941176470589,0.8928571428571429,0.8064516129032258,0.9876203576327544,718,9,3,25
xgboost,queda,30,20,20,683,24,659,5,0.9752212389380531,0.9184611344537814,0.6206896551724138,0.8571428571428571,0.72,0.9797794117629048,533,11,3,18
xgboost,queda,30,25,25,547,21,526,5,0.978021978021978,0.9352911263666412,0.6666666666666666,0.8888888888888888,0.7619047619047619,0.9816933638421472,429,8,2,16
xgboost,queda,30,30,30,456,14,442,5,0.9657894736842105,0.9017210144927537,0.47619047619047616,0.8333333333333334,0.6060606060606061,0.9701086956495377,357,11,2,10
xgboost,queda,40,5,5,2729,116,2613,5,0.9806167400881057,0.9389877285496033,0.736,0.8932038834951457,0.8070175438596491,0.9847715736036065,2134,33,11,92
xgboost,queda,40,10,10,1365,59,1306,5,0.9797356828193833,0.9253054194189929,0.7377049180327869,0.8653846153846154,0.7964601769911505,0.9852262234524606,1067,16,7,45
xgboost,queda,40,15,15,910,41,869,5,0.9801324503311258,0.9236014526348324,0.7560975609756098,0.8611111111111112,0.8051948051948052,0.9860917941571821,709,10,5,31
xgboost,queda,40,20,20,683,29,654,5,0.9823008849557522,0.9525925925925927,0.7419354838709677,0.92,0.8214285714285714,0.9851851851833607,532,8,2,23
xgboost,queda,40,25,25,546,23,523,5,0.9868131868131869,0.921551724137931,0.85,0.85,0.85,0.9931034482735791,432,3,3,17
xgboost,queda,40,30,30,455,19,436,5,0.9733333333333334,0.9263579387186629,0.6363636363636364,0.875,0.7368421052631579,0.9777158774346025,351,8,2,14
xgboost,queda,40,35,35,390,16,374,5,0.8953846153846153,0.877124483233808,0.2727272727272727,0.8571428571428571,0.41379310344827586,0.8971061093218743,279,32,2,12
xgboost,queda,40,40,40,342,14,328,5,0.9122807017543859,0.8745421245421245,0.30303030303030304,0.8333333333333334,0.4444444444444444,0.9157509157475614,250,23,2,10
xgboost,queda,50,5,5,2727,138,2589,5,0.9784140969162995,0.9311063650925284,0.7605633802816901,0.8780487804878049,0.8150943396226416,0.9841639496967935,2113,34,15,108
xgboost,queda,50,10,10,1364,70,1294,5,0.9779735682819384,0.9275621561494753,0.7605633802816901,0.8709677419354839,0.8120300751879699,0.9841565703625498,1056,17,8,54
xgboost,queda,50,15,15,909,46,863,5,0.9814569536423841,0.9212270273963243,0.813953488372093,0.8536585365853658,0.8333333333333334,0.9887955182058981,706,8,6,35
xgboost,queda,50,20,20,682,35,647,5,0.9876106194690265,0.963060287543796,0.8529411764705882,0.9354838709677419,0.8923076923076924,0.9906367041179951,529,5,2,29
xgboost,queda,50,25,25,546,30,516,5,0.9846153846153847,0.9376456876456876,0.8518518518518519,0.8846153846153846,0.8679245283018868,0.9906759906736814,425,4,3,23
xgboost,queda,50,30,30,455,24,431,5,0.968,0.9382566585956417,0.6551724137931034,0.9047619047619048,0.76,0.9717514124266335,344,10,2,19
xgboost,queda,50,35,35,390,20,370,5,0.9569230769230769,0.89390756302521,0.56,0.8235294117647058,0.6666666666666666,0.9642857142825835,297,11,3,14
xgboost,queda,50,40,40,341,16,325,5,0.9642857142857143,0.9135338345864661,0.6,0.8571428571428571,0.7058823529411765,0.9699248120264289,258,8,2,12
xgboost,queda,50,45,45,303,15,288,5,0.94,0.9320025965595586,0.46153846153846156,0.9230769230769231,0.6153846153846154,0.940928270038224,223,14,1,12
xgboost,queda,50,50,50,273,13,260,5,0.9466666666666667,0.842608326253186,0.47058823529411764,0.7272727272727273,0.5714285714285714,0.9579439252291685,205,9,3,8
xgboost,queda,60,5,5,2725,160,2565,5,0.9770925110132158,0.92907045939486,0.7861635220125787,0.8741258741258742,0.8278145695364238,0.9840150446633832,2093,34,18,125
xgboost,queda,60,10,10,1363,81,1282,5,0.9770925110132158,0.9295037629350893,0.7875,0.875,0.8289473684210527,0.9840075258692531,1046,17,9,63
xgboost,queda,60,15,15,909,54,855,5,0.976158940397351,0.9387228901461575,0.7678571428571429,0.8958333333333334,0.8269230769230769,0.9816124469575932,694,13,5,43
xgboost,queda,60,20,20,682,40,642,5,0.984070796460177,0.9381401617250673,0.8611111111111112,0.8857142857142857,0.8732394366197183,0.9905660377339801,525,5,4,31
xgboost,queda,60,25,25,545,33,512,5,0.9755555555555555,0.9708821361290851,0.7368421052631579,0.9655172413793104,0.835820895522388,0.976247030876541,411,10,1,28
xgboost,queda,60,30,30,455,25,430,5,0.976,0.880697913984033,0.8095238095238095,0.7727272727272727,0.7906976744186046,0.9886685552379925,349,4,5,17
xgboost,queda,60,35,35,390,24,366,5,0.9876923076923076,0.9712562656641603,0.8695652173913043,0.9523809523809523,0.9090909090909091,0.9901315789441114,301,3,1,20
xgboost,queda,60,40,40,341,20,321,5,0.9714285714285714,0.9297696264817714,0.7142857142857143,0.8823529411764706,0.7894736842105263,0.9771863117833568,257,6,2,15
xgboost,queda,60,45,45,303,19,284,5,0.936,0.9075854700854701,0.5,0.875,0.6363636363636364,0.9401709401669224,220,14,2,14
xgboost,queda,60,50,50,273,17,256,5,0.9555555555555556,0.8523809523809524,0.6470588235294118,0.7333333333333333,0.6875,0.9714285714239457,204,6,4,11
xgboost,queda,60,55,55,248,15,233,5,0.9853658536585366,0.9531519861830742,0.8461538461538461,0.9166666666666666,0.88,0.9896373056943543,191,2,1,11
xgboost,queda,60,60,60,228,13,215,5,0.9789473684210527,0.9461655662772981,0.7692307692307693,0.9090909090909091,0.8333333333333334,0.9832402234581943,176,3,1,10
xgboost,queda,70,5,5,2723,182,2541,5,0.97439293598234,0.9296112962822436,0.7900552486187845,0.8773006134969326,0.8313953488372093,0.9819219790670876,2064,38,20,143
xgboost,queda,70,10,10,1362,92,1270,5,0.9753303964757709,0.9304773816968939,0.8,0.8780487804878049,0.8372093023255814,0.9829059829050495,1035,18,10,72
xgboost,queda,70,15,15,908,63,845,5,0.976158940397351,0.9214183527488249,0.8275862068965517,0.8571428571428571,0.8421052631578947,0.9856938483533825,689,10,8,48
xgboost,queda,70,20,20,681,46,635,5,0.9823008849557522,0.9792170917892384,0.8163265306122449,0.975609756097561,0.8888888888888888,0.9828244274790404,515,9,1,40
xgboost,queda,70,25,25,545,39,506,5,0.9866666666666667,0.9522765837104072,0.9117647058823529,0.9117647058823529,0.9117647058823529,0.992788461536075,413,3,3,31
xgboost,queda,70,30,30,454,30,424,5,0.9866666666666667,0.9394423627947983,0.92,0.8846153846153846,0.9019607843137255,0.9942693409713631,347,2,3,23
xgboost,queda,70,35,35,389,26,363,5,0.98125,0.9297321036451471,0.8695652173913043,0.8695652173913043,0.8695652173913043,0.9898989898956569,294,3,3,20
xgboost,queda,70,40,40,341,24,317,5,0.9857142857142858,0.9703989703989704,0.8695652173913043,0.9523809523809523,0.9090909090909091,0.9884169884131722,256,3,1,20
xgboost,queda,70,45,45,303,21,282,5,0.984,0.9145114942528736,0.9375,0.8333333333333334,0.8823529411764706,0.995689655168122,231,1,3,15
xgboost,queda,70,50,50,273,23,250,5,0.9777777777777777,0.9426829268292682,0.8571428571428571,0.9,0.8780487804878049,0.98536585365373,202,3,2,18
xgboost,queda,70,55,55,248,17,231,5,0.975609756097561,0.9207180254300673,0.8,0.8571428571428571,0.8275862068965517,0.9842931937121242,188,3,2,12
xgboost,queda,70,60,60,227,15,212,5,0.9837837837837838,0.9557245080500895,0.8571428571428571,0.9230769230769231,0.8888888888888888,0.9883720930175095,170,2,1,12
xgboost,queda,70,65,65,210,14,196,5,0.9714285714285714,0.8302658486707566,0.8888888888888888,0.6666666666666666,0.7619047619047619,0.9938650306687493,162,1,4,8
xgboost,queda,70,70,70,195,14,181,5,0.98125,0.875,1.0,0.75,0.8571428571428571,0.9999999999932433,148,0,3,9
xgboost,queda,80,5,5,2721,204,2517,5,0.9726269315673289,0.9302845624478355,0.8009950248756219,0.8797814207650273,0.8385416666666666,0.9807877041301726,2042,40,22,161
xgboost,queda,80,10,10,1361,103,1258,5,0.9725663716814159,0.9305834799363324,0.801980198019802,0.8804347826086957,0.8393782383419689,0.9807321772630243,1018,20,11,81
xgboost,queda,80,15,15,907,68,839,5,0.9708609271523179,0.9617210752586574,0.7532467532467533,0.9508196721311475,0.8405797101449275,0.9726224783847657,675,19,3,58
xgboost,queda,80,20,20,681,51,630,5,0.9805309734513274,0.9386752136752137,0.8695652173913043,0.8888888888888888,0.8791208791208791,0.9884615384596376,514,6,5,40
xgboost,queda,80,25,25,545,43,502,5,0.9577777777777777,0.9411088400613183,0.6862745098039216,0.9210526315789473,0.7865168539325843,0.9611650485413564,396,16,3,35
xgboost,queda,80,30,30,454,35,419,5,0.9786666666666667,0.9736965491372843,0.8108108108108109,0.967741935483871,0.8823529411764706,0.9796511627878499,337,7,1,30
xgboost,queda,80,35,35,389,29,360,5,0.975,0.8987441130298273,0.875,0.8076923076923077,0.84,0.9897959183639803,291,3,5,21
xgboost,queda,80,40,40,341,25,316,5,0.9785714285714285,0.8844256518675123,0.9444444444444444,0.7727272727272727,0.85,0.996124031003891,257,1,5,17
xgboost,queda,80,45,45,303,24,279,5,0.972,0.8982116864212935,0.85,0.8095238095238095,0.8292682926829268,0.9868995633144677,226,3,4,17
xgboost,queda,80,50,50,273,24,249,5,0.9688888888888889,0.9401260504201681,0.7916666666666666,0.9047619047619048,0.8444444444444444,0.9754901960736496,199,5,2,19
xgboost,queda,80,55,55,248,21,227,5,0.975609756097561,0.9615270350564469,0.8095238095238095,0.9444444444444444,0.8717948717948718,0.9786096256632161,183,4,1,17
xgboost,queda,80,60,60,227,17,210,5,0.9891891891891892,0.9637254901960784,0.9333333333333333,0.9333333333333333,0.9333333333333333,0.9941176470529759,169,1,1,14
xgboost,queda,80,65,65,210,15,195,5,0.9657142857142857,0.8046058879392213,0.8888888888888888,0.6153846153846154,0.7272727272727273,0.9938271604876925,161,1,5,8
xgboost,queda,80,70,70,195,16,179,5,0.96875,0.8860078277886496,0.8461538461538461,0.7857142857142857,0.8148148148148148,0.9863013698562583,144,2,3,11
xgboost,queda,80,75,75,182,15,167,5,0.9733333333333334,0.9855072463768115,0.75,1.0,0.8571428571428571,0.9710144927465869,134,4,0,12
xgboost,queda,80,80,80,171,14,157,5,0.9642857142857143,0.9049479166666667,0.7692307692307693,0.8333333333333334,0.8,0.9765624999923707,125,3,2,10
xgboost,queda,90,5,5,2719,226,2493,5,0.9708609271523179,0.9307024124074862,0.8099547511312217,0.8817733990147784,0.8443396226415094,0.979631425799719,2020,42,24,179
xgboost,queda,90,10,10,1360,114,1246,5,0.9707964601769912,0.9309624628061342,0.8108108108108109,0.8823529411764706,0.8450704225352113,0.9795719844348448,1007,21,12,90
xgboost,queda,90,15,15,907,76,831,5,0.976158940397351,0.9405235893484032,0.8472222222222222,0.8970588235294118,0.8714285714285714,0.9839883551659622,676,11,7,61
xgboost,queda,90,20,20,680,57,623,5,0.9699115044247788,0.948138399328603,0.7833333333333333,0.9215686274509803,0.8468468468468469,0.9747081712043294,501,13,4,47
xgboost,queda,90,25,25,544,45,499,5,0.9755555555555555,0.9640243902439024,0.8085106382978723,0.95,0.8735632183908046,0.9780487804854194,401,9,2,38
xgboost,queda,90,30,30,454,36,418,5,0.9706666666666667,0.9131286443148687,0.8181818181818182,0.84375,0.8307692307692308,0.9825072886268732,337,6,5,27
xgboost,queda,90,35,35,389,34,355,5,0.98125,0.9298850574712644,0.9285714285714286,0.8666666666666667,0.896551724137931,0.9931034482724376,288,2,4,26
xgboost,queda,90,40,40,340,27,313,5,0.9642857142857143,0.9049479166666667,0.7692307692307693,0.8333333333333334,0.8,0.9765624999961854,250,6,4,20
xgboost,queda,90,45,45,303,27,276,5,0.968,0.8891961651917404,0.8636363636363636,0.7916666666666666,0.8260869565217391,0.9867256637124482,223,3,5,19
xgboost,queda,90,50,50,272,23,249,5,0.9822222222222222,0.9225609756097561,0.9444444444444444,0.85,0.8947368421052632,0.995121951214658,204,1,3,17
xgboost,queda,90,55,55,248,22,226,5,0.9804878048780488,0.9656196943972835,0.8571428571428571,0.9473684210526315,0.9,0.983870967736646,183,3,1,18
xgboost,queda,90,60,60,227,18,209,5,0.9837837837837838,0.9345414201183432,0.9333333333333333,0.875,0.9032258064516129,0.9940828402308043,168,1,2,14
xgboost,queda,90,65,65,210,19,191,5,0.9714285714285714,0.9054355919583024,0.875,0.8235294117647058,0.8484848484848485,0.9873417721456498,156,2,3,14
xgboost,queda,90,70,70,195,19,176,5,0.98125,0.9376799670917317,0.9375,0.8823529411764706,0.9090909090909091,0.993006993000049,142,1,2,15
xgboost,queda,90,75,75,182,17,165,5,0.98,0.9889705882352942,0.8235294117647058,1.0,0.9032258064516129,0.9779411764633976,133,3,0,14
xgboost,queda,90,80,80,170,15,155,5,0.9571428571428572,0.8382798304058147,0.8181818181818182,0.6923076923076923,0.75,0.984251968496187,125,2,4,9
xgboost,queda,90,85,85,160,14,146,5,0.9692307692307692,0.9081920903954803,0.8333333333333334,0.8333333333333334,0.8333333333333334,0.9830508474492962,116,2,2,10
xgboost,queda,90,90,90,152,13,139,5,0.976,0.9457735247208932,0.8333333333333334,0.9090909090909091,0.8695652173913043,0.9824561403422591,112,2,1,10
xgboost,queda,100,5,5,2717,248,2469,5,0.9690265486725663,0.9309038395072328,0.8174273858921162,0.8834080717488789,0.8491379310344828,0.9783996072651063,1993,44,26,197
xgboost,queda,100,10,10,1359,125,1234,5,0.9690265486725663,0.9311587847319674,0.8181818181818182,0.8839285714285714,0.8497854077253219,0.9783889980344024,996,22,13,99
xgboost,queda,100,15,15,906,85,821,5,0.9682119205298013,0.923901247965274,0.825,0.868421052631579,0.8461538461538461,0.9793814432975267,665,14,10,66
xgboost,queda,100,20,20,680,62,618,5,0.9769911504424779,0.9385918003565062,0.875,0.8909090909090909,0.8828828828828829,0.9862745098019877,503,7,6,49
xgboost,queda,100,25,25,544,52,492,5,0.9777777777777777,0.9394640551011623,0.8913043478260869,0.8913043478260869,0.8913043478260869,0.987623762373793,399,5,5,41
xgboost,queda,100,30,30,453,41,412,5,0.976,0.9246558505408062,0.8857142857142857,0.8611111111111112,0.8732394366197183,0.9882005899675864,335,4,5,31
xgboost,queda,100,35,35,389,36,353,5,0.971875,0.9427083333333333,0.8285714285714286,0.90625,0.8656716417910447,0.9791666666632668,282,6,3,29
xgboost,queda,100,40,40,340,31,309,5,0.9678571428571429,0.9325867369345631,0.8,0.8888888888888888,0.8421052631578947,0.9762845849763784,247,6,3,24
xgboost,queda,100,45,45,302,29,273,5,0.984,0.9377777777777778,0.9565217391304348,0.88,0.9166666666666666,0.995555555551131,224,1,3,22
xgboost,queda,100,50,50,272,24,248,5,0.9777777777777777,0.9236694677871149,0.9,0.8571428571428571,0.8780487804878049,0.9901960784265187,202,2,3,18
xgboost,queda,100,55,55,247,23,224,5,0.9707317073170731,0.9614864864864865,0.7916666666666666,0.95,0.8636363636363636,0.9729729729677137,180,5,1,19
xgboost,queda,100,60,60,227,21,206,5,0.9783783783783784,0.9136726546906188,0.9375,0.8333333333333334,0.8823529411764706,0.9940119760419521,166,1,3,15
xgboost,queda,100,65,65,209,18,191,5,0.9764705882352941,0.9310064935064934,0.875,0.875,0.875,0.9870129870065779,152,2,2,14
xgboost,queda,100,70,70,195,20,175,5,0.99375,0.9722222222222222,1.0,0.9444444444444444,0.9714285714285714,0.9999999999929579,142,0,1,17
xgboost,queda,100,75,75,182,20,162,5,0.9866666666666667,0.9924812030075187,0.8947368421052632,1.0,0.9444444444444444,0.984962406007632,131,2,0,17
xgboost,queda,100,80,80,170,17,153,5,0.9785714285714285,0.9246031746031746,0.9230769230769231,0.8571428571428571,0.8888888888888888,0.9920634920556185,125,1,2,12
xgboost,queda,100,85,85,160,15,145,5,0.9692307692307692,0.9145299145299145,0.8461538461538461,0.8461538461538461,0.8461538461538461,0.982905982897582,115,2,2,11
xgboost,queda,100,90,90,151,14,137,5,0.976,0.9457735247208932,0.8333333333333334,0.9090909090909091,0.8695652173913043,0.9824561403422591,112,2,1,10
xgboost,queda,100,95,95,143,15,128,5,0.9826086956521739,0.9230769230769231,1.0,0.8461538461538461,0.9166666666666666,0.9999999999901961,102,0,2,11
xgboost,queda,100,100,100,136,12,124,5,0.9727272727272728,0.85,1.0,0.7,0.8235294117647058,0.99999999999,100,0,3,7
