teste,modelo,falha,janela,passo_cfg,passo_real,amostras_treino,amostras_teste,positivos_treino,negativos_treino,positivos_teste,negativos_teste,eventos_reais_teste,eventos_detectados,diferenca_eventos,accuracy,balanced_accuracy,precision_pos,recall_pos,f1_pos,specificity,tn,fp,fn,tp
com_erro,catboost,lacuna,20,5,5,947,947,215,732,295,652,22,22,0,1.0,1.0,1.0,1.0,1.0,0.9999999999984662,652,0,0,295
com_erro,catboost,lacuna,20,10,10,474,474,108,366,148,326,21,21,0,1.0,1.0,1.0,1.0,1.0,0.9999999999969326,326,0,0,148
com_erro,catboost,lacuna,20,15,15,316,316,70,246,96,220,21,21,0,1.0,1.0,1.0,1.0,1.0,0.9999999999954546,220,0,0,96
com_erro,catboost,lacuna,20,20,20,237,237,54,183,74,163,20,21,1,0.9831223628691983,0.972972972972973,1.0,0.9459459459459459,0.9722222222222222,0.9999999999938651,163,0,4,70
com_erro,catboost,lacuna,30,5,5,945,945,251,694,336,609,21,21,0,1.0,1.0,1.0,1.0,1.0,0.999999999998358,609,0,0,336
com_erro,catboost,lacuna,30,10,10,473,473,126,347,168,305,21,21,0,1.0,1.0,1.0,1.0,1.0,0.9999999999967214,305,0,0,168
com_erro,catboost,lacuna,30,15,15,315,315,81,234,109,206,19,19,0,0.9936507936507937,0.9908256880733946,1.0,0.981651376146789,0.9907407407407407,0.9999999999951457,206,0,2,107
com_erro,catboost,lacuna,30,20,20,237,237,64,173,84,153,20,20,0,1.0,1.0,1.0,1.0,1.0,0.9999999999934641,153,0,0,84
com_erro,catboost,lacuna,30,25,25,189,189,54,135,67,122,18,18,0,1.0,1.0,1.0,1.0,1.0,0.9999999999918032,122,0,0,67
com_erro,catboost,lacuna,30,30,30,158,158,41,117,55,103,18,18,0,0.9873417721518988,0.9818181818181818,1.0,0.9636363636363636,0.9814814814814815,0.9999999999902912,103,0,2,53
com_erro,catboost,lacuna,40,5,5,943,943,286,657,376,567,19,19,0,1.0,1.0,1.0,1.0,1.0,0.9999999999982363,567,0,0,376
com_erro,catboost,lacuna,40,10,10,472,472,143,329,188,284,18,18,0,0.9978813559322034,0.9973404255319149,1.0,0.9946808510638298,0.9973333333333333,0.9999999999964789,284,0,1,187
com_erro,catboost,lacuna,40,15,15,315,315,95,220,124,191,18,18,0,1.0,1.0,1.0,1.0,1.0,0.9999999999947644,191,0,0,124
com_erro,catboost,lacuna,40,20,20,236,236,71,165,94,142,17,17,0,0.9872881355932204,0.9840425531914894,1.0,0.9680851063829787,0.9837837837837838,0.9999999999929579,142,0,3,91
com_erro,catboost,lacuna,40,25,25,189,189,58,131,77,112,17,17,0,1.0,1.0,1.0,1.0,1.0,0.9999999999910714,112,0,0,77
com_erro,catboost,lacuna,40,30,30,158,158,47,111,61,97,18,18,0,1.0,1.0,1.0,1.0,1.0,0.9999999999896907,97,0,0,61
com_erro,catboost,lacuna,40,35,35,135,135,42,93,51,84,17,17,0,1.0,1.0,1.0,1.0,1.0,0.9999999999880952,84,0,0,51
com_erro,catboost,lacuna,40,40,40,118,118,35,83,49,69,17,17,0,0.9915254237288136,0.9897959183673469,1.0,0.9795918367346939,0.9896907216494846,0.9999999999855071,69,0,1,48
com_erro,catboost,lacuna,50,5,5,941,941,318,623,411,530,18,18,0,1.0,1.0,1.0,1.0,1.0,0.9999999999981132,530,0,0,411
com_erro,catboost,lacuna,50,10,10,471,471,159,312,205,266,18,18,0,1.0,1.0,1.0,1.0,1.0,0.9999999999962407,266,0,0,205
com_erro,catboost,lacuna,50,15,15,314,314,105,209,134,180,18,18,0,1.0,1.0,1.0,1.0,1.0,0.9999999999944446,180,0,0,134
com_erro,catboost,lacuna,50,20,20,236,236,80,156,103,133,18,18,0,1.0,1.0,1.0,1.0,1.0,0.9999999999924812,133,0,0,103
com_erro,catboost,lacuna,50,25,25,189,189,63,126,83,106,18,18,0,0.9947089947089947,0.9939759036144578,1.0,0.9879518072289156,0.9939393939393939,0.999999999990566,106,0,1,82
com_erro,catboost,lacuna,50,30,30,157,157,50,107,66,91,16,17,1,0.9936305732484076,0.9924242424242424,1.0,0.9848484848484849,0.9923664122137404,0.9999999999890109,91,0,1,65
com_erro,catboost,lacuna,50,35,35,135,135,49,86,57,78,15,15,0,1.0,1.0,1.0,1.0,1.0,0.9999999999871795,78,0,0,57
com_erro,catboost,lacuna,50,40,40,118,118,40,78,52,66,15,15,0,1.0,1.0,1.0,1.0,1.0,0.9999999999848485,66,0,0,52
com_erro,catboost,lacuna,50,45,45,105,105,35,70,44,61,16,17,1,0.9904761904761905,0.9886363636363636,1.0,0.9772727272727273,0.9885057471264368,0.9999999999836067,61,0,1,43
com_erro,catboost,lacuna,50,50,50,95,95,32,63,44,51,15,16,1,0.9789473684210527,0.9772727272727273,1.0,0.9545454545454546,0.9767441860465116,0.9999999999803922,51,0,2,42
com_erro,catboost,lacuna,60,5,5,939,939,348,591,445,494,18,18,0,1.0,1.0,1.0,1.0,1.0,0.9999999999979757,494,0,0,445
com_erro,catboost,lacuna,60,10,10,470,470,174,296,222,248,18,18,0,1.0,1.0,1.0,1.0,1.0,0.9999999999959678,248,0,0,222
com_erro,catboost,lacuna,60,15,15,313,313,115,198,145,168,17,17,0,0.9936102236421726,0.993103448275862,1.0,0.9862068965517241,0.9930555555555556,0.9999999999940477,168,0,2,143
com_erro,catboost,lacuna,60,20,20,235,235,87,148,111,124,16,17,1,0.9872340425531915,0.9864864864864865,1.0,0.972972972972973,0.9863013698630136,0.9999999999919355,124,0,3,108
com_erro,catboost,lacuna,60,25,25,188,188,72,116,88,100,16,17,1,0.9946808510638298,0.9943181818181819,1.0,0.9886363636363636,0.9942857142857143,0.99999999999,100,0,1,87
com_erro,catboost,lacuna,60,30,30,157,157,57,100,73,84,14,15,1,0.9872611464968153,0.9863013698630136,1.0,0.9726027397260274,0.9861111111111112,0.9999999999880952,84,0,2,71
com_erro,catboost,lacuna,60,35,35,135,135,54,81,63,72,16,16,0,1.0,1.0,1.0,1.0,1.0,0.9999999999861111,72,0,0,63
com_erro,catboost,lacuna,60,40,40,118,118,44,74,55,63,13,13,0,1.0,1.0,1.0,1.0,1.0,0.999999999984127,63,0,0,55
com_erro,catboost,lacuna,60,45,45,105,105,37,68,48,57,15,15,0,1.0,1.0,1.0,1.0,1.0,0.9999999999824563,57,0,0,48
com_erro,catboost,lacuna,60,50,50,94,94,37,57,44,50,13,13,0,1.0,1.0,1.0,1.0,1.0,0.9999999999800001,50,0,0,44
com_erro,catboost,lacuna,60,55,55,86,86,33,53,41,45,13,14,1,0.9767441860465116,0.975609756097561,1.0,0.9512195121951219,0.975,0.9999999999777779,45,0,2,39
com_erro,catboost,lacuna,60,60,60,79,79,27,52,35,44,14,15,1,0.9746835443037974,0.9714285714285714,1.0,0.9428571428571428,0.9705882352941176,0.9999999999772728,44,0,2,33
com_erro,catboost,lacuna,70,5,5,937,937,375,562,479,458,18,18,0,1.0,1.0,1.0,1.0,1.0,0.9999999999978166,458,0,0,479
com_erro,catboost,lacuna,70,10,10,469,469,188,281,239,230,17,17,0,1.0,1.0,1.0,1.0,1.0,0.9999999999956523,230,0,0,239
com_erro,catboost,lacuna,70,15,15,313,313,125,188,158,155,16,16,0,1.0,1.0,1.0,1.0,1.0,0.9999999999935485,155,0,0,158
com_erro,catboost,lacuna,70,20,20,235,235,95,140,120,115,15,15,0,1.0,1.0,1.0,1.0,1.0,0.9999999999913043,115,0,0,120
com_erro,catboost,lacuna,70,25,25,188,188,75,113,96,92,14,14,0,1.0,1.0,1.0,1.0,1.0,0.9999999999891304,92,0,0,96
com_erro,catboost,lacuna,70,30,30,157,157,63,94,78,79,15,15,0,1.0,1.0,1.0,1.0,1.0,0.9999999999873417,79,0,0,78
com_erro,catboost,lacuna,70,35,35,134,134,57,77,67,67,14,14,0,1.0,1.0,1.0,1.0,1.0,0.9999999999850746,67,0,0,67
com_erro,catboost,lacuna,70,40,40,118,118,48,70,61,57,13,13,0,1.0,1.0,1.0,1.0,1.0,0.9999999999824563,57,0,0,61
com_erro,catboost,lacuna,70,45,45,105,105,40,65,51,54,15,15,0,1.0,1.0,1.0,1.0,1.0,0.9999999999814816,54,0,0,51
com_erro,catboost,lacuna,70,50,50,94,94,39,55,46,48,12,12,0,1.0,1.0,1.0,1.0,1.0,0.9999999999791668,48,0,0,46
com_erro,catboost,lacuna,70,55,55,86,86,34,52,43,43,14,15,1,0.9651162790697675,0.9651162790697674,1.0,0.9302325581395349,0.963855421686747,0.9999999999767443,43,0,3,40
com_erro,catboost,lacuna,70,60,60,79,79,30,49,38,41,15,15,0,1.0,1.0,1.0,1.0,1.0,0.9999999999756098,41,0,0,38
com_erro,catboost,lacuna,70,65,65,73,73,30,43,39,34,13,13,0,0.9726027397260274,0.9743589743589743,1.0,0.9487179487179487,0.9736842105263158,0.9999999999705883,34,0,2,37
com_erro,catboost,lacuna,70,70,70,67,67,30,37,34,33,13,13,0,1.0,1.0,1.0,1.0,1.0,0.9999999999696971,33,0,0,34
com_erro,catboost,lacuna,80,5,5,935,935,401,534,511,424,14,14,0,1.0,1.0,1.0,1.0,1.0,0.9999999999976416,424,0,0,511
com_erro,catboost,lacuna,80,10,10,468,468,201,267,255,213,14,14,0,1.0,1.0,1.0,1.0,1.0,0.9999999999953052,213,0,0,255
com_erro,catboost,lacuna,80,15,15,312,312,133,179,167,145,14,14,0,1.0,1.0,1.0,1.0,1.0,0.9999999999931035,145,0,0,167
com_erro,catboost,lacuna,80,20,20,234,234,100,134,127,107,13,13,0,0.9914529914529915,0.9921259842519685,1.0,0.984251968503937,0.9920634920634921,0.9999999999906541,107,0,2,125
com_erro,catboost,lacuna,80,25,25,187,187,83,104,102,85,12,12,0,1.0,1.0,1.0,1.0,1.0,0.9999999999882353,85,0,0,102
com_erro,catboost,lacuna,80,30,30,156,156,65,91,82,74,13,13,0,0.9935897435897436,0.9939024390243902,1.0,0.9878048780487805,0.9938650306748467,0.9999999999864865,74,0,1,81
com_erro,catboost,lacuna,80,35,35,134,134,60,74,71,63,13,13,0,1.0,1.0,1.0,1.0,1.0,0.999999999984127,63,0,0,71
com_erro,catboost,lacuna,80,40,40,117,117,50,67,66,51,11,11,0,0.9914529914529915,0.9924242424242424,1.0,0.9848484848484849,0.9923664122137404,0.9999999999803922,51,0,1,65
com_erro,catboost,lacuna,80,45,45,104,104,46,58,53,51,13,13,0,1.0,1.0,1.0,1.0,1.0,0.9999999999803922,51,0,0,53
com_erro,catboost,lacuna,80,50,50,94,94,44,50,51,43,11,11,0,1.0,1.0,1.0,1.0,1.0,0.9999999999767443,43,0,0,51
com_erro,catboost,lacuna,80,55,55,85,85,36,49,48,37,12,14,2,0.9294117647058824,0.9375,1.0,0.875,0.9333333333333333,0.9999999999729731,37,0,6,42
com_erro,catboost,lacuna,80,60,60,78,78,32,46,41,37,12,12,0,0.9871794871794872,0.9878048780487805,1.0,0.975609756097561,0.9876543209876543,0.9999999999729731,37,0,1,40
com_erro,catboost,lacuna,80,65,65,72,72,32,40,40,32,11,11,0,0.9861111111111112,0.9875,1.0,0.975,0.9873417721518988,0.9999999999687501,32,0,1,39
com_erro,catboost,lacuna,80,70,70,67,67,32,35,34,33,13,13,0,1.0,1.0,1.0,1.0,1.0,0.9999999999696971,33,0,0,34
com_erro,catboost,lacuna,80,75,75,63,63,30,33,36,27,11,11,0,1.0,1.0,1.0,1.0,1.0,0.999999999962963,27,0,0,36
com_erro,catboost,lacuna,80,80,80,59,59,26,33,35,24,11,11,0,0.9830508474576272,0.9857142857142858,1.0,0.9714285714285714,0.9855072463768116,0.9999999999583333,24,0,1,34
com_erro,catboost,lacuna,90,5,5,933,933,427,506,537,396,13,13,0,1.0,1.0,1.0,1.0,1.0,0.9999999999974748,396,0,0,537
com_erro,catboost,lacuna,90,10,10,467,467,214,253,268,199,13,13,0,0.9957173447537473,0.9962686567164178,1.0,0.9925373134328358,0.9962546816479401,0.9999999999949749,199,0,2,266
com_erro,catboost,lacuna,90,15,15,311,311,142,169,176,135,12,12,0,0.9967845659163987,0.9971590909090908,1.0,0.9943181818181818,0.9971509971509972,0.9999999999925927,135,0,1,175
com_erro,catboost,lacuna,90,20,20,234,234,108,126,134,100,13,13,0,1.0,1.0,1.0,1.0,1.0,0.99999999999,100,0,0,134
com_erro,catboost,lacuna,90,25,25,187,187,86,101,107,80,12,12,0,1.0,1.0,1.0,1.0,1.0,0.9999999999875,80,0,0,107
com_erro,catboost,lacuna,90,30,30,156,156,71,85,87,69,12,12,0,0.9935897435897436,0.9942528735632183,1.0,0.9885057471264368,0.9942196531791907,0.9999999999855071,69,0,1,86
com_erro,catboost,lacuna,90,35,35,134,134,66,68,75,59,13,13,0,1.0,1.0,1.0,1.0,1.0,0.9999999999830509,59,0,0,75
com_erro,catboost,lacuna,90,40,40,117,117,54,63,67,50,11,11,0,1.0,1.0,1.0,1.0,1.0,0.9999999999800001,50,0,0,67
com_erro,catboost,lacuna,90,45,45,104,104,49,55,60,44,11,12,1,0.9807692307692307,0.9833333333333334,1.0,0.9666666666666667,0.9830508474576272,0.9999999999772728,44,0,2,58
com_erro,catboost,lacuna,90,50,50,94,94,45,49,55,39,11,11,0,0.9893617021276596,0.990909090909091,1.0,0.9818181818181818,0.9908256880733946,0.9999999999743591,39,0,1,54
com_erro,catboost,lacuna,90,55,55,85,85,41,44,51,34,11,11,0,1.0,1.0,1.0,1.0,1.0,0.9999999999705883,34,0,0,51
com_erro,catboost,lacuna,90,60,60,78,78,37,41,44,34,11,11,0,1.0,1.0,1.0,1.0,1.0,0.9999999999705883,34,0,0,44
com_erro,catboost,lacuna,90,65,65,72,72,34,38,42,30,11,11,0,1.0,1.0,1.0,1.0,1.0,0.9999999999666667,30,0,0,42
com_erro,catboost,lacuna,90,70,70,67,67,33,34,36,31,12,12,0,1.0,1.0,1.0,1.0,1.0,0.9999999999677419,31,0,0,36
com_erro,catboost,lacuna,90,75,75,63,63,30,33,37,26,11,11,0,1.0,1.0,1.0,1.0,1.0,0.9999999999615384,26,0,0,37
com_erro,catboost,lacuna,90,80,80,59,59,29,30,36,23,10,10,0,1.0,1.0,1.0,1.0,1.0,0.9999999999565218,23,0,0,36
com_erro,catboost,lacuna,90,85,85,55,55,24,31,29,26,12,12,0,0.9818181818181818,0.9827586206896552,1.0,0.9655172413793104,0.9824561403508771,0.9999999999615384,26,0,1,28
com_erro,catboost,lacuna,90,90,90,52,52,24,28,30,22,10,11,1,0.9615384615384616,0.9666666666666667,1.0,0.9333333333333333,0.9655172413793104,0.9999999999545455,22,0,2,28
com_erro,catboost,lacuna,100,5,5,931,931,452,479,561,370,13,13,0,1.0,1.0,1.0,1.0,1.0,0.9999999999972973,370,0,0,561
com_erro,catboost,lacuna,100,10,10,466,466,226,240,280,186,13,13,0,1.0,1.0,1.0,1.0,1.0,0.9999999999946237,186,0,0,280
com_erro,catboost,lacuna,100,15,15,311,311,151,160,186,125,13,13,0,1.0,1.0,1.0,1.0,1.0,0.999999999992,125,0,0,186
com_erro,catboost,lacuna,100,20,20,233,233,112,121,140,93,11,11,0,0.9914163090128756,0.9928571428571429,1.0,0.9857142857142858,0.9928057553956835,0.9999999999892473,93,0,2,138
com_erro,catboost,lacuna,100,25,25,187,187,90,97,112,75,12,12,0,0.9946524064171123,0.9955357142857143,1.0,0.9910714285714286,0.9955156950672646,0.9999999999866667,75,0,1,111
com_erro,catboost,lacuna,100,30,30,156,156,76,80,92,64,13,13,0,1.0,1.0,1.0,1.0,1.0,0.9999999999843749,64,0,0,92
com_erro,catboost,lacuna,100,35,35,133,133,67,66,81,52,11,11,0,1.0,1.0,1.0,1.0,1.0,0.9999999999807693,52,0,0,81
com_erro,catboost,lacuna,100,40,40,117,117,56,61,68,49,11,11,0,1.0,1.0,1.0,1.0,1.0,0.9999999999795919,49,0,0,68
com_erro,catboost,lacuna,100,45,45,104,104,50,54,63,41,11,11,0,0.9807692307692307,0.9841269841269842,1.0,0.9682539682539683,0.9838709677419355,0.9999999999756098,41,0,2,61
com_erro,catboost,lacuna,100,50,50,94,94,46,48,58,36,12,12,0,0.9893617021276596,0.9913793103448276,1.0,0.9827586206896551,0.991304347826087,0.9999999999722223,36,0,1,57
com_erro,catboost,lacuna,100,55,55,85,85,42,43,53,32,11,12,1,0.9764705882352941,0.9811320754716981,1.0,0.9622641509433962,0.9807692307692307,0.9999999999687501,32,0,2,51
com_erro,catboost,lacuna,100,60,60,78,78,39,39,46,32,11,11,0,1.0,1.0,1.0,1.0,1.0,0.9999999999687501,32,0,0,46
com_erro,catboost,lacuna,100,65,65,72,72,35,37,44,28,11,11,0,0.9861111111111112,0.9886363636363636,1.0,0.9772727272727273,0.9885057471264368,0.9999999999642857,28,0,1,43
com_erro,catboost,lacuna,100,70,70,67,67,34,33,39,28,11,11,0,0.9850746268656716,0.9871794871794872,1.0,0.9743589743589743,0.987012987012987,0.9999999999642857,28,0,1,38
com_erro,catboost,lacuna,100,75,75,63,63,31,32,39,24,10,11,1,0.9841269841269841,0.9871794871794872,1.0,0.9743589743589743,0.987012987012987,0.9999999999583333,24,0,1,38
com_erro,catboost,lacuna,100,80,80,59,59,29,30,36,23,10,10,0,1.0,1.0,1.0,1.0,1.0,0.9999999999565218,23,0,0,36
com_erro,catboost,lacuna,100,85,85,55,55,26,29,31,24,11,11,0,0.9818181818181818,0.9838709677419355,1.0,0.967741935483871,0.9836065573770492,0.9999999999583333,24,0,1,30
com_erro,catboost,lacuna,100,90,90,52,52,24,28,31,21,9,10,1,0.9807692307692307,0.9838709677419355,1.0,0.967741935483871,0.9836065573770492,0.999999999952381,21,0,1,30
com_erro,catboost,lacuna,100,95,95,49,49,23,26,30,19,10,10,0,1.0,1.0,1.0,1.0,1.0,0.9999999999473684,19,0,0,30
com_erro,catboost,lacuna,100,100,100,47,47,22,25,26,21,11,11,0,0.9787234042553191,0.9807692307692308,1.0,0.9615384615384616,0.9803921568627451,0.999999999952381,21,0,1,25
com_erro,catboost,oscilacao,20,5,5,947,947,382,565,419,528,21,30,9,0.9324181626187962,0.9275692485716351,0.958656330749354,0.8854415274463007,0.9205955334987593,0.9696969696951332,512,16,48,371
com_erro,catboost,oscilacao,20,10,10,474,474,190,284,211,263,19,26,7,0.9177215189873418,0.9113311588849045,0.9574468085106383,0.8530805687203792,0.9022556390977443,0.9695817490457431,255,8,31,180
com_erro,catboost,oscilacao,20,15,15,316,316,126,190,137,179,19,23,4,0.939873417721519,0.9349386290421238,0.9609375,0.8978102189781022,0.9283018867924528,0.9720670391007148,174,5,14,123
com_erro,catboost,oscilacao,20,20,20,237,237,94,143,106,131,19,23,4,0.9113924050632911,0.9036439579432523,0.967032967032967,0.8301886792452831,0.8934010152284264,0.9770992366337626,128,3,18,88
com_erro,catboost,oscilacao,30,5,5,945,945,418,527,457,488,18,28,10,0.9216931216931217,0.9205662374000072,0.9484777517564403,0.8862144420131292,0.916289592760181,0.9549180327849285,466,22,52,405
com_erro,catboost,oscilacao,30,10,10,473,473,208,265,229,244,18,22,4,0.9154334038054969,0.9137375617438614,0.9609756097560975,0.8602620087336245,0.9078341013824884,0.9672131147501344,236,8,32,197
com_erro,catboost,oscilacao,30,15,15,315,315,139,176,152,163,18,24,6,0.9142857142857143,0.9129601226993864,0.9432624113475178,0.875,0.9078498293515358,0.9509202453929392,155,8,19,133
com_erro,catboost,oscilacao,30,20,20,237,237,103,134,115,122,18,22,4,0.8987341772151899,0.8971489665003564,0.941747572815534,0.8434782608695652,0.8899082568807339,0.9508196721233539,116,6,18,97
com_erro,catboost,oscilacao,30,25,25,189,189,84,105,90,99,16,20,4,0.9047619047619048,0.9025252525252525,0.9390243902439024,0.8555555555555555,0.8953488372093024,0.9494949494853586,94,5,13,77
com_erro,catboost,oscilacao,30,30,30,158,158,72,86,76,82,16,22,6,0.9050632911392406,0.9037227214377407,0.9295774647887324,0.868421052631579,0.8979591836734694,0.9390243902324509,77,5,10,66
com_erro,catboost,oscilacao,40,5,5,943,943,454,489,491,452,18,24,6,0.9172852598091198,0.918373645981652,0.9460043196544277,0.8920570264765784,0.9182389937106918,0.9446902654846356,427,25,53,438
com_erro,catboost,oscilacao,40,10,10,472,472,226,246,246,226,18,25,7,0.9004237288135594,0.9017735088855313,0.9344978165938864,0.8699186991869918,0.9010526315789473,0.9336283185799398,211,15,32,214
com_erro,catboost,oscilacao,40,15,15,315,315,151,164,162,153,17,22,5,0.9142857142857143,0.9150326797385621,0.9411764705882353,0.8888888888888888,0.9142857142857143,0.9411764705820839,144,9,18,144
com_erro,catboost,oscilacao,40,20,20,236,236,112,124,124,112,17,20,3,0.9067796610169492,0.9086981566820276,0.9473684210526315,0.8709677419354839,0.907563025210084,0.9464285714201212,106,6,16,108
com_erro,catboost,oscilacao,40,25,25,189,189,91,98,97,92,16,20,4,0.9153439153439153,0.9158449125952488,0.9354838709677419,0.8969072164948454,0.9157894736842105,0.9347826086854915,86,6,10,87
com_erro,catboost,oscilacao,40,30,30,158,158,77,81,82,76,16,19,3,0.8987341772151899,0.8995507060333761,0.9230769230769231,0.8780487804878049,0.9,0.9210526315668283,70,6,10,72
com_erro,catboost,oscilacao,40,35,35,135,135,64,71,71,64,14,18,4,0.9037037037037037,0.9061399647887324,0.953125,0.8591549295774648,0.9037037037037037,0.9531249999851074,61,3,10,61
com_erro,catboost,oscilacao,40,40,40,118,118,58,60,61,57,15,19,4,0.8728813559322034,0.8735979292493529,0.896551724137931,0.8524590163934426,0.8739495798319328,0.894736842089566,51,6,9,52
com_erro,catboost,oscilacao,50,5,5,941,941,486,455,525,416,16,24,8,0.9032943676939427,0.9050984432234432,0.934,0.8895238095238095,0.911219512195122,0.9206730769208638,383,33,58,467
com_erro,catboost,oscilacao,50,10,10,471,471,243,228,263,208,16,22,6,0.89171974522293,0.8929877157063468,0.9206349206349206,0.8821292775665399,0.9009708737864077,0.9038461538418084,188,20,31,232
com_erro,catboost,oscilacao,50,15,15,314,314,160,154,172,142,16,21,5,0.910828025477707,0.9112348509662627,0.9285714285714286,0.9069767441860465,0.9176470588235294,0.9154929577400318,130,12,16,156
com_erro,catboost,oscilacao,50,20,20,236,236,121,115,132,104,16,22,6,0.8728813559322034,0.8720862470862472,0.8923076923076924,0.8787878787878788,0.8854961832061069,0.8653846153762943,90,14,16,116
com_erro,catboost,oscilacao,50,25,25,189,189,97,92,105,84,16,19,3,0.8941798941798942,0.8952380952380952,0.9207920792079208,0.8857142857142857,0.9029126213592233,0.9047619047511337,76,8,12,93
com_erro,catboost,oscilacao,50,30,30,157,157,78,79,87,70,15,19,4,0.8598726114649682,0.8610016420361248,0.891566265060241,0.8505747126436781,0.8705882352941177,0.8714285714161224,61,9,13,74
com_erro,catboost,oscilacao,50,35,35,135,135,68,67,74,61,15,19,4,0.9111111111111111,0.9131590607000444,0.9428571428571428,0.8918918918918919,0.9166666666666666,0.9344262294928783,57,4,8,66
com_erro,catboost,oscilacao,50,40,40,118,118,63,55,64,54,14,15,1,0.8898305084745762,0.8897569444444444,0.9047619047619048,0.890625,0.8976377952755905,0.888888888872428,48,6,7,57
com_erro,catboost,oscilacao,50,45,45,105,105,52,53,57,48,13,17,4,0.9047619047619048,0.9040570175438596,0.9122807017543859,0.9122807017543859,0.9122807017543859,0.8958333333146702,43,5,5,52
com_erro,catboost,oscilacao,50,50,50,95,95,49,46,53,42,15,19,4,0.8631578947368421,0.8625336927223719,0.8846153846153846,0.8679245283018868,0.8761904761904762,0.8571428571224491,36,6,7,46
com_erro,catboost,oscilacao,60,5,5,939,939,515,424,555,384,16,21,5,0.8849840255591054,0.8826435810810811,0.9085923217550275,0.8954954954954955,0.9019963702359347,0.8697916666644017,334,50,58,497
com_erro,catboost,oscilacao,60,10,10,470,470,257,213,278,192,15,20,5,0.8829787234042553,0.8809389988009593,0.9084249084249084,0.8920863309352518,0.9001814882032668,0.8697916666621366,167,25,30,248
com_erro,catboost,oscilacao,60,15,15,313,313,171,142,184,129,15,19,4,0.8881789137380192,0.8840369059656219,0.9027027027027027,0.907608695652174,0.9051490514905149,0.8604651162723995,111,18,17,167
com_erro,catboost,oscilacao,60,20,20,235,235,128,107,140,95,15,19,4,0.8723404255319149,0.869172932330827,0.8985507246376812,0.8857142857142857,0.8920863309352518,0.8526315789383934,81,14,16,124
com_erro,catboost,oscilacao,60,25,25,188,188,103,85,112,76,14,21,7,0.898936170212766,0.8982612781954887,0.926605504587156,0.9017857142857143,0.9140271493212669,0.8947368420934902,68,8,11,101
com_erro,catboost,oscilacao,60,30,30,157,157,88,69,91,66,14,16,2,0.8726114649681529,0.8651348651348651,0.8736842105263158,0.9120879120879121,0.8924731182795699,0.8181818181694215,54,12,8,83
com_erro,catboost,oscilacao,60,35,35,135,135,73,62,78,57,14,17,3,0.837037037037037,0.8377192982456141,0.8783783783783784,0.8333333333333334,0.8552631578947368,0.8421052631431211,48,9,13,65
com_erro,catboost,oscilacao,60,40,40,118,118,65,53,69,49,14,16,2,0.8813559322033898,0.880804495711328,0.9104477611940298,0.8840579710144928,0.8970588235294118,0.8775510203902541,43,6,8,61
com_erro,catboost,oscilacao,60,45,45,105,105,55,50,58,47,14,17,3,0.9047619047619048,0.9037050623624359,0.9137931034482759,0.9137931034482759,0.9137931034482759,0.8936170212575827,42,5,5,53
com_erro,catboost,oscilacao,60,50,50,94,94,52,42,56,38,12,15,3,0.8617021276595744,0.8585526315789473,0.8909090909090909,0.875,0.8828828828828829,0.8421052631357342,32,6,7,49
com_erro,catboost,oscilacao,60,55,55,86,86,50,36,51,35,14,14,0,0.8372093023255814,0.826890756302521,0.8490566037735849,0.8823529411764706,0.8653846153846154,0.7714285714065306,27,8,6,45
com_erro,catboost,oscilacao,60,60,60,79,79,45,34,46,33,13,16,3,0.8227848101265823,0.8178524374176548,0.8478260869565217,0.8478260869565217,0.8478260869565217,0.7878787878549128,26,7,7,39
com_erro,catboost,oscilacao,70,5,5,937,937,542,395,584,353,15,21,6,0.8729989327641409,0.8639401994644729,0.8960817717206133,0.9006849315068494,0.8983774551665243,0.827195467419753,292,61,58,526
com_erro,catboost,oscilacao,70,10,10,469,469,271,198,292,177,15,20,5,0.8720682302771855,0.8649969042643758,0.9,0.8938356164383562,0.8969072164948454,0.8361581920856714,148,29,31,261
com_erro,catboost,oscilacao,70,15,15,313,313,181,132,193,120,13,15,2,0.8849840255591054,0.8783678756476684,0.9067357512953368,0.9067357512953368,0.9067357512953368,0.8499999999929166,102,18,18,175
com_erro,catboost,oscilacao,70,20,20,235,235,135,100,147,88,14,18,4,0.8553191489361702,0.8433055040197897,0.8791946308724832,0.891156462585034,0.8851351351351351,0.7954545454455062,70,18,16,131
com_erro,catboost,oscilacao,70,25,25,188,188,109,79,116,72,14,16,2,0.8617021276595744,0.8536877394636015,0.8879310344827587,0.8879310344827587,0.8879310344827587,0.8194444444330632,59,13,13,103
com_erro,catboost,oscilacao,70,30,30,157,157,92,65,97,60,13,15,2,0.8662420382165605,0.8567869415807561,0.8877551020408163,0.8969072164948454,0.8923076923076924,0.8166666666530557,49,11,10,87
com_erro,catboost,oscilacao,70,35,35,134,134,74,60,84,50,12,15,3,0.8582089552238806,0.8504761904761904,0.891566265060241,0.8809523809523809,0.8862275449101796,0.8199999999836001,41,9,10,74
com_erro,catboost,oscilacao,70,40,40,118,118,68,50,74,44,13,14,1,0.847457627118644,0.836916461916462,0.8783783783783784,0.8783783783783784,0.8783783783783784,0.795454545436467,35,9,9,65
com_erro,catboost,oscilacao,70,45,45,105,105,59,46,62,43,12,14,2,0.8571428571428571,0.8469617404351087,0.8615384615384616,0.9032258064516129,0.8818897637795275,0.7906976744002164,34,9,6,56
com_erro,catboost,oscilacao,70,50,50,94,94,53,41,58,36,11,13,2,0.851063829787234,0.8424329501915708,0.8793103448275862,0.8793103448275862,0.8793103448275862,0.805555555533179,29,7,7,51
com_erro,catboost,oscilacao,70,55,55,86,86,53,33,52,34,13,13,0,0.8488372093023255,0.829185520361991,0.8421052631578947,0.9230769230769231,0.8807339449541285,0.7352941176254326,25,9,4,48
com_erro,catboost,oscilacao,70,60,60,79,79,46,33,50,29,11,15,4,0.8607594936708861,0.8682758620689655,0.9333333333333333,0.84,0.8842105263157894,0.8965517241070154,26,3,8,42
com_erro,catboost,oscilacao,70,65,65,73,73,41,32,47,26,11,12,1,0.8082191780821918,0.7823240589198036,0.8367346938775511,0.8723404255319149,0.8541666666666666,0.692307692281065,18,8,6,41
com_erro,catboost,oscilacao,70,70,70,67,67,34,33,43,24,10,16,6,0.7313432835820896,0.7446705426356589,0.8571428571428571,0.6976744186046512,0.7692307692307693,0.7916666666336806,19,5,13,30
com_erro,catboost,oscilacao,80,5,5,935,935,568,367,611,324,13,17,4,0.8695187165775401,0.8479723586106565,0.8862559241706162,0.9181669394435352,0.9019292604501608,0.7777777777753773,252,72,50,561
com_erro,catboost,oscilacao,80,10,10,468,468,284,184,306,162,13,18,5,0.8547008547008547,0.8307915758896152,0.8742138364779874,0.9084967320261438,0.8910256410256411,0.7530864197484378,122,40,28,278
com_erro,catboost,oscilacao,80,15,15,312,312,187,125,201,111,13,15,2,0.875,0.8565954013715208,0.8894230769230769,0.9203980099502488,0.9046454767726161,0.7927927927856505,88,23,16,185
com_erro,catboost,oscilacao,80,20,20,234,234,141,93,154,80,12,16,4,0.8717948717948718,0.860551948051948,0.9078947368421053,0.8961038961038961,0.9019607843137255,0.8249999999896874,66,14,16,138
com_erro,catboost,oscilacao,80,25,25,187,187,114,73,120,67,12,14,2,0.8556149732620321,0.8314676616915423,0.8661417322834646,0.9166666666666666,0.8906882591093117,0.7462686567052795,50,17,10,110
com_erro,catboost,oscilacao,80,30,30,156,156,91,65,102,54,11,14,3,0.8525641025641025,0.8480392156862746,0.9072164948453608,0.8627450980392157,0.8844221105527639,0.8333333333179013,45,9,14,88
com_erro,catboost,oscilacao,80,35,35,134,134,80,54,87,47,13,14,1,0.8432835820895522,0.8108339447297628,0.851063829787234,0.9195402298850575,0.8839779005524862,0.7021276595595293,33,14,7,80
com_erro,catboost,oscilacao,80,40,40,117,117,72,45,76,41,11,11,0,0.8290598290598291,0.8010269576379974,0.85,0.8947368421052632,0.8717948717948718,0.7073170731534801,29,12,8,68
com_erro,catboost,oscilacao,80,45,45,104,104,60,44,66,38,11,11,0,0.8461538461538461,0.828548644338118,0.8676470588235294,0.8939393939393939,0.8805970149253731,0.7631578947167591,29,9,7,59
com_erro,catboost,oscilacao,80,50,50,94,94,57,37,59,35,11,11,0,0.8617021276595744,0.8433414043583536,0.8709677419354839,0.9152542372881356,0.8925619834710744,0.7714285714065306,27,8,5,54
com_erro,catboost,oscilacao,80,55,55,85,85,53,32,57,28,10,10,0,0.8117647058823529,0.768796992481203,0.8360655737704918,0.8947368421052632,0.864406779661017,0.6428571428341837,18,10,6,51
com_erro,catboost,oscilacao,80,60,60,78,78,45,33,53,25,9,12,3,0.8461538461538461,0.8445283018867924,0.9183673469387755,0.8490566037735849,0.8823529411764706,0.8399999999664,21,4,8,45
com_erro,catboost,oscilacao,80,65,65,72,72,43,29,47,25,9,13,4,0.8611111111111112,0.8561702127659574,0.9111111111111111,0.8723404255319149,0.8913043478260869,0.8399999999664,21,4,6,41
com_erro,catboost,oscilacao,80,70,70,67,67,40,27,44,23,10,11,1,0.8507462686567164,0.8137351778656126,0.8541666666666666,0.9318181818181818,0.8913043478260869,0.6956521738827978,16,7,3,41
com_erro,catboost,oscilacao,80,75,75,63,63,35,28,41,22,11,10,-1,0.8095238095238095,0.811529933481153,0.8918918918918919,0.8048780487804879,0.8461538461538461,0.8181818181446281,18,4,8,33
com_erro,catboost,oscilacao,80,80,80,59,59,37,22,37,22,10,10,0,0.8135593220338984,0.7776412776412777,0.8095238095238095,0.918918918918919,0.8607594936708861,0.6363636363347107,14,8,3,34
com_erro,catboost,oscilacao,90,5,5,933,933,594,339,635,298,13,18,5,0.8745980707395499,0.8473233631031021,0.8960244648318043,0.9228346456692913,0.9092319627618308,0.7718120805343228,230,68,49,586
com_erro,catboost,oscilacao,90,10,10,467,467,297,170,318,149,12,17,5,0.8501070663811563,0.8186020007597823,0.8780487804878049,0.9056603773584906,0.891640866873065,0.7315436241561641,109,40,30,288
com_erro,catboost,oscilacao,90,15,15,311,311,197,114,210,101,13,15,2,0.8713826366559485,0.8430928807166431,0.8899082568807339,0.9238095238095239,0.9065420560747663,0.7623762376162141,77,24,16,194
com_erro,catboost,oscilacao,90,20,20,234,234,148,86,160,74,12,12,0,0.8632478632478633,0.8491554054054054,0.9102564102564102,0.8875,0.8987341772151899,0.8108108107998538,60,14,18,142
com_erro,catboost,oscilacao,90,25,25,187,187,119,68,125,62,13,13,0,0.8609625668449198,0.8228387096774195,0.8666666666666667,0.936,0.9,0.7096774193433923,44,18,8,117
com_erro,catboost,oscilacao,90,30,30,156,156,101,55,104,52,12,14,2,0.8653846153846154,0.8365384615384616,0.8807339449541285,0.9230769230769231,0.9014084507042254,0.749999999985577,39,13,8,96
com_erro,catboost,oscilacao,90,35,35,134,134,85,49,89,45,12,14,2,0.835820895522388,0.8104868913857677,0.8681318681318682,0.8876404494382022,0.8777777777777778,0.7333333333170371,33,12,10,79
com_erro,catboost,oscilacao,90,40,40,117,117,76,41,78,39,10,10,0,0.8547008547008547,0.8397435897435896,0.8961038961038961,0.8846153846153846,0.8903225806451613,0.7948717948514136,31,8,9,69
com_erro,catboost,oscilacao,90,45,45,104,104,65,39,70,34,11,11,0,0.8846153846153846,0.853781512605042,0.8918918918918919,0.9428571428571428,0.9166666666666666,0.7647058823304499,26,8,4,66
com_erro,catboost,oscilacao,90,50,50,94,94,60,34,63,31,12,12,0,0.8723404255319149,0.8474142345110087,0.8923076923076924,0.9206349206349206,0.90625,0.7741935483621228,24,7,5,58
com_erro,catboost,oscilacao,90,55,55,85,85,55,30,58,27,10,10,0,0.8235294117647058,0.791507024265645,0.864406779661017,0.8793103448275862,0.8717948717948718,0.7037037036776406,19,8,7,51
com_erro,catboost,oscilacao,90,60,60,78,78,51,27,53,25,9,9,0,0.8589743589743589,0.8222641509433962,0.875,0.9245283018867925,0.8990825688073395,0.7199999999712,18,7,4,49
com_erro,catboost,oscilacao,90,65,65,72,72,44,28,48,24,8,9,1,0.8472222222222222,0.8229166666666667,0.8775510204081632,0.8958333333333334,0.8865979381443299,0.74999999996875,18,6,5,43
com_erro,catboost,oscilacao,90,70,70,67,67,42,25,46,21,9,9,0,0.835820895522388,0.815734989648033,0.8888888888888888,0.8695652173913043,0.8791208791208791,0.7619047618684808,16,5,6,40
com_erro,catboost,oscilacao,90,75,75,63,63,37,26,43,20,11,13,2,0.8253968253968254,0.791860465116279,0.8636363636363636,0.8837209302325582,0.8735632183908046,0.699999999965,14,6,5,38
com_erro,catboost,oscilacao,90,80,80,59,59,38,21,39,20,9,9,0,0.847457627118644,0.8358974358974359,0.8947368421052632,0.8717948717948718,0.8831168831168831,0.79999999996,16,4,5,34
com_erro,catboost,oscilacao,90,85,85,55,55,35,20,36,19,9,9,0,0.8363636363636363,0.8004385964912281,0.8461538461538461,0.9166666666666666,0.88,0.6842105262797784,13,6,3,33
com_erro,catboost,oscilacao,90,90,90,52,52,33,19,35,17,9,10,1,0.9038461538461539,0.8831932773109243,0.9166666666666666,0.9428571428571428,0.9295774647887324,0.8235294117162629,14,3,2,33
com_erro,catboost,oscilacao,100,5,5,931,931,618,313,658,273,12,16,4,0.8764769065520945,0.8418868365676876,0.9022222222222223,0.925531914893617,0.913728432108027,0.7582417582389809,207,66,49,609
com_erro,catboost,oscilacao,100,10,10,466,466,309,157,329,137,12,19,7,0.869098712446352,0.8370088523062587,0.9011976047904192,0.9148936170212766,0.9079939668174962,0.7591240875856999,104,33,28,301
com_erro,catboost,oscilacao,100,15,15,311,311,206,105,217,94,12,14,2,0.8778135048231511,0.8461123639572508,0.9013452914798207,0.9262672811059908,0.9136363636363637,0.7659574468003622,72,22,16,201
com_erro,catboost,oscilacao,100,20,20,233,233,154,79,165,68,12,14,2,0.8798283261802575,0.8589572192513368,0.9202453987730062,0.9090909090909091,0.9146341463414634,0.8088235293998702,55,13,15,150
com_erro,catboost,oscilacao,100,25,25,187,187,124,63,132,55,11,9,-2,0.8716577540106952,0.8454545454545455,0.9090909090909091,0.9090909090909091,0.9090909090909091,0.781818181803967,43,12,12,120
com_erro,catboost,oscilacao,100,30,30,156,156,104,52,109,47,10,11,1,0.8653846153846154,0.8250048799531524,0.8859649122807017,0.926605504587156,0.905829596412556,0.7234042553037574,34,13,8,101
com_erro,catboost,oscilacao,100,35,35,133,133,86,47,92,41,10,11,1,0.8421052631578947,0.8115058324496288,0.8817204301075269,0.8913043478260869,0.8864864864864865,0.7317073170553243,30,11,10,82
com_erro,catboost,oscilacao,100,40,40,117,117,78,39,82,35,11,11,0,0.8803418803418803,0.8491289198606272,0.9047619047619048,0.926829268292683,0.9156626506024096,0.7714285714065306,27,8,6,76
com_erro,catboost,oscilacao,100,45,45,104,104,67,37,71,33,12,11,-1,0.875,0.8435766111822449,0.8918918918918919,0.9295774647887324,0.9103448275862069,0.7575757575528008,25,8,5,66
com_erro,catboost,oscilacao,100,50,50,94,94,63,31,67,27,11,8,-3,0.8191489361702128,0.806799336650083,0.9032258064516129,0.835820895522388,0.8682170542635659,0.7777777777489712,21,6,11,56
com_erro,catboost,oscilacao,100,55,55,85,85,57,28,61,24,10,11,1,0.8588235294117647,0.8510928961748634,0.9298245614035088,0.8688524590163934,0.8983050847457628,0.8333333332986111,20,4,8,53
com_erro,catboost,oscilacao,100,60,60,78,78,54,24,54,24,8,10,2,0.8333333333333334,0.7986111111111112,0.8727272727272727,0.8888888888888888,0.8807339449541285,0.7083333333038194,17,7,6,48
com_erro,catboost,oscilacao,100,65,65,72,72,46,26,50,22,8,10,2,0.8888888888888888,0.8690909090909091,0.92,0.92,0.92,0.8181818181446281,18,4,4,46
com_erro,catboost,oscilacao,100,70,70,67,67,43,24,46,21,9,8,-1,0.8507462686567164,0.8266045548654244,0.8913043478260869,0.8913043478260869,0.8913043478260869,0.7619047618684808,16,5,5,41
com_erro,catboost,oscilacao,100,75,75,63,63,40,23,45,18,9,10,1,0.8412698412698413,0.8222222222222222,0.9069767441860465,0.8666666666666667,0.8863636363636364,0.7777777777345679,14,4,6,39
com_erro,catboost,oscilacao,100,80,80,59,59,39,20,42,17,10,8,-2,0.7966101694915254,0.7345938375350141,0.8409090909090909,0.8809523809523809,0.8604651162790697,0.588235294083045,10,7,5,37
com_erro,catboost,oscilacao,100,85,85,55,55,36,19,36,19,9,9,0,0.8363636363636363,0.8004385964912281,0.8461538461538461,0.9166666666666666,0.88,0.6842105262797784,13,6,3,33
com_erro,catboost,oscilacao,100,90,90,52,52,34,18,35,17,9,9,0,0.8461538461538461,0.8100840336134454,0.8648648648648649,0.9142857142857143,0.8888888888888888,0.705882352899654,12,5,3,32
com_erro,catboost,oscilacao,100,95,95,49,49,33,16,35,14,8,6,-2,0.8163265306122449,0.7214285714285714,0.825,0.9428571428571428,0.88,0.49999999996428574,7,7,2,33
com_erro,catboost,oscilacao,100,100,100,47,47,28,19,35,12,8,6,-2,0.8297872340425532,0.8035714285714286,0.9090909090909091,0.8571428571428571,0.8823529411764706,0.7499999999375,9,3,5,30
com_erro,catboost,queda,20,5,5,947,947,235,712,253,694,24,30,6,0.9514255543822597,0.9203933204998234,0.96,0.8537549407114624,0.9037656903765691,0.9870317002867622,685,9,37,216
com_erro,catboost,queda,20,10,10,474,474,116,358,128,346,24,27,3,0.9451476793248945,0.9132044797687862,0.9473684210526315,0.84375,0.8925619834710744,0.9826589595347323,340,6,20,108
com_erro,catboost,queda,20,15,15,316,316,81,235,85,231,22,23,1,0.939873417721519,0.9068245480010186,0.9342105263157895,0.8352941176470589,0.8819875776397516,0.9783549783507431,226,5,14,71
com_erro,catboost,queda,20,20,20,237,237,57,180,64,173,21,21,0,0.919831223628692,0.8712518063583815,0.9245283018867925,0.765625,0.8376068376068376,0.9768786127111164,169,4,15,49
com_erro,catboost,queda,30,5,5,945,945,273,672,298,647,21,26,5,0.9428571428571428,0.9202566310177069,0.9552238805970149,0.8590604026845637,0.9045936395759717,0.9814528593493331,635,12,42,256
com_erro,catboost,queda,30,10,10,473,473,135,338,151,322,21,24,3,0.9365750528541226,0.9182468841265271,0.9290780141843972,0.8675496688741722,0.8972602739726028,0.9689440993758729,312,10,20,131
com_erro,catboost,queda,30,15,15,315,315,91,224,99,216,20,23,3,0.9206349206349206,0.8983585858585859,0.9021739130434783,0.8383838383838383,0.8691099476439791,0.9583333333288967,207,9,16,83
com_erro,catboost,queda,30,20,20,237,237,67,170,74,163,21,25,4,0.9282700421940928,0.9072707677002155,0.9130434782608695,0.8513513513513513,0.8811188811188811,0.9631901840431707,157,6,11,63
com_erro,catboost,queda,30,25,25,189,189,55,134,60,129,20,21,1,0.9312169312169312,0.9005813953488372,0.9607843137254902,0.8166666666666667,0.8828828828828829,0.984496124023376,127,2,11,49
com_erro,catboost,queda,30,30,30,158,158,43,115,52,106,18,22,4,0.8670886075949367,0.8274673439767779,0.8604651162790697,0.7115384615384616,0.7789473684210526,0.9433962264061944,100,6,15,37
com_erro,catboost,queda,40,5,5,943,943,309,634,338,605,21,21,0,0.9374337221633086,0.923167392048511,0.9485530546623794,0.8727810650887574,0.9090909090909091,0.9735537190066553,589,16,43,295
com_erro,catboost,queda,40,10,10,472,472,153,319,171,301,21,22,1,0.9279661016949152,0.9132132657224457,0.9363057324840764,0.8596491228070176,0.8963414634146342,0.9667774086346619,291,10,24,147
com_erro,catboost,queda,40,15,15,315,315,103,212,115,200,19,24,5,0.9111111111111111,0.894891304347826,0.9142857142857143,0.8347826086956521,0.8727272727272727,0.954999999995225,191,9,19,96
com_erro,catboost,queda,40,20,20,236,236,76,160,85,151,18,21,3,0.9067796610169492,0.8860148032723023,0.92,0.8117647058823529,0.8625,0.9602649006558923,145,6,16,69
com_erro,catboost,queda,40,25,25,189,189,61,128,65,124,19,19,0,0.9206349206349206,0.906575682382134,0.9032258064516129,0.8615384615384616,0.8818897637795275,0.9516129032181321,118,6,9,56
com_erro,catboost,queda,40,30,30,158,158,49,109,61,97,19,21,2,0.879746835443038,0.856430623626838,0.92,0.7540983606557377,0.8288288288288288,0.958762886588054,93,4,15,46
com_erro,catboost,queda,40,35,35,135,135,45,90,46,89,19,20,1,0.9333333333333333,0.9126770884220811,0.9512195121951219,0.8478260869565217,0.896551724137931,0.977528089876657,87,2,7,39
com_erro,catboost,queda,40,40,40,118,118,37,81,43,75,17,19,2,0.9152542372881356,0.8936434108527131,0.9459459459459459,0.813953488372093,0.875,0.9733333333203555,73,2,8,35
com_erro,catboost,queda,50,5,5,941,941,345,596,378,563,19,24,5,0.9341126461211477,0.924943847679194,0.9540229885057471,0.8783068783068783,0.9146005509641874,0.971580817049784,547,16,46,332
com_erro,catboost,queda,50,10,10,471,471,171,300,191,280,19,27,8,0.9150743099787686,0.9077692595362752,0.9171270718232044,0.8691099476439791,0.8924731182795699,0.9464285714251913,265,15,25,166
com_erro,catboost,queda,50,15,15,314,314,117,197,127,187,17,21,4,0.9203821656050956,0.9116804918101815,0.9322033898305084,0.8661417322834646,0.8979591836734694,0.9572192513317797,179,8,17,110
com_erro,catboost,queda,50,20,20,236,236,85,151,94,142,19,22,3,0.902542372881356,0.8938417740485466,0.898876404494382,0.851063829787234,0.8743169398907104,0.9366197183032633,133,9,14,80
com_erro,catboost,queda,50,25,25,189,189,69,120,77,112,18,18,0,0.9153439153439153,0.9021915584415585,0.9552238805970149,0.8311688311688312,0.8888888888888888,0.9732142857055963,109,3,13,64
com_erro,catboost,queda,50,30,30,157,157,57,100,65,92,17,21,4,0.89171974522293,0.8782608695652174,0.9285714285714286,0.8,0.859504132231405,0.9565217391200378,88,4,13,52
com_erro,catboost,queda,50,35,35,135,135,51,84,50,85,18,20,2,0.9407407407407408,0.9323529411764706,0.9375,0.9,0.9183673469387755,0.9647058823415916,82,3,5,45
com_erro,catboost,queda,50,40,40,118,118,42,76,47,71,15,23,8,0.8813559322033898,0.8690440515433023,0.8837209302325582,0.8085106382978723,0.8444444444444444,0.9295774647756397,66,5,9,38
com_erro,catboost,queda,50,45,45,105,105,40,65,43,62,17,18,1,0.9142857142857143,0.9024756189047263,0.9473684210526315,0.8372093023255814,0.8888888888888888,0.9677419354682623,60,2,7,36
com_erro,catboost,queda,50,50,50,95,95,33,62,37,58,17,17,0,0.8842105263157894,0.8709226467847158,0.8823529411764706,0.8108108108108109,0.8450704225352113,0.9310344827425684,54,4,7,30
com_erro,catboost,queda,60,5,5,939,939,380,559,414,525,18,22,4,0.9318423855165069,0.9265355417529331,0.9605263157894737,0.8816425120772947,0.9193954659949622,0.9714285714267211,510,15,49,365
com_erro,catboost,queda,60,10,10,470,470,189,281,209,261,18,22,4,0.9148936170212766,0.9105024840052063,0.9333333333333333,0.8708133971291866,0.900990099009901,0.9501915708775855,248,13,27,182
com_erro,catboost,queda,60,15,15,313,313,127,186,137,176,17,19,2,0.9105431309904153,0.9058974784339748,0.9224806201550387,0.8686131386861314,0.8947368421052632,0.9431818181764593,166,10,18,119
com_erro,catboost,queda,60,20,20,235,235,94,141,103,132,17,18,1,0.9106382978723404,0.9055236834363047,0.9270833333333334,0.8640776699029126,0.8944723618090452,0.946969696962523,125,7,14,89
com_erro,catboost,queda,60,25,25,188,188,75,113,82,106,17,17,0,0.9042553191489362,0.8999079613437644,0.9102564102564102,0.8658536585365854,0.8875,0.9339622641421323,99,7,11,71
com_erro,catboost,queda,60,30,30,157,157,61,96,70,87,16,17,1,0.8980891719745223,0.8912972085385878,0.9354838709677419,0.8285714285714286,0.8787878787878788,0.9540229884947813,83,4,12,58
com_erro,catboost,queda,60,35,35,135,135,55,80,60,75,17,18,1,0.9037037037037037,0.8983333333333333,0.9272727272727272,0.85,0.8869565217391304,0.9466666666540444,71,4,9,51
com_erro,catboost,queda,60,40,40,118,118,47,71,52,66,15,16,1,0.8898305084745762,0.8831585081585082,0.9148936170212766,0.8269230769230769,0.8686868686868687,0.9393939393797061,62,4,9,43
com_erro,catboost,queda,60,45,45,105,105,45,60,48,57,15,16,1,0.9238095238095239,0.9216008771929824,0.9347826086956522,0.8958333333333334,0.9148936170212766,0.9473684210360112,54,3,5,43
com_erro,catboost,queda,60,50,50,94,94,37,57,39,55,16,17,1,0.8936170212765957,0.8867132867132868,0.8918918918918919,0.8461538461538461,0.868421052631579,0.9272727272558678,51,4,6,33
com_erro,catboost,queda,60,55,55,86,86,30,56,38,48,15,16,1,0.9418604651162791,0.9369517543859649,0.9714285714285714,0.8947368421052632,0.9315068493150684,0.9791666666462674,47,1,4,34
com_erro,catboost,queda,60,60,60,79,79,28,51,33,46,15,18,3,0.8860759493670886,0.8764822134387352,0.9,0.8181818181818182,0.8571428571428571,0.9347826086753309,43,3,6,27
com_erro,catboost,queda,70,5,5,937,937,410,527,448,489,17,21,4,0.935965848452508,0.9341586327782647,0.970873786407767,0.8928571428571429,0.9302325581395349,0.9754601226973917,477,12,48,400
com_erro,catboost,queda,70,10,10,469,469,204,265,226,243,17,19,2,0.9125799573560768,0.9109945737281038,0.9468599033816425,0.8672566371681416,0.9053117782909931,0.954732510284137,232,11,30,196
com_erro,catboost,queda,70,15,15,313,313,137,176,150,163,17,18,1,0.9233226837060703,0.9215950920245399,0.9565217391304348,0.88,0.9166666666666666,0.9631901840431707,157,6,18,132
com_erro,catboost,queda,70,20,20,235,235,101,134,112,123,16,17,1,0.9191489361702128,0.9171747967479675,0.9514563106796117,0.875,0.9116279069767442,0.9593495934881353,118,5,14,98
com_erro,catboost,queda,70,25,25,188,188,81,107,88,100,16,17,1,0.9042553191489362,0.9011363636363636,0.9375,0.8522727272727273,0.8928571428571429,0.9499999999905,95,5,13,75
com_erro,catboost,queda,70,30,30,157,157,66,91,79,78,15,18,3,0.8980891719745223,0.8985718922427783,0.9701492537313433,0.8227848101265823,0.8904109589041096,0.9743589743464826,76,2,14,65
com_erro,catboost,queda,70,35,35,134,134,59,75,63,71,16,17,1,0.9328358208955224,0.9303599374021909,0.9655172413793104,0.8888888888888888,0.9256198347107438,0.9718309859018052,69,2,7,56
com_erro,catboost,queda,70,40,40,118,118,51,67,57,61,15,15,0,0.9322033898305084,0.9303997699165947,0.9803921568627451,0.8771929824561403,0.9259259259259259,0.9836065573609245,60,1,7,50
com_erro,catboost,queda,70,45,45,105,105,47,58,50,55,15,17,2,0.8857142857142857,0.8863636363636364,0.8653846153846154,0.9,0.8823529411764706,0.872727272711405,48,7,5,45
com_erro,catboost,queda,70,50,50,94,94,40,54,44,50,15,16,1,0.8936170212765957,0.8890909090909092,0.9473684210526315,0.8181818181818182,0.8780487804878049,0.9599999999808001,48,2,8,36
com_erro,catboost,queda,70,55,55,86,86,35,51,40,46,14,16,2,0.9302325581395349,0.9282608695652175,0.9473684210526315,0.9,0.9230769230769231,0.9565217391096409,44,2,4,36
com_erro,catboost,queda,70,60,60,79,79,32,47,38,41,14,14,0,0.9493670886075949,0.9473684210526316,1.0,0.8947368421052632,0.9444444444444444,0.9999999999756098,41,0,4,34
com_erro,catboost,queda,70,65,65,73,73,31,42,33,40,14,15,1,0.9315068493150684,0.9268939393939394,0.9666666666666667,0.8787878787878788,0.9206349206349206,0.974999999975625,39,1,4,29
com_erro,catboost,queda,70,70,70,67,67,31,36,30,37,14,17,3,0.9402985074626866,0.9396396396396396,0.9333333333333333,0.9333333333333333,0.9333333333333333,0.94594594592038,35,2,2,28
com_erro,catboost,queda,80,5,5,935,935,436,499,480,455,16,17,1,0.9101604278074866,0.9106684981684983,0.9304347826086956,0.8916666666666667,0.9106382978723404,0.9296703296682864,423,32,52,428
com_erro,catboost,queda,80,10,10,468,468,218,250,242,226,16,16,0,0.9145299145299145,0.91589263512031,0.954954954954955,0.8760330578512396,0.9137931034482759,0.9557522123851516,216,10,30,212
com_erro,catboost,queda,80,15,15,312,312,148,164,161,151,15,16,1,0.9294871794871795,0.930443009337337,0.9602649006622517,0.9006211180124224,0.9294871794871795,0.9602649006558923,145,6,16,145
com_erro,catboost,queda,80,20,20,234,234,108,126,120,114,15,15,0,0.9017094017094017,0.9024122807017544,0.9292035398230089,0.875,0.9012875536480687,0.9298245613953524,106,8,15,105
com_erro,catboost,queda,80,25,25,187,187,87,100,97,90,15,17,2,0.8716577540106952,0.8718785796105384,0.8842105263157894,0.865979381443299,0.875,0.8777777777680247,79,11,13,84
com_erro,catboost,queda,80,30,30,156,156,74,82,82,74,13,16,3,0.9038461538461539,0.9058998022412657,0.9466666666666667,0.8658536585365854,0.9044585987261147,0.9459459459331628,70,4,11,71
com_erro,catboost,queda,80,35,35,134,134,63,71,66,68,15,17,2,0.9328358208955224,0.9322638146167558,0.9672131147540983,0.8939393939393939,0.9291338582677166,0.9705882352798443,66,2,7,59
com_erro,catboost,queda,80,40,40,117,117,53,64,60,57,13,15,2,0.9230769230769231,0.9236842105263158,0.9473684210526315,0.9,0.9230769230769231,0.9473684210360112,54,3,6,54
com_erro,catboost,queda,80,45,45,104,104,50,54,51,53,13,13,0,0.9423076923076923,0.9422863485016648,0.9411764705882353,0.9411764705882353,0.9411764705882353,0.9433962263972945,50,3,3,48
com_erro,catboost,queda,80,50,50,94,94,42,52,48,46,14,14,0,0.9042553191489362,0.9057971014492754,0.975609756097561,0.8333333333333334,0.898876404494382,0.978260869543951,45,1,8,40
com_erro,catboost,queda,80,55,55,85,85,39,46,43,42,12,16,4,0.8941176470588236,0.8947951273532668,0.9473684210526315,0.8372093023255814,0.8888888888888888,0.9523809523582767,40,2,7,36
com_erro,catboost,queda,80,60,60,78,78,38,40,40,38,11,12,1,0.9487179487179487,0.9493421052631579,0.9736842105263158,0.925,0.9487179487179487,0.9736842105006926,37,1,3,37
com_erro,catboost,queda,80,65,65,72,72,34,38,37,35,12,13,1,0.9305555555555556,0.930888030888031,0.9444444444444444,0.918918918918919,0.9315068493150684,0.9428571428302042,33,2,3,34
com_erro,catboost,queda,80,70,70,67,67,34,33,32,35,13,16,3,0.9104477611940298,0.9102678571428571,0.90625,0.90625,0.90625,0.9142857142595919,32,3,3,29
com_erro,catboost,queda,80,75,75,63,63,30,33,33,30,12,12,0,0.9206349206349206,0.9227272727272727,0.9666666666666667,0.8787878787878788,0.9206349206349206,0.9666666666344444,29,1,4,29
com_erro,catboost,queda,80,80,80,59,59,26,33,28,31,13,14,1,0.8983050847457628,0.8963133640552995,0.9230769230769231,0.8571428571428571,0.8888888888888888,0.935483870937565,29,2,4,24
com_erro,catboost,queda,90,5,5,933,933,458,475,510,423,16,15,-1,0.917470525187567,0.9192671394799055,0.9463917525773196,0.9,0.9226130653266331,0.9385342789575921,397,26,51,459
com_erro,catboost,queda,90,10,10,467,467,229,238,257,210,15,16,1,0.9186295503211992,0.9225866221975172,0.9659574468085106,0.8832684824902723,0.9227642276422764,0.9619047619001815,202,8,30,227
com_erro,catboost,queda,90,15,15,311,311,153,158,169,142,15,17,2,0.9356913183279743,0.9368905742145179,0.9570552147239264,0.9230769230769231,0.9397590361445783,0.9507042253454177,135,7,13,156
com_erro,catboost,queda,90,20,20,234,234,114,120,127,107,15,15,0,0.9273504273504274,0.9301273088527485,0.9661016949152542,0.8976377952755905,0.9306122448979591,0.9626168224209101,103,4,13,114
com_erro,catboost,queda,90,25,25,187,187,92,95,101,86,14,17,3,0.8823529411764706,0.8824545245222197,0.898989898989899,0.8811881188118812,0.89,0.8837209302222823,76,10,12,89
com_erro,catboost,queda,90,30,30,156,156,76,80,86,70,12,17,5,0.8717948717948718,0.8717607973421927,0.8928571428571429,0.872093023255814,0.8823529411764706,0.8714285714161224,61,9,11,75
com_erro,catboost,queda,90,35,35,134,134,68,66,74,60,14,15,1,0.917910447761194,0.9225225225225225,0.9701492537313433,0.8783783783783784,0.9219858156028369,0.9666666666505556,58,2,9,65
com_erro,catboost,queda,90,40,40,117,117,55,62,62,55,13,14,1,0.9401709401709402,0.9414956011730204,0.9661016949152542,0.9193548387096774,0.9421487603305785,0.9636363636188431,53,2,5,57
com_erro,catboost,queda,90,45,45,104,104,51,53,54,50,13,13,0,0.9134615384615384,0.9137037037037037,0.9245283018867925,0.9074074074074074,0.9158878504672897,0.9199999999816001,46,4,5,49
com_erro,catboost,queda,90,50,50,94,94,44,50,49,45,14,15,1,0.9042553191489362,0.9054421768707483,0.9347826086956522,0.8775510204081632,0.9052631578947369,0.9333333333125927,42,3,6,43
com_erro,catboost,queda,90,55,55,85,85,43,42,45,40,11,12,1,0.9176470588235294,0.9194444444444444,0.9523809523809523,0.8888888888888888,0.9195402298850575,0.9499999999762501,38,2,5,40
com_erro,catboost,queda,90,60,60,78,78,39,39,42,36,10,13,3,0.8461538461538461,0.8452380952380952,0.8571428571428571,0.8571428571428571,0.8571428571428571,0.8333333333101852,30,6,6,36
com_erro,catboost,queda,90,65,65,72,72,34,38,39,33,11,11,0,0.9305555555555556,0.9335664335664335,0.9722222222222222,0.8974358974358975,0.9333333333333333,0.969696969667585,32,1,4,35
com_erro,catboost,queda,90,70,70,67,67,35,32,36,31,12,13,1,0.8955223880597015,0.9005376344086022,0.967741935483871,0.8333333333333334,0.8955223880597015,0.9677419354526535,30,1,6,30
com_erro,catboost,queda,90,75,75,63,63,31,32,34,29,12,12,0,0.9206349206349206,0.9239350912778905,0.967741935483871,0.8823529411764706,0.9230769230769231,0.9655172413460167,28,1,4,30
com_erro,catboost,queda,90,80,80,59,59,27,32,28,31,13,13,0,0.9491525423728814,0.9464285714285714,1.0,0.8928571428571429,0.9433962264150944,0.9999999999677419,31,0,3,25
com_erro,catboost,queda,90,85,85,55,55,26,29,29,26,12,13,1,0.9090909090909091,0.9118037135278514,0.9615384615384616,0.8620689655172413,0.9090909090909091,0.9615384615014793,25,1,4,25
com_erro,catboost,queda,90,90,90,52,52,25,27,28,24,9,11,2,0.8846153846153846,0.8869047619047619,0.9230769230769231,0.8571428571428571,0.8888888888888888,0.9166666666284722,22,2,4,24
com_erro,catboost,queda,100,5,5,931,931,478,453,539,392,14,19,5,0.920515574650913,0.9240491651205937,0.9585798816568047,0.9016697588126159,0.9292543021032504,0.9464285714261571,371,21,53,486
com_erro,catboost,queda,100,10,10,466,466,239,227,271,195,12,15,3,0.9184549356223176,0.9241366259816444,0.9678714859437751,0.8892988929889298,0.926923076923077,0.9589743589694412,187,8,30,241
com_erro,catboost,queda,100,15,15,311,311,160,151,180,131,13,16,3,0.932475884244373,0.9364715860899067,0.9704142011834319,0.9111111111111111,0.9398280802292264,0.9618320610613601,126,5,16,164
com_erro,catboost,queda,100,20,20,233,233,118,115,135,98,11,14,3,0.8927038626609443,0.8976190476190476,0.9435483870967742,0.8666666666666667,0.9034749034749034,0.9285714285619533,91,7,18,117
com_erro,catboost,queda,100,25,25,187,187,96,91,109,78,12,16,4,0.893048128342246,0.8954951776052693,0.9320388349514563,0.8807339449541285,0.9056603773584906,0.9102564102447402,71,7,13,96
com_erro,catboost,queda,100,30,30,156,156,79,77,93,63,12,14,2,0.9102564102564102,0.9196108550947261,0.9759036144578314,0.8709677419354839,0.9204545454545454,0.9682539682385992,61,2,12,81
com_erro,catboost,queda,100,35,35,133,133,70,63,78,55,12,14,2,0.9097744360902256,0.915034965034965,0.9583333333333334,0.8846153846153846,0.92,0.9454545454373554,52,3,9,69
com_erro,catboost,queda,100,40,40,117,117,58,59,67,50,11,15,4,0.905982905982906,0.9102985074626866,0.9516129032258065,0.8805970149253731,0.9147286821705426,0.9399999999812001,47,3,8,59
com_erro,catboost,queda,100,45,45,104,104,54,50,63,41,11,9,-2,0.9230769230769231,0.9279907084785133,0.9661016949152542,0.9047619047619048,0.9344262295081968,0.9512195121719216,39,2,6,57
com_erro,catboost,queda,100,50,50,94,94,46,48,53,41,12,14,2,0.8829787234042553,0.8879429360331339,0.9375,0.8490566037735849,0.8910891089108911,0.9268292682700774,38,3,8,45
com_erro,catboost,queda,100,55,55,85,85,43,42,49,36,11,12,1,0.9058823529411765,0.9146825396825397,0.9767441860465116,0.8571428571428571,0.9130434782608695,0.9722222221952161,35,1,7,42
com_erro,catboost,queda,100,60,60,78,78,39,39,46,32,10,12,2,0.8846153846153846,0.8974184782608696,0.9743589743589743,0.8260869565217391,0.8941176470588236,0.9687499999697267,31,1,8,38
com_erro,catboost,queda,100,65,65,72,72,37,35,41,31,10,9,-1,0.9444444444444444,0.9512195121951219,1.0,0.9024390243902439,0.9487179487179487,0.9999999999677419,31,0,4,37
com_erro,catboost,queda,100,70,70,67,67,35,32,39,28,10,11,1,0.9104477611940298,0.9180402930402931,0.9714285714285714,0.8717948717948718,0.918918918918919,0.9642857142512755,27,1,5,34
com_erro,catboost,queda,100,75,75,63,63,33,30,36,27,12,11,-1,0.9206349206349206,0.9305555555555556,1.0,0.8611111111111112,0.9253731343283582,0.999999999962963,27,0,5,31
com_erro,catboost,queda,100,80,80,59,59,29,30,31,28,11,13,2,0.8813559322033898,0.8836405529953917,0.9285714285714286,0.8387096774193549,0.8813559322033898,0.9285714285382654,26,2,5,26
com_erro,catboost,queda,100,85,85,55,55,28,27,31,24,11,12,1,0.9090909090909091,0.9146505376344086,0.9642857142857143,0.8709677419354839,0.9152542372881356,0.9583333332934028,23,1,4,27
com_erro,catboost,queda,100,90,90,52,52,26,26,34,18,8,8,0,0.9230769230769231,0.9411764705882353,1.0,0.8823529411764706,0.9375,0.9999999999444444,18,0,4,30
com_erro,catboost,queda,100,95,95,49,49,25,24,29,20,9,11,2,0.8775510204081632,0.8810344827586207,0.9259259259259259,0.8620689655172413,0.8928571428571429,0.899999999955,18,2,4,25
com_erro,catboost,queda,100,100,100,47,47,25,22,28,19,8,9,1,0.9148936170212766,0.9285714285714286,1.0,0.8571428571428571,0.9230769230769231,0.9999999999473684,19,0,4,24
com_erro,mlp,lacuna,20,5,5,947,947,215,732,295,652,22,25,3,0.9852164730728616,0.9790553187064573,0.9895470383275261,0.9627118644067797,0.9759450171821306,0.9953987730046083,649,3,11,284
com_erro,mlp,lacuna,20,10,10,474,474,108,366,148,326,21,22,1,0.9789029535864979,0.9662162162162162,1.0,0.9324324324324325,0.965034965034965,0.9999999999969326,326,0,10,138
com_erro,mlp,lacuna,20,15,15,316,316,70,246,96,220,21,22,1,0.9778481012658228,0.9664772727272728,0.989010989010989,0.9375,0.9625668449197861,0.9954545454500207,219,1,6,90
com_erro,mlp,lacuna,20,20,20,237,237,54,183,74,163,20,21,1,0.9578059071729957,0.9324324324324325,1.0,0.8648648648648649,0.927536231884058,0.9999999999938651,163,0,10,64
com_erro,mlp,lacuna,30,5,5,945,945,251,694,336,609,21,21,0,0.9809523809523809,0.9732142857142857,1.0,0.9464285714285714,0.9724770642201835,0.999999999998358,609,0,18,318
com_erro,mlp,lacuna,30,10,10,473,473,126,347,168,305,21,23,2,0.9746300211416491,0.966959406713505,0.9875,0.9404761904761905,0.9634146341463414,0.9934426229475625,303,2,10,158
com_erro,mlp,lacuna,30,15,15,315,315,81,234,109,206,19,21,2,0.9714285714285714,0.9608755678275586,0.9901960784313726,0.926605504587156,0.957345971563981,0.9951456310631304,205,1,8,101
com_erro,mlp,lacuna,30,20,20,237,237,64,173,84,153,20,21,1,0.9662447257383966,0.9523809523809523,1.0,0.9047619047619048,0.95,0.9999999999934641,153,0,8,76
com_erro,mlp,lacuna,30,25,25,189,189,54,135,67,122,18,20,2,0.9576719576719577,0.9470271592855395,0.9682539682539683,0.9104477611940298,0.9384615384615385,0.9836065573689868,120,2,6,61
com_erro,mlp,lacuna,30,30,30,158,158,41,117,55,103,18,20,2,0.9430379746835443,0.9181818181818182,1.0,0.8363636363636363,0.9108910891089109,0.9999999999902912,103,0,9,46
com_erro,mlp,lacuna,40,5,5,943,943,286,657,376,567,19,22,3,0.975609756097561,0.9703107996547713,0.9943977591036415,0.9441489361702128,0.9686221009549796,0.9964726631375723,565,2,21,355
com_erro,mlp,lacuna,40,10,10,472,472,143,329,188,284,18,23,5,0.961864406779661,0.9557237039256817,0.9775280898876404,0.925531914893617,0.9508196721311475,0.9859154929542749,280,4,14,174
com_erro,mlp,lacuna,40,15,15,315,315,95,220,124,191,18,25,7,0.9523809523809523,0.9451739571018409,0.9658119658119658,0.9112903225806451,0.9377593360995851,0.9790575916179107,187,4,11,113
com_erro,mlp,lacuna,40,20,20,236,236,71,165,94,142,17,21,4,0.940677966101695,0.9273299370692238,0.9878048780487805,0.8617021276595744,0.9204545454545454,0.9929577464718806,141,1,13,81
com_erro,mlp,lacuna,40,25,25,189,189,58,131,77,112,17,21,4,0.9206349206349206,0.9086850649350648,0.9558823529411765,0.8441558441558441,0.896551724137931,0.9732142857055963,109,3,12,65
com_erro,mlp,lacuna,40,30,30,158,158,47,111,61,97,18,22,4,0.9113924050632911,0.8943721480479974,0.9433962264150944,0.819672131147541,0.8771929824561403,0.9690721649384632,94,3,11,50
com_erro,mlp,lacuna,40,35,35,135,135,42,93,51,84,17,20,3,0.9333333333333333,0.919467787114846,0.9565217391304348,0.8627450980392157,0.9072164948453608,0.9761904761788548,82,2,7,44
com_erro,mlp,lacuna,40,40,40,118,118,35,83,49,69,17,20,3,0.8983050847457628,0.8893818396923987,0.9111111111111111,0.8367346938775511,0.8723404255319149,0.9420289854935937,65,4,8,41
com_erro,mlp,lacuna,50,5,5,941,941,318,623,411,530,18,21,3,0.9702444208289054,0.9681219299453703,0.9799498746867168,0.9513381995133819,0.9654320987654321,0.9849056603755002,522,8,20,391
com_erro,mlp,lacuna,50,10,10,471,471,159,312,205,266,18,22,4,0.9554140127388535,0.9521364386576197,0.9693877551020408,0.926829268292683,0.9476309226932669,0.9774436090188818,260,6,15,190
com_erro,mlp,lacuna,50,15,15,314,314,105,209,134,180,18,19,1,0.9522292993630573,0.9459369817578773,0.983739837398374,0.9029850746268657,0.9416342412451362,0.9888888888833951,178,2,13,121
com_erro,mlp,lacuna,50,20,20,236,236,80,156,103,133,18,23,5,0.9194915254237288,0.9154317833418497,0.9285714285714286,0.883495145631068,0.9054726368159204,0.9473684210455086,126,7,12,91
com_erro,mlp,lacuna,50,25,25,189,189,63,126,83,106,18,19,1,0.9470899470899471,0.9423732666515117,0.974025974025974,0.9036144578313253,0.9375,0.9811320754624421,104,2,8,75
com_erro,mlp,lacuna,50,30,30,157,157,50,107,66,91,16,20,4,0.9044585987261147,0.8905261405261404,0.9636363636363636,0.803030303030303,0.8760330578512396,0.9780219780112305,89,2,13,53
com_erro,mlp,lacuna,50,35,35,135,135,49,86,57,78,15,20,5,0.9185185185185185,0.9153171390013495,0.9107142857142857,0.8947368421052632,0.9026548672566371,0.9358974358854372,73,5,6,51
com_erro,mlp,lacuna,50,40,40,118,118,40,78,52,66,15,20,5,0.8898305084745762,0.8851981351981352,0.8979591836734694,0.8461538461538461,0.8712871287128713,0.9242424242284205,61,5,8,44
com_erro,mlp,lacuna,50,45,45,105,105,35,70,44,61,16,17,1,0.9333333333333333,0.9204545454545454,1.0,0.8409090909090909,0.9135802469135802,0.9999999999836067,61,0,7,37
com_erro,mlp,lacuna,50,50,50,95,95,32,63,44,51,15,16,1,0.9473684210526315,0.9431818181818181,1.0,0.8863636363636364,0.9397590361445783,0.9999999999803922,51,0,5,39
com_erro,mlp,lacuna,60,5,5,939,939,348,591,445,494,18,21,3,0.9680511182108626,0.9672951826411318,0.9792147806004619,0.952808988764045,0.9658314350797267,0.9817813765162312,485,9,21,424
com_erro,mlp,lacuna,60,10,10,470,470,174,296,222,248,18,20,2,0.9638297872340426,0.9626562045916884,0.9812206572769953,0.9414414414414415,0.960919540229885,0.9838709677379683,244,4,13,209
com_erro,mlp,lacuna,60,15,15,313,313,115,198,145,168,17,19,2,0.9648562300319489,0.9630131362889984,0.9855072463768116,0.9379310344827586,0.9611307420494699,0.9880952380893566,166,2,9,136
com_erro,mlp,lacuna,60,20,20,235,235,87,148,111,124,16,20,4,0.9191489361702128,0.916303400174368,0.96,0.8648648648648649,0.909952606635071,0.9677419354760666,120,4,15,96
com_erro,mlp,lacuna,60,25,25,188,188,72,116,88,100,16,18,2,0.9414893617021277,0.9402272727272727,0.9529411764705882,0.9204545454545454,0.9364161849710982,0.9599999999904,96,4,7,81
com_erro,mlp,lacuna,60,30,30,157,157,57,100,73,84,14,18,4,0.9171974522292994,0.9127527723418134,0.96875,0.8493150684931506,0.9051094890510949,0.9761904761788548,82,2,11,62
com_erro,mlp,lacuna,60,35,35,135,135,54,81,63,72,16,20,4,0.9185185185185185,0.9156746031746033,0.9482758620689655,0.873015873015873,0.9090909090909091,0.9583333333200231,69,3,8,55
com_erro,mlp,lacuna,60,40,40,118,118,44,74,55,63,13,17,4,0.923728813559322,0.9204906204906205,0.96,0.8727272727272727,0.9142857142857143,0.9682539682385992,61,2,7,48
com_erro,mlp,lacuna,60,45,45,105,105,37,68,48,57,15,17,2,0.9523809523809523,0.9495614035087718,0.9777777777777777,0.9166666666666666,0.946236559139785,0.9824561403336411,56,1,4,44
com_erro,mlp,lacuna,60,50,50,94,94,37,57,44,50,13,18,5,0.9148936170212766,0.9145454545454546,0.9090909090909091,0.9090909090909091,0.9090909090909091,0.9199999999816001,46,4,4,40
com_erro,mlp,lacuna,60,55,55,86,86,33,53,41,45,13,16,3,0.9418604651162791,0.9390243902439024,1.0,0.8780487804878049,0.935064935064935,0.9999999999777779,45,0,5,36
com_erro,mlp,lacuna,60,60,60,79,79,27,52,35,44,14,18,4,0.8987341772151899,0.8886363636363637,0.9655172413793104,0.8,0.875,0.9772727272505166,43,1,7,28
com_erro,mlp,lacuna,70,5,5,937,937,375,562,479,458,18,31,13,0.9573105656350054,0.9570019418183807,0.9470468431771895,0.9707724425887265,0.9587628865979382,0.9432314410459754,432,26,14,465
com_erro,mlp,lacuna,70,10,10,469,469,188,281,239,230,17,22,5,0.9594882729211087,0.9598417318537384,0.9782608695652174,0.9414225941422594,0.9594882729211087,0.9782608695609641,225,5,14,225
com_erro,mlp,lacuna,70,15,15,313,313,125,188,158,155,16,24,8,0.9456869009584664,0.9458350347080441,0.9607843137254902,0.930379746835443,0.9453376205787781,0.9612903225744434,149,6,11,147
com_erro,mlp,lacuna,70,20,20,235,235,95,140,120,115,15,20,5,0.9446808510638298,0.9451086956521739,0.9652173913043478,0.925,0.9446808510638298,0.9652173912959546,111,4,9,111
com_erro,mlp,lacuna,70,25,25,188,188,75,113,96,92,14,17,3,0.9361702127659575,0.9368206521739131,0.9666666666666667,0.90625,0.9354838709677419,0.9673913043373109,89,3,9,87
com_erro,mlp,lacuna,70,30,30,157,157,63,94,78,79,15,17,2,0.9426751592356688,0.9423888347938981,0.9859154929577465,0.8974358974358975,0.9395973154362416,0.9873417721394007,78,1,8,70
com_erro,mlp,lacuna,70,35,35,134,134,57,77,67,67,14,18,4,0.917910447761194,0.9179104477611941,0.9375,0.8955223880597015,0.916030534351145,0.9402985074486522,63,4,7,60
com_erro,mlp,lacuna,70,40,40,118,118,48,70,61,57,13,17,4,0.8813559322033898,0.8829450675870003,0.9272727272727272,0.8360655737704918,0.8793103448275862,0.9298245613871962,53,4,10,51
com_erro,mlp,lacuna,70,45,45,105,105,40,65,51,54,15,19,4,0.8952380952380953,0.894880174291939,0.9,0.8823529411764706,0.8910891089108911,0.9074074073906037,49,5,6,45
com_erro,mlp,lacuna,70,50,50,94,94,39,55,46,48,12,14,2,0.9148936170212766,0.9144021739130435,0.9318181818181818,0.8913043478260869,0.9111111111111111,0.9374999999804688,45,3,5,41
com_erro,mlp,lacuna,70,55,55,86,86,34,52,43,43,14,18,4,0.8953488372093024,0.8953488372093024,0.9473684210526315,0.8372093023255814,0.8888888888888888,0.9534883720708491,41,2,7,36
com_erro,mlp,lacuna,70,60,60,79,79,30,49,38,41,15,16,1,0.8607594936708861,0.857188703465982,0.9354838709677419,0.7631578947368421,0.8405797101449275,0.9512195121719216,39,2,9,29
com_erro,mlp,lacuna,70,65,65,73,73,30,43,39,34,13,15,2,0.8767123287671232,0.8827300150829562,0.96875,0.7948717948717948,0.8732394366197183,0.970588235265571,33,1,8,31
com_erro,mlp,lacuna,70,70,70,67,67,30,37,34,33,13,13,0,0.9701492537313433,0.9701426024955437,0.9705882352941176,0.9705882352941176,0.9705882352941176,0.969696969667585,32,1,1,33
com_erro,mlp,lacuna,80,5,5,935,935,401,534,511,424,14,22,8,0.9582887700534759,0.9596310416128199,0.9777327935222672,0.9452054794520548,0.9611940298507463,0.9740566037712877,413,11,28,483
com_erro,mlp,lacuna,80,10,10,468,468,201,267,255,213,14,21,7,0.9444444444444444,0.9455399061032863,0.9635627530364372,0.9333333333333333,0.9482071713147411,0.957746478868743,204,9,17,238
com_erro,mlp,lacuna,80,15,15,312,312,133,179,167,145,14,18,4,0.9583333333333334,0.959715052653314,0.98125,0.9401197604790419,0.9602446483180428,0.9793103448208325,142,3,10,157
com_erro,mlp,lacuna,80,20,20,234,234,100,134,127,107,13,17,4,0.9358974358974359,0.9380013246007801,0.9666666666666667,0.9133858267716536,0.9392712550607287,0.9626168224209101,103,4,11,116
com_erro,mlp,lacuna,80,25,25,187,187,83,104,102,85,12,20,8,0.8823529411764706,0.884313725490196,0.9166666666666666,0.8627450980392157,0.8888888888888888,0.905882352930519,77,8,14,88
com_erro,mlp,lacuna,80,30,30,156,156,65,91,82,74,13,20,7,0.9038461538461539,0.9065589980224127,0.958904109589041,0.8536585365853658,0.9032258064516129,0.9594594594464937,71,3,12,70
com_erro,mlp,lacuna,80,35,35,134,134,60,74,71,63,13,20,7,0.9029850746268657,0.9021909233176839,0.9027777777777778,0.9154929577464789,0.9090909090909091,0.8888888888747796,56,7,6,65
com_erro,mlp,lacuna,80,40,40,117,117,50,67,66,51,11,16,5,0.8888888888888888,0.8970588235294118,0.9649122807017544,0.8333333333333334,0.8943089430894309,0.9607843137066514,49,2,11,55
com_erro,mlp,lacuna,80,45,45,104,104,46,58,53,51,13,14,1,0.9038461538461539,0.9038105808361081,0.9056603773584906,0.9056603773584906,0.9056603773584906,0.9019607842960401,46,5,5,48
com_erro,mlp,lacuna,80,50,50,94,94,44,50,51,43,11,19,8,0.7978723404255319,0.802781577747378,0.8636363636363636,0.7450980392156863,0.8,0.860465116259059,37,6,13,38
com_erro,mlp,lacuna,80,55,55,85,85,36,49,48,37,12,15,3,0.8235294117647058,0.8313626126126126,0.9024390243902439,0.7708333333333334,0.8314606741573034,0.8918918918677868,33,4,11,37
com_erro,mlp,lacuna,80,60,60,78,78,32,46,41,37,12,16,4,0.8974358974358975,0.9024390243902439,1.0,0.8048780487804879,0.8918918918918919,0.9999999999729731,37,0,8,33
com_erro,mlp,lacuna,80,65,65,72,72,32,40,40,32,11,14,3,0.8194444444444444,0.821875,0.8648648648648649,0.8,0.8311688311688312,0.8437499999736329,27,5,8,32
com_erro,mlp,lacuna,80,70,70,67,67,32,35,34,33,13,14,1,0.9402985074626866,0.9398395721925134,0.9166666666666666,0.9705882352941176,0.9428571428571428,0.909090909063361,30,3,1,33
com_erro,mlp,lacuna,80,75,75,63,63,30,33,36,27,11,13,2,0.8888888888888888,0.8981481481481481,0.967741935483871,0.8333333333333334,0.8955223880597015,0.9629629629272977,26,1,6,30
com_erro,mlp,lacuna,80,80,80,59,59,26,33,35,24,11,14,3,0.8305084745762712,0.8505952380952382,0.9629629629629629,0.7428571428571429,0.8387096774193549,0.9583333332934028,23,1,9,26
com_erro,mlp,lacuna,90,5,5,933,933,427,506,537,396,13,22,9,0.9314040728831725,0.9298008013091812,0.9404096834264432,0.9404096834264432,0.9404096834264432,0.919191919189598,364,32,32,505
com_erro,mlp,lacuna,90,10,10,467,467,214,253,268,199,13,19,6,0.9357601713062098,0.934326483162079,0.9440298507462687,0.9440298507462687,0.9440298507462687,0.9246231155732432,184,15,15,253
com_erro,mlp,lacuna,90,15,15,311,311,142,169,176,135,12,17,5,0.932475884244373,0.9368897306397306,0.9754601226993865,0.9034090909090909,0.9380530973451328,0.9703703703631825,131,4,17,159
com_erro,mlp,lacuna,90,20,20,234,234,108,126,134,100,13,18,5,0.905982905982906,0.905223880597015,0.9242424242424242,0.9104477611940298,0.9172932330827067,0.899999999991,90,10,12,122
com_erro,mlp,lacuna,90,25,25,187,187,86,101,107,80,12,20,8,0.8877005347593583,0.8829439252336448,0.8909090909090909,0.9158878504672897,0.9032258064516129,0.8499999999893749,68,12,9,98
com_erro,mlp,lacuna,90,30,30,156,156,71,85,87,69,12,19,7,0.9038461538461539,0.9032983508245878,0.9186046511627907,0.9080459770114943,0.9132947976878613,0.8985507246246587,62,7,8,79
com_erro,mlp,lacuna,90,35,35,134,134,66,68,75,59,13,17,4,0.8880597014925373,0.883728813559322,0.8846153846153846,0.92,0.9019607843137255,0.8474576271042804,50,9,6,69
com_erro,mlp,lacuna,90,40,40,117,117,54,63,67,50,11,17,6,0.8376068376068376,0.8302985074626865,0.8428571428571429,0.8805970149253731,0.8613138686131386,0.7799999999844001,39,11,8,59
com_erro,mlp,lacuna,90,45,45,104,104,49,55,60,44,11,16,5,0.8461538461538461,0.8424242424242425,0.8666666666666667,0.8666666666666667,0.8666666666666667,0.8181818181632232,36,8,8,52
com_erro,mlp,lacuna,90,50,50,94,94,45,49,55,39,11,15,4,0.8404255319148937,0.8337995337995338,0.8571428571428571,0.8727272727272727,0.8648648648648649,0.7948717948514136,31,8,7,48
com_erro,mlp,lacuna,90,55,55,85,85,41,44,51,34,11,14,3,0.8470588235294118,0.8480392156862745,0.8958333333333334,0.8431372549019608,0.8686868686868687,0.8529411764455018,29,5,8,43
com_erro,mlp,lacuna,90,60,60,78,78,37,41,44,34,11,14,3,0.8717948717948718,0.8729946524064172,0.9047619047619048,0.8636363636363636,0.8837209302325582,0.8823529411505191,30,4,6,38
com_erro,mlp,lacuna,90,65,65,72,72,34,38,42,30,11,14,3,0.8611111111111112,0.861904761904762,0.9,0.8571428571428571,0.8780487804878049,0.8666666666377778,26,4,6,36
com_erro,mlp,lacuna,90,70,70,67,67,33,34,36,31,12,14,2,0.9104477611940298,0.9099462365591398,0.9166666666666666,0.9166666666666666,0.9166666666666666,0.9032258064224766,28,3,3,33
com_erro,mlp,lacuna,90,75,75,63,63,30,33,37,26,11,12,1,0.9047619047619048,0.9074844074844075,0.9428571428571428,0.8918918918918919,0.9166666666666666,0.9230769230414201,24,2,4,33
com_erro,mlp,lacuna,90,80,80,59,59,29,30,36,23,10,12,2,0.7966101694915254,0.7783816425120773,0.8157894736842105,0.8611111111111112,0.8378378378378378,0.6956521738827978,16,7,5,31
com_erro,mlp,lacuna,90,85,85,55,55,24,31,29,26,12,13,1,0.8909090909090909,0.8945623342175066,0.96,0.8275862068965517,0.8888888888888888,0.9615384615014793,25,1,5,24
com_erro,mlp,lacuna,90,90,90,52,52,24,28,30,22,10,12,2,0.8653846153846154,0.8712121212121212,0.9259259259259259,0.8333333333333334,0.8771929824561403,0.9090909090495868,20,2,5,25
com_erro,mlp,lacuna,100,5,5,931,931,452,479,561,370,13,19,6,0.9559613319011815,0.9537963096786626,0.9626334519572953,0.964349376114082,0.9634906500445236,0.943243243240694,349,21,20,541
com_erro,mlp,lacuna,100,10,10,466,466,226,240,280,186,13,18,5,0.9420600858369099,0.9418586789554532,0.96,0.9428571428571428,0.9513513513513514,0.9408602150487051,175,11,16,264
com_erro,mlp,lacuna,100,15,15,311,311,151,160,186,125,13,19,6,0.9292604501607717,0.927741935483871,0.9456521739130435,0.9354838709677419,0.9405405405405406,0.9199999999926399,115,10,12,174
com_erro,mlp,lacuna,100,20,20,233,233,112,121,140,93,11,14,3,0.9098712446351931,0.9051459293394777,0.9219858156028369,0.9285714285714286,0.9252669039145908,0.881720430098046,82,11,10,130
com_erro,mlp,lacuna,100,25,25,187,187,90,97,112,75,12,13,1,0.9411764705882353,0.9420833333333334,0.963302752293578,0.9375,0.9502262443438914,0.9466666666540444,71,4,7,105
com_erro,mlp,lacuna,100,30,30,156,156,76,80,92,64,13,17,4,0.9166666666666666,0.9127038043478262,0.9247311827956989,0.9347826086956522,0.9297297297297298,0.8906249999860839,57,7,6,86
com_erro,mlp,lacuna,100,35,35,133,133,67,66,81,52,11,13,2,0.924812030075188,0.9245014245014245,0.9493670886075949,0.9259259259259259,0.9375,0.9230769230591717,48,4,6,75
com_erro,mlp,lacuna,100,40,40,117,117,56,61,68,49,11,16,5,0.9230769230769231,0.9224189675870349,0.9402985074626866,0.9264705882352942,0.9333333333333333,0.9183673469200334,45,4,5,63
com_erro,mlp,lacuna,100,45,45,104,104,50,54,63,41,11,13,2,0.9423076923076923,0.9481223383662407,0.9830508474576272,0.9206349206349206,0.9508196721311475,0.9756097560737657,40,1,5,58
com_erro,mlp,lacuna,100,50,50,94,94,46,48,58,36,12,11,-1,0.9361702127659575,0.9430076628352491,0.9814814814814815,0.9137931034482759,0.9464285714285714,0.9722222221952161,35,1,5,53
com_erro,mlp,lacuna,100,55,55,85,85,42,43,53,32,11,12,1,0.9176470588235294,0.9215801886792453,0.96,0.9056603773584906,0.9320388349514563,0.9374999999707032,30,2,5,48
com_erro,mlp,lacuna,100,60,60,78,78,39,39,46,32,11,12,1,0.9487179487179487,0.9517663043478262,0.9772727272727273,0.9347826086956522,0.9555555555555556,0.9687499999697267,31,1,3,43
com_erro,mlp,lacuna,100,65,65,72,72,35,37,44,28,11,11,0,0.9583333333333334,0.9659090909090908,1.0,0.9318181818181818,0.9647058823529412,0.9999999999642857,28,0,3,41
com_erro,mlp,lacuna,100,70,70,67,67,34,33,39,28,11,13,2,0.9104477611940298,0.9029304029304028,0.9024390243902439,0.9487179487179487,0.925,0.8571428571122449,24,4,2,37
com_erro,mlp,lacuna,100,75,75,63,63,31,32,39,24,10,11,1,0.9047619047619048,0.8990384615384616,0.9230769230769231,0.9230769230769231,0.9230769230769231,0.8749999999635417,21,3,3,36
com_erro,mlp,lacuna,100,80,80,59,59,29,30,36,23,10,12,2,0.9152542372881356,0.9148550724637681,0.9428571428571428,0.9166666666666666,0.9295774647887324,0.913043478221172,21,2,3,33
com_erro,mlp,lacuna,100,85,85,55,55,26,29,31,24,11,12,1,0.8909090909090909,0.8891129032258065,0.9032258064516129,0.9032258064516129,0.9032258064516129,0.8749999999635417,21,3,3,28
com_erro,mlp,lacuna,100,90,90,52,52,24,28,31,21,9,11,2,0.9230769230769231,0.9278033794162825,0.9655172413793104,0.9032258064516129,0.9333333333333333,0.9523809523356009,20,1,3,28
com_erro,mlp,lacuna,100,95,95,49,49,23,26,30,19,10,12,2,0.8775510204081632,0.880701754385965,0.9285714285714286,0.8666666666666667,0.896551724137931,0.8947368420581717,17,2,4,26
com_erro,mlp,lacuna,100,100,100,47,47,22,25,26,21,11,11,0,0.9148936170212766,0.9184981684981685,0.9583333333333334,0.8846153846153846,0.92,0.9523809523356009,20,1,3,23
com_erro,mlp,oscilacao,20,5,5,947,947,382,565,419,528,21,32,11,0.9376979936642027,0.9318114016055543,0.9761904761904762,0.8806682577565632,0.9259723964868256,0.9829545454526838,519,9,50,369
com_erro,mlp,oscilacao,20,10,10,474,474,190,284,211,263,19,31,12,0.9219409282700421,0.9156019678157605,0.9627659574468085,0.8578199052132701,0.9072681704260651,0.9733840304145499,256,7,30,181
com_erro,mlp,oscilacao,20,15,15,316,316,126,190,137,179,19,27,8,0.9240506329113924,0.9141214370183093,0.9829059829059829,0.8394160583941606,0.905511811023622,0.988826815636934,177,2,22,115
com_erro,mlp,oscilacao,20,20,20,237,237,94,143,106,131,19,22,3,0.9409282700421941,0.9348624513898891,0.9893617021276596,0.8773584905660378,0.93,0.9923664122061652,130,1,13,93
com_erro,mlp,oscilacao,30,5,5,945,945,418,527,457,488,18,28,10,0.9227513227513228,0.9207568066865157,0.9776119402985075,0.8599562363238512,0.9150174621653085,0.9815573770471689,479,9,64,393
com_erro,mlp,oscilacao,30,10,10,473,473,208,265,229,244,18,24,6,0.8942917547568711,0.891769274822822,0.9637305699481865,0.8122270742358079,0.8815165876777251,0.9713114754058553,237,7,43,186
com_erro,mlp,oscilacao,30,15,15,315,315,139,176,152,163,18,23,5,0.9015873015873016,0.8991362608976429,0.9618320610687023,0.8289473684210527,0.8904593639575972,0.9693251533682864,158,5,26,126
com_erro,mlp,oscilacao,30,20,20,237,237,103,134,115,122,18,22,4,0.890295358649789,0.887704918032787,0.968421052631579,0.8,0.8761904761904762,0.9754098360575786,119,3,23,92
com_erro,mlp,oscilacao,30,25,25,189,189,84,105,90,99,16,19,3,0.9153439153439153,0.9116161616161617,0.9868421052631579,0.8333333333333334,0.9036144578313253,0.9898989898889908,98,1,15,75
com_erro,mlp,oscilacao,30,30,30,158,158,72,86,76,82,16,20,4,0.8734177215189873,0.8693838254172015,0.9666666666666667,0.7631578947368421,0.8529411764705882,0.9756097560856632,80,2,18,58
com_erro,mlp,oscilacao,40,5,5,943,943,454,489,491,452,18,35,17,0.9098621420996819,0.912299713425734,0.9699074074074074,0.8533604887983707,0.9079089924160346,0.9712389380509486,439,13,72,419
com_erro,mlp,oscilacao,40,10,10,472,472,226,246,246,226,18,30,12,0.8961864406779662,0.8986078135117634,0.9539170506912442,0.8414634146341463,0.8941684665226782,0.9557522123851516,216,10,39,207
com_erro,mlp,oscilacao,40,15,15,315,315,151,164,162,153,17,26,9,0.8984126984126984,0.9003267973856209,0.9642857142857143,0.8333333333333334,0.8940397350993378,0.9673202614315862,148,5,27,135
com_erro,mlp,oscilacao,40,20,20,236,236,112,124,124,112,17,21,4,0.9110169491525424,0.913594470046083,0.963963963963964,0.8629032258064516,0.9106382978723404,0.9642857142771045,108,4,17,107
com_erro,mlp,oscilacao,40,25,25,189,189,91,98,97,92,16,19,3,0.9153439153439153,0.9172456297624383,0.9879518072289156,0.845360824742268,0.9111111111111111,0.9891304347718572,91,1,15,82
com_erro,mlp,oscilacao,40,30,30,158,158,77,81,82,76,16,17,1,0.879746835443038,0.883183568677792,0.9701492537313433,0.7926829268292683,0.87248322147651,0.9736842105135041,74,2,17,65
com_erro,mlp,oscilacao,40,35,35,135,135,64,71,71,64,14,17,3,0.8814814814814815,0.8865536971830985,0.9824561403508771,0.7887323943661971,0.875,0.9843749999846191,63,1,15,56
com_erro,mlp,oscilacao,40,40,40,118,118,58,60,61,57,15,17,2,0.8728813559322034,0.8741731377624389,0.9107142857142857,0.8360655737704918,0.8717948717948718,0.912280701738381,52,5,10,51
com_erro,mlp,oscilacao,50,5,5,941,941,486,455,525,416,16,32,16,0.9086078639744952,0.9126053113553113,0.9544513457556936,0.878095238095238,0.9146825396825397,0.947115384613108,394,22,64,461
com_erro,mlp,oscilacao,50,10,10,471,471,243,228,263,208,16,29,13,0.8895966029723992,0.8930973968996783,0.934156378600823,0.8631178707224335,0.8972332015810277,0.9230769230724852,192,16,36,227
com_erro,mlp,oscilacao,50,15,15,314,314,160,154,172,142,16,26,10,0.9012738853503185,0.9068129708483459,0.9668874172185431,0.8488372093023255,0.9040247678018576,0.964788732387572,137,5,26,146
com_erro,mlp,oscilacao,50,20,20,236,236,121,115,132,104,16,25,9,0.8686440677966102,0.8744172494172495,0.9316239316239316,0.8257575757575758,0.8755020080321285,0.9230769230680473,96,8,23,109
com_erro,mlp,oscilacao,50,25,25,189,189,97,92,105,84,16,17,1,0.91005291005291,0.9166666666666666,0.9782608695652174,0.8571428571428571,0.9137055837563451,0.9761904761788548,82,2,15,90
com_erro,mlp,oscilacao,50,30,30,157,157,78,79,87,70,15,19,4,0.8789808917197452,0.8866174055829228,0.9594594594594594,0.8160919540229885,0.8819875776397516,0.9571428571291837,67,3,16,71
com_erro,mlp,oscilacao,50,35,35,135,135,68,67,74,61,15,16,1,0.9111111111111111,0.9189189189189189,1.0,0.8378378378378378,0.9117647058823529,0.9999999999836067,61,0,12,62
com_erro,mlp,oscilacao,50,40,40,118,118,63,55,64,54,14,16,2,0.8728813559322034,0.877025462962963,0.9298245614035088,0.828125,0.8760330578512396,0.9259259259087792,50,4,11,53
com_erro,mlp,oscilacao,50,45,45,105,105,52,53,57,48,13,16,3,0.8952380952380953,0.8969298245614035,0.9259259259259259,0.8771929824561403,0.9009009009009009,0.9166666666475695,44,4,7,50
com_erro,mlp,oscilacao,50,50,50,95,95,49,46,53,42,15,16,1,0.8842105263157894,0.8937556154537287,0.9772727272727273,0.8113207547169812,0.8865979381443299,0.9761904761672336,41,1,10,43
com_erro,mlp,oscilacao,60,5,5,939,939,515,424,555,384,16,35,19,0.8977635782747604,0.9042863175675675,0.9544554455445544,0.8684684684684685,0.909433962264151,0.9401041666642185,361,23,73,482
com_erro,mlp,oscilacao,60,10,10,470,470,257,213,278,192,15,28,13,0.8787234042553191,0.8845923261390887,0.9367588932806324,0.8525179856115108,0.8926553672316384,0.9166666666618924,176,16,41,237
com_erro,mlp,oscilacao,60,15,15,313,313,171,142,184,129,15,25,10,0.9009584664536742,0.9076508257499157,0.9580838323353293,0.8695652173913043,0.9116809116809117,0.9457364341011959,122,7,24,160
com_erro,mlp,oscilacao,60,20,20,235,235,128,107,140,95,15,22,7,0.8808510638297873,0.8932330827067669,0.9666666666666667,0.8285714285714286,0.8923076923076924,0.9578947368320221,91,4,24,116
com_erro,mlp,oscilacao,60,25,25,188,188,103,85,112,76,14,18,4,0.8936170212765957,0.9064849624060151,0.9791666666666666,0.8392857142857143,0.9038461538461539,0.9736842105135041,74,2,18,94
com_erro,mlp,oscilacao,60,30,30,157,157,88,69,91,66,14,17,3,0.9044585987261147,0.9113386613386614,0.9634146341463414,0.8681318681318682,0.9132947976878613,0.9545454545309917,63,3,12,79
com_erro,mlp,oscilacao,60,35,35,135,135,73,62,78,57,14,21,7,0.8666666666666667,0.8728070175438596,0.9285714285714286,0.8333333333333334,0.8783783783783784,0.912280701738381,52,5,13,65
com_erro,mlp,oscilacao,60,40,40,118,118,65,53,69,49,14,15,1,0.8898305084745762,0.9028393966282164,0.9827586206896551,0.8260869565217391,0.8976377952755905,0.9795918367147023,48,1,12,57
com_erro,mlp,oscilacao,60,45,45,105,105,55,50,58,47,14,18,4,0.9047619047619048,0.9097578870139398,0.9615384615384616,0.8620689655172413,0.9090909090909091,0.9574468084902672,45,2,8,50
com_erro,mlp,oscilacao,60,50,50,94,94,52,42,56,38,12,16,4,0.8829787234042553,0.9017857142857143,1.0,0.8035714285714286,0.8910891089108911,0.9999999999736843,38,0,11,45
com_erro,mlp,oscilacao,60,55,55,86,86,50,36,51,35,14,14,0,0.872093023255814,0.8831932773109243,0.9545454545454546,0.8235294117647058,0.8842105263157894,0.9428571428302042,33,2,9,42
com_erro,mlp,oscilacao,60,60,60,79,79,45,34,46,33,13,17,4,0.8734177215189873,0.8827404479578393,0.95,0.8260869565217391,0.8837209302325582,0.939393939365473,31,2,8,38
com_erro,mlp,oscilacao,70,5,5,937,937,542,395,584,353,15,30,15,0.8740661686232657,0.877122220497497,0.9283088235294118,0.8647260273972602,0.8953900709219859,0.8895184135952139,314,39,79,505
com_erro,mlp,oscilacao,70,10,10,469,469,271,198,292,177,15,24,9,0.8614072494669509,0.8664480303382092,0.9250936329588015,0.8458904109589042,0.8837209302325582,0.8870056497125028,157,20,45,247
com_erro,mlp,oscilacao,70,15,15,313,313,181,132,193,120,13,22,9,0.8945686900958466,0.9018998272884283,0.9545454545454546,0.8704663212435233,0.9105691056910569,0.9333333333255556,112,8,25,168
com_erro,mlp,oscilacao,70,20,20,235,235,135,100,147,88,14,20,6,0.8851063829787233,0.89676097711812,0.9615384615384616,0.8503401360544217,0.9025270758122743,0.9431818181711001,83,5,22,125
com_erro,mlp,oscilacao,70,25,25,188,188,109,79,116,72,14,17,3,0.898936170212766,0.9075670498084292,0.9619047619047619,0.8706896551724138,0.9140271493212669,0.9444444444313271,68,4,15,101
com_erro,mlp,oscilacao,70,30,30,157,157,92,65,97,60,13,17,4,0.8726114649681529,0.8873711340206185,0.963855421686747,0.8247422680412371,0.8888888888888888,0.9499999999841667,57,3,17,80
com_erro,mlp,oscilacao,70,35,35,134,134,74,60,84,50,12,16,4,0.8656716417910447,0.8888095238095238,0.9852941176470589,0.7976190476190477,0.881578947368421,0.9799999999804001,49,1,17,67
com_erro,mlp,oscilacao,70,40,40,118,118,68,50,74,44,13,17,4,0.847457627118644,0.85995085995086,0.9375,0.8108108108108109,0.8695652173913043,0.909090909070248,40,4,14,60
com_erro,mlp,oscilacao,70,45,45,105,105,59,46,62,43,12,15,3,0.8761904761904762,0.8809077269317329,0.9298245614035088,0.8548387096774194,0.8907563025210085,0.9069767441649541,39,4,9,53
com_erro,mlp,oscilacao,70,50,50,94,94,53,41,58,36,11,15,4,0.851063829787234,0.8687739463601533,0.9583333333333334,0.7931034482758621,0.8679245283018868,0.94444444441821,34,2,12,46
com_erro,mlp,oscilacao,70,55,55,86,86,53,33,52,34,13,15,2,0.9186046511627907,0.9123303167420814,0.9245283018867925,0.9423076923076923,0.9333333333333333,0.8823529411505191,30,4,3,49
com_erro,mlp,oscilacao,70,60,60,79,79,46,33,50,29,11,15,4,0.8354430379746836,0.8627586206896551,0.9743589743589743,0.76,0.8539325842696629,0.9655172413460167,28,1,12,38
com_erro,mlp,oscilacao,70,65,65,73,73,41,32,47,26,11,11,0,0.8082191780821918,0.8424713584288053,0.9714285714285714,0.723404255319149,0.8292682926829268,0.9615384615014793,25,1,13,34
com_erro,mlp,oscilacao,70,70,70,67,67,34,33,43,24,10,14,4,0.8059701492537313,0.8212209302325582,0.9166666666666666,0.7674418604651163,0.8354430379746836,0.8749999999635417,21,3,10,33
com_erro,mlp,oscilacao,80,5,5,935,935,568,367,611,324,13,28,15,0.8834224598930481,0.8818067931543109,0.9312714776632303,0.8870703764320785,0.9086336965632859,0.8765432098738378,284,40,69,542
com_erro,mlp,oscilacao,80,10,10,468,468,284,184,306,162,13,23,10,0.8696581196581197,0.8625635439360929,0.9124579124579124,0.8856209150326797,0.8988391376451078,0.839506172834324,136,26,35,271
com_erro,mlp,oscilacao,80,15,15,312,312,187,125,201,111,13,19,6,0.9134615384615384,0.9187172246873739,0.9627659574468085,0.900497512437811,0.9305912596401028,0.936936936928496,104,7,20,181
com_erro,mlp,oscilacao,80,20,20,234,234,141,93,154,80,12,18,6,0.8888888888888888,0.8945616883116883,0.9507042253521126,0.8766233766233766,0.9121621621621622,0.9124999999885937,73,7,19,135
com_erro,mlp,oscilacao,80,25,25,187,187,114,73,120,67,12,17,5,0.8983957219251337,0.9010572139303483,0.9469026548672567,0.8916666666666667,0.9184549356223176,0.910447761180441,61,6,13,107
com_erro,mlp,oscilacao,80,30,30,156,156,91,65,102,54,11,15,4,0.8910256410256411,0.9123093681917211,0.9885057471264368,0.8431372549019608,0.91005291005291,0.9814814814633059,53,1,16,86
com_erro,mlp,oscilacao,80,35,35,134,134,80,54,87,47,13,16,3,0.8731343283582089,0.8827341648324774,0.9487179487179487,0.8505747126436781,0.896969696969697,0.9148936170018108,43,4,13,74
com_erro,mlp,oscilacao,80,40,40,117,117,72,45,76,41,11,13,2,0.8888888888888888,0.8920089858793325,0.9436619718309859,0.881578947368421,0.9115646258503401,0.9024390243682333,37,4,9,67
com_erro,mlp,oscilacao,80,45,45,104,104,60,44,66,38,11,16,5,0.875,0.8791866028708134,0.9344262295081968,0.8636363636363636,0.8976377952755905,0.8947368420817176,34,4,9,57
com_erro,mlp,oscilacao,80,50,50,94,94,57,37,59,35,11,14,3,0.9042553191489362,0.9121065375302664,0.9629629629629629,0.8813559322033898,0.9203539823008849,0.9428571428302042,33,2,7,52
com_erro,mlp,oscilacao,80,55,55,85,85,53,32,57,28,10,15,5,0.8588235294117647,0.8674812030075187,0.9411764705882353,0.8421052631578947,0.8888888888888888,0.8928571428252551,25,3,9,48
com_erro,mlp,oscilacao,80,60,60,78,78,45,33,53,25,9,13,4,0.8846153846153846,0.9045283018867925,0.9782608695652174,0.8490566037735849,0.9090909090909091,0.9599999999616,24,1,8,45
com_erro,mlp,oscilacao,80,65,65,72,72,43,29,47,25,9,11,2,0.8055555555555556,0.8042553191489361,0.8837209302325582,0.8085106382978723,0.8444444444444444,0.799999999968,20,5,9,38
com_erro,mlp,oscilacao,80,70,70,67,67,40,27,44,23,10,12,2,0.9104477611940298,0.9110671936758893,0.9523809523809523,0.9090909090909091,0.9302325581395349,0.913043478221172,21,2,4,40
com_erro,mlp,oscilacao,80,75,75,63,63,35,28,41,22,11,14,3,0.7777777777777778,0.8187361419068737,0.9655172413793104,0.6829268292682927,0.8,0.9545454545020661,21,1,13,28
com_erro,mlp,oscilacao,80,80,80,59,59,37,22,37,22,10,12,2,0.847457627118644,0.85995085995086,0.9375,0.8108108108108109,0.8695652173913043,0.9090909090495868,20,2,7,30
com_erro,mlp,oscilacao,90,5,5,933,933,594,339,635,298,13,24,11,0.8863879957127545,0.8907123606193521,0.9505962521294719,0.878740157480315,0.9132569558101473,0.9026845637553601,269,29,77,558
com_erro,mlp,oscilacao,90,10,10,467,467,297,170,318,149,12,19,7,0.8886509635974305,0.8968384618631549,0.9586206896551724,0.8742138364779874,0.9144736842105263,0.9194630872421513,137,12,40,278
com_erro,mlp,oscilacao,90,15,15,311,311,197,114,210,101,13,16,3,0.9003215434083601,0.9107732201791607,0.9685863874345549,0.8809523809523809,0.9226932668329177,0.9405940593966278,95,6,25,185
com_erro,mlp,oscilacao,90,20,20,234,234,148,86,160,74,12,18,6,0.8632478632478633,0.8818412162162163,0.9637681159420289,0.83125,0.8926174496644296,0.932432432419832,69,5,27,133
com_erro,mlp,oscilacao,90,25,25,187,187,119,68,125,62,13,14,1,0.9037433155080213,0.911741935483871,0.9652173913043478,0.888,0.925,0.9354838709526535,58,4,14,111
com_erro,mlp,oscilacao,90,30,30,156,156,101,55,104,52,12,13,1,0.8974358974358975,0.9038461538461539,0.9583333333333334,0.8846153846153846,0.92,0.9230769230591717,48,4,12,92
com_erro,mlp,oscilacao,90,35,35,134,134,85,49,89,45,12,14,2,0.8731343283582089,0.8660424469413233,0.9186046511627907,0.8876404494382022,0.9028571428571428,0.8444444444256791,38,7,10,79
com_erro,mlp,oscilacao,90,40,40,117,117,76,41,78,39,10,13,3,0.9145299145299145,0.9294871794871795,0.9857142857142858,0.8846153846153846,0.9324324324324325,0.9743589743339909,38,1,9,69
com_erro,mlp,oscilacao,90,45,45,104,104,65,39,70,34,11,13,2,0.8942307692307693,0.8911764705882352,0.9402985074626866,0.9,0.9197080291970803,0.8823529411505191,30,4,7,63
com_erro,mlp,oscilacao,90,50,50,94,94,60,34,63,31,12,13,1,0.8936170212765957,0.9042498719918075,0.9649122807017544,0.873015873015873,0.9166666666666666,0.935483870937565,29,2,8,55
com_erro,mlp,oscilacao,90,55,55,85,85,55,30,58,27,10,11,1,0.9058823529411765,0.9310344827586207,1.0,0.8620689655172413,0.9259259259259259,0.999999999962963,27,0,8,50
com_erro,mlp,oscilacao,90,60,60,78,78,51,27,53,25,9,11,2,0.9102564102564102,0.9233962264150943,0.9791666666666666,0.8867924528301887,0.9306930693069307,0.9599999999616,24,1,6,47
com_erro,mlp,oscilacao,90,65,65,72,72,44,28,48,24,8,12,4,0.9166666666666666,0.9166666666666666,0.9565217391304348,0.9166666666666666,0.9361702127659575,0.9166666666284722,22,2,4,44
com_erro,mlp,oscilacao,90,70,70,67,67,42,25,46,21,9,11,2,0.8656716417910447,0.8762939958592133,0.9512195121951219,0.8478260869565217,0.896551724137931,0.9047619047188209,19,2,7,39
com_erro,mlp,oscilacao,90,75,75,63,63,37,26,43,20,11,13,2,0.8412698412698413,0.8569767441860465,0.9459459459459459,0.813953488372093,0.875,0.899999999955,18,2,8,35
com_erro,mlp,oscilacao,90,80,80,59,59,38,21,39,20,9,10,1,0.8983050847457628,0.9108974358974359,0.9714285714285714,0.8717948717948718,0.918918918918919,0.9499999999525,19,1,5,34
com_erro,mlp,oscilacao,90,85,85,55,55,35,20,36,19,9,11,2,0.8909090909090909,0.9042397660818713,0.96875,0.8611111111111112,0.9117647058823529,0.9473684210027701,18,1,5,31
com_erro,mlp,oscilacao,90,90,90,52,52,33,19,35,17,9,9,0,0.9423076923076923,0.9571428571428571,1.0,0.9142857142857143,0.9552238805970149,0.9999999999411765,17,0,3,32
com_erro,mlp,oscilacao,100,5,5,931,931,618,313,658,273,12,28,16,0.8689581095596133,0.8665731431688879,0.9379084967320261,0.8723404255319149,0.9039370078740158,0.8608058608027077,235,38,84,574
com_erro,mlp,oscilacao,100,10,10,466,466,309,157,329,137,12,22,10,0.8798283261802575,0.8872052004525991,0.9565217391304348,0.8693009118541033,0.910828025477707,0.9051094890444883,124,13,43,286
com_erro,mlp,oscilacao,100,15,15,311,311,206,105,217,94,12,20,8,0.8971061093247589,0.9021472693401313,0.9601990049751243,0.8894009216589862,0.9234449760765551,0.9148936170115437,86,8,24,193
com_erro,mlp,oscilacao,100,20,20,233,233,154,79,165,68,12,18,6,0.8927038626609443,0.8983065953654189,0.9605263157894737,0.8848484848484849,0.9211356466876972,0.9117647058689445,62,6,19,146
com_erro,mlp,oscilacao,100,25,25,187,187,124,63,132,55,11,18,7,0.8609625668449198,0.8590909090909091,0.9344262295081968,0.8636363636363636,0.8976377952755905,0.8545454545299174,47,8,18,114
com_erro,mlp,oscilacao,100,30,30,156,156,104,52,109,47,10,13,3,0.8910256410256411,0.9038649228967401,0.9693877551020408,0.8715596330275229,0.9178743961352657,0.936170212746039,44,3,14,95
com_erro,mlp,oscilacao,100,35,35,133,133,86,47,92,41,10,15,5,0.8796992481203008,0.892762460233298,0.9634146341463414,0.8586956521739131,0.9080459770114943,0.9268292682700774,38,3,13,79
com_erro,mlp,oscilacao,100,40,40,117,117,78,39,82,35,11,13,2,0.8888888888888888,0.8961672473867596,0.96,0.8780487804878049,0.9171974522292994,0.9142857142595919,32,3,10,72
com_erro,mlp,oscilacao,100,45,45,104,104,67,37,71,33,12,12,0,0.9134615384615384,0.9285104566794709,0.984375,0.8873239436619719,0.9333333333333333,0.969696969667585,32,1,8,63
com_erro,mlp,oscilacao,100,50,50,94,94,63,31,67,27,11,13,2,0.8617021276595744,0.8808734107241569,0.9655172413793104,0.835820895522388,0.896,0.9259259258916324,25,2,11,56
com_erro,mlp,oscilacao,100,55,55,85,85,57,28,61,24,10,13,3,0.8823529411764706,0.905396174863388,0.9811320754716981,0.8524590163934426,0.9122807017543859,0.9583333332934028,23,1,9,52
com_erro,mlp,oscilacao,100,60,60,78,78,54,24,54,24,8,9,1,0.9487179487179487,0.9513888888888888,0.9807692307692307,0.9444444444444444,0.9622641509433962,0.9583333332934028,23,1,3,51
com_erro,mlp,oscilacao,100,65,65,72,72,46,26,50,22,8,10,2,0.8888888888888888,0.8945454545454545,0.9565217391304348,0.88,0.9166666666666666,0.9090909090495868,20,2,6,44
com_erro,mlp,oscilacao,100,70,70,67,67,43,24,46,21,9,10,1,0.9104477611940298,0.9089026915113871,0.9545454545454546,0.9130434782608695,0.9333333333333333,0.9047619047188209,19,2,4,42
com_erro,mlp,oscilacao,100,75,75,63,63,40,23,45,18,9,11,2,0.746031746031746,0.7055555555555556,0.8372093023255814,0.8,0.8181818181818182,0.6111111110771605,11,7,9,36
com_erro,mlp,oscilacao,100,80,80,59,59,39,20,42,17,10,11,1,0.7966101694915254,0.8046218487394958,0.9166666666666666,0.7857142857142857,0.8461538461538461,0.8235294117162629,14,3,9,33
com_erro,mlp,oscilacao,100,85,85,55,55,36,19,36,19,9,9,0,0.9636363636363636,0.9597953216374269,0.9722222222222222,0.9722222222222222,0.9722222222222222,0.9473684210027701,18,1,1,35
com_erro,mlp,oscilacao,100,90,90,52,52,34,18,35,17,9,12,3,0.8461538461538461,0.8554621848739496,0.9354838709677419,0.8285714285714286,0.8787878787878788,0.8823529411245675,15,2,6,29
com_erro,mlp,oscilacao,100,95,95,49,49,33,16,35,14,8,8,0,0.9183673469387755,0.8785714285714286,0.918918918918919,0.9714285714285714,0.9444444444444444,0.7857142856581633,11,3,1,34
com_erro,mlp,oscilacao,100,100,100,47,47,28,19,35,12,8,9,1,0.8723404255319149,0.8869047619047619,0.967741935483871,0.8571428571428571,0.9090909090909091,0.9166666665902777,11,1,5,30
com_erro,mlp,queda,20,5,5,947,947,235,712,253,694,24,41,17,0.9408658922914467,0.9207236504880911,0.8987854251012146,0.8774703557312253,0.888,0.9639769452435678,669,25,31,222
com_erro,mlp,queda,20,10,10,474,474,116,358,128,346,24,30,6,0.9514767932489452,0.9224620664739884,0.9565217391304348,0.859375,0.9053497942386831,0.9855491329451285,341,5,18,110
com_erro,mlp,queda,20,15,15,316,316,81,235,85,231,22,24,2,0.9525316455696202,0.9229182582123758,0.9605263157894737,0.8588235294117647,0.906832298136646,0.9870129870087143,228,3,12,73
com_erro,mlp,queda,20,20,20,237,237,57,180,64,173,21,26,5,0.9156118143459916,0.8683616329479769,0.9074074074074074,0.765625,0.8305084745762712,0.9710982658903405,168,5,15,49
com_erro,mlp,queda,30,5,5,945,945,273,672,298,647,21,36,15,0.9195767195767196,0.8978247564909806,0.8992805755395683,0.8389261744966443,0.8680555555555556,0.9567233384838382,619,28,48,250
com_erro,mlp,queda,30,10,10,473,473,135,338,151,322,21,25,4,0.9260042283298098,0.8911398132532597,0.967741935483871,0.7947019867549668,0.8727272727272727,0.9875776397484858,318,4,31,120
com_erro,mlp,queda,30,15,15,315,315,91,224,99,216,20,26,6,0.9047619047619048,0.8785774410774411,0.8791208791208791,0.8080808080808081,0.8421052631578947,0.9490740740696803,205,11,19,80
com_erro,mlp,queda,30,20,20,237,237,67,170,74,163,21,23,2,0.9156118143459916,0.8796219532415852,0.9354838709677419,0.7837837837837838,0.8529411764705882,0.9754601226934021,159,4,16,58
com_erro,mlp,queda,30,25,25,189,189,55,134,60,129,20,25,5,0.9153439153439153,0.9023255813953488,0.8666666666666667,0.8666666666666667,0.8666666666666667,0.9379844961167599,121,8,8,52
com_erro,mlp,queda,30,30,30,158,158,43,115,52,106,18,22,4,0.8734177215189873,0.8321843251088534,0.8809523809523809,0.7115384615384616,0.7872340425531915,0.9528301886702563,101,5,15,37
com_erro,mlp,queda,40,5,5,943,943,309,634,338,605,21,32,11,0.9098621420996819,0.8931928211648492,0.9067524115755627,0.834319526627219,0.8690292758089369,0.9520661157009057,576,29,56,282
com_erro,mlp,queda,40,10,10,472,472,153,319,171,301,21,28,7,0.923728813559322,0.9048396184259098,0.9470198675496688,0.8362573099415205,0.8881987577639752,0.9734219269070651,293,8,28,143
com_erro,mlp,queda,40,15,15,315,315,103,212,115,200,19,31,12,0.8857142857142857,0.8619565217391304,0.898989898989899,0.7739130434782608,0.8317757009345794,0.9499999999952501,190,10,26,89
com_erro,mlp,queda,40,20,20,236,236,76,160,85,151,18,22,4,0.8601694915254238,0.8264511102454226,0.8823529411764706,0.7058823529411765,0.7843137254901961,0.9470198675433973,143,8,25,60
com_erro,mlp,queda,40,25,25,189,189,61,128,65,124,19,25,6,0.9153439153439153,0.8915632754342432,0.9298245614035088,0.8153846153846154,0.8688524590163934,0.9677419354760666,120,4,12,53
com_erro,mlp,queda,40,30,30,158,158,49,109,61,97,19,22,3,0.8734177215189873,0.8451918201791448,0.9361702127659575,0.7213114754098361,0.8148148148148148,0.9690721649384632,94,3,17,44
com_erro,mlp,queda,40,35,35,135,135,45,90,46,89,19,18,-1,0.9111111111111111,0.89057156814851,0.9047619047619048,0.8260869565217391,0.8636363636363636,0.9550561797645499,85,4,8,38
com_erro,mlp,queda,40,40,40,118,118,37,81,43,75,17,19,2,0.8813559322033898,0.8372093023255813,1.0,0.6744186046511628,0.8055555555555556,0.9999999999866667,75,0,14,29
com_erro,mlp,queda,50,5,5,941,941,345,596,378,563,19,42,23,0.9139213602550478,0.9058966985254729,0.9159663865546218,0.8650793650793651,0.889795918367347,0.9467140319698992,533,30,51,327
com_erro,mlp,queda,50,10,10,471,471,171,300,191,280,19,31,12,0.9341825902335457,0.9238406881077038,0.9651162790697675,0.8691099476439791,0.9146005509641874,0.9785714285679337,274,6,25,166
com_erro,mlp,queda,50,15,15,314,314,117,197,127,187,17,29,12,0.8853503184713376,0.8759526716914396,0.8823529411764706,0.8267716535433071,0.8536585365853658,0.925133689834625,173,14,22,105
com_erro,mlp,queda,50,20,20,236,236,85,151,94,142,19,26,7,0.8983050847457628,0.8813305364099491,0.9375,0.7978723404255319,0.8620689655172413,0.964788732387572,137,5,19,75
com_erro,mlp,queda,50,25,25,189,189,69,120,77,112,18,21,3,0.9047619047619048,0.8871753246753247,0.9682539682539683,0.7922077922077922,0.8714285714285714,0.982142857134088,110,2,16,61
com_erro,mlp,queda,50,30,30,157,157,57,100,65,92,17,22,5,0.8789808917197452,0.86061872909699,0.9423076923076923,0.7538461538461538,0.8376068376068376,0.9673913043373109,89,3,16,49
com_erro,mlp,queda,50,35,35,135,135,51,84,50,85,18,21,3,0.8740740740740741,0.8588235294117648,0.851063829787234,0.8,0.8247422680412371,0.9176470588127336,78,7,10,40
com_erro,mlp,queda,50,40,40,118,118,42,76,47,71,15,20,5,0.8559322033898306,0.8299370692238537,0.9166666666666666,0.7021276595744681,0.7951807228915663,0.95774647885975,68,3,14,33
com_erro,mlp,queda,50,45,45,105,105,40,65,43,62,17,20,3,0.7904761904761904,0.7726931732933233,0.7837837837837838,0.6744186046511628,0.725,0.870967741921436,54,8,14,29
com_erro,mlp,queda,50,50,50,95,95,33,62,37,58,17,20,3,0.8736842105263158,0.8427306616961789,0.9629629629629629,0.7027027027027027,0.8125,0.9827586206727111,57,1,11,26
com_erro,mlp,queda,60,5,5,939,939,380,559,414,525,18,34,16,0.8828541001064962,0.8773636991028295,0.8958333333333334,0.8309178743961353,0.8621553884711779,0.9238095238077642,485,40,70,344
com_erro,mlp,queda,60,10,10,470,470,189,281,209,261,18,30,12,0.8787234042553191,0.8736457130286531,0.8917525773195877,0.8277511961722488,0.858560794044665,0.9195402298815344,240,21,36,173
com_erro,mlp,queda,60,15,15,313,313,127,186,137,176,17,25,8,0.8626198083067093,0.8568140345056403,0.8671875,0.8102189781021898,0.8377358490566038,0.9034090909039579,159,17,26,111
com_erro,mlp,queda,60,20,20,235,235,94,141,103,132,17,21,4,0.8723404255319149,0.8618343630479552,0.9195402298850575,0.7766990291262136,0.8421052631578947,0.946969696962523,125,7,23,80
com_erro,mlp,queda,60,25,25,188,188,75,113,82,106,17,22,5,0.8723404255319149,0.8660837551771744,0.881578947368421,0.8170731707317073,0.8481012658227848,0.9150943396140085,97,9,15,67
com_erro,mlp,queda,60,30,30,157,157,61,96,70,87,16,16,0,0.8471337579617835,0.8383415435139573,0.8833333333333333,0.7571428571428571,0.8153846153846154,0.919540229874488,80,7,17,53
com_erro,mlp,queda,60,35,35,135,135,55,80,60,75,17,21,4,0.8444444444444444,0.8400000000000001,0.8421052631578947,0.8,0.8205128205128205,0.8799999999882666,66,9,12,48
com_erro,mlp,queda,60,40,40,118,118,47,71,52,66,15,21,6,0.8389830508474576,0.8295454545454546,0.8666666666666667,0.75,0.8041237113402062,0.909090909077135,60,6,13,39
com_erro,mlp,queda,60,45,45,105,105,45,60,48,57,15,15,0,0.8857142857142857,0.8832236842105263,0.8913043478260869,0.8541666666666666,0.8723404255319149,0.912280701738381,52,5,7,41
com_erro,mlp,queda,60,50,50,94,94,37,57,39,55,16,18,2,0.851063829787234,0.8391608391608392,0.8571428571428571,0.7692307692307693,0.8108108108108109,0.9090909090743802,50,5,9,30
com_erro,mlp,queda,60,55,55,86,86,30,56,38,48,15,16,1,0.8604651162790697,0.850328947368421,0.90625,0.7631578947368421,0.8285714285714286,0.9374999999804688,45,3,9,29
com_erro,mlp,queda,60,60,60,79,79,28,51,33,46,15,18,3,0.8227848101265823,0.8050065876152832,0.8518518518518519,0.696969696969697,0.7666666666666667,0.9130434782410208,42,4,10,23
com_erro,mlp,queda,70,5,5,937,937,410,527,448,489,17,29,12,0.8943436499466382,0.8921290717207129,0.9308641975308642,0.8415178571428571,0.8839390386869871,0.9427402862966406,461,28,71,377
com_erro,mlp,queda,70,10,10,469,469,204,265,226,243,17,23,6,0.8912579957356077,0.8890254561346007,0.9396984924623115,0.827433628318584,0.88,0.9506172839467053,231,12,39,187
com_erro,mlp,queda,70,15,15,313,313,137,176,150,163,17,26,9,0.8626198083067093,0.8606543967280164,0.8905109489051095,0.8133333333333334,0.8501742160278746,0.907975460117129,148,15,28,122
com_erro,mlp,queda,70,20,20,235,235,101,134,112,123,16,22,6,0.8851063829787233,0.8834567363530779,0.9047619047619048,0.8482142857142857,0.8755760368663594,0.9186991869844008,113,10,17,95
com_erro,mlp,queda,70,25,25,188,188,81,107,88,100,16,19,3,0.8617021276595744,0.855,0.9428571428571428,0.75,0.8354430379746836,0.9599999999904,96,4,22,66
com_erro,mlp,queda,70,30,30,157,157,66,91,79,78,15,18,3,0.8343949044585988,0.8351996105160662,0.9491525423728814,0.7088607594936709,0.8115942028985508,0.9615384615261341,75,3,23,56
com_erro,mlp,queda,70,35,35,134,134,59,75,63,71,16,18,2,0.8432835820895522,0.8386988598256204,0.8888888888888888,0.7619047619047619,0.8205128205128205,0.9154929577335845,65,6,15,48
com_erro,mlp,queda,70,40,40,118,118,51,67,57,61,15,17,2,0.8305084745762712,0.8274374460742019,0.8936170212765957,0.7368421052631579,0.8076923076923077,0.9180327868701962,56,5,15,42
com_erro,mlp,queda,70,45,45,105,105,47,58,50,55,15,16,1,0.8476190476190476,0.8454545454545455,0.8695652173913043,0.8,0.8333333333333334,0.8909090908928926,49,6,10,40
com_erro,mlp,queda,70,50,50,94,94,40,54,44,50,15,19,4,0.8191489361702128,0.815,0.8461538461538461,0.75,0.7951807228915663,0.8799999999824001,44,6,11,33
com_erro,mlp,queda,70,55,55,86,86,35,51,40,46,14,17,3,0.8604651162790697,0.8548913043478261,0.9117647058823529,0.775,0.8378378378378378,0.9347826086753309,43,3,9,31
com_erro,mlp,queda,70,60,60,79,79,32,47,38,41,14,16,2,0.8354430379746836,0.8318356867779204,0.9032258064516129,0.7368421052631579,0.8115942028985508,0.9268292682700774,38,3,10,28
com_erro,mlp,queda,70,65,65,73,73,31,42,33,40,14,16,2,0.821917808219178,0.8162878787878788,0.8333333333333334,0.7575757575757576,0.7936507936507936,0.874999999978125,35,5,8,25
com_erro,mlp,queda,70,70,70,67,67,31,36,30,37,14,17,3,0.9253731343283582,0.922972972972973,0.9310344827586207,0.9,0.9152542372881356,0.94594594592038,35,2,3,27
com_erro,mlp,queda,80,5,5,935,935,436,499,480,455,16,37,21,0.8823529411764706,0.8827838827838828,0.9004329004329005,0.8666666666666667,0.8832271762208068,0.8989010988991233,409,46,64,416
com_erro,mlp,queda,80,10,10,468,468,218,250,242,226,16,31,15,0.8653846153846154,0.8673480582169238,0.92018779342723,0.8099173553719008,0.8615384615384616,0.9247787610578551,209,17,46,196
com_erro,mlp,queda,80,15,15,312,312,148,164,161,151,15,28,13,0.8589743589743589,0.8602690140265723,0.8979591836734694,0.8198757763975155,0.8571428571428571,0.9006622516496645,136,15,29,132
com_erro,mlp,queda,80,20,20,234,234,108,126,120,114,15,24,9,0.8461538461538461,0.8473684210526315,0.8888888888888888,0.8,0.8421052631578947,0.8947368420974146,102,12,24,96
com_erro,mlp,queda,80,25,25,187,187,87,100,97,90,15,21,6,0.8449197860962567,0.8469072164948453,0.8953488372093024,0.7938144329896907,0.8415300546448088,0.8999999999899999,81,9,20,77
com_erro,mlp,queda,80,30,30,156,156,74,82,82,74,13,21,8,0.8269230769230769,0.8314106789716547,0.9104477611940298,0.7439024390243902,0.8187919463087249,0.918918918906501,68,6,21,61
com_erro,mlp,queda,80,35,35,134,134,63,71,66,68,15,18,3,0.835820895522388,0.8355614973262032,0.84375,0.8181818181818182,0.8307692307692308,0.8529411764580449,58,10,12,54
com_erro,mlp,queda,80,40,40,117,117,53,64,60,57,13,18,5,0.8461538461538461,0.8482456140350878,0.92,0.7666666666666667,0.8363636363636363,0.9298245613871962,53,4,14,46
com_erro,mlp,queda,80,45,45,104,104,50,54,51,53,13,16,3,0.8846153846153846,0.8838327783943767,0.9148936170212766,0.8431372549019608,0.8775510204081632,0.9245283018693485,49,4,8,43
com_erro,mlp,queda,80,50,50,94,94,42,52,48,46,14,14,0,0.8297872340425532,0.8315217391304348,0.9,0.75,0.8181818181818182,0.9130434782410208,42,4,12,36
com_erro,mlp,queda,80,55,55,85,85,39,46,43,42,12,16,4,0.8588235294117647,0.8599114064230343,0.9428571428571428,0.7674418604651163,0.8461538461538461,0.9523809523582767,40,2,10,33
com_erro,mlp,queda,80,60,60,78,78,38,40,40,38,11,15,4,0.8846153846153846,0.8861842105263158,0.9428571428571428,0.825,0.88,0.9473684210277009,36,2,7,33
com_erro,mlp,queda,80,65,65,72,72,34,38,37,35,12,17,5,0.7777777777777778,0.7776061776061776,0.7837837837837838,0.7837837837837838,0.7837837837837838,0.7714285714065306,27,8,8,29
com_erro,mlp,queda,80,70,70,67,67,34,33,32,35,13,16,3,0.835820895522388,0.8348214285714286,0.8387096774193549,0.8125,0.8253968253968254,0.8571428571183675,30,5,6,26
com_erro,mlp,queda,80,75,75,63,63,30,33,33,30,12,17,5,0.7936507936507936,0.793939393939394,0.8125,0.7878787878787878,0.8,0.7999999999733334,24,6,7,26
com_erro,mlp,queda,80,80,80,59,59,26,33,28,31,13,13,0,0.847457627118644,0.8444700460829493,0.88,0.7857142857142857,0.8301886792452831,0.9032258064224766,28,3,6,22
com_erro,mlp,queda,90,5,5,933,933,458,475,510,423,16,36,20,0.894962486602358,0.8982756223056598,0.9401709401709402,0.8627450980392157,0.8997955010224948,0.9338061465698965,395,28,70,440
com_erro,mlp,queda,90,10,10,467,467,229,238,257,210,15,29,14,0.8693790149892934,0.8743561237724662,0.9298245614035088,0.8249027237354085,0.8742268041237113,0.9238095238051247,194,16,45,212
com_erro,mlp,queda,90,15,15,311,311,153,158,169,142,15,31,16,0.8713826366559485,0.8732186015501292,0.9056603773584906,0.8520710059171598,0.8780487804878049,0.8943661971768003,127,15,25,144
com_erro,mlp,queda,90,20,20,234,234,114,120,127,107,15,22,7,0.8632478632478633,0.8688645227757745,0.9357798165137615,0.8031496062992126,0.864406779661017,0.934579439243602,100,7,25,102
com_erro,mlp,queda,90,25,25,187,187,92,95,101,86,14,17,3,0.8770053475935828,0.8800944047893161,0.9239130434782609,0.8415841584158416,0.8808290155440415,0.9186046511521092,79,7,16,85
com_erro,mlp,queda,90,30,30,156,156,76,80,86,70,12,22,10,0.8205128205128205,0.825249169435216,0.881578947368421,0.7790697674418605,0.8271604938271605,0.8714285714161224,61,9,19,67
com_erro,mlp,queda,90,35,35,134,134,68,66,74,60,14,18,4,0.8805970149253731,0.8855855855855856,0.9393939393939394,0.8378378378378378,0.8857142857142857,0.9333333333177778,56,4,12,62
com_erro,mlp,queda,90,40,40,117,117,55,62,62,55,13,16,3,0.8290598290598291,0.8335777126099706,0.9038461538461539,0.7580645161290323,0.8245614035087719,0.9090909090743802,50,5,15,47
com_erro,mlp,queda,90,45,45,104,104,51,53,54,50,13,14,1,0.8653846153846154,0.8674074074074074,0.9166666666666666,0.8148148148148148,0.8627450980392157,0.9199999999816001,46,4,10,44
com_erro,mlp,queda,90,50,50,94,94,44,50,49,45,14,18,4,0.8191489361702128,0.8229024943310658,0.9,0.7346938775510204,0.8089887640449438,0.9111111110908643,41,4,13,36
com_erro,mlp,queda,90,55,55,85,85,43,42,45,40,11,13,2,0.8235294117647058,0.8305555555555555,0.9411764705882353,0.7111111111111111,0.810126582278481,0.9499999999762501,38,2,13,32
com_erro,mlp,queda,90,60,60,78,78,39,39,42,36,10,14,4,0.8076923076923077,0.8154761904761905,0.9090909090909091,0.7142857142857143,0.8,0.9166666666412038,33,3,12,30
com_erro,mlp,queda,90,65,65,72,72,34,38,39,33,11,12,1,0.8472222222222222,0.8519813519813519,0.9117647058823529,0.7948717948717948,0.8493150684931506,0.909090909063361,30,3,8,31
com_erro,mlp,queda,90,70,70,67,67,35,32,36,31,12,13,1,0.8507462686567164,0.8521505376344086,0.8823529411764706,0.8333333333333334,0.8571428571428571,0.8709677419073881,27,4,6,30
com_erro,mlp,queda,90,75,75,63,63,31,32,34,29,12,13,1,0.8412698412698413,0.8427991886409736,0.875,0.8235294117647058,0.8484848484848485,0.8620689654875149,25,4,6,28
com_erro,mlp,queda,90,80,80,59,59,27,32,28,31,13,13,0,0.8305084745762712,0.8300691244239631,0.8214285714285714,0.8214285714285714,0.8214285714285714,0.8387096773922997,26,5,5,23
com_erro,mlp,queda,90,85,85,55,55,26,29,29,26,12,11,-1,0.7272727272727273,0.73342175066313,0.8181818181818182,0.6206896551724138,0.7058823529411765,0.8461538461213017,22,4,11,18
com_erro,mlp,queda,90,90,90,52,52,25,27,28,24,9,10,1,0.8269230769230769,0.8303571428571428,0.88,0.7857142857142857,0.8301886792452831,0.8749999999635417,21,3,6,22
com_erro,mlp,queda,100,5,5,931,931,478,453,539,392,14,34,20,0.9044038668098818,0.911178107606679,0.9629629629629629,0.8682745825602969,0.9131707317073171,0.9540816326506274,374,18,71,468
com_erro,mlp,queda,100,10,10,466,466,239,227,271,195,12,26,14,0.9055793991416309,0.9116283470527013,0.9595141700404858,0.8745387453874539,0.915057915057915,0.9487179487130836,185,10,34,237
com_erro,mlp,queda,100,15,15,311,311,160,151,180,131,13,30,17,0.8778135048231511,0.8798982188295166,0.9176470588235294,0.8666666666666667,0.8914285714285715,0.8931297709855487,117,14,24,156
com_erro,mlp,queda,100,20,20,233,233,118,115,135,98,11,23,12,0.8540772532188842,0.8656840513983372,0.9469026548672567,0.7925925925925926,0.8629032258064516,0.9387755101945022,92,6,28,107
com_erro,mlp,queda,100,25,25,187,187,96,91,109,78,12,27,15,0.8663101604278075,0.8762055986826629,0.9468085106382979,0.8165137614678899,0.8768472906403941,0.9358974358854372,73,5,20,89
com_erro,mlp,queda,100,30,30,156,156,79,77,93,63,12,19,7,0.8525641025641025,0.8609831029185868,0.926829268292683,0.8172043010752689,0.8685714285714285,0.9047619047475435,57,6,17,76
com_erro,mlp,queda,100,35,35,133,133,70,63,78,55,12,18,6,0.8045112781954887,0.8092074592074592,0.8714285714285714,0.782051282051282,0.8243243243243243,0.8363636363484298,46,9,17,61
com_erro,mlp,queda,100,40,40,117,117,58,59,67,50,11,19,8,0.7777777777777778,0.783134328358209,0.847457627118644,0.746268656716418,0.7936507936507936,0.8199999999836001,41,9,17,50
com_erro,mlp,queda,100,45,45,104,104,54,50,63,41,11,11,0,0.8846153846153846,0.9047619047619048,1.0,0.8095238095238095,0.8947368421052632,0.9999999999756098,41,0,12,51
com_erro,mlp,queda,100,50,50,94,94,46,48,53,41,12,18,6,0.8191489361702128,0.8341003221352967,0.95,0.7169811320754716,0.8172043010752689,0.9512195121719216,39,2,15,38
com_erro,mlp,queda,100,55,55,85,85,43,42,49,36,11,15,4,0.8235294117647058,0.8395691609977325,0.9473684210526315,0.7346938775510204,0.8275862068965517,0.94444444441821,34,2,13,36
com_erro,mlp,queda,100,60,60,78,78,39,39,46,32,10,10,0,0.7948717948717948,0.7975543478260869,0.8571428571428571,0.782608695652174,0.8181818181818182,0.8124999999746094,26,6,10,36
com_erro,mlp,queda,100,65,65,72,72,37,35,41,31,10,13,3,0.8611111111111112,0.8701809598741148,0.9428571428571428,0.8048780487804879,0.868421052631579,0.935483870937565,29,2,8,33
com_erro,mlp,queda,100,70,70,67,67,35,32,39,28,10,15,5,0.7313432835820896,0.723901098901099,0.7692307692307693,0.7692307692307693,0.7692307692307693,0.6785714285471939,19,9,9,30
com_erro,mlp,queda,100,75,75,63,63,33,30,36,27,12,13,1,0.8888888888888888,0.8888888888888888,0.9142857142857143,0.8888888888888888,0.9014084507042254,0.8888888888559671,24,3,4,32
com_erro,mlp,queda,100,80,80,59,59,29,30,31,28,11,16,5,0.6610169491525424,0.6584101382488479,0.6666666666666666,0.7096774193548387,0.6875,0.6071428571211734,17,11,9,22
com_erro,mlp,queda,100,85,85,55,55,28,27,31,24,11,11,0,0.6545454545454545,0.646505376344086,0.6875,0.7096774193548387,0.6984126984126984,0.5833333333090278,14,10,9,22
com_erro,mlp,queda,100,90,90,52,52,26,26,34,18,8,14,6,0.7115384615384616,0.7140522875816994,0.8275862068965517,0.7058823529411765,0.7619047619047619,0.7222222221820987,13,5,10,24
com_erro,mlp,queda,100,95,95,49,49,25,24,29,20,9,10,1,0.5714285714285714,0.568103448275862,0.6538461538461539,0.5862068965517241,0.6181818181818182,0.5499999999725,11,9,12,17
com_erro,mlp,queda,100,100,100,47,47,25,22,28,19,8,11,3,0.7659574468085106,0.7866541353383458,0.9047619047619048,0.6785714285714286,0.7755102040816326,0.8947368420581717,17,2,9,19
com_erro,random_forest,lacuna,20,5,5,947,947,215,732,295,652,22,22,0,0.9989440337909187,0.9983050847457627,1.0,0.9966101694915255,0.99830220713073,0.9999999999984662,652,0,1,294
com_erro,random_forest,lacuna,20,10,10,474,474,108,366,148,326,21,21,0,0.9957805907172996,0.9932432432432432,1.0,0.9864864864864865,0.9931972789115646,0.9999999999969326,326,0,2,146
com_erro,random_forest,lacuna,20,15,15,316,316,70,246,96,220,21,21,0,0.9968354430379747,0.9947916666666667,1.0,0.9895833333333334,0.9947643979057592,0.9999999999954546,220,0,1,95
com_erro,random_forest,lacuna,20,20,20,237,237,54,183,74,163,20,21,1,0.9831223628691983,0.972972972972973,1.0,0.9459459459459459,0.9722222222222222,0.9999999999938651,163,0,4,70
com_erro,random_forest,lacuna,30,5,5,945,945,251,694,336,609,21,21,0,0.9989417989417989,0.9985119047619048,1.0,0.9970238095238095,0.9985096870342772,0.999999999998358,609,0,1,335
com_erro,random_forest,lacuna,30,10,10,473,473,126,347,168,305,21,21,0,0.9957716701902748,0.9940476190476191,1.0,0.9880952380952381,0.9940119760479041,0.9999999999967214,305,0,2,166
com_erro,random_forest,lacuna,30,15,15,315,315,81,234,109,206,19,19,0,0.9936507936507937,0.9908256880733946,1.0,0.981651376146789,0.9907407407407407,0.9999999999951457,206,0,2,107
com_erro,random_forest,lacuna,30,20,20,237,237,64,173,84,153,20,20,0,0.9873417721518988,0.9821428571428572,1.0,0.9642857142857143,0.9818181818181818,0.9999999999934641,153,0,3,81
com_erro,random_forest,lacuna,30,25,25,189,189,54,135,67,122,18,18,0,1.0,1.0,1.0,1.0,1.0,0.9999999999918032,122,0,0,67
com_erro,random_forest,lacuna,30,30,30,158,158,41,117,55,103,18,18,0,0.9873417721518988,0.9818181818181818,1.0,0.9636363636363636,0.9814814814814815,0.9999999999902912,103,0,2,53
com_erro,random_forest,lacuna,40,5,5,943,943,286,657,376,567,19,19,0,0.9989395546129375,0.9986702127659575,1.0,0.9973404255319149,0.9986684420772304,0.9999999999982363,567,0,1,375
com_erro,random_forest,lacuna,40,10,10,472,472,143,329,188,284,18,18,0,0.9936440677966102,0.9920212765957447,1.0,0.9840425531914894,0.9919571045576407,0.9999999999964789,284,0,3,185
com_erro,random_forest,lacuna,40,15,15,315,315,95,220,124,191,18,18,0,1.0,1.0,1.0,1.0,1.0,0.9999999999947644,191,0,0,124
com_erro,random_forest,lacuna,40,20,20,236,236,71,165,94,142,17,17,0,0.9872881355932204,0.9840425531914894,1.0,0.9680851063829787,0.9837837837837838,0.9999999999929579,142,0,3,91
com_erro,random_forest,lacuna,40,25,25,189,189,58,131,77,112,17,17,0,0.9947089947089947,0.9935064935064934,1.0,0.987012987012987,0.9934640522875817,0.9999999999910714,112,0,1,76
com_erro,random_forest,lacuna,40,30,30,158,158,47,111,61,97,18,19,1,0.9810126582278481,0.9754098360655737,1.0,0.9508196721311475,0.9747899159663865,0.9999999999896907,97,0,3,58
com_erro,random_forest,lacuna,40,35,35,135,135,42,93,51,84,17,17,0,1.0,1.0,1.0,1.0,1.0,0.9999999999880952,84,0,0,51
com_erro,random_forest,lacuna,40,40,40,118,118,35,83,49,69,17,17,0,0.9830508474576272,0.9795918367346939,1.0,0.9591836734693877,0.9791666666666666,0.9999999999855071,69,0,2,47
com_erro,random_forest,lacuna,50,5,5,941,941,318,623,411,530,18,18,0,0.9989373007438895,0.9987834549878345,1.0,0.9975669099756691,0.9987819732034104,0.9999999999981132,530,0,1,410
com_erro,random_forest,lacuna,50,10,10,471,471,159,312,205,266,18,18,0,0.9936305732484076,0.9926829268292683,1.0,0.9853658536585366,0.9926289926289926,0.9999999999962407,266,0,3,202
com_erro,random_forest,lacuna,50,15,15,314,314,105,209,134,180,18,18,0,0.9968152866242038,0.9962686567164178,1.0,0.9925373134328358,0.9962546816479401,0.9999999999944446,180,0,1,133
com_erro,random_forest,lacuna,50,20,20,236,236,80,156,103,133,18,18,0,0.9830508474576272,0.9805825242718447,1.0,0.9611650485436893,0.9801980198019802,0.9999999999924812,133,0,4,99
com_erro,random_forest,lacuna,50,25,25,189,189,63,126,83,106,18,18,0,0.9841269841269841,0.9819277108433735,1.0,0.963855421686747,0.9815950920245399,0.999999999990566,106,0,3,80
com_erro,random_forest,lacuna,50,30,30,157,157,50,107,66,91,16,17,1,0.9872611464968153,0.9848484848484849,1.0,0.9696969696969697,0.9846153846153847,0.9999999999890109,91,0,2,64
com_erro,random_forest,lacuna,50,35,35,135,135,49,86,57,78,15,15,0,1.0,1.0,1.0,1.0,1.0,0.9999999999871795,78,0,0,57
com_erro,random_forest,lacuna,50,40,40,118,118,40,78,52,66,15,15,0,0.9830508474576272,0.9807692307692308,1.0,0.9615384615384616,0.9803921568627451,0.9999999999848485,66,0,2,50
com_erro,random_forest,lacuna,50,45,45,105,105,35,70,44,61,16,17,1,0.9904761904761905,0.9886363636363636,1.0,0.9772727272727273,0.9885057471264368,0.9999999999836067,61,0,1,43
com_erro,random_forest,lacuna,50,50,50,95,95,32,63,44,51,15,16,1,0.9789473684210527,0.9772727272727273,1.0,0.9545454545454546,0.9767441860465116,0.9999999999803922,51,0,2,42
com_erro,random_forest,lacuna,60,5,5,939,939,348,591,445,494,18,18,0,0.9989350372736954,0.9988764044943821,1.0,0.9977528089887641,0.9988751406074241,0.9999999999979757,494,0,1,444
com_erro,random_forest,lacuna,60,10,10,470,470,174,296,222,248,18,18,0,0.9957446808510638,0.9954954954954955,1.0,0.990990990990991,0.995475113122172,0.9999999999959678,248,0,2,220
com_erro,random_forest,lacuna,60,15,15,313,313,115,198,145,168,17,17,0,0.9936102236421726,0.993103448275862,1.0,0.9862068965517241,0.9930555555555556,0.9999999999940477,168,0,2,143
com_erro,random_forest,lacuna,60,20,20,235,235,87,148,111,124,16,17,1,0.9787234042553191,0.9774774774774775,1.0,0.954954954954955,0.9769585253456221,0.9999999999919355,124,0,5,106
com_erro,random_forest,lacuna,60,25,25,188,188,72,116,88,100,16,17,1,0.9946808510638298,0.9943181818181819,1.0,0.9886363636363636,0.9942857142857143,0.99999999999,100,0,1,87
com_erro,random_forest,lacuna,60,30,30,157,157,57,100,73,84,14,15,1,0.9872611464968153,0.9863013698630136,1.0,0.9726027397260274,0.9861111111111112,0.9999999999880952,84,0,2,71
com_erro,random_forest,lacuna,60,35,35,135,135,54,81,63,72,16,17,1,0.9851851851851852,0.9841269841269842,1.0,0.9682539682539683,0.9838709677419355,0.9999999999861111,72,0,2,61
com_erro,random_forest,lacuna,60,40,40,118,118,44,74,55,63,13,13,0,0.9915254237288136,0.990909090909091,1.0,0.9818181818181818,0.9908256880733946,0.999999999984127,63,0,1,54
com_erro,random_forest,lacuna,60,45,45,105,105,37,68,48,57,15,15,0,1.0,1.0,1.0,1.0,1.0,0.9999999999824563,57,0,0,48
com_erro,random_forest,lacuna,60,50,50,94,94,37,57,44,50,13,13,0,1.0,1.0,1.0,1.0,1.0,0.9999999999800001,50,0,0,44
com_erro,random_forest,lacuna,60,55,55,86,86,33,53,41,45,13,16,3,0.9534883720930233,0.9512195121951219,1.0,0.9024390243902439,0.9487179487179487,0.9999999999777779,45,0,4,37
com_erro,random_forest,lacuna,60,60,60,79,79,27,52,35,44,14,15,1,0.9746835443037974,0.9714285714285714,1.0,0.9428571428571428,0.9705882352941176,0.9999999999772728,44,0,2,33
com_erro,random_forest,lacuna,70,5,5,937,937,375,562,479,458,18,18,0,0.9989327641408752,0.9989561586638831,1.0,0.9979123173277662,0.9989550679205852,0.9999999999978166,458,0,1,478
com_erro,random_forest,lacuna,70,10,10,469,469,188,281,239,230,17,18,1,0.9914712153518124,0.9916317991631799,1.0,0.9832635983263598,0.9915611814345991,0.9999999999956523,230,0,4,235
com_erro,random_forest,lacuna,70,15,15,313,313,125,188,158,155,16,16,0,1.0,1.0,1.0,1.0,1.0,0.9999999999935485,155,0,0,158
com_erro,random_forest,lacuna,70,20,20,235,235,95,140,120,115,15,16,1,0.9872340425531915,0.9875,1.0,0.975,0.9873417721518988,0.9999999999913043,115,0,3,117
com_erro,random_forest,lacuna,70,25,25,188,188,75,113,96,92,14,15,1,0.9946808510638298,0.9947916666666667,1.0,0.9895833333333334,0.9947643979057592,0.9999999999891304,92,0,1,95
com_erro,random_forest,lacuna,70,30,30,157,157,63,94,78,79,15,16,1,0.9872611464968153,0.9871794871794872,1.0,0.9743589743589743,0.987012987012987,0.9999999999873417,79,0,2,76
com_erro,random_forest,lacuna,70,35,35,134,134,57,77,67,67,14,14,0,1.0,1.0,1.0,1.0,1.0,0.9999999999850746,67,0,0,67
com_erro,random_forest,lacuna,70,40,40,118,118,48,70,61,57,13,14,1,0.9830508474576272,0.9836065573770492,1.0,0.9672131147540983,0.9833333333333333,0.9999999999824563,57,0,2,59
com_erro,random_forest,lacuna,70,45,45,105,105,40,65,51,54,15,15,0,1.0,1.0,1.0,1.0,1.0,0.9999999999814816,54,0,0,51
com_erro,random_forest,lacuna,70,50,50,94,94,39,55,46,48,12,13,1,0.9893617021276596,0.9891304347826086,1.0,0.9782608695652174,0.989010989010989,0.9999999999791668,48,0,1,45
com_erro,random_forest,lacuna,70,55,55,86,86,34,52,43,43,14,15,1,0.9302325581395349,0.9302325581395349,0.9743589743589743,0.8837209302325582,0.926829268292683,0.9767441860237968,42,1,5,38
com_erro,random_forest,lacuna,70,60,60,79,79,30,49,38,41,15,16,1,0.9746835443037974,0.9736842105263157,1.0,0.9473684210526315,0.972972972972973,0.9999999999756098,41,0,2,36
com_erro,random_forest,lacuna,70,65,65,73,73,30,43,39,34,13,14,1,0.958904109589041,0.9615384615384616,1.0,0.9230769230769231,0.96,0.9999999999705883,34,0,3,36
com_erro,random_forest,lacuna,70,70,70,67,67,30,37,34,33,13,13,0,1.0,1.0,1.0,1.0,1.0,0.9999999999696971,33,0,0,34
com_erro,random_forest,lacuna,80,5,5,935,935,401,534,511,424,14,14,0,0.9989304812834224,0.9990215264187867,1.0,0.9980430528375733,0.9990205680705191,0.9999999999976416,424,0,1,510
com_erro,random_forest,lacuna,80,10,10,468,468,201,267,255,213,14,14,0,0.9935897435897436,0.9941176470588236,1.0,0.9882352941176471,0.9940828402366864,0.9999999999953052,213,0,3,252
com_erro,random_forest,lacuna,80,15,15,312,312,133,179,167,145,14,14,0,1.0,1.0,1.0,1.0,1.0,0.9999999999931035,145,0,0,167
com_erro,random_forest,lacuna,80,20,20,234,234,100,134,127,107,13,13,0,0.9829059829059829,0.984251968503937,1.0,0.968503937007874,0.984,0.9999999999906541,107,0,4,123
com_erro,random_forest,lacuna,80,25,25,187,187,83,104,102,85,12,13,1,0.9946524064171123,0.9950980392156863,1.0,0.9901960784313726,0.9950738916256158,0.9999999999882353,85,0,1,101
com_erro,random_forest,lacuna,80,30,30,156,156,65,91,82,74,13,13,0,0.9807692307692307,0.9803889255108768,0.9759036144578314,0.9878048780487805,0.9818181818181818,0.9729729729598247,72,2,1,81
com_erro,random_forest,lacuna,80,35,35,134,134,60,74,71,63,13,14,1,0.9925373134328358,0.9929577464788732,1.0,0.9859154929577465,0.9929078014184397,0.999999999984127,63,0,1,70
com_erro,random_forest,lacuna,80,40,40,117,117,50,67,66,51,11,11,0,0.9743589743589743,0.9772727272727273,1.0,0.9545454545454546,0.9767441860465116,0.9999999999803922,51,0,3,63
com_erro,random_forest,lacuna,80,45,45,104,104,46,58,53,51,13,13,0,1.0,1.0,1.0,1.0,1.0,0.9999999999803922,51,0,0,53
com_erro,random_forest,lacuna,80,50,50,94,94,44,50,51,43,11,11,0,0.9680851063829787,0.9669402644778842,0.9615384615384616,0.9803921568627451,0.970873786407767,0.9534883720708491,41,2,1,50
com_erro,random_forest,lacuna,80,55,55,85,85,36,49,48,37,12,14,2,0.9294117647058824,0.9375,1.0,0.875,0.9333333333333333,0.9999999999729731,37,0,6,42
com_erro,random_forest,lacuna,80,60,60,78,78,32,46,41,37,12,12,0,0.9743589743589743,0.974291364535267,0.975609756097561,0.975609756097561,0.975609756097561,0.9729729729466765,36,1,1,40
com_erro,random_forest,lacuna,80,65,65,72,72,32,40,40,32,11,11,0,0.9722222222222222,0.971875,0.975,0.975,0.975,0.9687499999697267,31,1,1,39
com_erro,random_forest,lacuna,80,70,70,67,67,32,35,34,33,13,13,0,1.0,1.0,1.0,1.0,1.0,0.9999999999696971,33,0,0,34
com_erro,random_forest,lacuna,80,75,75,63,63,30,33,36,27,11,11,0,0.9682539682539683,0.9675925925925926,0.9722222222222222,0.9722222222222222,0.9722222222222222,0.9629629629272977,26,1,1,35
com_erro,random_forest,lacuna,80,80,80,59,59,26,33,35,24,11,11,0,0.9661016949152542,0.9714285714285714,1.0,0.9428571428571428,0.9705882352941176,0.9999999999583333,24,0,2,33
com_erro,random_forest,lacuna,90,5,5,933,933,427,506,537,396,13,13,0,1.0,1.0,1.0,1.0,1.0,0.9999999999974748,396,0,0,537
com_erro,random_forest,lacuna,90,10,10,467,467,214,253,268,199,13,13,0,0.9935760171306209,0.9937560939023475,0.9962546816479401,0.9925373134328358,0.994392523364486,0.9949748743668595,198,1,2,266
com_erro,random_forest,lacuna,90,15,15,311,311,142,169,176,135,12,12,0,0.9967845659163987,0.9971590909090908,1.0,0.9943181818181818,0.9971509971509972,0.9999999999925927,135,0,1,175
com_erro,random_forest,lacuna,90,20,20,234,234,108,126,134,100,13,13,0,0.9871794871794872,0.9875373134328358,0.9924812030075187,0.9850746268656716,0.9887640449438202,0.9899999999900999,99,1,2,132
com_erro,random_forest,lacuna,90,25,25,187,187,86,101,107,80,12,12,0,0.9946524064171123,0.9953271028037383,1.0,0.9906542056074766,0.9953051643192489,0.9999999999875,80,0,1,106
com_erro,random_forest,lacuna,90,30,30,156,156,71,85,87,69,12,12,0,0.9935897435897436,0.9942528735632183,1.0,0.9885057471264368,0.9942196531791907,0.9999999999855071,69,0,1,86
com_erro,random_forest,lacuna,90,35,35,134,134,66,68,75,59,13,13,0,1.0,1.0,1.0,1.0,1.0,0.9999999999830509,59,0,0,75
com_erro,random_forest,lacuna,90,40,40,117,117,54,63,67,50,11,11,0,0.9914529914529915,0.9925373134328358,1.0,0.9850746268656716,0.9924812030075187,0.9999999999800001,50,0,1,66
com_erro,random_forest,lacuna,90,45,45,104,104,49,55,60,44,11,12,1,0.9519230769230769,0.9522727272727273,0.9661016949152542,0.95,0.957983193277311,0.9545454545237604,42,2,3,57
com_erro,random_forest,lacuna,90,50,50,94,94,45,49,55,39,11,11,0,0.9893617021276596,0.990909090909091,1.0,0.9818181818181818,0.9908256880733946,0.9999999999743591,39,0,1,54
com_erro,random_forest,lacuna,90,55,55,85,85,41,44,51,34,11,11,0,0.9882352941176471,0.9901960784313726,1.0,0.9803921568627451,0.9900990099009901,0.9999999999705883,34,0,1,50
com_erro,random_forest,lacuna,90,60,60,78,78,37,41,44,34,11,12,1,0.9871794871794872,0.9886363636363636,1.0,0.9772727272727273,0.9885057471264368,0.9999999999705883,34,0,1,43
com_erro,random_forest,lacuna,90,65,65,72,72,34,38,42,30,11,11,0,1.0,1.0,1.0,1.0,1.0,0.9999999999666667,30,0,0,42
com_erro,random_forest,lacuna,90,70,70,67,67,33,34,36,31,12,12,0,1.0,1.0,1.0,1.0,1.0,0.9999999999677419,31,0,0,36
com_erro,random_forest,lacuna,90,75,75,63,63,30,33,37,26,11,11,0,0.9841269841269841,0.9864864864864865,1.0,0.972972972972973,0.9863013698630136,0.9999999999615384,26,0,1,36
com_erro,random_forest,lacuna,90,80,80,59,59,29,30,36,23,10,11,1,0.9661016949152542,0.9722222222222222,1.0,0.9444444444444444,0.9714285714285714,0.9999999999565218,23,0,2,34
com_erro,random_forest,lacuna,90,85,85,55,55,24,31,29,26,12,12,0,0.9818181818181818,0.9827586206896552,1.0,0.9655172413793104,0.9824561403508771,0.9999999999615384,26,0,1,28
com_erro,random_forest,lacuna,90,90,90,52,52,24,28,30,22,10,11,1,0.9615384615384616,0.9666666666666667,1.0,0.9333333333333333,0.9655172413793104,0.9999999999545455,22,0,2,28
com_erro,random_forest,lacuna,100,5,5,931,931,452,479,561,370,13,13,0,1.0,1.0,1.0,1.0,1.0,0.9999999999972973,370,0,0,561
com_erro,random_forest,lacuna,100,10,10,466,466,226,240,280,186,13,13,0,0.9871244635193133,0.9856758832565284,0.9858156028368794,0.9928571428571429,0.9893238434163701,0.9784946236506533,182,4,2,278
com_erro,random_forest,lacuna,100,15,15,311,311,151,160,186,125,13,13,0,1.0,1.0,1.0,1.0,1.0,0.999999999992,125,0,0,186
com_erro,random_forest,lacuna,100,20,20,233,233,112,121,140,93,11,11,0,0.9699570815450643,0.9695852534562213,0.9784172661870504,0.9714285714285714,0.974910394265233,0.9677419354734651,90,3,4,136
com_erro,random_forest,lacuna,100,25,25,187,187,90,97,112,75,12,12,0,0.9893048128342246,0.9888690476190476,0.9910714285714286,0.9910714285714286,0.9910714285714286,0.9866666666535111,74,1,1,111
com_erro,random_forest,lacuna,100,30,30,156,156,76,80,92,64,13,13,0,0.9935897435897436,0.9945652173913043,1.0,0.9891304347826086,0.994535519125683,0.9999999999843749,64,0,1,91
com_erro,random_forest,lacuna,100,35,35,133,133,67,66,81,52,11,11,0,0.9774436090225563,0.974596391263058,0.975609756097561,0.9876543209876543,0.9815950920245399,0.9615384615199705,50,2,1,80
com_erro,random_forest,lacuna,100,40,40,117,117,56,61,68,49,11,11,0,0.9829059829059829,0.9824429771908764,0.9852941176470589,0.9852941176470589,0.9852941176470589,0.9795918367147023,48,1,1,67
com_erro,random_forest,lacuna,100,45,45,104,104,50,54,63,41,11,11,0,0.9711538461538461,0.9719318621757647,0.9838709677419355,0.9682539682539683,0.976,0.9756097560737657,40,1,2,61
com_erro,random_forest,lacuna,100,50,50,94,94,46,48,58,36,12,12,0,0.9893617021276596,0.9913793103448276,1.0,0.9827586206896551,0.991304347826087,0.9999999999722223,36,0,1,57
com_erro,random_forest,lacuna,100,55,55,85,85,42,43,53,32,11,12,1,0.9764705882352941,0.9811320754716981,1.0,0.9622641509433962,0.9807692307692307,0.9999999999687501,32,0,2,51
com_erro,random_forest,lacuna,100,60,60,78,78,39,39,46,32,11,11,0,1.0,1.0,1.0,1.0,1.0,0.9999999999687501,32,0,0,46
com_erro,random_forest,lacuna,100,65,65,72,72,35,37,44,28,11,11,0,0.9861111111111112,0.9886363636363636,1.0,0.9772727272727273,0.9885057471264368,0.9999999999642857,28,0,1,43
com_erro,random_forest,lacuna,100,70,70,67,67,34,33,39,28,11,11,0,0.9850746268656716,0.9871794871794872,1.0,0.9743589743589743,0.987012987012987,0.9999999999642857,28,0,1,38
com_erro,random_forest,lacuna,100,75,75,63,63,31,32,39,24,10,11,1,0.9365079365079365,0.9487179487179487,1.0,0.8974358974358975,0.9459459459459459,0.9999999999583333,24,0,4,35
com_erro,random_forest,lacuna,100,80,80,59,59,29,30,36,23,10,11,1,0.9830508474576272,0.9861111111111112,1.0,0.9722222222222222,0.9859154929577465,0.9999999999565218,23,0,1,35
com_erro,random_forest,lacuna,100,85,85,55,55,26,29,31,24,11,11,0,0.9818181818181818,0.9838709677419355,1.0,0.967741935483871,0.9836065573770492,0.9999999999583333,24,0,1,30
com_erro,random_forest,lacuna,100,90,90,52,52,24,28,31,21,9,10,1,0.9807692307692307,0.9838709677419355,1.0,0.967741935483871,0.9836065573770492,0.999999999952381,21,0,1,30
com_erro,random_forest,lacuna,100,95,95,49,49,23,26,30,19,10,12,2,0.9591836734693877,0.9666666666666667,1.0,0.9333333333333333,0.9655172413793104,0.9999999999473684,19,0,2,28
com_erro,random_forest,lacuna,100,100,100,47,47,22,25,26,21,11,11,0,0.9574468085106383,0.9569597069597069,0.9615384615384616,0.9615384615384616,0.9615384615384616,0.9523809523356009,20,1,1,25
com_erro,random_forest,oscilacao,20,5,5,947,947,382,565,419,528,21,29,8,0.9313621964097148,0.9263759311492008,0.9585492227979274,0.883054892601432,0.9192546583850931,0.9696969696951332,512,16,49,370
com_erro,random_forest,oscilacao,20,10,10,474,474,190,284,211,263,19,26,7,0.9135021097046413,0.9065918223920134,0.956989247311828,0.8436018957345972,0.8967254408060453,0.9695817490457431,255,8,33,178
com_erro,random_forest,oscilacao,20,15,15,316,316,126,190,137,179,19,24,5,0.9335443037974683,0.928495697916242,0.953125,0.8905109489051095,0.9207547169811321,0.966480446921975,173,6,15,122
com_erro,random_forest,oscilacao,20,20,20,237,237,94,143,106,131,19,23,4,0.9071729957805907,0.8998271640501224,0.9565217391304348,0.8301886792452831,0.8888888888888888,0.9694656488475614,127,4,18,88
com_erro,random_forest,oscilacao,30,5,5,945,945,418,527,457,488,18,26,8,0.9142857142857143,0.9129770958137533,0.9454976303317536,0.8730853391684902,0.9078498293515358,0.9528688524570638,465,23,58,399
com_erro,random_forest,oscilacao,30,10,10,473,473,208,265,229,244,18,23,5,0.904862579281184,0.9032232085331806,0.9466019417475728,0.851528384279476,0.896551724137931,0.9549180327829717,233,11,34,195
com_erro,random_forest,oscilacao,30,15,15,315,315,139,176,152,163,18,25,7,0.9015873015873016,0.9002462060058121,0.9290780141843972,0.8618421052631579,0.89419795221843,0.9386503067427078,153,10,21,131
com_erro,random_forest,oscilacao,30,20,20,237,237,103,134,115,122,18,23,5,0.8860759493670886,0.8841054882394868,0.94,0.8173913043478261,0.8744186046511628,0.9508196721233539,116,6,21,94
com_erro,random_forest,oscilacao,30,25,25,189,189,84,105,90,99,16,19,3,0.9047619047619048,0.9020202020202019,0.95,0.8444444444444444,0.8941176470588236,0.9595959595862666,95,4,14,76
com_erro,random_forest,oscilacao,30,30,30,158,158,72,86,76,82,16,22,6,0.8987341772151899,0.8971437740693196,0.9285714285714286,0.8552631578947368,0.8904109589041096,0.9390243902324509,77,5,11,65
com_erro,random_forest,oscilacao,40,5,5,943,943,454,489,491,452,18,25,7,0.9077412513255567,0.9085936232719932,0.9316239316239316,0.8879837067209776,0.9092805005213764,0.9292035398209532,420,32,55,436
com_erro,random_forest,oscilacao,40,10,10,472,472,226,246,246,226,18,25,7,0.8961864406779662,0.8973487301244694,0.9264069264069265,0.8699186991869918,0.8972746331236897,0.9247787610578551,209,17,32,214
com_erro,random_forest,oscilacao,40,15,15,315,315,151,164,162,153,17,23,6,0.8984126984126984,0.8992374727668846,0.9276315789473685,0.8703703703703703,0.8980891719745223,0.9281045751573327,142,11,21,141
com_erro,random_forest,oscilacao,40,20,20,236,236,112,124,124,112,17,20,3,0.902542372881356,0.904233870967742,0.9391304347826087,0.8709677419354839,0.9037656903765691,0.9374999999916295,105,7,16,108
com_erro,random_forest,oscilacao,40,25,25,189,189,91,98,97,92,16,21,5,0.9153439153439153,0.9161250560286867,0.945054945054945,0.8865979381443299,0.9148936170212766,0.9456521739027646,87,5,11,86
com_erro,random_forest,oscilacao,40,30,30,158,158,77,81,82,76,16,20,4,0.8987341772151899,0.8995507060333761,0.9230769230769231,0.8780487804878049,0.9,0.9210526315668283,70,6,10,72
com_erro,random_forest,oscilacao,40,35,35,135,135,64,71,71,64,14,21,7,0.8962962962962963,0.8975572183098591,0.9253731343283582,0.8732394366197183,0.8985507246376812,0.9218749999855956,59,5,9,62
com_erro,random_forest,oscilacao,40,40,40,118,118,58,60,61,57,15,20,5,0.864406779661017,0.8648259994247914,0.8813559322033898,0.8524590163934426,0.8666666666666667,0.8771929824407511,50,7,9,52
com_erro,random_forest,oscilacao,50,5,5,941,941,486,455,525,416,16,27,11,0.8862911795961743,0.8863667582417583,0.908203125,0.8857142857142857,0.896817743490839,0.8870192307670985,369,47,60,465
com_erro,random_forest,oscilacao,50,10,10,471,471,243,228,263,208,16,23,7,0.8832271762208068,0.8843777420298333,0.9126984126984127,0.8745247148288974,0.8932038834951457,0.89423076922647,186,22,33,230
com_erro,random_forest,oscilacao,50,15,15,314,314,160,154,172,142,16,22,6,0.9171974522292994,0.9170488044546348,0.9294117647058824,0.9186046511627907,0.9239766081871345,0.9154929577400318,130,12,14,158
com_erro,random_forest,oscilacao,50,20,20,236,236,121,115,132,104,16,21,5,0.8686440677966102,0.8723776223776224,0.9173553719008265,0.8409090909090909,0.8774703557312253,0.903846153837463,94,10,21,111
com_erro,random_forest,oscilacao,50,25,25,189,189,97,92,105,84,16,21,5,0.873015873015873,0.875,0.9090909090909091,0.8571428571428571,0.8823529411764706,0.8928571428465135,75,9,15,90
com_erro,random_forest,oscilacao,50,30,30,157,157,78,79,87,70,15,18,3,0.8853503184713376,0.8867816091954024,0.9156626506024096,0.8735632183908046,0.8941176470588236,0.8999999999871429,63,7,11,76
com_erro,random_forest,oscilacao,50,35,35,135,135,68,67,74,61,15,20,5,0.8888888888888888,0.8900088613203367,0.9154929577464789,0.8783783783783784,0.896551724137931,0.9016393442475141,55,6,9,65
com_erro,random_forest,oscilacao,50,40,40,118,118,63,55,64,54,14,17,3,0.8898305084745762,0.8912037037037037,0.9180327868852459,0.875,0.896,0.9074074073906037,49,5,8,56
com_erro,random_forest,oscilacao,50,45,45,105,105,52,53,57,48,13,19,6,0.8857142857142857,0.8865131578947368,0.9090909090909091,0.8771929824561403,0.8928571428571429,0.8958333333146702,43,5,7,50
com_erro,random_forest,oscilacao,50,50,50,95,95,49,46,53,42,15,16,1,0.8421052631578947,0.846136567834681,0.8958333333333334,0.8113207547169812,0.8514851485148515,0.8809523809314059,37,5,10,43
com_erro,random_forest,oscilacao,60,5,5,939,939,515,424,555,384,16,21,5,0.8785942492012779,0.8752322635135135,0.9001814882032668,0.8936936936936937,0.8969258589511754,0.8567708333311022,329,55,59,496
com_erro,random_forest,oscilacao,60,10,10,470,470,257,213,278,192,15,19,4,0.8808510638297873,0.8799460431654677,0.9111111111111111,0.8848920863309353,0.8978102189781022,0.8749999999954428,168,24,32,246
com_erro,random_forest,oscilacao,60,15,15,313,313,171,142,184,129,15,21,6,0.8785942492012779,0.874726154364678,0.8967391304347826,0.8967391304347826,0.8967391304347826,0.8527131782879636,110,19,19,165
com_erro,random_forest,oscilacao,60,20,20,235,235,128,107,140,95,15,18,3,0.8723404255319149,0.8725563909774436,0.9104477611940298,0.8714285714285714,0.8905109489051095,0.8736842105171191,83,12,18,122
com_erro,random_forest,oscilacao,60,25,25,188,188,103,85,112,76,14,20,6,0.8829787234042553,0.8848684210526316,0.9245283018867925,0.875,0.8990825688073395,0.8947368420934902,68,8,14,98
com_erro,random_forest,oscilacao,60,30,30,157,157,88,69,91,66,14,16,2,0.8726114649681529,0.8651348651348651,0.8736842105263158,0.9120879120879121,0.8924731182795699,0.8181818181694215,54,12,8,83
com_erro,random_forest,oscilacao,60,35,35,135,135,73,62,78,57,14,17,3,0.8518518518518519,0.8505398110661269,0.881578947368421,0.8589743589743589,0.8701298701298701,0.8421052631431211,48,9,11,67
com_erro,random_forest,oscilacao,60,40,40,118,118,65,53,69,49,14,17,3,0.864406779661017,0.8663117420881397,0.9076923076923077,0.855072463768116,0.8805970149253731,0.8775510203902541,43,6,10,59
com_erro,random_forest,oscilacao,60,45,45,105,105,55,50,58,47,14,18,4,0.8761904761904762,0.8738077769625825,0.8813559322033898,0.896551724137931,0.8888888888888888,0.8510638297691263,40,7,6,52
com_erro,random_forest,oscilacao,60,50,50,94,94,52,42,56,38,12,16,4,0.8617021276595744,0.862781954887218,0.9056603773584906,0.8571428571428571,0.8807339449541285,0.8684210526087258,33,5,8,48
com_erro,random_forest,oscilacao,60,55,55,86,86,50,36,51,35,14,13,-1,0.813953488372093,0.8072829131652661,0.8431372549019608,0.8431372549019608,0.8431372549019608,0.7714285714065306,27,8,8,43
com_erro,random_forest,oscilacao,60,60,60,79,79,45,34,46,33,13,16,3,0.810126582278481,0.8027009222661396,0.8297872340425532,0.8478260869565217,0.8387096774193549,0.7575757575528008,25,8,7,39
com_erro,random_forest,oscilacao,70,5,5,937,937,542,395,584,353,15,21,6,0.8708644610458911,0.8611073382746711,0.8930390492359932,0.9006849315068494,0.896845694799659,0.8215297450401656,290,63,58,526
com_erro,random_forest,oscilacao,70,10,10,469,469,271,198,292,177,15,21,6,0.8656716417910447,0.8565223279931894,0.8907849829351536,0.8938356164383562,0.8923076923076924,0.8192090395433943,145,32,31,261
com_erro,random_forest,oscilacao,70,15,15,313,313,181,132,193,120,13,17,4,0.8690095846645367,0.8606865284974092,0.8917525773195877,0.8963730569948186,0.8940568475452196,0.824999999993125,99,21,20,173
com_erro,random_forest,oscilacao,70,20,20,235,235,135,100,147,88,14,17,3,0.8595744680851064,0.8558286951144094,0.9014084507042254,0.8707482993197279,0.8858131487889274,0.8409090908995351,74,14,19,128
com_erro,random_forest,oscilacao,70,25,25,188,188,109,79,116,72,14,17,3,0.8563829787234043,0.8493773946360152,0.8869565217391304,0.8793103448275862,0.8831168831168831,0.8194444444330632,59,13,14,102
com_erro,random_forest,oscilacao,70,30,30,157,157,92,65,97,60,13,15,2,0.8726114649681529,0.8651202749140894,0.8969072164948454,0.8969072164948454,0.8969072164948454,0.8333333333194445,50,10,10,87
com_erro,random_forest,oscilacao,70,35,35,134,134,74,60,84,50,12,15,3,0.835820895522388,0.8326190476190476,0.8875,0.8452380952380952,0.8658536585365854,0.8199999999836001,41,9,13,71
com_erro,random_forest,oscilacao,70,40,40,118,118,68,50,74,44,13,14,1,0.8389830508474576,0.8301597051597052,0.8767123287671232,0.8648648648648649,0.8707482993197279,0.795454545436467,35,9,10,64
com_erro,random_forest,oscilacao,70,45,45,105,105,59,46,62,43,12,15,3,0.8380952380952381,0.8272693173293324,0.8461538461538461,0.8870967741935484,0.8661417322834646,0.7674418604472688,33,10,7,55
com_erro,random_forest,oscilacao,70,50,50,94,94,53,41,58,36,11,15,4,0.851063829787234,0.8529693486590039,0.9074074074074074,0.8448275862068966,0.875,0.8611111110871914,31,5,9,49
com_erro,random_forest,oscilacao,70,55,55,86,86,53,33,52,34,13,12,-1,0.8488372093023255,0.8342760180995474,0.8545454545454545,0.9038461538461539,0.8785046728971962,0.7647058823304499,26,8,5,47
com_erro,random_forest,oscilacao,70,60,60,79,79,46,33,50,29,11,14,3,0.8481012658227848,0.8437931034482758,0.8958333333333334,0.86,0.8775510204081632,0.8275862068680143,24,5,7,43
com_erro,random_forest,oscilacao,70,65,65,73,73,41,32,47,26,11,13,2,0.821917808219178,0.8187397708674304,0.8863636363636364,0.8297872340425532,0.8571428571428571,0.8076923076612426,21,5,8,39
com_erro,random_forest,oscilacao,70,70,70,67,67,34,33,43,24,10,12,2,0.8507462686567164,0.8468992248062015,0.9024390243902439,0.8604651162790697,0.8809523809523809,0.8333333332986111,20,4,6,37
com_erro,random_forest,oscilacao,80,5,5,935,935,568,367,611,324,13,18,5,0.8673796791443851,0.8477854559414844,0.8883572567783095,0.911620294599018,0.8998384491114702,0.783950617281531,254,70,54,557
com_erro,random_forest,oscilacao,80,10,10,468,468,284,184,306,162,13,16,3,0.8589743589743589,0.8398692810457516,0.8846153846153846,0.9019607843137255,0.8932038834951457,0.7777777777729767,126,36,30,276
com_erro,random_forest,oscilacao,80,15,15,312,312,187,125,201,111,13,17,4,0.8717948717948718,0.8561247814979158,0.8926829268292683,0.9104477611940298,0.9014778325123153,0.8018018017945784,89,22,18,183
com_erro,random_forest,oscilacao,80,20,20,234,234,141,93,154,80,12,16,4,0.8632478632478633,0.8450487012987014,0.8910256410256411,0.9025974025974026,0.896774193548387,0.7874999999901562,63,17,15,139
com_erro,random_forest,oscilacao,80,25,25,187,187,114,73,120,67,12,14,2,0.8609625668449198,0.835634328358209,0.8671875,0.925,0.8951612903225806,0.7462686567052795,50,17,9,111
com_erro,random_forest,oscilacao,80,30,30,156,156,91,65,102,54,11,13,2,0.8653846153846154,0.857843137254902,0.9090909090909091,0.8823529411764706,0.8955223880597015,0.8333333333179013,45,9,12,90
com_erro,random_forest,oscilacao,80,35,35,134,134,80,54,87,47,13,14,1,0.8582089552238806,0.8321105404744435,0.8695652173913043,0.9195402298850575,0.8938547486033519,0.7446808510479855,35,12,7,80
com_erro,random_forest,oscilacao,80,40,40,117,117,72,45,76,41,11,13,2,0.8376068376068376,0.8188382541720154,0.8701298701298701,0.881578947368421,0.8758169934640523,0.7560975609571684,31,10,9,67
com_erro,random_forest,oscilacao,80,45,45,104,104,60,44,66,38,11,12,1,0.8365384615384616,0.8209728867623605,0.8656716417910447,0.8787878787878788,0.8721804511278195,0.7631578947167591,29,9,8,58
com_erro,random_forest,oscilacao,80,50,50,94,94,57,37,59,35,11,12,1,0.8723404255319149,0.8576271186440678,0.8852459016393442,0.9152542372881356,0.9,0.7999999999771429,28,7,5,54
com_erro,random_forest,oscilacao,80,55,55,85,85,53,32,57,28,10,10,0,0.8117647058823529,0.7778822055137844,0.847457627118644,0.8771929824561403,0.8620689655172413,0.6785714285471939,19,9,7,50
com_erro,random_forest,oscilacao,80,60,60,78,78,45,33,53,25,9,12,3,0.8461538461538461,0.8445283018867924,0.9183673469387755,0.8490566037735849,0.8823529411764706,0.8399999999664,21,4,8,45
com_erro,random_forest,oscilacao,80,65,65,72,72,43,29,47,25,9,12,3,0.8472222222222222,0.8361702127659575,0.8913043478260869,0.8723404255319149,0.8817204301075269,0.799999999968,20,5,6,41
com_erro,random_forest,oscilacao,80,70,70,67,67,40,27,44,23,10,10,0,0.8955223880597015,0.8685770750988142,0.8936170212765957,0.9545454545454546,0.9230769230769231,0.7826086956181475,18,5,2,42
com_erro,random_forest,oscilacao,80,75,75,63,63,35,28,41,22,11,14,3,0.8253968253968254,0.8342572062084257,0.9166666666666666,0.8048780487804879,0.8571428571428571,0.8636363635971074,19,3,8,33
com_erro,random_forest,oscilacao,80,80,80,59,59,37,22,37,22,10,11,1,0.7457627118644068,0.7235872235872236,0.7894736842105263,0.8108108108108109,0.8,0.6363636363347107,14,8,7,30
com_erro,random_forest,oscilacao,90,5,5,933,933,594,339,635,298,13,16,3,0.8638799571275455,0.8323257411615494,0.8848484848484849,0.9196850393700787,0.901930501930502,0.7449664429505203,222,76,51,584
com_erro,random_forest,oscilacao,90,10,10,467,467,297,170,318,149,12,14,2,0.8586723768736617,0.8266746865898442,0.8818181818181818,0.9150943396226415,0.8981481481481481,0.7382550335520923,110,39,27,291
com_erro,random_forest,oscilacao,90,15,15,311,311,197,114,210,101,13,15,2,0.8681672025723473,0.8381423856671382,0.8858447488584474,0.9238095238095239,0.9044289044289044,0.7524752475173022,76,25,16,194
com_erro,random_forest,oscilacao,90,20,20,234,234,148,86,160,74,12,12,0,0.8504273504273504,0.8288851351351352,0.8930817610062893,0.8875,0.890282131661442,0.7702702702598612,57,17,18,142
com_erro,random_forest,oscilacao,90,25,25,187,187,119,68,125,62,13,14,1,0.8609625668449198,0.8269032258064517,0.8721804511278195,0.928,0.8992248062015504,0.7258064516011967,45,17,9,116
com_erro,random_forest,oscilacao,90,30,30,156,156,101,55,104,52,12,11,-1,0.8717948717948718,0.8365384615384615,0.875,0.9423076923076923,0.9074074074074074,0.7307692307551775,38,14,6,98
com_erro,random_forest,oscilacao,90,35,35,134,134,85,49,89,45,12,13,1,0.8432835820895522,0.8270911360799001,0.8863636363636364,0.8764044943820225,0.8813559322033898,0.7777777777604938,35,10,11,78
com_erro,random_forest,oscilacao,90,40,40,117,117,76,41,78,39,10,10,0,0.8376068376068376,0.8141025641025641,0.8734177215189873,0.8846153846153846,0.8789808917197452,0.7435897435706772,29,10,9,69
com_erro,random_forest,oscilacao,90,45,45,104,104,65,39,70,34,11,11,0,0.8653846153846154,0.8319327731092437,0.8783783783783784,0.9285714285714286,0.9027777777777778,0.7352941176254326,25,9,5,65
com_erro,random_forest,oscilacao,90,50,50,94,94,60,34,63,31,12,11,-1,0.8404255319148937,0.8154121863799283,0.875,0.8888888888888888,0.8818897637795275,0.7419354838470343,23,8,7,56
com_erro,random_forest,oscilacao,90,55,55,85,85,55,30,58,27,10,10,0,0.8470588235294118,0.8186462324393359,0.8813559322033898,0.896551724137931,0.8888888888888888,0.7407407407133059,20,7,6,52
com_erro,random_forest,oscilacao,90,60,60,78,78,51,27,53,25,9,10,1,0.8717948717948718,0.8422641509433962,0.8909090909090909,0.9245283018867925,0.9074074074074074,0.7599999999696,19,6,4,49
com_erro,random_forest,oscilacao,90,65,65,72,72,44,28,48,24,8,9,1,0.8611111111111112,0.8333333333333333,0.88,0.9166666666666666,0.8979591836734694,0.74999999996875,18,6,4,44
com_erro,random_forest,oscilacao,90,70,70,67,67,42,25,46,21,9,9,0,0.835820895522388,0.8027950310559007,0.8723404255319149,0.8913043478260869,0.8817204301075269,0.7142857142517007,15,6,5,41
com_erro,random_forest,oscilacao,90,75,75,63,63,37,26,43,20,11,11,0,0.8253968253968254,0.8052325581395349,0.8809523809523809,0.8604651162790697,0.8705882352941177,0.7499999999625,15,5,6,37
com_erro,random_forest,oscilacao,90,80,80,59,59,38,21,39,20,9,10,1,0.8135593220338984,0.7858974358974359,0.85,0.8717948717948718,0.8607594936708861,0.699999999965,14,6,5,34
com_erro,random_forest,oscilacao,90,85,85,55,55,35,20,36,19,9,8,-1,0.8545454545454545,0.814327485380117,0.85,0.9444444444444444,0.8947368421052632,0.6842105262797784,13,6,2,34
com_erro,random_forest,oscilacao,90,90,90,52,52,33,19,35,17,9,10,1,0.9038461538461539,0.8831932773109243,0.9166666666666666,0.9428571428571428,0.9295774647887324,0.8235294117162629,14,3,2,33
com_erro,random_forest,oscilacao,100,5,5,931,931,618,313,658,273,12,17,5,0.8635875402792696,0.8188371911776167,0.8853410740203193,0.9270516717325228,0.9057164068299925,0.7106227106201076,194,79,48,610
com_erro,random_forest,oscilacao,100,10,10,466,466,309,157,329,137,12,13,1,0.8669527896995708,0.8290994608745812,0.8938053097345132,0.9209726443768997,0.907185628742515,0.7372262773668816,101,36,26,303
com_erro,random_forest,oscilacao,100,15,15,311,311,206,105,217,94,12,13,1,0.8681672025723473,0.8271399156780077,0.8859649122807017,0.9308755760368663,0.9078651685393259,0.7234042553114531,68,26,15,202
com_erro,random_forest,oscilacao,100,20,20,233,233,154,79,165,68,12,13,1,0.8798283261802575,0.8503119429590018,0.9101796407185628,0.9212121212121213,0.9156626506024096,0.7794117646944204,53,15,13,152
com_erro,random_forest,oscilacao,100,25,25,187,187,124,63,132,55,11,9,-2,0.8716577540106952,0.8454545454545455,0.9090909090909091,0.9090909090909091,0.9090909090909091,0.781818181803967,43,12,12,120
com_erro,random_forest,oscilacao,100,30,30,156,156,104,52,109,47,10,10,0,0.8589743589743589,0.8204177239898498,0.8849557522123894,0.9174311926605505,0.9009009009009009,0.7234042553037574,34,13,9,100
com_erro,random_forest,oscilacao,100,35,35,133,133,86,47,92,41,10,11,1,0.8721804511278195,0.8400053022269354,0.8947368421052632,0.9239130434782609,0.9090909090909091,0.7560975609571684,31,10,7,85
com_erro,random_forest,oscilacao,100,40,40,117,117,78,39,82,35,11,10,-1,0.8547008547008547,0.8308362369337979,0.9012345679012346,0.8902439024390244,0.8957055214723927,0.7714285714065306,27,8,9,73
com_erro,random_forest,oscilacao,100,45,45,104,104,67,37,71,33,12,11,-1,0.875,0.8435766111822449,0.8918918918918919,0.9295774647887324,0.9103448275862069,0.7575757575528008,25,8,5,66
com_erro,random_forest,oscilacao,100,50,50,94,94,63,31,67,27,11,10,-1,0.8297872340425532,0.8032061912658928,0.8923076923076924,0.8656716417910447,0.8787878787878788,0.7407407407133059,20,7,9,58
com_erro,random_forest,oscilacao,100,55,55,85,85,57,28,61,24,10,10,0,0.8588235294117647,0.8258196721311475,0.9016393442622951,0.9016393442622951,0.9016393442622951,0.74999999996875,18,6,6,55
com_erro,random_forest,oscilacao,100,60,60,78,78,54,24,54,24,8,8,0,0.8461538461538461,0.7962962962962963,0.8620689655172413,0.9259259259259259,0.8928571428571429,0.6666666666388888,16,8,4,50
com_erro,random_forest,oscilacao,100,65,65,72,72,46,26,50,22,8,9,1,0.9027777777777778,0.8790909090909091,0.9215686274509803,0.94,0.9306930693069307,0.8181818181446281,18,4,3,47
com_erro,random_forest,oscilacao,100,70,70,67,67,43,24,46,21,9,8,-1,0.8656716417910447,0.8374741200828157,0.8936170212765957,0.9130434782608695,0.9032258064516129,0.7619047618684808,16,5,4,42
com_erro,random_forest,oscilacao,100,75,75,63,63,40,23,45,18,9,9,0,0.8412698412698413,0.8388888888888889,0.926829268292683,0.8444444444444444,0.8837209302325582,0.8333333332870371,15,3,7,38
com_erro,random_forest,oscilacao,100,80,80,59,59,39,20,42,17,10,8,-2,0.8135593220338984,0.7640056022408963,0.8604651162790697,0.8809523809523809,0.8705882352941177,0.6470588234913495,11,6,5,37
com_erro,random_forest,oscilacao,100,85,85,55,55,36,19,36,19,9,9,0,0.8545454545454545,0.8267543859649122,0.868421052631579,0.9166666666666666,0.8918918918918919,0.7368421052243768,14,5,3,33
com_erro,random_forest,oscilacao,100,90,90,52,52,34,18,35,17,9,9,0,0.8846153846153846,0.853781512605042,0.8918918918918919,0.9428571428571428,0.9166666666666666,0.7647058823079584,13,4,2,33
com_erro,random_forest,oscilacao,100,95,95,49,49,33,16,35,14,8,7,-1,0.8367346938775511,0.7785714285714286,0.8648648648648649,0.9142857142857143,0.8888888888888888,0.6428571428112245,9,5,3,32
com_erro,random_forest,oscilacao,100,100,100,47,47,28,19,35,12,8,7,-1,0.851063829787234,0.8452380952380952,0.9375,0.8571428571428571,0.8955223880597015,0.8333333332638889,10,2,5,30
com_erro,random_forest,queda,20,5,5,947,947,235,712,253,694,24,27,3,0.9503695881731784,0.9171612124249638,0.963963963963964,0.8458498023715415,0.9010526315789473,0.9884726224769619,686,8,39,214
com_erro,random_forest,queda,20,10,10,474,474,116,358,128,346,24,29,5,0.9324894514767933,0.8971504696531791,0.9210526315789473,0.8203125,0.8677685950413223,0.9739884393035434,337,9,23,105
com_erro,random_forest,queda,20,15,15,316,316,81,235,85,231,22,24,2,0.9430379746835443,0.9127069009421951,0.935064935064935,0.8470588235294118,0.8888888888888888,0.9783549783507431,226,5,13,72
com_erro,random_forest,queda,20,20,20,237,237,57,180,64,173,21,23,2,0.9113924050632911,0.8605491329479769,0.9056603773584906,0.75,0.8205128205128205,0.9710982658903405,168,5,16,48
com_erro,random_forest,queda,30,5,5,945,945,273,672,298,647,21,30,9,0.9365079365079365,0.9183350103212555,0.925,0.8691275167785235,0.8961937716262975,0.9675425038624922,626,21,39,259
com_erro,random_forest,queda,30,10,10,473,473,135,338,151,322,21,25,4,0.9154334038054969,0.8939266175805192,0.8936170212765957,0.8344370860927153,0.863013698630137,0.9534161490653621,307,15,25,126
com_erro,random_forest,queda,30,15,15,315,315,91,224,99,216,20,24,4,0.9142857142857143,0.8882575757575758,0.9,0.8181818181818182,0.8571428571428571,0.9583333333288967,207,9,18,81
com_erro,random_forest,queda,30,20,20,237,237,67,170,74,163,21,26,5,0.9113924050632911,0.8839330127673686,0.8955223880597015,0.8108108108108109,0.851063829787234,0.957055214718055,156,7,14,60
com_erro,random_forest,queda,30,25,25,189,189,55,134,60,129,20,21,1,0.9312169312169312,0.9050387596899225,0.9433962264150944,0.8333333333333334,0.8849557522123894,0.9767441860389401,126,3,10,50
com_erro,random_forest,queda,30,30,30,158,158,43,115,52,106,18,21,3,0.8734177215189873,0.8272859216255443,0.9,0.6923076923076923,0.782608695652174,0.9622641509343183,102,4,16,36
com_erro,random_forest,queda,40,5,5,943,943,309,634,338,605,21,28,7,0.9225874867444327,0.9115971441146267,0.9076923076923077,0.8727810650887574,0.889894419306184,0.950413223138925,575,30,43,295
com_erro,random_forest,queda,40,10,10,472,472,153,319,171,301,21,25,4,0.9110169491525424,0.8999242291775952,0.8909090909090909,0.8596491228070176,0.875,0.9401993355450492,283,18,24,147
com_erro,random_forest,queda,40,15,15,315,315,103,212,115,200,19,25,6,0.9047619047619048,0.889891304347826,0.897196261682243,0.8347826086956521,0.8648648648648649,0.9449999999952751,189,11,19,96
com_erro,random_forest,queda,40,20,20,236,236,76,160,85,151,18,21,3,0.8898305084745762,0.867627580833658,0.8933333333333333,0.788235294117647,0.8375,0.9470198675433973,143,8,18,67
com_erro,random_forest,queda,40,25,25,189,189,61,128,65,124,19,21,2,0.9206349206349206,0.9029156327543424,0.9166666666666666,0.8461538461538461,0.88,0.9596774193470994,119,5,10,55
com_erro,random_forest,queda,40,30,30,158,158,49,109,61,97,19,21,2,0.8354430379746836,0.8020956565827277,0.8888888888888888,0.6557377049180327,0.7547169811320755,0.9484536082376448,92,5,21,40
com_erro,random_forest,queda,40,35,35,135,135,45,90,46,89,19,21,2,0.9407407407407408,0.9235466536394723,0.9523809523809523,0.8695652173913043,0.9090909090909091,0.977528089876657,87,2,6,40
com_erro,random_forest,queda,40,40,40,118,118,37,81,43,75,17,21,4,0.8898305084745762,0.8637209302325581,0.9166666666666666,0.7674418604651163,0.8354430379746836,0.9599999999872,72,3,10,33
com_erro,random_forest,queda,50,5,5,941,941,345,596,378,563,19,26,7,0.9160467587672688,0.9089768530265866,0.9141274238227147,0.873015873015873,0.8930987821380244,0.9449378330356218,532,31,48,330
com_erro,random_forest,queda,50,10,10,471,471,171,300,191,280,19,26,7,0.8980891719745223,0.8893231114435303,0.8994413407821229,0.8429319371727748,0.8702702702702703,0.935714285710944,262,18,30,161
com_erro,random_forest,queda,50,15,15,314,314,117,197,127,187,17,22,5,0.9203821656050956,0.9129437028927534,0.925,0.8740157480314961,0.8987854251012146,0.9518716577489206,178,9,16,111
com_erro,random_forest,queda,50,20,20,236,236,85,151,94,142,19,26,7,0.8813559322033898,0.8690440515433023,0.8837209302325582,0.8085106382978723,0.8444444444444444,0.9295774647821862,132,10,18,76
com_erro,random_forest,queda,50,25,25,189,189,69,120,77,112,18,18,0,0.9047619047619048,0.8932629870129871,0.927536231884058,0.8311688311688312,0.8767123287671232,0.9553571428486128,107,5,13,64
com_erro,random_forest,queda,50,30,30,157,157,57,100,65,92,17,24,7,0.8789808917197452,0.865133779264214,0.9107142857142857,0.7846153846153846,0.8429752066115702,0.9456521739027646,87,5,14,51
com_erro,random_forest,queda,50,35,35,135,135,51,84,50,85,18,22,4,0.9037037037037037,0.8947058823529412,0.8775510204081632,0.86,0.8686868686868687,0.929411764694948,79,6,7,43
com_erro,random_forest,queda,50,40,40,118,118,42,76,47,71,15,21,6,0.8559322033898306,0.8371291579262811,0.875,0.7446808510638298,0.8045977011494253,0.9295774647756397,66,5,12,35
com_erro,random_forest,queda,50,45,45,105,105,40,65,43,62,17,21,4,0.8761904761904762,0.8595273818454614,0.9166666666666666,0.7674418604651163,0.8354430379746836,0.9516129032104579,59,3,10,33
com_erro,random_forest,queda,50,50,50,95,95,33,62,37,58,17,21,4,0.8315789473684211,0.8131407269338304,0.8181818181818182,0.7297297297297297,0.7714285714285715,0.8965517241224733,52,6,10,27
com_erro,random_forest,queda,60,5,5,939,939,380,559,414,525,18,22,4,0.9158679446219382,0.912760524499655,0.9197994987468672,0.8864734299516909,0.9028290282902829,0.9390476190458305,493,32,47,367
com_erro,random_forest,queda,60,10,10,470,470,189,281,209,261,18,21,3,0.902127659574468,0.8990082311316432,0.9054726368159204,0.8708133971291866,0.8878048780487805,0.9272030651305472,242,19,27,182
com_erro,random_forest,queda,60,15,15,313,313,127,186,137,176,17,24,7,0.8945686900958466,0.8925016589250165,0.8823529411764706,0.8759124087591241,0.8791208791208791,0.9090909090857439,160,16,17,120
com_erro,random_forest,queda,60,20,20,235,235,94,141,103,132,17,25,8,0.8765957446808511,0.8709546925566343,0.8854166666666666,0.8252427184466019,0.8542713567839196,0.9166666666597223,121,11,18,85
com_erro,random_forest,queda,60,25,25,188,188,75,113,82,106,17,19,2,0.9042553191489362,0.8985273815002301,0.9210526315789473,0.8536585365853658,0.8860759493670886,0.9433962264061944,100,6,12,70
com_erro,random_forest,queda,60,30,30,157,157,61,96,70,87,16,22,6,0.8598726114649682,0.8526272577996716,0.8870967741935484,0.7857142857142857,0.8333333333333334,0.919540229874488,80,7,15,55
com_erro,random_forest,queda,60,35,35,135,135,55,80,60,75,17,19,2,0.9037037037037037,0.9,0.9122807017543859,0.8666666666666667,0.8888888888888888,0.9333333333208889,70,5,8,52
com_erro,random_forest,queda,60,40,40,118,118,47,71,52,66,15,19,4,0.8728813559322034,0.8639277389277389,0.9111111111111111,0.7884615384615384,0.845360824742268,0.9393939393797061,62,4,11,41
com_erro,random_forest,queda,60,45,45,105,105,45,60,48,57,15,18,3,0.9047619047619048,0.9057017543859649,0.88,0.9166666666666666,0.8979591836734694,0.894736842089566,51,6,4,44
com_erro,random_forest,queda,60,50,50,94,94,37,57,39,55,16,19,3,0.851063829787234,0.8391608391608392,0.8571428571428571,0.7692307692307693,0.8108108108108109,0.9090909090743802,50,5,9,30
com_erro,random_forest,queda,60,55,55,86,86,30,56,38,48,15,17,2,0.8488372093023255,0.8399122807017544,0.8787878787878788,0.7631578947368421,0.8169014084507042,0.9166666666475695,44,4,9,29
com_erro,random_forest,queda,60,60,60,79,79,28,51,33,46,15,19,4,0.7974683544303798,0.7832674571805007,0.7931034482758621,0.696969696969697,0.7419354838709677,0.8695652173724008,40,6,10,23
com_erro,random_forest,queda,70,5,5,937,937,410,527,448,489,17,22,5,0.9124866595517609,0.9114765921706105,0.9255813953488372,0.8883928571428571,0.9066059225512528,0.9345603271964529,457,32,50,398
com_erro,random_forest,queda,70,10,10,469,469,204,265,226,243,17,20,3,0.8976545842217484,0.8965912815470338,0.9158878504672897,0.8672566371681416,0.8909090909090909,0.9259259259221155,225,18,30,196
com_erro,random_forest,queda,70,15,15,313,313,137,176,150,163,17,21,4,0.9073482428115016,0.9065235173824131,0.9172413793103448,0.8866666666666667,0.9016949152542373,0.9263803680924763,151,12,17,133
com_erro,random_forest,queda,70,20,20,235,235,101,134,112,123,16,21,5,0.8936170212765957,0.89198606271777,0.9142857142857143,0.8571428571428571,0.8847926267281107,0.9268292682851477,114,9,16,96
com_erro,random_forest,queda,70,25,25,188,188,81,107,88,100,16,20,4,0.8829787234042553,0.8804545454545455,0.9024390243902439,0.8409090909090909,0.8705882352941177,0.9199999999908,92,8,14,74
com_erro,random_forest,queda,70,30,30,157,157,66,91,79,78,15,22,7,0.8343949044585988,0.8350373255436547,0.9206349206349206,0.7341772151898734,0.8169014084507042,0.9358974358854372,73,5,21,58
com_erro,random_forest,queda,70,35,35,134,134,59,75,63,71,16,20,4,0.8805970149253731,0.8783813995081601,0.8983050847457628,0.8412698412698413,0.8688524590163934,0.9154929577335845,65,6,10,53
com_erro,random_forest,queda,70,40,40,118,118,51,67,57,61,15,18,3,0.8389830508474576,0.8385102099511073,0.8392857142857143,0.8245614035087719,0.831858407079646,0.852459016379468,52,9,10,47
com_erro,random_forest,queda,70,45,45,105,105,47,58,50,55,15,17,2,0.8380952380952381,0.8409090909090909,0.7894736842105263,0.9,0.8411214953271028,0.781818181803967,43,12,5,45
com_erro,random_forest,queda,70,50,50,94,94,40,54,44,50,15,19,4,0.8085106382978723,0.8077272727272726,0.7954545454545454,0.7954545454545454,0.7954545454545454,0.8199999999836001,41,9,9,35
com_erro,random_forest,queda,70,55,55,86,86,35,51,40,46,14,17,3,0.8604651162790697,0.8597826086956522,0.85,0.85,0.85,0.8695652173724008,40,6,6,34
com_erro,random_forest,queda,70,60,60,79,79,32,47,38,41,14,17,3,0.8227848101265823,0.8206033376123235,0.8529411764705882,0.7631578947368421,0.8055555555555556,0.8780487804663891,36,5,9,29
com_erro,random_forest,queda,70,65,65,73,73,31,42,33,40,14,17,3,0.863013698630137,0.8617424242424243,0.8484848484848485,0.8484848484848485,0.8484848484848485,0.874999999978125,35,5,5,28
com_erro,random_forest,queda,70,70,70,67,67,31,36,30,37,14,17,3,0.9104477611940298,0.9126126126126126,0.875,0.9333333333333333,0.9032258064516129,0.8918918918677868,33,4,2,28
com_erro,random_forest,queda,80,5,5,935,935,436,499,480,455,16,24,8,0.9037433155080213,0.9039033882783882,0.913135593220339,0.8979166666666667,0.9054621848739496,0.9098901098881101,414,41,49,431
com_erro,random_forest,queda,80,10,10,468,468,218,250,242,226,16,20,4,0.8846153846153846,0.8847729101148248,0.8949579831932774,0.8801652892561983,0.8875,0.8893805309695161,201,25,29,213
com_erro,random_forest,queda,80,15,15,312,312,148,164,161,151,15,19,4,0.8910256410256411,0.8907079099995887,0.8895705521472392,0.9006211180124224,0.8950617283950617,0.8807947019809219,133,18,16,145
com_erro,random_forest,queda,80,20,20,234,234,108,126,120,114,15,17,2,0.8888888888888888,0.8894736842105263,0.9122807017543859,0.8666666666666667,0.8888888888888888,0.9122807017463834,104,10,16,104
com_erro,random_forest,queda,80,25,25,187,187,87,100,97,90,15,19,4,0.8609625668449198,0.8603665521191295,0.8585858585858586,0.8762886597938144,0.8673469387755102,0.8444444444350617,76,14,12,85
com_erro,random_forest,queda,80,30,30,156,156,74,82,82,74,13,20,7,0.8397435897435898,0.837013843111404,0.8202247191011236,0.8902439024390244,0.8538011695906432,0.783783783773192,58,16,9,73
com_erro,random_forest,queda,80,35,35,134,134,63,71,66,68,15,19,4,0.8731343283582089,0.8734402852049911,0.855072463768116,0.8939393939393939,0.8740740740740741,0.8529411764580449,58,10,7,59
com_erro,random_forest,queda,80,40,40,117,117,53,64,60,57,13,17,4,0.8376068376068376,0.8377192982456141,0.847457627118644,0.8333333333333334,0.8403361344537815,0.8421052631431211,48,9,10,50
com_erro,random_forest,queda,80,45,45,104,104,50,54,51,53,13,18,5,0.8365384615384616,0.8374028856825749,0.8035714285714286,0.8823529411764706,0.8411214953271028,0.7924528301737274,42,11,6,45
com_erro,random_forest,queda,80,50,50,94,94,42,52,48,46,14,17,3,0.8404255319148937,0.8410326086956521,0.8666666666666667,0.8125,0.8387096774193549,0.8695652173724008,40,6,9,39
com_erro,random_forest,queda,80,55,55,85,85,39,46,43,42,12,15,3,0.8235294117647058,0.8236434108527132,0.8333333333333334,0.813953488372093,0.8235294117647058,0.8333333333134921,35,7,8,35
com_erro,random_forest,queda,80,60,60,78,78,38,40,40,38,11,13,2,0.8461538461538461,0.8447368421052632,0.8181818181818182,0.9,0.8571428571428571,0.7894736841897507,30,8,4,36
com_erro,random_forest,queda,80,65,65,72,72,34,38,37,35,12,14,2,0.8055555555555556,0.8038610038610039,0.7804878048780488,0.8648648648648649,0.8205128205128205,0.7428571428359184,26,9,5,32
com_erro,random_forest,queda,80,70,70,67,67,34,33,32,35,13,15,2,0.8208955223880597,0.8245535714285714,0.7631578947368421,0.90625,0.8285714285714286,0.7428571428359184,26,9,3,29
com_erro,random_forest,queda,80,75,75,63,63,30,33,33,30,12,14,2,0.8095238095238095,0.8075757575757576,0.8,0.8484848484848485,0.8235294117647058,0.7666666666411112,23,7,5,28
com_erro,random_forest,queda,80,80,80,59,59,26,33,28,31,13,14,1,0.847457627118644,0.847926267281106,0.8275862068965517,0.8571428571428571,0.8421052631578947,0.8387096773922997,26,5,4,24
com_erro,random_forest,queda,90,5,5,933,933,458,475,510,423,16,24,8,0.8906752411575563,0.8889097482964817,0.8938223938223938,0.907843137254902,0.9007782101167315,0.8699763593360048,368,55,47,463
com_erro,random_forest,queda,90,10,10,467,467,229,238,257,210,15,19,4,0.8629550321199143,0.8598110061145081,0.8641509433962264,0.8910505836575876,0.8773946360153256,0.828571428567483,174,36,28,229
com_erro,random_forest,queda,90,15,15,311,311,153,158,169,142,15,19,4,0.8681672025723473,0.8663221935161263,0.872093023255814,0.8875739644970414,0.8797653958944281,0.8450704225292601,120,22,19,150
com_erro,random_forest,queda,90,20,20,234,234,114,120,127,107,15,20,5,0.8717948717948718,0.8693796453013467,0.8702290076335878,0.8976377952755905,0.8837209302325582,0.8411214953192419,90,17,13,114
com_erro,random_forest,queda,90,25,25,187,187,92,95,101,86,14,18,4,0.8556149732620321,0.8542482155192264,0.8627450980392157,0.8712871287128713,0.8669950738916257,0.8372093023158463,72,14,13,88
com_erro,random_forest,queda,90,30,30,156,156,76,80,86,70,12,21,9,0.8205128205128205,0.8159468438538207,0.8222222222222222,0.8604651162790697,0.8409090909090909,0.771428571417551,54,16,12,74
com_erro,random_forest,queda,90,35,35,134,134,68,66,74,60,14,16,2,0.8656716417910447,0.8657657657657658,0.8888888888888888,0.8648648648648649,0.8767123287671232,0.8666666666522223,52,8,10,64
com_erro,random_forest,queda,90,40,40,117,117,55,62,62,55,13,18,5,0.8034188034188035,0.8021994134897361,0.8095238095238095,0.8225806451612904,0.816,0.781818181803967,43,12,11,51
com_erro,random_forest,queda,90,45,45,104,104,51,53,54,50,13,15,2,0.8269230769230769,0.8244444444444444,0.8,0.8888888888888888,0.8421052631578947,0.7599999999848001,38,12,6,48
com_erro,random_forest,queda,90,50,50,94,94,44,50,49,45,14,17,3,0.8404255319148937,0.8405895691609977,0.8541666666666666,0.8367346938775511,0.845360824742268,0.8444444444256791,38,7,8,41
com_erro,random_forest,queda,90,55,55,85,85,43,42,45,40,11,14,3,0.8352941176470589,0.8347222222222221,0.8444444444444444,0.8444444444444444,0.8444444444444444,0.8249999999793751,33,7,7,38
com_erro,random_forest,queda,90,60,60,78,78,39,39,42,36,10,14,4,0.7692307692307693,0.7638888888888888,0.7608695652173914,0.8333333333333334,0.7954545454545454,0.6944444444251544,25,11,7,35
com_erro,random_forest,queda,90,65,65,72,72,34,38,39,33,11,15,4,0.8194444444444444,0.8193473193473193,0.8421052631578947,0.8205128205128205,0.8311688311688312,0.8181818181570248,27,6,7,32
com_erro,random_forest,queda,90,70,70,67,67,35,32,36,31,12,14,2,0.835820895522388,0.8337813620071685,0.8378378378378378,0.8611111111111112,0.8493150684931506,0.8064516128772112,25,6,5,31
com_erro,random_forest,queda,90,75,75,63,63,31,32,34,29,12,13,1,0.8412698412698413,0.8377281947261663,0.8333333333333334,0.8823529411764706,0.8571428571428571,0.7931034482485136,23,6,4,30
com_erro,random_forest,queda,90,80,80,59,59,27,32,28,31,13,15,2,0.864406779661017,0.8657834101382489,0.8333333333333334,0.8928571428571429,0.8620689655172413,0.8387096773922997,26,5,3,25
com_erro,random_forest,queda,90,85,85,55,55,26,29,29,26,12,16,4,0.7454545454545455,0.7446949602122015,0.7586206896551724,0.7586206896551724,0.7586206896551724,0.7307692307411242,19,7,7,22
com_erro,random_forest,queda,90,90,90,52,52,25,27,28,24,9,14,5,0.7692307692307693,0.7648809523809523,0.7666666666666667,0.8214285714285714,0.7931034482758621,0.7083333333038194,17,7,5,23
com_erro,random_forest,queda,100,5,5,931,931,478,453,539,392,14,19,5,0.8732545649838883,0.8682745825602969,0.8834244080145719,0.8998144712430427,0.8915441176470589,0.8367346938754165,328,64,54,485
com_erro,random_forest,queda,100,10,10,466,466,239,227,271,195,12,18,6,0.8583690987124464,0.8530608383006907,0.8727272727272727,0.8856088560885609,0.8791208791208791,0.8205128205086129,160,35,31,240
com_erro,random_forest,queda,100,15,15,311,311,160,151,180,131,13,18,5,0.8681672025723473,0.8622137404580152,0.8756756756756757,0.9,0.8876712328767123,0.8244274809097373,108,23,18,162
com_erro,random_forest,queda,100,20,20,233,233,118,115,135,98,11,18,7,0.8369098712446352,0.8312925170068027,0.8540145985401459,0.8666666666666667,0.8602941176470589,0.7959183673388172,78,20,18,117
com_erro,random_forest,queda,100,25,25,187,187,96,91,109,78,12,17,5,0.839572192513369,0.8350388143966125,0.8623853211009175,0.8623853211009175,0.8623853211009175,0.8076923076819527,63,15,15,94
com_erro,random_forest,queda,100,30,30,156,156,79,77,93,63,12,18,6,0.8205128205128205,0.821300563236047,0.8735632183908046,0.8172043010752689,0.8444444444444444,0.8253968253837239,52,11,17,76
com_erro,random_forest,queda,100,35,35,133,133,70,63,78,55,12,15,3,0.849624060150376,0.8449883449883451,0.8717948717948718,0.8717948717948718,0.8717948717948718,0.8181818181669422,45,10,10,68
com_erro,random_forest,queda,100,40,40,117,117,58,59,67,50,11,16,5,0.8290598290598291,0.8253731343283582,0.8507462686567164,0.8507462686567164,0.8507462686567164,0.7999999999840001,40,10,10,57
com_erro,random_forest,queda,100,45,45,104,104,54,50,63,41,11,11,0,0.8365384615384616,0.8182346109175378,0.8382352941176471,0.9047619047619048,0.8702290076335878,0.7317073170553243,30,11,6,57
com_erro,random_forest,queda,100,50,50,94,94,46,48,53,41,12,18,6,0.7978723404255319,0.795904279797515,0.8269230769230769,0.8113207547169812,0.819047619047619,0.7804878048590126,32,9,10,43
com_erro,random_forest,queda,100,55,55,85,85,43,42,49,36,11,14,3,0.8117647058823529,0.8109410430839002,0.851063829787234,0.8163265306122449,0.8333333333333334,0.805555555533179,29,7,9,40
com_erro,random_forest,queda,100,60,60,78,78,39,39,46,32,10,15,5,0.7564102564102564,0.7506793478260869,0.8,0.782608695652174,0.7912087912087912,0.7187499999775392,23,9,10,36
com_erro,random_forest,queda,100,65,65,72,72,37,35,41,31,10,11,1,0.8194444444444444,0.8060582218725414,0.8043478260869565,0.9024390243902439,0.8505747126436781,0.7096774193319458,22,9,4,37
com_erro,random_forest,queda,100,70,70,67,67,35,32,39,28,10,13,3,0.8059701492537313,0.7980769230769231,0.825,0.8461538461538461,0.8354430379746836,0.7499999999732143,21,7,6,33
com_erro,random_forest,queda,100,75,75,63,63,33,30,36,27,12,14,2,0.8095238095238095,0.8055555555555556,0.8333333333333334,0.8333333333333334,0.8333333333333334,0.7777777777489712,21,6,6,30
com_erro,random_forest,queda,100,80,80,59,59,29,30,31,28,11,14,3,0.7796610169491526,0.7782258064516129,0.78125,0.8064516129032258,0.7936507936507936,0.7499999999732143,21,7,6,25
com_erro,random_forest,queda,100,85,85,55,55,28,27,31,24,11,12,1,0.6909090909090909,0.6834677419354839,0.71875,0.7419354838709677,0.7301587301587301,0.6249999999739584,15,9,8,23
com_erro,random_forest,queda,100,90,90,52,52,26,26,34,18,8,9,1,0.7692307692307693,0.7450980392156863,0.8235294117647058,0.8235294117647058,0.8235294117647058,0.6666666666296296,12,6,6,28
com_erro,random_forest,queda,100,95,95,49,49,25,24,29,20,9,10,1,0.6938775510204082,0.6870689655172414,0.75,0.7241379310344828,0.7368421052631579,0.6499999999675,13,7,8,21
com_erro,random_forest,queda,100,100,100,47,47,25,22,28,19,8,12,4,0.8085106382978723,0.8139097744360901,0.88,0.7857142857142857,0.8301886792452831,0.8421052631135734,16,3,6,22
com_erro,xgboost,lacuna,20,5,5,947,947,215,732,295,652,22,22,0,1.0,1.0,1.0,1.0,1.0,0.9999999999984662,652,0,0,295
com_erro,xgboost,lacuna,20,10,10,474,474,108,366,148,326,21,21,0,1.0,1.0,1.0,1.0,1.0,0.9999999999969326,326,0,0,148
com_erro,xgboost,lacuna,20,15,15,316,316,70,246,96,220,21,21,0,1.0,1.0,1.0,1.0,1.0,0.9999999999954546,220,0,0,96
com_erro,xgboost,lacuna,20,20,20,237,237,54,183,74,163,20,21,1,0.9831223628691983,0.972972972972973,1.0,0.9459459459459459,0.9722222222222222,0.9999999999938651,163,0,4,70
com_erro,xgboost,lacuna,30,5,5,945,945,251,694,336,609,21,21,0,1.0,1.0,1.0,1.0,1.0,0.999999999998358,609,0,0,336
com_erro,xgboost,lacuna,30,10,10,473,473,126,347,168,305,21,21,0,1.0,1.0,1.0,1.0,1.0,0.9999999999967214,305,0,0,168
com_erro,xgboost,lacuna,30,15,15,315,315,81,234,109,206,19,19,0,0.9936507936507937,0.9908256880733946,1.0,0.981651376146789,0.9907407407407407,0.9999999999951457,206,0,2,107
com_erro,xgboost,lacuna,30,20,20,237,237,64,173,84,153,20,20,0,1.0,1.0,1.0,1.0,1.0,0.9999999999934641,153,0,0,84
com_erro,xgboost,lacuna,30,25,25,189,189,54,135,67,122,18,18,0,1.0,1.0,1.0,1.0,1.0,0.9999999999918032,122,0,0,67
com_erro,xgboost,lacuna,30,30,30,158,158,41,117,55,103,18,18,0,0.9873417721518988,0.9818181818181818,1.0,0.9636363636363636,0.9814814814814815,0.9999999999902912,103,0,2,53
com_erro,xgboost,lacuna,40,5,5,943,943,286,657,376,567,19,19,0,1.0,1.0,1.0,1.0,1.0,0.9999999999982363,567,0,0,376
com_erro,xgboost,lacuna,40,10,10,472,472,143,329,188,284,18,18,0,1.0,1.0,1.0,1.0,1.0,0.9999999999964789,284,0,0,188
com_erro,xgboost,lacuna,40,15,15,315,315,95,220,124,191,18,18,0,1.0,1.0,1.0,1.0,1.0,0.9999999999947644,191,0,0,124
com_erro,xgboost,lacuna,40,20,20,236,236,71,165,94,142,17,17,0,0.9872881355932204,0.9840425531914894,1.0,0.9680851063829787,0.9837837837837838,0.9999999999929579,142,0,3,91
com_erro,xgboost,lacuna,40,25,25,189,189,58,131,77,112,17,17,0,1.0,1.0,1.0,1.0,1.0,0.9999999999910714,112,0,0,77
com_erro,xgboost,lacuna,40,30,30,158,158,47,111,61,97,18,18,0,1.0,1.0,1.0,1.0,1.0,0.9999999999896907,97,0,0,61
com_erro,xgboost,lacuna,40,35,35,135,135,42,93,51,84,17,17,0,1.0,1.0,1.0,1.0,1.0,0.9999999999880952,84,0,0,51
com_erro,xgboost,lacuna,40,40,40,118,118,35,83,49,69,17,17,0,0.9915254237288136,0.9897959183673469,1.0,0.9795918367346939,0.9896907216494846,0.9999999999855071,69,0,1,48
com_erro,xgboost,lacuna,50,5,5,941,941,318,623,411,530,18,18,0,1.0,1.0,1.0,1.0,1.0,0.9999999999981132,530,0,0,411
com_erro,xgboost,lacuna,50,10,10,471,471,159,312,205,266,18,18,0,1.0,1.0,1.0,1.0,1.0,0.9999999999962407,266,0,0,205
com_erro,xgboost,lacuna,50,15,15,314,314,105,209,134,180,18,18,0,1.0,1.0,1.0,1.0,1.0,0.9999999999944446,180,0,0,134
com_erro,xgboost,lacuna,50,20,20,236,236,80,156,103,133,18,18,0,1.0,1.0,1.0,1.0,1.0,0.9999999999924812,133,0,0,103
com_erro,xgboost,lacuna,50,25,25,189,189,63,126,83,106,18,18,0,0.9947089947089947,0.9939759036144578,1.0,0.9879518072289156,0.9939393939393939,0.999999999990566,106,0,1,82
com_erro,xgboost,lacuna,50,30,30,157,157,50,107,66,91,16,17,1,0.9808917197452229,0.9772727272727273,1.0,0.9545454545454546,0.9767441860465116,0.9999999999890109,91,0,3,63
com_erro,xgboost,lacuna,50,35,35,135,135,49,86,57,78,15,15,0,1.0,1.0,1.0,1.0,1.0,0.9999999999871795,78,0,0,57
com_erro,xgboost,lacuna,50,40,40,118,118,40,78,52,66,15,15,0,1.0,1.0,1.0,1.0,1.0,0.9999999999848485,66,0,0,52
com_erro,xgboost,lacuna,50,45,45,105,105,35,70,44,61,16,17,1,0.9904761904761905,0.9886363636363636,1.0,0.9772727272727273,0.9885057471264368,0.9999999999836067,61,0,1,43
com_erro,xgboost,lacuna,50,50,50,95,95,32,63,44,51,15,16,1,0.9789473684210527,0.9772727272727273,1.0,0.9545454545454546,0.9767441860465116,0.9999999999803922,51,0,2,42
com_erro,xgboost,lacuna,60,5,5,939,939,348,591,445,494,18,18,0,1.0,1.0,1.0,1.0,1.0,0.9999999999979757,494,0,0,445
com_erro,xgboost,lacuna,60,10,10,470,470,174,296,222,248,18,18,0,1.0,1.0,1.0,1.0,1.0,0.9999999999959678,248,0,0,222
com_erro,xgboost,lacuna,60,15,15,313,313,115,198,145,168,17,17,0,0.9936102236421726,0.993103448275862,1.0,0.9862068965517241,0.9930555555555556,0.9999999999940477,168,0,2,143
com_erro,xgboost,lacuna,60,20,20,235,235,87,148,111,124,16,17,1,0.9872340425531915,0.9864864864864865,1.0,0.972972972972973,0.9863013698630136,0.9999999999919355,124,0,3,108
com_erro,xgboost,lacuna,60,25,25,188,188,72,116,88,100,16,17,1,0.9893617021276596,0.9886363636363636,1.0,0.9772727272727273,0.9885057471264368,0.99999999999,100,0,2,86
com_erro,xgboost,lacuna,60,30,30,157,157,57,100,73,84,14,15,1,0.9872611464968153,0.9863013698630136,1.0,0.9726027397260274,0.9861111111111112,0.9999999999880952,84,0,2,71
com_erro,xgboost,lacuna,60,35,35,135,135,54,81,63,72,16,16,0,1.0,1.0,1.0,1.0,1.0,0.9999999999861111,72,0,0,63
com_erro,xgboost,lacuna,60,40,40,118,118,44,74,55,63,13,13,0,1.0,1.0,1.0,1.0,1.0,0.999999999984127,63,0,0,55
com_erro,xgboost,lacuna,60,45,45,105,105,37,68,48,57,15,15,0,1.0,1.0,1.0,1.0,1.0,0.9999999999824563,57,0,0,48
com_erro,xgboost,lacuna,60,50,50,94,94,37,57,44,50,13,13,0,1.0,1.0,1.0,1.0,1.0,0.9999999999800001,50,0,0,44
com_erro,xgboost,lacuna,60,55,55,86,86,33,53,41,45,13,16,3,0.9534883720930233,0.9512195121951219,1.0,0.9024390243902439,0.9487179487179487,0.9999999999777779,45,0,4,37
com_erro,xgboost,lacuna,60,60,60,79,79,27,52,35,44,14,15,1,0.9746835443037974,0.9714285714285714,1.0,0.9428571428571428,0.9705882352941176,0.9999999999772728,44,0,2,33
com_erro,xgboost,lacuna,70,5,5,937,937,375,562,479,458,18,18,0,1.0,1.0,1.0,1.0,1.0,0.9999999999978166,458,0,0,479
com_erro,xgboost,lacuna,70,10,10,469,469,188,281,239,230,17,17,0,1.0,1.0,1.0,1.0,1.0,0.9999999999956523,230,0,0,239
com_erro,xgboost,lacuna,70,15,15,313,313,125,188,158,155,16,16,0,1.0,1.0,1.0,1.0,1.0,0.9999999999935485,155,0,0,158
com_erro,xgboost,lacuna,70,20,20,235,235,95,140,120,115,15,15,0,1.0,1.0,1.0,1.0,1.0,0.9999999999913043,115,0,0,120
com_erro,xgboost,lacuna,70,25,25,188,188,75,113,96,92,14,14,0,1.0,1.0,1.0,1.0,1.0,0.9999999999891304,92,0,0,96
com_erro,xgboost,lacuna,70,30,30,157,157,63,94,78,79,15,15,0,1.0,1.0,1.0,1.0,1.0,0.9999999999873417,79,0,0,78
com_erro,xgboost,lacuna,70,35,35,134,134,57,77,67,67,14,14,0,1.0,1.0,1.0,1.0,1.0,0.9999999999850746,67,0,0,67
com_erro,xgboost,lacuna,70,40,40,118,118,48,70,61,57,13,13,0,1.0,1.0,1.0,1.0,1.0,0.9999999999824563,57,0,0,61
com_erro,xgboost,lacuna,70,45,45,105,105,40,65,51,54,15,15,0,1.0,1.0,1.0,1.0,1.0,0.9999999999814816,54,0,0,51
com_erro,xgboost,lacuna,70,50,50,94,94,39,55,46,48,12,12,0,1.0,1.0,1.0,1.0,1.0,0.9999999999791668,48,0,0,46
com_erro,xgboost,lacuna,70,55,55,86,86,34,52,43,43,14,15,1,0.9418604651162791,0.9418604651162791,1.0,0.8837209302325582,0.9382716049382716,0.9999999999767443,43,0,5,38
com_erro,xgboost,lacuna,70,60,60,79,79,30,49,38,41,15,15,0,1.0,1.0,1.0,1.0,1.0,0.9999999999756098,41,0,0,38
com_erro,xgboost,lacuna,70,65,65,73,73,30,43,39,34,13,13,0,0.9726027397260274,0.9743589743589743,1.0,0.9487179487179487,0.9736842105263158,0.9999999999705883,34,0,2,37
com_erro,xgboost,lacuna,70,70,70,67,67,30,37,34,33,13,13,0,1.0,1.0,1.0,1.0,1.0,0.9999999999696971,33,0,0,34
com_erro,xgboost,lacuna,80,5,5,935,935,401,534,511,424,14,14,0,1.0,1.0,1.0,1.0,1.0,0.9999999999976416,424,0,0,511
com_erro,xgboost,lacuna,80,10,10,468,468,201,267,255,213,14,14,0,1.0,1.0,1.0,1.0,1.0,0.9999999999953052,213,0,0,255
com_erro,xgboost,lacuna,80,15,15,312,312,133,179,167,145,14,14,0,1.0,1.0,1.0,1.0,1.0,0.9999999999931035,145,0,0,167
com_erro,xgboost,lacuna,80,20,20,234,234,100,134,127,107,13,13,0,0.9914529914529915,0.9921259842519685,1.0,0.984251968503937,0.9920634920634921,0.9999999999906541,107,0,2,125
com_erro,xgboost,lacuna,80,25,25,187,187,83,104,102,85,12,12,0,1.0,1.0,1.0,1.0,1.0,0.9999999999882353,85,0,0,102
com_erro,xgboost,lacuna,80,30,30,156,156,65,91,82,74,13,14,1,0.9807692307692307,0.9817073170731707,1.0,0.9634146341463414,0.9813664596273292,0.9999999999864865,74,0,3,79
com_erro,xgboost,lacuna,80,35,35,134,134,60,74,71,63,13,13,0,1.0,1.0,1.0,1.0,1.0,0.999999999984127,63,0,0,71
com_erro,xgboost,lacuna,80,40,40,117,117,50,67,66,51,11,11,0,0.9914529914529915,0.9924242424242424,1.0,0.9848484848484849,0.9923664122137404,0.9999999999803922,51,0,1,65
com_erro,xgboost,lacuna,80,45,45,104,104,46,58,53,51,13,13,0,1.0,1.0,1.0,1.0,1.0,0.9999999999803922,51,0,0,53
com_erro,xgboost,lacuna,80,50,50,94,94,44,50,51,43,11,11,0,1.0,1.0,1.0,1.0,1.0,0.9999999999767443,43,0,0,51
com_erro,xgboost,lacuna,80,55,55,85,85,36,49,48,37,12,15,3,0.9058823529411765,0.9166666666666667,1.0,0.8333333333333334,0.9090909090909091,0.9999999999729731,37,0,8,40
com_erro,xgboost,lacuna,80,60,60,78,78,32,46,41,37,12,13,1,0.9615384615384616,0.9634146341463414,1.0,0.926829268292683,0.9620253164556962,0.9999999999729731,37,0,3,38
com_erro,xgboost,lacuna,80,65,65,72,72,32,40,40,32,11,11,0,0.9861111111111112,0.9875,1.0,0.975,0.9873417721518988,0.9999999999687501,32,0,1,39
com_erro,xgboost,lacuna,80,70,70,67,67,32,35,34,33,13,13,0,1.0,1.0,1.0,1.0,1.0,0.9999999999696971,33,0,0,34
com_erro,xgboost,lacuna,80,75,75,63,63,30,33,36,27,11,11,0,1.0,1.0,1.0,1.0,1.0,0.999999999962963,27,0,0,36
com_erro,xgboost,lacuna,80,80,80,59,59,26,33,35,24,11,11,0,0.9830508474576272,0.9857142857142858,1.0,0.9714285714285714,0.9855072463768116,0.9999999999583333,24,0,1,34
com_erro,xgboost,lacuna,90,5,5,933,933,427,506,537,396,13,13,0,1.0,1.0,1.0,1.0,1.0,0.9999999999974748,396,0,0,537
com_erro,xgboost,lacuna,90,10,10,467,467,214,253,268,199,13,13,0,1.0,1.0,1.0,1.0,1.0,0.9999999999949749,199,0,0,268
com_erro,xgboost,lacuna,90,15,15,311,311,142,169,176,135,12,12,0,0.9967845659163987,0.9971590909090908,1.0,0.9943181818181818,0.9971509971509972,0.9999999999925927,135,0,1,175
com_erro,xgboost,lacuna,90,20,20,234,234,108,126,134,100,13,13,0,1.0,1.0,1.0,1.0,1.0,0.99999999999,100,0,0,134
com_erro,xgboost,lacuna,90,25,25,187,187,86,101,107,80,12,12,0,1.0,1.0,1.0,1.0,1.0,0.9999999999875,80,0,0,107
com_erro,xgboost,lacuna,90,30,30,156,156,71,85,87,69,12,12,0,0.9935897435897436,0.9942528735632183,1.0,0.9885057471264368,0.9942196531791907,0.9999999999855071,69,0,1,86
com_erro,xgboost,lacuna,90,35,35,134,134,66,68,75,59,13,13,0,1.0,1.0,1.0,1.0,1.0,0.9999999999830509,59,0,0,75
com_erro,xgboost,lacuna,90,40,40,117,117,54,63,67,50,11,11,0,1.0,1.0,1.0,1.0,1.0,0.9999999999800001,50,0,0,67
com_erro,xgboost,lacuna,90,45,45,104,104,49,55,60,44,11,13,2,0.9615384615384616,0.9666666666666667,1.0,0.9333333333333333,0.9655172413793104,0.9999999999772728,44,0,4,56
com_erro,xgboost,lacuna,90,50,50,94,94,45,49,55,39,11,11,0,0.9787234042553191,0.9818181818181818,1.0,0.9636363636363636,0.9814814814814815,0.9999999999743591,39,0,2,53
com_erro,xgboost,lacuna,90,55,55,85,85,41,44,51,34,11,11,0,1.0,1.0,1.0,1.0,1.0,0.9999999999705883,34,0,0,51
com_erro,xgboost,lacuna,90,60,60,78,78,37,41,44,34,11,11,0,1.0,1.0,1.0,1.0,1.0,0.9999999999705883,34,0,0,44
com_erro,xgboost,lacuna,90,65,65,72,72,34,38,42,30,11,11,0,1.0,1.0,1.0,1.0,1.0,0.9999999999666667,30,0,0,42
com_erro,xgboost,lacuna,90,70,70,67,67,33,34,36,31,12,12,0,1.0,1.0,1.0,1.0,1.0,0.9999999999677419,31,0,0,36
com_erro,xgboost,lacuna,90,75,75,63,63,30,33,37,26,11,11,0,1.0,1.0,1.0,1.0,1.0,0.9999999999615384,26,0,0,37
com_erro,xgboost,lacuna,90,80,80,59,59,29,30,36,23,10,10,0,1.0,1.0,1.0,1.0,1.0,0.9999999999565218,23,0,0,36
com_erro,xgboost,lacuna,90,85,85,55,55,24,31,29,26,12,12,0,0.9818181818181818,0.9827586206896552,1.0,0.9655172413793104,0.9824561403508771,0.9999999999615384,26,0,1,28
com_erro,xgboost,lacuna,90,90,90,52,52,24,28,30,22,10,11,1,0.9615384615384616,0.9666666666666667,1.0,0.9333333333333333,0.9655172413793104,0.9999999999545455,22,0,2,28
com_erro,xgboost,lacuna,100,5,5,931,931,452,479,561,370,13,13,0,1.0,1.0,1.0,1.0,1.0,0.9999999999972973,370,0,0,561
com_erro,xgboost,lacuna,100,10,10,466,466,226,240,280,186,13,13,0,1.0,1.0,1.0,1.0,1.0,0.9999999999946237,186,0,0,280
com_erro,xgboost,lacuna,100,15,15,311,311,151,160,186,125,13,13,0,1.0,1.0,1.0,1.0,1.0,0.999999999992,125,0,0,186
com_erro,xgboost,lacuna,100,20,20,233,233,112,121,140,93,11,11,0,0.9914163090128756,0.9928571428571429,1.0,0.9857142857142858,0.9928057553956835,0.9999999999892473,93,0,2,138
com_erro,xgboost,lacuna,100,25,25,187,187,90,97,112,75,12,12,0,0.9946524064171123,0.9955357142857143,1.0,0.9910714285714286,0.9955156950672646,0.9999999999866667,75,0,1,111
com_erro,xgboost,lacuna,100,30,30,156,156,76,80,92,64,13,13,0,1.0,1.0,1.0,1.0,1.0,0.9999999999843749,64,0,0,92
com_erro,xgboost,lacuna,100,35,35,133,133,67,66,81,52,11,11,0,1.0,1.0,1.0,1.0,1.0,0.9999999999807693,52,0,0,81
com_erro,xgboost,lacuna,100,40,40,117,117,56,61,68,49,11,11,0,1.0,1.0,1.0,1.0,1.0,0.9999999999795919,49,0,0,68
com_erro,xgboost,lacuna,100,45,45,104,104,50,54,63,41,11,11,0,0.9807692307692307,0.9841269841269842,1.0,0.9682539682539683,0.9838709677419355,0.9999999999756098,41,0,2,61
com_erro,xgboost,lacuna,100,50,50,94,94,46,48,58,36,12,12,0,0.9893617021276596,0.9913793103448276,1.0,0.9827586206896551,0.991304347826087,0.9999999999722223,36,0,1,57
com_erro,xgboost,lacuna,100,55,55,85,85,42,43,53,32,11,12,1,0.9647058823529412,0.9716981132075472,1.0,0.9433962264150944,0.970873786407767,0.9999999999687501,32,0,3,50
com_erro,xgboost,lacuna,100,60,60,78,78,39,39,46,32,11,11,0,0.9871794871794872,0.9891304347826086,1.0,0.9782608695652174,0.989010989010989,0.9999999999687501,32,0,1,45
com_erro,xgboost,lacuna,100,65,65,72,72,35,37,44,28,11,11,0,0.9861111111111112,0.9886363636363636,1.0,0.9772727272727273,0.9885057471264368,0.9999999999642857,28,0,1,43
com_erro,xgboost,lacuna,100,70,70,67,67,34,33,39,28,11,11,0,0.9850746268656716,0.9871794871794872,1.0,0.9743589743589743,0.987012987012987,0.9999999999642857,28,0,1,38
com_erro,xgboost,lacuna,100,75,75,63,63,31,32,39,24,10,11,1,0.9841269841269841,0.9871794871794872,1.0,0.9743589743589743,0.987012987012987,0.9999999999583333,24,0,1,38
com_erro,xgboost,lacuna,100,80,80,59,59,29,30,36,23,10,10,0,1.0,1.0,1.0,1.0,1.0,0.9999999999565218,23,0,0,36
com_erro,xgboost,lacuna,100,85,85,55,55,26,29,31,24,11,11,0,0.9818181818181818,0.9838709677419355,1.0,0.967741935483871,0.9836065573770492,0.9999999999583333,24,0,1,30
com_erro,xgboost,lacuna,100,90,90,52,52,24,28,31,21,9,10,1,0.9807692307692307,0.9838709677419355,1.0,0.967741935483871,0.9836065573770492,0.999999999952381,21,0,1,30
com_erro,xgboost,lacuna,100,95,95,49,49,23,26,30,19,10,10,0,1.0,1.0,1.0,1.0,1.0,0.9999999999473684,19,0,0,30
com_erro,xgboost,lacuna,100,100,100,47,47,22,25,26,21,11,11,0,0.9787234042553191,0.9807692307692308,1.0,0.9615384615384616,0.9803921568627451,0.999999999952381,21,0,1,25
com_erro,xgboost,oscilacao,20,5,5,947,947,382,565,419,528,21,31,10,0.9303062302006336,0.9273997432559484,0.9379652605459057,0.9021479713603818,0.9197080291970803,0.9526515151497109,503,25,41,378
com_erro,xgboost,oscilacao,20,10,10,474,474,190,284,211,263,19,28,9,0.9135021097046413,0.9084659326401529,0.9381443298969072,0.8625592417061612,0.8987654320987655,0.9543726235705158,251,12,29,182
com_erro,xgboost,oscilacao,20,15,15,316,316,126,190,137,179,19,24,5,0.939873417721519,0.9366513069363455,0.946969696969697,0.9124087591240876,0.929368029739777,0.9608938547432353,172,7,12,125
com_erro,xgboost,oscilacao,20,20,20,237,237,94,143,106,131,19,26,7,0.8987341772151899,0.8930937635028087,0.9270833333333334,0.839622641509434,0.8811881188118812,0.9465648854889576,124,7,17,89
com_erro,xgboost,oscilacao,30,5,5,945,945,418,527,457,488,18,29,11,0.9238095238095239,0.9233799368655164,0.930648769574944,0.9102844638949672,0.9203539823008849,0.9364754098341466,457,31,41,416
com_erro,xgboost,oscilacao,30,10,10,473,473,208,265,229,244,18,25,7,0.9112050739957717,0.910310330016465,0.9308755760368663,0.8820960698689956,0.905829596412556,0.938524590160088,229,15,27,202
com_erro,xgboost,oscilacao,30,15,15,315,315,139,176,152,163,18,24,6,0.9047619047619048,0.9046456247981918,0.9013157894736842,0.9013157894736842,0.9013157894736842,0.907975460117129,148,15,15,137
com_erro,xgboost,oscilacao,30,20,20,237,237,103,134,115,122,18,25,7,0.8860759493670886,0.8851033499643621,0.9074074074074074,0.8521739130434782,0.8789237668161435,0.918032786877721,112,10,17,98
com_erro,xgboost,oscilacao,30,25,25,189,189,84,105,90,99,16,22,6,0.8994708994708994,0.898989898989899,0.898876404494382,0.8888888888888888,0.8938547486033519,0.9090909090817263,90,9,10,80
com_erro,xgboost,oscilacao,30,30,30,158,158,72,86,76,82,16,25,9,0.8924050632911392,0.8920089858793325,0.8933333333333333,0.881578947368421,0.8874172185430463,0.9024390243792385,74,8,9,67
com_erro,xgboost,oscilacao,40,5,5,943,943,454,489,491,452,18,25,7,0.911983032873807,0.9124033487734982,0.9267782426778243,0.9022403258655805,0.9143446852425181,0.9225663716793748,417,35,48,443
com_erro,xgboost,oscilacao,40,10,10,472,472,226,246,246,226,18,27,9,0.8983050847457628,0.8992013813943449,0.9230769230769231,0.8780487804878049,0.9,0.9203539822968126,208,18,30,216
com_erro,xgboost,oscilacao,40,15,15,315,315,151,164,162,153,17,25,8,0.9047619047619048,0.9052287581699345,0.9230769230769231,0.8888888888888888,0.9056603773584906,0.9215686274449572,141,12,18,144
com_erro,xgboost,oscilacao,40,20,20,236,236,112,124,124,112,17,21,4,0.8771186440677966,0.8778801843317973,0.8991596638655462,0.8629032258064516,0.8806584362139918,0.8928571428491708,100,12,17,107
com_erro,xgboost,oscilacao,40,25,25,189,189,91,98,97,92,16,21,5,0.9259259259259259,0.9261541909457642,0.9368421052631579,0.9175257731958762,0.9270833333333334,0.9347826086854915,86,6,8,89
com_erro,xgboost,oscilacao,40,30,30,158,158,77,81,82,76,16,19,3,0.8924050632911392,0.8924903722721438,0.9012345679012346,0.8902439024390244,0.8957055214723927,0.8947368420934902,68,8,9,73
com_erro,xgboost,oscilacao,40,35,35,135,135,64,71,71,64,14,19,5,0.9185185185185185,0.9186839788732395,0.9285714285714286,0.9154929577464789,0.9219858156028369,0.9218749999855956,59,5,6,65
com_erro,xgboost,oscilacao,40,40,40,118,118,58,60,61,57,15,19,4,0.8728813559322034,0.8730227207362669,0.8833333333333333,0.8688524590163934,0.8760330578512396,0.8771929824407511,50,7,8,53
com_erro,xgboost,oscilacao,50,5,5,941,941,486,455,525,416,16,26,10,0.8873538788522848,0.8863209706959707,0.9021113243761996,0.8952380952380953,0.8986615678776291,0.877403846151737,365,51,55,470
com_erro,xgboost,oscilacao,50,10,10,471,471,243,228,263,208,16,23,7,0.8789808917197452,0.87856463878327,0.8992248062015504,0.8821292775665399,0.8905950095969289,0.8749999999957934,182,26,31,232
com_erro,xgboost,oscilacao,50,15,15,314,314,160,154,172,142,16,22,6,0.8949044585987261,0.8930150671470685,0.8971428571428571,0.9127906976744186,0.9048991354466859,0.8732394366135688,124,18,15,157
com_erro,xgboost,oscilacao,50,20,20,236,236,121,115,132,104,16,22,6,0.8771186440677966,0.8748543123543123,0.8872180451127819,0.8939393939393939,0.8905660377358491,0.8557692307610022,89,15,14,118
com_erro,xgboost,oscilacao,50,25,25,189,189,97,92,105,84,16,21,5,0.8835978835978836,0.8821428571428571,0.8952380952380953,0.8952380952380953,0.8952380952380953,0.8690476190372732,73,11,11,94
com_erro,xgboost,oscilacao,50,30,30,157,157,78,79,87,70,15,18,3,0.8980891719745223,0.89688013136289,0.9080459770114943,0.9080459770114943,0.9080459770114943,0.8857142857016326,62,8,8,79
com_erro,xgboost,oscilacao,50,35,35,135,135,68,67,74,61,15,20,5,0.9111111111111111,0.910279131590607,0.918918918918919,0.918918918918919,0.918918918918919,0.9016393442475141,55,6,6,68
com_erro,xgboost,oscilacao,50,40,40,118,118,63,55,64,54,14,15,1,0.8898305084745762,0.8897569444444444,0.9047619047619048,0.890625,0.8976377952755905,0.888888888872428,48,6,7,57
com_erro,xgboost,oscilacao,50,45,45,105,105,52,53,57,48,13,18,5,0.9047619047619048,0.9024122807017544,0.8983050847457628,0.9298245614035088,0.9137931034482759,0.8749999999817709,42,6,4,53
com_erro,xgboost,oscilacao,50,50,50,95,95,49,46,53,42,15,18,3,0.8947368421052632,0.8933063791554358,0.9056603773584906,0.9056603773584906,0.9056603773584906,0.8809523809314059,37,5,5,48
com_erro,xgboost,oscilacao,60,5,5,939,939,515,424,555,384,16,26,10,0.8636847710330139,0.8557995495495496,0.8739054290718039,0.8990990990990991,0.8863232682060391,0.8124999999978841,312,72,56,499
com_erro,xgboost,oscilacao,60,10,10,470,470,257,213,278,192,15,22,7,0.8617021276595744,0.854091726618705,0.8736842105263158,0.89568345323741,0.8845470692717584,0.8124999999957683,156,36,29,249
com_erro,xgboost,oscilacao,60,15,15,313,313,171,142,184,129,15,22,7,0.8753993610223643,0.8673744523087293,0.8795811518324608,0.9130434782608695,0.896,0.8217054263502194,106,23,16,168
com_erro,xgboost,oscilacao,60,20,20,235,235,128,107,140,95,15,22,7,0.8723404255319149,0.869172932330827,0.8985507246376812,0.8857142857142857,0.8920863309352518,0.8526315789383934,81,14,16,124
com_erro,xgboost,oscilacao,60,25,25,188,188,103,85,112,76,14,22,8,0.8829787234042553,0.8785244360902256,0.9017857142857143,0.9017857142857143,0.9017857142857143,0.8552631578834834,65,11,11,101
com_erro,xgboost,oscilacao,60,30,30,157,157,88,69,91,66,14,16,2,0.8662420382165605,0.8575591075591076,0.8645833333333334,0.9120879120879121,0.8877005347593583,0.8030303030181358,53,13,8,83
com_erro,xgboost,oscilacao,60,35,35,135,135,73,62,78,57,14,20,6,0.8666666666666667,0.8633603238866396,0.8846153846153846,0.8846153846153846,0.8846153846153846,0.8421052631431211,48,9,9,69
com_erro,xgboost,oscilacao,60,40,40,118,118,65,53,69,49,14,17,3,0.8728813559322034,0.870600414078675,0.8970588235294118,0.8840579710144928,0.8905109489051095,0.8571428571253645,42,7,8,61
com_erro,xgboost,oscilacao,60,45,45,105,105,55,50,58,47,14,18,4,0.8666666666666667,0.8591342626559061,0.84375,0.9310344827586207,0.8852459016393442,0.7872340425364419,37,10,4,54
com_erro,xgboost,oscilacao,60,50,50,94,94,52,42,56,38,12,15,3,0.8829787234042553,0.8764097744360901,0.8947368421052632,0.9107142857142857,0.9026548672566371,0.8421052631357342,32,6,5,51
com_erro,xgboost,oscilacao,60,55,55,86,86,50,36,51,35,14,13,-1,0.8604651162790697,0.8420168067226891,0.8421052631578947,0.9411764705882353,0.8888888888888888,0.7428571428359184,26,9,3,48
com_erro,xgboost,oscilacao,60,60,60,79,79,45,34,46,33,13,14,1,0.8227848101265823,0.8092885375494071,0.82,0.8913043478260869,0.8541666666666666,0.7272727272506888,24,9,5,41
com_erro,xgboost,oscilacao,70,5,5,937,937,542,395,584,353,15,22,7,0.8569903948772679,0.8410129419069425,0.8700657894736842,0.9058219178082192,0.8875838926174496,0.7762039660034669,274,79,55,529
com_erro,xgboost,oscilacao,70,10,10,469,469,271,198,292,177,15,21,6,0.8635394456289979,0.8481348192864329,0.875,0.910958904109589,0.8926174496644296,0.7853107344588401,139,38,26,266
com_erro,xgboost,oscilacao,70,15,15,313,313,181,132,193,120,13,19,6,0.8690095846645367,0.8543825561312608,0.8762376237623762,0.917098445595855,0.8962025316455696,0.7916666666600695,95,25,16,177
com_erro,xgboost,oscilacao,70,20,20,235,235,135,100,147,88,14,15,1,0.8595744680851064,0.8421459492888064,0.8701298701298701,0.9115646258503401,0.8903654485049833,0.7727272727184917,68,20,13,134
com_erro,xgboost,oscilacao,70,25,25,188,188,109,79,116,72,14,16,2,0.8563829787234043,0.8441091954022988,0.8739495798319328,0.896551724137931,0.8851063829787233,0.7916666666556712,57,15,12,104
com_erro,xgboost,oscilacao,70,30,30,157,157,92,65,97,60,13,13,0,0.8535031847133758,0.8369415807560138,0.8627450980392157,0.9072164948453608,0.8844221105527639,0.7666666666538889,46,14,9,88
com_erro,xgboost,oscilacao,70,35,35,134,134,74,60,84,50,12,14,2,0.8283582089552238,0.8104761904761905,0.8505747126436781,0.8809523809523809,0.8654970760233918,0.7399999999852,37,13,10,74
com_erro,xgboost,oscilacao,70,40,40,118,118,68,50,74,44,13,13,0,0.847457627118644,0.8323095823095823,0.868421052631579,0.8918918918918919,0.88,0.7727272727097108,34,10,8,66
com_erro,xgboost,oscilacao,70,45,45,105,105,59,46,62,43,12,14,2,0.8571428571428571,0.836271567891973,0.8309859154929577,0.9516129032258065,0.8872180451127819,0.7209302325413738,31,12,3,59
com_erro,xgboost,oscilacao,70,50,50,94,94,53,41,58,36,11,14,3,0.8723404255319149,0.8649425287356323,0.896551724137931,0.896551724137931,0.896551724137931,0.8333333333101852,30,6,6,52
com_erro,xgboost,oscilacao,70,55,55,86,86,53,33,52,34,13,14,1,0.872093023255814,0.8484162895927603,0.847457627118644,0.9615384615384616,0.9009009009009009,0.7352941176254326,25,9,2,50
com_erro,xgboost,oscilacao,70,60,60,79,79,46,33,50,29,11,14,3,0.8860759493670886,0.8737931034482759,0.9019607843137255,0.92,0.9108910891089109,0.8275862068680143,24,5,4,46
com_erro,xgboost,oscilacao,70,65,65,73,73,41,32,47,26,11,12,1,0.863013698630137,0.8420621931260229,0.8775510204081632,0.9148936170212766,0.8958333333333334,0.7692307692011834,20,6,4,43
com_erro,xgboost,oscilacao,70,70,70,67,67,34,33,43,24,10,11,1,0.8059701492537313,0.7936046511627908,0.8571428571428571,0.8372093023255814,0.8470588235294118,0.74999999996875,18,6,7,36
com_erro,xgboost,oscilacao,80,5,5,935,935,568,367,611,324,13,24,11,0.8545454545454545,0.8263674203390516,0.8670788253477589,0.9181669394435352,0.8918918918918919,0.7345679012323008,238,86,50,561
com_erro,xgboost,oscilacao,80,10,10,468,468,284,184,306,162,13,16,3,0.8504273504273504,0.8202614379084967,0.8619631901840491,0.9183006535947712,0.8892405063291139,0.7222222222177641,117,45,25,281
com_erro,xgboost,oscilacao,80,15,15,312,312,187,125,201,111,13,16,3,0.8653846153846154,0.8410649455425575,0.8732394366197183,0.9253731343283582,0.8985507246376812,0.7567567567499391,84,27,15,186
com_erro,xgboost,oscilacao,80,20,20,234,234,141,93,154,80,12,17,5,0.8461538461538461,0.823051948051948,0.8734177215189873,0.8961038961038961,0.8846153846153846,0.7499999999906249,60,20,16,138
com_erro,xgboost,oscilacao,80,25,25,187,187,114,73,120,67,12,15,3,0.839572192513369,0.7991915422885572,0.8308823529411765,0.9416666666666667,0.8828125,0.6567164179006459,44,23,7,113
com_erro,xgboost,oscilacao,80,30,30,156,156,91,65,102,54,11,15,4,0.8589743589743589,0.8529411764705883,0.9081632653061225,0.8725490196078431,0.89,0.8333333333179013,45,9,13,89
com_erro,xgboost,oscilacao,80,35,35,134,134,80,54,87,47,13,15,2,0.8432835820895522,0.8059427732942039,0.84375,0.9310344827586207,0.8852459016393442,0.6808510638153011,32,15,6,81
com_erro,xgboost,oscilacao,80,40,40,117,117,72,45,76,41,11,11,0,0.8290598290598291,0.8010269576379974,0.85,0.8947368421052632,0.8717948717948718,0.7073170731534801,29,12,8,68
com_erro,xgboost,oscilacao,80,45,45,104,104,60,44,66,38,11,10,-1,0.875,0.8456937799043063,0.863013698630137,0.9545454545454546,0.9064748201438849,0.7368421052437674,28,10,3,63
com_erro,xgboost,oscilacao,80,50,50,94,94,57,37,59,35,11,13,2,0.8936170212765957,0.8745762711864407,0.8888888888888888,0.9491525423728814,0.9180327868852459,0.7999999999771429,28,7,3,56
com_erro,xgboost,oscilacao,80,55,55,85,85,53,32,57,28,10,10,0,0.8705882352941177,0.8217418546365916,0.859375,0.9649122807017544,0.9090909090909091,0.6785714285471939,19,9,2,55
com_erro,xgboost,oscilacao,80,60,60,78,78,45,33,53,25,9,12,3,0.8974358974358975,0.8716981132075472,0.9090909090909091,0.9433962264150944,0.9259259259259259,0.799999999968,20,5,3,50
com_erro,xgboost,oscilacao,80,65,65,72,72,43,29,47,25,9,12,3,0.8611111111111112,0.8468085106382979,0.8936170212765957,0.8936170212765957,0.8936170212765957,0.799999999968,20,5,5,42
com_erro,xgboost,oscilacao,80,70,70,67,67,40,27,44,23,10,11,1,0.8805970149253731,0.8468379446640316,0.875,0.9545454545454546,0.9130434782608695,0.7391304347504726,17,6,2,42
com_erro,xgboost,oscilacao,80,75,75,63,63,35,28,41,22,11,12,1,0.8095238095238095,0.7904656319290466,0.8536585365853658,0.8536585365853658,0.8536585365853658,0.7272727272396694,16,6,6,35
com_erro,xgboost,oscilacao,80,80,80,59,59,37,22,37,22,10,9,-1,0.864406779661017,0.8366093366093366,0.8536585365853658,0.9459459459459459,0.8974358974358975,0.7272727272396694,16,6,2,35
com_erro,xgboost,oscilacao,90,5,5,933,933,594,339,635,298,13,22,9,0.8542336548767417,0.8181155207947999,0.8740629685157422,0.9181102362204724,0.8955453149001537,0.7181208053667177,214,84,52,583
com_erro,xgboost,oscilacao,90,10,10,467,467,297,170,318,149,12,19,7,0.8629550321199143,0.831602718331856,0.8848484848484849,0.9182389937106918,0.9012345679012346,0.7449664429480204,111,38,26,292
com_erro,xgboost,oscilacao,90,15,15,311,311,197,114,210,101,13,16,3,0.864951768488746,0.8306223479490806,0.8783783783783784,0.9285714285714286,0.9027777777777778,0.7326732673194785,74,27,15,195
com_erro,xgboost,oscilacao,90,20,20,234,234,148,86,160,74,12,15,3,0.8632478632478633,0.8346283783783783,0.8902439024390244,0.9125,0.9012345679012346,0.7567567567465303,56,18,14,146
com_erro,xgboost,oscilacao,90,25,25,187,187,119,68,125,62,13,14,1,0.8663101604278075,0.8268387096774193,0.8676470588235294,0.944,0.9042145593869731,0.7096774193433923,44,18,7,118
com_erro,xgboost,oscilacao,90,30,30,156,156,101,55,104,52,12,16,4,0.8782051282051282,0.8413461538461537,0.8761061946902655,0.9519230769230769,0.9124423963133641,0.7307692307551775,38,14,5,99
com_erro,xgboost,oscilacao,90,35,35,134,134,85,49,89,45,12,12,0,0.835820895522388,0.7830212234706617,0.8316831683168316,0.9438202247191011,0.8842105263157894,0.6222222222083951,28,17,5,84
com_erro,xgboost,oscilacao,90,40,40,117,117,76,41,78,39,10,11,1,0.8547008547008547,0.8333333333333334,0.8860759493670886,0.8974358974358975,0.89171974522293,0.7692307692110454,30,9,8,70
com_erro,xgboost,oscilacao,90,45,45,104,104,65,39,70,34,11,10,-1,0.875,0.8315126050420169,0.8701298701298701,0.9571428571428572,0.9115646258503401,0.7058823529204153,24,10,3,67
com_erro,xgboost,oscilacao,90,50,50,94,94,60,34,63,31,12,12,0,0.8829787234042553,0.84715821812596,0.8823529411764706,0.9523809523809523,0.916030534351145,0.7419354838470343,23,8,3,60
com_erro,xgboost,oscilacao,90,55,55,85,85,55,30,58,27,10,8,-2,0.8588235294117647,0.79757343550447,0.8484848484848485,0.9655172413793104,0.9032258064516129,0.62962962960631,17,10,2,56
com_erro,xgboost,oscilacao,90,60,60,78,78,51,27,53,25,9,10,1,0.8974358974358975,0.8611320754716981,0.8947368421052632,0.9622641509433962,0.9272727272727272,0.7599999999696,19,6,2,51
com_erro,xgboost,oscilacao,90,65,65,72,72,44,28,48,24,8,9,1,0.875,0.84375,0.8823529411764706,0.9375,0.9090909090909091,0.74999999996875,18,6,3,45
com_erro,xgboost,oscilacao,90,70,70,67,67,42,25,46,21,9,8,-1,0.8656716417910447,0.8245341614906833,0.8775510204081632,0.9347826086956522,0.9052631578947369,0.7142857142517007,15,6,3,43
com_erro,xgboost,oscilacao,90,75,75,63,63,37,26,43,20,11,11,0,0.8571428571428571,0.8017441860465117,0.8541666666666666,0.9534883720930233,0.9010989010989011,0.6499999999675,13,7,2,41
com_erro,xgboost,oscilacao,90,80,80,59,59,38,21,39,20,9,7,-2,0.864406779661017,0.8365384615384616,0.8780487804878049,0.9230769230769231,0.9,0.7499999999625,15,5,3,36
com_erro,xgboost,oscilacao,90,85,85,55,55,35,20,36,19,9,8,-1,0.8909090909090909,0.85453216374269,0.875,0.9722222222222222,0.9210526315789473,0.7368421052243768,14,5,1,35
com_erro,xgboost,oscilacao,90,90,90,52,52,33,19,35,17,9,9,0,0.8846153846153846,0.853781512605042,0.8918918918918919,0.9428571428571428,0.9166666666666666,0.7647058823079584,13,4,2,33
com_erro,xgboost,oscilacao,100,5,5,931,931,618,313,658,273,12,19,7,0.8657357679914071,0.8225001948406203,0.8879184861717613,0.9270516717325228,0.9070631970260223,0.7179487179460882,196,77,48,610
com_erro,xgboost,oscilacao,100,10,10,466,466,309,157,329,137,12,14,2,0.8605150214592274,0.8181505557650922,0.8859649122807017,0.9209726443768997,0.9031296572280179,0.7153284671480633,98,39,26,303
com_erro,xgboost,oscilacao,100,15,15,311,311,206,105,217,94,12,13,1,0.8778135048231511,0.8400823610157858,0.8942731277533039,0.9354838709677419,0.9144144144144144,0.7446808510559076,70,24,14,203
com_erro,xgboost,oscilacao,100,20,20,233,233,154,79,165,68,12,14,2,0.8497854077253219,0.8031639928698753,0.877906976744186,0.9151515151515152,0.8961424332344213,0.6911764705780709,47,21,14,151
com_erro,xgboost,oscilacao,100,25,25,187,187,124,63,132,55,11,12,1,0.8877005347593583,0.8568181818181818,0.9111111111111111,0.9318181818181818,0.9213483146067416,0.781818181803967,43,12,9,123
com_erro,xgboost,oscilacao,100,30,30,156,156,104,52,109,47,10,14,4,0.8782051282051282,0.8402303337887956,0.8947368421052632,0.9357798165137615,0.9147982062780269,0.7446808510479855,35,12,7,102
com_erro,xgboost,oscilacao,100,35,35,133,133,86,47,92,41,10,10,0,0.8646616541353384,0.8210498409331919,0.8775510204081632,0.9347826086956522,0.9052631578947369,0.7073170731534801,29,12,6,86
com_erro,xgboost,oscilacao,100,40,40,117,117,78,39,82,35,11,11,0,0.8717948717948718,0.8348432055749129,0.8941176470588236,0.926829268292683,0.9101796407185628,0.7428571428359184,26,9,6,76
com_erro,xgboost,oscilacao,100,45,45,104,104,67,37,71,33,12,11,-1,0.8846153846153846,0.834400341442595,0.8734177215189873,0.971830985915493,0.92,0.6969696969485768,23,10,2,69
com_erro,xgboost,oscilacao,100,50,50,94,94,63,31,67,27,11,10,-1,0.8617021276595744,0.814538419016031,0.8857142857142857,0.9253731343283582,0.9051094890510949,0.7037037036776406,19,8,5,62
com_erro,xgboost,oscilacao,100,55,55,85,85,57,28,61,24,10,8,-2,0.9176470588235294,0.8794398907103824,0.921875,0.9672131147540983,0.944,0.7916666666336806,19,5,2,59
com_erro,xgboost,oscilacao,100,60,60,78,78,54,24,54,24,8,8,0,0.8717948717948718,0.8263888888888888,0.8793103448275862,0.9444444444444444,0.9107142857142857,0.7083333333038194,17,7,3,51
com_erro,xgboost,oscilacao,100,65,65,72,72,46,26,50,22,8,7,-1,0.8888888888888888,0.8309090909090908,0.875,0.98,0.9245283018867925,0.6818181817871901,15,7,1,49
com_erro,xgboost,oscilacao,100,70,70,67,67,43,24,46,21,9,8,-1,0.8507462686567164,0.8266045548654244,0.8913043478260869,0.8913043478260869,0.8913043478260869,0.7619047618684808,16,5,5,41
com_erro,xgboost,oscilacao,100,75,75,63,63,40,23,45,18,9,9,0,0.8095238095238095,0.7666666666666666,0.8666666666666667,0.8666666666666667,0.8666666666666667,0.6666666666296296,12,6,6,39
com_erro,xgboost,oscilacao,100,80,80,59,59,39,20,42,17,10,8,-2,0.8813559322033898,0.811624649859944,0.8723404255319149,0.9761904761904762,0.9213483146067416,0.6470588234913495,11,6,1,41
com_erro,xgboost,oscilacao,100,85,85,55,55,36,19,36,19,9,9,0,0.8545454545454545,0.814327485380117,0.85,0.9444444444444444,0.8947368421052632,0.6842105262797784,13,6,2,34
com_erro,xgboost,oscilacao,100,90,90,52,52,34,18,35,17,9,9,0,0.9038461538461539,0.8680672268907563,0.8947368421052632,0.9714285714285714,0.9315068493150684,0.7647058823079584,13,4,1,34
com_erro,xgboost,oscilacao,100,95,95,49,49,33,16,35,14,8,5,-3,0.8571428571428571,0.75,0.8333333333333334,1.0,0.9090909090909091,0.49999999996428574,7,7,0,35
com_erro,xgboost,oscilacao,100,100,100,47,47,28,19,35,12,8,7,-1,0.8936170212765957,0.8738095238095238,0.9411764705882353,0.9142857142857143,0.927536231884058,0.8333333332638889,10,2,3,32
com_erro,xgboost,queda,20,5,5,947,947,235,712,253,694,24,36,12,0.9440337909186906,0.9354432686721874,0.8787878787878788,0.9169960474308301,0.8974854932301741,0.9538904899121702,662,32,21,232
com_erro,xgboost,queda,20,10,10,474,474,116,358,128,346,24,36,12,0.9324894514767933,0.9193009393063584,0.8636363636363636,0.890625,0.8769230769230769,0.9479768786099769,328,18,14,114
com_erro,xgboost,queda,20,15,15,316,316,81,235,85,231,22,29,7,0.9430379746835443,0.9312961548255666,0.8850574712643678,0.9058823529411765,0.8953488372093024,0.9567099567058152,221,10,8,77
com_erro,xgboost,queda,20,20,20,237,237,57,180,64,173,21,25,4,0.9113924050632911,0.8802384393063584,0.8524590163934426,0.8125,0.832,0.9479768786072372,164,9,12,52
com_erro,xgboost,queda,30,5,5,945,945,273,672,298,647,21,31,10,0.9407407407407408,0.9295716938269556,0.9115646258503401,0.8993288590604027,0.9054054054054054,0.959814528592025,621,26,30,268
com_erro,xgboost,queda,30,10,10,473,473,135,338,151,322,21,26,5,0.9386892177589852,0.9268335321459422,0.9121621621621622,0.8940397350993378,0.903010033444816,0.9596273291895664,309,13,16,135
com_erro,xgboost,queda,30,15,15,315,315,91,224,99,216,20,25,5,0.9238095238095239,0.9225589225589226,0.8504672897196262,0.9191919191919192,0.883495145631068,0.9259259259216392,200,16,8,91
com_erro,xgboost,queda,30,20,20,237,237,67,170,74,163,21,26,5,0.9240506329113924,0.911581827225999,0.8783783783783784,0.8783783783783784,0.8783783783783784,0.9447852760678235,154,9,9,65
com_erro,xgboost,queda,30,25,25,189,189,55,134,60,129,20,21,1,0.9365079365079365,0.9222868217054263,0.9137931034482759,0.8833333333333333,0.8983050847457628,0.9612403100700679,124,5,7,53
com_erro,xgboost,queda,30,30,30,158,158,43,115,52,106,18,27,9,0.8481012658227848,0.8280116110304789,0.7692307692307693,0.7692307692307693,0.7692307692307693,0.8867924528218227,94,12,12,40
com_erro,xgboost,queda,40,5,5,943,943,309,634,338,605,21,32,11,0.9278897136797455,0.9209521247982786,0.9017857142857143,0.8964497041420119,0.8991097922848664,0.9454545454529827,572,33,35,303
com_erro,xgboost,queda,40,10,10,472,472,153,319,171,301,21,22,1,0.934322033898305,0.9232480425870879,0.9320987654320988,0.8830409356725146,0.9069069069069069,0.9634551494984603,290,11,20,151
com_erro,xgboost,queda,40,15,15,315,315,103,212,115,200,19,23,4,0.9047619047619048,0.8917391304347826,0.8899082568807339,0.8434782608695652,0.8660714285714286,0.9399999999953,188,12,18,97
com_erro,xgboost,queda,40,20,20,236,236,76,160,85,151,18,20,2,0.9067796610169492,0.8911569925983638,0.8987341772151899,0.8352941176470589,0.8658536585365854,0.9470198675433973,143,8,14,71
com_erro,xgboost,queda,40,25,25,189,189,61,128,65,124,19,19,0,0.9259259259259259,0.9142679900744417,0.9047619047619048,0.8769230769230769,0.890625,0.9516129032181321,118,6,8,57
com_erro,xgboost,queda,40,30,30,158,158,49,109,61,97,19,29,10,0.8227848101265823,0.8191651174581713,0.7538461538461538,0.8032786885245902,0.7777777777777778,0.8350515463831437,81,16,12,49
com_erro,xgboost,queda,40,35,35,135,135,45,90,46,89,19,21,2,0.9333333333333333,0.9284318514899853,0.8936170212765957,0.9130434782608695,0.9032258064516129,0.9438202247084964,84,5,4,42
com_erro,xgboost,queda,40,40,40,118,118,37,81,43,75,17,21,4,0.9067796610169492,0.8869767441860466,0.9210526315789473,0.813953488372093,0.8641975308641975,0.9599999999872,72,3,8,35
com_erro,xgboost,queda,50,5,5,941,941,345,596,378,563,19,33,14,0.9160467587672688,0.9124540678714746,0.896551724137931,0.8941798941798942,0.895364238410596,0.9307282415614019,524,39,40,338
com_erro,xgboost,queda,50,10,10,471,471,171,300,191,280,19,33,14,0.8895966029723992,0.8855086013462976,0.8638743455497382,0.8638743455497382,0.8638743455497382,0.9071428571396174,254,26,26,165
com_erro,xgboost,queda,50,15,15,314,314,117,197,127,187,17,19,2,0.9299363057324841,0.9260179375973725,0.92,0.905511811023622,0.9126984126984127,0.9465240641660614,177,10,12,115
com_erro,xgboost,queda,50,20,20,236,236,85,151,94,142,19,23,4,0.9110169491525424,0.9062780940964938,0.8924731182795699,0.8829787234042553,0.8877005347593583,0.9295774647821862,132,10,11,83
com_erro,xgboost,queda,50,25,25,189,189,69,120,77,112,18,21,3,0.8888888888888888,0.8798701298701299,0.8888888888888888,0.8311688311688312,0.8590604026845637,0.9285714285631377,104,8,13,64
com_erro,xgboost,queda,50,30,30,157,157,57,100,65,92,17,20,3,0.9171974522292994,0.9158026755852843,0.8939393939393939,0.9076923076923077,0.9007633587786259,0.9239130434682183,85,7,6,59
com_erro,xgboost,queda,50,35,35,135,135,51,84,50,85,18,20,2,0.8888888888888888,0.8829411764705882,0.8431372549019608,0.86,0.8514851485148515,0.905882352930519,77,8,7,43
com_erro,xgboost,queda,50,40,40,118,118,42,76,47,71,15,26,11,0.8220338983050848,0.8269403655978425,0.7407407407407407,0.851063829787234,0.7920792079207921,0.8028169013971433,57,14,7,40
com_erro,xgboost,queda,50,45,45,105,105,40,65,43,62,17,19,2,0.9333333333333333,0.9257314328582146,0.95,0.8837209302325582,0.9156626506024096,0.9677419354682623,60,2,5,38
com_erro,xgboost,queda,50,50,50,95,95,33,62,37,58,17,18,1,0.8631578947368421,0.853681267474371,0.8333333333333334,0.8108108108108109,0.821917808219178,0.8965517241224733,52,6,7,30
com_erro,xgboost,queda,60,5,5,939,939,380,559,414,525,18,30,12,0.9179978700745474,0.9169634230503796,0.9060240963855422,0.9082125603864735,0.9071170084439083,0.9257142857125225,486,39,38,376
com_erro,xgboost,queda,60,10,10,470,470,189,281,209,261,18,28,10,0.8893617021276595,0.8884672496287742,0.8720379146919431,0.8803827751196173,0.8761904761904762,0.896551724134496,234,27,25,184
com_erro,xgboost,queda,60,15,15,313,313,127,186,137,176,17,22,5,0.8881789137380192,0.8900547445255474,0.8493150684931506,0.9051094890510949,0.8763250883392226,0.8749999999950284,154,22,13,124
com_erro,xgboost,queda,60,20,20,235,235,94,141,103,132,17,20,3,0.9106382978723404,0.9065901735804649,0.9183673469387755,0.8737864077669902,0.8955223880597015,0.9393939393868228,124,8,13,90
com_erro,xgboost,queda,60,25,25,188,188,75,113,82,106,17,18,1,0.9148936170212766,0.9134836631385181,0.9024390243902439,0.9024390243902439,0.9024390243902439,0.9245283018780704,98,8,8,74
com_erro,xgboost,queda,60,30,30,157,157,61,96,70,87,16,20,4,0.8471337579617835,0.8467159277504105,0.8194444444444444,0.8428571428571429,0.8309859154929577,0.8505747126339014,74,13,11,59
com_erro,xgboost,queda,60,35,35,135,135,55,80,60,75,17,17,0,0.9037037037037037,0.9,0.9122807017543859,0.8666666666666667,0.8888888888888888,0.9333333333208889,70,5,8,52
com_erro,xgboost,queda,60,40,40,118,118,47,71,52,66,15,15,0,0.8983050847457628,0.8927738927738929,0.9166666666666666,0.8461538461538461,0.88,0.9393939393797061,62,4,8,44
com_erro,xgboost,queda,60,45,45,105,105,45,60,48,57,15,18,3,0.8761904761904762,0.8793859649122806,0.8301886792452831,0.9166666666666666,0.8712871287128713,0.8421052631431211,48,9,4,44
com_erro,xgboost,queda,60,50,50,94,94,37,57,39,55,16,18,2,0.8829787234042553,0.8813519813519813,0.85,0.8717948717948718,0.8607594936708861,0.8909090908928926,49,6,5,34
com_erro,xgboost,queda,60,55,55,86,86,30,56,38,48,15,17,2,0.9186046511627907,0.9161184210526316,0.918918918918919,0.8947368421052632,0.9066666666666666,0.9374999999804688,45,3,4,34
com_erro,xgboost,queda,60,60,60,79,79,28,51,33,46,15,19,4,0.8987341772151899,0.900197628458498,0.8571428571428571,0.9090909090909091,0.8823529411764706,0.8913043478067109,41,5,3,30
com_erro,xgboost,queda,70,5,5,937,937,410,527,448,489,17,30,13,0.9178228388473852,0.9174312554776511,0.9187358916478555,0.9084821428571429,0.9135802469135802,0.9263803680962651,453,36,41,407
com_erro,xgboost,queda,70,10,10,469,469,204,265,226,243,17,23,6,0.9040511727078892,0.9029188972650133,0.9248826291079812,0.8716814159292036,0.89749430523918,0.9341563785969789,227,16,29,197
com_erro,xgboost,queda,70,15,15,313,313,137,176,150,163,17,21,4,0.9201277955271565,0.9190593047034765,0.9370629370629371,0.8933333333333333,0.9146757679180887,0.9447852760678235,154,9,16,134
com_erro,xgboost,queda,70,20,20,235,235,101,134,112,123,16,19,3,0.9148936170212766,0.9139082462253194,0.9259259259259259,0.8928571428571429,0.9090909090909091,0.9349593495858947,115,8,12,100
com_erro,xgboost,queda,70,25,25,188,188,81,107,88,100,16,17,1,0.9042553191489362,0.9011363636363636,0.9375,0.8522727272727273,0.8928571428571429,0.9499999999905,95,5,13,75
com_erro,xgboost,queda,70,30,30,157,157,66,91,79,78,15,18,3,0.8853503184713376,0.8856702369360597,0.9295774647887324,0.8354430379746836,0.88,0.9358974358854372,73,5,13,66
com_erro,xgboost,queda,70,35,35,134,134,59,75,63,71,16,18,2,0.9029850746268657,0.9021909233176839,0.9032258064516129,0.8888888888888888,0.896,0.9154929577335845,65,6,7,56
com_erro,xgboost,queda,70,40,40,118,118,51,67,57,61,15,18,3,0.9152542372881356,0.9151567443198159,0.9122807017543859,0.9122807017543859,0.9122807017543859,0.9180327868701962,56,5,5,52
com_erro,xgboost,queda,70,45,45,105,105,47,58,50,55,15,16,1,0.8761904761904762,0.8772727272727272,0.8490566037735849,0.9,0.8737864077669902,0.8545454545299174,47,8,5,45
com_erro,xgboost,queda,70,50,50,94,94,40,54,44,50,15,16,1,0.925531914893617,0.9231818181818181,0.9512195121951219,0.8863636363636364,0.9176470588235294,0.9599999999808001,48,2,5,39
com_erro,xgboost,queda,70,55,55,86,86,35,51,40,46,14,17,3,0.8372093023255814,0.841304347826087,0.782608695652174,0.9,0.8372093023255814,0.7826086956351608,36,10,4,36
com_erro,xgboost,queda,70,60,60,79,79,32,47,38,41,14,17,3,0.9367088607594937,0.9361360718870346,0.9459459459459459,0.9210526315789473,0.9333333333333333,0.9512195121719216,39,2,3,35
com_erro,xgboost,queda,70,65,65,73,73,31,42,33,40,14,16,2,0.8904109589041096,0.8920454545454546,0.8571428571428571,0.9090909090909091,0.8823529411764706,0.874999999978125,35,5,3,30
com_erro,xgboost,queda,70,70,70,67,67,31,36,30,37,14,18,4,0.8955223880597015,0.8990990990990991,0.8484848484848485,0.9333333333333333,0.8888888888888888,0.8648648648414902,32,5,2,28
com_erro,xgboost,queda,80,5,5,935,935,436,499,480,455,16,32,16,0.8823529411764706,0.8816964285714286,0.87,0.90625,0.8877551020408163,0.8571428571409734,390,65,45,435
com_erro,xgboost,queda,80,10,10,468,468,218,250,242,226,16,23,7,0.8846153846153846,0.8846266364367732,0.8916666666666667,0.8842975206611571,0.8879668049792531,0.8849557522084737,200,26,28,214
com_erro,xgboost,queda,80,15,15,312,312,148,164,161,151,15,19,4,0.9262820512820513,0.9265147464110897,0.9367088607594937,0.9192546583850931,0.9278996865203761,0.9337748344309023,141,10,13,148
com_erro,xgboost,queda,80,20,20,234,234,108,126,120,114,15,17,2,0.8974358974358975,0.8978070175438596,0.9137931034482759,0.8833333333333333,0.8983050847457628,0.9122807017463834,104,10,14,106
com_erro,xgboost,queda,80,25,25,187,187,87,100,97,90,15,19,4,0.8770053475935828,0.8758304696449026,0.8627450980392157,0.9072164948453608,0.8844221105527639,0.8444444444350617,76,14,9,88
com_erro,xgboost,queda,80,30,30,156,156,74,82,82,74,13,19,6,0.8653846153846154,0.8627224785761372,0.8426966292134831,0.9146341463414634,0.8771929824561403,0.8108108107998538,60,14,7,75
com_erro,xgboost,queda,80,35,35,134,134,63,71,66,68,15,19,4,0.8656716417910447,0.8660873440285205,0.8428571428571429,0.8939393939393939,0.8676470588235294,0.83823529410532,57,11,7,59
com_erro,xgboost,queda,80,40,40,117,117,53,64,60,57,13,15,2,0.9145299145299145,0.9144736842105263,0.9166666666666666,0.9166666666666666,0.9166666666666666,0.912280701738381,52,5,5,55
com_erro,xgboost,queda,80,45,45,104,104,50,54,51,53,13,14,1,0.9519230769230769,0.9520902700702922,0.9423076923076923,0.9607843137254902,0.9514563106796117,0.9433962263972945,50,3,2,49
com_erro,xgboost,queda,80,50,50,94,94,42,52,48,46,14,14,0,0.9042553191489362,0.9057971014492754,0.975609756097561,0.8333333333333334,0.898876404494382,0.978260869543951,45,1,8,40
com_erro,xgboost,queda,80,55,55,85,85,39,46,43,42,12,17,5,0.8352941176470589,0.8349944629014396,0.8222222222222222,0.8604651162790697,0.8409090909090909,0.8095238095045352,34,8,6,37
com_erro,xgboost,queda,80,60,60,78,78,38,40,40,38,11,14,3,0.8589743589743589,0.8572368421052632,0.8222222222222222,0.925,0.8705882352941177,0.7894736841897507,30,8,3,37
com_erro,xgboost,queda,80,65,65,72,72,34,38,37,35,12,16,4,0.9027777777777778,0.9023166023166023,0.8947368421052632,0.918918918918919,0.9066666666666666,0.8857142856889797,31,4,3,34
com_erro,xgboost,queda,80,70,70,67,67,34,33,32,35,13,14,1,0.7761194029850746,0.7816964285714285,0.7073170731707317,0.90625,0.7945205479452054,0.6571428571240817,23,12,3,29
com_erro,xgboost,queda,80,75,75,63,63,30,33,33,30,12,11,-1,0.873015873015873,0.8727272727272728,0.8787878787878788,0.8787878787878788,0.8787878787878788,0.8666666666377778,26,4,4,29
com_erro,xgboost,queda,80,80,80,59,59,26,33,28,31,13,15,2,0.864406779661017,0.8657834101382489,0.8333333333333334,0.8928571428571429,0.8620689655172413,0.8387096773922997,26,5,3,25
com_erro,xgboost,queda,90,5,5,933,933,458,475,510,423,16,26,10,0.9088960342979635,0.9086010290641079,0.9207920792079208,0.9117647058823529,0.916256157635468,0.9054373522437223,383,40,45,465
com_erro,xgboost,queda,90,10,10,467,467,229,238,257,210,15,22,7,0.8865096359743041,0.8860014823049842,0.9015748031496063,0.8910505836575876,0.8962818003913894,0.880952380948186,185,25,28,229
com_erro,xgboost,queda,90,15,15,311,311,153,158,169,142,15,22,7,0.9035369774919614,0.9005542128510708,0.8926553672316384,0.9349112426035503,0.9132947976878613,0.8661971830924916,123,19,11,158
com_erro,xgboost,queda,90,20,20,234,234,114,120,127,107,15,17,2,0.9188034188034188,0.9200456251379792,0.9426229508196722,0.905511811023622,0.9236947791164659,0.934579439243602,100,7,12,115
com_erro,xgboost,queda,90,25,25,187,187,92,95,101,86,14,19,5,0.893048128342246,0.8906285977434953,0.8857142857142857,0.9207920792079208,0.9029126213592233,0.8604651162690643,74,12,8,93
com_erro,xgboost,queda,90,30,30,156,156,76,80,86,70,12,20,8,0.8717948717948718,0.8691029900332226,0.875,0.8953488372093024,0.8850574712643678,0.842857142845102,59,11,9,77
com_erro,xgboost,queda,90,35,35,134,134,68,66,74,60,14,17,3,0.9029850746268657,0.9042792792792793,0.9295774647887324,0.8918918918918919,0.9103448275862069,0.916666666651389,55,5,8,66
com_erro,xgboost,queda,90,40,40,117,117,55,62,62,55,13,14,1,0.9487179487179487,0.9495601173020527,0.9666666666666667,0.9354838709677419,0.9508196721311475,0.9636363636188431,53,2,4,58
com_erro,xgboost,queda,90,45,45,104,104,51,53,54,50,13,14,1,0.9230769230769231,0.922962962962963,0.9259259259259259,0.9259259259259259,0.9259259259259259,0.9199999999816001,46,4,4,50
com_erro,xgboost,queda,90,50,50,94,94,44,50,49,45,14,16,2,0.9148936170212766,0.9165532879818594,0.9555555555555556,0.8775510204081632,0.9148936170212766,0.955555555534321,43,2,6,43
com_erro,xgboost,queda,90,55,55,85,85,43,42,45,40,11,14,3,0.8823529411764706,0.8819444444444444,0.8888888888888888,0.8888888888888888,0.8888888888888888,0.874999999978125,35,5,5,40
com_erro,xgboost,queda,90,60,60,78,78,39,39,42,36,10,13,3,0.7948717948717948,0.7936507936507937,0.8095238095238095,0.8095238095238095,0.8095238095238095,0.777777777756173,28,8,8,34
com_erro,xgboost,queda,90,65,65,72,72,34,38,39,33,11,13,2,0.9027777777777778,0.9032634032634033,0.9210526315789473,0.8974358974358975,0.9090909090909091,0.909090909063361,30,3,4,35
com_erro,xgboost,queda,90,70,70,67,67,35,32,36,31,12,14,2,0.8059701492537313,0.8015232974910395,0.7948717948717948,0.8611111111111112,0.8266666666666667,0.7419354838470343,23,8,5,31
com_erro,xgboost,queda,90,75,75,63,63,31,32,34,29,12,13,1,0.8571428571428571,0.8549695740365111,0.8571428571428571,0.8823529411764706,0.8695652173913043,0.8275862068680143,24,5,4,30
com_erro,xgboost,queda,90,80,80,59,59,27,32,28,31,13,13,0,0.864406779661017,0.8640552995391705,0.8571428571428571,0.8571428571428571,0.8571428571428571,0.8709677419073881,27,4,4,24
com_erro,xgboost,queda,90,85,85,55,55,26,29,29,26,12,14,2,0.8727272727272727,0.8673740053050398,0.8235294117647058,0.9655172413793104,0.8888888888888888,0.7692307692011834,20,6,1,28
com_erro,xgboost,queda,90,90,90,52,52,25,27,28,24,9,12,3,0.8461538461538461,0.8452380952380952,0.8571428571428571,0.8571428571428571,0.8571428571428571,0.8333333332986111,20,4,4,24
com_erro,xgboost,queda,100,5,5,931,931,478,453,539,392,14,29,15,0.8872180451127819,0.8817254174397031,0.8916967509025271,0.9165120593692022,0.9039341262580055,0.8469387755080435,332,60,45,494
com_erro,xgboost,queda,100,10,10,466,466,239,227,271,195,12,22,10,0.8862660944206009,0.8842369192922699,0.9067164179104478,0.8966789667896679,0.9016697588126159,0.871794871790401,170,25,28,243
com_erro,xgboost,queda,100,15,15,311,311,160,151,180,131,13,17,4,0.9003215434083601,0.898303647158609,0.9162011173184358,0.9111111111111111,0.9136490250696379,0.8854961831993474,116,15,16,164
com_erro,xgboost,queda,100,20,20,233,233,118,115,135,98,11,17,6,0.8841201716738197,0.8818216175359033,0.9029850746268657,0.8962962962962963,0.8996282527881041,0.8673469387666597,85,13,14,121
com_erro,xgboost,queda,100,25,25,187,187,96,91,109,78,12,16,4,0.8663101604278075,0.8634438955539874,0.8888888888888888,0.8807339449541285,0.8847926267281107,0.8461538461429979,66,12,13,96
com_erro,xgboost,queda,100,30,30,156,156,79,77,93,63,12,18,6,0.8974358974358975,0.9037378392217101,0.9529411764705882,0.8709677419354839,0.9101123595505618,0.9365079364930714,59,4,12,81
com_erro,xgboost,queda,100,35,35,133,133,70,63,78,55,12,14,2,0.8721804511278195,0.8695804195804195,0.8961038961038961,0.8846153846153846,0.8903225806451613,0.8545454545299174,47,8,9,69
com_erro,xgboost,queda,100,40,40,117,117,58,59,67,50,11,15,4,0.905982905982906,0.9102985074626866,0.9516129032258065,0.8805970149253731,0.9147286821705426,0.9399999999812001,47,3,8,59
com_erro,xgboost,queda,100,45,45,104,104,54,50,63,41,11,9,-2,0.8942307692307693,0.8914053426248548,0.9193548387096774,0.9047619047619048,0.912,0.8780487804663891,36,5,6,57
com_erro,xgboost,queda,100,50,50,94,94,46,48,53,41,12,18,6,0.8404255319148937,0.8364012885411873,0.8518518518518519,0.8679245283018868,0.8598130841121495,0.8048780487608567,33,8,7,46
com_erro,xgboost,queda,100,55,55,85,85,43,42,49,36,11,13,2,0.8588235294117647,0.86281179138322,0.9111111111111111,0.8367346938775511,0.8723404255319149,0.8888888888641976,32,4,8,41
com_erro,xgboost,queda,100,60,60,78,78,39,39,46,32,10,17,7,0.7435897435897436,0.7350543478260869,0.782608695652174,0.782608695652174,0.782608695652174,0.6874999999785157,22,10,10,36
com_erro,xgboost,queda,100,65,65,72,72,37,35,41,31,10,11,1,0.9166666666666666,0.9189614476789929,0.9487179487179487,0.9024390243902439,0.925,0.935483870937565,29,2,4,37
com_erro,xgboost,queda,100,70,70,67,67,35,32,39,28,10,12,2,0.7910447761194029,0.7751831501831502,0.7906976744186046,0.8717948717948718,0.8292682926829268,0.6785714285471939,19,9,5,34
com_erro,xgboost,queda,100,75,75,63,63,33,30,36,27,12,11,-1,0.9206349206349206,0.9305555555555556,1.0,0.8611111111111112,0.9253731343283582,0.999999999962963,27,0,5,31
com_erro,xgboost,queda,100,80,80,59,59,29,30,31,28,11,16,5,0.847457627118644,0.847926267281106,0.8666666666666667,0.8387096774193549,0.8524590163934426,0.8571428571122449,24,4,5,26
com_erro,xgboost,queda,100,85,85,55,55,28,27,31,24,11,12,1,0.8363636363636363,0.8313172043010753,0.84375,0.8709677419354839,0.8571428571428571,0.7916666666336806,19,5,4,27
com_erro,xgboost,queda,100,90,90,52,52,26,26,34,18,8,9,1,0.9230769230769231,0.9281045751633987,0.96875,0.9117647058823529,0.9393939393939394,0.9444444443919753,17,1,3,31
com_erro,xgboost,queda,100,95,95,49,49,25,24,29,20,9,12,3,0.7959183673469388,0.7810344827586206,0.8064516129032258,0.8620689655172413,0.8333333333333334,0.699999999965,14,6,4,25
com_erro,xgboost,queda,100,100,100,47,47,25,22,28,19,8,11,3,0.8297872340425532,0.8233082706766917,0.8571428571428571,0.8571428571428571,0.8571428571428571,0.7894736841689751,15,4,4,24
