teste,modelo,falha,janela,passo_cfg,passo_real,amostras_treino,amostras_teste,positivos_treino,negativos_treino,positivos_teste,negativos_teste,eventos_reais_teste,eventos_detectados,diferenca_eventos,accuracy,balanced_accuracy,precision_pos,recall_pos,f1_pos,specificity,tn,fp,fn,tp
com_erro,catboost,lacuna,20,5,5,947,947,264,683,246,701,17,17,0,1.0,1.0,1.0,1.0,1.0,0.9999999999985735,701,0,0,246
com_erro,catboost,lacuna,20,10,10,474,474,130,344,123,351,17,17,0,1.0,1.0,1.0,1.0,1.0,0.9999999999971511,351,0,0,123
com_erro,catboost,lacuna,20,15,15,316,316,89,227,81,235,17,17,0,1.0,1.0,1.0,1.0,1.0,0.9999999999957447,235,0,0,81
com_erro,catboost,lacuna,20,20,20,237,237,67,170,60,177,16,16,0,1.0,1.0,1.0,1.0,1.0,0.9999999999943503,177,0,0,60
com_erro,catboost,lacuna,30,5,5,945,945,306,639,277,668,16,16,0,1.0,1.0,1.0,1.0,1.0,0.999999999998503,668,0,0,277
com_erro,catboost,lacuna,30,10,10,473,473,151,322,139,334,16,16,0,1.0,1.0,1.0,1.0,1.0,0.9999999999970061,334,0,0,139
com_erro,catboost,lacuna,30,15,15,315,315,101,214,95,220,15,15,0,1.0,1.0,1.0,1.0,1.0,0.9999999999954546,220,0,0,95
com_erro,catboost,lacuna,30,20,20,237,237,78,159,69,168,16,16,0,1.0,1.0,1.0,1.0,1.0,0.9999999999940477,168,0,0,69
com_erro,catboost,lacuna,30,25,25,189,189,58,131,54,135,15,15,0,1.0,1.0,1.0,1.0,1.0,0.9999999999925927,135,0,0,54
com_erro,catboost,lacuna,30,30,30,158,158,49,109,48,110,14,14,0,0.9810126582278481,0.96875,1.0,0.9375,0.967741935483871,0.999999999990909,110,0,3,45
com_erro,catboost,lacuna,40,5,5,943,943,346,597,307,636,15,15,0,1.0,1.0,1.0,1.0,1.0,0.9999999999984277,636,0,0,307
com_erro,catboost,lacuna,40,10,10,472,472,171,301,154,318,15,15,0,1.0,1.0,1.0,1.0,1.0,0.9999999999968554,318,0,0,154
com_erro,catboost,lacuna,40,15,15,315,315,113,202,106,209,15,15,0,1.0,1.0,1.0,1.0,1.0,0.9999999999952154,209,0,0,106
com_erro,catboost,lacuna,40,20,20,236,236,88,148,76,160,14,14,0,1.0,1.0,1.0,1.0,1.0,0.9999999999937501,160,0,0,76
com_erro,catboost,lacuna,40,25,25,189,189,66,123,60,129,13,13,0,1.0,1.0,1.0,1.0,1.0,0.9999999999922481,129,0,0,60
com_erro,catboost,lacuna,40,30,30,158,158,55,103,55,103,14,14,0,0.9936708860759493,0.990909090909091,1.0,0.9818181818181818,0.9908256880733946,0.9999999999902912,103,0,1,54
com_erro,catboost,lacuna,40,35,35,135,135,51,84,45,90,13,13,0,1.0,1.0,1.0,1.0,1.0,0.9999999999888889,90,0,0,45
com_erro,catboost,lacuna,40,40,40,118,118,43,75,39,79,13,13,0,0.9915254237288136,0.9871794871794872,1.0,0.9743589743589743,0.987012987012987,0.9999999999873417,79,0,1,38
com_erro,catboost,lacuna,50,5,5,941,941,386,555,335,606,15,15,0,1.0,1.0,1.0,1.0,1.0,0.9999999999983499,606,0,0,335
com_erro,catboost,lacuna,50,10,10,471,471,191,280,168,303,15,15,0,1.0,1.0,1.0,1.0,1.0,0.9999999999966998,303,0,0,168
com_erro,catboost,lacuna,50,15,15,314,314,129,185,112,202,15,15,0,1.0,1.0,1.0,1.0,1.0,0.9999999999950495,202,0,0,112
com_erro,catboost,lacuna,50,20,20,236,236,98,138,84,152,14,14,0,1.0,1.0,1.0,1.0,1.0,0.9999999999934212,152,0,0,84
com_erro,catboost,lacuna,50,25,25,189,189,77,112,68,121,13,13,0,1.0,1.0,1.0,1.0,1.0,0.9999999999917355,121,0,0,68
com_erro,catboost,lacuna,50,30,30,157,157,65,92,55,102,13,13,0,1.0,1.0,1.0,1.0,1.0,0.9999999999901961,102,0,0,55
com_erro,catboost,lacuna,50,35,35,135,135,58,77,48,87,11,11,0,1.0,1.0,1.0,1.0,1.0,0.9999999999885058,87,0,0,48
com_erro,catboost,lacuna,50,40,40,118,118,47,71,44,74,12,12,0,1.0,1.0,1.0,1.0,1.0,0.9999999999864865,74,0,0,44
com_erro,catboost,lacuna,50,45,45,105,105,42,63,36,69,12,12,0,1.0,1.0,1.0,1.0,1.0,0.9999999999855071,69,0,0,36
com_erro,catboost,lacuna,50,50,50,95,95,39,56,33,62,12,13,1,0.9789473684210527,0.9696969696969697,1.0,0.9393939393939394,0.96875,0.999999999983871,62,0,2,31
com_erro,catboost,lacuna,60,5,5,939,939,426,513,362,577,13,13,0,1.0,1.0,1.0,1.0,1.0,0.9999999999982669,577,0,0,362
com_erro,catboost,lacuna,60,10,10,470,470,211,259,182,288,13,13,0,1.0,1.0,1.0,1.0,1.0,0.9999999999965278,288,0,0,182
com_erro,catboost,lacuna,60,15,15,313,313,141,172,124,189,11,11,0,1.0,1.0,1.0,1.0,1.0,0.999999999994709,189,0,0,124
com_erro,catboost,lacuna,60,20,20,235,235,108,127,90,145,12,12,0,1.0,1.0,1.0,1.0,1.0,0.9999999999931035,145,0,0,90
com_erro,catboost,lacuna,60,25,25,188,188,81,107,71,117,11,11,0,1.0,1.0,1.0,1.0,1.0,0.999999999991453,117,0,0,71
com_erro,catboost,lacuna,60,30,30,157,157,69,88,62,95,11,11,0,0.9808917197452229,0.9758064516129032,1.0,0.9516129032258065,0.9752066115702479,0.9999999999894736,95,0,3,59
com_erro,catboost,lacuna,60,35,35,135,135,60,75,53,82,12,12,0,1.0,1.0,1.0,1.0,1.0,0.9999999999878049,82,0,0,53
com_erro,catboost,lacuna,60,40,40,118,118,51,67,44,74,12,12,0,1.0,1.0,1.0,1.0,1.0,0.9999999999864865,74,0,0,44
com_erro,catboost,lacuna,60,45,45,105,105,47,58,39,66,11,11,0,1.0,1.0,1.0,1.0,1.0,0.9999999999848485,66,0,0,39
com_erro,catboost,lacuna,60,50,50,94,94,40,54,34,60,11,11,0,1.0,1.0,1.0,1.0,1.0,0.9999999999833334,60,0,0,34
com_erro,catboost,lacuna,60,55,55,86,86,37,49,33,53,11,11,0,1.0,1.0,1.0,1.0,1.0,0.9999999999811321,53,0,0,33
com_erro,catboost,lacuna,60,60,60,79,79,35,44,30,49,11,11,0,0.9873417721518988,0.9833333333333334,1.0,0.9666666666666667,0.9830508474576272,0.9999999999795919,49,0,1,29
com_erro,catboost,lacuna,70,5,5,937,937,466,471,386,551,12,12,0,1.0,1.0,1.0,1.0,1.0,0.9999999999981851,551,0,0,386
com_erro,catboost,lacuna,70,10,10,469,469,231,238,194,275,12,12,0,1.0,1.0,1.0,1.0,1.0,0.9999999999963637,275,0,0,194
com_erro,catboost,lacuna,70,15,15,313,313,153,160,132,181,12,12,0,1.0,1.0,1.0,1.0,1.0,0.9999999999944752,181,0,0,132
com_erro,catboost,lacuna,70,20,20,235,235,118,117,97,138,12,12,0,1.0,1.0,1.0,1.0,1.0,0.9999999999927537,138,0,0,97
com_erro,catboost,lacuna,70,25,25,188,188,92,96,76,112,12,12,0,0.9946808510638298,0.993421052631579,1.0,0.9868421052631579,0.9933774834437086,0.9999999999910714,112,0,1,75
com_erro,catboost,lacuna,70,30,30,157,157,75,82,68,89,11,12,1,0.9936305732484076,0.9926470588235294,1.0,0.9852941176470589,0.9925925925925926,0.999999999988764,89,0,1,67
com_erro,catboost,lacuna,70,35,35,134,134,66,68,57,77,10,10,0,1.0,1.0,1.0,1.0,1.0,0.9999999999870129,77,0,0,57
com_erro,catboost,lacuna,70,40,40,118,118,57,61,47,71,12,12,0,1.0,1.0,1.0,1.0,1.0,0.9999999999859155,71,0,0,47
com_erro,catboost,lacuna,70,45,45,105,105,54,51,43,62,11,11,0,1.0,1.0,1.0,1.0,1.0,0.999999999983871,62,0,0,43
com_erro,catboost,lacuna,70,50,50,94,94,43,51,37,57,11,11,0,0.9893617021276596,0.9864864864864865,1.0,0.972972972972973,0.9863013698630136,0.9999999999824563,57,0,1,36
com_erro,catboost,lacuna,70,55,55,86,86,43,43,37,49,11,11,0,1.0,1.0,1.0,1.0,1.0,0.9999999999795919,49,0,0,37
com_erro,catboost,lacuna,70,60,60,79,79,38,41,34,45,11,11,0,1.0,1.0,1.0,1.0,1.0,0.9999999999777779,45,0,0,34
com_erro,catboost,lacuna,70,65,65,73,73,34,39,31,42,12,12,0,1.0,1.0,1.0,1.0,1.0,0.9999999999761906,42,0,0,31
com_erro,catboost,lacuna,70,70,70,67,67,31,36,30,37,10,10,0,1.0,1.0,1.0,1.0,1.0,0.9999999999729731,37,0,0,30
com_erro,catboost,lacuna,80,5,5,935,935,501,434,408,527,12,12,0,1.0,1.0,1.0,1.0,1.0,0.9999999999981025,527,0,0,408
com_erro,catboost,lacuna,80,10,10,468,468,249,219,205,263,12,12,0,1.0,1.0,1.0,1.0,1.0,0.9999999999961977,263,0,0,205
com_erro,catboost,lacuna,80,15,15,312,312,167,145,137,175,11,11,0,1.0,1.0,1.0,1.0,1.0,0.9999999999942858,175,0,0,137
com_erro,catboost,lacuna,80,20,20,234,234,128,106,102,132,11,11,0,1.0,1.0,1.0,1.0,1.0,0.9999999999924243,132,0,0,102
com_erro,catboost,lacuna,80,25,25,187,187,98,89,80,107,10,10,0,1.0,1.0,1.0,1.0,1.0,0.9999999999906541,107,0,0,80
com_erro,catboost,lacuna,80,30,30,156,156,84,72,68,88,10,10,0,1.0,1.0,1.0,1.0,1.0,0.9999999999886363,88,0,0,68
com_erro,catboost,lacuna,80,35,35,134,134,74,60,58,76,10,10,0,1.0,1.0,1.0,1.0,1.0,0.9999999999868421,76,0,0,58
com_erro,catboost,lacuna,80,40,40,117,117,63,54,52,65,11,11,0,0.9914529914529915,0.9903846153846154,1.0,0.9807692307692307,0.9902912621359223,0.9999999999846153,65,0,1,51
com_erro,catboost,lacuna,80,45,45,104,104,57,47,42,62,10,10,0,1.0,1.0,1.0,1.0,1.0,0.999999999983871,62,0,0,42
com_erro,catboost,lacuna,80,50,50,94,94,49,45,41,53,10,10,0,1.0,1.0,1.0,1.0,1.0,0.9999999999811321,53,0,0,41
com_erro,catboost,lacuna,80,55,55,85,85,45,40,36,49,10,10,0,1.0,1.0,1.0,1.0,1.0,0.9999999999795919,49,0,0,36
com_erro,catboost,lacuna,80,60,60,78,78,43,35,34,44,10,10,0,1.0,1.0,1.0,1.0,1.0,0.9999999999772728,44,0,0,34
com_erro,catboost,lacuna,80,65,65,72,72,37,35,30,42,11,11,0,1.0,1.0,1.0,1.0,1.0,0.9999999999761906,42,0,0,30
com_erro,catboost,lacuna,80,70,70,67,67,37,30,30,37,10,10,0,1.0,1.0,1.0,1.0,1.0,0.9999999999729731,37,0,0,30
com_erro,catboost,lacuna,80,75,75,63,63,35,28,27,36,10,10,0,1.0,1.0,1.0,1.0,1.0,0.9999999999722223,36,0,0,27
com_erro,catboost,lacuna,80,80,80,59,59,33,26,24,35,10,10,0,0.9830508474576272,0.9791666666666667,1.0,0.9583333333333334,0.9787234042553191,0.9999999999714286,35,0,1,23
com_erro,catboost,lacuna,90,5,5,933,933,534,399,430,503,11,11,0,1.0,1.0,1.0,1.0,1.0,0.9999999999980119,503,0,0,430
com_erro,catboost,lacuna,90,10,10,467,467,266,201,216,251,11,11,0,1.0,1.0,1.0,1.0,1.0,0.999999999996016,251,0,0,216
com_erro,catboost,lacuna,90,15,15,311,311,178,133,146,165,10,10,0,1.0,1.0,1.0,1.0,1.0,0.9999999999939394,165,0,0,146
com_erro,catboost,lacuna,90,20,20,234,234,135,99,108,126,11,11,0,1.0,1.0,1.0,1.0,1.0,0.9999999999920635,126,0,0,108
com_erro,catboost,lacuna,90,25,25,187,187,106,81,84,103,10,10,0,1.0,1.0,1.0,1.0,1.0,0.9999999999902912,103,0,0,84
com_erro,catboost,lacuna,90,30,30,156,156,88,68,73,83,10,11,1,0.9807692307692307,0.9794520547945205,1.0,0.958904109589041,0.9790209790209791,0.9999999999879517,83,0,3,70
com_erro,catboost,lacuna,90,35,35,134,134,77,57,61,73,11,11,0,1.0,1.0,1.0,1.0,1.0,0.9999999999863013,73,0,0,61
com_erro,catboost,lacuna,90,40,40,117,117,66,51,56,61,10,10,0,1.0,1.0,1.0,1.0,1.0,0.9999999999836067,61,0,0,56
com_erro,catboost,lacuna,90,45,45,104,104,60,44,48,56,10,10,0,1.0,1.0,1.0,1.0,1.0,0.999999999982143,56,0,0,48
com_erro,catboost,lacuna,90,50,50,94,94,55,39,42,52,10,10,0,1.0,1.0,1.0,1.0,1.0,0.9999999999807693,52,0,0,42
com_erro,catboost,lacuna,90,55,55,85,85,49,36,39,46,10,10,0,1.0,1.0,1.0,1.0,1.0,0.999999999978261,46,0,0,39
com_erro,catboost,lacuna,90,60,60,78,78,45,33,36,42,10,10,0,0.9871794871794872,0.9861111111111112,1.0,0.9722222222222222,0.9859154929577465,0.9999999999761906,42,0,1,35
com_erro,catboost,lacuna,90,65,65,72,72,40,32,33,39,10,10,0,1.0,1.0,1.0,1.0,1.0,0.9999999999743591,39,0,0,33
com_erro,catboost,lacuna,90,70,70,67,67,39,28,30,37,10,10,0,0.9850746268656716,0.9833333333333334,1.0,0.9666666666666667,0.9830508474576272,0.9999999999729731,37,0,1,29
com_erro,catboost,lacuna,90,75,75,63,63,38,25,28,35,10,10,0,1.0,1.0,1.0,1.0,1.0,0.9999999999714286,35,0,0,28
com_erro,catboost,lacuna,90,80,80,59,59,36,23,27,32,10,10,0,1.0,1.0,1.0,1.0,1.0,0.9999999999687501,32,0,0,27
com_erro,catboost,lacuna,90,85,85,55,55,31,24,24,31,10,10,0,1.0,1.0,1.0,1.0,1.0,0.9999999999677419,31,0,0,24
com_erro,catboost,lacuna,90,90,90,52,52,29,23,26,26,10,10,0,0.9615384615384616,0.9615384615384616,1.0,0.9230769230769231,0.96,0.9999999999615384,26,0,2,24
com_erro,catboost,lacuna,100,5,5,931,931,564,367,450,481,11,11,0,1.0,1.0,1.0,1.0,1.0,0.999999999997921,481,0,0,450
com_erro,catboost,lacuna,100,10,10,466,466,281,185,226,240,11,11,0,1.0,1.0,1.0,1.0,1.0,0.9999999999958333,240,0,0,226
com_erro,catboost,lacuna,100,15,15,311,311,187,124,153,158,11,11,0,1.0,1.0,1.0,1.0,1.0,0.999999999993671,158,0,0,153
com_erro,catboost,lacuna,100,20,20,233,233,144,89,113,120,10,10,0,1.0,1.0,1.0,1.0,1.0,0.9999999999916667,120,0,0,113
com_erro,catboost,lacuna,100,25,25,187,187,114,73,90,97,11,11,0,1.0,1.0,1.0,1.0,1.0,0.9999999999896907,97,0,0,90
com_erro,catboost,lacuna,100,30,30,156,156,93,63,78,78,11,11,0,1.0,1.0,1.0,1.0,1.0,0.9999999999871795,78,0,0,78
com_erro,catboost,lacuna,100,35,35,133,133,80,53,65,68,10,10,0,1.0,1.0,1.0,1.0,1.0,0.9999999999852941,68,0,0,65
com_erro,catboost,lacuna,100,40,40,117,117,70,47,56,61,10,10,0,1.0,1.0,1.0,1.0,1.0,0.9999999999836067,61,0,0,56
com_erro,catboost,lacuna,100,45,45,104,104,62,42,48,56,10,10,0,1.0,1.0,1.0,1.0,1.0,0.999999999982143,56,0,0,48
com_erro,catboost,lacuna,100,50,50,94,94,57,37,44,50,11,11,0,0.9893617021276596,0.9886363636363636,1.0,0.9772727272727273,0.9885057471264368,0.9999999999800001,50,0,1,43
com_erro,catboost,lacuna,100,55,55,85,85,52,33,42,43,10,10,0,1.0,1.0,1.0,1.0,1.0,0.9999999999767443,43,0,0,42
com_erro,catboost,lacuna,100,60,60,78,78,48,30,38,40,10,10,0,1.0,1.0,1.0,1.0,1.0,0.9999999999750001,40,0,0,38
com_erro,catboost,lacuna,100,65,65,72,72,43,29,36,36,10,10,0,1.0,1.0,1.0,1.0,1.0,0.9999999999722223,36,0,0,36
com_erro,catboost,lacuna,100,70,70,67,67,42,25,32,35,10,10,0,1.0,1.0,1.0,1.0,1.0,0.9999999999714286,35,0,0,32
com_erro,catboost,lacuna,100,75,75,63,63,39,24,31,32,11,11,0,1.0,1.0,1.0,1.0,1.0,0.9999999999687501,32,0,0,31
com_erro,catboost,lacuna,100,80,80,59,59,38,21,27,32,10,10,0,1.0,1.0,1.0,1.0,1.0,0.9999999999687501,32,0,0,27
com_erro,catboost,lacuna,100,85,85,55,55,33,22,27,28,10,10,0,1.0,1.0,1.0,1.0,1.0,0.9999999999642857,28,0,0,27
com_erro,catboost,lacuna,100,90,90,52,52,31,21,26,26,10,10,0,1.0,1.0,1.0,1.0,1.0,0.9999999999615384,26,0,0,26
com_erro,catboost,lacuna,100,95,95,49,49,27,22,22,27,10,10,0,1.0,1.0,1.0,1.0,1.0,0.999999999962963,27,0,0,22
com_erro,catboost,lacuna,100,100,100,47,47,29,18,23,24,9,9,0,1.0,1.0,1.0,1.0,1.0,0.9999999999583333,24,0,0,23
com_erro,catboost,oscilacao,20,5,5,947,947,404,543,285,662,16,50,34,0.8352692713833157,0.8152355965442306,0.7100977198697068,0.7649122807017544,0.7364864864864865,0.8655589123853995,573,89,67,218
com_erro,catboost,oscilacao,20,10,10,474,474,204,270,143,331,16,36,20,0.8291139240506329,0.8021781843534109,0.7094594594594594,0.7342657342657343,0.7216494845360825,0.870090634438459,288,43,38,105
com_erro,catboost,oscilacao,20,15,15,316,316,130,186,93,223,16,31,15,0.8354430379746836,0.7956507063985727,0.7303370786516854,0.6989247311827957,0.7142857142857143,0.8923766816103481,199,24,28,65
com_erro,catboost,oscilacao,20,20,20,237,237,104,133,72,165,16,31,15,0.8059071729957806,0.7901515151515152,0.6585365853658537,0.75,0.7012987012987013,0.8303030302979982,137,28,18,54
com_erro,catboost,oscilacao,30,5,5,945,945,446,499,315,630,16,46,30,0.7947089947089947,0.7936507936507936,0.6604774535809018,0.7904761904761904,0.7196531791907514,0.796825396824132,502,128,66,249
com_erro,catboost,oscilacao,30,10,10,473,473,225,248,158,315,16,40,24,0.7991543340380549,0.7924251557162949,0.6740331491712708,0.7721518987341772,0.7197640117994101,0.8126984126958328,256,59,36,122
com_erro,catboost,oscilacao,30,15,15,315,315,148,167,103,212,16,30,14,0.8158730158730159,0.8132899798497893,0.6859504132231405,0.8058252427184466,0.7410714285714286,0.8207547169772607,174,38,20,83
com_erro,catboost,oscilacao,30,20,20,237,237,112,125,78,159,15,29,14,0.7848101265822784,0.7775761973875182,0.6483516483516484,0.7564102564102564,0.6982248520710059,0.7987421383597564,127,32,19,59
com_erro,catboost,oscilacao,30,25,25,189,189,88,101,61,128,15,27,12,0.8042328042328042,0.7911116803278688,0.6764705882352942,0.7540983606557377,0.7131782945736435,0.8281249999935304,106,22,15,46
com_erro,catboost,oscilacao,30,30,30,158,158,75,83,52,106,15,28,13,0.7721518987341772,0.761611030478955,0.6333333333333333,0.7307692307692307,0.6785714285714286,0.7924528301812033,84,22,14,38
com_erro,catboost,oscilacao,40,5,5,943,943,482,461,345,598,15,48,33,0.7751855779427359,0.7835005574136009,0.655011655011655,0.8144927536231884,0.7260981912144703,0.752508361202755,450,148,64,281
com_erro,catboost,oscilacao,40,10,10,472,472,243,229,173,299,14,38,24,0.7902542372881356,0.7954743170877878,0.6778846153846154,0.815028901734104,0.7401574803149606,0.7759197324388766,232,67,32,141
com_erro,catboost,oscilacao,40,15,15,315,315,159,156,113,202,15,36,21,0.7682539682539683,0.7705686497853326,0.6470588235294118,0.7787610619469026,0.7068273092369478,0.7623762376199883,154,48,25,88
com_erro,catboost,oscilacao,40,20,20,236,236,122,114,87,149,14,32,18,0.7669491525423728,0.7652163850960425,0.66,0.7586206896551724,0.7058823529411765,0.7718120805317329,115,34,21,66
com_erro,catboost,oscilacao,40,25,25,189,189,95,94,67,122,15,30,15,0.7513227513227513,0.7501835086860777,0.625,0.746268656716418,0.6802721088435374,0.7540983606495566,92,30,17,50
com_erro,catboost,oscilacao,40,30,30,158,158,82,76,58,100,14,26,12,0.7468354430379747,0.7420689655172414,0.6363636363636364,0.7241379310344828,0.6774193548387096,0.7599999999924,76,24,16,42
com_erro,catboost,oscilacao,40,35,35,135,135,70,65,49,86,12,28,16,0.7037037037037037,0.7059800664451827,0.5737704918032787,0.7142857142857143,0.6363636363636364,0.6976744185965387,60,26,14,35
com_erro,catboost,oscilacao,40,40,40,118,118,60,58,43,75,12,22,10,0.7203389830508474,0.7155038759689922,0.6,0.6976744186046512,0.6451612903225806,0.7333333333235555,55,20,13,30
com_erro,catboost,oscilacao,50,5,5,941,941,513,428,372,569,14,46,32,0.7757704569606801,0.7862005593665552,0.6746203904555315,0.8360215053763441,0.7466986794717887,0.7363796133554721,419,150,61,311
com_erro,catboost,oscilacao,50,10,10,471,471,258,213,186,285,14,36,22,0.7515923566878981,0.7639219015280136,0.6455696202531646,0.8225806451612904,0.723404255319149,0.7052631578922622,201,84,33,153
com_erro,catboost,oscilacao,50,15,15,314,314,168,146,122,192,14,29,15,0.7579617834394905,0.7617400956284153,0.6597222222222222,0.7786885245901639,0.7142857142857143,0.7447916666627876,143,49,27,95
com_erro,catboost,oscilacao,50,20,20,236,236,129,107,92,144,14,30,16,0.75,0.763737922705314,0.6386554621848739,0.8260869565217391,0.7203791469194313,0.7013888888840182,101,43,16,76
com_erro,catboost,oscilacao,50,25,25,189,189,102,87,75,114,13,27,14,0.7566137566137566,0.7617543859649123,0.6629213483146067,0.7866666666666666,0.7195121951219512,0.7368421052566944,84,30,16,59
com_erro,catboost,oscilacao,50,30,30,157,157,84,73,62,95,12,25,13,0.7261146496815286,0.7288624787775891,0.6301369863013698,0.7419354838709677,0.6814814814814815,0.7157894736766759,68,27,16,46
com_erro,catboost,oscilacao,50,35,35,135,135,74,61,52,83,12,24,12,0.7407407407407407,0.7424698795180723,0.639344262295082,0.75,0.6902654867256637,0.7349397590272898,61,22,13,39
com_erro,catboost,oscilacao,50,40,40,118,118,63,55,45,73,11,24,13,0.6949152542372882,0.715068493150685,0.5714285714285714,0.8,0.6666666666666666,0.6301369862927378,46,27,9,36
com_erro,catboost,oscilacao,50,45,45,105,105,55,50,41,64,12,21,9,0.7238095238095238,0.7120807926829269,0.6428571428571429,0.6585365853658537,0.6506024096385542,0.765624999988037,49,15,14,27
com_erro,catboost,oscilacao,50,50,50,95,95,52,43,38,57,11,19,8,0.7052631578947368,0.706140350877193,0.6136363636363636,0.7105263157894737,0.6585365853658537,0.7017543859526009,40,17,11,27
com_erro,catboost,oscilacao,60,5,5,939,939,542,397,398,541,14,36,22,0.7486687965921193,0.7576445071940108,0.6659836065573771,0.8165829145728644,0.7336343115124153,0.6987060998138657,378,163,73,325
com_erro,catboost,oscilacao,60,10,10,470,470,273,197,199,271,14,38,24,0.7085106382978723,0.7191956090415175,0.623015873015873,0.7889447236180904,0.6962305986696231,0.6494464944625482,176,95,42,157
com_erro,catboost,oscilacao,60,15,15,313,313,180,133,131,182,14,30,16,0.7252396166134185,0.733789111651707,0.639751552795031,0.7862595419847328,0.7054794520547946,0.6813186813149379,124,58,28,103
com_erro,catboost,oscilacao,60,20,20,235,235,137,98,100,135,12,25,13,0.7404255319148936,0.7520370370370371,0.6535433070866141,0.83,0.7312775330396476,0.6740740740690809,91,44,17,83
com_erro,catboost,oscilacao,60,25,25,188,188,108,80,81,107,11,28,17,0.7180851063829787,0.7313372562593746,0.6320754716981132,0.8271604938271605,0.7165775401069518,0.6355140186856494,68,39,14,67
com_erro,catboost,oscilacao,60,30,30,157,157,91,66,66,91,12,27,15,0.6687898089171974,0.683066933066933,0.5795454545454546,0.7727272727272727,0.6623376623376623,0.5934065934000724,54,37,15,51
com_erro,catboost,oscilacao,60,35,35,135,135,80,55,59,76,10,26,16,0.6592592592592592,0.6708296164139161,0.5844155844155844,0.7627118644067796,0.6617647058823529,0.5789473684134349,44,32,14,45
com_erro,catboost,oscilacao,60,40,40,118,118,67,51,51,67,10,23,13,0.7033898305084746,0.715393620134621,0.6212121212121212,0.803921568627451,0.7008547008547008,0.6268656716324348,42,25,10,41
com_erro,catboost,oscilacao,60,45,45,105,105,58,47,44,61,12,20,8,0.8,0.7993666169895678,0.7446808510638298,0.7954545454545454,0.7692307692307693,0.8032786885114217,49,12,9,35
com_erro,catboost,oscilacao,60,50,50,94,94,55,39,39,55,11,20,9,0.6914893617021277,0.7027972027972028,0.6,0.7692307692307693,0.6741573033707865,0.6363636363520662,35,20,9,30
com_erro,catboost,oscilacao,60,55,55,86,86,49,37,34,52,12,19,7,0.7441860465116279,0.747737556561086,0.65,0.7647058823529411,0.7027027027027027,0.7307692307551775,38,14,8,26
com_erro,catboost,oscilacao,60,60,60,79,79,43,36,36,43,10,19,9,0.6582278481012658,0.6566537467700257,0.6216216216216216,0.6388888888888888,0.6301369863013698,0.6744186046354786,29,14,13,23
com_erro,catboost,oscilacao,70,5,5,937,937,570,367,423,514,11,42,31,0.7225186766275347,0.732642050942407,0.6495412844036698,0.8368794326241135,0.731404958677686,0.6284046692594778,323,191,69,354
com_erro,catboost,oscilacao,70,10,10,469,469,287,182,212,257,11,35,24,0.7014925373134329,0.7127597092724469,0.6285714285714286,0.8301886792452831,0.7154471544715447,0.5953307392972944,153,104,36,176
com_erro,catboost,oscilacao,70,15,15,313,313,188,125,140,173,11,27,16,0.7412140575079872,0.7502270850536746,0.6685714285714286,0.8357142857142857,0.7428571428571429,0.6647398843892212,115,58,23,117
com_erro,catboost,oscilacao,70,20,20,235,235,144,91,105,130,11,28,17,0.7106382978723405,0.721062271062271,0.6370370370370371,0.819047619047619,0.7166666666666667,0.6230769230721303,81,49,19,86
com_erro,catboost,oscilacao,70,25,25,188,188,111,77,85,103,11,23,12,0.7340425531914894,0.7367218732153056,0.6842105263157895,0.7647058823529411,0.7222222222222222,0.708737864070789,73,30,20,65
com_erro,catboost,oscilacao,70,30,30,157,157,96,61,71,86,11,27,16,0.6878980891719745,0.6979200786112021,0.6195652173913043,0.8028169014084507,0.6993865030674846,0.5930232558070578,51,35,14,57
com_erro,catboost,oscilacao,70,35,35,134,134,81,53,61,73,10,29,19,0.6791044776119403,0.6879631708960252,0.6153846153846154,0.7868852459016393,0.6906474820143885,0.5890410958823419,43,30,13,48
com_erro,catboost,oscilacao,70,40,40,118,118,71,47,54,64,10,24,14,0.652542372881356,0.6608796296296297,0.5942028985507246,0.7592592592592593,0.6666666666666666,0.5624999999912109,36,28,13,41
com_erro,catboost,oscilacao,70,45,45,105,105,62,43,47,58,10,19,9,0.7333333333333333,0.7344093910491563,0.6862745098039216,0.7446808510638298,0.7142857142857143,0.7241379310219976,42,16,12,35
com_erro,catboost,oscilacao,70,50,50,94,94,58,36,42,52,11,20,9,0.6382978723404256,0.6456043956043955,0.5769230769230769,0.7142857142857143,0.6382978723404256,0.5769230769119823,30,22,12,30
com_erro,catboost,oscilacao,70,55,55,86,86,50,36,38,48,11,20,9,0.6627906976744186,0.6595394736842105,0.6153846153846154,0.631578947368421,0.6233766233766234,0.6874999999856771,33,15,14,24
com_erro,catboost,oscilacao,70,60,60,79,79,47,32,38,41,10,15,5,0.6582278481012658,0.6611039794608472,0.6222222222222222,0.7368421052631579,0.6746987951807228,0.5853658536442594,24,17,10,28
com_erro,catboost,oscilacao,70,65,65,73,73,41,32,35,38,10,19,9,0.684931506849315,0.687218045112782,0.65,0.7428571428571429,0.6933333333333334,0.6315789473518006,24,14,9,26
com_erro,catboost,oscilacao,70,70,70,67,67,42,25,31,36,10,19,9,0.6567164179104478,0.6648745519713262,0.6,0.7741935483870968,0.676056338028169,0.5555555555401235,20,16,7,24
com_erro,catboost,oscilacao,80,5,5,935,935,594,341,441,494,11,35,24,0.7358288770053476,0.7433097395503411,0.6678200692041523,0.8752834467120182,0.7576054955839058,0.6113360323874265,302,192,55,386
com_erro,catboost,oscilacao,80,10,10,468,468,299,169,221,247,11,34,23,0.7136752136752137,0.7208859252202906,0.6505190311418685,0.8506787330316742,0.7372549019607844,0.5910931174065138,146,101,33,188
com_erro,catboost,oscilacao,80,15,15,312,312,196,116,146,166,11,29,18,0.7211538461538461,0.7280491830335039,0.6594594594594595,0.8356164383561644,0.7371601208459214,0.6204819277071055,103,63,24,122
com_erro,catboost,oscilacao,80,20,20,234,234,149,85,111,123,10,26,16,0.688034188034188,0.6940232915842672,0.6338028169014085,0.8108108108108109,0.7114624505928854,0.5772357723530306,71,52,21,90
com_erro,catboost,oscilacao,80,25,25,187,187,117,70,87,100,11,22,11,0.7272727272727273,0.7337931034482759,0.6666666666666666,0.8275862068965517,0.7384615384615385,0.6399999999936,64,36,15,72
com_erro,catboost,oscilacao,80,30,30,156,156,98,58,74,82,11,25,14,0.7051282051282052,0.7116018457481872,0.6458333333333334,0.8378378378378378,0.7294117647058823,0.5853658536513979,48,34,12,62
com_erro,catboost,oscilacao,80,35,35,134,134,86,48,61,73,10,23,13,0.7014925373134329,0.7139007410734336,0.6265060240963856,0.8524590163934426,0.7222222222222222,0.5753424657455433,42,31,9,52
com_erro,catboost,oscilacao,80,40,40,117,117,73,44,55,62,10,22,12,0.7008547008547008,0.705425219941349,0.6515151515151515,0.7818181818181819,0.7107438016528925,0.6290322580543705,39,23,12,43
com_erro,catboost,oscilacao,80,45,45,104,104,66,38,51,53,10,21,11,0.6442307692307693,0.6465038845726969,0.609375,0.7647058823529411,0.6782608695652174,0.5283018867824849,28,25,12,39
com_erro,catboost,oscilacao,80,50,50,94,94,60,34,45,49,11,19,8,0.6595744680851063,0.6643990929705215,0.6140350877192983,0.7777777777777778,0.6862745098039216,0.55102040815202,27,22,10,35
com_erro,catboost,oscilacao,80,55,55,85,85,54,31,39,46,11,19,8,0.7294117647058823,0.7343924191750278,0.6739130434782609,0.7948717948717948,0.7294117647058823,0.6739130434636106,31,15,8,31
com_erro,catboost,oscilacao,80,60,60,78,78,48,30,39,39,10,20,10,0.6410256410256411,0.641025641025641,0.6122448979591837,0.7692307692307693,0.6818181818181818,0.5128205128073636,20,19,9,30
com_erro,catboost,oscilacao,80,65,65,72,72,44,28,34,38,10,15,5,0.7361111111111112,0.7376160990712074,0.7027027027027027,0.7647058823529411,0.7323943661971831,0.7105263157707757,27,11,8,26
com_erro,catboost,oscilacao,80,70,70,67,67,45,22,31,36,10,12,2,0.6567164179104478,0.6738351254480286,0.5833333333333334,0.9032258064516129,0.7088607594936709,0.4444444444320988,16,20,3,28
com_erro,catboost,oscilacao,80,75,75,63,63,38,25,29,34,11,18,7,0.6507936507936508,0.6561866125760649,0.6,0.7241379310344828,0.65625,0.588235294100346,20,14,8,21
com_erro,catboost,oscilacao,80,80,80,59,59,36,23,29,30,10,13,3,0.5932203389830508,0.5971264367816091,0.5581395348837209,0.8275862068965517,0.6666666666666666,0.3666666666544444,11,19,5,24
com_erro,catboost,oscilacao,90,5,5,933,933,617,316,458,475,10,35,25,0.7245444801714899,0.7270121811077913,0.6706281833616299,0.8624454148471615,0.7545367717287488,0.5915789473671756,281,194,63,395
com_erro,catboost,oscilacao,90,10,10,467,467,310,157,230,237,10,28,18,0.6895074946466809,0.6919097413318657,0.6384364820846905,0.8521739130434782,0.7299813780260708,0.5316455696180099,126,111,34,196
com_erro,catboost,oscilacao,90,15,15,311,311,206,105,153,158,10,27,17,0.6977491961414791,0.7000496401092082,0.6482412060301508,0.8431372549019608,0.7329545454545454,0.5569620253129307,88,70,24,129
com_erro,catboost,oscilacao,90,20,20,234,234,155,79,114,120,10,31,21,0.7094017094017094,0.7131578947368421,0.6533333333333333,0.8596491228070176,0.7424242424242424,0.5666666666619444,68,52,16,98
com_erro,catboost,oscilacao,90,25,25,187,187,121,66,91,96,10,20,10,0.732620320855615,0.7358630952380952,0.6782608695652174,0.8571428571428571,0.7572815533980582,0.6145833333269314,59,37,13,78
com_erro,catboost,oscilacao,90,30,30,156,156,103,53,77,79,10,22,12,0.6794871794871795,0.6814072003945422,0.6336633663366337,0.8311688311688312,0.7191011235955056,0.5316455696135235,42,37,13,64
com_erro,catboost,oscilacao,90,35,35,134,134,91,43,65,69,10,20,10,0.6492537313432836,0.6540691192865106,0.6022727272727273,0.8153846153846154,0.6928104575163399,0.4927536231812644,34,35,12,53
com_erro,catboost,oscilacao,90,40,40,117,117,76,41,56,61,10,23,13,0.6239316239316239,0.6305620608899297,0.5789473684210527,0.7857142857142857,0.6666666666666666,0.4754098360577802,29,32,12,44
com_erro,catboost,oscilacao,90,45,45,104,104,67,37,53,51,10,18,8,0.7019230769230769,0.7001479837217905,0.6774193548387096,0.7924528301886793,0.7304347826086957,0.6078431372429836,31,20,11,42
com_erro,catboost,oscilacao,90,50,50,94,94,62,32,47,47,10,16,6,0.723404255319149,0.7234042553191489,0.6909090909090909,0.8085106382978723,0.7450980392156863,0.6382978723268448,30,17,9,38
com_erro,catboost,oscilacao,90,55,55,85,85,55,30,41,44,10,17,7,0.7647058823529411,0.7652439024390244,0.7441860465116279,0.7804878048780488,0.7619047619047619,0.7499999999829546,33,11,9,32
com_erro,catboost,oscilacao,90,60,60,78,78,50,28,39,39,10,16,6,0.6538461538461539,0.6538461538461539,0.625,0.7692307692307693,0.6896551724137931,0.5384615384477318,21,18,9,30
com_erro,catboost,oscilacao,90,65,65,72,72,46,26,37,35,10,12,2,0.7222222222222222,0.7196911196911198,0.6976744186046512,0.8108108108108109,0.75,0.6285714285534695,22,13,7,30
com_erro,catboost,oscilacao,90,70,70,67,67,47,20,33,34,10,12,2,0.6716417910447762,0.6742424242424243,0.6222222222222222,0.8484848484848485,0.717948717948718,0.49999999998529415,17,17,5,28
com_erro,catboost,oscilacao,90,75,75,63,63,40,23,31,32,10,17,7,0.6349206349206349,0.6360887096774194,0.6111111111111112,0.7096774193548387,0.6567164179104478,0.562499999982422,18,14,9,22
com_erro,catboost,oscilacao,90,80,80,59,59,38,21,30,29,10,16,6,0.6779661016949152,0.6770114942528735,0.6666666666666666,0.7333333333333333,0.6984126984126984,0.6206896551510107,18,11,8,22
com_erro,catboost,oscilacao,90,85,85,55,55,37,18,26,29,10,10,0,0.6181818181818182,0.6259946949602122,0.5714285714285714,0.7692307692307693,0.6557377049180327,0.48275862067300834,14,15,6,20
com_erro,catboost,oscilacao,90,90,90,52,52,32,20,26,26,10,13,3,0.7115384615384616,0.7115384615384615,0.7037037037037037,0.7307692307692307,0.7169811320754716,0.692307692281065,18,8,7,19
com_erro,catboost,oscilacao,100,5,5,931,931,639,292,474,457,10,34,24,0.7121374865735768,0.7087845885383486,0.6609375,0.8924050632911392,0.7594254937163375,0.5251641137844089,240,217,51,423
com_erro,catboost,oscilacao,100,10,10,466,466,321,145,238,228,10,28,18,0.6781115879828327,0.6736326109391124,0.6325301204819277,0.8823529411764706,0.7368421052631579,0.4649122806997153,106,122,28,210
com_erro,catboost,oscilacao,100,15,15,311,311,211,100,157,154,10,20,10,0.7138263665594855,0.7123417983290594,0.6666666666666666,0.8662420382165605,0.7534626038781164,0.5584415584379322,86,68,21,136
com_erro,catboost,oscilacao,100,20,20,233,233,160,73,119,114,10,20,10,0.6738197424892703,0.6696152145068553,0.6319018404907976,0.865546218487395,0.7304964539007093,0.47368421052216064,54,60,16,103
com_erro,catboost,oscilacao,100,25,25,187,187,127,60,96,91,10,20,10,0.6898395721925134,0.684466575091575,0.6439393939393939,0.8854166666666666,0.7456140350877193,0.4835164835111701,44,47,11,85
com_erro,catboost,oscilacao,100,30,30,156,156,107,49,80,76,10,24,14,0.6730769230769231,0.6680921052631579,0.6330275229357798,0.8625,0.7301587301587301,0.4736842105200831,36,40,11,69
com_erro,catboost,oscilacao,100,35,35,133,133,92,41,67,66,10,17,7,0.6691729323308271,0.667910447761194,0.6292134831460674,0.835820895522388,0.717948717948718,0.4999999999924242,33,33,11,56
com_erro,catboost,oscilacao,100,40,40,117,117,79,38,60,57,10,20,10,0.6666666666666666,0.6631578947368422,0.64,0.8,0.7111111111111111,0.5263157894644507,30,27,12,48
com_erro,catboost,oscilacao,100,45,45,104,104,69,35,54,50,10,15,5,0.7403846153846154,0.7374074074074074,0.7213114754098361,0.8148148148148148,0.7652173913043478,0.6599999999868,33,17,10,44
com_erro,catboost,oscilacao,100,50,50,94,94,65,29,48,46,10,14,4,0.6702127659574468,0.666213768115942,0.6307692307692307,0.8541666666666666,0.7256637168141593,0.47826086955482044,22,24,7,41
com_erro,catboost,oscilacao,100,55,55,85,85,57,28,44,41,10,13,3,0.6941176470588235,0.6920731707317074,0.6875,0.75,0.717391304347826,0.6341463414479477,26,15,11,33
com_erro,catboost,oscilacao,100,60,60,78,78,51,27,41,37,10,15,5,0.5769230769230769,0.5698747528015821,0.58,0.7073170731707317,0.6373626373626373,0.4324324324207451,16,21,12,29
com_erro,catboost,oscilacao,100,65,65,72,72,48,24,37,35,10,12,2,0.6111111111111112,0.6061776061776062,0.5918367346938775,0.7837837837837838,0.6744186046511628,0.42857142855918373,15,20,8,29
com_erro,catboost,oscilacao,100,70,70,67,67,48,19,35,32,10,10,0,0.6716417910447762,0.6616071428571428,0.6326530612244898,0.8857142857142857,0.7380952380952381,0.43749999998632816,14,18,4,31
com_erro,catboost,oscilacao,100,75,75,63,63,41,22,32,31,10,12,2,0.7619047619047619,0.7605846774193548,0.7297297297297297,0.84375,0.782608695652174,0.6774193548168574,21,10,5,27
com_erro,catboost,oscilacao,100,80,80,59,59,40,19,31,28,10,10,0,0.5932203389830508,0.5800691244239632,0.5777777777777777,0.8387096774193549,0.6842105263157895,0.32142857141709186,9,19,5,26
com_erro,catboost,oscilacao,100,85,85,55,55,38,17,27,28,10,10,0,0.6909090909090909,0.6937830687830688,0.6388888888888888,0.8518518518518519,0.7301587301587301,0.5357142856951531,15,13,4,23
com_erro,catboost,oscilacao,100,90,90,52,52,34,18,27,25,10,11,1,0.6730769230769231,0.6659259259259259,0.6388888888888888,0.8518518518518519,0.7301587301587301,0.4799999999808,12,13,4,23
com_erro,catboost,oscilacao,100,95,95,49,49,35,14,25,24,10,9,-1,0.5918367346938775,0.5875,0.5714285714285714,0.8,0.6666666666666666,0.374999999984375,9,15,5,20
com_erro,catboost,oscilacao,100,100,100,47,47,34,13,24,23,10,9,-1,0.6170212765957447,0.6123188405797102,0.5882352941176471,0.8333333333333334,0.6896551724137931,0.39130434780907375,9,14,4,20
com_erro,catboost,queda,20,5,5,947,947,212,735,193,754,20,51,31,0.8585005279831045,0.7241688541938676,0.7218045112781954,0.49740932642487046,0.588957055214724,0.9509283819616036,717,37,97,96
com_erro,catboost,queda,20,10,10,474,474,106,368,96,378,20,40,20,0.8481012658227848,0.7065972222222222,0.6818181818181818,0.46875,0.5555555555555556,0.944444444441946,357,21,51,45
com_erro,catboost,queda,20,15,15,316,316,69,247,65,251,19,28,9,0.8512658227848101,0.6897640208397181,0.75,0.4153846153846154,0.5346534653465347,0.9641434262909796,242,9,38,27
com_erro,catboost,queda,20,20,20,237,237,54,183,48,189,18,26,8,0.8396624472573839,0.6896494708994709,0.65625,0.4375,0.525,0.9417989417939588,178,11,27,21
com_erro,catboost,queda,30,5,5,945,945,251,694,231,714,18,47,29,0.8391534391534392,0.7354214413037943,0.7365269461077845,0.5324675324675324,0.6180904522613065,0.9383753501387417,670,44,108,123
com_erro,catboost,queda,30,10,10,473,473,125,348,115,358,18,27,9,0.8456659619450317,0.7357299004129221,0.7692307692307693,0.5217391304347826,0.6217616580310881,0.9497206703884087,340,18,55,60
com_erro,catboost,queda,30,15,15,315,315,81,234,76,239,16,20,4,0.8571428571428571,0.7398425456947809,0.8297872340425532,0.5131578947368421,0.6341463414634146,0.9665271966486757,231,8,37,39
com_erro,catboost,queda,30,20,20,237,237,63,174,58,179,18,22,4,0.8185654008438819,0.6992390676170295,0.6923076923076923,0.46551724137931033,0.5567010309278351,0.9329608938495366,167,12,31,27
com_erro,catboost,queda,30,25,25,189,189,51,138,44,145,16,15,-1,0.8835978835978836,0.789576802507837,0.84375,0.6136363636363636,0.7105263157894737,0.9655172413726517,140,5,17,27
com_erro,catboost,queda,30,30,30,158,158,37,121,38,120,16,15,-1,0.8544303797468354,0.7423245614035088,0.8,0.5263157894736842,0.6349206349206349,0.9583333333253472,115,5,18,20
com_erro,catboost,queda,40,5,5,943,943,288,655,264,679,17,43,26,0.7985153764581124,0.7072901325478644,0.6947368421052632,0.5,0.5814977973568282,0.9145802650943821,621,58,132,132
com_erro,catboost,queda,40,10,10,472,472,144,328,132,340,17,31,14,0.8114406779661016,0.7208110516934046,0.7311827956989247,0.5151515151515151,0.6044444444444445,0.9264705882325692,315,25,64,68
com_erro,catboost,queda,40,15,15,315,315,95,220,87,228,17,26,9,0.8095238095238095,0.7013762855414398,0.7547169811320755,0.45977011494252873,0.5714285714285714,0.942982456136215,215,13,47,40
com_erro,catboost,queda,40,20,20,236,236,73,163,66,170,16,27,11,0.788135593220339,0.6907308377896613,0.6739130434782609,0.4696969696969697,0.5535714285714286,0.9117647058769897,155,15,35,31
com_erro,catboost,queda,40,25,25,189,189,58,131,55,134,15,18,3,0.8412698412698413,0.7701492537313432,0.8048780487804879,0.6,0.6875,0.9402985074556695,126,8,22,33
com_erro,catboost,queda,40,30,30,158,158,49,109,45,113,17,21,4,0.7784810126582279,0.6846607669616519,0.65625,0.4666666666666667,0.5454545454545454,0.9026548672486491,102,11,24,21
com_erro,catboost,queda,40,35,35,135,135,42,93,36,99,15,19,4,0.7925925925925926,0.6906565656565656,0.6538461538461539,0.4722222222222222,0.5483870967741935,0.9090909090817263,90,9,19,17
com_erro,catboost,queda,40,40,40,118,118,38,80,32,86,15,18,3,0.788135593220339,0.6976744186046512,0.64,0.5,0.5614035087719298,0.8953488371988912,77,9,16,16
com_erro,catboost,queda,50,5,5,941,941,324,617,296,645,17,43,26,0.7715196599362381,0.7017179970668342,0.6816143497757847,0.5135135135135135,0.5857418111753372,0.8899224806187753,574,71,144,152
com_erro,catboost,queda,50,10,10,471,471,162,309,148,323,17,31,14,0.7749469214437368,0.6968036147602712,0.7058823529411765,0.4864864864864865,0.576,0.9071207430312473,293,30,76,72
com_erro,catboost,queda,50,15,15,314,314,106,208,100,214,15,24,9,0.7579617834394905,0.6759345794392524,0.6818181818181818,0.45,0.5421686746987951,0.9018691588742904,193,21,55,45
com_erro,catboost,queda,50,20,20,236,236,82,154,75,161,16,24,8,0.7754237288135594,0.7072049689440993,0.6964285714285714,0.52,0.5954198473282443,0.8944099378826434,144,17,36,39
com_erro,catboost,queda,50,25,25,189,189,64,125,59,130,16,18,2,0.8095238095238095,0.731942633637549,0.7948717948717948,0.5254237288135594,0.6326530612244898,0.9384615384543196,122,8,28,31
com_erro,catboost,queda,50,30,30,157,157,53,104,50,107,15,14,-1,0.7643312101910829,0.6779439252336449,0.7096774193548387,0.44,0.5432098765432098,0.91588785045873,98,9,28,22
com_erro,catboost,queda,50,35,35,135,135,46,89,41,94,15,18,3,0.7555555555555555,0.6800726517903477,0.625,0.4878048780487805,0.547945205479452,0.8723404255226347,82,12,21,20
com_erro,catboost,queda,50,40,40,118,118,43,75,34,84,15,19,4,0.7457627118644068,0.6901260504201681,0.5588235294117647,0.5588235294117647,0.5588235294117647,0.8214285714187924,69,15,15,19
com_erro,catboost,queda,50,45,45,105,105,37,68,33,72,15,20,5,0.7428571428571429,0.6893939393939394,0.6,0.5454545454545454,0.5714285714285714,0.8333333333217592,60,12,15,18
com_erro,catboost,queda,50,50,50,95,95,34,61,31,64,16,13,-3,0.7263157894736842,0.6721270161290323,0.5925925925925926,0.5161290322580645,0.5517241379310345,0.8281249999870605,53,11,15,16
com_erro,catboost,queda,60,5,5,939,939,358,581,327,612,16,38,22,0.7369542066027689,0.6778647238711999,0.6694915254237288,0.4831804281345566,0.5612788632326821,0.8725490196064174,534,78,169,158
com_erro,catboost,queda,60,10,10,470,470,179,291,164,306,16,33,17,0.7468085106382979,0.6937868643392316,0.68,0.5182926829268293,0.5882352941176471,0.8692810457487933,266,40,79,85
com_erro,catboost,queda,60,15,15,313,313,118,195,107,206,15,27,12,0.7380191693290735,0.6752109608928409,0.6623376623376623,0.4766355140186916,0.5543478260869565,0.8737864077627486,180,26,56,51
com_erro,catboost,queda,60,20,20,235,235,90,145,82,153,15,26,11,0.723404255319149,0.6715686274509804,0.6307692307692307,0.5,0.5578231292517006,0.8431372548964502,129,24,41,41
com_erro,catboost,queda,60,25,25,188,188,72,116,63,125,15,23,8,0.7393617021276596,0.6701587301587302,0.6590909090909091,0.4603174603174603,0.5420560747663551,0.87999999999296,110,15,34,29
com_erro,catboost,queda,60,30,30,157,157,56,101,54,103,14,22,8,0.7070063694267515,0.6489572096368212,0.5952380952380952,0.46296296296296297,0.5208333333333334,0.8349514563025733,86,17,29,25
com_erro,catboost,queda,60,35,35,135,135,52,83,47,88,15,21,6,0.6888888888888889,0.6424081237911025,0.5609756097560976,0.48936170212765956,0.5227272727272727,0.7954545454455062,70,18,24,23
com_erro,catboost,queda,60,40,40,118,118,45,73,40,78,13,17,4,0.6864406779661016,0.641025641025641,0.5405405405405406,0.5,0.5194805194805194,0.7820512820412557,61,17,20,20
com_erro,catboost,queda,60,45,45,105,105,41,64,36,69,13,22,9,0.6761904761904762,0.6274154589371981,0.53125,0.4722222222222222,0.5,0.7826086956408317,54,15,19,17
com_erro,catboost,queda,60,50,50,94,94,37,57,31,63,15,13,-2,0.723404255319149,0.6953405017921147,0.5757575757575758,0.6129032258064516,0.59375,0.7777777777654321,49,14,12,19
com_erro,catboost,queda,60,55,55,86,86,31,55,27,59,13,12,-1,0.7325581395348837,0.6443816698053986,0.6111111111111112,0.4074074074074074,0.4888888888888889,0.8813559321884517,52,7,16,11
com_erro,catboost,queda,60,60,60,79,79,28,51,29,50,13,13,0,0.7215189873417721,0.6858620689655173,0.64,0.5517241379310345,0.5925925925925926,0.8199999999836001,41,9,13,16
com_erro,catboost,queda,70,5,5,937,937,388,549,357,580,16,43,27,0.7086446104589115,0.675804114749348,0.64,0.5378151260504201,0.5844748858447488,0.8137931034468728,472,108,165,192
com_erro,catboost,queda,70,10,10,469,469,194,275,179,290,16,33,17,0.720682302771855,0.6843286457329995,0.6690140845070423,0.5307262569832403,0.5919003115264797,0.8379310344798693,243,47,84,95
com_erro,catboost,queda,70,15,15,313,313,128,185,118,195,16,26,10,0.7060702875399361,0.662038244241634,0.6477272727272727,0.4830508474576271,0.5533980582524272,0.8410256410213282,164,31,61,57
com_erro,catboost,queda,70,20,20,235,235,98,137,90,145,15,25,10,0.7021276595744681,0.6722222222222223,0.6282051282051282,0.5444444444444444,0.5833333333333334,0.7999999999944828,116,29,41,49
com_erro,catboost,queda,70,25,25,188,188,77,111,72,116,14,22,8,0.6968085106382979,0.6594827586206897,0.631578947368421,0.5,0.5581395348837209,0.8189655172343192,95,21,36,36
com_erro,catboost,queda,70,30,30,157,157,66,91,61,96,13,18,5,0.6878980891719745,0.6611168032786885,0.6111111111111112,0.5409836065573771,0.5739130434782609,0.781249999991862,75,21,28,33
com_erro,catboost,queda,70,35,35,134,134,55,79,50,84,13,19,6,0.7164179104477612,0.6928571428571428,0.625,0.6,0.6122448979591837,0.785714285704932,66,18,20,30
com_erro,catboost,queda,70,40,40,118,118,48,70,46,72,13,21,8,0.652542372881356,0.6367753623188406,0.5531914893617021,0.5652173913043478,0.5591397849462365,0.7083333333234954,51,21,20,26
com_erro,catboost,queda,70,45,45,105,105,44,61,38,67,14,16,2,0.6952380952380952,0.6757659073055774,0.575,0.6052631578947368,0.5897435897435898,0.7462686567052795,50,17,15,23
com_erro,catboost,queda,70,50,50,94,94,38,56,37,57,14,12,-2,0.6914893617021277,0.6602655286865813,0.6333333333333333,0.5135135135135135,0.5671641791044776,0.807017543845491,46,11,18,19
com_erro,catboost,queda,70,55,55,86,86,33,53,30,56,13,15,2,0.686046511627907,0.6428571428571428,0.5555555555555556,0.5,0.5263157894736842,0.7857142857002551,44,12,15,15
com_erro,catboost,queda,70,60,60,79,79,33,46,32,47,13,12,-1,0.6835443037974683,0.6592420212765957,0.6296296296296297,0.53125,0.576271186440678,0.7872340425364419,37,10,15,17
com_erro,catboost,queda,70,65,65,73,73,32,41,26,47,15,14,-1,0.6438356164383562,0.6031096563011457,0.5,0.46153846153846156,0.48,0.7446808510479855,35,12,14,12
com_erro,catboost,queda,70,70,70,67,67,28,39,26,41,12,17,5,0.6119402985074627,0.5844277673545966,0.5,0.46153846153846156,0.48,0.7073170731534801,29,12,14,12
com_erro,catboost,queda,80,5,5,935,935,418,517,387,548,15,46,31,0.6802139037433155,0.6603835417491843,0.6317365269461078,0.5452196382428941,0.5852981969486823,0.7755474452540593,425,123,176,211
com_erro,catboost,queda,80,10,10,468,468,209,259,194,274,14,35,21,0.7115384615384616,0.6934494694860411,0.6745562130177515,0.5876288659793815,0.628099173553719,0.7992700729897837,219,55,80,114
com_erro,catboost,queda,80,15,15,312,312,137,175,130,182,13,34,21,0.6955128205128205,0.6752747252747253,0.6605504587155964,0.5538461538461539,0.602510460251046,0.7967032966989193,145,37,58,72
com_erro,catboost,queda,80,20,20,234,234,105,129,97,137,12,27,15,0.6837606837606838,0.6682218376100534,0.6292134831460674,0.5773195876288659,0.6021505376344086,0.7591240875856999,104,33,41,56
com_erro,catboost,queda,80,25,25,187,187,85,102,75,112,13,24,11,0.6844919786096256,0.6595238095238095,0.625,0.5333333333333333,0.5755395683453237,0.7857142857072704,88,24,35,40
com_erro,catboost,queda,80,30,30,156,156,69,87,65,91,12,22,10,0.6923076923076923,0.6681318681318682,0.6666666666666666,0.5230769230769231,0.5862068965517241,0.813186813177877,74,17,31,34
com_erro,catboost,queda,80,35,35,134,134,59,75,54,80,13,19,6,0.6940298507462687,0.6775462962962963,0.6274509803921569,0.5925925925925926,0.6095238095238096,0.7624999999904687,61,19,22,32
com_erro,catboost,queda,80,40,40,117,117,54,63,47,70,12,19,7,0.6752136752136753,0.6656534954407295,0.5918367346938775,0.6170212765957447,0.6041666666666666,0.7142857142755101,50,20,18,29
com_erro,catboost,queda,80,45,45,104,104,44,60,46,58,12,14,2,0.6442307692307693,0.6360569715142428,0.6046511627906976,0.5652173913043478,0.5842696629213483,0.7068965517119501,41,17,20,26
com_erro,catboost,queda,80,50,50,94,94,42,52,39,55,13,14,1,0.6702127659574468,0.6622377622377622,0.6,0.6153846153846154,0.6075949367088608,0.7090909090780165,39,16,15,24
com_erro,catboost,queda,80,55,55,85,85,37,48,34,51,13,17,4,0.6705882352941176,0.6568627450980392,0.5882352941176471,0.5882352941176471,0.5882352941176471,0.7254901960642062,37,14,14,20
com_erro,catboost,queda,80,60,60,78,78,34,44,32,46,12,16,4,0.6025641025641025,0.5774456521739131,0.5185185185185185,0.4375,0.4745762711864407,0.7173913043322306,33,13,18,14
com_erro,catboost,queda,80,65,65,72,72,35,37,27,45,13,10,-3,0.7361111111111112,0.7148148148148148,0.6538461538461539,0.6296296296296297,0.6415094339622641,0.7999999999822223,36,9,10,17
com_erro,catboost,queda,80,70,70,67,67,29,38,28,39,12,14,2,0.6268656716417911,0.6190476190476191,0.5517241379310345,0.5714285714285714,0.5614035087719298,0.6666666666495727,26,13,12,16
com_erro,catboost,queda,80,75,75,63,63,25,38,26,37,12,9,-3,0.6984126984126984,0.6689189189189189,0.6842105263157895,0.5,0.5777777777777777,0.8378378378151936,31,6,13,13
com_erro,catboost,queda,80,80,80,59,59,26,33,24,35,11,10,-1,0.6271186440677966,0.6267857142857143,0.5357142857142857,0.625,0.5769230769230769,0.6285714285534695,22,13,9,15
com_erro,catboost,queda,90,5,5,933,933,447,486,414,519,14,46,32,0.662379421221865,0.6545055988383458,0.6285714285714286,0.5845410628019324,0.6057571964956195,0.7244701348733633,376,143,172,242
com_erro,catboost,queda,90,10,10,467,467,224,243,207,260,13,34,21,0.6616702355460385,0.6552861389817912,0.6231155778894473,0.5990338164251208,0.6108374384236454,0.7115384615357249,185,75,83,124
com_erro,catboost,queda,90,15,15,311,311,148,163,136,175,12,34,22,0.6655948553054662,0.6569747899159664,0.625,0.5882352941176471,0.6060606060606061,0.7257142857101389,127,48,56,80
com_erro,catboost,queda,90,20,20,234,234,113,121,104,130,13,26,13,0.6623931623931624,0.6596153846153846,0.616822429906542,0.6346153846153846,0.6255924170616114,0.6846153846101184,89,41,38,66
com_erro,catboost,queda,90,25,25,187,187,90,97,84,103,12,25,13,0.6203208556149733,0.6158113730929264,0.5783132530120482,0.5714285714285714,0.5748502994011976,0.6601941747508718,68,35,36,48
com_erro,catboost,queda,90,30,30,156,156,71,85,68,88,12,17,5,0.7243589743589743,0.7172459893048129,0.6923076923076923,0.6617647058823529,0.6766917293233082,0.7727272727184917,68,20,23,45
com_erro,catboost,queda,90,35,35,134,134,62,72,58,76,12,16,4,0.6268656716417911,0.6220508166969148,0.5666666666666667,0.5862068965517241,0.576271186440678,0.6578947368334487,50,26,24,34
com_erro,catboost,queda,90,40,40,117,117,59,58,49,68,12,21,9,0.6666666666666666,0.6676170468187275,0.5892857142857143,0.673469387755102,0.6285714285714286,0.661764705872621,45,23,16,33
com_erro,catboost,queda,90,45,45,104,104,50,54,46,58,12,15,3,0.625,0.6300599700149925,0.5636363636363636,0.6739130434782609,0.6138613861386139,0.5862068965416172,34,24,15,31
com_erro,catboost,queda,90,50,50,94,94,45,49,43,51,12,15,3,0.5319148936170213,0.5321477428180574,0.48936170212765956,0.5348837209302325,0.5111111111111111,0.5294117646955018,27,24,20,23
com_erro,catboost,queda,90,55,55,85,85,41,44,36,49,13,16,3,0.611764705882353,0.6006235827664399,0.5428571428571428,0.5277777777777778,0.5352112676056338,0.6734693877413578,33,16,17,19
com_erro,catboost,queda,90,60,60,78,78,35,43,33,45,12,16,4,0.6282051282051282,0.6252525252525253,0.5555555555555556,0.6060606060606061,0.5797101449275363,0.6444444444301235,29,16,13,20
com_erro,catboost,queda,90,65,65,72,72,35,37,28,44,12,11,-1,0.6805555555555556,0.6412337662337663,0.6190476190476191,0.4642857142857143,0.5306122448979592,0.8181818181632232,36,8,15,13
com_erro,catboost,queda,90,70,70,67,67,29,38,28,39,12,13,1,0.6268656716417911,0.614010989010989,0.5555555555555556,0.5357142857142857,0.5454545454545454,0.6923076922899409,27,12,13,15
com_erro,catboost,queda,90,75,75,63,63,28,35,28,35,12,12,0,0.746031746031746,0.7392857142857143,0.7307692307692307,0.6785714285714286,0.7037037037037037,0.7999999999771429,28,7,9,19
com_erro,catboost,queda,90,80,80,59,59,28,31,26,33,11,13,2,0.6271186440677966,0.6177156177156178,0.5833333333333334,0.5384615384615384,0.56,0.6969696969485768,23,10,12,14
com_erro,catboost,queda,90,85,85,55,55,25,30,23,32,12,11,-1,0.5636363636363636,0.5699728260869565,0.4827586206896552,0.6086956521739131,0.5384615384615384,0.5312499999833985,17,15,9,14
com_erro,catboost,queda,90,90,90,52,52,25,27,23,29,11,9,-2,0.5,0.49775112443778113,0.44,0.4782608695652174,0.4583333333333333,0.5172413792925089,15,14,12,11
com_erro,catboost,queda,100,5,5,931,931,471,460,439,492,13,49,36,0.6455424274973147,0.6451261181176733,0.6208425720620843,0.6378132118451025,0.6292134831460674,0.6524390243889178,321,171,159,280
com_erro,catboost,queda,100,10,10,466,466,237,229,219,247,13,37,24,0.630901287553648,0.6280110180614867,0.6135265700483091,0.5799086757990868,0.596244131455399,0.6761133603211493,167,80,92,127
com_erro,catboost,queda,100,15,15,311,311,157,154,145,166,13,30,17,0.6109324758842444,0.608932280847528,0.5833333333333334,0.5793103448275863,0.5813148788927336,0.6385542168636232,106,60,61,84
com_erro,catboost,queda,100,20,20,233,233,119,114,109,124,12,28,16,0.6223175965665236,0.6218555785735425,0.5929203539823009,0.6146788990825688,0.6036036036036037,0.6290322580594433,78,46,42,67
com_erro,catboost,queda,100,25,25,187,187,92,95,88,99,13,23,10,0.6310160427807486,0.6268939393939394,0.620253164556962,0.5568181818181818,0.5868263473053892,0.6969696969626569,69,30,39,49
com_erro,catboost,queda,100,30,30,156,156,80,76,73,83,13,22,9,0.6089743589743589,0.6102492160422512,0.575,0.6301369863013698,0.6013071895424836,0.5903614457760197,49,34,27,46
com_erro,catboost,queda,100,35,35,133,133,68,65,62,71,12,20,8,0.6165413533834586,0.6203998182644253,0.5753424657534246,0.6774193548387096,0.6222222222222222,0.5633802816822059,40,31,20,42
com_erro,catboost,queda,100,40,40,117,117,59,58,53,64,12,17,5,0.6153846153846154,0.6160082547169812,0.5689655172413793,0.6226415094339622,0.5945945945945946,0.6093749999904785,39,25,20,33
com_erro,catboost,queda,100,45,45,104,104,54,50,49,55,12,12,0,0.5384615384615384,0.54582560296846,0.5076923076923077,0.673469387755102,0.5789473684210527,0.4181818181742149,23,32,16,33
com_erro,catboost,queda,100,50,50,94,94,47,47,46,48,13,14,1,0.5106382978723404,0.511322463768116,0.5,0.5434782608695652,0.5208333333333334,0.47916666665668406,23,25,21,25
com_erro,catboost,queda,100,55,55,85,85,43,42,39,46,12,14,2,0.5764705882352941,0.5813823857302118,0.5319148936170213,0.6410256410256411,0.5813953488372093,0.5217391304234404,24,22,14,25
com_erro,catboost,queda,100,60,60,78,78,40,38,36,42,10,14,4,0.5384615384615384,0.5396825396825398,0.5,0.5555555555555556,0.5263157894736842,0.5238095237970521,22,20,16,20
com_erro,catboost,queda,100,65,65,72,72,36,36,33,39,12,10,-2,0.5972222222222222,0.583916083916084,0.5833333333333334,0.42424242424242425,0.49122807017543857,0.7435897435706772,29,10,19,14
com_erro,catboost,queda,100,70,70,67,67,32,35,29,38,12,10,-2,0.5970149253731343,0.5916515426497277,0.5333333333333333,0.5517241379310345,0.5423728813559322,0.6315789473518006,24,14,13,16
com_erro,catboost,queda,100,75,75,63,63,30,33,30,33,13,8,-5,0.6825396825396826,0.6818181818181819,0.6666666666666666,0.6666666666666666,0.6666666666666666,0.6969696969485768,23,10,10,20
com_erro,catboost,queda,100,80,80,59,59,28,31,28,31,10,10,0,0.6779661016949152,0.6728110599078341,0.6956521739130435,0.5714285714285714,0.6274509803921569,0.7741935483621228,24,7,12,16
com_erro,catboost,queda,100,85,85,55,55,26,29,26,29,11,11,0,0.5454545454545454,0.5431034482758621,0.52,0.5,0.5098039215686274,0.5862068965315101,17,12,13,13
com_erro,catboost,queda,100,90,90,52,52,29,23,23,29,11,13,2,0.46153846153846156,0.46326836581709147,0.4074074074074074,0.4782608695652174,0.44,0.4482758620535077,13,16,12,11
com_erro,catboost,queda,100,95,95,49,49,26,23,24,25,11,7,-4,0.6122448979591837,0.6125,0.6,0.625,0.6122448979591837,0.599999999976,15,10,9,15
com_erro,catboost,queda,100,100,100,47,47,23,24,22,25,11,8,-3,0.5319148936170213,0.5436363636363637,0.5,0.7272727272727273,0.5925925925925926,0.3599999999856,9,16,6,16
com_erro,mlp,lacuna,20,5,5,947,947,264,683,246,701,17,17,0,0.9947201689545935,0.9898373983739837,1.0,0.9796747967479674,0.9897330595482546,0.9999999999985735,701,0,5,241
com_erro,mlp,lacuna,20,10,10,474,474,130,344,123,351,17,17,0,0.9957805907172996,0.9918699186991871,1.0,0.983739837398374,0.9918032786885246,0.9999999999971511,351,0,2,121
com_erro,mlp,lacuna,20,15,15,316,316,89,227,81,235,17,17,0,0.9936708860759493,0.9876543209876543,1.0,0.9753086419753086,0.9875,0.9999999999957447,235,0,2,79
com_erro,mlp,lacuna,20,20,20,237,237,67,170,60,177,16,15,-1,0.9915611814345991,0.9888418079096045,0.9833333333333333,0.9833333333333333,0.9833333333333333,0.9943502824802579,176,1,1,59
com_erro,mlp,lacuna,30,5,5,945,945,306,639,277,668,16,16,0,0.9957671957671957,0.9927797833935018,1.0,0.9855595667870036,0.9927272727272727,0.999999999998503,668,0,4,273
com_erro,mlp,lacuna,30,10,10,473,473,151,322,139,334,16,16,0,0.9936575052854123,0.9892086330935252,1.0,0.9784172661870504,0.9890909090909091,0.9999999999970061,334,0,3,136
com_erro,mlp,lacuna,30,15,15,315,315,101,214,95,220,15,15,0,0.9873015873015873,0.9789473684210526,1.0,0.9578947368421052,0.978494623655914,0.9999999999954546,220,0,4,91
com_erro,mlp,lacuna,30,20,20,237,237,78,159,69,168,16,16,0,0.9915611814345991,0.9855072463768115,1.0,0.9710144927536232,0.9852941176470589,0.9999999999940477,168,0,2,67
com_erro,mlp,lacuna,30,25,25,189,189,58,131,54,135,15,15,0,1.0,1.0,1.0,1.0,1.0,0.9999999999925927,135,0,0,54
com_erro,mlp,lacuna,30,30,30,158,158,49,109,48,110,14,14,0,0.9620253164556962,0.9375,1.0,0.875,0.9333333333333333,0.999999999990909,110,0,6,42
com_erro,mlp,lacuna,40,5,5,943,943,346,597,307,636,15,16,1,0.9840933191940615,0.9755700325732899,1.0,0.9511400651465798,0.9749582637729549,0.9999999999984277,636,0,15,292
com_erro,mlp,lacuna,40,10,10,472,472,171,301,154,318,15,18,3,0.9915254237288136,0.9903618394184432,0.987012987012987,0.987012987012987,0.987012987012987,0.9937106918207745,316,2,2,152
com_erro,mlp,lacuna,40,15,15,315,315,113,202,106,209,15,16,1,0.9714285714285714,0.9575471698113207,1.0,0.9150943396226415,0.9556650246305419,0.9999999999952154,209,0,9,97
com_erro,mlp,lacuna,40,20,20,236,236,88,148,76,160,14,14,0,0.9788135593220338,0.9671052631578947,1.0,0.9342105263157895,0.9659863945578231,0.9999999999937501,160,0,5,71
com_erro,mlp,lacuna,40,25,25,189,189,66,123,60,129,13,14,1,0.9947089947089947,0.9961240310077519,0.9836065573770492,1.0,0.9917355371900827,0.9922480620078121,128,1,0,60
com_erro,mlp,lacuna,40,30,30,158,158,55,103,55,103,14,15,1,0.9556962025316456,0.9363636363636363,1.0,0.8727272727272727,0.9320388349514563,0.9999999999902912,103,0,7,48
com_erro,mlp,lacuna,40,35,35,135,135,51,84,45,90,13,13,0,0.9851851851851852,0.9777777777777779,1.0,0.9555555555555556,0.9772727272727273,0.9999999999888889,90,0,2,43
com_erro,mlp,lacuna,40,40,40,118,118,43,75,39,79,13,14,1,0.9661016949152542,0.9487179487179487,1.0,0.8974358974358975,0.9459459459459459,0.9999999999873417,79,0,4,35
com_erro,mlp,lacuna,50,5,5,941,941,386,555,335,606,15,17,2,0.9957492029755579,0.9953647603566327,0.9940298507462687,0.9940298507462687,0.9940298507462687,0.996699669965352,604,2,2,333
com_erro,mlp,lacuna,50,10,10,471,471,191,280,168,303,15,14,-1,0.9723991507430998,0.9613095238095238,1.0,0.9226190476190477,0.9597523219814241,0.9999999999966998,303,0,13,155
com_erro,mlp,lacuna,50,15,15,314,314,129,185,112,202,15,14,-1,0.9713375796178344,0.9598214285714286,1.0,0.9196428571428571,0.958139534883721,0.9999999999950495,202,0,9,103
com_erro,mlp,lacuna,50,20,20,236,236,98,138,84,152,14,18,4,0.9661016949152542,0.9656954887218046,0.9418604651162791,0.9642857142857143,0.9529411764705882,0.9671052631515322,147,5,3,81
com_erro,mlp,lacuna,50,25,25,189,189,77,112,68,121,13,12,-1,0.9735449735449735,0.9632352941176471,1.0,0.9264705882352942,0.9618320610687023,0.9999999999917355,121,0,5,63
com_erro,mlp,lacuna,50,30,30,157,157,65,92,55,102,13,13,0,0.9808917197452229,0.9727272727272727,1.0,0.9454545454545454,0.9719626168224299,0.9999999999901961,102,0,3,52
com_erro,mlp,lacuna,50,35,35,135,135,58,77,48,87,11,12,1,0.9777777777777777,0.9734195402298851,0.9787234042553191,0.9583333333333334,0.968421052631579,0.9885057471150746,86,1,2,46
com_erro,mlp,lacuna,50,40,40,118,118,47,71,44,74,12,12,0,0.9661016949152542,0.9545454545454546,1.0,0.9090909090909091,0.9523809523809523,0.9999999999864865,74,0,4,40
com_erro,mlp,lacuna,50,45,45,105,105,42,63,36,69,12,12,0,1.0,1.0,1.0,1.0,1.0,0.9999999999855071,69,0,0,36
com_erro,mlp,lacuna,50,50,50,95,95,39,56,33,62,12,12,0,0.968421052631579,0.9545454545454546,1.0,0.9090909090909091,0.9523809523809523,0.999999999983871,62,0,3,30
com_erro,mlp,lacuna,60,5,5,939,939,426,513,362,577,13,15,2,0.987220447284345,0.985484071737028,0.9888268156424581,0.9779005524861878,0.9833333333333333,0.9930675909861472,573,4,8,354
com_erro,mlp,lacuna,60,10,10,470,470,211,259,182,288,13,15,2,0.9723404255319149,0.965296855921856,0.9941520467836257,0.9340659340659341,0.9631728045325779,0.9965277777743177,287,1,12,170
com_erro,mlp,lacuna,60,15,15,313,313,141,172,124,189,11,12,1,0.9712460063897763,0.9650964328383682,0.9914529914529915,0.9354838709677419,0.9626556016597511,0.9947089947037318,188,1,8,116
com_erro,mlp,lacuna,60,20,20,235,235,108,127,90,145,12,14,2,0.9404255319148936,0.9243295019157087,0.9871794871794872,0.8555555555555555,0.9166666666666666,0.9931034482690132,144,1,13,77
com_erro,mlp,lacuna,60,25,25,188,188,81,107,71,117,11,13,2,0.9787234042553191,0.977368484410738,0.971830985915493,0.971830985915493,0.971830985915493,0.982905982897582,115,2,2,69
com_erro,mlp,lacuna,60,30,30,157,157,69,88,62,95,11,12,1,0.9490445859872612,0.935483870967742,1.0,0.8709677419354839,0.9310344827586207,0.9999999999894736,95,0,8,54
com_erro,mlp,lacuna,60,35,35,135,135,60,75,53,82,12,12,0,0.9703703703703703,0.9622641509433962,1.0,0.9245283018867925,0.9607843137254902,0.9999999999878049,82,0,4,49
com_erro,mlp,lacuna,60,40,40,118,118,51,67,44,74,12,13,1,0.9830508474576272,0.981879606879607,0.9772727272727273,0.9772727272727273,0.9772727272727273,0.9864864864731555,73,1,1,43
com_erro,mlp,lacuna,60,45,45,105,105,47,58,39,66,11,12,1,0.9714285714285714,0.9667832167832168,0.9736842105263158,0.9487179487179487,0.961038961038961,0.9848484848335628,65,1,2,37
com_erro,mlp,lacuna,60,50,50,94,94,40,54,34,60,11,11,0,0.9787234042553191,0.9705882352941176,1.0,0.9411764705882353,0.9696969696969697,0.9999999999833334,60,0,2,32
com_erro,mlp,lacuna,60,55,55,86,86,37,49,33,53,11,13,2,0.9767441860465116,0.9754145225843339,0.9696969696969697,0.9696969696969697,0.9696969696969697,0.9811320754531863,52,1,1,32
com_erro,mlp,lacuna,60,60,60,79,79,35,44,30,49,11,12,1,0.9367088607594937,0.9295918367346938,0.9310344827586207,0.9,0.9152542372881356,0.9591836734498127,47,2,3,27
com_erro,mlp,lacuna,70,5,5,937,937,466,471,386,551,12,20,8,0.9775880469583778,0.9782284682583715,0.9643765903307888,0.9818652849740933,0.9730423620025674,0.974591651540881,537,14,7,379
com_erro,mlp,lacuna,70,10,10,469,469,231,238,194,275,12,14,2,0.9850746268656716,0.9842361761949391,0.9844559585492227,0.979381443298969,0.9819121447028424,0.9890909090873125,272,3,4,190
com_erro,mlp,lacuna,70,15,15,313,313,153,160,132,181,12,13,1,0.9456869009584664,0.9366315084547129,0.9914529914529915,0.8787878787878788,0.9317269076305221,0.9944751381160527,180,1,16,116
com_erro,mlp,lacuna,70,20,20,235,235,118,117,97,138,12,13,1,0.9872340425531915,0.9860675332436875,0.9895833333333334,0.979381443298969,0.9844559585492227,0.992753623181212,137,1,2,95
com_erro,mlp,lacuna,70,25,25,188,188,92,96,76,112,12,13,1,0.973404255319149,0.9713345864661653,0.9733333333333334,0.9605263157894737,0.9668874172185431,0.982142857134088,110,2,3,73
com_erro,mlp,lacuna,70,30,30,157,157,75,82,68,89,11,13,2,0.9490445859872612,0.942911434236616,0.9838709677419355,0.8970588235294118,0.9384615384615385,0.9887640449327105,88,1,7,61
com_erro,mlp,lacuna,70,35,35,134,134,66,68,57,77,10,11,1,0.9626865671641791,0.9606971975393028,0.9642857142857143,0.9473684210526315,0.9557522123893806,0.9740259740133242,75,2,3,54
com_erro,mlp,lacuna,70,40,40,118,118,57,61,47,71,12,13,1,0.9745762711864406,0.9680851063829787,1.0,0.9361702127659575,0.967032967032967,0.9999999999859155,71,0,3,44
com_erro,mlp,lacuna,70,45,45,105,105,54,51,43,62,11,14,3,0.9428571428571428,0.9409227306826706,0.9302325581395349,0.9302325581395349,0.9302325581395349,0.9516129032104579,59,3,3,40
com_erro,mlp,lacuna,70,50,50,94,94,43,51,37,57,11,11,0,0.9574468085106383,0.9554291133238502,0.9459459459459459,0.9459459459459459,0.9459459459459459,0.9649122806848262,55,2,2,35
com_erro,mlp,lacuna,70,55,55,86,86,43,43,37,49,11,10,-1,0.9767441860465116,0.9762824048538334,0.972972972972973,0.972972972972973,0.972972972972973,0.9795918367147023,48,1,1,36
com_erro,mlp,lacuna,70,60,60,79,79,38,41,34,45,11,12,1,0.9240506329113924,0.9189542483660131,0.9375,0.8823529411764706,0.9090909090909091,0.955555555534321,43,2,4,30
com_erro,mlp,lacuna,70,65,65,73,73,34,39,31,42,12,12,0,0.9178082191780822,0.911674347158218,0.9310344827586207,0.8709677419354839,0.9,0.9523809523582767,40,2,4,27
com_erro,mlp,lacuna,70,70,70,67,67,31,36,30,37,10,12,2,0.8805970149253731,0.8761261261261262,0.8928571428571429,0.8333333333333334,0.8620689655172413,0.9189189188940834,34,3,5,25
com_erro,mlp,lacuna,80,5,5,935,935,501,434,408,527,12,16,4,0.9882352941176471,0.9879032258064516,0.9877149877149877,0.9852941176470589,0.9865030674846625,0.9905123339639649,522,5,6,402
com_erro,mlp,lacuna,80,10,10,468,468,249,219,205,263,12,13,1,0.9743589743589743,0.9712695910229063,0.9948717948717949,0.9463414634146341,0.97,0.9961977186273909,262,1,11,194
com_erro,mlp,lacuna,80,15,15,312,312,167,145,137,175,11,12,1,0.9807692307692307,0.9781021897810219,1.0,0.9562043795620438,0.9776119402985075,0.9999999999942858,175,0,6,131
com_erro,mlp,lacuna,80,20,20,234,234,128,106,102,132,11,13,2,0.9658119658119658,0.9630124777183601,0.9795918367346939,0.9411764705882353,0.96,0.9848484848410239,130,2,6,96
com_erro,mlp,lacuna,80,25,25,187,187,98,89,80,107,10,12,2,0.9893048128342246,0.9906542056074766,0.975609756097561,1.0,0.9876543209876543,0.9813084112057822,105,2,0,80
com_erro,mlp,lacuna,80,30,30,156,156,84,72,68,88,10,11,1,0.9743589743589743,0.9705882352941176,1.0,0.9411764705882353,0.9696969696969697,0.9999999999886363,88,0,4,64
com_erro,mlp,lacuna,80,35,35,134,134,74,60,58,76,10,13,3,0.9626865671641791,0.963021778584392,0.9491525423728814,0.9655172413793104,0.9572649572649573,0.9605263157768351,73,3,2,56
com_erro,mlp,lacuna,80,40,40,117,117,63,54,52,65,11,11,0,0.9743589743589743,0.9711538461538461,1.0,0.9423076923076923,0.9702970297029703,0.9999999999846153,65,0,3,49
com_erro,mlp,lacuna,80,45,45,104,104,57,47,42,62,10,10,0,0.9615384615384616,0.9639016897081414,0.9318181818181818,0.9761904761904762,0.9534883720930233,0.9516129032104579,59,3,1,41
com_erro,mlp,lacuna,80,50,50,94,94,49,45,41,53,10,11,1,0.9787234042553191,0.9783709157846295,0.975609756097561,0.975609756097561,0.975609756097561,0.9811320754531863,52,1,1,40
com_erro,mlp,lacuna,80,55,55,85,85,45,40,36,49,10,11,1,0.9647058823529412,0.965702947845805,0.9459459459459459,0.9722222222222222,0.958904109589041,0.9591836734498127,47,2,1,35
com_erro,mlp,lacuna,80,60,60,78,78,43,35,34,44,10,12,2,0.8974358974358975,0.9024064171122994,0.8421052631578947,0.9411764705882353,0.8888888888888888,0.8636363636167356,38,6,2,32
com_erro,mlp,lacuna,80,65,65,72,72,37,35,30,42,11,12,1,0.9444444444444444,0.9428571428571428,0.9333333333333333,0.9333333333333333,0.9333333333333333,0.9523809523582767,40,2,2,28
com_erro,mlp,lacuna,80,70,70,67,67,37,30,30,37,10,10,0,0.9701492537313433,0.9698198198198198,0.9666666666666667,0.9666666666666667,0.9666666666666667,0.9729729729466765,36,1,1,29
com_erro,mlp,lacuna,80,75,75,63,63,35,28,27,36,10,11,1,0.9841269841269841,0.9861111111111112,0.9642857142857143,1.0,0.9818181818181818,0.9722222221952161,35,1,0,27
com_erro,mlp,lacuna,80,80,80,59,59,33,26,24,35,10,10,0,0.9661016949152542,0.9648809523809524,0.9583333333333334,0.9583333333333334,0.9583333333333334,0.9714285714008164,34,1,1,23
com_erro,mlp,lacuna,90,5,5,933,933,534,399,430,503,11,12,1,0.9796355841371919,0.977906976744186,1.0,0.9558139534883721,0.9774078478002378,0.9999999999980119,503,0,19,411
com_erro,mlp,lacuna,90,10,10,467,467,266,201,216,251,11,14,3,0.9721627408993576,0.9711985391766269,0.981042654028436,0.9583333333333334,0.9695550351288056,0.9840637450159998,247,4,9,207
com_erro,mlp,lacuna,90,15,15,311,311,178,133,146,165,10,13,3,0.9742765273311897,0.9733914487339145,0.9859154929577465,0.958904109589041,0.9722222222222222,0.9878787878728008,163,2,6,140
com_erro,mlp,lacuna,90,20,20,234,234,135,99,108,126,11,12,1,0.9700854700854701,0.9682539682539683,0.9902912621359223,0.9444444444444444,0.966824644549763,0.9920634920556185,125,1,6,102
com_erro,mlp,lacuna,90,25,25,187,187,106,81,84,103,10,10,0,0.9893048128342246,0.9880952380952381,1.0,0.9761904761904762,0.9879518072289156,0.9999999999902912,103,0,2,82
com_erro,mlp,lacuna,90,30,30,156,156,88,68,73,83,10,11,1,0.9423076923076923,0.9383561643835616,1.0,0.8767123287671232,0.9343065693430657,0.9999999999879517,83,0,9,64
com_erro,mlp,lacuna,90,35,35,134,134,77,57,61,73,11,13,2,0.9626865671641791,0.9630586121715696,0.9516129032258065,0.9672131147540983,0.959349593495935,0.9589041095759053,70,3,2,59
com_erro,mlp,lacuna,90,40,40,117,117,66,51,56,61,10,10,0,0.9743589743589743,0.9732142857142857,1.0,0.9464285714285714,0.9724770642201835,0.9999999999836067,61,0,3,53
com_erro,mlp,lacuna,90,45,45,104,104,60,44,48,56,10,10,0,0.9903846153846154,0.9895833333333333,1.0,0.9791666666666666,0.9894736842105263,0.999999999982143,56,0,1,47
com_erro,mlp,lacuna,90,50,50,94,94,55,39,42,52,10,10,0,0.9893617021276596,0.9880952380952381,1.0,0.9761904761904762,0.9879518072289156,0.9999999999807693,52,0,1,41
com_erro,mlp,lacuna,90,55,55,85,85,49,36,39,46,10,10,0,0.9764705882352941,0.9763099219620959,0.9743589743589743,0.9743589743589743,0.9743589743589743,0.978260869543951,45,1,1,38
com_erro,mlp,lacuna,90,60,60,78,78,45,33,36,42,10,11,1,0.9358974358974359,0.9365079365079365,0.918918918918919,0.9444444444444444,0.9315068493150684,0.9285714285493198,39,3,2,34
com_erro,mlp,lacuna,90,65,65,72,72,40,32,33,39,10,12,2,0.9166666666666666,0.9137529137529137,0.9354838709677419,0.8787878787878788,0.90625,0.9487179486936227,37,2,4,29
com_erro,mlp,lacuna,90,70,70,67,67,39,28,30,37,10,10,0,0.9701492537313433,0.9666666666666667,1.0,0.9333333333333333,0.9655172413793104,0.9999999999729731,37,0,2,28
com_erro,mlp,lacuna,90,75,75,63,63,38,25,28,35,10,11,1,0.9841269841269841,0.9857142857142858,0.9655172413793104,1.0,0.9824561403508771,0.9714285714008164,34,1,0,28
com_erro,mlp,lacuna,90,80,80,59,59,36,23,27,32,10,10,0,0.9322033898305084,0.9288194444444444,0.96,0.8888888888888888,0.9230769230769231,0.9687499999697267,31,1,3,24
com_erro,mlp,lacuna,90,85,85,55,55,31,24,24,31,10,10,0,0.9818181818181818,0.9838709677419355,0.96,1.0,0.9795918367346939,0.9677419354526535,30,1,0,24
com_erro,mlp,lacuna,90,90,90,52,52,29,23,26,26,10,9,-1,0.9230769230769231,0.9230769230769231,0.9583333333333334,0.8846153846153846,0.92,0.9615384615014793,25,1,3,23
com_erro,mlp,lacuna,100,5,5,931,931,564,367,450,481,11,10,-1,0.966702470461869,0.9655555555555555,1.0,0.9311111111111111,0.9643268124280783,0.999999999997921,481,0,31,419
com_erro,mlp,lacuna,100,10,10,466,466,281,185,226,240,11,15,4,0.9721030042918455,0.9718842182890854,0.9775784753363229,0.9646017699115044,0.9710467706013363,0.9791666666625869,235,5,8,218
com_erro,mlp,lacuna,100,15,15,311,311,187,124,153,158,11,11,0,0.9614147909967846,0.9607843137254901,1.0,0.9215686274509803,0.9591836734693877,0.999999999993671,158,0,12,141
com_erro,mlp,lacuna,100,20,20,233,233,144,89,113,120,10,19,9,0.9313304721030042,0.9325589970501476,0.8943089430894309,0.9734513274336283,0.9322033898305084,0.8916666666592361,107,13,3,110
com_erro,mlp,lacuna,100,25,25,187,187,114,73,90,97,11,11,0,0.9786096256684492,0.9781786941580757,0.9886363636363636,0.9666666666666667,0.9775280898876404,0.9896907216392815,96,1,3,87
com_erro,mlp,lacuna,100,30,30,156,156,93,63,78,78,11,11,0,0.9358974358974359,0.9358974358974359,0.9857142857142858,0.8846153846153846,0.9324324324324325,0.987179487166831,77,1,9,69
com_erro,mlp,lacuna,100,35,35,133,133,80,53,65,68,10,11,1,0.9548872180451128,0.954524886877828,0.9682539682539683,0.9384615384615385,0.953125,0.9705882352798443,66,2,4,61
com_erro,mlp,lacuna,100,40,40,117,117,70,47,56,61,10,12,2,0.9572649572649573,0.9575526932084308,0.9473684210526315,0.9642857142857143,0.9557522123893806,0.9508196721155604,58,3,2,54
com_erro,mlp,lacuna,100,45,45,104,104,62,42,48,56,10,10,0,0.9903846153846154,0.9895833333333333,1.0,0.9791666666666666,0.9894736842105263,0.999999999982143,56,0,1,47
com_erro,mlp,lacuna,100,50,50,94,94,57,37,44,50,11,11,0,0.9680851063829787,0.9672727272727273,0.9767441860465116,0.9545454545454546,0.9655172413793104,0.9799999999804001,49,1,2,42
com_erro,mlp,lacuna,100,55,55,85,85,52,33,42,43,10,11,1,0.9176470588235294,0.9174972314507198,0.926829268292683,0.9047619047619048,0.9156626506024096,0.9302325581179016,40,3,4,38
com_erro,mlp,lacuna,100,60,60,78,78,48,30,38,40,10,11,1,0.9358974358974359,0.9348684210526316,0.9714285714285714,0.8947368421052632,0.9315068493150684,0.974999999975625,39,1,4,34
com_erro,mlp,lacuna,100,65,65,72,72,43,29,36,36,10,12,2,0.8888888888888888,0.8888888888888888,0.9117647058823529,0.8611111111111112,0.8857142857142857,0.9166666666412038,33,3,5,31
com_erro,mlp,lacuna,100,70,70,67,67,42,25,32,35,10,12,2,0.9104477611940298,0.9102678571428571,0.90625,0.90625,0.90625,0.9142857142595919,32,3,3,29
com_erro,mlp,lacuna,100,75,75,63,63,39,24,31,32,11,12,1,0.9206349206349206,0.9203629032258065,0.9333333333333333,0.9032258064516129,0.9180327868852459,0.9374999999707032,30,2,3,28
com_erro,mlp,lacuna,100,80,80,59,59,38,21,27,32,10,11,1,0.9661016949152542,0.9658564814814814,0.9629629629629629,0.9629629629629629,0.9629629629629629,0.9687499999697267,31,1,1,26
com_erro,mlp,lacuna,100,85,85,55,55,33,22,27,28,10,10,0,0.9454545454545454,0.9451058201058201,0.9615384615384616,0.9259259259259259,0.9433962264150944,0.9642857142512755,27,1,2,25
com_erro,mlp,lacuna,100,90,90,52,52,31,21,26,26,10,11,1,0.9615384615384616,0.9615384615384616,0.9615384615384616,0.9615384615384616,0.9615384615384616,0.9615384615014793,25,1,1,25
com_erro,mlp,lacuna,100,95,95,49,49,27,22,22,27,10,11,1,0.9591836734693877,0.9587542087542087,0.9545454545454546,0.9545454545454546,0.9545454545454546,0.9629629629272977,26,1,1,21
com_erro,mlp,lacuna,100,100,100,47,47,29,18,23,24,9,10,1,0.9787234042553191,0.9791666666666667,0.9583333333333334,1.0,0.9787234042553191,0.9583333332934028,23,1,0,23
com_erro,mlp,oscilacao,20,5,5,947,947,404,543,285,662,16,46,30,0.8236536430834214,0.8109238352679281,0.6809815950920245,0.7789473684210526,0.7266775777414075,0.8429003021135304,558,104,63,222
com_erro,mlp,oscilacao,20,10,10,474,474,204,270,143,331,16,32,16,0.8354430379746836,0.7947943295375319,0.7443609022556391,0.6923076923076923,0.717391304347826,0.8972809667646608,297,34,44,99
com_erro,mlp,oscilacao,20,15,15,316,316,130,186,93,223,16,28,12,0.8386075949367089,0.8072954337239018,0.723404255319149,0.7311827956989247,0.7272727272727273,0.8834080717449175,197,26,25,68
com_erro,mlp,oscilacao,20,20,20,237,237,104,133,72,165,16,25,9,0.8143459915611815,0.7414141414141414,0.7692307692307693,0.5555555555555556,0.6451612903225806,0.9272727272671075,153,12,32,40
com_erro,mlp,oscilacao,30,5,5,945,945,446,499,315,630,16,36,20,0.8126984126984127,0.8023809523809524,0.6982758620689655,0.7714285714285715,0.7330316742081447,0.8333333333320107,525,105,72,243
com_erro,mlp,oscilacao,30,10,10,473,473,225,248,158,315,16,35,19,0.7780126849894292,0.7954792043399639,0.6232558139534884,0.8481012658227848,0.7184986595174263,0.7428571428547847,234,81,24,134
com_erro,mlp,oscilacao,30,15,15,315,315,148,167,103,212,16,25,9,0.8317460317460318,0.8350659461439824,0.7016129032258065,0.8446601941747572,0.7665198237885462,0.8254716981093139,175,37,16,87
com_erro,mlp,oscilacao,30,20,20,237,237,112,125,78,159,15,31,16,0.7848101265822784,0.8102322206095791,0.6216216216216216,0.8846153846153846,0.7301587301587301,0.7358490565991457,117,42,9,69
com_erro,mlp,oscilacao,30,25,25,189,189,88,101,61,128,15,24,9,0.8412698412698413,0.8399077868852459,0.7183098591549296,0.8360655737704918,0.7727272727272727,0.8437499999934083,108,20,10,51
com_erro,mlp,oscilacao,30,30,30,158,158,75,83,52,106,15,25,10,0.8227848101265823,0.8140420899854862,0.7068965517241379,0.7884615384615384,0.7454545454545455,0.839622641501513,89,17,11,41
com_erro,mlp,oscilacao,40,5,5,943,943,482,461,345,598,15,42,27,0.7985153764581124,0.7779821627647714,0.7355623100303952,0.7014492753623188,0.7181008902077152,0.8545150501657951,511,87,103,242
com_erro,mlp,oscilacao,40,10,10,472,472,243,229,173,299,14,32,18,0.8008474576271186,0.7685154754770236,0.7724137931034483,0.6473988439306358,0.7044025157232704,0.889632107020436,266,33,61,112
com_erro,mlp,oscilacao,40,15,15,315,315,159,156,113,202,15,31,16,0.7904761904761904,0.7722991325681241,0.7079646017699115,0.7079646017699115,0.7079646017699115,0.8366336633621949,169,33,33,80
com_erro,mlp,oscilacao,40,20,20,236,236,122,114,87,149,14,31,17,0.7033898305084746,0.7435778754917843,0.5611510791366906,0.896551724137931,0.6902654867256637,0.5906040268416738,88,61,9,78
com_erro,mlp,oscilacao,40,25,25,189,189,95,94,67,122,15,26,11,0.783068783068783,0.7646806948862246,0.6911764705882353,0.7014925373134329,0.6962962962962963,0.8278688524522305,101,21,20,47
com_erro,mlp,oscilacao,40,30,30,158,158,82,76,58,100,14,25,11,0.7341772151898734,0.728448275862069,0.6212121212121212,0.7068965517241379,0.6612903225806451,0.7499999999925,75,25,17,41
com_erro,mlp,oscilacao,40,35,35,135,135,70,65,49,86,12,23,11,0.7851851851851852,0.7787138111058376,0.6851851851851852,0.7551020408163265,0.7184466019417476,0.8023255813860194,69,17,12,37
com_erro,mlp,oscilacao,40,40,40,118,118,60,58,43,75,12,23,11,0.7457627118644068,0.7702325581395348,0.6065573770491803,0.8604651162790697,0.7115384615384616,0.6799999999909333,51,24,6,37
com_erro,mlp,oscilacao,50,5,5,941,941,513,428,372,569,14,44,30,0.7619553666312433,0.7812919288697394,0.647410358565737,0.8736559139784946,0.7437070938215103,0.6889279437597734,392,177,47,325
com_erro,mlp,oscilacao,50,10,10,471,471,258,213,186,285,14,31,17,0.772823779193206,0.745048104131296,0.7651006711409396,0.6129032258064516,0.6805970149253732,0.8771929824530625,250,35,72,114
com_erro,mlp,oscilacao,50,15,15,314,314,168,146,122,192,14,31,17,0.7707006369426752,0.7751451502732241,0.6736111111111112,0.7950819672131147,0.7293233082706767,0.7552083333294,145,47,25,97
com_erro,mlp,oscilacao,50,20,20,236,236,129,107,92,144,14,32,18,0.7584745762711864,0.7863828502415459,0.631578947368421,0.9130434782608695,0.7466666666666667,0.6597222222176409,95,49,8,84
com_erro,mlp,oscilacao,50,25,25,189,189,102,87,75,114,13,25,12,0.7936507936507936,0.7947368421052632,0.7142857142857143,0.8,0.7547169811320755,0.7894736842036011,90,24,15,60
com_erro,mlp,oscilacao,50,30,30,157,157,84,73,62,95,12,27,15,0.7707006369426752,0.7629032258064516,0.703125,0.7258064516129032,0.7142857142857143,0.7999999999915789,76,19,17,45
com_erro,mlp,oscilacao,50,35,35,135,135,74,61,52,83,12,27,15,0.6962962962962963,0.7099165894346617,0.5797101449275363,0.7692307692307693,0.6611570247933884,0.6506024096307156,54,29,12,40
com_erro,mlp,oscilacao,50,40,40,118,118,63,55,45,73,11,23,12,0.635593220338983,0.654337899543379,0.515625,0.7333333333333333,0.6055045871559633,0.5753424657455433,42,31,12,33
com_erro,mlp,oscilacao,50,45,45,105,105,55,50,41,64,12,23,11,0.7142857142857143,0.7086509146341464,0.6222222222222222,0.6829268292682927,0.6511627906976745,0.7343749999885254,47,17,13,28
com_erro,mlp,oscilacao,50,50,50,95,95,52,43,38,57,11,21,10,0.7473684210526316,0.75,0.6590909090909091,0.7631578947368421,0.7073170731707317,0.7368421052502309,42,15,9,29
com_erro,mlp,oscilacao,60,5,5,939,939,542,397,398,541,14,46,32,0.7742279020234292,0.7625581697767952,0.7583333333333333,0.6859296482412061,0.7203166226912929,0.8391866913108333,454,87,125,273
com_erro,mlp,oscilacao,60,10,10,470,470,273,197,199,271,14,34,20,0.7531914893617021,0.74058484303436,0.7318435754189944,0.6582914572864321,0.6931216931216931,0.8228782287792514,223,48,68,131
com_erro,mlp,oscilacao,60,15,15,313,313,180,133,131,182,14,32,18,0.7795527156549521,0.7826314906467577,0.7094594594594594,0.8015267175572519,0.7526881720430108,0.7637362637320674,139,43,26,105
com_erro,mlp,oscilacao,60,20,20,235,235,137,98,100,135,12,30,18,0.7319148936170212,0.7433333333333333,0.6456692913385826,0.82,0.7224669603524229,0.6666666666617285,90,45,18,82
com_erro,mlp,oscilacao,60,25,25,188,188,108,80,81,107,11,25,14,0.7925531914893617,0.7907580477673936,0.75,0.7777777777777778,0.7636363636363637,0.8037383177494978,86,21,18,63
com_erro,mlp,oscilacao,60,30,30,157,157,91,66,66,91,12,25,13,0.7643312101910829,0.7738095238095238,0.6790123456790124,0.8333333333333334,0.7482993197278912,0.7142857142778649,65,26,11,55
com_erro,mlp,oscilacao,60,35,35,135,135,80,55,59,76,10,27,17,0.7185185185185186,0.7215655664585192,0.6567164179104478,0.7457627118644068,0.6984126984126984,0.6973684210434556,53,23,15,44
com_erro,mlp,oscilacao,60,40,40,118,118,67,51,51,67,10,26,16,0.6864406779661016,0.6887620719929763,0.6206896551724138,0.7058823529411765,0.6605504587155964,0.6716417910347516,45,22,15,36
com_erro,mlp,oscilacao,60,45,45,105,105,58,47,44,61,12,19,7,0.8,0.7898658718330849,0.7804878048780488,0.7272727272727273,0.7529411764705882,0.852459016379468,52,9,12,32
com_erro,mlp,oscilacao,60,50,50,94,94,55,39,39,55,11,24,13,0.6808510638297872,0.6899766899766899,0.5918367346938775,0.7435897435897436,0.6590909090909091,0.6363636363520662,35,20,10,29
com_erro,mlp,oscilacao,60,55,55,86,86,49,37,34,52,12,20,8,0.7558139534883721,0.752262443438914,0.6756756756756757,0.7352941176470589,0.704225352112676,0.7692307692159763,40,12,9,25
com_erro,mlp,oscilacao,60,60,60,79,79,43,36,36,43,10,18,8,0.6962025316455697,0.6960594315245479,0.6578947368421053,0.6944444444444444,0.6756756756756757,0.6976744185884263,30,13,11,25
com_erro,mlp,oscilacao,70,5,5,937,937,570,367,423,514,11,38,27,0.7353255069370331,0.7508025866747615,0.6470588235294118,0.9101654846335697,0.756385068762279,0.5914396887148027,304,210,38,385
com_erro,mlp,oscilacao,70,10,10,469,469,287,182,212,257,11,41,30,0.7547974413646056,0.7518996402613611,0.7320574162679426,0.7216981132075472,0.7268408551068883,0.782101167312132,201,56,59,153
com_erro,mlp,oscilacao,70,15,15,313,313,188,125,140,173,11,26,15,0.792332268370607,0.7882947976878613,0.7777777777777778,0.75,0.7636363636363637,0.8265895953709447,143,30,35,105
com_erro,mlp,oscilacao,70,20,20,235,235,144,91,105,130,11,27,16,0.7617021276595745,0.7525641025641026,0.7692307692307693,0.6666666666666666,0.7142857142857143,0.8384615384550889,109,21,35,70
com_erro,mlp,oscilacao,70,25,25,188,188,111,77,85,103,11,21,10,0.8138297872340425,0.8095374071958881,0.8125,0.7647058823529411,0.7878787878787878,0.8543689320305401,88,15,20,65
com_erro,mlp,oscilacao,70,30,30,157,157,96,61,71,86,11,28,17,0.7070063694267515,0.7141336390435638,0.6436781609195402,0.7887323943661971,0.7088607594936709,0.6395348837134938,55,31,15,56
com_erro,mlp,oscilacao,70,35,35,134,134,81,53,61,73,10,26,16,0.7388059701492538,0.7387154727150236,0.703125,0.7377049180327869,0.72,0.739726027387127,54,19,16,45
com_erro,mlp,oscilacao,70,40,40,118,118,71,47,54,64,10,23,13,0.7372881355932204,0.7346643518518519,0.7169811320754716,0.7037037037037037,0.7102803738317757,0.765624999988037,49,15,16,38
com_erro,mlp,oscilacao,70,45,45,105,105,62,43,47,58,10,17,7,0.7523809523809524,0.7556859867938371,0.6981132075471698,0.7872340425531915,0.74,0.7241379310219976,42,16,10,37
com_erro,mlp,oscilacao,70,50,50,94,94,58,36,42,52,11,18,7,0.7127659574468085,0.7129120879120879,0.6666666666666666,0.7142857142857143,0.6896551724137931,0.7115384615247782,37,15,12,30
com_erro,mlp,oscilacao,70,55,55,86,86,50,36,38,48,11,20,9,0.6976744186046512,0.6935307017543859,0.6578947368421053,0.6578947368421053,0.6578947368421053,0.7291666666514758,35,13,13,25
com_erro,mlp,oscilacao,70,60,60,79,79,47,32,38,41,10,17,7,0.6962025316455697,0.6986521181001284,0.6590909090909091,0.7631578947368421,0.7073170731707317,0.6341463414479477,26,15,9,29
com_erro,mlp,oscilacao,70,65,65,73,73,41,32,35,38,10,16,6,0.6164383561643836,0.6169172932330826,0.5945945945945946,0.6285714285714286,0.6111111111111112,0.6052631578788089,23,15,13,22
com_erro,mlp,oscilacao,70,70,70,67,67,42,25,31,36,10,16,6,0.6417910447761194,0.6487455197132617,0.5897435897435898,0.7419354838709677,0.6571428571428571,0.5555555555401235,20,16,8,23
com_erro,mlp,oscilacao,80,5,5,935,935,594,341,441,494,11,44,33,0.7764705882352941,0.7783653272375077,0.7396694214876033,0.8117913832199547,0.774054054054054,0.7449392712535527,368,126,83,358
com_erro,mlp,oscilacao,80,10,10,468,468,299,169,221,247,11,34,23,0.7350427350427351,0.7416051440819242,0.6713780918727915,0.8597285067873304,0.753968253968254,0.623481781373994,154,93,31,190
com_erro,mlp,oscilacao,80,15,15,312,312,196,116,146,166,11,30,19,0.7467948717948718,0.75420861528305,0.679144385026738,0.8698630136986302,0.7627627627627628,0.6385542168636232,106,60,19,127
com_erro,mlp,oscilacao,80,20,20,234,234,149,85,111,123,10,28,18,0.7307692307692307,0.7329158426719402,0.6935483870967742,0.7747747747747747,0.7319148936170212,0.6910569105634873,85,38,25,86
com_erro,mlp,oscilacao,80,25,25,187,187,117,70,87,100,11,23,12,0.8181818181818182,0.8158045977011494,0.8192771084337349,0.7816091954022989,0.8,0.8499999999915,85,15,19,68
com_erro,mlp,oscilacao,80,30,30,156,156,98,58,74,82,11,26,15,0.7051282051282052,0.7096242584047462,0.6555555555555556,0.7972972972972973,0.7195121951219512,0.6219512195046103,51,31,15,59
com_erro,mlp,oscilacao,80,35,35,134,134,86,48,61,73,10,19,9,0.6268656716417911,0.6427127779025377,0.5617977528089888,0.819672131147541,0.6666666666666666,0.46575342465115405,34,39,11,50
com_erro,mlp,oscilacao,80,40,40,117,117,73,44,55,62,10,20,10,0.7606837606837606,0.7649560117302052,0.7076923076923077,0.8363636363636363,0.7666666666666667,0.693548387085588,43,19,9,46
com_erro,mlp,oscilacao,80,45,45,104,104,66,38,51,53,10,18,8,0.75,0.7513873473917869,0.711864406779661,0.8235294117647058,0.7636363636363637,0.679245283006052,36,17,9,42
com_erro,mlp,oscilacao,80,50,50,94,94,60,34,45,49,11,17,6,0.776595744680851,0.7757369614512472,0.7727272727272727,0.7555555555555555,0.7640449438202247,0.7959183673306957,39,10,11,34
com_erro,mlp,oscilacao,80,55,55,85,85,54,31,39,46,11,20,9,0.7529411764705882,0.7522296544035675,0.725,0.7435897435897436,0.7341772151898734,0.7608695652008507,35,11,10,29
com_erro,mlp,oscilacao,80,60,60,78,78,48,30,39,39,10,21,11,0.7051282051282052,0.7051282051282051,0.6904761904761905,0.7435897435897436,0.7160493827160493,0.6666666666495727,26,13,10,29
com_erro,mlp,oscilacao,80,65,65,72,72,44,28,34,38,10,11,1,0.5694444444444444,0.5781733746130031,0.5319148936170213,0.7352941176470589,0.6172839506172839,0.4210526315678671,16,22,9,25
com_erro,mlp,oscilacao,80,70,70,67,67,45,22,31,36,10,18,8,0.7014925373134329,0.7043010752688172,0.6571428571428571,0.7419354838709677,0.696969696969697,0.6666666666481482,24,12,8,23
com_erro,mlp,oscilacao,80,75,75,63,63,38,25,29,34,11,18,7,0.746031746031746,0.7469574036511156,0.7096774193548387,0.7586206896551724,0.7333333333333333,0.7352941176254326,25,9,7,22
com_erro,mlp,oscilacao,80,80,80,59,59,36,23,29,30,10,15,5,0.6779661016949152,0.6793103448275861,0.6470588235294118,0.7586206896551724,0.6984126984126984,0.59999999998,18,12,7,22
com_erro,mlp,oscilacao,90,5,5,933,933,617,316,458,475,10,55,45,0.7588424437299035,0.7572581015858424,0.8057742782152231,0.6703056768558951,0.7318235995232419,0.8442105263140122,401,74,151,307
com_erro,mlp,oscilacao,90,10,10,467,467,310,157,230,237,10,30,20,0.6445396145610278,0.6489543203082003,0.5864864864864865,0.9434782608695652,0.7233333333333334,0.35443037974534,84,153,13,217
com_erro,mlp,oscilacao,90,15,15,311,311,206,105,153,158,10,28,18,0.752411575562701,0.753536857781087,0.7159090909090909,0.8235294117647058,0.7659574468085106,0.6835443037931421,108,50,27,126
com_erro,mlp,oscilacao,90,20,20,234,234,155,79,114,120,10,22,12,0.7863247863247863,0.7857456140350878,0.7909090909090909,0.7631578947368421,0.7767857142857143,0.8083333333265972,97,23,27,87
com_erro,mlp,oscilacao,90,25,25,187,187,121,66,91,96,10,24,14,0.786096256684492,0.7859432234432234,0.7802197802197802,0.7802197802197802,0.7802197802197802,0.7916666666584201,76,20,20,71
com_erro,mlp,oscilacao,90,30,30,156,156,103,53,77,79,10,22,12,0.7948717948717948,0.7951668584579977,0.7777777777777778,0.8181818181818182,0.7974683544303798,0.7721518987244032,61,18,14,63
com_erro,mlp,oscilacao,90,35,35,134,134,91,43,65,69,10,21,11,0.746268656716418,0.7487179487179487,0.7012987012987013,0.8307692307692308,0.7605633802816901,0.6666666666570048,46,23,11,54
com_erro,mlp,oscilacao,90,40,40,117,117,76,41,56,61,10,22,12,0.6410256410256411,0.6469555035128806,0.5945945945945946,0.7857142857142857,0.676923076923077,0.5081967213031443,31,30,12,44
com_erro,mlp,oscilacao,90,45,45,104,104,67,37,53,51,10,15,5,0.7307692307692307,0.731779504254532,0.7659574468085106,0.6792452830188679,0.72,0.7843137254748175,40,11,17,36
com_erro,mlp,oscilacao,90,50,50,94,94,62,32,47,47,10,17,7,0.7553191489361702,0.7553191489361702,0.74,0.7872340425531915,0.7628865979381443,0.7234042553037574,34,13,10,37
com_erro,mlp,oscilacao,90,55,55,85,85,55,30,41,44,10,13,3,0.8235294117647058,0.8228935698447895,0.825,0.8048780487804879,0.8148148148148148,0.8409090908899794,37,7,8,33
com_erro,mlp,oscilacao,90,60,60,78,78,50,28,39,39,10,16,6,0.7307692307692307,0.7307692307692308,0.725,0.7435897435897436,0.7341772151898734,0.7179487179303091,28,11,10,29
com_erro,mlp,oscilacao,90,65,65,72,72,46,26,37,35,10,14,4,0.7916666666666666,0.7918918918918919,0.8055555555555556,0.7837837837837838,0.7945205479452054,0.7999999999771429,28,7,8,29
com_erro,mlp,oscilacao,90,70,70,67,67,47,20,33,34,10,17,7,0.6865671641791045,0.6876114081996435,0.6578947368421053,0.7575757575757576,0.704225352112676,0.6176470588053634,21,13,8,25
com_erro,mlp,oscilacao,90,75,75,63,63,40,23,31,32,10,17,7,0.6984126984126984,0.6985887096774194,0.6875,0.7096774193548387,0.6984126984126984,0.6874999999785157,22,10,9,22
com_erro,mlp,oscilacao,90,80,80,59,59,38,21,30,29,10,16,6,0.6610169491525424,0.6591954022988507,0.6388888888888888,0.7666666666666667,0.696969696969697,0.5517241379120095,16,13,7,23
com_erro,mlp,oscilacao,90,85,85,55,55,37,18,26,29,10,14,4,0.7272727272727273,0.73342175066313,0.6666666666666666,0.8461538461538461,0.7457627118644068,0.6206896551510107,18,11,4,22
com_erro,mlp,oscilacao,90,90,90,52,52,32,20,26,26,10,15,5,0.7115384615384616,0.7115384615384616,0.7391304347826086,0.6538461538461539,0.6938775510204082,0.7692307692011834,20,6,9,17
com_erro,mlp,oscilacao,100,5,5,931,931,639,292,474,457,10,41,31,0.7808807733619764,0.7813570432743355,0.8026905829596412,0.7552742616033755,0.7782608695652173,0.8074398249435286,369,88,116,358
com_erro,mlp,oscilacao,100,10,10,466,466,321,145,238,228,10,33,23,0.6888412017167382,0.6836761020197553,0.6340057636887608,0.9243697478991597,0.7521367521367521,0.442982456138408,101,127,18,220
com_erro,mlp,oscilacao,100,15,15,311,311,211,100,157,154,10,22,12,0.797427652733119,0.7975018611961288,0.8051948051948052,0.7898089171974523,0.797427652733119,0.8051948051895768,124,30,33,124
com_erro,mlp,oscilacao,100,20,20,233,233,160,73,119,114,10,25,15,0.7467811158798283,0.7454666076957099,0.7272727272727273,0.8067226890756303,0.7649402390438247,0.6842105263097876,78,36,23,96
com_erro,mlp,oscilacao,100,25,25,187,187,127,60,96,91,10,21,11,0.8074866310160428,0.8070627289377289,0.8061224489795918,0.8229166666666666,0.8144329896907216,0.7912087912000966,72,19,17,79
com_erro,mlp,oscilacao,100,30,30,156,156,107,49,80,76,10,20,10,0.7948717948717948,0.7921052631578948,0.75,0.9,0.8181818181818182,0.6842105263067867,52,24,8,72
com_erro,mlp,oscilacao,100,35,35,133,133,92,41,67,66,10,19,9,0.7443609022556391,0.7438941655359566,0.72,0.8059701492537313,0.7605633802816901,0.6818181818078513,45,21,13,54
com_erro,mlp,oscilacao,100,40,40,117,117,79,38,60,57,10,18,8,0.7350427350427351,0.7359649122807017,0.7636363636363637,0.7,0.7304347826086957,0.771929824547861,44,13,18,42
com_erro,mlp,oscilacao,100,45,45,104,104,69,35,54,50,10,18,8,0.7596153846153846,0.7581481481481481,0.7543859649122807,0.7962962962962963,0.7747747747747747,0.7199999999856,36,14,11,43
com_erro,mlp,oscilacao,100,50,50,94,94,65,29,48,46,10,18,8,0.6702127659574468,0.6680253623188406,0.6491228070175439,0.7708333333333334,0.7047619047619048,0.5652173912920605,26,20,11,37
com_erro,mlp,oscilacao,100,55,55,85,85,57,28,44,41,10,16,6,0.7647058823529411,0.7610864745011087,0.7307692307692307,0.8636363636363636,0.7916666666666666,0.6585365853497919,27,14,6,38
com_erro,mlp,oscilacao,100,60,60,78,78,51,27,41,37,10,15,5,0.6794871794871795,0.6819380355965722,0.7222222222222222,0.6341463414634146,0.6753246753246753,0.7297297297100074,27,10,15,26
com_erro,mlp,oscilacao,100,65,65,72,72,48,24,37,35,10,15,5,0.7222222222222222,0.7235521235521236,0.7575757575757576,0.6756756756756757,0.7142857142857143,0.7714285714065306,27,8,12,25
com_erro,mlp,oscilacao,100,70,70,67,67,48,19,35,32,10,12,2,0.7910447761194029,0.7866071428571428,0.7560975609756098,0.8857142857142857,0.8157894736842105,0.6874999999785157,22,10,4,31
com_erro,mlp,oscilacao,100,75,75,63,63,41,22,32,31,10,13,3,0.8412698412698413,0.8412298387096775,0.84375,0.84375,0.84375,0.8387096773922997,26,5,5,27
com_erro,mlp,oscilacao,100,80,80,59,59,40,19,31,28,10,14,4,0.7288135593220338,0.728110599078341,0.7419354838709677,0.7419354838709677,0.7419354838709677,0.714285714260204,20,8,8,23
com_erro,mlp,oscilacao,100,85,85,55,55,38,17,27,28,10,13,3,0.6545454545454545,0.6567460317460317,0.6176470588235294,0.7777777777777778,0.6885245901639344,0.5357142856951531,15,13,6,21
com_erro,mlp,oscilacao,100,90,90,52,52,34,18,27,25,10,11,1,0.6730769230769231,0.6674074074074074,0.6470588235294118,0.8148148148148148,0.7213114754098361,0.5199999999792,13,12,5,22
com_erro,mlp,oscilacao,100,95,95,49,49,35,14,25,24,10,13,3,0.6938775510204082,0.6908333333333333,0.65625,0.84,0.7368421052631579,0.5416666666440972,13,11,4,21
com_erro,mlp,oscilacao,100,100,100,47,47,34,13,24,23,10,12,2,0.6808510638297872,0.677536231884058,0.6451612903225806,0.8333333333333334,0.7272727272727273,0.5217391304120983,12,11,4,20
com_erro,mlp,queda,20,5,5,947,947,212,735,193,754,20,51,31,0.8426610348468849,0.667960858152032,0.72,0.37305699481865284,0.49146757679180886,0.9628647214841342,726,28,121,72
com_erro,mlp,queda,20,10,10,474,474,106,368,96,378,20,19,-1,0.8396624472573839,0.6158234126984127,0.8846153846153846,0.23958333333333334,0.3770491803278688,0.9920634920608676,375,3,73,23
com_erro,mlp,queda,20,15,15,316,316,69,247,65,251,19,9,-10,0.810126582278481,0.549862090101134,0.7777777777777778,0.1076923076923077,0.1891891891891892,0.9920318725060079,249,2,58,7
com_erro,mlp,queda,20,20,20,237,237,54,183,48,189,18,3,-15,0.8016877637130801,0.5181878306878307,0.6666666666666666,0.041666666666666664,0.0784313725490196,0.9947089947037318,188,1,46,2
com_erro,mlp,queda,30,5,5,945,945,251,694,231,714,18,76,58,0.7777777777777778,0.712375859434683,0.5421686746987951,0.5844155844155844,0.5625,0.8403361344526046,600,114,96,135
com_erro,mlp,queda,30,10,10,473,473,125,348,115,358,18,24,6,0.7991543340380549,0.6223706582462959,0.7272727272727273,0.2782608695652174,0.4025157232704403,0.9664804469246747,346,12,83,32
com_erro,mlp,queda,30,15,15,315,315,81,234,76,239,16,14,-2,0.7682539682539683,0.5466582250605594,0.6,0.11842105263157894,0.1978021978021978,0.9748953974854607,233,6,67,9
com_erro,mlp,queda,30,20,20,237,237,63,174,58,179,18,15,-3,0.7679324894514767,0.5666538239260258,0.5882352941176471,0.1724137931034483,0.26666666666666666,0.9608938547432353,172,7,48,10
com_erro,mlp,queda,30,25,25,189,189,51,138,44,145,16,30,14,0.7883597883597884,0.6879310344827586,0.55,0.5,0.5238095238095238,0.8758620689594768,127,18,22,22
com_erro,mlp,queda,30,30,30,158,158,37,121,38,120,16,21,5,0.8227848101265823,0.7035087719298245,0.6923076923076923,0.47368421052631576,0.5625,0.9333333333255556,112,8,20,18
com_erro,mlp,queda,40,5,5,943,943,288,655,264,679,17,28,11,0.7529162248144221,0.5772331191145624,0.746031746031746,0.17803030303030304,0.2874617737003058,0.9764359351973838,663,16,217,47
com_erro,mlp,queda,40,10,10,472,472,144,328,132,340,17,53,36,0.7478813559322034,0.6790106951871657,0.552,0.5227272727272727,0.5369649805447471,0.8352941176446022,284,56,63,69
com_erro,mlp,queda,40,15,15,315,315,95,220,87,228,17,47,30,0.707936507936508,0.6454174228675136,0.4731182795698925,0.5057471264367817,0.4888888888888889,0.7850877192948023,179,49,43,44
com_erro,mlp,queda,40,20,20,236,236,73,163,66,170,16,36,20,0.6652542372881356,0.6610516934046345,0.43434343434343436,0.6515151515151515,0.5212121212121212,0.6705882352901731,114,56,23,43
com_erro,mlp,queda,40,25,25,189,189,58,131,55,134,15,30,15,0.746031746031746,0.6708276797829037,0.574468085106383,0.4909090909090909,0.5294117647058824,0.8507462686503676,114,20,28,27
com_erro,mlp,queda,40,30,30,158,158,49,109,45,113,17,26,9,0.7151898734177216,0.6270403146509341,0.5,0.4222222222222222,0.4578313253012048,0.8318584070722844,94,19,26,19
com_erro,mlp,queda,40,35,35,135,135,42,93,36,99,15,19,4,0.7703703703703704,0.6666666666666666,0.5925925925925926,0.4444444444444444,0.5079365079365079,0.8888888888799101,88,11,20,16
com_erro,mlp,queda,40,40,40,118,118,38,80,32,86,15,19,4,0.7966101694915254,0.732921511627907,0.6333333333333333,0.59375,0.6129032258064516,0.8720930232456733,75,11,13,19
com_erro,mlp,queda,50,5,5,941,941,324,617,296,645,17,86,69,0.691817215727949,0.6728263146867798,0.5082872928176796,0.6216216216216216,0.5592705167173252,0.7240310077508154,467,178,112,184
com_erro,mlp,queda,50,10,10,471,471,162,309,148,323,17,48,31,0.692144373673036,0.6053154547736591,0.514018691588785,0.3716216216216216,0.43137254901960786,0.839009287923099,271,52,93,55
com_erro,mlp,queda,50,15,15,314,314,106,208,100,214,15,36,21,0.5987261146496815,0.6283644859813085,0.4226190476190476,0.71,0.5298507462686567,0.5467289719600621,117,97,29,71
com_erro,mlp,queda,50,20,20,236,236,82,154,75,161,16,36,20,0.6652542372881356,0.5908488612836439,0.46774193548387094,0.38666666666666666,0.4233576642335766,0.7950310558956831,128,33,46,29
com_erro,mlp,queda,50,25,25,189,189,64,125,59,130,16,34,18,0.6878306878306878,0.648109517601043,0.5,0.5423728813559322,0.5203252032520326,0.7538461538403551,98,32,27,32
com_erro,mlp,queda,50,30,30,157,157,53,104,50,107,15,26,11,0.6305732484076433,0.5531775700934579,0.40476190476190477,0.34,0.3695652173913043,0.7663551401797537,82,25,33,17
com_erro,mlp,queda,50,35,35,135,135,46,89,41,94,15,22,7,0.7481481481481481,0.6885054488842761,0.5945945945945946,0.5365853658536586,0.5641025641025641,0.8404255319059529,79,15,19,22
com_erro,mlp,queda,50,40,40,118,118,43,75,34,84,15,21,6,0.711864406779661,0.6488095238095238,0.5,0.5,0.5,0.7976190476095522,67,17,17,17
com_erro,mlp,queda,50,45,45,105,105,37,68,33,72,15,20,5,0.6190476190476191,0.5416666666666666,0.3793103448275862,0.3333333333333333,0.3548387096774194,0.7499999999895833,54,18,22,11
com_erro,mlp,queda,50,50,50,95,95,34,61,31,64,16,18,2,0.6947368421052632,0.6486895161290323,0.5333333333333333,0.5161290322580645,0.5245901639344263,0.7812499999877929,50,14,15,16
com_erro,mlp,queda,60,5,5,939,939,358,581,327,612,16,65,49,0.6432374866879659,0.597424596750015,0.4866666666666667,0.44648318042813456,0.46570972886762363,0.7483660130706726,458,154,181,146
com_erro,mlp,queda,60,10,10,470,470,179,291,164,306,16,44,28,0.5191489361702127,0.5246094372708433,0.37083333333333335,0.5426829268292683,0.4405940594059406,0.5065359477107629,155,151,75,89
com_erro,mlp,queda,60,15,15,313,313,118,195,107,206,15,25,10,0.6293929712460063,0.527561019871155,0.41509433962264153,0.205607476635514,0.275,0.8495145631026723,175,31,85,22
com_erro,mlp,queda,60,20,20,235,235,90,145,82,153,15,30,15,0.5787234042553191,0.48688825123545354,0.3191489361702128,0.18292682926829268,0.23255813953488372,0.7908496731974455,121,32,67,15
com_erro,mlp,queda,60,25,25,188,188,72,116,63,125,15,27,12,0.6542553191489362,0.6179682539682539,0.48484848484848486,0.5079365079365079,0.49612403100775193,0.727999999994176,91,34,31,32
com_erro,mlp,queda,60,30,30,157,157,56,101,54,103,14,23,9,0.6878980891719745,0.6740381157856886,0.5396825396825397,0.6296296296296297,0.5811965811965812,0.7184466019347724,74,29,20,34
com_erro,mlp,queda,60,35,35,135,135,52,83,47,88,15,18,3,0.562962962962963,0.4516441005802708,0.2,0.0851063829787234,0.11940298507462686,0.8181818181725207,72,16,43,4
com_erro,mlp,queda,60,40,40,118,118,45,73,40,78,13,23,10,0.6440677966101694,0.5907051282051282,0.4722222222222222,0.425,0.4473684210526316,0.7564102564005588,59,19,23,17
com_erro,mlp,queda,60,45,45,105,105,41,64,36,69,13,10,-3,0.6190476190476191,0.5042270531400966,0.35714285714285715,0.1388888888888889,0.2,0.869565217378702,60,9,31,5
com_erro,mlp,queda,60,50,50,94,94,37,57,31,63,15,18,3,0.6595744680851063,0.631336405529954,0.4857142857142857,0.5483870967741935,0.5151515151515151,0.7142857142743765,45,18,14,17
com_erro,mlp,queda,60,55,55,86,86,31,55,27,59,13,24,11,0.6395348837209303,0.6167608286252354,0.4411764705882353,0.5555555555555556,0.4918032786885246,0.6779661016834243,40,19,12,15
com_erro,mlp,queda,60,60,60,79,79,28,51,29,50,13,16,3,0.6455696202531646,0.6113793103448276,0.5185185185185185,0.4827586206896552,0.5,0.7399999999852,37,13,15,14
com_erro,mlp,queda,70,5,5,937,937,388,549,357,580,16,66,50,0.6104589114194237,0.5663382594417077,0.4857142857142857,0.38095238095238093,0.42700156985871274,0.7517241379297385,436,144,221,136
com_erro,mlp,queda,70,10,10,469,469,194,275,179,290,16,50,34,0.5842217484008528,0.5568772876131767,0.4540229885057471,0.441340782122905,0.4475920679886686,0.6724137931011296,195,95,100,79
com_erro,mlp,queda,70,15,15,313,313,128,185,118,195,16,33,17,0.610223642172524,0.5416123424598001,0.4696969696969697,0.2627118644067797,0.33695652173913043,0.8205128205086129,160,35,87,31
com_erro,mlp,queda,70,20,20,235,235,98,137,90,145,15,34,19,0.574468085106383,0.5371647509578543,0.4358974358974359,0.37777777777777777,0.40476190476190477,0.6965517241331273,101,44,56,34
com_erro,mlp,queda,70,25,25,188,188,77,111,72,116,14,27,13,0.5638297872340425,0.5490900383141762,0.4375,0.4861111111111111,0.4605263157894737,0.6120689655119649,71,45,37,35
com_erro,mlp,queda,70,30,30,157,157,66,91,61,96,13,25,12,0.554140127388535,0.5278346994535519,0.423728813559322,0.4098360655737705,0.4166666666666667,0.6458333333266059,62,34,36,25
com_erro,mlp,queda,70,35,35,134,134,55,79,50,84,13,28,15,0.6268656716417911,0.6133333333333333,0.5,0.56,0.5283018867924528,0.6666666666587301,56,28,22,28
com_erro,mlp,queda,70,40,40,118,118,48,70,46,72,13,24,11,0.5847457627118644,0.5615942028985507,0.4666666666666667,0.45652173913043476,0.46153846153846156,0.6666666666574074,48,24,25,21
com_erro,mlp,queda,70,45,45,105,105,44,61,38,67,14,16,2,0.6285714285714286,0.634917517674784,0.49019607843137253,0.6578947368421053,0.5617977528089888,0.6119402984983292,41,26,13,25
com_erro,mlp,queda,70,50,50,94,94,38,56,37,57,14,16,2,0.5212765957446809,0.5293978188715031,0.42,0.5675675675675675,0.4827586206896552,0.4912280701668206,28,29,16,21
com_erro,mlp,queda,70,55,55,86,86,33,53,30,56,13,19,6,0.686046511627907,0.6660714285714285,0.5454545454545454,0.6,0.5714285714285714,0.7321428571297832,41,15,12,18
com_erro,mlp,queda,70,60,60,79,79,33,46,32,47,13,21,8,0.569620253164557,0.5535239361702128,0.46875,0.46875,0.46875,0.6382978723268448,30,17,17,15
com_erro,mlp,queda,70,65,65,73,73,32,41,26,47,15,18,3,0.589041095890411,0.5519639934533551,0.4230769230769231,0.4230769230769231,0.4230769230769231,0.6808510638153011,32,15,15,11
com_erro,mlp,queda,70,70,70,67,67,28,39,26,41,12,14,2,0.7014925373134329,0.6787054409005628,0.625,0.5769230769230769,0.6,0.7804878048590126,32,9,11,15
com_erro,mlp,queda,80,5,5,935,935,418,517,387,548,15,58,43,0.5786096256684492,0.5558644070993417,0.48955223880597015,0.42377260981912146,0.45429362880886426,0.6879562043783066,377,171,223,164
com_erro,mlp,queda,80,10,10,468,468,209,259,194,274,14,37,23,0.4829059829059829,0.5094815260741967,0.4215686274509804,0.6649484536082474,0.516,0.354014598538854,97,177,65,129
com_erro,mlp,queda,80,15,15,312,312,137,175,130,182,13,37,24,0.5384615384615384,0.5373626373626373,0.45394736842105265,0.5307692307692308,0.48936170212765956,0.5439560439530552,99,83,61,69
com_erro,mlp,queda,80,20,20,234,234,105,129,97,137,12,34,22,0.5811965811965812,0.5324704642937768,0.4897959183673469,0.24742268041237114,0.3287671232876712,0.8175182481692153,112,25,73,24
com_erro,mlp,queda,80,25,25,187,187,85,102,75,112,13,30,17,0.5294117647058824,0.5278571428571428,0.42857142857142855,0.52,0.46987951807228917,0.5357142857095025,60,52,36,39
com_erro,mlp,queda,80,30,30,156,156,69,87,65,91,12,25,13,0.5961538461538461,0.5791208791208792,0.5166666666666667,0.47692307692307695,0.496,0.6813186813111942,62,29,34,31
com_erro,mlp,queda,80,35,35,134,134,59,75,54,80,13,24,11,0.5671641791044776,0.5592592592592592,0.4666666666666667,0.5185185185185185,0.49122807017543857,0.5999999999925,48,32,26,28
com_erro,mlp,queda,80,40,40,117,117,54,63,47,70,12,24,12,0.5042735042735043,0.5053191489361701,0.4067796610169492,0.5106382978723404,0.4528301886792453,0.4999999999928571,35,35,23,24
com_erro,mlp,queda,80,45,45,104,104,44,60,46,58,12,20,8,0.5480769230769231,0.5543478260869565,0.49122807017543857,0.6086956521739131,0.5436893203883495,0.49999999999137934,29,29,18,28
com_erro,mlp,queda,80,50,50,94,94,42,52,39,55,13,20,7,0.574468085106383,0.5729603729603729,0.4888888888888889,0.5641025641025641,0.5238095238095238,0.5818181818076034,32,23,17,22
com_erro,mlp,queda,80,55,55,85,85,37,48,34,51,13,21,8,0.6470588235294118,0.642156862745098,0.5526315789473685,0.6176470588235294,0.5833333333333334,0.6666666666535949,34,17,13,21
com_erro,mlp,queda,80,60,60,78,78,34,44,32,46,12,19,7,0.5512820512820513,0.5434782608695652,0.45714285714285713,0.5,0.47761194029850745,0.5869565217263706,27,19,16,16
com_erro,mlp,queda,80,65,65,72,72,35,37,27,45,13,16,3,0.5555555555555556,0.5407407407407407,0.41935483870967744,0.48148148148148145,0.4482758620689655,0.5999999999866668,27,18,14,13
com_erro,mlp,queda,80,70,70,67,67,29,38,28,39,12,5,-7,0.5970149253731343,0.5279304029304029,0.6,0.10714285714285714,0.18181818181818182,0.9487179486936227,37,2,25,3
com_erro,mlp,queda,80,75,75,63,63,25,38,26,37,12,19,7,0.6507936507936508,0.6340956340956341,0.5833333333333334,0.5384615384615384,0.56,0.7297297297100074,27,10,12,14
com_erro,mlp,queda,80,80,80,59,59,26,33,24,35,11,15,4,0.559322033898305,0.5369047619047619,0.45454545454545453,0.4166666666666667,0.43478260869565216,0.6571428571240817,23,12,14,10
com_erro,mlp,queda,90,5,5,933,933,447,486,414,519,14,64,50,0.48767416934619506,0.49698416687609953,0.4411764705882353,0.5797101449275363,0.5010438413361169,0.4142581888238646,215,304,174,240
com_erro,mlp,queda,90,10,10,467,467,224,243,207,260,13,38,25,0.4732334047109208,0.4949182460052025,0.43962848297213625,0.6859903381642513,0.5358490566037736,0.3038461538449852,79,181,65,142
com_erro,mlp,queda,90,15,15,311,311,148,163,136,175,12,50,38,0.5466237942122186,0.5373319327731092,0.48091603053435117,0.4632352941176471,0.47191011235955055,0.6114285714250776,107,68,73,63
com_erro,mlp,queda,90,20,20,234,234,113,121,104,130,13,30,17,0.4829059829059829,0.49903846153846154,0.44370860927152317,0.6442307692307693,0.5254901960784314,0.353846153843432,46,84,37,67
com_erro,mlp,queda,90,25,25,187,187,90,97,84,103,12,26,14,0.5989304812834224,0.5963938973647711,0.5517241379310345,0.5714285714285714,0.5614035087719298,0.6213592232949382,64,39,36,48
com_erro,mlp,queda,90,30,30,156,156,71,85,68,88,12,26,14,0.5641025641025641,0.5601604278074866,0.5,0.5294117647058824,0.5142857142857142,0.590909090902376,52,36,32,36
com_erro,mlp,queda,90,35,35,134,134,62,72,58,76,12,22,10,0.6567164179104478,0.654491833030853,0.5967741935483871,0.6379310344827587,0.6166666666666667,0.6710526315701177,51,25,21,37
com_erro,mlp,queda,90,40,40,117,117,59,58,49,68,12,21,9,0.5555555555555556,0.5577731092436975,0.4745762711864407,0.5714285714285714,0.5185185185185185,0.5441176470508218,37,31,21,28
com_erro,mlp,queda,90,45,45,104,104,50,54,46,58,12,21,9,0.5865384615384616,0.5843328335832083,0.5306122448979592,0.5652173913043478,0.5473684210526316,0.6034482758516647,35,23,20,26
com_erro,mlp,queda,90,50,50,94,94,45,49,43,51,12,15,3,0.5425531914893617,0.5364797081623347,0.5,0.46511627906976744,0.4819277108433735,0.6078431372429836,31,20,23,20
com_erro,mlp,queda,90,55,55,85,85,41,44,36,49,13,20,7,0.5294117647058824,0.5476190476190476,0.46153846153846156,0.6666666666666666,0.5454545454545454,0.42857142856268227,21,28,12,24
com_erro,mlp,queda,90,60,60,78,78,35,43,33,45,12,18,6,0.5512820512820513,0.5424242424242425,0.47058823529411764,0.48484848484848486,0.47761194029850745,0.5999999999866668,27,18,17,16
com_erro,mlp,queda,90,65,65,72,72,35,37,28,44,12,17,5,0.5277777777777778,0.5097402597402597,0.4,0.42857142857142855,0.41379310344827586,0.5909090908956612,26,18,16,12
com_erro,mlp,queda,90,70,70,67,67,29,38,28,39,12,13,1,0.582089552238806,0.5604395604395604,0.5,0.42857142857142855,0.46153846153846156,0.6923076922899409,27,12,16,12
com_erro,mlp,queda,90,75,75,63,63,28,35,28,35,12,13,1,0.6190476190476191,0.6142857142857143,0.5714285714285714,0.5714285714285714,0.5714285714285714,0.6571428571240817,23,12,12,16
com_erro,mlp,queda,90,80,80,59,59,28,31,26,33,11,14,3,0.5423728813559322,0.5378787878787878,0.48148148148148145,0.5,0.49056603773584906,0.5757575757401286,19,14,13,13
com_erro,mlp,queda,90,85,85,55,55,25,30,23,32,12,10,-2,0.5454545454545454,0.5604619565217391,0.46875,0.6521739130434783,0.5454545454545454,0.4687499999853516,15,17,8,15
com_erro,mlp,queda,90,90,90,52,52,25,27,23,29,11,12,1,0.5,0.4932533733133433,0.43478260869565216,0.43478260869565216,0.43478260869565216,0.5517241379120095,16,13,13,10
com_erro,mlp,queda,100,5,5,931,931,471,460,439,492,13,75,62,0.5198711063372717,0.5234017630609108,0.49233716475095785,0.5854214123006833,0.5348595213319459,0.46138211382020045,227,265,182,257
com_erro,mlp,queda,100,10,10,466,466,237,229,219,247,13,51,38,0.5171673819742489,0.5235705174421829,0.48936170212765956,0.6301369863013698,0.5508982035928144,0.4170040485813077,103,144,81,138
com_erro,mlp,queda,100,15,15,311,311,157,154,145,166,13,50,37,0.5562700964630225,0.5455130868300789,0.5333333333333333,0.38620689655172413,0.448,0.7048192771041879,117,49,89,56
com_erro,mlp,queda,100,20,20,233,233,119,114,109,124,12,38,26,0.5450643776824035,0.5503847292098254,0.5111111111111111,0.6330275229357798,0.5655737704918032,0.46774193548009885,58,66,40,69
com_erro,mlp,queda,100,25,25,187,187,92,95,88,99,13,29,16,0.5080213903743316,0.5119949494949495,0.4811320754716981,0.5795454545454546,0.5257731958762887,0.44444444443995507,44,55,37,51
com_erro,mlp,queda,100,30,30,156,156,80,76,73,83,13,26,13,0.5576923076923077,0.5604060075920119,0.5238095238095238,0.6027397260273972,0.5605095541401274,0.5180722891503846,43,40,29,44
com_erro,mlp,queda,100,35,35,133,133,68,65,62,71,12,27,15,0.6090225563909775,0.6072239890958655,0.5806451612903226,0.5806451612903226,0.5806451612903226,0.6338028168924816,45,26,26,36
com_erro,mlp,queda,100,40,40,117,117,59,58,53,64,12,25,13,0.48717948717948717,0.4939563679245283,0.44776119402985076,0.5660377358490566,0.5,0.42187499999340816,27,37,23,30
com_erro,mlp,queda,100,45,45,104,104,54,50,49,55,12,18,6,0.5576923076923077,0.5495361781076067,0.5405405405405406,0.40816326530612246,0.46511627906976744,0.690909090896529,38,17,29,20
com_erro,mlp,queda,100,50,50,94,94,47,47,46,48,13,18,5,0.44680851063829785,0.4461050724637681,0.4318181818181818,0.41304347826086957,0.4222222222222222,0.47916666665668406,23,25,27,19
com_erro,mlp,queda,100,55,55,85,85,43,42,39,46,12,22,10,0.5529411764705883,0.5537904124860646,0.5116279069767442,0.5641025641025641,0.5365853658536586,0.5434782608577505,25,21,17,22
com_erro,mlp,queda,100,60,60,78,78,40,38,36,42,10,17,7,0.5128205128205128,0.5119047619047619,0.47368421052631576,0.5,0.4864864864864865,0.5238095237970521,22,20,18,18
com_erro,mlp,queda,100,65,65,72,72,36,36,33,39,12,17,5,0.5138888888888888,0.49766899766899764,0.45454545454545453,0.30303030303030304,0.36363636363636365,0.6923076922899409,27,12,23,10
com_erro,mlp,queda,100,70,70,67,67,32,35,29,38,12,12,0,0.5970149253731343,0.5998185117967332,0.5294117647058824,0.6206896551724138,0.5714285714285714,0.5789473684058172,22,16,11,18
com_erro,mlp,queda,100,75,75,63,63,30,33,30,33,13,14,1,0.49206349206349204,0.4939393939393939,0.47058823529411764,0.5333333333333333,0.5,0.4545454545316805,15,18,14,16
com_erro,mlp,queda,100,80,80,59,59,28,31,28,31,10,16,6,0.559322033898305,0.5547235023041475,0.5416666666666666,0.4642857142857143,0.5,0.6451612903017689,20,11,15,13
com_erro,mlp,queda,100,85,85,55,55,26,29,26,29,11,11,0,0.4727272727272727,0.47214854111405835,0.4444444444444444,0.46153846153846156,0.4528301886792453,0.48275862067300834,14,15,14,12
com_erro,mlp,queda,100,90,90,52,52,29,23,23,29,11,15,4,0.5192307692307693,0.5104947526236882,0.45454545454545453,0.43478260869565216,0.4444444444444444,0.5862068965315101,17,12,13,10
com_erro,mlp,queda,100,95,95,49,49,26,23,24,25,11,14,3,0.5918367346938775,0.5933333333333333,0.5714285714285714,0.6666666666666666,0.6153846153846154,0.5199999999792,13,12,8,16
com_erro,mlp,queda,100,100,100,47,47,23,24,22,25,11,13,2,0.3829787234042553,0.38727272727272727,0.37037037037037035,0.45454545454545453,0.40816326530612246,0.3199999999872,8,17,12,10
com_erro,random_forest,lacuna,20,5,5,947,947,264,683,246,701,17,17,0,1.0,1.0,1.0,1.0,1.0,0.9999999999985735,701,0,0,246
com_erro,random_forest,lacuna,20,10,10,474,474,130,344,123,351,17,17,0,1.0,1.0,1.0,1.0,1.0,0.9999999999971511,351,0,0,123
com_erro,random_forest,lacuna,20,15,15,316,316,89,227,81,235,17,17,0,1.0,1.0,1.0,1.0,1.0,0.9999999999957447,235,0,0,81
com_erro,random_forest,lacuna,20,20,20,237,237,67,170,60,177,16,16,0,1.0,1.0,1.0,1.0,1.0,0.9999999999943503,177,0,0,60
com_erro,random_forest,lacuna,30,5,5,945,945,306,639,277,668,16,16,0,1.0,1.0,1.0,1.0,1.0,0.999999999998503,668,0,0,277
com_erro,random_forest,lacuna,30,10,10,473,473,151,322,139,334,16,16,0,1.0,1.0,1.0,1.0,1.0,0.9999999999970061,334,0,0,139
com_erro,random_forest,lacuna,30,15,15,315,315,101,214,95,220,15,15,0,0.9968253968253968,0.9947368421052631,1.0,0.9894736842105263,0.9947089947089947,0.9999999999954546,220,0,1,94
com_erro,random_forest,lacuna,30,20,20,237,237,78,159,69,168,16,16,0,1.0,1.0,1.0,1.0,1.0,0.9999999999940477,168,0,0,69
com_erro,random_forest,lacuna,30,25,25,189,189,58,131,54,135,15,15,0,1.0,1.0,1.0,1.0,1.0,0.9999999999925927,135,0,0,54
com_erro,random_forest,lacuna,30,30,30,158,158,49,109,48,110,14,14,0,0.9810126582278481,0.96875,1.0,0.9375,0.967741935483871,0.999999999990909,110,0,3,45
com_erro,random_forest,lacuna,40,5,5,943,943,346,597,307,636,15,15,0,1.0,1.0,1.0,1.0,1.0,0.9999999999984277,636,0,0,307
com_erro,random_forest,lacuna,40,10,10,472,472,171,301,154,318,15,15,0,0.9978813559322034,0.9967532467532467,1.0,0.9935064935064936,0.996742671009772,0.9999999999968554,318,0,1,153
com_erro,random_forest,lacuna,40,15,15,315,315,113,202,106,209,15,15,0,0.9936507936507937,0.9905660377358491,1.0,0.9811320754716981,0.9904761904761905,0.9999999999952154,209,0,2,104
com_erro,random_forest,lacuna,40,20,20,236,236,88,148,76,160,14,14,0,1.0,1.0,1.0,1.0,1.0,0.9999999999937501,160,0,0,76
com_erro,random_forest,lacuna,40,25,25,189,189,66,123,60,129,13,13,0,1.0,1.0,1.0,1.0,1.0,0.9999999999922481,129,0,0,60
com_erro,random_forest,lacuna,40,30,30,158,158,55,103,55,103,14,14,0,0.9936708860759493,0.990909090909091,1.0,0.9818181818181818,0.9908256880733946,0.9999999999902912,103,0,1,54
com_erro,random_forest,lacuna,40,35,35,135,135,51,84,45,90,13,13,0,1.0,1.0,1.0,1.0,1.0,0.9999999999888889,90,0,0,45
com_erro,random_forest,lacuna,40,40,40,118,118,43,75,39,79,13,13,0,0.9915254237288136,0.9871794871794872,1.0,0.9743589743589743,0.987012987012987,0.9999999999873417,79,0,1,38
com_erro,random_forest,lacuna,50,5,5,941,941,386,555,335,606,15,15,0,1.0,1.0,1.0,1.0,1.0,0.9999999999983499,606,0,0,335
com_erro,random_forest,lacuna,50,10,10,471,471,191,280,168,303,15,15,0,0.9978768577494692,0.9970238095238095,1.0,0.9940476190476191,0.9970149253731343,0.9999999999966998,303,0,1,167
com_erro,random_forest,lacuna,50,15,15,314,314,129,185,112,202,15,15,0,0.9968152866242038,0.9955357142857143,1.0,0.9910714285714286,0.9955156950672646,0.9999999999950495,202,0,1,111
com_erro,random_forest,lacuna,50,20,20,236,236,98,138,84,152,14,14,0,0.9957627118644068,0.9940476190476191,1.0,0.9880952380952381,0.9940119760479041,0.9999999999934212,152,0,1,83
com_erro,random_forest,lacuna,50,25,25,189,189,77,112,68,121,13,13,0,1.0,1.0,1.0,1.0,1.0,0.9999999999917355,121,0,0,68
com_erro,random_forest,lacuna,50,30,30,157,157,65,92,55,102,13,13,0,0.9936305732484076,0.990909090909091,1.0,0.9818181818181818,0.9908256880733946,0.9999999999901961,102,0,1,54
com_erro,random_forest,lacuna,50,35,35,135,135,58,77,48,87,11,11,0,1.0,1.0,1.0,1.0,1.0,0.9999999999885058,87,0,0,48
com_erro,random_forest,lacuna,50,40,40,118,118,47,71,44,74,12,12,0,0.9915254237288136,0.9886363636363636,1.0,0.9772727272727273,0.9885057471264368,0.9999999999864865,74,0,1,43
com_erro,random_forest,lacuna,50,45,45,105,105,42,63,36,69,12,12,0,1.0,1.0,1.0,1.0,1.0,0.9999999999855071,69,0,0,36
com_erro,random_forest,lacuna,50,50,50,95,95,39,56,33,62,12,13,1,0.9789473684210527,0.9696969696969697,1.0,0.9393939393939394,0.96875,0.999999999983871,62,0,2,31
com_erro,random_forest,lacuna,60,5,5,939,939,426,513,362,577,13,13,0,1.0,1.0,1.0,1.0,1.0,0.9999999999982669,577,0,0,362
com_erro,random_forest,lacuna,60,10,10,470,470,211,259,182,288,13,13,0,0.997872340425532,0.9972527472527473,1.0,0.9945054945054945,0.9972451790633609,0.9999999999965278,288,0,1,181
com_erro,random_forest,lacuna,60,15,15,313,313,141,172,124,189,11,11,0,0.9968051118210862,0.9959677419354839,1.0,0.9919354838709677,0.9959514170040485,0.999999999994709,189,0,1,123
com_erro,random_forest,lacuna,60,20,20,235,235,108,127,90,145,12,12,0,1.0,1.0,1.0,1.0,1.0,0.9999999999931035,145,0,0,90
com_erro,random_forest,lacuna,60,25,25,188,188,81,107,71,117,11,11,0,0.9946808510638298,0.9929577464788732,1.0,0.9859154929577465,0.9929078014184397,0.999999999991453,117,0,1,70
com_erro,random_forest,lacuna,60,30,30,157,157,69,88,62,95,11,11,0,0.9808917197452229,0.9758064516129032,1.0,0.9516129032258065,0.9752066115702479,0.9999999999894736,95,0,3,59
com_erro,random_forest,lacuna,60,35,35,135,135,60,75,53,82,12,12,0,1.0,1.0,1.0,1.0,1.0,0.9999999999878049,82,0,0,53
com_erro,random_forest,lacuna,60,40,40,118,118,51,67,44,74,12,12,0,1.0,1.0,1.0,1.0,1.0,0.9999999999864865,74,0,0,44
com_erro,random_forest,lacuna,60,45,45,105,105,47,58,39,66,11,11,0,1.0,1.0,1.0,1.0,1.0,0.9999999999848485,66,0,0,39
com_erro,random_forest,lacuna,60,50,50,94,94,40,54,34,60,11,11,0,0.9787234042553191,0.9705882352941176,1.0,0.9411764705882353,0.9696969696969697,0.9999999999833334,60,0,2,32
com_erro,random_forest,lacuna,60,55,55,86,86,37,49,33,53,11,11,0,1.0,1.0,1.0,1.0,1.0,0.9999999999811321,53,0,0,33
com_erro,random_forest,lacuna,60,60,60,79,79,35,44,30,49,11,11,0,0.9873417721518988,0.9833333333333334,1.0,0.9666666666666667,0.9830508474576272,0.9999999999795919,49,0,1,29
com_erro,random_forest,lacuna,70,5,5,937,937,466,471,386,551,12,12,0,1.0,1.0,1.0,1.0,1.0,0.9999999999981851,551,0,0,386
com_erro,random_forest,lacuna,70,10,10,469,469,231,238,194,275,12,12,0,0.997867803837953,0.9974226804123711,1.0,0.9948453608247423,0.9974160206718347,0.9999999999963637,275,0,1,193
com_erro,random_forest,lacuna,70,15,15,313,313,153,160,132,181,12,12,0,0.9936102236421726,0.9924242424242424,1.0,0.9848484848484849,0.9923664122137404,0.9999999999944752,181,0,2,130
com_erro,random_forest,lacuna,70,20,20,235,235,118,117,97,138,12,12,0,0.9957446808510638,0.9948453608247423,1.0,0.9896907216494846,0.9948186528497409,0.9999999999927537,138,0,1,96
com_erro,random_forest,lacuna,70,25,25,188,188,92,96,76,112,12,12,0,0.9946808510638298,0.993421052631579,1.0,0.9868421052631579,0.9933774834437086,0.9999999999910714,112,0,1,75
com_erro,random_forest,lacuna,70,30,30,157,157,75,82,68,89,11,12,1,0.9872611464968153,0.9852941176470589,1.0,0.9705882352941176,0.9850746268656716,0.999999999988764,89,0,2,66
com_erro,random_forest,lacuna,70,35,35,134,134,66,68,57,77,10,10,0,1.0,1.0,1.0,1.0,1.0,0.9999999999870129,77,0,0,57
com_erro,random_forest,lacuna,70,40,40,118,118,57,61,47,71,12,12,0,1.0,1.0,1.0,1.0,1.0,0.9999999999859155,71,0,0,47
com_erro,random_forest,lacuna,70,45,45,105,105,54,51,43,62,11,12,1,0.9904761904761905,0.9919354838709677,0.9772727272727273,1.0,0.9885057471264368,0.9838709677260666,61,1,0,43
com_erro,random_forest,lacuna,70,50,50,94,94,43,51,37,57,11,11,0,0.9893617021276596,0.9864864864864865,1.0,0.972972972972973,0.9863013698630136,0.9999999999824563,57,0,1,36
com_erro,random_forest,lacuna,70,55,55,86,86,43,43,37,49,11,11,0,1.0,1.0,1.0,1.0,1.0,0.9999999999795919,49,0,0,37
com_erro,random_forest,lacuna,70,60,60,79,79,38,41,34,45,11,11,0,0.9873417721518988,0.9888888888888889,0.9714285714285714,1.0,0.9855072463768116,0.9777777777560495,44,1,0,34
com_erro,random_forest,lacuna,70,65,65,73,73,34,39,31,42,12,14,2,0.958904109589041,0.9600614439324117,0.9375,0.967741935483871,0.9523809523809523,0.9523809523582767,40,2,1,30
com_erro,random_forest,lacuna,70,70,70,67,67,31,36,30,37,10,10,0,0.9850746268656716,0.9833333333333334,1.0,0.9666666666666667,0.9830508474576272,0.9999999999729731,37,0,1,29
com_erro,random_forest,lacuna,80,5,5,935,935,501,434,408,527,12,12,0,1.0,1.0,1.0,1.0,1.0,0.9999999999981025,527,0,0,408
com_erro,random_forest,lacuna,80,10,10,468,468,249,219,205,263,12,12,0,0.9978632478632479,0.9975609756097561,1.0,0.9951219512195122,0.9975550122249389,0.9999999999961977,263,0,1,204
com_erro,random_forest,lacuna,80,15,15,312,312,167,145,137,175,11,12,1,0.9967948717948718,0.9963503649635037,1.0,0.9927007299270073,0.9963369963369964,0.9999999999942858,175,0,1,136
com_erro,random_forest,lacuna,80,20,20,234,234,128,106,102,132,11,11,0,1.0,1.0,1.0,1.0,1.0,0.9999999999924243,132,0,0,102
com_erro,random_forest,lacuna,80,25,25,187,187,98,89,80,107,10,10,0,1.0,1.0,1.0,1.0,1.0,0.9999999999906541,107,0,0,80
com_erro,random_forest,lacuna,80,30,30,156,156,84,72,68,88,10,11,1,0.9935897435897436,0.9926470588235294,1.0,0.9852941176470589,0.9925925925925926,0.9999999999886363,88,0,1,67
com_erro,random_forest,lacuna,80,35,35,134,134,74,60,58,76,10,12,2,0.9776119402985075,0.9802631578947368,0.9508196721311475,1.0,0.9747899159663865,0.9605263157768351,73,3,0,58
com_erro,random_forest,lacuna,80,40,40,117,117,63,54,52,65,11,12,1,0.9829059829059829,0.9826923076923078,0.9807692307692307,0.9807692307692307,0.9807692307692307,0.9846153846002367,64,1,1,51
com_erro,random_forest,lacuna,80,45,45,104,104,57,47,42,62,10,10,0,1.0,1.0,1.0,1.0,1.0,0.999999999983871,62,0,0,42
com_erro,random_forest,lacuna,80,50,50,94,94,49,45,41,53,10,10,0,1.0,1.0,1.0,1.0,1.0,0.9999999999811321,53,0,0,41
com_erro,random_forest,lacuna,80,55,55,85,85,45,40,36,49,10,10,0,1.0,1.0,1.0,1.0,1.0,0.9999999999795919,49,0,0,36
com_erro,random_forest,lacuna,80,60,60,78,78,43,35,34,44,10,11,1,0.9743589743589743,0.9772727272727273,0.9444444444444444,1.0,0.9714285714285714,0.9545454545237604,42,2,0,34
com_erro,random_forest,lacuna,80,65,65,72,72,37,35,30,42,11,13,2,0.9722222222222222,0.9761904761904762,0.9375,1.0,0.967741935483871,0.9523809523582767,40,2,0,30
com_erro,random_forest,lacuna,80,70,70,67,67,37,30,30,37,10,11,1,0.9701492537313433,0.9698198198198198,0.9666666666666667,0.9666666666666667,0.9666666666666667,0.9729729729466765,36,1,1,29
com_erro,random_forest,lacuna,80,75,75,63,63,35,28,27,36,10,12,2,0.9365079365079365,0.9444444444444444,0.8709677419354839,1.0,0.9310344827586207,0.8888888888641976,32,4,0,27
com_erro,random_forest,lacuna,80,80,80,59,59,33,26,24,35,10,13,3,0.9152542372881356,0.9220238095238096,0.8518518518518519,0.9583333333333334,0.9019607843137255,0.8857142856889797,31,4,1,23
com_erro,random_forest,lacuna,90,5,5,933,933,534,399,430,503,11,11,0,1.0,1.0,1.0,1.0,1.0,0.9999999999980119,503,0,0,430
com_erro,random_forest,lacuna,90,10,10,467,467,266,201,216,251,11,11,0,1.0,1.0,1.0,1.0,1.0,0.999999999996016,251,0,0,216
com_erro,random_forest,lacuna,90,15,15,311,311,178,133,146,165,10,11,1,0.9967845659163987,0.9965753424657534,1.0,0.9931506849315068,0.9965635738831615,0.9999999999939394,165,0,1,145
com_erro,random_forest,lacuna,90,20,20,234,234,135,99,108,126,11,11,0,0.9957264957264957,0.9953703703703703,1.0,0.9907407407407407,0.9953488372093023,0.9999999999920635,126,0,1,107
com_erro,random_forest,lacuna,90,25,25,187,187,106,81,84,103,10,10,0,1.0,1.0,1.0,1.0,1.0,0.9999999999902912,103,0,0,84
com_erro,random_forest,lacuna,90,30,30,156,156,88,68,73,83,10,11,1,0.9807692307692307,0.9794520547945205,1.0,0.958904109589041,0.9790209790209791,0.9999999999879517,83,0,3,70
com_erro,random_forest,lacuna,90,35,35,134,134,77,57,61,73,11,11,0,1.0,1.0,1.0,1.0,1.0,0.9999999999863013,73,0,0,61
com_erro,random_forest,lacuna,90,40,40,117,117,66,51,56,61,10,10,0,0.9914529914529915,0.9910714285714286,1.0,0.9821428571428571,0.990990990990991,0.9999999999836067,61,0,1,55
com_erro,random_forest,lacuna,90,45,45,104,104,60,44,48,56,10,11,1,0.9807692307692307,0.9806547619047619,0.9791666666666666,0.9791666666666666,0.9791666666666666,0.9821428571253189,55,1,1,47
com_erro,random_forest,lacuna,90,50,50,94,94,55,39,42,52,10,11,1,0.9893617021276596,0.9903846153846154,0.9767441860465116,1.0,0.9882352941176471,0.9807692307503699,51,1,0,42
com_erro,random_forest,lacuna,90,55,55,85,85,49,36,39,46,10,10,0,1.0,1.0,1.0,1.0,1.0,0.999999999978261,46,0,0,39
com_erro,random_forest,lacuna,90,60,60,78,78,45,33,36,42,10,12,2,0.9615384615384616,0.9623015873015872,0.9459459459459459,0.9722222222222222,0.958904109589041,0.9523809523582767,40,2,1,35
com_erro,random_forest,lacuna,90,65,65,72,72,40,32,33,39,10,12,2,0.9722222222222222,0.9743589743589743,0.9428571428571428,1.0,0.9705882352941176,0.9487179486936227,37,2,0,33
com_erro,random_forest,lacuna,90,70,70,67,67,39,28,30,37,10,11,1,0.9552238805970149,0.9563063063063063,0.9354838709677419,0.9666666666666667,0.9508196721311475,0.94594594592038,35,2,1,29
com_erro,random_forest,lacuna,90,75,75,63,63,38,25,28,35,10,13,3,0.9365079365079365,0.9428571428571428,0.875,1.0,0.9333333333333333,0.8857142856889797,31,4,0,28
com_erro,random_forest,lacuna,90,80,80,59,59,36,23,27,32,10,15,5,0.864406779661017,0.8721064814814814,0.7878787878787878,0.9629629629629629,0.8666666666666667,0.781249999975586,25,7,1,26
com_erro,random_forest,lacuna,90,85,85,55,55,31,24,24,31,10,13,3,0.9454545454545454,0.9516129032258065,0.8888888888888888,1.0,0.9411764705882353,0.9032258064224766,28,3,0,24
com_erro,random_forest,lacuna,90,90,90,52,52,29,23,26,26,10,10,0,0.9615384615384616,0.9615384615384616,1.0,0.9230769230769231,0.96,0.9999999999615384,26,0,2,24
com_erro,random_forest,lacuna,100,5,5,931,931,564,367,450,481,11,11,0,1.0,1.0,1.0,1.0,1.0,0.999999999997921,481,0,0,450
com_erro,random_forest,lacuna,100,10,10,466,466,281,185,226,240,11,12,1,0.9935622317596566,0.99375,0.9868995633187773,1.0,0.9934065934065934,0.9874999999958854,237,3,0,226
com_erro,random_forest,lacuna,100,15,15,311,311,187,124,153,158,11,12,1,0.9967845659163987,0.9968354430379747,0.9935064935064936,1.0,0.996742671009772,0.9936708860696604,157,1,0,153
com_erro,random_forest,lacuna,100,20,20,233,233,144,89,113,120,10,10,0,1.0,1.0,1.0,1.0,1.0,0.9999999999916667,120,0,0,113
com_erro,random_forest,lacuna,100,25,25,187,187,114,73,90,97,11,12,1,0.983957219251337,0.9845360824742269,0.967741935483871,1.0,0.9836065573770492,0.9690721649384632,94,3,0,90
com_erro,random_forest,lacuna,100,30,30,156,156,93,63,78,78,11,12,1,0.9871794871794872,0.9871794871794872,0.975,1.0,0.9873417721518988,0.9743589743464826,76,2,0,78
com_erro,random_forest,lacuna,100,35,35,133,133,80,53,65,68,10,10,0,1.0,1.0,1.0,1.0,1.0,0.9999999999852941,68,0,0,65
com_erro,random_forest,lacuna,100,40,40,117,117,70,47,56,61,10,11,1,0.9914529914529915,0.9918032786885246,0.9824561403508771,1.0,0.9911504424778761,0.9836065573609245,60,1,0,56
com_erro,random_forest,lacuna,100,45,45,104,104,62,42,48,56,10,13,3,0.9615384615384616,0.9642857142857143,0.9230769230769231,1.0,0.96,0.928571428554847,52,4,0,48
com_erro,random_forest,lacuna,100,50,50,94,94,57,37,44,50,11,12,1,0.9787234042553191,0.9786363636363636,0.9772727272727273,0.9772727272727273,0.9772727272727273,0.9799999999804001,49,1,1,43
com_erro,random_forest,lacuna,100,55,55,85,85,52,33,42,43,10,13,3,0.9529411764705882,0.9534883720930232,0.9130434782608695,1.0,0.9545454545454546,0.9069767441649541,39,4,0,42
com_erro,random_forest,lacuna,100,60,60,78,78,48,30,38,40,10,13,3,0.9487179487179487,0.95,0.9047619047619048,1.0,0.95,0.8999999999775001,36,4,0,38
com_erro,random_forest,lacuna,100,65,65,72,72,43,29,36,36,10,14,4,0.9166666666666666,0.9166666666666667,0.8571428571428571,1.0,0.9230769230769231,0.8333333333101852,30,6,0,36
com_erro,random_forest,lacuna,100,70,70,67,67,42,25,32,35,10,12,2,0.9104477611940298,0.9129464285714286,0.8611111111111112,0.96875,0.9117647058823529,0.8571428571183675,30,5,1,31
com_erro,random_forest,lacuna,100,75,75,63,63,39,24,31,32,11,15,4,0.8412698412698413,0.8432459677419355,0.7692307692307693,0.967741935483871,0.8571428571428571,0.7187499999775392,23,9,1,30
com_erro,random_forest,lacuna,100,80,80,59,59,38,21,27,32,10,15,5,0.8813559322033898,0.890625,0.7941176470588235,1.0,0.8852459016393442,0.781249999975586,25,7,0,27
com_erro,random_forest,lacuna,100,85,85,55,55,33,22,27,28,10,13,3,0.8909090909090909,0.8928571428571428,0.8181818181818182,1.0,0.9,0.7857142856862245,22,6,0,27
com_erro,random_forest,lacuna,100,90,90,52,52,31,21,26,26,10,12,2,0.9230769230769231,0.9230769230769231,0.8666666666666667,1.0,0.9285714285714286,0.8461538461213017,22,4,0,26
com_erro,random_forest,lacuna,100,95,95,49,49,27,22,22,27,10,13,3,0.8571428571428571,0.8703703703703703,0.7586206896551724,1.0,0.8627450980392157,0.7407407407133059,20,7,0,22
com_erro,random_forest,lacuna,100,100,100,47,47,29,18,23,24,9,12,3,0.8936170212765957,0.8958333333333333,0.8214285714285714,1.0,0.9019607843137255,0.7916666666336806,19,5,0,23
com_erro,random_forest,oscilacao,20,5,5,947,947,404,543,285,662,16,50,34,0.8321013727560718,0.8079742407377961,0.71,0.7473684210526316,0.7282051282051282,0.8685800604216487,575,87,72,213
com_erro,random_forest,oscilacao,20,10,10,474,474,204,270,143,331,16,41,25,0.810126582278481,0.7826252297551392,0.6754966887417219,0.7132867132867133,0.6938775510204082,0.851963746220991,282,49,41,102
com_erro,random_forest,oscilacao,20,15,15,316,316,130,186,93,223,16,31,15,0.8417721518987342,0.8095375861902696,0.7311827956989247,0.7311827956989247,0.7311827956989247,0.8878923766776328,198,25,25,68
com_erro,random_forest,oscilacao,20,20,20,237,237,104,133,72,165,16,27,11,0.8227848101265823,0.7944444444444445,0.7027027027027027,0.7222222222222222,0.7123287671232876,0.8666666666614142,143,22,20,52
com_erro,random_forest,oscilacao,30,5,5,945,945,446,499,315,630,16,49,33,0.7693121693121693,0.7634920634920634,0.6300268096514745,0.746031746031746,0.6831395348837209,0.7809523809511414,492,138,80,235
com_erro,random_forest,oscilacao,30,10,10,473,473,225,248,158,315,16,42,26,0.7674418604651163,0.7544203335342576,0.6348314606741573,0.7151898734177216,0.6726190476190477,0.7936507936482742,250,65,45,113
com_erro,random_forest,oscilacao,30,15,15,315,315,148,167,103,212,16,35,19,0.7777777777777778,0.7650210661293277,0.6410256410256411,0.7281553398058253,0.6818181818181818,0.8018867924490477,170,42,28,75
com_erro,random_forest,oscilacao,30,20,20,237,237,112,125,78,159,15,29,14,0.7721518987341772,0.758345428156749,0.6363636363636364,0.717948717948718,0.6746987951807228,0.7987421383597564,127,32,22,56
com_erro,random_forest,oscilacao,30,25,25,189,189,88,101,61,128,15,32,17,0.783068783068783,0.7711962090163935,0.6428571428571429,0.7377049180327869,0.6870229007633588,0.8046874999937135,103,25,16,45
com_erro,random_forest,oscilacao,30,30,30,158,158,75,83,52,106,15,29,14,0.7721518987341772,0.761611030478955,0.6333333333333333,0.7307692307692307,0.6785714285714286,0.7924528301812033,84,22,14,38
com_erro,random_forest,oscilacao,40,5,5,943,943,482,461,345,598,15,43,28,0.7264050901378579,0.7303232998885172,0.6018735362997658,0.744927536231884,0.6658031088082902,0.7157190635439536,428,170,88,257
com_erro,random_forest,oscilacao,40,10,10,472,472,243,229,173,299,14,41,27,0.7266949152542372,0.7270381038915846,0.6057692307692307,0.7283236994219653,0.6614173228346457,0.7257525083587768,217,82,47,126
com_erro,random_forest,oscilacao,40,15,15,315,315,159,156,113,202,15,33,18,0.7587301587301587,0.7631429072110751,0.6330935251798561,0.7787610619469026,0.6984126984126984,0.7475247524715469,151,51,25,88
com_erro,random_forest,oscilacao,40,20,20,236,236,122,114,87,149,14,35,21,0.7372881355932204,0.7417264522101366,0.616822429906542,0.7586206896551724,0.6804123711340206,0.7248322147602361,108,41,21,66
com_erro,random_forest,oscilacao,40,25,25,189,189,95,94,67,122,15,30,15,0.7354497354497355,0.7277954489845853,0.6103896103896104,0.7014925373134329,0.6527777777777778,0.7540983606495566,92,30,20,47
com_erro,random_forest,oscilacao,40,30,30,158,158,82,76,58,100,14,29,15,0.6962025316455697,0.7056896551724139,0.5657894736842105,0.7413793103448276,0.6417910447761194,0.6699999999933,67,33,15,43
com_erro,random_forest,oscilacao,40,35,35,135,135,70,65,49,86,12,25,13,0.7333333333333333,0.738016136687233,0.6065573770491803,0.7551020408163265,0.6727272727272727,0.7209302325497566,62,24,12,37
com_erro,random_forest,oscilacao,40,40,40,118,118,60,58,43,75,12,22,10,0.7542372881355932,0.762015503875969,0.6296296296296297,0.7906976744186046,0.7010309278350515,0.7333333333235555,55,20,9,34
com_erro,random_forest,oscilacao,50,5,5,941,941,513,428,372,569,14,47,33,0.720510095642933,0.731199331027836,0.6152219873150105,0.782258064516129,0.6887573964497041,0.6801405975383478,387,182,81,291
com_erro,random_forest,oscilacao,50,10,10,471,471,258,213,186,285,14,36,22,0.7048832271762208,0.7141199773627618,0.6,0.7580645161290323,0.669833729216152,0.6701754385941397,191,94,45,141
com_erro,random_forest,oscilacao,50,15,15,314,314,168,146,122,192,14,34,20,0.7356687898089171,0.7450051229508197,0.6274509803921569,0.7868852459016393,0.6981818181818182,0.7031249999963379,135,57,26,96
com_erro,random_forest,oscilacao,50,20,20,236,236,129,107,92,144,14,31,17,0.7288135593220338,0.7444142512077294,0.6147540983606558,0.8152173913043478,0.7009345794392523,0.6736111111064333,97,47,17,75
com_erro,random_forest,oscilacao,50,25,25,189,189,102,87,75,114,13,25,12,0.7142857142857143,0.7243859649122807,0.6105263157894737,0.7733333333333333,0.6823529411764706,0.6754385964853031,77,37,17,58
com_erro,random_forest,oscilacao,50,30,30,157,157,84,73,62,95,12,27,15,0.732484076433121,0.7453310696095077,0.625,0.8064516129032258,0.704225352112676,0.6842105263085873,65,30,12,50
com_erro,random_forest,oscilacao,50,35,35,135,135,74,61,52,83,12,23,11,0.7037037037037037,0.7195319740500463,0.5857142857142857,0.7884615384615384,0.6721311475409836,0.6506024096307156,54,29,11,41
com_erro,random_forest,oscilacao,50,40,40,118,118,63,55,45,73,11,24,13,0.7288135593220338,0.7467275494672755,0.6065573770491803,0.8222222222222222,0.6981132075471698,0.6712328767031338,49,24,8,37
com_erro,random_forest,oscilacao,50,45,45,105,105,55,50,41,64,12,20,8,0.7142857142857143,0.7086509146341464,0.6222222222222222,0.6829268292682927,0.6511627906976745,0.7343749999885254,47,17,13,28
com_erro,random_forest,oscilacao,50,50,50,95,95,52,43,38,57,11,18,7,0.7052631578947368,0.7105263157894737,0.6086956521739131,0.7368421052631579,0.6666666666666666,0.6842105263037859,39,18,10,28
com_erro,random_forest,oscilacao,60,5,5,939,939,542,397,398,541,14,36,22,0.7007454739084132,0.7173831263526504,0.6081330868761553,0.8266331658291457,0.7007454739084132,0.6081330868750312,329,212,69,329
com_erro,random_forest,oscilacao,60,10,10,470,470,273,197,199,271,14,35,21,0.7,0.7144857126963229,0.6098484848484849,0.8090452261306532,0.6954643628509719,0.619926199259705,168,103,38,161
com_erro,random_forest,oscilacao,60,15,15,313,313,180,133,131,182,14,25,11,0.7252396166134185,0.7391368173810922,0.631578947368421,0.8244274809160306,0.7152317880794702,0.6538461538425613,119,63,23,108
com_erro,random_forest,oscilacao,60,20,20,235,235,137,98,100,135,12,25,13,0.7063829787234043,0.7172222222222222,0.6220472440944882,0.79,0.6960352422907489,0.6444444444396709,87,48,21,79
com_erro,random_forest,oscilacao,60,25,25,188,188,108,80,81,107,11,23,12,0.6968085106382979,0.7096457828545055,0.6132075471698113,0.8024691358024691,0.6951871657754011,0.6168224299007773,66,41,16,65
com_erro,random_forest,oscilacao,60,30,30,157,157,91,66,66,91,12,22,10,0.6878980891719745,0.7016317016317016,0.5977011494252874,0.7878787878787878,0.6797385620915033,0.6153846153778529,56,35,14,52
com_erro,random_forest,oscilacao,60,35,35,135,135,80,55,59,76,10,25,15,0.6666666666666666,0.6830954504906335,0.5853658536585366,0.8135593220338984,0.6808510638297872,0.552631578940097,42,34,11,48
com_erro,random_forest,oscilacao,60,40,40,118,118,67,51,51,67,10,23,13,0.6271186440677966,0.6412057360257536,0.5507246376811594,0.7450980392156863,0.6333333333333333,0.5373134328278013,36,31,13,38
com_erro,random_forest,oscilacao,60,45,45,105,105,58,47,44,61,12,19,7,0.7238095238095238,0.7306259314456036,0.6415094339622641,0.7727272727272727,0.7010309278350515,0.6885245901526472,42,19,10,34
com_erro,random_forest,oscilacao,60,50,50,94,94,55,39,39,55,11,21,10,0.6595744680851063,0.6717948717948719,0.5686274509803921,0.7435897435897436,0.6444444444444445,0.5999999999890909,33,22,10,29
com_erro,random_forest,oscilacao,60,55,55,86,86,49,37,34,52,12,20,8,0.6976744186046512,0.7092760180995474,0.5909090909090909,0.7647058823529411,0.6666666666666666,0.6538461538335799,34,18,8,26
com_erro,random_forest,oscilacao,60,60,60,79,79,43,36,36,43,10,17,7,0.6329113924050633,0.6356589147286822,0.5853658536585366,0.6666666666666666,0.6233766233766234,0.6046511627766361,26,17,12,24
com_erro,random_forest,oscilacao,70,5,5,937,937,570,367,423,514,11,43,32,0.6691568836712913,0.6823297550385885,0.5975820379965457,0.817966903073286,0.6906187624750499,0.5466926070028274,281,233,77,346
com_erro,random_forest,oscilacao,70,10,10,469,469,287,182,212,257,11,33,22,0.6673773987206824,0.6803924087805594,0.596551724137931,0.8160377358490566,0.6892430278884463,0.5447470817099427,140,117,39,173
com_erro,random_forest,oscilacao,70,15,15,313,313,188,125,140,173,11,29,18,0.6932907348242812,0.7041494632535095,0.6208791208791209,0.8071428571428572,0.7018633540372671,0.601156069360687,104,69,27,113
com_erro,random_forest,oscilacao,70,20,20,235,235,144,91,105,130,11,25,14,0.6468085106382979,0.6615384615384616,0.5753424657534246,0.8,0.6693227091633466,0.5230769230728994,68,62,21,84
com_erro,random_forest,oscilacao,70,25,25,188,188,111,77,85,103,11,24,13,0.6808510638297872,0.6933181039406053,0.6086956521739131,0.8235294117647058,0.7,0.5631067961110378,58,45,15,70
com_erro,random_forest,oscilacao,70,30,30,157,157,96,61,71,86,11,25,14,0.6050955414012739,0.6186537831641009,0.5454545454545454,0.7605633802816901,0.6352941176470588,0.4767441860409681,41,45,17,54
com_erro,random_forest,oscilacao,70,35,35,134,134,81,53,61,73,10,22,12,0.6343283582089553,0.650909499214013,0.5666666666666667,0.8360655737704918,0.6754966887417219,0.46575342465115405,34,39,10,51
com_erro,random_forest,oscilacao,70,40,40,118,118,71,47,54,64,10,23,13,0.6694915254237288,0.6765046296296297,0.6119402985074627,0.7592592592592593,0.6776859504132231,0.5937499999907226,38,26,13,41
com_erro,random_forest,oscilacao,70,45,45,105,105,62,43,47,58,10,20,10,0.7238095238095238,0.7278063096111519,0.6666666666666666,0.7659574468085106,0.7128712871287128,0.6896551724019025,40,18,11,36
com_erro,random_forest,oscilacao,70,50,50,94,94,58,36,42,52,11,19,8,0.6276595744680851,0.6428571428571428,0.559322033898305,0.7857142857142857,0.6534653465346535,0.49999999999038464,26,26,9,33
com_erro,random_forest,oscilacao,70,55,55,86,86,50,36,38,48,11,19,8,0.6627906976744186,0.6650219298245614,0.6046511627906976,0.6842105263157895,0.6419753086419753,0.6458333333198785,31,17,12,26
com_erro,random_forest,oscilacao,70,60,60,79,79,47,32,38,41,10,12,2,0.6582278481012658,0.6630295250320924,0.6122448979591837,0.7894736842105263,0.6896551724137931,0.5365853658405711,22,19,8,30
com_erro,random_forest,oscilacao,70,65,65,73,73,41,32,35,38,10,17,7,0.684931506849315,0.687218045112782,0.65,0.7428571428571429,0.6933333333333334,0.6315789473518006,24,14,9,26
com_erro,random_forest,oscilacao,70,70,70,67,67,42,25,31,36,10,15,5,0.5970149253731343,0.6137992831541219,0.5416666666666666,0.8387096774193549,0.6582278481012658,0.3888888888780865,14,22,5,26
com_erro,random_forest,oscilacao,80,5,5,935,935,594,341,441,494,11,38,27,0.6641711229946524,0.6747661277736465,0.6003159557661928,0.8616780045351474,0.707635009310987,0.4878542510111582,241,253,61,380
com_erro,random_forest,oscilacao,80,10,10,468,468,299,169,221,247,11,28,17,0.6816239316239316,0.6907597046915932,0.6176470588235294,0.8552036199095022,0.7172675521821632,0.5263157894715534,130,117,32,189
com_erro,random_forest,oscilacao,80,15,15,312,312,196,116,146,166,11,27,16,0.6762820512820513,0.6858805083347087,0.6130653266331658,0.8356164383561644,0.7072463768115942,0.5361445783100233,89,77,24,122
com_erro,random_forest,oscilacao,80,20,20,234,234,149,85,111,123,10,27,17,0.6282051282051282,0.6375521863326741,0.5759493670886076,0.8198198198198198,0.6765799256505576,0.45528455284182695,56,67,20,91
com_erro,random_forest,oscilacao,80,25,25,187,187,117,70,87,100,11,24,13,0.6737967914438503,0.6830459770114943,0.6120689655172413,0.8160919540229885,0.6995073891625616,0.5499999999945,55,45,16,71
com_erro,random_forest,oscilacao,80,30,30,156,156,98,58,74,82,11,25,14,0.6666666666666666,0.6750164798945286,0.6078431372549019,0.8378378378378378,0.7045454545454546,0.5121951219449732,42,40,12,62
com_erro,random_forest,oscilacao,80,35,35,134,134,86,48,61,73,10,20,10,0.6492537313432836,0.6659555355939816,0.5777777777777777,0.8524590163934426,0.6887417218543046,0.47945205478795266,35,38,9,52
com_erro,random_forest,oscilacao,80,40,40,117,117,73,44,55,62,10,19,9,0.6752136752136753,0.6822580645161291,0.6197183098591549,0.8,0.6984126984126984,0.564516129023153,35,27,11,44
com_erro,random_forest,oscilacao,80,45,45,104,104,66,38,51,53,10,19,9,0.6634615384615384,0.6664816870144283,0.6176470588235294,0.8235294117647058,0.7058823529411765,0.509433962254539,27,26,9,42
com_erro,random_forest,oscilacao,80,50,50,94,94,60,34,45,49,11,17,6,0.648936170212766,0.6551020408163266,0.6,0.8,0.6857142857142857,0.5102040816222407,25,24,9,36
com_erro,random_forest,oscilacao,80,55,55,85,85,54,31,39,46,11,19,8,0.6352941176470588,0.6513377926421404,0.5689655172413793,0.8461538461538461,0.6804123711340206,0.4565217391205104,21,25,6,33
com_erro,random_forest,oscilacao,80,60,60,78,78,48,30,39,39,10,14,4,0.6282051282051282,0.6282051282051282,0.6,0.7692307692307693,0.6741573033707865,0.48717948716699544,19,20,9,30
com_erro,random_forest,oscilacao,80,65,65,72,72,44,28,34,38,10,18,8,0.7222222222222222,0.7275541795665634,0.6666666666666666,0.8235294117647058,0.7368421052631579,0.6315789473518006,24,14,6,28
com_erro,random_forest,oscilacao,80,70,70,67,67,45,22,31,36,10,11,1,0.5373134328358209,0.5582437275985663,0.5,0.8387096774193549,0.6265060240963856,0.27777777777006174,10,26,5,26
com_erro,random_forest,oscilacao,80,75,75,63,63,38,25,29,34,11,14,3,0.5714285714285714,0.5851926977687627,0.5238095238095238,0.7586206896551724,0.6197183098591549,0.4117647058702423,14,20,7,22
com_erro,random_forest,oscilacao,80,80,80,59,59,36,23,29,30,10,11,1,0.5423728813559322,0.5465517241379311,0.5227272727272727,0.7931034482758621,0.6301369863013698,0.29999999999,9,21,6,23
com_erro,random_forest,oscilacao,90,5,5,933,933,617,316,458,475,10,33,23,0.6495176848874598,0.6531326131923696,0.600924499229584,0.851528384279476,0.7046070460704607,0.4547368421043058,216,259,68,390
com_erro,random_forest,oscilacao,90,10,10,467,467,310,157,230,237,10,29,19,0.6552462526766595,0.6582828838745185,0.6055045871559633,0.8608695652173913,0.7109515260323159,0.4556962025297228,108,129,32,198
com_erro,random_forest,oscilacao,90,15,15,311,311,206,105,153,158,10,26,16,0.6752411575562701,0.6784148258459501,0.6203703703703703,0.8758169934640523,0.7262872628726287,0.48101265822480377,76,82,19,134
com_erro,random_forest,oscilacao,90,20,20,234,234,155,79,114,120,10,25,15,0.6196581196581197,0.6254385964912281,0.5739644970414202,0.8508771929824561,0.6855123674911661,0.39999999999666663,48,72,17,97
com_erro,random_forest,oscilacao,90,25,25,187,187,121,66,91,96,10,20,10,0.6898395721925134,0.6939102564102564,0.6363636363636364,0.8461538461538461,0.7264150943396226,0.5416666666610243,52,44,14,77
com_erro,random_forest,oscilacao,90,30,30,156,156,103,53,77,79,10,18,8,0.6666666666666666,0.6694065428242644,0.6126126126126126,0.8831168831168831,0.723404255319149,0.4556962025258772,36,43,9,68
com_erro,random_forest,oscilacao,90,35,35,134,134,91,43,65,69,10,18,8,0.5746268656716418,0.5824972129319955,0.5392156862745098,0.8461538461538461,0.6586826347305389,0.31884057970552404,22,47,10,55
com_erro,random_forest,oscilacao,90,40,40,117,117,76,41,56,61,10,18,8,0.6324786324786325,0.6431498829039812,0.5747126436781609,0.8928571428571429,0.6993006993006993,0.3934426229443698,24,37,6,50
com_erro,random_forest,oscilacao,90,45,45,104,104,67,37,53,51,10,16,6,0.6346153846153846,0.6311505734369219,0.6056338028169014,0.8113207547169812,0.6935483870967742,0.45098039214802005,23,28,10,43
com_erro,random_forest,oscilacao,90,50,50,94,94,62,32,47,47,10,16,6,0.648936170212766,0.648936170212766,0.609375,0.8297872340425532,0.7027027027027027,0.4680851063730195,22,25,8,39
com_erro,random_forest,oscilacao,90,55,55,85,85,55,30,41,44,10,18,8,0.6588235294117647,0.6646341463414633,0.6071428571428571,0.8292682926829268,0.7010309278350515,0.4999999999886364,22,22,7,34
com_erro,random_forest,oscilacao,90,60,60,78,78,50,28,39,39,10,18,8,0.5641025641025641,0.5641025641025641,0.543859649122807,0.7948717948717948,0.6458333333333334,0.3333333333247864,13,26,8,31
com_erro,random_forest,oscilacao,90,65,65,72,72,46,26,37,35,10,14,4,0.6944444444444444,0.6903474903474903,0.6595744680851063,0.8378378378378378,0.7380952380952381,0.5428571428416327,19,16,6,31
com_erro,random_forest,oscilacao,90,70,70,67,67,47,20,33,34,10,5,-5,0.5522388059701493,0.5574866310160428,0.5263157894736842,0.9090909090909091,0.6666666666666666,0.20588235293512114,7,27,3,30
com_erro,random_forest,oscilacao,90,75,75,63,63,40,23,31,32,10,13,3,0.5873015873015873,0.5902217741935484,0.5581395348837209,0.7741935483870968,0.6486486486486487,0.4062499999873047,13,19,7,24
com_erro,random_forest,oscilacao,90,80,80,59,59,38,21,30,29,10,8,-2,0.5084745762711864,0.5028735632183908,0.5102040816326531,0.8333333333333334,0.6329113924050633,0.17241379309750296,5,24,5,25
com_erro,random_forest,oscilacao,90,85,85,55,55,37,18,26,29,10,9,-1,0.5636363636363636,0.5762599469496021,0.525,0.8076923076923077,0.6363636363636364,0.3448275861950059,10,19,5,21
com_erro,random_forest,oscilacao,90,90,90,52,52,32,20,26,26,10,11,1,0.5576923076923077,0.5576923076923077,0.5483870967741935,0.6538461538461539,0.5964912280701754,0.46153846152071004,12,14,9,17
com_erro,random_forest,oscilacao,100,5,5,931,931,639,292,474,457,10,35,25,0.644468313641246,0.6400529965192181,0.6031746031746031,0.8818565400843882,0.7163667523564696,0.3982494529531767,182,275,56,418
com_erro,random_forest,oscilacao,100,10,10,466,466,321,145,238,228,10,22,12,0.6244635193133047,0.6185316231755861,0.5867768595041323,0.8949579831932774,0.7088186356073212,0.3421052631563943,78,150,25,213
com_erro,random_forest,oscilacao,100,15,15,311,311,211,100,157,154,10,24,14,0.6463022508038585,0.6439738605343701,0.6017316017316018,0.8853503184713376,0.7164948453608248,0.4025974025947884,62,92,18,139
com_erro,random_forest,oscilacao,100,20,20,233,233,160,73,119,114,10,22,12,0.6394849785407726,0.6337903582485626,0.5977653631284916,0.8991596638655462,0.7181208053691275,0.3684210526283472,42,72,12,107
com_erro,random_forest,oscilacao,100,25,25,187,187,127,60,96,91,10,21,11,0.6684491978609626,0.6622023809523809,0.6231884057971014,0.8958333333333334,0.7350427350427351,0.428571428566719,39,52,10,86
com_erro,random_forest,oscilacao,100,30,30,156,156,107,49,80,76,10,24,14,0.6153846153846154,0.6088815789473685,0.5847457627118644,0.8625,0.696969696969697,0.3552631578900623,27,49,11,69
com_erro,random_forest,oscilacao,100,35,35,133,133,92,41,67,66,10,17,7,0.6390977443609023,0.6371551334237902,0.594059405940594,0.8955223880597015,0.7142857142857143,0.37878787878213954,25,41,7,60
com_erro,random_forest,oscilacao,100,40,40,117,117,79,38,60,57,10,15,5,0.6324786324786325,0.6254385964912281,0.5934065934065934,0.9,0.7152317880794702,0.35087719297630043,20,37,6,54
com_erro,random_forest,oscilacao,100,45,45,104,104,69,35,54,50,10,16,6,0.6634615384615384,0.6551851851851852,0.6266666666666667,0.8703703703703703,0.7286821705426356,0.43999999999120004,22,28,7,47
com_erro,random_forest,oscilacao,100,50,50,94,94,65,29,48,46,10,12,2,0.6702127659574468,0.6648550724637681,0.6197183098591549,0.9166666666666666,0.7394957983193278,0.4130434782518904,19,27,4,44
com_erro,random_forest,oscilacao,100,55,55,85,85,57,28,44,41,10,14,4,0.6470588235294118,0.6391352549889135,0.6129032258064516,0.8636363636363636,0.7169811320754716,0.41463414633135043,17,24,6,38
com_erro,random_forest,oscilacao,100,60,60,78,78,51,27,41,37,10,15,5,0.6153846153846154,0.6051417270929467,0.6,0.8048780487804879,0.6875,0.4054054053944485,15,22,8,33
com_erro,random_forest,oscilacao,100,65,65,72,72,48,24,37,35,10,12,2,0.625,0.6196911196911197,0.6,0.8108108108108109,0.6896551724137931,0.42857142855918373,15,20,7,30
com_erro,random_forest,oscilacao,100,70,70,67,67,48,19,35,32,10,6,-4,0.6268656716417911,0.6120535714285714,0.5892857142857143,0.9428571428571428,0.7252747252747253,0.281249999991211,9,23,2,33
com_erro,random_forest,oscilacao,100,75,75,63,63,41,22,32,31,10,10,0,0.6031746031746031,0.5992943548387097,0.574468085106383,0.84375,0.6835443037974683,0.3548387096659729,11,20,5,27
com_erro,random_forest,oscilacao,100,80,80,59,59,40,19,31,28,10,7,-3,0.5084745762711864,0.4890552995391705,0.5192307692307693,0.8709677419354839,0.6506024096385542,0.10714285713903061,3,25,4,27
com_erro,random_forest,oscilacao,100,85,85,55,55,38,17,27,28,10,8,-2,0.5818181818181818,0.5866402116402116,0.5476190476190477,0.8518518518518519,0.6666666666666666,0.32142857141709186,9,19,4,23
com_erro,random_forest,oscilacao,100,90,90,52,52,34,18,27,25,10,11,1,0.5769230769230769,0.5703703703703704,0.5714285714285714,0.7407407407407407,0.6451612903225806,0.399999999984,10,15,7,20
com_erro,random_forest,oscilacao,100,95,95,49,49,35,14,25,24,10,6,-4,0.5306122448979592,0.5233333333333333,0.5238095238095238,0.88,0.6567164179104478,0.1666666666597222,4,20,3,22
com_erro,random_forest,oscilacao,100,100,100,47,47,34,13,24,23,10,8,-2,0.574468085106383,0.568840579710145,0.5555555555555556,0.8333333333333334,0.6666666666666666,0.304347826073724,7,16,4,20
com_erro,random_forest,queda,20,5,5,947,947,212,735,193,754,20,40,20,0.8268215417106652,0.6348833853300532,0.6593406593406593,0.31088082901554404,0.4225352112676056,0.9588859416432907,723,31,133,60
com_erro,random_forest,queda,20,10,10,474,474,106,368,96,378,20,22,2,0.8438818565400844,0.6534391534391534,0.7619047619047619,0.3333333333333333,0.463768115942029,0.9735449735423981,368,10,64,32
com_erro,random_forest,queda,20,15,15,316,316,69,247,65,251,19,17,-2,0.8354430379746836,0.6285013790989886,0.782608695652174,0.27692307692307694,0.4090909090909091,0.9800796812709958,246,5,47,18
com_erro,random_forest,queda,20,20,20,237,237,54,183,48,189,18,16,-2,0.8354430379746836,0.624834656084656,0.7647058823529411,0.2708333333333333,0.4,0.9788359788307999,185,4,35,13
com_erro,random_forest,queda,30,5,5,945,945,251,694,231,714,18,38,20,0.8253968253968254,0.685319582378406,0.7661290322580645,0.41125541125541126,0.5352112676056338,0.9593837535000569,685,29,136,95
com_erro,random_forest,queda,30,10,10,473,473,125,348,115,358,18,26,8,0.8308668076109936,0.696441583677435,0.7692307692307693,0.43478260869565216,0.5555555555555556,0.9581005586565416,343,15,65,50
com_erro,random_forest,queda,30,15,15,315,315,81,234,76,239,16,13,-3,0.8507936507936508,0.6997632680026425,0.9393939393939394,0.40789473684210525,0.5688073394495413,0.9916317991590309,237,2,45,31
com_erro,random_forest,queda,30,20,20,237,237,63,174,58,179,18,16,-2,0.8354430379746836,0.6929300712772105,0.8275862068965517,0.41379310344827586,0.5517241379310345,0.9720670391007148,174,5,34,24
com_erro,random_forest,queda,30,25,25,189,189,51,138,44,145,16,16,0,0.8465608465608465,0.7100313479623824,0.8,0.45454545454545453,0.5797101449275363,0.9655172413726517,140,5,24,20
com_erro,random_forest,queda,30,30,30,158,158,37,121,38,120,16,11,-5,0.8354430379746836,0.6758771929824561,0.875,0.3684210526315789,0.5185185185185185,0.9833333333251388,118,2,24,14
com_erro,random_forest,queda,40,5,5,943,943,288,655,264,679,17,33,16,0.8048780487804879,0.6931873967956442,0.7631578947368421,0.4393939393939394,0.5576923076923077,0.9469808541959543,643,36,148,116
com_erro,random_forest,queda,40,10,10,472,472,144,328,132,340,17,29,12,0.7966101694915254,0.6803921568627451,0.7432432432432432,0.4166666666666667,0.5339805825242718,0.9441176470560467,321,19,77,55
com_erro,random_forest,queda,40,15,15,315,315,95,220,87,228,17,19,2,0.8031746031746032,0.6756654567453115,0.7906976744186046,0.39080459770114945,0.5230769230769231,0.9605263157852609,219,9,53,34
com_erro,random_forest,queda,40,20,20,236,236,73,163,66,170,16,21,5,0.7923728813559322,0.6751336898395722,0.7297297297297297,0.4090909090909091,0.5242718446601942,0.941176470582699,160,10,39,27
com_erro,random_forest,queda,40,25,25,189,189,58,131,55,134,15,15,0,0.798941798941799,0.6759837177747625,0.84,0.38181818181818183,0.525,0.9701492537241034,130,4,34,21
com_erro,random_forest,queda,40,30,30,158,158,49,109,45,113,17,15,-2,0.759493670886076,0.6312684365781711,0.6521739130434783,0.3333333333333333,0.4411764705882353,0.9292035398147858,105,8,30,15
com_erro,random_forest,queda,40,35,35,135,135,42,93,36,99,15,14,-1,0.7777777777777778,0.6363636363636364,0.6666666666666666,0.3333333333333333,0.4444444444444444,0.9393939393844505,93,6,24,12
com_erro,random_forest,queda,40,40,40,118,118,38,80,32,86,15,15,0,0.8135593220338984,0.7053052325581395,0.75,0.46875,0.5769230769230769,0.9418604651053272,81,5,17,15
com_erro,random_forest,queda,50,5,5,941,941,324,617,296,645,17,42,25,0.7587672688629118,0.6677377959354703,0.6906077348066298,0.4222972972972973,0.5241090146750524,0.9131782945722277,589,56,171,125
com_erro,random_forest,queda,50,10,10,471,471,162,309,148,323,17,26,9,0.7600849256900213,0.6603422307756672,0.7160493827160493,0.3918918918918919,0.5065502183406113,0.9287925696565672,300,23,90,58
com_erro,random_forest,queda,50,15,15,314,314,106,208,100,214,15,23,8,0.7484076433121019,0.6529439252336449,0.6842105263157895,0.39,0.4968152866242038,0.9158878504630099,196,18,61,39
com_erro,random_forest,queda,50,20,20,236,236,82,154,75,161,16,21,5,0.7457627118644068,0.6498550724637681,0.6744186046511628,0.38666666666666666,0.4915254237288136,0.9130434782551985,147,14,46,29
com_erro,random_forest,queda,50,25,25,189,189,64,125,59,130,16,17,1,0.7777777777777778,0.6764667535853977,0.7741935483870968,0.4067796610169492,0.5333333333333333,0.9461538461465682,123,7,35,24
com_erro,random_forest,queda,50,30,30,157,157,53,104,50,107,15,12,-3,0.732484076433121,0.6172897196261682,0.6818181818181818,0.3,0.4166666666666667,0.934579439243602,100,7,35,15
com_erro,random_forest,queda,50,35,35,135,135,46,89,41,94,15,19,4,0.7037037037037037,0.6015827711468604,0.5185185185185185,0.34146341463414637,0.4117647058823529,0.8617021276504074,81,13,27,14
com_erro,random_forest,queda,50,40,40,118,118,43,75,34,84,15,16,1,0.7288135593220338,0.634453781512605,0.5384615384615384,0.4117647058823529,0.4666666666666667,0.857142857132653,72,12,20,14
com_erro,random_forest,queda,50,45,45,105,105,37,68,33,72,15,13,-2,0.7238095238095238,0.6098484848484849,0.625,0.30303030303030304,0.40816326530612246,0.9166666666539351,66,6,23,10
com_erro,random_forest,queda,50,50,50,95,95,34,61,31,64,16,17,1,0.6842105263157895,0.6242439516129032,0.5185185185185185,0.45161290322580644,0.4827586206896552,0.7968749999875487,51,13,17,14
com_erro,random_forest,queda,60,5,5,939,939,358,581,327,612,16,42,26,0.7188498402555911,0.651870840079151,0.6438356164383562,0.43119266055045874,0.5164835164835165,0.8725490196064174,534,78,186,141
com_erro,random_forest,queda,60,10,10,470,470,179,291,164,306,16,32,16,0.7127659574468085,0.6407619958552526,0.6407766990291263,0.4024390243902439,0.4943820224719101,0.8790849673173886,269,37,98,66
com_erro,random_forest,queda,60,15,15,313,313,118,195,107,206,15,24,9,0.7124600638977636,0.6333363578622629,0.6307692307692307,0.38317757009345793,0.47674418604651164,0.8834951456267792,182,24,66,41
com_erro,random_forest,queda,60,20,20,235,235,90,145,82,153,15,27,12,0.7148936170212766,0.6508847441415591,0.631578947368421,0.43902439024390244,0.5179856115107914,0.8627450980335769,132,21,46,36
com_erro,random_forest,queda,60,25,25,188,188,72,116,63,125,15,22,7,0.7127659574468085,0.6226031746031746,0.6285714285714286,0.3492063492063492,0.4489795918367347,0.895999999992832,112,13,41,22
com_erro,random_forest,queda,60,30,30,157,157,56,101,54,103,14,16,2,0.7006369426751592,0.6044588277597986,0.64,0.2962962962962963,0.4050632911392405,0.9126213592144405,94,9,38,16
com_erro,random_forest,queda,60,35,35,135,135,52,83,47,88,15,21,6,0.6814814814814815,0.6268133462282398,0.5526315789473685,0.44680851063829785,0.49411764705882355,0.8068181818090134,71,17,26,21
com_erro,random_forest,queda,60,40,40,118,118,45,73,40,78,13,13,0,0.635593220338983,0.5477564102564103,0.44,0.275,0.3384615384615385,0.8205128205023011,64,14,29,11
com_erro,random_forest,queda,60,45,45,105,105,41,64,36,69,13,14,1,0.6571428571428571,0.586352657004831,0.5,0.3611111111111111,0.41935483870967744,0.8115942028867884,56,13,23,13
com_erro,random_forest,queda,60,50,50,94,94,37,57,31,63,15,14,-1,0.6595744680851063,0.6067588325652842,0.4827586206896552,0.45161290322580644,0.4666666666666667,0.7619047618926682,48,15,17,14
com_erro,random_forest,queda,60,55,55,86,86,31,55,27,59,13,10,-3,0.7906976744186046,0.6967984934086628,0.8,0.4444444444444444,0.5714285714285714,0.949152542356794,56,3,15,12
com_erro,random_forest,queda,60,60,60,79,79,28,51,29,50,13,11,-2,0.6708860759493671,0.5879310344827586,0.6153846153846154,0.27586206896551724,0.38095238095238093,0.8999999999820001,45,5,21,8
com_erro,random_forest,queda,70,5,5,937,937,388,549,357,580,16,46,30,0.6905016008537886,0.647686660871245,0.6254681647940075,0.4677871148459384,0.5352564102564102,0.8275862068951249,480,100,190,167
com_erro,random_forest,queda,70,10,10,469,469,194,275,179,290,16,36,20,0.7036247334754797,0.6577056443845117,0.6587301587301587,0.46368715083798884,0.5442622950819672,0.8517241379280975,247,43,96,83
com_erro,random_forest,queda,70,15,15,313,313,128,185,118,195,16,30,14,0.6964856230031949,0.6509995654063451,0.632183908045977,0.4661016949152542,0.5365853658536586,0.8358974358931492,163,32,63,55
com_erro,random_forest,queda,70,20,20,235,235,98,137,90,145,15,26,11,0.6595744680851063,0.6208812260536398,0.5694444444444444,0.45555555555555555,0.5061728395061729,0.786206896546302,114,31,49,41
com_erro,random_forest,queda,70,25,25,188,188,77,111,72,116,14,23,9,0.6914893617021277,0.6420019157088123,0.6458333333333334,0.4305555555555556,0.5166666666666667,0.8534482758547116,99,17,41,31
com_erro,random_forest,queda,70,30,30,157,157,66,91,61,96,13,25,12,0.6687898089171974,0.6335382513661202,0.5918367346938775,0.47540983606557374,0.5272727272727272,0.7916666666584201,76,20,32,29
com_erro,random_forest,queda,70,35,35,134,134,55,79,50,84,13,19,6,0.6940298507462687,0.6507142857142857,0.6153846153846154,0.48,0.5393258426966292,0.8214285714187924,69,15,26,24
com_erro,random_forest,queda,70,40,40,118,118,48,70,46,72,13,18,5,0.6186440677966102,0.5854468599033816,0.5128205128205128,0.43478260869565216,0.47058823529411764,0.7361111111008873,53,19,26,20
com_erro,random_forest,queda,70,45,45,105,105,44,61,38,67,14,13,-1,0.5904761904761905,0.54241948153967,0.42424242424242425,0.3684210526315789,0.39436619718309857,0.7164179104370684,48,19,24,14
com_erro,random_forest,queda,70,50,50,94,94,38,56,37,57,14,14,0,0.648936170212766,0.6062114746325272,0.5769230769230769,0.40540540540540543,0.47619047619047616,0.807017543845491,46,11,22,15
com_erro,random_forest,queda,70,55,55,86,86,33,53,30,56,13,12,-1,0.7558139534883721,0.7041666666666666,0.6956521739130435,0.5333333333333333,0.6037735849056604,0.874999999984375,49,7,14,16
com_erro,random_forest,queda,70,60,60,79,79,33,46,32,47,13,15,2,0.6582278481012658,0.6230053191489362,0.6086956521739131,0.4375,0.509090909090909,0.80851063828067,38,9,18,14
com_erro,random_forest,queda,70,65,65,73,73,32,41,26,47,15,13,-2,0.6575342465753424,0.613747954173486,0.5217391304347826,0.46153846153846156,0.4897959183673469,0.7659574467922138,36,11,14,12
com_erro,random_forest,queda,70,70,70,67,67,28,39,26,41,12,16,4,0.6268656716417911,0.6036585365853658,0.52,0.5,0.5098039215686274,0.7073170731534801,29,12,13,13
com_erro,random_forest,queda,80,5,5,935,935,418,517,387,548,15,49,34,0.653475935828877,0.6368141609611648,0.5887323943661972,0.5400516795865633,0.5633423180592992,0.7335766423344278,402,146,178,209
com_erro,random_forest,queda,80,10,10,468,468,209,259,194,274,14,38,24,0.6688034188034188,0.6464180901497478,0.6211180124223602,0.5154639175257731,0.5633802816901409,0.7773722627708856,213,61,94,100
com_erro,random_forest,queda,80,15,15,312,312,137,175,130,182,13,35,22,0.6762820512820513,0.6532967032967032,0.638095238095238,0.5153846153846153,0.5702127659574469,0.791208791204444,144,38,63,67
com_erro,random_forest,queda,80,20,20,234,234,105,129,97,137,12,31,19,0.6367521367521367,0.6175408232372639,0.5697674418604651,0.5051546391752577,0.5355191256830601,0.7299270072939422,100,37,48,49
com_erro,random_forest,queda,80,25,25,187,187,85,102,75,112,13,25,12,0.6577540106951871,0.632797619047619,0.5846153846153846,0.5066666666666667,0.5428571428571428,0.7589285714217953,85,27,37,38
com_erro,random_forest,queda,80,30,30,156,156,69,87,65,91,12,21,9,0.6794871794871795,0.654945054945055,0.6470588235294118,0.5076923076923077,0.5689655172413793,0.8021978021889868,73,18,32,33
com_erro,random_forest,queda,80,35,35,134,134,59,75,54,80,13,20,7,0.6119402985074627,0.5907407407407407,0.52,0.48148148148148145,0.5,0.69999999999125,56,24,28,26
com_erro,random_forest,queda,80,40,40,117,117,54,63,47,70,12,21,9,0.6153846153846154,0.5946808510638297,0.5227272727272727,0.48936170212765956,0.5054945054945055,0.69999999999,49,21,24,23
com_erro,random_forest,queda,80,45,45,104,104,44,60,46,58,12,13,1,0.5865384615384616,0.570839580209895,0.5405405405405406,0.43478260869565216,0.4819277108433735,0.7068965517119501,41,17,26,20
com_erro,random_forest,queda,80,50,50,94,94,42,52,39,55,13,13,0,0.6170212765957447,0.6018648018648018,0.5405405405405406,0.5128205128205128,0.5263157894736842,0.690909090896529,38,17,19,20
com_erro,random_forest,queda,80,55,55,85,85,37,48,34,51,13,16,3,0.6352941176470588,0.607843137254902,0.5517241379310345,0.47058823529411764,0.5079365079365079,0.7450980392010765,38,13,18,16
com_erro,random_forest,queda,80,60,60,78,78,34,44,32,46,12,17,5,0.6538461538461539,0.6256793478260869,0.6,0.46875,0.5263157894736842,0.7826086956351608,36,10,17,15
com_erro,random_forest,queda,80,65,65,72,72,35,37,27,45,13,10,-3,0.6805555555555556,0.6555555555555556,0.5769230769230769,0.5555555555555556,0.5660377358490566,0.7555555555387655,34,11,12,15
com_erro,random_forest,queda,80,70,70,67,67,29,38,28,39,12,12,0,0.6567164179104478,0.6446886446886446,0.5925925925925926,0.5714285714285714,0.5818181818181818,0.7179487179303091,28,11,12,16
com_erro,random_forest,queda,80,75,75,63,63,25,38,26,37,12,11,-1,0.6190476190476191,0.567047817047817,0.5833333333333334,0.2692307692307692,0.3684210526315789,0.8648648648414902,32,5,19,7
com_erro,random_forest,queda,80,80,80,59,59,26,33,24,35,11,11,0,0.559322033898305,0.5369047619047619,0.45454545454545453,0.4166666666666667,0.43478260869565216,0.6571428571240817,23,12,14,10
com_erro,random_forest,queda,90,5,5,933,933,447,486,414,519,14,43,29,0.5959271168274384,0.5884225517299153,0.5468354430379747,0.5217391304347826,0.5339925834363412,0.6551059730237859,340,179,198,216
com_erro,random_forest,queda,90,10,10,467,467,224,243,207,260,13,38,25,0.5781584582441114,0.5689613526570049,0.5260416666666666,0.48792270531400966,0.506265664160401,0.6499999999975,169,91,106,101
com_erro,random_forest,queda,90,15,15,311,311,148,163,136,175,12,32,20,0.6045016077170418,0.5944957983193278,0.5511811023622047,0.5147058823529411,0.532319391634981,0.6742857142818612,118,57,66,70
com_erro,random_forest,queda,90,20,20,234,234,113,121,104,130,13,29,16,0.5726495726495726,0.5663461538461538,0.5196078431372549,0.5096153846153846,0.5145631067961165,0.6230769230721303,81,49,51,53
com_erro,random_forest,queda,90,25,25,187,187,90,97,84,103,12,25,13,0.5561497326203209,0.544382801664355,0.5070422535211268,0.42857142857142855,0.4645161290322581,0.6601941747508718,68,35,48,36
com_erro,random_forest,queda,90,30,30,156,156,71,85,68,88,12,18,6,0.6089743589743589,0.5999331550802138,0.5538461538461539,0.5294117647058824,0.5413533834586466,0.6704545454469266,59,29,32,36
com_erro,random_forest,queda,90,35,35,134,134,62,72,58,76,12,19,7,0.5447761194029851,0.5292649727767695,0.47058823529411764,0.41379310344827586,0.44036697247706424,0.6447368420967797,49,27,34,24
com_erro,random_forest,queda,90,40,40,117,117,59,58,49,68,12,19,7,0.5555555555555556,0.5577731092436975,0.4745762711864407,0.5714285714285714,0.5185185185185185,0.5441176470508218,37,31,21,28
com_erro,random_forest,queda,90,45,45,104,104,50,54,46,58,12,14,2,0.5384615384615384,0.5344827586206897,0.4791666666666667,0.5,0.48936170212765956,0.5689655172315696,33,25,23,23
com_erro,random_forest,queda,90,50,50,94,94,45,49,43,51,12,14,2,0.574468085106383,0.573187414500684,0.5333333333333333,0.5581395348837209,0.5454545454545454,0.5882352941061131,30,21,19,24
com_erro,random_forest,queda,90,55,55,85,85,41,44,36,49,13,17,4,0.5764705882352941,0.562641723356009,0.5,0.4722222222222222,0.4857142857142857,0.6530612244764682,32,17,19,17
com_erro,random_forest,queda,90,60,60,78,78,35,43,33,45,12,14,2,0.6025641025641025,0.5909090909090908,0.53125,0.5151515151515151,0.5230769230769231,0.6666666666518519,30,15,16,17
com_erro,random_forest,queda,90,65,65,72,72,35,37,28,44,12,10,-2,0.5277777777777778,0.5162337662337663,0.40625,0.4642857142857143,0.43333333333333335,0.568181818168905,25,19,15,13
com_erro,random_forest,queda,90,70,70,67,67,29,38,28,39,12,13,1,0.582089552238806,0.5604395604395604,0.5,0.42857142857142855,0.46153846153846156,0.6923076922899409,27,12,16,12
com_erro,random_forest,queda,90,75,75,63,63,28,35,28,35,12,13,1,0.6190476190476191,0.6,0.6,0.42857142857142855,0.5,0.7714285714065306,27,8,16,12
com_erro,random_forest,queda,90,80,80,59,59,28,31,26,33,11,12,1,0.6101694915254238,0.5984848484848485,0.5652173913043478,0.5,0.5306122448979592,0.6969696969485768,23,10,13,13
com_erro,random_forest,queda,90,85,85,55,55,25,30,23,32,12,15,3,0.509090909090909,0.48641304347826086,0.4,0.34782608695652173,0.37209302325581395,0.6249999999804688,20,12,15,8
com_erro,random_forest,queda,90,90,90,52,52,25,27,23,29,11,11,0,0.4423076923076923,0.4325337331334333,0.36363636363636365,0.34782608695652173,0.35555555555555557,0.5172413792925089,15,14,15,8
com_erro,random_forest,queda,100,5,5,931,931,471,460,439,492,13,48,35,0.5703544575725027,0.568834842676445,0.5446224256292906,0.5421412300683371,0.54337899543379,0.5955284552833424,293,199,201,238
com_erro,random_forest,queda,100,10,10,466,466,237,229,219,247,13,37,24,0.5472103004291845,0.5456990738173146,0.5181818181818182,0.5205479452054794,0.5193621867881549,0.5708502024268387,141,106,105,114
com_erro,random_forest,queda,100,15,15,311,311,157,154,145,166,13,32,19,0.5401929260450161,0.5383049439135854,0.5068493150684932,0.5103448275862069,0.5085910652920962,0.5662650602375526,94,72,71,74
com_erro,random_forest,queda,100,20,20,233,233,119,114,109,124,12,28,16,0.51931330472103,0.5200873039360758,0.48739495798319327,0.5321100917431193,0.5087719298245614,0.508064516124935,63,61,51,58
com_erro,random_forest,queda,100,25,25,187,187,92,95,88,99,13,22,9,0.5668449197860963,0.5599747474747475,0.5492957746478874,0.4431818181818182,0.49056603773584906,0.6767676767608407,67,32,49,39
com_erro,random_forest,queda,100,30,30,156,156,80,76,73,83,13,22,9,0.5512820512820513,0.5519062551576168,0.5189873417721519,0.5616438356164384,0.5394736842105263,0.542168674692263,45,38,32,41
com_erro,random_forest,queda,100,35,35,133,133,68,65,62,71,12,19,7,0.5037593984962406,0.5045433893684689,0.47058823529411764,0.5161290322580645,0.49230769230769234,0.49295774647193014,35,36,30,32
com_erro,random_forest,queda,100,40,40,117,117,59,58,53,64,12,19,7,0.5470085470085471,0.5486438679245282,0.5,0.5660377358490566,0.5309734513274337,0.5312499999916992,34,30,23,30
com_erro,random_forest,queda,100,45,45,104,104,54,50,49,55,12,20,8,0.5,0.501669758812616,0.4727272727272727,0.5306122448979592,0.5,0.4727272727186777,26,29,23,26
com_erro,random_forest,queda,100,50,50,94,94,47,47,46,48,13,16,3,0.48936170212765956,0.490036231884058,0.48,0.5217391304347826,0.5,0.45833333332378473,22,26,22,24
com_erro,random_forest,queda,100,55,55,85,85,43,42,39,46,12,16,4,0.5294117647058824,0.532051282051282,0.4888888888888889,0.5641025641025641,0.5238095238095238,0.4999999999891305,23,23,17,22
com_erro,random_forest,queda,100,60,60,78,78,40,38,36,42,10,13,3,0.5512820512820513,0.5535714285714286,0.5121951219512195,0.5833333333333334,0.5454545454545454,0.5238095237970521,22,20,15,21
com_erro,random_forest,queda,100,65,65,72,72,36,36,33,39,12,13,1,0.5694444444444444,0.5652680652680653,0.53125,0.5151515151515151,0.5230769230769231,0.6153846153688364,24,15,16,17
com_erro,random_forest,queda,100,70,70,67,67,32,35,29,38,12,9,-3,0.5970149253731343,0.5957350272232305,0.53125,0.5862068965517241,0.5573770491803278,0.6052631578788089,23,15,12,17
com_erro,random_forest,queda,100,75,75,63,63,30,33,30,33,13,10,-3,0.5873015873015873,0.5818181818181818,0.5833333333333334,0.4666666666666667,0.5185185185185185,0.6969696969485768,23,10,16,14
com_erro,random_forest,queda,100,80,80,59,59,28,31,28,31,10,12,2,0.6440677966101694,0.6388248847926268,0.6521739130434783,0.5357142857142857,0.5882352941176471,0.7419354838470343,23,8,13,15
com_erro,random_forest,queda,100,85,85,55,55,26,29,26,29,11,12,1,0.5818181818181818,0.5755968169761274,0.5714285714285714,0.46153846153846156,0.5106382978723404,0.6896551723900118,20,9,14,12
com_erro,random_forest,queda,100,90,90,52,52,29,23,23,29,11,12,1,0.4423076923076923,0.44602698650674666,0.39285714285714285,0.4782608695652174,0.43137254901960786,0.41379310343400716,12,17,12,11
com_erro,random_forest,queda,100,95,95,49,49,26,23,24,25,11,11,0,0.5510204081632653,0.55,0.5454545454545454,0.5,0.5217391304347826,0.599999999976,15,10,12,12
com_erro,random_forest,queda,100,100,100,47,47,23,24,22,25,11,9,-2,0.5531914893617021,0.5609090909090909,0.5172413793103449,0.6818181818181818,0.5882352941176471,0.4399999999824,11,14,7,15
com_erro,xgboost,lacuna,20,5,5,947,947,264,683,246,701,17,17,0,1.0,1.0,1.0,1.0,1.0,0.9999999999985735,701,0,0,246
com_erro,xgboost,lacuna,20,10,10,474,474,130,344,123,351,17,17,0,1.0,1.0,1.0,1.0,1.0,0.9999999999971511,351,0,0,123
com_erro,xgboost,lacuna,20,15,15,316,316,89,227,81,235,17,17,0,1.0,1.0,1.0,1.0,1.0,0.9999999999957447,235,0,0,81
com_erro,xgboost,lacuna,20,20,20,237,237,67,170,60,177,16,16,0,1.0,1.0,1.0,1.0,1.0,0.9999999999943503,177,0,0,60
com_erro,xgboost,lacuna,30,5,5,945,945,306,639,277,668,16,16,0,1.0,1.0,1.0,1.0,1.0,0.999999999998503,668,0,0,277
com_erro,xgboost,lacuna,30,10,10,473,473,151,322,139,334,16,16,0,1.0,1.0,1.0,1.0,1.0,0.9999999999970061,334,0,0,139
com_erro,xgboost,lacuna,30,15,15,315,315,101,214,95,220,15,15,0,1.0,1.0,1.0,1.0,1.0,0.9999999999954546,220,0,0,95
com_erro,xgboost,lacuna,30,20,20,237,237,78,159,69,168,16,16,0,1.0,1.0,1.0,1.0,1.0,0.9999999999940477,168,0,0,69
com_erro,xgboost,lacuna,30,25,25,189,189,58,131,54,135,15,15,0,1.0,1.0,1.0,1.0,1.0,0.9999999999925927,135,0,0,54
com_erro,xgboost,lacuna,30,30,30,158,158,49,109,48,110,14,14,0,0.9810126582278481,0.96875,1.0,0.9375,0.967741935483871,0.999999999990909,110,0,3,45
com_erro,xgboost,lacuna,40,5,5,943,943,346,597,307,636,15,15,0,1.0,1.0,1.0,1.0,1.0,0.9999999999984277,636,0,0,307
com_erro,xgboost,lacuna,40,10,10,472,472,171,301,154,318,15,15,0,1.0,1.0,1.0,1.0,1.0,0.9999999999968554,318,0,0,154
com_erro,xgboost,lacuna,40,15,15,315,315,113,202,106,209,15,15,0,1.0,1.0,1.0,1.0,1.0,0.9999999999952154,209,0,0,106
com_erro,xgboost,lacuna,40,20,20,236,236,88,148,76,160,14,14,0,1.0,1.0,1.0,1.0,1.0,0.9999999999937501,160,0,0,76
com_erro,xgboost,lacuna,40,25,25,189,189,66,123,60,129,13,13,0,1.0,1.0,1.0,1.0,1.0,0.9999999999922481,129,0,0,60
com_erro,xgboost,lacuna,40,30,30,158,158,55,103,55,103,14,14,0,0.9936708860759493,0.990909090909091,1.0,0.9818181818181818,0.9908256880733946,0.9999999999902912,103,0,1,54
com_erro,xgboost,lacuna,40,35,35,135,135,51,84,45,90,13,13,0,1.0,1.0,1.0,1.0,1.0,0.9999999999888889,90,0,0,45
com_erro,xgboost,lacuna,40,40,40,118,118,43,75,39,79,13,13,0,0.9915254237288136,0.9871794871794872,1.0,0.9743589743589743,0.987012987012987,0.9999999999873417,79,0,1,38
com_erro,xgboost,lacuna,50,5,5,941,941,386,555,335,606,15,15,0,1.0,1.0,1.0,1.0,1.0,0.9999999999983499,606,0,0,335
com_erro,xgboost,lacuna,50,10,10,471,471,191,280,168,303,15,15,0,1.0,1.0,1.0,1.0,1.0,0.9999999999966998,303,0,0,168
com_erro,xgboost,lacuna,50,15,15,314,314,129,185,112,202,15,15,0,1.0,1.0,1.0,1.0,1.0,0.9999999999950495,202,0,0,112
com_erro,xgboost,lacuna,50,20,20,236,236,98,138,84,152,14,14,0,1.0,1.0,1.0,1.0,1.0,0.9999999999934212,152,0,0,84
com_erro,xgboost,lacuna,50,25,25,189,189,77,112,68,121,13,13,0,1.0,1.0,1.0,1.0,1.0,0.9999999999917355,121,0,0,68
com_erro,xgboost,lacuna,50,30,30,157,157,65,92,55,102,13,13,0,1.0,1.0,1.0,1.0,1.0,0.9999999999901961,102,0,0,55
com_erro,xgboost,lacuna,50,35,35,135,135,58,77,48,87,11,11,0,1.0,1.0,1.0,1.0,1.0,0.9999999999885058,87,0,0,48
com_erro,xgboost,lacuna,50,40,40,118,118,47,71,44,74,12,12,0,1.0,1.0,1.0,1.0,1.0,0.9999999999864865,74,0,0,44
com_erro,xgboost,lacuna,50,45,45,105,105,42,63,36,69,12,12,0,1.0,1.0,1.0,1.0,1.0,0.9999999999855071,69,0,0,36
com_erro,xgboost,lacuna,50,50,50,95,95,39,56,33,62,12,13,1,0.9789473684210527,0.9696969696969697,1.0,0.9393939393939394,0.96875,0.999999999983871,62,0,2,31
com_erro,xgboost,lacuna,60,5,5,939,939,426,513,362,577,13,13,0,1.0,1.0,1.0,1.0,1.0,0.9999999999982669,577,0,0,362
com_erro,xgboost,lacuna,60,10,10,470,470,211,259,182,288,13,13,0,1.0,1.0,1.0,1.0,1.0,0.9999999999965278,288,0,0,182
com_erro,xgboost,lacuna,60,15,15,313,313,141,172,124,189,11,11,0,1.0,1.0,1.0,1.0,1.0,0.999999999994709,189,0,0,124
com_erro,xgboost,lacuna,60,20,20,235,235,108,127,90,145,12,12,0,1.0,1.0,1.0,1.0,1.0,0.9999999999931035,145,0,0,90
com_erro,xgboost,lacuna,60,25,25,188,188,81,107,71,117,11,11,0,1.0,1.0,1.0,1.0,1.0,0.999999999991453,117,0,0,71
com_erro,xgboost,lacuna,60,30,30,157,157,69,88,62,95,11,11,0,0.9808917197452229,0.9758064516129032,1.0,0.9516129032258065,0.9752066115702479,0.9999999999894736,95,0,3,59
com_erro,xgboost,lacuna,60,35,35,135,135,60,75,53,82,12,12,0,1.0,1.0,1.0,1.0,1.0,0.9999999999878049,82,0,0,53
com_erro,xgboost,lacuna,60,40,40,118,118,51,67,44,74,12,12,0,1.0,1.0,1.0,1.0,1.0,0.9999999999864865,74,0,0,44
com_erro,xgboost,lacuna,60,45,45,105,105,47,58,39,66,11,11,0,1.0,1.0,1.0,1.0,1.0,0.9999999999848485,66,0,0,39
com_erro,xgboost,lacuna,60,50,50,94,94,40,54,34,60,11,11,0,1.0,1.0,1.0,1.0,1.0,0.9999999999833334,60,0,0,34
com_erro,xgboost,lacuna,60,55,55,86,86,37,49,33,53,11,11,0,1.0,1.0,1.0,1.0,1.0,0.9999999999811321,53,0,0,33
com_erro,xgboost,lacuna,60,60,60,79,79,35,44,30,49,11,11,0,0.9873417721518988,0.9833333333333334,1.0,0.9666666666666667,0.9830508474576272,0.9999999999795919,49,0,1,29
com_erro,xgboost,lacuna,70,5,5,937,937,466,471,386,551,12,12,0,1.0,1.0,1.0,1.0,1.0,0.9999999999981851,551,0,0,386
com_erro,xgboost,lacuna,70,10,10,469,469,231,238,194,275,12,12,0,1.0,1.0,1.0,1.0,1.0,0.9999999999963637,275,0,0,194
com_erro,xgboost,lacuna,70,15,15,313,313,153,160,132,181,12,12,0,1.0,1.0,1.0,1.0,1.0,0.9999999999944752,181,0,0,132
com_erro,xgboost,lacuna,70,20,20,235,235,118,117,97,138,12,12,0,1.0,1.0,1.0,1.0,1.0,0.9999999999927537,138,0,0,97
com_erro,xgboost,lacuna,70,25,25,188,188,92,96,76,112,12,12,0,0.9946808510638298,0.993421052631579,1.0,0.9868421052631579,0.9933774834437086,0.9999999999910714,112,0,1,75
com_erro,xgboost,lacuna,70,30,30,157,157,75,82,68,89,11,12,1,0.9936305732484076,0.9926470588235294,1.0,0.9852941176470589,0.9925925925925926,0.999999999988764,89,0,1,67
com_erro,xgboost,lacuna,70,35,35,134,134,66,68,57,77,10,10,0,1.0,1.0,1.0,1.0,1.0,0.9999999999870129,77,0,0,57
com_erro,xgboost,lacuna,70,40,40,118,118,57,61,47,71,12,12,0,1.0,1.0,1.0,1.0,1.0,0.9999999999859155,71,0,0,47
com_erro,xgboost,lacuna,70,45,45,105,105,54,51,43,62,11,11,0,1.0,1.0,1.0,1.0,1.0,0.999999999983871,62,0,0,43
com_erro,xgboost,lacuna,70,50,50,94,94,43,51,37,57,11,11,0,0.9893617021276596,0.9864864864864865,1.0,0.972972972972973,0.9863013698630136,0.9999999999824563,57,0,1,36
com_erro,xgboost,lacuna,70,55,55,86,86,43,43,37,49,11,11,0,1.0,1.0,1.0,1.0,1.0,0.9999999999795919,49,0,0,37
com_erro,xgboost,lacuna,70,60,60,79,79,38,41,34,45,11,11,0,1.0,1.0,1.0,1.0,1.0,0.9999999999777779,45,0,0,34
com_erro,xgboost,lacuna,70,65,65,73,73,34,39,31,42,12,12,0,1.0,1.0,1.0,1.0,1.0,0.9999999999761906,42,0,0,31
com_erro,xgboost,lacuna,70,70,70,67,67,31,36,30,37,10,10,0,1.0,1.0,1.0,1.0,1.0,0.9999999999729731,37,0,0,30
com_erro,xgboost,lacuna,80,5,5,935,935,501,434,408,527,12,12,0,1.0,1.0,1.0,1.0,1.0,0.9999999999981025,527,0,0,408
com_erro,xgboost,lacuna,80,10,10,468,468,249,219,205,263,12,12,0,1.0,1.0,1.0,1.0,1.0,0.9999999999961977,263,0,0,205
com_erro,xgboost,lacuna,80,15,15,312,312,167,145,137,175,11,11,0,1.0,1.0,1.0,1.0,1.0,0.9999999999942858,175,0,0,137
com_erro,xgboost,lacuna,80,20,20,234,234,128,106,102,132,11,11,0,1.0,1.0,1.0,1.0,1.0,0.9999999999924243,132,0,0,102
com_erro,xgboost,lacuna,80,25,25,187,187,98,89,80,107,10,10,0,1.0,1.0,1.0,1.0,1.0,0.9999999999906541,107,0,0,80
com_erro,xgboost,lacuna,80,30,30,156,156,84,72,68,88,10,10,0,1.0,1.0,1.0,1.0,1.0,0.9999999999886363,88,0,0,68
com_erro,xgboost,lacuna,80,35,35,134,134,74,60,58,76,10,10,0,1.0,1.0,1.0,1.0,1.0,0.9999999999868421,76,0,0,58
com_erro,xgboost,lacuna,80,40,40,117,117,63,54,52,65,11,11,0,0.9914529914529915,0.9903846153846154,1.0,0.9807692307692307,0.9902912621359223,0.9999999999846153,65,0,1,51
com_erro,xgboost,lacuna,80,45,45,104,104,57,47,42,62,10,10,0,1.0,1.0,1.0,1.0,1.0,0.999999999983871,62,0,0,42
com_erro,xgboost,lacuna,80,50,50,94,94,49,45,41,53,10,10,0,1.0,1.0,1.0,1.0,1.0,0.9999999999811321,53,0,0,41
com_erro,xgboost,lacuna,80,55,55,85,85,45,40,36,49,10,10,0,1.0,1.0,1.0,1.0,1.0,0.9999999999795919,49,0,0,36
com_erro,xgboost,lacuna,80,60,60,78,78,43,35,34,44,10,10,0,1.0,1.0,1.0,1.0,1.0,0.9999999999772728,44,0,0,34
com_erro,xgboost,lacuna,80,65,65,72,72,37,35,30,42,11,11,0,1.0,1.0,1.0,1.0,1.0,0.9999999999761906,42,0,0,30
com_erro,xgboost,lacuna,80,70,70,67,67,37,30,30,37,10,10,0,1.0,1.0,1.0,1.0,1.0,0.9999999999729731,37,0,0,30
com_erro,xgboost,lacuna,80,75,75,63,63,35,28,27,36,10,10,0,1.0,1.0,1.0,1.0,1.0,0.9999999999722223,36,0,0,27
com_erro,xgboost,lacuna,80,80,80,59,59,33,26,24,35,10,10,0,0.9830508474576272,0.9791666666666667,1.0,0.9583333333333334,0.9787234042553191,0.9999999999714286,35,0,1,23
com_erro,xgboost,lacuna,90,5,5,933,933,534,399,430,503,11,11,0,1.0,1.0,1.0,1.0,1.0,0.9999999999980119,503,0,0,430
com_erro,xgboost,lacuna,90,10,10,467,467,266,201,216,251,11,11,0,1.0,1.0,1.0,1.0,1.0,0.999999999996016,251,0,0,216
com_erro,xgboost,lacuna,90,15,15,311,311,178,133,146,165,10,10,0,1.0,1.0,1.0,1.0,1.0,0.9999999999939394,165,0,0,146
com_erro,xgboost,lacuna,90,20,20,234,234,135,99,108,126,11,11,0,1.0,1.0,1.0,1.0,1.0,0.9999999999920635,126,0,0,108
com_erro,xgboost,lacuna,90,25,25,187,187,106,81,84,103,10,10,0,1.0,1.0,1.0,1.0,1.0,0.9999999999902912,103,0,0,84
com_erro,xgboost,lacuna,90,30,30,156,156,88,68,73,83,10,11,1,0.9807692307692307,0.9794520547945205,1.0,0.958904109589041,0.9790209790209791,0.9999999999879517,83,0,3,70
com_erro,xgboost,lacuna,90,35,35,134,134,77,57,61,73,11,11,0,1.0,1.0,1.0,1.0,1.0,0.9999999999863013,73,0,0,61
com_erro,xgboost,lacuna,90,40,40,117,117,66,51,56,61,10,10,0,1.0,1.0,1.0,1.0,1.0,0.9999999999836067,61,0,0,56
com_erro,xgboost,lacuna,90,45,45,104,104,60,44,48,56,10,10,0,1.0,1.0,1.0,1.0,1.0,0.999999999982143,56,0,0,48
com_erro,xgboost,lacuna,90,50,50,94,94,55,39,42,52,10,10,0,1.0,1.0,1.0,1.0,1.0,0.9999999999807693,52,0,0,42
com_erro,xgboost,lacuna,90,55,55,85,85,49,36,39,46,10,10,0,1.0,1.0,1.0,1.0,1.0,0.999999999978261,46,0,0,39
com_erro,xgboost,lacuna,90,60,60,78,78,45,33,36,42,10,10,0,0.9871794871794872,0.9861111111111112,1.0,0.9722222222222222,0.9859154929577465,0.9999999999761906,42,0,1,35
com_erro,xgboost,lacuna,90,65,65,72,72,40,32,33,39,10,10,0,1.0,1.0,1.0,1.0,1.0,0.9999999999743591,39,0,0,33
com_erro,xgboost,lacuna,90,70,70,67,67,39,28,30,37,10,10,0,0.9701492537313433,0.9666666666666667,1.0,0.9333333333333333,0.9655172413793104,0.9999999999729731,37,0,2,28
com_erro,xgboost,lacuna,90,75,75,63,63,38,25,28,35,10,10,0,1.0,1.0,1.0,1.0,1.0,0.9999999999714286,35,0,0,28
com_erro,xgboost,lacuna,90,80,80,59,59,36,23,27,32,10,10,0,1.0,1.0,1.0,1.0,1.0,0.9999999999687501,32,0,0,27
com_erro,xgboost,lacuna,90,85,85,55,55,31,24,24,31,10,10,0,1.0,1.0,1.0,1.0,1.0,0.9999999999677419,31,0,0,24
com_erro,xgboost,lacuna,90,90,90,52,52,29,23,26,26,10,10,0,0.9423076923076923,0.9423076923076923,1.0,0.8846153846153846,0.9387755102040817,0.9999999999615384,26,0,3,23
com_erro,xgboost,lacuna,100,5,5,931,931,564,367,450,481,11,11,0,1.0,1.0,1.0,1.0,1.0,0.999999999997921,481,0,0,450
com_erro,xgboost,lacuna,100,10,10,466,466,281,185,226,240,11,11,0,1.0,1.0,1.0,1.0,1.0,0.9999999999958333,240,0,0,226
com_erro,xgboost,lacuna,100,15,15,311,311,187,124,153,158,11,11,0,1.0,1.0,1.0,1.0,1.0,0.999999999993671,158,0,0,153
com_erro,xgboost,lacuna,100,20,20,233,233,144,89,113,120,10,10,0,1.0,1.0,1.0,1.0,1.0,0.9999999999916667,120,0,0,113
com_erro,xgboost,lacuna,100,25,25,187,187,114,73,90,97,11,11,0,1.0,1.0,1.0,1.0,1.0,0.9999999999896907,97,0,0,90
com_erro,xgboost,lacuna,100,30,30,156,156,93,63,78,78,11,11,0,1.0,1.0,1.0,1.0,1.0,0.9999999999871795,78,0,0,78
com_erro,xgboost,lacuna,100,35,35,133,133,80,53,65,68,10,10,0,1.0,1.0,1.0,1.0,1.0,0.9999999999852941,68,0,0,65
com_erro,xgboost,lacuna,100,40,40,117,117,70,47,56,61,10,10,0,1.0,1.0,1.0,1.0,1.0,0.9999999999836067,61,0,0,56
com_erro,xgboost,lacuna,100,45,45,104,104,62,42,48,56,10,10,0,1.0,1.0,1.0,1.0,1.0,0.999999999982143,56,0,0,48
com_erro,xgboost,lacuna,100,50,50,94,94,57,37,44,50,11,11,0,0.9893617021276596,0.9886363636363636,1.0,0.9772727272727273,0.9885057471264368,0.9999999999800001,50,0,1,43
com_erro,xgboost,lacuna,100,55,55,85,85,52,33,42,43,10,10,0,1.0,1.0,1.0,1.0,1.0,0.9999999999767443,43,0,0,42
com_erro,xgboost,lacuna,100,60,60,78,78,48,30,38,40,10,10,0,1.0,1.0,1.0,1.0,1.0,0.9999999999750001,40,0,0,38
com_erro,xgboost,lacuna,100,65,65,72,72,43,29,36,36,10,10,0,1.0,1.0,1.0,1.0,1.0,0.9999999999722223,36,0,0,36
com_erro,xgboost,lacuna,100,70,70,67,67,42,25,32,35,10,10,0,1.0,1.0,1.0,1.0,1.0,0.9999999999714286,35,0,0,32
com_erro,xgboost,lacuna,100,75,75,63,63,39,24,31,32,11,11,0,1.0,1.0,1.0,1.0,1.0,0.9999999999687501,32,0,0,31
com_erro,xgboost,lacuna,100,80,80,59,59,38,21,27,32,10,10,0,1.0,1.0,1.0,1.0,1.0,0.9999999999687501,32,0,0,27
com_erro,xgboost,lacuna,100,85,85,55,55,33,22,27,28,10,10,0,1.0,1.0,1.0,1.0,1.0,0.9999999999642857,28,0,0,27
com_erro,xgboost,lacuna,100,90,90,52,52,31,21,26,26,10,10,0,1.0,1.0,1.0,1.0,1.0,0.9999999999615384,26,0,0,26
com_erro,xgboost,lacuna,100,95,95,49,49,27,22,22,27,10,10,0,0.9795918367346939,0.9772727272727273,1.0,0.9545454545454546,0.9767441860465116,0.999999999962963,27,0,1,21
com_erro,xgboost,lacuna,100,100,100,47,47,29,18,23,24,9,9,0,1.0,1.0,1.0,1.0,1.0,0.9999999999583333,24,0,0,23
com_erro,xgboost,oscilacao,20,5,5,947,947,404,543,285,662,16,60,44,0.8067581837381204,0.8198203211957387,0.6328125,0.8526315789473684,0.726457399103139,0.78700906344292,521,141,42,243
com_erro,xgboost,oscilacao,20,10,10,474,474,204,270,143,331,16,48,32,0.7953586497890295,0.8038260832822767,0.6210526315789474,0.8251748251748252,0.7087087087087087,0.7824773413873641,259,72,25,118
com_erro,xgboost,oscilacao,20,15,15,316,316,130,186,93,223,16,40,24,0.8132911392405063,0.8175659385698443,0.6416666666666667,0.8279569892473119,0.7230046948356808,0.8071748878887571,180,43,16,77
com_erro,xgboost,oscilacao,20,20,20,237,237,104,133,72,165,16,34,18,0.7932489451476793,0.8084595959595959,0.6161616161616161,0.8472222222222222,0.7134502923976608,0.7696969696923049,127,38,11,61
com_erro,xgboost,oscilacao,30,5,5,945,945,446,499,315,630,16,57,41,0.764021164021164,0.7904761904761906,0.6008771929824561,0.8698412698412699,0.7107652399481194,0.7111111111099824,448,182,41,274
com_erro,xgboost,oscilacao,30,10,10,473,473,225,248,158,315,16,44,28,0.7610993657505285,0.77804902551738,0.6036866359447005,0.8291139240506329,0.6986666666666667,0.7269841269818191,229,86,27,131
com_erro,xgboost,oscilacao,30,15,15,315,315,148,167,103,212,16,34,18,0.7746031746031746,0.7951089943213042,0.6111111111111112,0.8543689320388349,0.7125506072874493,0.7358490566003026,156,56,15,88
com_erro,xgboost,oscilacao,30,20,20,237,237,112,125,78,159,15,27,12,0.7974683544303798,0.81966618287373,0.6388888888888888,0.8846153846153846,0.7419354838709677,0.7547169811273289,120,39,9,69
com_erro,xgboost,oscilacao,30,25,25,189,189,88,101,61,128,15,29,14,0.7936507936507936,0.8219134221311475,0.625,0.9016393442622951,0.738255033557047,0.7421874999942017,95,33,6,55
com_erro,xgboost,oscilacao,30,30,30,158,158,75,83,52,106,15,29,14,0.7468354430379747,0.7672351233671988,0.581081081081081,0.8269230769230769,0.6825396825396826,0.7075471698046457,75,31,9,43
com_erro,xgboost,oscilacao,40,5,5,943,943,482,461,345,598,15,45,30,0.7412513255567338,0.7708472686733556,0.5996055226824457,0.881159420289855,0.7136150234741784,0.6605351170557516,395,203,41,304
com_erro,xgboost,oscilacao,40,10,10,472,472,243,229,173,299,14,39,25,0.739406779661017,0.7675198639008641,0.5992063492063492,0.8728323699421965,0.7105882352941176,0.6622073578573171,198,101,22,151
com_erro,xgboost,oscilacao,40,15,15,315,315,159,156,113,202,15,35,20,0.7492063492063492,0.7732629457636029,0.60625,0.8584070796460177,0.7106227106227107,0.6881188118777817,139,63,16,97
com_erro,xgboost,oscilacao,40,20,20,236,236,122,114,87,149,14,37,23,0.7372881355932204,0.7632492478592918,0.6,0.8620689655172413,0.7075471698113207,0.6644295301968831,99,50,12,75
com_erro,xgboost,oscilacao,40,25,25,189,189,95,94,67,122,15,30,15,0.746031746031746,0.7662711034988989,0.6021505376344086,0.835820895522388,0.7,0.696721311469699,85,37,11,56
com_erro,xgboost,oscilacao,40,30,30,158,158,82,76,58,100,14,29,15,0.7025316455696202,0.7324137931034482,0.5632183908045977,0.8448275862068966,0.6758620689655173,0.6199999999938,62,38,9,49
com_erro,xgboost,oscilacao,40,35,35,135,135,70,65,49,86,12,27,15,0.7333333333333333,0.755576649264357,0.5942028985507246,0.8367346938775511,0.6949152542372882,0.6744186046433207,58,28,8,41
com_erro,xgboost,oscilacao,40,40,40,118,118,60,58,43,75,12,23,11,0.7457627118644068,0.7603100775193798,0.6140350877192983,0.813953488372093,0.7,0.7066666666572444,53,22,8,35
com_erro,xgboost,oscilacao,50,5,5,941,941,513,428,372,569,14,55,41,0.722635494155154,0.7497094506491297,0.6022099447513812,0.8790322580645161,0.7147540983606557,0.6203866432326531,353,216,45,327
com_erro,xgboost,oscilacao,50,10,10,471,471,258,213,186,285,14,37,23,0.7176220806794055,0.7423882286361064,0.599250936329588,0.8602150537634409,0.7064017660044151,0.6245614035065805,178,107,26,160
com_erro,xgboost,oscilacao,50,15,15,314,314,168,146,122,192,14,33,19,0.7388535031847133,0.7625512295081966,0.6162790697674418,0.8688524590163934,0.7210884353741497,0.6562499999965821,126,66,16,106
com_erro,xgboost,oscilacao,50,20,20,236,236,129,107,92,144,14,29,15,0.7372881355932204,0.7670591787439613,0.6102941176470589,0.9021739130434783,0.7280701754385965,0.631944444440056,91,53,9,83
com_erro,xgboost,oscilacao,50,25,25,189,189,102,87,75,114,13,26,13,0.7248677248677249,0.7491228070175439,0.6074766355140186,0.8666666666666667,0.7142857142857143,0.6315789473628809,72,42,10,65
com_erro,xgboost,oscilacao,50,30,30,157,157,84,73,62,95,12,24,12,0.7643312101910829,0.7828522920203735,0.6506024096385542,0.8709677419354839,0.7448275862068966,0.6947368420979501,66,29,8,54
com_erro,xgboost,oscilacao,50,35,35,135,135,74,61,52,83,12,24,12,0.6962962962962963,0.7242817423540315,0.5714285714285714,0.8461538461538461,0.6821705426356589,0.602409638546959,50,33,8,44
com_erro,xgboost,oscilacao,50,40,40,118,118,63,55,45,73,11,23,12,0.7203389830508474,0.7526636225266362,0.5882352941176471,0.8888888888888888,0.7079646017699115,0.6164383561559391,45,28,5,40
com_erro,xgboost,oscilacao,50,45,45,105,105,55,50,41,64,12,23,11,0.7428571428571429,0.7583841463414633,0.6296296296296297,0.8292682926829268,0.7157894736842105,0.6874999999892578,44,20,7,34
com_erro,xgboost,oscilacao,50,50,50,95,95,52,43,38,57,11,16,5,0.7157894736842105,0.7368421052631579,0.6037735849056604,0.8421052631578947,0.7032967032967034,0.6315789473573408,36,21,6,32
com_erro,xgboost,oscilacao,60,5,5,939,939,542,397,398,541,14,46,32,0.7167199148029819,0.7385518163832099,0.6157894736842106,0.8819095477386935,0.7252066115702479,0.5951940850266263,322,219,47,351
com_erro,xgboost,oscilacao,60,10,10,470,470,273,197,199,271,14,40,26,0.6914893617021277,0.715783715626101,0.5918367346938775,0.8743718592964824,0.7058823529411765,0.5571955719536635,151,120,25,174
com_erro,xgboost,oscilacao,60,15,15,313,313,180,133,131,182,14,31,17,0.7092651757188498,0.7307482593742136,0.6075268817204301,0.8625954198473282,0.7129337539432177,0.5989010988978083,109,73,18,113
com_erro,xgboost,oscilacao,60,20,20,235,235,137,98,100,135,12,28,16,0.6851063829787234,0.7116666666666667,0.5855263157894737,0.89,0.7063492063492064,0.5333333333293827,72,63,11,89
com_erro,xgboost,oscilacao,60,25,25,188,188,108,80,81,107,11,26,15,0.7021276595744681,0.721818391600323,0.6086956521739131,0.8641975308641975,0.7142857142857143,0.5794392523310332,62,45,11,70
com_erro,xgboost,oscilacao,60,30,30,157,157,91,66,66,91,12,22,10,0.6942675159235668,0.7175324675324675,0.59375,0.8636363636363636,0.7037037037037037,0.571428571422292,52,39,9,57
com_erro,xgboost,oscilacao,60,35,35,135,135,80,55,59,76,10,25,15,0.674074074074074,0.6934656556645852,0.5882352941176471,0.847457627118644,0.6944444444444444,0.539473684203428,41,35,9,50
com_erro,xgboost,oscilacao,60,40,40,118,118,67,51,51,67,10,20,10,0.6779661016949152,0.6976880304360551,0.589041095890411,0.8431372549019608,0.6935483870967742,0.5522388059619069,37,30,8,43
com_erro,xgboost,oscilacao,60,45,45,105,105,58,47,44,61,12,19,7,0.7714285714285715,0.7874441132637854,0.6724137931034483,0.8863636363636364,0.7647058823529411,0.6885245901526472,42,19,5,39
com_erro,xgboost,oscilacao,60,50,50,94,94,55,39,39,55,11,20,9,0.6595744680851063,0.6867132867132867,0.559322033898305,0.8461538461538461,0.673469387755102,0.5272727272631406,29,26,6,33
com_erro,xgboost,oscilacao,60,55,55,86,86,49,37,34,52,12,18,6,0.6744186046511628,0.7002262443438914,0.56,0.8235294117647058,0.6666666666666666,0.5769230769119823,30,22,6,28
com_erro,xgboost,oscilacao,60,60,60,79,79,43,36,36,43,10,15,5,0.6329113924050633,0.6447028423772609,0.5714285714285714,0.7777777777777778,0.6588235294117647,0.511627906964846,22,21,8,28
com_erro,xgboost,oscilacao,70,5,5,937,937,570,367,423,514,11,39,28,0.67982924226254,0.6974984132240527,0.5990338164251208,0.8794326241134752,0.7126436781609196,0.5155642023336273,265,249,51,372
com_erro,xgboost,oscilacao,70,10,10,469,469,287,182,212,257,11,34,23,0.6823027718550106,0.6993796343880773,0.6019417475728155,0.8773584905660378,0.7140115163147792,0.521400778208088,134,123,26,186
com_erro,xgboost,oscilacao,70,15,15,313,313,188,125,140,173,11,28,17,0.7156549520766773,0.7291494632535095,0.6349206349206349,0.8571428571428571,0.729483282674772,0.601156069360687,104,69,20,120
com_erro,xgboost,oscilacao,70,20,20,235,235,144,91,105,130,11,26,15,0.6723404255319149,0.6937728937728938,0.5875,0.8952380952380953,0.7094339622641509,0.49230769230390536,64,66,11,94
com_erro,xgboost,oscilacao,70,25,25,188,188,111,77,85,103,11,27,16,0.6968085106382979,0.7078812107367218,0.625,0.8235294117647058,0.7106598984771574,0.592233009702988,61,42,15,70
com_erro,xgboost,oscilacao,70,30,30,157,157,96,61,71,86,11,25,14,0.6560509554140127,0.6725352112676056,0.5825242718446602,0.8450704225352113,0.6896551724137931,0.49999999999418604,43,43,11,60
com_erro,xgboost,oscilacao,70,35,35,134,134,81,53,61,73,10,22,12,0.7164179104477612,0.732988996182349,0.6292134831460674,0.9180327868852459,0.7466666666666667,0.5479452054719459,40,33,5,56
com_erro,xgboost,oscilacao,70,40,40,118,118,71,47,54,64,10,19,9,0.652542372881356,0.6681134259259259,0.5822784810126582,0.8518518518518519,0.6917293233082706,0.4843749999924316,31,33,8,46
com_erro,xgboost,oscilacao,70,45,45,105,105,62,43,47,58,10,21,11,0.7047619047619048,0.710564930300807,0.6428571428571429,0.7659574468085106,0.6990291262135923,0.6551724137818075,38,20,11,36
com_erro,xgboost,oscilacao,70,50,50,94,94,58,36,42,52,11,19,8,0.6382978723404256,0.6524725274725275,0.5689655172413793,0.7857142857142857,0.66,0.519230769220784,27,25,9,33
com_erro,xgboost,oscilacao,70,55,55,86,86,50,36,38,48,11,20,9,0.6976744186046512,0.7072368421052632,0.625,0.7894736842105263,0.6976744186046512,0.6249999999869792,30,18,8,30
com_erro,xgboost,oscilacao,70,60,60,79,79,47,32,38,41,10,13,3,0.6962025316455697,0.7015404364569962,0.64,0.8421052631578947,0.7272727272727273,0.5609756097424152,23,18,6,32
com_erro,xgboost,oscilacao,70,65,65,73,73,41,32,35,38,10,16,6,0.6575342465753424,0.6631578947368422,0.6086956521739131,0.8,0.691358024691358,0.5263157894598338,20,18,7,28
com_erro,xgboost,oscilacao,70,70,70,67,67,42,25,31,36,10,17,7,0.6268656716417911,0.6415770609318996,0.5652173913043478,0.8387096774193549,0.6753246753246753,0.4444444444320988,16,20,5,26
com_erro,xgboost,oscilacao,80,5,5,935,935,594,341,441,494,11,36,25,0.6994652406417112,0.7107214005710246,0.6246105919003115,0.909297052154195,0.7405355493998154,0.5121457489868175,253,241,40,401
com_erro,xgboost,oscilacao,80,10,10,468,468,299,169,221,247,11,32,21,0.6794871794871795,0.6901643248392474,0.6112852664576802,0.8823529411764706,0.7222222222222222,0.4979757085000082,123,124,26,195
com_erro,xgboost,oscilacao,80,15,15,312,312,196,116,146,166,11,27,16,0.6891025641025641,0.7004043571546459,0.6183574879227053,0.8767123287671232,0.7252124645892352,0.5240963855390115,87,79,18,128
com_erro,xgboost,oscilacao,80,20,20,234,234,149,85,111,123,10,27,17,0.6623931623931624,0.6709514392441221,0.6038961038961039,0.8378378378378378,0.7018867924528301,0.5040650406463084,62,61,18,93
com_erro,xgboost,oscilacao,80,25,25,187,187,117,70,87,100,11,25,14,0.679144385026738,0.690287356321839,0.6115702479338843,0.8505747126436781,0.7115384615384616,0.5299999999946999,53,47,13,74
com_erro,xgboost,oscilacao,80,30,30,156,156,98,58,74,82,11,23,12,0.6602564102564102,0.6702373104812129,0.5981308411214953,0.8648648648648649,0.7071823204419889,0.4756097560917608,39,43,10,64
com_erro,xgboost,oscilacao,80,35,35,134,134,86,48,61,73,10,24,14,0.664179104477612,0.6810015719739502,0.5888888888888889,0.8688524590163934,0.7019867549668874,0.49315068492475134,36,37,8,53
com_erro,xgboost,oscilacao,80,40,40,117,117,73,44,55,62,10,17,7,0.6752136752136753,0.6853372434017595,0.6103896103896104,0.8545454545454545,0.7121212121212122,0.5161290322497399,32,30,8,47
com_erro,xgboost,oscilacao,80,45,45,104,104,66,38,51,53,10,19,9,0.7115384615384616,0.7140214576396596,0.6615384615384615,0.8431372549019608,0.7413793103448276,0.5849056603663225,31,22,8,43
com_erro,xgboost,oscilacao,80,50,50,94,94,60,34,45,49,11,19,8,0.6808510638297872,0.6857142857142857,0.631578947368421,0.8,0.7058823529411765,0.5714285714169096,28,21,9,36
com_erro,xgboost,oscilacao,80,55,55,85,85,54,31,39,46,11,18,7,0.7058823529411765,0.7165551839464883,0.6346153846153846,0.8461538461538461,0.7252747252747253,0.5869565217263706,27,19,6,33
com_erro,xgboost,oscilacao,80,60,60,78,78,48,30,39,39,10,15,5,0.6666666666666666,0.6666666666666667,0.6181818181818182,0.8717948717948718,0.723404255319149,0.46153846152662725,18,21,5,34
com_erro,xgboost,oscilacao,80,65,65,72,72,44,28,34,38,10,12,2,0.7361111111111112,0.7438080495356036,0.6666666666666666,0.8823529411764706,0.759493670886076,0.6052631578788089,23,15,4,30
com_erro,xgboost,oscilacao,80,70,70,67,67,45,22,31,36,10,11,1,0.5970149253731343,0.6182795698924731,0.5384615384615384,0.9032258064516129,0.6746987951807228,0.3333333333240741,12,24,3,28
com_erro,xgboost,oscilacao,80,75,75,63,63,38,25,29,34,11,13,2,0.6349206349206349,0.6490872210953347,0.5714285714285714,0.8275862068965517,0.676056338028169,0.4705882352802769,16,18,5,24
com_erro,xgboost,oscilacao,80,80,80,59,59,36,23,29,30,10,11,1,0.5932203389830508,0.5977011494252873,0.5555555555555556,0.8620689655172413,0.6756756756756757,0.3333333333222222,10,20,4,25
com_erro,xgboost,oscilacao,90,5,5,933,933,617,316,458,475,10,33,23,0.69989281886388,0.7035440128706045,0.6369230769230769,0.9039301310043668,0.7472924187725631,0.5031578947357829,239,236,44,414
com_erro,xgboost,oscilacao,90,10,10,467,467,310,157,230,237,10,30,20,0.6809421841541756,0.6839203815813613,0.6246153846153846,0.8826086956521739,0.7315315315315315,0.4852320675085012,115,122,27,203
com_erro,xgboost,oscilacao,90,15,15,311,311,206,105,153,158,10,22,12,0.7041800643086816,0.7073095060809134,0.641860465116279,0.9019607843137255,0.75,0.5126582278448566,81,77,15,138
com_erro,xgboost,oscilacao,90,20,20,234,234,155,79,114,120,10,29,19,0.6709401709401709,0.6767543859649123,0.6094674556213018,0.9035087719298246,0.7279151943462897,0.44999999999625,54,66,11,103
com_erro,xgboost,oscilacao,90,25,25,187,187,121,66,91,96,10,22,12,0.732620320855615,0.7364354395604396,0.6722689075630253,0.8791208791208791,0.7619047619047619,0.5937499999938151,57,39,11,80
com_erro,xgboost,oscilacao,90,30,30,156,156,103,53,77,79,10,19,9,0.6794871794871795,0.6822291632418215,0.6216216216216216,0.8961038961038961,0.7340425531914894,0.4683544303738183,37,42,8,69
com_erro,xgboost,oscilacao,90,35,35,134,134,91,43,65,69,10,19,9,0.7238805970149254,0.7283166109253065,0.6627906976744186,0.8769230769230769,0.7549668874172185,0.5797101449191346,40,29,8,57
com_erro,xgboost,oscilacao,90,40,40,117,117,76,41,56,61,10,17,7,0.6837606837606838,0.6937939110070258,0.611764705882353,0.9285714285714286,0.7375886524822695,0.4590163934350981,28,33,4,52
com_erro,xgboost,oscilacao,90,45,45,104,104,67,37,53,51,10,16,6,0.7019230769230769,0.6990381058083611,0.6617647058823529,0.8490566037735849,0.743801652892562,0.5490196078323722,28,23,8,45
com_erro,xgboost,oscilacao,90,50,50,94,94,62,32,47,47,10,18,8,0.6914893617021277,0.6914893617021276,0.65,0.8297872340425532,0.7289719626168224,0.5531914893499321,26,21,8,39
com_erro,xgboost,oscilacao,90,55,55,85,85,55,30,41,44,10,20,10,0.7294117647058823,0.7311529933481153,0.6956521739130435,0.7804878048780488,0.735632183908046,0.681818181802686,30,14,9,32
com_erro,xgboost,oscilacao,90,60,60,78,78,50,28,39,39,10,13,3,0.6923076923076923,0.6923076923076923,0.6363636363636364,0.8974358974358975,0.7446808510638298,0.48717948716699544,19,20,4,35
com_erro,xgboost,oscilacao,90,65,65,72,72,46,26,37,35,10,12,2,0.7222222222222222,0.7196911196911198,0.6976744186046512,0.8108108108108109,0.75,0.6285714285534695,22,13,7,30
com_erro,xgboost,oscilacao,90,70,70,67,67,47,20,33,34,10,12,2,0.7313432835820896,0.7344028520499108,0.6595744680851063,0.9393939393939394,0.775,0.5294117646903115,18,16,2,31
com_erro,xgboost,oscilacao,90,75,75,63,63,40,23,31,32,10,14,4,0.7142857142857143,0.7162298387096775,0.6666666666666666,0.8387096774193549,0.7428571428571429,0.5937499999814454,19,13,5,26
com_erro,xgboost,oscilacao,90,80,80,59,59,38,21,30,29,10,11,1,0.6440677966101694,0.639080459770115,0.5957446808510638,0.9333333333333333,0.7272727272727273,0.3448275861950059,10,19,2,28
com_erro,xgboost,oscilacao,90,85,85,55,55,37,18,26,29,10,11,1,0.6545454545454545,0.666445623342175,0.5897435897435898,0.8846153846153846,0.7076923076923077,0.4482758620535077,13,16,3,23
com_erro,xgboost,oscilacao,90,90,90,52,52,32,20,26,26,10,12,2,0.7115384615384616,0.7115384615384615,0.7037037037037037,0.7307692307692307,0.7169811320754716,0.692307692281065,18,8,7,19
com_erro,xgboost,oscilacao,100,5,5,931,931,639,292,474,457,10,27,17,0.6949516648764769,0.6908867222483819,0.6405325443786982,0.9135021097046413,0.7530434782608696,0.4682713347910979,214,243,41,433
com_erro,xgboost,oscilacao,100,10,10,466,466,321,145,238,228,10,30,20,0.6738197424892703,0.6684173669467787,0.6221590909090909,0.9201680672268907,0.7423728813559322,0.4166666666648392,95,133,19,219
com_erro,xgboost,oscilacao,100,15,15,311,311,211,100,157,154,10,22,12,0.7041800643086816,0.7022913392340144,0.6497695852534562,0.8980891719745223,0.7540106951871658,0.5064935064902176,78,76,16,141
com_erro,xgboost,oscilacao,100,20,20,233,233,160,73,119,114,10,20,10,0.6995708154506438,0.6951938670204925,0.6484848484848484,0.8991596638655462,0.7535211267605634,0.49122807017112957,56,58,12,107
com_erro,xgboost,oscilacao,100,25,25,187,187,127,60,96,91,10,17,7,0.7112299465240641,0.7052999084249084,0.6544117647058824,0.9270833333333334,0.7672413793103449,0.4835164835111701,44,47,7,89
com_erro,xgboost,oscilacao,100,30,30,156,156,107,49,80,76,10,22,12,0.6666666666666666,0.6611842105263158,0.625,0.875,0.7291666666666666,0.4473684210467451,34,42,10,70
com_erro,xgboost,oscilacao,100,35,35,133,133,92,41,67,66,10,15,5,0.6992481203007519,0.6978742650384442,0.6483516483516484,0.8805970149253731,0.7468354430379747,0.5151515151437098,34,32,8,59
com_erro,xgboost,oscilacao,100,40,40,117,117,79,38,60,57,10,17,7,0.6495726495726496,0.6429824561403509,0.6067415730337079,0.9,0.7248322147651006,0.3859649122739305,22,35,6,54
com_erro,xgboost,oscilacao,100,45,45,104,104,69,35,54,50,10,16,6,0.7596153846153846,0.7551851851851852,0.7230769230769231,0.8703703703703703,0.7899159663865546,0.6399999999872,32,18,7,47
com_erro,xgboost,oscilacao,100,50,50,94,94,65,29,48,46,10,15,5,0.6382978723404256,0.6317934782608696,0.5921052631578947,0.9375,0.7258064516129032,0.3260869565146503,15,31,3,45
com_erro,xgboost,oscilacao,100,55,55,85,85,57,28,44,41,10,16,6,0.6823529411764706,0.6757206208425721,0.6440677966101694,0.8636363636363636,0.7378640776699029,0.4878048780368828,20,21,6,38
com_erro,xgboost,oscilacao,100,60,60,78,78,51,27,41,37,10,12,2,0.6282051282051282,0.6160184574818721,0.603448275862069,0.8536585365853658,0.7070707070707071,0.37837837836815197,14,23,6,35
com_erro,xgboost,oscilacao,100,65,65,72,72,48,24,37,35,10,13,3,0.6666666666666666,0.6617760617760617,0.6326530612244898,0.8378378378378378,0.7209302325581395,0.4857142857004082,17,18,6,31
com_erro,xgboost,oscilacao,100,70,70,67,67,48,19,35,32,10,8,-2,0.7164179104477612,0.7044642857142858,0.6538461538461539,0.9714285714285714,0.7816091954022989,0.43749999998632816,14,18,1,34
com_erro,xgboost,oscilacao,100,75,75,63,63,41,22,32,31,10,12,2,0.7301587301587301,0.7288306451612903,0.7027027027027027,0.8125,0.7536231884057971,0.6451612903017689,20,11,6,26
com_erro,xgboost,oscilacao,100,80,80,59,59,40,19,31,28,10,6,-4,0.6271186440677966,0.6105990783410138,0.5918367346938775,0.9354838709677419,0.725,0.28571428570408164,8,20,2,29
com_erro,xgboost,oscilacao,100,85,85,55,55,38,17,27,28,10,10,0,0.7636363636363637,0.7671957671957672,0.6842105263157895,0.9629629629629629,0.8,0.5714285714081633,16,12,1,26
com_erro,xgboost,oscilacao,100,90,90,52,52,34,18,27,25,10,8,-2,0.6923076923076923,0.6859259259259259,0.6571428571428571,0.8518518518518519,0.7419354838709677,0.5199999999792,13,12,4,23
com_erro,xgboost,oscilacao,100,95,95,49,49,35,14,25,24,10,7,-3,0.5918367346938775,0.585,0.5609756097560976,0.92,0.696969696969697,0.24999999998958333,6,18,2,23
com_erro,xgboost,oscilacao,100,100,100,47,47,34,13,24,23,10,7,-3,0.5957446808510638,0.5887681159420289,0.5641025641025641,0.9166666666666666,0.6984126984126984,0.26086956520604915,6,17,2,22
com_erro,xgboost,queda,20,5,5,947,947,212,735,193,754,20,94,74,0.7909186906019008,0.7183518643229203,0.48936170212765956,0.5958549222797928,0.5373831775700935,0.8408488063649325,634,120,78,115
com_erro,xgboost,queda,20,10,10,474,474,106,368,96,378,20,61,41,0.7974683544303798,0.7098214285714286,0.5,0.5625,0.5294117647058824,0.8571428571405896,324,54,42,54
com_erro,xgboost,queda,20,15,15,316,316,69,247,65,251,19,45,26,0.7974683544303798,0.7015016855654306,0.5072463768115942,0.5384615384615384,0.5223880597014925,0.8645418326658784,217,34,30,35
com_erro,xgboost,queda,20,20,20,237,237,54,183,48,189,18,41,23,0.7679324894514767,0.69130291005291,0.4426229508196721,0.5625,0.4954128440366973,0.8201058201014809,155,34,21,27
com_erro,xgboost,queda,30,5,5,945,945,251,694,231,714,18,64,46,0.8042328042328042,0.7562388591800356,0.5884615384615385,0.6623376623376623,0.6232179226069247,0.8501400560212183,607,107,78,153
com_erro,xgboost,queda,30,10,10,473,473,125,348,115,358,18,49,31,0.7970401691331924,0.7360699538498907,0.5772357723577236,0.6173913043478261,0.5966386554621849,0.8547486033495678,306,52,44,71
com_erro,xgboost,queda,30,15,15,315,315,81,234,76,239,16,42,26,0.780952380952381,0.7120678264699405,0.5432098765432098,0.5789473684210527,0.5605095541401274,0.8451882845152922,202,37,32,44
com_erro,xgboost,queda,30,20,20,237,237,63,174,58,179,18,35,17,0.759493670886076,0.7184068580235022,0.5068493150684932,0.6379310344827587,0.5648854961832062,0.7988826815597828,143,36,21,37
com_erro,xgboost,queda,30,25,25,189,189,51,138,44,145,16,24,8,0.8412698412698413,0.8094827586206896,0.6346153846153846,0.75,0.6875,0.8689655172353865,126,19,11,33
com_erro,xgboost,queda,30,30,30,158,158,37,121,38,120,16,18,2,0.8354430379746836,0.7567982456140351,0.6764705882352942,0.6052631578947368,0.6388888888888888,0.9083333333257638,109,11,15,23
com_erro,xgboost,queda,40,5,5,943,943,288,655,264,679,17,64,47,0.7380699893955461,0.6977283884500379,0.528052805280528,0.6060606060606061,0.564373897707231,0.7893961708383073,536,143,104,160
com_erro,xgboost,queda,40,10,10,472,472,144,328,132,340,17,47,30,0.7478813559322034,0.7021836007130124,0.5448275862068965,0.5984848484848485,0.5703971119133574,0.8058823529388063,274,66,53,79
com_erro,xgboost,queda,40,15,15,315,315,95,220,87,228,17,45,28,0.746031746031746,0.7001663641863279,0.5360824742268041,0.5977011494252874,0.5652173913043478,0.8026315789438482,183,45,35,52
com_erro,xgboost,queda,40,20,20,236,236,73,163,66,170,16,39,23,0.7033898305084746,0.67825311942959,0.47674418604651164,0.6212121212121212,0.5394736842105263,0.7352941176427336,125,45,25,41
com_erro,xgboost,queda,40,25,25,189,189,58,131,55,134,15,30,15,0.7777777777777778,0.7521709633649932,0.6031746031746031,0.6909090909090909,0.6440677966101694,0.8134328358148252,109,25,17,38
com_erro,xgboost,queda,40,30,30,158,158,49,109,45,113,17,32,15,0.759493670886076,0.7048180924287119,0.5777777777777777,0.5777777777777777,0.5777777777777777,0.8318584070722844,94,19,19,26
com_erro,xgboost,queda,40,35,35,135,135,42,93,36,99,15,27,12,0.7481481481481481,0.7222222222222222,0.5217391304347826,0.6666666666666666,0.5853658536585366,0.7777777777699214,77,22,12,24
com_erro,xgboost,queda,40,40,40,118,118,38,80,32,86,15,27,12,0.7203389830508474,0.7100290697674418,0.4888888888888889,0.6875,0.5714285714285714,0.7325581395263656,63,23,10,22
com_erro,xgboost,queda,50,5,5,941,941,324,617,296,645,17,64,47,0.6950053134962806,0.667839932956212,0.5131195335276968,0.5945945945945946,0.5508607198748043,0.7410852713166804,478,167,120,176
com_erro,xgboost,queda,50,10,10,471,471,162,309,148,323,17,45,28,0.721868365180467,0.6910509580788219,0.5521472392638037,0.6081081081081081,0.5787781350482315,0.7739938080471394,250,73,58,90
com_erro,xgboost,queda,50,15,15,314,314,106,208,100,214,15,37,22,0.7006369426751592,0.665841121495327,0.5277777777777778,0.57,0.5480769230769231,0.761682242987095,163,51,43,57
com_erro,xgboost,queda,50,20,20,236,236,82,154,75,161,16,35,19,0.711864406779661,0.7069151138716356,0.5360824742268041,0.6933333333333334,0.6046511627906976,0.7204968944054628,116,45,23,52
com_erro,xgboost,queda,50,25,25,189,189,64,125,59,130,16,24,8,0.7724867724867724,0.7374185136897001,0.6333333333333333,0.6440677966101694,0.6386554621848739,0.8307692307628403,108,22,21,38
com_erro,xgboost,queda,50,30,30,157,157,53,104,50,107,15,25,10,0.7006369426751592,0.6525233644859814,0.5306122448979592,0.52,0.5252525252525253,0.7850467289646257,84,23,24,26
com_erro,xgboost,queda,50,35,35,135,135,46,89,41,94,15,23,8,0.7037037037037037,0.6703425012973534,0.5106382978723404,0.5853658536585366,0.5454545454545454,0.7553191489281349,71,23,17,24
com_erro,xgboost,queda,50,40,40,118,118,43,75,34,84,15,23,8,0.7203389830508474,0.7247899159663866,0.5102040816326531,0.7352941176470589,0.6024096385542169,0.7142857142772109,60,24,9,25
com_erro,xgboost,queda,50,45,45,105,105,37,68,33,72,15,24,9,0.7047619047619048,0.6862373737373737,0.525,0.6363636363636364,0.5753424657534246,0.7361111111008873,53,19,12,21
com_erro,xgboost,queda,50,50,50,95,95,34,61,31,64,16,17,1,0.6947368421052632,0.6819556451612903,0.5263157894736842,0.6451612903225806,0.5797101449275363,0.7187499999887695,46,18,11,20
com_erro,xgboost,queda,60,5,5,939,939,358,581,327,612,16,59,43,0.6826411075612353,0.6682406907717215,0.5384615384615384,0.6207951070336392,0.5767045454545454,0.7156862745086345,438,174,124,203
com_erro,xgboost,queda,60,10,10,470,470,179,291,164,306,16,44,28,0.7148936170212766,0.6989877251713694,0.5824175824175825,0.6463414634146342,0.6127167630057804,0.7516339869256483,230,76,58,106
com_erro,xgboost,queda,60,15,15,313,313,118,195,107,206,15,41,26,0.7124600638977636,0.6939706015788041,0.5714285714285714,0.6355140186915887,0.6017699115044248,0.7524271844623669,155,51,39,68
com_erro,xgboost,queda,60,20,20,235,235,90,145,82,153,15,34,19,0.6638297872340425,0.648453690419257,0.5157894736842106,0.5975609756097561,0.5536723163841808,0.6993464052241873,107,46,33,49
com_erro,xgboost,queda,60,25,25,188,188,72,116,63,125,15,27,12,0.7127659574468085,0.6895238095238095,0.5652173913043478,0.6190476190476191,0.5909090909090909,0.75999999999392,95,30,24,39
com_erro,xgboost,queda,60,30,30,157,157,56,101,54,103,14,26,12,0.7070063694267515,0.7062207838906869,0.5588235294117647,0.7037037037037037,0.6229508196721312,0.708737864070789,73,30,16,38
com_erro,xgboost,queda,60,35,35,135,135,52,83,47,88,15,20,5,0.6888888888888889,0.6771034816247583,0.5454545454545454,0.6382978723404256,0.5882352941176471,0.7159090909009556,63,25,17,30
com_erro,xgboost,queda,60,40,40,118,118,45,73,40,78,13,21,8,0.6186440677966102,0.6141025641025641,0.4528301886792453,0.6,0.5161290322580645,0.6282051281970743,49,29,16,24
com_erro,xgboost,queda,60,45,45,105,105,41,64,36,69,13,23,10,0.638095238095238,0.6582125603864735,0.48148148148148145,0.7222222222222222,0.5777777777777777,0.594202898542113,41,28,10,26
com_erro,xgboost,queda,60,50,50,94,94,37,57,31,63,15,16,1,0.6702127659574468,0.6638504864311316,0.5,0.6451612903225806,0.5633802816901409,0.6825396825288487,43,20,11,20
com_erro,xgboost,queda,60,55,55,86,86,31,55,27,59,13,16,3,0.6744186046511628,0.6723163841807909,0.4864864864864865,0.6666666666666666,0.5625,0.6779661016834243,40,19,9,18
com_erro,xgboost,queda,60,60,60,79,79,28,51,29,50,13,15,2,0.6708860759493671,0.6675862068965517,0.5428571428571428,0.6551724137931034,0.59375,0.6799999999864,34,16,10,19
com_erro,xgboost,queda,70,5,5,937,937,388,549,357,580,16,54,38,0.6520811099252934,0.6451922148169613,0.5378973105134475,0.6162464985994398,0.5744125326370757,0.6741379310333204,391,189,137,220
com_erro,xgboost,queda,70,10,10,469,469,194,275,179,290,16,35,19,0.6823027718550106,0.6704006935079946,0.578125,0.6201117318435754,0.5983827493261455,0.7206896551699287,209,81,68,111
com_erro,xgboost,queda,70,15,15,313,313,128,185,118,195,16,39,23,0.6517571884984026,0.6418730986527597,0.5338345864661654,0.6016949152542372,0.5657370517928287,0.6820512820477844,133,62,47,71
com_erro,xgboost,queda,70,20,20,235,235,98,137,90,145,15,24,9,0.6595744680851063,0.656704980842912,0.5471698113207547,0.6444444444444445,0.5918367346938775,0.6689655172367658,97,48,32,58
com_erro,xgboost,queda,70,25,25,188,188,77,111,72,116,14,26,12,0.6542553191489362,0.6487068965517242,0.5421686746987951,0.625,0.5806451612903226,0.6724137930976516,78,38,27,45
com_erro,xgboost,queda,70,30,30,157,157,66,91,61,96,13,24,11,0.6624203821656051,0.6641905737704918,0.5540540540540541,0.6721311475409836,0.6074074074074074,0.656249999993164,63,33,20,41
com_erro,xgboost,queda,70,35,35,134,134,55,79,50,84,13,23,10,0.6865671641791045,0.6892857142857143,0.5645161290322581,0.7,0.625,0.6785714285633503,57,27,15,35
com_erro,xgboost,queda,70,40,40,118,118,48,70,46,72,13,22,9,0.6440677966101694,0.6533816425120773,0.5333333333333333,0.6956521739130435,0.6037735849056604,0.6111111111026234,44,28,14,32
com_erro,xgboost,queda,70,45,45,105,105,44,61,38,67,14,20,6,0.6,0.6239198743126473,0.46551724137931033,0.7105263157894737,0.5625,0.5373134328278013,36,31,11,27
com_erro,xgboost,queda,70,50,50,94,94,38,56,37,57,14,18,4,0.6808510638297872,0.6752015173067805,0.5853658536585366,0.6486486486486487,0.6153846153846154,0.7017543859526009,40,17,13,24
com_erro,xgboost,queda,70,55,55,86,86,33,53,30,56,13,16,3,0.6627906976744186,0.6869047619047619,0.5111111111111111,0.7666666666666667,0.6133333333333333,0.6071428571320153,34,22,7,23
com_erro,xgboost,queda,70,60,60,79,79,33,46,32,47,13,18,5,0.6708860759493671,0.6785239361702128,0.575,0.71875,0.6388888888888888,0.6382978723268448,30,17,9,23
com_erro,xgboost,queda,70,65,65,73,73,32,41,26,47,15,15,0,0.6164383561643836,0.5904255319148937,0.4642857142857143,0.5,0.48148148148148145,0.6808510638153011,32,15,13,13
com_erro,xgboost,queda,70,70,70,67,67,28,39,26,41,12,18,6,0.4925373134328358,0.50093808630394,0.3888888888888889,0.5384615384615384,0.45161290322580644,0.4634146341350387,19,22,12,14
com_erro,xgboost,queda,80,5,5,935,935,418,517,387,548,15,47,32,0.6620320855614973,0.6657495426167978,0.5770065075921909,0.6873385012919897,0.6273584905660378,0.6441605839404304,353,195,121,266
com_erro,xgboost,queda,80,10,10,468,468,209,259,194,274,14,40,26,0.688034188034188,0.6876740161035443,0.6100917431192661,0.6855670103092784,0.6456310679611651,0.6897810218952928,189,85,61,133
com_erro,xgboost,queda,80,15,15,312,312,137,175,130,182,13,33,20,0.6185897435897436,0.6170329670329671,0.5374149659863946,0.6076923076923076,0.5703971119133574,0.6263736263701848,114,68,51,79
com_erro,xgboost,queda,80,20,20,234,234,105,129,97,137,12,27,15,0.6623931623931624,0.6695387162314697,0.575,0.711340206185567,0.6359447004608295,0.6277372262727903,86,51,28,69
com_erro,xgboost,queda,80,25,25,187,187,85,102,75,112,13,23,10,0.6684491978609626,0.665952380952381,0.5764705882352941,0.6533333333333333,0.6125,0.6785714285653699,76,36,26,49
com_erro,xgboost,queda,80,30,30,156,156,69,87,65,91,12,26,14,0.6538461538461539,0.6571428571428571,0.5714285714285714,0.676923076923077,0.6197183098591549,0.6373626373556334,58,33,21,44
com_erro,xgboost,queda,80,35,35,134,134,59,75,54,80,13,20,7,0.6567164179104478,0.6643518518518519,0.5588235294117647,0.7037037037037037,0.6229508196721312,0.6249999999921875,50,30,16,38
com_erro,xgboost,queda,80,40,40,117,117,54,63,47,70,12,17,5,0.6666666666666666,0.6864741641337386,0.5606060606060606,0.7872340425531915,0.6548672566371682,0.5857142857059183,41,29,10,37
com_erro,xgboost,queda,80,45,45,104,104,44,60,46,58,12,19,7,0.6346153846153846,0.6431784107946027,0.5689655172413793,0.717391304347826,0.6346153846153846,0.5689655172315696,33,25,13,33
com_erro,xgboost,queda,80,50,50,94,94,42,52,39,55,13,15,2,0.7021276595744681,0.7006993006993008,0.627906976744186,0.6923076923076923,0.6585365853658537,0.7090909090780165,39,16,12,27
com_erro,xgboost,queda,80,55,55,85,85,37,48,34,51,13,19,6,0.611764705882353,0.6176470588235294,0.5116279069767442,0.6470588235294118,0.5714285714285714,0.5882352941061131,30,21,12,22
com_erro,xgboost,queda,80,60,60,78,78,34,44,32,46,12,15,3,0.6794871794871795,0.7044836956521738,0.574468085106383,0.84375,0.6835443037974683,0.5652173912920605,26,20,5,27
com_erro,xgboost,queda,80,65,65,72,72,35,37,27,45,13,16,3,0.6805555555555556,0.6777777777777778,0.5625,0.6666666666666666,0.6101694915254238,0.6888888888735804,31,14,9,18
com_erro,xgboost,queda,80,70,70,67,67,29,38,28,39,12,14,2,0.6119402985074627,0.6213369963369964,0.5277777777777778,0.6785714285714286,0.59375,0.5641025640881,22,17,9,19
com_erro,xgboost,queda,80,75,75,63,63,25,38,26,37,12,12,0,0.746031746031746,0.738045738045738,0.6923076923076923,0.6923076923076923,0.6923076923076923,0.7837837837626005,29,8,8,18
com_erro,xgboost,queda,80,80,80,59,59,26,33,24,35,11,9,-2,0.576271186440678,0.5839285714285714,0.4838709677419355,0.625,0.5454545454545454,0.5428571428416327,19,16,9,15
com_erro,xgboost,queda,90,5,5,933,933,447,486,414,519,14,43,29,0.6280814576634512,0.634427969059786,0.5663366336633663,0.6908212560386473,0.6224156692056583,0.5780346820798111,300,219,128,286
com_erro,xgboost,queda,90,10,10,467,467,224,243,207,260,13,36,23,0.6316916488222698,0.6382107023411372,0.5691699604743083,0.6956521739130435,0.6260869565217392,0.580769230766997,151,109,63,144
com_erro,xgboost,queda,90,15,15,311,311,148,163,136,175,12,34,22,0.6591639871382636,0.666827731092437,0.5892857142857143,0.7279411764705882,0.6513157894736842,0.6057142857108245,106,69,37,99
com_erro,xgboost,queda,90,20,20,234,234,113,121,104,130,13,27,14,0.6495726495726496,0.6605769230769231,0.5808823529411765,0.7596153846153846,0.6583333333333333,0.5615384615341421,73,57,25,79
com_erro,xgboost,queda,90,25,25,187,187,90,97,84,103,12,27,15,0.6149732620320856,0.6197411003236246,0.56,0.6666666666666666,0.6086956521739131,0.5728155339750212,59,44,28,56
com_erro,xgboost,queda,90,30,30,156,156,71,85,68,88,12,19,7,0.6730769230769231,0.6834893048128342,0.5977011494252874,0.7647058823529411,0.6709677419354839,0.6022727272658832,53,35,16,52
com_erro,xgboost,queda,90,35,35,134,134,62,72,58,76,12,16,4,0.6492537313432836,0.6601633393829401,0.5733333333333334,0.7413793103448276,0.6466165413533834,0.5789473684134349,44,32,15,43
com_erro,xgboost,queda,90,40,40,117,117,59,58,49,68,12,14,2,0.6666666666666666,0.6875750300120048,0.5714285714285714,0.8163265306122449,0.6722689075630253,0.5588235294035467,38,30,9,40
com_erro,xgboost,queda,90,45,45,104,104,50,54,46,58,12,14,2,0.5673076923076923,0.5895802098950524,0.5070422535211268,0.782608695652174,0.6153846153846154,0.39655172413109396,23,35,10,36
com_erro,xgboost,queda,90,50,50,94,94,45,49,43,51,12,12,0,0.6595744680851063,0.6662106703146375,0.6037735849056604,0.7441860465116279,0.6666666666666666,0.5882352941061131,30,21,11,32
com_erro,xgboost,queda,90,55,55,85,85,41,44,36,49,13,15,2,0.5764705882352941,0.5884353741496599,0.5,0.6666666666666666,0.5714285714285714,0.5102040816222407,25,24,12,24
com_erro,xgboost,queda,90,60,60,78,78,35,43,33,45,12,13,1,0.6410256410256411,0.6646464646464647,0.5510204081632653,0.8181818181818182,0.6585365853658537,0.5111111110997532,23,22,6,27
com_erro,xgboost,queda,90,65,65,72,72,35,37,28,44,12,14,2,0.6666666666666666,0.6623376623376623,0.5625,0.6428571428571429,0.6,0.681818181802686,30,14,10,18
com_erro,xgboost,queda,90,70,70,67,67,29,38,28,39,12,14,2,0.5671641791044776,0.5778388278388278,0.4864864864864865,0.6428571428571429,0.5538461538461539,0.5128205128073636,20,19,10,18
com_erro,xgboost,queda,90,75,75,63,63,28,35,28,35,12,14,2,0.7142857142857143,0.7214285714285714,0.6470588235294118,0.7857142857142857,0.7096774193548387,0.6571428571240817,23,12,6,22
com_erro,xgboost,queda,90,80,80,59,59,28,31,26,33,11,10,-1,0.6271186440677966,0.6340326340326341,0.5625,0.6923076923076923,0.6206896551724138,0.5757575757401286,19,14,8,18
com_erro,xgboost,queda,90,85,85,55,55,25,30,23,32,12,11,-1,0.4909090909090909,0.5135869565217391,0.42857142857142855,0.6521739130434783,0.5172413793103449,0.3749999999882813,12,20,8,15
com_erro,xgboost,queda,90,90,90,52,52,25,27,23,29,11,10,-1,0.46153846153846156,0.46326836581709147,0.4074074074074074,0.4782608695652174,0.44,0.4482758620535077,13,16,12,11
com_erro,xgboost,queda,100,5,5,931,931,471,460,439,492,13,41,28,0.6251342642320086,0.6312156230901718,0.5806451612903226,0.7380410022779044,0.649949849548646,0.5243902439013732,258,234,115,324
com_erro,xgboost,queda,100,10,10,466,466,237,229,219,247,13,31,18,0.6416309012875536,0.6471909489213021,0.5955882352941176,0.7397260273972602,0.659877800407332,0.5546558704430986,137,110,57,162
com_erro,xgboost,queda,100,15,15,311,311,157,154,145,166,13,25,12,0.594855305466238,0.6017241379310345,0.5513513513513514,0.7034482758620689,0.6181818181818182,0.49999999999698796,83,83,43,102
com_erro,xgboost,queda,100,20,20,233,233,119,114,109,124,12,22,10,0.6094420600858369,0.6169724770642202,0.5633802816901409,0.7339449541284404,0.6374501992031872,0.4999999999959677,62,62,29,80
com_erro,xgboost,queda,100,25,25,187,187,92,95,88,99,13,23,10,0.6310160427807486,0.6338383838383839,0.594059405940594,0.6818181818181818,0.6349206349206349,0.585858585852668,58,41,28,60
com_erro,xgboost,queda,100,30,30,156,156,80,76,73,83,13,19,6,0.6153846153846154,0.6228750618914012,0.5684210526315789,0.7397260273972602,0.6428571428571429,0.5060240963794455,42,41,19,54
com_erro,xgboost,queda,100,35,35,133,133,68,65,62,71,12,17,5,0.5789473684210527,0.5913221263062245,0.5333333333333333,0.7741935483870968,0.631578947368421,0.4084507042195993,29,42,14,48
com_erro,xgboost,queda,100,40,40,117,117,59,58,53,64,12,17,5,0.6410256410256411,0.6556603773584906,0.5733333333333334,0.8113207547169812,0.671875,0.49999999999218747,32,32,10,43
com_erro,xgboost,queda,100,45,45,104,104,54,50,49,55,12,12,0,0.5288461538461539,0.5411873840445269,0.5,0.7551020408163265,0.6016260162601627,0.32727272726677686,18,37,12,37
com_erro,xgboost,queda,100,50,50,94,94,47,47,46,48,13,12,-1,0.5106382978723404,0.5140398550724637,0.5,0.6739130434782609,0.5740740740740741,0.3541666666592882,17,31,15,31
com_erro,xgboost,queda,100,55,55,85,85,43,42,39,46,12,12,0,0.5411764705882353,0.5565774804905239,0.5,0.7435897435897436,0.5979381443298969,0.36956521738327036,17,29,10,29
com_erro,xgboost,queda,100,60,60,78,78,40,38,36,42,10,16,6,0.5769230769230769,0.5892857142857143,0.5294117647058824,0.75,0.6206896551724138,0.42857142856122454,18,24,9,27
com_erro,xgboost,queda,100,65,65,72,72,36,36,33,39,12,17,5,0.6666666666666666,0.6713286713286714,0.6153846153846154,0.7272727272727273,0.6666666666666666,0.6153846153688364,24,15,9,24
com_erro,xgboost,queda,100,70,70,67,67,32,35,29,38,12,10,-2,0.5671641791044776,0.5857531760435571,0.5,0.7241379310344828,0.5915492957746479,0.4473684210408588,17,21,8,21
com_erro,xgboost,queda,100,75,75,63,63,30,33,30,33,13,8,-5,0.6507936507936508,0.6575757575757576,0.6,0.8,0.6857142857142857,0.5151515151359045,17,16,6,24
com_erro,xgboost,queda,100,80,80,59,59,28,31,28,31,10,9,-1,0.6779661016949152,0.6797235023041475,0.6451612903225806,0.7142857142857143,0.6779661016949152,0.6451612903017689,20,11,8,20
com_erro,xgboost,queda,100,85,85,55,55,26,29,26,29,11,9,-2,0.5636363636363636,0.5722811671087533,0.5277777777777778,0.7307692307692307,0.6129032258064516,0.41379310343400716,12,17,7,19
com_erro,xgboost,queda,100,90,90,52,52,29,23,23,29,11,10,-1,0.5192307692307693,0.5419790104947526,0.4722222222222222,0.7391304347826086,0.576271186440678,0.3448275861950059,10,19,6,17
com_erro,xgboost,queda,100,95,95,49,49,26,23,24,25,11,8,-3,0.673469387755102,0.6758333333333333,0.6333333333333333,0.7916666666666666,0.7037037037037037,0.5599999999776,14,11,5,19
com_erro,xgboost,queda,100,100,100,47,47,23,24,22,25,11,7,-4,0.574468085106383,0.5890909090909091,0.5294117647058824,0.8181818181818182,0.6428571428571429,0.3599999999856,9,16,4,18
