teste,modelo,falha,janela,passo_cfg,passo_real,amostras_treino,amostras_teste,positivos_treino,negativos_treino,positivos_teste,negativos_teste,eventos_reais_teste,eventos_detectados,diferenca_eventos,accuracy,balanced_accuracy,precision_pos,recall_pos,f1_pos,specificity,tn,fp,fn,tp
com_erro,catboost,lacuna,20,5,5,947,947,277,670,198,749,15,15,0,1.0,1.0,1.0,1.0,1.0,0.9999999999986648,749,0,0,198
com_erro,catboost,lacuna,20,10,10,474,474,140,334,98,376,15,15,0,1.0,1.0,1.0,1.0,1.0,0.9999999999973405,376,0,0,98
com_erro,catboost,lacuna,20,15,15,316,316,93,223,68,248,15,15,0,1.0,1.0,1.0,1.0,1.0,0.9999999999959678,248,0,0,68
com_erro,catboost,lacuna,20,20,20,237,237,68,169,48,189,14,14,0,1.0,1.0,1.0,1.0,1.0,0.999999999994709,189,0,0,48
com_erro,catboost,lacuna,30,5,5,945,945,315,630,226,719,15,15,0,1.0,1.0,1.0,1.0,1.0,0.9999999999986092,719,0,0,226
com_erro,catboost,lacuna,30,10,10,473,473,159,314,112,361,15,15,0,1.0,1.0,1.0,1.0,1.0,0.99999999999723,361,0,0,112
com_erro,catboost,lacuna,30,15,15,315,315,105,210,76,239,14,14,0,1.0,1.0,1.0,1.0,1.0,0.9999999999958159,239,0,0,76
com_erro,catboost,lacuna,30,20,20,237,237,79,158,56,181,15,15,0,1.0,1.0,1.0,1.0,1.0,0.9999999999944752,181,0,0,56
com_erro,catboost,lacuna,30,25,25,189,189,65,124,43,146,14,14,0,1.0,1.0,1.0,1.0,1.0,0.9999999999931508,146,0,0,43
com_erro,catboost,lacuna,30,30,30,158,158,52,106,39,119,14,14,0,1.0,1.0,1.0,1.0,1.0,0.9999999999915966,119,0,0,39
com_erro,catboost,lacuna,40,5,5,943,943,351,592,253,690,15,15,0,1.0,1.0,1.0,1.0,1.0,0.9999999999985507,690,0,0,253
com_erro,catboost,lacuna,40,10,10,472,472,177,295,126,346,15,15,0,1.0,1.0,1.0,1.0,1.0,0.9999999999971099,346,0,0,126
com_erro,catboost,lacuna,40,15,15,315,315,120,195,85,230,15,15,0,1.0,1.0,1.0,1.0,1.0,0.9999999999956523,230,0,0,85
com_erro,catboost,lacuna,40,20,20,236,236,87,149,62,174,14,14,0,1.0,1.0,1.0,1.0,1.0,0.9999999999942529,174,0,0,62
com_erro,catboost,lacuna,40,25,25,189,189,70,119,52,137,13,13,0,1.0,1.0,1.0,1.0,1.0,0.9999999999927008,137,0,0,52
com_erro,catboost,lacuna,40,30,30,158,158,60,98,44,114,15,15,0,1.0,1.0,1.0,1.0,1.0,0.999999999991228,114,0,0,44
com_erro,catboost,lacuna,40,35,35,135,135,51,84,34,101,14,14,0,1.0,1.0,1.0,1.0,1.0,0.9999999999900989,101,0,0,34
com_erro,catboost,lacuna,40,40,40,118,118,46,72,32,86,13,13,0,1.0,1.0,1.0,1.0,1.0,0.9999999999883721,86,0,0,32
com_erro,catboost,lacuna,50,5,5,941,941,383,558,279,662,14,14,0,1.0,1.0,1.0,1.0,1.0,0.9999999999984894,662,0,0,279
com_erro,catboost,lacuna,50,10,10,471,471,193,278,139,332,14,14,0,1.0,1.0,1.0,1.0,1.0,0.999999999996988,332,0,0,139
com_erro,catboost,lacuna,50,15,15,314,314,129,185,95,219,14,14,0,1.0,1.0,1.0,1.0,1.0,0.9999999999954339,219,0,0,95
com_erro,catboost,lacuna,50,20,20,236,236,97,139,70,166,14,14,0,1.0,1.0,1.0,1.0,1.0,0.9999999999939759,166,0,0,70
com_erro,catboost,lacuna,50,25,25,189,189,76,113,56,133,14,14,0,1.0,1.0,1.0,1.0,1.0,0.9999999999924812,133,0,0,56
com_erro,catboost,lacuna,50,30,30,157,157,64,93,50,107,13,13,0,1.0,1.0,1.0,1.0,1.0,0.9999999999906541,107,0,0,50
com_erro,catboost,lacuna,50,35,35,135,135,55,80,39,96,13,13,0,1.0,1.0,1.0,1.0,1.0,0.9999999999895833,96,0,0,39
com_erro,catboost,lacuna,50,40,40,118,118,50,68,35,83,13,13,0,1.0,1.0,1.0,1.0,1.0,0.9999999999879517,83,0,0,35
com_erro,catboost,lacuna,50,45,45,105,105,45,60,32,73,13,13,0,1.0,1.0,1.0,1.0,1.0,0.9999999999863013,73,0,0,32
com_erro,catboost,lacuna,50,50,50,95,95,37,58,29,66,13,13,0,1.0,1.0,1.0,1.0,1.0,0.9999999999848485,66,0,0,29
com_erro,catboost,lacuna,60,5,5,939,939,413,526,303,636,14,14,0,1.0,1.0,1.0,1.0,1.0,0.9999999999984277,636,0,0,303
com_erro,catboost,lacuna,60,10,10,470,470,208,262,151,319,14,14,0,1.0,1.0,1.0,1.0,1.0,0.9999999999968653,319,0,0,151
com_erro,catboost,lacuna,60,15,15,313,313,138,175,102,211,13,13,0,1.0,1.0,1.0,1.0,1.0,0.9999999999952607,211,0,0,102
com_erro,catboost,lacuna,60,20,20,235,235,102,133,75,160,13,13,0,1.0,1.0,1.0,1.0,1.0,0.9999999999937501,160,0,0,75
com_erro,catboost,lacuna,60,25,25,188,188,85,103,58,130,13,13,0,1.0,1.0,1.0,1.0,1.0,0.9999999999923078,130,0,0,58
com_erro,catboost,lacuna,60,30,30,157,157,70,87,53,104,13,13,0,1.0,1.0,1.0,1.0,1.0,0.9999999999903846,104,0,0,53
com_erro,catboost,lacuna,60,35,35,135,135,60,75,43,92,14,14,0,0.9925925925925926,0.9883720930232558,1.0,0.9767441860465116,0.9882352941176471,0.9999999999891304,92,0,1,42
com_erro,catboost,lacuna,60,40,40,118,118,51,67,40,78,13,13,0,1.0,1.0,1.0,1.0,1.0,0.9999999999871795,78,0,0,40
com_erro,catboost,lacuna,60,45,45,105,105,47,58,34,71,13,13,0,0.9904761904761905,0.9852941176470589,1.0,0.9705882352941176,0.9850746268656716,0.9999999999859155,71,0,1,33
com_erro,catboost,lacuna,60,50,50,94,94,43,51,30,64,13,13,0,1.0,1.0,1.0,1.0,1.0,0.9999999999843749,64,0,0,30
com_erro,catboost,lacuna,60,55,55,86,86,38,48,28,58,13,13,0,1.0,1.0,1.0,1.0,1.0,0.9999999999827587,58,0,0,28
com_erro,catboost,lacuna,60,60,60,79,79,35,44,28,51,13,13,0,1.0,1.0,1.0,1.0,1.0,0.9999999999803922,51,0,0,28
com_erro,catboost,lacuna,70,5,5,937,937,443,494,327,610,14,14,0,1.0,1.0,1.0,1.0,1.0,0.9999999999983606,610,0,0,327
com_erro,catboost,lacuna,70,10,10,469,469,223,246,163,306,14,14,0,1.0,1.0,1.0,1.0,1.0,0.9999999999967321,306,0,0,163
com_erro,catboost,lacuna,70,15,15,313,313,150,163,110,203,14,14,0,1.0,1.0,1.0,1.0,1.0,0.9999999999950739,203,0,0,110
com_erro,catboost,lacuna,70,20,20,235,235,112,123,82,153,14,14,0,1.0,1.0,1.0,1.0,1.0,0.9999999999934641,153,0,0,82
com_erro,catboost,lacuna,70,25,25,188,188,85,103,67,121,13,13,0,1.0,1.0,1.0,1.0,1.0,0.9999999999917355,121,0,0,67
com_erro,catboost,lacuna,70,30,30,157,157,75,82,57,100,13,13,0,1.0,1.0,1.0,1.0,1.0,0.99999999999,100,0,0,57
com_erro,catboost,lacuna,70,35,35,134,134,65,69,47,87,13,13,0,1.0,1.0,1.0,1.0,1.0,0.9999999999885058,87,0,0,47
com_erro,catboost,lacuna,70,40,40,118,118,57,61,44,74,13,13,0,1.0,1.0,1.0,1.0,1.0,0.9999999999864865,74,0,0,44
com_erro,catboost,lacuna,70,45,45,105,105,51,54,39,66,13,13,0,0.9809523809523809,0.9743589743589743,1.0,0.9487179487179487,0.9736842105263158,0.9999999999848485,66,0,2,37
com_erro,catboost,lacuna,70,50,50,94,94,43,51,34,60,13,13,0,1.0,1.0,1.0,1.0,1.0,0.9999999999833334,60,0,0,34
com_erro,catboost,lacuna,70,55,55,86,86,39,47,31,55,13,13,0,1.0,1.0,1.0,1.0,1.0,0.9999999999818182,55,0,0,31
com_erro,catboost,lacuna,70,60,60,79,79,37,42,30,49,13,13,0,1.0,1.0,1.0,1.0,1.0,0.9999999999795919,49,0,0,30
com_erro,catboost,lacuna,70,65,65,73,73,34,39,27,46,13,13,0,1.0,1.0,1.0,1.0,1.0,0.999999999978261,46,0,0,27
com_erro,catboost,lacuna,70,70,70,67,67,35,32,24,43,13,13,0,1.0,1.0,1.0,1.0,1.0,0.9999999999767443,43,0,0,24
com_erro,catboost,lacuna,80,5,5,935,935,469,466,351,584,14,14,0,1.0,1.0,1.0,1.0,1.0,0.9999999999982877,584,0,0,351
com_erro,catboost,lacuna,80,10,10,468,468,235,233,175,293,14,14,0,1.0,1.0,1.0,1.0,1.0,0.9999999999965871,293,0,0,175
com_erro,catboost,lacuna,80,15,15,312,312,158,154,119,193,13,13,0,1.0,1.0,1.0,1.0,1.0,0.9999999999948187,193,0,0,119
com_erro,catboost,lacuna,80,20,20,234,234,117,117,87,147,13,13,0,1.0,1.0,1.0,1.0,1.0,0.9999999999931973,147,0,0,87
com_erro,catboost,lacuna,80,25,25,187,187,95,92,69,118,13,13,0,1.0,1.0,1.0,1.0,1.0,0.9999999999915254,118,0,0,69
com_erro,catboost,lacuna,80,30,30,156,156,78,78,62,94,13,13,0,1.0,1.0,1.0,1.0,1.0,0.9999999999893616,94,0,0,62
com_erro,catboost,lacuna,80,35,35,134,134,67,67,51,83,13,13,0,0.9925373134328358,0.9901960784313726,1.0,0.9803921568627451,0.9900990099009901,0.9999999999879517,83,0,1,50
com_erro,catboost,lacuna,80,40,40,117,117,61,56,44,73,13,13,0,1.0,1.0,1.0,1.0,1.0,0.9999999999863013,73,0,0,44
com_erro,catboost,lacuna,80,45,45,104,104,54,50,40,64,12,12,0,0.9903846153846154,0.9875,1.0,0.975,0.9873417721518988,0.9999999999843749,64,0,1,39
com_erro,catboost,lacuna,80,50,50,94,94,46,48,35,59,13,13,0,1.0,1.0,1.0,1.0,1.0,0.9999999999830509,59,0,0,35
com_erro,catboost,lacuna,80,55,55,85,85,43,42,32,53,13,13,0,0.9882352941176471,0.984375,1.0,0.96875,0.9841269841269841,0.9999999999811321,53,0,1,31
com_erro,catboost,lacuna,80,60,60,78,78,38,40,31,47,13,13,0,1.0,1.0,1.0,1.0,1.0,0.9999999999787235,47,0,0,31
com_erro,catboost,lacuna,80,65,65,72,72,36,36,28,44,13,13,0,1.0,1.0,1.0,1.0,1.0,0.9999999999772728,44,0,0,28
com_erro,catboost,lacuna,80,70,70,67,67,36,31,25,42,12,12,0,1.0,1.0,1.0,1.0,1.0,0.9999999999761906,42,0,0,25
com_erro,catboost,lacuna,80,75,75,63,63,33,30,24,39,12,12,0,1.0,1.0,1.0,1.0,1.0,0.9999999999743591,39,0,0,24
com_erro,catboost,lacuna,80,80,80,59,59,30,29,22,37,12,12,0,1.0,1.0,1.0,1.0,1.0,0.9999999999729731,37,0,0,22
com_erro,catboost,lacuna,90,5,5,933,933,491,442,375,558,13,13,0,1.0,1.0,1.0,1.0,1.0,0.9999999999982079,558,0,0,375
com_erro,catboost,lacuna,90,10,10,467,467,246,221,187,280,13,13,0,1.0,1.0,1.0,1.0,1.0,0.9999999999964286,280,0,0,187
com_erro,catboost,lacuna,90,15,15,311,311,164,147,126,185,13,13,0,0.9903536977491961,0.9880952380952381,1.0,0.9761904761904762,0.9879518072289156,0.9999999999945947,185,0,3,123
com_erro,catboost,lacuna,90,20,20,234,234,123,111,94,140,13,13,0,1.0,1.0,1.0,1.0,1.0,0.9999999999928573,140,0,0,94
com_erro,catboost,lacuna,90,25,25,187,187,98,89,76,111,13,13,0,0.9946524064171123,0.993421052631579,1.0,0.9868421052631579,0.9933774834437086,0.999999999990991,111,0,1,75
com_erro,catboost,lacuna,90,30,30,156,156,82,74,65,91,13,13,0,0.9871794871794872,0.9846153846153847,1.0,0.9692307692307692,0.984375,0.9999999999890109,91,0,2,63
com_erro,catboost,lacuna,90,35,35,134,134,71,63,53,81,12,12,0,1.0,1.0,1.0,1.0,1.0,0.9999999999876543,81,0,0,53
com_erro,catboost,lacuna,90,40,40,117,117,63,54,47,70,12,12,0,1.0,1.0,1.0,1.0,1.0,0.9999999999857142,70,0,0,47
com_erro,catboost,lacuna,90,45,45,104,104,56,48,42,62,12,12,0,0.9807692307692307,0.9761904761904762,1.0,0.9523809523809523,0.975609756097561,0.999999999983871,62,0,2,40
com_erro,catboost,lacuna,90,50,50,94,94,47,47,39,55,12,12,0,1.0,1.0,1.0,1.0,1.0,0.9999999999818182,55,0,0,39
com_erro,catboost,lacuna,90,55,55,85,85,46,39,35,50,11,11,0,1.0,1.0,1.0,1.0,1.0,0.9999999999800001,50,0,0,35
com_erro,catboost,lacuna,90,60,60,78,78,41,37,32,46,12,12,0,1.0,1.0,1.0,1.0,1.0,0.999999999978261,46,0,0,32
com_erro,catboost,lacuna,90,65,65,72,72,37,35,29,43,12,12,0,0.9861111111111112,0.9827586206896552,1.0,0.9655172413793104,0.9824561403508771,0.9999999999767443,43,0,1,28
com_erro,catboost,lacuna,90,70,70,67,67,37,30,26,41,11,11,0,1.0,1.0,1.0,1.0,1.0,0.9999999999756098,41,0,0,26
com_erro,catboost,lacuna,90,75,75,63,63,34,29,27,36,12,12,0,0.9841269841269841,0.9814814814814814,1.0,0.9629629629629629,0.9811320754716981,0.9999999999722223,36,0,1,26
com_erro,catboost,lacuna,90,80,80,59,59,31,28,23,36,12,12,0,1.0,1.0,1.0,1.0,1.0,0.9999999999722223,36,0,0,23
com_erro,catboost,lacuna,90,85,85,55,55,30,25,21,34,12,12,0,1.0,1.0,1.0,1.0,1.0,0.9999999999705883,34,0,0,21
com_erro,catboost,lacuna,90,90,90,52,52,28,24,21,31,11,11,0,0.9807692307692307,0.9761904761904762,1.0,0.9523809523809523,0.975609756097561,0.9999999999677419,31,0,1,20
com_erro,catboost,lacuna,100,5,5,931,931,513,418,397,534,13,13,0,1.0,1.0,1.0,1.0,1.0,0.9999999999981274,534,0,0,397
com_erro,catboost,lacuna,100,10,10,466,466,257,209,198,268,13,13,0,1.0,1.0,1.0,1.0,1.0,0.9999999999962687,268,0,0,198
com_erro,catboost,lacuna,100,15,15,311,311,172,139,133,178,13,13,0,1.0,1.0,1.0,1.0,1.0,0.999999999994382,178,0,0,133
com_erro,catboost,lacuna,100,20,20,233,233,128,105,99,134,13,13,0,1.0,1.0,1.0,1.0,1.0,0.9999999999925374,134,0,0,99
com_erro,catboost,lacuna,100,25,25,187,187,101,86,79,108,13,13,0,1.0,1.0,1.0,1.0,1.0,0.9999999999907407,108,0,0,79
com_erro,catboost,lacuna,100,30,30,156,156,86,70,68,88,12,12,0,1.0,1.0,1.0,1.0,1.0,0.9999999999886363,88,0,0,68
com_erro,catboost,lacuna,100,35,35,133,133,76,57,57,76,12,12,0,1.0,1.0,1.0,1.0,1.0,0.9999999999868421,76,0,0,57
com_erro,catboost,lacuna,100,40,40,117,117,64,53,52,65,11,11,0,1.0,1.0,1.0,1.0,1.0,0.9999999999846153,65,0,0,52
com_erro,catboost,lacuna,100,45,45,104,104,58,46,44,60,12,12,0,0.9903846153846154,0.9886363636363636,1.0,0.9772727272727273,0.9885057471264368,0.9999999999833334,60,0,1,43
com_erro,catboost,lacuna,100,50,50,94,94,49,45,40,54,11,11,0,1.0,1.0,1.0,1.0,1.0,0.9999999999814816,54,0,0,40
com_erro,catboost,lacuna,100,55,55,85,85,47,38,38,47,10,10,0,1.0,1.0,1.0,1.0,1.0,0.9999999999787235,47,0,0,38
com_erro,catboost,lacuna,100,60,60,78,78,44,34,34,44,11,11,0,1.0,1.0,1.0,1.0,1.0,0.9999999999772728,44,0,0,34
com_erro,catboost,lacuna,100,65,65,72,72,38,34,30,42,11,11,0,0.9861111111111112,0.9833333333333334,1.0,0.9666666666666667,0.9830508474576272,0.9999999999761906,42,0,1,29
com_erro,catboost,lacuna,100,70,70,67,67,39,28,28,39,11,11,0,1.0,1.0,1.0,1.0,1.0,0.9999999999743591,39,0,0,28
com_erro,catboost,lacuna,100,75,75,63,63,35,28,28,35,11,11,0,1.0,1.0,1.0,1.0,1.0,0.9999999999714286,35,0,0,28
com_erro,catboost,lacuna,100,80,80,59,59,31,28,25,34,10,10,0,1.0,1.0,1.0,1.0,1.0,0.9999999999705883,34,0,0,25
com_erro,catboost,lacuna,100,85,85,55,55,31,24,23,32,11,11,0,0.9818181818181818,0.9782608695652174,1.0,0.9565217391304348,0.9777777777777777,0.9999999999687501,32,0,1,22
com_erro,catboost,lacuna,100,90,90,52,52,28,24,22,30,11,11,0,0.9807692307692307,0.9772727272727273,1.0,0.9545454545454546,0.9767441860465116,0.9999999999666667,30,0,1,21
com_erro,catboost,lacuna,100,95,95,49,49,28,21,21,28,9,9,0,1.0,1.0,1.0,1.0,1.0,0.9999999999642857,28,0,0,21
com_erro,catboost,lacuna,100,100,100,47,47,24,23,21,26,9,9,0,1.0,1.0,1.0,1.0,1.0,0.9999999999615384,26,0,0,21
com_erro,catboost,oscilacao,20,5,5,947,947,290,657,355,592,18,48,30,0.8384371700105596,0.8143914160639514,0.827922077922078,0.7183098591549296,0.7692307692307693,0.910472972971435,539,53,100,255
com_erro,catboost,oscilacao,20,10,10,474,474,145,329,177,297,17,37,20,0.8481012658227848,0.8285681675512184,0.8260869565217391,0.751412429378531,0.7869822485207101,0.9057239057208561,269,28,44,133
com_erro,catboost,oscilacao,20,15,15,316,316,97,219,117,199,18,34,16,0.8322784810126582,0.806962161233518,0.8137254901960784,0.7094017094017094,0.7579908675799086,0.9045226130607813,180,19,34,83
com_erro,catboost,oscilacao,20,20,20,237,237,72,165,87,150,17,29,12,0.8523206751054853,0.8254022988505747,0.8513513513513513,0.7241379310344828,0.782608695652174,0.9266666666604889,139,11,24,63
com_erro,catboost,oscilacao,30,5,5,945,945,320,625,388,557,17,41,24,0.8275132275132275,0.8161450332228988,0.8133704735376045,0.7525773195876289,0.7817938420348058,0.8797127468565894,490,67,96,292
com_erro,catboost,oscilacao,30,10,10,473,473,160,313,193,280,17,36,19,0.8076109936575053,0.7964470762398224,0.7802197802197802,0.7357512953367875,0.7573333333333333,0.857142857139796,240,40,51,142
com_erro,catboost,oscilacao,30,15,15,315,315,107,208,128,187,16,29,13,0.819047619047619,0.8007603609625669,0.8256880733944955,0.703125,0.759493670886076,0.8983957219203295,168,19,38,90
com_erro,catboost,oscilacao,30,20,20,237,237,79,158,99,138,14,28,14,0.7974683544303798,0.7804128238910848,0.8072289156626506,0.6767676767676768,0.7362637362637363,0.8840579710080866,122,16,32,67
com_erro,catboost,oscilacao,30,25,25,189,189,62,127,79,110,12,25,13,0.8095238095238095,0.7917721518987342,0.8307692307692308,0.6835443037974683,0.75,0.8999999999918181,99,11,25,54
com_erro,catboost,oscilacao,30,30,30,158,158,56,102,65,93,15,22,7,0.8227848101265823,0.8100909842845327,0.8135593220338984,0.7384615384615385,0.7741935483870968,0.881720430098046,82,11,17,48
com_erro,catboost,oscilacao,40,5,5,943,943,350,593,418,525,14,40,26,0.8197242841993637,0.8161540214171793,0.803921568627451,0.784688995215311,0.7941888619854721,0.8476190476174331,445,80,90,328
com_erro,catboost,oscilacao,40,10,10,472,472,175,297,209,263,14,36,22,0.815677966101695,0.8115141812360144,0.801980198019802,0.7751196172248804,0.7883211678832117,0.8479087452439243,223,40,47,162
com_erro,catboost,oscilacao,40,15,15,315,315,117,198,139,176,13,26,13,0.8063492063492064,0.8040181491170699,0.7785714285714286,0.7841726618705036,0.7813620071684588,0.8238636363589553,145,31,30,109
com_erro,catboost,oscilacao,40,20,20,236,236,87,149,103,133,13,27,14,0.8135593220338984,0.8094021461420542,0.7920792079207921,0.7766990291262136,0.7843137254901961,0.8421052631515632,112,21,23,80
com_erro,catboost,oscilacao,40,25,25,189,189,68,121,85,104,12,23,11,0.783068783068783,0.7727941176470587,0.8142857142857143,0.6705882352941176,0.7354838709677419,0.8749999999915865,91,13,28,57
com_erro,catboost,oscilacao,40,30,30,158,158,59,99,72,86,13,23,10,0.7848101265822784,0.7797157622739018,0.7878787878787878,0.7222222222222222,0.7536231884057971,0.8372093023158463,72,14,20,52
com_erro,catboost,oscilacao,40,35,35,135,135,48,87,58,77,12,21,9,0.8296296296296296,0.8272503358710255,0.7966101694915254,0.8103448275862069,0.8034188034188035,0.8441558441448811,65,12,11,47
com_erro,catboost,oscilacao,40,40,40,118,118,43,75,53,65,9,20,11,0.8050847457627118,0.8004354136429608,0.8,0.7547169811320755,0.7766990291262136,0.8461538461408283,55,10,13,40
com_erro,catboost,oscilacao,50,5,5,941,941,380,561,444,497,13,43,30,0.8012752391073327,0.8001024162995994,0.7954022988505747,0.7792792792792793,0.7872582480091013,0.8209255533182678,408,89,98,346
com_erro,catboost,oscilacao,50,10,10,471,471,190,281,222,249,13,33,20,0.8046709129511678,0.804271138608488,0.7901785714285714,0.7972972972972973,0.7937219730941704,0.8112449799164207,202,47,45,177
com_erro,catboost,oscilacao,50,15,15,314,314,127,187,147,167,12,27,15,0.8121019108280255,0.81154018493625,0.7972972972972973,0.8027210884353742,0.8,0.8203592814322135,137,30,29,118
com_erro,catboost,oscilacao,50,20,20,236,236,94,142,112,124,12,21,9,0.8135593220338984,0.8117799539170507,0.8207547169811321,0.7767857142857143,0.7981651376146789,0.8467741935415583,105,19,25,87
com_erro,catboost,oscilacao,50,25,25,189,189,77,112,90,99,11,24,13,0.7513227513227513,0.7505050505050505,0.7415730337078652,0.7333333333333333,0.7374301675977654,0.7676767676690134,76,23,24,66
com_erro,catboost,oscilacao,50,30,30,157,157,65,92,74,83,10,22,12,0.7961783439490446,0.7962390100944318,0.7763157894736842,0.7972972972972973,0.7866666666666666,0.7951807228819857,66,17,15,59
com_erro,catboost,oscilacao,50,35,35,135,135,51,84,62,73,12,21,9,0.8074074074074075,0.8000441891294742,0.8461538461538461,0.7096774193548387,0.7719298245614035,0.8904109588919121,65,8,18,44
com_erro,catboost,oscilacao,50,40,40,118,118,44,74,57,61,9,14,5,0.7711864406779662,0.7666091458153581,0.8571428571428571,0.631578947368421,0.7272727272727273,0.9016393442475141,55,6,21,36
com_erro,catboost,oscilacao,50,45,45,105,105,39,66,49,56,10,20,10,0.7523809523809524,0.7487244897959184,0.7555555555555555,0.6938775510204082,0.723404255319149,0.8035714285570791,45,11,15,34
com_erro,catboost,oscilacao,50,50,50,95,95,38,57,45,50,11,19,8,0.7052631578947368,0.7066666666666667,0.673469387755102,0.7333333333333333,0.7021276595744681,0.6799999999864,34,16,12,33
com_erro,catboost,oscilacao,60,5,5,939,939,408,531,467,472,12,42,30,0.8115015974440895,0.8115586324538162,0.803347280334728,0.8222698072805139,0.8126984126984127,0.800847457625422,378,94,83,384
com_erro,catboost,oscilacao,60,10,10,470,470,204,266,234,236,11,30,19,0.7957446808510639,0.7958858467333043,0.776,0.8290598290598291,0.8016528925619835,0.7627118644035479,180,56,40,194
com_erro,catboost,oscilacao,60,15,15,313,313,136,177,154,159,12,23,11,0.8178913738019169,0.81789594053745,0.8129032258064516,0.8181818181818182,0.8155339805825242,0.8176100628879396,130,29,28,126
com_erro,catboost,oscilacao,60,20,20,235,235,101,134,115,120,10,25,15,0.8085106382978723,0.8094202898550724,0.7777777777777778,0.8521739130434782,0.8132780082987552,0.7666666666602777,92,28,17,98
com_erro,catboost,oscilacao,60,25,25,188,188,79,109,95,93,10,19,9,0.8085106382978723,0.808715336728919,0.8241758241758241,0.7894736842105263,0.8064516129032258,0.827956989238409,77,16,20,75
com_erro,catboost,oscilacao,60,30,30,157,157,71,86,79,78,10,19,9,0.7834394904458599,0.7833495618305746,0.7777777777777778,0.7974683544303798,0.7875,0.7692307692209073,60,18,16,63
com_erro,catboost,oscilacao,60,35,35,135,135,58,77,67,68,9,19,10,0.7851851851851852,0.785118525021949,0.7878787878787878,0.7761194029850746,0.7819548872180451,0.7941176470471453,54,14,15,52
com_erro,catboost,oscilacao,60,40,40,118,118,50,68,59,59,9,12,3,0.7542372881355932,0.7542372881355932,0.7884615384615384,0.6949152542372882,0.7387387387387387,0.8135593220201092,48,11,18,41
com_erro,catboost,oscilacao,60,45,45,105,105,43,62,52,53,11,21,10,0.7619047619047619,0.7614296081277214,0.7872340425531915,0.7115384615384616,0.7474747474747475,0.8113207547016732,43,10,15,37
com_erro,catboost,oscilacao,60,50,50,94,94,39,55,47,47,9,15,6,0.776595744680851,0.776595744680851,0.7954545454545454,0.7446808510638298,0.7692307692307693,0.80851063828067,38,9,12,35
com_erro,catboost,oscilacao,60,55,55,86,86,40,46,44,42,10,13,3,0.7209302325581395,0.7213203463203464,0.7380952380952381,0.7045454545454546,0.7209302325581395,0.7380952380776644,31,11,13,31
com_erro,catboost,oscilacao,60,60,60,79,79,35,44,38,41,9,15,6,0.7848101265822784,0.7869062901155327,0.7441860465116279,0.8421052631578947,0.7901234567901234,0.7317073170553243,30,11,6,32
com_erro,catboost,oscilacao,70,5,5,937,937,435,502,488,449,11,37,26,0.7769477054429029,0.7754481726240461,0.7719298245614035,0.8114754098360656,0.7912087912087912,0.7394209354103799,332,117,92,396
com_erro,catboost,oscilacao,70,10,10,469,469,218,251,244,225,10,31,21,0.7846481876332623,0.782304189435337,0.7677902621722846,0.8401639344262295,0.8023483365949119,0.7244444444412247,163,62,39,205
com_erro,catboost,oscilacao,70,15,15,313,313,145,168,162,151,11,21,10,0.8019169329073482,0.8009974654566265,0.7976190476190477,0.8271604938271605,0.8121212121212121,0.7748344370809614,117,34,28,134
com_erro,catboost,oscilacao,70,20,20,235,235,108,127,123,112,10,24,14,0.8127659574468085,0.8131533101045296,0.8319327731092437,0.8048780487804879,0.8181818181818182,0.8214285714212373,92,20,24,99
com_erro,catboost,oscilacao,70,25,25,188,188,85,103,97,91,9,20,11,0.7553191489361702,0.753370340999207,0.7383177570093458,0.8144329896907216,0.7745098039215687,0.6923076923000845,63,28,18,79
com_erro,catboost,oscilacao,70,30,30,157,157,74,83,84,73,9,18,9,0.7770700636942676,0.7746249184605349,0.7816091954022989,0.8095238095238095,0.7953216374269005,0.739726027387127,54,19,16,68
com_erro,catboost,oscilacao,70,35,35,134,134,62,72,70,64,8,14,6,0.8059701492537313,0.8049107142857144,0.8055555555555556,0.8285714285714286,0.8169014084507042,0.7812499999877929,50,14,12,58
com_erro,catboost,oscilacao,70,40,40,118,118,56,62,63,55,9,16,7,0.7372881355932204,0.7354978354978354,0.75,0.7619047619047619,0.7559055118110236,0.7090909090780165,39,16,15,48
com_erro,catboost,oscilacao,70,45,45,105,105,49,56,53,52,10,15,5,0.780952380952381,0.7804789550072568,0.7586206896551724,0.8301886792452831,0.7927927927927928,0.7307692307551775,38,14,9,44
com_erro,catboost,oscilacao,70,50,50,94,94,41,53,48,46,8,19,11,0.7446808510638298,0.7441123188405797,0.74,0.7708333333333334,0.7551020408163265,0.7173913043322306,33,13,11,37
com_erro,catboost,oscilacao,70,55,55,86,86,43,43,45,41,9,15,6,0.7441860465116279,0.7392953929539295,0.7169811320754716,0.8444444444444444,0.7755102040816326,0.6341463414479477,26,15,7,38
com_erro,catboost,oscilacao,70,60,60,79,79,36,43,42,37,7,15,8,0.6962025316455697,0.6965894465894467,0.725,0.6904761904761905,0.7073170731707317,0.7027027026837108,26,11,13,29
com_erro,catboost,oscilacao,70,65,65,73,73,32,41,39,34,9,13,4,0.7534246575342466,0.7579185520361991,0.8181818181818182,0.6923076923076923,0.75,0.8235294117404846,28,6,12,27
com_erro,catboost,oscilacao,70,70,70,67,67,31,36,36,31,6,10,4,0.835820895522388,0.8315412186379928,0.8205128205128205,0.8888888888888888,0.8533333333333334,0.7741935483621228,24,7,4,32
com_erro,catboost,oscilacao,80,5,5,935,935,459,476,507,428,9,34,25,0.7636363636363637,0.7578411583623661,0.7590579710144928,0.8264299802761341,0.7913125590179415,0.6892523364469877,295,133,88,419
com_erro,catboost,oscilacao,80,10,10,468,468,230,238,253,215,9,30,21,0.7735042735042735,0.7681588381285045,0.7672727272727272,0.83399209486166,0.7992424242424242,0.7023255813920822,151,64,42,211
com_erro,catboost,oscilacao,80,15,15,312,312,153,159,168,144,9,24,15,0.7532051282051282,0.7470238095238095,0.7433155080213903,0.8273809523809523,0.7830985915492957,0.6666666666620371,96,48,29,139
com_erro,catboost,oscilacao,80,20,20,234,234,114,120,124,110,9,22,13,0.7692307692307693,0.764809384164223,0.7536231884057971,0.8387096774193549,0.7938931297709924,0.6909090909028099,76,34,20,104
com_erro,catboost,oscilacao,80,25,25,187,187,90,97,101,86,8,16,8,0.7647058823529411,0.7605917568501037,0.7663551401869159,0.8118811881188119,0.7884615384615384,0.7093023255731477,61,25,19,82
com_erro,catboost,oscilacao,80,30,30,156,156,78,78,84,72,8,19,11,0.782051282051282,0.7757936507936507,0.7659574468085106,0.8571428571428571,0.8089887640449438,0.6944444444347994,50,22,12,72
com_erro,catboost,oscilacao,80,35,35,134,134,65,69,72,62,9,17,8,0.7910447761194029,0.7865143369175627,0.782051282051282,0.8472222222222222,0.8133333333333334,0.7258064516011967,45,17,11,61
com_erro,catboost,oscilacao,80,40,40,117,117,57,60,62,55,8,18,10,0.7264957264957265,0.7203812316715543,0.7083333333333334,0.8225806451612904,0.7611940298507462,0.6181818181705786,34,21,11,51
com_erro,catboost,oscilacao,80,45,45,104,104,53,51,55,49,7,16,9,0.7115384615384616,0.7050092764378479,0.6923076923076923,0.8181818181818182,0.75,0.5918367346817993,29,20,10,45
com_erro,catboost,oscilacao,80,50,50,94,94,44,50,50,44,8,13,5,0.7978723404255319,0.7963636363636364,0.803921568627451,0.82,0.8118811881188119,0.7727272727097108,34,10,9,41
com_erro,catboost,oscilacao,80,55,55,85,85,43,42,45,40,8,16,8,0.7529411764705882,0.7458333333333333,0.7222222222222222,0.8666666666666667,0.7878787878787878,0.624999999984375,25,15,6,39
com_erro,catboost,oscilacao,80,60,60,78,78,37,41,41,37,6,16,10,0.717948717948718,0.7119314436387607,0.6938775510204082,0.8292682926829268,0.7555555555555555,0.5945945945785245,22,15,7,34
com_erro,catboost,oscilacao,80,65,65,72,72,35,37,38,34,8,13,5,0.6944444444444444,0.6904024767801857,0.6904761904761905,0.7631578947368421,0.725,0.6176470588053634,21,13,9,29
com_erro,catboost,oscilacao,80,70,70,67,67,32,35,36,31,6,13,7,0.8059701492537313,0.8060035842293907,0.8285714285714286,0.8055555555555556,0.8169014084507042,0.8064516128772112,25,6,7,29
com_erro,catboost,oscilacao,80,75,75,63,63,29,34,33,30,8,9,1,0.6984126984126984,0.6984848484848485,0.71875,0.696969696969697,0.7076923076923077,0.6999999999766666,21,9,10,23
com_erro,catboost,oscilacao,80,80,80,59,59,29,30,31,28,7,12,5,0.7457627118644068,0.7390552995391705,0.7105263157894737,0.8709677419354839,0.782608695652174,0.6071428571211734,17,11,4,27
com_erro,catboost,oscilacao,90,5,5,933,933,483,450,522,411,9,32,23,0.7534833869239014,0.7424420393209721,0.7517241379310344,0.8352490421455939,0.7912885662431942,0.6496350364947697,267,144,86,436
com_erro,catboost,oscilacao,90,10,10,467,467,242,225,261,206,9,27,18,0.7537473233404711,0.7428672395193989,0.7517241379310344,0.8352490421455939,0.7912885662431942,0.6504854368900462,134,72,43,218
com_erro,catboost,oscilacao,90,15,15,311,311,161,150,174,137,9,22,13,0.7588424437299035,0.7495595268059401,0.7619047619047619,0.8275862068965517,0.7933884297520661,0.6715328467104268,92,45,30,144
com_erro,catboost,oscilacao,90,20,20,234,234,120,114,132,102,9,20,11,0.7948717948717948,0.7869875222816399,0.8,0.8484848484848485,0.8235294117647058,0.7254901960713187,74,28,20,112
com_erro,catboost,oscilacao,90,25,25,187,187,95,92,104,83,9,17,8,0.7540106951871658,0.7460032437442076,0.7589285714285714,0.8173076923076923,0.7870370370370371,0.674698795172594,56,27,19,85
com_erro,catboost,oscilacao,90,30,30,156,156,83,73,88,68,9,22,13,0.7564102564102564,0.7456550802139037,0.7604166666666666,0.8295454545454546,0.7934782608695652,0.661764705872621,45,23,15,73
com_erro,catboost,oscilacao,90,35,35,134,134,68,66,75,59,8,17,9,0.7761194029850746,0.7656497175141244,0.7710843373493976,0.8533333333333334,0.810126582278481,0.6779661016834243,40,19,11,64
com_erro,catboost,oscilacao,90,40,40,117,117,58,59,66,51,6,13,7,0.7777777777777778,0.7762923351158645,0.8125,0.7878787878787878,0.8,0.764705882337947,39,12,14,52
com_erro,catboost,oscilacao,90,45,45,104,104,53,51,59,45,6,15,9,0.7211538461538461,0.7094161958568739,0.734375,0.7966101694915254,0.7642276422764228,0.6222222222083951,28,17,12,47
com_erro,catboost,oscilacao,90,50,50,94,94,49,45,52,42,9,13,4,0.7021276595744681,0.6941391941391941,0.7142857142857143,0.7692307692307693,0.7407407407407407,0.6190476190328799,26,16,12,40
com_erro,catboost,oscilacao,90,55,55,85,85,46,39,48,37,8,11,3,0.6941176470588235,0.682713963963964,0.7115384615384616,0.7708333333333334,0.74,0.5945945945785245,22,15,11,37
com_erro,catboost,oscilacao,90,60,60,78,78,39,39,44,34,6,12,6,0.782051282051282,0.7834224598930482,0.8292682926829268,0.7727272727272727,0.8,0.7941176470354672,27,7,10,34
com_erro,catboost,oscilacao,90,65,65,72,72,36,36,40,32,7,8,1,0.75,0.75,0.7894736842105263,0.75,0.7692307692307693,0.7499999999765626,24,8,10,30
com_erro,catboost,oscilacao,90,70,70,67,67,34,33,38,29,6,8,2,0.7761194029850746,0.7740471869328494,0.8108108108108109,0.7894736842105263,0.8,0.7586206896290131,22,7,8,30
com_erro,catboost,oscilacao,90,75,75,63,63,31,32,36,27,8,9,1,0.6666666666666666,0.6481481481481481,0.6829268292682927,0.7777777777777778,0.7272727272727273,0.5185185184993141,14,13,8,28
com_erro,catboost,oscilacao,90,80,80,59,59,29,30,33,26,6,13,7,0.7627118644067796,0.7552447552447552,0.7714285714285715,0.8181818181818182,0.7941176470588235,0.692307692281065,18,8,6,27
com_erro,catboost,oscilacao,90,85,85,55,55,26,29,31,24,7,10,3,0.6545454545454545,0.67002688172043,0.7727272727272727,0.5483870967741935,0.6415094339622641,0.7916666666336806,19,5,14,17
com_erro,catboost,oscilacao,90,90,90,52,52,25,27,28,24,6,11,5,0.6346153846153846,0.6398809523809523,0.6956521739130435,0.5714285714285714,0.6274509803921569,0.7083333333038194,17,7,12,16
com_erro,catboost,oscilacao,100,5,5,931,931,507,424,536,395,9,31,22,0.7303974221267454,0.7085844511619119,0.7265500794912559,0.8526119402985075,0.784549356223176,0.5645569620238872,223,172,79,457
com_erro,catboost,oscilacao,100,10,10,466,466,254,212,268,198,9,29,20,0.7253218884120172,0.7024913312226745,0.720125786163522,0.8544776119402985,0.7815699658703071,0.5505050505022702,109,89,39,229
com_erro,catboost,oscilacao,100,15,15,311,311,169,142,179,132,8,20,12,0.7331189710610932,0.7074868799729135,0.7201834862385321,0.8770949720670391,0.7909319899244333,0.5378787878747131,71,61,22,157
com_erro,catboost,oscilacao,100,20,20,233,233,126,107,132,101,9,20,11,0.7296137339055794,0.7090459045904591,0.7169811320754716,0.8636363636363636,0.7835051546391752,0.5544554455390648,56,45,18,114
com_erro,catboost,oscilacao,100,25,25,187,187,102,85,108,79,8,14,6,0.7593582887700535,0.7372831692451945,0.7480314960629921,0.8796296296296297,0.8085106382978723,0.5949367088532286,47,32,13,95
com_erro,catboost,oscilacao,100,30,30,156,156,86,70,92,64,7,16,9,0.7243589743589743,0.6973505434782609,0.7289719626168224,0.8478260869565217,0.7839195979899497,0.5468749999914551,35,29,14,78
com_erro,catboost,oscilacao,100,35,35,133,133,73,60,77,56,7,14,7,0.7593984962406015,0.7386363636363635,0.7528089887640449,0.8701298701298701,0.8072289156626506,0.6071428571320153,34,22,10,67
com_erro,catboost,oscilacao,100,40,40,117,117,63,54,67,50,7,11,4,0.7264957264957265,0.7180597014925374,0.7536231884057971,0.7761194029850746,0.7647058823529411,0.6599999999868,33,17,15,52
com_erro,catboost,oscilacao,100,45,45,104,104,55,49,61,43,7,16,9,0.7403846153846154,0.7237895539458635,0.7575757575757576,0.819672131147541,0.7874015748031497,0.6279069767295836,27,16,11,50
com_erro,catboost,oscilacao,100,50,50,94,94,51,43,55,39,8,13,5,0.7659574468085106,0.7515151515151515,0.7796610169491526,0.8363636363636363,0.8070175438596491,0.6666666666495727,26,13,9,46
com_erro,catboost,oscilacao,100,55,55,85,85,49,36,49,36,7,9,2,0.6823529411764706,0.6397392290249433,0.6617647058823529,0.9183673469387755,0.7692307692307693,0.3611111111010803,13,23,4,45
com_erro,catboost,oscilacao,100,60,60,78,78,41,37,44,34,6,10,4,0.7692307692307693,0.7553475935828877,0.76,0.8636363636363636,0.8085106382978723,0.6470588235103807,22,12,6,38
com_erro,catboost,oscilacao,100,65,65,72,72,40,32,40,32,7,16,9,0.7916666666666666,0.78125,0.7777777777777778,0.875,0.8235294117647058,0.6874999999785157,22,10,5,35
com_erro,catboost,oscilacao,100,70,70,67,67,36,31,40,27,6,11,5,0.7313432835820896,0.7027777777777777,0.7391304347826086,0.85,0.7906976744186046,0.5555555555349794,15,12,6,34
com_erro,catboost,oscilacao,100,75,75,63,63,36,27,38,25,7,6,-1,0.6825396825396826,0.6547368421052632,0.7142857142857143,0.7894736842105263,0.75,0.5199999999792,13,12,8,30
com_erro,catboost,oscilacao,100,80,80,59,59,32,27,34,25,7,8,1,0.7457627118644068,0.7423529411764705,0.7878787878787878,0.7647058823529411,0.7761194029850746,0.7199999999712,18,7,8,26
com_erro,catboost,oscilacao,100,85,85,55,55,29,26,32,23,6,9,3,0.6363636363636364,0.6385869565217391,0.7142857142857143,0.625,0.6666666666666666,0.6521739130151228,15,8,12,20
com_erro,catboost,oscilacao,100,90,90,52,52,27,25,29,23,6,14,8,0.7307692307692307,0.7316341829085458,0.7777777777777778,0.7241379310344828,0.75,0.7391304347504726,17,6,8,21
com_erro,catboost,oscilacao,100,95,95,49,49,25,24,29,20,6,6,0,0.6326530612244898,0.6043103448275862,0.6666666666666666,0.7586206896551724,0.7096774193548387,0.4499999999775,9,11,7,22
com_erro,catboost,oscilacao,100,100,100,47,47,26,21,25,22,7,9,2,0.7021276595744681,0.6872727272727273,0.6571428571428571,0.92,0.7666666666666667,0.4545454545247934,10,12,2,23
com_erro,catboost,queda,20,5,5,947,947,246,701,220,727,20,65,45,0.8141499472016895,0.7030230086282356,0.6264367816091954,0.4954545454545455,0.5532994923857868,0.9105914718006732,662,65,111,109
com_erro,catboost,queda,20,10,10,474,474,126,348,111,363,19,44,25,0.8122362869198312,0.7085473903655721,0.6195652173913043,0.5135135135135135,0.5615763546798029,0.9035812672151416,328,35,54,57
com_erro,catboost,queda,20,15,15,316,316,80,236,73,243,18,30,12,0.8132911392405063,0.672557641355206,0.6521739130434783,0.410958904109589,0.5042016806722689,0.9341563785969789,227,16,43,30
com_erro,catboost,queda,20,20,20,237,237,63,174,55,182,16,29,13,0.8185654008438819,0.7232767232767232,0.625,0.5454545454545454,0.5825242718446602,0.9010989010939501,164,18,25,30
com_erro,catboost,queda,30,5,5,945,945,289,656,257,688,17,50,33,0.7724867724867724,0.6731206451904805,0.609375,0.45525291828793774,0.5211581291759465,0.8909883720917282,613,75,140,117
com_erro,catboost,queda,30,10,10,473,473,147,326,129,344,17,32,15,0.7653276955602537,0.6448643410852712,0.6125,0.3798449612403101,0.4688995215311005,0.9098837209275876,313,31,80,49
com_erro,catboost,queda,30,15,15,315,315,93,222,85,230,16,25,9,0.7682539682539683,0.6410485933503837,0.62,0.36470588235294116,0.45925925925925926,0.9173913043438374,211,19,54,31
com_erro,catboost,queda,30,20,20,237,237,75,162,63,174,17,32,15,0.759493670886076,0.6590038314176245,0.56,0.4444444444444444,0.49557522123893805,0.8735632183857842,152,22,35,28
com_erro,catboost,queda,30,25,25,189,189,59,130,53,136,16,24,8,0.7671957671957672,0.6539955604883463,0.6363636363636364,0.39622641509433965,0.4883720930232558,0.9117647058756488,124,12,32,21
com_erro,catboost,queda,30,30,30,158,158,48,110,41,117,16,16,0,0.7721518987341772,0.6481134042109652,0.5925925925925926,0.3902439024390244,0.47058823529411764,0.9059829059751625,106,11,25,16
com_erro,catboost,queda,40,5,5,943,943,327,616,289,654,17,38,21,0.7486744432661718,0.6594870004126854,0.6326530612244898,0.4290657439446367,0.511340206185567,0.8899082568793732,582,72,165,124
com_erro,catboost,queda,40,10,10,472,472,166,306,145,327,17,34,17,0.7584745762711864,0.6721501634503849,0.6565656565656566,0.4482758620689655,0.5327868852459017,0.8960244648290642,293,34,80,65
com_erro,catboost,queda,40,15,15,315,315,108,207,97,218,17,25,8,0.7333333333333333,0.6413979003121157,0.6,0.4020618556701031,0.48148148148148145,0.8807339449500884,192,26,58,39
com_erro,catboost,queda,40,20,20,236,236,83,153,71,165,16,19,3,0.7669491525423728,0.6768672641912079,0.6666666666666666,0.4507042253521127,0.5378151260504201,0.9030303030248302,149,16,39,32
com_erro,catboost,queda,40,25,25,189,189,65,124,58,131,15,17,2,0.7407407407407407,0.6352329560410634,0.6363636363636364,0.3620689655172414,0.46153846153846156,0.9083969465579512,119,12,37,21
com_erro,catboost,queda,40,30,30,158,158,54,104,50,108,15,16,1,0.7278481012658228,0.6344444444444444,0.6129032258064516,0.38,0.4691358024691358,0.8888888888806584,96,12,31,19
com_erro,catboost,queda,40,35,35,135,135,47,88,41,94,15,20,5,0.762962962962963,0.6785158277114686,0.6551724137931034,0.4634146341463415,0.5428571428571428,0.8936170212670892,84,10,22,19
com_erro,catboost,queda,40,40,40,118,118,40,78,36,82,14,12,-2,0.7627118644067796,0.6500677506775068,0.7222222222222222,0.3611111111111111,0.48148148148148145,0.9390243902324509,77,5,23,13
com_erro,catboost,queda,50,5,5,941,941,364,577,321,620,17,35,18,0.7385759829968119,0.6784192543462969,0.6569037656903766,0.48909657320872274,0.5607142857142857,0.8677419354824714,538,82,164,157
com_erro,catboost,queda,50,10,10,471,471,184,287,161,310,17,34,17,0.732484076433121,0.6698958124624323,0.6495726495726496,0.4720496894409938,0.5467625899280576,0.8677419354810718,269,41,85,76
com_erro,catboost,queda,50,15,15,314,314,118,196,107,207,15,20,5,0.7070063694267515,0.624271976161452,0.6190476190476191,0.3644859813084112,0.4588235294117647,0.884057971010222,183,24,68,39
com_erro,catboost,queda,50,20,20,236,236,93,143,79,157,17,27,10,0.7415254237288136,0.6768120615980004,0.6551724137931034,0.4810126582278481,0.5547445255474452,0.8726114649625949,137,20,41,38
com_erro,catboost,queda,50,25,25,189,189,73,116,66,123,15,28,13,0.7195767195767195,0.6686991869918699,0.6226415094339622,0.5,0.5546218487394958,0.8373983739769317,103,20,33,33
com_erro,catboost,queda,50,30,30,157,157,59,98,55,102,14,21,7,0.7070063694267515,0.6446524064171123,0.6153846153846154,0.43636363636363634,0.5106382978723404,0.852941176462226,87,15,31,24
com_erro,catboost,queda,50,35,35,135,135,51,84,44,91,14,15,1,0.725925925925926,0.6441058941058941,0.6206896551724138,0.4090909090909091,0.4931506849315068,0.8791208791112184,80,11,26,18
com_erro,catboost,queda,50,40,40,118,118,47,71,42,76,14,19,5,0.6949152542372882,0.6459899749373433,0.5882352941176471,0.47619047619047616,0.5263157894736842,0.8157894736734764,62,14,22,20
com_erro,catboost,queda,50,45,45,105,105,42,63,35,70,14,20,6,0.6571428571428571,0.5928571428571429,0.4827586206896552,0.4,0.4375,0.7857142857030612,55,15,21,14
com_erro,catboost,queda,50,50,50,95,95,40,55,35,60,15,19,4,0.7052631578947368,0.6892857142857143,0.5945945945945946,0.6285714285714286,0.6111111111111112,0.7499999999875,45,15,13,22
com_erro,catboost,queda,60,5,5,939,939,399,540,352,587,16,43,27,0.6996805111821086,0.6636910523462909,0.6182432432432432,0.5198863636363636,0.5648148148148148,0.8074957410548425,474,113,169,183
com_erro,catboost,queda,60,10,10,470,470,202,268,177,293,15,32,17,0.7127659574468085,0.679036270029502,0.64,0.5423728813559322,0.5871559633027523,0.8156996587002877,239,54,81,96
com_erro,catboost,queda,60,15,15,313,313,130,183,117,196,14,24,10,0.6900958466453674,0.6440345368916798,0.6136363636363636,0.46153846153846156,0.526829268292683,0.826530612240681,162,34,63,54
com_erro,catboost,queda,60,20,20,235,235,101,134,87,148,14,22,8,0.7021276595744681,0.6640260950605779,0.6164383561643836,0.5172413793103449,0.5625,0.8108108108053325,120,28,42,45
com_erro,catboost,queda,60,25,25,188,188,78,110,71,117,14,21,7,0.7021276595744681,0.6637775370169736,0.631578947368421,0.5070422535211268,0.5625,0.8205128205058075,96,21,35,36
com_erro,catboost,queda,60,30,30,157,157,66,91,57,100,14,23,9,0.6560509554140127,0.6055263157894737,0.5333333333333333,0.42105263157894735,0.47058823529411764,0.7899999999921,79,21,33,24
com_erro,catboost,queda,60,35,35,135,135,58,77,48,87,15,21,6,0.6592592592592592,0.6142241379310345,0.5238095238095238,0.4583333333333333,0.4888888888888889,0.7701149425198837,67,20,26,22
com_erro,catboost,queda,60,40,40,118,118,49,69,45,73,14,14,0,0.7372881355932204,0.6981735159817352,0.7058823529411765,0.5333333333333333,0.6075949367088608,0.8630136986183148,63,10,21,24
com_erro,catboost,queda,60,45,45,105,105,46,59,39,66,14,22,8,0.6190476190476191,0.6182983682983683,0.4897959183673469,0.6153846153846154,0.5454545454545454,0.6212121212027089,41,25,15,24
com_erro,catboost,queda,60,50,50,94,94,40,54,37,57,14,16,2,0.5957446808510638,0.5481270744428639,0.48,0.32432432432432434,0.3870967741935484,0.771929824547861,44,13,25,12
com_erro,catboost,queda,60,55,55,86,86,36,50,32,54,13,14,1,0.6395348837209303,0.6302083333333333,0.5135135135135135,0.59375,0.5507246376811594,0.6666666666543211,36,18,13,19
com_erro,catboost,queda,60,60,60,79,79,34,45,29,50,13,14,1,0.6835443037974683,0.6413793103448276,0.5833333333333334,0.4827586206896552,0.5283018867924528,0.7999999999840001,40,10,15,14
com_erro,catboost,queda,70,5,5,937,937,429,508,381,556,15,43,28,0.6776947705442903,0.6532411865782964,0.6238244514106583,0.5223097112860893,0.5685714285714286,0.7841726618690932,436,120,182,199
com_erro,catboost,queda,70,10,10,469,469,217,252,191,278,15,32,17,0.6588486140724946,0.6384986251836227,0.5906432748538012,0.5287958115183246,0.5580110497237569,0.7482014388462295,208,70,90,101
com_erro,catboost,queda,70,15,15,313,313,143,170,127,186,15,30,15,0.6517571884984026,0.6258149182965033,0.5849056603773585,0.4881889763779528,0.5321888412017167,0.7634408602109493,142,44,65,62
com_erro,catboost,queda,70,20,20,235,235,108,127,95,140,15,26,11,0.6723404255319149,0.6539473684210526,0.6022727272727273,0.5578947368421052,0.5792349726775956,0.749999999994643,105,35,42,53
com_erro,catboost,queda,70,25,25,188,188,85,103,75,113,14,20,6,0.6702127659574468,0.6494395280235987,0.5942028985507246,0.5466666666666666,0.5694444444444444,0.7522123893738742,85,28,34,41
com_erro,catboost,queda,70,30,30,157,157,72,85,64,93,15,20,5,0.643312101910828,0.6136592741935484,0.58,0.453125,0.5087719298245614,0.7741935483787721,72,21,35,29
com_erro,catboost,queda,70,35,35,134,134,62,72,54,80,14,21,7,0.6492537313432836,0.6370370370370371,0.5636363636363636,0.5740740740740741,0.5688073394495413,0.69999999999125,56,24,23,31
com_erro,catboost,queda,70,40,40,118,118,52,66,47,71,15,21,6,0.6440677966101694,0.6251123763859754,0.5555555555555556,0.5319148936170213,0.5434782608695652,0.7183098591448125,51,20,22,25
com_erro,catboost,queda,70,45,45,105,105,49,56,43,62,15,21,6,0.5619047619047619,0.5648912228057015,0.4716981132075472,0.5813953488372093,0.5208333333333334,0.5483870967653486,34,28,18,25
com_erro,catboost,queda,70,50,50,94,94,42,52,40,54,13,16,3,0.6808510638297872,0.6606481481481481,0.65625,0.525,0.5833333333333334,0.7962962962815501,43,11,19,21
com_erro,catboost,queda,70,55,55,86,86,40,46,36,50,13,17,4,0.6395348837209303,0.6394444444444445,0.5609756097560976,0.6388888888888888,0.5974025974025974,0.6399999999872,32,18,13,23
com_erro,catboost,queda,70,60,60,79,79,36,43,33,46,12,15,3,0.6582278481012658,0.642292490118577,0.6,0.5454545454545454,0.5714285714285714,0.7391304347665407,34,12,15,18
com_erro,catboost,queda,70,65,65,73,73,32,41,32,41,15,12,-3,0.6301369863013698,0.6158536585365854,0.5925925925925926,0.5,0.5423728813559322,0.7317073170553243,30,11,16,16
com_erro,catboost,queda,70,70,70,67,67,33,34,28,39,13,13,0,0.5970149253731343,0.6034798534798536,0.5142857142857142,0.6428571428571429,0.5714285714285714,0.5641025640881,22,17,10,18
com_erro,catboost,queda,80,5,5,935,935,457,478,409,526,15,44,29,0.6566844919786097,0.6470083761748492,0.6164021164021164,0.5696821515892421,0.5921219822109276,0.7243346007590792,381,145,176,233
com_erro,catboost,queda,80,10,10,468,468,231,237,205,263,15,41,26,0.6452991452991453,0.6370768802745062,0.6,0.5707317073170731,0.585,0.7034220532292645,185,78,88,117
com_erro,catboost,queda,80,15,15,312,312,150,162,136,176,14,32,18,0.6378205128205128,0.6246657754010696,0.5966386554621849,0.5220588235294118,0.5568627450980392,0.727272727268595,128,48,65,71
com_erro,catboost,queda,80,20,20,234,234,115,119,101,133,14,30,16,0.6452991452991453,0.6367527730216631,0.5918367346938775,0.5742574257425742,0.5829145728643216,0.6992481202954944,93,40,43,58
com_erro,catboost,queda,80,25,25,187,187,93,94,83,104,14,20,6,0.6470588235294118,0.6462001853568118,0.5955056179775281,0.6385542168674698,0.6162790697674418,0.6538461538398669,68,36,30,53
com_erro,catboost,queda,80,30,30,156,156,76,80,69,87,13,26,13,0.6410256410256411,0.6316841579210395,0.6031746031746031,0.5507246376811594,0.5757575757575758,0.7126436781527282,62,25,31,38
com_erro,catboost,queda,80,35,35,134,134,64,70,57,77,14,22,8,0.6417910447761194,0.6359079516974253,0.576271186440678,0.5964912280701754,0.5862068965517241,0.6753246753159048,52,25,23,34
com_erro,catboost,queda,80,40,40,117,117,58,59,50,67,14,20,6,0.5811965811965812,0.5835820895522388,0.5084745762711864,0.6,0.5504587155963303,0.5671641790960125,38,29,20,30
com_erro,catboost,queda,80,45,45,104,104,51,53,47,57,13,17,4,0.6153846153846154,0.6099290780141844,0.5777777777777777,0.5531914893617021,0.5652173913043478,0.6666666666549708,38,19,21,26
com_erro,catboost,queda,80,50,50,94,94,48,46,44,50,11,19,8,0.6276595744680851,0.6336363636363637,0.5818181818181818,0.7272727272727273,0.6464646464646465,0.5399999999892,27,23,12,32
com_erro,catboost,queda,80,55,55,85,85,41,44,37,48,13,14,1,0.6705882352941176,0.6618806306306306,0.6285714285714286,0.5945945945945946,0.6111111111111112,0.7291666666514758,35,13,15,22
com_erro,catboost,queda,80,60,60,78,78,37,41,35,43,11,12,1,0.7051282051282052,0.6926910299003322,0.7142857142857143,0.5714285714285714,0.6349206349206349,0.813953488353164,35,8,15,20
com_erro,catboost,queda,80,65,65,72,72,33,39,32,40,13,11,-2,0.5833333333333334,0.575,0.5333333333333333,0.5,0.5161290322580645,0.64999999998375,26,14,16,16
com_erro,catboost,queda,80,70,70,67,67,33,34,30,37,12,13,1,0.6119402985074627,0.617117117117117,0.5555555555555556,0.6666666666666666,0.6060606060606061,0.5675675675522279,21,16,10,20
com_erro,catboost,queda,80,75,75,63,63,29,34,28,35,11,8,-3,0.6190476190476191,0.6214285714285714,0.5625,0.6428571428571429,0.6,0.5999999999828572,21,14,10,18
com_erro,catboost,queda,80,80,80,59,59,30,29,26,33,10,14,4,0.4915254237288136,0.49242424242424243,0.43333333333333335,0.5,0.4642857142857143,0.4848484848337925,16,17,13,13
com_erro,catboost,queda,90,5,5,933,933,484,449,437,496,15,37,22,0.6377277599142551,0.6381786557909501,0.6064516129032258,0.6453089244851259,0.6252771618625277,0.6310483870955019,313,183,155,282
com_erro,catboost,queda,90,10,10,467,467,244,223,219,248,15,32,17,0.6316916488222698,0.63240167918692,0.6,0.6438356164383562,0.6211453744493393,0.62096774193298,154,94,78,141
com_erro,catboost,queda,90,15,15,311,311,160,151,145,166,14,32,18,0.5980707395498392,0.5964478604071459,0.5684931506849316,0.5724137931034483,0.570446735395189,0.6204819277071055,103,63,62,83
com_erro,catboost,queda,90,20,20,234,234,122,112,109,125,14,22,8,0.6367521367521367,0.6388623853211008,0.5983606557377049,0.6697247706422018,0.6320346320346321,0.607999999995136,76,49,36,73
com_erro,catboost,queda,90,25,25,187,187,96,91,87,100,13,26,13,0.6577540106951871,0.6598275862068965,0.6185567010309279,0.6896551724137931,0.6521739130434783,0.6299999999936999,63,37,27,60
com_erro,catboost,queda,90,30,30,156,156,81,75,71,85,13,23,10,0.6153846153846154,0.6134217067108534,0.5753424657534246,0.5915492957746479,0.5833333333333334,0.6352941176395848,54,31,29,42
com_erro,catboost,queda,90,35,35,134,134,70,64,59,75,13,21,8,0.6044776119402985,0.6123163841807909,0.5405405405405406,0.6779661016949152,0.6015037593984962,0.5466666666593778,41,34,19,40
com_erro,catboost,queda,90,40,40,117,117,62,55,56,61,11,20,9,0.5811965811965812,0.5851873536299765,0.5507246376811594,0.6785714285714286,0.608,0.49180327868046225,30,31,18,38
com_erro,catboost,queda,90,45,45,104,104,54,50,47,57,13,18,5,0.625,0.6280328480776409,0.5740740740740741,0.6595744680851063,0.6138613861386139,0.5964912280597107,34,23,16,31
com_erro,catboost,queda,90,50,50,94,94,50,44,45,49,11,12,1,0.6382978723404256,0.6421768707482993,0.6,0.7333333333333333,0.66,0.55102040815202,27,22,12,33
com_erro,catboost,queda,90,55,55,85,85,44,41,41,44,12,16,4,0.611764705882353,0.613359201773836,0.5869565217391305,0.6585365853658537,0.6206896551724138,0.568181818168905,25,19,14,27
com_erro,catboost,queda,90,60,60,78,78,39,39,36,42,11,15,4,0.6794871794871795,0.6765873015873016,0.6571428571428571,0.6388888888888888,0.647887323943662,0.7142857142687076,30,12,13,23
com_erro,catboost,queda,90,65,65,72,72,35,37,32,40,13,15,2,0.5972222222222222,0.603125,0.5384615384615384,0.65625,0.5915492957746479,0.54999999998625,22,18,11,21
com_erro,catboost,queda,90,70,70,67,67,35,32,31,36,11,12,1,0.5522388059701493,0.5542114695340502,0.5142857142857142,0.5806451612903226,0.5454545454545454,0.5277777777631173,19,17,13,18
com_erro,catboost,queda,90,75,75,63,63,30,33,29,34,11,12,1,0.7301587301587301,0.7322515212981744,0.6875,0.7586206896551724,0.7213114754098361,0.7058823529204153,24,10,7,22
com_erro,catboost,queda,90,80,80,59,59,33,26,29,30,9,13,4,0.4915254237288136,0.49425287356321834,0.48717948717948717,0.6551724137931034,0.5588235294117647,0.3333333333222222,10,20,10,19
com_erro,catboost,queda,90,85,85,55,55,29,26,25,30,12,11,-1,0.6,0.5933333333333333,0.5652173913043478,0.52,0.5416666666666666,0.6666666666444444,20,10,12,13
com_erro,catboost,queda,90,90,90,52,52,28,24,23,29,12,13,1,0.7307692307692307,0.7406296851574212,0.6551724137931034,0.8260869565217391,0.7307692307692307,0.6551724137705113,19,10,4,19
com_erro,catboost,queda,100,5,5,931,931,508,423,465,466,15,40,25,0.6283566058002148,0.6284230928976879,0.6137667304015296,0.6903225806451613,0.6497975708502024,0.5665236051489989,264,202,144,321
com_erro,catboost,queda,100,10,10,466,466,256,210,233,233,14,26,12,0.6094420600858369,0.6094420600858369,0.5876288659793815,0.7339055793991416,0.6526717557251909,0.4849785407704508,113,120,62,171
com_erro,catboost,queda,100,15,15,311,311,169,142,155,156,14,32,18,0.6012861736334405,0.601509511993383,0.5875706214689266,0.6709677419354839,0.6265060240963856,0.5320512820478716,83,73,51,104
com_erro,catboost,queda,100,20,20,233,233,127,106,115,118,13,24,11,0.5793991416309013,0.5807663964627856,0.5602836879432624,0.6869565217391305,0.6171875,0.47457627118241885,56,62,36,79
com_erro,catboost,queda,100,25,25,187,187,102,85,94,93,14,23,9,0.5828877005347594,0.58230382063601,0.5701754385964912,0.6914893617021277,0.625,0.4731182795648052,44,49,29,65
com_erro,catboost,queda,100,30,30,156,156,85,71,78,78,12,22,10,0.5833333333333334,0.5833333333333333,0.5714285714285714,0.6666666666666666,0.6153846153846154,0.49999999999358974,39,39,26,52
com_erro,catboost,queda,100,35,35,133,133,72,61,65,68,13,14,1,0.556390977443609,0.5593891402714932,0.5357142857142857,0.6923076923076923,0.6040268456375839,0.42647058822902245,29,39,20,45
com_erro,catboost,queda,100,40,40,117,117,63,54,59,58,10,20,10,0.6239316239316239,0.6231735827001753,0.6086956521739131,0.711864406779661,0.65625,0.5344827586114744,31,27,17,42
com_erro,catboost,queda,100,45,45,104,104,58,46,51,53,11,15,4,0.6346153846153846,0.6359600443951166,0.6101694915254238,0.7058823529411765,0.6545454545454545,0.5660377358383767,30,23,15,36
com_erro,catboost,queda,100,50,50,94,94,53,41,49,45,11,14,3,0.5851063829787234,0.5784580498866213,0.5806451612903226,0.7346938775510204,0.6486486486486487,0.42222222221283956,19,26,13,36
com_erro,catboost,queda,100,55,55,85,85,46,39,42,43,12,13,1,0.611764705882353,0.6129568106312293,0.5882352941176471,0.7142857142857143,0.6451612903225806,0.511627906964846,22,21,12,30
com_erro,catboost,queda,100,60,60,78,78,41,37,39,39,10,13,3,0.5641025641025641,0.5641025641025641,0.5641025641025641,0.5641025641025641,0.5641025641025641,0.5641025640881,22,17,17,22
com_erro,catboost,queda,100,65,65,72,72,37,35,34,38,12,15,3,0.5833333333333334,0.5882352941176471,0.5476190476190477,0.6764705882352942,0.6052631578947368,0.49999999998684214,19,19,11,23
com_erro,catboost,queda,100,70,70,67,67,35,32,33,34,10,12,2,0.5970149253731343,0.5980392156862745,0.5789473684210527,0.6666666666666666,0.6197183098591549,0.5294117646903115,18,16,11,22
com_erro,catboost,queda,100,75,75,63,63,34,29,31,32,11,11,0,0.6190476190476191,0.6199596774193548,0.6,0.6774193548387096,0.6363636363636364,0.562499999982422,18,14,10,21
com_erro,catboost,queda,100,80,80,59,59,33,26,29,30,9,11,2,0.5084745762711864,0.5109195402298851,0.5,0.6551724137931034,0.5671641791044776,0.3666666666544444,11,19,10,19
com_erro,catboost,queda,100,85,85,55,55,30,25,26,29,12,10,-2,0.6,0.6027851458885942,0.5666666666666667,0.6538461538461539,0.6071428571428571,0.5517241379120095,16,13,9,17
com_erro,catboost,queda,100,90,90,52,52,29,23,27,25,10,10,0,0.7115384615384616,0.7088888888888889,0.7,0.7777777777777778,0.7368421052631579,0.6399999999744,16,9,6,21
com_erro,catboost,queda,100,95,95,49,49,28,21,24,25,10,7,-3,0.7142857142857143,0.7166666666666667,0.6666666666666666,0.8333333333333334,0.7407407407407407,0.599999999976,15,10,4,20
com_erro,catboost,queda,100,100,100,47,47,29,18,25,22,9,7,-2,0.6170212765957447,0.6018181818181818,0.6,0.84,0.7,0.3636363636198347,8,14,4,21
com_erro,mlp,lacuna,20,5,5,947,947,277,670,198,749,15,15,0,0.986272439281943,0.9690294129546466,0.9946524064171123,0.9393939393939394,0.9662337662337662,0.9986648865140205,748,1,12,186
com_erro,mlp,lacuna,20,10,10,474,474,140,334,98,376,15,15,0,0.9725738396624473,0.941217976552323,0.9775280898876404,0.8877551020408163,0.93048128342246,0.9946808510611844,374,2,11,87
com_erro,mlp,lacuna,20,15,15,316,316,93,223,68,248,15,16,1,0.9841772151898734,0.9685721062618595,0.9846153846153847,0.9411764705882353,0.9624060150375939,0.9959677419314679,247,1,4,64
com_erro,mlp,lacuna,20,20,20,237,237,68,169,48,189,14,15,1,0.9789029535864979,0.9556878306878307,0.9777777777777777,0.9166666666666666,0.946236559139785,0.9947089947037318,188,1,4,44
com_erro,mlp,lacuna,30,5,5,945,945,315,630,226,719,15,17,2,0.9830687830687831,0.9676357280884218,0.9906542056074766,0.9380530973451328,0.9636363636363636,0.9972183588303237,717,2,14,212
com_erro,mlp,lacuna,30,10,10,473,473,159,314,112,361,15,32,17,0.9365750528541226,0.943052532647408,0.8106060606060606,0.9553571428571429,0.8770491803278688,0.9307479224350949,336,25,5,107
com_erro,mlp,lacuna,30,15,15,315,315,105,210,76,239,14,17,3,0.9619047619047619,0.9345133230565954,0.9571428571428572,0.881578947368421,0.9178082191780822,0.9874476987406383,236,3,9,67
com_erro,mlp,lacuna,30,20,20,237,237,79,158,56,181,15,15,0,0.9662447257383966,0.9347375690607735,0.98,0.875,0.9245283018867925,0.9944751381160527,180,1,7,49
com_erro,mlp,lacuna,30,25,25,189,189,65,124,43,146,14,17,3,0.9629629629629629,0.9432143994902835,0.9285714285714286,0.9069767441860465,0.9176470588235294,0.979452054787812,143,3,4,39
com_erro,mlp,lacuna,30,30,30,158,158,52,106,39,119,14,16,2,0.9367088607594937,0.8976513682396035,0.9142857142857143,0.8205128205128205,0.8648648648648649,0.974789915958195,116,3,7,32
com_erro,mlp,lacuna,40,5,5,943,943,351,592,253,690,15,26,11,0.9639448568398727,0.9490777338603426,0.9469387755102041,0.9169960474308301,0.9317269076305221,0.9811594202884332,677,13,21,232
com_erro,mlp,lacuna,40,10,10,472,472,177,295,126,346,15,40,25,0.9067796610169492,0.9111845123405817,0.7733333333333333,0.9206349206349206,0.8405797101449275,0.9017341040436366,312,34,10,116
com_erro,mlp,lacuna,40,15,15,315,315,120,195,85,230,15,27,12,0.926984126984127,0.9203324808184143,0.8369565217391305,0.9058823529411765,0.8700564971751412,0.9347826086915879,215,15,8,77
com_erro,mlp,lacuna,40,20,20,236,236,87,149,62,174,14,17,3,0.9491525423728814,0.9187986651835373,0.9464285714285714,0.8548387096774194,0.8983050847457628,0.9827586206840072,171,3,9,53
com_erro,mlp,lacuna,40,25,25,189,189,70,119,52,137,13,20,7,0.9206349206349206,0.9094609769792251,0.8363636363636363,0.8846153846153846,0.8598130841121495,0.934306569336246,128,9,6,46
com_erro,mlp,lacuna,40,30,30,158,158,60,98,44,114,15,22,7,0.8544303797468354,0.8433014354066986,0.7058823529411765,0.8181818181818182,0.7578947368421053,0.8684210526239612,99,15,8,36
com_erro,mlp,lacuna,40,35,35,135,135,51,84,34,101,14,15,1,0.9555555555555556,0.9215200931857892,0.9666666666666667,0.8529411764705882,0.90625,0.9900990098911872,100,1,5,29
com_erro,mlp,lacuna,40,40,40,118,118,46,72,32,86,13,16,3,0.940677966101695,0.9298691860465116,0.8787878787878788,0.90625,0.8923076923076924,0.9534883720819362,82,4,3,29
com_erro,mlp,lacuna,50,5,5,941,941,383,558,279,662,14,29,15,0.953241232731137,0.9418835071305591,0.9272727272727272,0.9139784946236559,0.9205776173285198,0.9697885196359973,642,20,24,255
com_erro,mlp,lacuna,50,10,10,471,471,193,278,139,332,14,20,6,0.9447983014861996,0.9252947039958395,0.9312977099236641,0.8776978417266187,0.9037037037037037,0.9728915662621299,323,9,17,122
com_erro,mlp,lacuna,50,15,15,314,314,129,185,95,219,14,17,3,0.9426751592356688,0.9231434751261716,0.9325842696629213,0.8736842105263158,0.9021739130434783,0.9726027397215863,213,6,12,83
com_erro,mlp,lacuna,50,20,20,236,236,97,139,70,166,14,25,11,0.8771186440677966,0.8837349397590362,0.7411764705882353,0.9,0.8129032258064516,0.8674698795128466,144,22,7,63
com_erro,mlp,lacuna,50,25,25,189,189,76,113,56,133,14,20,6,0.9365079365079365,0.9393796992481203,0.8548387096774194,0.9464285714285714,0.8983050847457628,0.9323308270606593,124,9,3,53
com_erro,mlp,lacuna,50,30,30,157,157,64,93,50,107,13,15,2,0.9235668789808917,0.8906542056074767,0.9523809523809523,0.8,0.8695652173913043,0.9813084112057822,105,2,10,40
com_erro,mlp,lacuna,50,35,35,135,135,55,80,39,96,13,17,4,0.9185185185185185,0.9046474358974359,0.85,0.8717948717948718,0.8607594936708861,0.9374999999902344,90,6,5,34
com_erro,mlp,lacuna,50,40,40,118,118,50,68,35,83,13,15,2,0.9322033898305084,0.90223752151463,0.9354838709677419,0.8285714285714286,0.8787878787878788,0.9759036144460734,81,2,6,29
com_erro,mlp,lacuna,50,45,45,105,105,45,60,32,73,13,15,2,0.9333333333333333,0.9081763698630136,0.9310344827586207,0.84375,0.8852459016393442,0.9726027397127041,71,2,5,27
com_erro,mlp,lacuna,50,50,50,95,95,37,58,29,66,13,16,3,0.8947368421052632,0.8855799373040751,0.8064516129032258,0.8620689655172413,0.8333333333333334,0.909090909077135,60,6,4,25
com_erro,mlp,lacuna,60,5,5,939,939,413,526,303,636,14,66,52,0.865814696485623,0.887983373809079,0.7218045112781954,0.9504950495049505,0.8205128205128205,0.8254716981119097,525,111,15,288
com_erro,mlp,lacuna,60,10,10,470,470,208,262,151,319,14,35,21,0.8872340425531915,0.9012331582553095,0.7634408602150538,0.9403973509933775,0.8427299703264095,0.862068965514539,275,44,9,142
com_erro,mlp,lacuna,60,15,15,313,313,138,175,102,211,13,22,9,0.9169329073482428,0.9004042375243937,0.8877551020408163,0.8529411764705882,0.87,0.9478672985737069,200,11,15,87
com_erro,mlp,lacuna,60,20,20,235,235,102,133,75,160,13,16,3,0.948936170212766,0.930625,0.9565217391304348,0.88,0.9166666666666666,0.9812499999938673,157,3,9,66
com_erro,mlp,lacuna,60,25,25,188,188,85,103,58,130,13,22,9,0.9308510638297872,0.9404509283819629,0.835820895522388,0.9655172413793104,0.896,0.915384615377574,119,11,2,56
com_erro,mlp,lacuna,60,30,30,157,157,70,87,53,104,13,16,3,0.9044585987261147,0.8769956458635704,0.9130434782608695,0.7924528301886793,0.8484848484848485,0.961538461529216,100,4,11,42
com_erro,mlp,lacuna,60,35,35,135,135,60,75,43,92,14,17,3,0.9185185185185185,0.8906723963599595,0.9210526315789473,0.813953488372093,0.8641975308641975,0.9673913043373109,89,3,8,35
com_erro,mlp,lacuna,60,40,40,118,118,51,67,40,78,13,16,3,0.9152542372881356,0.905448717948718,0.875,0.875,0.875,0.9358974358854372,73,5,5,35
com_erro,mlp,lacuna,60,45,45,105,105,47,58,34,71,13,17,4,0.8666666666666667,0.8554266777133388,0.7777777777777778,0.8235294117647058,0.8,0.8873239436494743,63,8,6,28
com_erro,mlp,lacuna,60,50,50,94,94,43,51,30,64,13,17,4,0.8936170212765957,0.8864583333333333,0.8125,0.8666666666666667,0.8387096774193549,0.9062499999858398,58,6,4,26
com_erro,mlp,lacuna,60,55,55,86,86,38,48,28,58,13,14,1,0.872093023255814,0.8774630541871922,0.7575757575757576,0.8928571428571429,0.819672131147541,0.8620689655023782,50,8,3,25
com_erro,mlp,lacuna,60,60,60,79,79,35,44,28,51,13,16,3,0.810126582278481,0.7965686274509804,0.7241379310344828,0.75,0.7368421052631579,0.8431372548854288,43,8,7,21
com_erro,mlp,lacuna,70,5,5,937,937,443,494,327,610,14,20,6,0.9583778014941302,0.9460420113300245,0.9736842105263158,0.9051987767584098,0.9381933438985737,0.9868852459000215,602,8,31,296
com_erro,mlp,lacuna,70,10,10,469,469,223,246,163,306,14,25,11,0.8976545842217484,0.8971991659649545,0.8248587570621468,0.8957055214723927,0.8588235294117647,0.8986928104545795,275,31,17,146
com_erro,mlp,lacuna,70,15,15,313,313,150,163,110,203,14,23,9,0.8817891373801917,0.885960591133005,0.792,0.9,0.8425531914893617,0.8719211822617147,177,26,11,99
com_erro,mlp,lacuna,70,20,20,235,235,112,123,82,153,14,16,2,0.9148936170212766,0.8921967160848079,0.9305555555555556,0.8170731707317073,0.8701298701298701,0.9673202614315862,148,5,15,67
com_erro,mlp,lacuna,70,25,25,188,188,85,103,67,121,13,16,3,0.9042553191489362,0.8956457382508942,0.8656716417910447,0.8656716417910447,0.8656716417910447,0.9256198347030941,112,9,9,58
com_erro,mlp,lacuna,70,30,30,157,157,75,82,57,100,13,18,5,0.8535031847133758,0.8359649122807018,0.8148148148148148,0.7719298245614035,0.7927927927927928,0.899999999991,90,10,13,44
com_erro,mlp,lacuna,70,35,35,134,134,65,69,47,87,13,16,3,0.8208955223880597,0.8229395940327708,0.7090909090909091,0.8297872340425532,0.7647058823529411,0.8160919540136081,71,16,8,39
com_erro,mlp,lacuna,70,40,40,118,118,57,61,44,74,13,17,4,0.8728813559322034,0.8756142506142506,0.7959183673469388,0.8863636363636364,0.8387096774193549,0.8648648648531775,64,10,5,39
com_erro,mlp,lacuna,70,45,45,105,105,51,54,39,66,13,15,2,0.819047619047619,0.8141025641025641,0.7380952380952381,0.7948717948717948,0.7654320987654321,0.833333333320707,55,11,8,31
com_erro,mlp,lacuna,70,50,50,94,94,43,51,34,60,13,15,2,0.9042553191489362,0.8867647058823529,0.9032258064516129,0.8235294117647058,0.8615384615384616,0.9499999999841667,57,3,6,28
com_erro,mlp,lacuna,70,55,55,86,86,39,47,31,55,13,17,4,0.8837209302325582,0.8809384164222873,0.8181818181818182,0.8709677419354839,0.84375,0.8909090908928926,49,6,4,27
com_erro,mlp,lacuna,70,60,60,79,79,37,42,30,49,13,16,3,0.810126582278481,0.7952380952380952,0.7586206896551724,0.7333333333333333,0.7457627118644068,0.8571428571253645,42,7,8,22
com_erro,mlp,lacuna,70,65,65,73,73,34,39,27,46,13,13,0,0.8767123287671232,0.856280193236715,0.875,0.7777777777777778,0.8235294117647058,0.9347826086753309,43,3,6,21
com_erro,mlp,lacuna,70,70,70,67,67,35,32,24,43,13,15,2,0.7611940298507462,0.7863372093023255,0.6176470588235294,0.875,0.7241379310344828,0.6976744185884263,30,13,3,21
com_erro,mlp,lacuna,80,5,5,935,935,469,466,351,584,14,36,22,0.932620320855615,0.9341265659758811,0.8870967741935484,0.9401709401709402,0.9128630705394191,0.9280821917792328,542,42,21,330
com_erro,mlp,lacuna,80,10,10,468,468,235,233,175,293,14,18,4,0.9252136752136753,0.912657240370551,0.9320987654320988,0.8628571428571429,0.8961424332344213,0.9624573378806742,282,11,24,151
com_erro,mlp,lacuna,80,15,15,312,312,158,154,119,193,13,22,9,0.9134615384615384,0.9042756999172726,0.9035087719298246,0.865546218487395,0.8841201716738197,0.9430051813422643,182,11,16,103
com_erro,mlp,lacuna,80,20,20,234,234,117,117,87,147,13,22,9,0.8333333333333334,0.8556181093126906,0.7068965517241379,0.9425287356321839,0.8078817733990148,0.768707482987968,113,34,5,82
com_erro,mlp,lacuna,80,25,25,187,187,95,92,69,118,13,17,4,0.9251336898395722,0.9166052566936871,0.9104477611940298,0.8840579710144928,0.8970588235294118,0.9491525423648377,112,6,8,61
com_erro,mlp,lacuna,80,30,30,156,156,78,78,62,94,13,19,6,0.8910256410256411,0.8821207961564859,0.8813559322033898,0.8387096774193549,0.859504132231405,0.925531914883771,87,7,10,52
com_erro,mlp,lacuna,80,35,35,134,134,67,67,51,83,13,17,4,0.9029850746268657,0.8952279707063548,0.88,0.8627450980392157,0.8712871287128713,0.9277108433623167,77,6,7,44
com_erro,mlp,lacuna,80,40,40,117,117,61,56,44,73,13,18,5,0.8803418803418803,0.8905666251556662,0.7884615384615384,0.9318181818181818,0.8541666666666666,0.8493150684815162,62,11,3,41
com_erro,mlp,lacuna,80,45,45,104,104,54,50,40,64,12,20,8,0.7884615384615384,0.8,0.68,0.85,0.7555555555555555,0.7499999999882813,48,16,6,34
com_erro,mlp,lacuna,80,50,50,94,94,46,48,35,59,13,14,1,0.925531914893617,0.9232445520581114,0.8888888888888888,0.9142857142857143,0.9014084507042254,0.9322033898147085,55,4,3,32
com_erro,mlp,lacuna,80,55,55,85,85,43,42,32,53,13,15,2,0.8823529411764706,0.8747051886792453,0.84375,0.84375,0.84375,0.9056603773414027,48,5,5,27
com_erro,mlp,lacuna,80,60,60,78,78,38,40,31,47,13,17,4,0.8461538461538461,0.8503774879890185,0.7714285714285715,0.8709677419354839,0.8181818181818182,0.8297872340248982,39,8,4,27
com_erro,mlp,lacuna,80,65,65,72,72,36,36,28,44,13,18,5,0.8472222222222222,0.8425324675324675,0.7931034482758621,0.8214285714285714,0.8070175438596491,0.8636363636167356,38,6,5,23
com_erro,mlp,lacuna,80,70,70,67,67,36,31,25,42,12,15,3,0.8059701492537313,0.829047619047619,0.6764705882352942,0.92,0.7796610169491526,0.7380952380776644,31,11,2,23
com_erro,mlp,lacuna,80,75,75,63,63,33,30,24,39,12,16,4,0.8095238095238095,0.8141025641025641,0.7142857142857143,0.8333333333333334,0.7692307692307693,0.7948717948514136,31,8,4,20
com_erro,mlp,lacuna,80,80,80,59,59,30,29,22,37,12,14,2,0.8813559322033898,0.8961916461916462,0.7777777777777778,0.9545454545454546,0.8571428571428571,0.8378378378151936,31,6,1,21
com_erro,mlp,lacuna,90,5,5,933,933,491,442,375,558,13,28,15,0.9389067524115756,0.934494623655914,0.9344262295081968,0.912,0.9230769230769231,0.9569892473101129,534,24,33,342
com_erro,mlp,lacuna,90,10,10,467,467,246,221,187,280,13,22,9,0.9250535331905781,0.9215145148968678,0.9086021505376344,0.9037433155080213,0.9061662198391421,0.9392857142823597,263,17,18,169
com_erro,mlp,lacuna,90,15,15,311,311,164,147,126,185,13,24,11,0.909967845659164,0.9028099528099529,0.9083333333333333,0.8650793650793651,0.8861788617886179,0.9405405405354565,174,11,17,109
com_erro,mlp,lacuna,90,20,20,234,234,123,111,94,140,13,23,10,0.8803418803418803,0.8790273556231003,0.8367346938775511,0.8723404255319149,0.8541666666666666,0.8857142857079593,124,16,12,82
com_erro,mlp,lacuna,90,25,25,187,187,98,89,76,111,13,21,8,0.8823529411764706,0.8780820293978189,0.8552631578947368,0.8552631578947368,0.8552631578947368,0.9009009008927846,100,11,11,65
com_erro,mlp,lacuna,90,30,30,156,156,82,74,65,91,13,20,7,0.8525641025641025,0.8538461538461539,0.8,0.8615384615384616,0.8296296296296296,0.8461538461445477,77,14,9,56
com_erro,mlp,lacuna,90,35,35,134,134,71,63,53,81,12,21,9,0.8731343283582089,0.875494991847193,0.8103448275862069,0.8867924528301887,0.8468468468468469,0.8641975308535284,70,11,6,47
com_erro,mlp,lacuna,90,40,40,117,117,63,54,47,70,12,18,6,0.8376068376068376,0.8293313069908814,0.8043478260869565,0.7872340425531915,0.7956989247311828,0.8714285714161224,61,9,10,37
com_erro,mlp,lacuna,90,45,45,104,104,56,48,42,62,12,21,9,0.8365384615384616,0.8437019969278033,0.7551020408163265,0.8809523809523809,0.8131868131868132,0.8064516128902186,50,12,5,37
com_erro,mlp,lacuna,90,50,50,94,94,47,47,39,55,12,19,7,0.776595744680851,0.7643356643356642,0.75,0.6923076923076923,0.72,0.8363636363484298,46,9,12,27
com_erro,mlp,lacuna,90,55,55,85,85,46,39,35,50,11,15,4,0.8117647058823529,0.8142857142857143,0.7435897435897436,0.8285714285714286,0.7837837837837838,0.7999999999840001,40,10,6,29
com_erro,mlp,lacuna,90,60,60,78,78,41,37,32,46,12,17,5,0.8076923076923077,0.8226902173913043,0.7073170731707317,0.90625,0.7945205479452054,0.7391304347665407,34,12,3,29
com_erro,mlp,lacuna,90,65,65,72,72,37,35,29,43,12,17,5,0.8472222222222222,0.8440256615878108,0.8,0.8275862068965517,0.8135593220338984,0.860465116259059,37,6,5,24
com_erro,mlp,lacuna,90,70,70,67,67,37,30,26,41,11,15,4,0.7761194029850746,0.7959662288930581,0.6571428571428571,0.8846153846153846,0.7540983606557377,0.7073170731534801,29,12,3,23
com_erro,mlp,lacuna,90,75,75,63,63,34,29,27,36,12,15,3,0.7936507936507936,0.7916666666666667,0.75,0.7777777777777778,0.7636363636363637,0.805555555533179,29,7,6,21
com_erro,mlp,lacuna,90,80,80,59,59,31,28,23,36,12,14,2,0.7966101694915254,0.8097826086956521,0.6896551724137931,0.8695652173913043,0.7692307692307693,0.7499999999791668,27,9,3,20
com_erro,mlp,lacuna,90,85,85,55,55,30,25,21,34,12,12,0,0.9454545454545454,0.9558823529411764,0.875,1.0,0.9333333333333333,0.9117647058555364,31,3,0,21
com_erro,mlp,lacuna,90,90,90,52,52,28,24,21,31,11,12,1,0.8846153846153846,0.8878648233486943,0.8260869565217391,0.9047619047619048,0.8636363636363636,0.8709677419073881,27,4,2,19
com_erro,mlp,lacuna,100,5,5,931,931,513,418,397,534,13,36,23,0.8936627282491945,0.8892088604609478,0.8880208333333334,0.8589420654911839,0.8732394366197183,0.9194756554289898,491,43,56,341
com_erro,mlp,lacuna,100,10,10,466,466,257,209,198,268,13,30,17,0.8905579399141631,0.890339966832504,0.8585365853658536,0.8888888888888888,0.8734491315136477,0.8917910447727918,239,29,22,176
com_erro,mlp,lacuna,100,15,15,311,311,172,139,133,178,13,23,10,0.8938906752411575,0.8930472248035819,0.8676470588235294,0.8872180451127819,0.8773234200743495,0.8988764044893323,160,18,15,118
com_erro,mlp,lacuna,100,20,20,233,233,128,105,99,134,13,27,14,0.8283261802575107,0.8375546509874868,0.7478991596638656,0.898989898989899,0.8165137614678899,0.7761194029792827,104,30,10,89
com_erro,mlp,lacuna,100,25,25,187,187,101,86,79,108,13,19,6,0.9037433155080213,0.9013713080168776,0.8860759493670886,0.8860759493670886,0.8860759493670886,0.916666666658179,99,9,9,70
com_erro,mlp,lacuna,100,30,30,156,156,86,70,68,88,12,21,9,0.8333333333333334,0.8372326203208555,0.7763157894736842,0.8676470588235294,0.8194444444444444,0.8068181818090134,71,17,9,59
com_erro,mlp,lacuna,100,35,35,133,133,76,57,57,76,12,16,4,0.8571428571428571,0.8640350877192982,0.7878787878787878,0.9122807017543859,0.8455284552845529,0.8157894736734764,62,14,5,52
com_erro,mlp,lacuna,100,40,40,117,117,64,53,52,65,11,19,8,0.7948717948717948,0.801923076923077,0.7258064516129032,0.8653846153846154,0.7894736842105263,0.7384615384501775,48,17,7,45
com_erro,mlp,lacuna,100,45,45,104,104,58,46,44,60,12,19,7,0.8173076923076923,0.8295454545454546,0.7272727272727273,0.9090909090909091,0.8080808080808081,0.7499999999875,45,15,4,40
com_erro,mlp,lacuna,100,50,50,94,94,49,45,40,54,11,16,5,0.8936170212765957,0.887962962962963,0.8947368421052632,0.85,0.8717948717948718,0.9259259259087792,50,4,6,34
com_erro,mlp,lacuna,100,55,55,85,85,47,38,38,47,10,13,3,0.8235294117647058,0.8227883538633818,0.7948717948717948,0.8157894736842105,0.8051948051948052,0.8297872340248982,39,8,7,31
com_erro,mlp,lacuna,100,60,60,78,78,44,34,34,44,11,14,3,0.782051282051282,0.7867647058823529,0.717948717948718,0.8235294117647058,0.7671232876712328,0.7499999999829546,33,11,6,28
com_erro,mlp,lacuna,100,65,65,72,72,38,34,30,42,11,12,1,0.8888888888888888,0.8857142857142857,0.8666666666666667,0.8666666666666667,0.8666666666666667,0.9047619047403629,38,4,4,26
com_erro,mlp,lacuna,100,70,70,67,67,39,28,28,39,11,10,-1,0.8507462686567164,0.8717948717948718,0.7368421052631579,1.0,0.8484848484848485,0.7435897435706772,29,10,0,28
com_erro,mlp,lacuna,100,75,75,63,63,35,28,28,35,11,12,1,0.8888888888888888,0.8892857142857142,0.8620689655172413,0.8928571428571429,0.8771929824561403,0.8857142856889797,31,4,3,25
com_erro,mlp,lacuna,100,80,80,59,59,31,28,25,34,10,14,4,0.8135593220338984,0.8170588235294117,0.75,0.84,0.7924528301886793,0.7941176470354672,27,7,4,21
com_erro,mlp,lacuna,100,85,85,55,55,31,24,23,32,11,12,1,0.8181818181818182,0.8131793478260869,0.782608695652174,0.782608695652174,0.782608695652174,0.8437499999736329,27,5,5,18
com_erro,mlp,lacuna,100,90,90,52,52,28,24,22,30,11,14,3,0.7692307692307693,0.7818181818181817,0.6785714285714286,0.8636363636363636,0.76,0.6999999999766666,21,9,3,19
com_erro,mlp,lacuna,100,95,95,49,49,28,21,21,28,9,12,3,0.7959183673469388,0.8095238095238095,0.7037037037037037,0.9047619047619048,0.7916666666666666,0.714285714260204,20,8,2,19
com_erro,mlp,lacuna,100,100,100,47,47,24,23,21,26,9,10,1,0.8085106382978723,0.8177655677655677,0.7307692307692307,0.9047619047619048,0.8085106382978723,0.7307692307411242,19,7,2,19
com_erro,mlp,oscilacao,20,5,5,947,947,290,657,355,592,18,72,54,0.839493136219641,0.8225661400837457,0.8048048048048048,0.7549295774647887,0.7790697674418605,0.890202702701199,527,65,87,268
com_erro,mlp,oscilacao,20,10,10,474,474,145,329,177,297,17,48,31,0.8333333333333334,0.8396107972379159,0.7355769230769231,0.864406779661017,0.7948051948051948,0.8148148148120714,242,55,24,153
com_erro,mlp,oscilacao,20,15,15,316,316,97,219,117,199,18,34,16,0.810126582278481,0.7823304556972899,0.7821782178217822,0.6752136752136753,0.7247706422018348,0.889447236176435,177,22,38,79
com_erro,mlp,oscilacao,20,20,20,237,237,72,165,87,150,17,33,16,0.8607594936708861,0.8368965517241379,0.8552631578947368,0.7471264367816092,0.7975460122699386,0.9266666666604889,139,11,22,65
com_erro,mlp,oscilacao,30,5,5,945,945,320,625,388,557,17,56,39,0.8264550264550264,0.8211122730385534,0.7871794871794872,0.7912371134020618,0.7892030848329049,0.8509874326735171,474,83,81,307
com_erro,mlp,oscilacao,30,10,10,473,473,160,313,193,280,17,58,41,0.7949260042283298,0.8074666913397484,0.6983471074380165,0.8756476683937824,0.7770114942528735,0.739285714283074,207,73,24,169
com_erro,mlp,oscilacao,30,15,15,315,315,107,208,128,187,16,43,27,0.8063492063492064,0.8036221590909092,0.7481481481481481,0.7890625,0.7680608365019012,0.818181818177443,153,34,27,101
com_erro,mlp,oscilacao,30,20,20,237,237,79,158,99,138,14,36,22,0.8016877637130801,0.806873078612209,0.7280701754385965,0.8383838383838383,0.7793427230046949,0.7753623188349612,107,31,16,83
com_erro,mlp,oscilacao,30,25,25,189,189,62,127,79,110,12,26,14,0.8095238095238095,0.7953394706559264,0.8115942028985508,0.7088607594936709,0.7567567567567568,0.8818181818101652,97,13,23,56
com_erro,mlp,oscilacao,30,30,30,158,158,56,102,65,93,15,29,14,0.7974683544303798,0.7909015715467329,0.7538461538461538,0.7538461538461538,0.7538461538461538,0.827956989238409,77,16,16,49
com_erro,mlp,oscilacao,40,5,5,943,943,350,593,418,525,14,56,42,0.7974549310710498,0.8034677603098657,0.7321063394683026,0.8564593301435407,0.7894156560088202,0.750476190474761,394,131,60,358
com_erro,mlp,oscilacao,40,10,10,472,472,175,297,209,263,14,54,40,0.7944915254237288,0.798888423963469,0.7352941176470589,0.8373205741626795,0.7829977628635347,0.7604562737613672,200,63,34,175
com_erro,mlp,oscilacao,40,15,15,315,315,117,198,139,176,13,42,29,0.7746031746031746,0.7740966317854807,0.7328767123287672,0.7697841726618705,0.7508771929824561,0.7784090909046681,137,39,32,107
com_erro,mlp,oscilacao,40,20,20,236,236,87,149,103,133,13,31,18,0.8220338983050848,0.8256807066209212,0.7652173913043478,0.8543689320388349,0.8073394495412844,0.7969924811970152,106,27,15,88
com_erro,mlp,oscilacao,40,25,25,189,189,68,121,85,104,12,31,19,0.783068783068783,0.7770927601809955,0.782051282051282,0.7176470588235294,0.7484662576687117,0.8365384615304179,87,17,24,61
com_erro,mlp,oscilacao,40,30,30,158,158,59,99,72,86,13,27,14,0.7784810126582279,0.7772932816537468,0.7534246575342466,0.7638888888888888,0.7586206896551724,0.7906976744094104,68,18,17,55
com_erro,mlp,oscilacao,40,35,35,135,135,48,87,58,77,12,21,9,0.8444444444444444,0.8402373488580385,0.8245614035087719,0.8103448275862069,0.8173913043478261,0.8701298701185697,67,10,11,47
com_erro,mlp,oscilacao,40,40,40,118,118,43,75,53,65,9,20,11,0.7796610169491526,0.7703918722786647,0.8,0.6792452830188679,0.7346938775510204,0.8615384615252071,56,9,17,36
com_erro,mlp,oscilacao,50,5,5,941,941,380,561,444,497,13,76,63,0.7874601487778958,0.7877444849275835,0.7652173913043478,0.7927927927927928,0.7787610619469026,0.7826961770607994,389,108,92,352
com_erro,mlp,oscilacao,50,10,10,471,471,190,281,222,249,13,55,42,0.7409766454352441,0.7462281558667101,0.6838235294117647,0.8378378378378378,0.7530364372469636,0.6546184738929534,163,86,36,186
com_erro,mlp,oscilacao,50,15,15,314,314,127,187,147,167,12,35,23,0.7770700636942676,0.776569310358874,0.7583892617449665,0.7687074829931972,0.7635135135135135,0.7844311377198537,131,36,34,113
com_erro,mlp,oscilacao,50,20,20,236,236,94,142,112,124,12,33,21,0.7669491525423728,0.7717453917050692,0.708029197080292,0.8660714285714286,0.7791164658634538,0.6774193548332466,84,40,15,97
com_erro,mlp,oscilacao,50,25,25,189,189,77,112,90,99,11,30,19,0.7671957671957672,0.7676767676767677,0.7446808510638298,0.7777777777777778,0.7608695652173914,0.7575757575681052,75,24,20,70
com_erro,mlp,oscilacao,50,30,30,157,157,65,92,74,83,10,29,19,0.7197452229299363,0.721751872354282,0.6829268292682927,0.7567567567567568,0.717948717948718,0.6867469879435332,57,26,18,56
com_erro,mlp,oscilacao,50,35,35,135,135,51,84,62,73,12,20,8,0.8148148148148148,0.8068935041979672,0.8627450980392157,0.7096774193548387,0.7787610619469026,0.9041095890287107,66,7,18,44
com_erro,mlp,oscilacao,50,40,40,118,118,44,74,57,61,9,17,8,0.8050847457627118,0.8011216566005177,0.8863636363636364,0.6842105263157895,0.7722772277227723,0.9180327868701962,56,5,18,39
com_erro,mlp,oscilacao,50,45,45,105,105,39,66,49,56,10,20,10,0.7523809523809524,0.7461734693877551,0.7804878048780488,0.6530612244897959,0.7111111111111111,0.8392857142707271,47,9,17,32
com_erro,mlp,oscilacao,50,50,50,95,95,38,57,45,50,11,20,9,0.7684210526315789,0.7666666666666666,0.7674418604651163,0.7333333333333333,0.75,0.7999999999840001,40,10,12,33
com_erro,mlp,oscilacao,60,5,5,939,939,408,531,467,472,12,58,46,0.7880724174653887,0.788049395710086,0.7887931034482759,0.7837259100642399,0.7862513426423201,0.7923728813542534,374,98,101,366
com_erro,mlp,oscilacao,60,10,10,470,470,204,266,234,236,11,39,28,0.7872340425531915,0.7873569462552513,0.7701612903225806,0.8162393162393162,0.7925311203319502,0.7584745762679725,179,57,43,191
com_erro,mlp,oscilacao,60,15,15,313,313,136,177,154,159,12,30,18,0.7891373801916933,0.789798252062403,0.7619047619047619,0.8311688311688312,0.7950310559006211,0.7484276729512678,119,40,26,128
com_erro,mlp,oscilacao,60,20,20,235,235,101,134,115,120,10,24,14,0.774468085106383,0.7760869565217391,0.7313432835820896,0.8521739130434782,0.7871485943775101,0.6999999999941666,84,36,17,98
com_erro,mlp,oscilacao,60,25,25,188,188,79,109,95,93,10,23,13,0.7872340425531915,0.7875495189586871,0.8089887640449438,0.7578947368421053,0.782608695652174,0.8172043010664817,76,17,23,72
com_erro,mlp,oscilacao,60,30,30,157,157,71,86,79,78,10,27,17,0.732484076433121,0.7320675105485233,0.7078651685393258,0.7974683544303798,0.75,0.6666666666581196,52,26,16,63
com_erro,mlp,oscilacao,60,35,35,135,135,58,77,67,68,9,18,9,0.8296296296296296,0.8297848990342406,0.8142857142857143,0.8507462686567164,0.8321167883211679,0.8088235293998702,55,13,10,57
com_erro,mlp,oscilacao,60,40,40,118,118,50,68,59,59,9,14,5,0.8135593220338984,0.8135593220338984,0.8135593220338984,0.8135593220338984,0.8135593220338984,0.8135593220201092,48,11,11,48
com_erro,mlp,oscilacao,60,45,45,105,105,43,62,52,53,11,18,7,0.7904761904761904,0.7902757619738752,0.8,0.7692307692307693,0.7843137254901961,0.8113207547016732,43,10,12,40
com_erro,mlp,oscilacao,60,50,50,94,94,39,55,47,47,9,17,8,0.7872340425531915,0.7872340425531914,0.813953488372093,0.7446808510638298,0.7777777777777778,0.8297872340248982,39,8,12,35
com_erro,mlp,oscilacao,60,55,55,86,86,40,46,44,42,10,19,9,0.7674418604651163,0.7673160173160173,0.7727272727272727,0.7727272727272727,0.7727272727272727,0.7619047618866214,32,10,10,34
com_erro,mlp,oscilacao,60,60,60,79,79,35,44,38,41,9,14,5,0.810126582278481,0.8112965340179717,0.7804878048780488,0.8421052631578947,0.810126582278481,0.7804878048590126,32,9,6,32
com_erro,mlp,oscilacao,70,5,5,937,937,435,502,488,449,11,59,48,0.7950907150480256,0.7941121435612837,0.7948207171314741,0.8176229508196722,0.806060606060606,0.7706013363011791,346,103,89,399
com_erro,mlp,oscilacao,70,10,10,469,469,218,251,244,225,10,28,18,0.6631130063965884,0.6502732240437158,0.6113989637305699,0.9672131147540983,0.7492063492063492,0.3333333333318519,75,150,8,236
com_erro,mlp,oscilacao,70,15,15,313,313,145,168,162,151,11,31,20,0.7955271565495208,0.7952743030005723,0.8024691358024691,0.8024691358024691,0.8024691358024691,0.7880794701934565,119,32,32,130
com_erro,mlp,oscilacao,70,20,20,235,235,108,127,123,112,10,25,15,0.7319148936170212,0.737913763066202,0.8333333333333334,0.6097560975609756,0.704225352112676,0.8660714285636958,97,15,48,75
com_erro,mlp,oscilacao,70,25,25,188,188,85,103,97,91,9,25,16,0.7712765957446809,0.769174124844228,0.75,0.8350515463917526,0.7902439024390244,0.7032967032889748,64,27,16,81
com_erro,mlp,oscilacao,70,30,30,157,157,74,83,84,73,9,22,13,0.7579617834394905,0.7522831050228311,0.7446808510638298,0.8333333333333334,0.7865168539325843,0.6712328767031338,49,24,14,70
com_erro,mlp,oscilacao,70,35,35,134,134,62,72,70,64,8,16,8,0.746268656716418,0.74375,0.7368421052631579,0.8,0.7671232876712328,0.6874999999892578,44,20,14,56
com_erro,mlp,oscilacao,70,40,40,118,118,56,62,63,55,9,19,10,0.711864406779661,0.7082251082251082,0.7164179104477612,0.7619047619047619,0.7384615384615385,0.6545454545335537,36,19,15,48
com_erro,mlp,oscilacao,70,45,45,105,105,49,56,53,52,10,17,7,0.7428571428571429,0.7420174165457185,0.7096774193548387,0.8301886792452831,0.7652173913043478,0.6538461538335799,34,18,9,44
com_erro,mlp,oscilacao,70,50,50,94,94,41,53,48,46,8,19,11,0.776595744680851,0.776268115942029,0.7755102040816326,0.7916666666666666,0.7835051546391752,0.7608695652008507,35,11,10,38
com_erro,mlp,oscilacao,70,55,55,86,86,43,43,45,41,9,16,7,0.7441860465116279,0.7403794037940379,0.7254901960784313,0.8222222222222222,0.7708333333333334,0.6585365853497919,27,14,8,37
com_erro,mlp,oscilacao,70,60,60,79,79,36,43,42,37,7,16,9,0.759493670886076,0.7593307593307593,0.7804878048780488,0.7619047619047619,0.7710843373493976,0.7567567567363039,28,9,10,32
com_erro,mlp,oscilacao,70,65,65,73,73,32,41,39,34,9,17,8,0.7397260273972602,0.7413273001508296,0.7777777777777778,0.717948717948718,0.7466666666666667,0.7647058823304499,26,8,11,28
com_erro,mlp,oscilacao,70,70,70,67,67,31,36,36,31,6,12,6,0.7761194029850746,0.7692652329749103,0.7560975609756098,0.8611111111111112,0.8051948051948052,0.6774193548168574,21,10,5,31
com_erro,mlp,oscilacao,80,5,5,935,935,459,476,507,428,9,59,50,0.7689839572192514,0.7640463418680529,0.7679558011049724,0.8224852071005917,0.7942857142857143,0.7056074766338655,302,126,90,417
com_erro,mlp,oscilacao,80,10,10,468,468,230,238,253,215,9,40,31,0.7222222222222222,0.7085026197260778,0.6915887850467289,0.8774703557312253,0.7735191637630662,0.5395348837184208,116,99,31,222
com_erro,mlp,oscilacao,80,15,15,312,312,153,159,168,144,9,36,27,0.7564102564102564,0.7470238095238095,0.73,0.8690476190476191,0.7934782608695652,0.6249999999956598,90,54,22,146
com_erro,mlp,oscilacao,80,20,20,234,234,114,120,124,110,9,27,18,0.7564102564102564,0.7552785923753665,0.768,0.7741935483870968,0.7710843373493976,0.7363636363569421,81,29,28,96
com_erro,mlp,oscilacao,80,25,25,187,187,90,97,101,86,8,20,12,0.8021390374331551,0.7986990559521068,0.8018867924528302,0.8415841584158416,0.821256038647343,0.7558139534795836,65,21,16,85
com_erro,mlp,oscilacao,80,30,30,156,156,78,78,84,72,8,21,13,0.7435897435897436,0.7311507936507937,0.7075471698113207,0.8928571428571429,0.7894736842105263,0.5694444444365354,41,31,9,75
com_erro,mlp,oscilacao,80,35,35,134,134,65,69,72,62,9,17,8,0.7985074626865671,0.7934587813620072,0.7848101265822784,0.8611111111111112,0.8211920529801324,0.7258064516011967,45,17,10,62
com_erro,mlp,oscilacao,80,40,40,117,117,57,60,62,55,8,14,6,0.7264957264957265,0.716275659824047,0.6875,0.8870967741935484,0.7746478873239436,0.5454545454446281,30,25,7,55
com_erro,mlp,oscilacao,80,45,45,104,104,53,51,55,49,7,15,8,0.7692307692307693,0.7606679035250463,0.7246376811594203,0.9090909090909091,0.8064516129032258,0.6122448979466889,30,19,5,50
com_erro,mlp,oscilacao,80,50,50,94,94,44,50,50,44,8,16,8,0.7659574468085106,0.7581818181818182,0.7333333333333333,0.88,0.8,0.6363636363491736,28,16,6,44
com_erro,mlp,oscilacao,80,55,55,85,85,43,42,45,40,8,16,8,0.7764705882352941,0.773611111111111,0.7708333333333334,0.8222222222222222,0.7956989247311828,0.724999999981875,29,11,8,37
com_erro,mlp,oscilacao,80,60,60,78,78,37,41,41,37,6,16,10,0.782051282051282,0.7768622280817403,0.75,0.8780487804878049,0.8089887640449438,0.6756756756574143,25,12,5,36
com_erro,mlp,oscilacao,80,65,65,72,72,35,37,38,34,8,13,5,0.7777777777777778,0.7755417956656347,0.775,0.8157894736842105,0.7948717948717948,0.7352941176254326,25,9,7,31
com_erro,mlp,oscilacao,80,70,70,67,67,32,35,36,31,6,13,7,0.7611940298507462,0.7576164874551972,0.7631578947368421,0.8055555555555556,0.7837837837837838,0.7096774193319458,22,9,7,29
com_erro,mlp,oscilacao,80,75,75,63,63,29,34,33,30,8,10,2,0.746031746031746,0.7424242424242424,0.7297297297297297,0.8181818181818182,0.7714285714285715,0.6666666666444444,20,10,6,27
com_erro,mlp,oscilacao,80,80,80,59,59,29,30,31,28,7,16,9,0.711864406779661,0.7050691244239631,0.6842105263157895,0.8387096774193549,0.7536231884057971,0.5714285714081633,16,12,5,26
com_erro,mlp,oscilacao,90,5,5,933,933,483,450,522,411,9,65,56,0.7556270096463023,0.7474620354056548,0.7634408602150538,0.8160919540229885,0.7888888888888889,0.6788321167866695,279,132,96,426
com_erro,mlp,oscilacao,90,10,10,467,467,242,225,261,206,9,40,31,0.7066381156316917,0.6864003273444184,0.691358024691358,0.8582375478927203,0.7658119658119659,0.5145631067936186,106,100,37,224
com_erro,mlp,oscilacao,90,15,15,311,311,161,150,174,137,9,28,19,0.7877813504823151,0.786286601224935,0.8176470588235294,0.7988505747126436,0.8081395348837209,0.7737226277315787,106,31,35,139
com_erro,mlp,oscilacao,90,20,20,234,234,120,114,132,102,9,21,12,0.6965811965811965,0.6653297682709447,0.6703910614525139,0.9090909090909091,0.7717041800643086,0.42156862744684737,43,59,12,120
com_erro,mlp,oscilacao,90,25,25,187,187,95,92,104,83,9,24,15,0.7647058823529411,0.7544022242817423,0.7586206896551724,0.8461538461538461,0.8,0.6626506024016547,55,28,16,88
com_erro,mlp,oscilacao,90,30,30,156,156,83,73,88,68,9,19,10,0.7628205128205128,0.7496657754010696,0.7575757575757576,0.8522727272727273,0.8021390374331551,0.6470588235198962,44,24,13,75
com_erro,mlp,oscilacao,90,35,35,134,134,68,66,75,59,8,17,9,0.753731343283582,0.7420338983050847,0.75,0.84,0.7924528301886793,0.6440677965992532,38,21,12,63
com_erro,mlp,oscilacao,90,40,40,117,117,58,59,66,51,6,14,8,0.7521367521367521,0.7401960784313726,0.7534246575342466,0.8333333333333334,0.7913669064748201,0.6470588235167244,33,18,11,55
com_erro,mlp,oscilacao,90,45,45,104,104,53,51,59,45,6,15,9,0.7596153846153846,0.7485875706214689,0.765625,0.8305084745762712,0.7967479674796748,0.6666666666518519,30,15,10,49
com_erro,mlp,oscilacao,90,50,50,94,94,49,45,52,42,9,14,5,0.7340425531914894,0.7206959706959707,0.7213114754098361,0.8461538461538461,0.7787610619469026,0.5952380952239229,25,17,8,44
com_erro,mlp,oscilacao,90,55,55,85,85,46,39,48,37,8,14,6,0.7176470588235294,0.7004504504504505,0.7142857142857143,0.8333333333333334,0.7692307692307693,0.5675675675522279,21,16,8,40
com_erro,mlp,oscilacao,90,60,60,78,78,39,39,44,34,6,13,7,0.782051282051282,0.7733957219251337,0.7872340425531915,0.8409090909090909,0.8131868131868132,0.7058823529204153,24,10,7,37
com_erro,mlp,oscilacao,90,65,65,72,72,36,36,40,32,7,13,6,0.8333333333333334,0.828125,0.8333333333333334,0.875,0.8536585365853658,0.781249999975586,25,7,5,35
com_erro,mlp,oscilacao,90,70,70,67,67,34,33,38,29,6,14,8,0.746268656716418,0.7354809437386569,0.7560975609756098,0.8157894736842105,0.7848101265822784,0.6551724137705113,19,10,7,31
com_erro,mlp,oscilacao,90,75,75,63,63,31,32,36,27,8,11,3,0.6825396825396826,0.6712962962962963,0.7105263157894737,0.75,0.7297297297297297,0.5925925925706447,16,11,9,27
com_erro,mlp,oscilacao,90,80,80,59,59,29,30,33,26,6,16,10,0.6271186440677966,0.6177156177156178,0.6571428571428571,0.696969696969697,0.6764705882352942,0.5384615384408284,14,12,10,23
com_erro,mlp,oscilacao,90,85,85,55,55,26,29,31,24,7,12,5,0.6909090909090909,0.6928763440860215,0.75,0.6774193548387096,0.711864406779661,0.7083333333038194,17,7,10,21
com_erro,mlp,oscilacao,90,90,90,52,52,25,27,28,24,6,10,4,0.75,0.7470238095238095,0.7586206896551724,0.7857142857142857,0.7719298245614035,0.7083333333038194,17,7,6,22
com_erro,mlp,oscilacao,100,5,5,931,931,507,424,536,395,9,59,50,0.7744360902255639,0.7684748724730777,0.8018518518518518,0.8078358208955224,0.8048327137546468,0.729113924048787,288,107,103,433
com_erro,mlp,oscilacao,100,10,10,466,466,254,212,268,198,9,35,26,0.7896995708154506,0.8006746570179406,0.8863636363636364,0.7276119402985075,0.7991803278688525,0.873737373732961,173,25,73,195
com_erro,mlp,oscilacao,100,15,15,311,311,169,142,179,132,8,31,23,0.7266881028938906,0.7108515320805824,0.7373737373737373,0.8156424581005587,0.7745358090185677,0.6060606060560148,80,52,33,146
com_erro,mlp,oscilacao,100,20,20,233,233,126,107,132,101,9,26,17,0.7253218884120172,0.731998199819982,0.8035714285714286,0.6818181818181818,0.7377049180327869,0.7821782178140378,79,22,42,90
com_erro,mlp,oscilacao,100,25,25,187,187,102,85,108,79,8,20,12,0.7754010695187166,0.7579699953117675,0.7704918032786885,0.8703703703703703,0.8173913043478261,0.6455696202449928,51,28,14,94
com_erro,mlp,oscilacao,100,30,30,156,156,86,70,92,64,7,20,13,0.7243589743589743,0.7021059782608696,0.7378640776699029,0.8260869565217391,0.7794871794871795,0.5781249999909668,37,27,16,76
com_erro,mlp,oscilacao,100,35,35,133,133,73,60,77,56,7,13,6,0.7894736842105263,0.7719155844155844,0.7816091954022989,0.8831168831168831,0.8292682926829268,0.6607142857024872,37,19,9,68
com_erro,mlp,oscilacao,100,40,40,117,117,63,54,67,50,7,17,10,0.7264957264957265,0.7079104477611939,0.7272727272727273,0.835820895522388,0.7777777777777778,0.5799999999884,29,21,11,56
com_erro,mlp,oscilacao,100,45,45,104,104,55,49,61,43,7,16,9,0.7307692307692307,0.7155928326343881,0.7538461538461538,0.8032786885245902,0.7777777777777778,0.6279069767295836,27,16,12,49
com_erro,mlp,oscilacao,100,50,50,94,94,51,43,55,39,8,13,5,0.7659574468085106,0.7477855477855477,0.7704918032786885,0.8545454545454545,0.8103448275862069,0.6410256410092046,25,14,8,47
com_erro,mlp,oscilacao,100,55,55,85,85,49,36,49,36,7,15,8,0.6470588235294118,0.6275510204081632,0.6727272727272727,0.7551020408163265,0.7115384615384616,0.49999999998611117,18,18,12,37
com_erro,mlp,oscilacao,100,60,60,78,78,41,37,44,34,6,12,6,0.717948717948718,0.696524064171123,0.7037037037037037,0.8636363636363636,0.7755102040816326,0.5294117646903115,18,16,6,38
com_erro,mlp,oscilacao,100,65,65,72,72,40,32,40,32,7,15,8,0.7777777777777778,0.765625,0.7608695652173914,0.875,0.813953488372093,0.6562499999794923,21,11,5,35
com_erro,mlp,oscilacao,100,70,70,67,67,36,31,40,27,6,13,7,0.7164179104477612,0.6902777777777778,0.7333333333333333,0.825,0.7764705882352941,0.5555555555349794,15,12,7,33
com_erro,mlp,oscilacao,100,75,75,63,63,36,27,38,25,7,11,4,0.746031746031746,0.7142105263157895,0.75,0.868421052631579,0.8048780487804879,0.5599999999776,14,11,5,33
com_erro,mlp,oscilacao,100,80,80,59,59,32,27,34,25,7,13,6,0.5932203389830508,0.5729411764705883,0.631578947368421,0.7058823529411765,0.6666666666666666,0.4399999999824,11,14,10,24
com_erro,mlp,oscilacao,100,85,85,55,55,29,26,32,23,6,13,7,0.6909090909090909,0.6854619565217391,0.7419354838709677,0.71875,0.7301587301587301,0.6521739130151228,15,8,9,23
com_erro,mlp,oscilacao,100,90,90,52,52,27,25,29,23,6,9,3,0.75,0.7488755622188905,0.7857142857142857,0.7586206896551724,0.7719298245614035,0.7391304347504726,17,6,7,22
com_erro,mlp,oscilacao,100,95,95,49,49,25,24,29,20,6,14,8,0.6938775510204082,0.6715517241379311,0.71875,0.7931034482758621,0.7540983606557377,0.5499999999725,11,9,6,23
com_erro,mlp,oscilacao,100,100,100,47,47,26,21,25,22,7,8,1,0.7021276595744681,0.69,0.6666666666666666,0.88,0.7586206896551724,0.49999999997727274,11,11,3,22
com_erro,mlp,queda,20,5,5,947,947,246,701,220,727,20,90,70,0.764519535374868,0.7245873452544704,0.49480968858131485,0.65,0.5618860510805501,0.7991746905078416,581,146,77,143
com_erro,mlp,queda,20,10,10,474,474,126,348,111,363,19,55,36,0.7721518987341772,0.6479785570694662,0.5168539325842697,0.4144144144144144,0.46,0.8815426997220894,320,43,65,46
com_erro,mlp,queda,20,15,15,316,316,80,236,73,243,18,35,17,0.7974683544303798,0.6766446812108913,0.5789473684210527,0.4520547945205479,0.5076923076923077,0.9012345678975259,219,24,40,33
com_erro,mlp,queda,20,20,20,237,237,63,174,55,182,16,39,23,0.7341772151898734,0.6746753246753247,0.44285714285714284,0.5636363636363636,0.496,0.7857142857099686,143,39,24,31
com_erro,mlp,queda,30,5,5,945,945,289,656,257,688,17,76,59,0.7746031746031746,0.6526360736584924,0.6428571428571429,0.3852140077821012,0.48175182481751827,0.9200581395335464,633,55,158,99
com_erro,mlp,queda,30,10,10,473,473,147,326,129,344,17,38,21,0.7357293868921776,0.5784883720930233,0.5357142857142857,0.23255813953488372,0.32432432432432434,0.9244186046484756,318,26,99,30
com_erro,mlp,queda,30,15,15,315,315,93,222,85,230,16,32,16,0.7936507936507936,0.6769820971867008,0.6923076923076923,0.4235294117647059,0.5255474452554745,0.9304347826046503,214,16,49,36
com_erro,mlp,queda,30,20,20,237,237,75,162,63,174,17,34,17,0.7468354430379747,0.6503831417624522,0.5283018867924528,0.4444444444444444,0.4827586206896552,0.8563218390755384,149,25,35,28
com_erro,mlp,queda,30,25,25,189,189,59,130,53,136,16,34,18,0.7724867724867724,0.7267619311875694,0.5892857142857143,0.6226415094339622,0.6055045871559633,0.8308823529350671,113,23,20,33
com_erro,mlp,queda,30,30,30,158,158,48,110,41,117,16,29,13,0.759493670886076,0.7267041901188243,0.5294117647058824,0.6585365853658537,0.5869565217391305,0.794871794865001,93,24,14,27
com_erro,mlp,queda,40,5,5,943,943,327,616,289,654,17,74,57,0.7327677624602333,0.6151894648847127,0.6293706293706294,0.31141868512110726,0.4166666666666667,0.918960244646913,601,53,199,90
com_erro,mlp,queda,40,10,10,472,472,166,306,145,327,17,44,27,0.7245762711864406,0.6188969735315828,0.5882352941176471,0.3448275862068966,0.43478260869565216,0.8929663608535383,292,35,95,50
com_erro,mlp,queda,40,15,15,315,315,108,207,97,218,17,56,39,0.6857142857142857,0.6727986380402913,0.49206349206349204,0.6391752577319587,0.5560538116591929,0.7064220183453834,154,64,35,62
com_erro,mlp,queda,40,20,20,236,236,83,153,71,165,16,39,23,0.7245762711864406,0.6746478873239437,0.5416666666666666,0.5492957746478874,0.5454545454545454,0.7999999999951516,132,33,32,39
com_erro,mlp,queda,40,25,25,189,189,65,124,58,131,15,35,20,0.656084656084656,0.6654382732297973,0.45977011494252873,0.6896551724137931,0.5517241379310345,0.6412213740409067,84,47,18,40
com_erro,mlp,queda,40,30,30,158,158,54,104,50,108,15,30,15,0.6772151898734177,0.6564814814814814,0.4918032786885246,0.6,0.5405405405405406,0.7129629629563614,77,31,20,30
com_erro,mlp,queda,40,35,35,135,135,47,88,41,94,15,26,11,0.7703703703703704,0.7250908147379347,0.625,0.6097560975609756,0.6172839506172839,0.8404255319059529,79,15,16,25
com_erro,mlp,queda,40,40,40,118,118,40,78,36,82,14,25,11,0.7033898305084746,0.6541327913279134,0.5135135135135135,0.5277777777777778,0.5205479452054794,0.7804878048685306,64,18,17,19
com_erro,mlp,queda,50,5,5,941,941,364,577,321,620,17,94,77,0.7162592986184909,0.6975404481961611,0.5758426966292135,0.6386292834890965,0.6056129985228951,0.7564516129020057,469,151,116,205
com_erro,mlp,queda,50,10,10,471,471,184,287,161,310,17,41,24,0.6857749469214437,0.5866459627329192,0.5866666666666667,0.2732919254658385,0.3728813559322034,0.8999999999970968,279,31,117,44
com_erro,mlp,queda,50,15,15,314,314,118,196,107,207,15,49,34,0.6464968152866242,0.6664183484581696,0.4875,0.7289719626168224,0.5842696629213483,0.6038647342965997,125,82,29,78
com_erro,mlp,queda,50,20,20,236,236,93,143,79,157,17,45,28,0.6652542372881356,0.638353624123196,0.5,0.5569620253164557,0.5269461077844312,0.719745222925352,113,44,35,44
com_erro,mlp,queda,50,25,25,189,189,73,116,66,123,15,38,23,0.6455026455026455,0.6433850702143384,0.49411764705882355,0.6363636363636364,0.5562913907284768,0.6504065040597528,80,43,24,42
com_erro,mlp,queda,50,30,30,157,157,59,98,55,102,14,28,14,0.6496815286624203,0.6089126559714795,0.5,0.4727272727272727,0.48598130841121495,0.7450980392083814,76,26,29,26
com_erro,mlp,queda,50,35,35,135,135,51,84,44,91,14,23,9,0.6888888888888889,0.6401098901098901,0.5238095238095238,0.5,0.5116279069767442,0.7802197802112063,71,20,22,22
com_erro,mlp,queda,50,40,40,118,118,47,71,42,76,14,23,9,0.7372881355932204,0.7214912280701754,0.6222222222222222,0.6666666666666666,0.6436781609195402,0.7763157894634695,59,17,14,28
com_erro,mlp,queda,50,45,45,105,105,42,63,35,70,14,19,5,0.7047619047619048,0.6571428571428571,0.5625,0.5142857142857142,0.5373134328358209,0.7999999999885714,56,14,17,18
com_erro,mlp,queda,50,50,50,95,95,40,55,35,60,15,22,7,0.6105263157894737,0.5726190476190476,0.46875,0.42857142857142855,0.44776119402985076,0.7166666666547222,43,17,20,15
com_erro,mlp,queda,60,5,5,939,939,399,540,352,587,16,94,78,0.6666666666666666,0.6600322324608952,0.547911547911548,0.6335227272727273,0.5876152832674572,0.6865417376478935,403,184,129,223
com_erro,mlp,queda,60,10,10,470,470,202,268,177,293,15,65,50,0.5723404255319149,0.6223269894525751,0.4620253164556962,0.8248587570621468,0.592292089249493,0.4197952218415707,123,170,31,146
com_erro,mlp,queda,60,15,15,313,313,130,183,117,196,14,43,29,0.6389776357827476,0.5739359846502703,0.5285714285714286,0.3162393162393162,0.39572192513368987,0.8316326530569815,163,33,80,37
com_erro,mlp,queda,60,20,20,235,235,101,134,87,148,14,36,22,0.5234042553191489,0.5789841565703635,0.4233128834355828,0.7931034482758621,0.552,0.3648648648623996,54,94,18,69
com_erro,mlp,queda,60,25,25,188,188,78,110,71,117,14,27,13,0.6808510638297872,0.6549897676658241,0.582089552238806,0.5492957746478874,0.5652173913043478,0.7606837606772591,89,28,32,39
com_erro,mlp,queda,60,30,30,157,157,66,91,57,100,14,28,14,0.6114649681528662,0.6120175438596491,0.47297297297297297,0.6140350877192983,0.5343511450381679,0.6099999999939,61,39,22,35
com_erro,mlp,queda,60,35,35,135,135,58,77,48,87,15,25,10,0.6666666666666666,0.6479885057471264,0.5283018867924528,0.5833333333333334,0.5544554455445545,0.7126436781527282,62,25,20,28
com_erro,mlp,queda,60,40,40,118,118,49,69,45,73,14,25,11,0.6694915254237288,0.6646879756468798,0.5576923076923077,0.6444444444444445,0.5979381443298969,0.6849315068399324,50,23,16,29
com_erro,mlp,queda,60,45,45,105,105,46,59,39,66,14,21,7,0.638095238095238,0.6072261072261073,0.5135135135135135,0.48717948717948717,0.5,0.727272727261708,48,18,20,19
com_erro,mlp,queda,60,50,50,94,94,40,54,37,57,14,14,0,0.6702127659574468,0.6237553342816501,0.625,0.40540540540540543,0.4918032786885246,0.8421052631431211,48,9,22,15
com_erro,mlp,queda,60,55,55,86,86,36,50,32,54,13,20,7,0.6046511627906976,0.5896990740740741,0.4722222222222222,0.53125,0.5,0.6481481481361454,35,19,15,17
com_erro,mlp,queda,60,60,60,79,79,34,45,29,50,13,21,8,0.6329113924050633,0.6086206896551725,0.5,0.5172413793103449,0.5084745762711864,0.699999999986,35,15,14,15
com_erro,mlp,queda,70,5,5,937,937,429,508,381,556,15,94,79,0.6008537886872999,0.621537415736702,0.5063520871143375,0.7322834645669292,0.5987124463519313,0.5107913669055562,284,272,102,279
com_erro,mlp,queda,70,10,10,469,469,217,252,191,278,15,76,61,0.6204690831556503,0.6061245244641982,0.5343915343915344,0.5287958115183246,0.531578947368421,0.6834532374076135,190,88,90,101
com_erro,mlp,queda,70,15,15,313,313,143,170,127,186,15,45,30,0.6198083067092651,0.5752053170773008,0.5512820512820513,0.33858267716535434,0.4195121951219512,0.8118279569848826,151,35,84,43
com_erro,mlp,queda,70,20,20,235,235,108,127,95,140,15,45,30,0.574468085106383,0.5515037593984962,0.47126436781609193,0.43157894736842106,0.45054945054945056,0.6714285714237755,94,46,54,41
com_erro,mlp,queda,70,25,25,188,188,85,103,75,113,14,38,24,0.6170212765957447,0.6007079646017699,0.52,0.52,0.52,0.6814159291975096,77,36,36,39
com_erro,mlp,queda,70,30,30,157,157,72,85,64,93,15,31,16,0.6305732484076433,0.6126512096774194,0.55,0.515625,0.532258064516129,0.7096774193472077,66,27,31,33
com_erro,mlp,queda,70,35,35,134,134,62,72,54,80,14,28,14,0.6044776119402985,0.5905092592592592,0.509090909090909,0.5185185185185185,0.5137614678899083,0.6624999999917187,53,27,26,28
com_erro,mlp,queda,70,40,40,118,118,52,66,47,71,15,25,10,0.635593220338983,0.6432424333233443,0.5333333333333333,0.6808510638297872,0.5981308411214953,0.6056338028083713,43,28,15,32
com_erro,mlp,queda,70,45,45,105,105,49,56,43,62,15,20,5,0.5523809523809524,0.5496999249812453,0.46,0.5348837209302325,0.4946236559139785,0.564516129023153,35,27,20,23
com_erro,mlp,queda,70,50,50,94,94,42,52,40,54,13,20,7,0.6702127659574468,0.6513888888888889,0.6363636363636364,0.525,0.5753424657534246,0.7777777777633745,42,12,19,21
com_erro,mlp,queda,70,55,55,86,86,40,46,36,50,13,21,8,0.5232558139534884,0.5044444444444445,0.42424242424242425,0.3888888888888889,0.4057971014492754,0.6199999999876,31,19,22,14
com_erro,mlp,queda,70,60,60,79,79,36,43,33,46,12,20,8,0.5822784810126582,0.5642292490118577,0.5,0.45454545454545453,0.47619047619047616,0.6739130434636106,31,15,18,15
com_erro,mlp,queda,70,65,65,73,73,32,41,32,41,15,16,1,0.6164383561643836,0.6105182926829269,0.5625,0.5625,0.5625,0.6585365853497919,27,14,14,18
com_erro,mlp,queda,70,70,70,67,67,33,34,28,39,13,14,1,0.5970149253731343,0.5732600732600732,0.5217391304347826,0.42857142857142855,0.47058823529411764,0.7179487179303091,28,11,16,12
com_erro,mlp,queda,80,5,5,935,935,457,478,409,526,15,112,97,0.6331550802139038,0.628271217008934,0.5793269230769231,0.589242053789731,0.5842424242424242,0.6673003802268682,351,175,168,241
com_erro,mlp,queda,80,10,10,468,468,231,237,205,263,15,48,33,0.5726495726495726,0.6068626541778726,0.5070028011204482,0.8829268292682927,0.6441281138790036,0.3307984790861947,87,176,24,181
com_erro,mlp,queda,80,15,15,312,312,150,162,136,176,14,42,28,0.6346153846153846,0.6268382352941176,0.5833333333333334,0.5661764705882353,0.5746268656716418,0.6874999999960938,121,55,59,77
com_erro,mlp,queda,80,20,20,234,234,115,119,101,133,14,42,28,0.6025641025641025,0.595585498399464,0.5392156862745098,0.5445544554455446,0.541871921182266,0.6466165413485218,86,47,46,55
com_erro,mlp,queda,80,25,25,187,187,93,94,83,104,14,34,20,0.6042780748663101,0.6065222428174235,0.5473684210526316,0.6265060240963856,0.5842696629213483,0.5865384615328217,61,43,31,52
com_erro,mlp,queda,80,30,30,156,156,76,80,69,87,13,27,14,0.6410256410256411,0.6451774112943529,0.5802469135802469,0.6811594202898551,0.6266666666666667,0.6091954022918483,53,34,22,47
com_erro,mlp,queda,80,35,35,134,134,64,70,57,77,14,28,14,0.6492537313432836,0.6378446115288221,0.5925925925925926,0.5614035087719298,0.5765765765765766,0.7142857142764378,55,22,25,32
com_erro,mlp,queda,80,40,40,117,117,58,59,50,67,14,23,9,0.5726495726495726,0.5837313432835821,0.5,0.66,0.5689655172413793,0.50746268655959,34,33,17,33
com_erro,mlp,queda,80,45,45,104,104,51,53,47,57,13,20,7,0.5865384615384616,0.5780141843971631,0.5476190476190477,0.48936170212765956,0.5168539325842697,0.6666666666549708,38,19,24,23
com_erro,mlp,queda,80,50,50,94,94,48,46,44,50,11,22,11,0.6382978723404256,0.634090909090909,0.625,0.5681818181818182,0.5952380952380952,0.699999999986,35,15,19,25
com_erro,mlp,queda,80,55,55,85,85,41,44,37,48,13,21,8,0.5882352941176471,0.5920608108108107,0.5227272727272727,0.6216216216216216,0.5679012345679012,0.5624999999882813,27,21,14,23
com_erro,mlp,queda,80,60,60,78,78,37,41,35,43,11,18,7,0.5512820512820513,0.5398671096345515,0.5,0.42857142857142855,0.46153846153846156,0.6511627906825311,28,15,20,15
com_erro,mlp,queda,80,65,65,72,72,33,39,32,40,13,18,5,0.5555555555555556,0.55,0.5,0.5,0.5,0.5999999999850001,24,16,16,16
com_erro,mlp,queda,80,70,70,67,67,33,34,30,37,12,19,7,0.582089552238806,0.5680180180180181,0.5416666666666666,0.43333333333333335,0.48148148148148145,0.7027027026837108,26,11,17,13
com_erro,mlp,queda,80,75,75,63,63,29,34,28,35,11,16,5,0.6349206349206349,0.625,0.6,0.5357142857142857,0.5660377358490566,0.7142857142653062,25,10,13,15
com_erro,mlp,queda,80,80,80,59,59,30,29,26,33,10,17,7,0.559322033898305,0.5693473193473193,0.5,0.6538461538461539,0.5666666666666667,0.4848484848337925,16,17,9,17
com_erro,mlp,queda,90,5,5,933,933,484,449,437,496,15,99,84,0.6152197213290461,0.6180981029010113,0.5776892430278885,0.6636155606407322,0.617678381256656,0.572580645160136,284,212,147,290
com_erro,mlp,queda,90,10,10,467,467,244,223,219,248,15,72,57,0.5867237687366167,0.583922521726322,0.5619047619047619,0.5388127853881278,0.5501165501165501,0.6290322580619797,156,92,101,118
com_erro,mlp,queda,90,15,15,311,311,160,151,145,166,14,52,38,0.5466237942122186,0.5552347320315746,0.5103092783505154,0.6827586206896552,0.584070796460177,0.4277108433709174,71,95,46,99
com_erro,mlp,queda,90,20,20,234,234,122,112,109,125,14,46,32,0.5811965811965812,0.5698348623853211,0.5714285714285714,0.4036697247706422,0.4731182795698925,0.735999999994112,92,33,65,44
com_erro,mlp,queda,90,25,25,187,187,96,91,87,100,13,34,21,0.6737967914438503,0.6725862068965517,0.6477272727272727,0.6551724137931034,0.6514285714285715,0.6899999999931,69,31,30,57
com_erro,mlp,queda,90,30,30,156,156,81,75,71,85,13,26,13,0.6153846153846154,0.6169014084507043,0.569620253164557,0.6338028169014085,0.6,0.5999999999929412,51,34,26,45
com_erro,mlp,queda,90,35,35,134,134,70,64,59,75,13,28,15,0.6343283582089553,0.635367231638418,0.5757575757575758,0.6440677966101694,0.608,0.6266666666583111,47,28,21,38
com_erro,mlp,queda,90,40,40,117,117,62,55,56,61,11,26,15,0.6239316239316239,0.6276346604215457,0.5882352941176471,0.7142857142857143,0.6451612903225806,0.5409836065485085,33,28,16,40
com_erro,mlp,queda,90,45,45,104,104,54,50,47,57,13,19,6,0.6442307692307693,0.6437103396789847,0.6,0.6382978723404256,0.6185567010309279,0.6491228070061558,37,20,17,30
com_erro,mlp,queda,90,50,50,94,94,50,44,45,49,11,16,5,0.6382978723404256,0.637641723356009,0.6222222222222222,0.6222222222222222,0.6222222222222222,0.6530612244764682,32,17,17,28
com_erro,mlp,queda,90,55,55,85,85,44,41,41,44,12,18,6,0.5882352941176471,0.5898004434589801,0.5652173913043478,0.6341463414634146,0.5977011494252874,0.5454545454421488,24,20,15,26
com_erro,mlp,queda,90,60,60,78,78,39,39,36,42,11,15,4,0.6025641025641025,0.5992063492063493,0.5714285714285714,0.5555555555555556,0.5633802816901409,0.6428571428418368,27,15,16,20
com_erro,mlp,queda,90,65,65,72,72,35,37,32,40,13,21,8,0.5833333333333334,0.571875,0.5357142857142857,0.46875,0.5,0.6749999999831251,27,13,17,15
com_erro,mlp,queda,90,70,70,67,67,35,32,31,36,11,17,6,0.43283582089552236,0.4296594982078853,0.3870967741935484,0.3870967741935484,0.3870967741935484,0.472222222209105,17,19,19,12
com_erro,mlp,queda,90,75,75,63,63,30,33,29,34,11,16,5,0.6349206349206349,0.6288032454361054,0.6153846153846154,0.5517241379310345,0.5818181818181818,0.7058823529204153,24,10,13,16
com_erro,mlp,queda,90,80,80,59,59,33,26,29,30,9,13,4,0.559322033898305,0.560919540229885,0.5428571428571428,0.6551724137931034,0.59375,0.4666666666511111,14,16,10,19
com_erro,mlp,queda,90,85,85,55,55,29,26,25,30,12,14,2,0.41818181818181815,0.42333333333333334,0.3870967741935484,0.48,0.42857142857142855,0.3666666666544444,11,19,13,12
com_erro,mlp,queda,90,90,90,52,52,28,24,23,29,12,15,3,0.5961538461538461,0.6019490254872564,0.5357142857142857,0.6521739130434783,0.5882352941176471,0.5517241379120095,16,13,8,15
com_erro,mlp,queda,100,5,5,931,931,508,423,465,466,15,100,85,0.6036519871106337,0.6037311366468227,0.5898876404494382,0.6774193548387096,0.6306306306306306,0.5300429184537983,247,219,150,315
com_erro,mlp,queda,100,10,10,466,466,256,210,233,233,14,63,49,0.5772532188841202,0.5772532188841202,0.5957446808510638,0.48068669527896996,0.5320665083135392,0.6738197424863784,157,76,121,112
com_erro,mlp,queda,100,15,15,311,311,169,142,155,156,14,49,35,0.5787781350482315,0.578287841191067,0.6111111111111112,0.4258064516129032,0.5019011406844106,0.7307692307645464,114,42,89,66
com_erro,mlp,queda,100,20,20,233,233,127,106,115,118,13,44,31,0.5879828326180258,0.5858142962417097,0.6233766233766234,0.41739130434782606,0.5,0.7542372881292013,89,29,67,48
com_erro,mlp,queda,100,25,25,187,187,102,85,94,93,14,30,16,0.5775401069518716,0.5762983299016243,0.5547445255474452,0.8085106382978723,0.658008658008658,0.3440860215016765,32,61,18,76
com_erro,mlp,queda,100,30,30,156,156,85,71,78,78,12,32,20,0.5833333333333334,0.5833333333333333,0.5764705882352941,0.6282051282051282,0.6012269938650306,0.5384615384546351,42,36,29,49
com_erro,mlp,queda,100,35,35,133,133,72,61,65,68,13,25,12,0.6466165413533834,0.646606334841629,0.6363636363636364,0.6461538461538462,0.6412213740458015,0.6470588235198962,44,24,23,42
com_erro,mlp,queda,100,40,40,117,117,63,54,59,58,10,26,16,0.6324786324786325,0.6319403857393338,0.6212121212121212,0.6949152542372882,0.656,0.5689655172315696,33,25,18,41
com_erro,mlp,queda,100,45,45,104,104,58,46,51,53,11,16,5,0.6057692307692307,0.6065482796892342,0.5892857142857143,0.6470588235294118,0.616822429906542,0.5660377358383767,30,23,18,33
com_erro,mlp,queda,100,50,50,94,94,53,41,49,45,11,17,6,0.5957446808510638,0.5931972789115646,0.6037735849056604,0.6530612244897959,0.6274509803921569,0.5333333333214815,24,21,17,32
com_erro,mlp,queda,100,55,55,85,85,46,39,42,43,12,21,9,0.5647058823529412,0.563953488372093,0.5675675675675675,0.5,0.5316455696202531,0.6279069767295836,27,16,21,21
com_erro,mlp,queda,100,60,60,78,78,41,37,39,39,10,16,6,0.6794871794871795,0.6794871794871795,0.6666666666666666,0.717948717948718,0.691358024691358,0.6410256410092046,25,14,11,28
com_erro,mlp,queda,100,65,65,72,72,37,35,34,38,12,17,5,0.5833333333333334,0.5820433436532508,0.5588235294117647,0.5588235294117647,0.5588235294117647,0.6052631578788089,23,15,15,19
com_erro,mlp,queda,100,70,70,67,67,35,32,33,34,10,16,6,0.6716417910447762,0.6715686274509804,0.6666666666666666,0.6666666666666666,0.6666666666666666,0.676470588215398,23,11,11,22
com_erro,mlp,queda,100,75,75,63,63,34,29,31,32,11,14,3,0.5555555555555556,0.5554435483870968,0.5483870967741935,0.5483870967741935,0.5483870967741935,0.562499999982422,18,14,14,17
com_erro,mlp,queda,100,80,80,59,59,33,26,29,30,9,16,7,0.5254237288135594,0.5252873563218391,0.5172413793103449,0.5172413793103449,0.5172413793103449,0.5333333333155555,16,14,14,15
com_erro,mlp,queda,100,85,85,55,55,30,25,26,29,12,14,2,0.4909090909090909,0.4913793103448276,0.4642857142857143,0.5,0.48148148148148145,0.48275862067300834,14,15,13,13
com_erro,mlp,queda,100,90,90,52,52,29,23,27,25,10,15,5,0.5384615384615384,0.5333333333333333,0.5454545454545454,0.6666666666666666,0.6,0.399999999984,10,15,9,18
com_erro,mlp,queda,100,95,95,49,49,28,21,24,25,10,14,4,0.6938775510204082,0.6941666666666667,0.68,0.7083333333333334,0.6938775510204082,0.6799999999728,17,8,7,17
com_erro,mlp,queda,100,100,100,47,47,29,18,25,22,9,9,0,0.6170212765957447,0.6127272727272728,0.6296296296296297,0.68,0.6538461538461539,0.545454545429752,12,10,8,17
com_erro,random_forest,lacuna,20,5,5,947,947,277,670,198,749,15,15,0,1.0,1.0,1.0,1.0,1.0,0.9999999999986648,749,0,0,198
com_erro,random_forest,lacuna,20,10,10,474,474,140,334,98,376,15,15,0,1.0,1.0,1.0,1.0,1.0,0.9999999999973405,376,0,0,98
com_erro,random_forest,lacuna,20,15,15,316,316,93,223,68,248,15,15,0,1.0,1.0,1.0,1.0,1.0,0.9999999999959678,248,0,0,68
com_erro,random_forest,lacuna,20,20,20,237,237,68,169,48,189,14,14,0,1.0,1.0,1.0,1.0,1.0,0.999999999994709,189,0,0,48
com_erro,random_forest,lacuna,30,5,5,945,945,315,630,226,719,15,15,0,1.0,1.0,1.0,1.0,1.0,0.9999999999986092,719,0,0,226
com_erro,random_forest,lacuna,30,10,10,473,473,159,314,112,361,15,15,0,1.0,1.0,1.0,1.0,1.0,0.99999999999723,361,0,0,112
com_erro,random_forest,lacuna,30,15,15,315,315,105,210,76,239,14,14,0,0.9873015873015873,0.9736842105263157,1.0,0.9473684210526315,0.972972972972973,0.9999999999958159,239,0,4,72
com_erro,random_forest,lacuna,30,20,20,237,237,79,158,56,181,15,15,0,1.0,1.0,1.0,1.0,1.0,0.9999999999944752,181,0,0,56
com_erro,random_forest,lacuna,30,25,25,189,189,65,124,43,146,14,14,0,1.0,1.0,1.0,1.0,1.0,0.9999999999931508,146,0,0,43
com_erro,random_forest,lacuna,30,30,30,158,158,52,106,39,119,14,14,0,0.9873417721518988,0.9743589743589743,1.0,0.9487179487179487,0.9736842105263158,0.9999999999915966,119,0,2,37
com_erro,random_forest,lacuna,40,5,5,943,943,351,592,253,690,15,15,0,1.0,1.0,1.0,1.0,1.0,0.9999999999985507,690,0,0,253
com_erro,random_forest,lacuna,40,10,10,472,472,177,295,126,346,15,15,0,1.0,1.0,1.0,1.0,1.0,0.9999999999971099,346,0,0,126
com_erro,random_forest,lacuna,40,15,15,315,315,120,195,85,230,15,15,0,1.0,1.0,1.0,1.0,1.0,0.9999999999956523,230,0,0,85
com_erro,random_forest,lacuna,40,20,20,236,236,87,149,62,174,14,14,0,1.0,1.0,1.0,1.0,1.0,0.9999999999942529,174,0,0,62
com_erro,random_forest,lacuna,40,25,25,189,189,70,119,52,137,13,13,0,1.0,1.0,1.0,1.0,1.0,0.9999999999927008,137,0,0,52
com_erro,random_forest,lacuna,40,30,30,158,158,60,98,44,114,15,15,0,1.0,1.0,1.0,1.0,1.0,0.999999999991228,114,0,0,44
com_erro,random_forest,lacuna,40,35,35,135,135,51,84,34,101,14,14,0,0.9925925925925926,0.9852941176470589,1.0,0.9705882352941176,0.9850746268656716,0.9999999999900989,101,0,1,33
com_erro,random_forest,lacuna,40,40,40,118,118,46,72,32,86,13,13,0,1.0,1.0,1.0,1.0,1.0,0.9999999999883721,86,0,0,32
com_erro,random_forest,lacuna,50,5,5,941,941,383,558,279,662,14,14,0,1.0,1.0,1.0,1.0,1.0,0.9999999999984894,662,0,0,279
com_erro,random_forest,lacuna,50,10,10,471,471,193,278,139,332,14,14,0,1.0,1.0,1.0,1.0,1.0,0.999999999996988,332,0,0,139
com_erro,random_forest,lacuna,50,15,15,314,314,129,185,95,219,14,14,0,0.9936305732484076,0.9894736842105263,1.0,0.9789473684210527,0.9893617021276596,0.9999999999954339,219,0,2,93
com_erro,random_forest,lacuna,50,20,20,236,236,97,139,70,166,14,14,0,1.0,1.0,1.0,1.0,1.0,0.9999999999939759,166,0,0,70
com_erro,random_forest,lacuna,50,25,25,189,189,76,113,56,133,14,14,0,1.0,1.0,1.0,1.0,1.0,0.9999999999924812,133,0,0,56
com_erro,random_forest,lacuna,50,30,30,157,157,64,93,50,107,13,13,0,1.0,1.0,1.0,1.0,1.0,0.9999999999906541,107,0,0,50
com_erro,random_forest,lacuna,50,35,35,135,135,55,80,39,96,13,14,1,0.9925925925925926,0.9871794871794872,1.0,0.9743589743589743,0.987012987012987,0.9999999999895833,96,0,1,38
com_erro,random_forest,lacuna,50,40,40,118,118,50,68,35,83,13,13,0,1.0,1.0,1.0,1.0,1.0,0.9999999999879517,83,0,0,35
com_erro,random_forest,lacuna,50,45,45,105,105,45,60,32,73,13,13,0,0.9904761904761905,0.984375,1.0,0.96875,0.9841269841269841,0.9999999999863013,73,0,1,31
com_erro,random_forest,lacuna,50,50,50,95,95,37,58,29,66,13,13,0,1.0,1.0,1.0,1.0,1.0,0.9999999999848485,66,0,0,29
com_erro,random_forest,lacuna,60,5,5,939,939,413,526,303,636,14,14,0,1.0,1.0,1.0,1.0,1.0,0.9999999999984277,636,0,0,303
com_erro,random_forest,lacuna,60,10,10,470,470,208,262,151,319,14,14,0,1.0,1.0,1.0,1.0,1.0,0.9999999999968653,319,0,0,151
com_erro,random_forest,lacuna,60,15,15,313,313,138,175,102,211,13,13,0,0.9904153354632588,0.9852941176470589,1.0,0.9705882352941176,0.9850746268656716,0.9999999999952607,211,0,3,99
com_erro,random_forest,lacuna,60,20,20,235,235,102,133,75,160,13,13,0,1.0,1.0,1.0,1.0,1.0,0.9999999999937501,160,0,0,75
com_erro,random_forest,lacuna,60,25,25,188,188,85,103,58,130,13,13,0,1.0,1.0,1.0,1.0,1.0,0.9999999999923078,130,0,0,58
com_erro,random_forest,lacuna,60,30,30,157,157,70,87,53,104,13,13,0,0.9872611464968153,0.9811320754716981,1.0,0.9622641509433962,0.9807692307692307,0.9999999999903846,104,0,2,51
com_erro,random_forest,lacuna,60,35,35,135,135,60,75,43,92,14,14,0,0.9925925925925926,0.9883720930232558,1.0,0.9767441860465116,0.9882352941176471,0.9999999999891304,92,0,1,42
com_erro,random_forest,lacuna,60,40,40,118,118,51,67,40,78,13,13,0,0.9830508474576272,0.975,1.0,0.95,0.9743589743589743,0.9999999999871795,78,0,2,38
com_erro,random_forest,lacuna,60,45,45,105,105,47,58,34,71,13,13,0,0.9809523809523809,0.9705882352941176,1.0,0.9411764705882353,0.9696969696969697,0.9999999999859155,71,0,2,32
com_erro,random_forest,lacuna,60,50,50,94,94,43,51,30,64,13,13,0,1.0,1.0,1.0,1.0,1.0,0.9999999999843749,64,0,0,30
com_erro,random_forest,lacuna,60,55,55,86,86,38,48,28,58,13,13,0,1.0,1.0,1.0,1.0,1.0,0.9999999999827587,58,0,0,28
com_erro,random_forest,lacuna,60,60,60,79,79,35,44,28,51,13,13,0,1.0,1.0,1.0,1.0,1.0,0.9999999999803922,51,0,0,28
com_erro,random_forest,lacuna,70,5,5,937,937,443,494,327,610,14,14,0,1.0,1.0,1.0,1.0,1.0,0.9999999999983606,610,0,0,327
com_erro,random_forest,lacuna,70,10,10,469,469,223,246,163,306,14,14,0,1.0,1.0,1.0,1.0,1.0,0.9999999999967321,306,0,0,163
com_erro,random_forest,lacuna,70,15,15,313,313,150,163,110,203,14,14,0,0.9936102236421726,0.990909090909091,1.0,0.9818181818181818,0.9908256880733946,0.9999999999950739,203,0,2,108
com_erro,random_forest,lacuna,70,20,20,235,235,112,123,82,153,14,14,0,1.0,1.0,1.0,1.0,1.0,0.9999999999934641,153,0,0,82
com_erro,random_forest,lacuna,70,25,25,188,188,85,103,67,121,13,13,0,0.9946808510638298,0.9925373134328358,1.0,0.9850746268656716,0.9924812030075187,0.9999999999917355,121,0,1,66
com_erro,random_forest,lacuna,70,30,30,157,157,75,82,57,100,13,13,0,0.9872611464968153,0.9824561403508771,1.0,0.9649122807017544,0.9821428571428571,0.99999999999,100,0,2,55
com_erro,random_forest,lacuna,70,35,35,134,134,65,69,47,87,13,14,1,0.9925373134328358,0.9942528735632183,0.9791666666666666,1.0,0.9894736842105263,0.9885057471150746,86,1,0,47
com_erro,random_forest,lacuna,70,40,40,118,118,57,61,44,74,13,14,1,0.9915254237288136,0.9932432432432432,0.9777777777777777,1.0,0.9887640449438202,0.9864864864731555,73,1,0,44
com_erro,random_forest,lacuna,70,45,45,105,105,51,54,39,66,13,14,1,0.9714285714285714,0.9667832167832168,0.9736842105263158,0.9487179487179487,0.961038961038961,0.9848484848335628,65,1,2,37
com_erro,random_forest,lacuna,70,50,50,94,94,43,51,34,60,13,14,1,0.9893617021276596,0.9916666666666667,0.9714285714285714,1.0,0.9855072463768116,0.9833333333169445,59,1,0,34
com_erro,random_forest,lacuna,70,55,55,86,86,39,47,31,55,13,13,0,0.9883720930232558,0.9838709677419355,1.0,0.967741935483871,0.9836065573770492,0.9999999999818182,55,0,1,30
com_erro,random_forest,lacuna,70,60,60,79,79,37,42,30,49,13,13,0,0.9873417721518988,0.9833333333333334,1.0,0.9666666666666667,0.9830508474576272,0.9999999999795919,49,0,1,29
com_erro,random_forest,lacuna,70,65,65,73,73,34,39,27,46,13,14,1,0.9726027397260274,0.9706119162640902,0.9629629629629629,0.9629629629629629,0.9629629629629629,0.978260869543951,45,1,1,26
com_erro,random_forest,lacuna,70,70,70,67,67,35,32,24,43,13,15,2,0.9253731343283582,0.9326550387596899,0.8518518518518519,0.9583333333333334,0.9019607843137255,0.9069767441649541,39,4,1,23
com_erro,random_forest,lacuna,80,5,5,935,935,469,466,351,584,14,14,0,0.9989304812834224,0.9985754985754987,1.0,0.9971509971509972,0.9985734664764622,0.9999999999982877,584,0,1,350
com_erro,random_forest,lacuna,80,10,10,468,468,235,233,175,293,14,15,1,0.9957264957264957,0.995436372501219,0.9942857142857143,0.9942857142857143,0.9942857142857143,0.9965870307133222,292,1,1,174
com_erro,random_forest,lacuna,80,15,15,312,312,158,154,119,193,13,13,0,0.9967948717948718,0.9957983193277311,1.0,0.9915966386554622,0.9957805907172996,0.9999999999948187,193,0,1,118
com_erro,random_forest,lacuna,80,20,20,234,234,117,117,87,147,13,13,0,1.0,1.0,1.0,1.0,1.0,0.9999999999931973,147,0,0,87
com_erro,random_forest,lacuna,80,25,25,187,187,95,92,69,118,13,13,0,1.0,1.0,1.0,1.0,1.0,0.9999999999915254,118,0,0,69
com_erro,random_forest,lacuna,80,30,30,156,156,78,78,62,94,13,14,1,0.9871794871794872,0.9866163349347976,0.9838709677419355,0.9838709677419355,0.9838709677419355,0.9893617021171344,93,1,1,61
com_erro,random_forest,lacuna,80,35,35,134,134,67,67,51,83,13,15,2,0.9701492537313433,0.9683439640916608,0.9607843137254902,0.9607843137254902,0.9607843137254902,0.9759036144460734,81,2,2,49
com_erro,random_forest,lacuna,80,40,40,117,117,61,56,44,73,13,16,3,0.9487179487179487,0.9589041095890412,0.88,1.0,0.9361702127659575,0.9178082191655095,67,6,0,44
com_erro,random_forest,lacuna,80,45,45,104,104,54,50,40,64,12,14,2,0.9711538461538461,0.971875,0.9512195121951219,0.975,0.9629629629629629,0.9687499999848632,62,2,1,39
com_erro,random_forest,lacuna,80,50,50,94,94,46,48,35,59,13,13,0,1.0,1.0,1.0,1.0,1.0,0.9999999999830509,59,0,0,35
com_erro,random_forest,lacuna,80,55,55,85,85,43,42,32,53,13,15,2,0.9647058823529412,0.9655070754716981,0.9393939393939394,0.96875,0.9538461538461539,0.9622641509252403,51,2,1,31
com_erro,random_forest,lacuna,80,60,60,78,78,38,40,31,47,13,16,3,0.9487179487179487,0.9574468085106382,0.8857142857142857,1.0,0.9393939393939394,0.9148936170018108,43,4,0,31
com_erro,random_forest,lacuna,80,65,65,72,72,36,36,28,44,13,15,2,0.9583333333333334,0.9594155844155845,0.9310344827586207,0.9642857142857143,0.9473684210526315,0.9545454545237604,42,2,1,27
com_erro,random_forest,lacuna,80,70,70,67,67,36,31,25,42,12,15,3,0.9253731343283582,0.9323809523809523,0.8571428571428571,0.96,0.9056603773584906,0.9047619047403629,38,4,1,24
com_erro,random_forest,lacuna,80,75,75,63,63,33,30,24,39,12,12,0,1.0,1.0,1.0,1.0,1.0,0.9999999999743591,39,0,0,24
com_erro,random_forest,lacuna,80,80,80,59,59,30,29,22,37,12,12,0,0.9491525423728814,0.9594594594594594,0.88,1.0,0.9361702127659575,0.9189189188940834,34,3,0,22
com_erro,random_forest,lacuna,90,5,5,933,933,491,442,375,558,13,13,0,0.9989281886387996,0.9986666666666666,1.0,0.9973333333333333,0.9986648865153538,0.9999999999982079,558,0,1,374
com_erro,random_forest,lacuna,90,10,10,467,467,246,221,187,280,13,13,0,0.9978586723768736,0.9973262032085561,1.0,0.9946524064171123,0.9973190348525469,0.9999999999964286,280,0,1,186
com_erro,random_forest,lacuna,90,15,15,311,311,164,147,126,185,13,14,1,0.9839228295819936,0.9826898326898327,0.984,0.9761904761904762,0.9800796812749004,0.9891891891838422,183,2,3,123
com_erro,random_forest,lacuna,90,20,20,234,234,123,111,94,140,13,13,0,1.0,1.0,1.0,1.0,1.0,0.9999999999928573,140,0,0,94
com_erro,random_forest,lacuna,90,25,25,187,187,98,89,76,111,13,15,2,0.9625668449197861,0.9622451398767189,0.948051948051948,0.9605263157894737,0.954248366013072,0.9639639639552796,107,4,3,73
com_erro,random_forest,lacuna,90,30,30,156,156,82,74,65,91,13,16,3,0.9551282051282052,0.9571428571428571,0.9264705882352942,0.9692307692307692,0.9473684210526315,0.9450549450445598,86,5,2,63
com_erro,random_forest,lacuna,90,35,35,134,134,71,63,53,81,12,13,1,0.9925373134328358,0.9938271604938271,0.9814814814814815,1.0,0.9906542056074766,0.987654320975461,80,1,0,53
com_erro,random_forest,lacuna,90,40,40,117,117,63,54,47,70,12,15,3,0.9658119658119658,0.9714285714285714,0.9215686274509803,1.0,0.9591836734693877,0.9428571428436734,66,4,0,47
com_erro,random_forest,lacuna,90,45,45,104,104,56,48,42,62,12,13,1,0.9711538461538461,0.9681259600614439,0.975609756097561,0.9523809523809523,0.963855421686747,0.9838709677260666,61,1,2,40
com_erro,random_forest,lacuna,90,50,50,94,94,47,47,39,55,12,15,3,0.9468085106382979,0.9433566433566434,0.9473684210526315,0.9230769230769231,0.935064935064935,0.9636363636188431,53,2,3,36
com_erro,random_forest,lacuna,90,55,55,85,85,46,39,35,50,11,13,2,0.9764705882352941,0.9757142857142858,0.9714285714285714,0.9714285714285714,0.9714285714285714,0.9799999999804001,49,1,1,34
com_erro,random_forest,lacuna,90,60,60,78,78,41,37,32,46,12,13,1,0.9230769230769231,0.9347826086956521,0.8421052631578947,1.0,0.9142857142857143,0.8695652173724008,40,6,0,32
com_erro,random_forest,lacuna,90,65,65,72,72,37,35,29,43,12,14,2,0.9583333333333334,0.9595028067361668,0.9333333333333333,0.9655172413793104,0.9491525423728814,0.9534883720708491,41,2,1,28
com_erro,random_forest,lacuna,90,70,70,67,67,37,30,26,41,11,13,2,0.9402985074626866,0.9512195121951219,0.8666666666666667,1.0,0.9285714285714286,0.9024390243682333,37,4,0,26
com_erro,random_forest,lacuna,90,75,75,63,63,34,29,27,36,12,12,0,0.9682539682539683,0.962962962962963,1.0,0.9259259259259259,0.9615384615384616,0.9999999999722223,36,0,2,25
com_erro,random_forest,lacuna,90,80,80,59,59,31,28,23,36,12,13,1,0.9322033898305084,0.9444444444444444,0.8518518518518519,1.0,0.92,0.8888888888641976,32,4,0,23
com_erro,random_forest,lacuna,90,85,85,55,55,30,25,21,34,12,12,0,1.0,1.0,1.0,1.0,1.0,0.9999999999705883,34,0,0,21
com_erro,random_forest,lacuna,90,90,90,52,52,28,24,21,31,11,13,2,0.9230769230769231,0.9278033794162825,0.8695652173913043,0.9523809523809523,0.9090909090909091,0.9032258064224766,28,3,1,20
com_erro,random_forest,lacuna,100,5,5,931,931,513,418,397,534,13,13,0,0.9989258861439313,0.9987405541561714,1.0,0.9974811083123426,0.9987389659520807,0.9999999999981274,534,0,1,396
com_erro,random_forest,lacuna,100,10,10,466,466,257,209,198,268,13,15,2,0.9935622317596566,0.9937434041911654,0.9899497487437185,0.9949494949494949,0.9924433249370277,0.9925373134291323,266,2,1,197
com_erro,random_forest,lacuna,100,15,15,311,311,172,139,133,178,13,17,4,0.977491961414791,0.9793866689194897,0.9565217391304348,0.9924812030075187,0.974169741697417,0.9662921348260322,172,6,1,132
com_erro,random_forest,lacuna,100,20,20,233,233,128,105,99,134,13,18,5,0.9356223175965666,0.9440298507462687,0.868421052631579,1.0,0.9295774647887324,0.8880597014859101,119,15,0,99
com_erro,random_forest,lacuna,100,25,25,187,187,101,86,79,108,13,15,2,0.9893048128342246,0.9907407407407407,0.9753086419753086,1.0,0.9875,0.9814814814723937,106,2,0,79
com_erro,random_forest,lacuna,100,30,30,156,156,86,70,68,88,12,14,2,0.9743589743589743,0.9756016042780749,0.9571428571428572,0.9852941176470589,0.9710144927536232,0.9659090908981146,85,3,1,67
com_erro,random_forest,lacuna,100,35,35,133,133,76,57,57,76,12,16,4,0.9473684210526315,0.9539473684210527,0.890625,1.0,0.9421487603305785,0.9078947368301592,69,7,0,57
com_erro,random_forest,lacuna,100,40,40,117,117,64,53,52,65,11,16,5,0.9401709401709402,0.9423076923076923,0.9090909090909091,0.9615384615384616,0.9345794392523364,0.9230769230627218,60,5,2,50
com_erro,random_forest,lacuna,100,45,45,104,104,58,46,44,60,12,14,2,0.9615384615384616,0.9636363636363636,0.9347826086956522,0.9772727272727273,0.9555555555555556,0.9499999999841667,57,3,1,43
com_erro,random_forest,lacuna,100,50,50,94,94,49,45,40,54,11,12,1,0.9893617021276596,0.9907407407407407,0.975609756097561,1.0,0.9876543209876543,0.9814814814633059,53,1,0,40
com_erro,random_forest,lacuna,100,55,55,85,85,47,38,38,47,10,12,2,0.9764705882352941,0.9787234042553192,0.95,1.0,0.9743589743589743,0.9574468084902672,45,2,0,38
com_erro,random_forest,lacuna,100,60,60,78,78,44,34,34,44,11,12,1,0.9743589743589743,0.9772727272727273,0.9444444444444444,1.0,0.9714285714285714,0.9545454545237604,42,2,0,34
com_erro,random_forest,lacuna,100,65,65,72,72,38,34,30,42,11,13,2,0.9583333333333334,0.9595238095238094,0.9354838709677419,0.9666666666666667,0.9508196721311475,0.9523809523582767,40,2,1,29
com_erro,random_forest,lacuna,100,70,70,67,67,39,28,28,39,11,12,1,0.9104477611940298,0.9230769230769231,0.8235294117647058,1.0,0.9032258064516129,0.84615384613215,33,6,0,28
com_erro,random_forest,lacuna,100,75,75,63,63,35,28,28,35,11,12,1,0.9841269841269841,0.9857142857142858,0.9655172413793104,1.0,0.9824561403508771,0.9714285714008164,34,1,0,28
com_erro,random_forest,lacuna,100,80,80,59,59,31,28,25,34,10,10,0,0.8983050847457628,0.9064705882352941,0.8275862068965517,0.96,0.8888888888888888,0.8529411764455018,29,5,1,24
com_erro,random_forest,lacuna,100,85,85,55,55,31,24,23,32,11,12,1,0.9636363636363636,0.9565217391304348,1.0,0.9130434782608695,0.9545454545454546,0.9999999999687501,32,0,2,21
com_erro,random_forest,lacuna,100,90,90,52,52,28,24,22,30,11,10,-1,0.9038461538461539,0.9045454545454545,0.8695652173913043,0.9090909090909091,0.8888888888888888,0.89999999997,27,3,2,20
com_erro,random_forest,lacuna,100,95,95,49,49,28,21,21,28,9,10,1,0.8571428571428571,0.875,0.75,1.0,0.8571428571428571,0.7499999999732143,21,7,0,21
com_erro,random_forest,lacuna,100,100,100,47,47,24,23,21,26,9,9,0,0.9361702127659575,0.9423076923076923,0.875,1.0,0.9333333333333333,0.8846153845813609,23,3,0,21
com_erro,random_forest,oscilacao,20,5,5,947,947,290,657,355,592,18,47,29,0.8268215417106652,0.800026170536734,0.8172757475083057,0.6929577464788732,0.75,0.9070945945930624,537,55,109,246
com_erro,random_forest,oscilacao,20,10,10,474,474,145,329,177,297,17,36,19,0.8185654008438819,0.7901615020259087,0.8053691275167785,0.6779661016949152,0.7361963190184049,0.9023569023538641,268,29,57,120
com_erro,random_forest,oscilacao,20,15,15,316,316,97,219,117,199,18,29,11,0.819620253164557,0.7881072026800671,0.8125,0.6666666666666666,0.7323943661971831,0.9095477386888968,181,18,39,78
com_erro,random_forest,oscilacao,20,20,20,237,237,72,165,87,150,17,31,14,0.8016877637130801,0.7685057471264367,0.7777777777777778,0.6436781609195402,0.7044025157232704,0.8933333333273779,134,16,31,56
com_erro,random_forest,oscilacao,30,5,5,945,945,320,625,388,557,17,44,27,0.8137566137566138,0.7966554998241685,0.8192771084337349,0.7010309278350515,0.7555555555555555,0.8922800718116836,497,60,116,272
com_erro,random_forest,oscilacao,30,10,10,473,473,160,313,193,280,17,37,20,0.8012684989429175,0.7822353811991117,0.803680981595092,0.6787564766839378,0.7359550561797753,0.8857142857111224,248,32,62,131
com_erro,random_forest,oscilacao,30,15,15,315,315,107,208,128,187,16,25,9,0.7968253968253968,0.7758815173796791,0.8018867924528302,0.6640625,0.7264957264957265,0.8877005347546113,166,21,43,85
com_erro,random_forest,oscilacao,30,20,20,237,237,79,158,99,138,14,25,11,0.7932489451476793,0.7753623188405797,0.8048780487804879,0.6666666666666666,0.7292817679558011,0.8840579710080866,122,16,33,66
com_erro,random_forest,oscilacao,30,25,25,189,189,62,127,79,110,12,23,11,0.7671957671957672,0.7429228998849251,0.7966101694915254,0.5949367088607594,0.6811594202898551,0.8909090909009917,98,12,32,47
com_erro,random_forest,oscilacao,30,30,30,158,158,56,102,65,93,15,23,8,0.7848101265822784,0.7662531017369727,0.7818181818181819,0.6615384615384615,0.7166666666666667,0.8709677419261186,81,12,22,43
com_erro,random_forest,oscilacao,40,5,5,943,943,350,593,418,525,14,36,22,0.8006362672322376,0.7946229209387103,0.7948717948717948,0.7416267942583732,0.7673267326732673,0.8476190476174331,445,80,108,310
com_erro,random_forest,oscilacao,40,10,10,472,472,175,297,209,263,14,29,15,0.7817796610169492,0.7732366692742918,0.7849462365591398,0.6985645933014354,0.739240506329114,0.8479087452439243,223,40,63,146
com_erro,random_forest,oscilacao,40,15,15,315,315,117,198,139,176,13,27,14,0.7904761904761904,0.7852763243950294,0.7744360902255639,0.7410071942446043,0.7573529411764706,0.8295454545407412,146,30,36,103
com_erro,random_forest,oscilacao,40,20,20,236,236,87,149,103,133,13,26,13,0.7754237288135594,0.7689977370610994,0.7551020408163265,0.7184466019417476,0.736318407960199,0.8195488721742892,109,24,29,74
com_erro,random_forest,oscilacao,40,25,25,189,189,68,121,85,104,12,20,8,0.7566137566137566,0.7444570135746607,0.7910447761194029,0.6235294117647059,0.6973684210526315,0.8653846153762943,90,14,32,53
com_erro,random_forest,oscilacao,40,30,30,158,158,59,99,72,86,13,21,8,0.7658227848101266,0.7577519379844961,0.7868852459016393,0.6666666666666666,0.7218045112781954,0.8488372092924553,73,13,24,48
com_erro,random_forest,oscilacao,40,35,35,135,135,48,87,58,77,12,20,8,0.8074074074074075,0.7971339005821765,0.8076923076923077,0.7241379310344828,0.7636363636363637,0.8701298701185697,67,10,16,42
com_erro,random_forest,oscilacao,40,40,40,118,118,43,75,53,65,9,20,11,0.7966101694915254,0.7892597968069666,0.8085106382978723,0.7169811320754716,0.76,0.8615384615252071,56,9,15,38
com_erro,random_forest,oscilacao,50,5,5,941,941,380,561,444,497,13,37,24,0.798087141339001,0.7972043975565102,0.7886363636363637,0.7815315315315315,0.7850678733031674,0.8128772635798533,404,93,97,347
com_erro,random_forest,oscilacao,50,10,10,471,471,190,281,222,249,13,27,14,0.7770700636942676,0.7757245197004232,0.7695852534562212,0.7522522522522522,0.7608200455580866,0.7991967871453848,199,50,55,167
com_erro,random_forest,oscilacao,50,15,15,314,314,127,187,147,167,12,25,13,0.7898089171974523,0.7877306611267261,0.7872340425531915,0.7551020408163265,0.7708333333333334,0.8203592814322135,137,30,36,111
com_erro,random_forest,oscilacao,50,20,20,236,236,94,142,112,124,12,22,10,0.7711864406779662,0.7671370967741935,0.8020833333333334,0.6875,0.7403846153846154,0.8467741935415583,105,19,35,77
com_erro,random_forest,oscilacao,50,25,25,189,189,77,112,90,99,11,21,10,0.7513227513227513,0.7484848484848485,0.7654320987654321,0.6888888888888889,0.7251461988304093,0.8080808080726456,80,19,28,62
com_erro,random_forest,oscilacao,50,30,30,157,157,65,92,74,83,10,21,11,0.7515923566878981,0.7489417127971345,0.7536231884057971,0.7027027027027027,0.7272727272727273,0.7951807228819857,66,17,22,52
com_erro,random_forest,oscilacao,50,35,35,135,135,51,84,62,73,12,20,8,0.8074074074074075,0.798828988068935,0.86,0.6935483870967742,0.7678571428571429,0.9041095890287107,66,7,19,43
com_erro,random_forest,oscilacao,50,40,40,118,118,44,74,57,61,9,14,5,0.7288135593220338,0.7227494966925511,0.8378378378378378,0.543859649122807,0.6595744680851063,0.9016393442475141,55,6,26,31
com_erro,random_forest,oscilacao,50,45,45,105,105,39,66,49,56,10,16,6,0.7523809523809524,0.7448979591836735,0.7948717948717948,0.6326530612244898,0.7045454545454546,0.8571428571275511,48,8,18,31
com_erro,random_forest,oscilacao,50,50,50,95,95,38,57,45,50,11,20,9,0.6947368421052632,0.6922222222222223,0.6904761904761905,0.6444444444444445,0.6666666666666666,0.7399999999852,37,13,16,29
com_erro,random_forest,oscilacao,60,5,5,939,939,408,531,467,472,12,30,18,0.8029818956336529,0.8030160055166407,0.7974683544303798,0.8094218415417559,0.8034006376195537,0.7966101694898378,376,96,89,378
com_erro,random_forest,oscilacao,60,10,10,470,470,204,266,234,236,11,26,15,0.7936170212765957,0.7936223381138635,0.7914893617021277,0.7948717948717948,0.7931769722814499,0.7923728813525748,187,49,48,186
com_erro,random_forest,oscilacao,60,15,15,313,313,136,177,154,159,12,25,13,0.7891373801916933,0.7886751613166707,0.8013698630136986,0.7597402597402597,0.78,0.8176100628879396,130,29,37,117
com_erro,random_forest,oscilacao,60,20,20,235,235,101,134,115,120,10,20,10,0.7914893617021277,0.7916666666666667,0.7796610169491526,0.8,0.7896995708154506,0.7833333333268055,94,26,23,92
com_erro,random_forest,oscilacao,60,25,25,188,188,79,109,95,93,10,18,8,0.776595744680851,0.7773627617430674,0.8271604938271605,0.7052631578947368,0.7613636363636364,0.8494623655822638,79,14,28,67
com_erro,random_forest,oscilacao,60,30,30,157,157,71,86,79,78,10,20,10,0.7707006369426752,0.7706913339824732,0.7721518987341772,0.7721518987341772,0.7721518987341772,0.7692307692209073,60,18,18,61
com_erro,random_forest,oscilacao,60,35,35,135,135,58,77,67,68,9,20,11,0.7851851851851852,0.7847892888498683,0.8166666666666667,0.7313432835820896,0.7716535433070866,0.83823529410532,57,11,18,49
com_erro,random_forest,oscilacao,60,40,40,118,118,50,68,59,59,9,12,3,0.711864406779661,0.711864406779661,0.7551020408163265,0.6271186440677966,0.6851851851851852,0.7966101694780237,47,12,22,37
com_erro,random_forest,oscilacao,60,45,45,105,105,43,62,52,53,11,16,5,0.780952380952381,0.7802975326560233,0.8222222222222222,0.7115384615384616,0.7628865979381443,0.849056603757565,45,8,15,37
com_erro,random_forest,oscilacao,60,50,50,94,94,39,55,47,47,9,17,8,0.7659574468085106,0.7659574468085106,0.8048780487804879,0.7021276595744681,0.75,0.8297872340248982,39,8,14,33
com_erro,random_forest,oscilacao,60,55,55,86,86,40,46,44,42,10,14,4,0.6744186046511628,0.6747835497835497,0.6904761904761905,0.6590909090909091,0.6744186046511628,0.6904761904597506,29,13,15,29
com_erro,random_forest,oscilacao,60,60,60,79,79,35,44,38,41,9,13,4,0.7468354430379747,0.7464698331193838,0.7368421052631579,0.7368421052631579,0.7368421052631579,0.7560975609571684,31,10,10,28
com_erro,random_forest,oscilacao,70,5,5,937,937,435,502,488,449,11,30,19,0.7748132337246532,0.772153054145825,0.7569573283858998,0.8360655737704918,0.7945472249269717,0.7082405345195808,318,131,80,408
com_erro,random_forest,oscilacao,70,10,10,469,469,218,251,244,225,10,29,19,0.7782515991471215,0.7770218579234973,0.7755905511811023,0.8073770491803278,0.7911646586345381,0.7466666666633481,168,57,47,197
com_erro,random_forest,oscilacao,70,15,15,313,313,145,168,162,151,11,22,11,0.7667731629392971,0.7672716866977353,0.7870967741935484,0.7530864197530864,0.7697160883280757,0.7814569536372089,118,33,40,122
com_erro,random_forest,oscilacao,70,20,20,235,235,108,127,123,112,10,17,7,0.7829787234042553,0.7835002903600464,0.8050847457627118,0.7723577235772358,0.7883817427385892,0.7946428571357621,89,23,28,95
com_erro,random_forest,oscilacao,70,25,25,188,188,85,103,97,91,9,18,9,0.7446808510638298,0.7457799932026736,0.7752808988764045,0.711340206185567,0.7419354838709677,0.7802197802112063,71,20,28,69
com_erro,random_forest,oscilacao,70,30,30,157,157,74,83,84,73,9,17,8,0.7452229299363057,0.7466568819308546,0.782051282051282,0.7261904761904762,0.7530864197530864,0.7671232876607244,56,17,23,61
com_erro,random_forest,oscilacao,70,35,35,134,134,62,72,70,64,8,17,9,0.7164179104477612,0.7171875,0.7424242424242424,0.7,0.7205882352941176,0.7343749999885254,47,17,21,49
com_erro,random_forest,oscilacao,70,40,40,118,118,56,62,63,55,9,11,2,0.7372881355932204,0.7366522366522367,0.7580645161290323,0.746031746031746,0.752,0.7272727272595042,40,15,16,47
com_erro,random_forest,oscilacao,70,45,45,105,105,49,56,53,52,10,15,5,0.7523809523809524,0.7523584905660378,0.7547169811320755,0.7547169811320755,0.7547169811320755,0.749999999985577,39,13,13,40
com_erro,random_forest,oscilacao,70,50,50,94,94,41,53,48,46,8,16,8,0.7340425531914894,0.7346014492753623,0.7555555555555555,0.7083333333333334,0.7311827956989247,0.7608695652008507,35,11,14,34
com_erro,random_forest,oscilacao,70,55,55,86,86,43,43,45,41,9,17,8,0.686046511627907,0.683739837398374,0.6875,0.7333333333333333,0.7096774193548387,0.6341463414479477,26,15,12,33
com_erro,random_forest,oscilacao,70,60,60,79,79,36,43,42,37,7,14,7,0.7215189873417721,0.7236164736164736,0.7631578947368421,0.6904761904761905,0.725,0.7567567567363039,28,9,13,29
com_erro,random_forest,oscilacao,70,65,65,73,73,32,41,39,34,9,18,9,0.6712328767123288,0.6753393665158371,0.7272727272727273,0.6153846153846154,0.6666666666666666,0.7352941176254326,25,9,15,24
com_erro,random_forest,oscilacao,70,70,70,67,67,31,36,36,31,6,9,3,0.746268656716418,0.7482078853046594,0.7878787878787878,0.7222222222222222,0.7536231884057971,0.7741935483621228,24,7,10,26
com_erro,random_forest,oscilacao,80,5,5,935,935,459,476,507,428,9,26,17,0.760427807486631,0.7528802374237313,0.7478108581436077,0.8422090729783037,0.7922077922077922,0.6635514018676085,284,144,80,427
com_erro,random_forest,oscilacao,80,10,10,468,468,230,238,253,215,9,23,14,0.7457264957264957,0.7407206544719184,0.7463235294117647,0.8023715415019763,0.7733333333333333,0.6790697674387021,146,69,50,203
com_erro,random_forest,oscilacao,80,15,15,312,312,153,159,168,144,9,24,15,0.7435897435897436,0.7385912698412699,0.7417582417582418,0.8035714285714286,0.7714285714285715,0.6736111111064333,97,47,33,135
com_erro,random_forest,oscilacao,80,20,20,234,234,114,120,124,110,9,15,6,0.7692307692307693,0.7668621700879765,0.7692307692307693,0.8064516129032258,0.7874015748031497,0.7272727272661157,80,30,24,100
com_erro,random_forest,oscilacao,80,25,25,187,187,90,97,101,86,8,19,11,0.7540106951871658,0.7550080589454294,0.7894736842105263,0.7425742574257426,0.7653061224489796,0.7674418604561926,66,20,26,75
com_erro,random_forest,oscilacao,80,30,30,156,156,78,78,84,72,8,20,12,0.7628205128205128,0.7589285714285714,0.7640449438202247,0.8095238095238095,0.7861271676300579,0.7083333333234954,51,21,16,68
com_erro,random_forest,oscilacao,80,35,35,134,134,65,69,72,62,9,14,5,0.7910447761194029,0.7887544802867383,0.7972972972972973,0.8194444444444444,0.8082191780821918,0.7580645161168055,47,15,13,59
com_erro,random_forest,oscilacao,80,40,40,117,117,57,60,62,55,8,14,6,0.717948717948718,0.7153958944281524,0.7230769230769231,0.7580645161290323,0.7401574803149606,0.6727272727150414,37,18,15,47
com_erro,random_forest,oscilacao,80,45,45,104,104,53,51,55,49,7,15,8,0.7403846153846154,0.737847866419295,0.7413793103448276,0.7818181818181819,0.7610619469026548,0.6938775510062475,34,15,12,43
com_erro,random_forest,oscilacao,80,50,50,94,94,44,50,50,44,8,13,5,0.7340425531914894,0.7336363636363636,0.7551020408163265,0.74,0.7474747474747475,0.7272727272561984,32,12,13,37
com_erro,random_forest,oscilacao,80,55,55,85,85,43,42,45,40,8,13,5,0.7294117647058823,0.7236111111111111,0.7115384615384616,0.8222222222222222,0.7628865979381443,0.624999999984375,25,15,8,37
com_erro,random_forest,oscilacao,80,60,60,78,78,37,41,41,37,6,11,5,0.7564102564102564,0.7564271588661833,0.775,0.7560975609756098,0.7654320987654321,0.7567567567363039,28,9,10,31
com_erro,random_forest,oscilacao,80,65,65,72,72,35,37,38,34,8,10,2,0.75,0.7492260061919505,0.7631578947368421,0.7631578947368421,0.7631578947368421,0.7352941176254326,25,9,9,29
com_erro,random_forest,oscilacao,80,70,70,67,67,32,35,36,31,6,9,3,0.7313432835820896,0.7298387096774194,0.75,0.75,0.75,0.7096774193319458,22,9,9,27
com_erro,random_forest,oscilacao,80,75,75,63,63,29,34,33,30,8,7,-1,0.6984126984126984,0.696969696969697,0.7058823529411765,0.7272727272727273,0.7164179104477612,0.6666666666444444,20,10,9,24
com_erro,random_forest,oscilacao,80,80,80,59,59,29,30,31,28,7,15,8,0.6610169491525424,0.6584101382488479,0.6666666666666666,0.7096774193548387,0.6875,0.6071428571211734,17,11,9,22
com_erro,random_forest,oscilacao,90,5,5,933,933,483,450,522,411,9,25,16,0.7566988210075026,0.744022149509187,0.7487352445193929,0.8505747126436781,0.7964125560538117,0.6374695863731449,262,149,78,444
com_erro,random_forest,oscilacao,90,10,10,467,467,242,225,261,206,9,22,13,0.7537473233404711,0.7418442882118812,0.7482993197278912,0.842911877394636,0.7927927927927928,0.6407766990260156,132,74,41,220
com_erro,random_forest,oscilacao,90,15,15,311,311,161,150,174,137,9,19,10,0.7491961414790996,0.7417149089688733,0.7608695652173914,0.8045977011494253,0.7821229050279329,0.6788321167833662,93,44,34,140
com_erro,random_forest,oscilacao,90,20,20,234,234,120,114,132,102,9,17,8,0.7393162393162394,0.7332887700534759,0.762962962962963,0.7803030303030303,0.7715355805243446,0.6862745097971934,70,32,29,103
com_erro,random_forest,oscilacao,90,25,25,187,187,95,92,104,83,9,17,8,0.7379679144385026,0.7303637627432809,0.7477477477477478,0.7980769230769231,0.772093023255814,0.6626506024016547,55,28,21,83
com_erro,random_forest,oscilacao,90,30,30,156,156,83,73,88,68,9,14,5,0.7371794871794872,0.7269385026737968,0.7473684210526316,0.8068181818181818,0.7759562841530054,0.6470588235198962,44,24,17,71
com_erro,random_forest,oscilacao,90,35,35,134,134,68,66,75,59,8,14,6,0.7238805970149254,0.724406779661017,0.7714285714285715,0.72,0.7448275862068966,0.7288135593096812,43,16,21,54
com_erro,random_forest,oscilacao,90,40,40,117,117,58,59,66,51,6,14,8,0.717948717948718,0.7121212121212122,0.746268656716418,0.7575757575757576,0.7518796992481203,0.6666666666535949,34,17,16,50
com_erro,random_forest,oscilacao,90,45,45,104,104,53,51,59,45,6,15,9,0.6826923076923077,0.6728813559322033,0.7096774193548387,0.7457627118644068,0.7272727272727273,0.5999999999866668,27,18,15,44
com_erro,random_forest,oscilacao,90,50,50,94,94,49,45,52,42,9,12,3,0.6702127659574468,0.6607142857142857,0.6842105263157895,0.75,0.7155963302752294,0.5714285714149661,24,18,13,39
com_erro,random_forest,oscilacao,90,55,55,85,85,46,39,48,37,8,9,1,0.6823529411764706,0.6661036036036037,0.6909090909090909,0.7916666666666666,0.7378640776699029,0.5405405405259314,20,17,10,38
com_erro,random_forest,oscilacao,90,60,60,78,78,39,39,44,34,6,11,5,0.6538461538461539,0.6497326203208555,0.6976744186046512,0.6818181818181818,0.6896551724137931,0.6176470588053634,21,13,14,30
com_erro,random_forest,oscilacao,90,65,65,72,72,36,36,40,32,7,12,5,0.6944444444444444,0.69375,0.7368421052631579,0.7,0.717948717948718,0.6874999999785157,22,10,12,28
com_erro,random_forest,oscilacao,90,70,70,67,67,34,33,38,29,6,9,3,0.6417910447761194,0.6352087114337568,0.6842105263157895,0.6842105263157895,0.6842105263157895,0.5862068965315101,17,12,12,26
com_erro,random_forest,oscilacao,90,75,75,63,63,31,32,36,27,8,6,-2,0.6507936507936508,0.6388888888888888,0.6842105263157895,0.7222222222222222,0.7027027027027027,0.5555555555349794,15,12,10,26
com_erro,random_forest,oscilacao,90,80,80,59,59,29,30,33,26,6,17,11,0.576271186440678,0.5763403263403264,0.6333333333333333,0.5757575757575758,0.6031746031746031,0.5769230769008876,15,11,14,19
com_erro,random_forest,oscilacao,90,85,85,55,55,26,29,31,24,7,12,5,0.5272727272727272,0.5383064516129032,0.6086956521739131,0.45161290322580644,0.5185185185185185,0.6249999999739584,15,9,17,14
com_erro,random_forest,oscilacao,90,90,90,52,52,25,27,28,24,6,10,4,0.6538461538461539,0.6577380952380952,0.7083333333333334,0.6071428571428571,0.6538461538461539,0.7083333333038194,17,7,11,17
com_erro,random_forest,oscilacao,100,5,5,931,931,507,424,536,395,9,39,30,0.7293233082706767,0.707984602304931,0.7268370607028753,0.8488805970149254,0.7831325301204819,0.5670886075935011,224,171,81,455
com_erro,random_forest,oscilacao,100,10,10,466,466,254,212,268,198,9,21,12,0.7317596566523605,0.714024574099201,0.735973597359736,0.832089552238806,0.7810858143607706,0.5959595959565861,118,80,45,223
com_erro,random_forest,oscilacao,100,15,15,311,311,169,142,179,132,8,17,9,0.7459807073954984,0.7325842221093617,0.7577319587628866,0.8212290502793296,0.7882037533512064,0.6439393939345157,85,47,32,147
com_erro,random_forest,oscilacao,100,20,20,233,233,126,107,132,101,9,17,8,0.7381974248927039,0.7224347434743474,0.7350993377483444,0.8409090909090909,0.784452296819788,0.6039603960336242,61,40,21,111
com_erro,random_forest,oscilacao,100,25,25,187,187,102,85,108,79,8,15,7,0.7379679144385026,0.727262072198781,0.7610619469026548,0.7962962962962963,0.7782805429864253,0.6582278480929338,52,27,22,86
com_erro,random_forest,oscilacao,100,30,30,156,156,86,70,92,64,7,16,9,0.7243589743589743,0.7068614130434783,0.7474747474747475,0.8043478260869565,0.774869109947644,0.6093749999904785,39,25,18,74
com_erro,random_forest,oscilacao,100,35,35,133,133,73,60,77,56,7,11,4,0.7368421052631579,0.7288961038961039,0.7692307692307693,0.7792207792207793,0.7741935483870968,0.6785714285593113,38,18,17,60
com_erro,random_forest,oscilacao,100,40,40,117,117,63,54,67,50,7,14,7,0.7094017094017094,0.6980597014925374,0.7323943661971831,0.7761194029850746,0.7536231884057971,0.6199999999876,31,19,15,52
com_erro,random_forest,oscilacao,100,45,45,104,104,55,49,61,43,7,14,7,0.7307692307692307,0.7155928326343881,0.7538461538461538,0.8032786885245902,0.7777777777777778,0.6279069767295836,27,16,12,49
com_erro,random_forest,oscilacao,100,50,50,94,94,51,43,55,39,8,11,3,0.723404255319149,0.7114219114219115,0.7543859649122807,0.7818181818181819,0.7678571428571429,0.6410256410092046,25,14,12,43
com_erro,random_forest,oscilacao,100,55,55,85,85,49,36,49,36,7,14,7,0.6823529411764706,0.6471088435374149,0.671875,0.8775510204081632,0.7610619469026548,0.4166666666550926,15,21,6,43
com_erro,random_forest,oscilacao,100,60,60,78,78,41,37,44,34,6,9,3,0.6794871794871795,0.6758021390374331,0.7209302325581395,0.7045454545454546,0.7126436781609196,0.6470588235103807,22,12,13,31
com_erro,random_forest,oscilacao,100,65,65,72,72,40,32,40,32,7,13,6,0.7222222222222222,0.709375,0.717391304347826,0.825,0.7674418604651163,0.5937499999814454,19,13,7,33
com_erro,random_forest,oscilacao,100,70,70,67,67,36,31,40,27,6,7,1,0.6716417910447762,0.6587962962962963,0.725,0.725,0.725,0.5925925925706447,16,11,11,29
com_erro,random_forest,oscilacao,100,75,75,63,63,36,27,38,25,7,5,-2,0.6507936507936508,0.621578947368421,0.6904761904761905,0.7631578947368421,0.725,0.4799999999808,12,13,9,29
com_erro,random_forest,oscilacao,100,80,80,59,59,32,27,34,25,7,11,4,0.6101694915254238,0.6035294117647059,0.6666666666666666,0.6470588235294118,0.6567164179104478,0.5599999999776,14,11,12,22
com_erro,random_forest,oscilacao,100,85,85,55,55,29,26,32,23,6,11,5,0.6,0.5828804347826086,0.6470588235294118,0.6875,0.6666666666666666,0.47826086954442343,11,12,10,22
com_erro,random_forest,oscilacao,100,90,90,52,52,27,25,29,23,6,11,5,0.6730769230769231,0.6754122938530734,0.7307692307692307,0.6551724137931034,0.6909090909090909,0.6956521738827978,16,7,10,19
com_erro,random_forest,oscilacao,100,95,95,49,49,25,24,29,20,6,10,4,0.673469387755102,0.646551724137931,0.696969696969697,0.7931034482758621,0.7419354838709677,0.499999999975,10,10,6,23
com_erro,random_forest,oscilacao,100,100,100,47,47,26,21,25,22,7,8,1,0.574468085106383,0.5618181818181818,0.5757575757575758,0.76,0.6551724137931034,0.3636363636198347,8,14,6,19
com_erro,random_forest,queda,20,5,5,947,947,246,701,220,727,20,33,13,0.791974656810982,0.6172564711766912,0.6095238095238096,0.2909090909090909,0.39384615384615385,0.9436038514429936,686,41,156,64
com_erro,random_forest,queda,20,10,10,474,474,126,348,111,363,19,28,9,0.7848101265822784,0.6093366093366094,0.5849056603773585,0.27927927927927926,0.3780487804878049,0.9393939393913515,341,22,80,31
com_erro,random_forest,queda,20,15,15,316,316,80,236,73,243,18,16,-2,0.7848101265822784,0.5821635943401544,0.6,0.2054794520547945,0.30612244897959184,0.9588477366215685,233,10,58,15
com_erro,random_forest,queda,20,20,20,237,237,63,174,55,182,16,20,4,0.7721518987341772,0.5852147852147852,0.52,0.23636363636363636,0.325,0.9340659340608019,170,12,42,13
com_erro,random_forest,queda,30,5,5,945,945,289,656,257,688,17,27,10,0.7735449735449735,0.6372839562030586,0.6641221374045801,0.33852140077821014,0.4484536082474227,0.9360465116265465,644,44,170,87
com_erro,random_forest,queda,30,10,10,473,473,147,326,129,344,17,24,7,0.7463002114164905,0.5857558139534884,0.5882352941176471,0.23255813953488372,0.3333333333333333,0.9389534883693635,323,21,99,30
com_erro,random_forest,queda,30,15,15,315,315,93,222,85,230,16,15,-1,0.7587301587301587,0.5937340153452686,0.6451612903225806,0.23529411764705882,0.3448275862068966,0.9521739130393384,219,11,65,20
com_erro,random_forest,queda,30,20,20,237,237,75,162,63,174,17,21,4,0.7679324894514767,0.6293103448275862,0.6176470588235294,0.3333333333333333,0.4329896907216495,0.9252873563165214,161,13,42,21
com_erro,random_forest,queda,30,25,25,189,189,59,130,53,136,16,19,3,0.7407407407407407,0.5953107658157603,0.5833333333333334,0.2641509433962264,0.36363636363636365,0.9264705882284819,126,10,39,14
com_erro,random_forest,queda,30,30,30,158,158,48,110,41,117,16,15,-1,0.7341772151898734,0.5828642901813634,0.4782608695652174,0.2682926829268293,0.34375,0.897435897428227,105,12,30,11
com_erro,random_forest,queda,40,5,5,943,943,327,616,289,654,17,38,21,0.7444326617179216,0.6380829180026031,0.6481481481481481,0.3633217993079585,0.4656319290465632,0.9128440366958519,597,57,184,105
com_erro,random_forest,queda,40,10,10,472,472,166,306,145,327,17,25,8,0.7309322033898306,0.6138880101233787,0.625,0.3103448275862069,0.4147465437788018,0.9174311926577449,300,27,100,45
com_erro,random_forest,queda,40,15,15,315,315,108,207,97,218,17,20,3,0.7142857142857143,0.5904426369053248,0.5777777777777777,0.26804123711340205,0.36619718309859156,0.9128440366930604,199,19,71,26
com_erro,random_forest,queda,40,20,20,236,236,83,153,71,165,16,18,2,0.7457627118644068,0.6376440460947503,0.6341463414634146,0.36619718309859156,0.4642857142857143,0.9090909090853995,150,15,45,26
com_erro,random_forest,queda,40,25,25,189,189,65,124,58,131,15,13,-2,0.7195767195767195,0.5959463016583311,0.5925925925925926,0.27586206896551724,0.3764705882352941,0.9160305343441525,120,11,42,16
com_erro,random_forest,queda,40,30,30,158,158,54,104,50,108,15,15,0,0.689873417721519,0.5690740740740741,0.5217391304347826,0.24,0.3287671232876712,0.8981481481398319,97,11,38,12
com_erro,random_forest,queda,40,35,35,135,135,47,88,41,94,15,15,0,0.7481481481481481,0.6472496107939802,0.64,0.3902439024390244,0.48484848484848486,0.9042553191393164,85,9,25,16
com_erro,random_forest,queda,40,40,40,118,118,40,78,36,82,14,13,-1,0.7203389830508474,0.6273712737127372,0.56,0.3888888888888889,0.45901639344262296,0.8658536585260261,71,11,22,14
com_erro,random_forest,queda,50,5,5,941,941,364,577,321,620,17,37,20,0.71413390010627,0.636584262888152,0.63,0.3925233644859813,0.4836852207293666,0.8806451612889022,546,74,195,126
com_erro,random_forest,queda,50,10,10,471,471,184,287,161,310,17,27,10,0.7133757961783439,0.6314966940492888,0.6382978723404256,0.37267080745341613,0.47058823529411764,0.8903225806422893,276,34,101,60
com_erro,random_forest,queda,50,15,15,314,314,118,196,107,207,15,24,9,0.6878980891719745,0.5962345929838819,0.5789473684210527,0.308411214953271,0.4024390243902439,0.884057971010222,183,24,74,33
com_erro,random_forest,queda,50,20,20,236,236,93,143,79,157,17,27,10,0.7161016949152542,0.6451261791502056,0.6071428571428571,0.43037974683544306,0.5037037037037037,0.8598726114594913,135,22,45,34
com_erro,random_forest,queda,50,25,25,189,189,73,116,66,123,15,24,9,0.671957671957672,0.6040280857354028,0.5434782608695652,0.3787878787878788,0.44642857142857145,0.8292682926761847,102,21,41,25
com_erro,random_forest,queda,50,30,30,157,157,59,98,55,102,14,17,3,0.7006369426751592,0.6271836007130125,0.6176470588235294,0.38181818181818183,0.47191011235955055,0.8725490195992887,89,13,34,21
com_erro,random_forest,queda,50,35,35,135,135,51,84,44,91,14,12,-2,0.7185185185185186,0.6503496503496503,0.5882352941176471,0.45454545454545453,0.5128205128205128,0.8461538461445477,77,14,24,20
com_erro,random_forest,queda,50,40,40,118,118,47,71,42,76,14,19,5,0.6779661016949152,0.6275062656641605,0.5588235294117647,0.4523809523809524,0.5,0.8026315789368075,61,15,23,19
com_erro,random_forest,queda,50,45,45,105,105,42,63,35,70,14,14,0,0.7142857142857143,0.6714285714285715,0.5757575757575758,0.5428571428571428,0.5588235294117647,0.7999999999885714,56,14,16,19
com_erro,random_forest,queda,50,50,50,95,95,40,55,35,60,15,16,1,0.6631578947368421,0.6261904761904762,0.5483870967741935,0.4857142857142857,0.5151515151515151,0.7666666666538889,46,14,18,17
com_erro,random_forest,queda,60,5,5,939,939,399,540,352,587,16,34,18,0.6964856230031949,0.6491937045067369,0.6303501945525292,0.4602272727272727,0.5320197044334976,0.8381601362847731,492,95,190,162
com_erro,random_forest,queda,60,10,10,470,470,202,268,177,293,15,34,19,0.6723404255319149,0.627600701876169,0.5851851851851851,0.4463276836158192,0.5064102564102564,0.8088737201337581,237,56,98,79
com_erro,random_forest,queda,60,15,15,313,313,130,183,117,196,14,27,13,0.6837060702875399,0.6320425606139892,0.6097560975609756,0.42735042735042733,0.5025125628140703,0.836734693873282,164,32,67,50
com_erro,random_forest,queda,60,20,20,235,235,101,134,87,148,14,22,8,0.7021276595744681,0.6592885989437713,0.6231884057971014,0.4942528735632184,0.5512820512820513,0.8243243243187546,122,26,44,43
com_erro,random_forest,queda,60,25,25,188,188,78,110,71,117,14,24,10,0.6595744680851063,0.626820753581317,0.5555555555555556,0.49295774647887325,0.5223880597014925,0.7606837606772591,89,28,36,35
com_erro,random_forest,queda,60,30,30,157,157,66,91,57,100,14,17,3,0.6624203821656051,0.6067543859649123,0.5476190476190477,0.40350877192982454,0.46464646464646464,0.8099999999919,81,19,34,23
com_erro,random_forest,queda,60,35,35,135,135,58,77,48,87,15,17,2,0.674074074074074,0.6210488505747127,0.5526315789473685,0.4375,0.4883720930232558,0.804597701140177,70,17,27,21
com_erro,random_forest,queda,60,40,40,118,118,49,69,45,73,14,14,0,0.6694915254237288,0.6178082191780823,0.6,0.4,0.48,0.8356164383447175,61,12,27,18
com_erro,random_forest,queda,60,45,45,105,105,46,59,39,66,14,20,6,0.6190476190476191,0.6130536130536131,0.48936170212765956,0.5897435897435898,0.5348837209302325,0.6363636363539945,42,24,16,23
com_erro,random_forest,queda,60,50,50,94,94,40,54,37,57,14,17,3,0.6170212765957447,0.5941204362256993,0.5142857142857142,0.4864864864864865,0.5,0.7017543859526009,40,17,19,18
com_erro,random_forest,queda,60,55,55,86,86,36,50,32,54,13,15,2,0.6395348837209303,0.6111111111111112,0.5161290322580645,0.5,0.5079365079365079,0.7222222222088478,39,15,16,16
com_erro,random_forest,queda,60,60,60,79,79,34,45,29,50,13,11,-2,0.7215189873417721,0.6641379310344828,0.6842105263157895,0.4482758620689655,0.5416666666666666,0.8799999999824001,44,6,16,13
com_erro,random_forest,queda,70,5,5,937,937,429,508,381,556,15,41,26,0.6424759871931697,0.6173690968485055,0.5714285714285714,0.48293963254593175,0.5234708392603129,0.751798561149727,418,138,197,184
com_erro,random_forest,queda,70,10,10,469,469,217,252,191,278,15,30,15,0.6481876332622601,0.626228859844062,0.5773809523809523,0.5078534031413613,0.5403899721448467,0.7446043165440842,207,71,94,97
com_erro,random_forest,queda,70,15,15,313,313,143,170,127,186,15,28,13,0.6261980830670927,0.6068072136144272,0.5423728813559322,0.5039370078740157,0.5224489795918368,0.7096774193510232,132,54,63,64
com_erro,random_forest,queda,70,20,20,235,235,108,127,95,140,15,27,12,0.6638297872340425,0.6552631578947368,0.58,0.6105263157894737,0.5948717948717949,0.6999999999950001,98,42,37,58
com_erro,random_forest,queda,70,25,25,188,188,85,103,75,113,14,23,9,0.6436170212765957,0.6250737463126843,0.5555555555555556,0.5333333333333333,0.54421768707483,0.7168141592856919,81,32,35,40
com_erro,random_forest,queda,70,30,30,157,157,72,85,64,93,15,22,7,0.6687898089171974,0.6546538978494624,0.5967741935483871,0.578125,0.5873015873015873,0.7311827956910625,68,25,27,37
com_erro,random_forest,queda,70,35,35,134,134,62,72,54,80,14,17,3,0.6119402985074627,0.6027777777777779,0.5172413793103449,0.5555555555555556,0.5357142857142857,0.649999999991875,52,28,24,30
com_erro,random_forest,queda,70,40,40,118,118,52,66,47,71,15,22,7,0.6271186440677966,0.6074318249925081,0.5333333333333333,0.5106382978723404,0.5217391304347826,0.7042253521027574,50,21,23,24
com_erro,random_forest,queda,70,45,45,105,105,49,56,43,62,15,22,7,0.580952380952381,0.5845836459114779,0.49056603773584906,0.6046511627906976,0.5416666666666666,0.564516129023153,35,27,17,26
com_erro,random_forest,queda,70,50,50,94,94,42,52,40,54,13,20,7,0.648936170212766,0.6458333333333333,0.5813953488372093,0.625,0.6024096385542169,0.6666666666543211,36,18,15,25
com_erro,random_forest,queda,70,55,55,86,86,40,46,36,50,13,16,3,0.6395348837209303,0.6277777777777778,0.5714285714285714,0.5555555555555556,0.5633802816901409,0.699999999986,35,15,16,20
com_erro,random_forest,queda,70,60,60,79,79,36,43,33,46,12,13,1,0.6708860759493671,0.6531620553359684,0.6206896551724138,0.5454545454545454,0.5806451612903226,0.7608695652008507,35,11,15,18
com_erro,random_forest,queda,70,65,65,73,73,32,41,32,41,15,14,-1,0.6164383561643836,0.5933689024390244,0.5909090909090909,0.40625,0.48148148148148145,0.7804878048590126,32,9,19,13
com_erro,random_forest,queda,70,70,70,67,67,33,34,28,39,13,14,1,0.582089552238806,0.5856227106227105,0.5,0.6071428571428571,0.5483870967741935,0.5641025640881,22,17,11,17
com_erro,random_forest,queda,80,5,5,935,935,457,478,409,526,15,41,26,0.627807486631016,0.619711435663354,0.5776081424936387,0.5550122249388753,0.5660847880299252,0.6844106463865316,360,166,182,227
com_erro,random_forest,queda,80,10,10,468,468,231,237,205,263,15,34,19,0.6410256410256411,0.6354261337290179,0.5902439024390244,0.5902439024390244,0.5902439024390244,0.6806083650164235,179,84,84,121
com_erro,random_forest,queda,80,15,15,312,312,150,162,136,176,14,30,16,0.6474358974358975,0.6348596256684491,0.6083333333333333,0.5367647058823529,0.5703125,0.732954545450381,129,47,63,73
com_erro,random_forest,queda,80,20,20,234,234,115,119,101,133,14,25,11,0.6239316239316239,0.6227201667535174,0.5585585585585585,0.6138613861386139,0.5849056603773585,0.6315789473636724,84,49,39,62
com_erro,random_forest,queda,80,25,25,187,187,93,94,83,104,14,19,5,0.6149732620320856,0.6185704355885079,0.5567010309278351,0.6506024096385542,0.6,0.5865384615328217,61,43,29,54
com_erro,random_forest,queda,80,30,30,156,156,76,80,69,87,13,23,10,0.6474358974358975,0.6434282858570715,0.6,0.6086956521739131,0.60431654676259,0.678160919532435,59,28,27,42
com_erro,random_forest,queda,80,35,35,134,134,64,70,57,77,14,21,7,0.6044776119402985,0.6057188425609479,0.5303030303030303,0.6140350877192983,0.5691056910569106,0.5974025973948389,46,31,22,35
com_erro,random_forest,queda,80,40,40,117,117,58,59,50,67,14,19,5,0.5982905982905983,0.6061194029850747,0.5238095238095238,0.66,0.584070796460177,0.5522388059619069,37,30,17,33
com_erro,random_forest,queda,80,45,45,104,104,51,53,47,57,13,19,6,0.5769230769230769,0.5692422545726017,0.5348837209302325,0.48936170212765956,0.5111111111111111,0.6491228070061558,37,20,24,23
com_erro,random_forest,queda,80,50,50,94,94,48,46,44,50,11,18,7,0.5957446808510638,0.6036363636363636,0.5517241379310345,0.7272727272727273,0.6274509803921569,0.47999999999040005,24,26,12,32
com_erro,random_forest,queda,80,55,55,85,85,41,44,37,48,13,16,3,0.6823529411764706,0.6784909909909911,0.631578947368421,0.6486486486486487,0.64,0.7083333333185764,34,14,13,24
com_erro,random_forest,queda,80,60,60,78,78,37,41,35,43,11,12,1,0.6666666666666666,0.6551495016611295,0.6551724137931034,0.5428571428571428,0.59375,0.7674418604472688,33,10,16,19
com_erro,random_forest,queda,80,65,65,72,72,33,39,32,40,13,11,-2,0.5972222222222222,0.58125,0.56,0.4375,0.49122807017543857,0.724999999981875,29,11,18,14
com_erro,random_forest,queda,80,70,70,67,67,33,34,30,37,12,14,2,0.5970149253731343,0.6004504504504504,0.5428571428571428,0.6333333333333333,0.5846153846153846,0.5675675675522279,21,16,11,19
com_erro,random_forest,queda,80,75,75,63,63,29,34,28,35,11,8,-3,0.6984126984126984,0.6928571428571428,0.6666666666666666,0.6428571428571429,0.6545454545454545,0.7428571428359184,26,9,10,18
com_erro,random_forest,queda,80,80,80,59,59,30,29,26,33,10,14,4,0.576271186440678,0.5804195804195804,0.5161290322580645,0.6153846153846154,0.5614035087719298,0.5454545454380166,18,15,10,16
com_erro,random_forest,queda,90,5,5,933,933,484,449,437,496,15,36,21,0.6120042872454448,0.6124880047242932,0.5802997858672377,0.620137299771167,0.5995575221238938,0.6048387096761999,300,196,166,271
com_erro,random_forest,queda,90,10,10,467,467,244,223,219,248,15,32,17,0.6124197002141327,0.6134555899248785,0.5798319327731093,0.6301369863013698,0.6039387308533917,0.5967741935459808,148,100,81,138
com_erro,random_forest,queda,90,15,15,311,311,160,151,145,166,14,29,15,0.6109324758842444,0.6111134191940175,0.577922077922078,0.6137931034482759,0.5953177257525084,0.6084337349360938,101,65,56,89
com_erro,random_forest,queda,90,20,20,234,234,122,112,109,125,14,24,10,0.6111111111111112,0.6142752293577982,0.5714285714285714,0.6605504587155964,0.6127659574468085,0.567999999995456,71,54,37,72
com_erro,random_forest,queda,90,25,25,187,187,96,91,87,100,13,23,10,0.6310160427807486,0.6348275862068966,0.5882352941176471,0.6896551724137931,0.6349206349206349,0.5799999999941999,58,42,27,60
com_erro,random_forest,queda,90,30,30,156,156,81,75,71,85,13,21,8,0.5833333333333334,0.5874896437448218,0.5357142857142857,0.6338028169014085,0.5806451612903226,0.5411764705818685,46,39,26,45
com_erro,random_forest,queda,90,35,35,134,134,70,64,59,75,13,23,10,0.5522388059701493,0.560225988700565,0.49333333333333335,0.6271186440677966,0.5522388059701493,0.49333333332675555,37,38,22,37
com_erro,random_forest,queda,90,40,40,117,117,62,55,56,61,11,19,8,0.5897435897435898,0.5941159250585479,0.5571428571428572,0.6964285714285714,0.6190476190476191,0.49180327868046225,30,31,17,39
com_erro,random_forest,queda,90,45,45,104,104,54,50,47,57,13,15,2,0.625,0.62989921612542,0.5714285714285714,0.6808510638297872,0.6213592233009708,0.5789473684108957,33,24,15,32
com_erro,random_forest,queda,90,50,50,94,94,50,44,45,49,11,12,1,0.6276595744680851,0.6337868480725624,0.5833333333333334,0.7777777777777778,0.6666666666666666,0.48979591835735115,24,25,10,35
com_erro,random_forest,queda,90,55,55,85,85,44,41,41,44,12,14,2,0.611764705882353,0.6150221729490022,0.58,0.7073170731707317,0.6373626373626373,0.5227272727153927,23,21,12,29
com_erro,random_forest,queda,90,60,60,78,78,39,39,36,42,11,10,-1,0.6666666666666666,0.6626984126984128,0.6470588235294118,0.6111111111111112,0.6285714285714286,0.7142857142687076,30,12,14,22
com_erro,random_forest,queda,90,65,65,72,72,35,37,32,40,13,13,0,0.5833333333333334,0.584375,0.5277777777777778,0.59375,0.5588235294117647,0.574999999985625,23,17,13,19
com_erro,random_forest,queda,90,70,70,67,67,35,32,31,36,11,13,2,0.5970149253731343,0.6003584229390682,0.5555555555555556,0.6451612903225806,0.5970149253731343,0.5555555555401235,20,16,11,20
com_erro,random_forest,queda,90,75,75,63,63,30,33,29,34,11,8,-3,0.7301587301587301,0.7246450304259635,0.7307692307692307,0.6551724137931034,0.6909090909090909,0.7941176470354672,27,7,10,19
com_erro,random_forest,queda,90,80,80,59,59,33,26,29,30,9,13,4,0.5423728813559322,0.5448275862068965,0.5263157894736842,0.6896551724137931,0.5970149253731343,0.3999999999866667,12,18,9,20
com_erro,random_forest,queda,90,85,85,55,55,29,26,25,30,12,9,-3,0.6363636363636364,0.64,0.5862068965517241,0.68,0.6296296296296297,0.59999999998,18,12,8,17
com_erro,random_forest,queda,90,90,90,52,52,28,24,23,29,12,12,0,0.6538461538461539,0.6581709145427286,0.5925925925925926,0.6956521739130435,0.64,0.6206896551510107,18,11,7,16
com_erro,random_forest,queda,100,5,5,931,931,508,423,465,466,15,34,19,0.58968850698174,0.5897711015736766,0.5772811918063314,0.6666666666666666,0.6187624750499002,0.5128755364795862,239,227,155,310
com_erro,random_forest,queda,100,10,10,466,466,256,210,233,233,14,27,13,0.5772532188841202,0.5772532188841202,0.5616438356164384,0.703862660944206,0.6247619047619047,0.4506437768221003,105,128,69,164
com_erro,random_forest,queda,100,15,15,311,311,169,142,155,156,14,23,9,0.5884244372990354,0.5886889991728701,0.574585635359116,0.6709677419354839,0.6190476190476191,0.5064102564070102,79,77,51,104
com_erro,random_forest,queda,100,20,20,233,233,127,106,115,118,13,22,9,0.6094420600858369,0.6108695652173913,0.5845070422535211,0.7217391304347827,0.6459143968871596,0.4999999999957627,59,59,32,83
com_erro,random_forest,queda,100,25,25,187,187,102,85,94,93,14,21,7,0.5614973262032086,0.5608556394417753,0.5517241379310345,0.6808510638297872,0.6095238095238096,0.440860215049023,41,52,30,64
com_erro,random_forest,queda,100,30,30,156,156,85,71,78,78,12,19,7,0.532051282051282,0.532051282051282,0.5268817204301075,0.6282051282051282,0.5730994152046783,0.43589743589184743,34,44,29,49
com_erro,random_forest,queda,100,35,35,133,133,72,61,65,68,13,19,6,0.5789473684210527,0.5807692307692307,0.5584415584415584,0.6615384615384615,0.6056338028169014,0.49999999999264705,34,34,22,43
com_erro,random_forest,queda,100,40,40,117,117,63,54,59,58,10,18,8,0.5811965811965812,0.5806545879602572,0.5757575757575758,0.6440677966101694,0.608,0.5172413793014269,30,28,21,38
com_erro,random_forest,queda,100,45,45,104,104,58,46,51,53,11,16,5,0.6153846153846154,0.6178320384757676,0.5846153846153846,0.7450980392156863,0.6551724137931034,0.49056603772659313,26,27,13,38
com_erro,random_forest,queda,100,50,50,94,94,53,41,49,45,11,10,-1,0.5851063829787234,0.5775510204081633,0.578125,0.7551020408163265,0.6548672566371682,0.39999999999111113,18,27,12,37
com_erro,random_forest,queda,100,55,55,85,85,46,39,42,43,12,14,2,0.6352941176470588,0.6364894795127354,0.6078431372549019,0.7380952380952381,0.6666666666666666,0.5348837209177935,23,20,11,31
com_erro,random_forest,queda,100,60,60,78,78,41,37,39,39,10,8,-2,0.6282051282051282,0.6282051282051282,0.6190476190476191,0.6666666666666666,0.6419753086419753,0.5897435897284682,23,16,13,26
com_erro,random_forest,queda,100,65,65,72,72,37,35,34,38,12,13,1,0.5694444444444444,0.5735294117647058,0.5365853658536586,0.6470588235294118,0.5866666666666667,0.49999999998684214,19,19,12,22
com_erro,random_forest,queda,100,70,70,67,67,35,32,33,34,10,11,1,0.6567164179104478,0.6577540106951871,0.631578947368421,0.7272727272727273,0.676056338028169,0.588235294100346,20,14,9,24
com_erro,random_forest,queda,100,75,75,63,63,34,29,31,32,11,10,-1,0.6190476190476191,0.6199596774193548,0.6,0.6774193548387096,0.6363636363636364,0.562499999982422,18,14,10,21
com_erro,random_forest,queda,100,80,80,59,59,33,26,29,30,9,13,4,0.576271186440678,0.57816091954023,0.5555555555555556,0.6896551724137931,0.6153846153846154,0.4666666666511111,14,16,9,20
com_erro,random_forest,queda,100,85,85,55,55,30,25,26,29,12,7,-5,0.6181818181818182,0.6220159151193634,0.5806451612903226,0.6923076923076923,0.631578947368421,0.5517241379120095,16,13,8,18
com_erro,random_forest,queda,100,90,90,52,52,29,23,27,25,10,9,-1,0.6730769230769231,0.6674074074074074,0.6470588235294118,0.8148148148148148,0.7213114754098361,0.5199999999792,13,12,5,22
com_erro,random_forest,queda,100,95,95,49,49,28,21,24,25,10,7,-3,0.7142857142857143,0.7166666666666667,0.6666666666666666,0.8333333333333334,0.7407407407407407,0.599999999976,15,10,4,20
com_erro,random_forest,queda,100,100,100,47,47,29,18,25,22,9,4,-5,0.5531914893617021,0.5336363636363636,0.5526315789473685,0.84,0.6666666666666666,0.2272727272623967,5,17,4,21
com_erro,xgboost,lacuna,20,5,5,947,947,277,670,198,749,15,15,0,1.0,1.0,1.0,1.0,1.0,0.9999999999986648,749,0,0,198
com_erro,xgboost,lacuna,20,10,10,474,474,140,334,98,376,15,15,0,1.0,1.0,1.0,1.0,1.0,0.9999999999973405,376,0,0,98
com_erro,xgboost,lacuna,20,15,15,316,316,93,223,68,248,15,15,0,1.0,1.0,1.0,1.0,1.0,0.9999999999959678,248,0,0,68
com_erro,xgboost,lacuna,20,20,20,237,237,68,169,48,189,14,14,0,1.0,1.0,1.0,1.0,1.0,0.999999999994709,189,0,0,48
com_erro,xgboost,lacuna,30,5,5,945,945,315,630,226,719,15,15,0,1.0,1.0,1.0,1.0,1.0,0.9999999999986092,719,0,0,226
com_erro,xgboost,lacuna,30,10,10,473,473,159,314,112,361,15,15,0,1.0,1.0,1.0,1.0,1.0,0.99999999999723,361,0,0,112
com_erro,xgboost,lacuna,30,15,15,315,315,105,210,76,239,14,14,0,1.0,1.0,1.0,1.0,1.0,0.9999999999958159,239,0,0,76
com_erro,xgboost,lacuna,30,20,20,237,237,79,158,56,181,15,15,0,1.0,1.0,1.0,1.0,1.0,0.9999999999944752,181,0,0,56
com_erro,xgboost,lacuna,30,25,25,189,189,65,124,43,146,14,14,0,1.0,1.0,1.0,1.0,1.0,0.9999999999931508,146,0,0,43
com_erro,xgboost,lacuna,30,30,30,158,158,52,106,39,119,14,14,0,1.0,1.0,1.0,1.0,1.0,0.9999999999915966,119,0,0,39
com_erro,xgboost,lacuna,40,5,5,943,943,351,592,253,690,15,15,0,1.0,1.0,1.0,1.0,1.0,0.9999999999985507,690,0,0,253
com_erro,xgboost,lacuna,40,10,10,472,472,177,295,126,346,15,15,0,1.0,1.0,1.0,1.0,1.0,0.9999999999971099,346,0,0,126
com_erro,xgboost,lacuna,40,15,15,315,315,120,195,85,230,15,15,0,1.0,1.0,1.0,1.0,1.0,0.9999999999956523,230,0,0,85
com_erro,xgboost,lacuna,40,20,20,236,236,87,149,62,174,14,14,0,1.0,1.0,1.0,1.0,1.0,0.9999999999942529,174,0,0,62
com_erro,xgboost,lacuna,40,25,25,189,189,70,119,52,137,13,13,0,1.0,1.0,1.0,1.0,1.0,0.9999999999927008,137,0,0,52
com_erro,xgboost,lacuna,40,30,30,158,158,60,98,44,114,15,15,0,1.0,1.0,1.0,1.0,1.0,0.999999999991228,114,0,0,44
com_erro,xgboost,lacuna,40,35,35,135,135,51,84,34,101,14,14,0,1.0,1.0,1.0,1.0,1.0,0.9999999999900989,101,0,0,34
com_erro,xgboost,lacuna,40,40,40,118,118,46,72,32,86,13,13,0,1.0,1.0,1.0,1.0,1.0,0.9999999999883721,86,0,0,32
com_erro,xgboost,lacuna,50,5,5,941,941,383,558,279,662,14,14,0,1.0,1.0,1.0,1.0,1.0,0.9999999999984894,662,0,0,279
com_erro,xgboost,lacuna,50,10,10,471,471,193,278,139,332,14,14,0,1.0,1.0,1.0,1.0,1.0,0.999999999996988,332,0,0,139
com_erro,xgboost,lacuna,50,15,15,314,314,129,185,95,219,14,14,0,1.0,1.0,1.0,1.0,1.0,0.9999999999954339,219,0,0,95
com_erro,xgboost,lacuna,50,20,20,236,236,97,139,70,166,14,14,0,1.0,1.0,1.0,1.0,1.0,0.9999999999939759,166,0,0,70
com_erro,xgboost,lacuna,50,25,25,189,189,76,113,56,133,14,14,0,1.0,1.0,1.0,1.0,1.0,0.9999999999924812,133,0,0,56
com_erro,xgboost,lacuna,50,30,30,157,157,64,93,50,107,13,13,0,1.0,1.0,1.0,1.0,1.0,0.9999999999906541,107,0,0,50
com_erro,xgboost,lacuna,50,35,35,135,135,55,80,39,96,13,13,0,1.0,1.0,1.0,1.0,1.0,0.9999999999895833,96,0,0,39
com_erro,xgboost,lacuna,50,40,40,118,118,50,68,35,83,13,13,0,1.0,1.0,1.0,1.0,1.0,0.9999999999879517,83,0,0,35
com_erro,xgboost,lacuna,50,45,45,105,105,45,60,32,73,13,13,0,1.0,1.0,1.0,1.0,1.0,0.9999999999863013,73,0,0,32
com_erro,xgboost,lacuna,50,50,50,95,95,37,58,29,66,13,13,0,1.0,1.0,1.0,1.0,1.0,0.9999999999848485,66,0,0,29
com_erro,xgboost,lacuna,60,5,5,939,939,413,526,303,636,14,14,0,1.0,1.0,1.0,1.0,1.0,0.9999999999984277,636,0,0,303
com_erro,xgboost,lacuna,60,10,10,470,470,208,262,151,319,14,14,0,1.0,1.0,1.0,1.0,1.0,0.9999999999968653,319,0,0,151
com_erro,xgboost,lacuna,60,15,15,313,313,138,175,102,211,13,13,0,1.0,1.0,1.0,1.0,1.0,0.9999999999952607,211,0,0,102
com_erro,xgboost,lacuna,60,20,20,235,235,102,133,75,160,13,13,0,1.0,1.0,1.0,1.0,1.0,0.9999999999937501,160,0,0,75
com_erro,xgboost,lacuna,60,25,25,188,188,85,103,58,130,13,13,0,1.0,1.0,1.0,1.0,1.0,0.9999999999923078,130,0,0,58
com_erro,xgboost,lacuna,60,30,30,157,157,70,87,53,104,13,13,0,1.0,1.0,1.0,1.0,1.0,0.9999999999903846,104,0,0,53
com_erro,xgboost,lacuna,60,35,35,135,135,60,75,43,92,14,14,0,0.9925925925925926,0.9883720930232558,1.0,0.9767441860465116,0.9882352941176471,0.9999999999891304,92,0,1,42
com_erro,xgboost,lacuna,60,40,40,118,118,51,67,40,78,13,13,0,1.0,1.0,1.0,1.0,1.0,0.9999999999871795,78,0,0,40
com_erro,xgboost,lacuna,60,45,45,105,105,47,58,34,71,13,13,0,0.9809523809523809,0.9705882352941176,1.0,0.9411764705882353,0.9696969696969697,0.9999999999859155,71,0,2,32
com_erro,xgboost,lacuna,60,50,50,94,94,43,51,30,64,13,13,0,1.0,1.0,1.0,1.0,1.0,0.9999999999843749,64,0,0,30
com_erro,xgboost,lacuna,60,55,55,86,86,38,48,28,58,13,13,0,1.0,1.0,1.0,1.0,1.0,0.9999999999827587,58,0,0,28
com_erro,xgboost,lacuna,60,60,60,79,79,35,44,28,51,13,13,0,1.0,1.0,1.0,1.0,1.0,0.9999999999803922,51,0,0,28
com_erro,xgboost,lacuna,70,5,5,937,937,443,494,327,610,14,14,0,1.0,1.0,1.0,1.0,1.0,0.9999999999983606,610,0,0,327
com_erro,xgboost,lacuna,70,10,10,469,469,223,246,163,306,14,14,0,1.0,1.0,1.0,1.0,1.0,0.9999999999967321,306,0,0,163
com_erro,xgboost,lacuna,70,15,15,313,313,150,163,110,203,14,14,0,1.0,1.0,1.0,1.0,1.0,0.9999999999950739,203,0,0,110
com_erro,xgboost,lacuna,70,20,20,235,235,112,123,82,153,14,14,0,1.0,1.0,1.0,1.0,1.0,0.9999999999934641,153,0,0,82
com_erro,xgboost,lacuna,70,25,25,188,188,85,103,67,121,13,13,0,1.0,1.0,1.0,1.0,1.0,0.9999999999917355,121,0,0,67
com_erro,xgboost,lacuna,70,30,30,157,157,75,82,57,100,13,13,0,1.0,1.0,1.0,1.0,1.0,0.99999999999,100,0,0,57
com_erro,xgboost,lacuna,70,35,35,134,134,65,69,47,87,13,13,0,1.0,1.0,1.0,1.0,1.0,0.9999999999885058,87,0,0,47
com_erro,xgboost,lacuna,70,40,40,118,118,57,61,44,74,13,13,0,1.0,1.0,1.0,1.0,1.0,0.9999999999864865,74,0,0,44
com_erro,xgboost,lacuna,70,45,45,105,105,51,54,39,66,13,13,0,0.9714285714285714,0.9615384615384616,1.0,0.9230769230769231,0.96,0.9999999999848485,66,0,3,36
com_erro,xgboost,lacuna,70,50,50,94,94,43,51,34,60,13,13,0,1.0,1.0,1.0,1.0,1.0,0.9999999999833334,60,0,0,34
com_erro,xgboost,lacuna,70,55,55,86,86,39,47,31,55,13,13,0,1.0,1.0,1.0,1.0,1.0,0.9999999999818182,55,0,0,31
com_erro,xgboost,lacuna,70,60,60,79,79,37,42,30,49,13,13,0,1.0,1.0,1.0,1.0,1.0,0.9999999999795919,49,0,0,30
com_erro,xgboost,lacuna,70,65,65,73,73,34,39,27,46,13,13,0,1.0,1.0,1.0,1.0,1.0,0.999999999978261,46,0,0,27
com_erro,xgboost,lacuna,70,70,70,67,67,35,32,24,43,13,13,0,1.0,1.0,1.0,1.0,1.0,0.9999999999767443,43,0,0,24
com_erro,xgboost,lacuna,80,5,5,935,935,469,466,351,584,14,14,0,1.0,1.0,1.0,1.0,1.0,0.9999999999982877,584,0,0,351
com_erro,xgboost,lacuna,80,10,10,468,468,235,233,175,293,14,14,0,1.0,1.0,1.0,1.0,1.0,0.9999999999965871,293,0,0,175
com_erro,xgboost,lacuna,80,15,15,312,312,158,154,119,193,13,13,0,1.0,1.0,1.0,1.0,1.0,0.9999999999948187,193,0,0,119
com_erro,xgboost,lacuna,80,20,20,234,234,117,117,87,147,13,13,0,1.0,1.0,1.0,1.0,1.0,0.9999999999931973,147,0,0,87
com_erro,xgboost,lacuna,80,25,25,187,187,95,92,69,118,13,13,0,1.0,1.0,1.0,1.0,1.0,0.9999999999915254,118,0,0,69
com_erro,xgboost,lacuna,80,30,30,156,156,78,78,62,94,13,13,0,1.0,1.0,1.0,1.0,1.0,0.9999999999893616,94,0,0,62
com_erro,xgboost,lacuna,80,35,35,134,134,67,67,51,83,13,13,0,0.9925373134328358,0.9901960784313726,1.0,0.9803921568627451,0.9900990099009901,0.9999999999879517,83,0,1,50
com_erro,xgboost,lacuna,80,40,40,117,117,61,56,44,73,13,13,0,1.0,1.0,1.0,1.0,1.0,0.9999999999863013,73,0,0,44
com_erro,xgboost,lacuna,80,45,45,104,104,54,50,40,64,12,12,0,0.9903846153846154,0.9875,1.0,0.975,0.9873417721518988,0.9999999999843749,64,0,1,39
com_erro,xgboost,lacuna,80,50,50,94,94,46,48,35,59,13,13,0,1.0,1.0,1.0,1.0,1.0,0.9999999999830509,59,0,0,35
com_erro,xgboost,lacuna,80,55,55,85,85,43,42,32,53,13,13,0,0.9882352941176471,0.984375,1.0,0.96875,0.9841269841269841,0.9999999999811321,53,0,1,31
com_erro,xgboost,lacuna,80,60,60,78,78,38,40,31,47,13,13,0,1.0,1.0,1.0,1.0,1.0,0.9999999999787235,47,0,0,31
com_erro,xgboost,lacuna,80,65,65,72,72,36,36,28,44,13,13,0,1.0,1.0,1.0,1.0,1.0,0.9999999999772728,44,0,0,28
com_erro,xgboost,lacuna,80,70,70,67,67,36,31,25,42,12,12,0,1.0,1.0,1.0,1.0,1.0,0.9999999999761906,42,0,0,25
com_erro,xgboost,lacuna,80,75,75,63,63,33,30,24,39,12,12,0,1.0,1.0,1.0,1.0,1.0,0.9999999999743591,39,0,0,24
com_erro,xgboost,lacuna,80,80,80,59,59,30,29,22,37,12,12,0,1.0,1.0,1.0,1.0,1.0,0.9999999999729731,37,0,0,22
com_erro,xgboost,lacuna,90,5,5,933,933,491,442,375,558,13,13,0,1.0,1.0,1.0,1.0,1.0,0.9999999999982079,558,0,0,375
com_erro,xgboost,lacuna,90,10,10,467,467,246,221,187,280,13,13,0,1.0,1.0,1.0,1.0,1.0,0.9999999999964286,280,0,0,187
com_erro,xgboost,lacuna,90,15,15,311,311,164,147,126,185,13,13,0,0.9903536977491961,0.9880952380952381,1.0,0.9761904761904762,0.9879518072289156,0.9999999999945947,185,0,3,123
com_erro,xgboost,lacuna,90,20,20,234,234,123,111,94,140,13,13,0,1.0,1.0,1.0,1.0,1.0,0.9999999999928573,140,0,0,94
com_erro,xgboost,lacuna,90,25,25,187,187,98,89,76,111,13,13,0,0.9946524064171123,0.993421052631579,1.0,0.9868421052631579,0.9933774834437086,0.999999999990991,111,0,1,75
com_erro,xgboost,lacuna,90,30,30,156,156,82,74,65,91,13,13,0,0.9871794871794872,0.9846153846153847,1.0,0.9692307692307692,0.984375,0.9999999999890109,91,0,2,63
com_erro,xgboost,lacuna,90,35,35,134,134,71,63,53,81,12,12,0,1.0,1.0,1.0,1.0,1.0,0.9999999999876543,81,0,0,53
com_erro,xgboost,lacuna,90,40,40,117,117,63,54,47,70,12,12,0,1.0,1.0,1.0,1.0,1.0,0.9999999999857142,70,0,0,47
com_erro,xgboost,lacuna,90,45,45,104,104,56,48,42,62,12,12,0,0.9807692307692307,0.9761904761904762,1.0,0.9523809523809523,0.975609756097561,0.999999999983871,62,0,2,40
com_erro,xgboost,lacuna,90,50,50,94,94,47,47,39,55,12,12,0,1.0,1.0,1.0,1.0,1.0,0.9999999999818182,55,0,0,39
com_erro,xgboost,lacuna,90,55,55,85,85,46,39,35,50,11,11,0,1.0,1.0,1.0,1.0,1.0,0.9999999999800001,50,0,0,35
com_erro,xgboost,lacuna,90,60,60,78,78,41,37,32,46,12,12,0,1.0,1.0,1.0,1.0,1.0,0.999999999978261,46,0,0,32
com_erro,xgboost,lacuna,90,65,65,72,72,37,35,29,43,12,12,0,0.9861111111111112,0.9827586206896552,1.0,0.9655172413793104,0.9824561403508771,0.9999999999767443,43,0,1,28
com_erro,xgboost,lacuna,90,70,70,67,67,37,30,26,41,11,11,0,1.0,1.0,1.0,1.0,1.0,0.9999999999756098,41,0,0,26
com_erro,xgboost,lacuna,90,75,75,63,63,34,29,27,36,12,12,0,0.9841269841269841,0.9814814814814814,1.0,0.9629629629629629,0.9811320754716981,0.9999999999722223,36,0,1,26
com_erro,xgboost,lacuna,90,80,80,59,59,31,28,23,36,12,12,0,1.0,1.0,1.0,1.0,1.0,0.9999999999722223,36,0,0,23
com_erro,xgboost,lacuna,90,85,85,55,55,30,25,21,34,12,12,0,1.0,1.0,1.0,1.0,1.0,0.9999999999705883,34,0,0,21
com_erro,xgboost,lacuna,90,90,90,52,52,28,24,21,31,11,11,0,0.9807692307692307,0.9761904761904762,1.0,0.9523809523809523,0.975609756097561,0.9999999999677419,31,0,1,20
com_erro,xgboost,lacuna,100,5,5,931,931,513,418,397,534,13,13,0,1.0,1.0,1.0,1.0,1.0,0.9999999999981274,534,0,0,397
com_erro,xgboost,lacuna,100,10,10,466,466,257,209,198,268,13,13,0,1.0,1.0,1.0,1.0,1.0,0.9999999999962687,268,0,0,198
com_erro,xgboost,lacuna,100,15,15,311,311,172,139,133,178,13,13,0,1.0,1.0,1.0,1.0,1.0,0.999999999994382,178,0,0,133
com_erro,xgboost,lacuna,100,20,20,233,233,128,105,99,134,13,13,0,1.0,1.0,1.0,1.0,1.0,0.9999999999925374,134,0,0,99
com_erro,xgboost,lacuna,100,25,25,187,187,101,86,79,108,13,13,0,1.0,1.0,1.0,1.0,1.0,0.9999999999907407,108,0,0,79
com_erro,xgboost,lacuna,100,30,30,156,156,86,70,68,88,12,12,0,1.0,1.0,1.0,1.0,1.0,0.9999999999886363,88,0,0,68
com_erro,xgboost,lacuna,100,35,35,133,133,76,57,57,76,12,12,0,1.0,1.0,1.0,1.0,1.0,0.9999999999868421,76,0,0,57
com_erro,xgboost,lacuna,100,40,40,117,117,64,53,52,65,11,11,0,1.0,1.0,1.0,1.0,1.0,0.9999999999846153,65,0,0,52
com_erro,xgboost,lacuna,100,45,45,104,104,58,46,44,60,12,12,0,0.9903846153846154,0.9886363636363636,1.0,0.9772727272727273,0.9885057471264368,0.9999999999833334,60,0,1,43
com_erro,xgboost,lacuna,100,50,50,94,94,49,45,40,54,11,11,0,1.0,1.0,1.0,1.0,1.0,0.9999999999814816,54,0,0,40
com_erro,xgboost,lacuna,100,55,55,85,85,47,38,38,47,10,10,0,1.0,1.0,1.0,1.0,1.0,0.9999999999787235,47,0,0,38
com_erro,xgboost,lacuna,100,60,60,78,78,44,34,34,44,11,11,0,1.0,1.0,1.0,1.0,1.0,0.9999999999772728,44,0,0,34
com_erro,xgboost,lacuna,100,65,65,72,72,38,34,30,42,11,12,1,0.9583333333333334,0.95,1.0,0.9,0.9473684210526315,0.9999999999761906,42,0,3,27
com_erro,xgboost,lacuna,100,70,70,67,67,39,28,28,39,11,11,0,1.0,1.0,1.0,1.0,1.0,0.9999999999743591,39,0,0,28
com_erro,xgboost,lacuna,100,75,75,63,63,35,28,28,35,11,11,0,1.0,1.0,1.0,1.0,1.0,0.9999999999714286,35,0,0,28
com_erro,xgboost,lacuna,100,80,80,59,59,31,28,25,34,10,10,0,1.0,1.0,1.0,1.0,1.0,0.9999999999705883,34,0,0,25
com_erro,xgboost,lacuna,100,85,85,55,55,31,24,23,32,11,12,1,0.9636363636363636,0.9565217391304348,1.0,0.9130434782608695,0.9545454545454546,0.9999999999687501,32,0,2,21
com_erro,xgboost,lacuna,100,90,90,52,52,28,24,22,30,11,11,0,0.9615384615384616,0.9545454545454546,1.0,0.9090909090909091,0.9523809523809523,0.9999999999666667,30,0,2,20
com_erro,xgboost,lacuna,100,95,95,49,49,28,21,21,28,9,9,0,1.0,1.0,1.0,1.0,1.0,0.9999999999642857,28,0,0,21
com_erro,xgboost,lacuna,100,100,100,47,47,24,23,21,26,9,9,0,1.0,1.0,1.0,1.0,1.0,0.9999999999615384,26,0,0,21
com_erro,xgboost,oscilacao,20,5,5,947,947,290,657,355,592,18,50,32,0.8426610348468849,0.8346854777312525,0.782967032967033,0.8028169014084507,0.7927677329624478,0.8665540540525903,513,79,70,285
com_erro,xgboost,oscilacao,20,10,10,474,474,145,329,177,297,17,42,25,0.8459915611814346,0.8394395936768818,0.782608695652174,0.8135593220338984,0.7977839335180056,0.8653198653169518,257,40,33,144
com_erro,xgboost,oscilacao,20,15,15,316,316,97,219,117,199,18,33,15,0.8322784810126582,0.828093458746725,0.753968253968254,0.811965811965812,0.7818930041152263,0.8442211055233959,168,31,22,95
com_erro,xgboost,oscilacao,20,20,20,237,237,72,165,87,150,17,32,15,0.8396624472573839,0.8274712643678162,0.7816091954022989,0.7816091954022989,0.7816091954022989,0.8733333333275112,131,19,19,68
com_erro,xgboost,oscilacao,30,5,5,945,945,320,625,388,557,17,50,33,0.8338624338624339,0.8336518351255807,0.7783132530120482,0.8324742268041238,0.8044831880448319,0.8348294434455389,465,92,65,323
com_erro,xgboost,oscilacao,30,10,10,473,473,160,313,193,280,17,40,23,0.8097251585623678,0.8119170984455959,0.7395348837209302,0.8238341968911918,0.7794117647058824,0.7999999999971429,224,56,34,159
com_erro,xgboost,oscilacao,30,15,15,315,315,107,208,128,187,16,32,16,0.8253968253968254,0.8270596590909092,0.7588652482269503,0.8359375,0.7955390334572491,0.818181818177443,153,34,21,107
com_erro,xgboost,oscilacao,30,20,20,237,237,79,158,99,138,14,26,12,0.8059071729957806,0.8062143170838822,0.7476635514018691,0.8080808080808081,0.7766990291262136,0.804347826081128,111,27,19,80
com_erro,xgboost,oscilacao,30,25,25,189,189,62,127,79,110,12,26,14,0.8042328042328042,0.7997123130034522,0.7625,0.7721518987341772,0.7672955974842768,0.8272727272652066,91,19,18,61
com_erro,xgboost,oscilacao,30,30,30,158,158,56,102,65,93,15,25,10,0.7911392405063291,0.7924731182795699,0.7222222222222222,0.8,0.7591240875912408,0.7849462365506995,73,20,13,52
com_erro,xgboost,oscilacao,40,5,5,943,943,350,593,418,525,14,48,34,0.8165429480381761,0.8218295739348371,0.7546777546777547,0.868421052631579,0.8075639599555061,0.7752380952366186,407,118,55,363
com_erro,xgboost,oscilacao,40,10,10,472,472,175,297,209,263,14,33,19,0.8114406779661016,0.8170447723179362,0.7479338842975206,0.8660287081339713,0.802660753880266,0.7680608364989808,202,61,28,181
com_erro,xgboost,oscilacao,40,15,15,315,315,117,198,139,176,13,27,14,0.8,0.8043860366252453,0.740506329113924,0.841726618705036,0.7878787878787878,0.7670454545410964,135,41,22,117
com_erro,xgboost,oscilacao,40,20,20,236,236,87,149,103,133,13,24,11,0.8050847457627118,0.8095481422001606,0.7435897435897436,0.8446601941747572,0.7909090909090909,0.7744360902197411,103,30,16,87
com_erro,xgboost,oscilacao,40,25,25,189,189,68,121,85,104,12,23,11,0.8148148148148148,0.8145361990950226,0.7840909090909091,0.8117647058823529,0.7976878612716763,0.8173076922998336,85,19,16,69
com_erro,xgboost,oscilacao,40,30,30,158,158,59,99,72,86,13,21,8,0.7848101265822784,0.7853682170542635,0.75,0.7916666666666666,0.7702702702702703,0.7790697674328014,67,19,15,57
com_erro,xgboost,oscilacao,40,35,35,135,135,48,87,58,77,12,21,9,0.8148148148148148,0.8185176892073445,0.7538461538461538,0.8448275862068966,0.7967479674796748,0.7922077921975038,61,16,9,49
com_erro,xgboost,oscilacao,40,40,40,118,118,43,75,53,65,9,17,8,0.8050847457627118,0.8074020319303339,0.7586206896551724,0.8301886792452831,0.7927927927927928,0.7846153846033136,51,14,9,44
com_erro,xgboost,oscilacao,50,5,5,941,941,380,561,444,497,13,44,31,0.7832093517534537,0.7869627675965705,0.7316602316602316,0.8536036036036037,0.7879417879417879,0.7203219315880879,358,139,65,379
com_erro,xgboost,oscilacao,50,10,10,471,471,190,281,222,249,13,35,22,0.7983014861995754,0.8016661239552806,0.7490196078431373,0.8603603603603603,0.80083857442348,0.742971887547217,185,64,31,191
com_erro,xgboost,oscilacao,50,15,15,314,314,127,187,147,167,12,26,14,0.7961783439490446,0.8006436107377082,0.7398843930635838,0.8707482993197279,0.8,0.7305389221513142,122,45,19,128
com_erro,xgboost,oscilacao,50,20,20,236,236,94,142,112,124,12,24,12,0.809322033898305,0.8099078341013825,0.7863247863247863,0.8214285714285714,0.8034934497816594,0.7983870967677549,99,25,20,92
com_erro,xgboost,oscilacao,50,25,25,189,189,77,112,90,99,11,26,15,0.7671957671957672,0.7686868686868686,0.7346938775510204,0.8,0.7659574468085106,0.7373737373662891,73,26,18,72
com_erro,xgboost,oscilacao,50,30,30,157,157,65,92,74,83,10,24,14,0.7515923566878981,0.7562683165092803,0.6966292134831461,0.8378378378378378,0.7607361963190185,0.674698795172594,56,27,12,62
com_erro,xgboost,oscilacao,50,35,35,135,135,51,84,62,73,12,19,7,0.8222222222222222,0.819818824569156,0.8166666666666667,0.7903225806451613,0.8032786885245902,0.8493150684815162,62,11,13,49
com_erro,xgboost,oscilacao,50,40,40,118,118,44,74,57,61,9,17,8,0.8220338983050848,0.8215415588150705,0.8214285714285714,0.8070175438596491,0.8141592920353983,0.8360655737567858,51,10,11,46
com_erro,xgboost,oscilacao,50,45,45,105,105,39,66,49,56,10,19,9,0.7714285714285715,0.7704081632653061,0.7551020408163265,0.7551020408163265,0.7551020408163265,0.7857142857002551,44,12,12,37
com_erro,xgboost,oscilacao,50,50,50,95,95,38,57,45,50,11,20,9,0.6947368421052632,0.6966666666666667,0.66,0.7333333333333333,0.6947368421052632,0.6599999999868,33,17,12,33
com_erro,xgboost,oscilacao,60,5,5,939,939,408,531,467,472,12,41,29,0.7625133120340788,0.7631247051137807,0.7118055555555556,0.8779443254817987,0.7861936720997124,0.6483050847443892,306,166,57,410
com_erro,xgboost,oscilacao,60,10,10,470,470,204,266,234,236,11,33,22,0.7680851063829788,0.7684883384035927,0.7240143369175627,0.8632478632478633,0.7875243664717348,0.6737288135564673,159,77,32,202
com_erro,xgboost,oscilacao,60,15,15,313,313,136,177,154,159,12,23,11,0.7667731629392971,0.7678877726047537,0.7288135593220338,0.8376623376623377,0.7794561933534743,0.6981132075427792,111,48,25,129
com_erro,xgboost,oscilacao,60,20,20,235,235,101,134,115,120,10,23,13,0.8,0.8014492753623188,0.7575757575757576,0.8695652173913043,0.8097165991902834,0.7333333333272222,88,32,15,100
com_erro,xgboost,oscilacao,60,25,25,188,188,79,109,95,93,10,21,11,0.7819148936170213,0.7814940577249576,0.7647058823529411,0.8210526315789474,0.7918781725888325,0.7419354838629899,69,24,17,78
com_erro,xgboost,oscilacao,60,30,30,157,157,71,86,79,78,10,18,8,0.7133757961783439,0.7126744563453424,0.6770833333333334,0.8227848101265823,0.7428571428571429,0.6025641025563774,47,31,14,65
com_erro,xgboost,oscilacao,60,35,35,135,135,58,77,67,68,9,17,8,0.8148148148148148,0.8151887620719929,0.7837837837837838,0.8656716417910447,0.8226950354609929,0.7647058823416955,52,16,9,58
com_erro,xgboost,oscilacao,60,40,40,118,118,50,68,59,59,9,16,7,0.7966101694915254,0.7966101694915254,0.7611940298507462,0.864406779661017,0.8095238095238095,0.7288135593096812,43,16,8,51
com_erro,xgboost,oscilacao,60,45,45,105,105,43,62,52,53,11,18,7,0.7428571428571429,0.7431059506531205,0.7272727272727273,0.7692307692307693,0.7476635514018691,0.7169811320619438,38,15,12,40
com_erro,xgboost,oscilacao,60,50,50,94,94,39,55,47,47,9,16,7,0.776595744680851,0.7765957446808511,0.7708333333333334,0.7872340425531915,0.7789473684210526,0.7659574467922138,36,11,10,37
com_erro,xgboost,oscilacao,60,55,55,86,86,40,46,44,42,10,15,5,0.7325581395348837,0.7316017316017316,0.723404255319149,0.7727272727272727,0.7472527472527473,0.6904761904597506,29,13,10,34
com_erro,xgboost,oscilacao,60,60,60,79,79,35,44,38,41,9,14,5,0.7215189873417721,0.7249679075738126,0.6739130434782609,0.8157894736842105,0.7380952380952381,0.6341463414479477,26,15,7,31
com_erro,xgboost,oscilacao,70,5,5,937,937,435,502,488,449,11,37,26,0.7652081109925294,0.7604398663697105,0.7286689419795221,0.875,0.7951582867783985,0.6458797327379825,290,159,61,427
com_erro,xgboost,oscilacao,70,10,10,469,469,218,251,244,225,10,31,21,0.7505330490405118,0.7450182149362478,0.7095709570957096,0.8811475409836066,0.7861060329067642,0.6088888888861828,137,88,29,215
com_erro,xgboost,oscilacao,70,15,15,313,313,145,168,162,151,11,24,13,0.7667731629392971,0.7627749161965498,0.7282051282051282,0.8765432098765432,0.7955182072829131,0.6490066225122583,98,53,20,142
com_erro,xgboost,oscilacao,70,20,20,235,235,108,127,123,112,10,24,14,0.774468085106383,0.7693815331010453,0.7397260273972602,0.8780487804878049,0.8029739776951673,0.6607142857083864,74,38,15,108
com_erro,xgboost,oscilacao,70,25,25,188,188,85,103,97,91,9,19,10,0.7553191489361702,0.7520108757222159,0.7217391304347827,0.8556701030927835,0.7830188679245284,0.6483516483445236,59,32,14,83
com_erro,xgboost,oscilacao,70,30,30,157,157,74,83,84,73,9,19,10,0.7197452229299363,0.7102902804957599,0.696078431372549,0.8452380952380952,0.7634408602150538,0.5753424657455433,42,31,13,71
com_erro,xgboost,oscilacao,70,35,35,134,134,62,72,70,64,8,14,6,0.7985074626865671,0.7950892857142857,0.7721518987341772,0.8714285714285714,0.8187919463087249,0.7187499999887695,46,18,9,61
com_erro,xgboost,oscilacao,70,40,40,118,118,56,62,63,55,9,16,7,0.7457627118644068,0.73997113997114,0.7323943661971831,0.8253968253968254,0.7761194029850746,0.6545454545335537,36,19,11,52
com_erro,xgboost,oscilacao,70,45,45,105,105,49,56,53,52,10,15,5,0.6952380952380952,0.6935776487663281,0.647887323943662,0.8679245283018868,0.7419354838709677,0.519230769220784,27,25,7,46
com_erro,xgboost,oscilacao,70,50,50,94,94,41,53,48,46,8,15,7,0.776595744680851,0.7753623188405797,0.7547169811320755,0.8333333333333334,0.7920792079207921,0.7173913043322306,33,13,8,40
com_erro,xgboost,oscilacao,70,55,55,86,86,43,43,45,41,9,14,5,0.7441860465116279,0.7371273712737128,0.7017543859649122,0.8888888888888888,0.7843137254901961,0.5853658536442594,24,17,5,40
com_erro,xgboost,oscilacao,70,60,60,79,79,36,43,42,37,7,16,9,0.6962025316455697,0.6917631917631917,0.6956521739130435,0.7619047619047619,0.7272727272727273,0.6216216216048212,23,14,10,32
com_erro,xgboost,oscilacao,70,65,65,73,73,32,41,39,34,9,14,5,0.7397260273972602,0.7394419306184012,0.7631578947368421,0.7435897435897436,0.7532467532467533,0.7352941176254326,25,9,10,29
com_erro,xgboost,oscilacao,70,70,70,67,67,31,36,36,31,6,10,4,0.746268656716418,0.739247311827957,0.7317073170731707,0.8333333333333334,0.7792207792207793,0.6451612903017689,20,11,6,30
com_erro,xgboost,oscilacao,80,5,5,935,935,459,476,507,428,9,38,29,0.7625668449197861,0.7515760659182658,0.7339901477832512,0.8816568047337278,0.8010752688172043,0.6214953271013517,266,162,60,447
com_erro,xgboost,oscilacao,80,10,10,468,468,230,238,253,215,9,31,22,0.7585470085470085,0.748037503447008,0.7302631578947368,0.8774703557312253,0.7971274685816876,0.6186046511599135,133,82,31,222
com_erro,xgboost,oscilacao,80,15,15,312,312,153,159,168,144,9,26,17,0.7756410256410257,0.7673611111111112,0.75,0.875,0.8076923076923077,0.6597222222176409,95,49,21,147
com_erro,xgboost,oscilacao,80,20,20,234,234,114,120,124,110,9,29,20,0.7393162393162394,0.7314516129032258,0.7086092715231788,0.8629032258064516,0.7781818181818182,0.5999999999945455,66,44,17,107
com_erro,xgboost,oscilacao,80,25,25,187,187,90,97,101,86,8,17,9,0.786096256684492,0.7786668201703891,0.7652173913043478,0.8712871287128713,0.8148148148148148,0.6860465116199297,59,27,13,88
com_erro,xgboost,oscilacao,80,30,30,156,156,78,78,84,72,8,18,10,0.7371794871794872,0.7232142857142857,0.6972477064220184,0.9047619047619048,0.7875647668393783,0.5416666666591435,39,33,8,76
com_erro,xgboost,oscilacao,80,35,35,134,134,65,69,72,62,9,16,7,0.746268656716418,0.7347670250896057,0.7111111111111111,0.8888888888888888,0.7901234567901234,0.5806451612809573,36,26,8,64
com_erro,xgboost,oscilacao,80,40,40,117,117,57,60,62,55,8,16,8,0.7264957264957265,0.7193548387096774,0.7027027027027027,0.8387096774193549,0.7647058823529411,0.5999999999890909,33,22,10,52
com_erro,xgboost,oscilacao,80,45,45,104,104,53,51,55,49,7,14,7,0.7307692307692307,0.7209647495361781,0.6901408450704225,0.8909090909090909,0.7777777777777778,0.55102040815202,27,22,6,49
com_erro,xgboost,oscilacao,80,50,50,94,94,44,50,50,44,8,13,5,0.7872340425531915,0.7822727272727272,0.7678571428571429,0.86,0.8113207547169812,0.7045454545294422,31,13,7,43
com_erro,xgboost,oscilacao,80,55,55,85,85,43,42,45,40,8,12,4,0.6823529411764706,0.6708333333333334,0.65,0.8666666666666667,0.7428571428571429,0.47499999998812503,19,21,6,39
com_erro,xgboost,oscilacao,80,60,60,78,78,37,41,41,37,6,13,7,0.782051282051282,0.7729070533948583,0.7222222222222222,0.9512195121951219,0.8210526315789474,0.5945945945785245,22,15,2,39
com_erro,xgboost,oscilacao,80,65,65,72,72,35,37,38,34,8,11,3,0.7083333333333334,0.7020123839009288,0.6888888888888889,0.8157894736842105,0.7469879518072289,0.588235294100346,20,14,7,31
com_erro,xgboost,oscilacao,80,70,70,67,67,32,35,36,31,6,9,3,0.746268656716418,0.7370071684587813,0.7209302325581395,0.8611111111111112,0.7848101265822784,0.6129032257866805,19,12,5,31
com_erro,xgboost,oscilacao,80,75,75,63,63,29,34,33,30,8,10,2,0.7301587301587301,0.7272727272727273,0.7222222222222222,0.7878787878787878,0.7536231884057971,0.6666666666444444,20,10,7,26
com_erro,xgboost,oscilacao,80,80,80,59,59,29,30,31,28,7,9,2,0.7288135593220338,0.7194700460829493,0.6829268292682927,0.9032258064516129,0.7777777777777778,0.5357142856951531,15,13,3,28
com_erro,xgboost,oscilacao,90,5,5,933,933,483,450,522,411,9,33,24,0.7363344051446945,0.7175448163995861,0.7163009404388715,0.8754789272030651,0.7879310344827586,0.5596107055947455,230,181,65,457
com_erro,xgboost,oscilacao,90,10,10,467,467,242,225,261,206,9,24,15,0.7408993576017131,0.7216549492244169,0.717391304347826,0.8850574712643678,0.7924528301886793,0.558252427181756,115,91,30,231
com_erro,xgboost,oscilacao,90,15,15,311,311,161,150,174,137,9,26,17,0.7266881028938906,0.7084067455323433,0.7109004739336493,0.8620689655172413,0.7792207792207793,0.554744525543396,76,61,24,150
com_erro,xgboost,oscilacao,90,20,20,234,234,120,114,132,102,9,21,12,0.7393162393162394,0.7188057040998217,0.7204968944099379,0.8787878787878788,0.7918088737201365,0.558823529406286,57,45,16,116
com_erro,xgboost,oscilacao,90,25,25,187,187,95,92,104,83,9,17,8,0.7379679144385026,0.7206325301204819,0.7165354330708661,0.875,0.7878787878787878,0.5662650602341414,47,36,13,91
com_erro,xgboost,oscilacao,90,30,30,156,156,83,73,88,68,9,21,12,0.7243589743589743,0.7022058823529411,0.7064220183486238,0.875,0.7817258883248731,0.5294117646980968,36,32,11,77
com_erro,xgboost,oscilacao,90,35,35,134,134,68,66,75,59,8,21,13,0.746268656716418,0.728135593220339,0.7252747252747253,0.88,0.7951807228915663,0.5762711864309107,34,25,9,66
com_erro,xgboost,oscilacao,90,40,40,117,117,58,59,66,51,6,15,9,0.7606837606837606,0.7455436720142603,0.75,0.8636363636363636,0.8028169014084507,0.6274509803798539,32,19,9,57
com_erro,xgboost,oscilacao,90,45,45,104,104,53,51,59,45,6,15,9,0.7211538461538461,0.7067796610169492,0.7272727272727273,0.8135593220338984,0.768,0.5999999999866668,27,18,11,48
com_erro,xgboost,oscilacao,90,50,50,94,94,49,45,52,42,9,12,3,0.6702127659574468,0.6515567765567765,0.6615384615384615,0.8269230769230769,0.7350427350427351,0.47619047617913834,20,22,9,43
com_erro,xgboost,oscilacao,90,55,55,85,85,46,39,48,37,8,12,4,0.6705882352941176,0.6494932432432432,0.6724137931034483,0.8125,0.7358490566037735,0.48648648647333825,18,19,9,39
com_erro,xgboost,oscilacao,90,60,60,78,78,39,39,44,34,6,11,5,0.7051282051282052,0.6818181818181819,0.6909090909090909,0.8636363636363636,0.7676767676767676,0.49999999998529415,17,17,6,38
com_erro,xgboost,oscilacao,90,65,65,72,72,36,36,40,32,7,10,3,0.7222222222222222,0.709375,0.717391304347826,0.825,0.7674418604651163,0.5937499999814454,19,13,7,33
com_erro,xgboost,oscilacao,90,70,70,67,67,34,33,38,29,6,7,1,0.7014925373134329,0.6837568058076224,0.7045454545454546,0.8157894736842105,0.7560975609756098,0.5517241379120095,16,13,7,31
com_erro,xgboost,oscilacao,90,75,75,63,63,31,32,36,27,8,9,1,0.6190476190476191,0.587962962962963,0.6304347826086957,0.8055555555555556,0.7073170731707317,0.37037037035665293,10,17,7,29
com_erro,xgboost,oscilacao,90,80,80,59,59,29,30,33,26,6,14,8,0.6610169491525424,0.6480186480186481,0.6756756756756757,0.7575757575757576,0.7142857142857143,0.5384615384408284,14,12,8,25
com_erro,xgboost,oscilacao,90,85,85,55,55,26,29,31,24,7,8,1,0.7090909090909091,0.6995967741935484,0.7272727272727273,0.7741935483870968,0.75,0.6249999999739584,15,9,7,24
com_erro,xgboost,oscilacao,90,90,90,52,52,25,27,28,24,6,11,5,0.6346153846153846,0.6309523809523809,0.6551724137931034,0.6785714285714286,0.6666666666666666,0.5833333333090278,14,10,9,19
com_erro,xgboost,oscilacao,100,5,5,931,931,507,424,536,395,9,31,22,0.6949516648764769,0.6608185339127148,0.6805157593123209,0.8861940298507462,0.7698541329011345,0.4354430379735812,172,223,61,475
com_erro,xgboost,oscilacao,100,10,10,466,466,254,212,268,198,9,25,16,0.6845493562231759,0.6459369817578773,0.6666666666666666,0.9029850746268657,0.7670364500792393,0.3888888888869248,77,121,26,242
com_erro,xgboost,oscilacao,100,15,15,311,311,169,142,179,132,8,22,14,0.7041800643086816,0.6684230573895379,0.6835443037974683,0.9050279329608939,0.7788461538461539,0.4318181818149105,57,75,17,162
com_erro,xgboost,oscilacao,100,20,20,233,233,126,107,132,101,9,20,11,0.7124463519313304,0.6811056105610561,0.6836158192090396,0.9166666666666666,0.7831715210355987,0.4455445544510342,45,56,11,121
com_erro,xgboost,oscilacao,100,25,25,187,187,102,85,108,79,8,16,8,0.7433155080213903,0.7182958274730427,0.7307692307692307,0.8796296296296297,0.7983193277310925,0.5569620253094055,44,35,13,95
com_erro,xgboost,oscilacao,100,30,30,156,156,86,70,92,64,7,16,9,0.6987179487179487,0.6565896739130435,0.6890756302521008,0.8913043478260869,0.7772511848341233,0.42187499999340816,27,37,10,82
com_erro,xgboost,oscilacao,100,35,35,133,133,73,60,77,56,7,13,6,0.6992481203007519,0.6647727272727273,0.6868686868686869,0.8831168831168831,0.7727272727272727,0.4464285714205995,25,31,9,68
com_erro,xgboost,oscilacao,100,40,40,117,117,63,54,67,50,7,13,6,0.7264957264957265,0.7028358208955223,0.7160493827160493,0.8656716417910447,0.7837837837837838,0.5399999999892,27,23,9,58
com_erro,xgboost,oscilacao,100,45,45,104,104,55,49,61,43,7,14,7,0.7403846153846154,0.7134959969500572,0.7361111111111112,0.8688524590163934,0.7969924812030075,0.558139534870741,24,19,8,53
com_erro,xgboost,oscilacao,100,50,50,94,94,51,43,55,39,8,11,3,0.723404255319149,0.7002331002331001,0.7301587301587301,0.8363636363636363,0.7796610169491526,0.5641025640881,22,17,9,46
com_erro,xgboost,oscilacao,100,55,55,85,85,49,36,49,36,7,8,1,0.7058823529411765,0.6638321995464853,0.6764705882352942,0.9387755102040817,0.7863247863247863,0.3888888888780865,14,22,3,46
com_erro,xgboost,oscilacao,100,60,60,78,78,41,37,44,34,6,9,3,0.717948717948718,0.6898395721925134,0.6896551724137931,0.9090909090909091,0.7843137254901961,0.4705882352802769,16,18,4,40
com_erro,xgboost,oscilacao,100,65,65,72,72,40,32,40,32,7,13,6,0.7361111111111112,0.715625,0.7058823529411765,0.9,0.7912087912087912,0.5312499999833985,17,15,4,36
com_erro,xgboost,oscilacao,100,70,70,67,67,36,31,40,27,6,9,3,0.7014925373134329,0.6657407407407407,0.7083333333333334,0.85,0.7727272727272727,0.48148148146364883,13,14,6,34
com_erro,xgboost,oscilacao,100,75,75,63,63,36,27,38,25,7,8,1,0.6507936507936508,0.6010526315789473,0.6666666666666666,0.8421052631578947,0.7441860465116279,0.3599999999856,9,16,6,32
com_erro,xgboost,oscilacao,100,80,80,59,59,32,27,34,25,7,11,4,0.6949152542372882,0.6717647058823529,0.7,0.8235294117647058,0.7567567567567568,0.5199999999792,13,12,6,28
com_erro,xgboost,oscilacao,100,85,85,55,55,29,26,32,23,6,8,2,0.6545454545454545,0.6175271739130435,0.6585365853658537,0.84375,0.7397260273972602,0.39130434780907375,9,14,5,27
com_erro,xgboost,oscilacao,100,90,90,52,52,27,25,29,23,6,10,4,0.7115384615384616,0.6964017991004497,0.7058823529411765,0.8275862068965517,0.7619047619047619,0.5652173912797731,13,10,5,24
com_erro,xgboost,oscilacao,100,95,95,49,49,25,24,29,20,6,8,2,0.7142857142857143,0.6810344827586207,0.7142857142857143,0.8620689655172413,0.78125,0.499999999975,10,10,4,25
com_erro,xgboost,oscilacao,100,100,100,47,47,26,21,25,22,7,5,-2,0.574468085106383,0.5509090909090909,0.5609756097560976,0.92,0.696969696969697,0.18181818180991735,4,18,2,23
com_erro,xgboost,queda,20,5,5,947,947,246,701,220,727,20,84,64,0.7592397043294614,0.7084688008003002,0.4856115107913669,0.6136363636363636,0.5421686746987951,0.8033012379631317,584,143,85,135
com_erro,xgboost,queda,20,10,10,474,474,126,348,111,363,19,61,42,0.7679324894514767,0.7327823691460055,0.5034013605442177,0.6666666666666666,0.5736434108527132,0.7988980716231435,290,73,37,74
com_erro,xgboost,queda,20,15,15,316,316,80,236,73,243,18,43,25,0.810126582278481,0.7471672585827837,0.5822784810126582,0.6301369863013698,0.6052631578947368,0.8641975308606412,210,33,27,46
com_erro,xgboost,queda,20,20,20,237,237,63,174,55,182,16,42,26,0.7848101265822784,0.7837662337662338,0.524390243902439,0.7818181818181819,0.6277372262773723,0.7857142857099686,143,39,12,43
com_erro,xgboost,queda,30,5,5,945,945,289,656,257,688,17,64,47,0.7873015873015873,0.7454529001900281,0.6,0.6536964980544747,0.6256983240223464,0.8372093023243645,576,112,89,168
com_erro,xgboost,queda,30,10,10,473,473,147,326,129,344,17,50,33,0.7653276955602537,0.7272286821705427,0.5608108108108109,0.6434108527131783,0.5992779783393501,0.8110465116255493,279,65,46,83
com_erro,xgboost,queda,30,15,15,315,315,93,222,85,230,16,42,26,0.7682539682539683,0.7300511508951406,0.5612244897959183,0.6470588235294118,0.6010928961748634,0.8130434782573346,187,43,30,55
com_erro,xgboost,queda,30,20,20,237,237,75,162,63,174,17,42,25,0.7468354430379747,0.7364532019704433,0.5172413793103449,0.7142857142857143,0.6,0.7586206896508125,132,42,18,45
com_erro,xgboost,queda,30,25,25,189,189,59,130,53,136,16,33,17,0.7777777777777778,0.7534683684794672,0.5873015873015873,0.6981132075471698,0.6379310344827587,0.8088235294058176,110,26,16,37
com_erro,xgboost,queda,30,30,30,158,158,48,110,41,117,16,30,14,0.7658227848101266,0.7309776943923285,0.54,0.6585365853658537,0.5934065934065934,0.8034188034119366,94,23,14,27
com_erro,xgboost,queda,40,5,5,943,943,327,616,289,654,17,62,45,0.7433722163308589,0.7000809498111171,0.5802047781569966,0.5882352941176471,0.584192439862543,0.8119266055033457,531,123,119,170
com_erro,xgboost,queda,40,10,10,472,472,166,306,145,327,17,44,27,0.7584745762711864,0.7297268796794263,0.5974842767295597,0.6551724137931034,0.625,0.8042813455632897,263,64,50,95
com_erro,xgboost,queda,40,15,15,315,315,108,207,97,218,17,36,19,0.7365079365079366,0.7066348245531069,0.5648148148148148,0.6288659793814433,0.5951219512195122,0.7844036697211725,171,47,36,61
com_erro,xgboost,queda,40,20,20,236,236,83,153,71,165,16,33,17,0.7711864406779662,0.7481007255655143,0.6049382716049383,0.6901408450704225,0.6447368421052632,0.8060606060557209,133,32,22,49
com_erro,xgboost,queda,40,25,25,189,189,65,124,58,131,15,28,13,0.708994708994709,0.6795867333508818,0.5223880597014925,0.603448275862069,0.56,0.7557251908339259,99,32,23,35
com_erro,xgboost,queda,40,30,30,158,158,54,104,50,108,15,23,8,0.7025316455696202,0.6535185185185186,0.5306122448979592,0.52,0.5252525252525253,0.7870370370297496,85,23,24,26
com_erro,xgboost,queda,40,35,35,135,135,47,88,41,94,15,26,11,0.7407407407407407,0.6969382459782044,0.5714285714285714,0.5853658536585366,0.5783132530120482,0.8085106382892712,76,18,17,24
com_erro,xgboost,queda,40,40,40,118,118,40,78,36,82,14,22,8,0.711864406779661,0.6991869918699187,0.5217391304347826,0.6666666666666666,0.5853658536585366,0.7317073170642474,60,22,12,24
com_erro,xgboost,queda,50,5,5,941,941,364,577,321,620,17,50,33,0.7311370882040382,0.7013189629182996,0.6055900621118012,0.6074766355140186,0.6065318818040435,0.7951612903212981,493,127,126,195
com_erro,xgboost,queda,50,10,10,471,471,184,287,161,310,17,50,33,0.7048832271762208,0.6847525545982769,0.5617977528089888,0.6211180124223602,0.5899705014749262,0.7483870967717794,232,78,61,100
com_erro,xgboost,queda,50,15,15,314,314,118,196,107,207,15,37,22,0.7101910828025477,0.6831233915752404,0.5714285714285714,0.5981308411214953,0.5844748858447488,0.7681159420252749,159,48,43,64
com_erro,xgboost,queda,50,20,20,236,236,93,143,79,157,17,35,18,0.6991525423728814,0.6984197371603644,0.5392156862745098,0.6962025316455697,0.6077348066298343,0.7006369426706966,110,47,24,55
com_erro,xgboost,queda,50,25,25,189,189,73,116,66,123,15,32,17,0.6243386243386243,0.6306356245380635,0.4725274725274725,0.6515151515151515,0.5477707006369427,0.6097560975560182,75,48,23,43
com_erro,xgboost,queda,50,30,30,157,157,59,98,55,102,14,28,14,0.7006369426751592,0.6858288770053476,0.5645161290322581,0.6363636363636364,0.5982905982905983,0.7352941176398501,75,27,20,35
com_erro,xgboost,queda,50,35,35,135,135,51,84,44,91,14,23,9,0.6666666666666666,0.6471028971028971,0.49056603773584906,0.5909090909090909,0.5360824742268041,0.7032967032889748,64,27,18,26
com_erro,xgboost,queda,50,40,40,118,118,47,71,42,76,14,28,14,0.6864406779661016,0.7086466165413534,0.5409836065573771,0.7857142857142857,0.6407766990291263,0.6315789473601108,48,28,9,33
com_erro,xgboost,queda,50,45,45,105,105,42,63,35,70,14,19,5,0.7333333333333333,0.7428571428571429,0.574468085106383,0.7714285714285715,0.6585365853658537,0.7142857142755101,50,20,8,27
com_erro,xgboost,queda,50,50,50,95,95,40,55,35,60,15,21,6,0.6526315789473685,0.6833333333333333,0.5185185185185185,0.8,0.6292134831460674,0.5666666666572222,34,26,7,28
com_erro,xgboost,queda,60,5,5,939,939,399,540,352,587,16,43,27,0.6719914802981896,0.6597418499303083,0.5569948186528497,0.6107954545454546,0.5826558265582655,0.7086882453139546,416,171,137,215
com_erro,xgboost,queda,60,10,10,470,470,202,268,177,293,15,41,26,0.6723404255319149,0.6700989182622781,0.5545023696682464,0.6610169491525424,0.6030927835051546,0.6791808873696956,199,94,60,117
com_erro,xgboost,queda,60,15,15,313,313,130,183,117,196,14,36,22,0.6741214057507987,0.6657291121576836,0.556390977443609,0.6324786324786325,0.592,0.6989795918331685,137,59,43,74
com_erro,xgboost,queda,60,20,20,235,235,101,134,87,148,14,31,17,0.7063829787234043,0.7053044423734078,0.5865384615384616,0.7011494252873564,0.6387434554973822,0.7094594594546658,105,43,26,61
com_erro,xgboost,queda,60,25,25,188,188,78,110,71,117,14,28,14,0.6382978723404256,0.6512579752016372,0.5154639175257731,0.704225352112676,0.5952380952380952,0.5982905982854847,70,47,21,50
com_erro,xgboost,queda,60,30,30,157,157,66,91,57,100,14,26,12,0.5796178343949044,0.5794736842105264,0.44,0.5789473684210527,0.5,0.5799999999941999,58,42,24,33
com_erro,xgboost,queda,60,35,35,135,135,58,77,48,87,15,24,9,0.6592592592592592,0.65625,0.5166666666666667,0.6458333333333334,0.5740740740740741,0.6666666666590038,58,29,17,31
com_erro,xgboost,queda,60,40,40,118,118,49,69,45,73,14,18,4,0.7288135593220338,0.7211567732115678,0.6326530612244898,0.6888888888888889,0.6595744680851063,0.7534246575239256,55,18,14,31
com_erro,xgboost,queda,60,45,45,105,105,46,59,39,66,14,24,10,0.6285714285714286,0.6573426573426573,0.5,0.7692307692307693,0.6060606060606061,0.5454545454462809,36,30,9,30
com_erro,xgboost,queda,60,50,50,94,94,40,54,37,57,14,17,3,0.5957446808510638,0.595542911332385,0.4888888888888889,0.5945945945945946,0.5365853658536586,0.5964912280597107,34,23,15,22
com_erro,xgboost,queda,60,55,55,86,86,36,50,32,54,13,17,4,0.6162790697674418,0.6435185185185186,0.4897959183673469,0.75,0.5925925925925926,0.5370370370270919,29,25,8,24
com_erro,xgboost,queda,60,60,60,79,79,34,45,29,50,13,17,4,0.759493670886076,0.7593103448275862,0.6470588235294118,0.7586206896551724,0.6984126984126984,0.7599999999848001,38,12,7,22
com_erro,xgboost,queda,70,5,5,937,937,429,508,381,556,15,45,30,0.6520811099252934,0.6535503880360278,0.5612472160356348,0.6614173228346457,0.6072289156626506,0.6456834532362488,359,197,129,252
com_erro,xgboost,queda,70,10,10,469,469,217,252,191,278,15,37,22,0.6353944562899787,0.6375569701307018,0.543859649122807,0.6492146596858639,0.5918854415274463,0.6258992805732881,174,104,67,124
com_erro,xgboost,queda,70,15,15,313,313,143,170,127,186,15,34,19,0.5814696485623003,0.5916518499703666,0.4880952380952381,0.6456692913385826,0.5559322033898305,0.53763440859926,100,86,45,82
com_erro,xgboost,queda,70,20,20,235,235,108,127,95,140,15,32,17,0.625531914893617,0.6417293233082707,0.5267175572519084,0.7263157894736842,0.6106194690265486,0.5571428571388776,78,62,26,69
com_erro,xgboost,queda,70,25,25,188,188,85,103,75,113,14,23,9,0.6223404255319149,0.6320353982300886,0.5204081632653061,0.68,0.5895953757225434,0.5840707964550083,66,47,24,51
com_erro,xgboost,queda,70,30,30,157,157,72,85,64,93,15,24,9,0.6942675159235668,0.7029569892473118,0.6,0.75,0.6666666666666666,0.6559139784875708,61,32,16,48
com_erro,xgboost,queda,70,35,35,134,134,62,72,54,80,14,18,4,0.5970149253731343,0.6143518518518518,0.5,0.7037037037037037,0.5846153846153846,0.5249999999934375,42,38,16,38
com_erro,xgboost,queda,70,40,40,118,118,52,66,47,71,15,19,4,0.5932203389830508,0.6044351213664969,0.49206349206349204,0.6595744680851063,0.5636363636363636,0.5492957746401508,39,32,16,31
com_erro,xgboost,queda,70,45,45,105,105,49,56,43,62,15,21,6,0.5619047619047619,0.582708177044261,0.47619047619047616,0.6976744186046512,0.5660377358490566,0.46774193547632675,29,33,13,30
com_erro,xgboost,queda,70,50,50,94,94,42,52,40,54,13,21,8,0.6170212765957447,0.6310185185185185,0.5370370370370371,0.725,0.6170212765957447,0.5370370370270919,29,25,11,29
com_erro,xgboost,queda,70,55,55,86,86,40,46,36,50,13,15,2,0.6511627906976745,0.6766666666666667,0.5555555555555556,0.8333333333333334,0.6666666666666666,0.5199999999896,26,24,6,30
com_erro,xgboost,queda,70,60,60,79,79,36,43,33,46,12,19,7,0.6962025316455697,0.7091567852437417,0.6046511627906976,0.7878787878787878,0.6842105263157895,0.6304347825949906,29,17,7,26
com_erro,xgboost,queda,70,65,65,73,73,32,41,32,41,15,13,-2,0.6301369863013698,0.6364329268292683,0.5641025641025641,0.6875,0.6197183098591549,0.5853658536442594,24,17,10,22
com_erro,xgboost,queda,70,70,70,67,67,33,34,28,39,13,11,-2,0.6716417910447762,0.6877289377289377,0.5789473684210527,0.7857142857142857,0.6666666666666666,0.5897435897284682,23,16,6,22
com_erro,xgboost,queda,80,5,5,935,935,457,478,409,526,15,46,31,0.6470588235294118,0.650689802634637,0.5828092243186582,0.6797066014669927,0.6275395033860045,0.6216730038010995,327,199,131,278
com_erro,xgboost,queda,80,10,10,468,468,231,237,205,263,15,35,20,0.6132478632478633,0.6241583974775109,0.5447761194029851,0.7121951219512195,0.6173361522198731,0.5361216730017638,141,122,59,146
com_erro,xgboost,queda,80,15,15,312,312,150,162,136,176,14,37,23,0.6474358974358975,0.6498997326203209,0.5833333333333334,0.6691176470588235,0.6232876712328768,0.6306818181782348,111,65,45,91
com_erro,xgboost,queda,80,20,20,234,234,115,119,101,133,14,27,13,0.6153846153846154,0.6294945284002085,0.5401459854014599,0.7326732673267327,0.6218487394957983,0.526315789469727,70,63,27,74
com_erro,xgboost,queda,80,25,25,187,187,93,94,83,104,14,23,9,0.6149732620320856,0.6319508804448564,0.5462184873949579,0.7831325301204819,0.6435643564356436,0.480769230764608,50,54,18,65
com_erro,xgboost,queda,80,30,30,156,156,76,80,69,87,13,28,15,0.6602564102564102,0.6699150424787605,0.5909090909090909,0.7536231884057971,0.6624203821656051,0.5862068965449861,51,36,17,52
com_erro,xgboost,queda,80,35,35,134,134,64,70,57,77,14,21,7,0.6940298507462687,0.7064251537935748,0.6081081081081081,0.7894736842105263,0.6870229007633588,0.6233766233685275,48,29,12,45
com_erro,xgboost,queda,80,40,40,117,117,58,59,50,67,14,21,7,0.5641025641025641,0.5889552238805971,0.4935064935064935,0.76,0.5984251968503937,0.41791044775495656,28,39,12,38
com_erro,xgboost,queda,80,45,45,104,104,51,53,47,57,13,18,5,0.6153846153846154,0.6285927584919746,0.5538461538461539,0.7659574468085106,0.6428571428571429,0.4912280701668206,28,29,11,36
com_erro,xgboost,queda,80,50,50,94,94,48,46,44,50,11,16,5,0.6276595744680851,0.6418181818181818,0.5671641791044776,0.8636363636363636,0.6846846846846847,0.41999999999160004,21,29,6,38
com_erro,xgboost,queda,80,55,55,85,85,41,44,37,48,13,16,3,0.6352941176470588,0.6461148648648649,0.5625,0.7297297297297297,0.6352941176470588,0.5624999999882813,27,21,10,27
com_erro,xgboost,queda,80,60,60,78,78,37,41,35,43,11,15,4,0.6794871794871795,0.6853820598006645,0.6190476190476191,0.7428571428571429,0.6753246753246753,0.6279069767295836,27,16,9,26
com_erro,xgboost,queda,80,65,65,72,72,33,39,32,40,13,12,-1,0.6111111111111112,0.61875,0.55,0.6875,0.6111111111111112,0.54999999998625,22,18,10,22
com_erro,xgboost,queda,80,70,70,67,67,33,34,30,37,12,14,2,0.6417910447761194,0.6536036036036037,0.575,0.7666666666666667,0.6571428571428571,0.5405405405259314,20,17,7,23
com_erro,xgboost,queda,80,75,75,63,63,29,34,28,35,11,12,1,0.6349206349206349,0.6392857142857142,0.5757575757575758,0.6785714285714286,0.6229508196721312,0.5999999999828572,21,14,9,19
com_erro,xgboost,queda,80,80,80,59,59,30,29,26,33,10,13,3,0.4915254237288136,0.5005827505827506,0.4411764705882353,0.5769230769230769,0.5,0.4242424242295685,14,19,11,15
com_erro,xgboost,queda,90,5,5,933,933,484,449,437,496,15,41,26,0.6377277599142551,0.6436226655348047,0.5908256880733945,0.7368421052631579,0.6558044806517311,0.550403225805342,273,223,115,322
com_erro,xgboost,queda,90,10,10,467,467,244,223,219,248,15,34,19,0.6124197002141327,0.6195960377080572,0.5669014084507042,0.7351598173515982,0.6401590457256461,0.5040322580624838,125,123,58,161
com_erro,xgboost,queda,90,15,15,311,311,160,151,145,166,14,29,15,0.617363344051447,0.622808475280432,0.5730337078651685,0.7034482758620689,0.631578947368421,0.5421686746955291,90,76,43,102
com_erro,xgboost,queda,90,20,20,234,234,122,112,109,125,14,24,10,0.6153846153846154,0.6253211009174312,0.5637583892617449,0.7706422018348624,0.6511627906976745,0.47999999999616,60,65,25,84
com_erro,xgboost,queda,90,25,25,187,187,96,91,87,100,13,25,12,0.6363636363636364,0.6450574712643677,0.5826086956521739,0.7701149425287356,0.6633663366336634,0.5199999999948,52,48,20,67
com_erro,xgboost,queda,90,30,30,156,156,81,75,71,85,13,20,7,0.6282051282051282,0.6437448218724109,0.5631067961165048,0.8169014084507042,0.6666666666666666,0.4705882352885813,40,45,13,58
com_erro,xgboost,queda,90,35,35,134,134,70,64,59,75,13,23,10,0.6343283582089553,0.6498305084745764,0.5609756097560976,0.7796610169491526,0.6524822695035462,0.5199999999930667,39,36,13,46
com_erro,xgboost,queda,90,40,40,117,117,62,55,56,61,11,20,9,0.6068376068376068,0.615632318501171,0.5609756097560976,0.8214285714285714,0.6666666666666666,0.4098360655670519,25,36,10,46
com_erro,xgboost,queda,90,45,45,104,104,54,50,47,57,13,19,6,0.6346153846153846,0.6517357222844344,0.5652173913043478,0.8297872340425532,0.6724137931034483,0.4736842105180056,27,30,8,39
com_erro,xgboost,queda,90,50,50,94,94,50,44,45,49,11,16,5,0.6170212765957447,0.6253968253968254,0.5692307692307692,0.8222222222222222,0.6727272727272727,0.42857142856268227,21,28,8,37
com_erro,xgboost,queda,90,55,55,85,85,44,41,41,44,12,15,3,0.6,0.6069844789356985,0.559322033898305,0.8048780487804879,0.66,0.4090909090816116,18,26,8,33
com_erro,xgboost,queda,90,60,60,78,78,39,39,36,42,11,16,5,0.717948717948718,0.7222222222222222,0.6666666666666666,0.7777777777777778,0.717948717948718,0.6666666666507937,28,14,8,28
com_erro,xgboost,queda,90,65,65,72,72,35,37,32,40,13,13,0,0.5833333333333334,0.6,0.5217391304347826,0.75,0.6153846153846154,0.44999999998875007,18,22,8,24
com_erro,xgboost,queda,90,70,70,67,67,35,32,31,36,11,11,0,0.6268656716417911,0.6326164874551972,0.5789473684210527,0.7096774193548387,0.6376811594202898,0.5555555555401235,20,16,9,22
com_erro,xgboost,queda,90,75,75,63,63,30,33,29,34,11,12,1,0.6825396825396826,0.6805273833671399,0.6551724137931034,0.6551724137931034,0.6551724137931034,0.7058823529204153,24,10,10,19
com_erro,xgboost,queda,90,80,80,59,59,33,26,29,30,9,12,3,0.5084745762711864,0.5120689655172413,0.5,0.7241379310344828,0.5915492957746479,0.29999999999,9,21,8,21
com_erro,xgboost,queda,90,85,85,55,55,29,26,25,30,12,13,1,0.5454545454545454,0.5566666666666666,0.5,0.68,0.576271186440678,0.4333333333188889,13,17,8,17
com_erro,xgboost,queda,90,90,90,52,52,28,24,23,29,12,14,2,0.6730769230769231,0.6934032983508246,0.5882352941176471,0.8695652173913043,0.7017543859649122,0.5172413792925089,15,14,3,20
com_erro,xgboost,queda,100,5,5,931,931,508,423,465,466,15,35,20,0.6305048335123523,0.6306359315150676,0.6044905008635578,0.7526881720430108,0.6704980842911877,0.5085836909860331,237,229,115,350
com_erro,xgboost,queda,100,10,10,466,466,256,210,233,233,14,29,15,0.5965665236051502,0.5965665236051503,0.572347266881029,0.7639484978540773,0.6544117647058824,0.4291845493543812,100,133,55,178
com_erro,xgboost,queda,100,15,15,311,311,169,142,155,156,14,23,9,0.5980707395498392,0.5986352357320099,0.5714285714285714,0.7741935483870968,0.6575342465753424,0.4230769230742111,66,90,35,120
com_erro,xgboost,queda,100,20,20,233,233,127,106,115,118,13,25,12,0.5965665236051502,0.5990420044215181,0.5652173913043478,0.7913043478260869,0.6594202898550725,0.4067796610135019,48,70,24,91
com_erro,xgboost,queda,100,25,25,187,187,102,85,94,93,14,21,7,0.5775401069518716,0.5762983299016243,0.5547445255474452,0.8085106382978723,0.658008658008658,0.3440860215016765,32,61,18,76
com_erro,xgboost,queda,100,30,30,156,156,85,71,78,78,12,18,6,0.6153846153846154,0.6153846153846154,0.5833333333333334,0.8076923076923077,0.6774193548387096,0.42307692307149897,33,45,15,63
com_erro,xgboost,queda,100,35,35,133,133,72,61,65,68,13,14,1,0.6390977443609023,0.6429864253393665,0.5955056179775281,0.8153846153846154,0.6883116883116883,0.47058823528719723,32,36,12,53
com_erro,xgboost,queda,100,40,40,117,117,63,54,59,58,10,16,6,0.6153846153846154,0.614114552893045,0.5921052631578947,0.7627118644067796,0.6666666666666666,0.4655172413712842,27,31,14,45
com_erro,xgboost,queda,100,45,45,104,104,58,46,51,53,11,16,5,0.625,0.6283758786533482,0.5857142857142857,0.803921568627451,0.6776859504132231,0.45283018867070135,24,29,10,41
com_erro,xgboost,queda,100,50,50,94,94,53,41,49,45,11,12,1,0.5319148936170213,0.5201814058956916,0.5342465753424658,0.7959183673469388,0.639344262295082,0.24444444443901236,11,34,10,39
com_erro,xgboost,queda,100,55,55,85,85,46,39,42,43,12,12,0,0.5882352941176471,0.5908084163898117,0.5573770491803278,0.8095238095238095,0.6601941747572816,0.37209302324716065,16,27,8,34
com_erro,xgboost,queda,100,60,60,78,78,41,37,39,39,10,13,3,0.6282051282051282,0.6282051282051282,0.6041666666666666,0.7435897435897436,0.6666666666666666,0.5128205128073636,20,19,10,29
com_erro,xgboost,queda,100,65,65,72,72,37,35,34,38,12,12,0,0.5972222222222222,0.6075851393188854,0.5510204081632653,0.7941176470588235,0.6506024096385542,0.4210526315678671,16,22,7,27
com_erro,xgboost,queda,100,70,70,67,67,35,32,33,34,10,11,1,0.6716417910447762,0.6742424242424243,0.6222222222222222,0.8484848484848485,0.717948717948718,0.49999999998529415,17,17,5,28
com_erro,xgboost,queda,100,75,75,63,63,34,29,31,32,11,12,1,0.6349206349206349,0.6360887096774194,0.6111111111111112,0.7096774193548387,0.6567164179104478,0.562499999982422,18,14,9,22
com_erro,xgboost,queda,100,80,80,59,59,33,26,29,30,9,11,2,0.5254237288135594,0.5281609195402299,0.5128205128205128,0.6896551724137931,0.5882352941176471,0.3666666666544444,11,19,9,20
com_erro,xgboost,queda,100,85,85,55,55,30,25,26,29,12,11,-1,0.6,0.6067639257294429,0.5588235294117647,0.7307692307692307,0.6333333333333333,0.48275862067300834,14,15,7,19
com_erro,xgboost,queda,100,90,90,52,52,29,23,27,25,10,9,-1,0.6923076923076923,0.6844444444444444,0.6486486486486487,0.8888888888888888,0.75,0.4799999999808,12,13,3,24
com_erro,xgboost,queda,100,95,95,49,49,28,21,24,25,10,8,-2,0.6530612244897959,0.6558333333333333,0.6129032258064516,0.7916666666666666,0.6909090909090909,0.5199999999792,13,12,5,19
com_erro,xgboost,queda,100,100,100,47,47,29,18,25,22,9,8,-1,0.5319148936170213,0.5136363636363637,0.5405405405405406,0.8,0.6451612903225806,0.2272727272623967,5,17,5,20
