teste,modelo,falha,janela,passo_cfg,passo_real,amostras_treino,amostras_teste,positivos_treino,negativos_treino,positivos_teste,negativos_teste,eventos_reais_teste,eventos_detectados,diferenca_eventos,accuracy,balanced_accuracy,precision_pos,recall_pos,f1_pos,specificity,tn,fp,fn,tp
sem_erro,catboost,lacuna,20,5,5,947,947,251,696,0,947,0,0,0,1.0,1.0,0.0,0.0,0.0,0.9999999999989441,947,0,0,0
sem_erro,catboost,lacuna,20,10,10,474,474,127,347,0,474,0,0,0,1.0,1.0,0.0,0.0,0.0,0.9999999999978904,474,0,0,0
sem_erro,catboost,lacuna,20,15,15,316,316,85,231,0,316,0,0,0,1.0,1.0,0.0,0.0,0.0,0.9999999999968355,316,0,0,0
sem_erro,catboost,lacuna,20,20,20,237,237,64,173,0,237,0,0,0,1.0,1.0,0.0,0.0,0.0,0.9999999999957806,237,0,0,0
sem_erro,catboost,lacuna,30,5,5,945,945,286,659,0,945,0,0,0,1.0,1.0,0.0,0.0,0.0,0.9999999999989418,945,0,0,0
sem_erro,catboost,lacuna,30,10,10,473,473,144,329,0,473,0,0,0,1.0,1.0,0.0,0.0,0.0,0.9999999999978858,473,0,0,0
sem_erro,catboost,lacuna,30,15,15,315,315,96,219,0,315,0,0,0,1.0,1.0,0.0,0.0,0.0,0.9999999999968254,315,0,0,0
sem_erro,catboost,lacuna,30,20,20,237,237,74,163,0,237,0,0,0,1.0,1.0,0.0,0.0,0.0,0.9999999999957806,237,0,0,0
sem_erro,catboost,lacuna,30,25,25,189,189,54,135,0,189,0,0,0,1.0,1.0,0.0,0.0,0.0,0.999999999994709,189,0,0,0
sem_erro,catboost,lacuna,30,30,30,158,158,45,113,0,158,0,0,0,1.0,1.0,0.0,0.0,0.0,0.999999999993671,158,0,0,0
sem_erro,catboost,lacuna,40,5,5,943,943,317,626,0,943,0,0,0,1.0,1.0,0.0,0.0,0.0,0.9999999999989395,943,0,0,0
sem_erro,catboost,lacuna,40,10,10,472,472,160,312,0,472,0,0,0,1.0,1.0,0.0,0.0,0.0,0.9999999999978814,472,0,0,0
sem_erro,catboost,lacuna,40,15,15,315,315,109,206,0,315,0,0,0,1.0,1.0,0.0,0.0,0.0,0.9999999999968254,315,0,0,0
sem_erro,catboost,lacuna,40,20,20,236,236,81,155,0,236,0,0,0,1.0,1.0,0.0,0.0,0.0,0.9999999999957627,236,0,0,0
sem_erro,catboost,lacuna,40,25,25,189,189,66,123,0,189,0,0,0,1.0,1.0,0.0,0.0,0.0,0.999999999994709,189,0,0,0
sem_erro,catboost,lacuna,40,30,30,158,158,52,106,0,158,0,0,0,1.0,1.0,0.0,0.0,0.0,0.999999999993671,158,0,0,0
sem_erro,catboost,lacuna,40,35,35,135,135,45,90,0,135,0,0,0,1.0,1.0,0.0,0.0,0.0,0.9999999999925927,135,0,0,0
sem_erro,catboost,lacuna,40,40,40,118,118,39,79,0,118,0,0,0,1.0,1.0,0.0,0.0,0.0,0.9999999999915254,118,0,0,0
sem_erro,catboost,lacuna,50,5,5,941,941,345,596,0,941,0,0,0,1.0,1.0,0.0,0.0,0.0,0.9999999999989373,941,0,0,0
sem_erro,catboost,lacuna,50,10,10,471,471,174,297,0,471,0,0,0,1.0,1.0,0.0,0.0,0.0,0.9999999999978769,471,0,0,0
sem_erro,catboost,lacuna,50,15,15,314,314,117,197,0,314,0,0,0,1.0,1.0,0.0,0.0,0.0,0.9999999999968153,314,0,0,0
sem_erro,catboost,lacuna,50,20,20,236,236,89,147,0,236,0,0,0,1.0,1.0,0.0,0.0,0.0,0.9999999999957627,236,0,0,0
sem_erro,catboost,lacuna,50,25,25,189,189,68,121,0,189,0,0,0,1.0,1.0,0.0,0.0,0.0,0.999999999994709,189,0,0,0
sem_erro,catboost,lacuna,50,30,30,157,157,58,99,0,157,0,0,0,1.0,1.0,0.0,0.0,0.0,0.9999999999936307,157,0,0,0
sem_erro,catboost,lacuna,50,35,35,135,135,49,86,0,135,0,0,0,1.0,1.0,0.0,0.0,0.0,0.9999999999925927,135,0,0,0
sem_erro,catboost,lacuna,50,40,40,118,118,42,76,0,118,0,0,0,1.0,1.0,0.0,0.0,0.0,0.9999999999915254,118,0,0,0
sem_erro,catboost,lacuna,50,45,45,105,105,39,66,0,105,0,0,0,1.0,1.0,0.0,0.0,0.0,0.9999999999904762,105,0,0,0
sem_erro,catboost,lacuna,50,50,50,95,95,34,61,0,95,0,0,0,1.0,1.0,0.0,0.0,0.0,0.9999999999894736,95,0,0,0
sem_erro,catboost,lacuna,60,5,5,939,939,371,568,0,939,0,0,0,1.0,1.0,0.0,0.0,0.0,0.9999999999989351,939,0,0,0
sem_erro,catboost,lacuna,60,10,10,470,470,187,283,0,470,0,0,0,1.0,1.0,0.0,0.0,0.0,0.9999999999978724,470,0,0,0
sem_erro,catboost,lacuna,60,15,15,313,313,124,189,0,313,0,0,0,1.0,1.0,0.0,0.0,0.0,0.9999999999968051,313,0,0,0
sem_erro,catboost,lacuna,60,20,20,235,235,94,141,0,235,0,0,0,1.0,1.0,0.0,0.0,0.0,0.9999999999957447,235,0,0,0
sem_erro,catboost,lacuna,60,25,25,188,188,74,114,0,188,0,0,0,1.0,1.0,0.0,0.0,0.0,0.9999999999946809,188,0,0,0
sem_erro,catboost,lacuna,60,30,30,157,157,60,97,0,157,0,0,0,1.0,1.0,0.0,0.0,0.0,0.9999999999936307,157,0,0,0
sem_erro,catboost,lacuna,60,35,35,135,135,51,84,0,135,0,0,0,1.0,1.0,0.0,0.0,0.0,0.9999999999925927,135,0,0,0
sem_erro,catboost,lacuna,60,40,40,118,118,46,72,0,118,0,0,0,1.0,1.0,0.0,0.0,0.0,0.9999999999915254,118,0,0,0
sem_erro,catboost,lacuna,60,45,45,105,105,42,63,0,105,0,0,0,1.0,1.0,0.0,0.0,0.0,0.9999999999904762,105,0,0,0
sem_erro,catboost,lacuna,60,50,50,94,94,36,58,0,94,0,0,0,1.0,1.0,0.0,0.0,0.0,0.9999999999893616,94,0,0,0
sem_erro,catboost,lacuna,60,55,55,86,86,31,55,0,86,0,0,0,1.0,1.0,0.0,0.0,0.0,0.9999999999883721,86,0,0,0
sem_erro,catboost,lacuna,60,60,60,79,79,29,50,0,79,0,0,0,1.0,1.0,0.0,0.0,0.0,0.9999999999873417,79,0,0,0
sem_erro,catboost,lacuna,70,5,5,937,937,395,542,0,937,0,0,0,1.0,1.0,0.0,0.0,0.0,0.9999999999989327,937,0,0,0
sem_erro,catboost,lacuna,70,10,10,469,469,199,270,0,469,0,0,0,1.0,1.0,0.0,0.0,0.0,0.9999999999978678,469,0,0,0
sem_erro,catboost,lacuna,70,15,15,313,313,134,179,0,313,0,0,0,1.0,1.0,0.0,0.0,0.0,0.9999999999968051,313,0,0,0
sem_erro,catboost,lacuna,70,20,20,235,235,101,134,0,235,0,0,0,1.0,1.0,0.0,0.0,0.0,0.9999999999957447,235,0,0,0
sem_erro,catboost,lacuna,70,25,25,188,188,79,109,0,188,0,0,0,1.0,1.0,0.0,0.0,0.0,0.9999999999946809,188,0,0,0
sem_erro,catboost,lacuna,70,30,30,157,157,64,93,0,157,0,0,0,1.0,1.0,0.0,0.0,0.0,0.9999999999936307,157,0,0,0
sem_erro,catboost,lacuna,70,35,35,134,134,53,81,0,134,0,0,0,1.0,1.0,0.0,0.0,0.0,0.9999999999925374,134,0,0,0
sem_erro,catboost,lacuna,70,40,40,118,118,50,68,0,118,0,0,0,1.0,1.0,0.0,0.0,0.0,0.9999999999915254,118,0,0,0
sem_erro,catboost,lacuna,70,45,45,105,105,47,58,0,105,0,0,0,1.0,1.0,0.0,0.0,0.0,0.9999999999904762,105,0,0,0
sem_erro,catboost,lacuna,70,50,50,94,94,37,57,0,94,0,0,0,1.0,1.0,0.0,0.0,0.0,0.9999999999893616,94,0,0,0
sem_erro,catboost,lacuna,70,55,55,86,86,34,52,0,86,0,0,0,1.0,1.0,0.0,0.0,0.0,0.9999999999883721,86,0,0,0
sem_erro,catboost,lacuna,70,60,60,79,79,31,48,0,79,0,0,0,1.0,1.0,0.0,0.0,0.0,0.9999999999873417,79,0,0,0
sem_erro,catboost,lacuna,70,65,65,73,73,32,41,0,73,0,0,0,1.0,1.0,0.0,0.0,0.0,0.9999999999863013,73,0,0,0
sem_erro,catboost,lacuna,70,70,70,67,67,28,39,0,67,0,0,0,1.0,1.0,0.0,0.0,0.0,0.9999999999850746,67,0,0,0
sem_erro,catboost,lacuna,80,5,5,935,935,419,516,0,935,0,0,0,1.0,1.0,0.0,0.0,0.0,0.9999999999989305,935,0,0,0
sem_erro,catboost,lacuna,80,10,10,468,468,211,257,0,468,0,0,0,1.0,1.0,0.0,0.0,0.0,0.9999999999978633,468,0,0,0
sem_erro,catboost,lacuna,80,15,15,312,312,141,171,0,312,0,0,0,1.0,1.0,0.0,0.0,0.0,0.9999999999967949,312,0,0,0
sem_erro,catboost,lacuna,80,20,20,234,234,106,128,0,234,0,0,0,1.0,1.0,0.0,0.0,0.0,0.9999999999957265,234,0,0,0
sem_erro,catboost,lacuna,80,25,25,187,187,81,106,0,187,0,0,0,1.0,1.0,0.0,0.0,0.0,0.9999999999946525,187,0,0,0
sem_erro,catboost,lacuna,80,30,30,156,156,70,86,0,156,0,0,0,1.0,1.0,0.0,0.0,0.0,0.9999999999935898,156,0,0,0
sem_erro,catboost,lacuna,80,35,35,134,134,59,75,0,134,0,0,0,1.0,1.0,0.0,0.0,0.0,0.9999999999925374,134,0,0,0
sem_erro,catboost,lacuna,80,40,40,117,117,51,66,0,117,0,0,0,1.0,1.0,0.0,0.0,0.0,0.999999999991453,117,0,0,0
sem_erro,catboost,lacuna,80,45,45,104,104,49,55,0,104,0,0,0,1.0,1.0,0.0,0.0,0.0,0.9999999999903846,104,0,0,0
sem_erro,catboost,lacuna,80,50,50,94,94,39,55,0,94,0,0,0,1.0,1.0,0.0,0.0,0.0,0.9999999999893616,94,0,0,0
sem_erro,catboost,lacuna,80,55,55,85,85,37,48,0,85,0,0,0,1.0,1.0,0.0,0.0,0.0,0.9999999999882353,85,0,0,0
sem_erro,catboost,lacuna,80,60,60,78,78,34,44,0,78,0,0,0,1.0,1.0,0.0,0.0,0.0,0.9999999999871795,78,0,0,0
sem_erro,catboost,lacuna,80,65,65,72,72,32,40,0,72,0,0,0,1.0,1.0,0.0,0.0,0.0,0.9999999999861111,72,0,0,0
sem_erro,catboost,lacuna,80,70,70,67,67,30,37,0,67,0,0,0,1.0,1.0,0.0,0.0,0.0,0.9999999999850746,67,0,0,0
sem_erro,catboost,lacuna,80,75,75,63,63,28,35,0,63,0,0,0,1.0,1.0,0.0,0.0,0.0,0.999999999984127,63,0,0,0
sem_erro,catboost,lacuna,80,80,80,59,59,25,34,0,59,0,0,0,1.0,1.0,0.0,0.0,0.0,0.9999999999830509,59,0,0,0
sem_erro,catboost,lacuna,90,5,5,933,933,439,494,0,933,0,0,0,1.0,1.0,0.0,0.0,0.0,0.9999999999989282,933,0,0,0
sem_erro,catboost,lacuna,90,10,10,467,467,221,246,0,467,0,0,0,1.0,1.0,0.0,0.0,0.0,0.9999999999978587,467,0,0,0
sem_erro,catboost,lacuna,90,15,15,311,311,147,164,0,311,0,0,0,1.0,1.0,0.0,0.0,0.0,0.9999999999967846,311,0,0,0
sem_erro,catboost,lacuna,90,20,20,234,234,111,123,0,234,0,0,0,1.0,1.0,0.0,0.0,0.0,0.9999999999957265,234,0,0,0
sem_erro,catboost,lacuna,90,25,25,187,187,89,98,0,187,0,0,0,1.0,1.0,0.0,0.0,0.0,0.9999999999946525,187,0,0,0
sem_erro,catboost,lacuna,90,30,30,156,156,72,84,0,156,0,0,0,1.0,1.0,0.0,0.0,0.0,0.9999999999935898,156,0,0,0
sem_erro,catboost,lacuna,90,35,35,134,134,63,71,0,134,0,0,0,1.0,1.0,0.0,0.0,0.0,0.9999999999925374,134,0,0,0
sem_erro,catboost,lacuna,90,40,40,117,117,54,63,0,117,0,0,0,1.0,1.0,0.0,0.0,0.0,0.999999999991453,117,0,0,0
sem_erro,catboost,lacuna,90,45,45,104,104,50,54,0,104,0,0,0,1.0,1.0,0.0,0.0,0.0,0.9999999999903846,104,0,0,0
sem_erro,catboost,lacuna,90,50,50,94,94,45,49,0,94,0,0,0,1.0,1.0,0.0,0.0,0.0,0.9999999999893616,94,0,0,0
sem_erro,catboost,lacuna,90,55,55,85,85,38,47,0,85,0,0,0,1.0,1.0,0.0,0.0,0.0,0.9999999999882353,85,0,0,0
sem_erro,catboost,lacuna,90,60,60,78,78,36,42,0,78,0,0,0,1.0,1.0,0.0,0.0,0.0,0.9999999999871795,78,0,0,0
sem_erro,catboost,lacuna,90,65,65,72,72,34,38,0,72,0,0,0,1.0,1.0,0.0,0.0,0.0,0.9999999999861111,72,0,0,0
sem_erro,catboost,lacuna,90,70,70,67,67,30,37,0,67,0,0,0,1.0,1.0,0.0,0.0,0.0,0.9999999999850746,67,0,0,0
sem_erro,catboost,lacuna,90,75,75,63,63,30,33,0,63,0,0,0,1.0,1.0,0.0,0.0,0.0,0.999999999984127,63,0,0,0
sem_erro,catboost,lacuna,90,80,80,59,59,28,31,0,59,0,0,0,1.0,1.0,0.0,0.0,0.0,0.9999999999830509,59,0,0,0
sem_erro,catboost,lacuna,90,85,85,55,55,25,30,0,55,0,0,0,1.0,1.0,0.0,0.0,0.0,0.9999999999818182,55,0,0,0
sem_erro,catboost,lacuna,90,90,90,52,52,25,27,0,52,0,0,0,1.0,1.0,0.0,0.0,0.0,0.9999999999807693,52,0,0,0
sem_erro,catboost,lacuna,100,5,5,931,931,457,474,0,931,0,0,0,1.0,1.0,0.0,0.0,0.0,0.9999999999989259,931,0,0,0
sem_erro,catboost,lacuna,100,10,10,466,466,230,236,0,466,0,0,0,1.0,1.0,0.0,0.0,0.0,0.999999999997854,466,0,0,0
sem_erro,catboost,lacuna,100,15,15,311,311,155,156,0,311,0,0,0,1.0,1.0,0.0,0.0,0.0,0.9999999999967846,311,0,0,0
sem_erro,catboost,lacuna,100,20,20,233,233,115,118,0,233,0,0,0,1.0,1.0,0.0,0.0,0.0,0.9999999999957082,233,0,0,0
sem_erro,catboost,lacuna,100,25,25,187,187,90,97,0,187,0,0,0,1.0,1.0,0.0,0.0,0.0,0.9999999999946525,187,0,0,0
sem_erro,catboost,lacuna,100,30,30,156,156,75,81,0,156,0,0,0,1.0,1.0,0.0,0.0,0.0,0.9999999999935898,156,0,0,0
sem_erro,catboost,lacuna,100,35,35,133,133,64,69,0,133,0,0,0,1.0,1.0,0.0,0.0,0.0,0.9999999999924812,133,0,0,0
sem_erro,catboost,lacuna,100,40,40,117,117,58,59,0,117,0,0,0,1.0,1.0,0.0,0.0,0.0,0.999999999991453,117,0,0,0
sem_erro,catboost,lacuna,100,45,45,104,104,52,52,0,104,0,0,0,1.0,1.0,0.0,0.0,0.0,0.9999999999903846,104,0,0,0
sem_erro,catboost,lacuna,100,50,50,94,94,45,49,0,94,0,0,0,1.0,1.0,0.0,0.0,0.0,0.9999999999893616,94,0,0,0
sem_erro,catboost,lacuna,100,55,55,85,85,40,45,0,85,0,0,0,1.0,1.0,0.0,0.0,0.0,0.9999999999882353,85,0,0,0
sem_erro,catboost,lacuna,100,60,60,78,78,38,40,0,78,0,0,0,1.0,1.0,0.0,0.0,0.0,0.9999999999871795,78,0,0,0
sem_erro,catboost,lacuna,100,65,65,72,72,34,38,0,72,0,0,0,1.0,1.0,0.0,0.0,0.0,0.9999999999861111,72,0,0,0
sem_erro,catboost,lacuna,100,70,70,67,67,31,36,0,67,0,0,0,1.0,1.0,0.0,0.0,0.0,0.9999999999850746,67,0,0,0
sem_erro,catboost,lacuna,100,75,75,63,63,31,32,0,63,0,0,0,1.0,1.0,0.0,0.0,0.0,0.999999999984127,63,0,0,0
sem_erro,catboost,lacuna,100,80,80,59,59,30,29,0,59,0,0,0,1.0,1.0,0.0,0.0,0.0,0.9999999999830509,59,0,0,0
sem_erro,catboost,lacuna,100,85,85,55,55,27,28,0,55,0,0,0,1.0,1.0,0.0,0.0,0.0,0.9999999999818182,55,0,0,0
sem_erro,catboost,lacuna,100,90,90,52,52,26,26,0,52,0,0,0,1.0,1.0,0.0,0.0,0.0,0.9999999999807693,52,0,0,0
sem_erro,catboost,lacuna,100,95,95,49,49,22,27,0,49,0,0,0,1.0,1.0,0.0,0.0,0.0,0.9999999999795919,49,0,0,0
sem_erro,catboost,lacuna,100,100,100,47,47,23,24,0,47,0,0,0,1.0,1.0,0.0,0.0,0.0,0.9999999999787235,47,0,0,0
sem_erro,catboost,oscilacao,20,5,5,947,947,339,608,0,947,0,33,33,0.9186906019007391,0.9186906019007391,0.0,0.0,0.0,0.918690601899769,870,77,0,0
sem_erro,catboost,oscilacao,20,10,10,474,474,167,307,0,474,0,21,21,0.9156118143459916,0.9156118143459916,0.0,0.0,0.0,0.9156118143440599,434,40,0,0
sem_erro,catboost,oscilacao,20,15,15,316,316,110,206,0,316,0,17,17,0.9208860759493671,0.9208860759493671,0.0,0.0,0.0,0.9208860759464529,291,25,0,0
sem_erro,catboost,oscilacao,20,20,20,237,237,83,154,0,237,0,19,19,0.8945147679324894,0.8945147679324894,0.0,0.0,0.0,0.8945147679287152,212,25,0,0
sem_erro,catboost,oscilacao,30,5,5,945,945,371,574,0,945,0,39,39,0.9005291005291005,0.9005291005291005,0.0,0.0,0.0,0.9005291005281476,851,94,0,0
sem_erro,catboost,oscilacao,30,10,10,473,473,183,290,0,473,0,25,25,0.904862579281184,0.904862579281184,0.0,0.0,0.0,0.9048625792792709,428,45,0,0
sem_erro,catboost,oscilacao,30,15,15,315,315,122,193,0,315,0,24,24,0.8634920634920635,0.8634920634920635,0.0,0.0,0.0,0.8634920634893223,272,43,0,0
sem_erro,catboost,oscilacao,30,20,20,237,237,91,146,0,237,0,20,20,0.890295358649789,0.890295358649789,0.0,0.0,0.0,0.8902953586460326,211,26,0,0
sem_erro,catboost,oscilacao,30,25,25,189,189,76,113,0,189,0,24,24,0.8624338624338624,0.8624338624338624,0.0,0.0,0.0,0.8624338624292993,163,26,0,0
sem_erro,catboost,oscilacao,30,30,30,158,158,63,95,0,158,0,18,18,0.8607594936708861,0.8607594936708861,0.0,0.0,0.0,0.8607594936654382,136,22,0,0
sem_erro,catboost,oscilacao,40,5,5,943,943,402,541,0,943,0,55,55,0.8356309650053022,0.8356309650053022,0.0,0.0,0.0,0.8356309650044161,788,155,0,0
sem_erro,catboost,oscilacao,40,10,10,472,472,199,273,0,472,0,35,35,0.8538135593220338,0.8538135593220338,0.0,0.0,0.0,0.853813559320225,403,69,0,0
sem_erro,catboost,oscilacao,40,15,15,315,315,136,179,0,315,0,30,30,0.8476190476190476,0.8476190476190476,0.0,0.0,0.0,0.8476190476163568,267,48,0,0
sem_erro,catboost,oscilacao,40,20,20,236,236,99,137,0,236,0,25,25,0.8220338983050848,0.8220338983050848,0.0,0.0,0.0,0.8220338983016016,194,42,0,0
sem_erro,catboost,oscilacao,40,25,25,189,189,81,108,0,189,0,21,21,0.8201058201058201,0.8201058201058201,0.0,0.0,0.0,0.8201058201014809,155,34,0,0
sem_erro,catboost,oscilacao,40,30,30,158,158,69,89,0,158,0,22,22,0.7848101265822784,0.7848101265822784,0.0,0.0,0.0,0.7848101265773114,124,34,0,0
sem_erro,catboost,oscilacao,40,35,35,135,135,58,77,0,135,0,16,16,0.8,0.8,0.0,0.0,0.0,0.7999999999940741,108,27,0,0
sem_erro,catboost,oscilacao,40,40,40,118,118,51,67,0,118,0,20,20,0.788135593220339,0.788135593220339,0.0,0.0,0.0,0.7881355932136599,93,25,0,0
sem_erro,catboost,oscilacao,50,5,5,941,941,431,510,0,941,0,46,46,0.7715196599362381,0.7715196599362381,0.0,0.0,0.0,0.7715196599354182,726,215,0,0
sem_erro,catboost,oscilacao,50,10,10,471,471,214,257,0,471,0,38,38,0.7876857749469215,0.7876857749469215,0.0,0.0,0.0,0.787685774945249,371,100,0,0
sem_erro,catboost,oscilacao,50,15,15,314,314,140,174,0,314,0,28,28,0.8248407643312102,0.8248407643312102,0.0,0.0,0.0,0.8248407643285833,259,55,0,0
sem_erro,catboost,oscilacao,50,20,20,236,236,107,129,0,236,0,31,31,0.7584745762711864,0.7584745762711864,0.0,0.0,0.0,0.7584745762679725,179,57,0,0
sem_erro,catboost,oscilacao,50,25,25,189,189,88,101,0,189,0,24,24,0.7671957671957672,0.7671957671957672,0.0,0.0,0.0,0.767195767191708,145,44,0,0
sem_erro,catboost,oscilacao,50,30,30,157,157,71,86,0,157,0,21,21,0.7515923566878981,0.7515923566878981,0.0,0.0,0.0,0.751592356683111,118,39,0,0
sem_erro,catboost,oscilacao,50,35,35,135,135,62,73,0,135,0,24,24,0.7407407407407407,0.7407407407407407,0.0,0.0,0.0,0.7407407407352539,100,35,0,0
sem_erro,catboost,oscilacao,50,40,40,118,118,53,65,0,118,0,20,20,0.7711864406779662,0.7711864406779662,0.0,0.0,0.0,0.7711864406714306,91,27,0,0
sem_erro,catboost,oscilacao,50,45,45,105,105,44,61,0,105,0,17,17,0.8,0.8,0.0,0.0,0.0,0.7999999999923809,84,21,0,0
sem_erro,catboost,oscilacao,50,50,50,95,95,44,51,0,95,0,21,21,0.6,0.6,0.0,0.0,0.0,0.5999999999936841,57,38,0,0
sem_erro,catboost,oscilacao,60,5,5,939,939,459,480,0,939,0,46,46,0.731629392971246,0.731629392971246,0.0,0.0,0.0,0.7316293929704668,687,252,0,0
sem_erro,catboost,oscilacao,60,10,10,470,470,228,242,0,470,0,34,34,0.7361702127659574,0.7361702127659574,0.0,0.0,0.0,0.7361702127643911,346,124,0,0
sem_erro,catboost,oscilacao,60,15,15,313,313,152,161,0,313,0,27,27,0.7635782747603834,0.7635782747603834,0.0,0.0,0.0,0.7635782747579438,239,74,0,0
sem_erro,catboost,oscilacao,60,20,20,235,235,114,121,0,235,0,24,24,0.7276595744680852,0.7276595744680852,0.0,0.0,0.0,0.7276595744649887,171,64,0,0
sem_erro,catboost,oscilacao,60,25,25,188,188,95,93,0,188,0,26,26,0.6702127659574468,0.6702127659574468,0.0,0.0,0.0,0.6702127659538819,126,62,0,0
sem_erro,catboost,oscilacao,60,30,30,157,157,79,78,0,157,0,21,21,0.7197452229299363,0.7197452229299363,0.0,0.0,0.0,0.719745222925352,113,44,0,0
sem_erro,catboost,oscilacao,60,35,35,135,135,66,69,0,135,0,21,21,0.7333333333333333,0.7333333333333333,0.0,0.0,0.0,0.7333333333279013,99,36,0,0
sem_erro,catboost,oscilacao,60,40,40,118,118,56,62,0,118,0,22,22,0.6694915254237288,0.6694915254237288,0.0,0.0,0.0,0.6694915254180551,79,39,0,0
sem_erro,catboost,oscilacao,60,45,45,105,105,51,54,0,105,0,20,20,0.7523809523809524,0.7523809523809524,0.0,0.0,0.0,0.7523809523737868,79,26,0,0
sem_erro,catboost,oscilacao,60,50,50,94,94,47,47,0,94,0,18,18,0.5957446808510638,0.5957446808510638,0.0,0.0,0.0,0.5957446808447261,56,38,0,0
sem_erro,catboost,oscilacao,60,55,55,86,86,44,42,0,86,0,13,13,0.7325581395348837,0.7325581395348837,0.0,0.0,0.0,0.7325581395263656,63,23,0,0
sem_erro,catboost,oscilacao,60,60,60,79,79,40,39,0,79,0,14,14,0.7468354430379747,0.7468354430379747,0.0,0.0,0.0,0.746835443028521,59,20,0,0
sem_erro,catboost,oscilacao,70,5,5,937,937,487,450,0,937,0,50,50,0.6744930629669157,0.6744930629669157,0.0,0.0,0.0,0.6744930629661958,632,305,0,0
sem_erro,catboost,oscilacao,70,10,10,469,469,242,227,0,469,0,32,32,0.6673773987206824,0.6673773987206824,0.0,0.0,0.0,0.6673773987192594,313,156,0,0
sem_erro,catboost,oscilacao,70,15,15,313,313,164,149,0,313,0,26,26,0.6613418530351438,0.6613418530351438,0.0,0.0,0.0,0.6613418530330308,207,106,0,0
sem_erro,catboost,oscilacao,70,20,20,235,235,121,114,0,235,0,23,23,0.6978723404255319,0.6978723404255319,0.0,0.0,0.0,0.6978723404225623,164,71,0,0
sem_erro,catboost,oscilacao,70,25,25,188,188,97,91,0,188,0,21,21,0.6702127659574468,0.6702127659574468,0.0,0.0,0.0,0.6702127659538819,126,62,0,0
sem_erro,catboost,oscilacao,70,30,30,157,157,83,74,0,157,0,26,26,0.6050955414012739,0.6050955414012739,0.0,0.0,0.0,0.6050955413974198,95,62,0,0
sem_erro,catboost,oscilacao,70,35,35,134,134,68,66,0,134,0,22,22,0.7164179104477612,0.7164179104477612,0.0,0.0,0.0,0.7164179104424149,96,38,0,0
sem_erro,catboost,oscilacao,70,40,40,118,118,62,56,0,118,0,20,20,0.559322033898305,0.559322033898305,0.0,0.0,0.0,0.559322033893565,66,52,0,0
sem_erro,catboost,oscilacao,70,45,45,105,105,56,49,0,105,0,26,26,0.638095238095238,0.638095238095238,0.0,0.0,0.0,0.638095238089161,67,38,0,0
sem_erro,catboost,oscilacao,70,50,50,94,94,47,47,0,94,0,17,17,0.6170212765957447,0.6170212765957447,0.0,0.0,0.0,0.6170212765891806,58,36,0,0
sem_erro,catboost,oscilacao,70,55,55,86,86,46,40,0,86,0,18,18,0.686046511627907,0.686046511627907,0.0,0.0,0.0,0.6860465116199297,59,27,0,0
sem_erro,catboost,oscilacao,70,60,60,79,79,42,37,0,79,0,12,12,0.6075949367088608,0.6075949367088608,0.0,0.0,0.0,0.6075949367011697,48,31,0,0
sem_erro,catboost,oscilacao,70,65,65,73,73,38,35,0,73,0,16,16,0.726027397260274,0.726027397260274,0.0,0.0,0.0,0.7260273972503284,53,20,0,0
sem_erro,catboost,oscilacao,70,70,70,67,67,34,33,0,67,0,12,12,0.6567164179104478,0.6567164179104478,0.0,0.0,0.0,0.6567164179006459,44,23,0,0
sem_erro,catboost,oscilacao,80,5,5,935,935,513,422,0,935,0,40,40,0.6406417112299465,0.6406417112299465,0.0,0.0,0.0,0.6406417112292614,599,336,0,0
sem_erro,catboost,oscilacao,80,10,10,468,468,255,213,0,468,0,37,37,0.6239316239316239,0.6239316239316239,0.0,0.0,0.0,0.6239316239302908,292,176,0,0
sem_erro,catboost,oscilacao,80,15,15,312,312,168,144,0,312,0,26,26,0.6634615384615384,0.6634615384615384,0.0,0.0,0.0,0.663461538459412,207,105,0,0
sem_erro,catboost,oscilacao,80,20,20,234,234,128,106,0,234,0,24,24,0.6581196581196581,0.6581196581196581,0.0,0.0,0.0,0.6581196581168457,154,80,0,0
sem_erro,catboost,oscilacao,80,25,25,187,187,104,83,0,187,0,24,24,0.5828877005347594,0.5828877005347594,0.0,0.0,0.0,0.5828877005316423,109,78,0,0
sem_erro,catboost,oscilacao,80,30,30,156,156,85,71,0,156,0,22,22,0.5897435897435898,0.5897435897435898,0.0,0.0,0.0,0.5897435897398093,92,64,0,0
sem_erro,catboost,oscilacao,80,35,35,134,134,73,61,0,134,0,19,19,0.664179104477612,0.664179104477612,0.0,0.0,0.0,0.6641791044726554,89,45,0,0
sem_erro,catboost,oscilacao,80,40,40,117,117,66,51,0,117,0,17,17,0.5982905982905983,0.5982905982905983,0.0,0.0,0.0,0.5982905982854847,70,47,0,0
sem_erro,catboost,oscilacao,80,45,45,104,104,56,48,0,104,0,19,19,0.6346153846153846,0.6346153846153846,0.0,0.0,0.0,0.6346153846092826,66,38,0,0
sem_erro,catboost,oscilacao,80,50,50,94,94,49,45,0,94,0,19,19,0.5212765957446809,0.5212765957446809,0.0,0.0,0.0,0.5212765957391353,49,45,0,0
sem_erro,catboost,oscilacao,80,55,55,85,85,46,39,0,85,0,22,22,0.6470588235294118,0.6470588235294118,0.0,0.0,0.0,0.6470588235217993,55,30,0,0
sem_erro,catboost,oscilacao,80,60,60,78,78,43,35,0,78,0,14,14,0.5769230769230769,0.5769230769230769,0.0,0.0,0.0,0.5769230769156805,45,33,0,0
sem_erro,catboost,oscilacao,80,65,65,72,72,39,33,0,72,0,17,17,0.5833333333333334,0.5833333333333334,0.0,0.0,0.0,0.5833333333252314,42,30,0,0
sem_erro,catboost,oscilacao,80,70,70,67,67,36,31,0,67,0,13,13,0.4925373134328358,0.4925373134328358,0.0,0.0,0.0,0.4925373134254845,33,34,0,0
sem_erro,catboost,oscilacao,80,75,75,63,63,36,27,0,63,0,15,15,0.6190476190476191,0.6190476190476191,0.0,0.0,0.0,0.6190476190377929,39,24,0,0
sem_erro,catboost,oscilacao,80,80,80,59,59,32,27,0,59,0,15,15,0.711864406779661,0.711864406779661,0.0,0.0,0.0,0.7118644067675955,42,17,0,0
sem_erro,catboost,oscilacao,90,5,5,933,933,537,396,0,933,0,39,39,0.5894962486602358,0.5894962486602358,0.0,0.0,0.0,0.5894962486596039,550,383,0,0
sem_erro,catboost,oscilacao,90,10,10,467,467,267,200,0,467,0,35,35,0.5417558886509636,0.5417558886509636,0.0,0.0,0.0,0.5417558886498035,253,214,0,0
sem_erro,catboost,oscilacao,90,15,15,311,311,178,133,0,311,0,29,29,0.5852090032154341,0.5852090032154341,0.0,0.0,0.0,0.5852090032135524,182,129,0,0
sem_erro,catboost,oscilacao,90,20,20,234,234,134,100,0,234,0,25,25,0.5555555555555556,0.5555555555555556,0.0,0.0,0.0,0.5555555555531814,130,104,0,0
sem_erro,catboost,oscilacao,90,25,25,187,187,107,80,0,187,0,20,20,0.5401069518716578,0.5401069518716578,0.0,0.0,0.0,0.5401069518687696,101,86,0,0
sem_erro,catboost,oscilacao,90,30,30,156,156,91,65,0,156,0,20,20,0.5641025641025641,0.5641025641025641,0.0,0.0,0.0,0.5641025640989481,88,68,0,0
sem_erro,catboost,oscilacao,90,35,35,134,134,78,56,0,134,0,19,19,0.47761194029850745,0.47761194029850745,0.0,0.0,0.0,0.47761194029494325,64,70,0,0
sem_erro,catboost,oscilacao,90,40,40,117,117,67,50,0,117,0,17,17,0.5384615384615384,0.5384615384615384,0.0,0.0,0.0,0.5384615384569362,63,54,0,0
sem_erro,catboost,oscilacao,90,45,45,104,104,58,46,0,104,0,17,17,0.5769230769230769,0.5769230769230769,0.0,0.0,0.0,0.5769230769175295,60,44,0,0
sem_erro,catboost,oscilacao,90,50,50,94,94,51,43,0,94,0,18,18,0.6170212765957447,0.6170212765957447,0.0,0.0,0.0,0.6170212765891806,58,36,0,0
sem_erro,catboost,oscilacao,90,55,55,85,85,47,38,0,85,0,18,18,0.5176470588235295,0.5176470588235295,0.0,0.0,0.0,0.5176470588174394,44,41,0,0
sem_erro,catboost,oscilacao,90,60,60,78,78,46,32,0,78,0,13,13,0.41025641025641024,0.41025641025641024,0.0,0.0,0.0,0.41025641025115056,32,46,0,0
sem_erro,catboost,oscilacao,90,65,65,72,72,42,30,0,72,0,14,14,0.5416666666666666,0.5416666666666666,0.0,0.0,0.0,0.5416666666591435,39,33,0,0
sem_erro,catboost,oscilacao,90,70,70,67,67,38,29,0,67,0,12,12,0.4925373134328358,0.4925373134328358,0.0,0.0,0.0,0.4925373134254845,33,34,0,0
sem_erro,catboost,oscilacao,90,75,75,63,63,38,25,0,63,0,13,13,0.3968253968253968,0.3968253968253968,0.0,0.0,0.0,0.396825396819098,25,38,0,0
sem_erro,catboost,oscilacao,90,80,80,59,59,33,26,0,59,0,15,15,0.559322033898305,0.559322033898305,0.0,0.0,0.0,0.5593220338888251,33,26,0,0
sem_erro,catboost,oscilacao,90,85,85,55,55,33,22,0,55,0,13,13,0.43636363636363634,0.43636363636363634,0.0,0.0,0.0,0.4363636363557025,24,31,0,0
sem_erro,catboost,oscilacao,90,90,90,52,52,28,24,0,52,0,10,10,0.6153846153846154,0.6153846153846154,0.0,0.0,0.0,0.6153846153727811,32,20,0,0
sem_erro,catboost,oscilacao,100,5,5,931,931,560,371,0,931,0,36,36,0.5134264232008593,0.5134264232008593,0.0,0.0,0.0,0.5134264232003078,478,453,0,0
sem_erro,catboost,oscilacao,100,10,10,466,466,278,188,0,466,0,31,31,0.5171673819742489,0.5171673819742489,0.0,0.0,0.0,0.5171673819731392,241,225,0,0
sem_erro,catboost,oscilacao,100,15,15,311,311,189,122,0,311,0,25,25,0.4983922829581994,0.4983922829581994,0.0,0.0,0.0,0.4983922829565968,155,156,0,0
sem_erro,catboost,oscilacao,100,20,20,233,233,139,94,0,233,0,21,21,0.5536480686695279,0.5536480686695279,0.0,0.0,0.0,0.5536480686671518,129,104,0,0
sem_erro,catboost,oscilacao,100,25,25,187,187,113,74,0,187,0,26,26,0.47593582887700536,0.47593582887700536,0.0,0.0,0.0,0.4759358288744603,89,98,0,0
sem_erro,catboost,oscilacao,100,30,30,156,156,95,61,0,156,0,18,18,0.48717948717948717,0.48717948717948717,0.0,0.0,0.0,0.4871794871763643,76,80,0,0
sem_erro,catboost,oscilacao,100,35,35,133,133,78,55,0,133,0,21,21,0.5714285714285714,0.5714285714285714,0.0,0.0,0.0,0.5714285714242751,76,57,0,0
sem_erro,catboost,oscilacao,100,40,40,117,117,68,49,0,117,0,19,19,0.5470085470085471,0.5470085470085471,0.0,0.0,0.0,0.5470085470038717,64,53,0,0
sem_erro,catboost,oscilacao,100,45,45,104,104,62,42,0,104,0,15,15,0.5384615384615384,0.5384615384615384,0.0,0.0,0.0,0.5384615384563609,56,48,0,0
sem_erro,catboost,oscilacao,100,50,50,94,94,55,39,0,94,0,15,15,0.4574468085106383,0.4574468085106383,0.0,0.0,0.0,0.45744680850577185,43,51,0,0
sem_erro,catboost,oscilacao,100,55,55,85,85,53,32,0,85,0,13,13,0.4117647058823529,0.4117647058823529,0.0,0.0,0.0,0.41176470587750863,35,50,0,0
sem_erro,catboost,oscilacao,100,60,60,78,78,48,30,0,78,0,13,13,0.5384615384615384,0.5384615384615384,0.0,0.0,0.0,0.5384615384546351,42,36,0,0
sem_erro,catboost,oscilacao,100,65,65,72,72,44,28,0,72,0,14,14,0.4166666666666667,0.4166666666666667,0.0,0.0,0.0,0.4166666666608796,30,42,0,0
sem_erro,catboost,oscilacao,100,70,70,67,67,38,29,0,67,0,11,11,0.5373134328358209,0.5373134328358209,0.0,0.0,0.0,0.5373134328278013,36,31,0,0
sem_erro,catboost,oscilacao,100,75,75,63,63,40,23,0,63,0,10,10,0.42857142857142855,0.42857142857142855,0.0,0.0,0.0,0.4285714285646259,27,36,0,0
sem_erro,catboost,oscilacao,100,80,80,59,59,34,25,0,59,0,15,15,0.6271186440677966,0.6271186440677966,0.0,0.0,0.0,0.6271186440571676,37,22,0,0
sem_erro,catboost,oscilacao,100,85,85,55,55,35,20,0,55,0,13,13,0.41818181818181815,0.41818181818181815,0.0,0.0,0.0,0.4181818181742149,23,32,0,0
sem_erro,catboost,oscilacao,100,90,90,52,52,29,23,0,52,0,11,11,0.38461538461538464,0.38461538461538464,0.0,0.0,0.0,0.38461538460798816,20,32,0,0
sem_erro,catboost,oscilacao,100,95,95,49,49,30,19,0,49,0,9,9,0.46938775510204084,0.46938775510204084,0.0,0.0,0.0,0.4693877550924615,23,26,0,0
sem_erro,catboost,oscilacao,100,100,100,47,47,27,20,0,47,0,9,9,0.425531914893617,0.425531914893617,0.0,0.0,0.0,0.42553191488456316,20,27,0,0
sem_erro,catboost,queda,20,5,5,947,947,215,732,0,947,0,27,27,0.9324181626187962,0.9324181626187962,0.0,0.0,0.0,0.9324181626178116,883,64,0,0
sem_erro,catboost,queda,20,10,10,474,474,108,366,0,474,0,21,21,0.9345991561181435,0.9345991561181435,0.0,0.0,0.0,0.9345991561161717,443,31,0,0
sem_erro,catboost,queda,20,15,15,316,316,71,245,0,316,0,18,18,0.9367088607594937,0.9367088607594937,0.0,0.0,0.0,0.9367088607565295,296,20,0,0
sem_erro,catboost,queda,20,20,20,237,237,53,184,0,237,0,15,15,0.919831223628692,0.919831223628692,0.0,0.0,0.0,0.9198312236248108,218,19,0,0
sem_erro,catboost,queda,30,5,5,945,945,254,691,0,945,0,28,28,0.9005291005291005,0.9005291005291005,0.0,0.0,0.0,0.9005291005281476,851,94,0,0
sem_erro,catboost,queda,30,10,10,473,473,128,345,0,473,0,21,21,0.9006342494714588,0.9006342494714588,0.0,0.0,0.0,0.9006342494695547,426,47,0,0
sem_erro,catboost,queda,30,15,15,315,315,83,232,0,315,0,15,15,0.9206349206349206,0.9206349206349206,0.0,0.0,0.0,0.920634920631998,290,25,0,0
sem_erro,catboost,queda,30,20,20,237,237,64,173,0,237,0,14,14,0.9156118143459916,0.9156118143459916,0.0,0.0,0.0,0.9156118143421282,217,20,0,0
sem_erro,catboost,queda,30,25,25,189,189,53,136,0,189,0,19,19,0.8677248677248677,0.8677248677248677,0.0,0.0,0.0,0.8677248677202767,164,25,0,0
sem_erro,catboost,queda,30,30,30,158,158,41,117,0,158,0,14,14,0.9113924050632911,0.9113924050632911,0.0,0.0,0.0,0.911392405057523,144,14,0,0
sem_erro,catboost,queda,40,5,5,943,943,289,654,0,943,0,32,32,0.8663838812301167,0.8663838812301167,0.0,0.0,0.0,0.866383881229198,817,126,0,0
sem_erro,catboost,queda,40,10,10,472,472,145,327,0,472,0,25,25,0.8622881355932204,0.8622881355932204,0.0,0.0,0.0,0.8622881355913935,407,65,0,0
sem_erro,catboost,queda,40,15,15,315,315,97,218,0,315,0,23,23,0.8571428571428571,0.8571428571428571,0.0,0.0,0.0,0.857142857140136,270,45,0,0
sem_erro,catboost,queda,40,20,20,236,236,72,164,0,236,0,24,24,0.8389830508474576,0.8389830508474576,0.0,0.0,0.0,0.8389830508439027,198,38,0,0
sem_erro,catboost,queda,40,25,25,189,189,59,130,0,189,0,19,19,0.8624338624338624,0.8624338624338624,0.0,0.0,0.0,0.8624338624292993,163,26,0,0
sem_erro,catboost,queda,40,30,30,158,158,48,110,0,158,0,18,18,0.879746835443038,0.879746835443038,0.0,0.0,0.0,0.87974683543747,139,19,0,0
sem_erro,catboost,queda,40,35,35,135,135,41,94,0,135,0,16,16,0.8592592592592593,0.8592592592592593,0.0,0.0,0.0,0.8592592592528945,116,19,0,0
sem_erro,catboost,queda,40,40,40,118,118,32,86,0,118,0,16,16,0.847457627118644,0.847457627118644,0.0,0.0,0.0,0.8474576271114622,100,18,0,0
sem_erro,catboost,queda,50,5,5,941,941,318,623,0,941,0,42,42,0.8034006376195537,0.8034006376195537,0.0,0.0,0.0,0.8034006376187,756,185,0,0
sem_erro,catboost,queda,50,10,10,471,471,160,311,0,471,0,30,30,0.7940552016985138,0.7940552016985138,0.0,0.0,0.0,0.794055201696828,374,97,0,0
sem_erro,catboost,queda,50,15,15,314,314,104,210,0,314,0,26,26,0.8152866242038217,0.8152866242038217,0.0,0.0,0.0,0.8152866242012252,256,58,0,0
sem_erro,catboost,queda,50,20,20,236,236,80,156,0,236,0,20,20,0.826271186440678,0.826271186440678,0.0,0.0,0.0,0.8262711864371769,195,41,0,0
sem_erro,catboost,queda,50,25,25,189,189,65,124,0,189,0,24,24,0.8042328042328042,0.8042328042328042,0.0,0.0,0.0,0.804232804228549,152,37,0,0
sem_erro,catboost,queda,50,30,30,157,157,53,104,0,157,0,18,18,0.8280254777070064,0.8280254777070064,0.0,0.0,0.0,0.8280254777017324,130,27,0,0
sem_erro,catboost,queda,50,35,35,135,135,48,87,0,135,0,19,19,0.8074074074074075,0.8074074074074075,0.0,0.0,0.0,0.8074074074014267,109,26,0,0
sem_erro,catboost,queda,50,40,40,118,118,37,81,0,118,0,13,13,0.8559322033898306,0.8559322033898306,0.0,0.0,0.0,0.8559322033825768,101,17,0,0
sem_erro,catboost,queda,50,45,45,105,105,34,71,0,105,0,17,17,0.8095238095238095,0.8095238095238095,0.0,0.0,0.0,0.8095238095160997,85,20,0,0
sem_erro,catboost,queda,50,50,50,95,95,33,62,0,95,0,14,14,0.8105263157894737,0.8105263157894737,0.0,0.0,0.0,0.8105263157809418,77,18,0,0
sem_erro,catboost,queda,60,5,5,939,939,346,593,0,939,0,36,36,0.7784877529286475,0.7784877529286475,0.0,0.0,0.0,0.7784877529278185,731,208,0,0
sem_erro,catboost,queda,60,10,10,470,470,174,296,0,470,0,36,36,0.774468085106383,0.774468085106383,0.0,0.0,0.0,0.7744680851047352,364,106,0,0
sem_erro,catboost,queda,60,15,15,313,313,112,201,0,313,0,30,30,0.7891373801916933,0.7891373801916933,0.0,0.0,0.0,0.7891373801891721,247,66,0,0
sem_erro,catboost,queda,60,20,20,235,235,87,148,0,235,0,23,23,0.7957446808510639,0.7957446808510639,0.0,0.0,0.0,0.7957446808476777,187,48,0,0
sem_erro,catboost,queda,60,25,25,188,188,70,118,0,188,0,22,22,0.7978723404255319,0.7978723404255319,0.0,0.0,0.0,0.797872340421288,150,38,0,0
sem_erro,catboost,queda,60,30,30,157,157,56,101,0,157,0,23,23,0.7452229299363057,0.7452229299363057,0.0,0.0,0.0,0.7452229299315591,117,40,0,0
sem_erro,catboost,queda,60,35,35,135,135,52,83,0,135,0,20,20,0.7777777777777778,0.7777777777777778,0.0,0.0,0.0,0.7777777777720165,105,30,0,0
sem_erro,catboost,queda,60,40,40,118,118,42,76,0,118,0,19,19,0.7966101694915254,0.7966101694915254,0.0,0.0,0.0,0.7966101694847745,94,24,0,0
sem_erro,catboost,queda,60,45,45,105,105,37,68,0,105,0,18,18,0.7619047619047619,0.7619047619047619,0.0,0.0,0.0,0.7619047618975057,80,25,0,0
sem_erro,catboost,queda,60,50,50,94,94,36,58,0,94,0,19,19,0.7446808510638298,0.7446808510638298,0.0,0.0,0.0,0.7446808510559076,70,24,0,0
sem_erro,catboost,queda,60,55,55,86,86,32,54,0,86,0,17,17,0.7441860465116279,0.7441860465116279,0.0,0.0,0.0,0.7441860465029746,64,22,0,0
sem_erro,catboost,queda,60,60,60,79,79,28,51,0,79,0,17,17,0.7721518987341772,0.7721518987341772,0.0,0.0,0.0,0.7721518987244032,61,18,0,0
sem_erro,catboost,queda,70,5,5,937,937,374,563,0,937,0,35,35,0.7353255069370331,0.7353255069370331,0.0,0.0,0.0,0.7353255069362483,689,248,0,0
sem_erro,catboost,queda,70,10,10,469,469,188,281,0,469,0,31,31,0.7292110874200426,0.7292110874200426,0.0,0.0,0.0,0.7292110874184878,342,127,0,0
sem_erro,catboost,queda,70,15,15,313,313,126,187,0,313,0,27,27,0.7252396166134185,0.7252396166134185,0.0,0.0,0.0,0.7252396166111015,227,86,0,0
sem_erro,catboost,queda,70,20,20,235,235,94,141,0,235,0,21,21,0.7787234042553192,0.7787234042553192,0.0,0.0,0.0,0.7787234042520055,183,52,0,0
sem_erro,catboost,queda,70,25,25,188,188,75,113,0,188,0,24,24,0.7074468085106383,0.7074468085106383,0.0,0.0,0.0,0.7074468085068754,133,55,0,0
sem_erro,catboost,queda,70,30,30,157,157,63,94,0,157,0,20,20,0.7452229299363057,0.7452229299363057,0.0,0.0,0.0,0.7452229299315591,117,40,0,0
sem_erro,catboost,queda,70,35,35,134,134,55,79,0,134,0,19,19,0.7313432835820896,0.7313432835820896,0.0,0.0,0.0,0.7313432835766318,98,36,0,0
sem_erro,catboost,queda,70,40,40,118,118,45,73,0,118,0,18,18,0.7627118644067796,0.7627118644067796,0.0,0.0,0.0,0.762711864400316,90,28,0,0
sem_erro,catboost,queda,70,45,45,105,105,44,61,0,105,0,19,19,0.6952380952380952,0.6952380952380952,0.0,0.0,0.0,0.695238095231474,73,32,0,0
sem_erro,catboost,queda,70,50,50,94,94,38,56,0,94,0,21,21,0.6914893617021277,0.6914893617021277,0.0,0.0,0.0,0.6914893616947714,65,29,0,0
sem_erro,catboost,queda,70,55,55,86,86,36,50,0,86,0,14,14,0.7209302325581395,0.7209302325581395,0.0,0.0,0.0,0.7209302325497566,62,24,0,0
sem_erro,catboost,queda,70,60,60,79,79,31,48,0,79,0,19,19,0.6835443037974683,0.6835443037974683,0.0,0.0,0.0,0.6835443037888158,54,25,0,0
sem_erro,catboost,queda,70,65,65,73,73,29,44,0,73,0,17,17,0.6986301369863014,0.6986301369863014,0.0,0.0,0.0,0.698630136976731,51,22,0,0
sem_erro,catboost,queda,70,70,70,67,67,27,40,0,67,0,13,13,0.7761194029850746,0.7761194029850746,0.0,0.0,0.0,0.7761194029734907,52,15,0,0
sem_erro,catboost,queda,80,5,5,935,935,401,534,0,935,0,32,32,0.7294117647058823,0.7294117647058823,0.0,0.0,0.0,0.7294117647051023,682,253,0,0
sem_erro,catboost,queda,80,10,10,468,468,202,266,0,468,0,25,25,0.7286324786324786,0.7286324786324786,0.0,0.0,0.0,0.7286324786309217,341,127,0,0
sem_erro,catboost,queda,80,15,15,312,312,132,180,0,312,0,24,24,0.717948717948718,0.717948717948718,0.0,0.0,0.0,0.7179487179464169,224,88,0,0
sem_erro,catboost,queda,80,20,20,234,234,101,133,0,234,0,22,22,0.7478632478632479,0.7478632478632479,0.0,0.0,0.0,0.7478632478600519,175,59,0,0
sem_erro,catboost,queda,80,25,25,187,187,81,106,0,187,0,19,19,0.7433155080213903,0.7433155080213903,0.0,0.0,0.0,0.7433155080174154,139,48,0,0
sem_erro,catboost,queda,80,30,30,156,156,67,89,0,156,0,20,20,0.717948717948718,0.717948717948718,0.0,0.0,0.0,0.7179487179441157,112,44,0,0
sem_erro,catboost,queda,80,35,35,134,134,58,76,0,134,0,18,18,0.7164179104477612,0.7164179104477612,0.0,0.0,0.0,0.7164179104424149,96,38,0,0
sem_erro,catboost,queda,80,40,40,117,117,47,70,0,117,0,20,20,0.7264957264957265,0.7264957264957265,0.0,0.0,0.0,0.7264957264895171,85,32,0,0
sem_erro,catboost,queda,80,45,45,104,104,47,57,0,104,0,20,20,0.6538461538461539,0.6538461538461539,0.0,0.0,0.0,0.6538461538398669,68,36,0,0
sem_erro,catboost,queda,80,50,50,94,94,40,54,0,94,0,17,17,0.7021276595744681,0.7021276595744681,0.0,0.0,0.0,0.7021276595669986,66,28,0,0
sem_erro,catboost,queda,80,55,55,85,85,36,49,0,85,0,16,16,0.7176470588235294,0.7176470588235294,0.0,0.0,0.0,0.7176470588150865,61,24,0,0
sem_erro,catboost,queda,80,60,60,78,78,32,46,0,78,0,18,18,0.6794871794871795,0.6794871794871795,0.0,0.0,0.0,0.679487179478468,53,25,0,0
sem_erro,catboost,queda,80,65,65,72,72,30,42,0,72,0,16,16,0.5972222222222222,0.5972222222222222,0.0,0.0,0.0,0.5972222222139274,43,29,0,0
sem_erro,catboost,queda,80,70,70,67,67,29,38,0,67,0,14,14,0.746268656716418,0.746268656716418,0.0,0.0,0.0,0.7462686567052795,50,17,0,0
sem_erro,catboost,queda,80,75,75,63,63,25,38,0,63,0,14,14,0.7301587301587301,0.7301587301587301,0.0,0.0,0.0,0.7301587301471404,46,17,0,0
sem_erro,catboost,queda,80,80,80,59,59,24,35,0,59,0,12,12,0.7288135593220338,0.7288135593220338,0.0,0.0,0.0,0.7288135593096812,43,16,0,0
sem_erro,catboost,queda,90,5,5,933,933,425,508,0,933,0,31,31,0.6956055734190782,0.6956055734190782,0.0,0.0,0.0,0.6956055734183327,649,284,0,0
sem_erro,catboost,queda,90,10,10,467,467,214,253,0,467,0,25,25,0.7066381156316917,0.7066381156316917,0.0,0.0,0.0,0.7066381156301785,330,137,0,0
sem_erro,catboost,queda,90,15,15,311,311,139,172,0,311,0,21,21,0.7106109324758842,0.7106109324758842,0.0,0.0,0.0,0.7106109324735993,221,90,0,0
sem_erro,catboost,queda,90,20,20,234,234,107,127,0,234,0,21,21,0.717948717948718,0.717948717948718,0.0,0.0,0.0,0.7179487179456499,168,66,0,0
sem_erro,catboost,queda,90,25,25,187,187,86,101,0,187,0,19,19,0.7219251336898396,0.7219251336898396,0.0,0.0,0.0,0.7219251336859791,135,52,0,0
sem_erro,catboost,queda,90,30,30,156,156,69,87,0,156,0,19,19,0.7051282051282052,0.7051282051282052,0.0,0.0,0.0,0.7051282051236851,110,46,0,0
sem_erro,catboost,queda,90,35,35,134,134,63,71,0,134,0,15,15,0.7014925373134329,0.7014925373134329,0.0,0.0,0.0,0.7014925373081978,94,40,0,0
sem_erro,catboost,queda,90,40,40,117,117,51,66,0,117,0,16,16,0.717948717948718,0.717948717948718,0.0,0.0,0.0,0.7179487179425816,84,33,0,0
sem_erro,catboost,queda,90,45,45,104,104,47,57,0,104,0,15,15,0.6923076923076923,0.6923076923076923,0.0,0.0,0.0,0.6923076923010355,72,32,0,0
sem_erro,catboost,queda,90,50,50,94,94,43,51,0,94,0,12,12,0.6808510638297872,0.6808510638297872,0.0,0.0,0.0,0.6808510638225441,64,30,0,0
sem_erro,catboost,queda,90,55,55,85,85,37,48,0,85,0,17,17,0.6705882352941176,0.6705882352941176,0.0,0.0,0.0,0.6705882352862284,57,28,0,0
sem_erro,catboost,queda,90,60,60,78,78,33,45,0,78,0,19,19,0.7051282051282052,0.7051282051282052,0.0,0.0,0.0,0.705128205119165,55,23,0,0
sem_erro,catboost,queda,90,65,65,72,72,32,40,0,72,0,14,14,0.6805555555555556,0.6805555555555556,0.0,0.0,0.0,0.6805555555461034,49,23,0,0
sem_erro,catboost,queda,90,70,70,67,67,33,34,0,67,0,12,12,0.6567164179104478,0.6567164179104478,0.0,0.0,0.0,0.6567164179006459,44,23,0,0
sem_erro,catboost,queda,90,75,75,63,63,26,37,0,63,0,14,14,0.746031746031746,0.746031746031746,0.0,0.0,0.0,0.7460317460199043,47,16,0,0
sem_erro,catboost,queda,90,80,80,59,59,26,33,0,59,0,12,12,0.7457627118644068,0.7457627118644068,0.0,0.0,0.0,0.7457627118517668,44,15,0,0
sem_erro,catboost,queda,90,85,85,55,55,26,29,0,55,0,10,10,0.5636363636363636,0.5636363636363636,0.0,0.0,0.0,0.5636363636261157,31,24,0,0
sem_erro,catboost,queda,90,90,90,52,52,25,27,0,52,0,10,10,0.5961538461538461,0.5961538461538461,0.0,0.0,0.0,0.5961538461423816,31,21,0,0
sem_erro,catboost,queda,100,5,5,931,931,449,482,0,931,0,31,31,0.6627282491944146,0.6627282491944146,0.0,0.0,0.0,0.6627282491937028,617,314,0,0
sem_erro,catboost,queda,100,10,10,466,466,226,240,0,466,0,26,26,0.6738197424892703,0.6738197424892703,0.0,0.0,0.0,0.6738197424878244,314,152,0,0
sem_erro,catboost,queda,100,15,15,311,311,151,160,0,311,0,28,28,0.6495176848874598,0.6495176848874598,0.0,0.0,0.0,0.6495176848853713,202,109,0,0
sem_erro,catboost,queda,100,20,20,233,233,113,120,0,233,0,20,20,0.6824034334763949,0.6824034334763949,0.0,0.0,0.0,0.6824034334734661,159,74,0,0
sem_erro,catboost,queda,100,25,25,187,187,91,96,0,187,0,19,19,0.679144385026738,0.679144385026738,0.0,0.0,0.0,0.6791443850231063,127,60,0,0
sem_erro,catboost,queda,100,30,30,156,156,76,80,0,156,0,17,17,0.6730769230769231,0.6730769230769231,0.0,0.0,0.0,0.6730769230726086,105,51,0,0
sem_erro,catboost,queda,100,35,35,133,133,65,68,0,133,0,14,14,0.6842105263157895,0.6842105263157895,0.0,0.0,0.0,0.684210526310645,91,42,0,0
sem_erro,catboost,queda,100,40,40,117,117,56,61,0,117,0,14,14,0.6837606837606838,0.6837606837606838,0.0,0.0,0.0,0.6837606837548397,80,37,0,0
sem_erro,catboost,queda,100,45,45,104,104,50,54,0,104,0,11,11,0.6826923076923077,0.6826923076923077,0.0,0.0,0.0,0.6826923076857433,71,33,0,0
sem_erro,catboost,queda,100,50,50,94,94,46,48,0,94,0,15,15,0.6170212765957447,0.6170212765957447,0.0,0.0,0.0,0.6170212765891806,58,36,0,0
sem_erro,catboost,queda,100,55,55,85,85,40,45,0,85,0,14,14,0.6470588235294118,0.6470588235294118,0.0,0.0,0.0,0.6470588235217993,55,30,0,0
sem_erro,catboost,queda,100,60,60,78,78,37,41,0,78,0,21,21,0.5897435897435898,0.5897435897435898,0.0,0.0,0.0,0.5897435897360289,46,32,0,0
sem_erro,catboost,queda,100,65,65,72,72,35,37,0,72,0,15,15,0.5972222222222222,0.5972222222222222,0.0,0.0,0.0,0.5972222222139274,43,29,0,0
sem_erro,catboost,queda,100,70,70,67,67,34,33,0,67,0,12,12,0.5671641791044776,0.5671641791044776,0.0,0.0,0.0,0.5671641790960125,38,29,0,0
sem_erro,catboost,queda,100,75,75,63,63,29,34,0,63,0,15,15,0.6666666666666666,0.6666666666666666,0.0,0.0,0.0,0.6666666666560846,42,21,0,0
sem_erro,catboost,queda,100,80,80,59,59,30,29,0,59,0,14,14,0.6271186440677966,0.6271186440677966,0.0,0.0,0.0,0.6271186440571676,37,22,0,0
sem_erro,catboost,queda,100,85,85,55,55,29,26,0,55,0,11,11,0.5454545454545454,0.5454545454545454,0.0,0.0,0.0,0.5454545454446281,30,25,0,0
sem_erro,catboost,queda,100,90,90,52,52,26,26,0,52,0,8,8,0.7115384615384616,0.7115384615384616,0.0,0.0,0.0,0.7115384615247782,37,15,0,0
sem_erro,catboost,queda,100,95,95,49,49,20,29,0,49,0,12,12,0.6530612244897959,0.6530612244897959,0.0,0.0,0.0,0.6530612244764682,32,17,0,0
sem_erro,catboost,queda,100,100,100,47,47,20,27,0,47,0,9,9,0.6595744680851063,0.6595744680851063,0.0,0.0,0.0,0.6595744680710729,31,16,0,0
sem_erro,mlp,lacuna,20,5,5,947,947,251,696,0,947,0,1,1,0.9989440337909187,0.9989440337909187,0.0,0.0,0.0,0.9989440337898639,946,1,0,0
sem_erro,mlp,lacuna,20,10,10,474,474,127,347,0,474,0,4,4,0.9831223628691983,0.9831223628691983,0.0,0.0,0.0,0.9831223628671243,466,8,0,0
sem_erro,mlp,lacuna,20,15,15,316,316,85,231,0,316,0,2,2,0.9936708860759493,0.9936708860759493,0.0,0.0,0.0,0.9936708860728048,314,2,0,0
sem_erro,mlp,lacuna,20,20,20,237,237,64,173,0,237,0,4,4,0.9789029535864979,0.9789029535864979,0.0,0.0,0.0,0.9789029535823676,232,5,0,0
sem_erro,mlp,lacuna,30,5,5,945,945,286,659,0,945,0,4,4,0.9851851851851852,0.9851851851851852,0.0,0.0,0.0,0.9851851851841427,931,14,0,0
sem_erro,mlp,lacuna,30,10,10,473,473,144,329,0,473,0,4,4,0.985200845665962,0.985200845665962,0.0,0.0,0.0,0.9852008456638791,466,7,0,0
sem_erro,mlp,lacuna,30,15,15,315,315,96,219,0,315,0,4,4,0.9873015873015873,0.9873015873015873,0.0,0.0,0.0,0.9873015872984531,311,4,0,0
sem_erro,mlp,lacuna,30,20,20,237,237,74,163,0,237,0,4,4,0.9831223628691983,0.9831223628691983,0.0,0.0,0.0,0.9831223628650502,233,4,0,0
sem_erro,mlp,lacuna,30,25,25,189,189,54,135,0,189,0,1,1,0.9947089947089947,0.9947089947089947,0.0,0.0,0.0,0.9947089947037318,188,1,0,0
sem_erro,mlp,lacuna,30,30,30,158,158,45,113,0,158,0,1,1,0.9936708860759493,0.9936708860759493,0.0,0.0,0.0,0.9936708860696604,157,1,0,0
sem_erro,mlp,lacuna,40,5,5,943,943,317,626,0,943,0,7,7,0.9840933191940615,0.9840933191940615,0.0,0.0,0.0,0.9840933191930179,928,15,0,0
sem_erro,mlp,lacuna,40,10,10,472,472,160,312,0,472,0,4,4,0.9703389830508474,0.9703389830508474,0.0,0.0,0.0,0.9703389830487916,458,14,0,0
sem_erro,mlp,lacuna,40,15,15,315,315,109,206,0,315,0,3,3,0.9841269841269841,0.9841269841269841,0.0,0.0,0.0,0.9841269841238599,310,5,0,0
sem_erro,mlp,lacuna,40,20,20,236,236,81,155,0,236,0,4,4,0.9703389830508474,0.9703389830508474,0.0,0.0,0.0,0.9703389830467359,229,7,0,0
sem_erro,mlp,lacuna,40,25,25,189,189,66,123,0,189,0,2,2,0.9894179894179894,0.9894179894179894,0.0,0.0,0.0,0.9894179894127545,187,2,0,0
sem_erro,mlp,lacuna,40,30,30,158,158,52,106,0,158,0,2,2,0.9873417721518988,0.9873417721518988,0.0,0.0,0.0,0.9873417721456498,156,2,0,0
sem_erro,mlp,lacuna,40,35,35,135,135,45,90,0,135,0,1,1,0.9925925925925926,0.9925925925925926,0.0,0.0,0.0,0.9925925925852401,134,1,0,0
sem_erro,mlp,lacuna,40,40,40,118,118,39,79,0,118,0,2,2,0.9745762711864406,0.9745762711864406,0.0,0.0,0.0,0.9745762711781816,115,3,0,0
sem_erro,mlp,lacuna,50,5,5,941,941,345,596,0,941,0,6,6,0.9776833156216791,0.9776833156216791,0.0,0.0,0.0,0.9776833156206401,920,21,0,0
sem_erro,mlp,lacuna,50,10,10,471,471,174,297,0,471,0,6,6,0.9745222929936306,0.9745222929936306,0.0,0.0,0.0,0.9745222929915616,459,12,0,0
sem_erro,mlp,lacuna,50,15,15,314,314,117,197,0,314,0,4,4,0.9745222929936306,0.9745222929936306,0.0,0.0,0.0,0.9745222929905271,306,8,0,0
sem_erro,mlp,lacuna,50,20,20,236,236,89,147,0,236,0,9,9,0.9364406779661016,0.9364406779661016,0.0,0.0,0.0,0.9364406779621338,221,15,0,0
sem_erro,mlp,lacuna,50,25,25,189,189,68,121,0,189,0,3,3,0.9841269841269841,0.9841269841269841,0.0,0.0,0.0,0.9841269841217771,186,3,0,0
sem_erro,mlp,lacuna,50,30,30,157,157,58,99,0,157,0,3,3,0.9745222929936306,0.9745222929936306,0.0,0.0,0.0,0.9745222929874235,153,4,0,0
sem_erro,mlp,lacuna,50,35,35,135,135,49,86,0,135,0,2,2,0.9851851851851852,0.9851851851851852,0.0,0.0,0.0,0.9851851851778876,133,2,0,0
sem_erro,mlp,lacuna,50,40,40,118,118,42,76,0,118,0,1,1,0.9915254237288136,0.9915254237288136,0.0,0.0,0.0,0.9915254237204107,117,1,0,0
sem_erro,mlp,lacuna,50,45,45,105,105,39,66,0,105,0,0,0,1.0,1.0,0.0,0.0,0.0,0.9999999999904762,105,0,0,0
sem_erro,mlp,lacuna,50,50,50,95,95,34,61,0,95,0,2,2,0.9789473684210527,0.9789473684210527,0.0,0.0,0.0,0.9789473684107479,93,2,0,0
sem_erro,mlp,lacuna,60,5,5,939,939,371,568,0,939,0,4,4,0.9936102236421726,0.9936102236421726,0.0,0.0,0.0,0.9936102236411144,933,6,0,0
sem_erro,mlp,lacuna,60,10,10,470,470,187,283,0,470,0,11,11,0.9425531914893617,0.9425531914893617,0.0,0.0,0.0,0.9425531914873563,443,27,0,0
sem_erro,mlp,lacuna,60,15,15,313,313,124,189,0,313,0,3,3,0.9744408945686901,0.9744408945686901,0.0,0.0,0.0,0.9744408945655769,305,8,0,0
sem_erro,mlp,lacuna,60,20,20,235,235,94,141,0,235,0,4,4,0.9787234042553191,0.9787234042553191,0.0,0.0,0.0,0.9787234042511544,230,5,0,0
sem_erro,mlp,lacuna,60,25,25,188,188,74,114,0,188,0,2,2,0.9893617021276596,0.9893617021276596,0.0,0.0,0.0,0.989361702122397,186,2,0,0
sem_erro,mlp,lacuna,60,30,30,157,157,60,97,0,157,0,3,3,0.9808917197452229,0.9808917197452229,0.0,0.0,0.0,0.9808917197389753,154,3,0,0
sem_erro,mlp,lacuna,60,35,35,135,135,51,84,0,135,0,1,1,0.9925925925925926,0.9925925925925926,0.0,0.0,0.0,0.9925925925852401,134,1,0,0
sem_erro,mlp,lacuna,60,40,40,118,118,46,72,0,118,0,2,2,0.9745762711864406,0.9745762711864406,0.0,0.0,0.0,0.9745762711781816,115,3,0,0
sem_erro,mlp,lacuna,60,45,45,105,105,42,63,0,105,0,0,0,1.0,1.0,0.0,0.0,0.0,0.9999999999904762,105,0,0,0
sem_erro,mlp,lacuna,60,50,50,94,94,36,58,0,94,0,3,3,0.9468085106382979,0.9468085106382979,0.0,0.0,0.0,0.9468085106282254,89,5,0,0
sem_erro,mlp,lacuna,60,55,55,86,86,31,55,0,86,0,0,0,1.0,1.0,0.0,0.0,0.0,0.9999999999883721,86,0,0,0
sem_erro,mlp,lacuna,60,60,60,79,79,29,50,0,79,0,0,0,1.0,1.0,0.0,0.0,0.0,0.9999999999873417,79,0,0,0
sem_erro,mlp,lacuna,70,5,5,937,937,395,542,0,937,0,4,4,0.9765208110992529,0.9765208110992529,0.0,0.0,0.0,0.9765208110982108,915,22,0,0
sem_erro,mlp,lacuna,70,10,10,469,469,199,270,0,469,0,4,4,0.9722814498933902,0.9722814498933902,0.0,0.0,0.0,0.9722814498913172,456,13,0,0
sem_erro,mlp,lacuna,70,15,15,313,313,134,179,0,313,0,2,2,0.9680511182108626,0.9680511182108626,0.0,0.0,0.0,0.9680511182077698,303,10,0,0
sem_erro,mlp,lacuna,70,20,20,235,235,101,134,0,235,0,3,3,0.9617021276595744,0.9617021276595744,0.0,0.0,0.0,0.9617021276554821,226,9,0,0
sem_erro,mlp,lacuna,70,25,25,188,188,79,109,0,188,0,0,0,1.0,1.0,0.0,0.0,0.0,0.9999999999946809,188,0,0,0
sem_erro,mlp,lacuna,70,30,30,157,157,64,93,0,157,0,1,1,0.9872611464968153,0.9872611464968153,0.0,0.0,0.0,0.9872611464905271,155,2,0,0
sem_erro,mlp,lacuna,70,35,35,134,134,53,81,0,134,0,2,2,0.9850746268656716,0.9850746268656716,0.0,0.0,0.0,0.9850746268583204,132,2,0,0
sem_erro,mlp,lacuna,70,40,40,118,118,50,68,0,118,0,1,1,0.9915254237288136,0.9915254237288136,0.0,0.0,0.0,0.9915254237204107,117,1,0,0
sem_erro,mlp,lacuna,70,45,45,105,105,47,58,0,105,0,3,3,0.9714285714285714,0.9714285714285714,0.0,0.0,0.0,0.9714285714193197,102,3,0,0
sem_erro,mlp,lacuna,70,50,50,94,94,37,57,0,94,0,0,0,1.0,1.0,0.0,0.0,0.0,0.9999999999893616,94,0,0,0
sem_erro,mlp,lacuna,70,55,55,86,86,34,52,0,86,0,3,3,0.9651162790697675,0.9651162790697675,0.0,0.0,0.0,0.9651162790585451,83,3,0,0
sem_erro,mlp,lacuna,70,60,60,79,79,31,48,0,79,0,0,0,1.0,1.0,0.0,0.0,0.0,0.9999999999873417,79,0,0,0
sem_erro,mlp,lacuna,70,65,65,73,73,32,41,0,73,0,2,2,0.9726027397260274,0.9726027397260274,0.0,0.0,0.0,0.9726027397127041,71,2,0,0
sem_erro,mlp,lacuna,70,70,70,67,67,28,39,0,67,0,0,0,1.0,1.0,0.0,0.0,0.0,0.9999999999850746,67,0,0,0
sem_erro,mlp,lacuna,80,5,5,935,935,419,516,0,935,0,5,5,0.9657754010695188,0.9657754010695188,0.0,0.0,0.0,0.9657754010684858,903,32,0,0
sem_erro,mlp,lacuna,80,10,10,468,468,211,257,0,468,0,4,4,0.9487179487179487,0.9487179487179487,0.0,0.0,0.0,0.9487179487159215,444,24,0,0
sem_erro,mlp,lacuna,80,15,15,312,312,141,171,0,312,0,4,4,0.967948717948718,0.967948717948718,0.0,0.0,0.0,0.9679487179456155,302,10,0,0
sem_erro,mlp,lacuna,80,20,20,234,234,106,128,0,234,0,3,3,0.9658119658119658,0.9658119658119658,0.0,0.0,0.0,0.9658119658078385,226,8,0,0
sem_erro,mlp,lacuna,80,25,25,187,187,81,106,0,187,0,1,1,0.9946524064171123,0.9946524064171123,0.0,0.0,0.0,0.9946524064117933,186,1,0,0
sem_erro,mlp,lacuna,80,30,30,156,156,70,86,0,156,0,3,3,0.967948717948718,0.967948717948718,0.0,0.0,0.0,0.9679487179425132,151,5,0,0
sem_erro,mlp,lacuna,80,35,35,134,134,59,75,0,134,0,1,1,0.9850746268656716,0.9850746268656716,0.0,0.0,0.0,0.9850746268583204,132,2,0,0
sem_erro,mlp,lacuna,80,40,40,117,117,51,66,0,117,0,2,2,0.9743589743589743,0.9743589743589743,0.0,0.0,0.0,0.9743589743506464,114,3,0,0
sem_erro,mlp,lacuna,80,45,45,104,104,49,55,0,104,0,0,0,1.0,1.0,0.0,0.0,0.0,0.9999999999903846,104,0,0,0
sem_erro,mlp,lacuna,80,50,50,94,94,39,55,0,94,0,1,1,0.9893617021276596,0.9893617021276596,0.0,0.0,0.0,0.9893617021171344,93,1,0,0
sem_erro,mlp,lacuna,80,55,55,85,85,37,48,0,85,0,2,2,0.9764705882352941,0.9764705882352941,0.0,0.0,0.0,0.9764705882238062,83,2,0,0
sem_erro,mlp,lacuna,80,60,60,78,78,34,44,0,78,0,3,3,0.9615384615384616,0.9615384615384616,0.0,0.0,0.0,0.9615384615261341,75,3,0,0
sem_erro,mlp,lacuna,80,65,65,72,72,32,40,0,72,0,0,0,1.0,1.0,0.0,0.0,0.0,0.9999999999861111,72,0,0,0
sem_erro,mlp,lacuna,80,70,70,67,67,30,37,0,67,0,0,0,1.0,1.0,0.0,0.0,0.0,0.9999999999850746,67,0,0,0
sem_erro,mlp,lacuna,80,75,75,63,63,28,35,0,63,0,1,1,0.9841269841269841,0.9841269841269841,0.0,0.0,0.0,0.9841269841113631,62,1,0,0
sem_erro,mlp,lacuna,80,80,80,59,59,25,34,0,59,0,0,0,1.0,1.0,0.0,0.0,0.0,0.9999999999830509,59,0,0,0
sem_erro,mlp,lacuna,90,5,5,933,933,439,494,0,933,0,4,4,0.9646302250803859,0.9646302250803859,0.0,0.0,0.0,0.9646302250793519,900,33,0,0
sem_erro,mlp,lacuna,90,10,10,467,467,221,246,0,467,0,3,3,0.9357601713062098,0.9357601713062098,0.0,0.0,0.0,0.9357601713042061,437,30,0,0
sem_erro,mlp,lacuna,90,15,15,311,311,147,164,0,311,0,4,4,0.9614147909967846,0.9614147909967846,0.0,0.0,0.0,0.9614147909936932,299,12,0,0
sem_erro,mlp,lacuna,90,20,20,234,234,111,123,0,234,0,3,3,0.9487179487179487,0.9487179487179487,0.0,0.0,0.0,0.9487179487138944,222,12,0,0
sem_erro,mlp,lacuna,90,25,25,187,187,89,98,0,187,0,2,2,0.9786096256684492,0.9786096256684492,0.0,0.0,0.0,0.9786096256632161,183,4,0,0
sem_erro,mlp,lacuna,90,30,30,156,156,72,84,0,156,0,3,3,0.9358974358974359,0.9358974358974359,0.0,0.0,0.0,0.9358974358914366,146,10,0,0
sem_erro,mlp,lacuna,90,35,35,134,134,63,71,0,134,0,4,4,0.9701492537313433,0.9701492537313433,0.0,0.0,0.0,0.9701492537241034,130,4,0,0
sem_erro,mlp,lacuna,90,40,40,117,117,54,63,0,117,0,4,4,0.9487179487179487,0.9487179487179487,0.0,0.0,0.0,0.9487179487098399,111,6,0,0
sem_erro,mlp,lacuna,90,45,45,104,104,50,54,0,104,0,3,3,0.9615384615384616,0.9615384615384616,0.0,0.0,0.0,0.961538461529216,100,4,0,0
sem_erro,mlp,lacuna,90,50,50,94,94,45,49,0,94,0,6,6,0.925531914893617,0.925531914893617,0.0,0.0,0.0,0.925531914883771,87,7,0,0
sem_erro,mlp,lacuna,90,55,55,85,85,38,47,0,85,0,4,4,0.9529411764705882,0.9529411764705882,0.0,0.0,0.0,0.9529411764593771,81,4,0,0
sem_erro,mlp,lacuna,90,60,60,78,78,36,42,0,78,0,3,3,0.9615384615384616,0.9615384615384616,0.0,0.0,0.0,0.9615384615261341,75,3,0,0
sem_erro,mlp,lacuna,90,65,65,72,72,34,38,0,72,0,3,3,0.9583333333333334,0.9583333333333334,0.0,0.0,0.0,0.9583333333200231,69,3,0,0
sem_erro,mlp,lacuna,90,70,70,67,67,30,37,0,67,0,0,0,1.0,1.0,0.0,0.0,0.0,0.9999999999850746,67,0,0,0
sem_erro,mlp,lacuna,90,75,75,63,63,30,33,0,63,0,4,4,0.9365079365079365,0.9365079365079365,0.0,0.0,0.0,0.9365079364930714,59,4,0,0
sem_erro,mlp,lacuna,90,80,80,59,59,28,31,0,59,0,3,3,0.9491525423728814,0.9491525423728814,0.0,0.0,0.0,0.949152542356794,56,3,0,0
sem_erro,mlp,lacuna,90,85,85,55,55,25,30,0,55,0,2,2,0.9636363636363636,0.9636363636363636,0.0,0.0,0.0,0.9636363636188431,53,2,0,0
sem_erro,mlp,lacuna,90,90,90,52,52,25,27,0,52,0,1,1,0.9807692307692307,0.9807692307692307,0.0,0.0,0.0,0.9807692307503699,51,1,0,0
sem_erro,mlp,lacuna,100,5,5,931,931,457,474,0,931,0,6,6,0.9473684210526315,0.9473684210526315,0.0,0.0,0.0,0.947368421051614,882,49,0,0
sem_erro,mlp,lacuna,100,10,10,466,466,230,236,0,466,0,5,5,0.9549356223175965,0.9549356223175965,0.0,0.0,0.0,0.9549356223155474,445,21,0,0
sem_erro,mlp,lacuna,100,15,15,311,311,155,156,0,311,0,8,8,0.954983922829582,0.954983922829582,0.0,0.0,0.0,0.9549839228265113,297,14,0,0
sem_erro,mlp,lacuna,100,20,20,233,233,115,118,0,233,0,4,4,0.9184549356223176,0.9184549356223176,0.0,0.0,0.0,0.9184549356183758,214,19,0,0
sem_erro,mlp,lacuna,100,25,25,187,187,90,97,0,187,0,3,3,0.983957219251337,0.983957219251337,0.0,0.0,0.0,0.9839572192460752,184,3,0,0
sem_erro,mlp,lacuna,100,30,30,156,156,75,81,0,156,0,4,4,0.967948717948718,0.967948717948718,0.0,0.0,0.0,0.9679487179425132,151,5,0,0
sem_erro,mlp,lacuna,100,35,35,133,133,64,69,0,133,0,3,3,0.9548872180451128,0.9548872180451128,0.0,0.0,0.0,0.9548872180379333,127,6,0,0
sem_erro,mlp,lacuna,100,40,40,117,117,58,59,0,117,0,3,3,0.9487179487179487,0.9487179487179487,0.0,0.0,0.0,0.9487179487098399,111,6,0,0
sem_erro,mlp,lacuna,100,45,45,104,104,52,52,0,104,0,3,3,0.9711538461538461,0.9711538461538461,0.0,0.0,0.0,0.9711538461445081,101,3,0,0
sem_erro,mlp,lacuna,100,50,50,94,94,45,49,0,94,0,2,2,0.9787234042553191,0.9787234042553191,0.0,0.0,0.0,0.9787234042449071,92,2,0,0
sem_erro,mlp,lacuna,100,55,55,85,85,40,45,0,85,0,2,2,0.9647058823529412,0.9647058823529412,0.0,0.0,0.0,0.9647058823415916,82,3,0,0
sem_erro,mlp,lacuna,100,60,60,78,78,38,40,0,78,0,1,1,0.9743589743589743,0.9743589743589743,0.0,0.0,0.0,0.9743589743464826,76,2,0,0
sem_erro,mlp,lacuna,100,65,65,72,72,34,38,0,72,0,2,2,0.9722222222222222,0.9722222222222222,0.0,0.0,0.0,0.9722222222087191,70,2,0,0
sem_erro,mlp,lacuna,100,70,70,67,67,31,36,0,67,0,2,2,0.9552238805970149,0.9552238805970149,0.0,0.0,0.0,0.9552238805827578,64,3,0,0
sem_erro,mlp,lacuna,100,75,75,63,63,31,32,0,63,0,3,3,0.9523809523809523,0.9523809523809523,0.0,0.0,0.0,0.9523809523658353,60,3,0,0
sem_erro,mlp,lacuna,100,80,80,59,59,30,29,0,59,0,2,2,0.9661016949152542,0.9661016949152542,0.0,0.0,0.0,0.9661016948988796,57,2,0,0
sem_erro,mlp,lacuna,100,85,85,55,55,27,28,0,55,0,1,1,0.9818181818181818,0.9818181818181818,0.0,0.0,0.0,0.9818181818003306,54,1,0,0
sem_erro,mlp,lacuna,100,90,90,52,52,26,26,0,52,0,3,3,0.9423076923076923,0.9423076923076923,0.0,0.0,0.0,0.9423076922895711,49,3,0,0
sem_erro,mlp,lacuna,100,95,95,49,49,22,27,0,49,0,2,2,0.9591836734693877,0.9591836734693877,0.0,0.0,0.0,0.9591836734498127,47,2,0,0
sem_erro,mlp,lacuna,100,100,100,47,47,23,24,0,47,0,0,0,1.0,1.0,0.0,0.0,0.0,0.9999999999787235,47,0,0,0
sem_erro,mlp,oscilacao,20,5,5,947,947,339,608,0,947,0,23,23,0.9429778247096093,0.9429778247096093,0.0,0.0,0.0,0.9429778247086136,893,54,0,0
sem_erro,mlp,oscilacao,20,10,10,474,474,167,307,0,474,0,33,33,0.8565400843881856,0.8565400843881856,0.0,0.0,0.0,0.8565400843863786,406,68,0,0
sem_erro,mlp,oscilacao,20,15,15,316,316,110,206,0,316,0,32,32,0.8291139240506329,0.8291139240506329,0.0,0.0,0.0,0.8291139240480092,262,54,0,0
sem_erro,mlp,oscilacao,20,20,20,237,237,83,154,0,237,0,8,8,0.9578059071729957,0.9578059071729957,0.0,0.0,0.0,0.9578059071689544,227,10,0,0
sem_erro,mlp,oscilacao,30,5,5,945,945,371,574,0,945,0,25,25,0.9365079365079365,0.9365079365079365,0.0,0.0,0.0,0.9365079365069455,885,60,0,0
sem_erro,mlp,oscilacao,30,10,10,473,473,183,290,0,473,0,32,32,0.8224101479915433,0.8224101479915433,0.0,0.0,0.0,0.8224101479898046,389,84,0,0
sem_erro,mlp,oscilacao,30,15,15,315,315,122,193,0,315,0,11,11,0.9492063492063492,0.9492063492063492,0.0,0.0,0.0,0.9492063492033359,299,16,0,0
sem_erro,mlp,oscilacao,30,20,20,237,237,91,146,0,237,0,14,14,0.919831223628692,0.919831223628692,0.0,0.0,0.0,0.9198312236248108,218,19,0,0
sem_erro,mlp,oscilacao,30,25,25,189,189,76,113,0,189,0,17,17,0.8888888888888888,0.8888888888888888,0.0,0.0,0.0,0.8888888888841858,168,21,0,0
sem_erro,mlp,oscilacao,30,30,30,158,158,63,95,0,158,0,16,16,0.8924050632911392,0.8924050632911392,0.0,0.0,0.0,0.8924050632854912,141,17,0,0
sem_erro,mlp,oscilacao,40,5,5,943,943,402,541,0,943,0,45,45,0.76033934252386,0.76033934252386,0.0,0.0,0.0,0.7603393425230537,717,226,0,0
sem_erro,mlp,oscilacao,40,10,10,472,472,199,273,0,472,0,11,11,0.9385593220338984,0.9385593220338984,0.0,0.0,0.0,0.9385593220319098,443,29,0,0
sem_erro,mlp,oscilacao,40,15,15,315,315,136,179,0,315,0,29,29,0.834920634920635,0.834920634920635,0.0,0.0,0.0,0.8349206349179844,263,52,0,0
sem_erro,mlp,oscilacao,40,20,20,236,236,99,137,0,236,0,32,32,0.7245762711864406,0.7245762711864406,0.0,0.0,0.0,0.7245762711833704,171,65,0,0
sem_erro,mlp,oscilacao,40,25,25,189,189,81,108,0,189,0,24,24,0.8253968253968254,0.8253968253968254,0.0,0.0,0.0,0.8253968253924583,156,33,0,0
sem_erro,mlp,oscilacao,40,30,30,158,158,69,89,0,158,0,17,17,0.8607594936708861,0.8607594936708861,0.0,0.0,0.0,0.8607594936654382,136,22,0,0
sem_erro,mlp,oscilacao,40,35,35,135,135,58,77,0,135,0,19,19,0.8222222222222222,0.8222222222222222,0.0,0.0,0.0,0.8222222222161317,111,24,0,0
sem_erro,mlp,oscilacao,40,40,40,118,118,51,67,0,118,0,19,19,0.7711864406779662,0.7711864406779662,0.0,0.0,0.0,0.7711864406714306,91,27,0,0
sem_erro,mlp,oscilacao,50,5,5,941,941,431,510,0,941,0,31,31,0.9022316684378321,0.9022316684378321,0.0,0.0,0.0,0.9022316684368733,849,92,0,0
sem_erro,mlp,oscilacao,50,10,10,471,471,214,257,0,471,0,28,28,0.8280254777070064,0.8280254777070064,0.0,0.0,0.0,0.8280254777052484,390,81,0,0
sem_erro,mlp,oscilacao,50,15,15,314,314,140,174,0,314,0,10,10,0.9585987261146497,0.9585987261146497,0.0,0.0,0.0,0.9585987261115968,301,13,0,0
sem_erro,mlp,oscilacao,50,20,20,236,236,107,129,0,236,0,26,26,0.8177966101694916,0.8177966101694916,0.0,0.0,0.0,0.8177966101660263,193,43,0,0
sem_erro,mlp,oscilacao,50,25,25,189,189,88,101,0,189,0,25,25,0.7936507936507936,0.7936507936507936,0.0,0.0,0.0,0.7936507936465945,150,39,0,0
sem_erro,mlp,oscilacao,50,30,30,157,157,71,86,0,157,0,26,26,0.7261146496815286,0.7261146496815286,0.0,0.0,0.0,0.7261146496769038,114,43,0,0
sem_erro,mlp,oscilacao,50,35,35,135,135,62,73,0,135,0,15,15,0.762962962962963,0.762962962962963,0.0,0.0,0.0,0.7629629629573115,103,32,0,0
sem_erro,mlp,oscilacao,50,40,40,118,118,53,65,0,118,0,19,19,0.8050847457627118,0.8050847457627118,0.0,0.0,0.0,0.8050847457558891,95,23,0,0
sem_erro,mlp,oscilacao,50,45,45,105,105,44,61,0,105,0,17,17,0.8095238095238095,0.8095238095238095,0.0,0.0,0.0,0.8095238095160997,85,20,0,0
sem_erro,mlp,oscilacao,50,50,50,95,95,44,51,0,95,0,15,15,0.7894736842105263,0.7894736842105263,0.0,0.0,0.0,0.7894736842022161,75,20,0,0
sem_erro,mlp,oscilacao,60,5,5,939,939,459,480,0,939,0,35,35,0.8359957401490948,0.8359957401490948,0.0,0.0,0.0,0.8359957401482044,785,154,0,0
sem_erro,mlp,oscilacao,60,10,10,470,470,228,242,0,470,0,31,31,0.8340425531914893,0.8340425531914893,0.0,0.0,0.0,0.8340425531897149,392,78,0,0
sem_erro,mlp,oscilacao,60,15,15,313,313,152,161,0,313,0,32,32,0.7795527156549521,0.7795527156549521,0.0,0.0,0.0,0.7795527156524615,244,69,0,0
sem_erro,mlp,oscilacao,60,20,20,235,235,114,121,0,235,0,23,23,0.8553191489361702,0.8553191489361702,0.0,0.0,0.0,0.8553191489325306,201,34,0,0
sem_erro,mlp,oscilacao,60,25,25,188,188,95,93,0,188,0,19,19,0.8723404255319149,0.8723404255319149,0.0,0.0,0.0,0.8723404255272749,164,24,0,0
sem_erro,mlp,oscilacao,60,30,30,157,157,79,78,0,157,0,17,17,0.821656050955414,0.821656050955414,0.0,0.0,0.0,0.8216560509501806,129,28,0,0
sem_erro,mlp,oscilacao,60,35,35,135,135,66,69,0,135,0,18,18,0.7703703703703704,0.7703703703703704,0.0,0.0,0.0,0.7703703703646639,104,31,0,0
sem_erro,mlp,oscilacao,60,40,40,118,118,56,62,0,118,0,19,19,0.7711864406779662,0.7711864406779662,0.0,0.0,0.0,0.7711864406714306,91,27,0,0
sem_erro,mlp,oscilacao,60,45,45,105,105,51,54,0,105,0,16,16,0.8,0.8,0.0,0.0,0.0,0.7999999999923809,84,21,0,0
sem_erro,mlp,oscilacao,60,50,50,94,94,47,47,0,94,0,19,19,0.7446808510638298,0.7446808510638298,0.0,0.0,0.0,0.7446808510559076,70,24,0,0
sem_erro,mlp,oscilacao,60,55,55,86,86,44,42,0,86,0,13,13,0.7906976744186046,0.7906976744186046,0.0,0.0,0.0,0.7906976744094104,68,18,0,0
sem_erro,mlp,oscilacao,60,60,60,79,79,40,39,0,79,0,11,11,0.8354430379746836,0.8354430379746836,0.0,0.0,0.0,0.8354430379641082,66,13,0,0
sem_erro,mlp,oscilacao,70,5,5,937,937,487,450,0,937,0,50,50,0.8505869797225186,0.8505869797225186,0.0,0.0,0.0,0.8505869797216109,797,140,0,0
sem_erro,mlp,oscilacao,70,10,10,469,469,242,227,0,469,0,49,49,0.7100213219616205,0.7100213219616205,0.0,0.0,0.0,0.7100213219601066,333,136,0,0
sem_erro,mlp,oscilacao,70,15,15,313,313,164,149,0,313,0,31,31,0.7955271565495208,0.7955271565495208,0.0,0.0,0.0,0.7955271565469791,249,64,0,0
sem_erro,mlp,oscilacao,70,20,20,235,235,121,114,0,235,0,16,16,0.8595744680851064,0.8595744680851064,0.0,0.0,0.0,0.8595744680814487,202,33,0,0
sem_erro,mlp,oscilacao,70,25,25,188,188,97,91,0,188,0,19,19,0.8031914893617021,0.8031914893617021,0.0,0.0,0.0,0.8031914893574299,151,37,0,0
sem_erro,mlp,oscilacao,70,30,30,157,157,83,74,0,157,0,19,19,0.7643312101910829,0.7643312101910829,0.0,0.0,0.0,0.7643312101862145,120,37,0,0
sem_erro,mlp,oscilacao,70,35,35,134,134,68,66,0,134,0,18,18,0.8059701492537313,0.8059701492537313,0.0,0.0,0.0,0.8059701492477167,108,26,0,0
sem_erro,mlp,oscilacao,70,40,40,118,118,62,56,0,118,0,17,17,0.7457627118644068,0.7457627118644068,0.0,0.0,0.0,0.7457627118580867,88,30,0,0
sem_erro,mlp,oscilacao,70,45,45,105,105,56,49,0,105,0,17,17,0.7714285714285715,0.7714285714285715,0.0,0.0,0.0,0.7714285714212245,81,24,0,0
sem_erro,mlp,oscilacao,70,50,50,94,94,47,47,0,94,0,13,13,0.7659574468085106,0.7659574468085106,0.0,0.0,0.0,0.7659574468003622,72,22,0,0
sem_erro,mlp,oscilacao,70,55,55,86,86,46,40,0,86,0,19,19,0.7325581395348837,0.7325581395348837,0.0,0.0,0.0,0.7325581395263656,63,23,0,0
sem_erro,mlp,oscilacao,70,60,60,79,79,42,37,0,79,0,18,18,0.6582278481012658,0.6582278481012658,0.0,0.0,0.0,0.6582278480929338,52,27,0,0
sem_erro,mlp,oscilacao,70,65,65,73,73,38,35,0,73,0,10,10,0.8356164383561644,0.8356164383561644,0.0,0.0,0.0,0.8356164383447175,61,12,0,0
sem_erro,mlp,oscilacao,70,70,70,67,67,34,33,0,67,0,10,10,0.6865671641791045,0.6865671641791045,0.0,0.0,0.0,0.6865671641688572,46,21,0,0
sem_erro,mlp,oscilacao,80,5,5,935,935,513,422,0,935,0,31,31,0.8491978609625669,0.8491978609625669,0.0,0.0,0.0,0.8491978609616586,794,141,0,0
sem_erro,mlp,oscilacao,80,10,10,468,468,255,213,0,468,0,37,37,0.6538461538461539,0.6538461538461539,0.0,0.0,0.0,0.6538461538447568,306,162,0,0
sem_erro,mlp,oscilacao,80,15,15,312,312,168,144,0,312,0,32,32,0.75,0.75,0.0,0.0,0.0,0.7499999999975961,234,78,0,0
sem_erro,mlp,oscilacao,80,20,20,234,234,128,106,0,234,0,32,32,0.5897435897435898,0.5897435897435898,0.0,0.0,0.0,0.5897435897410696,138,96,0,0
sem_erro,mlp,oscilacao,80,25,25,187,187,104,83,0,187,0,20,20,0.8074866310160428,0.8074866310160428,0.0,0.0,0.0,0.8074866310117247,151,36,0,0
sem_erro,mlp,oscilacao,80,30,30,156,156,85,71,0,156,0,18,18,0.8205128205128205,0.8205128205128205,0.0,0.0,0.0,0.8205128205075609,128,28,0,0
sem_erro,mlp,oscilacao,80,35,35,134,134,73,61,0,134,0,21,21,0.7985074626865671,0.7985074626865671,0.0,0.0,0.0,0.7985074626806082,107,27,0,0
sem_erro,mlp,oscilacao,80,40,40,117,117,66,51,0,117,0,19,19,0.7350427350427351,0.7350427350427351,0.0,0.0,0.0,0.7350427350364526,86,31,0,0
sem_erro,mlp,oscilacao,80,45,45,104,104,56,48,0,104,0,16,16,0.7692307692307693,0.7692307692307693,0.0,0.0,0.0,0.7692307692233727,80,24,0,0
sem_erro,mlp,oscilacao,80,50,50,94,94,49,45,0,94,0,16,16,0.7659574468085106,0.7659574468085106,0.0,0.0,0.0,0.7659574468003622,72,22,0,0
sem_erro,mlp,oscilacao,80,55,55,85,85,46,39,0,85,0,16,16,0.7176470588235294,0.7176470588235294,0.0,0.0,0.0,0.7176470588150865,61,24,0,0
sem_erro,mlp,oscilacao,80,60,60,78,78,43,35,0,78,0,19,19,0.6410256410256411,0.6410256410256411,0.0,0.0,0.0,0.6410256410174228,50,28,0,0
sem_erro,mlp,oscilacao,80,65,65,72,72,39,33,0,72,0,10,10,0.8055555555555556,0.8055555555555556,0.0,0.0,0.0,0.8055555555443672,58,14,0,0
sem_erro,mlp,oscilacao,80,70,70,67,67,36,31,0,67,0,10,10,0.8507462686567164,0.8507462686567164,0.0,0.0,0.0,0.8507462686440187,57,10,0,0
sem_erro,mlp,oscilacao,80,75,75,63,63,36,27,0,63,0,13,13,0.6507936507936508,0.6507936507936508,0.0,0.0,0.0,0.6507936507833207,41,22,0,0
sem_erro,mlp,oscilacao,80,80,80,59,59,32,27,0,59,0,12,12,0.7966101694915254,0.7966101694915254,0.0,0.0,0.0,0.7966101694780237,47,12,0,0
sem_erro,mlp,oscilacao,90,5,5,933,933,537,396,0,933,0,54,54,0.7352625937834941,0.7352625937834941,0.0,0.0,0.0,0.7352625937827061,686,247,0,0
sem_erro,mlp,oscilacao,90,10,10,467,467,267,200,0,467,0,43,43,0.5546038543897216,0.5546038543897216,0.0,0.0,0.0,0.5546038543885341,259,208,0,0
sem_erro,mlp,oscilacao,90,15,15,311,311,178,133,0,311,0,33,33,0.5819935691318328,0.5819935691318328,0.0,0.0,0.0,0.5819935691299615,181,130,0,0
sem_erro,mlp,oscilacao,90,20,20,234,234,134,100,0,234,0,24,24,0.8162393162393162,0.8162393162393162,0.0,0.0,0.0,0.8162393162358281,191,43,0,0
sem_erro,mlp,oscilacao,90,25,25,187,187,107,80,0,187,0,28,28,0.6898395721925134,0.6898395721925134,0.0,0.0,0.0,0.6898395721888244,129,58,0,0
sem_erro,mlp,oscilacao,90,30,30,156,156,91,65,0,156,0,14,14,0.8333333333333334,0.8333333333333334,0.0,0.0,0.0,0.8333333333279915,130,26,0,0
sem_erro,mlp,oscilacao,90,35,35,134,134,78,56,0,134,0,23,23,0.6865671641791045,0.6865671641791045,0.0,0.0,0.0,0.6865671641739809,92,42,0,0
sem_erro,mlp,oscilacao,90,40,40,117,117,67,50,0,117,0,18,18,0.717948717948718,0.717948717948718,0.0,0.0,0.0,0.7179487179425816,84,33,0,0
sem_erro,mlp,oscilacao,90,45,45,104,104,58,46,0,104,0,18,18,0.7115384615384616,0.7115384615384616,0.0,0.0,0.0,0.7115384615316198,74,30,0,0
sem_erro,mlp,oscilacao,90,50,50,94,94,51,43,0,94,0,14,14,0.7021276595744681,0.7021276595744681,0.0,0.0,0.0,0.7021276595669986,66,28,0,0
sem_erro,mlp,oscilacao,90,55,55,85,85,47,38,0,85,0,18,18,0.7294117647058823,0.7294117647058823,0.0,0.0,0.0,0.729411764697301,62,23,0,0
sem_erro,mlp,oscilacao,90,60,60,78,78,46,32,0,78,0,13,13,0.6923076923076923,0.6923076923076923,0.0,0.0,0.0,0.6923076922988165,54,24,0,0
sem_erro,mlp,oscilacao,90,65,65,72,72,42,30,0,72,0,12,12,0.6388888888888888,0.6388888888888888,0.0,0.0,0.0,0.6388888888800154,46,26,0,0
sem_erro,mlp,oscilacao,90,70,70,67,67,38,29,0,67,0,12,12,0.7611940298507462,0.7611940298507462,0.0,0.0,0.0,0.7611940298393851,51,16,0,0
sem_erro,mlp,oscilacao,90,75,75,63,63,38,25,0,63,0,12,12,0.6666666666666666,0.6666666666666666,0.0,0.0,0.0,0.6666666666560846,42,21,0,0
sem_erro,mlp,oscilacao,90,80,80,59,59,33,26,0,59,0,13,13,0.7288135593220338,0.7288135593220338,0.0,0.0,0.0,0.7288135593096812,43,16,0,0
sem_erro,mlp,oscilacao,90,85,85,55,55,33,22,0,55,0,16,16,0.6363636363636364,0.6363636363636364,0.0,0.0,0.0,0.6363636363520662,35,20,0,0
sem_erro,mlp,oscilacao,90,90,90,52,52,28,24,0,52,0,6,6,0.7884615384615384,0.7884615384615384,0.0,0.0,0.0,0.7884615384463758,41,11,0,0
sem_erro,mlp,oscilacao,100,5,5,931,931,560,371,0,931,0,63,63,0.6251342642320086,0.6251342642320086,0.0,0.0,0.0,0.6251342642313371,582,349,0,0
sem_erro,mlp,oscilacao,100,10,10,466,466,278,188,0,466,0,31,31,0.7854077253218884,0.7854077253218884,0.0,0.0,0.0,0.785407725320203,366,100,0,0
sem_erro,mlp,oscilacao,100,15,15,311,311,189,122,0,311,0,24,24,0.77491961414791,0.77491961414791,0.0,0.0,0.0,0.7749196141454183,241,70,0,0
sem_erro,mlp,oscilacao,100,20,20,233,233,139,94,0,233,0,8,8,0.9012875536480687,0.9012875536480687,0.0,0.0,0.0,0.9012875536442005,210,23,0,0
sem_erro,mlp,oscilacao,100,25,25,187,187,113,74,0,187,0,26,26,0.6042780748663101,0.6042780748663101,0.0,0.0,0.0,0.6042780748630787,113,74,0,0
sem_erro,mlp,oscilacao,100,30,30,156,156,95,61,0,156,0,13,13,0.8076923076923077,0.8076923076923077,0.0,0.0,0.0,0.8076923076871302,126,30,0,0
sem_erro,mlp,oscilacao,100,35,35,133,133,78,55,0,133,0,15,15,0.7593984962406015,0.7593984962406015,0.0,0.0,0.0,0.7593984962348918,101,32,0,0
sem_erro,mlp,oscilacao,100,40,40,117,117,68,49,0,117,0,18,18,0.717948717948718,0.717948717948718,0.0,0.0,0.0,0.7179487179425816,84,33,0,0
sem_erro,mlp,oscilacao,100,45,45,104,104,62,42,0,104,0,25,25,0.5384615384615384,0.5384615384615384,0.0,0.0,0.0,0.5384615384563609,56,48,0,0
sem_erro,mlp,oscilacao,100,50,50,94,94,55,39,0,94,0,16,16,0.4574468085106383,0.4574468085106383,0.0,0.0,0.0,0.45744680850577185,43,51,0,0
sem_erro,mlp,oscilacao,100,55,55,85,85,53,32,0,85,0,12,12,0.788235294117647,0.788235294117647,0.0,0.0,0.0,0.7882352941083737,67,18,0,0
sem_erro,mlp,oscilacao,100,60,60,78,78,48,30,0,78,0,14,14,0.5897435897435898,0.5897435897435898,0.0,0.0,0.0,0.5897435897360289,46,32,0,0
sem_erro,mlp,oscilacao,100,65,65,72,72,44,28,0,72,0,10,10,0.7222222222222222,0.7222222222222222,0.0,0.0,0.0,0.7222222222121913,52,20,0,0
sem_erro,mlp,oscilacao,100,70,70,67,67,38,29,0,67,0,8,8,0.8059701492537313,0.8059701492537313,0.0,0.0,0.0,0.8059701492417018,54,13,0,0
sem_erro,mlp,oscilacao,100,75,75,63,63,40,23,0,63,0,17,17,0.6031746031746031,0.6031746031746031,0.0,0.0,0.0,0.603174603165029,38,25,0,0
sem_erro,mlp,oscilacao,100,80,80,59,59,34,25,0,59,0,11,11,0.576271186440678,0.576271186440678,0.0,0.0,0.0,0.5762711864309107,34,25,0,0
sem_erro,mlp,oscilacao,100,85,85,55,55,35,20,0,55,0,18,18,0.6363636363636364,0.6363636363636364,0.0,0.0,0.0,0.6363636363520662,35,20,0,0
sem_erro,mlp,oscilacao,100,90,90,52,52,29,23,0,52,0,12,12,0.6153846153846154,0.6153846153846154,0.0,0.0,0.0,0.6153846153727811,32,20,0,0
sem_erro,mlp,oscilacao,100,95,95,49,49,30,19,0,49,0,7,7,0.7142857142857143,0.7142857142857143,0.0,0.0,0.0,0.7142857142711371,35,14,0,0
sem_erro,mlp,oscilacao,100,100,100,47,47,27,20,0,47,0,11,11,0.5531914893617021,0.5531914893617021,0.0,0.0,0.0,0.5531914893499321,26,21,0,0
sem_erro,mlp,queda,20,5,5,947,947,215,732,0,947,0,34,34,0.938753959873284,0.938753959873284,0.0,0.0,0.0,0.9387539598722928,889,58,0,0
sem_erro,mlp,queda,20,10,10,474,474,108,366,0,474,0,14,14,0.9620253164556962,0.9620253164556962,0.0,0.0,0.0,0.9620253164536666,456,18,0,0
sem_erro,mlp,queda,20,15,15,316,316,71,245,0,316,0,10,10,0.9651898734177216,0.9651898734177216,0.0,0.0,0.0,0.9651898734146671,305,11,0,0
sem_erro,mlp,queda,20,20,20,237,237,53,184,0,237,0,6,6,0.9746835443037974,0.9746835443037974,0.0,0.0,0.0,0.974683544299685,231,6,0,0
sem_erro,mlp,queda,30,5,5,945,945,254,691,0,945,0,44,44,0.9132275132275133,0.9132275132275133,0.0,0.0,0.0,0.9132275132265468,863,82,0,0
sem_erro,mlp,queda,30,10,10,473,473,128,345,0,473,0,20,20,0.9429175475687104,0.9429175475687104,0.0,0.0,0.0,0.9429175475667169,446,27,0,0
sem_erro,mlp,queda,30,15,15,315,315,83,232,0,315,0,36,36,0.8063492063492064,0.8063492063492064,0.0,0.0,0.0,0.8063492063466465,254,61,0,0
sem_erro,mlp,queda,30,20,20,237,237,64,173,0,237,0,1,1,0.9915611814345991,0.9915611814345991,0.0,0.0,0.0,0.9915611814304154,235,2,0,0
sem_erro,mlp,queda,30,25,25,189,189,53,136,0,189,0,30,30,0.798941798941799,0.798941798941799,0.0,0.0,0.0,0.7989417989375718,151,38,0,0
sem_erro,mlp,queda,30,30,30,158,158,41,117,0,158,0,23,23,0.8291139240506329,0.8291139240506329,0.0,0.0,0.0,0.8291139240453854,131,27,0,0
sem_erro,mlp,queda,40,5,5,943,943,289,654,0,943,0,85,85,0.7062566277836692,0.7062566277836692,0.0,0.0,0.0,0.7062566277829202,666,277,0,0
sem_erro,mlp,queda,40,10,10,472,472,145,327,0,472,0,30,30,0.8961864406779662,0.8961864406779662,0.0,0.0,0.0,0.8961864406760675,423,49,0,0
sem_erro,mlp,queda,40,15,15,315,315,97,218,0,315,0,12,12,0.9555555555555556,0.9555555555555556,0.0,0.0,0.0,0.955555555552522,301,14,0,0
sem_erro,mlp,queda,40,20,20,236,236,72,164,0,236,0,46,46,0.7203389830508474,0.7203389830508474,0.0,0.0,0.0,0.7203389830477952,170,66,0,0
sem_erro,mlp,queda,40,25,25,189,189,59,130,0,189,0,28,28,0.798941798941799,0.798941798941799,0.0,0.0,0.0,0.7989417989375718,151,38,0,0
sem_erro,mlp,queda,40,30,30,158,158,48,110,0,158,0,22,22,0.8164556962025317,0.8164556962025317,0.0,0.0,0.0,0.8164556961973642,129,29,0,0
sem_erro,mlp,queda,40,35,35,135,135,41,94,0,135,0,18,18,0.837037037037037,0.837037037037037,0.0,0.0,0.0,0.8370370370308369,113,22,0,0
sem_erro,mlp,queda,40,40,40,118,118,32,86,0,118,0,16,16,0.8305084745762712,0.8305084745762712,0.0,0.0,0.0,0.8305084745692329,98,20,0,0
sem_erro,mlp,queda,50,5,5,941,941,318,623,0,941,0,96,96,0.5961742826780021,0.5961742826780021,0.0,0.0,0.0,0.5961742826773686,561,380,0,0
sem_erro,mlp,queda,50,10,10,471,471,160,311,0,471,0,47,47,0.8301486199575372,0.8301486199575372,0.0,0.0,0.0,0.8301486199557746,391,80,0,0
sem_erro,mlp,queda,50,15,15,314,314,104,210,0,314,0,25,25,0.8757961783439491,0.8757961783439491,0.0,0.0,0.0,0.8757961783411599,275,39,0,0
sem_erro,mlp,queda,50,20,20,236,236,80,156,0,236,0,14,14,0.9194915254237288,0.9194915254237288,0.0,0.0,0.0,0.9194915254198327,217,19,0,0
sem_erro,mlp,queda,50,25,25,189,189,65,124,0,189,0,21,21,0.8359788359788359,0.8359788359788359,0.0,0.0,0.0,0.8359788359744128,158,31,0,0
sem_erro,mlp,queda,50,30,30,157,157,53,104,0,157,0,23,23,0.7643312101910829,0.7643312101910829,0.0,0.0,0.0,0.7643312101862145,120,37,0,0
sem_erro,mlp,queda,50,35,35,135,135,48,87,0,135,0,18,18,0.837037037037037,0.837037037037037,0.0,0.0,0.0,0.8370370370308369,113,22,0,0
sem_erro,mlp,queda,50,40,40,118,118,37,81,0,118,0,12,12,0.8728813559322034,0.8728813559322034,0.0,0.0,0.0,0.8728813559248061,103,15,0,0
sem_erro,mlp,queda,50,45,45,105,105,34,71,0,105,0,23,23,0.7428571428571429,0.7428571428571429,0.0,0.0,0.0,0.742857142850068,78,27,0,0
sem_erro,mlp,queda,50,50,50,95,95,33,62,0,95,0,15,15,0.8105263157894737,0.8105263157894737,0.0,0.0,0.0,0.8105263157809418,77,18,0,0
sem_erro,mlp,queda,60,5,5,939,939,346,593,0,939,0,77,77,0.65814696485623,0.65814696485623,0.0,0.0,0.0,0.6581469648555291,618,321,0,0
sem_erro,mlp,queda,60,10,10,470,470,174,296,0,470,0,57,57,0.7276595744680852,0.7276595744680852,0.0,0.0,0.0,0.727659574466537,342,128,0,0
sem_erro,mlp,queda,60,15,15,313,313,112,201,0,313,0,44,44,0.5910543130990416,0.5910543130990416,0.0,0.0,0.0,0.5910543130971532,185,128,0,0
sem_erro,mlp,queda,60,20,20,235,235,87,148,0,235,0,16,16,0.9234042553191489,0.9234042553191489,0.0,0.0,0.0,0.9234042553152196,217,18,0,0
sem_erro,mlp,queda,60,25,25,188,188,70,118,0,188,0,27,27,0.7819148936170213,0.7819148936170213,0.0,0.0,0.0,0.7819148936128621,147,41,0,0
sem_erro,mlp,queda,60,30,30,157,157,56,101,0,157,0,26,26,0.6878980891719745,0.6878980891719745,0.0,0.0,0.0,0.6878980891675931,108,49,0,0
sem_erro,mlp,queda,60,35,35,135,135,52,83,0,135,0,24,24,0.7111111111111111,0.7111111111111111,0.0,0.0,0.0,0.7111111111058437,96,39,0,0
sem_erro,mlp,queda,60,40,40,118,118,42,76,0,118,0,18,18,0.788135593220339,0.788135593220339,0.0,0.0,0.0,0.7881355932136599,93,25,0,0
sem_erro,mlp,queda,60,45,45,105,105,37,68,0,105,0,21,21,0.7333333333333333,0.7333333333333333,0.0,0.0,0.0,0.7333333333263492,77,28,0,0
sem_erro,mlp,queda,60,50,50,94,94,36,58,0,94,0,14,14,0.8085106382978723,0.8085106382978723,0.0,0.0,0.0,0.8085106382892712,76,18,0,0
sem_erro,mlp,queda,60,55,55,86,86,32,54,0,86,0,22,22,0.686046511627907,0.686046511627907,0.0,0.0,0.0,0.6860465116199297,59,27,0,0
sem_erro,mlp,queda,60,60,60,79,79,28,51,0,79,0,22,22,0.6582278481012658,0.6582278481012658,0.0,0.0,0.0,0.6582278480929338,52,27,0,0
sem_erro,mlp,queda,70,5,5,937,937,374,563,0,937,0,73,73,0.5955176093916755,0.5955176093916755,0.0,0.0,0.0,0.59551760939104,558,379,0,0
sem_erro,mlp,queda,70,10,10,469,469,188,281,0,469,0,53,53,0.7100213219616205,0.7100213219616205,0.0,0.0,0.0,0.7100213219601066,333,136,0,0
sem_erro,mlp,queda,70,15,15,313,313,126,187,0,313,0,40,40,0.549520766773163,0.549520766773163,0.0,0.0,0.0,0.5495207667714073,172,141,0,0
sem_erro,mlp,queda,70,20,20,235,235,94,141,0,235,0,36,36,0.5872340425531914,0.5872340425531914,0.0,0.0,0.0,0.5872340425506927,138,97,0,0
sem_erro,mlp,queda,70,25,25,188,188,75,113,0,188,0,32,32,0.601063829787234,0.601063829787234,0.0,0.0,0.0,0.6010638297840369,113,75,0,0
sem_erro,mlp,queda,70,30,30,157,157,63,94,0,157,0,26,26,0.6624203821656051,0.6624203821656051,0.0,0.0,0.0,0.6624203821613859,104,53,0,0
sem_erro,mlp,queda,70,35,35,134,134,55,79,0,134,0,24,24,0.7164179104477612,0.7164179104477612,0.0,0.0,0.0,0.7164179104424149,96,38,0,0
sem_erro,mlp,queda,70,40,40,118,118,45,73,0,118,0,22,22,0.7203389830508474,0.7203389830508474,0.0,0.0,0.0,0.7203389830447429,85,33,0,0
sem_erro,mlp,queda,70,45,45,105,105,44,61,0,105,0,23,23,0.5619047619047619,0.5619047619047619,0.0,0.0,0.0,0.5619047618994104,59,46,0,0
sem_erro,mlp,queda,70,50,50,94,94,38,56,0,94,0,27,27,0.6276595744680851,0.6276595744680851,0.0,0.0,0.0,0.6276595744614079,59,35,0,0
sem_erro,mlp,queda,70,55,55,86,86,36,50,0,86,0,21,21,0.686046511627907,0.686046511627907,0.0,0.0,0.0,0.6860465116199297,59,27,0,0
sem_erro,mlp,queda,70,60,60,79,79,31,48,0,79,0,22,22,0.6455696202531646,0.6455696202531646,0.0,0.0,0.0,0.6455696202449928,51,28,0,0
sem_erro,mlp,queda,70,65,65,73,73,29,44,0,73,0,17,17,0.6438356164383562,0.6438356164383562,0.0,0.0,0.0,0.6438356164295365,47,26,0,0
sem_erro,mlp,queda,70,70,70,67,67,27,40,0,67,0,14,14,0.7164179104477612,0.7164179104477612,0.0,0.0,0.0,0.7164179104370684,48,19,0,0
sem_erro,mlp,queda,80,5,5,935,935,401,534,0,935,0,53,53,0.8481283422459893,0.8481283422459893,0.0,0.0,0.0,0.8481283422450823,793,142,0,0
sem_erro,mlp,queda,80,10,10,468,468,202,266,0,468,0,54,54,0.7200854700854701,0.7200854700854701,0.0,0.0,0.0,0.7200854700839314,337,131,0,0
sem_erro,mlp,queda,80,15,15,312,312,132,180,0,312,0,33,33,0.7948717948717948,0.7948717948717948,0.0,0.0,0.0,0.7948717948692472,248,64,0,0
sem_erro,mlp,queda,80,20,20,234,234,101,133,0,234,0,39,39,0.2863247863247863,0.2863247863247863,0.0,0.0,0.0,0.28632478632356273,67,167,0,0
sem_erro,mlp,queda,80,25,25,187,187,81,106,0,187,0,32,32,0.5935828877005348,0.5935828877005348,0.0,0.0,0.0,0.5935828876973606,111,76,0,0
sem_erro,mlp,queda,80,30,30,156,156,67,89,0,156,0,30,30,0.391025641025641,0.391025641025641,0.0,0.0,0.0,0.3910256410231345,61,95,0,0
sem_erro,mlp,queda,80,35,35,134,134,58,76,0,134,0,28,28,0.6119402985074627,0.6119402985074627,0.0,0.0,0.0,0.611940298502896,82,52,0,0
sem_erro,mlp,queda,80,40,40,117,117,47,70,0,117,0,26,26,0.6581196581196581,0.6581196581196581,0.0,0.0,0.0,0.6581196581140332,77,40,0,0
sem_erro,mlp,queda,80,45,45,104,104,47,57,0,104,0,23,23,0.5480769230769231,0.5480769230769231,0.0,0.0,0.0,0.5480769230716531,57,47,0,0
sem_erro,mlp,queda,80,50,50,94,94,40,54,0,94,0,18,18,0.648936170212766,0.648936170212766,0.0,0.0,0.0,0.6489361702058624,61,33,0,0
sem_erro,mlp,queda,80,55,55,85,85,36,49,0,85,0,20,20,0.6352941176470588,0.6352941176470588,0.0,0.0,0.0,0.6352941176395848,54,31,0,0
sem_erro,mlp,queda,80,60,60,78,78,32,46,0,78,0,19,19,0.6410256410256411,0.6410256410256411,0.0,0.0,0.0,0.6410256410174228,50,28,0,0
sem_erro,mlp,queda,80,65,65,72,72,30,42,0,72,0,14,14,0.5972222222222222,0.5972222222222222,0.0,0.0,0.0,0.5972222222139274,43,29,0,0
sem_erro,mlp,queda,80,70,70,67,67,29,38,0,67,0,18,18,0.582089552238806,0.582089552238806,0.0,0.0,0.0,0.582089552230118,39,28,0,0
sem_erro,mlp,queda,80,75,75,63,63,25,38,0,63,0,15,15,0.6825396825396826,0.6825396825396826,0.0,0.0,0.0,0.6825396825288487,43,20,0,0
sem_erro,mlp,queda,80,80,80,59,59,24,35,0,59,0,16,16,0.6610169491525424,0.6610169491525424,0.0,0.0,0.0,0.6610169491413387,39,20,0,0
sem_erro,mlp,queda,90,5,5,933,933,425,508,0,933,0,33,33,0.8456591639871383,0.8456591639871383,0.0,0.0,0.0,0.8456591639862319,789,144,0,0
sem_erro,mlp,queda,90,10,10,467,467,214,253,0,467,0,62,62,0.33832976445396146,0.33832976445396146,0.0,0.0,0.0,0.338329764453237,158,309,0,0
sem_erro,mlp,queda,90,15,15,311,311,139,172,0,311,0,49,49,0.41479099678456594,0.41479099678456594,0.0,0.0,0.0,0.4147909967832322,129,182,0,0
sem_erro,mlp,queda,90,20,20,234,234,107,127,0,234,0,18,18,0.8974358974358975,0.8974358974358975,0.0,0.0,0.0,0.8974358974320623,210,24,0,0
sem_erro,mlp,queda,90,25,25,187,187,86,101,0,187,0,38,38,0.47593582887700536,0.47593582887700536,0.0,0.0,0.0,0.4759358288744603,89,98,0,0
sem_erro,mlp,queda,90,30,30,156,156,69,87,0,156,0,30,30,0.42948717948717946,0.42948717948717946,0.0,0.0,0.0,0.4294871794844264,67,89,0,0
sem_erro,mlp,queda,90,35,35,134,134,63,71,0,134,0,21,21,0.746268656716418,0.746268656716418,0.0,0.0,0.0,0.7462686567108489,100,34,0,0
sem_erro,mlp,queda,90,40,40,117,117,51,66,0,117,0,21,21,0.6324786324786325,0.6324786324786325,0.0,0.0,0.0,0.6324786324732267,74,43,0,0
sem_erro,mlp,queda,90,45,45,104,104,47,57,0,104,0,24,24,0.4519230769230769,0.4519230769230769,0.0,0.0,0.0,0.4519230769187315,47,57,0,0
sem_erro,mlp,queda,90,50,50,94,94,43,51,0,94,0,19,19,0.5531914893617021,0.5531914893617021,0.0,0.0,0.0,0.5531914893558171,52,42,0,0
sem_erro,mlp,queda,90,55,55,85,85,37,48,0,85,0,18,18,0.7058823529411765,0.7058823529411765,0.0,0.0,0.0,0.7058823529328719,60,25,0,0
sem_erro,mlp,queda,90,60,60,78,78,33,45,0,78,0,21,21,0.5384615384615384,0.5384615384615384,0.0,0.0,0.0,0.5384615384546351,42,36,0,0
sem_erro,mlp,queda,90,65,65,72,72,32,40,0,72,0,18,18,0.6388888888888888,0.6388888888888888,0.0,0.0,0.0,0.6388888888800154,46,26,0,0
sem_erro,mlp,queda,90,70,70,67,67,33,34,0,67,0,15,15,0.582089552238806,0.582089552238806,0.0,0.0,0.0,0.582089552230118,39,28,0,0
sem_erro,mlp,queda,90,75,75,63,63,26,37,0,63,0,18,18,0.5396825396825397,0.5396825396825397,0.0,0.0,0.0,0.5396825396739733,34,29,0,0
sem_erro,mlp,queda,90,80,80,59,59,26,33,0,59,0,13,13,0.5423728813559322,0.5423728813559322,0.0,0.0,0.0,0.5423728813467394,32,27,0,0
sem_erro,mlp,queda,90,85,85,55,55,26,29,0,55,0,9,9,0.6181818181818182,0.6181818181818182,0.0,0.0,0.0,0.6181818181705786,34,21,0,0
sem_erro,mlp,queda,90,90,90,52,52,25,27,0,52,0,10,10,0.6730769230769231,0.6730769230769231,0.0,0.0,0.0,0.6730769230639794,35,17,0,0
sem_erro,mlp,queda,100,5,5,931,931,449,482,0,931,0,65,65,0.3007518796992481,0.3007518796992481,0.0,0.0,0.0,0.3007518796989251,280,651,0,0
sem_erro,mlp,queda,100,10,10,466,466,226,240,0,466,0,47,47,0.8111587982832618,0.8111587982832618,0.0,0.0,0.0,0.8111587982815212,378,88,0,0
sem_erro,mlp,queda,100,15,15,311,311,151,160,0,311,0,24,24,0.14790996784565916,0.14790996784565916,0.0,0.0,0.0,0.14790996784518357,46,265,0,0
sem_erro,mlp,queda,100,20,20,233,233,113,120,0,233,0,20,20,0.08583690987124463,0.08583690987124463,0.0,0.0,0.0,0.08583690987087624,20,213,0,0
sem_erro,mlp,queda,100,25,25,187,187,91,96,0,187,0,33,33,0.5240641711229946,0.5240641711229946,0.0,0.0,0.0,0.5240641711201922,98,89,0,0
sem_erro,mlp,queda,100,30,30,156,156,76,80,0,156,0,23,23,0.3717948717948718,0.3717948717948718,0.0,0.0,0.0,0.37179487179248855,58,98,0,0
sem_erro,mlp,queda,100,35,35,133,133,65,68,0,133,0,29,29,0.6090225563909775,0.6090225563909775,0.0,0.0,0.0,0.6090225563863984,81,52,0,0
sem_erro,mlp,queda,100,40,40,117,117,56,61,0,117,0,24,24,0.5811965811965812,0.5811965811965812,0.0,0.0,0.0,0.5811965811916137,68,49,0,0
sem_erro,mlp,queda,100,45,45,104,104,50,54,0,104,0,18,18,0.2403846153846154,0.2403846153846154,0.0,0.0,0.0,0.240384615382304,25,79,0,0
sem_erro,mlp,queda,100,50,50,94,94,46,48,0,94,0,20,20,0.6063829787234043,0.6063829787234043,0.0,0.0,0.0,0.6063829787169533,57,37,0,0
sem_erro,mlp,queda,100,55,55,85,85,40,45,0,85,0,18,18,0.6705882352941176,0.6705882352941176,0.0,0.0,0.0,0.6705882352862284,57,28,0,0
sem_erro,mlp,queda,100,60,60,78,78,37,41,0,78,0,20,20,0.5256410256410257,0.5256410256410257,0.0,0.0,0.0,0.5256410256342866,41,37,0,0
sem_erro,mlp,queda,100,65,65,72,72,35,37,0,72,0,16,16,0.5972222222222222,0.5972222222222222,0.0,0.0,0.0,0.5972222222139274,43,29,0,0
sem_erro,mlp,queda,100,70,70,67,67,34,33,0,67,0,13,13,0.7761194029850746,0.7761194029850746,0.0,0.0,0.0,0.7761194029734907,52,15,0,0
sem_erro,mlp,queda,100,75,75,63,63,29,34,0,63,0,16,16,0.49206349206349204,0.49206349206349204,0.0,0.0,0.0,0.49206349205568156,31,32,0,0
sem_erro,mlp,queda,100,80,80,59,59,30,29,0,59,0,14,14,0.4576271186440678,0.4576271186440678,0.0,0.0,0.0,0.45762711863631145,27,32,0,0
sem_erro,mlp,queda,100,85,85,55,55,29,26,0,55,0,13,13,0.43636363636363634,0.43636363636363634,0.0,0.0,0.0,0.4363636363557025,24,31,0,0
sem_erro,mlp,queda,100,90,90,52,52,26,26,0,52,0,14,14,0.4807692307692308,0.4807692307692308,0.0,0.0,0.0,0.48076923075998523,25,27,0,0
sem_erro,mlp,queda,100,95,95,49,49,20,29,0,49,0,10,10,0.673469387755102,0.673469387755102,0.0,0.0,0.0,0.6734693877413578,33,16,0,0
sem_erro,mlp,queda,100,100,100,47,47,20,27,0,47,0,11,11,0.574468085106383,0.574468085106383,0.0,0.0,0.0,0.5744680850941603,27,20,0,0
sem_erro,random_forest,lacuna,20,5,5,947,947,251,696,0,947,0,0,0,1.0,1.0,0.0,0.0,0.0,0.9999999999989441,947,0,0,0
sem_erro,random_forest,lacuna,20,10,10,474,474,127,347,0,474,0,0,0,1.0,1.0,0.0,0.0,0.0,0.9999999999978904,474,0,0,0
sem_erro,random_forest,lacuna,20,15,15,316,316,85,231,0,316,0,0,0,1.0,1.0,0.0,0.0,0.0,0.9999999999968355,316,0,0,0
sem_erro,random_forest,lacuna,20,20,20,237,237,64,173,0,237,0,0,0,1.0,1.0,0.0,0.0,0.0,0.9999999999957806,237,0,0,0
sem_erro,random_forest,lacuna,30,5,5,945,945,286,659,0,945,0,0,0,1.0,1.0,0.0,0.0,0.0,0.9999999999989418,945,0,0,0
sem_erro,random_forest,lacuna,30,10,10,473,473,144,329,0,473,0,0,0,1.0,1.0,0.0,0.0,0.0,0.9999999999978858,473,0,0,0
sem_erro,random_forest,lacuna,30,15,15,315,315,96,219,0,315,0,0,0,1.0,1.0,0.0,0.0,0.0,0.9999999999968254,315,0,0,0
sem_erro,random_forest,lacuna,30,20,20,237,237,74,163,0,237,0,0,0,1.0,1.0,0.0,0.0,0.0,0.9999999999957806,237,0,0,0
sem_erro,random_forest,lacuna,30,25,25,189,189,54,135,0,189,0,0,0,1.0,1.0,0.0,0.0,0.0,0.999999999994709,189,0,0,0
sem_erro,random_forest,lacuna,30,30,30,158,158,45,113,0,158,0,0,0,1.0,1.0,0.0,0.0,0.0,0.999999999993671,158,0,0,0
sem_erro,random_forest,lacuna,40,5,5,943,943,317,626,0,943,0,0,0,1.0,1.0,0.0,0.0,0.0,0.9999999999989395,943,0,0,0
sem_erro,random_forest,lacuna,40,10,10,472,472,160,312,0,472,0,0,0,1.0,1.0,0.0,0.0,0.0,0.9999999999978814,472,0,0,0
sem_erro,random_forest,lacuna,40,15,15,315,315,109,206,0,315,0,0,0,1.0,1.0,0.0,0.0,0.0,0.9999999999968254,315,0,0,0
sem_erro,random_forest,lacuna,40,20,20,236,236,81,155,0,236,0,0,0,1.0,1.0,0.0,0.0,0.0,0.9999999999957627,236,0,0,0
sem_erro,random_forest,lacuna,40,25,25,189,189,66,123,0,189,0,0,0,1.0,1.0,0.0,0.0,0.0,0.999999999994709,189,0,0,0
sem_erro,random_forest,lacuna,40,30,30,158,158,52,106,0,158,0,0,0,1.0,1.0,0.0,0.0,0.0,0.999999999993671,158,0,0,0
sem_erro,random_forest,lacuna,40,35,35,135,135,45,90,0,135,0,0,0,1.0,1.0,0.0,0.0,0.0,0.9999999999925927,135,0,0,0
sem_erro,random_forest,lacuna,40,40,40,118,118,39,79,0,118,0,0,0,1.0,1.0,0.0,0.0,0.0,0.9999999999915254,118,0,0,0
sem_erro,random_forest,lacuna,50,5,5,941,941,345,596,0,941,0,0,0,1.0,1.0,0.0,0.0,0.0,0.9999999999989373,941,0,0,0
sem_erro,random_forest,lacuna,50,10,10,471,471,174,297,0,471,0,0,0,1.0,1.0,0.0,0.0,0.0,0.9999999999978769,471,0,0,0
sem_erro,random_forest,lacuna,50,15,15,314,314,117,197,0,314,0,0,0,1.0,1.0,0.0,0.0,0.0,0.9999999999968153,314,0,0,0
sem_erro,random_forest,lacuna,50,20,20,236,236,89,147,0,236,0,0,0,1.0,1.0,0.0,0.0,0.0,0.9999999999957627,236,0,0,0
sem_erro,random_forest,lacuna,50,25,25,189,189,68,121,0,189,0,0,0,1.0,1.0,0.0,0.0,0.0,0.999999999994709,189,0,0,0
sem_erro,random_forest,lacuna,50,30,30,157,157,58,99,0,157,0,0,0,1.0,1.0,0.0,0.0,0.0,0.9999999999936307,157,0,0,0
sem_erro,random_forest,lacuna,50,35,35,135,135,49,86,0,135,0,0,0,1.0,1.0,0.0,0.0,0.0,0.9999999999925927,135,0,0,0
sem_erro,random_forest,lacuna,50,40,40,118,118,42,76,0,118,0,0,0,1.0,1.0,0.0,0.0,0.0,0.9999999999915254,118,0,0,0
sem_erro,random_forest,lacuna,50,45,45,105,105,39,66,0,105,0,0,0,1.0,1.0,0.0,0.0,0.0,0.9999999999904762,105,0,0,0
sem_erro,random_forest,lacuna,50,50,50,95,95,34,61,0,95,0,0,0,1.0,1.0,0.0,0.0,0.0,0.9999999999894736,95,0,0,0
sem_erro,random_forest,lacuna,60,5,5,939,939,371,568,0,939,0,0,0,1.0,1.0,0.0,0.0,0.0,0.9999999999989351,939,0,0,0
sem_erro,random_forest,lacuna,60,10,10,470,470,187,283,0,470,0,0,0,1.0,1.0,0.0,0.0,0.0,0.9999999999978724,470,0,0,0
sem_erro,random_forest,lacuna,60,15,15,313,313,124,189,0,313,0,0,0,1.0,1.0,0.0,0.0,0.0,0.9999999999968051,313,0,0,0
sem_erro,random_forest,lacuna,60,20,20,235,235,94,141,0,235,0,0,0,1.0,1.0,0.0,0.0,0.0,0.9999999999957447,235,0,0,0
sem_erro,random_forest,lacuna,60,25,25,188,188,74,114,0,188,0,0,0,1.0,1.0,0.0,0.0,0.0,0.9999999999946809,188,0,0,0
sem_erro,random_forest,lacuna,60,30,30,157,157,60,97,0,157,0,0,0,1.0,1.0,0.0,0.0,0.0,0.9999999999936307,157,0,0,0
sem_erro,random_forest,lacuna,60,35,35,135,135,51,84,0,135,0,0,0,1.0,1.0,0.0,0.0,0.0,0.9999999999925927,135,0,0,0
sem_erro,random_forest,lacuna,60,40,40,118,118,46,72,0,118,0,0,0,1.0,1.0,0.0,0.0,0.0,0.9999999999915254,118,0,0,0
sem_erro,random_forest,lacuna,60,45,45,105,105,42,63,0,105,0,0,0,1.0,1.0,0.0,0.0,0.0,0.9999999999904762,105,0,0,0
sem_erro,random_forest,lacuna,60,50,50,94,94,36,58,0,94,0,0,0,1.0,1.0,0.0,0.0,0.0,0.9999999999893616,94,0,0,0
sem_erro,random_forest,lacuna,60,55,55,86,86,31,55,0,86,0,0,0,1.0,1.0,0.0,0.0,0.0,0.9999999999883721,86,0,0,0
sem_erro,random_forest,lacuna,60,60,60,79,79,29,50,0,79,0,0,0,1.0,1.0,0.0,0.0,0.0,0.9999999999873417,79,0,0,0
sem_erro,random_forest,lacuna,70,5,5,937,937,395,542,0,937,0,0,0,1.0,1.0,0.0,0.0,0.0,0.9999999999989327,937,0,0,0
sem_erro,random_forest,lacuna,70,10,10,469,469,199,270,0,469,0,0,0,1.0,1.0,0.0,0.0,0.0,0.9999999999978678,469,0,0,0
sem_erro,random_forest,lacuna,70,15,15,313,313,134,179,0,313,0,0,0,1.0,1.0,0.0,0.0,0.0,0.9999999999968051,313,0,0,0
sem_erro,random_forest,lacuna,70,20,20,235,235,101,134,0,235,0,0,0,1.0,1.0,0.0,0.0,0.0,0.9999999999957447,235,0,0,0
sem_erro,random_forest,lacuna,70,25,25,188,188,79,109,0,188,0,0,0,1.0,1.0,0.0,0.0,0.0,0.9999999999946809,188,0,0,0
sem_erro,random_forest,lacuna,70,30,30,157,157,64,93,0,157,0,0,0,1.0,1.0,0.0,0.0,0.0,0.9999999999936307,157,0,0,0
sem_erro,random_forest,lacuna,70,35,35,134,134,53,81,0,134,0,0,0,1.0,1.0,0.0,0.0,0.0,0.9999999999925374,134,0,0,0
sem_erro,random_forest,lacuna,70,40,40,118,118,50,68,0,118,0,0,0,1.0,1.0,0.0,0.0,0.0,0.9999999999915254,118,0,0,0
sem_erro,random_forest,lacuna,70,45,45,105,105,47,58,0,105,0,2,2,0.9809523809523809,0.9809523809523809,0.0,0.0,0.0,0.9809523809430385,103,2,0,0
sem_erro,random_forest,lacuna,70,50,50,94,94,37,57,0,94,0,0,0,1.0,1.0,0.0,0.0,0.0,0.9999999999893616,94,0,0,0
sem_erro,random_forest,lacuna,70,55,55,86,86,34,52,0,86,0,0,0,1.0,1.0,0.0,0.0,0.0,0.9999999999883721,86,0,0,0
sem_erro,random_forest,lacuna,70,60,60,79,79,31,48,0,79,0,0,0,1.0,1.0,0.0,0.0,0.0,0.9999999999873417,79,0,0,0
sem_erro,random_forest,lacuna,70,65,65,73,73,32,41,0,73,0,0,0,1.0,1.0,0.0,0.0,0.0,0.9999999999863013,73,0,0,0
sem_erro,random_forest,lacuna,70,70,70,67,67,28,39,0,67,0,2,2,0.9701492537313433,0.9701492537313433,0.0,0.0,0.0,0.9701492537168634,65,2,0,0
sem_erro,random_forest,lacuna,80,5,5,935,935,419,516,0,935,0,0,0,1.0,1.0,0.0,0.0,0.0,0.9999999999989305,935,0,0,0
sem_erro,random_forest,lacuna,80,10,10,468,468,211,257,0,468,0,0,0,1.0,1.0,0.0,0.0,0.0,0.9999999999978633,468,0,0,0
sem_erro,random_forest,lacuna,80,15,15,312,312,141,171,0,312,0,0,0,1.0,1.0,0.0,0.0,0.0,0.9999999999967949,312,0,0,0
sem_erro,random_forest,lacuna,80,20,20,234,234,106,128,0,234,0,0,0,1.0,1.0,0.0,0.0,0.0,0.9999999999957265,234,0,0,0
sem_erro,random_forest,lacuna,80,25,25,187,187,81,106,0,187,0,0,0,1.0,1.0,0.0,0.0,0.0,0.9999999999946525,187,0,0,0
sem_erro,random_forest,lacuna,80,30,30,156,156,70,86,0,156,0,0,0,1.0,1.0,0.0,0.0,0.0,0.9999999999935898,156,0,0,0
sem_erro,random_forest,lacuna,80,35,35,134,134,59,75,0,134,0,0,0,1.0,1.0,0.0,0.0,0.0,0.9999999999925374,134,0,0,0
sem_erro,random_forest,lacuna,80,40,40,117,117,51,66,0,117,0,0,0,1.0,1.0,0.0,0.0,0.0,0.999999999991453,117,0,0,0
sem_erro,random_forest,lacuna,80,45,45,104,104,49,55,0,104,0,4,4,0.9615384615384616,0.9615384615384616,0.0,0.0,0.0,0.961538461529216,100,4,0,0
sem_erro,random_forest,lacuna,80,50,50,94,94,39,55,0,94,0,0,0,1.0,1.0,0.0,0.0,0.0,0.9999999999893616,94,0,0,0
sem_erro,random_forest,lacuna,80,55,55,85,85,37,48,0,85,0,1,1,0.9882352941176471,0.9882352941176471,0.0,0.0,0.0,0.9882352941060207,84,1,0,0
sem_erro,random_forest,lacuna,80,60,60,78,78,34,44,0,78,0,0,0,1.0,1.0,0.0,0.0,0.0,0.9999999999871795,78,0,0,0
sem_erro,random_forest,lacuna,80,65,65,72,72,32,40,0,72,0,0,0,1.0,1.0,0.0,0.0,0.0,0.9999999999861111,72,0,0,0
sem_erro,random_forest,lacuna,80,70,70,67,67,30,37,0,67,0,3,3,0.9552238805970149,0.9552238805970149,0.0,0.0,0.0,0.9552238805827578,64,3,0,0
sem_erro,random_forest,lacuna,80,75,75,63,63,28,35,0,63,0,0,0,1.0,1.0,0.0,0.0,0.0,0.999999999984127,63,0,0,0
sem_erro,random_forest,lacuna,80,80,80,59,59,25,34,0,59,0,0,0,1.0,1.0,0.0,0.0,0.0,0.9999999999830509,59,0,0,0
sem_erro,random_forest,lacuna,90,5,5,933,933,439,494,0,933,0,0,0,1.0,1.0,0.0,0.0,0.0,0.9999999999989282,933,0,0,0
sem_erro,random_forest,lacuna,90,10,10,467,467,221,246,0,467,0,0,0,1.0,1.0,0.0,0.0,0.0,0.9999999999978587,467,0,0,0
sem_erro,random_forest,lacuna,90,15,15,311,311,147,164,0,311,0,0,0,1.0,1.0,0.0,0.0,0.0,0.9999999999967846,311,0,0,0
sem_erro,random_forest,lacuna,90,20,20,234,234,111,123,0,234,0,0,0,1.0,1.0,0.0,0.0,0.0,0.9999999999957265,234,0,0,0
sem_erro,random_forest,lacuna,90,25,25,187,187,89,98,0,187,0,0,0,1.0,1.0,0.0,0.0,0.0,0.9999999999946525,187,0,0,0
sem_erro,random_forest,lacuna,90,30,30,156,156,72,84,0,156,0,0,0,1.0,1.0,0.0,0.0,0.0,0.9999999999935898,156,0,0,0
sem_erro,random_forest,lacuna,90,35,35,134,134,63,71,0,134,0,1,1,0.9925373134328358,0.9925373134328358,0.0,0.0,0.0,0.992537313425429,133,1,0,0
sem_erro,random_forest,lacuna,90,40,40,117,117,54,63,0,117,0,1,1,0.9914529914529915,0.9914529914529915,0.0,0.0,0.0,0.9914529914445175,116,1,0,0
sem_erro,random_forest,lacuna,90,45,45,104,104,50,54,0,104,0,1,1,0.9903846153846154,0.9903846153846154,0.0,0.0,0.0,0.9903846153750924,103,1,0,0
sem_erro,random_forest,lacuna,90,50,50,94,94,45,49,0,94,0,2,2,0.9787234042553191,0.9787234042553191,0.0,0.0,0.0,0.9787234042449071,92,2,0,0
sem_erro,random_forest,lacuna,90,55,55,85,85,38,47,0,85,0,0,0,1.0,1.0,0.0,0.0,0.0,0.9999999999882353,85,0,0,0
sem_erro,random_forest,lacuna,90,60,60,78,78,36,42,0,78,0,1,1,0.9871794871794872,0.9871794871794872,0.0,0.0,0.0,0.987179487166831,77,1,0,0
sem_erro,random_forest,lacuna,90,65,65,72,72,34,38,0,72,0,5,5,0.9305555555555556,0.9305555555555556,0.0,0.0,0.0,0.9305555555426311,67,5,0,0
sem_erro,random_forest,lacuna,90,70,70,67,67,30,37,0,67,0,3,3,0.9552238805970149,0.9552238805970149,0.0,0.0,0.0,0.9552238805827578,64,3,0,0
sem_erro,random_forest,lacuna,90,75,75,63,63,30,33,0,63,0,4,4,0.9365079365079365,0.9365079365079365,0.0,0.0,0.0,0.9365079364930714,59,4,0,0
sem_erro,random_forest,lacuna,90,80,80,59,59,28,31,0,59,0,2,2,0.9661016949152542,0.9661016949152542,0.0,0.0,0.0,0.9661016948988796,57,2,0,0
sem_erro,random_forest,lacuna,90,85,85,55,55,25,30,0,55,0,2,2,0.9636363636363636,0.9636363636363636,0.0,0.0,0.0,0.9636363636188431,53,2,0,0
sem_erro,random_forest,lacuna,90,90,90,52,52,25,27,0,52,0,1,1,0.9807692307692307,0.9807692307692307,0.0,0.0,0.0,0.9807692307503699,51,1,0,0
sem_erro,random_forest,lacuna,100,5,5,931,931,457,474,0,931,0,0,0,1.0,1.0,0.0,0.0,0.0,0.9999999999989259,931,0,0,0
sem_erro,random_forest,lacuna,100,10,10,466,466,230,236,0,466,0,0,0,1.0,1.0,0.0,0.0,0.0,0.999999999997854,466,0,0,0
sem_erro,random_forest,lacuna,100,15,15,311,311,155,156,0,311,0,0,0,1.0,1.0,0.0,0.0,0.0,0.9999999999967846,311,0,0,0
sem_erro,random_forest,lacuna,100,20,20,233,233,115,118,0,233,0,0,0,1.0,1.0,0.0,0.0,0.0,0.9999999999957082,233,0,0,0
sem_erro,random_forest,lacuna,100,25,25,187,187,90,97,0,187,0,0,0,1.0,1.0,0.0,0.0,0.0,0.9999999999946525,187,0,0,0
sem_erro,random_forest,lacuna,100,30,30,156,156,75,81,0,156,0,1,1,0.9935897435897436,0.9935897435897436,0.0,0.0,0.0,0.9935897435833745,155,1,0,0
sem_erro,random_forest,lacuna,100,35,35,133,133,64,69,0,133,0,1,1,0.9924812030075187,0.9924812030075187,0.0,0.0,0.0,0.9924812030000566,132,1,0,0
sem_erro,random_forest,lacuna,100,40,40,117,117,58,59,0,117,0,4,4,0.9658119658119658,0.9658119658119658,0.0,0.0,0.0,0.965811965803711,113,4,0,0
sem_erro,random_forest,lacuna,100,45,45,104,104,52,52,0,104,0,3,3,0.9711538461538461,0.9711538461538461,0.0,0.0,0.0,0.9711538461445081,101,3,0,0
sem_erro,random_forest,lacuna,100,50,50,94,94,45,49,0,94,0,1,1,0.9893617021276596,0.9893617021276596,0.0,0.0,0.0,0.9893617021171344,93,1,0,0
sem_erro,random_forest,lacuna,100,55,55,85,85,40,45,0,85,0,3,3,0.9647058823529412,0.9647058823529412,0.0,0.0,0.0,0.9647058823415916,82,3,0,0
sem_erro,random_forest,lacuna,100,60,60,78,78,38,40,0,78,0,1,1,0.9871794871794872,0.9871794871794872,0.0,0.0,0.0,0.987179487166831,77,1,0,0
sem_erro,random_forest,lacuna,100,65,65,72,72,34,38,0,72,0,4,4,0.9444444444444444,0.9444444444444444,0.0,0.0,0.0,0.9444444444313271,68,4,0,0
sem_erro,random_forest,lacuna,100,70,70,67,67,31,36,0,67,0,3,3,0.9552238805970149,0.9552238805970149,0.0,0.0,0.0,0.9552238805827578,64,3,0,0
sem_erro,random_forest,lacuna,100,75,75,63,63,31,32,0,63,0,3,3,0.9523809523809523,0.9523809523809523,0.0,0.0,0.0,0.9523809523658353,60,3,0,0
sem_erro,random_forest,lacuna,100,80,80,59,59,30,29,0,59,0,4,4,0.9322033898305084,0.9322033898305084,0.0,0.0,0.0,0.9322033898147085,55,4,0,0
sem_erro,random_forest,lacuna,100,85,85,55,55,27,28,0,55,0,4,4,0.9272727272727272,0.9272727272727272,0.0,0.0,0.0,0.9272727272558678,51,4,0,0
sem_erro,random_forest,lacuna,100,90,90,52,52,26,26,0,52,0,7,7,0.8653846153846154,0.8653846153846154,0.0,0.0,0.0,0.8653846153679734,45,7,0,0
sem_erro,random_forest,lacuna,100,95,95,49,49,22,27,0,49,0,4,4,0.9183673469387755,0.9183673469387755,0.0,0.0,0.0,0.9183673469200334,45,4,0,0
sem_erro,random_forest,lacuna,100,100,100,47,47,23,24,0,47,0,2,2,0.9574468085106383,0.9574468085106383,0.0,0.0,0.0,0.9574468084902672,45,2,0,0
sem_erro,random_forest,oscilacao,20,5,5,947,947,339,608,0,947,0,26,26,0.9303062302006336,0.9303062302006336,0.0,0.0,0.0,0.9303062301996512,881,66,0,0
sem_erro,random_forest,oscilacao,20,10,10,474,474,167,307,0,474,0,20,20,0.930379746835443,0.930379746835443,0.0,0.0,0.0,0.9303797468334802,441,33,0,0
sem_erro,random_forest,oscilacao,20,15,15,316,316,110,206,0,316,0,18,18,0.9240506329113924,0.9240506329113924,0.0,0.0,0.0,0.9240506329084682,292,24,0,0
sem_erro,random_forest,oscilacao,20,20,20,237,237,83,154,0,237,0,15,15,0.9240506329113924,0.9240506329113924,0.0,0.0,0.0,0.9240506329074935,219,18,0,0
sem_erro,random_forest,oscilacao,30,5,5,945,945,371,574,0,945,0,30,30,0.9164021164021164,0.9164021164021164,0.0,0.0,0.0,0.9164021164011467,866,79,0,0
sem_erro,random_forest,oscilacao,30,10,10,473,473,183,290,0,473,0,21,21,0.9112050739957717,0.9112050739957717,0.0,0.0,0.0,0.9112050739938452,431,42,0,0
sem_erro,random_forest,oscilacao,30,15,15,315,315,122,193,0,315,0,19,19,0.9047619047619048,0.9047619047619048,0.0,0.0,0.0,0.9047619047590325,285,30,0,0
sem_erro,random_forest,oscilacao,30,20,20,237,237,91,146,0,237,0,15,15,0.919831223628692,0.919831223628692,0.0,0.0,0.0,0.9198312236248108,218,19,0,0
sem_erro,random_forest,oscilacao,30,25,25,189,189,76,113,0,189,0,17,17,0.8888888888888888,0.8888888888888888,0.0,0.0,0.0,0.8888888888841858,168,21,0,0
sem_erro,random_forest,oscilacao,30,30,30,158,158,63,95,0,158,0,17,17,0.8734177215189873,0.8734177215189873,0.0,0.0,0.0,0.8734177215134594,138,20,0,0
sem_erro,random_forest,oscilacao,40,5,5,943,943,402,541,0,943,0,36,36,0.8610816542948038,0.8610816542948038,0.0,0.0,0.0,0.8610816542938907,812,131,0,0
sem_erro,random_forest,oscilacao,40,10,10,472,472,199,273,0,472,0,25,25,0.8898305084745762,0.8898305084745762,0.0,0.0,0.0,0.8898305084726911,420,52,0,0
sem_erro,random_forest,oscilacao,40,15,15,315,315,136,179,0,315,0,26,26,0.8634920634920635,0.8634920634920635,0.0,0.0,0.0,0.8634920634893223,272,43,0,0
sem_erro,random_forest,oscilacao,40,20,20,236,236,99,137,0,236,0,23,23,0.8432203389830508,0.8432203389830508,0.0,0.0,0.0,0.8432203389794779,199,37,0,0
sem_erro,random_forest,oscilacao,40,25,25,189,189,81,108,0,189,0,25,25,0.8148148148148148,0.8148148148148148,0.0,0.0,0.0,0.8148148148105037,154,35,0,0
sem_erro,random_forest,oscilacao,40,30,30,158,158,69,89,0,158,0,21,21,0.810126582278481,0.810126582278481,0.0,0.0,0.0,0.8101265822733537,128,30,0,0
sem_erro,random_forest,oscilacao,40,35,35,135,135,58,77,0,135,0,15,15,0.8518518518518519,0.8518518518518519,0.0,0.0,0.0,0.8518518518455419,115,20,0,0
sem_erro,random_forest,oscilacao,40,40,40,118,118,51,67,0,118,0,18,18,0.8220338983050848,0.8220338983050848,0.0,0.0,0.0,0.8220338982981183,97,21,0,0
sem_erro,random_forest,oscilacao,50,5,5,941,941,431,510,0,941,0,40,40,0.7885228480340064,0.7885228480340064,0.0,0.0,0.0,0.7885228480331684,742,199,0,0
sem_erro,random_forest,oscilacao,50,10,10,471,471,214,257,0,471,0,30,30,0.8259023354564756,0.8259023354564756,0.0,0.0,0.0,0.8259023354547221,389,82,0,0
sem_erro,random_forest,oscilacao,50,15,15,314,314,140,174,0,314,0,24,24,0.8184713375796179,0.8184713375796179,0.0,0.0,0.0,0.8184713375770113,257,57,0,0
sem_erro,random_forest,oscilacao,50,20,20,236,236,107,129,0,236,0,22,22,0.8177966101694916,0.8177966101694916,0.0,0.0,0.0,0.8177966101660263,193,43,0,0
sem_erro,random_forest,oscilacao,50,25,25,189,189,88,101,0,189,0,29,29,0.7671957671957672,0.7671957671957672,0.0,0.0,0.0,0.767195767191708,145,44,0,0
sem_erro,random_forest,oscilacao,50,30,30,157,157,71,86,0,157,0,20,20,0.7961783439490446,0.7961783439490446,0.0,0.0,0.0,0.7961783439439735,125,32,0,0
sem_erro,random_forest,oscilacao,50,35,35,135,135,62,73,0,135,0,24,24,0.7333333333333333,0.7333333333333333,0.0,0.0,0.0,0.7333333333279013,99,36,0,0
sem_erro,random_forest,oscilacao,50,40,40,118,118,53,65,0,118,0,24,24,0.7203389830508474,0.7203389830508474,0.0,0.0,0.0,0.7203389830447429,85,33,0,0
sem_erro,random_forest,oscilacao,50,45,45,105,105,44,61,0,105,0,14,14,0.8571428571428571,0.8571428571428571,0.0,0.0,0.0,0.8571428571346938,90,15,0,0
sem_erro,random_forest,oscilacao,50,50,50,95,95,44,51,0,95,0,21,21,0.7263157894736842,0.7263157894736842,0.0,0.0,0.0,0.7263157894660388,69,26,0,0
sem_erro,random_forest,oscilacao,60,5,5,939,939,459,480,0,939,0,42,42,0.7358892438764644,0.7358892438764644,0.0,0.0,0.0,0.7358892438756807,691,248,0,0
sem_erro,random_forest,oscilacao,60,10,10,470,470,228,242,0,470,0,29,29,0.7361702127659574,0.7361702127659574,0.0,0.0,0.0,0.7361702127643911,346,124,0,0
sem_erro,random_forest,oscilacao,60,15,15,313,313,152,161,0,313,0,31,31,0.7412140575079872,0.7412140575079872,0.0,0.0,0.0,0.7412140575056192,232,81,0,0
sem_erro,random_forest,oscilacao,60,20,20,235,235,114,121,0,235,0,23,23,0.774468085106383,0.774468085106383,0.0,0.0,0.0,0.7744680851030874,182,53,0,0
sem_erro,random_forest,oscilacao,60,25,25,188,188,95,93,0,188,0,26,26,0.6542553191489362,0.6542553191489362,0.0,0.0,0.0,0.6542553191454561,123,65,0,0
sem_erro,random_forest,oscilacao,60,30,30,157,157,79,78,0,157,0,21,21,0.7133757961783439,0.7133757961783439,0.0,0.0,0.0,0.7133757961738002,112,45,0,0
sem_erro,random_forest,oscilacao,60,35,35,135,135,66,69,0,135,0,20,20,0.7111111111111111,0.7111111111111111,0.0,0.0,0.0,0.7111111111058437,96,39,0,0
sem_erro,random_forest,oscilacao,60,40,40,118,118,56,62,0,118,0,23,23,0.6864406779661016,0.6864406779661016,0.0,0.0,0.0,0.6864406779602844,81,37,0,0
sem_erro,random_forest,oscilacao,60,45,45,105,105,51,54,0,105,0,20,20,0.7238095238095238,0.7238095238095238,0.0,0.0,0.0,0.7238095238026303,76,29,0,0
sem_erro,random_forest,oscilacao,60,50,50,94,94,47,47,0,94,0,22,22,0.5638297872340425,0.5638297872340425,0.0,0.0,0.0,0.5638297872280443,53,41,0,0
sem_erro,random_forest,oscilacao,60,55,55,86,86,44,42,0,86,0,15,15,0.7325581395348837,0.7325581395348837,0.0,0.0,0.0,0.7325581395263656,63,23,0,0
sem_erro,random_forest,oscilacao,60,60,60,79,79,40,39,0,79,0,17,17,0.7341772151898734,0.7341772151898734,0.0,0.0,0.0,0.73417721518058,58,21,0,0
sem_erro,random_forest,oscilacao,70,5,5,937,937,487,450,0,937,0,47,47,0.6371398078975453,0.6371398078975453,0.0,0.0,0.0,0.6371398078968654,597,340,0,0
sem_erro,random_forest,oscilacao,70,10,10,469,469,242,227,0,469,0,28,28,0.6780383795309168,0.6780383795309168,0.0,0.0,0.0,0.6780383795294711,318,151,0,0
sem_erro,random_forest,oscilacao,70,15,15,313,313,164,149,0,313,0,29,29,0.6357827476038339,0.6357827476038339,0.0,0.0,0.0,0.6357827476018026,199,114,0,0
sem_erro,random_forest,oscilacao,70,20,20,235,235,121,114,0,235,0,23,23,0.676595744680851,0.676595744680851,0.0,0.0,0.0,0.676595744677972,159,76,0,0
sem_erro,random_forest,oscilacao,70,25,25,188,188,97,91,0,188,0,21,21,0.6542553191489362,0.6542553191489362,0.0,0.0,0.0,0.6542553191454561,123,65,0,0
sem_erro,random_forest,oscilacao,70,30,30,157,157,83,74,0,157,0,24,24,0.5859872611464968,0.5859872611464968,0.0,0.0,0.0,0.5859872611427644,92,65,0,0
sem_erro,random_forest,oscilacao,70,35,35,134,134,68,66,0,134,0,23,23,0.6940298507462687,0.6940298507462687,0.0,0.0,0.0,0.6940298507410894,93,41,0,0
sem_erro,random_forest,oscilacao,70,40,40,118,118,62,56,0,118,0,20,20,0.5508474576271186,0.5508474576271186,0.0,0.0,0.0,0.5508474576224505,65,53,0,0
sem_erro,random_forest,oscilacao,70,45,45,105,105,56,49,0,105,0,23,23,0.6190476190476191,0.6190476190476191,0.0,0.0,0.0,0.6190476190417233,65,40,0,0
sem_erro,random_forest,oscilacao,70,50,50,94,94,47,47,0,94,0,18,18,0.5957446808510638,0.5957446808510638,0.0,0.0,0.0,0.5957446808447261,56,38,0,0
sem_erro,random_forest,oscilacao,70,55,55,86,86,46,40,0,86,0,20,20,0.5813953488372093,0.5813953488372093,0.0,0.0,0.0,0.5813953488304489,50,36,0,0
sem_erro,random_forest,oscilacao,70,60,60,79,79,42,37,0,79,0,19,19,0.5822784810126582,0.5822784810126582,0.0,0.0,0.0,0.5822784810052876,46,33,0,0
sem_erro,random_forest,oscilacao,70,65,65,73,73,38,35,0,73,0,16,16,0.6575342465753424,0.6575342465753424,0.0,0.0,0.0,0.6575342465663351,48,25,0,0
sem_erro,random_forest,oscilacao,70,70,70,67,67,34,33,0,67,0,17,17,0.5970149253731343,0.5970149253731343,0.0,0.0,0.0,0.5970149253642236,40,27,0,0
sem_erro,random_forest,oscilacao,80,5,5,935,935,513,422,0,935,0,35,35,0.5914438502673797,0.5914438502673797,0.0,0.0,0.0,0.5914438502667472,553,382,0,0
sem_erro,random_forest,oscilacao,80,10,10,468,468,255,213,0,468,0,29,29,0.6153846153846154,0.6153846153846154,0.0,0.0,0.0,0.6153846153833005,288,180,0,0
sem_erro,random_forest,oscilacao,80,15,15,312,312,168,144,0,312,0,26,26,0.6217948717948718,0.6217948717948718,0.0,0.0,0.0,0.6217948717928788,194,118,0,0
sem_erro,random_forest,oscilacao,80,20,20,234,234,128,106,0,234,0,26,26,0.6452991452991453,0.6452991452991453,0.0,0.0,0.0,0.6452991452963877,151,83,0,0
sem_erro,random_forest,oscilacao,80,25,25,187,187,104,83,0,187,0,24,24,0.5721925133689839,0.5721925133689839,0.0,0.0,0.0,0.5721925133659241,107,80,0,0
sem_erro,random_forest,oscilacao,80,30,30,156,156,85,71,0,156,0,20,20,0.5641025641025641,0.5641025641025641,0.0,0.0,0.0,0.5641025640989481,88,68,0,0
sem_erro,random_forest,oscilacao,80,35,35,134,134,73,61,0,134,0,23,23,0.6268656716417911,0.6268656716417911,0.0,0.0,0.0,0.626865671637113,84,50,0,0
sem_erro,random_forest,oscilacao,80,40,40,117,117,66,51,0,117,0,16,16,0.5470085470085471,0.5470085470085471,0.0,0.0,0.0,0.5470085470038717,64,53,0,0
sem_erro,random_forest,oscilacao,80,45,45,104,104,56,48,0,104,0,19,19,0.5961538461538461,0.5961538461538461,0.0,0.0,0.0,0.5961538461481138,62,42,0,0
sem_erro,random_forest,oscilacao,80,50,50,94,94,49,45,0,94,0,17,17,0.5851063829787234,0.5851063829787234,0.0,0.0,0.0,0.5851063829724988,55,39,0,0
sem_erro,random_forest,oscilacao,80,55,55,85,85,46,39,0,85,0,20,20,0.5647058823529412,0.5647058823529412,0.0,0.0,0.0,0.5647058823462976,48,37,0,0
sem_erro,random_forest,oscilacao,80,60,60,78,78,43,35,0,78,0,17,17,0.46153846153846156,0.46153846153846156,0.0,0.0,0.0,0.46153846153254435,36,42,0,0
sem_erro,random_forest,oscilacao,80,65,65,72,72,39,33,0,72,0,15,15,0.5694444444444444,0.5694444444444444,0.0,0.0,0.0,0.5694444444365354,41,31,0,0
sem_erro,random_forest,oscilacao,80,70,70,67,67,36,31,0,67,0,16,16,0.582089552238806,0.582089552238806,0.0,0.0,0.0,0.582089552230118,39,28,0,0
sem_erro,random_forest,oscilacao,80,75,75,63,63,36,27,0,63,0,14,14,0.5555555555555556,0.5555555555555556,0.0,0.0,0.0,0.5555555555467372,35,28,0,0
sem_erro,random_forest,oscilacao,80,80,80,59,59,32,27,0,59,0,14,14,0.6610169491525424,0.6610169491525424,0.0,0.0,0.0,0.6610169491413387,39,20,0,0
sem_erro,random_forest,oscilacao,90,5,5,933,933,537,396,0,933,0,36,36,0.5144694533762058,0.5144694533762058,0.0,0.0,0.0,0.5144694533756544,480,453,0,0
sem_erro,random_forest,oscilacao,90,10,10,467,467,267,200,0,467,0,31,31,0.5182012847965739,0.5182012847965739,0.0,0.0,0.0,0.5182012847954642,242,225,0,0
sem_erro,random_forest,oscilacao,90,15,15,311,311,178,133,0,311,0,32,32,0.5144694533762058,0.5144694533762058,0.0,0.0,0.0,0.5144694533745515,160,151,0,0
sem_erro,random_forest,oscilacao,90,20,20,234,234,134,100,0,234,0,27,27,0.5341880341880342,0.5341880341880342,0.0,0.0,0.0,0.5341880341857513,125,109,0,0
sem_erro,random_forest,oscilacao,90,25,25,187,187,107,80,0,187,0,22,22,0.5294117647058824,0.5294117647058824,0.0,0.0,0.0,0.5294117647030513,99,88,0,0
sem_erro,random_forest,oscilacao,90,30,30,156,156,91,65,0,156,0,16,16,0.48717948717948717,0.48717948717948717,0.0,0.0,0.0,0.4871794871763643,76,80,0,0
sem_erro,random_forest,oscilacao,90,35,35,134,134,78,56,0,134,0,16,16,0.44029850746268656,0.44029850746268656,0.0,0.0,0.0,0.4402985074594008,59,75,0,0
sem_erro,random_forest,oscilacao,90,40,40,117,117,67,50,0,117,0,18,18,0.47863247863247865,0.47863247863247865,0.0,0.0,0.0,0.47863247862838776,56,61,0,0
sem_erro,random_forest,oscilacao,90,45,45,104,104,58,46,0,104,0,16,16,0.5096153846153846,0.5096153846153846,0.0,0.0,0.0,0.5096153846104845,53,51,0,0
sem_erro,random_forest,oscilacao,90,50,50,94,94,51,43,0,94,0,17,17,0.5212765957446809,0.5212765957446809,0.0,0.0,0.0,0.5212765957391353,49,45,0,0
sem_erro,random_forest,oscilacao,90,55,55,85,85,47,38,0,85,0,17,17,0.5764705882352941,0.5764705882352941,0.0,0.0,0.0,0.576470588228512,49,36,0,0
sem_erro,random_forest,oscilacao,90,60,60,78,78,46,32,0,78,0,15,15,0.41025641025641024,0.41025641025641024,0.0,0.0,0.0,0.41025641025115056,32,46,0,0
sem_erro,random_forest,oscilacao,90,65,65,72,72,42,30,0,72,0,13,13,0.4722222222222222,0.4722222222222222,0.0,0.0,0.0,0.47222222221566357,34,38,0,0
sem_erro,random_forest,oscilacao,90,70,70,67,67,38,29,0,67,0,11,11,0.47761194029850745,0.47761194029850745,0.0,0.0,0.0,0.4776119402913789,32,35,0,0
sem_erro,random_forest,oscilacao,90,75,75,63,63,38,25,0,63,0,13,13,0.4603174603174603,0.4603174603174603,0.0,0.0,0.0,0.4603174603101537,29,34,0,0
sem_erro,random_forest,oscilacao,90,80,80,59,59,33,26,0,59,0,13,13,0.4915254237288136,0.4915254237288136,0.0,0.0,0.0,0.49152542372048263,29,30,0,0
sem_erro,random_forest,oscilacao,90,85,85,55,55,33,22,0,55,0,13,13,0.41818181818181815,0.41818181818181815,0.0,0.0,0.0,0.4181818181742149,23,32,0,0
sem_erro,random_forest,oscilacao,90,90,90,52,52,28,24,0,52,0,13,13,0.5576923076923077,0.5576923076923077,0.0,0.0,0.0,0.5576923076815828,29,23,0,0
sem_erro,random_forest,oscilacao,100,5,5,931,931,560,371,0,931,0,23,23,0.4672395273899033,0.4672395273899033,0.0,0.0,0.0,0.46723952738940144,435,496,0,0
sem_erro,random_forest,oscilacao,100,10,10,466,466,278,188,0,466,0,25,25,0.4678111587982833,0.4678111587982833,0.0,0.0,0.0,0.46781115879727936,218,248,0,0
sem_erro,random_forest,oscilacao,100,15,15,311,311,189,122,0,311,0,23,23,0.4533762057877814,0.4533762057877814,0.0,0.0,0.0,0.45337620578632354,141,170,0,0
sem_erro,random_forest,oscilacao,100,20,20,233,233,139,94,0,233,0,21,21,0.48497854077253216,0.48497854077253216,0.0,0.0,0.0,0.4849785407704508,113,120,0,0
sem_erro,random_forest,oscilacao,100,25,25,187,187,113,74,0,187,0,24,24,0.42245989304812837,0.42245989304812837,0.0,0.0,0.0,0.42245989304586923,79,108,0,0
sem_erro,random_forest,oscilacao,100,30,30,156,156,95,61,0,156,0,20,20,0.41025641025641024,0.41025641025641024,0.0,0.0,0.0,0.41025641025378046,64,92,0,0
sem_erro,random_forest,oscilacao,100,35,35,133,133,78,55,0,133,0,20,20,0.48120300751879697,0.48120300751879697,0.0,0.0,0.0,0.48120300751517897,64,69,0,0
sem_erro,random_forest,oscilacao,100,40,40,117,117,68,49,0,117,0,16,16,0.49572649572649574,0.49572649572649574,0.0,0.0,0.0,0.49572649572225874,58,59,0,0
sem_erro,random_forest,oscilacao,100,45,45,104,104,62,42,0,104,0,16,16,0.4230769230769231,0.4230769230769231,0.0,0.0,0.0,0.423076923072855,44,60,0,0
sem_erro,random_forest,oscilacao,100,50,50,94,94,55,39,0,94,0,15,15,0.3723404255319149,0.3723404255319149,0.0,0.0,0.0,0.3723404255279538,35,59,0,0
sem_erro,random_forest,oscilacao,100,55,55,85,85,53,32,0,85,0,17,17,0.4235294117647059,0.4235294117647059,0.0,0.0,0.0,0.42352941175972314,36,49,0,0
sem_erro,random_forest,oscilacao,100,60,60,78,78,48,30,0,78,0,12,12,0.41025641025641024,0.41025641025641024,0.0,0.0,0.0,0.41025641025115056,32,46,0,0
sem_erro,random_forest,oscilacao,100,65,65,72,72,44,28,0,72,0,12,12,0.375,0.375,0.0,0.0,0.0,0.37499999999479167,27,45,0,0
sem_erro,random_forest,oscilacao,100,70,70,67,67,38,29,0,67,0,12,12,0.5373134328358209,0.5373134328358209,0.0,0.0,0.0,0.5373134328278013,36,31,0,0
sem_erro,random_forest,oscilacao,100,75,75,63,63,40,23,0,63,0,14,14,0.38095238095238093,0.38095238095238093,0.0,0.0,0.0,0.3809523809463341,24,39,0,0
sem_erro,random_forest,oscilacao,100,80,80,59,59,34,25,0,59,0,14,14,0.576271186440678,0.576271186440678,0.0,0.0,0.0,0.5762711864309107,34,25,0,0
sem_erro,random_forest,oscilacao,100,85,85,55,55,35,20,0,55,0,11,11,0.2909090909090909,0.2909090909090909,0.0,0.0,0.0,0.2909090909038017,16,39,0,0
sem_erro,random_forest,oscilacao,100,90,90,52,52,29,23,0,52,0,10,10,0.5,0.5,0.0,0.0,0.0,0.49999999999038464,26,26,0,0
sem_erro,random_forest,oscilacao,100,95,95,49,49,30,19,0,49,0,9,9,0.40816326530612246,0.40816326530612246,0.0,0.0,0.0,0.4081632652977926,20,29,0,0
sem_erro,random_forest,oscilacao,100,100,100,47,47,27,20,0,47,0,11,11,0.425531914893617,0.425531914893617,0.0,0.0,0.0,0.42553191488456316,20,27,0,0
sem_erro,random_forest,queda,20,5,5,947,947,215,732,0,947,0,29,29,0.9366420274551215,0.9366420274551215,0.0,0.0,0.0,0.9366420274541324,887,60,0,0
sem_erro,random_forest,queda,20,10,10,474,474,108,366,0,474,0,16,16,0.9535864978902954,0.9535864978902954,0.0,0.0,0.0,0.9535864978882836,452,22,0,0
sem_erro,random_forest,queda,20,15,15,316,316,71,245,0,316,0,8,8,0.9715189873417721,0.9715189873417721,0.0,0.0,0.0,0.9715189873386978,307,9,0,0
sem_erro,random_forest,queda,20,20,20,237,237,53,184,0,237,0,11,11,0.9451476793248945,0.9451476793248945,0.0,0.0,0.0,0.9451476793209066,224,13,0,0
sem_erro,random_forest,queda,30,5,5,945,945,254,691,0,945,0,27,27,0.9111111111111111,0.9111111111111111,0.0,0.0,0.0,0.911111111110147,861,84,0,0
sem_erro,random_forest,queda,30,10,10,473,473,128,345,0,473,0,18,18,0.9281183932346723,0.9281183932346723,0.0,0.0,0.0,0.9281183932327102,439,34,0,0
sem_erro,random_forest,queda,30,15,15,315,315,83,232,0,315,0,13,13,0.9301587301587302,0.9301587301587302,0.0,0.0,0.0,0.9301587301557773,293,22,0,0
sem_erro,random_forest,queda,30,20,20,237,237,64,173,0,237,0,9,9,0.9493670886075949,0.9493670886075949,0.0,0.0,0.0,0.9493670886035892,225,12,0,0
sem_erro,random_forest,queda,30,25,25,189,189,53,136,0,189,0,13,13,0.91005291005291,0.91005291005291,0.0,0.0,0.0,0.910052910048095,172,17,0,0
sem_erro,random_forest,queda,30,30,30,158,158,41,117,0,158,0,10,10,0.9367088607594937,0.9367088607594937,0.0,0.0,0.0,0.9367088607535652,148,10,0,0
sem_erro,random_forest,queda,40,5,5,943,943,289,654,0,943,0,32,32,0.8769883351007424,0.8769883351007424,0.0,0.0,0.0,0.8769883350998123,827,116,0,0
sem_erro,random_forest,queda,40,10,10,472,472,145,327,0,472,0,24,24,0.8771186440677966,0.8771186440677966,0.0,0.0,0.0,0.8771186440659383,414,58,0,0
sem_erro,random_forest,queda,40,15,15,315,315,97,218,0,315,0,22,22,0.8920634920634921,0.8920634920634921,0.0,0.0,0.0,0.8920634920606602,281,34,0,0
sem_erro,random_forest,queda,40,20,20,236,236,72,164,0,236,0,22,22,0.8728813559322034,0.8728813559322034,0.0,0.0,0.0,0.8728813559285048,206,30,0,0
sem_erro,random_forest,queda,40,25,25,189,189,59,130,0,189,0,18,18,0.873015873015873,0.873015873015873,0.0,0.0,0.0,0.8730158730112539,165,24,0,0
sem_erro,random_forest,queda,40,30,30,158,158,48,110,0,158,0,15,15,0.8987341772151899,0.8987341772151899,0.0,0.0,0.0,0.8987341772095018,142,16,0,0
sem_erro,random_forest,queda,40,35,35,135,135,41,94,0,135,0,14,14,0.8888888888888888,0.8888888888888888,0.0,0.0,0.0,0.8888888888823046,120,15,0,0
sem_erro,random_forest,queda,40,40,40,118,118,32,86,0,118,0,18,18,0.8305084745762712,0.8305084745762712,0.0,0.0,0.0,0.8305084745692329,98,20,0,0
sem_erro,random_forest,queda,50,5,5,941,941,318,623,0,941,0,35,35,0.8235919234856536,0.8235919234856536,0.0,0.0,0.0,0.8235919234847784,775,166,0,0
sem_erro,random_forest,queda,50,10,10,471,471,160,311,0,471,0,28,28,0.8343949044585988,0.8343949044585988,0.0,0.0,0.0,0.8343949044568272,393,78,0,0
sem_erro,random_forest,queda,50,15,15,314,314,104,210,0,314,0,24,24,0.856687898089172,0.856687898089172,0.0,0.0,0.0,0.8566878980864437,269,45,0,0
sem_erro,random_forest,queda,50,20,20,236,236,80,156,0,236,0,21,21,0.8728813559322034,0.8728813559322034,0.0,0.0,0.0,0.8728813559285048,206,30,0,0
sem_erro,random_forest,queda,50,25,25,189,189,65,124,0,189,0,20,20,0.8412698412698413,0.8412698412698413,0.0,0.0,0.0,0.8412698412653902,159,30,0,0
sem_erro,random_forest,queda,50,30,30,157,157,53,104,0,157,0,18,18,0.8662420382165605,0.8662420382165605,0.0,0.0,0.0,0.8662420382110431,136,21,0,0
sem_erro,random_forest,queda,50,35,35,135,135,48,87,0,135,0,19,19,0.8518518518518519,0.8518518518518519,0.0,0.0,0.0,0.8518518518455419,115,20,0,0
sem_erro,random_forest,queda,50,40,40,118,118,37,81,0,118,0,12,12,0.8983050847457628,0.8983050847457628,0.0,0.0,0.0,0.89830508473815,106,12,0,0
sem_erro,random_forest,queda,50,45,45,105,105,34,71,0,105,0,13,13,0.8285714285714286,0.8285714285714286,0.0,0.0,0.0,0.8285714285635374,87,18,0,0
sem_erro,random_forest,queda,50,50,50,95,95,33,62,0,95,0,16,16,0.8210526315789474,0.8210526315789474,0.0,0.0,0.0,0.8210526315703047,78,17,0,0
sem_erro,random_forest,queda,60,5,5,939,939,346,593,0,939,0,37,37,0.7827476038338658,0.7827476038338658,0.0,0.0,0.0,0.7827476038330322,735,204,0,0
sem_erro,random_forest,queda,60,10,10,470,470,174,296,0,470,0,29,29,0.7808510638297872,0.7808510638297872,0.0,0.0,0.0,0.7808510638281259,367,103,0,0
sem_erro,random_forest,queda,60,15,15,313,313,112,201,0,313,0,26,26,0.805111821086262,0.805111821086262,0.0,0.0,0.0,0.8051118210836897,252,61,0,0
sem_erro,random_forest,queda,60,20,20,235,235,87,148,0,235,0,23,23,0.8127659574468085,0.8127659574468085,0.0,0.0,0.0,0.81276595744335,191,44,0,0
sem_erro,random_forest,queda,60,25,25,188,188,70,118,0,188,0,22,22,0.8085106382978723,0.8085106382978723,0.0,0.0,0.0,0.8085106382935718,152,36,0,0
sem_erro,random_forest,queda,60,30,30,157,157,56,101,0,157,0,21,21,0.8089171974522293,0.8089171974522293,0.0,0.0,0.0,0.808917197447077,127,30,0,0
sem_erro,random_forest,queda,60,35,35,135,135,52,83,0,135,0,17,17,0.8444444444444444,0.8444444444444444,0.0,0.0,0.0,0.8444444444381893,114,21,0,0
sem_erro,random_forest,queda,60,40,40,118,118,42,76,0,118,0,17,17,0.8135593220338984,0.8135593220338984,0.0,0.0,0.0,0.8135593220270038,96,22,0,0
sem_erro,random_forest,queda,60,45,45,105,105,37,68,0,105,0,20,20,0.780952380952381,0.780952380952381,0.0,0.0,0.0,0.7809523809449432,82,23,0,0
sem_erro,random_forest,queda,60,50,50,94,94,36,58,0,94,0,18,18,0.7872340425531915,0.7872340425531915,0.0,0.0,0.0,0.7872340425448167,74,20,0,0
sem_erro,random_forest,queda,60,55,55,86,86,32,54,0,86,0,19,19,0.7558139534883721,0.7558139534883721,0.0,0.0,0.0,0.7558139534795836,65,21,0,0
sem_erro,random_forest,queda,60,60,60,79,79,28,51,0,79,0,16,16,0.7974683544303798,0.7974683544303798,0.0,0.0,0.0,0.7974683544202852,63,16,0,0
sem_erro,random_forest,queda,70,5,5,937,937,374,563,0,937,0,36,36,0.7385272145144077,0.7385272145144077,0.0,0.0,0.0,0.7385272145136195,692,245,0,0
sem_erro,random_forest,queda,70,10,10,469,469,188,281,0,469,0,31,31,0.744136460554371,0.744136460554371,0.0,0.0,0.0,0.7441364605527844,349,120,0,0
sem_erro,random_forest,queda,70,15,15,313,313,126,187,0,313,0,30,30,0.7476038338658147,0.7476038338658147,0.0,0.0,0.0,0.7476038338634262,234,79,0,0
sem_erro,random_forest,queda,70,20,20,235,235,94,141,0,235,0,24,24,0.774468085106383,0.774468085106383,0.0,0.0,0.0,0.7744680851030874,182,53,0,0
sem_erro,random_forest,queda,70,25,25,188,188,75,113,0,188,0,23,23,0.7340425531914894,0.7340425531914894,0.0,0.0,0.0,0.7340425531875849,138,50,0,0
sem_erro,random_forest,queda,70,30,30,157,157,63,94,0,157,0,22,22,0.7707006369426752,0.7707006369426752,0.0,0.0,0.0,0.7707006369377662,121,36,0,0
sem_erro,random_forest,queda,70,35,35,134,134,55,79,0,134,0,19,19,0.7611940298507462,0.7611940298507462,0.0,0.0,0.0,0.7611940298450658,102,32,0,0
sem_erro,random_forest,queda,70,40,40,118,118,45,73,0,118,0,18,18,0.788135593220339,0.788135593220339,0.0,0.0,0.0,0.7881355932136599,93,25,0,0
sem_erro,random_forest,queda,70,45,45,105,105,44,61,0,105,0,22,22,0.6666666666666666,0.6666666666666666,0.0,0.0,0.0,0.6666666666603175,70,35,0,0
sem_erro,random_forest,queda,70,50,50,94,94,38,56,0,94,0,19,19,0.7340425531914894,0.7340425531914894,0.0,0.0,0.0,0.7340425531836804,69,25,0,0
sem_erro,random_forest,queda,70,55,55,86,86,36,50,0,86,0,14,14,0.7674418604651163,0.7674418604651163,0.0,0.0,0.0,0.7674418604561926,66,20,0,0
sem_erro,random_forest,queda,70,60,60,79,79,31,48,0,79,0,19,19,0.7215189873417721,0.7215189873417721,0.0,0.0,0.0,0.721518987332639,57,22,0,0
sem_erro,random_forest,queda,70,65,65,73,73,29,44,0,73,0,17,17,0.7397260273972602,0.7397260273972602,0.0,0.0,0.0,0.739726027387127,54,19,0,0
sem_erro,random_forest,queda,70,70,70,67,67,27,40,0,67,0,15,15,0.7014925373134329,0.7014925373134329,0.0,0.0,0.0,0.7014925373029628,47,20,0,0
sem_erro,random_forest,queda,80,5,5,935,935,401,534,0,935,0,32,32,0.718716577540107,0.718716577540107,0.0,0.0,0.0,0.7187165775393383,672,263,0,0
sem_erro,random_forest,queda,80,10,10,468,468,202,266,0,468,0,30,30,0.7158119658119658,0.7158119658119658,0.0,0.0,0.0,0.7158119658104363,335,133,0,0
sem_erro,random_forest,queda,80,15,15,312,312,132,180,0,312,0,26,26,0.7147435897435898,0.7147435897435898,0.0,0.0,0.0,0.7147435897412989,223,89,0,0
sem_erro,random_forest,queda,80,20,20,234,234,101,133,0,234,0,27,27,0.6965811965811965,0.6965811965811965,0.0,0.0,0.0,0.6965811965782198,163,71,0,0
sem_erro,random_forest,queda,80,25,25,187,187,81,106,0,187,0,23,23,0.7219251336898396,0.7219251336898396,0.0,0.0,0.0,0.7219251336859791,135,52,0,0
sem_erro,random_forest,queda,80,30,30,156,156,67,89,0,156,0,20,20,0.717948717948718,0.717948717948718,0.0,0.0,0.0,0.7179487179441157,112,44,0,0
sem_erro,random_forest,queda,80,35,35,134,134,58,76,0,134,0,19,19,0.7238805970149254,0.7238805970149254,0.0,0.0,0.0,0.7238805970095233,97,37,0,0
sem_erro,random_forest,queda,80,40,40,117,117,47,70,0,117,0,17,17,0.7350427350427351,0.7350427350427351,0.0,0.0,0.0,0.7350427350364526,86,31,0,0
sem_erro,random_forest,queda,80,45,45,104,104,47,57,0,104,0,18,18,0.6538461538461539,0.6538461538461539,0.0,0.0,0.0,0.6538461538398669,68,36,0,0
sem_erro,random_forest,queda,80,50,50,94,94,40,54,0,94,0,15,15,0.7659574468085106,0.7659574468085106,0.0,0.0,0.0,0.7659574468003622,72,22,0,0
sem_erro,random_forest,queda,80,55,55,85,85,36,49,0,85,0,15,15,0.7529411764705882,0.7529411764705882,0.0,0.0,0.0,0.7529411764617301,64,21,0,0
sem_erro,random_forest,queda,80,60,60,78,78,32,46,0,78,0,16,16,0.7307692307692307,0.7307692307692307,0.0,0.0,0.0,0.7307692307598619,57,21,0,0
sem_erro,random_forest,queda,80,65,65,72,72,30,42,0,72,0,14,14,0.6805555555555556,0.6805555555555556,0.0,0.0,0.0,0.6805555555461034,49,23,0,0
sem_erro,random_forest,queda,80,70,70,67,67,29,38,0,67,0,15,15,0.7014925373134329,0.7014925373134329,0.0,0.0,0.0,0.7014925373029628,47,20,0,0
sem_erro,random_forest,queda,80,75,75,63,63,25,38,0,63,0,12,12,0.7777777777777778,0.7777777777777778,0.0,0.0,0.0,0.7777777777654321,49,14,0,0
sem_erro,random_forest,queda,80,80,80,59,59,24,35,0,59,0,11,11,0.8135593220338984,0.8135593220338984,0.0,0.0,0.0,0.8135593220201092,48,11,0,0
sem_erro,random_forest,queda,90,5,5,933,933,425,508,0,933,0,36,36,0.6913183279742765,0.6913183279742765,0.0,0.0,0.0,0.6913183279735355,645,288,0,0
sem_erro,random_forest,queda,90,10,10,467,467,214,253,0,467,0,27,27,0.6766595289079229,0.6766595289079229,0.0,0.0,0.0,0.676659528906474,316,151,0,0
sem_erro,random_forest,queda,90,15,15,311,311,139,172,0,311,0,26,26,0.7009646302250804,0.7009646302250804,0.0,0.0,0.0,0.7009646302228265,218,93,0,0
sem_erro,random_forest,queda,90,20,20,234,234,107,127,0,234,0,26,26,0.6752136752136753,0.6752136752136753,0.0,0.0,0.0,0.6752136752107897,158,76,0,0
sem_erro,random_forest,queda,90,25,25,187,187,86,101,0,187,0,19,19,0.6631016042780749,0.6631016042780749,0.0,0.0,0.0,0.6631016042745289,124,63,0,0
sem_erro,random_forest,queda,90,30,30,156,156,69,87,0,156,0,22,22,0.7051282051282052,0.7051282051282052,0.0,0.0,0.0,0.7051282051236851,110,46,0,0
sem_erro,random_forest,queda,90,35,35,134,134,63,71,0,134,0,18,18,0.6940298507462687,0.6940298507462687,0.0,0.0,0.0,0.6940298507410894,93,41,0,0
sem_erro,random_forest,queda,90,40,40,117,117,51,66,0,117,0,17,17,0.7264957264957265,0.7264957264957265,0.0,0.0,0.0,0.7264957264895171,85,32,0,0
sem_erro,random_forest,queda,90,45,45,104,104,47,57,0,104,0,16,16,0.6826923076923077,0.6826923076923077,0.0,0.0,0.0,0.6826923076857433,71,33,0,0
sem_erro,random_forest,queda,90,50,50,94,94,43,51,0,94,0,13,13,0.6702127659574468,0.6702127659574468,0.0,0.0,0.0,0.6702127659503169,63,31,0,0
sem_erro,random_forest,queda,90,55,55,85,85,37,48,0,85,0,16,16,0.7647058823529411,0.7647058823529411,0.0,0.0,0.0,0.7647058823439447,65,20,0,0
sem_erro,random_forest,queda,90,60,60,78,78,33,45,0,78,0,19,19,0.7051282051282052,0.7051282051282052,0.0,0.0,0.0,0.705128205119165,55,23,0,0
sem_erro,random_forest,queda,90,65,65,72,72,32,40,0,72,0,15,15,0.625,0.625,0.0,0.0,0.0,0.6249999999913194,45,27,0,0
sem_erro,random_forest,queda,90,70,70,67,67,33,34,0,67,0,13,13,0.6268656716417911,0.6268656716417911,0.0,0.0,0.0,0.6268656716324348,42,25,0,0
sem_erro,random_forest,queda,90,75,75,63,63,26,37,0,63,0,13,13,0.7619047619047619,0.7619047619047619,0.0,0.0,0.0,0.7619047618926682,48,15,0,0
sem_erro,random_forest,queda,90,80,80,59,59,26,33,0,59,0,12,12,0.7627118644067796,0.7627118644067796,0.0,0.0,0.0,0.7627118643938524,45,14,0,0
sem_erro,random_forest,queda,90,85,85,55,55,26,29,0,55,0,9,9,0.6181818181818182,0.6181818181818182,0.0,0.0,0.0,0.6181818181705786,34,21,0,0
sem_erro,random_forest,queda,90,90,90,52,52,25,27,0,52,0,10,10,0.6153846153846154,0.6153846153846154,0.0,0.0,0.0,0.6153846153727811,32,20,0,0
sem_erro,random_forest,queda,100,5,5,931,931,449,482,0,931,0,32,32,0.673469387755102,0.673469387755102,0.0,0.0,0.0,0.6734693877543787,627,304,0,0
sem_erro,random_forest,queda,100,10,10,466,466,226,240,0,466,0,32,32,0.6502145922746781,0.6502145922746781,0.0,0.0,0.0,0.6502145922732828,303,163,0,0
sem_erro,random_forest,queda,100,15,15,311,311,151,160,0,311,0,23,23,0.662379421221865,0.662379421221865,0.0,0.0,0.0,0.6623794212197351,206,105,0,0
sem_erro,random_forest,queda,100,20,20,233,233,113,120,0,233,0,20,20,0.6523605150214592,0.6523605150214592,0.0,0.0,0.0,0.6523605150186594,152,81,0,0
sem_erro,random_forest,queda,100,25,25,187,187,91,96,0,187,0,23,23,0.6577540106951871,0.6577540106951871,0.0,0.0,0.0,0.6577540106916698,123,64,0,0
sem_erro,random_forest,queda,100,30,30,156,156,76,80,0,156,0,21,21,0.6217948717948718,0.6217948717948718,0.0,0.0,0.0,0.621794871790886,97,59,0,0
sem_erro,random_forest,queda,100,35,35,133,133,65,68,0,133,0,15,15,0.6616541353383458,0.6616541353383458,0.0,0.0,0.0,0.661654135333371,88,45,0,0
sem_erro,random_forest,queda,100,40,40,117,117,56,61,0,117,0,16,16,0.6581196581196581,0.6581196581196581,0.0,0.0,0.0,0.6581196581140332,77,40,0,0
sem_erro,random_forest,queda,100,45,45,104,104,50,54,0,104,0,14,14,0.6538461538461539,0.6538461538461539,0.0,0.0,0.0,0.6538461538398669,68,36,0,0
sem_erro,random_forest,queda,100,50,50,94,94,46,48,0,94,0,12,12,0.6170212765957447,0.6170212765957447,0.0,0.0,0.0,0.6170212765891806,58,36,0,0
sem_erro,random_forest,queda,100,55,55,85,85,40,45,0,85,0,15,15,0.6352941176470588,0.6352941176470588,0.0,0.0,0.0,0.6352941176395848,54,31,0,0
sem_erro,random_forest,queda,100,60,60,78,78,37,41,0,78,0,14,14,0.5641025641025641,0.5641025641025641,0.0,0.0,0.0,0.564102564095332,44,34,0,0
sem_erro,random_forest,queda,100,65,65,72,72,35,37,0,72,0,14,14,0.625,0.625,0.0,0.0,0.0,0.6249999999913194,45,27,0,0
sem_erro,random_forest,queda,100,70,70,67,67,34,33,0,67,0,8,8,0.582089552238806,0.582089552238806,0.0,0.0,0.0,0.582089552230118,39,28,0,0
sem_erro,random_forest,queda,100,75,75,63,63,29,34,0,63,0,18,18,0.6984126984126984,0.6984126984126984,0.0,0.0,0.0,0.6984126984016126,44,19,0,0
sem_erro,random_forest,queda,100,80,80,59,59,30,29,0,59,0,15,15,0.5932203389830508,0.5932203389830508,0.0,0.0,0.0,0.5932203389729963,35,24,0,0
sem_erro,random_forest,queda,100,85,85,55,55,29,26,0,55,0,11,11,0.4909090909090909,0.4909090909090909,0.0,0.0,0.0,0.4909090909001653,27,28,0,0
sem_erro,random_forest,queda,100,90,90,52,52,26,26,0,52,0,9,9,0.5576923076923077,0.5576923076923077,0.0,0.0,0.0,0.5576923076815828,29,23,0,0
sem_erro,random_forest,queda,100,95,95,49,49,20,29,0,49,0,8,8,0.7755102040816326,0.7755102040816326,0.0,0.0,0.0,0.775510204065806,38,11,0,0
sem_erro,random_forest,queda,100,100,100,47,47,20,27,0,47,0,10,10,0.6382978723404256,0.6382978723404256,0.0,0.0,0.0,0.6382978723268448,30,17,0,0
sem_erro,xgboost,lacuna,20,5,5,947,947,251,696,0,947,0,0,0,1.0,1.0,0.0,0.0,0.0,0.9999999999989441,947,0,0,0
sem_erro,xgboost,lacuna,20,10,10,474,474,127,347,0,474,0,0,0,1.0,1.0,0.0,0.0,0.0,0.9999999999978904,474,0,0,0
sem_erro,xgboost,lacuna,20,15,15,316,316,85,231,0,316,0,0,0,1.0,1.0,0.0,0.0,0.0,0.9999999999968355,316,0,0,0
sem_erro,xgboost,lacuna,20,20,20,237,237,64,173,0,237,0,0,0,1.0,1.0,0.0,0.0,0.0,0.9999999999957806,237,0,0,0
sem_erro,xgboost,lacuna,30,5,5,945,945,286,659,0,945,0,0,0,1.0,1.0,0.0,0.0,0.0,0.9999999999989418,945,0,0,0
sem_erro,xgboost,lacuna,30,10,10,473,473,144,329,0,473,0,0,0,1.0,1.0,0.0,0.0,0.0,0.9999999999978858,473,0,0,0
sem_erro,xgboost,lacuna,30,15,15,315,315,96,219,0,315,0,0,0,1.0,1.0,0.0,0.0,0.0,0.9999999999968254,315,0,0,0
sem_erro,xgboost,lacuna,30,20,20,237,237,74,163,0,237,0,0,0,1.0,1.0,0.0,0.0,0.0,0.9999999999957806,237,0,0,0
sem_erro,xgboost,lacuna,30,25,25,189,189,54,135,0,189,0,0,0,1.0,1.0,0.0,0.0,0.0,0.999999999994709,189,0,0,0
sem_erro,xgboost,lacuna,30,30,30,158,158,45,113,0,158,0,0,0,1.0,1.0,0.0,0.0,0.0,0.999999999993671,158,0,0,0
sem_erro,xgboost,lacuna,40,5,5,943,943,317,626,0,943,0,0,0,1.0,1.0,0.0,0.0,0.0,0.9999999999989395,943,0,0,0
sem_erro,xgboost,lacuna,40,10,10,472,472,160,312,0,472,0,0,0,1.0,1.0,0.0,0.0,0.0,0.9999999999978814,472,0,0,0
sem_erro,xgboost,lacuna,40,15,15,315,315,109,206,0,315,0,0,0,1.0,1.0,0.0,0.0,0.0,0.9999999999968254,315,0,0,0
sem_erro,xgboost,lacuna,40,20,20,236,236,81,155,0,236,0,0,0,1.0,1.0,0.0,0.0,0.0,0.9999999999957627,236,0,0,0
sem_erro,xgboost,lacuna,40,25,25,189,189,66,123,0,189,0,0,0,1.0,1.0,0.0,0.0,0.0,0.999999999994709,189,0,0,0
sem_erro,xgboost,lacuna,40,30,30,158,158,52,106,0,158,0,0,0,1.0,1.0,0.0,0.0,0.0,0.999999999993671,158,0,0,0
sem_erro,xgboost,lacuna,40,35,35,135,135,45,90,0,135,0,0,0,1.0,1.0,0.0,0.0,0.0,0.9999999999925927,135,0,0,0
sem_erro,xgboost,lacuna,40,40,40,118,118,39,79,0,118,0,0,0,1.0,1.0,0.0,0.0,0.0,0.9999999999915254,118,0,0,0
sem_erro,xgboost,lacuna,50,5,5,941,941,345,596,0,941,0,0,0,1.0,1.0,0.0,0.0,0.0,0.9999999999989373,941,0,0,0
sem_erro,xgboost,lacuna,50,10,10,471,471,174,297,0,471,0,0,0,1.0,1.0,0.0,0.0,0.0,0.9999999999978769,471,0,0,0
sem_erro,xgboost,lacuna,50,15,15,314,314,117,197,0,314,0,0,0,1.0,1.0,0.0,0.0,0.0,0.9999999999968153,314,0,0,0
sem_erro,xgboost,lacuna,50,20,20,236,236,89,147,0,236,0,0,0,1.0,1.0,0.0,0.0,0.0,0.9999999999957627,236,0,0,0
sem_erro,xgboost,lacuna,50,25,25,189,189,68,121,0,189,0,0,0,1.0,1.0,0.0,0.0,0.0,0.999999999994709,189,0,0,0
sem_erro,xgboost,lacuna,50,30,30,157,157,58,99,0,157,0,0,0,1.0,1.0,0.0,0.0,0.0,0.9999999999936307,157,0,0,0
sem_erro,xgboost,lacuna,50,35,35,135,135,49,86,0,135,0,0,0,1.0,1.0,0.0,0.0,0.0,0.9999999999925927,135,0,0,0
sem_erro,xgboost,lacuna,50,40,40,118,118,42,76,0,118,0,0,0,1.0,1.0,0.0,0.0,0.0,0.9999999999915254,118,0,0,0
sem_erro,xgboost,lacuna,50,45,45,105,105,39,66,0,105,0,0,0,1.0,1.0,0.0,0.0,0.0,0.9999999999904762,105,0,0,0
sem_erro,xgboost,lacuna,50,50,50,95,95,34,61,0,95,0,0,0,1.0,1.0,0.0,0.0,0.0,0.9999999999894736,95,0,0,0
sem_erro,xgboost,lacuna,60,5,5,939,939,371,568,0,939,0,0,0,1.0,1.0,0.0,0.0,0.0,0.9999999999989351,939,0,0,0
sem_erro,xgboost,lacuna,60,10,10,470,470,187,283,0,470,0,0,0,1.0,1.0,0.0,0.0,0.0,0.9999999999978724,470,0,0,0
sem_erro,xgboost,lacuna,60,15,15,313,313,124,189,0,313,0,0,0,1.0,1.0,0.0,0.0,0.0,0.9999999999968051,313,0,0,0
sem_erro,xgboost,lacuna,60,20,20,235,235,94,141,0,235,0,0,0,1.0,1.0,0.0,0.0,0.0,0.9999999999957447,235,0,0,0
sem_erro,xgboost,lacuna,60,25,25,188,188,74,114,0,188,0,0,0,1.0,1.0,0.0,0.0,0.0,0.9999999999946809,188,0,0,0
sem_erro,xgboost,lacuna,60,30,30,157,157,60,97,0,157,0,0,0,1.0,1.0,0.0,0.0,0.0,0.9999999999936307,157,0,0,0
sem_erro,xgboost,lacuna,60,35,35,135,135,51,84,0,135,0,0,0,1.0,1.0,0.0,0.0,0.0,0.9999999999925927,135,0,0,0
sem_erro,xgboost,lacuna,60,40,40,118,118,46,72,0,118,0,0,0,1.0,1.0,0.0,0.0,0.0,0.9999999999915254,118,0,0,0
sem_erro,xgboost,lacuna,60,45,45,105,105,42,63,0,105,0,0,0,1.0,1.0,0.0,0.0,0.0,0.9999999999904762,105,0,0,0
sem_erro,xgboost,lacuna,60,50,50,94,94,36,58,0,94,0,0,0,1.0,1.0,0.0,0.0,0.0,0.9999999999893616,94,0,0,0
sem_erro,xgboost,lacuna,60,55,55,86,86,31,55,0,86,0,0,0,1.0,1.0,0.0,0.0,0.0,0.9999999999883721,86,0,0,0
sem_erro,xgboost,lacuna,60,60,60,79,79,29,50,0,79,0,0,0,1.0,1.0,0.0,0.0,0.0,0.9999999999873417,79,0,0,0
sem_erro,xgboost,lacuna,70,5,5,937,937,395,542,0,937,0,0,0,1.0,1.0,0.0,0.0,0.0,0.9999999999989327,937,0,0,0
sem_erro,xgboost,lacuna,70,10,10,469,469,199,270,0,469,0,0,0,1.0,1.0,0.0,0.0,0.0,0.9999999999978678,469,0,0,0
sem_erro,xgboost,lacuna,70,15,15,313,313,134,179,0,313,0,0,0,1.0,1.0,0.0,0.0,0.0,0.9999999999968051,313,0,0,0
sem_erro,xgboost,lacuna,70,20,20,235,235,101,134,0,235,0,0,0,1.0,1.0,0.0,0.0,0.0,0.9999999999957447,235,0,0,0
sem_erro,xgboost,lacuna,70,25,25,188,188,79,109,0,188,0,0,0,1.0,1.0,0.0,0.0,0.0,0.9999999999946809,188,0,0,0
sem_erro,xgboost,lacuna,70,30,30,157,157,64,93,0,157,0,0,0,1.0,1.0,0.0,0.0,0.0,0.9999999999936307,157,0,0,0
sem_erro,xgboost,lacuna,70,35,35,134,134,53,81,0,134,0,0,0,1.0,1.0,0.0,0.0,0.0,0.9999999999925374,134,0,0,0
sem_erro,xgboost,lacuna,70,40,40,118,118,50,68,0,118,0,0,0,1.0,1.0,0.0,0.0,0.0,0.9999999999915254,118,0,0,0
sem_erro,xgboost,lacuna,70,45,45,105,105,47,58,0,105,0,0,0,1.0,1.0,0.0,0.0,0.0,0.9999999999904762,105,0,0,0
sem_erro,xgboost,lacuna,70,50,50,94,94,37,57,0,94,0,0,0,1.0,1.0,0.0,0.0,0.0,0.9999999999893616,94,0,0,0
sem_erro,xgboost,lacuna,70,55,55,86,86,34,52,0,86,0,0,0,1.0,1.0,0.0,0.0,0.0,0.9999999999883721,86,0,0,0
sem_erro,xgboost,lacuna,70,60,60,79,79,31,48,0,79,0,0,0,1.0,1.0,0.0,0.0,0.0,0.9999999999873417,79,0,0,0
sem_erro,xgboost,lacuna,70,65,65,73,73,32,41,0,73,0,0,0,1.0,1.0,0.0,0.0,0.0,0.9999999999863013,73,0,0,0
sem_erro,xgboost,lacuna,70,70,70,67,67,28,39,0,67,0,0,0,1.0,1.0,0.0,0.0,0.0,0.9999999999850746,67,0,0,0
sem_erro,xgboost,lacuna,80,5,5,935,935,419,516,0,935,0,0,0,1.0,1.0,0.0,0.0,0.0,0.9999999999989305,935,0,0,0
sem_erro,xgboost,lacuna,80,10,10,468,468,211,257,0,468,0,0,0,1.0,1.0,0.0,0.0,0.0,0.9999999999978633,468,0,0,0
sem_erro,xgboost,lacuna,80,15,15,312,312,141,171,0,312,0,0,0,1.0,1.0,0.0,0.0,0.0,0.9999999999967949,312,0,0,0
sem_erro,xgboost,lacuna,80,20,20,234,234,106,128,0,234,0,0,0,1.0,1.0,0.0,0.0,0.0,0.9999999999957265,234,0,0,0
sem_erro,xgboost,lacuna,80,25,25,187,187,81,106,0,187,0,0,0,1.0,1.0,0.0,0.0,0.0,0.9999999999946525,187,0,0,0
sem_erro,xgboost,lacuna,80,30,30,156,156,70,86,0,156,0,0,0,1.0,1.0,0.0,0.0,0.0,0.9999999999935898,156,0,0,0
sem_erro,xgboost,lacuna,80,35,35,134,134,59,75,0,134,0,0,0,1.0,1.0,0.0,0.0,0.0,0.9999999999925374,134,0,0,0
sem_erro,xgboost,lacuna,80,40,40,117,117,51,66,0,117,0,0,0,1.0,1.0,0.0,0.0,0.0,0.999999999991453,117,0,0,0
sem_erro,xgboost,lacuna,80,45,45,104,104,49,55,0,104,0,0,0,1.0,1.0,0.0,0.0,0.0,0.9999999999903846,104,0,0,0
sem_erro,xgboost,lacuna,80,50,50,94,94,39,55,0,94,0,0,0,1.0,1.0,0.0,0.0,0.0,0.9999999999893616,94,0,0,0
sem_erro,xgboost,lacuna,80,55,55,85,85,37,48,0,85,0,0,0,1.0,1.0,0.0,0.0,0.0,0.9999999999882353,85,0,0,0
sem_erro,xgboost,lacuna,80,60,60,78,78,34,44,0,78,0,0,0,1.0,1.0,0.0,0.0,0.0,0.9999999999871795,78,0,0,0
sem_erro,xgboost,lacuna,80,65,65,72,72,32,40,0,72,0,0,0,1.0,1.0,0.0,0.0,0.0,0.9999999999861111,72,0,0,0
sem_erro,xgboost,lacuna,80,70,70,67,67,30,37,0,67,0,0,0,1.0,1.0,0.0,0.0,0.0,0.9999999999850746,67,0,0,0
sem_erro,xgboost,lacuna,80,75,75,63,63,28,35,0,63,0,0,0,1.0,1.0,0.0,0.0,0.0,0.999999999984127,63,0,0,0
sem_erro,xgboost,lacuna,80,80,80,59,59,25,34,0,59,0,0,0,1.0,1.0,0.0,0.0,0.0,0.9999999999830509,59,0,0,0
sem_erro,xgboost,lacuna,90,5,5,933,933,439,494,0,933,0,0,0,1.0,1.0,0.0,0.0,0.0,0.9999999999989282,933,0,0,0
sem_erro,xgboost,lacuna,90,10,10,467,467,221,246,0,467,0,0,0,1.0,1.0,0.0,0.0,0.0,0.9999999999978587,467,0,0,0
sem_erro,xgboost,lacuna,90,15,15,311,311,147,164,0,311,0,0,0,1.0,1.0,0.0,0.0,0.0,0.9999999999967846,311,0,0,0
sem_erro,xgboost,lacuna,90,20,20,234,234,111,123,0,234,0,0,0,1.0,1.0,0.0,0.0,0.0,0.9999999999957265,234,0,0,0
sem_erro,xgboost,lacuna,90,25,25,187,187,89,98,0,187,0,0,0,1.0,1.0,0.0,0.0,0.0,0.9999999999946525,187,0,0,0
sem_erro,xgboost,lacuna,90,30,30,156,156,72,84,0,156,0,0,0,1.0,1.0,0.0,0.0,0.0,0.9999999999935898,156,0,0,0
sem_erro,xgboost,lacuna,90,35,35,134,134,63,71,0,134,0,0,0,1.0,1.0,0.0,0.0,0.0,0.9999999999925374,134,0,0,0
sem_erro,xgboost,lacuna,90,40,40,117,117,54,63,0,117,0,0,0,1.0,1.0,0.0,0.0,0.0,0.999999999991453,117,0,0,0
sem_erro,xgboost,lacuna,90,45,45,104,104,50,54,0,104,0,0,0,1.0,1.0,0.0,0.0,0.0,0.9999999999903846,104,0,0,0
sem_erro,xgboost,lacuna,90,50,50,94,94,45,49,0,94,0,0,0,1.0,1.0,0.0,0.0,0.0,0.9999999999893616,94,0,0,0
sem_erro,xgboost,lacuna,90,55,55,85,85,38,47,0,85,0,0,0,1.0,1.0,0.0,0.0,0.0,0.9999999999882353,85,0,0,0
sem_erro,xgboost,lacuna,90,60,60,78,78,36,42,0,78,0,0,0,1.0,1.0,0.0,0.0,0.0,0.9999999999871795,78,0,0,0
sem_erro,xgboost,lacuna,90,65,65,72,72,34,38,0,72,0,0,0,1.0,1.0,0.0,0.0,0.0,0.9999999999861111,72,0,0,0
sem_erro,xgboost,lacuna,90,70,70,67,67,30,37,0,67,0,0,0,1.0,1.0,0.0,0.0,0.0,0.9999999999850746,67,0,0,0
sem_erro,xgboost,lacuna,90,75,75,63,63,30,33,0,63,0,0,0,1.0,1.0,0.0,0.0,0.0,0.999999999984127,63,0,0,0
sem_erro,xgboost,lacuna,90,80,80,59,59,28,31,0,59,0,0,0,1.0,1.0,0.0,0.0,0.0,0.9999999999830509,59,0,0,0
sem_erro,xgboost,lacuna,90,85,85,55,55,25,30,0,55,0,0,0,1.0,1.0,0.0,0.0,0.0,0.9999999999818182,55,0,0,0
sem_erro,xgboost,lacuna,90,90,90,52,52,25,27,0,52,0,0,0,1.0,1.0,0.0,0.0,0.0,0.9999999999807693,52,0,0,0
sem_erro,xgboost,lacuna,100,5,5,931,931,457,474,0,931,0,0,0,1.0,1.0,0.0,0.0,0.0,0.9999999999989259,931,0,0,0
sem_erro,xgboost,lacuna,100,10,10,466,466,230,236,0,466,0,0,0,1.0,1.0,0.0,0.0,0.0,0.999999999997854,466,0,0,0
sem_erro,xgboost,lacuna,100,15,15,311,311,155,156,0,311,0,0,0,1.0,1.0,0.0,0.0,0.0,0.9999999999967846,311,0,0,0
sem_erro,xgboost,lacuna,100,20,20,233,233,115,118,0,233,0,0,0,1.0,1.0,0.0,0.0,0.0,0.9999999999957082,233,0,0,0
sem_erro,xgboost,lacuna,100,25,25,187,187,90,97,0,187,0,0,0,1.0,1.0,0.0,0.0,0.0,0.9999999999946525,187,0,0,0
sem_erro,xgboost,lacuna,100,30,30,156,156,75,81,0,156,0,0,0,1.0,1.0,0.0,0.0,0.0,0.9999999999935898,156,0,0,0
sem_erro,xgboost,lacuna,100,35,35,133,133,64,69,0,133,0,0,0,1.0,1.0,0.0,0.0,0.0,0.9999999999924812,133,0,0,0
sem_erro,xgboost,lacuna,100,40,40,117,117,58,59,0,117,0,0,0,1.0,1.0,0.0,0.0,0.0,0.999999999991453,117,0,0,0
sem_erro,xgboost,lacuna,100,45,45,104,104,52,52,0,104,0,0,0,1.0,1.0,0.0,0.0,0.0,0.9999999999903846,104,0,0,0
sem_erro,xgboost,lacuna,100,50,50,94,94,45,49,0,94,0,0,0,1.0,1.0,0.0,0.0,0.0,0.9999999999893616,94,0,0,0
sem_erro,xgboost,lacuna,100,55,55,85,85,40,45,0,85,0,0,0,1.0,1.0,0.0,0.0,0.0,0.9999999999882353,85,0,0,0
sem_erro,xgboost,lacuna,100,60,60,78,78,38,40,0,78,0,0,0,1.0,1.0,0.0,0.0,0.0,0.9999999999871795,78,0,0,0
sem_erro,xgboost,lacuna,100,65,65,72,72,34,38,0,72,0,0,0,1.0,1.0,0.0,0.0,0.0,0.9999999999861111,72,0,0,0
sem_erro,xgboost,lacuna,100,70,70,67,67,31,36,0,67,0,0,0,1.0,1.0,0.0,0.0,0.0,0.9999999999850746,67,0,0,0
sem_erro,xgboost,lacuna,100,75,75,63,63,31,32,0,63,0,0,0,1.0,1.0,0.0,0.0,0.0,0.999999999984127,63,0,0,0
sem_erro,xgboost,lacuna,100,80,80,59,59,30,29,0,59,0,0,0,1.0,1.0,0.0,0.0,0.0,0.9999999999830509,59,0,0,0
sem_erro,xgboost,lacuna,100,85,85,55,55,27,28,0,55,0,0,0,1.0,1.0,0.0,0.0,0.0,0.9999999999818182,55,0,0,0
sem_erro,xgboost,lacuna,100,90,90,52,52,26,26,0,52,0,0,0,1.0,1.0,0.0,0.0,0.0,0.9999999999807693,52,0,0,0
sem_erro,xgboost,lacuna,100,95,95,49,49,22,27,0,49,0,0,0,1.0,1.0,0.0,0.0,0.0,0.9999999999795919,49,0,0,0
sem_erro,xgboost,lacuna,100,100,100,47,47,23,24,0,47,0,0,0,1.0,1.0,0.0,0.0,0.0,0.9999999999787235,47,0,0,0
sem_erro,xgboost,oscilacao,20,5,5,947,947,339,608,0,947,0,47,47,0.880675818373812,0.880675818373812,0.0,0.0,0.0,0.8806758183728821,834,113,0,0
sem_erro,xgboost,oscilacao,20,10,10,474,474,167,307,0,474,0,35,35,0.8670886075949367,0.8670886075949367,0.0,0.0,0.0,0.8670886075931075,411,63,0,0
sem_erro,xgboost,oscilacao,20,15,15,316,316,110,206,0,316,0,31,31,0.870253164556962,0.870253164556962,0.0,0.0,0.0,0.8702531645542081,275,41,0,0
sem_erro,xgboost,oscilacao,20,20,20,237,237,83,154,0,237,0,25,25,0.8607594936708861,0.8607594936708861,0.0,0.0,0.0,0.8607594936672542,204,33,0,0
sem_erro,xgboost,oscilacao,30,5,5,945,945,371,574,0,945,0,53,53,0.8380952380952381,0.8380952380952381,0.0,0.0,0.0,0.8380952380943513,792,153,0,0
sem_erro,xgboost,oscilacao,30,10,10,473,473,183,290,0,473,0,44,44,0.8308668076109936,0.8308668076109936,0.0,0.0,0.0,0.830866807609237,393,80,0,0
sem_erro,xgboost,oscilacao,30,15,15,315,315,122,193,0,315,0,34,34,0.819047619047619,0.819047619047619,0.0,0.0,0.0,0.8190476190450189,258,57,0,0
sem_erro,xgboost,oscilacao,30,20,20,237,237,91,146,0,237,0,30,30,0.7974683544303798,0.7974683544303798,0.0,0.0,0.0,0.7974683544270149,189,48,0,0
sem_erro,xgboost,oscilacao,30,25,25,189,189,76,113,0,189,0,30,30,0.783068783068783,0.783068783068783,0.0,0.0,0.0,0.7830687830646399,148,41,0,0
sem_erro,xgboost,oscilacao,30,30,30,158,158,63,95,0,158,0,28,28,0.7658227848101266,0.7658227848101266,0.0,0.0,0.0,0.7658227848052797,121,37,0,0
sem_erro,xgboost,oscilacao,40,5,5,943,943,402,541,0,943,0,68,68,0.767762460233298,0.767762460233298,0.0,0.0,0.0,0.7677624602324838,724,219,0,0
sem_erro,xgboost,oscilacao,40,10,10,472,472,199,273,0,472,0,50,50,0.7627118644067796,0.7627118644067796,0.0,0.0,0.0,0.7627118644051638,360,112,0,0
sem_erro,xgboost,oscilacao,40,15,15,315,315,136,179,0,315,0,43,43,0.7587301587301587,0.7587301587301587,0.0,0.0,0.0,0.7587301587277501,239,76,0,0
sem_erro,xgboost,oscilacao,40,20,20,236,236,99,137,0,236,0,27,27,0.7203389830508474,0.7203389830508474,0.0,0.0,0.0,0.7203389830477952,170,66,0,0
sem_erro,xgboost,oscilacao,40,25,25,189,189,81,108,0,189,0,27,27,0.7407407407407407,0.7407407407407407,0.0,0.0,0.0,0.7407407407368215,140,49,0,0
sem_erro,xgboost,oscilacao,40,30,30,158,158,69,89,0,158,0,26,26,0.7025316455696202,0.7025316455696202,0.0,0.0,0.0,0.7025316455651739,111,47,0,0
sem_erro,xgboost,oscilacao,40,35,35,135,135,58,77,0,135,0,21,21,0.6666666666666666,0.6666666666666666,0.0,0.0,0.0,0.6666666666617285,90,45,0,0
sem_erro,xgboost,oscilacao,40,40,40,118,118,51,67,0,118,0,22,22,0.6864406779661016,0.6864406779661016,0.0,0.0,0.0,0.6864406779602844,81,37,0,0
sem_erro,xgboost,oscilacao,50,5,5,941,941,431,510,0,941,0,56,56,0.6875664187035069,0.6875664187035069,0.0,0.0,0.0,0.6875664187027762,647,294,0,0
sem_erro,xgboost,oscilacao,50,10,10,471,471,214,257,0,471,0,37,37,0.6645435244161358,0.6645435244161358,0.0,0.0,0.0,0.664543524414725,313,158,0,0
sem_erro,xgboost,oscilacao,50,15,15,314,314,140,174,0,314,0,34,34,0.7356687898089171,0.7356687898089171,0.0,0.0,0.0,0.7356687898065744,231,83,0,0
sem_erro,xgboost,oscilacao,50,20,20,236,236,107,129,0,236,0,31,31,0.6779661016949152,0.6779661016949152,0.0,0.0,0.0,0.6779661016920425,160,76,0,0
sem_erro,xgboost,oscilacao,50,25,25,189,189,88,101,0,189,0,29,29,0.6402116402116402,0.6402116402116402,0.0,0.0,0.0,0.6402116402082528,121,68,0,0
sem_erro,xgboost,oscilacao,50,30,30,157,157,71,86,0,157,0,23,23,0.6624203821656051,0.6624203821656051,0.0,0.0,0.0,0.6624203821613859,104,53,0,0
sem_erro,xgboost,oscilacao,50,35,35,135,135,62,73,0,135,0,28,28,0.6444444444444445,0.6444444444444445,0.0,0.0,0.0,0.6444444444396709,87,48,0,0
sem_erro,xgboost,oscilacao,50,40,40,118,118,53,65,0,118,0,25,25,0.6694915254237288,0.6694915254237288,0.0,0.0,0.0,0.6694915254180551,79,39,0,0
sem_erro,xgboost,oscilacao,50,45,45,105,105,44,61,0,105,0,18,18,0.8,0.8,0.0,0.0,0.0,0.7999999999923809,84,21,0,0
sem_erro,xgboost,oscilacao,50,50,50,95,95,44,51,0,95,0,21,21,0.5263157894736842,0.5263157894736842,0.0,0.0,0.0,0.5263157894681441,50,45,0,0
sem_erro,xgboost,oscilacao,60,5,5,939,939,459,480,0,939,0,43,43,0.6687965921192758,0.6687965921192758,0.0,0.0,0.0,0.6687965921185636,628,311,0,0
sem_erro,xgboost,oscilacao,60,10,10,470,470,228,242,0,470,0,36,36,0.6468085106382979,0.6468085106382979,0.0,0.0,0.0,0.6468085106369217,304,166,0,0
sem_erro,xgboost,oscilacao,60,15,15,313,313,152,161,0,313,0,33,33,0.6805111821086262,0.6805111821086262,0.0,0.0,0.0,0.6805111821064521,213,100,0,0
sem_erro,xgboost,oscilacao,60,20,20,235,235,114,121,0,235,0,25,25,0.6553191489361702,0.6553191489361702,0.0,0.0,0.0,0.6553191489333816,154,81,0,0
sem_erro,xgboost,oscilacao,60,25,25,188,188,95,93,0,188,0,29,29,0.5691489361702128,0.5691489361702128,0.0,0.0,0.0,0.5691489361671854,107,81,0,0
sem_erro,xgboost,oscilacao,60,30,30,157,157,79,78,0,157,0,26,26,0.6050955414012739,0.6050955414012739,0.0,0.0,0.0,0.6050955413974198,95,62,0,0
sem_erro,xgboost,oscilacao,60,35,35,135,135,66,69,0,135,0,23,23,0.6148148148148148,0.6148148148148148,0.0,0.0,0.0,0.6148148148102607,83,52,0,0
sem_erro,xgboost,oscilacao,60,40,40,118,118,56,62,0,118,0,24,24,0.5932203389830508,0.5932203389830508,0.0,0.0,0.0,0.5932203389780235,70,48,0,0
sem_erro,xgboost,oscilacao,60,45,45,105,105,51,54,0,105,0,20,20,0.6952380952380952,0.6952380952380952,0.0,0.0,0.0,0.695238095231474,73,32,0,0
sem_erro,xgboost,oscilacao,60,50,50,94,94,47,47,0,94,0,20,20,0.48936170212765956,0.48936170212765956,0.0,0.0,0.0,0.48936170212245356,46,48,0,0
sem_erro,xgboost,oscilacao,60,55,55,86,86,44,42,0,86,0,19,19,0.627906976744186,0.627906976744186,0.0,0.0,0.0,0.6279069767368848,54,32,0,0
sem_erro,xgboost,oscilacao,60,60,60,79,79,40,39,0,79,0,17,17,0.6455696202531646,0.6455696202531646,0.0,0.0,0.0,0.6455696202449928,51,28,0,0
sem_erro,xgboost,oscilacao,70,5,5,937,937,487,450,0,937,0,47,47,0.6115261472785486,0.6115261472785486,0.0,0.0,0.0,0.6115261472778959,573,364,0,0
sem_erro,xgboost,oscilacao,70,10,10,469,469,242,227,0,469,0,35,35,0.6226012793176973,0.6226012793176973,0.0,0.0,0.0,0.6226012793163698,292,177,0,0
sem_erro,xgboost,oscilacao,70,15,15,313,313,164,149,0,313,0,28,28,0.5910543130990416,0.5910543130990416,0.0,0.0,0.0,0.5910543130971532,185,128,0,0
sem_erro,xgboost,oscilacao,70,20,20,235,235,121,114,0,235,0,26,26,0.6510638297872341,0.6510638297872341,0.0,0.0,0.0,0.6510638297844635,153,82,0,0
sem_erro,xgboost,oscilacao,70,25,25,188,188,97,91,0,188,0,26,26,0.6276595744680851,0.6276595744680851,0.0,0.0,0.0,0.6276595744647465,118,70,0,0
sem_erro,xgboost,oscilacao,70,30,30,157,157,83,74,0,157,0,30,30,0.5605095541401274,0.5605095541401274,0.0,0.0,0.0,0.5605095541365573,88,69,0,0
sem_erro,xgboost,oscilacao,70,35,35,134,134,68,66,0,134,0,26,26,0.6417910447761194,0.6417910447761194,0.0,0.0,0.0,0.64179104477133,86,48,0,0
sem_erro,xgboost,oscilacao,70,40,40,118,118,62,56,0,118,0,20,20,0.5169491525423728,0.5169491525423728,0.0,0.0,0.0,0.5169491525379919,61,57,0,0
sem_erro,xgboost,oscilacao,70,45,45,105,105,56,49,0,105,0,21,21,0.5238095238095238,0.5238095238095238,0.0,0.0,0.0,0.5238095238045352,55,50,0,0
sem_erro,xgboost,oscilacao,70,50,50,94,94,47,47,0,94,0,21,21,0.5531914893617021,0.5531914893617021,0.0,0.0,0.0,0.5531914893558171,52,42,0,0
sem_erro,xgboost,oscilacao,70,55,55,86,86,46,40,0,86,0,20,20,0.6744186046511628,0.6744186046511628,0.0,0.0,0.0,0.6744186046433207,58,28,0,0
sem_erro,xgboost,oscilacao,70,60,60,79,79,42,37,0,79,0,16,16,0.5316455696202531,0.5316455696202531,0.0,0.0,0.0,0.5316455696135235,42,37,0,0
sem_erro,xgboost,oscilacao,70,65,65,73,73,38,35,0,73,0,15,15,0.5205479452054794,0.5205479452054794,0.0,0.0,0.0,0.5205479451983487,38,35,0,0
sem_erro,xgboost,oscilacao,70,70,70,67,67,34,33,0,67,0,17,17,0.5522388059701493,0.5522388059701493,0.0,0.0,0.0,0.5522388059619069,37,30,0,0
sem_erro,xgboost,oscilacao,80,5,5,935,935,513,422,0,935,0,36,36,0.5850267379679145,0.5850267379679145,0.0,0.0,0.0,0.5850267379672888,547,388,0,0
sem_erro,xgboost,oscilacao,80,10,10,468,468,255,213,0,468,0,29,29,0.5705128205128205,0.5705128205128205,0.0,0.0,0.0,0.5705128205116015,267,201,0,0
sem_erro,xgboost,oscilacao,80,15,15,312,312,168,144,0,312,0,28,28,0.6282051282051282,0.6282051282051282,0.0,0.0,0.0,0.6282051282031147,196,116,0,0
sem_erro,xgboost,oscilacao,80,20,20,234,234,128,106,0,234,0,25,25,0.594017094017094,0.594017094017094,0.0,0.0,0.0,0.5940170940145555,139,95,0,0
sem_erro,xgboost,oscilacao,80,25,25,187,187,104,83,0,187,0,24,24,0.5454545454545454,0.5454545454545454,0.0,0.0,0.0,0.5454545454516286,102,85,0,0
sem_erro,xgboost,oscilacao,80,30,30,156,156,85,71,0,156,0,22,22,0.5576923076923077,0.5576923076923077,0.0,0.0,0.0,0.5576923076887328,87,69,0,0
sem_erro,xgboost,oscilacao,80,35,35,134,134,73,61,0,134,0,19,19,0.6417910447761194,0.6417910447761194,0.0,0.0,0.0,0.64179104477133,86,48,0,0
sem_erro,xgboost,oscilacao,80,40,40,117,117,66,51,0,117,0,18,18,0.5897435897435898,0.5897435897435898,0.0,0.0,0.0,0.5897435897385492,69,48,0,0
sem_erro,xgboost,oscilacao,80,45,45,104,104,56,48,0,104,0,14,14,0.5673076923076923,0.5673076923076923,0.0,0.0,0.0,0.5673076923022374,59,45,0,0
sem_erro,xgboost,oscilacao,80,50,50,94,94,49,45,0,94,0,21,21,0.5106382978723404,0.5106382978723404,0.0,0.0,0.0,0.5106382978669081,48,46,0,0
sem_erro,xgboost,oscilacao,80,55,55,85,85,46,39,0,85,0,23,23,0.6,0.6,0.0,0.0,0.0,0.5999999999929412,51,34,0,0
sem_erro,xgboost,oscilacao,80,60,60,78,78,43,35,0,78,0,15,15,0.47435897435897434,0.47435897435897434,0.0,0.0,0.0,0.4743589743528928,37,41,0,0
sem_erro,xgboost,oscilacao,80,65,65,72,72,39,33,0,72,0,18,18,0.5,0.5,0.0,0.0,0.0,0.49999999999305555,36,36,0,0
sem_erro,xgboost,oscilacao,80,70,70,67,67,36,31,0,67,0,20,20,0.5671641791044776,0.5671641791044776,0.0,0.0,0.0,0.5671641790960125,38,29,0,0
sem_erro,xgboost,oscilacao,80,75,75,63,63,36,27,0,63,0,17,17,0.5714285714285714,0.5714285714285714,0.0,0.0,0.0,0.5714285714195012,36,27,0,0
sem_erro,xgboost,oscilacao,80,80,80,59,59,32,27,0,59,0,16,16,0.6440677966101694,0.6440677966101694,0.0,0.0,0.0,0.6440677965992532,38,21,0,0
sem_erro,xgboost,oscilacao,90,5,5,933,933,537,396,0,933,0,41,41,0.5133976420150054,0.5133976420150054,0.0,0.0,0.0,0.5133976420144551,479,454,0,0
sem_erro,xgboost,oscilacao,90,10,10,467,467,267,200,0,467,0,34,34,0.5160599571734475,0.5160599571734475,0.0,0.0,0.0,0.5160599571723425,241,226,0,0
sem_erro,xgboost,oscilacao,90,15,15,311,311,178,133,0,311,0,26,26,0.5273311897106109,0.5273311897106109,0.0,0.0,0.0,0.5273311897089153,164,147,0,0
sem_erro,xgboost,oscilacao,90,20,20,234,234,134,100,0,234,0,22,22,0.5256410256410257,0.5256410256410257,0.0,0.0,0.0,0.5256410256387793,123,111,0,0
sem_erro,xgboost,oscilacao,90,25,25,187,187,107,80,0,187,0,18,18,0.48128342245989303,0.48128342245989303,0.0,0.0,0.0,0.48128342245731937,90,97,0,0
sem_erro,xgboost,oscilacao,90,30,30,156,156,91,65,0,156,0,21,21,0.48717948717948717,0.48717948717948717,0.0,0.0,0.0,0.4871794871763643,76,80,0,0
sem_erro,xgboost,oscilacao,90,35,35,134,134,78,56,0,134,0,20,20,0.5074626865671642,0.5074626865671642,0.0,0.0,0.0,0.5074626865633772,68,66,0,0
sem_erro,xgboost,oscilacao,90,40,40,117,117,67,50,0,117,0,18,18,0.48717948717948717,0.48717948717948717,0.0,0.0,0.0,0.4871794871753232,57,60,0,0
sem_erro,xgboost,oscilacao,90,45,45,104,104,58,46,0,104,0,19,19,0.5480769230769231,0.5480769230769231,0.0,0.0,0.0,0.5480769230716531,57,47,0,0
sem_erro,xgboost,oscilacao,90,50,50,94,94,51,43,0,94,0,19,19,0.5531914893617021,0.5531914893617021,0.0,0.0,0.0,0.5531914893558171,52,42,0,0
sem_erro,xgboost,oscilacao,90,55,55,85,85,47,38,0,85,0,20,20,0.5294117647058824,0.5294117647058824,0.0,0.0,0.0,0.529411764699654,45,40,0,0
sem_erro,xgboost,oscilacao,90,60,60,78,78,46,32,0,78,0,14,14,0.38461538461538464,0.38461538461538464,0.0,0.0,0.0,0.38461538461045364,30,48,0,0
sem_erro,xgboost,oscilacao,90,65,65,72,72,42,30,0,72,0,15,15,0.5,0.5,0.0,0.0,0.0,0.49999999999305555,36,36,0,0
sem_erro,xgboost,oscilacao,90,70,70,67,67,38,29,0,67,0,15,15,0.5074626865671642,0.5074626865671642,0.0,0.0,0.0,0.50746268655959,34,33,0,0
sem_erro,xgboost,oscilacao,90,75,75,63,63,38,25,0,63,0,15,15,0.5079365079365079,0.5079365079365079,0.0,0.0,0.0,0.5079365079284455,32,31,0,0
sem_erro,xgboost,oscilacao,90,80,80,59,59,33,26,0,59,0,18,18,0.576271186440678,0.576271186440678,0.0,0.0,0.0,0.5762711864309107,34,25,0,0
sem_erro,xgboost,oscilacao,90,85,85,55,55,33,22,0,55,0,14,14,0.4727272727272727,0.4727272727272727,0.0,0.0,0.0,0.4727272727186777,26,29,0,0
sem_erro,xgboost,oscilacao,90,90,90,52,52,28,24,0,52,0,12,12,0.5961538461538461,0.5961538461538461,0.0,0.0,0.0,0.5961538461423816,31,21,0,0
sem_erro,xgboost,oscilacao,100,5,5,931,931,560,371,0,931,0,41,41,0.46616541353383456,0.46616541353383456,0.0,0.0,0.0,0.46616541353333385,434,497,0,0
sem_erro,xgboost,oscilacao,100,10,10,466,466,278,188,0,466,0,34,34,0.4742489270386266,0.4742489270386266,0.0,0.0,0.0,0.4742489270376089,221,245,0,0
sem_erro,xgboost,oscilacao,100,15,15,311,311,189,122,0,311,0,24,24,0.44694533762057875,0.44694533762057875,0.0,0.0,0.0,0.4469453376191417,139,172,0,0
sem_erro,xgboost,oscilacao,100,20,20,233,233,139,94,0,233,0,24,24,0.47639484978540775,0.47639484978540775,0.0,0.0,0.0,0.47639484978336316,111,122,0,0
sem_erro,xgboost,oscilacao,100,25,25,187,187,113,74,0,187,0,26,26,0.4385026737967914,0.4385026737967914,0.0,0.0,0.0,0.4385026737944465,82,105,0,0
sem_erro,xgboost,oscilacao,100,30,30,156,156,95,61,0,156,0,19,19,0.46794871794871795,0.46794871794871795,0.0,0.0,0.0,0.4679487179457183,73,83,0,0
sem_erro,xgboost,oscilacao,100,35,35,133,133,78,55,0,133,0,21,21,0.5112781954887218,0.5112781954887218,0.0,0.0,0.0,0.5112781954848776,68,65,0,0
sem_erro,xgboost,oscilacao,100,40,40,117,117,68,49,0,117,0,15,15,0.5128205128205128,0.5128205128205128,0.0,0.0,0.0,0.5128205128161297,60,57,0,0
sem_erro,xgboost,oscilacao,100,45,45,104,104,62,42,0,104,0,17,17,0.4326923076923077,0.4326923076923077,0.0,0.0,0.0,0.43269230768814715,45,59,0,0
sem_erro,xgboost,oscilacao,100,50,50,94,94,55,39,0,94,0,21,21,0.4148936170212766,0.4148936170212766,0.0,0.0,0.0,0.41489361701686284,39,55,0,0
sem_erro,xgboost,oscilacao,100,55,55,85,85,53,32,0,85,0,19,19,0.4470588235294118,0.4470588235294118,0.0,0.0,0.0,0.4470588235241522,38,47,0,0
sem_erro,xgboost,oscilacao,100,60,60,78,78,48,30,0,78,0,12,12,0.4358974358974359,0.4358974358974359,0.0,0.0,0.0,0.43589743589184743,34,44,0,0
sem_erro,xgboost,oscilacao,100,65,65,72,72,44,28,0,72,0,15,15,0.4583333333333333,0.4583333333333333,0.0,0.0,0.0,0.4583333333269676,33,39,0,0
sem_erro,xgboost,oscilacao,100,70,70,67,67,38,29,0,67,0,12,12,0.5970149253731343,0.5970149253731343,0.0,0.0,0.0,0.5970149253642236,40,27,0,0
sem_erro,xgboost,oscilacao,100,75,75,63,63,40,23,0,63,0,12,12,0.4444444444444444,0.4444444444444444,0.0,0.0,0.0,0.4444444444373898,28,35,0,0
sem_erro,xgboost,oscilacao,100,80,80,59,59,34,25,0,59,0,13,13,0.5423728813559322,0.5423728813559322,0.0,0.0,0.0,0.5423728813467394,32,27,0,0
sem_erro,xgboost,oscilacao,100,85,85,55,55,35,20,0,55,0,13,13,0.34545454545454546,0.34545454545454546,0.0,0.0,0.0,0.3454545454482645,19,36,0,0
sem_erro,xgboost,oscilacao,100,90,90,52,52,29,23,0,52,0,11,11,0.40384615384615385,0.40384615384615385,0.0,0.0,0.0,0.4038461538383876,21,31,0,0
sem_erro,xgboost,oscilacao,100,95,95,49,49,30,19,0,49,0,10,10,0.42857142857142855,0.42857142857142855,0.0,0.0,0.0,0.42857142856268227,21,28,0,0
sem_erro,xgboost,oscilacao,100,100,100,47,47,27,20,0,47,0,11,11,0.3617021276595745,0.3617021276595745,0.0,0.0,0.0,0.3617021276518787,17,30,0,0
sem_erro,xgboost,queda,20,5,5,947,947,215,732,0,947,0,50,50,0.8289334741288279,0.8289334741288279,0.0,0.0,0.0,0.8289334741279526,785,162,0,0
sem_erro,xgboost,queda,20,10,10,474,474,108,366,0,474,0,38,38,0.8312236286919831,0.8312236286919831,0.0,0.0,0.0,0.8312236286902295,394,80,0,0
sem_erro,xgboost,queda,20,15,15,316,316,71,245,0,316,0,33,33,0.8259493670886076,0.8259493670886076,0.0,0.0,0.0,0.8259493670859939,261,55,0,0
sem_erro,xgboost,queda,20,20,20,237,237,53,184,0,237,0,28,28,0.8396624472573839,0.8396624472573839,0.0,0.0,0.0,0.8396624472538411,199,38,0,0
sem_erro,xgboost,queda,30,5,5,945,945,254,691,0,945,0,38,38,0.8476190476190476,0.8476190476190476,0.0,0.0,0.0,0.8476190476181507,801,144,0,0
sem_erro,xgboost,queda,30,10,10,473,473,128,345,0,473,0,32,32,0.8350951374207188,0.8350951374207188,0.0,0.0,0.0,0.8350951374189534,395,78,0,0
sem_erro,xgboost,queda,30,15,15,315,315,83,232,0,315,0,24,24,0.8476190476190476,0.8476190476190476,0.0,0.0,0.0,0.8476190476163568,267,48,0,0
sem_erro,xgboost,queda,30,20,20,237,237,64,173,0,237,0,23,23,0.8649789029535865,0.8649789029535865,0.0,0.0,0.0,0.8649789029499368,205,32,0,0
sem_erro,xgboost,queda,30,25,25,189,189,53,136,0,189,0,26,26,0.7883597883597884,0.7883597883597884,0.0,0.0,0.0,0.7883597883556172,149,40,0,0
sem_erro,xgboost,queda,30,30,30,158,158,41,117,0,158,0,21,21,0.8354430379746836,0.8354430379746836,0.0,0.0,0.0,0.835443037969396,132,26,0,0
sem_erro,xgboost,queda,40,5,5,943,943,289,654,0,943,0,50,50,0.809119830328738,0.809119830328738,0.0,0.0,0.0,0.80911983032788,763,180,0,0
sem_erro,xgboost,queda,40,10,10,472,472,145,327,0,472,0,40,40,0.7966101694915254,0.7966101694915254,0.0,0.0,0.0,0.7966101694898378,376,96,0,0
sem_erro,xgboost,queda,40,15,15,315,315,97,218,0,315,0,31,31,0.7714285714285715,0.7714285714285715,0.0,0.0,0.0,0.7714285714261224,243,72,0,0
sem_erro,xgboost,queda,40,20,20,236,236,72,164,0,236,0,30,30,0.7796610169491526,0.7796610169491526,0.0,0.0,0.0,0.7796610169458489,184,52,0,0
sem_erro,xgboost,queda,40,25,25,189,189,59,130,0,189,0,27,27,0.7883597883597884,0.7883597883597884,0.0,0.0,0.0,0.7883597883556172,149,40,0,0
sem_erro,xgboost,queda,40,30,30,158,158,48,110,0,158,0,23,23,0.8227848101265823,0.8227848101265823,0.0,0.0,0.0,0.8227848101213748,130,28,0,0
sem_erro,xgboost,queda,40,35,35,135,135,41,94,0,135,0,21,21,0.7925925925925926,0.7925925925925926,0.0,0.0,0.0,0.7925925925867215,107,28,0,0
sem_erro,xgboost,queda,40,40,40,118,118,32,86,0,118,0,22,22,0.7627118644067796,0.7627118644067796,0.0,0.0,0.0,0.762711864400316,90,28,0,0
sem_erro,xgboost,queda,50,5,5,941,941,318,623,0,941,0,53,53,0.718384697130712,0.718384697130712,0.0,0.0,0.0,0.7183846971299486,676,265,0,0
sem_erro,xgboost,queda,50,10,10,471,471,160,311,0,471,0,41,41,0.7154989384288747,0.7154989384288747,0.0,0.0,0.0,0.7154989384273557,337,134,0,0
sem_erro,xgboost,queda,50,15,15,314,314,104,210,0,314,0,33,33,0.7292993630573248,0.7292993630573248,0.0,0.0,0.0,0.7292993630550022,229,85,0,0
sem_erro,xgboost,queda,50,20,20,236,236,80,156,0,236,0,26,26,0.7372881355932204,0.7372881355932204,0.0,0.0,0.0,0.7372881355900963,174,62,0,0
sem_erro,xgboost,queda,50,25,25,189,189,65,124,0,189,0,27,27,0.6984126984126984,0.6984126984126984,0.0,0.0,0.0,0.6984126984090031,132,57,0,0
sem_erro,xgboost,queda,50,30,30,157,157,53,104,0,157,0,23,23,0.7643312101910829,0.7643312101910829,0.0,0.0,0.0,0.7643312101862145,120,37,0,0
sem_erro,xgboost,queda,50,35,35,135,135,48,87,0,135,0,22,22,0.7481481481481481,0.7481481481481481,0.0,0.0,0.0,0.7481481481426063,101,34,0,0
sem_erro,xgboost,queda,50,40,40,118,118,37,81,0,118,0,17,17,0.8050847457627118,0.8050847457627118,0.0,0.0,0.0,0.8050847457558891,95,23,0,0
sem_erro,xgboost,queda,50,45,45,105,105,34,71,0,105,0,21,21,0.7238095238095238,0.7238095238095238,0.0,0.0,0.0,0.7238095238026303,76,29,0,0
sem_erro,xgboost,queda,50,50,50,95,95,33,62,0,95,0,22,22,0.6421052631578947,0.6421052631578947,0.0,0.0,0.0,0.6421052631511357,61,34,0,0
sem_erro,xgboost,queda,60,5,5,939,939,346,593,0,939,0,48,48,0.7273695420660277,0.7273695420660277,0.0,0.0,0.0,0.7273695420652531,683,256,0,0
sem_erro,xgboost,queda,60,10,10,470,470,174,296,0,470,0,38,38,0.723404255319149,0.723404255319149,0.0,0.0,0.0,0.7234042553176098,340,130,0,0
sem_erro,xgboost,queda,60,15,15,313,313,112,201,0,313,0,32,32,0.7028753993610224,0.7028753993610224,0.0,0.0,0.0,0.7028753993587767,220,93,0,0
sem_erro,xgboost,queda,60,20,20,235,235,87,148,0,235,0,27,27,0.6978723404255319,0.6978723404255319,0.0,0.0,0.0,0.6978723404225623,164,71,0,0
sem_erro,xgboost,queda,60,25,25,188,188,70,118,0,188,0,28,28,0.7074468085106383,0.7074468085106383,0.0,0.0,0.0,0.7074468085068754,133,55,0,0
sem_erro,xgboost,queda,60,30,30,157,157,56,101,0,157,0,27,27,0.6687898089171974,0.6687898089171974,0.0,0.0,0.0,0.6687898089129377,105,52,0,0
sem_erro,xgboost,queda,60,35,35,135,135,52,83,0,135,0,29,29,0.674074074074074,0.674074074074074,0.0,0.0,0.0,0.6740740740690809,91,44,0,0
sem_erro,xgboost,queda,60,40,40,118,118,42,76,0,118,0,23,23,0.6864406779661016,0.6864406779661016,0.0,0.0,0.0,0.6864406779602844,81,37,0,0
sem_erro,xgboost,queda,60,45,45,105,105,37,68,0,105,0,23,23,0.6857142857142857,0.6857142857142857,0.0,0.0,0.0,0.6857142857077551,72,33,0,0
sem_erro,xgboost,queda,60,50,50,94,94,36,58,0,94,0,22,22,0.6595744680851063,0.6595744680851063,0.0,0.0,0.0,0.6595744680780896,62,32,0,0
sem_erro,xgboost,queda,60,55,55,86,86,32,54,0,86,0,21,21,0.6976744186046512,0.6976744186046512,0.0,0.0,0.0,0.6976744185965387,60,26,0,0
sem_erro,xgboost,queda,60,60,60,79,79,28,51,0,79,0,20,20,0.6582278481012658,0.6582278481012658,0.0,0.0,0.0,0.6582278480929338,52,27,0,0
sem_erro,xgboost,queda,70,5,5,937,937,374,563,0,937,0,35,35,0.7054429028815368,0.7054429028815368,0.0,0.0,0.0,0.7054429028807839,661,276,0,0
sem_erro,xgboost,queda,70,10,10,469,469,188,281,0,469,0,35,35,0.6823027718550106,0.6823027718550106,0.0,0.0,0.0,0.6823027718535559,320,149,0,0
sem_erro,xgboost,queda,70,15,15,313,313,126,187,0,313,0,29,29,0.6677316293929713,0.6677316293929713,0.0,0.0,0.0,0.667731629390838,209,104,0,0
sem_erro,xgboost,queda,70,20,20,235,235,94,141,0,235,0,28,28,0.6808510638297872,0.6808510638297872,0.0,0.0,0.0,0.68085106382689,160,75,0,0
sem_erro,xgboost,queda,70,25,25,188,188,75,113,0,188,0,27,27,0.6170212765957447,0.6170212765957447,0.0,0.0,0.0,0.6170212765924626,116,72,0,0
sem_erro,xgboost,queda,70,30,30,157,157,63,94,0,157,0,23,23,0.6687898089171974,0.6687898089171974,0.0,0.0,0.0,0.6687898089129377,105,52,0,0
sem_erro,xgboost,queda,70,35,35,134,134,55,79,0,134,0,26,26,0.6268656716417911,0.6268656716417911,0.0,0.0,0.0,0.626865671637113,84,50,0,0
sem_erro,xgboost,queda,70,40,40,118,118,45,73,0,118,0,25,25,0.6864406779661016,0.6864406779661016,0.0,0.0,0.0,0.6864406779602844,81,37,0,0
sem_erro,xgboost,queda,70,45,45,105,105,44,61,0,105,0,22,22,0.5714285714285714,0.5714285714285714,0.0,0.0,0.0,0.5714285714231292,60,45,0,0
sem_erro,xgboost,queda,70,50,50,94,94,38,56,0,94,0,24,24,0.6063829787234043,0.6063829787234043,0.0,0.0,0.0,0.6063829787169533,57,37,0,0
sem_erro,xgboost,queda,70,55,55,86,86,36,50,0,86,0,16,16,0.6976744186046512,0.6976744186046512,0.0,0.0,0.0,0.6976744185965387,60,26,0,0
sem_erro,xgboost,queda,70,60,60,79,79,31,48,0,79,0,17,17,0.6455696202531646,0.6455696202531646,0.0,0.0,0.0,0.6455696202449928,51,28,0,0
sem_erro,xgboost,queda,70,65,65,73,73,29,44,0,73,0,20,20,0.6301369863013698,0.6301369863013698,0.0,0.0,0.0,0.6301369862927378,46,27,0,0
sem_erro,xgboost,queda,70,70,70,67,67,27,40,0,67,0,17,17,0.6417910447761194,0.6417910447761194,0.0,0.0,0.0,0.6417910447665404,43,24,0,0
sem_erro,xgboost,queda,80,5,5,935,935,401,534,0,935,0,37,37,0.6802139037433155,0.6802139037433155,0.0,0.0,0.0,0.680213903742588,636,299,0,0
sem_erro,xgboost,queda,80,10,10,468,468,202,266,0,468,0,29,29,0.6709401709401709,0.6709401709401709,0.0,0.0,0.0,0.6709401709387374,314,154,0,0
sem_erro,xgboost,queda,80,15,15,312,312,132,180,0,312,0,24,24,0.6666666666666666,0.6666666666666666,0.0,0.0,0.0,0.6666666666645299,208,104,0,0
sem_erro,xgboost,queda,80,20,20,234,234,101,133,0,234,0,23,23,0.6623931623931624,0.6623931623931624,0.0,0.0,0.0,0.6623931623903316,155,79,0,0
sem_erro,xgboost,queda,80,25,25,187,187,81,106,0,187,0,23,23,0.679144385026738,0.679144385026738,0.0,0.0,0.0,0.6791443850231063,127,60,0,0
sem_erro,xgboost,queda,80,30,30,156,156,67,89,0,156,0,21,21,0.6282051282051282,0.6282051282051282,0.0,0.0,0.0,0.6282051282011013,98,58,0,0
sem_erro,xgboost,queda,80,35,35,134,134,58,76,0,134,0,19,19,0.6716417910447762,0.6716417910447762,0.0,0.0,0.0,0.671641791039764,90,44,0,0
sem_erro,xgboost,queda,80,40,40,117,117,47,70,0,117,0,21,21,0.5982905982905983,0.5982905982905983,0.0,0.0,0.0,0.5982905982854847,70,47,0,0
sem_erro,xgboost,queda,80,45,45,104,104,47,57,0,104,0,22,22,0.5961538461538461,0.5961538461538461,0.0,0.0,0.0,0.5961538461481138,62,42,0,0
sem_erro,xgboost,queda,80,50,50,94,94,40,54,0,94,0,20,20,0.648936170212766,0.648936170212766,0.0,0.0,0.0,0.6489361702058624,61,33,0,0
sem_erro,xgboost,queda,80,55,55,85,85,36,49,0,85,0,19,19,0.6588235294117647,0.6588235294117647,0.0,0.0,0.0,0.6588235294040138,56,29,0,0
sem_erro,xgboost,queda,80,60,60,78,78,32,46,0,78,0,19,19,0.5897435897435898,0.5897435897435898,0.0,0.0,0.0,0.5897435897360289,46,32,0,0
sem_erro,xgboost,queda,80,65,65,72,72,30,42,0,72,0,17,17,0.5416666666666666,0.5416666666666666,0.0,0.0,0.0,0.5416666666591435,39,33,0,0
sem_erro,xgboost,queda,80,70,70,67,67,29,38,0,67,0,15,15,0.582089552238806,0.582089552238806,0.0,0.0,0.0,0.582089552230118,39,28,0,0
sem_erro,xgboost,queda,80,75,75,63,63,25,38,0,63,0,13,13,0.6825396825396826,0.6825396825396826,0.0,0.0,0.0,0.6825396825288487,43,20,0,0
sem_erro,xgboost,queda,80,80,80,59,59,24,35,0,59,0,12,12,0.7288135593220338,0.7288135593220338,0.0,0.0,0.0,0.7288135593096812,43,16,0,0
sem_erro,xgboost,queda,90,5,5,933,933,425,508,0,933,0,41,41,0.6345123258306538,0.6345123258306538,0.0,0.0,0.0,0.6345123258299737,592,341,0,0
sem_erro,xgboost,queda,90,10,10,467,467,214,253,0,467,0,29,29,0.6509635974304069,0.6509635974304069,0.0,0.0,0.0,0.6509635974290129,304,163,0,0
sem_erro,xgboost,queda,90,15,15,311,311,139,172,0,311,0,27,27,0.6302250803858521,0.6302250803858521,0.0,0.0,0.0,0.6302250803838256,196,115,0,0
sem_erro,xgboost,queda,90,20,20,234,234,107,127,0,234,0,22,22,0.6367521367521367,0.6367521367521367,0.0,0.0,0.0,0.6367521367494157,149,85,0,0
sem_erro,xgboost,queda,90,25,25,187,187,86,101,0,187,0,23,23,0.6363636363636364,0.6363636363636364,0.0,0.0,0.0,0.6363636363602334,119,68,0,0
sem_erro,xgboost,queda,90,30,30,156,156,69,87,0,156,0,22,22,0.6474358974358975,0.6474358974358975,0.0,0.0,0.0,0.6474358974317472,101,55,0,0
sem_erro,xgboost,queda,90,35,35,134,134,63,71,0,134,0,18,18,0.6194029850746269,0.6194029850746269,0.0,0.0,0.0,0.6194029850700045,83,51,0,0
sem_erro,xgboost,queda,90,40,40,117,117,51,66,0,117,0,18,18,0.6495726495726496,0.6495726495726496,0.0,0.0,0.0,0.6495726495670977,76,41,0,0
sem_erro,xgboost,queda,90,45,45,104,104,47,57,0,104,0,19,19,0.5769230769230769,0.5769230769230769,0.0,0.0,0.0,0.5769230769175295,60,44,0,0
sem_erro,xgboost,queda,90,50,50,94,94,43,51,0,94,0,16,16,0.5957446808510638,0.5957446808510638,0.0,0.0,0.0,0.5957446808447261,56,38,0,0
sem_erro,xgboost,queda,90,55,55,85,85,37,48,0,85,0,15,15,0.6235294117647059,0.6235294117647059,0.0,0.0,0.0,0.6235294117573702,53,32,0,0
sem_erro,xgboost,queda,90,60,60,78,78,33,45,0,78,0,16,16,0.6282051282051282,0.6282051282051282,0.0,0.0,0.0,0.6282051281970743,49,29,0,0
sem_erro,xgboost,queda,90,65,65,72,72,32,40,0,72,0,16,16,0.4722222222222222,0.4722222222222222,0.0,0.0,0.0,0.47222222221566357,34,38,0,0
sem_erro,xgboost,queda,90,70,70,67,67,33,34,0,67,0,13,13,0.47761194029850745,0.47761194029850745,0.0,0.0,0.0,0.4776119402913789,32,35,0,0
sem_erro,xgboost,queda,90,75,75,63,63,26,37,0,63,0,13,13,0.5873015873015873,0.5873015873015873,0.0,0.0,0.0,0.5873015872922651,37,26,0,0
sem_erro,xgboost,queda,90,80,80,59,59,26,33,0,59,0,13,13,0.6440677966101694,0.6440677966101694,0.0,0.0,0.0,0.6440677965992532,38,21,0,0
sem_erro,xgboost,queda,90,85,85,55,55,26,29,0,55,0,9,9,0.45454545454545453,0.45454545454545453,0.0,0.0,0.0,0.4545454545371901,25,30,0,0
sem_erro,xgboost,queda,90,90,90,52,52,25,27,0,52,0,12,12,0.5192307692307693,0.5192307692307693,0.0,0.0,0.0,0.519230769220784,27,25,0,0
sem_erro,xgboost,queda,100,5,5,931,931,449,482,0,931,0,34,34,0.6079484425349087,0.6079484425349087,0.0,0.0,0.0,0.6079484425342557,566,365,0,0
sem_erro,xgboost,queda,100,10,10,466,466,226,240,0,466,0,31,31,0.5793991416309013,0.5793991416309013,0.0,0.0,0.0,0.579399141629658,270,196,0,0
sem_erro,xgboost,queda,100,15,15,311,311,151,160,0,311,0,29,29,0.5755627009646302,0.5755627009646302,0.0,0.0,0.0,0.5755627009627795,179,132,0,0
sem_erro,xgboost,queda,100,20,20,233,233,113,120,0,233,0,21,21,0.5450643776824035,0.5450643776824035,0.0,0.0,0.0,0.5450643776800641,127,106,0,0
sem_erro,xgboost,queda,100,25,25,187,187,91,96,0,187,0,24,24,0.5454545454545454,0.5454545454545454,0.0,0.0,0.0,0.5454545454516286,102,85,0,0
sem_erro,xgboost,queda,100,30,30,156,156,76,80,0,156,0,21,21,0.5961538461538461,0.5961538461538461,0.0,0.0,0.0,0.5961538461500246,93,63,0,0
sem_erro,xgboost,queda,100,35,35,133,133,65,68,0,133,0,21,21,0.556390977443609,0.556390977443609,0.0,0.0,0.0,0.5563909774394257,74,59,0,0
sem_erro,xgboost,queda,100,40,40,117,117,56,61,0,117,0,20,20,0.5811965811965812,0.5811965811965812,0.0,0.0,0.0,0.5811965811916137,68,49,0,0
sem_erro,xgboost,queda,100,45,45,104,104,50,54,0,104,0,18,18,0.5480769230769231,0.5480769230769231,0.0,0.0,0.0,0.5480769230716531,57,47,0,0
sem_erro,xgboost,queda,100,50,50,94,94,46,48,0,94,0,15,15,0.5106382978723404,0.5106382978723404,0.0,0.0,0.0,0.5106382978669081,48,46,0,0
sem_erro,xgboost,queda,100,55,55,85,85,40,45,0,85,0,12,12,0.611764705882353,0.611764705882353,0.0,0.0,0.0,0.6117647058751556,52,33,0,0
sem_erro,xgboost,queda,100,60,60,78,78,37,41,0,78,0,13,13,0.5128205128205128,0.5128205128205128,0.0,0.0,0.0,0.5128205128139381,40,38,0,0
sem_erro,xgboost,queda,100,65,65,72,72,35,37,0,72,0,14,14,0.5138888888888888,0.5138888888888888,0.0,0.0,0.0,0.5138888888817515,37,35,0,0
sem_erro,xgboost,queda,100,70,70,67,67,34,33,0,67,0,9,9,0.5223880597014925,0.5223880597014925,0.0,0.0,0.0,0.5223880596936957,35,32,0,0
sem_erro,xgboost,queda,100,75,75,63,63,29,34,0,63,0,14,14,0.5555555555555556,0.5555555555555556,0.0,0.0,0.0,0.5555555555467372,35,28,0,0
sem_erro,xgboost,queda,100,80,80,59,59,30,29,0,59,0,13,13,0.5423728813559322,0.5423728813559322,0.0,0.0,0.0,0.5423728813467394,32,27,0,0
sem_erro,xgboost,queda,100,85,85,55,55,29,26,0,55,0,10,10,0.4,0.4,0.0,0.0,0.0,0.3999999999927273,22,33,0,0
sem_erro,xgboost,queda,100,90,90,52,52,26,26,0,52,0,12,12,0.5769230769230769,0.5769230769230769,0.0,0.0,0.0,0.5769230769119823,30,22,0,0
sem_erro,xgboost,queda,100,95,95,49,49,20,29,0,49,0,11,11,0.6326530612244898,0.6326530612244898,0.0,0.0,0.0,0.6326530612115786,31,18,0,0
sem_erro,xgboost,queda,100,100,100,47,47,20,27,0,47,0,11,11,0.5531914893617021,0.5531914893617021,0.0,0.0,0.0,0.5531914893499321,26,21,0,0
