teste,modelo,falha,janela,passo_cfg,passo_real,amostras_treino,amostras_teste,positivos_treino,negativos_treino,positivos_teste,negativos_teste,eventos_reais_teste,eventos_detectados,diferenca_eventos,accuracy,balanced_accuracy,precision_pos,recall_pos,f1_pos,specificity,tn,fp,fn,tp
sem_erro,catboost,lacuna,20,5,5,947,947,272,675,0,947,0,0,0,1.0,1.0,0.0,0.0,0.0,0.9999999999989441,947,0,0,0
sem_erro,catboost,lacuna,20,10,10,474,474,137,337,0,474,0,0,0,1.0,1.0,0.0,0.0,0.0,0.9999999999978904,474,0,0,0
sem_erro,catboost,lacuna,20,15,15,316,316,92,224,0,316,0,0,0,1.0,1.0,0.0,0.0,0.0,0.9999999999968355,316,0,0,0
sem_erro,catboost,lacuna,20,20,20,237,237,65,172,0,237,0,0,0,1.0,1.0,0.0,0.0,0.0,0.9999999999957806,237,0,0,0
sem_erro,catboost,lacuna,30,5,5,945,945,308,637,0,945,0,0,0,1.0,1.0,0.0,0.0,0.0,0.9999999999989418,945,0,0,0
sem_erro,catboost,lacuna,30,10,10,473,473,155,318,0,473,0,0,0,1.0,1.0,0.0,0.0,0.0,0.9999999999978858,473,0,0,0
sem_erro,catboost,lacuna,30,15,15,315,315,104,211,0,315,0,0,0,1.0,1.0,0.0,0.0,0.0,0.9999999999968254,315,0,0,0
sem_erro,catboost,lacuna,30,20,20,237,237,80,157,0,237,0,0,0,1.0,1.0,0.0,0.0,0.0,0.9999999999957806,237,0,0,0
sem_erro,catboost,lacuna,30,25,25,189,189,63,126,0,189,0,0,0,1.0,1.0,0.0,0.0,0.0,0.999999999994709,189,0,0,0
sem_erro,catboost,lacuna,30,30,30,158,158,53,105,0,158,0,0,0,1.0,1.0,0.0,0.0,0.0,0.999999999993671,158,0,0,0
sem_erro,catboost,lacuna,40,5,5,943,943,343,600,0,943,0,0,0,1.0,1.0,0.0,0.0,0.0,0.9999999999989395,943,0,0,0
sem_erro,catboost,lacuna,40,10,10,472,472,172,300,0,472,0,0,0,1.0,1.0,0.0,0.0,0.0,0.9999999999978814,472,0,0,0
sem_erro,catboost,lacuna,40,15,15,315,315,113,202,0,315,0,0,0,1.0,1.0,0.0,0.0,0.0,0.9999999999968254,315,0,0,0
sem_erro,catboost,lacuna,40,20,20,236,236,83,153,0,236,0,0,0,1.0,1.0,0.0,0.0,0.0,0.9999999999957627,236,0,0,0
sem_erro,catboost,lacuna,40,25,25,189,189,68,121,0,189,0,0,0,1.0,1.0,0.0,0.0,0.0,0.999999999994709,189,0,0,0
sem_erro,catboost,lacuna,40,30,30,158,158,60,98,0,158,0,0,0,1.0,1.0,0.0,0.0,0.0,0.999999999993671,158,0,0,0
sem_erro,catboost,lacuna,40,35,35,135,135,44,91,0,135,0,0,0,1.0,1.0,0.0,0.0,0.0,0.9999999999925927,135,0,0,0
sem_erro,catboost,lacuna,40,40,40,118,118,41,77,0,118,0,0,0,1.0,1.0,0.0,0.0,0.0,0.9999999999915254,118,0,0,0
sem_erro,catboost,lacuna,50,5,5,941,941,377,564,0,941,0,0,0,1.0,1.0,0.0,0.0,0.0,0.9999999999989373,941,0,0,0
sem_erro,catboost,lacuna,50,10,10,471,471,189,282,0,471,0,0,0,1.0,1.0,0.0,0.0,0.0,0.9999999999978769,471,0,0,0
sem_erro,catboost,lacuna,50,15,15,314,314,127,187,0,314,0,0,0,1.0,1.0,0.0,0.0,0.0,0.9999999999968153,314,0,0,0
sem_erro,catboost,lacuna,50,20,20,236,236,97,139,0,236,0,0,0,1.0,1.0,0.0,0.0,0.0,0.9999999999957627,236,0,0,0
sem_erro,catboost,lacuna,50,25,25,189,189,78,111,0,189,0,0,0,1.0,1.0,0.0,0.0,0.0,0.999999999994709,189,0,0,0
sem_erro,catboost,lacuna,50,30,30,157,157,64,93,0,157,0,0,0,1.0,1.0,0.0,0.0,0.0,0.9999999999936307,157,0,0,0
sem_erro,catboost,lacuna,50,35,35,135,135,50,85,0,135,0,0,0,1.0,1.0,0.0,0.0,0.0,0.9999999999925927,135,0,0,0
sem_erro,catboost,lacuna,50,40,40,118,118,47,71,0,118,0,0,0,1.0,1.0,0.0,0.0,0.0,0.9999999999915254,118,0,0,0
sem_erro,catboost,lacuna,50,45,45,105,105,42,63,0,105,0,0,0,1.0,1.0,0.0,0.0,0.0,0.9999999999904762,105,0,0,0
sem_erro,catboost,lacuna,50,50,50,95,95,38,57,0,95,0,0,0,1.0,1.0,0.0,0.0,0.0,0.9999999999894736,95,0,0,0
sem_erro,catboost,lacuna,60,5,5,939,939,410,529,0,939,0,0,0,1.0,1.0,0.0,0.0,0.0,0.9999999999989351,939,0,0,0
sem_erro,catboost,lacuna,60,10,10,470,470,205,265,0,470,0,0,0,1.0,1.0,0.0,0.0,0.0,0.9999999999978724,470,0,0,0
sem_erro,catboost,lacuna,60,15,15,313,313,138,175,0,313,0,0,0,1.0,1.0,0.0,0.0,0.0,0.9999999999968051,313,0,0,0
sem_erro,catboost,lacuna,60,20,20,235,235,100,135,0,235,0,0,0,1.0,1.0,0.0,0.0,0.0,0.9999999999957447,235,0,0,0
sem_erro,catboost,lacuna,60,25,25,188,188,83,105,0,188,0,0,0,1.0,1.0,0.0,0.0,0.0,0.9999999999946809,188,0,0,0
sem_erro,catboost,lacuna,60,30,30,157,157,69,88,0,157,0,0,0,1.0,1.0,0.0,0.0,0.0,0.9999999999936307,157,0,0,0
sem_erro,catboost,lacuna,60,35,35,135,135,60,75,0,135,0,0,0,1.0,1.0,0.0,0.0,0.0,0.9999999999925927,135,0,0,0
sem_erro,catboost,lacuna,60,40,40,118,118,50,68,0,118,0,0,0,1.0,1.0,0.0,0.0,0.0,0.9999999999915254,118,0,0,0
sem_erro,catboost,lacuna,60,45,45,105,105,47,58,0,105,0,0,0,1.0,1.0,0.0,0.0,0.0,0.9999999999904762,105,0,0,0
sem_erro,catboost,lacuna,60,50,50,94,94,40,54,0,94,0,0,0,1.0,1.0,0.0,0.0,0.0,0.9999999999893616,94,0,0,0
sem_erro,catboost,lacuna,60,55,55,86,86,37,49,0,86,0,0,0,1.0,1.0,0.0,0.0,0.0,0.9999999999883721,86,0,0,0
sem_erro,catboost,lacuna,60,60,60,79,79,35,44,0,79,0,0,0,1.0,1.0,0.0,0.0,0.0,0.9999999999873417,79,0,0,0
sem_erro,catboost,lacuna,70,5,5,937,937,441,496,0,937,0,0,0,1.0,1.0,0.0,0.0,0.0,0.9999999999989327,937,0,0,0
sem_erro,catboost,lacuna,70,10,10,469,469,221,248,0,469,0,0,0,1.0,1.0,0.0,0.0,0.0,0.9999999999978678,469,0,0,0
sem_erro,catboost,lacuna,70,15,15,313,313,146,167,0,313,0,0,0,1.0,1.0,0.0,0.0,0.0,0.9999999999968051,313,0,0,0
sem_erro,catboost,lacuna,70,20,20,235,235,113,122,0,235,0,0,0,1.0,1.0,0.0,0.0,0.0,0.9999999999957447,235,0,0,0
sem_erro,catboost,lacuna,70,25,25,188,188,92,96,0,188,0,0,0,1.0,1.0,0.0,0.0,0.0,0.9999999999946809,188,0,0,0
sem_erro,catboost,lacuna,70,30,30,157,157,76,81,0,157,0,0,0,1.0,1.0,0.0,0.0,0.0,0.9999999999936307,157,0,0,0
sem_erro,catboost,lacuna,70,35,35,134,134,61,73,0,134,0,0,0,1.0,1.0,0.0,0.0,0.0,0.9999999999925374,134,0,0,0
sem_erro,catboost,lacuna,70,40,40,118,118,58,60,0,118,0,0,0,1.0,1.0,0.0,0.0,0.0,0.9999999999915254,118,0,0,0
sem_erro,catboost,lacuna,70,45,45,105,105,51,54,0,105,0,0,0,1.0,1.0,0.0,0.0,0.0,0.9999999999904762,105,0,0,0
sem_erro,catboost,lacuna,70,50,50,94,94,46,48,0,94,0,0,0,1.0,1.0,0.0,0.0,0.0,0.9999999999893616,94,0,0,0
sem_erro,catboost,lacuna,70,55,55,86,86,41,45,0,86,0,0,0,1.0,1.0,0.0,0.0,0.0,0.9999999999883721,86,0,0,0
sem_erro,catboost,lacuna,70,60,60,79,79,40,39,0,79,0,0,0,1.0,1.0,0.0,0.0,0.0,0.9999999999873417,79,0,0,0
sem_erro,catboost,lacuna,70,65,65,73,73,33,40,0,73,0,0,0,1.0,1.0,0.0,0.0,0.0,0.9999999999863013,73,0,0,0
sem_erro,catboost,lacuna,70,70,70,67,67,28,39,0,67,0,0,0,1.0,1.0,0.0,0.0,0.0,0.9999999999850746,67,0,0,0
sem_erro,catboost,lacuna,80,5,5,935,935,469,466,0,935,0,0,0,1.0,1.0,0.0,0.0,0.0,0.9999999999989305,935,0,0,0
sem_erro,catboost,lacuna,80,10,10,468,468,235,233,0,468,0,0,0,1.0,1.0,0.0,0.0,0.0,0.9999999999978633,468,0,0,0
sem_erro,catboost,lacuna,80,15,15,312,312,157,155,0,312,0,0,0,1.0,1.0,0.0,0.0,0.0,0.9999999999967949,312,0,0,0
sem_erro,catboost,lacuna,80,20,20,234,234,116,118,0,234,0,0,0,1.0,1.0,0.0,0.0,0.0,0.9999999999957265,234,0,0,0
sem_erro,catboost,lacuna,80,25,25,187,187,97,90,0,187,0,0,0,1.0,1.0,0.0,0.0,0.0,0.9999999999946525,187,0,0,0
sem_erro,catboost,lacuna,80,30,30,156,156,79,77,0,156,0,0,0,1.0,1.0,0.0,0.0,0.0,0.9999999999935898,156,0,0,0
sem_erro,catboost,lacuna,80,35,35,134,134,66,68,0,134,0,0,0,1.0,1.0,0.0,0.0,0.0,0.9999999999925374,134,0,0,0
sem_erro,catboost,lacuna,80,40,40,117,117,58,59,0,117,0,0,0,1.0,1.0,0.0,0.0,0.0,0.999999999991453,117,0,0,0
sem_erro,catboost,lacuna,80,45,45,104,104,54,50,0,104,0,0,0,1.0,1.0,0.0,0.0,0.0,0.9999999999903846,104,0,0,0
sem_erro,catboost,lacuna,80,50,50,94,94,49,45,0,94,0,0,0,1.0,1.0,0.0,0.0,0.0,0.9999999999893616,94,0,0,0
sem_erro,catboost,lacuna,80,55,55,85,85,42,43,0,85,0,0,0,1.0,1.0,0.0,0.0,0.0,0.9999999999882353,85,0,0,0
sem_erro,catboost,lacuna,80,60,60,78,78,40,38,0,78,0,0,0,1.0,1.0,0.0,0.0,0.0,0.9999999999871795,78,0,0,0
sem_erro,catboost,lacuna,80,65,65,72,72,36,36,0,72,0,0,0,1.0,1.0,0.0,0.0,0.0,0.9999999999861111,72,0,0,0
sem_erro,catboost,lacuna,80,70,70,67,67,31,36,0,67,0,0,0,1.0,1.0,0.0,0.0,0.0,0.9999999999850746,67,0,0,0
sem_erro,catboost,lacuna,80,75,75,63,63,32,31,0,63,0,0,0,1.0,1.0,0.0,0.0,0.0,0.999999999984127,63,0,0,0
sem_erro,catboost,lacuna,80,80,80,59,59,27,32,0,59,0,0,0,1.0,1.0,0.0,0.0,0.0,0.9999999999830509,59,0,0,0
sem_erro,catboost,lacuna,90,5,5,933,933,497,436,0,933,0,0,0,1.0,1.0,0.0,0.0,0.0,0.9999999999989282,933,0,0,0
sem_erro,catboost,lacuna,90,10,10,467,467,249,218,0,467,0,0,0,1.0,1.0,0.0,0.0,0.0,0.9999999999978587,467,0,0,0
sem_erro,catboost,lacuna,90,15,15,311,311,168,143,0,311,0,0,0,1.0,1.0,0.0,0.0,0.0,0.9999999999967846,311,0,0,0
sem_erro,catboost,lacuna,90,20,20,234,234,127,107,0,234,0,0,0,1.0,1.0,0.0,0.0,0.0,0.9999999999957265,234,0,0,0
sem_erro,catboost,lacuna,90,25,25,187,187,100,87,0,187,0,0,0,1.0,1.0,0.0,0.0,0.0,0.9999999999946525,187,0,0,0
sem_erro,catboost,lacuna,90,30,30,156,156,84,72,0,156,0,0,0,1.0,1.0,0.0,0.0,0.0,0.9999999999935898,156,0,0,0
sem_erro,catboost,lacuna,90,35,35,134,134,73,61,0,134,0,0,0,1.0,1.0,0.0,0.0,0.0,0.9999999999925374,134,0,0,0
sem_erro,catboost,lacuna,90,40,40,117,117,62,55,0,117,0,0,0,1.0,1.0,0.0,0.0,0.0,0.999999999991453,117,0,0,0
sem_erro,catboost,lacuna,90,45,45,104,104,56,48,0,104,0,0,0,1.0,1.0,0.0,0.0,0.0,0.9999999999903846,104,0,0,0
sem_erro,catboost,lacuna,90,50,50,94,94,51,43,0,94,0,0,0,1.0,1.0,0.0,0.0,0.0,0.9999999999893616,94,0,0,0
sem_erro,catboost,lacuna,90,55,55,85,85,47,38,0,85,0,0,0,1.0,1.0,0.0,0.0,0.0,0.9999999999882353,85,0,0,0
sem_erro,catboost,lacuna,90,60,60,78,78,44,34,0,78,0,0,0,1.0,1.0,0.0,0.0,0.0,0.9999999999871795,78,0,0,0
sem_erro,catboost,lacuna,90,65,65,72,72,40,32,0,72,0,0,0,1.0,1.0,0.0,0.0,0.0,0.9999999999861111,72,0,0,0
sem_erro,catboost,lacuna,90,70,70,67,67,35,32,0,67,0,0,0,1.0,1.0,0.0,0.0,0.0,0.9999999999850746,67,0,0,0
sem_erro,catboost,lacuna,90,75,75,63,63,33,30,0,63,0,0,0,1.0,1.0,0.0,0.0,0.0,0.999999999984127,63,0,0,0
sem_erro,catboost,lacuna,90,80,80,59,59,29,30,0,59,0,0,0,1.0,1.0,0.0,0.0,0.0,0.9999999999830509,59,0,0,0
sem_erro,catboost,lacuna,90,85,85,55,55,32,23,0,55,0,0,0,1.0,1.0,0.0,0.0,0.0,0.9999999999818182,55,0,0,0
sem_erro,catboost,lacuna,90,90,90,52,52,32,20,0,52,0,0,0,1.0,1.0,0.0,0.0,0.0,0.9999999999807693,52,0,0,0
sem_erro,catboost,lacuna,100,5,5,931,931,523,408,0,931,0,0,0,1.0,1.0,0.0,0.0,0.0,0.9999999999989259,931,0,0,0
sem_erro,catboost,lacuna,100,10,10,466,466,262,204,0,466,0,0,0,1.0,1.0,0.0,0.0,0.0,0.999999999997854,466,0,0,0
sem_erro,catboost,lacuna,100,15,15,311,311,174,137,0,311,0,0,0,1.0,1.0,0.0,0.0,0.0,0.9999999999967846,311,0,0,0
sem_erro,catboost,lacuna,100,20,20,233,233,130,103,0,233,0,0,0,1.0,1.0,0.0,0.0,0.0,0.9999999999957082,233,0,0,0
sem_erro,catboost,lacuna,100,25,25,187,187,109,78,0,187,0,0,0,1.0,1.0,0.0,0.0,0.0,0.9999999999946525,187,0,0,0
sem_erro,catboost,lacuna,100,30,30,156,156,90,66,0,156,0,0,0,1.0,1.0,0.0,0.0,0.0,0.9999999999935898,156,0,0,0
sem_erro,catboost,lacuna,100,35,35,133,133,75,58,0,133,0,0,0,1.0,1.0,0.0,0.0,0.0,0.9999999999924812,133,0,0,0
sem_erro,catboost,lacuna,100,40,40,117,117,65,52,0,117,0,0,0,1.0,1.0,0.0,0.0,0.0,0.999999999991453,117,0,0,0
sem_erro,catboost,lacuna,100,45,45,104,104,57,47,0,104,0,0,0,1.0,1.0,0.0,0.0,0.0,0.9999999999903846,104,0,0,0
sem_erro,catboost,lacuna,100,50,50,94,94,54,40,0,94,0,0,0,1.0,1.0,0.0,0.0,0.0,0.9999999999893616,94,0,0,0
sem_erro,catboost,lacuna,100,55,55,85,85,48,37,0,85,0,0,0,1.0,1.0,0.0,0.0,0.0,0.9999999999882353,85,0,0,0
sem_erro,catboost,lacuna,100,60,60,78,78,46,32,0,78,0,0,0,1.0,1.0,0.0,0.0,0.0,0.9999999999871795,78,0,0,0
sem_erro,catboost,lacuna,100,65,65,72,72,41,31,0,72,0,0,0,1.0,1.0,0.0,0.0,0.0,0.9999999999861111,72,0,0,0
sem_erro,catboost,lacuna,100,70,70,67,67,37,30,0,67,0,0,0,1.0,1.0,0.0,0.0,0.0,0.9999999999850746,67,0,0,0
sem_erro,catboost,lacuna,100,75,75,63,63,36,27,0,63,0,0,0,1.0,1.0,0.0,0.0,0.0,0.999999999984127,63,0,0,0
sem_erro,catboost,lacuna,100,80,80,59,59,32,27,0,59,0,0,0,1.0,1.0,0.0,0.0,0.0,0.9999999999830509,59,0,0,0
sem_erro,catboost,lacuna,100,85,85,55,55,34,21,0,55,0,0,0,1.0,1.0,0.0,0.0,0.0,0.9999999999818182,55,0,0,0
sem_erro,catboost,lacuna,100,90,90,52,52,33,19,0,52,0,0,0,1.0,1.0,0.0,0.0,0.0,0.9999999999807693,52,0,0,0
sem_erro,catboost,lacuna,100,95,95,49,49,27,22,0,49,0,0,0,1.0,1.0,0.0,0.0,0.0,0.9999999999795919,49,0,0,0
sem_erro,catboost,lacuna,100,100,100,47,47,26,21,0,47,0,0,0,1.0,1.0,0.0,0.0,0.0,0.9999999999787235,47,0,0,0
sem_erro,catboost,oscilacao,20,5,5,947,947,359,588,0,947,0,1,1,0.9978880675818373,0.9978880675818373,0.0,0.0,0.0,0.9978880675807836,945,2,0,0
sem_erro,catboost,oscilacao,20,10,10,474,474,181,293,0,474,0,2,2,0.9957805907172996,0.9957805907172996,0.0,0.0,0.0,0.9957805907151988,472,2,0,0
sem_erro,catboost,oscilacao,20,15,15,316,316,115,201,0,316,0,1,1,0.9968354430379747,0.9968354430379747,0.0,0.0,0.0,0.9968354430348202,315,1,0,0
sem_erro,catboost,oscilacao,20,20,20,237,237,90,147,0,237,0,3,3,0.9873417721518988,0.9873417721518988,0.0,0.0,0.0,0.9873417721477328,234,3,0,0
sem_erro,catboost,oscilacao,30,5,5,945,945,395,550,0,945,0,2,2,0.9957671957671957,0.9957671957671957,0.0,0.0,0.0,0.995767195766142,941,4,0,0
sem_erro,catboost,oscilacao,30,10,10,473,473,199,274,0,473,0,2,2,0.9915433403805497,0.9915433403805497,0.0,0.0,0.0,0.9915433403784534,469,4,0,0
sem_erro,catboost,oscilacao,30,15,15,315,315,127,188,0,315,0,1,1,0.9968253968253968,0.9968253968253968,0.0,0.0,0.0,0.9968253968222324,314,1,0,0
sem_erro,catboost,oscilacao,30,20,20,237,237,99,138,0,237,0,2,2,0.9915611814345991,0.9915611814345991,0.0,0.0,0.0,0.9915611814304154,235,2,0,0
sem_erro,catboost,oscilacao,30,25,25,189,189,78,111,0,189,0,3,3,0.9788359788359788,0.9788359788359788,0.0,0.0,0.0,0.9788359788307999,185,4,0,0
sem_erro,catboost,oscilacao,30,30,30,158,158,62,96,0,158,0,1,1,0.9936708860759493,0.9936708860759493,0.0,0.0,0.0,0.9936708860696604,157,1,0,0
sem_erro,catboost,oscilacao,40,5,5,943,943,429,514,0,943,0,4,4,0.9883351007423118,0.9883351007423118,0.0,0.0,0.0,0.9883351007412637,932,11,0,0
sem_erro,catboost,oscilacao,40,10,10,472,472,215,257,0,472,0,2,2,0.9936440677966102,0.9936440677966102,0.0,0.0,0.0,0.993644067794505,469,3,0,0
sem_erro,catboost,oscilacao,40,15,15,315,315,140,175,0,315,0,4,4,0.9873015873015873,0.9873015873015873,0.0,0.0,0.0,0.9873015872984531,311,4,0,0
sem_erro,catboost,oscilacao,40,20,20,236,236,106,130,0,236,0,2,2,0.9915254237288136,0.9915254237288136,0.0,0.0,0.0,0.9915254237246123,234,2,0,0
sem_erro,catboost,oscilacao,40,25,25,189,189,87,102,0,189,0,4,4,0.9788359788359788,0.9788359788359788,0.0,0.0,0.0,0.9788359788307999,185,4,0,0
sem_erro,catboost,oscilacao,40,30,30,158,158,68,90,0,158,0,4,4,0.9746835443037974,0.9746835443037974,0.0,0.0,0.0,0.9746835442976286,154,4,0,0
sem_erro,catboost,oscilacao,40,35,35,135,135,62,73,0,135,0,3,3,0.9777777777777777,0.9777777777777777,0.0,0.0,0.0,0.9777777777705351,132,3,0,0
sem_erro,catboost,oscilacao,40,40,40,118,118,54,64,0,118,0,3,3,0.9745762711864406,0.9745762711864406,0.0,0.0,0.0,0.9745762711781816,115,3,0,0
sem_erro,catboost,oscilacao,50,5,5,941,941,459,482,0,941,0,6,6,0.9819341126461212,0.9819341126461212,0.0,0.0,0.0,0.9819341126450777,924,17,0,0
sem_erro,catboost,oscilacao,50,10,10,471,471,230,241,0,471,0,2,2,0.9915074309978769,0.9915074309978769,0.0,0.0,0.0,0.9915074309957718,467,4,0,0
sem_erro,catboost,oscilacao,50,15,15,314,314,149,165,0,314,0,2,2,0.9936305732484076,0.9936305732484076,0.0,0.0,0.0,0.9936305732452433,312,2,0,0
sem_erro,catboost,oscilacao,50,20,20,236,236,115,121,0,236,0,2,2,0.9872881355932204,0.9872881355932204,0.0,0.0,0.0,0.9872881355890369,233,3,0,0
sem_erro,catboost,oscilacao,50,25,25,189,189,90,99,0,189,0,3,3,0.9788359788359788,0.9788359788359788,0.0,0.0,0.0,0.9788359788307999,185,4,0,0
sem_erro,catboost,oscilacao,50,30,30,157,157,73,84,0,157,0,5,5,0.9617834394904459,0.9617834394904459,0.0,0.0,0.0,0.9617834394843199,151,6,0,0
sem_erro,catboost,oscilacao,50,35,35,135,135,68,67,0,135,0,2,2,0.9851851851851852,0.9851851851851852,0.0,0.0,0.0,0.9851851851778876,133,2,0,0
sem_erro,catboost,oscilacao,50,40,40,118,118,60,58,0,118,0,2,2,0.9745762711864406,0.9745762711864406,0.0,0.0,0.0,0.9745762711781816,115,3,0,0
sem_erro,catboost,oscilacao,50,45,45,105,105,48,57,0,105,0,3,3,0.9619047619047619,0.9619047619047619,0.0,0.0,0.0,0.9619047618956009,101,4,0,0
sem_erro,catboost,oscilacao,50,50,50,95,95,47,48,0,95,0,4,4,0.8842105263157894,0.8842105263157894,0.0,0.0,0.0,0.884210526306482,84,11,0,0
sem_erro,catboost,oscilacao,60,5,5,939,939,488,451,0,939,0,5,5,0.9755058572949947,0.9755058572949947,0.0,0.0,0.0,0.9755058572939558,916,23,0,0
sem_erro,catboost,oscilacao,60,10,10,470,470,244,226,0,470,0,2,2,0.9872340425531915,0.9872340425531915,0.0,0.0,0.0,0.987234042551091,464,6,0,0
sem_erro,catboost,oscilacao,60,15,15,313,313,159,154,0,313,0,2,2,0.9904153354632588,0.9904153354632588,0.0,0.0,0.0,0.9904153354600945,310,3,0,0
sem_erro,catboost,oscilacao,60,20,20,235,235,121,114,0,235,0,1,1,0.9914893617021276,0.9914893617021276,0.0,0.0,0.0,0.9914893616979086,233,2,0,0
sem_erro,catboost,oscilacao,60,25,25,188,188,102,86,0,188,0,6,6,0.9627659574468085,0.9627659574468085,0.0,0.0,0.0,0.9627659574416875,181,7,0,0
sem_erro,catboost,oscilacao,60,30,30,157,157,78,79,0,157,0,1,1,0.9936305732484076,0.9936305732484076,0.0,0.0,0.0,0.9936305732420788,156,1,0,0
sem_erro,catboost,oscilacao,60,35,35,135,135,72,63,0,135,0,2,2,0.9851851851851852,0.9851851851851852,0.0,0.0,0.0,0.9851851851778876,133,2,0,0
sem_erro,catboost,oscilacao,60,40,40,118,118,63,55,0,118,0,3,3,0.9576271186440678,0.9576271186440678,0.0,0.0,0.0,0.9576271186359523,113,5,0,0
sem_erro,catboost,oscilacao,60,45,45,105,105,54,51,0,105,0,0,0,1.0,1.0,0.0,0.0,0.0,0.9999999999904762,105,0,0,0
sem_erro,catboost,oscilacao,60,50,50,94,94,52,42,0,94,0,3,3,0.9680851063829787,0.9680851063829787,0.0,0.0,0.0,0.9680851063726799,91,3,0,0
sem_erro,catboost,oscilacao,60,55,55,86,86,46,40,0,86,0,6,6,0.9186046511627907,0.9186046511627907,0.0,0.0,0.0,0.9186046511521092,79,7,0,0
sem_erro,catboost,oscilacao,60,60,60,79,79,38,41,0,79,0,2,2,0.9746835443037974,0.9746835443037974,0.0,0.0,0.0,0.9746835442914596,77,2,0,0
sem_erro,catboost,oscilacao,70,5,5,937,937,514,423,0,937,0,3,3,0.9818569903948773,0.9818569903948773,0.0,0.0,0.0,0.9818569903938295,920,17,0,0
sem_erro,catboost,oscilacao,70,10,10,469,469,257,212,0,469,0,2,2,0.9850746268656716,0.9850746268656716,0.0,0.0,0.0,0.9850746268635713,462,7,0,0
sem_erro,catboost,oscilacao,70,15,15,313,313,169,144,0,313,0,3,3,0.8817891373801917,0.8817891373801917,0.0,0.0,0.0,0.8817891373773745,276,37,0,0
sem_erro,catboost,oscilacao,70,20,20,235,235,128,107,0,235,0,2,2,0.8893617021276595,0.8893617021276595,0.0,0.0,0.0,0.8893617021238751,209,26,0,0
sem_erro,catboost,oscilacao,70,25,25,188,188,104,84,0,188,0,8,8,0.851063829787234,0.851063829787234,0.0,0.0,0.0,0.8510638297827071,160,28,0,0
sem_erro,catboost,oscilacao,70,30,30,157,157,83,74,0,157,0,2,2,0.89171974522293,0.89171974522293,0.0,0.0,0.0,0.8917197452172503,140,17,0,0
sem_erro,catboost,oscilacao,70,35,35,134,134,74,60,0,134,0,5,5,0.8582089552238806,0.8582089552238806,0.0,0.0,0.0,0.8582089552174761,115,19,0,0
sem_erro,catboost,oscilacao,70,40,40,118,118,65,53,0,118,0,3,3,0.8728813559322034,0.8728813559322034,0.0,0.0,0.0,0.8728813559248061,103,15,0,0
sem_erro,catboost,oscilacao,70,45,45,105,105,58,47,0,105,0,4,4,0.8476190476190476,0.8476190476190476,0.0,0.0,0.0,0.8476190476109751,89,16,0,0
sem_erro,catboost,oscilacao,70,50,50,94,94,53,41,0,94,0,8,8,0.7978723404255319,0.7978723404255319,0.0,0.0,0.0,0.7978723404170439,75,19,0,0
sem_erro,catboost,oscilacao,70,55,55,86,86,46,40,0,86,0,4,4,0.9534883720930233,0.9534883720930233,0.0,0.0,0.0,0.9534883720819362,82,4,0,0
sem_erro,catboost,oscilacao,70,60,60,79,79,43,36,0,79,0,3,3,0.8481012658227848,0.8481012658227848,0.0,0.0,0.0,0.8481012658120494,67,12,0,0
sem_erro,catboost,oscilacao,70,65,65,73,73,41,32,0,73,0,4,4,0.863013698630137,0.863013698630137,0.0,0.0,0.0,0.8630136986183148,63,10,0,0
sem_erro,catboost,oscilacao,70,70,70,67,67,37,30,0,67,0,8,8,0.7910447761194029,0.7910447761194029,0.0,0.0,0.0,0.7910447761075963,53,14,0,0
sem_erro,catboost,oscilacao,80,5,5,935,935,538,397,0,935,0,6,6,0.8823529411764706,0.8823529411764706,0.0,0.0,0.0,0.8823529411755269,825,110,0,0
sem_erro,catboost,oscilacao,80,10,10,468,468,269,199,0,468,0,3,3,0.8846153846153846,0.8846153846153846,0.0,0.0,0.0,0.8846153846134944,414,54,0,0
sem_erro,catboost,oscilacao,80,15,15,312,312,176,136,0,312,0,3,3,0.8589743589743589,0.8589743589743589,0.0,0.0,0.0,0.8589743589716059,268,44,0,0
sem_erro,catboost,oscilacao,80,20,20,234,234,134,100,0,234,0,5,5,0.8675213675213675,0.8675213675213675,0.0,0.0,0.0,0.8675213675176602,203,31,0,0
sem_erro,catboost,oscilacao,80,25,25,187,187,107,80,0,187,0,8,8,0.8342245989304813,0.8342245989304813,0.0,0.0,0.0,0.8342245989260202,156,31,0,0
sem_erro,catboost,oscilacao,80,30,30,156,156,87,69,0,156,0,4,4,0.8653846153846154,0.8653846153846154,0.0,0.0,0.0,0.8653846153790681,135,21,0,0
sem_erro,catboost,oscilacao,80,35,35,134,134,79,55,0,134,0,6,6,0.8582089552238806,0.8582089552238806,0.0,0.0,0.0,0.8582089552174761,115,19,0,0
sem_erro,catboost,oscilacao,80,40,40,117,117,68,49,0,117,0,9,9,0.811965811965812,0.811965811965812,0.0,0.0,0.0,0.8119658119588721,95,22,0,0
sem_erro,catboost,oscilacao,80,45,45,104,104,60,44,0,104,0,6,6,0.8269230769230769,0.8269230769230769,0.0,0.0,0.0,0.8269230769151257,86,18,0,0
sem_erro,catboost,oscilacao,80,50,50,94,94,54,40,0,94,0,5,5,0.851063829787234,0.851063829787234,0.0,0.0,0.0,0.8510638297781802,80,14,0,0
sem_erro,catboost,oscilacao,80,55,55,85,85,48,37,0,85,0,8,8,0.8588235294117647,0.8588235294117647,0.0,0.0,0.0,0.8588235294016608,73,12,0,0
sem_erro,catboost,oscilacao,80,60,60,78,78,46,32,0,78,0,4,4,0.7948717948717948,0.7948717948717948,0.0,0.0,0.0,0.7948717948616042,62,16,0,0
sem_erro,catboost,oscilacao,80,65,65,72,72,42,30,0,72,0,2,2,0.8472222222222222,0.8472222222222222,0.0,0.0,0.0,0.8472222222104552,61,11,0,0
sem_erro,catboost,oscilacao,80,70,70,67,67,39,28,0,67,0,7,7,0.7910447761194029,0.7910447761194029,0.0,0.0,0.0,0.7910447761075963,53,14,0,0
sem_erro,catboost,oscilacao,80,75,75,63,63,35,28,0,63,0,2,2,0.8571428571428571,0.8571428571428571,0.0,0.0,0.0,0.8571428571292518,54,9,0,0
sem_erro,catboost,oscilacao,80,80,80,59,59,36,23,0,59,0,7,7,0.7457627118644068,0.7457627118644068,0.0,0.0,0.0,0.7457627118517668,44,15,0,0
sem_erro,catboost,oscilacao,90,5,5,933,933,562,371,0,933,0,3,3,0.8863879957127545,0.8863879957127545,0.0,0.0,0.0,0.8863879957118045,827,106,0,0
sem_erro,catboost,oscilacao,90,10,10,467,467,281,186,0,467,0,5,5,0.8736616702355461,0.8736616702355461,0.0,0.0,0.0,0.8736616702336752,408,59,0,0
sem_erro,catboost,oscilacao,90,15,15,311,311,184,127,0,311,0,3,3,0.8745980707395499,0.8745980707395499,0.0,0.0,0.0,0.8745980707367377,272,39,0,0
sem_erro,catboost,oscilacao,90,20,20,234,234,140,94,0,234,0,3,3,0.8846153846153846,0.8846153846153846,0.0,0.0,0.0,0.8846153846116043,207,27,0,0
sem_erro,catboost,oscilacao,90,25,25,187,187,114,73,0,187,0,6,6,0.8663101604278075,0.8663101604278075,0.0,0.0,0.0,0.8663101604231749,162,25,0,0
sem_erro,catboost,oscilacao,90,30,30,156,156,91,65,0,156,0,5,5,0.8525641025641025,0.8525641025641025,0.0,0.0,0.0,0.8525641025586375,133,23,0,0
sem_erro,catboost,oscilacao,90,35,35,134,134,82,52,0,134,0,8,8,0.835820895522388,0.835820895522388,0.0,0.0,0.0,0.8358208955161507,112,22,0,0
sem_erro,catboost,oscilacao,90,40,40,117,117,72,45,0,117,0,8,8,0.7948717948717948,0.7948717948717948,0.0,0.0,0.0,0.794871794865001,93,24,0,0
sem_erro,catboost,oscilacao,90,45,45,104,104,60,44,0,104,0,4,4,0.8653846153846154,0.8653846153846154,0.0,0.0,0.0,0.8653846153762943,90,14,0,0
sem_erro,catboost,oscilacao,90,50,50,94,94,58,36,0,94,0,3,3,0.9361702127659575,0.9361702127659575,0.0,0.0,0.0,0.9361702127559981,88,6,0,0
sem_erro,catboost,oscilacao,90,55,55,85,85,51,34,0,85,0,8,8,0.8352941176470589,0.8352941176470589,0.0,0.0,0.0,0.8352941176372318,71,14,0,0
sem_erro,catboost,oscilacao,90,60,60,78,78,47,31,0,78,0,2,2,0.8589743589743589,0.8589743589743589,0.0,0.0,0.0,0.8589743589633464,67,11,0,0
sem_erro,catboost,oscilacao,90,65,65,72,72,44,28,0,72,0,9,9,0.7222222222222222,0.7222222222222222,0.0,0.0,0.0,0.7222222222121913,52,20,0,0
sem_erro,catboost,oscilacao,90,70,70,67,67,40,27,0,67,0,9,9,0.746268656716418,0.746268656716418,0.0,0.0,0.0,0.7462686567052795,50,17,0,0
sem_erro,catboost,oscilacao,90,75,75,63,63,38,25,0,63,0,3,3,0.9523809523809523,0.9523809523809523,0.0,0.0,0.0,0.9523809523658353,60,3,0,0
sem_erro,catboost,oscilacao,90,80,80,59,59,36,23,0,59,0,7,7,0.7457627118644068,0.7457627118644068,0.0,0.0,0.0,0.7457627118517668,44,15,0,0
sem_erro,catboost,oscilacao,90,85,85,55,55,31,24,0,55,0,4,4,0.9090909090909091,0.9090909090909091,0.0,0.0,0.0,0.9090909090743802,50,5,0,0
sem_erro,catboost,oscilacao,90,90,90,52,52,31,21,0,52,0,5,5,0.7884615384615384,0.7884615384615384,0.0,0.0,0.0,0.7884615384463758,41,11,0,0
sem_erro,catboost,oscilacao,100,5,5,931,931,586,345,0,931,0,3,3,0.8775510204081632,0.8775510204081632,0.0,0.0,0.0,0.8775510204072207,817,114,0,0
sem_erro,catboost,oscilacao,100,10,10,466,466,293,173,0,466,0,5,5,0.8733905579399142,0.8733905579399142,0.0,0.0,0.0,0.87339055793804,407,59,0,0
sem_erro,catboost,oscilacao,100,15,15,311,311,193,118,0,311,0,4,4,0.8810289389067524,0.8810289389067524,0.0,0.0,0.0,0.8810289389039195,274,37,0,0
sem_erro,catboost,oscilacao,100,20,20,233,233,146,87,0,233,0,6,6,0.8583690987124464,0.8583690987124464,0.0,0.0,0.0,0.8583690987087624,200,33,0,0
sem_erro,catboost,oscilacao,100,25,25,187,187,116,71,0,187,0,9,9,0.839572192513369,0.839572192513369,0.0,0.0,0.0,0.8395721925088794,157,30,0,0
sem_erro,catboost,oscilacao,100,30,30,156,156,95,61,0,156,0,2,2,0.8910256410256411,0.8910256410256411,0.0,0.0,0.0,0.8910256410199294,139,17,0,0
sem_erro,catboost,oscilacao,100,35,35,133,133,85,48,0,133,0,11,11,0.7669172932330827,0.7669172932330827,0.0,0.0,0.0,0.7669172932273165,102,31,0,0
sem_erro,catboost,oscilacao,100,40,40,117,117,75,42,0,117,0,8,8,0.8034188034188035,0.8034188034188035,0.0,0.0,0.0,0.8034188034119366,94,23,0,0
sem_erro,catboost,oscilacao,100,45,45,104,104,63,41,0,104,0,8,8,0.7788461538461539,0.7788461538461539,0.0,0.0,0.0,0.778846153838665,81,23,0,0
sem_erro,catboost,oscilacao,100,50,50,94,94,59,35,0,94,0,3,3,0.8617021276595744,0.8617021276595744,0.0,0.0,0.0,0.8617021276504074,81,13,0,0
sem_erro,catboost,oscilacao,100,55,55,85,85,55,30,0,85,0,13,13,0.7176470588235294,0.7176470588235294,0.0,0.0,0.0,0.7176470588150865,61,24,0,0
sem_erro,catboost,oscilacao,100,60,60,78,78,47,31,0,78,0,2,2,0.8846153846153846,0.8846153846153846,0.0,0.0,0.0,0.8846153846040433,69,9,0,0
sem_erro,catboost,oscilacao,100,65,65,72,72,45,27,0,72,0,5,5,0.7916666666666666,0.7916666666666666,0.0,0.0,0.0,0.7916666666556712,57,15,0,0
sem_erro,catboost,oscilacao,100,70,70,67,67,44,23,0,67,0,9,9,0.6716417910447762,0.6716417910447762,0.0,0.0,0.0,0.6716417910347516,45,22,0,0
sem_erro,catboost,oscilacao,100,75,75,63,63,39,24,0,63,0,3,3,0.8095238095238095,0.8095238095238095,0.0,0.0,0.0,0.80952380951096,51,12,0,0
sem_erro,catboost,oscilacao,100,80,80,59,59,39,20,0,59,0,7,7,0.7627118644067796,0.7627118644067796,0.0,0.0,0.0,0.7627118643938524,45,14,0,0
sem_erro,catboost,oscilacao,100,85,85,55,55,35,20,0,55,0,3,3,0.9272727272727272,0.9272727272727272,0.0,0.0,0.0,0.9272727272558678,51,4,0,0
sem_erro,catboost,oscilacao,100,90,90,52,52,32,20,0,52,0,4,4,0.7884615384615384,0.7884615384615384,0.0,0.0,0.0,0.7884615384463758,41,11,0,0
sem_erro,catboost,oscilacao,100,95,95,49,49,29,20,0,49,0,4,4,0.7142857142857143,0.7142857142857143,0.0,0.0,0.0,0.7142857142711371,35,14,0,0
sem_erro,catboost,oscilacao,100,100,100,47,47,28,19,0,47,0,6,6,0.7872340425531915,0.7872340425531915,0.0,0.0,0.0,0.7872340425364419,37,10,0,0
sem_erro,catboost,queda,20,5,5,947,947,227,720,0,947,0,2,2,0.9978880675818373,0.9978880675818373,0.0,0.0,0.0,0.9978880675807836,945,2,0,0
sem_erro,catboost,queda,20,10,10,474,474,115,359,0,474,0,3,3,0.9936708860759493,0.9936708860759493,0.0,0.0,0.0,0.993670886073853,471,3,0,0
sem_erro,catboost,queda,20,15,15,316,316,77,239,0,316,0,0,0,1.0,1.0,0.0,0.0,0.0,0.9999999999968355,316,0,0,0
sem_erro,catboost,queda,20,20,20,237,237,58,179,0,237,0,0,0,1.0,1.0,0.0,0.0,0.0,0.9999999999957806,237,0,0,0
sem_erro,catboost,queda,30,5,5,945,945,268,677,0,945,0,2,2,0.9947089947089947,0.9947089947089947,0.0,0.0,0.0,0.9947089947079422,940,5,0,0
sem_erro,catboost,queda,30,10,10,473,473,135,338,0,473,0,2,2,0.9894291754756871,0.9894291754756871,0.0,0.0,0.0,0.9894291754735953,468,5,0,0
sem_erro,catboost,queda,30,15,15,315,315,91,224,0,315,0,4,4,0.9841269841269841,0.9841269841269841,0.0,0.0,0.0,0.9841269841238599,310,5,0,0
sem_erro,catboost,queda,30,20,20,237,237,70,167,0,237,0,2,2,0.9789029535864979,0.9789029535864979,0.0,0.0,0.0,0.9789029535823676,232,5,0,0
sem_erro,catboost,queda,30,25,25,189,189,52,137,0,189,0,1,1,0.9947089947089947,0.9947089947089947,0.0,0.0,0.0,0.9947089947037318,188,1,0,0
sem_erro,catboost,queda,30,30,30,158,158,48,110,0,158,0,1,1,0.9810126582278481,0.9810126582278481,0.0,0.0,0.0,0.9810126582216392,155,3,0,0
sem_erro,catboost,queda,40,5,5,943,943,308,635,0,943,0,3,3,0.9893955461293743,0.9893955461293743,0.0,0.0,0.0,0.9893955461283251,933,10,0,0
sem_erro,catboost,queda,40,10,10,472,472,155,317,0,472,0,2,2,0.9872881355932204,0.9872881355932204,0.0,0.0,0.0,0.9872881355911286,466,6,0,0
sem_erro,catboost,queda,40,15,15,315,315,104,211,0,315,0,2,2,0.9904761904761905,0.9904761904761905,0.0,0.0,0.0,0.9904761904730461,312,3,0,0
sem_erro,catboost,queda,40,20,20,236,236,78,158,0,236,0,2,2,0.9915254237288136,0.9915254237288136,0.0,0.0,0.0,0.9915254237246123,234,2,0,0
sem_erro,catboost,queda,40,25,25,189,189,66,123,0,189,0,2,2,0.9735449735449735,0.9735449735449735,0.0,0.0,0.0,0.9735449735398226,184,5,0,0
sem_erro,catboost,queda,40,30,30,158,158,53,105,0,158,0,2,2,0.9746835443037974,0.9746835443037974,0.0,0.0,0.0,0.9746835442976286,154,4,0,0
sem_erro,catboost,queda,40,35,35,135,135,46,89,0,135,0,1,1,0.9925925925925926,0.9925925925925926,0.0,0.0,0.0,0.9925925925852401,134,1,0,0
sem_erro,catboost,queda,40,40,40,118,118,39,79,0,118,0,4,4,0.9576271186440678,0.9576271186440678,0.0,0.0,0.0,0.9576271186359523,113,5,0,0
sem_erro,catboost,queda,50,5,5,941,941,345,596,0,941,0,2,2,0.9904357066950054,0.9904357066950054,0.0,0.0,0.0,0.9904357066939528,932,9,0,0
sem_erro,catboost,queda,50,10,10,471,471,173,298,0,471,0,4,4,0.9745222929936306,0.9745222929936306,0.0,0.0,0.0,0.9745222929915616,459,12,0,0
sem_erro,catboost,queda,50,15,15,314,314,116,198,0,314,0,3,3,0.9681528662420382,0.9681528662420382,0.0,0.0,0.0,0.9681528662389549,304,10,0,0
sem_erro,catboost,queda,50,20,20,236,236,89,147,0,236,0,2,2,0.9703389830508474,0.9703389830508474,0.0,0.0,0.0,0.9703389830467359,229,7,0,0
sem_erro,catboost,queda,50,25,25,189,189,70,119,0,189,0,1,1,0.9947089947089947,0.9947089947089947,0.0,0.0,0.0,0.9947089947037318,188,1,0,0
sem_erro,catboost,queda,50,30,30,157,157,58,99,0,157,0,2,2,0.9745222929936306,0.9745222929936306,0.0,0.0,0.0,0.9745222929874235,153,4,0,0
sem_erro,catboost,queda,50,35,35,135,135,50,85,0,135,0,1,1,0.9629629629629629,0.9629629629629629,0.0,0.0,0.0,0.96296296295583,130,5,0,0
sem_erro,catboost,queda,50,40,40,118,118,46,72,0,118,0,1,1,0.9661016949152542,0.9661016949152542,0.0,0.0,0.0,0.9661016949070669,114,4,0,0
sem_erro,catboost,queda,50,45,45,105,105,40,65,0,105,0,1,1,0.9714285714285714,0.9714285714285714,0.0,0.0,0.0,0.9714285714193197,102,3,0,0
sem_erro,catboost,queda,50,50,50,95,95,36,59,0,95,0,1,1,0.968421052631579,0.968421052631579,0.0,0.0,0.0,0.968421052621385,92,3,0,0
sem_erro,catboost,queda,60,5,5,939,939,381,558,0,939,0,2,2,0.9637912673056444,0.9637912673056444,0.0,0.0,0.0,0.963791267304618,905,34,0,0
sem_erro,catboost,queda,60,10,10,470,470,191,279,0,470,0,5,5,0.9680851063829787,0.9680851063829787,0.0,0.0,0.0,0.9680851063809189,455,15,0,0
sem_erro,catboost,queda,60,15,15,313,313,129,184,0,313,0,2,2,0.9616613418530351,0.9616613418530351,0.0,0.0,0.0,0.9616613418499628,301,12,0,0
sem_erro,catboost,queda,60,20,20,235,235,96,139,0,235,0,3,3,0.9659574468085106,0.9659574468085106,0.0,0.0,0.0,0.9659574468044002,227,8,0,0
sem_erro,catboost,queda,60,25,25,188,188,78,110,0,188,0,1,1,0.9893617021276596,0.9893617021276596,0.0,0.0,0.0,0.989361702122397,186,2,0,0
sem_erro,catboost,queda,60,30,30,157,157,67,90,0,157,0,1,1,0.9617834394904459,0.9617834394904459,0.0,0.0,0.0,0.9617834394843199,151,6,0,0
sem_erro,catboost,queda,60,35,35,135,135,57,78,0,135,0,1,1,0.9555555555555556,0.9555555555555556,0.0,0.0,0.0,0.9555555555484775,129,6,0,0
sem_erro,catboost,queda,60,40,40,118,118,50,68,0,118,0,2,2,0.9491525423728814,0.9491525423728814,0.0,0.0,0.0,0.9491525423648377,112,6,0,0
sem_erro,catboost,queda,60,45,45,105,105,41,64,0,105,0,2,2,0.9714285714285714,0.9714285714285714,0.0,0.0,0.0,0.9714285714193197,102,3,0,0
sem_erro,catboost,queda,60,50,50,94,94,38,56,0,94,0,1,1,0.9574468085106383,0.9574468085106383,0.0,0.0,0.0,0.9574468085004526,90,4,0,0
sem_erro,catboost,queda,60,55,55,86,86,35,51,0,86,0,0,0,1.0,1.0,0.0,0.0,0.0,0.9999999999883721,86,0,0,0
sem_erro,catboost,queda,60,60,60,79,79,33,46,0,79,0,3,3,0.9367088607594937,0.9367088607594937,0.0,0.0,0.0,0.9367088607476366,74,5,0,0
sem_erro,catboost,queda,70,5,5,937,937,414,523,0,937,0,2,2,0.9562433297758804,0.9562433297758804,0.0,0.0,0.0,0.9562433297748599,896,41,0,0
sem_erro,catboost,queda,70,10,10,469,469,207,262,0,469,0,1,1,0.9552238805970149,0.9552238805970149,0.0,0.0,0.0,0.9552238805949782,448,21,0,0
sem_erro,catboost,queda,70,15,15,313,313,140,173,0,313,0,2,2,0.9616613418530351,0.9616613418530351,0.0,0.0,0.0,0.9616613418499628,301,12,0,0
sem_erro,catboost,queda,70,20,20,235,235,105,130,0,235,0,1,1,0.9531914893617022,0.9531914893617022,0.0,0.0,0.0,0.9531914893576461,224,11,0,0
sem_erro,catboost,queda,70,25,25,188,188,84,104,0,188,0,1,1,0.9574468085106383,0.9574468085106383,0.0,0.0,0.0,0.9574468085055455,180,8,0,0
sem_erro,catboost,queda,70,30,30,157,157,71,86,0,157,0,1,1,0.9554140127388535,0.9554140127388535,0.0,0.0,0.0,0.9554140127327682,150,7,0,0
sem_erro,catboost,queda,70,35,35,134,134,61,73,0,134,0,1,1,0.9552238805970149,0.9552238805970149,0.0,0.0,0.0,0.9552238805898865,128,6,0,0
sem_erro,catboost,queda,70,40,40,118,118,53,65,0,118,0,1,1,0.9576271186440678,0.9576271186440678,0.0,0.0,0.0,0.9576271186359523,113,5,0,0
sem_erro,catboost,queda,70,45,45,105,105,47,58,0,105,0,1,1,0.9714285714285714,0.9714285714285714,0.0,0.0,0.0,0.9714285714193197,102,3,0,0
sem_erro,catboost,queda,70,50,50,94,94,42,52,0,94,0,1,1,0.9574468085106383,0.9574468085106383,0.0,0.0,0.0,0.9574468085004526,90,4,0,0
sem_erro,catboost,queda,70,55,55,86,86,38,48,0,86,0,5,5,0.8953488372093024,0.8953488372093024,0.0,0.0,0.0,0.8953488371988912,77,9,0,0
sem_erro,catboost,queda,70,60,60,79,79,34,45,0,79,0,2,2,0.9493670886075949,0.9493670886075949,0.0,0.0,0.0,0.9493670885955776,75,4,0,0
sem_erro,catboost,queda,70,65,65,73,73,35,38,0,73,0,2,2,0.9452054794520548,0.9452054794520548,0.0,0.0,0.0,0.9452054794391067,69,4,0,0
sem_erro,catboost,queda,70,70,70,67,67,34,33,0,67,0,1,1,0.9552238805970149,0.9552238805970149,0.0,0.0,0.0,0.9552238805827578,64,3,0,0
sem_erro,catboost,queda,80,5,5,935,935,445,490,0,935,0,1,1,0.9529411764705882,0.9529411764705882,0.0,0.0,0.0,0.9529411764695691,891,44,0,0
sem_erro,catboost,queda,80,10,10,468,468,222,246,0,468,0,2,2,0.9551282051282052,0.9551282051282052,0.0,0.0,0.0,0.9551282051261643,447,21,0,0
sem_erro,catboost,queda,80,15,15,312,312,150,162,0,312,0,1,1,0.9551282051282052,0.9551282051282052,0.0,0.0,0.0,0.9551282051251438,298,14,0,0
sem_erro,catboost,queda,80,20,20,234,234,112,122,0,234,0,2,2,0.9487179487179487,0.9487179487179487,0.0,0.0,0.0,0.9487179487138944,222,12,0,0
sem_erro,catboost,queda,80,25,25,187,187,88,99,0,187,0,1,1,0.9572192513368984,0.9572192513368984,0.0,0.0,0.0,0.9572192513317797,179,8,0,0
sem_erro,catboost,queda,80,30,30,156,156,75,81,0,156,0,2,2,0.9487179487179487,0.9487179487179487,0.0,0.0,0.0,0.9487179487118672,148,8,0,0
sem_erro,catboost,queda,80,35,35,134,134,64,70,0,134,0,1,1,0.9552238805970149,0.9552238805970149,0.0,0.0,0.0,0.9552238805898865,128,6,0,0
sem_erro,catboost,queda,80,40,40,117,117,56,61,0,117,0,1,1,0.9572649572649573,0.9572649572649573,0.0,0.0,0.0,0.9572649572567755,112,5,0,0
sem_erro,catboost,queda,80,45,45,104,104,48,56,0,104,0,1,1,0.9519230769230769,0.9519230769230769,0.0,0.0,0.0,0.9519230769139237,99,5,0,0
sem_erro,catboost,queda,80,50,50,94,94,44,50,0,94,0,1,1,0.9574468085106383,0.9574468085106383,0.0,0.0,0.0,0.9574468085004526,90,4,0,0
sem_erro,catboost,queda,80,55,55,85,85,40,45,0,85,0,2,2,0.8705882352941177,0.8705882352941177,0.0,0.0,0.0,0.8705882352838754,74,11,0,0
sem_erro,catboost,queda,80,60,60,78,78,36,42,0,78,0,2,2,0.8589743589743589,0.8589743589743589,0.0,0.0,0.0,0.8589743589633464,67,11,0,0
sem_erro,catboost,queda,80,65,65,72,72,36,36,0,72,0,1,1,0.9583333333333334,0.9583333333333334,0.0,0.0,0.0,0.9583333333200231,69,3,0,0
sem_erro,catboost,queda,80,70,70,67,67,35,32,0,67,0,1,1,0.9552238805970149,0.9552238805970149,0.0,0.0,0.0,0.9552238805827578,64,3,0,0
sem_erro,catboost,queda,80,75,75,63,63,30,33,0,63,0,1,1,0.9523809523809523,0.9523809523809523,0.0,0.0,0.0,0.9523809523658353,60,3,0,0
sem_erro,catboost,queda,80,80,80,59,59,30,29,0,59,0,3,3,0.9152542372881356,0.9152542372881356,0.0,0.0,0.0,0.9152542372726229,54,5,0,0
sem_erro,catboost,queda,90,5,5,933,933,474,459,0,933,0,1,1,0.9539121114683816,0.9539121114683816,0.0,0.0,0.0,0.9539121114673592,890,43,0,0
sem_erro,catboost,queda,90,10,10,467,467,236,231,0,467,0,1,1,0.9528907922912205,0.9528907922912205,0.0,0.0,0.0,0.9528907922891802,445,22,0,0
sem_erro,catboost,queda,90,15,15,311,311,160,151,0,311,0,1,1,0.9517684887459807,0.9517684887459807,0.0,0.0,0.0,0.9517684887429204,296,15,0,0
sem_erro,catboost,queda,90,20,20,234,234,119,115,0,234,0,1,1,0.9529914529914529,0.9529914529914529,0.0,0.0,0.0,0.9529914529873804,223,11,0,0
sem_erro,catboost,queda,90,25,25,187,187,98,89,0,187,0,1,1,0.9572192513368984,0.9572192513368984,0.0,0.0,0.0,0.9572192513317797,179,8,0,0
sem_erro,catboost,queda,90,30,30,156,156,81,75,0,156,0,2,2,0.9487179487179487,0.9487179487179487,0.0,0.0,0.0,0.9487179487118672,148,8,0,0
sem_erro,catboost,queda,90,35,35,134,134,68,66,0,134,0,1,1,0.9552238805970149,0.9552238805970149,0.0,0.0,0.0,0.9552238805898865,128,6,0,0
sem_erro,catboost,queda,90,40,40,117,117,60,57,0,117,0,2,2,0.9487179487179487,0.9487179487179487,0.0,0.0,0.0,0.9487179487098399,111,6,0,0
sem_erro,catboost,queda,90,45,45,104,104,54,50,0,104,0,1,1,0.9519230769230769,0.9519230769230769,0.0,0.0,0.0,0.9519230769139237,99,5,0,0
sem_erro,catboost,queda,90,50,50,94,94,49,45,0,94,0,1,1,0.9574468085106383,0.9574468085106383,0.0,0.0,0.0,0.9574468085004526,90,4,0,0
sem_erro,catboost,queda,90,55,55,85,85,42,43,0,85,0,2,2,0.9411764705882353,0.9411764705882353,0.0,0.0,0.0,0.9411764705771626,80,5,0,0
sem_erro,catboost,queda,90,60,60,78,78,40,38,0,78,0,2,2,0.8589743589743589,0.8589743589743589,0.0,0.0,0.0,0.8589743589633464,67,11,0,0
sem_erro,catboost,queda,90,65,65,72,72,37,35,0,72,0,2,2,0.9444444444444444,0.9444444444444444,0.0,0.0,0.0,0.9444444444313271,68,4,0,0
sem_erro,catboost,queda,90,70,70,67,67,37,30,0,67,0,2,2,0.8656716417910447,0.8656716417910447,0.0,0.0,0.0,0.8656716417781243,58,9,0,0
sem_erro,catboost,queda,90,75,75,63,63,32,31,0,63,0,1,1,0.9523809523809523,0.9523809523809523,0.0,0.0,0.0,0.9523809523658353,60,3,0,0
sem_erro,catboost,queda,90,80,80,59,59,32,27,0,59,0,2,2,0.9491525423728814,0.9491525423728814,0.0,0.0,0.0,0.949152542356794,56,3,0,0
sem_erro,catboost,queda,90,85,85,55,55,29,26,0,55,0,1,1,0.8727272727272727,0.8727272727272727,0.0,0.0,0.0,0.872727272711405,48,7,0,0
sem_erro,catboost,queda,90,90,90,52,52,27,25,0,52,0,1,1,0.9615384615384616,0.9615384615384616,0.0,0.0,0.0,0.9615384615199705,50,2,0,0
sem_erro,catboost,queda,100,5,5,931,931,498,433,0,931,0,1,1,0.9527389903329753,0.9527389903329753,0.0,0.0,0.0,0.952738990331952,887,44,0,0
sem_erro,catboost,queda,100,10,10,466,466,249,217,0,466,0,1,1,0.9527896995708155,0.9527896995708155,0.0,0.0,0.0,0.9527896995687709,444,22,0,0
sem_erro,catboost,queda,100,15,15,311,311,169,142,0,311,0,2,2,0.9485530546623794,0.9485530546623794,0.0,0.0,0.0,0.9485530546593295,295,16,0,0
sem_erro,catboost,queda,100,20,20,233,233,125,108,0,233,0,2,2,0.944206008583691,0.944206008583691,0.0,0.0,0.0,0.9442060085796387,220,13,0,0
sem_erro,catboost,queda,100,25,25,187,187,102,85,0,187,0,1,1,0.9518716577540107,0.9518716577540107,0.0,0.0,0.0,0.9518716577489206,178,9,0,0
sem_erro,catboost,queda,100,30,30,156,156,84,72,0,156,0,2,2,0.9487179487179487,0.9487179487179487,0.0,0.0,0.0,0.9487179487118672,148,8,0,0
sem_erro,catboost,queda,100,35,35,133,133,73,60,0,133,0,1,1,0.9473684210526315,0.9473684210526315,0.0,0.0,0.0,0.9473684210455086,126,7,0,0
sem_erro,catboost,queda,100,40,40,117,117,63,54,0,117,0,2,2,0.9487179487179487,0.9487179487179487,0.0,0.0,0.0,0.9487179487098399,111,6,0,0
sem_erro,catboost,queda,100,45,45,104,104,55,49,0,104,0,1,1,0.9519230769230769,0.9519230769230769,0.0,0.0,0.0,0.9519230769139237,99,5,0,0
sem_erro,catboost,queda,100,50,50,94,94,51,43,0,94,0,1,1,0.9574468085106383,0.9574468085106383,0.0,0.0,0.0,0.9574468085004526,90,4,0,0
sem_erro,catboost,queda,100,55,55,85,85,49,36,0,85,0,1,1,0.8588235294117647,0.8588235294117647,0.0,0.0,0.0,0.8588235294016608,73,12,0,0
sem_erro,catboost,queda,100,60,60,78,78,42,36,0,78,0,2,2,0.8717948717948718,0.8717948717948718,0.0,0.0,0.0,0.8717948717836949,68,10,0,0
sem_erro,catboost,queda,100,65,65,72,72,38,34,0,72,0,2,2,0.9444444444444444,0.9444444444444444,0.0,0.0,0.0,0.9444444444313271,68,4,0,0
sem_erro,catboost,queda,100,70,70,67,67,38,29,0,67,0,2,2,0.9402985074626866,0.9402985074626866,0.0,0.0,0.0,0.9402985074486522,63,4,0,0
sem_erro,catboost,queda,100,75,75,63,63,35,28,0,63,0,1,1,0.9523809523809523,0.9523809523809523,0.0,0.0,0.0,0.9523809523658353,60,3,0,0
sem_erro,catboost,queda,100,80,80,59,59,32,27,0,59,0,3,3,0.8813559322033898,0.8813559322033898,0.0,0.0,0.0,0.8813559321884517,52,7,0,0
sem_erro,catboost,queda,100,85,85,55,55,30,25,0,55,0,2,2,0.9090909090909091,0.9090909090909091,0.0,0.0,0.0,0.9090909090743802,50,5,0,0
sem_erro,catboost,queda,100,90,90,52,52,27,25,0,52,0,1,1,0.9615384615384616,0.9615384615384616,0.0,0.0,0.0,0.9615384615199705,50,2,0,0
sem_erro,catboost,queda,100,95,95,49,49,28,21,0,49,0,1,1,0.9591836734693877,0.9591836734693877,0.0,0.0,0.0,0.9591836734498127,47,2,0,0
sem_erro,catboost,queda,100,100,100,47,47,24,23,0,47,0,1,1,0.9574468085106383,0.9574468085106383,0.0,0.0,0.0,0.9574468084902672,45,2,0,0
sem_erro,mlp,lacuna,20,5,5,947,947,272,675,0,947,0,0,0,1.0,1.0,0.0,0.0,0.0,0.9999999999989441,947,0,0,0
sem_erro,mlp,lacuna,20,10,10,474,474,137,337,0,474,0,1,1,0.9978902953586498,0.9978902953586498,0.0,0.0,0.0,0.9978902953565446,473,1,0,0
sem_erro,mlp,lacuna,20,15,15,316,316,92,224,0,316,0,1,1,0.9968354430379747,0.9968354430379747,0.0,0.0,0.0,0.9968354430348202,315,1,0,0
sem_erro,mlp,lacuna,20,20,20,237,237,65,172,0,237,0,1,1,0.9957805907172996,0.9957805907172996,0.0,0.0,0.0,0.995780590713098,236,1,0,0
sem_erro,mlp,lacuna,30,5,5,945,945,308,637,0,945,0,1,1,0.9989417989417989,0.9989417989417989,0.0,0.0,0.0,0.9989417989407419,944,1,0,0
sem_erro,mlp,lacuna,30,10,10,473,473,155,318,0,473,0,1,1,0.9978858350951374,0.9978858350951374,0.0,0.0,0.0,0.9978858350930278,472,1,0,0
sem_erro,mlp,lacuna,30,15,15,315,315,104,211,0,315,0,0,0,1.0,1.0,0.0,0.0,0.0,0.9999999999968254,315,0,0,0
sem_erro,mlp,lacuna,30,20,20,237,237,80,157,0,237,0,1,1,0.9957805907172996,0.9957805907172996,0.0,0.0,0.0,0.995780590713098,236,1,0,0
sem_erro,mlp,lacuna,30,25,25,189,189,63,126,0,189,0,0,0,1.0,1.0,0.0,0.0,0.0,0.999999999994709,189,0,0,0
sem_erro,mlp,lacuna,30,30,30,158,158,53,105,0,158,0,1,1,0.9936708860759493,0.9936708860759493,0.0,0.0,0.0,0.9936708860696604,157,1,0,0
sem_erro,mlp,lacuna,40,5,5,943,943,343,600,0,943,0,0,0,1.0,1.0,0.0,0.0,0.0,0.9999999999989395,943,0,0,0
sem_erro,mlp,lacuna,40,10,10,472,472,172,300,0,472,0,0,0,1.0,1.0,0.0,0.0,0.0,0.9999999999978814,472,0,0,0
sem_erro,mlp,lacuna,40,15,15,315,315,113,202,0,315,0,1,1,0.9968253968253968,0.9968253968253968,0.0,0.0,0.0,0.9968253968222324,314,1,0,0
sem_erro,mlp,lacuna,40,20,20,236,236,83,153,0,236,0,1,1,0.9957627118644068,0.9957627118644068,0.0,0.0,0.0,0.9957627118601875,235,1,0,0
sem_erro,mlp,lacuna,40,25,25,189,189,68,121,0,189,0,0,0,1.0,1.0,0.0,0.0,0.0,0.999999999994709,189,0,0,0
sem_erro,mlp,lacuna,40,30,30,158,158,60,98,0,158,0,0,0,1.0,1.0,0.0,0.0,0.0,0.999999999993671,158,0,0,0
sem_erro,mlp,lacuna,40,35,35,135,135,44,91,0,135,0,0,0,1.0,1.0,0.0,0.0,0.0,0.9999999999925927,135,0,0,0
sem_erro,mlp,lacuna,40,40,40,118,118,41,77,0,118,0,0,0,1.0,1.0,0.0,0.0,0.0,0.9999999999915254,118,0,0,0
sem_erro,mlp,lacuna,50,5,5,941,941,377,564,0,941,0,2,2,0.9957492029755579,0.9957492029755579,0.0,0.0,0.0,0.9957492029744998,937,4,0,0
sem_erro,mlp,lacuna,50,10,10,471,471,189,282,0,471,0,2,2,0.9957537154989384,0.9957537154989384,0.0,0.0,0.0,0.9957537154968243,469,2,0,0
sem_erro,mlp,lacuna,50,15,15,314,314,127,187,0,314,0,0,0,1.0,1.0,0.0,0.0,0.0,0.9999999999968153,314,0,0,0
sem_erro,mlp,lacuna,50,20,20,236,236,97,139,0,236,0,2,2,0.9915254237288136,0.9915254237288136,0.0,0.0,0.0,0.9915254237246123,234,2,0,0
sem_erro,mlp,lacuna,50,25,25,189,189,78,111,0,189,0,0,0,1.0,1.0,0.0,0.0,0.0,0.999999999994709,189,0,0,0
sem_erro,mlp,lacuna,50,30,30,157,157,64,93,0,157,0,0,0,1.0,1.0,0.0,0.0,0.0,0.9999999999936307,157,0,0,0
sem_erro,mlp,lacuna,50,35,35,135,135,50,85,0,135,0,0,0,1.0,1.0,0.0,0.0,0.0,0.9999999999925927,135,0,0,0
sem_erro,mlp,lacuna,50,40,40,118,118,47,71,0,118,0,1,1,0.9915254237288136,0.9915254237288136,0.0,0.0,0.0,0.9915254237204107,117,1,0,0
sem_erro,mlp,lacuna,50,45,45,105,105,42,63,0,105,0,0,0,1.0,1.0,0.0,0.0,0.0,0.9999999999904762,105,0,0,0
sem_erro,mlp,lacuna,50,50,50,95,95,38,57,0,95,0,0,0,1.0,1.0,0.0,0.0,0.0,0.9999999999894736,95,0,0,0
sem_erro,mlp,lacuna,60,5,5,939,939,410,529,0,939,0,1,1,0.9989350372736954,0.9989350372736954,0.0,0.0,0.0,0.9989350372726316,938,1,0,0
sem_erro,mlp,lacuna,60,10,10,470,470,205,265,0,470,0,1,1,0.997872340425532,0.997872340425532,0.0,0.0,0.0,0.9978723404234088,469,1,0,0
sem_erro,mlp,lacuna,60,15,15,313,313,138,175,0,313,0,2,2,0.9936102236421726,0.9936102236421726,0.0,0.0,0.0,0.9936102236389981,311,2,0,0
sem_erro,mlp,lacuna,60,20,20,235,235,100,135,0,235,0,2,2,0.9914893617021276,0.9914893617021276,0.0,0.0,0.0,0.9914893616979086,233,2,0,0
sem_erro,mlp,lacuna,60,25,25,188,188,83,105,0,188,0,0,0,1.0,1.0,0.0,0.0,0.0,0.9999999999946809,188,0,0,0
sem_erro,mlp,lacuna,60,30,30,157,157,69,88,0,157,0,0,0,1.0,1.0,0.0,0.0,0.0,0.9999999999936307,157,0,0,0
sem_erro,mlp,lacuna,60,35,35,135,135,60,75,0,135,0,2,2,0.9851851851851852,0.9851851851851852,0.0,0.0,0.0,0.9851851851778876,133,2,0,0
sem_erro,mlp,lacuna,60,40,40,118,118,50,68,0,118,0,0,0,1.0,1.0,0.0,0.0,0.0,0.9999999999915254,118,0,0,0
sem_erro,mlp,lacuna,60,45,45,105,105,47,58,0,105,0,2,2,0.9809523809523809,0.9809523809523809,0.0,0.0,0.0,0.9809523809430385,103,2,0,0
sem_erro,mlp,lacuna,60,50,50,94,94,40,54,0,94,0,1,1,0.9893617021276596,0.9893617021276596,0.0,0.0,0.0,0.9893617021171344,93,1,0,0
sem_erro,mlp,lacuna,60,55,55,86,86,37,49,0,86,0,1,1,0.8953488372093024,0.8953488372093024,0.0,0.0,0.0,0.8953488371988912,77,9,0,0
sem_erro,mlp,lacuna,60,60,60,79,79,35,44,0,79,0,0,0,1.0,1.0,0.0,0.0,0.0,0.9999999999873417,79,0,0,0
sem_erro,mlp,lacuna,70,5,5,937,937,441,496,0,937,0,3,3,0.9946638207043756,0.9946638207043756,0.0,0.0,0.0,0.9946638207033142,932,5,0,0
sem_erro,mlp,lacuna,70,10,10,469,469,221,248,0,469,0,2,2,0.9957356076759062,0.9957356076759062,0.0,0.0,0.0,0.9957356076737831,467,2,0,0
sem_erro,mlp,lacuna,70,15,15,313,313,146,167,0,313,0,1,1,0.9968051118210862,0.9968051118210862,0.0,0.0,0.0,0.9968051118179017,312,1,0,0
sem_erro,mlp,lacuna,70,20,20,235,235,113,122,0,235,0,2,2,0.9872340425531915,0.9872340425531915,0.0,0.0,0.0,0.9872340425489905,232,3,0,0
sem_erro,mlp,lacuna,70,25,25,188,188,92,96,0,188,0,2,2,0.9893617021276596,0.9893617021276596,0.0,0.0,0.0,0.989361702122397,186,2,0,0
sem_erro,mlp,lacuna,70,30,30,157,157,76,81,0,157,0,0,0,1.0,1.0,0.0,0.0,0.0,0.9999999999936307,157,0,0,0
sem_erro,mlp,lacuna,70,35,35,134,134,61,73,0,134,0,1,1,0.9925373134328358,0.9925373134328358,0.0,0.0,0.0,0.992537313425429,133,1,0,0
sem_erro,mlp,lacuna,70,40,40,118,118,58,60,0,118,0,2,2,0.9830508474576272,0.9830508474576272,0.0,0.0,0.0,0.9830508474492962,116,2,0,0
sem_erro,mlp,lacuna,70,45,45,105,105,51,54,0,105,0,0,0,1.0,1.0,0.0,0.0,0.0,0.9999999999904762,105,0,0,0
sem_erro,mlp,lacuna,70,50,50,94,94,46,48,0,94,0,1,1,0.9893617021276596,0.9893617021276596,0.0,0.0,0.0,0.9893617021171344,93,1,0,0
sem_erro,mlp,lacuna,70,55,55,86,86,41,45,0,86,0,4,4,0.9418604651162791,0.9418604651162791,0.0,0.0,0.0,0.9418604651053272,81,5,0,0
sem_erro,mlp,lacuna,70,60,60,79,79,40,39,0,79,0,0,0,1.0,1.0,0.0,0.0,0.0,0.9999999999873417,79,0,0,0
sem_erro,mlp,lacuna,70,65,65,73,73,33,40,0,73,0,0,0,1.0,1.0,0.0,0.0,0.0,0.9999999999863013,73,0,0,0
sem_erro,mlp,lacuna,70,70,70,67,67,28,39,0,67,0,0,0,1.0,1.0,0.0,0.0,0.0,0.9999999999850746,67,0,0,0
sem_erro,mlp,lacuna,80,5,5,935,935,469,466,0,935,0,6,6,0.9903743315508021,0.9903743315508021,0.0,0.0,0.0,0.990374331549743,926,9,0,0
sem_erro,mlp,lacuna,80,10,10,468,468,235,233,0,468,0,5,5,0.9850427350427351,0.9850427350427351,0.0,0.0,0.0,0.9850427350406302,461,7,0,0
sem_erro,mlp,lacuna,80,15,15,312,312,157,155,0,312,0,2,2,0.9903846153846154,0.9903846153846154,0.0,0.0,0.0,0.9903846153814411,309,3,0,0
sem_erro,mlp,lacuna,80,20,20,234,234,116,118,0,234,0,2,2,0.9658119658119658,0.9658119658119658,0.0,0.0,0.0,0.9658119658078385,226,8,0,0
sem_erro,mlp,lacuna,80,25,25,187,187,97,90,0,187,0,3,3,0.9732620320855615,0.9732620320855615,0.0,0.0,0.0,0.973262032080357,182,5,0,0
sem_erro,mlp,lacuna,80,30,30,156,156,79,77,0,156,0,2,2,0.9871794871794872,0.9871794871794872,0.0,0.0,0.0,0.9871794871731592,154,2,0,0
sem_erro,mlp,lacuna,80,35,35,134,134,66,68,0,134,0,2,2,0.9850746268656716,0.9850746268656716,0.0,0.0,0.0,0.9850746268583204,132,2,0,0
sem_erro,mlp,lacuna,80,40,40,117,117,58,59,0,117,0,2,2,0.9829059829059829,0.9829059829059829,0.0,0.0,0.0,0.982905982897582,115,2,0,0
sem_erro,mlp,lacuna,80,45,45,104,104,54,50,0,104,0,3,3,0.9711538461538461,0.9711538461538461,0.0,0.0,0.0,0.9711538461445081,101,3,0,0
sem_erro,mlp,lacuna,80,50,50,94,94,49,45,0,94,0,3,3,0.9680851063829787,0.9680851063829787,0.0,0.0,0.0,0.9680851063726799,91,3,0,0
sem_erro,mlp,lacuna,80,55,55,85,85,42,43,0,85,0,2,2,0.9764705882352941,0.9764705882352941,0.0,0.0,0.0,0.9764705882238062,83,2,0,0
sem_erro,mlp,lacuna,80,60,60,78,78,40,38,0,78,0,2,2,0.9743589743589743,0.9743589743589743,0.0,0.0,0.0,0.9743589743464826,76,2,0,0
sem_erro,mlp,lacuna,80,65,65,72,72,36,36,0,72,0,1,1,0.9722222222222222,0.9722222222222222,0.0,0.0,0.0,0.9722222222087191,70,2,0,0
sem_erro,mlp,lacuna,80,70,70,67,67,31,36,0,67,0,1,1,0.9701492537313433,0.9701492537313433,0.0,0.0,0.0,0.9701492537168634,65,2,0,0
sem_erro,mlp,lacuna,80,75,75,63,63,32,31,0,63,0,1,1,0.9841269841269841,0.9841269841269841,0.0,0.0,0.0,0.9841269841113631,62,1,0,0
sem_erro,mlp,lacuna,80,80,80,59,59,27,32,0,59,0,1,1,0.9830508474576272,0.9830508474576272,0.0,0.0,0.0,0.9830508474409653,58,1,0,0
sem_erro,mlp,lacuna,90,5,5,933,933,497,436,0,933,0,7,7,0.9871382636655949,0.9871382636655949,0.0,0.0,0.0,0.9871382636645368,921,12,0,0
sem_erro,mlp,lacuna,90,10,10,467,467,249,218,0,467,0,3,3,0.9892933618843683,0.9892933618843683,0.0,0.0,0.0,0.9892933618822499,462,5,0,0
sem_erro,mlp,lacuna,90,15,15,311,311,168,143,0,311,0,5,5,0.9678456591639871,0.9678456591639871,0.0,0.0,0.0,0.9678456591608752,301,10,0,0
sem_erro,mlp,lacuna,90,20,20,234,234,127,107,0,234,0,4,4,0.9786324786324786,0.9786324786324786,0.0,0.0,0.0,0.9786324786282965,229,5,0,0
sem_erro,mlp,lacuna,90,25,25,187,187,100,87,0,187,0,2,2,0.9786096256684492,0.9786096256684492,0.0,0.0,0.0,0.9786096256632161,183,4,0,0
sem_erro,mlp,lacuna,90,30,30,156,156,84,72,0,156,0,2,2,0.9743589743589743,0.9743589743589743,0.0,0.0,0.0,0.9743589743527286,152,4,0,0
sem_erro,mlp,lacuna,90,35,35,134,134,73,61,0,134,0,3,3,0.9626865671641791,0.9626865671641791,0.0,0.0,0.0,0.962686567156995,129,5,0,0
sem_erro,mlp,lacuna,90,40,40,117,117,62,55,0,117,0,1,1,0.9914529914529915,0.9914529914529915,0.0,0.0,0.0,0.9914529914445175,116,1,0,0
sem_erro,mlp,lacuna,90,45,45,104,104,56,48,0,104,0,1,1,0.9903846153846154,0.9903846153846154,0.0,0.0,0.0,0.9903846153750924,103,1,0,0
sem_erro,mlp,lacuna,90,50,50,94,94,51,43,0,94,0,2,2,0.9787234042553191,0.9787234042553191,0.0,0.0,0.0,0.9787234042449071,92,2,0,0
sem_erro,mlp,lacuna,90,55,55,85,85,47,38,0,85,0,3,3,0.9647058823529412,0.9647058823529412,0.0,0.0,0.0,0.9647058823415916,82,3,0,0
sem_erro,mlp,lacuna,90,60,60,78,78,44,34,0,78,0,4,4,0.9230769230769231,0.9230769230769231,0.0,0.0,0.0,0.9230769230650887,72,6,0,0
sem_erro,mlp,lacuna,90,65,65,72,72,40,32,0,72,0,1,1,0.9861111111111112,0.9861111111111112,0.0,0.0,0.0,0.9861111110974151,71,1,0,0
sem_erro,mlp,lacuna,90,70,70,67,67,35,32,0,67,0,2,2,0.9552238805970149,0.9552238805970149,0.0,0.0,0.0,0.9552238805827578,64,3,0,0
sem_erro,mlp,lacuna,90,75,75,63,63,33,30,0,63,0,1,1,0.9841269841269841,0.9841269841269841,0.0,0.0,0.0,0.9841269841113631,62,1,0,0
sem_erro,mlp,lacuna,90,80,80,59,59,29,30,0,59,0,1,1,0.9830508474576272,0.9830508474576272,0.0,0.0,0.0,0.9830508474409653,58,1,0,0
sem_erro,mlp,lacuna,90,85,85,55,55,32,23,0,55,0,1,1,0.9454545454545454,0.9454545454545454,0.0,0.0,0.0,0.9454545454373554,52,3,0,0
sem_erro,mlp,lacuna,90,90,90,52,52,32,20,0,52,0,2,2,0.9230769230769231,0.9230769230769231,0.0,0.0,0.0,0.9230769230591717,48,4,0,0
sem_erro,mlp,lacuna,100,5,5,931,931,523,408,0,931,0,8,8,0.9892588614393125,0.9892588614393125,0.0,0.0,0.0,0.98925886143825,921,10,0,0
sem_erro,mlp,lacuna,100,10,10,466,466,262,204,0,466,0,4,4,0.9871244635193133,0.9871244635193133,0.0,0.0,0.0,0.9871244635171951,460,6,0,0
sem_erro,mlp,lacuna,100,15,15,311,311,174,137,0,311,0,5,5,0.977491961414791,0.977491961414791,0.0,0.0,0.0,0.977491961411648,304,7,0,0
sem_erro,mlp,lacuna,100,20,20,233,233,130,103,0,233,0,4,4,0.9742489270386266,0.9742489270386266,0.0,0.0,0.0,0.9742489270344453,227,6,0,0
sem_erro,mlp,lacuna,100,25,25,187,187,109,78,0,187,0,11,11,0.9197860962566845,0.9197860962566845,0.0,0.0,0.0,0.9197860962517659,172,15,0,0
sem_erro,mlp,lacuna,100,30,30,156,156,90,66,0,156,0,2,2,0.9871794871794872,0.9871794871794872,0.0,0.0,0.0,0.9871794871731592,154,2,0,0
sem_erro,mlp,lacuna,100,35,35,133,133,75,58,0,133,0,2,2,0.9774436090225563,0.9774436090225563,0.0,0.0,0.0,0.9774436090152072,130,3,0,0
sem_erro,mlp,lacuna,100,40,40,117,117,65,52,0,117,0,2,2,0.9829059829059829,0.9829059829059829,0.0,0.0,0.0,0.982905982897582,115,2,0,0
sem_erro,mlp,lacuna,100,45,45,104,104,57,47,0,104,0,1,1,0.9807692307692307,0.9807692307692307,0.0,0.0,0.0,0.9807692307598003,102,2,0,0
sem_erro,mlp,lacuna,100,50,50,94,94,54,40,0,94,0,4,4,0.9361702127659575,0.9361702127659575,0.0,0.0,0.0,0.9361702127559981,88,6,0,0
sem_erro,mlp,lacuna,100,55,55,85,85,48,37,0,85,0,1,1,0.9882352941176471,0.9882352941176471,0.0,0.0,0.0,0.9882352941060207,84,1,0,0
sem_erro,mlp,lacuna,100,60,60,78,78,46,32,0,78,0,1,1,0.9871794871794872,0.9871794871794872,0.0,0.0,0.0,0.987179487166831,77,1,0,0
sem_erro,mlp,lacuna,100,65,65,72,72,41,31,0,72,0,1,1,0.9861111111111112,0.9861111111111112,0.0,0.0,0.0,0.9861111110974151,71,1,0,0
sem_erro,mlp,lacuna,100,70,70,67,67,37,30,0,67,0,3,3,0.9552238805970149,0.9552238805970149,0.0,0.0,0.0,0.9552238805827578,64,3,0,0
sem_erro,mlp,lacuna,100,75,75,63,63,36,27,0,63,0,4,4,0.9365079365079365,0.9365079365079365,0.0,0.0,0.0,0.9365079364930714,59,4,0,0
sem_erro,mlp,lacuna,100,80,80,59,59,32,27,0,59,0,1,1,0.9830508474576272,0.9830508474576272,0.0,0.0,0.0,0.9830508474409653,58,1,0,0
sem_erro,mlp,lacuna,100,85,85,55,55,34,21,0,55,0,1,1,0.9454545454545454,0.9454545454545454,0.0,0.0,0.0,0.9454545454373554,52,3,0,0
sem_erro,mlp,lacuna,100,90,90,52,52,33,19,0,52,0,1,1,0.9615384615384616,0.9615384615384616,0.0,0.0,0.0,0.9615384615199705,50,2,0,0
sem_erro,mlp,lacuna,100,95,95,49,49,27,22,0,49,0,7,7,0.8367346938775511,0.8367346938775511,0.0,0.0,0.0,0.8367346938604748,41,8,0,0
sem_erro,mlp,lacuna,100,100,100,47,47,26,21,0,47,0,0,0,1.0,1.0,0.0,0.0,0.0,0.9999999999787235,47,0,0,0
sem_erro,mlp,oscilacao,20,5,5,947,947,359,588,0,947,0,10,10,0.986272439281943,0.986272439281943,0.0,0.0,0.0,0.9862724392809015,934,13,0,0
sem_erro,mlp,oscilacao,20,10,10,474,474,181,293,0,474,0,8,8,0.9789029535864979,0.9789029535864979,0.0,0.0,0.0,0.9789029535844327,464,10,0,0
sem_erro,mlp,oscilacao,20,15,15,316,316,115,201,0,316,0,0,0,1.0,1.0,0.0,0.0,0.0,0.9999999999968355,316,0,0,0
sem_erro,mlp,oscilacao,20,20,20,237,237,90,147,0,237,0,4,4,0.9789029535864979,0.9789029535864979,0.0,0.0,0.0,0.9789029535823676,232,5,0,0
sem_erro,mlp,oscilacao,30,5,5,945,945,395,550,0,945,0,7,7,0.9015873015873016,0.9015873015873016,0.0,0.0,0.0,0.9015873015863476,852,93,0,0
sem_erro,mlp,oscilacao,30,10,10,473,473,199,274,0,473,0,11,11,0.9577167019027484,0.9577167019027484,0.0,0.0,0.0,0.9577167019007237,453,20,0,0
sem_erro,mlp,oscilacao,30,15,15,315,315,127,188,0,315,0,2,2,0.9936507936507937,0.9936507936507937,0.0,0.0,0.0,0.9936507936476392,313,2,0,0
sem_erro,mlp,oscilacao,30,20,20,237,237,99,138,0,237,0,10,10,0.9240506329113924,0.9240506329113924,0.0,0.0,0.0,0.9240506329074935,219,18,0,0
sem_erro,mlp,oscilacao,30,25,25,189,189,78,111,0,189,0,1,1,0.9894179894179894,0.9894179894179894,0.0,0.0,0.0,0.9894179894127545,187,2,0,0
sem_erro,mlp,oscilacao,30,30,30,158,158,62,96,0,158,0,1,1,0.9936708860759493,0.9936708860759493,0.0,0.0,0.0,0.9936708860696604,157,1,0,0
sem_erro,mlp,oscilacao,40,5,5,943,943,429,514,0,943,0,9,9,0.8928950159066809,0.8928950159066809,0.0,0.0,0.0,0.892895015905734,842,101,0,0
sem_erro,mlp,oscilacao,40,10,10,472,472,215,257,0,472,0,23,23,0.9173728813559322,0.9173728813559322,0.0,0.0,0.0,0.9173728813539886,433,39,0,0
sem_erro,mlp,oscilacao,40,15,15,315,315,140,175,0,315,0,7,7,0.8888888888888888,0.8888888888888888,0.0,0.0,0.0,0.8888888888860671,280,35,0,0
sem_erro,mlp,oscilacao,40,20,20,236,236,106,130,0,236,0,5,5,0.8898305084745762,0.8898305084745762,0.0,0.0,0.0,0.8898305084708058,210,26,0,0
sem_erro,mlp,oscilacao,40,25,25,189,189,87,102,0,189,0,3,3,0.9841269841269841,0.9841269841269841,0.0,0.0,0.0,0.9841269841217771,186,3,0,0
sem_erro,mlp,oscilacao,40,30,30,158,158,68,90,0,158,0,6,6,0.9177215189873418,0.9177215189873418,0.0,0.0,0.0,0.9177215189815334,145,13,0,0
sem_erro,mlp,oscilacao,40,35,35,135,135,62,73,0,135,0,2,2,0.9777777777777777,0.9777777777777777,0.0,0.0,0.0,0.9777777777705351,132,3,0,0
sem_erro,mlp,oscilacao,40,40,40,118,118,54,64,0,118,0,4,4,0.8813559322033898,0.8813559322033898,0.0,0.0,0.0,0.8813559321959207,104,14,0,0
sem_erro,mlp,oscilacao,50,5,5,941,941,459,482,0,941,0,11,11,0.8841657810839533,0.8841657810839533,0.0,0.0,0.0,0.8841657810830137,832,109,0,0
sem_erro,mlp,oscilacao,50,10,10,471,471,230,241,0,471,0,12,12,0.9511677282377919,0.9511677282377919,0.0,0.0,0.0,0.9511677282357724,448,23,0,0
sem_erro,mlp,oscilacao,50,15,15,314,314,149,165,0,314,0,6,6,0.8853503184713376,0.8853503184713376,0.0,0.0,0.0,0.885350318468518,278,36,0,0
sem_erro,mlp,oscilacao,50,20,20,236,236,115,121,0,236,0,6,6,0.8728813559322034,0.8728813559322034,0.0,0.0,0.0,0.8728813559285048,206,30,0,0
sem_erro,mlp,oscilacao,50,25,25,189,189,90,99,0,189,0,4,4,0.9682539682539683,0.9682539682539683,0.0,0.0,0.0,0.9682539682488452,183,6,0,0
sem_erro,mlp,oscilacao,50,30,30,157,157,73,84,0,157,0,4,4,0.8853503184713376,0.8853503184713376,0.0,0.0,0.0,0.8853503184656984,139,18,0,0
sem_erro,mlp,oscilacao,50,35,35,135,135,68,67,0,135,0,8,8,0.9111111111111111,0.9111111111111111,0.0,0.0,0.0,0.9111111111043622,123,12,0,0
sem_erro,mlp,oscilacao,50,40,40,118,118,60,58,0,118,0,4,4,0.9067796610169492,0.9067796610169492,0.0,0.0,0.0,0.9067796610092645,107,11,0,0
sem_erro,mlp,oscilacao,50,45,45,105,105,48,57,0,105,0,2,2,0.9619047619047619,0.9619047619047619,0.0,0.0,0.0,0.9619047618956009,101,4,0,0
sem_erro,mlp,oscilacao,50,50,50,95,95,47,48,0,95,0,2,2,0.968421052631579,0.968421052631579,0.0,0.0,0.0,0.968421052621385,92,3,0,0
sem_erro,mlp,oscilacao,60,5,5,939,939,488,451,0,939,0,22,22,0.9030883919062833,0.9030883919062833,0.0,0.0,0.0,0.9030883919053215,848,91,0,0
sem_erro,mlp,oscilacao,60,10,10,470,470,244,226,0,470,0,7,7,0.8829787234042553,0.8829787234042553,0.0,0.0,0.0,0.8829787234023767,415,55,0,0
sem_erro,mlp,oscilacao,60,15,15,313,313,159,154,0,313,0,6,6,0.9808306709265175,0.9808306709265175,0.0,0.0,0.0,0.9808306709233839,307,6,0,0
sem_erro,mlp,oscilacao,60,20,20,235,235,121,114,0,235,0,8,8,0.9063829787234042,0.9063829787234042,0.0,0.0,0.0,0.9063829787195473,213,22,0,0
sem_erro,mlp,oscilacao,60,25,25,188,188,102,86,0,188,0,15,15,0.8776595744680851,0.8776595744680851,0.0,0.0,0.0,0.8776595744634168,165,23,0,0
sem_erro,mlp,oscilacao,60,30,30,157,157,78,79,0,157,0,9,9,0.8789808917197452,0.8789808917197452,0.0,0.0,0.0,0.8789808917141467,138,19,0,0
sem_erro,mlp,oscilacao,60,35,35,135,135,72,63,0,135,0,5,5,0.9555555555555556,0.9555555555555556,0.0,0.0,0.0,0.9555555555484775,129,6,0,0
sem_erro,mlp,oscilacao,60,40,40,118,118,63,55,0,118,0,7,7,0.8728813559322034,0.8728813559322034,0.0,0.0,0.0,0.8728813559248061,103,15,0,0
sem_erro,mlp,oscilacao,60,45,45,105,105,54,51,0,105,0,5,5,0.9523809523809523,0.9523809523809523,0.0,0.0,0.0,0.952380952371882,100,5,0,0
sem_erro,mlp,oscilacao,60,50,50,94,94,52,42,0,94,0,8,8,0.7978723404255319,0.7978723404255319,0.0,0.0,0.0,0.7978723404170439,75,19,0,0
sem_erro,mlp,oscilacao,60,55,55,86,86,46,40,0,86,0,3,3,0.8953488372093024,0.8953488372093024,0.0,0.0,0.0,0.8953488371988912,77,9,0,0
sem_erro,mlp,oscilacao,60,60,60,79,79,38,41,0,79,0,4,4,0.9493670886075949,0.9493670886075949,0.0,0.0,0.0,0.9493670885955776,75,4,0,0
sem_erro,mlp,oscilacao,70,5,5,937,937,514,423,0,937,0,15,15,0.8697972251867663,0.8697972251867663,0.0,0.0,0.0,0.869797225185838,815,122,0,0
sem_erro,mlp,oscilacao,70,10,10,469,469,257,212,0,469,0,16,16,0.9211087420042644,0.9211087420042644,0.0,0.0,0.0,0.9211087420023004,432,37,0,0
sem_erro,mlp,oscilacao,70,15,15,313,313,169,144,0,313,0,17,17,0.8817891373801917,0.8817891373801917,0.0,0.0,0.0,0.8817891373773745,276,37,0,0
sem_erro,mlp,oscilacao,70,20,20,235,235,128,107,0,235,0,6,6,0.8468085106382979,0.8468085106382979,0.0,0.0,0.0,0.8468085106346944,199,36,0,0
sem_erro,mlp,oscilacao,70,25,25,188,188,104,84,0,188,0,9,9,0.8404255319148937,0.8404255319148937,0.0,0.0,0.0,0.8404255319104234,158,30,0,0
sem_erro,mlp,oscilacao,70,30,30,157,157,83,74,0,157,0,3,3,0.910828025477707,0.910828025477707,0.0,0.0,0.0,0.9108280254719057,143,14,0,0
sem_erro,mlp,oscilacao,70,35,35,134,134,74,60,0,134,0,3,3,0.9477611940298507,0.9477611940298507,0.0,0.0,0.0,0.947761194022778,127,7,0,0
sem_erro,mlp,oscilacao,70,40,40,118,118,65,53,0,118,0,2,2,0.8813559322033898,0.8813559322033898,0.0,0.0,0.0,0.8813559321959207,104,14,0,0
sem_erro,mlp,oscilacao,70,45,45,105,105,58,47,0,105,0,4,4,0.8571428571428571,0.8571428571428571,0.0,0.0,0.0,0.8571428571346938,90,15,0,0
sem_erro,mlp,oscilacao,70,50,50,94,94,53,41,0,94,0,9,9,0.7978723404255319,0.7978723404255319,0.0,0.0,0.0,0.7978723404170439,75,19,0,0
sem_erro,mlp,oscilacao,70,55,55,86,86,46,40,0,86,0,1,1,0.8953488372093024,0.8953488372093024,0.0,0.0,0.0,0.8953488371988912,77,9,0,0
sem_erro,mlp,oscilacao,70,60,60,79,79,43,36,0,79,0,1,1,0.8607594936708861,0.8607594936708861,0.0,0.0,0.0,0.8607594936599904,68,11,0,0
sem_erro,mlp,oscilacao,70,65,65,73,73,41,32,0,73,0,9,9,0.8493150684931506,0.8493150684931506,0.0,0.0,0.0,0.8493150684815162,62,11,0,0
sem_erro,mlp,oscilacao,70,70,70,67,67,37,30,0,67,0,3,3,0.9552238805970149,0.9552238805970149,0.0,0.0,0.0,0.9552238805827578,64,3,0,0
sem_erro,mlp,oscilacao,80,5,5,935,935,538,397,0,935,0,21,21,0.8470588235294118,0.8470588235294118,0.0,0.0,0.0,0.8470588235285058,792,143,0,0
sem_erro,mlp,oscilacao,80,10,10,468,468,269,199,0,468,0,15,15,0.8418803418803419,0.8418803418803419,0.0,0.0,0.0,0.841880341878543,394,74,0,0
sem_erro,mlp,oscilacao,80,15,15,312,312,176,136,0,312,0,16,16,0.9294871794871795,0.9294871794871795,0.0,0.0,0.0,0.9294871794842003,290,22,0,0
sem_erro,mlp,oscilacao,80,20,20,234,234,134,100,0,234,0,14,14,0.8205128205128205,0.8205128205128205,0.0,0.0,0.0,0.8205128205093141,192,42,0,0
sem_erro,mlp,oscilacao,80,25,25,187,187,107,80,0,187,0,5,5,0.8716577540106952,0.8716577540106952,0.0,0.0,0.0,0.871657754006034,163,24,0,0
sem_erro,mlp,oscilacao,80,30,30,156,156,87,69,0,156,0,12,12,0.8141025641025641,0.8141025641025641,0.0,0.0,0.0,0.8141025640973456,127,29,0,0
sem_erro,mlp,oscilacao,80,35,35,134,134,79,55,0,134,0,9,9,0.9328358208955224,0.9328358208955224,0.0,0.0,0.0,0.932835820888561,125,9,0,0
sem_erro,mlp,oscilacao,80,40,40,117,117,68,49,0,117,0,4,4,0.8632478632478633,0.8632478632478633,0.0,0.0,0.0,0.8632478632404851,101,16,0,0
sem_erro,mlp,oscilacao,80,45,45,104,104,60,44,0,104,0,9,9,0.8269230769230769,0.8269230769230769,0.0,0.0,0.0,0.8269230769151257,86,18,0,0
sem_erro,mlp,oscilacao,80,50,50,94,94,54,40,0,94,0,8,8,0.9042553191489362,0.9042553191489362,0.0,0.0,0.0,0.9042553191393164,85,9,0,0
sem_erro,mlp,oscilacao,80,55,55,85,85,48,37,0,85,0,1,1,0.9882352941176471,0.9882352941176471,0.0,0.0,0.0,0.9882352941060207,84,1,0,0
sem_erro,mlp,oscilacao,80,60,60,78,78,46,32,0,78,0,8,8,0.8076923076923077,0.8076923076923077,0.0,0.0,0.0,0.8076923076819527,63,15,0,0
sem_erro,mlp,oscilacao,80,65,65,72,72,42,30,0,72,0,1,1,0.9861111111111112,0.9861111111111112,0.0,0.0,0.0,0.9861111110974151,71,1,0,0
sem_erro,mlp,oscilacao,80,70,70,67,67,39,28,0,67,0,2,2,0.9701492537313433,0.9701492537313433,0.0,0.0,0.0,0.9701492537168634,65,2,0,0
sem_erro,mlp,oscilacao,80,75,75,63,63,35,28,0,63,0,3,3,0.873015873015873,0.873015873015873,0.0,0.0,0.0,0.8730158730020157,55,8,0,0
sem_erro,mlp,oscilacao,80,80,80,59,59,36,23,0,59,0,5,5,0.9152542372881356,0.9152542372881356,0.0,0.0,0.0,0.9152542372726229,54,5,0,0
sem_erro,mlp,oscilacao,90,5,5,933,933,562,371,0,933,0,18,18,0.8456591639871383,0.8456591639871383,0.0,0.0,0.0,0.8456591639862319,789,144,0,0
sem_erro,mlp,oscilacao,90,10,10,467,467,281,186,0,467,0,27,27,0.815845824411135,0.815845824411135,0.0,0.0,0.0,0.8158458244093879,381,86,0,0
sem_erro,mlp,oscilacao,90,15,15,311,311,184,127,0,311,0,10,10,0.9356913183279743,0.9356913183279743,0.0,0.0,0.0,0.9356913183249657,291,20,0,0
sem_erro,mlp,oscilacao,90,20,20,234,234,140,94,0,234,0,11,11,0.8461538461538461,0.8461538461538461,0.0,0.0,0.0,0.8461538461502301,198,36,0,0
sem_erro,mlp,oscilacao,90,25,25,187,187,114,73,0,187,0,9,9,0.9411764705882353,0.9411764705882353,0.0,0.0,0.0,0.9411764705832023,176,11,0,0
sem_erro,mlp,oscilacao,90,30,30,156,156,91,65,0,156,0,7,7,0.9487179487179487,0.9487179487179487,0.0,0.0,0.0,0.9487179487118672,148,8,0,0
sem_erro,mlp,oscilacao,90,35,35,134,134,82,52,0,134,0,13,13,0.8656716417910447,0.8656716417910447,0.0,0.0,0.0,0.8656716417845846,116,18,0,0
sem_erro,mlp,oscilacao,90,40,40,117,117,72,45,0,117,0,4,4,0.9145299145299145,0.9145299145299145,0.0,0.0,0.0,0.914529914522098,107,10,0,0
sem_erro,mlp,oscilacao,90,45,45,104,104,60,44,0,104,0,6,6,0.875,0.875,0.0,0.0,0.0,0.8749999999915865,91,13,0,0
sem_erro,mlp,oscilacao,90,50,50,94,94,58,36,0,94,0,7,7,0.8936170212765957,0.8936170212765957,0.0,0.0,0.0,0.8936170212670892,84,10,0,0
sem_erro,mlp,oscilacao,90,55,55,85,85,51,34,0,85,0,0,0,1.0,1.0,0.0,0.0,0.0,0.9999999999882353,85,0,0,0
sem_erro,mlp,oscilacao,90,60,60,78,78,47,31,0,78,0,5,5,0.8461538461538461,0.8461538461538461,0.0,0.0,0.0,0.8461538461429979,66,12,0,0
sem_erro,mlp,oscilacao,90,65,65,72,72,44,28,0,72,0,1,1,0.9861111111111112,0.9861111111111112,0.0,0.0,0.0,0.9861111110974151,71,1,0,0
sem_erro,mlp,oscilacao,90,70,70,67,67,40,27,0,67,0,4,4,0.9402985074626866,0.9402985074626866,0.0,0.0,0.0,0.9402985074486522,63,4,0,0
sem_erro,mlp,oscilacao,90,75,75,63,63,38,25,0,63,0,7,7,0.7936507936507936,0.7936507936507936,0.0,0.0,0.0,0.793650793638196,50,13,0,0
sem_erro,mlp,oscilacao,90,80,80,59,59,36,23,0,59,0,3,3,0.864406779661017,0.864406779661017,0.0,0.0,0.0,0.864406779646366,51,8,0,0
sem_erro,mlp,oscilacao,90,85,85,55,55,31,24,0,55,0,14,14,0.6363636363636364,0.6363636363636364,0.0,0.0,0.0,0.6363636363520662,35,20,0,0
sem_erro,mlp,oscilacao,90,90,90,52,52,31,21,0,52,0,13,13,0.5576923076923077,0.5576923076923077,0.0,0.0,0.0,0.5576923076815828,29,23,0,0
sem_erro,mlp,oscilacao,100,5,5,931,931,586,345,0,931,0,30,30,0.8227712137486574,0.8227712137486574,0.0,0.0,0.0,0.8227712137477736,766,165,0,0
sem_erro,mlp,oscilacao,100,10,10,466,466,293,173,0,466,0,17,17,0.8068669527896996,0.8068669527896996,0.0,0.0,0.0,0.8068669527879682,376,90,0,0
sem_erro,mlp,oscilacao,100,15,15,311,311,193,118,0,311,0,14,14,0.8167202572347267,0.8167202572347267,0.0,0.0,0.0,0.8167202572321006,254,57,0,0
sem_erro,mlp,oscilacao,100,20,20,233,233,146,87,0,233,0,20,20,0.7381974248927039,0.7381974248927039,0.0,0.0,0.0,0.7381974248895357,172,61,0,0
sem_erro,mlp,oscilacao,100,25,25,187,187,116,71,0,187,0,12,12,0.8128342245989305,0.8128342245989305,0.0,0.0,0.0,0.8128342245945838,152,35,0,0
sem_erro,mlp,oscilacao,100,30,30,156,156,95,61,0,156,0,9,9,0.8397435897435898,0.8397435897435898,0.0,0.0,0.0,0.8397435897382068,131,25,0,0
sem_erro,mlp,oscilacao,100,35,35,133,133,85,48,0,133,0,9,9,0.8045112781954887,0.8045112781954887,0.0,0.0,0.0,0.8045112781894398,107,26,0,0
sem_erro,mlp,oscilacao,100,40,40,117,117,75,42,0,117,0,10,10,0.8888888888888888,0.8888888888888888,0.0,0.0,0.0,0.8888888888812915,104,13,0,0
sem_erro,mlp,oscilacao,100,45,45,104,104,63,41,0,104,0,7,7,0.8173076923076923,0.8173076923076923,0.0,0.0,0.0,0.8173076922998336,85,19,0,0
sem_erro,mlp,oscilacao,100,50,50,94,94,59,35,0,94,0,8,8,0.9042553191489362,0.9042553191489362,0.0,0.0,0.0,0.9042553191393164,85,9,0,0
sem_erro,mlp,oscilacao,100,55,55,85,85,55,30,0,85,0,11,11,0.7647058823529411,0.7647058823529411,0.0,0.0,0.0,0.7647058823439447,65,20,0,0
sem_erro,mlp,oscilacao,100,60,60,78,78,47,31,0,78,0,1,1,0.8974358974358975,0.8974358974358975,0.0,0.0,0.0,0.8974358974243918,70,8,0,0
sem_erro,mlp,oscilacao,100,65,65,72,72,45,27,0,72,0,3,3,0.8472222222222222,0.8472222222222222,0.0,0.0,0.0,0.8472222222104552,61,11,0,0
sem_erro,mlp,oscilacao,100,70,70,67,67,44,23,0,67,0,4,4,0.835820895522388,0.835820895522388,0.0,0.0,0.0,0.8358208955099131,56,11,0,0
sem_erro,mlp,oscilacao,100,75,75,63,63,39,24,0,63,0,8,8,0.746031746031746,0.746031746031746,0.0,0.0,0.0,0.7460317460199043,47,16,0,0
sem_erro,mlp,oscilacao,100,80,80,59,59,39,20,0,59,0,15,15,0.3728813559322034,0.3728813559322034,0.0,0.0,0.0,0.3728813559258834,22,37,0,0
sem_erro,mlp,oscilacao,100,85,85,55,55,35,20,0,55,0,7,7,0.8363636363636363,0.8363636363636363,0.0,0.0,0.0,0.8363636363484298,46,9,0,0
sem_erro,mlp,oscilacao,100,90,90,52,52,32,20,0,52,0,6,6,0.8653846153846154,0.8653846153846154,0.0,0.0,0.0,0.8653846153679734,45,7,0,0
sem_erro,mlp,oscilacao,100,95,95,49,49,29,20,0,49,0,7,7,0.6326530612244898,0.6326530612244898,0.0,0.0,0.0,0.6326530612115786,31,18,0,0
sem_erro,mlp,oscilacao,100,100,100,47,47,28,19,0,47,0,3,3,0.851063829787234,0.851063829787234,0.0,0.0,0.0,0.8510638297691263,40,7,0,0
sem_erro,mlp,queda,20,5,5,947,947,227,720,0,947,0,1,1,0.9978880675818373,0.9978880675818373,0.0,0.0,0.0,0.9978880675807836,945,2,0,0
sem_erro,mlp,queda,20,10,10,474,474,115,359,0,474,0,2,2,0.9957805907172996,0.9957805907172996,0.0,0.0,0.0,0.9957805907151988,472,2,0,0
sem_erro,mlp,queda,20,15,15,316,316,77,239,0,316,0,1,1,0.9968354430379747,0.9968354430379747,0.0,0.0,0.0,0.9968354430348202,315,1,0,0
sem_erro,mlp,queda,20,20,20,237,237,58,179,0,237,0,2,2,0.9915611814345991,0.9915611814345991,0.0,0.0,0.0,0.9915611814304154,235,2,0,0
sem_erro,mlp,queda,30,5,5,945,945,268,677,0,945,0,5,5,0.9894179894179894,0.9894179894179894,0.0,0.0,0.0,0.9894179894169425,935,10,0,0
sem_erro,mlp,queda,30,10,10,473,473,135,338,0,473,0,3,3,0.9894291754756871,0.9894291754756871,0.0,0.0,0.0,0.9894291754735953,468,5,0,0
sem_erro,mlp,queda,30,15,15,315,315,91,224,0,315,0,2,2,0.9936507936507937,0.9936507936507937,0.0,0.0,0.0,0.9936507936476392,313,2,0,0
sem_erro,mlp,queda,30,20,20,237,237,70,167,0,237,0,2,2,0.9915611814345991,0.9915611814345991,0.0,0.0,0.0,0.9915611814304154,235,2,0,0
sem_erro,mlp,queda,30,25,25,189,189,52,137,0,189,0,1,1,0.9947089947089947,0.9947089947089947,0.0,0.0,0.0,0.9947089947037318,188,1,0,0
sem_erro,mlp,queda,30,30,30,158,158,48,110,0,158,0,1,1,0.9873417721518988,0.9873417721518988,0.0,0.0,0.0,0.9873417721456498,156,2,0,0
sem_erro,mlp,queda,40,5,5,943,943,308,635,0,943,0,6,6,0.9830328738069989,0.9830328738069989,0.0,0.0,0.0,0.9830328738059565,927,16,0,0
sem_erro,mlp,queda,40,10,10,472,472,155,317,0,472,0,4,4,0.9788135593220338,0.9788135593220338,0.0,0.0,0.0,0.9788135593199602,462,10,0,0
sem_erro,mlp,queda,40,15,15,315,315,104,211,0,315,0,3,3,0.9873015873015873,0.9873015873015873,0.0,0.0,0.0,0.9873015872984531,311,4,0,0
sem_erro,mlp,queda,40,20,20,236,236,78,158,0,236,0,4,4,0.9830508474576272,0.9830508474576272,0.0,0.0,0.0,0.9830508474534617,232,4,0,0
sem_erro,mlp,queda,40,25,25,189,189,66,123,0,189,0,2,2,0.9841269841269841,0.9841269841269841,0.0,0.0,0.0,0.9841269841217771,186,3,0,0
sem_erro,mlp,queda,40,30,30,158,158,53,105,0,158,0,2,2,0.9810126582278481,0.9810126582278481,0.0,0.0,0.0,0.9810126582216392,155,3,0,0
sem_erro,mlp,queda,40,35,35,135,135,46,89,0,135,0,1,1,0.9925925925925926,0.9925925925925926,0.0,0.0,0.0,0.9925925925852401,134,1,0,0
sem_erro,mlp,queda,40,40,40,118,118,39,79,0,118,0,1,1,0.9915254237288136,0.9915254237288136,0.0,0.0,0.0,0.9915254237204107,117,1,0,0
sem_erro,mlp,queda,50,5,5,941,941,345,596,0,941,0,10,10,0.975557917109458,0.975557917109458,0.0,0.0,0.0,0.9755579171084213,918,23,0,0
sem_erro,mlp,queda,50,10,10,471,471,173,298,0,471,0,4,4,0.9830148619957537,0.9830148619957537,0.0,0.0,0.0,0.9830148619936666,463,8,0,0
sem_erro,mlp,queda,50,15,15,314,314,116,198,0,314,0,6,6,0.9745222929936306,0.9745222929936306,0.0,0.0,0.0,0.9745222929905271,306,8,0,0
sem_erro,mlp,queda,50,20,20,236,236,89,147,0,236,0,3,3,0.9788135593220338,0.9788135593220338,0.0,0.0,0.0,0.9788135593178864,231,5,0,0
sem_erro,mlp,queda,50,25,25,189,189,70,119,0,189,0,2,2,0.9841269841269841,0.9841269841269841,0.0,0.0,0.0,0.9841269841217771,186,3,0,0
sem_erro,mlp,queda,50,30,30,157,157,58,99,0,157,0,2,2,0.9808917197452229,0.9808917197452229,0.0,0.0,0.0,0.9808917197389753,154,3,0,0
sem_erro,mlp,queda,50,35,35,135,135,50,85,0,135,0,2,2,0.9777777777777777,0.9777777777777777,0.0,0.0,0.0,0.9777777777705351,132,3,0,0
sem_erro,mlp,queda,50,40,40,118,118,46,72,0,118,0,2,2,0.9576271186440678,0.9576271186440678,0.0,0.0,0.0,0.9576271186359523,113,5,0,0
sem_erro,mlp,queda,50,45,45,105,105,40,65,0,105,0,0,0,1.0,1.0,0.0,0.0,0.0,0.9999999999904762,105,0,0,0
sem_erro,mlp,queda,50,50,50,95,95,36,59,0,95,0,2,2,0.9789473684210527,0.9789473684210527,0.0,0.0,0.0,0.9789473684107479,93,2,0,0
sem_erro,mlp,queda,60,5,5,939,939,381,558,0,939,0,7,7,0.9808306709265175,0.9808306709265175,0.0,0.0,0.0,0.980830670925473,921,18,0,0
sem_erro,mlp,queda,60,10,10,470,470,191,279,0,470,0,4,4,0.9744680851063829,0.9744680851063829,0.0,0.0,0.0,0.9744680851043097,458,12,0,0
sem_erro,mlp,queda,60,15,15,313,313,129,184,0,313,0,4,4,0.9744408945686901,0.9744408945686901,0.0,0.0,0.0,0.9744408945655769,305,8,0,0
sem_erro,mlp,queda,60,20,20,235,235,96,139,0,235,0,4,4,0.9787234042553191,0.9787234042553191,0.0,0.0,0.0,0.9787234042511544,230,5,0,0
sem_erro,mlp,queda,60,25,25,188,188,78,110,0,188,0,2,2,0.9787234042553191,0.9787234042553191,0.0,0.0,0.0,0.9787234042501133,184,4,0,0
sem_erro,mlp,queda,60,30,30,157,157,67,90,0,157,0,3,3,0.9745222929936306,0.9745222929936306,0.0,0.0,0.0,0.9745222929874235,153,4,0,0
sem_erro,mlp,queda,60,35,35,135,135,57,78,0,135,0,2,2,0.9629629629629629,0.9629629629629629,0.0,0.0,0.0,0.96296296295583,130,5,0,0
sem_erro,mlp,queda,60,40,40,118,118,50,68,0,118,0,3,3,0.9661016949152542,0.9661016949152542,0.0,0.0,0.0,0.9661016949070669,114,4,0,0
sem_erro,mlp,queda,60,45,45,105,105,41,64,0,105,0,0,0,1.0,1.0,0.0,0.0,0.0,0.9999999999904762,105,0,0,0
sem_erro,mlp,queda,60,50,50,94,94,38,56,0,94,0,1,1,0.9680851063829787,0.9680851063829787,0.0,0.0,0.0,0.9680851063726799,91,3,0,0
sem_erro,mlp,queda,60,55,55,86,86,35,51,0,86,0,2,2,0.9302325581395349,0.9302325581395349,0.0,0.0,0.0,0.9302325581287182,80,6,0,0
sem_erro,mlp,queda,60,60,60,79,79,33,46,0,79,0,6,6,0.8987341772151899,0.8987341772151899,0.0,0.0,0.0,0.8987341772038134,71,8,0,0
sem_erro,mlp,queda,70,5,5,937,937,414,523,0,937,0,6,6,0.9615795090715048,0.9615795090715048,0.0,0.0,0.0,0.9615795090704786,901,36,0,0
sem_erro,mlp,queda,70,10,10,469,469,207,262,0,469,0,2,2,0.9658848614072495,0.9658848614072495,0.0,0.0,0.0,0.96588486140519,453,16,0,0
sem_erro,mlp,queda,70,15,15,313,313,140,173,0,313,0,3,3,0.9648562300319489,0.9648562300319489,0.0,0.0,0.0,0.9648562300288663,302,11,0,0
sem_erro,mlp,queda,70,20,20,235,235,105,130,0,235,0,1,1,0.9574468085106383,0.9574468085106383,0.0,0.0,0.0,0.957446808506564,225,10,0,0
sem_erro,mlp,queda,70,25,25,188,188,84,104,0,188,0,1,1,0.9680851063829787,0.9680851063829787,0.0,0.0,0.0,0.9680851063778294,182,6,0,0
sem_erro,mlp,queda,70,30,30,157,157,71,86,0,157,0,5,5,0.9426751592356688,0.9426751592356688,0.0,0.0,0.0,0.9426751592296646,148,9,0,0
sem_erro,mlp,queda,70,35,35,134,134,61,73,0,134,0,1,1,0.9626865671641791,0.9626865671641791,0.0,0.0,0.0,0.962686567156995,129,5,0,0
sem_erro,mlp,queda,70,40,40,118,118,53,65,0,118,0,2,2,0.9491525423728814,0.9491525423728814,0.0,0.0,0.0,0.9491525423648377,112,6,0,0
sem_erro,mlp,queda,70,45,45,105,105,47,58,0,105,0,1,1,0.9904761904761905,0.9904761904761905,0.0,0.0,0.0,0.9904761904667574,104,1,0,0
sem_erro,mlp,queda,70,50,50,94,94,42,52,0,94,0,2,2,0.9574468085106383,0.9574468085106383,0.0,0.0,0.0,0.9574468085004526,90,4,0,0
sem_erro,mlp,queda,70,55,55,86,86,38,48,0,86,0,3,3,0.8488372093023255,0.8488372093023255,0.0,0.0,0.0,0.8488372092924553,73,13,0,0
sem_erro,mlp,queda,70,60,60,79,79,34,45,0,79,0,9,9,0.8481012658227848,0.8481012658227848,0.0,0.0,0.0,0.8481012658120494,67,12,0,0
sem_erro,mlp,queda,70,65,65,73,73,35,38,0,73,0,7,7,0.7534246575342466,0.7534246575342466,0.0,0.0,0.0,0.7534246575239256,55,18,0,0
sem_erro,mlp,queda,70,70,70,67,67,34,33,0,67,0,5,5,0.9104477611940298,0.9104477611940298,0.0,0.0,0.0,0.910447761180441,61,6,0,0
sem_erro,mlp,queda,80,5,5,935,935,445,490,0,935,0,7,7,0.9518716577540107,0.9518716577540107,0.0,0.0,0.0,0.9518716577529927,890,45,0,0
sem_erro,mlp,queda,80,10,10,468,468,222,246,0,468,0,3,3,0.9572649572649573,0.9572649572649573,0.0,0.0,0.0,0.9572649572629118,448,20,0,0
sem_erro,mlp,queda,80,15,15,312,312,150,162,0,312,0,6,6,0.9326923076923077,0.9326923076923077,0.0,0.0,0.0,0.9326923076893183,291,21,0,0
sem_erro,mlp,queda,80,20,20,234,234,112,122,0,234,0,3,3,0.9529914529914529,0.9529914529914529,0.0,0.0,0.0,0.9529914529873804,223,11,0,0
sem_erro,mlp,queda,80,25,25,187,187,88,99,0,187,0,2,2,0.9572192513368984,0.9572192513368984,0.0,0.0,0.0,0.9572192513317797,179,8,0,0
sem_erro,mlp,queda,80,30,30,156,156,75,81,0,156,0,4,4,0.9487179487179487,0.9487179487179487,0.0,0.0,0.0,0.9487179487118672,148,8,0,0
sem_erro,mlp,queda,80,35,35,134,134,64,70,0,134,0,1,1,0.9552238805970149,0.9552238805970149,0.0,0.0,0.0,0.9552238805898865,128,6,0,0
sem_erro,mlp,queda,80,40,40,117,117,56,61,0,117,0,4,4,0.9572649572649573,0.9572649572649573,0.0,0.0,0.0,0.9572649572567755,112,5,0,0
sem_erro,mlp,queda,80,45,45,104,104,48,56,0,104,0,1,1,0.9519230769230769,0.9519230769230769,0.0,0.0,0.0,0.9519230769139237,99,5,0,0
sem_erro,mlp,queda,80,50,50,94,94,44,50,0,94,0,1,1,0.9574468085106383,0.9574468085106383,0.0,0.0,0.0,0.9574468085004526,90,4,0,0
sem_erro,mlp,queda,80,55,55,85,85,40,45,0,85,0,14,14,0.7058823529411765,0.7058823529411765,0.0,0.0,0.0,0.7058823529328719,60,25,0,0
sem_erro,mlp,queda,80,60,60,78,78,36,42,0,78,0,8,8,0.8846153846153846,0.8846153846153846,0.0,0.0,0.0,0.8846153846040433,69,9,0,0
sem_erro,mlp,queda,80,65,65,72,72,36,36,0,72,0,2,2,0.8472222222222222,0.8472222222222222,0.0,0.0,0.0,0.8472222222104552,61,11,0,0
sem_erro,mlp,queda,80,70,70,67,67,35,32,0,67,0,3,3,0.8507462686567164,0.8507462686567164,0.0,0.0,0.0,0.8507462686440187,57,10,0,0
sem_erro,mlp,queda,80,75,75,63,63,30,33,0,63,0,2,2,0.9682539682539683,0.9682539682539683,0.0,0.0,0.0,0.9682539682385992,61,2,0,0
sem_erro,mlp,queda,80,80,80,59,59,30,29,0,59,0,10,10,0.7457627118644068,0.7457627118644068,0.0,0.0,0.0,0.7457627118517668,44,15,0,0
sem_erro,mlp,queda,90,5,5,933,933,474,459,0,933,0,7,7,0.9421221864951769,0.9421221864951769,0.0,0.0,0.0,0.9421221864941671,879,54,0,0
sem_erro,mlp,queda,90,10,10,467,467,236,231,0,467,0,6,6,0.9443254817987152,0.9443254817987152,0.0,0.0,0.0,0.9443254817966931,441,26,0,0
sem_erro,mlp,queda,90,15,15,311,311,160,151,0,311,0,10,10,0.909967845659164,0.909967845659164,0.0,0.0,0.0,0.9099678456562381,283,28,0,0
sem_erro,mlp,queda,90,20,20,234,234,119,115,0,234,0,5,5,0.9401709401709402,0.9401709401709402,0.0,0.0,0.0,0.9401709401669224,220,14,0,0
sem_erro,mlp,queda,90,25,25,187,187,98,89,0,187,0,5,5,0.93048128342246,0.93048128342246,0.0,0.0,0.0,0.9304812834174842,174,13,0,0
sem_erro,mlp,queda,90,30,30,156,156,81,75,0,156,0,3,3,0.9358974358974359,0.9358974358974359,0.0,0.0,0.0,0.9358974358914366,146,10,0,0
sem_erro,mlp,queda,90,35,35,134,134,68,66,0,134,0,3,3,0.9552238805970149,0.9552238805970149,0.0,0.0,0.0,0.9552238805898865,128,6,0,0
sem_erro,mlp,queda,90,40,40,117,117,60,57,0,117,0,9,9,0.8974358974358975,0.8974358974358975,0.0,0.0,0.0,0.897435897428227,105,12,0,0
sem_erro,mlp,queda,90,45,45,104,104,54,50,0,104,0,4,4,0.9519230769230769,0.9519230769230769,0.0,0.0,0.0,0.9519230769139237,99,5,0,0
sem_erro,mlp,queda,90,50,50,94,94,49,45,0,94,0,1,1,0.9468085106382979,0.9468085106382979,0.0,0.0,0.0,0.9468085106282254,89,5,0,0
sem_erro,mlp,queda,90,55,55,85,85,42,43,0,85,0,14,14,0.6823529411764706,0.6823529411764706,0.0,0.0,0.0,0.6823529411684429,58,27,0,0
sem_erro,mlp,queda,90,60,60,78,78,40,38,0,78,0,4,4,0.9230769230769231,0.9230769230769231,0.0,0.0,0.0,0.9230769230650887,72,6,0,0
sem_erro,mlp,queda,90,65,65,72,72,37,35,0,72,0,7,7,0.7777777777777778,0.7777777777777778,0.0,0.0,0.0,0.7777777777669753,56,16,0,0
sem_erro,mlp,queda,90,70,70,67,67,37,30,0,67,0,8,8,0.7761194029850746,0.7761194029850746,0.0,0.0,0.0,0.7761194029734907,52,15,0,0
sem_erro,mlp,queda,90,75,75,63,63,32,31,0,63,0,7,7,0.8888888888888888,0.8888888888888888,0.0,0.0,0.0,0.8888888888747796,56,7,0,0
sem_erro,mlp,queda,90,80,80,59,59,32,27,0,59,0,9,9,0.4406779661016949,0.4406779661016949,0.0,0.0,0.0,0.4406779660942258,26,33,0,0
sem_erro,mlp,queda,90,85,85,55,55,29,26,0,55,0,8,8,0.7818181818181819,0.7818181818181819,0.0,0.0,0.0,0.781818181803967,43,12,0,0
sem_erro,mlp,queda,90,90,90,52,52,27,25,0,52,0,1,1,0.9423076923076923,0.9423076923076923,0.0,0.0,0.0,0.9423076922895711,49,3,0,0
sem_erro,mlp,queda,100,5,5,931,931,498,433,0,931,0,13,13,0.9462943071965628,0.9462943071965628,0.0,0.0,0.0,0.9462943071955464,881,50,0,0
sem_erro,mlp,queda,100,10,10,466,466,249,217,0,466,0,16,16,0.8991416309012875,0.8991416309012875,0.0,0.0,0.0,0.8991416308993581,419,47,0,0
sem_erro,mlp,queda,100,15,15,311,311,169,142,0,311,0,11,11,0.8263665594855305,0.8263665594855305,0.0,0.0,0.0,0.8263665594828734,257,54,0,0
sem_erro,mlp,queda,100,20,20,233,233,125,108,0,233,0,10,10,0.8626609442060086,0.8626609442060086,0.0,0.0,0.0,0.8626609442023062,201,32,0,0
sem_erro,mlp,queda,100,25,25,187,187,102,85,0,187,0,13,13,0.7219251336898396,0.7219251336898396,0.0,0.0,0.0,0.7219251336859791,135,52,0,0
sem_erro,mlp,queda,100,30,30,156,156,84,72,0,156,0,8,8,0.7884615384615384,0.7884615384615384,0.0,0.0,0.0,0.7884615384564843,123,33,0,0
sem_erro,mlp,queda,100,35,35,133,133,73,60,0,133,0,8,8,0.7894736842105263,0.7894736842105263,0.0,0.0,0.0,0.7894736842045905,105,28,0,0
sem_erro,mlp,queda,100,40,40,117,117,63,54,0,117,0,13,13,0.7521367521367521,0.7521367521367521,0.0,0.0,0.0,0.7521367521303236,88,29,0,0
sem_erro,mlp,queda,100,45,45,104,104,55,49,0,104,0,2,2,0.9519230769230769,0.9519230769230769,0.0,0.0,0.0,0.9519230769139237,99,5,0,0
sem_erro,mlp,queda,100,50,50,94,94,51,43,0,94,0,7,7,0.851063829787234,0.851063829787234,0.0,0.0,0.0,0.8510638297781802,80,14,0,0
sem_erro,mlp,queda,100,55,55,85,85,49,36,0,85,0,18,18,0.4823529411764706,0.4823529411764706,0.0,0.0,0.0,0.4823529411707958,41,44,0,0
sem_erro,mlp,queda,100,60,60,78,78,42,36,0,78,0,10,10,0.8461538461538461,0.8461538461538461,0.0,0.0,0.0,0.8461538461429979,66,12,0,0
sem_erro,mlp,queda,100,65,65,72,72,38,34,0,72,0,9,9,0.7777777777777778,0.7777777777777778,0.0,0.0,0.0,0.7777777777669753,56,16,0,0
sem_erro,mlp,queda,100,70,70,67,67,38,29,0,67,0,9,9,0.7761194029850746,0.7761194029850746,0.0,0.0,0.0,0.7761194029734907,52,15,0,0
sem_erro,mlp,queda,100,75,75,63,63,35,28,0,63,0,6,6,0.7936507936507936,0.7936507936507936,0.0,0.0,0.0,0.793650793638196,50,13,0,0
sem_erro,mlp,queda,100,80,80,59,59,32,27,0,59,0,14,14,0.4915254237288136,0.4915254237288136,0.0,0.0,0.0,0.49152542372048263,29,30,0,0
sem_erro,mlp,queda,100,85,85,55,55,30,25,0,55,0,5,5,0.8181818181818182,0.8181818181818182,0.0,0.0,0.0,0.8181818181669422,45,10,0,0
sem_erro,mlp,queda,100,90,90,52,52,27,25,0,52,0,4,4,0.9230769230769231,0.9230769230769231,0.0,0.0,0.0,0.9230769230591717,48,4,0,0
sem_erro,mlp,queda,100,95,95,49,49,28,21,0,49,0,3,3,0.9183673469387755,0.9183673469387755,0.0,0.0,0.0,0.9183673469200334,45,4,0,0
sem_erro,mlp,queda,100,100,100,47,47,24,23,0,47,0,2,2,0.9574468085106383,0.9574468085106383,0.0,0.0,0.0,0.9574468084902672,45,2,0,0
sem_erro,random_forest,lacuna,20,5,5,947,947,272,675,0,947,0,0,0,1.0,1.0,0.0,0.0,0.0,0.9999999999989441,947,0,0,0
sem_erro,random_forest,lacuna,20,10,10,474,474,137,337,0,474,0,0,0,1.0,1.0,0.0,0.0,0.0,0.9999999999978904,474,0,0,0
sem_erro,random_forest,lacuna,20,15,15,316,316,92,224,0,316,0,0,0,1.0,1.0,0.0,0.0,0.0,0.9999999999968355,316,0,0,0
sem_erro,random_forest,lacuna,20,20,20,237,237,65,172,0,237,0,0,0,1.0,1.0,0.0,0.0,0.0,0.9999999999957806,237,0,0,0
sem_erro,random_forest,lacuna,30,5,5,945,945,308,637,0,945,0,0,0,1.0,1.0,0.0,0.0,0.0,0.9999999999989418,945,0,0,0
sem_erro,random_forest,lacuna,30,10,10,473,473,155,318,0,473,0,0,0,1.0,1.0,0.0,0.0,0.0,0.9999999999978858,473,0,0,0
sem_erro,random_forest,lacuna,30,15,15,315,315,104,211,0,315,0,0,0,1.0,1.0,0.0,0.0,0.0,0.9999999999968254,315,0,0,0
sem_erro,random_forest,lacuna,30,20,20,237,237,80,157,0,237,0,0,0,1.0,1.0,0.0,0.0,0.0,0.9999999999957806,237,0,0,0
sem_erro,random_forest,lacuna,30,25,25,189,189,63,126,0,189,0,0,0,1.0,1.0,0.0,0.0,0.0,0.999999999994709,189,0,0,0
sem_erro,random_forest,lacuna,30,30,30,158,158,53,105,0,158,0,0,0,1.0,1.0,0.0,0.0,0.0,0.999999999993671,158,0,0,0
sem_erro,random_forest,lacuna,40,5,5,943,943,343,600,0,943,0,0,0,1.0,1.0,0.0,0.0,0.0,0.9999999999989395,943,0,0,0
sem_erro,random_forest,lacuna,40,10,10,472,472,172,300,0,472,0,0,0,1.0,1.0,0.0,0.0,0.0,0.9999999999978814,472,0,0,0
sem_erro,random_forest,lacuna,40,15,15,315,315,113,202,0,315,0,0,0,1.0,1.0,0.0,0.0,0.0,0.9999999999968254,315,0,0,0
sem_erro,random_forest,lacuna,40,20,20,236,236,83,153,0,236,0,0,0,1.0,1.0,0.0,0.0,0.0,0.9999999999957627,236,0,0,0
sem_erro,random_forest,lacuna,40,25,25,189,189,68,121,0,189,0,0,0,1.0,1.0,0.0,0.0,0.0,0.999999999994709,189,0,0,0
sem_erro,random_forest,lacuna,40,30,30,158,158,60,98,0,158,0,0,0,1.0,1.0,0.0,0.0,0.0,0.999999999993671,158,0,0,0
sem_erro,random_forest,lacuna,40,35,35,135,135,44,91,0,135,0,0,0,1.0,1.0,0.0,0.0,0.0,0.9999999999925927,135,0,0,0
sem_erro,random_forest,lacuna,40,40,40,118,118,41,77,0,118,0,0,0,1.0,1.0,0.0,0.0,0.0,0.9999999999915254,118,0,0,0
sem_erro,random_forest,lacuna,50,5,5,941,941,377,564,0,941,0,0,0,1.0,1.0,0.0,0.0,0.0,0.9999999999989373,941,0,0,0
sem_erro,random_forest,lacuna,50,10,10,471,471,189,282,0,471,0,0,0,1.0,1.0,0.0,0.0,0.0,0.9999999999978769,471,0,0,0
sem_erro,random_forest,lacuna,50,15,15,314,314,127,187,0,314,0,0,0,1.0,1.0,0.0,0.0,0.0,0.9999999999968153,314,0,0,0
sem_erro,random_forest,lacuna,50,20,20,236,236,97,139,0,236,0,0,0,1.0,1.0,0.0,0.0,0.0,0.9999999999957627,236,0,0,0
sem_erro,random_forest,lacuna,50,25,25,189,189,78,111,0,189,0,0,0,1.0,1.0,0.0,0.0,0.0,0.999999999994709,189,0,0,0
sem_erro,random_forest,lacuna,50,30,30,157,157,64,93,0,157,0,0,0,1.0,1.0,0.0,0.0,0.0,0.9999999999936307,157,0,0,0
sem_erro,random_forest,lacuna,50,35,35,135,135,50,85,0,135,0,0,0,1.0,1.0,0.0,0.0,0.0,0.9999999999925927,135,0,0,0
sem_erro,random_forest,lacuna,50,40,40,118,118,47,71,0,118,0,0,0,1.0,1.0,0.0,0.0,0.0,0.9999999999915254,118,0,0,0
sem_erro,random_forest,lacuna,50,45,45,105,105,42,63,0,105,0,0,0,1.0,1.0,0.0,0.0,0.0,0.9999999999904762,105,0,0,0
sem_erro,random_forest,lacuna,50,50,50,95,95,38,57,0,95,0,0,0,1.0,1.0,0.0,0.0,0.0,0.9999999999894736,95,0,0,0
sem_erro,random_forest,lacuna,60,5,5,939,939,410,529,0,939,0,0,0,1.0,1.0,0.0,0.0,0.0,0.9999999999989351,939,0,0,0
sem_erro,random_forest,lacuna,60,10,10,470,470,205,265,0,470,0,0,0,1.0,1.0,0.0,0.0,0.0,0.9999999999978724,470,0,0,0
sem_erro,random_forest,lacuna,60,15,15,313,313,138,175,0,313,0,0,0,1.0,1.0,0.0,0.0,0.0,0.9999999999968051,313,0,0,0
sem_erro,random_forest,lacuna,60,20,20,235,235,100,135,0,235,0,0,0,1.0,1.0,0.0,0.0,0.0,0.9999999999957447,235,0,0,0
sem_erro,random_forest,lacuna,60,25,25,188,188,83,105,0,188,0,0,0,1.0,1.0,0.0,0.0,0.0,0.9999999999946809,188,0,0,0
sem_erro,random_forest,lacuna,60,30,30,157,157,69,88,0,157,0,0,0,1.0,1.0,0.0,0.0,0.0,0.9999999999936307,157,0,0,0
sem_erro,random_forest,lacuna,60,35,35,135,135,60,75,0,135,0,0,0,1.0,1.0,0.0,0.0,0.0,0.9999999999925927,135,0,0,0
sem_erro,random_forest,lacuna,60,40,40,118,118,50,68,0,118,0,0,0,1.0,1.0,0.0,0.0,0.0,0.9999999999915254,118,0,0,0
sem_erro,random_forest,lacuna,60,45,45,105,105,47,58,0,105,0,0,0,1.0,1.0,0.0,0.0,0.0,0.9999999999904762,105,0,0,0
sem_erro,random_forest,lacuna,60,50,50,94,94,40,54,0,94,0,0,0,1.0,1.0,0.0,0.0,0.0,0.9999999999893616,94,0,0,0
sem_erro,random_forest,lacuna,60,55,55,86,86,37,49,0,86,0,0,0,1.0,1.0,0.0,0.0,0.0,0.9999999999883721,86,0,0,0
sem_erro,random_forest,lacuna,60,60,60,79,79,35,44,0,79,0,0,0,1.0,1.0,0.0,0.0,0.0,0.9999999999873417,79,0,0,0
sem_erro,random_forest,lacuna,70,5,5,937,937,441,496,0,937,0,0,0,1.0,1.0,0.0,0.0,0.0,0.9999999999989327,937,0,0,0
sem_erro,random_forest,lacuna,70,10,10,469,469,221,248,0,469,0,0,0,1.0,1.0,0.0,0.0,0.0,0.9999999999978678,469,0,0,0
sem_erro,random_forest,lacuna,70,15,15,313,313,146,167,0,313,0,0,0,1.0,1.0,0.0,0.0,0.0,0.9999999999968051,313,0,0,0
sem_erro,random_forest,lacuna,70,20,20,235,235,113,122,0,235,0,0,0,1.0,1.0,0.0,0.0,0.0,0.9999999999957447,235,0,0,0
sem_erro,random_forest,lacuna,70,25,25,188,188,92,96,0,188,0,0,0,1.0,1.0,0.0,0.0,0.0,0.9999999999946809,188,0,0,0
sem_erro,random_forest,lacuna,70,30,30,157,157,76,81,0,157,0,0,0,1.0,1.0,0.0,0.0,0.0,0.9999999999936307,157,0,0,0
sem_erro,random_forest,lacuna,70,35,35,134,134,61,73,0,134,0,0,0,1.0,1.0,0.0,0.0,0.0,0.9999999999925374,134,0,0,0
sem_erro,random_forest,lacuna,70,40,40,118,118,58,60,0,118,0,0,0,1.0,1.0,0.0,0.0,0.0,0.9999999999915254,118,0,0,0
sem_erro,random_forest,lacuna,70,45,45,105,105,51,54,0,105,0,0,0,1.0,1.0,0.0,0.0,0.0,0.9999999999904762,105,0,0,0
sem_erro,random_forest,lacuna,70,50,50,94,94,46,48,0,94,0,0,0,1.0,1.0,0.0,0.0,0.0,0.9999999999893616,94,0,0,0
sem_erro,random_forest,lacuna,70,55,55,86,86,41,45,0,86,0,0,0,1.0,1.0,0.0,0.0,0.0,0.9999999999883721,86,0,0,0
sem_erro,random_forest,lacuna,70,60,60,79,79,40,39,0,79,0,0,0,1.0,1.0,0.0,0.0,0.0,0.9999999999873417,79,0,0,0
sem_erro,random_forest,lacuna,70,65,65,73,73,33,40,0,73,0,0,0,1.0,1.0,0.0,0.0,0.0,0.9999999999863013,73,0,0,0
sem_erro,random_forest,lacuna,70,70,70,67,67,28,39,0,67,0,0,0,1.0,1.0,0.0,0.0,0.0,0.9999999999850746,67,0,0,0
sem_erro,random_forest,lacuna,80,5,5,935,935,469,466,0,935,0,0,0,1.0,1.0,0.0,0.0,0.0,0.9999999999989305,935,0,0,0
sem_erro,random_forest,lacuna,80,10,10,468,468,235,233,0,468,0,0,0,1.0,1.0,0.0,0.0,0.0,0.9999999999978633,468,0,0,0
sem_erro,random_forest,lacuna,80,15,15,312,312,157,155,0,312,0,0,0,1.0,1.0,0.0,0.0,0.0,0.9999999999967949,312,0,0,0
sem_erro,random_forest,lacuna,80,20,20,234,234,116,118,0,234,0,0,0,1.0,1.0,0.0,0.0,0.0,0.9999999999957265,234,0,0,0
sem_erro,random_forest,lacuna,80,25,25,187,187,97,90,0,187,0,0,0,1.0,1.0,0.0,0.0,0.0,0.9999999999946525,187,0,0,0
sem_erro,random_forest,lacuna,80,30,30,156,156,79,77,0,156,0,0,0,1.0,1.0,0.0,0.0,0.0,0.9999999999935898,156,0,0,0
sem_erro,random_forest,lacuna,80,35,35,134,134,66,68,0,134,0,0,0,1.0,1.0,0.0,0.0,0.0,0.9999999999925374,134,0,0,0
sem_erro,random_forest,lacuna,80,40,40,117,117,58,59,0,117,0,0,0,1.0,1.0,0.0,0.0,0.0,0.999999999991453,117,0,0,0
sem_erro,random_forest,lacuna,80,45,45,104,104,54,50,0,104,0,0,0,1.0,1.0,0.0,0.0,0.0,0.9999999999903846,104,0,0,0
sem_erro,random_forest,lacuna,80,50,50,94,94,49,45,0,94,0,0,0,1.0,1.0,0.0,0.0,0.0,0.9999999999893616,94,0,0,0
sem_erro,random_forest,lacuna,80,55,55,85,85,42,43,0,85,0,1,1,0.9882352941176471,0.9882352941176471,0.0,0.0,0.0,0.9882352941060207,84,1,0,0
sem_erro,random_forest,lacuna,80,60,60,78,78,40,38,0,78,0,0,0,1.0,1.0,0.0,0.0,0.0,0.9999999999871795,78,0,0,0
sem_erro,random_forest,lacuna,80,65,65,72,72,36,36,0,72,0,0,0,1.0,1.0,0.0,0.0,0.0,0.9999999999861111,72,0,0,0
sem_erro,random_forest,lacuna,80,70,70,67,67,31,36,0,67,0,0,0,1.0,1.0,0.0,0.0,0.0,0.9999999999850746,67,0,0,0
sem_erro,random_forest,lacuna,80,75,75,63,63,32,31,0,63,0,1,1,0.9841269841269841,0.9841269841269841,0.0,0.0,0.0,0.9841269841113631,62,1,0,0
sem_erro,random_forest,lacuna,80,80,80,59,59,27,32,0,59,0,0,0,1.0,1.0,0.0,0.0,0.0,0.9999999999830509,59,0,0,0
sem_erro,random_forest,lacuna,90,5,5,933,933,497,436,0,933,0,0,0,1.0,1.0,0.0,0.0,0.0,0.9999999999989282,933,0,0,0
sem_erro,random_forest,lacuna,90,10,10,467,467,249,218,0,467,0,0,0,1.0,1.0,0.0,0.0,0.0,0.9999999999978587,467,0,0,0
sem_erro,random_forest,lacuna,90,15,15,311,311,168,143,0,311,0,0,0,1.0,1.0,0.0,0.0,0.0,0.9999999999967846,311,0,0,0
sem_erro,random_forest,lacuna,90,20,20,234,234,127,107,0,234,0,0,0,1.0,1.0,0.0,0.0,0.0,0.9999999999957265,234,0,0,0
sem_erro,random_forest,lacuna,90,25,25,187,187,100,87,0,187,0,0,0,1.0,1.0,0.0,0.0,0.0,0.9999999999946525,187,0,0,0
sem_erro,random_forest,lacuna,90,30,30,156,156,84,72,0,156,0,0,0,1.0,1.0,0.0,0.0,0.0,0.9999999999935898,156,0,0,0
sem_erro,random_forest,lacuna,90,35,35,134,134,73,61,0,134,0,0,0,1.0,1.0,0.0,0.0,0.0,0.9999999999925374,134,0,0,0
sem_erro,random_forest,lacuna,90,40,40,117,117,62,55,0,117,0,0,0,1.0,1.0,0.0,0.0,0.0,0.999999999991453,117,0,0,0
sem_erro,random_forest,lacuna,90,45,45,104,104,56,48,0,104,0,0,0,1.0,1.0,0.0,0.0,0.0,0.9999999999903846,104,0,0,0
sem_erro,random_forest,lacuna,90,50,50,94,94,51,43,0,94,0,0,0,1.0,1.0,0.0,0.0,0.0,0.9999999999893616,94,0,0,0
sem_erro,random_forest,lacuna,90,55,55,85,85,47,38,0,85,0,0,0,1.0,1.0,0.0,0.0,0.0,0.9999999999882353,85,0,0,0
sem_erro,random_forest,lacuna,90,60,60,78,78,44,34,0,78,0,0,0,1.0,1.0,0.0,0.0,0.0,0.9999999999871795,78,0,0,0
sem_erro,random_forest,lacuna,90,65,65,72,72,40,32,0,72,0,0,0,1.0,1.0,0.0,0.0,0.0,0.9999999999861111,72,0,0,0
sem_erro,random_forest,lacuna,90,70,70,67,67,35,32,0,67,0,0,0,1.0,1.0,0.0,0.0,0.0,0.9999999999850746,67,0,0,0
sem_erro,random_forest,lacuna,90,75,75,63,63,33,30,0,63,0,2,2,0.9682539682539683,0.9682539682539683,0.0,0.0,0.0,0.9682539682385992,61,2,0,0
sem_erro,random_forest,lacuna,90,80,80,59,59,29,30,0,59,0,0,0,1.0,1.0,0.0,0.0,0.0,0.9999999999830509,59,0,0,0
sem_erro,random_forest,lacuna,90,85,85,55,55,32,23,0,55,0,2,2,0.9636363636363636,0.9636363636363636,0.0,0.0,0.0,0.9636363636188431,53,2,0,0
sem_erro,random_forest,lacuna,90,90,90,52,52,32,20,0,52,0,0,0,1.0,1.0,0.0,0.0,0.0,0.9999999999807693,52,0,0,0
sem_erro,random_forest,lacuna,100,5,5,931,931,523,408,0,931,0,0,0,1.0,1.0,0.0,0.0,0.0,0.9999999999989259,931,0,0,0
sem_erro,random_forest,lacuna,100,10,10,466,466,262,204,0,466,0,0,0,1.0,1.0,0.0,0.0,0.0,0.999999999997854,466,0,0,0
sem_erro,random_forest,lacuna,100,15,15,311,311,174,137,0,311,0,0,0,1.0,1.0,0.0,0.0,0.0,0.9999999999967846,311,0,0,0
sem_erro,random_forest,lacuna,100,20,20,233,233,130,103,0,233,0,0,0,1.0,1.0,0.0,0.0,0.0,0.9999999999957082,233,0,0,0
sem_erro,random_forest,lacuna,100,25,25,187,187,109,78,0,187,0,0,0,1.0,1.0,0.0,0.0,0.0,0.9999999999946525,187,0,0,0
sem_erro,random_forest,lacuna,100,30,30,156,156,90,66,0,156,0,0,0,1.0,1.0,0.0,0.0,0.0,0.9999999999935898,156,0,0,0
sem_erro,random_forest,lacuna,100,35,35,133,133,75,58,0,133,0,0,0,1.0,1.0,0.0,0.0,0.0,0.9999999999924812,133,0,0,0
sem_erro,random_forest,lacuna,100,40,40,117,117,65,52,0,117,0,0,0,1.0,1.0,0.0,0.0,0.0,0.999999999991453,117,0,0,0
sem_erro,random_forest,lacuna,100,45,45,104,104,57,47,0,104,0,0,0,1.0,1.0,0.0,0.0,0.0,0.9999999999903846,104,0,0,0
sem_erro,random_forest,lacuna,100,50,50,94,94,54,40,0,94,0,0,0,1.0,1.0,0.0,0.0,0.0,0.9999999999893616,94,0,0,0
sem_erro,random_forest,lacuna,100,55,55,85,85,48,37,0,85,0,0,0,1.0,1.0,0.0,0.0,0.0,0.9999999999882353,85,0,0,0
sem_erro,random_forest,lacuna,100,60,60,78,78,46,32,0,78,0,0,0,1.0,1.0,0.0,0.0,0.0,0.9999999999871795,78,0,0,0
sem_erro,random_forest,lacuna,100,65,65,72,72,41,31,0,72,0,0,0,1.0,1.0,0.0,0.0,0.0,0.9999999999861111,72,0,0,0
sem_erro,random_forest,lacuna,100,70,70,67,67,37,30,0,67,0,0,0,1.0,1.0,0.0,0.0,0.0,0.9999999999850746,67,0,0,0
sem_erro,random_forest,lacuna,100,75,75,63,63,36,27,0,63,0,3,3,0.9523809523809523,0.9523809523809523,0.0,0.0,0.0,0.9523809523658353,60,3,0,0
sem_erro,random_forest,lacuna,100,80,80,59,59,32,27,0,59,0,0,0,1.0,1.0,0.0,0.0,0.0,0.9999999999830509,59,0,0,0
sem_erro,random_forest,lacuna,100,85,85,55,55,34,21,0,55,0,2,2,0.9636363636363636,0.9636363636363636,0.0,0.0,0.0,0.9636363636188431,53,2,0,0
sem_erro,random_forest,lacuna,100,90,90,52,52,33,19,0,52,0,1,1,0.9807692307692307,0.9807692307692307,0.0,0.0,0.0,0.9807692307503699,51,1,0,0
sem_erro,random_forest,lacuna,100,95,95,49,49,27,22,0,49,0,4,4,0.8367346938775511,0.8367346938775511,0.0,0.0,0.0,0.8367346938604748,41,8,0,0
sem_erro,random_forest,lacuna,100,100,100,47,47,26,21,0,47,0,0,0,1.0,1.0,0.0,0.0,0.0,0.9999999999787235,47,0,0,0
sem_erro,random_forest,oscilacao,20,5,5,947,947,359,588,0,947,0,2,2,0.996832101372756,0.996832101372756,0.0,0.0,0.0,0.9968321013717034,944,3,0,0
sem_erro,random_forest,oscilacao,20,10,10,474,474,181,293,0,474,0,1,1,0.9978902953586498,0.9978902953586498,0.0,0.0,0.0,0.9978902953565446,473,1,0,0
sem_erro,random_forest,oscilacao,20,15,15,316,316,115,201,0,316,0,1,1,0.9968354430379747,0.9968354430379747,0.0,0.0,0.0,0.9968354430348202,315,1,0,0
sem_erro,random_forest,oscilacao,20,20,20,237,237,90,147,0,237,0,1,1,0.9957805907172996,0.9957805907172996,0.0,0.0,0.0,0.995780590713098,236,1,0,0
sem_erro,random_forest,oscilacao,30,5,5,945,945,395,550,0,945,0,1,1,0.9989417989417989,0.9989417989417989,0.0,0.0,0.0,0.9989417989407419,944,1,0,0
sem_erro,random_forest,oscilacao,30,10,10,473,473,199,274,0,473,0,1,1,0.9978858350951374,0.9978858350951374,0.0,0.0,0.0,0.9978858350930278,472,1,0,0
sem_erro,random_forest,oscilacao,30,15,15,315,315,127,188,0,315,0,1,1,0.9968253968253968,0.9968253968253968,0.0,0.0,0.0,0.9968253968222324,314,1,0,0
sem_erro,random_forest,oscilacao,30,20,20,237,237,99,138,0,237,0,0,0,1.0,1.0,0.0,0.0,0.0,0.9999999999957806,237,0,0,0
sem_erro,random_forest,oscilacao,30,25,25,189,189,78,111,0,189,0,1,1,0.9841269841269841,0.9841269841269841,0.0,0.0,0.0,0.9841269841217771,186,3,0,0
sem_erro,random_forest,oscilacao,30,30,30,158,158,62,96,0,158,0,1,1,0.9936708860759493,0.9936708860759493,0.0,0.0,0.0,0.9936708860696604,157,1,0,0
sem_erro,random_forest,oscilacao,40,5,5,943,943,429,514,0,943,0,1,1,0.9978791092258749,0.9978791092258749,0.0,0.0,0.0,0.9978791092248167,941,2,0,0
sem_erro,random_forest,oscilacao,40,10,10,472,472,215,257,0,472,0,2,2,0.9936440677966102,0.9936440677966102,0.0,0.0,0.0,0.993644067794505,469,3,0,0
sem_erro,random_forest,oscilacao,40,15,15,315,315,140,175,0,315,0,1,1,0.9968253968253968,0.9968253968253968,0.0,0.0,0.0,0.9968253968222324,314,1,0,0
sem_erro,random_forest,oscilacao,40,20,20,236,236,106,130,0,236,0,0,0,1.0,1.0,0.0,0.0,0.0,0.9999999999957627,236,0,0,0
sem_erro,random_forest,oscilacao,40,25,25,189,189,87,102,0,189,0,1,1,0.9947089947089947,0.9947089947089947,0.0,0.0,0.0,0.9947089947037318,188,1,0,0
sem_erro,random_forest,oscilacao,40,30,30,158,158,68,90,0,158,0,2,2,0.9873417721518988,0.9873417721518988,0.0,0.0,0.0,0.9873417721456498,156,2,0,0
sem_erro,random_forest,oscilacao,40,35,35,135,135,62,73,0,135,0,2,2,0.9777777777777777,0.9777777777777777,0.0,0.0,0.0,0.9777777777705351,132,3,0,0
sem_erro,random_forest,oscilacao,40,40,40,118,118,54,64,0,118,0,1,1,0.9915254237288136,0.9915254237288136,0.0,0.0,0.0,0.9915254237204107,117,1,0,0
sem_erro,random_forest,oscilacao,50,5,5,941,941,459,482,0,941,0,2,2,0.9957492029755579,0.9957492029755579,0.0,0.0,0.0,0.9957492029744998,937,4,0,0
sem_erro,random_forest,oscilacao,50,10,10,471,471,230,241,0,471,0,2,2,0.9936305732484076,0.9936305732484076,0.0,0.0,0.0,0.993630573246298,468,3,0,0
sem_erro,random_forest,oscilacao,50,15,15,314,314,149,165,0,314,0,0,0,1.0,1.0,0.0,0.0,0.0,0.9999999999968153,314,0,0,0
sem_erro,random_forest,oscilacao,50,20,20,236,236,115,121,0,236,0,4,4,0.9067796610169492,0.9067796610169492,0.0,0.0,0.0,0.9067796610131069,214,22,0,0
sem_erro,random_forest,oscilacao,50,25,25,189,189,90,99,0,189,0,9,9,0.9523809523809523,0.9523809523809523,0.0,0.0,0.0,0.9523809523759134,180,9,0,0
sem_erro,random_forest,oscilacao,50,30,30,157,157,73,84,0,157,0,2,2,0.9872611464968153,0.9872611464968153,0.0,0.0,0.0,0.9872611464905271,155,2,0,0
sem_erro,random_forest,oscilacao,50,35,35,135,135,68,67,0,135,0,3,3,0.9629629629629629,0.9629629629629629,0.0,0.0,0.0,0.96296296295583,130,5,0,0
sem_erro,random_forest,oscilacao,50,40,40,118,118,60,58,0,118,0,0,0,1.0,1.0,0.0,0.0,0.0,0.9999999999915254,118,0,0,0
sem_erro,random_forest,oscilacao,50,45,45,105,105,48,57,0,105,0,2,2,0.9714285714285714,0.9714285714285714,0.0,0.0,0.0,0.9714285714193197,102,3,0,0
sem_erro,random_forest,oscilacao,50,50,50,95,95,47,48,0,95,0,2,2,0.9789473684210527,0.9789473684210527,0.0,0.0,0.0,0.9789473684107479,93,2,0,0
sem_erro,random_forest,oscilacao,60,5,5,939,939,488,451,0,939,0,6,6,0.9126730564430245,0.9126730564430245,0.0,0.0,0.0,0.9126730564420525,857,82,0,0
sem_erro,random_forest,oscilacao,60,10,10,470,470,244,226,0,470,0,6,6,0.9106382978723404,0.9106382978723404,0.0,0.0,0.0,0.910638297870403,428,42,0,0
sem_erro,random_forest,oscilacao,60,15,15,313,313,159,154,0,313,0,7,7,0.9744408945686901,0.9744408945686901,0.0,0.0,0.0,0.9744408945655769,305,8,0,0
sem_erro,random_forest,oscilacao,60,20,20,235,235,121,114,0,235,0,3,3,0.9872340425531915,0.9872340425531915,0.0,0.0,0.0,0.9872340425489905,232,3,0,0
sem_erro,random_forest,oscilacao,60,25,25,188,188,102,86,0,188,0,9,9,0.9308510638297872,0.9308510638297872,0.0,0.0,0.0,0.930851063824836,175,13,0,0
sem_erro,random_forest,oscilacao,60,30,30,157,157,78,79,0,157,0,0,0,1.0,1.0,0.0,0.0,0.0,0.9999999999936307,157,0,0,0
sem_erro,random_forest,oscilacao,60,35,35,135,135,72,63,0,135,0,4,4,0.9703703703703703,0.9703703703703703,0.0,0.0,0.0,0.9703703703631825,131,4,0,0
sem_erro,random_forest,oscilacao,60,40,40,118,118,63,55,0,118,0,3,3,0.9745762711864406,0.9745762711864406,0.0,0.0,0.0,0.9745762711781816,115,3,0,0
sem_erro,random_forest,oscilacao,60,45,45,105,105,54,51,0,105,0,3,3,0.9714285714285714,0.9714285714285714,0.0,0.0,0.0,0.9714285714193197,102,3,0,0
sem_erro,random_forest,oscilacao,60,50,50,94,94,52,42,0,94,0,8,8,0.9042553191489362,0.9042553191489362,0.0,0.0,0.0,0.9042553191393164,85,9,0,0
sem_erro,random_forest,oscilacao,60,55,55,86,86,46,40,0,86,0,3,3,0.9651162790697675,0.9651162790697675,0.0,0.0,0.0,0.9651162790585451,83,3,0,0
sem_erro,random_forest,oscilacao,60,60,60,79,79,38,41,0,79,0,3,3,0.9493670886075949,0.9493670886075949,0.0,0.0,0.0,0.9493670885955776,75,4,0,0
sem_erro,random_forest,oscilacao,70,5,5,937,937,514,423,0,937,0,9,9,0.8762006403415155,0.8762006403415155,0.0,0.0,0.0,0.8762006403405803,821,116,0,0
sem_erro,random_forest,oscilacao,70,10,10,469,469,257,212,0,469,0,8,8,0.8848614072494669,0.8848614072494669,0.0,0.0,0.0,0.8848614072475802,415,54,0,0
sem_erro,random_forest,oscilacao,70,15,15,313,313,169,144,0,313,0,7,7,0.865814696485623,0.865814696485623,0.0,0.0,0.0,0.8658146964828568,271,42,0,0
sem_erro,random_forest,oscilacao,70,20,20,235,235,128,107,0,235,0,9,9,0.8595744680851064,0.8595744680851064,0.0,0.0,0.0,0.8595744680814487,202,33,0,0
sem_erro,random_forest,oscilacao,70,25,25,188,188,104,84,0,188,0,9,9,0.8457446808510638,0.8457446808510638,0.0,0.0,0.0,0.8457446808465653,159,29,0,0
sem_erro,random_forest,oscilacao,70,30,30,157,157,83,74,0,157,0,5,5,0.8726114649681529,0.8726114649681529,0.0,0.0,0.0,0.8726114649625949,137,20,0,0
sem_erro,random_forest,oscilacao,70,35,35,134,134,74,60,0,134,0,7,7,0.8507462686567164,0.8507462686567164,0.0,0.0,0.0,0.8507462686503676,114,20,0,0
sem_erro,random_forest,oscilacao,70,40,40,118,118,65,53,0,118,0,6,6,0.8305084745762712,0.8305084745762712,0.0,0.0,0.0,0.8305084745692329,98,20,0,0
sem_erro,random_forest,oscilacao,70,45,45,105,105,58,47,0,105,0,5,5,0.819047619047619,0.819047619047619,0.0,0.0,0.0,0.8190476190398186,86,19,0,0
sem_erro,random_forest,oscilacao,70,50,50,94,94,53,41,0,94,0,11,11,0.7872340425531915,0.7872340425531915,0.0,0.0,0.0,0.7872340425448167,74,20,0,0
sem_erro,random_forest,oscilacao,70,55,55,86,86,46,40,0,86,0,3,3,0.9534883720930233,0.9534883720930233,0.0,0.0,0.0,0.9534883720819362,82,4,0,0
sem_erro,random_forest,oscilacao,70,60,60,79,79,43,36,0,79,0,5,5,0.8227848101265823,0.8227848101265823,0.0,0.0,0.0,0.8227848101161672,65,14,0,0
sem_erro,random_forest,oscilacao,70,65,65,73,73,41,32,0,73,0,7,7,0.8082191780821918,0.8082191780821918,0.0,0.0,0.0,0.8082191780711202,59,14,0,0
sem_erro,random_forest,oscilacao,70,70,70,67,67,37,30,0,67,0,6,6,0.8955223880597015,0.8955223880597015,0.0,0.0,0.0,0.8955223880463354,60,7,0,0
sem_erro,random_forest,oscilacao,80,5,5,935,935,538,397,0,935,0,11,11,0.841711229946524,0.841711229946524,0.0,0.0,0.0,0.8417112299456239,787,148,0,0
sem_erro,random_forest,oscilacao,80,10,10,468,468,269,199,0,468,0,11,11,0.8418803418803419,0.8418803418803419,0.0,0.0,0.0,0.841880341878543,394,74,0,0
sem_erro,random_forest,oscilacao,80,15,15,312,312,176,136,0,312,0,10,10,0.8397435897435898,0.8397435897435898,0.0,0.0,0.0,0.8397435897408982,262,50,0,0
sem_erro,random_forest,oscilacao,80,20,20,234,234,134,100,0,234,0,9,9,0.8418803418803419,0.8418803418803419,0.0,0.0,0.0,0.8418803418767441,197,37,0,0
sem_erro,random_forest,oscilacao,80,25,25,187,187,107,80,0,187,0,9,9,0.8235294117647058,0.8235294117647058,0.0,0.0,0.0,0.823529411760302,154,33,0,0
sem_erro,random_forest,oscilacao,80,30,30,156,156,87,69,0,156,0,9,9,0.8333333333333334,0.8333333333333334,0.0,0.0,0.0,0.8333333333279915,130,26,0,0
sem_erro,random_forest,oscilacao,80,35,35,134,134,79,55,0,134,0,7,7,0.8134328358208955,0.8134328358208955,0.0,0.0,0.0,0.8134328358148252,109,25,0,0
sem_erro,random_forest,oscilacao,80,40,40,117,117,68,49,0,117,0,9,9,0.7863247863247863,0.7863247863247863,0.0,0.0,0.0,0.7863247863180656,92,25,0,0
sem_erro,random_forest,oscilacao,80,45,45,104,104,60,44,0,104,0,9,9,0.8076923076923077,0.8076923076923077,0.0,0.0,0.0,0.8076923076845414,84,20,0,0
sem_erro,random_forest,oscilacao,80,50,50,94,94,54,40,0,94,0,6,6,0.8723404255319149,0.8723404255319149,0.0,0.0,0.0,0.8723404255226347,82,12,0,0
sem_erro,random_forest,oscilacao,80,55,55,85,85,48,37,0,85,0,8,8,0.8470588235294118,0.8470588235294118,0.0,0.0,0.0,0.8470588235194463,72,13,0,0
sem_erro,random_forest,oscilacao,80,60,60,78,78,46,32,0,78,0,11,11,0.7051282051282052,0.7051282051282052,0.0,0.0,0.0,0.705128205119165,55,23,0,0
sem_erro,random_forest,oscilacao,80,65,65,72,72,42,30,0,72,0,6,6,0.7916666666666666,0.7916666666666666,0.0,0.0,0.0,0.7916666666556712,57,15,0,0
sem_erro,random_forest,oscilacao,80,70,70,67,67,39,28,0,67,0,5,5,0.8805970149253731,0.8805970149253731,0.0,0.0,0.0,0.8805970149122299,59,8,0,0
sem_erro,random_forest,oscilacao,80,75,75,63,63,35,28,0,63,0,6,6,0.873015873015873,0.873015873015873,0.0,0.0,0.0,0.8730158730020157,55,8,0,0
sem_erro,random_forest,oscilacao,80,80,80,59,59,36,23,0,59,0,8,8,0.7457627118644068,0.7457627118644068,0.0,0.0,0.0,0.7457627118517668,44,15,0,0
sem_erro,random_forest,oscilacao,90,5,5,933,933,562,371,0,933,0,10,10,0.827438370846731,0.827438370846731,0.0,0.0,0.0,0.8274383708458442,772,161,0,0
sem_erro,random_forest,oscilacao,90,10,10,467,467,281,186,0,467,0,10,10,0.8244111349036403,0.8244111349036403,0.0,0.0,0.0,0.8244111349018749,385,82,0,0
sem_erro,random_forest,oscilacao,90,15,15,311,311,184,127,0,311,0,10,10,0.8360128617363344,0.8360128617363344,0.0,0.0,0.0,0.8360128617336463,260,51,0,0
sem_erro,random_forest,oscilacao,90,20,20,234,234,140,94,0,234,0,10,10,0.8076923076923077,0.8076923076923077,0.0,0.0,0.0,0.807692307688856,189,45,0,0
sem_erro,random_forest,oscilacao,90,25,25,187,187,114,73,0,187,0,12,12,0.8074866310160428,0.8074866310160428,0.0,0.0,0.0,0.8074866310117247,151,36,0,0
sem_erro,random_forest,oscilacao,90,30,30,156,156,91,65,0,156,0,11,11,0.7756410256410257,0.7756410256410257,0.0,0.0,0.0,0.7756410256360536,121,35,0,0
sem_erro,random_forest,oscilacao,90,35,35,134,134,82,52,0,134,0,13,13,0.6791044776119403,0.6791044776119403,0.0,0.0,0.0,0.6791044776068724,91,43,0,0
sem_erro,random_forest,oscilacao,90,40,40,117,117,72,45,0,117,0,11,11,0.7777777777777778,0.7777777777777778,0.0,0.0,0.0,0.7777777777711301,91,26,0,0
sem_erro,random_forest,oscilacao,90,45,45,104,104,60,44,0,104,0,6,6,0.7788461538461539,0.7788461538461539,0.0,0.0,0.0,0.778846153838665,81,23,0,0
sem_erro,random_forest,oscilacao,90,50,50,94,94,58,36,0,94,0,7,7,0.8829787234042553,0.8829787234042553,0.0,0.0,0.0,0.8829787233948619,83,11,0,0
sem_erro,random_forest,oscilacao,90,55,55,85,85,51,34,0,85,0,7,7,0.8470588235294118,0.8470588235294118,0.0,0.0,0.0,0.8470588235194463,72,13,0,0
sem_erro,random_forest,oscilacao,90,60,60,78,78,47,31,0,78,0,6,6,0.7948717948717948,0.7948717948717948,0.0,0.0,0.0,0.7948717948616042,62,16,0,0
sem_erro,random_forest,oscilacao,90,65,65,72,72,44,28,0,72,0,11,11,0.6111111111111112,0.6111111111111112,0.0,0.0,0.0,0.6111111111026234,44,28,0,0
sem_erro,random_forest,oscilacao,90,70,70,67,67,40,27,0,67,0,11,11,0.5970149253731343,0.5970149253731343,0.0,0.0,0.0,0.5970149253642236,40,27,0,0
sem_erro,random_forest,oscilacao,90,75,75,63,63,38,25,0,63,0,7,7,0.8571428571428571,0.8571428571428571,0.0,0.0,0.0,0.8571428571292518,54,9,0,0
sem_erro,random_forest,oscilacao,90,80,80,59,59,36,23,0,59,0,7,7,0.711864406779661,0.711864406779661,0.0,0.0,0.0,0.7118644067675955,42,17,0,0
sem_erro,random_forest,oscilacao,90,85,85,55,55,31,24,0,55,0,5,5,0.8545454545454545,0.8545454545454545,0.0,0.0,0.0,0.8545454545299174,47,8,0,0
sem_erro,random_forest,oscilacao,90,90,90,52,52,31,21,0,52,0,6,6,0.7884615384615384,0.7884615384615384,0.0,0.0,0.0,0.7884615384463758,41,11,0,0
sem_erro,random_forest,oscilacao,100,5,5,931,931,586,345,0,931,0,13,13,0.8163265306122449,0.8163265306122449,0.0,0.0,0.0,0.8163265306113681,760,171,0,0
sem_erro,random_forest,oscilacao,100,10,10,466,466,293,173,0,466,0,12,12,0.8047210300429185,0.8047210300429185,0.0,0.0,0.0,0.8047210300411916,375,91,0,0
sem_erro,random_forest,oscilacao,100,15,15,311,311,193,118,0,311,0,11,11,0.8102893890675241,0.8102893890675241,0.0,0.0,0.0,0.8102893890649188,252,59,0,0
sem_erro,random_forest,oscilacao,100,20,20,233,233,146,87,0,233,0,12,12,0.759656652360515,0.759656652360515,0.0,0.0,0.0,0.7596566523572548,177,56,0,0
sem_erro,random_forest,oscilacao,100,25,25,187,187,116,71,0,187,0,10,10,0.7647058823529411,0.7647058823529411,0.0,0.0,0.0,0.7647058823488518,143,44,0,0
sem_erro,random_forest,oscilacao,100,30,30,156,156,95,61,0,156,0,7,7,0.8205128205128205,0.8205128205128205,0.0,0.0,0.0,0.8205128205075609,128,28,0,0
sem_erro,random_forest,oscilacao,100,35,35,133,133,85,48,0,133,0,11,11,0.6766917293233082,0.6766917293233082,0.0,0.0,0.0,0.6766917293182204,90,43,0,0
sem_erro,random_forest,oscilacao,100,40,40,117,117,75,42,0,117,0,12,12,0.7435897435897436,0.7435897435897436,0.0,0.0,0.0,0.7435897435833881,87,30,0,0
sem_erro,random_forest,oscilacao,100,45,45,104,104,63,41,0,104,0,7,7,0.7403846153846154,0.7403846153846154,0.0,0.0,0.0,0.7403846153774962,77,27,0,0
sem_erro,random_forest,oscilacao,100,50,50,94,94,59,35,0,94,0,6,6,0.7659574468085106,0.7659574468085106,0.0,0.0,0.0,0.7659574468003622,72,22,0,0
sem_erro,random_forest,oscilacao,100,55,55,85,85,55,30,0,85,0,9,9,0.6352941176470588,0.6352941176470588,0.0,0.0,0.0,0.6352941176395848,54,31,0,0
sem_erro,random_forest,oscilacao,100,60,60,78,78,47,31,0,78,0,6,6,0.8846153846153846,0.8846153846153846,0.0,0.0,0.0,0.8846153846040433,69,9,0,0
sem_erro,random_forest,oscilacao,100,65,65,72,72,45,27,0,72,0,10,10,0.6666666666666666,0.6666666666666666,0.0,0.0,0.0,0.6666666666574074,48,24,0,0
sem_erro,random_forest,oscilacao,100,70,70,67,67,44,23,0,67,0,8,8,0.4626865671641791,0.4626865671641791,0.0,0.0,0.0,0.4626865671572733,31,36,0,0
sem_erro,random_forest,oscilacao,100,75,75,63,63,39,24,0,63,0,6,6,0.7142857142857143,0.7142857142857143,0.0,0.0,0.0,0.7142857142743765,45,18,0,0
sem_erro,random_forest,oscilacao,100,80,80,59,59,39,20,0,59,0,9,9,0.4406779661016949,0.4406779661016949,0.0,0.0,0.0,0.4406779660942258,26,33,0,0
sem_erro,random_forest,oscilacao,100,85,85,55,55,35,20,0,55,0,4,4,0.7454545454545455,0.7454545454545455,0.0,0.0,0.0,0.7454545454409918,41,14,0,0
sem_erro,random_forest,oscilacao,100,90,90,52,52,32,20,0,52,0,6,6,0.7307692307692307,0.7307692307692307,0.0,0.0,0.0,0.7307692307551775,38,14,0,0
sem_erro,random_forest,oscilacao,100,95,95,49,49,29,20,0,49,0,4,4,0.6530612244897959,0.6530612244897959,0.0,0.0,0.0,0.6530612244764682,32,17,0,0
sem_erro,random_forest,oscilacao,100,100,100,47,47,28,19,0,47,0,6,6,0.8297872340425532,0.8297872340425532,0.0,0.0,0.0,0.8297872340248982,39,8,0,0
sem_erro,random_forest,queda,20,5,5,947,947,227,720,0,947,0,2,2,0.9978880675818373,0.9978880675818373,0.0,0.0,0.0,0.9978880675807836,945,2,0,0
sem_erro,random_forest,queda,20,10,10,474,474,115,359,0,474,0,2,2,0.9957805907172996,0.9957805907172996,0.0,0.0,0.0,0.9957805907151988,472,2,0,0
sem_erro,random_forest,queda,20,15,15,316,316,77,239,0,316,0,0,0,1.0,1.0,0.0,0.0,0.0,0.9999999999968355,316,0,0,0
sem_erro,random_forest,queda,20,20,20,237,237,58,179,0,237,0,0,0,1.0,1.0,0.0,0.0,0.0,0.9999999999957806,237,0,0,0
sem_erro,random_forest,queda,30,5,5,945,945,268,677,0,945,0,2,2,0.9957671957671957,0.9957671957671957,0.0,0.0,0.0,0.995767195766142,941,4,0,0
sem_erro,random_forest,queda,30,10,10,473,473,135,338,0,473,0,2,2,0.9936575052854123,0.9936575052854123,0.0,0.0,0.0,0.9936575052833115,470,3,0,0
sem_erro,random_forest,queda,30,15,15,315,315,91,224,0,315,0,2,2,0.9904761904761905,0.9904761904761905,0.0,0.0,0.0,0.9904761904730461,312,3,0,0
sem_erro,random_forest,queda,30,20,20,237,237,70,167,0,237,0,1,1,0.9915611814345991,0.9915611814345991,0.0,0.0,0.0,0.9915611814304154,235,2,0,0
sem_erro,random_forest,queda,30,25,25,189,189,52,137,0,189,0,0,0,1.0,1.0,0.0,0.0,0.0,0.999999999994709,189,0,0,0
sem_erro,random_forest,queda,30,30,30,158,158,48,110,0,158,0,1,1,0.9810126582278481,0.9810126582278481,0.0,0.0,0.0,0.9810126582216392,155,3,0,0
sem_erro,random_forest,queda,40,5,5,943,943,308,635,0,943,0,3,3,0.9904559915164369,0.9904559915164369,0.0,0.0,0.0,0.9904559915153865,934,9,0,0
sem_erro,random_forest,queda,40,10,10,472,472,155,317,0,472,0,3,3,0.989406779661017,0.989406779661017,0.0,0.0,0.0,0.9894067796589208,467,5,0,0
sem_erro,random_forest,queda,40,15,15,315,315,104,211,0,315,0,1,1,0.9968253968253968,0.9968253968253968,0.0,0.0,0.0,0.9968253968222324,314,1,0,0
sem_erro,random_forest,queda,40,20,20,236,236,78,158,0,236,0,1,1,0.9957627118644068,0.9957627118644068,0.0,0.0,0.0,0.9957627118601875,235,1,0,0
sem_erro,random_forest,queda,40,25,25,189,189,66,123,0,189,0,1,1,0.9947089947089947,0.9947089947089947,0.0,0.0,0.0,0.9947089947037318,188,1,0,0
sem_erro,random_forest,queda,40,30,30,158,158,53,105,0,158,0,2,2,0.9746835443037974,0.9746835443037974,0.0,0.0,0.0,0.9746835442976286,154,4,0,0
sem_erro,random_forest,queda,40,35,35,135,135,46,89,0,135,0,1,1,0.9925925925925926,0.9925925925925926,0.0,0.0,0.0,0.9925925925852401,134,1,0,0
sem_erro,random_forest,queda,40,40,40,118,118,39,79,0,118,0,1,1,0.9830508474576272,0.9830508474576272,0.0,0.0,0.0,0.9830508474492962,116,2,0,0
sem_erro,random_forest,queda,50,5,5,941,941,345,596,0,941,0,4,4,0.9883103081827843,0.9883103081827843,0.0,0.0,0.0,0.988310308181734,930,11,0,0
sem_erro,random_forest,queda,50,10,10,471,471,173,298,0,471,0,3,3,0.9808917197452229,0.9808917197452229,0.0,0.0,0.0,0.9808917197431404,462,9,0,0
sem_erro,random_forest,queda,50,15,15,314,314,116,198,0,314,0,5,5,0.9713375796178344,0.9713375796178344,0.0,0.0,0.0,0.971337579614741,305,9,0,0
sem_erro,random_forest,queda,50,20,20,236,236,89,147,0,236,0,2,2,0.9661016949152542,0.9661016949152542,0.0,0.0,0.0,0.9661016949111606,228,8,0,0
sem_erro,random_forest,queda,50,25,25,189,189,70,119,0,189,0,2,2,0.9894179894179894,0.9894179894179894,0.0,0.0,0.0,0.9894179894127545,187,2,0,0
sem_erro,random_forest,queda,50,30,30,157,157,58,99,0,157,0,2,2,0.9745222929936306,0.9745222929936306,0.0,0.0,0.0,0.9745222929874235,153,4,0,0
sem_erro,random_forest,queda,50,35,35,135,135,50,85,0,135,0,1,1,0.9629629629629629,0.9629629629629629,0.0,0.0,0.0,0.96296296295583,130,5,0,0
sem_erro,random_forest,queda,50,40,40,118,118,46,72,0,118,0,1,1,0.9661016949152542,0.9661016949152542,0.0,0.0,0.0,0.9661016949070669,114,4,0,0
sem_erro,random_forest,queda,50,45,45,105,105,40,65,0,105,0,1,1,0.9714285714285714,0.9714285714285714,0.0,0.0,0.0,0.9714285714193197,102,3,0,0
sem_erro,random_forest,queda,50,50,50,95,95,36,59,0,95,0,1,1,0.9789473684210527,0.9789473684210527,0.0,0.0,0.0,0.9789473684107479,93,2,0,0
sem_erro,random_forest,queda,60,5,5,939,939,381,558,0,939,0,5,5,0.9616613418530351,0.9616613418530351,0.0,0.0,0.0,0.961661341852011,903,36,0,0
sem_erro,random_forest,queda,60,10,10,470,470,191,279,0,470,0,2,2,0.9617021276595744,0.9617021276595744,0.0,0.0,0.0,0.9617021276575283,452,18,0,0
sem_erro,random_forest,queda,60,15,15,313,313,129,184,0,313,0,2,2,0.9616613418530351,0.9616613418530351,0.0,0.0,0.0,0.9616613418499628,301,12,0,0
sem_erro,random_forest,queda,60,20,20,235,235,96,139,0,235,0,2,2,0.9617021276595744,0.9617021276595744,0.0,0.0,0.0,0.9617021276554821,226,9,0,0
sem_erro,random_forest,queda,60,25,25,188,188,78,110,0,188,0,2,2,0.9840425531914894,0.9840425531914894,0.0,0.0,0.0,0.9840425531862551,185,3,0,0
sem_erro,random_forest,queda,60,30,30,157,157,67,90,0,157,0,2,2,0.9490445859872612,0.9490445859872612,0.0,0.0,0.0,0.9490445859812163,149,8,0,0
sem_erro,random_forest,queda,60,35,35,135,135,57,78,0,135,0,1,1,0.9703703703703703,0.9703703703703703,0.0,0.0,0.0,0.9703703703631825,131,4,0,0
sem_erro,random_forest,queda,60,40,40,118,118,50,68,0,118,0,1,1,0.9576271186440678,0.9576271186440678,0.0,0.0,0.0,0.9576271186359523,113,5,0,0
sem_erro,random_forest,queda,60,45,45,105,105,41,64,0,105,0,1,1,0.9809523809523809,0.9809523809523809,0.0,0.0,0.0,0.9809523809430385,103,2,0,0
sem_erro,random_forest,queda,60,50,50,94,94,38,56,0,94,0,1,1,0.9680851063829787,0.9680851063829787,0.0,0.0,0.0,0.9680851063726799,91,3,0,0
sem_erro,random_forest,queda,60,55,55,86,86,35,51,0,86,0,0,0,1.0,1.0,0.0,0.0,0.0,0.9999999999883721,86,0,0,0
sem_erro,random_forest,queda,60,60,60,79,79,33,46,0,79,0,1,1,0.9620253164556962,0.9620253164556962,0.0,0.0,0.0,0.9620253164435186,76,3,0,0
sem_erro,random_forest,queda,70,5,5,937,937,414,523,0,937,0,3,3,0.9541088580576307,0.9541088580576307,0.0,0.0,0.0,0.9541088580566125,894,43,0,0
sem_erro,random_forest,queda,70,10,10,469,469,207,262,0,469,0,1,1,0.9573560767590619,0.9573560767590619,0.0,0.0,0.0,0.9573560767570206,449,20,0,0
sem_erro,random_forest,queda,70,15,15,313,313,140,173,0,313,0,3,3,0.9552715654952076,0.9552715654952076,0.0,0.0,0.0,0.9552715654921557,299,14,0,0
sem_erro,random_forest,queda,70,20,20,235,235,105,130,0,235,0,1,1,0.9574468085106383,0.9574468085106383,0.0,0.0,0.0,0.957446808506564,225,10,0,0
sem_erro,random_forest,queda,70,25,25,188,188,84,104,0,188,0,1,1,0.9574468085106383,0.9574468085106383,0.0,0.0,0.0,0.9574468085055455,180,8,0,0
sem_erro,random_forest,queda,70,30,30,157,157,71,86,0,157,0,1,1,0.9554140127388535,0.9554140127388535,0.0,0.0,0.0,0.9554140127327682,150,7,0,0
sem_erro,random_forest,queda,70,35,35,134,134,61,73,0,134,0,1,1,0.9552238805970149,0.9552238805970149,0.0,0.0,0.0,0.9552238805898865,128,6,0,0
sem_erro,random_forest,queda,70,40,40,118,118,53,65,0,118,0,2,2,0.9322033898305084,0.9322033898305084,0.0,0.0,0.0,0.9322033898226084,110,8,0,0
sem_erro,random_forest,queda,70,45,45,105,105,47,58,0,105,0,2,2,0.9142857142857143,0.9142857142857143,0.0,0.0,0.0,0.9142857142770068,96,9,0,0
sem_erro,random_forest,queda,70,50,50,94,94,42,52,0,94,0,1,1,0.9574468085106383,0.9574468085106383,0.0,0.0,0.0,0.9574468085004526,90,4,0,0
sem_erro,random_forest,queda,70,55,55,86,86,38,48,0,86,0,1,1,0.9767441860465116,0.9767441860465116,0.0,0.0,0.0,0.9767441860351541,84,2,0,0
sem_erro,random_forest,queda,70,60,60,79,79,34,45,0,79,0,1,1,0.9620253164556962,0.9620253164556962,0.0,0.0,0.0,0.9620253164435186,76,3,0,0
sem_erro,random_forest,queda,70,65,65,73,73,35,38,0,73,0,1,1,0.958904109589041,0.958904109589041,0.0,0.0,0.0,0.9589041095759053,70,3,0,0
sem_erro,random_forest,queda,70,70,70,67,67,34,33,0,67,0,1,1,0.8656716417910447,0.8656716417910447,0.0,0.0,0.0,0.8656716417781243,58,9,0,0
sem_erro,random_forest,queda,80,5,5,935,935,445,490,0,935,0,2,2,0.9508021390374332,0.9508021390374332,0.0,0.0,0.0,0.9508021390364163,889,46,0,0
sem_erro,random_forest,queda,80,10,10,468,468,222,246,0,468,0,1,1,0.9529914529914529,0.9529914529914529,0.0,0.0,0.0,0.9529914529894167,446,22,0,0
sem_erro,random_forest,queda,80,15,15,312,312,150,162,0,312,0,2,2,0.9487179487179487,0.9487179487179487,0.0,0.0,0.0,0.948717948714908,296,16,0,0
sem_erro,random_forest,queda,80,20,20,234,234,112,122,0,234,0,1,1,0.9529914529914529,0.9529914529914529,0.0,0.0,0.0,0.9529914529873804,223,11,0,0
sem_erro,random_forest,queda,80,25,25,187,187,88,99,0,187,0,1,1,0.9572192513368984,0.9572192513368984,0.0,0.0,0.0,0.9572192513317797,179,8,0,0
sem_erro,random_forest,queda,80,30,30,156,156,75,81,0,156,0,1,1,0.8653846153846154,0.8653846153846154,0.0,0.0,0.0,0.8653846153790681,135,21,0,0
sem_erro,random_forest,queda,80,35,35,134,134,64,70,0,134,0,1,1,0.8731343283582089,0.8731343283582089,0.0,0.0,0.0,0.8731343283516931,117,17,0,0
sem_erro,random_forest,queda,80,40,40,117,117,56,61,0,117,0,1,1,0.8717948717948718,0.8717948717948718,0.0,0.0,0.0,0.8717948717874205,102,15,0,0
sem_erro,random_forest,queda,80,45,45,104,104,48,56,0,104,0,2,2,0.9038461538461539,0.9038461538461539,0.0,0.0,0.0,0.903846153837463,94,10,0,0
sem_erro,random_forest,queda,80,50,50,94,94,44,50,0,94,0,1,1,0.8723404255319149,0.8723404255319149,0.0,0.0,0.0,0.8723404255226347,82,12,0,0
sem_erro,random_forest,queda,80,55,55,85,85,40,45,0,85,0,2,2,0.9176470588235294,0.9176470588235294,0.0,0.0,0.0,0.9176470588127336,78,7,0,0
sem_erro,random_forest,queda,80,60,60,78,78,36,42,0,78,0,2,2,0.8589743589743589,0.8589743589743589,0.0,0.0,0.0,0.8589743589633464,67,11,0,0
sem_erro,random_forest,queda,80,65,65,72,72,36,36,0,72,0,2,2,0.8472222222222222,0.8472222222222222,0.0,0.0,0.0,0.8472222222104552,61,11,0,0
sem_erro,random_forest,queda,80,70,70,67,67,35,32,0,67,0,1,1,0.8656716417910447,0.8656716417910447,0.0,0.0,0.0,0.8656716417781243,58,9,0,0
sem_erro,random_forest,queda,80,75,75,63,63,30,33,0,63,0,1,1,0.873015873015873,0.873015873015873,0.0,0.0,0.0,0.8730158730020157,55,8,0,0
sem_erro,random_forest,queda,80,80,80,59,59,30,29,0,59,0,1,1,0.8813559322033898,0.8813559322033898,0.0,0.0,0.0,0.8813559321884517,52,7,0,0
sem_erro,random_forest,queda,90,5,5,933,933,474,459,0,933,0,2,2,0.947481243301179,0.947481243301179,0.0,0.0,0.0,0.9474812433001635,884,49,0,0
sem_erro,random_forest,queda,90,10,10,467,467,236,231,0,467,0,2,2,0.9486081370449678,0.9486081370449678,0.0,0.0,0.0,0.9486081370429367,443,24,0,0
sem_erro,random_forest,queda,90,15,15,311,311,160,151,0,311,0,2,2,0.9453376205787781,0.9453376205787781,0.0,0.0,0.0,0.9453376205757384,294,17,0,0
sem_erro,random_forest,queda,90,20,20,234,234,119,115,0,234,0,5,5,0.9102564102564102,0.9102564102564102,0.0,0.0,0.0,0.9102564102525204,213,21,0,0
sem_erro,random_forest,queda,90,25,25,187,187,98,89,0,187,0,3,3,0.9037433155080213,0.9037433155080213,0.0,0.0,0.0,0.9037433155031885,169,18,0,0
sem_erro,random_forest,queda,90,30,30,156,156,81,75,0,156,0,2,2,0.8653846153846154,0.8653846153846154,0.0,0.0,0.0,0.8653846153790681,135,21,0,0
sem_erro,random_forest,queda,90,35,35,134,134,68,66,0,134,0,3,3,0.917910447761194,0.917910447761194,0.0,0.0,0.0,0.917910447754344,123,11,0,0
sem_erro,random_forest,queda,90,40,40,117,117,60,57,0,117,0,1,1,0.8632478632478633,0.8632478632478633,0.0,0.0,0.0,0.8632478632404851,101,16,0,0
sem_erro,random_forest,queda,90,45,45,104,104,54,50,0,104,0,1,1,0.875,0.875,0.0,0.0,0.0,0.8749999999915865,91,13,0,0
sem_erro,random_forest,queda,90,50,50,94,94,49,45,0,94,0,1,1,0.9468085106382979,0.9468085106382979,0.0,0.0,0.0,0.9468085106282254,89,5,0,0
sem_erro,random_forest,queda,90,55,55,85,85,42,43,0,85,0,1,1,0.8588235294117647,0.8588235294117647,0.0,0.0,0.0,0.8588235294016608,73,12,0,0
sem_erro,random_forest,queda,90,60,60,78,78,40,38,0,78,0,2,2,0.8589743589743589,0.8589743589743589,0.0,0.0,0.0,0.8589743589633464,67,11,0,0
sem_erro,random_forest,queda,90,65,65,72,72,37,35,0,72,0,2,2,0.8472222222222222,0.8472222222222222,0.0,0.0,0.0,0.8472222222104552,61,11,0,0
sem_erro,random_forest,queda,90,70,70,67,67,37,30,0,67,0,1,1,0.8656716417910447,0.8656716417910447,0.0,0.0,0.0,0.8656716417781243,58,9,0,0
sem_erro,random_forest,queda,90,75,75,63,63,32,31,0,63,0,1,1,0.873015873015873,0.873015873015873,0.0,0.0,0.0,0.8730158730020157,55,8,0,0
sem_erro,random_forest,queda,90,80,80,59,59,32,27,0,59,0,1,1,0.864406779661017,0.864406779661017,0.0,0.0,0.0,0.864406779646366,51,8,0,0
sem_erro,random_forest,queda,90,85,85,55,55,29,26,0,55,0,1,1,0.8545454545454545,0.8545454545454545,0.0,0.0,0.0,0.8545454545299174,47,8,0,0
sem_erro,random_forest,queda,90,90,90,52,52,27,25,0,52,0,1,1,0.8846153846153846,0.8846153846153846,0.0,0.0,0.0,0.8846153845983729,46,6,0,0
sem_erro,random_forest,queda,100,5,5,931,931,498,433,0,931,0,2,2,0.9462943071965628,0.9462943071965628,0.0,0.0,0.0,0.9462943071955464,881,50,0,0
sem_erro,random_forest,queda,100,10,10,466,466,249,217,0,466,0,2,2,0.9463519313304721,0.9463519313304721,0.0,0.0,0.0,0.9463519313284413,441,25,0,0
sem_erro,random_forest,queda,100,15,15,311,311,169,142,0,311,0,2,2,0.864951768488746,0.864951768488746,0.0,0.0,0.0,0.8649517684859648,269,42,0,0
sem_erro,random_forest,queda,100,20,20,233,233,125,108,0,233,0,2,2,0.8583690987124464,0.8583690987124464,0.0,0.0,0.0,0.8583690987087624,200,33,0,0
sem_erro,random_forest,queda,100,25,25,187,187,102,85,0,187,0,1,1,0.9518716577540107,0.9518716577540107,0.0,0.0,0.0,0.9518716577489206,178,9,0,0
sem_erro,random_forest,queda,100,30,30,156,156,84,72,0,156,0,2,2,0.8653846153846154,0.8653846153846154,0.0,0.0,0.0,0.8653846153790681,135,21,0,0
sem_erro,random_forest,queda,100,35,35,133,133,73,60,0,133,0,1,1,0.8646616541353384,0.8646616541353384,0.0,0.0,0.0,0.8646616541288372,115,18,0,0
sem_erro,random_forest,queda,100,40,40,117,117,63,54,0,117,0,1,1,0.8632478632478633,0.8632478632478633,0.0,0.0,0.0,0.8632478632404851,101,16,0,0
sem_erro,random_forest,queda,100,45,45,104,104,55,49,0,104,0,1,1,0.8653846153846154,0.8653846153846154,0.0,0.0,0.0,0.8653846153762943,90,14,0,0
sem_erro,random_forest,queda,100,50,50,94,94,51,43,0,94,0,1,1,0.9574468085106383,0.9574468085106383,0.0,0.0,0.0,0.9574468085004526,90,4,0,0
sem_erro,random_forest,queda,100,55,55,85,85,49,36,0,85,0,1,1,0.8588235294117647,0.8588235294117647,0.0,0.0,0.0,0.8588235294016608,73,12,0,0
sem_erro,random_forest,queda,100,60,60,78,78,42,36,0,78,0,2,2,0.8589743589743589,0.8589743589743589,0.0,0.0,0.0,0.8589743589633464,67,11,0,0
sem_erro,random_forest,queda,100,65,65,72,72,38,34,0,72,0,2,2,0.8472222222222222,0.8472222222222222,0.0,0.0,0.0,0.8472222222104552,61,11,0,0
sem_erro,random_forest,queda,100,70,70,67,67,38,29,0,67,0,1,1,0.8656716417910447,0.8656716417910447,0.0,0.0,0.0,0.8656716417781243,58,9,0,0
sem_erro,random_forest,queda,100,75,75,63,63,35,28,0,63,0,1,1,0.873015873015873,0.873015873015873,0.0,0.0,0.0,0.8730158730020157,55,8,0,0
sem_erro,random_forest,queda,100,80,80,59,59,32,27,0,59,0,1,1,0.864406779661017,0.864406779661017,0.0,0.0,0.0,0.864406779646366,51,8,0,0
sem_erro,random_forest,queda,100,85,85,55,55,30,25,0,55,0,1,1,0.8545454545454545,0.8545454545454545,0.0,0.0,0.0,0.8545454545299174,47,8,0,0
sem_erro,random_forest,queda,100,90,90,52,52,27,25,0,52,0,1,1,0.9615384615384616,0.9615384615384616,0.0,0.0,0.0,0.9615384615199705,50,2,0,0
sem_erro,random_forest,queda,100,95,95,49,49,28,21,0,49,0,1,1,0.8775510204081632,0.8775510204081632,0.0,0.0,0.0,0.8775510203902541,43,6,0,0
sem_erro,random_forest,queda,100,100,100,47,47,24,23,0,47,0,1,1,0.9574468085106383,0.9574468085106383,0.0,0.0,0.0,0.9574468084902672,45,2,0,0
sem_erro,xgboost,lacuna,20,5,5,947,947,272,675,0,947,0,0,0,1.0,1.0,0.0,0.0,0.0,0.9999999999989441,947,0,0,0
sem_erro,xgboost,lacuna,20,10,10,474,474,137,337,0,474,0,0,0,1.0,1.0,0.0,0.0,0.0,0.9999999999978904,474,0,0,0
sem_erro,xgboost,lacuna,20,15,15,316,316,92,224,0,316,0,0,0,1.0,1.0,0.0,0.0,0.0,0.9999999999968355,316,0,0,0
sem_erro,xgboost,lacuna,20,20,20,237,237,65,172,0,237,0,0,0,1.0,1.0,0.0,0.0,0.0,0.9999999999957806,237,0,0,0
sem_erro,xgboost,lacuna,30,5,5,945,945,308,637,0,945,0,0,0,1.0,1.0,0.0,0.0,0.0,0.9999999999989418,945,0,0,0
sem_erro,xgboost,lacuna,30,10,10,473,473,155,318,0,473,0,0,0,1.0,1.0,0.0,0.0,0.0,0.9999999999978858,473,0,0,0
sem_erro,xgboost,lacuna,30,15,15,315,315,104,211,0,315,0,0,0,1.0,1.0,0.0,0.0,0.0,0.9999999999968254,315,0,0,0
sem_erro,xgboost,lacuna,30,20,20,237,237,80,157,0,237,0,0,0,1.0,1.0,0.0,0.0,0.0,0.9999999999957806,237,0,0,0
sem_erro,xgboost,lacuna,30,25,25,189,189,63,126,0,189,0,0,0,1.0,1.0,0.0,0.0,0.0,0.999999999994709,189,0,0,0
sem_erro,xgboost,lacuna,30,30,30,158,158,53,105,0,158,0,0,0,1.0,1.0,0.0,0.0,0.0,0.999999999993671,158,0,0,0
sem_erro,xgboost,lacuna,40,5,5,943,943,343,600,0,943,0,0,0,1.0,1.0,0.0,0.0,0.0,0.9999999999989395,943,0,0,0
sem_erro,xgboost,lacuna,40,10,10,472,472,172,300,0,472,0,0,0,1.0,1.0,0.0,0.0,0.0,0.9999999999978814,472,0,0,0
sem_erro,xgboost,lacuna,40,15,15,315,315,113,202,0,315,0,0,0,1.0,1.0,0.0,0.0,0.0,0.9999999999968254,315,0,0,0
sem_erro,xgboost,lacuna,40,20,20,236,236,83,153,0,236,0,0,0,1.0,1.0,0.0,0.0,0.0,0.9999999999957627,236,0,0,0
sem_erro,xgboost,lacuna,40,25,25,189,189,68,121,0,189,0,0,0,1.0,1.0,0.0,0.0,0.0,0.999999999994709,189,0,0,0
sem_erro,xgboost,lacuna,40,30,30,158,158,60,98,0,158,0,0,0,1.0,1.0,0.0,0.0,0.0,0.999999999993671,158,0,0,0
sem_erro,xgboost,lacuna,40,35,35,135,135,44,91,0,135,0,0,0,1.0,1.0,0.0,0.0,0.0,0.9999999999925927,135,0,0,0
sem_erro,xgboost,lacuna,40,40,40,118,118,41,77,0,118,0,0,0,1.0,1.0,0.0,0.0,0.0,0.9999999999915254,118,0,0,0
sem_erro,xgboost,lacuna,50,5,5,941,941,377,564,0,941,0,0,0,1.0,1.0,0.0,0.0,0.0,0.9999999999989373,941,0,0,0
sem_erro,xgboost,lacuna,50,10,10,471,471,189,282,0,471,0,0,0,1.0,1.0,0.0,0.0,0.0,0.9999999999978769,471,0,0,0
sem_erro,xgboost,lacuna,50,15,15,314,314,127,187,0,314,0,0,0,1.0,1.0,0.0,0.0,0.0,0.9999999999968153,314,0,0,0
sem_erro,xgboost,lacuna,50,20,20,236,236,97,139,0,236,0,0,0,1.0,1.0,0.0,0.0,0.0,0.9999999999957627,236,0,0,0
sem_erro,xgboost,lacuna,50,25,25,189,189,78,111,0,189,0,0,0,1.0,1.0,0.0,0.0,0.0,0.999999999994709,189,0,0,0
sem_erro,xgboost,lacuna,50,30,30,157,157,64,93,0,157,0,0,0,1.0,1.0,0.0,0.0,0.0,0.9999999999936307,157,0,0,0
sem_erro,xgboost,lacuna,50,35,35,135,135,50,85,0,135,0,0,0,1.0,1.0,0.0,0.0,0.0,0.9999999999925927,135,0,0,0
sem_erro,xgboost,lacuna,50,40,40,118,118,47,71,0,118,0,0,0,1.0,1.0,0.0,0.0,0.0,0.9999999999915254,118,0,0,0
sem_erro,xgboost,lacuna,50,45,45,105,105,42,63,0,105,0,0,0,1.0,1.0,0.0,0.0,0.0,0.9999999999904762,105,0,0,0
sem_erro,xgboost,lacuna,50,50,50,95,95,38,57,0,95,0,0,0,1.0,1.0,0.0,0.0,0.0,0.9999999999894736,95,0,0,0
sem_erro,xgboost,lacuna,60,5,5,939,939,410,529,0,939,0,0,0,1.0,1.0,0.0,0.0,0.0,0.9999999999989351,939,0,0,0
sem_erro,xgboost,lacuna,60,10,10,470,470,205,265,0,470,0,0,0,1.0,1.0,0.0,0.0,0.0,0.9999999999978724,470,0,0,0
sem_erro,xgboost,lacuna,60,15,15,313,313,138,175,0,313,0,0,0,1.0,1.0,0.0,0.0,0.0,0.9999999999968051,313,0,0,0
sem_erro,xgboost,lacuna,60,20,20,235,235,100,135,0,235,0,0,0,1.0,1.0,0.0,0.0,0.0,0.9999999999957447,235,0,0,0
sem_erro,xgboost,lacuna,60,25,25,188,188,83,105,0,188,0,0,0,1.0,1.0,0.0,0.0,0.0,0.9999999999946809,188,0,0,0
sem_erro,xgboost,lacuna,60,30,30,157,157,69,88,0,157,0,0,0,1.0,1.0,0.0,0.0,0.0,0.9999999999936307,157,0,0,0
sem_erro,xgboost,lacuna,60,35,35,135,135,60,75,0,135,0,0,0,1.0,1.0,0.0,0.0,0.0,0.9999999999925927,135,0,0,0
sem_erro,xgboost,lacuna,60,40,40,118,118,50,68,0,118,0,0,0,1.0,1.0,0.0,0.0,0.0,0.9999999999915254,118,0,0,0
sem_erro,xgboost,lacuna,60,45,45,105,105,47,58,0,105,0,0,0,1.0,1.0,0.0,0.0,0.0,0.9999999999904762,105,0,0,0
sem_erro,xgboost,lacuna,60,50,50,94,94,40,54,0,94,0,0,0,1.0,1.0,0.0,0.0,0.0,0.9999999999893616,94,0,0,0
sem_erro,xgboost,lacuna,60,55,55,86,86,37,49,0,86,0,0,0,1.0,1.0,0.0,0.0,0.0,0.9999999999883721,86,0,0,0
sem_erro,xgboost,lacuna,60,60,60,79,79,35,44,0,79,0,0,0,1.0,1.0,0.0,0.0,0.0,0.9999999999873417,79,0,0,0
sem_erro,xgboost,lacuna,70,5,5,937,937,441,496,0,937,0,0,0,1.0,1.0,0.0,0.0,0.0,0.9999999999989327,937,0,0,0
sem_erro,xgboost,lacuna,70,10,10,469,469,221,248,0,469,0,0,0,1.0,1.0,0.0,0.0,0.0,0.9999999999978678,469,0,0,0
sem_erro,xgboost,lacuna,70,15,15,313,313,146,167,0,313,0,0,0,1.0,1.0,0.0,0.0,0.0,0.9999999999968051,313,0,0,0
sem_erro,xgboost,lacuna,70,20,20,235,235,113,122,0,235,0,0,0,1.0,1.0,0.0,0.0,0.0,0.9999999999957447,235,0,0,0
sem_erro,xgboost,lacuna,70,25,25,188,188,92,96,0,188,0,0,0,1.0,1.0,0.0,0.0,0.0,0.9999999999946809,188,0,0,0
sem_erro,xgboost,lacuna,70,30,30,157,157,76,81,0,157,0,0,0,1.0,1.0,0.0,0.0,0.0,0.9999999999936307,157,0,0,0
sem_erro,xgboost,lacuna,70,35,35,134,134,61,73,0,134,0,0,0,1.0,1.0,0.0,0.0,0.0,0.9999999999925374,134,0,0,0
sem_erro,xgboost,lacuna,70,40,40,118,118,58,60,0,118,0,0,0,1.0,1.0,0.0,0.0,0.0,0.9999999999915254,118,0,0,0
sem_erro,xgboost,lacuna,70,45,45,105,105,51,54,0,105,0,0,0,1.0,1.0,0.0,0.0,0.0,0.9999999999904762,105,0,0,0
sem_erro,xgboost,lacuna,70,50,50,94,94,46,48,0,94,0,0,0,1.0,1.0,0.0,0.0,0.0,0.9999999999893616,94,0,0,0
sem_erro,xgboost,lacuna,70,55,55,86,86,41,45,0,86,0,0,0,1.0,1.0,0.0,0.0,0.0,0.9999999999883721,86,0,0,0
sem_erro,xgboost,lacuna,70,60,60,79,79,40,39,0,79,0,0,0,1.0,1.0,0.0,0.0,0.0,0.9999999999873417,79,0,0,0
sem_erro,xgboost,lacuna,70,65,65,73,73,33,40,0,73,0,0,0,1.0,1.0,0.0,0.0,0.0,0.9999999999863013,73,0,0,0
sem_erro,xgboost,lacuna,70,70,70,67,67,28,39,0,67,0,0,0,1.0,1.0,0.0,0.0,0.0,0.9999999999850746,67,0,0,0
sem_erro,xgboost,lacuna,80,5,5,935,935,469,466,0,935,0,0,0,1.0,1.0,0.0,0.0,0.0,0.9999999999989305,935,0,0,0
sem_erro,xgboost,lacuna,80,10,10,468,468,235,233,0,468,0,0,0,1.0,1.0,0.0,0.0,0.0,0.9999999999978633,468,0,0,0
sem_erro,xgboost,lacuna,80,15,15,312,312,157,155,0,312,0,0,0,1.0,1.0,0.0,0.0,0.0,0.9999999999967949,312,0,0,0
sem_erro,xgboost,lacuna,80,20,20,234,234,116,118,0,234,0,0,0,1.0,1.0,0.0,0.0,0.0,0.9999999999957265,234,0,0,0
sem_erro,xgboost,lacuna,80,25,25,187,187,97,90,0,187,0,0,0,1.0,1.0,0.0,0.0,0.0,0.9999999999946525,187,0,0,0
sem_erro,xgboost,lacuna,80,30,30,156,156,79,77,0,156,0,0,0,1.0,1.0,0.0,0.0,0.0,0.9999999999935898,156,0,0,0
sem_erro,xgboost,lacuna,80,35,35,134,134,66,68,0,134,0,0,0,1.0,1.0,0.0,0.0,0.0,0.9999999999925374,134,0,0,0
sem_erro,xgboost,lacuna,80,40,40,117,117,58,59,0,117,0,0,0,1.0,1.0,0.0,0.0,0.0,0.999999999991453,117,0,0,0
sem_erro,xgboost,lacuna,80,45,45,104,104,54,50,0,104,0,0,0,1.0,1.0,0.0,0.0,0.0,0.9999999999903846,104,0,0,0
sem_erro,xgboost,lacuna,80,50,50,94,94,49,45,0,94,0,0,0,1.0,1.0,0.0,0.0,0.0,0.9999999999893616,94,0,0,0
sem_erro,xgboost,lacuna,80,55,55,85,85,42,43,0,85,0,0,0,1.0,1.0,0.0,0.0,0.0,0.9999999999882353,85,0,0,0
sem_erro,xgboost,lacuna,80,60,60,78,78,40,38,0,78,0,0,0,1.0,1.0,0.0,0.0,0.0,0.9999999999871795,78,0,0,0
sem_erro,xgboost,lacuna,80,65,65,72,72,36,36,0,72,0,0,0,1.0,1.0,0.0,0.0,0.0,0.9999999999861111,72,0,0,0
sem_erro,xgboost,lacuna,80,70,70,67,67,31,36,0,67,0,0,0,1.0,1.0,0.0,0.0,0.0,0.9999999999850746,67,0,0,0
sem_erro,xgboost,lacuna,80,75,75,63,63,32,31,0,63,0,0,0,1.0,1.0,0.0,0.0,0.0,0.999999999984127,63,0,0,0
sem_erro,xgboost,lacuna,80,80,80,59,59,27,32,0,59,0,0,0,1.0,1.0,0.0,0.0,0.0,0.9999999999830509,59,0,0,0
sem_erro,xgboost,lacuna,90,5,5,933,933,497,436,0,933,0,0,0,1.0,1.0,0.0,0.0,0.0,0.9999999999989282,933,0,0,0
sem_erro,xgboost,lacuna,90,10,10,467,467,249,218,0,467,0,0,0,1.0,1.0,0.0,0.0,0.0,0.9999999999978587,467,0,0,0
sem_erro,xgboost,lacuna,90,15,15,311,311,168,143,0,311,0,0,0,1.0,1.0,0.0,0.0,0.0,0.9999999999967846,311,0,0,0
sem_erro,xgboost,lacuna,90,20,20,234,234,127,107,0,234,0,0,0,1.0,1.0,0.0,0.0,0.0,0.9999999999957265,234,0,0,0
sem_erro,xgboost,lacuna,90,25,25,187,187,100,87,0,187,0,0,0,1.0,1.0,0.0,0.0,0.0,0.9999999999946525,187,0,0,0
sem_erro,xgboost,lacuna,90,30,30,156,156,84,72,0,156,0,0,0,1.0,1.0,0.0,0.0,0.0,0.9999999999935898,156,0,0,0
sem_erro,xgboost,lacuna,90,35,35,134,134,73,61,0,134,0,0,0,1.0,1.0,0.0,0.0,0.0,0.9999999999925374,134,0,0,0
sem_erro,xgboost,lacuna,90,40,40,117,117,62,55,0,117,0,0,0,1.0,1.0,0.0,0.0,0.0,0.999999999991453,117,0,0,0
sem_erro,xgboost,lacuna,90,45,45,104,104,56,48,0,104,0,0,0,1.0,1.0,0.0,0.0,0.0,0.9999999999903846,104,0,0,0
sem_erro,xgboost,lacuna,90,50,50,94,94,51,43,0,94,0,0,0,1.0,1.0,0.0,0.0,0.0,0.9999999999893616,94,0,0,0
sem_erro,xgboost,lacuna,90,55,55,85,85,47,38,0,85,0,0,0,1.0,1.0,0.0,0.0,0.0,0.9999999999882353,85,0,0,0
sem_erro,xgboost,lacuna,90,60,60,78,78,44,34,0,78,0,0,0,1.0,1.0,0.0,0.0,0.0,0.9999999999871795,78,0,0,0
sem_erro,xgboost,lacuna,90,65,65,72,72,40,32,0,72,0,0,0,1.0,1.0,0.0,0.0,0.0,0.9999999999861111,72,0,0,0
sem_erro,xgboost,lacuna,90,70,70,67,67,35,32,0,67,0,0,0,1.0,1.0,0.0,0.0,0.0,0.9999999999850746,67,0,0,0
sem_erro,xgboost,lacuna,90,75,75,63,63,33,30,0,63,0,0,0,1.0,1.0,0.0,0.0,0.0,0.999999999984127,63,0,0,0
sem_erro,xgboost,lacuna,90,80,80,59,59,29,30,0,59,0,0,0,1.0,1.0,0.0,0.0,0.0,0.9999999999830509,59,0,0,0
sem_erro,xgboost,lacuna,90,85,85,55,55,32,23,0,55,0,0,0,1.0,1.0,0.0,0.0,0.0,0.9999999999818182,55,0,0,0
sem_erro,xgboost,lacuna,90,90,90,52,52,32,20,0,52,0,0,0,1.0,1.0,0.0,0.0,0.0,0.9999999999807693,52,0,0,0
sem_erro,xgboost,lacuna,100,5,5,931,931,523,408,0,931,0,0,0,1.0,1.0,0.0,0.0,0.0,0.9999999999989259,931,0,0,0
sem_erro,xgboost,lacuna,100,10,10,466,466,262,204,0,466,0,0,0,1.0,1.0,0.0,0.0,0.0,0.999999999997854,466,0,0,0
sem_erro,xgboost,lacuna,100,15,15,311,311,174,137,0,311,0,0,0,1.0,1.0,0.0,0.0,0.0,0.9999999999967846,311,0,0,0
sem_erro,xgboost,lacuna,100,20,20,233,233,130,103,0,233,0,0,0,1.0,1.0,0.0,0.0,0.0,0.9999999999957082,233,0,0,0
sem_erro,xgboost,lacuna,100,25,25,187,187,109,78,0,187,0,0,0,1.0,1.0,0.0,0.0,0.0,0.9999999999946525,187,0,0,0
sem_erro,xgboost,lacuna,100,30,30,156,156,90,66,0,156,0,0,0,1.0,1.0,0.0,0.0,0.0,0.9999999999935898,156,0,0,0
sem_erro,xgboost,lacuna,100,35,35,133,133,75,58,0,133,0,0,0,1.0,1.0,0.0,0.0,0.0,0.9999999999924812,133,0,0,0
sem_erro,xgboost,lacuna,100,40,40,117,117,65,52,0,117,0,0,0,1.0,1.0,0.0,0.0,0.0,0.999999999991453,117,0,0,0
sem_erro,xgboost,lacuna,100,45,45,104,104,57,47,0,104,0,0,0,1.0,1.0,0.0,0.0,0.0,0.9999999999903846,104,0,0,0
sem_erro,xgboost,lacuna,100,50,50,94,94,54,40,0,94,0,0,0,1.0,1.0,0.0,0.0,0.0,0.9999999999893616,94,0,0,0
sem_erro,xgboost,lacuna,100,55,55,85,85,48,37,0,85,0,0,0,1.0,1.0,0.0,0.0,0.0,0.9999999999882353,85,0,0,0
sem_erro,xgboost,lacuna,100,60,60,78,78,46,32,0,78,0,0,0,1.0,1.0,0.0,0.0,0.0,0.9999999999871795,78,0,0,0
sem_erro,xgboost,lacuna,100,65,65,72,72,41,31,0,72,0,0,0,1.0,1.0,0.0,0.0,0.0,0.9999999999861111,72,0,0,0
sem_erro,xgboost,lacuna,100,70,70,67,67,37,30,0,67,0,0,0,1.0,1.0,0.0,0.0,0.0,0.9999999999850746,67,0,0,0
sem_erro,xgboost,lacuna,100,75,75,63,63,36,27,0,63,0,0,0,1.0,1.0,0.0,0.0,0.0,0.999999999984127,63,0,0,0
sem_erro,xgboost,lacuna,100,80,80,59,59,32,27,0,59,0,0,0,1.0,1.0,0.0,0.0,0.0,0.9999999999830509,59,0,0,0
sem_erro,xgboost,lacuna,100,85,85,55,55,34,21,0,55,0,0,0,1.0,1.0,0.0,0.0,0.0,0.9999999999818182,55,0,0,0
sem_erro,xgboost,lacuna,100,90,90,52,52,33,19,0,52,0,0,0,1.0,1.0,0.0,0.0,0.0,0.9999999999807693,52,0,0,0
sem_erro,xgboost,lacuna,100,95,95,49,49,27,22,0,49,0,0,0,1.0,1.0,0.0,0.0,0.0,0.9999999999795919,49,0,0,0
sem_erro,xgboost,lacuna,100,100,100,47,47,26,21,0,47,0,0,0,1.0,1.0,0.0,0.0,0.0,0.9999999999787235,47,0,0,0
sem_erro,xgboost,oscilacao,20,5,5,947,947,359,588,0,947,0,3,3,0.9936642027455121,0.9936642027455121,0.0,0.0,0.0,0.9936642027444629,941,6,0,0
sem_erro,xgboost,oscilacao,20,10,10,474,474,181,293,0,474,0,2,2,0.9915611814345991,0.9915611814345991,0.0,0.0,0.0,0.9915611814325073,470,4,0,0
sem_erro,xgboost,oscilacao,20,15,15,316,316,115,201,0,316,0,2,2,0.9936708860759493,0.9936708860759493,0.0,0.0,0.0,0.9936708860728048,314,2,0,0
sem_erro,xgboost,oscilacao,20,20,20,237,237,90,147,0,237,0,3,3,0.9873417721518988,0.9873417721518988,0.0,0.0,0.0,0.9873417721477328,234,3,0,0
sem_erro,xgboost,oscilacao,30,5,5,945,945,395,550,0,945,0,8,8,0.9830687830687831,0.9830687830687831,0.0,0.0,0.0,0.9830687830677428,929,16,0,0
sem_erro,xgboost,oscilacao,30,10,10,473,473,199,274,0,473,0,4,4,0.985200845665962,0.985200845665962,0.0,0.0,0.0,0.9852008456638791,466,7,0,0
sem_erro,xgboost,oscilacao,30,15,15,315,315,127,188,0,315,0,3,3,0.9873015873015873,0.9873015873015873,0.0,0.0,0.0,0.9873015872984531,311,4,0,0
sem_erro,xgboost,oscilacao,30,20,20,237,237,99,138,0,237,0,3,3,0.9873417721518988,0.9873417721518988,0.0,0.0,0.0,0.9873417721477328,234,3,0,0
sem_erro,xgboost,oscilacao,30,25,25,189,189,78,111,0,189,0,6,6,0.9576719576719577,0.9576719576719577,0.0,0.0,0.0,0.9576719576668907,181,8,0,0
sem_erro,xgboost,oscilacao,30,30,30,158,158,62,96,0,158,0,4,4,0.9746835443037974,0.9746835443037974,0.0,0.0,0.0,0.9746835442976286,154,4,0,0
sem_erro,xgboost,oscilacao,40,5,5,943,943,429,514,0,943,0,6,6,0.9787910922587487,0.9787910922587487,0.0,0.0,0.0,0.9787910922577108,923,20,0,0
sem_erro,xgboost,oscilacao,40,10,10,472,472,215,257,0,472,0,6,6,0.9830508474576272,0.9830508474576272,0.0,0.0,0.0,0.9830508474555444,464,8,0,0
sem_erro,xgboost,oscilacao,40,15,15,315,315,140,175,0,315,0,13,13,0.9523809523809523,0.9523809523809523,0.0,0.0,0.0,0.952380952377929,300,15,0,0
sem_erro,xgboost,oscilacao,40,20,20,236,236,106,130,0,236,0,4,4,0.9745762711864406,0.9745762711864406,0.0,0.0,0.0,0.9745762711823112,230,6,0,0
sem_erro,xgboost,oscilacao,40,25,25,189,189,87,102,0,189,0,4,4,0.9735449735449735,0.9735449735449735,0.0,0.0,0.0,0.9735449735398226,184,5,0,0
sem_erro,xgboost,oscilacao,40,30,30,158,158,68,90,0,158,0,5,5,0.9556962025316456,0.9556962025316456,0.0,0.0,0.0,0.955696202525597,151,7,0,0
sem_erro,xgboost,oscilacao,40,35,35,135,135,62,73,0,135,0,5,5,0.9407407407407408,0.9407407407407408,0.0,0.0,0.0,0.9407407407337723,127,8,0,0
sem_erro,xgboost,oscilacao,40,40,40,118,118,54,64,0,118,0,4,4,0.9491525423728814,0.9491525423728814,0.0,0.0,0.0,0.9491525423648377,112,6,0,0
sem_erro,xgboost,oscilacao,50,5,5,941,941,459,482,0,941,0,7,7,0.9829968119022316,0.9829968119022316,0.0,0.0,0.0,0.982996811901187,925,16,0,0
sem_erro,xgboost,oscilacao,50,10,10,471,471,230,241,0,471,0,4,4,0.9808917197452229,0.9808917197452229,0.0,0.0,0.0,0.9808917197431404,462,9,0,0
sem_erro,xgboost,oscilacao,50,15,15,314,314,149,165,0,314,0,3,3,0.9777070063694268,0.9777070063694268,0.0,0.0,0.0,0.977707006366313,307,7,0,0
sem_erro,xgboost,oscilacao,50,20,20,236,236,115,121,0,236,0,11,11,0.9279661016949152,0.9279661016949152,0.0,0.0,0.0,0.9279661016909833,219,17,0,0
sem_erro,xgboost,oscilacao,50,25,25,189,189,90,99,0,189,0,8,8,0.9312169312169312,0.9312169312169312,0.0,0.0,0.0,0.9312169312120042,176,13,0,0
sem_erro,xgboost,oscilacao,50,30,30,157,157,73,84,0,157,0,5,5,0.9554140127388535,0.9554140127388535,0.0,0.0,0.0,0.9554140127327682,150,7,0,0
sem_erro,xgboost,oscilacao,50,35,35,135,135,68,67,0,135,0,5,5,0.9333333333333333,0.9333333333333333,0.0,0.0,0.0,0.9333333333264199,126,9,0,0
sem_erro,xgboost,oscilacao,50,40,40,118,118,60,58,0,118,0,3,3,0.9491525423728814,0.9491525423728814,0.0,0.0,0.0,0.9491525423648377,112,6,0,0
sem_erro,xgboost,oscilacao,50,45,45,105,105,48,57,0,105,0,3,3,0.9428571428571428,0.9428571428571428,0.0,0.0,0.0,0.9428571428481632,99,6,0,0
sem_erro,xgboost,oscilacao,50,50,50,95,95,47,48,0,95,0,4,4,0.9157894736842105,0.9157894736842105,0.0,0.0,0.0,0.9157894736745706,87,8,0,0
sem_erro,xgboost,oscilacao,60,5,5,939,939,488,451,0,939,0,5,5,0.9787007454739084,0.9787007454739084,0.0,0.0,0.0,0.9787007454728661,919,20,0,0
sem_erro,xgboost,oscilacao,60,10,10,470,470,244,226,0,470,0,4,4,0.9723404255319149,0.9723404255319149,0.0,0.0,0.0,0.9723404255298461,457,13,0,0
sem_erro,xgboost,oscilacao,60,15,15,313,313,159,154,0,313,0,2,2,0.987220447284345,0.987220447284345,0.0,0.0,0.0,0.9872204472811911,309,4,0,0
sem_erro,xgboost,oscilacao,60,20,20,235,235,121,114,0,235,0,3,3,0.9787234042553191,0.9787234042553191,0.0,0.0,0.0,0.9787234042511544,230,5,0,0
sem_erro,xgboost,oscilacao,60,25,25,188,188,102,86,0,188,0,5,5,0.9680851063829787,0.9680851063829787,0.0,0.0,0.0,0.9680851063778294,182,6,0,0
sem_erro,xgboost,oscilacao,60,30,30,157,157,78,79,0,157,0,5,5,0.9617834394904459,0.9617834394904459,0.0,0.0,0.0,0.9617834394843199,151,6,0,0
sem_erro,xgboost,oscilacao,60,35,35,135,135,72,63,0,135,0,6,6,0.9333333333333333,0.9333333333333333,0.0,0.0,0.0,0.9333333333264199,126,9,0,0
sem_erro,xgboost,oscilacao,60,40,40,118,118,63,55,0,118,0,6,6,0.923728813559322,0.923728813559322,0.0,0.0,0.0,0.9237288135514938,109,9,0,0
sem_erro,xgboost,oscilacao,60,45,45,105,105,54,51,0,105,0,4,4,0.9523809523809523,0.9523809523809523,0.0,0.0,0.0,0.952380952371882,100,5,0,0
sem_erro,xgboost,oscilacao,60,50,50,94,94,52,42,0,94,0,5,5,0.9148936170212766,0.9148936170212766,0.0,0.0,0.0,0.9148936170115437,86,8,0,0
sem_erro,xgboost,oscilacao,60,55,55,86,86,46,40,0,86,0,5,5,0.9302325581395349,0.9302325581395349,0.0,0.0,0.0,0.9302325581287182,80,6,0,0
sem_erro,xgboost,oscilacao,60,60,60,79,79,38,41,0,79,0,8,8,0.8734177215189873,0.8734177215189873,0.0,0.0,0.0,0.8734177215079314,69,10,0,0
sem_erro,xgboost,oscilacao,70,5,5,937,937,514,423,0,937,0,5,5,0.9733191035218783,0.9733191035218783,0.0,0.0,0.0,0.9733191035208396,912,25,0,0
sem_erro,xgboost,oscilacao,70,10,10,469,469,257,212,0,469,0,7,7,0.9552238805970149,0.9552238805970149,0.0,0.0,0.0,0.9552238805949782,448,21,0,0
sem_erro,xgboost,oscilacao,70,15,15,313,313,169,144,0,313,0,6,6,0.8562300319488818,0.8562300319488818,0.0,0.0,0.0,0.8562300319461462,268,45,0,0
sem_erro,xgboost,oscilacao,70,20,20,235,235,128,107,0,235,0,14,14,0.902127659574468,0.902127659574468,0.0,0.0,0.0,0.9021276595706292,212,23,0,0
sem_erro,xgboost,oscilacao,70,25,25,188,188,104,84,0,188,0,7,7,0.8457446808510638,0.8457446808510638,0.0,0.0,0.0,0.8457446808465653,159,29,0,0
sem_erro,xgboost,oscilacao,70,30,30,157,157,83,74,0,157,0,8,8,0.910828025477707,0.910828025477707,0.0,0.0,0.0,0.9108280254719057,143,14,0,0
sem_erro,xgboost,oscilacao,70,35,35,134,134,74,60,0,134,0,10,10,0.7761194029850746,0.7761194029850746,0.0,0.0,0.0,0.7761194029792827,104,30,0,0
sem_erro,xgboost,oscilacao,70,40,40,118,118,65,53,0,118,0,7,7,0.7966101694915254,0.7966101694915254,0.0,0.0,0.0,0.7966101694847745,94,24,0,0
sem_erro,xgboost,oscilacao,70,45,45,105,105,58,47,0,105,0,5,5,0.819047619047619,0.819047619047619,0.0,0.0,0.0,0.8190476190398186,86,19,0,0
sem_erro,xgboost,oscilacao,70,50,50,94,94,53,41,0,94,0,7,7,0.8404255319148937,0.8404255319148937,0.0,0.0,0.0,0.8404255319059529,79,15,0,0
sem_erro,xgboost,oscilacao,70,55,55,86,86,46,40,0,86,0,6,6,0.9069767441860465,0.9069767441860465,0.0,0.0,0.0,0.9069767441755002,78,8,0,0
sem_erro,xgboost,oscilacao,70,60,60,79,79,43,36,0,79,0,9,9,0.759493670886076,0.759493670886076,0.0,0.0,0.0,0.759493670876462,60,19,0,0
sem_erro,xgboost,oscilacao,70,65,65,73,73,41,32,0,73,0,8,8,0.8493150684931506,0.8493150684931506,0.0,0.0,0.0,0.8493150684815162,62,11,0,0
sem_erro,xgboost,oscilacao,70,70,70,67,67,37,30,0,67,0,13,13,0.746268656716418,0.746268656716418,0.0,0.0,0.0,0.7462686567052795,50,17,0,0
sem_erro,xgboost,oscilacao,80,5,5,935,935,538,397,0,935,0,7,7,0.8716577540106952,0.8716577540106952,0.0,0.0,0.0,0.871657754009763,815,120,0,0
sem_erro,xgboost,oscilacao,80,10,10,468,468,269,199,0,468,0,8,8,0.8611111111111112,0.8611111111111112,0.0,0.0,0.0,0.8611111111092712,403,65,0,0
sem_erro,xgboost,oscilacao,80,15,15,312,312,176,136,0,312,0,6,6,0.9455128205128205,0.9455128205128205,0.0,0.0,0.0,0.94551282050979,295,17,0,0
sem_erro,xgboost,oscilacao,80,20,20,234,234,134,100,0,234,0,10,10,0.9145299145299145,0.9145299145299145,0.0,0.0,0.0,0.9145299145260063,214,20,0,0
sem_erro,xgboost,oscilacao,80,25,25,187,187,107,80,0,187,0,10,10,0.8823529411764706,0.8823529411764706,0.0,0.0,0.0,0.8823529411717522,165,22,0,0
sem_erro,xgboost,oscilacao,80,30,30,156,156,87,69,0,156,0,8,8,0.9038461538461539,0.9038461538461539,0.0,0.0,0.0,0.90384615384036,141,15,0,0
sem_erro,xgboost,oscilacao,80,35,35,134,134,79,55,0,134,0,11,11,0.8656716417910447,0.8656716417910447,0.0,0.0,0.0,0.8656716417845846,116,18,0,0
sem_erro,xgboost,oscilacao,80,40,40,117,117,68,49,0,117,0,9,9,0.8632478632478633,0.8632478632478633,0.0,0.0,0.0,0.8632478632404851,101,16,0,0
sem_erro,xgboost,oscilacao,80,45,45,104,104,60,44,0,104,0,8,8,0.8846153846153846,0.8846153846153846,0.0,0.0,0.0,0.8846153846068787,92,12,0,0
sem_erro,xgboost,oscilacao,80,50,50,94,94,54,40,0,94,0,6,6,0.8829787234042553,0.8829787234042553,0.0,0.0,0.0,0.8829787233948619,83,11,0,0
sem_erro,xgboost,oscilacao,80,55,55,85,85,48,37,0,85,0,13,13,0.6352941176470588,0.6352941176470588,0.0,0.0,0.0,0.6352941176395848,54,31,0,0
sem_erro,xgboost,oscilacao,80,60,60,78,78,46,32,0,78,0,5,5,0.8717948717948718,0.8717948717948718,0.0,0.0,0.0,0.8717948717836949,68,10,0,0
sem_erro,xgboost,oscilacao,80,65,65,72,72,42,30,0,72,0,5,5,0.875,0.875,0.0,0.0,0.0,0.8749999999878472,63,9,0,0
sem_erro,xgboost,oscilacao,80,70,70,67,67,39,28,0,67,0,7,7,0.8507462686567164,0.8507462686567164,0.0,0.0,0.0,0.8507462686440187,57,10,0,0
sem_erro,xgboost,oscilacao,80,75,75,63,63,35,28,0,63,0,9,9,0.8412698412698413,0.8412698412698413,0.0,0.0,0.0,0.8412698412564878,53,10,0,0
sem_erro,xgboost,oscilacao,80,80,80,59,59,36,23,0,59,0,8,8,0.6271186440677966,0.6271186440677966,0.0,0.0,0.0,0.6271186440571676,37,22,0,0
sem_erro,xgboost,oscilacao,90,5,5,933,933,562,371,0,933,0,9,9,0.9560557341907824,0.9560557341907824,0.0,0.0,0.0,0.9560557341897578,892,41,0,0
sem_erro,xgboost,oscilacao,90,10,10,467,467,281,186,0,467,0,10,10,0.8501070663811563,0.8501070663811563,0.0,0.0,0.0,0.850107066379336,397,70,0,0
sem_erro,xgboost,oscilacao,90,15,15,311,311,184,127,0,311,0,12,12,0.9389067524115756,0.9389067524115756,0.0,0.0,0.0,0.9389067524085566,292,19,0,0
sem_erro,xgboost,oscilacao,90,20,20,234,234,140,94,0,234,0,13,13,0.8632478632478633,0.8632478632478633,0.0,0.0,0.0,0.8632478632441742,202,32,0,0
sem_erro,xgboost,oscilacao,90,25,25,187,187,114,73,0,187,0,9,9,0.93048128342246,0.93048128342246,0.0,0.0,0.0,0.9304812834174842,174,13,0,0
sem_erro,xgboost,oscilacao,90,30,30,156,156,91,65,0,156,0,8,8,0.9038461538461539,0.9038461538461539,0.0,0.0,0.0,0.90384615384036,141,15,0,0
sem_erro,xgboost,oscilacao,90,35,35,134,134,82,52,0,134,0,14,14,0.8059701492537313,0.8059701492537313,0.0,0.0,0.0,0.8059701492477167,108,26,0,0
sem_erro,xgboost,oscilacao,90,40,40,117,117,72,45,0,117,0,9,9,0.8632478632478633,0.8632478632478633,0.0,0.0,0.0,0.8632478632404851,101,16,0,0
sem_erro,xgboost,oscilacao,90,45,45,104,104,60,44,0,104,0,3,3,0.9423076923076923,0.9423076923076923,0.0,0.0,0.0,0.9423076922986316,98,6,0,0
sem_erro,xgboost,oscilacao,90,50,50,94,94,58,36,0,94,0,8,8,0.8936170212765957,0.8936170212765957,0.0,0.0,0.0,0.8936170212670892,84,10,0,0
sem_erro,xgboost,oscilacao,90,55,55,85,85,51,34,0,85,0,5,5,0.8705882352941177,0.8705882352941177,0.0,0.0,0.0,0.8705882352838754,74,11,0,0
sem_erro,xgboost,oscilacao,90,60,60,78,78,47,31,0,78,0,7,7,0.8461538461538461,0.8461538461538461,0.0,0.0,0.0,0.8461538461429979,66,12,0,0
sem_erro,xgboost,oscilacao,90,65,65,72,72,44,28,0,72,0,5,5,0.8472222222222222,0.8472222222222222,0.0,0.0,0.0,0.8472222222104552,61,11,0,0
sem_erro,xgboost,oscilacao,90,70,70,67,67,40,27,0,67,0,9,9,0.6268656716417911,0.6268656716417911,0.0,0.0,0.0,0.6268656716324348,42,25,0,0
sem_erro,xgboost,oscilacao,90,75,75,63,63,38,25,0,63,0,7,7,0.8571428571428571,0.8571428571428571,0.0,0.0,0.0,0.8571428571292518,54,9,0,0
sem_erro,xgboost,oscilacao,90,80,80,59,59,36,23,0,59,0,8,8,0.5932203389830508,0.5932203389830508,0.0,0.0,0.0,0.5932203389729963,35,24,0,0
sem_erro,xgboost,oscilacao,90,85,85,55,55,31,24,0,55,0,8,8,0.8181818181818182,0.8181818181818182,0.0,0.0,0.0,0.8181818181669422,45,10,0,0
sem_erro,xgboost,oscilacao,90,90,90,52,52,31,21,0,52,0,6,6,0.8269230769230769,0.8269230769230769,0.0,0.0,0.0,0.8269230769071746,43,9,0,0
sem_erro,xgboost,oscilacao,100,5,5,931,931,586,345,0,931,0,10,10,0.8560687432867884,0.8560687432867884,0.0,0.0,0.0,0.8560687432858689,797,134,0,0
sem_erro,xgboost,oscilacao,100,10,10,466,466,293,173,0,466,0,9,9,0.9399141630901288,0.9399141630901288,0.0,0.0,0.0,0.9399141630881118,438,28,0,0
sem_erro,xgboost,oscilacao,100,15,15,311,311,193,118,0,311,0,12,12,0.9228295819935691,0.9228295819935691,0.0,0.0,0.0,0.9228295819906018,287,24,0,0
sem_erro,xgboost,oscilacao,100,20,20,233,233,146,87,0,233,0,8,8,0.944206008583691,0.944206008583691,0.0,0.0,0.0,0.9442060085796387,220,13,0,0
sem_erro,xgboost,oscilacao,100,25,25,187,187,116,71,0,187,0,11,11,0.893048128342246,0.893048128342246,0.0,0.0,0.0,0.8930481283374704,167,20,0,0
sem_erro,xgboost,oscilacao,100,30,30,156,156,95,61,0,156,0,6,6,0.9423076923076923,0.9423076923076923,0.0,0.0,0.0,0.9423076923016519,147,9,0,0
sem_erro,xgboost,oscilacao,100,35,35,133,133,85,48,0,133,0,14,14,0.7518796992481203,0.7518796992481203,0.0,0.0,0.0,0.7518796992424671,100,33,0,0
sem_erro,xgboost,oscilacao,100,40,40,117,117,75,42,0,117,0,17,17,0.7948717948717948,0.7948717948717948,0.0,0.0,0.0,0.794871794865001,93,24,0,0
sem_erro,xgboost,oscilacao,100,45,45,104,104,63,41,0,104,0,17,17,0.7403846153846154,0.7403846153846154,0.0,0.0,0.0,0.7403846153774962,77,27,0,0
sem_erro,xgboost,oscilacao,100,50,50,94,94,59,35,0,94,0,8,8,0.8723404255319149,0.8723404255319149,0.0,0.0,0.0,0.8723404255226347,82,12,0,0
sem_erro,xgboost,oscilacao,100,55,55,85,85,55,30,0,85,0,10,10,0.6235294117647059,0.6235294117647059,0.0,0.0,0.0,0.6235294117573702,53,32,0,0
sem_erro,xgboost,oscilacao,100,60,60,78,78,47,31,0,78,0,3,3,0.9487179487179487,0.9487179487179487,0.0,0.0,0.0,0.9487179487057856,74,4,0,0
sem_erro,xgboost,oscilacao,100,65,65,72,72,45,27,0,72,0,6,6,0.75,0.75,0.0,0.0,0.0,0.7499999999895833,54,18,0,0
sem_erro,xgboost,oscilacao,100,70,70,67,67,44,23,0,67,0,11,11,0.6417910447761194,0.6417910447761194,0.0,0.0,0.0,0.6417910447665404,43,24,0,0
sem_erro,xgboost,oscilacao,100,75,75,63,63,39,24,0,63,0,10,10,0.7619047619047619,0.7619047619047619,0.0,0.0,0.0,0.7619047618926682,48,15,0,0
sem_erro,xgboost,oscilacao,100,80,80,59,59,39,20,0,59,0,15,15,0.3728813559322034,0.3728813559322034,0.0,0.0,0.0,0.3728813559258834,22,37,0,0
sem_erro,xgboost,oscilacao,100,85,85,55,55,35,20,0,55,0,5,5,0.7818181818181819,0.7818181818181819,0.0,0.0,0.0,0.781818181803967,43,12,0,0
sem_erro,xgboost,oscilacao,100,90,90,52,52,32,20,0,52,0,4,4,0.8461538461538461,0.8461538461538461,0.0,0.0,0.0,0.846153846137574,44,8,0,0
sem_erro,xgboost,oscilacao,100,95,95,49,49,29,20,0,49,0,6,6,0.5714285714285714,0.5714285714285714,0.0,0.0,0.0,0.5714285714169096,28,21,0,0
sem_erro,xgboost,oscilacao,100,100,100,47,47,28,19,0,47,0,6,6,0.8085106382978723,0.8085106382978723,0.0,0.0,0.0,0.80851063828067,38,9,0,0
sem_erro,xgboost,queda,20,5,5,947,947,227,720,0,947,0,2,2,0.996832101372756,0.996832101372756,0.0,0.0,0.0,0.9968321013717034,944,3,0,0
sem_erro,xgboost,queda,20,10,10,474,474,115,359,0,474,0,3,3,0.9936708860759493,0.9936708860759493,0.0,0.0,0.0,0.993670886073853,471,3,0,0
sem_erro,xgboost,queda,20,15,15,316,316,77,239,0,316,0,3,3,0.990506329113924,0.990506329113924,0.0,0.0,0.0,0.9905063291107896,313,3,0,0
sem_erro,xgboost,queda,20,20,20,237,237,58,179,0,237,0,1,1,0.9831223628691983,0.9831223628691983,0.0,0.0,0.0,0.9831223628650502,233,4,0,0
sem_erro,xgboost,queda,30,5,5,945,945,268,677,0,945,0,2,2,0.9904761904761905,0.9904761904761905,0.0,0.0,0.0,0.9904761904751423,936,9,0,0
sem_erro,xgboost,queda,30,10,10,473,473,135,338,0,473,0,3,3,0.985200845665962,0.985200845665962,0.0,0.0,0.0,0.9852008456638791,466,7,0,0
sem_erro,xgboost,queda,30,15,15,315,315,91,224,0,315,0,1,1,0.9746031746031746,0.9746031746031746,0.0,0.0,0.0,0.9746031746000806,307,8,0,0
sem_erro,xgboost,queda,30,20,20,237,237,70,167,0,237,0,2,2,0.9704641350210971,0.9704641350210971,0.0,0.0,0.0,0.9704641350170023,230,7,0,0
sem_erro,xgboost,queda,30,25,25,189,189,52,137,0,189,0,2,2,0.9841269841269841,0.9841269841269841,0.0,0.0,0.0,0.9841269841217771,186,3,0,0
sem_erro,xgboost,queda,30,30,30,158,158,48,110,0,158,0,1,1,0.9746835443037974,0.9746835443037974,0.0,0.0,0.0,0.9746835442976286,154,4,0,0
sem_erro,xgboost,queda,40,5,5,943,943,308,635,0,943,0,2,2,0.985153764581124,0.985153764581124,0.0,0.0,0.0,0.9851537645800794,929,14,0,0
sem_erro,xgboost,queda,40,10,10,472,472,155,317,0,472,0,2,2,0.9766949152542372,0.9766949152542372,0.0,0.0,0.0,0.976694915252168,461,11,0,0
sem_erro,xgboost,queda,40,15,15,315,315,104,211,0,315,0,4,4,0.9777777777777777,0.9777777777777777,0.0,0.0,0.0,0.9777777777746738,308,7,0,0
sem_erro,xgboost,queda,40,20,20,236,236,78,158,0,236,0,2,2,0.9703389830508474,0.9703389830508474,0.0,0.0,0.0,0.9703389830467359,229,7,0,0
sem_erro,xgboost,queda,40,25,25,189,189,66,123,0,189,0,2,2,0.9682539682539683,0.9682539682539683,0.0,0.0,0.0,0.9682539682488452,183,6,0,0
sem_erro,xgboost,queda,40,30,30,158,158,53,105,0,158,0,2,2,0.9683544303797469,0.9683544303797469,0.0,0.0,0.0,0.9683544303736181,153,5,0,0
sem_erro,xgboost,queda,40,35,35,135,135,46,89,0,135,0,2,2,0.9703703703703703,0.9703703703703703,0.0,0.0,0.0,0.9703703703631825,131,4,0,0
sem_erro,xgboost,queda,40,40,40,118,118,39,79,0,118,0,1,1,0.9830508474576272,0.9830508474576272,0.0,0.0,0.0,0.9830508474492962,116,2,0,0
sem_erro,xgboost,queda,50,5,5,941,941,345,596,0,941,0,4,4,0.9691817215727949,0.9691817215727949,0.0,0.0,0.0,0.969181721571765,912,29,0,0
sem_erro,xgboost,queda,50,10,10,471,471,173,298,0,471,0,3,3,0.9660297239915074,0.9660297239915074,0.0,0.0,0.0,0.9660297239894564,455,16,0,0
sem_erro,xgboost,queda,50,15,15,314,314,116,198,0,314,0,2,2,0.964968152866242,0.964968152866242,0.0,0.0,0.0,0.964968152863169,303,11,0,0
sem_erro,xgboost,queda,50,20,20,236,236,89,147,0,236,0,2,2,0.961864406779661,0.961864406779661,0.0,0.0,0.0,0.9618644067755854,227,9,0,0
sem_erro,xgboost,queda,50,25,25,189,189,70,119,0,189,0,3,3,0.9682539682539683,0.9682539682539683,0.0,0.0,0.0,0.9682539682488452,183,6,0,0
sem_erro,xgboost,queda,50,30,30,157,157,58,99,0,157,0,3,3,0.9617834394904459,0.9617834394904459,0.0,0.0,0.0,0.9617834394843199,151,6,0,0
sem_erro,xgboost,queda,50,35,35,135,135,50,85,0,135,0,1,1,0.9629629629629629,0.9629629629629629,0.0,0.0,0.0,0.96296296295583,130,5,0,0
sem_erro,xgboost,queda,50,40,40,118,118,46,72,0,118,0,2,2,0.9491525423728814,0.9491525423728814,0.0,0.0,0.0,0.9491525423648377,112,6,0,0
sem_erro,xgboost,queda,50,45,45,105,105,40,65,0,105,0,2,2,0.9047619047619048,0.9047619047619048,0.0,0.0,0.0,0.904761904753288,95,10,0,0
sem_erro,xgboost,queda,50,50,50,95,95,36,59,0,95,0,1,1,0.9578947368421052,0.9578947368421052,0.0,0.0,0.0,0.9578947368320221,91,4,0,0
sem_erro,xgboost,queda,60,5,5,939,939,381,558,0,939,0,2,2,0.9616613418530351,0.9616613418530351,0.0,0.0,0.0,0.961661341852011,903,36,0,0
sem_erro,xgboost,queda,60,10,10,470,470,191,279,0,470,0,2,2,0.9617021276595744,0.9617021276595744,0.0,0.0,0.0,0.9617021276575283,452,18,0,0
sem_erro,xgboost,queda,60,15,15,313,313,129,184,0,313,0,2,2,0.9648562300319489,0.9648562300319489,0.0,0.0,0.0,0.9648562300288663,302,11,0,0
sem_erro,xgboost,queda,60,20,20,235,235,96,139,0,235,0,2,2,0.9617021276595744,0.9617021276595744,0.0,0.0,0.0,0.9617021276554821,226,9,0,0
sem_erro,xgboost,queda,60,25,25,188,188,78,110,0,188,0,3,3,0.9680851063829787,0.9680851063829787,0.0,0.0,0.0,0.9680851063778294,182,6,0,0
sem_erro,xgboost,queda,60,30,30,157,157,67,90,0,157,0,2,2,0.9490445859872612,0.9490445859872612,0.0,0.0,0.0,0.9490445859812163,149,8,0,0
sem_erro,xgboost,queda,60,35,35,135,135,57,78,0,135,0,1,1,0.9555555555555556,0.9555555555555556,0.0,0.0,0.0,0.9555555555484775,129,6,0,0
sem_erro,xgboost,queda,60,40,40,118,118,50,68,0,118,0,1,1,0.9576271186440678,0.9576271186440678,0.0,0.0,0.0,0.9576271186359523,113,5,0,0
sem_erro,xgboost,queda,60,45,45,105,105,41,64,0,105,0,2,2,0.9047619047619048,0.9047619047619048,0.0,0.0,0.0,0.904761904753288,95,10,0,0
sem_erro,xgboost,queda,60,50,50,94,94,38,56,0,94,0,1,1,0.9574468085106383,0.9574468085106383,0.0,0.0,0.0,0.9574468085004526,90,4,0,0
sem_erro,xgboost,queda,60,55,55,86,86,35,51,0,86,0,4,4,0.9418604651162791,0.9418604651162791,0.0,0.0,0.0,0.9418604651053272,81,5,0,0
sem_erro,xgboost,queda,60,60,60,79,79,33,46,0,79,0,2,2,0.9493670886075949,0.9493670886075949,0.0,0.0,0.0,0.9493670885955776,75,4,0,0
sem_erro,xgboost,queda,70,5,5,937,937,414,523,0,937,0,2,2,0.9583778014941302,0.9583778014941302,0.0,0.0,0.0,0.9583778014931074,898,39,0,0
sem_erro,xgboost,queda,70,10,10,469,469,207,262,0,469,0,1,1,0.9552238805970149,0.9552238805970149,0.0,0.0,0.0,0.9552238805949782,448,21,0,0
sem_erro,xgboost,queda,70,15,15,313,313,140,173,0,313,0,2,2,0.9616613418530351,0.9616613418530351,0.0,0.0,0.0,0.9616613418499628,301,12,0,0
sem_erro,xgboost,queda,70,20,20,235,235,105,130,0,235,0,1,1,0.9531914893617022,0.9531914893617022,0.0,0.0,0.0,0.9531914893576461,224,11,0,0
sem_erro,xgboost,queda,70,25,25,188,188,84,104,0,188,0,1,1,0.9574468085106383,0.9574468085106383,0.0,0.0,0.0,0.9574468085055455,180,8,0,0
sem_erro,xgboost,queda,70,30,30,157,157,71,86,0,157,0,2,2,0.9490445859872612,0.9490445859872612,0.0,0.0,0.0,0.9490445859812163,149,8,0,0
sem_erro,xgboost,queda,70,35,35,134,134,61,73,0,134,0,1,1,0.9552238805970149,0.9552238805970149,0.0,0.0,0.0,0.9552238805898865,128,6,0,0
sem_erro,xgboost,queda,70,40,40,118,118,53,65,0,118,0,2,2,0.940677966101695,0.940677966101695,0.0,0.0,0.0,0.940677966093723,111,7,0,0
sem_erro,xgboost,queda,70,45,45,105,105,47,58,0,105,0,1,1,0.9714285714285714,0.9714285714285714,0.0,0.0,0.0,0.9714285714193197,102,3,0,0
sem_erro,xgboost,queda,70,50,50,94,94,42,52,0,94,0,2,2,0.9468085106382979,0.9468085106382979,0.0,0.0,0.0,0.9468085106282254,89,5,0,0
sem_erro,xgboost,queda,70,55,55,86,86,38,48,0,86,0,4,4,0.8255813953488372,0.8255813953488372,0.0,0.0,0.0,0.8255813953392374,71,15,0,0
sem_erro,xgboost,queda,70,60,60,79,79,34,45,0,79,0,3,3,0.9367088607594937,0.9367088607594937,0.0,0.0,0.0,0.9367088607476366,74,5,0,0
sem_erro,xgboost,queda,70,65,65,73,73,35,38,0,73,0,3,3,0.9315068493150684,0.9315068493150684,0.0,0.0,0.0,0.9315068493023081,68,5,0,0
sem_erro,xgboost,queda,70,70,70,67,67,34,33,0,67,0,1,1,0.9552238805970149,0.9552238805970149,0.0,0.0,0.0,0.9552238805827578,64,3,0,0
sem_erro,xgboost,queda,80,5,5,935,935,445,490,0,935,0,1,1,0.9518716577540107,0.9518716577540107,0.0,0.0,0.0,0.9518716577529927,890,45,0,0
sem_erro,xgboost,queda,80,10,10,468,468,222,246,0,468,0,1,1,0.9529914529914529,0.9529914529914529,0.0,0.0,0.0,0.9529914529894167,446,22,0,0
sem_erro,xgboost,queda,80,15,15,312,312,150,162,0,312,0,2,2,0.9487179487179487,0.9487179487179487,0.0,0.0,0.0,0.948717948714908,296,16,0,0
sem_erro,xgboost,queda,80,20,20,234,234,112,122,0,234,0,1,1,0.9529914529914529,0.9529914529914529,0.0,0.0,0.0,0.9529914529873804,223,11,0,0
sem_erro,xgboost,queda,80,25,25,187,187,88,99,0,187,0,1,1,0.9518716577540107,0.9518716577540107,0.0,0.0,0.0,0.9518716577489206,178,9,0,0
sem_erro,xgboost,queda,80,30,30,156,156,75,81,0,156,0,1,1,0.9551282051282052,0.9551282051282052,0.0,0.0,0.0,0.9551282051220826,149,7,0,0
sem_erro,xgboost,queda,80,35,35,134,134,64,70,0,134,0,1,1,0.9552238805970149,0.9552238805970149,0.0,0.0,0.0,0.9552238805898865,128,6,0,0
sem_erro,xgboost,queda,80,40,40,117,117,56,61,0,117,0,2,2,0.9401709401709402,0.9401709401709402,0.0,0.0,0.0,0.9401709401629045,110,7,0,0
sem_erro,xgboost,queda,80,45,45,104,104,48,56,0,104,0,1,1,0.9519230769230769,0.9519230769230769,0.0,0.0,0.0,0.9519230769139237,99,5,0,0
sem_erro,xgboost,queda,80,50,50,94,94,44,50,0,94,0,1,1,0.9574468085106383,0.9574468085106383,0.0,0.0,0.0,0.9574468085004526,90,4,0,0
sem_erro,xgboost,queda,80,55,55,85,85,40,45,0,85,0,3,3,0.9176470588235294,0.9176470588235294,0.0,0.0,0.0,0.9176470588127336,78,7,0,0
sem_erro,xgboost,queda,80,60,60,78,78,36,42,0,78,0,2,2,0.8589743589743589,0.8589743589743589,0.0,0.0,0.0,0.8589743589633464,67,11,0,0
sem_erro,xgboost,queda,80,65,65,72,72,36,36,0,72,0,2,2,0.8472222222222222,0.8472222222222222,0.0,0.0,0.0,0.8472222222104552,61,11,0,0
sem_erro,xgboost,queda,80,70,70,67,67,35,32,0,67,0,1,1,0.9552238805970149,0.9552238805970149,0.0,0.0,0.0,0.9552238805827578,64,3,0,0
sem_erro,xgboost,queda,80,75,75,63,63,30,33,0,63,0,1,1,0.9523809523809523,0.9523809523809523,0.0,0.0,0.0,0.9523809523658353,60,3,0,0
sem_erro,xgboost,queda,80,80,80,59,59,30,29,0,59,0,3,3,0.9322033898305084,0.9322033898305084,0.0,0.0,0.0,0.9322033898147085,55,4,0,0
sem_erro,xgboost,queda,90,5,5,933,933,474,459,0,933,0,2,2,0.9464094319399786,0.9464094319399786,0.0,0.0,0.0,0.9464094319389642,883,50,0,0
sem_erro,xgboost,queda,90,10,10,467,467,236,231,0,467,0,1,1,0.9507494646680942,0.9507494646680942,0.0,0.0,0.0,0.9507494646660584,444,23,0,0
sem_erro,xgboost,queda,90,15,15,311,311,160,151,0,311,0,1,1,0.9485530546623794,0.9485530546623794,0.0,0.0,0.0,0.9485530546593295,295,16,0,0
sem_erro,xgboost,queda,90,20,20,234,234,119,115,0,234,0,2,2,0.9444444444444444,0.9444444444444444,0.0,0.0,0.0,0.9444444444404084,221,13,0,0
sem_erro,xgboost,queda,90,25,25,187,187,98,89,0,187,0,1,1,0.9518716577540107,0.9518716577540107,0.0,0.0,0.0,0.9518716577489206,178,9,0,0
sem_erro,xgboost,queda,90,30,30,156,156,81,75,0,156,0,3,3,0.9423076923076923,0.9423076923076923,0.0,0.0,0.0,0.9423076923016519,147,9,0,0
sem_erro,xgboost,queda,90,35,35,134,134,68,66,0,134,0,1,1,0.9477611940298507,0.9477611940298507,0.0,0.0,0.0,0.947761194022778,127,7,0,0
sem_erro,xgboost,queda,90,40,40,117,117,60,57,0,117,0,2,2,0.9401709401709402,0.9401709401709402,0.0,0.0,0.0,0.9401709401629045,110,7,0,0
sem_erro,xgboost,queda,90,45,45,104,104,54,50,0,104,0,2,2,0.8653846153846154,0.8653846153846154,0.0,0.0,0.0,0.8653846153762943,90,14,0,0
sem_erro,xgboost,queda,90,50,50,94,94,49,45,0,94,0,1,1,0.9574468085106383,0.9574468085106383,0.0,0.0,0.0,0.9574468085004526,90,4,0,0
sem_erro,xgboost,queda,90,55,55,85,85,42,43,0,85,0,2,2,0.8588235294117647,0.8588235294117647,0.0,0.0,0.0,0.8588235294016608,73,12,0,0
sem_erro,xgboost,queda,90,60,60,78,78,40,38,0,78,0,3,3,0.8461538461538461,0.8461538461538461,0.0,0.0,0.0,0.8461538461429979,66,12,0,0
sem_erro,xgboost,queda,90,65,65,72,72,37,35,0,72,0,2,2,0.9444444444444444,0.9444444444444444,0.0,0.0,0.0,0.9444444444313271,68,4,0,0
sem_erro,xgboost,queda,90,70,70,67,67,37,30,0,67,0,5,5,0.7910447761194029,0.7910447761194029,0.0,0.0,0.0,0.7910447761075963,53,14,0,0
sem_erro,xgboost,queda,90,75,75,63,63,32,31,0,63,0,1,1,0.9523809523809523,0.9523809523809523,0.0,0.0,0.0,0.9523809523658353,60,3,0,0
sem_erro,xgboost,queda,90,80,80,59,59,32,27,0,59,0,2,2,0.9491525423728814,0.9491525423728814,0.0,0.0,0.0,0.949152542356794,56,3,0,0
sem_erro,xgboost,queda,90,85,85,55,55,29,26,0,55,0,1,1,0.9454545454545454,0.9454545454545454,0.0,0.0,0.0,0.9454545454373554,52,3,0,0
sem_erro,xgboost,queda,90,90,90,52,52,27,25,0,52,0,2,2,0.8076923076923077,0.8076923076923077,0.0,0.0,0.0,0.8076923076767752,42,10,0,0
sem_erro,xgboost,queda,100,5,5,931,931,498,433,0,931,0,2,2,0.9441460794844253,0.9441460794844253,0.0,0.0,0.0,0.9441460794834112,879,52,0,0
sem_erro,xgboost,queda,100,10,10,466,466,249,217,0,466,0,1,1,0.9484978540772532,0.9484978540772532,0.0,0.0,0.0,0.9484978540752178,442,24,0,0
sem_erro,xgboost,queda,100,15,15,311,311,169,142,0,311,0,1,1,0.9485530546623794,0.9485530546623794,0.0,0.0,0.0,0.9485530546593295,295,16,0,0
sem_erro,xgboost,queda,100,20,20,233,233,125,108,0,233,0,1,1,0.9484978540772532,0.9484978540772532,0.0,0.0,0.0,0.9484978540731824,221,12,0,0
sem_erro,xgboost,queda,100,25,25,187,187,102,85,0,187,0,6,6,0.9144385026737968,0.9144385026737968,0.0,0.0,0.0,0.9144385026689068,171,16,0,0
sem_erro,xgboost,queda,100,30,30,156,156,84,72,0,156,0,2,2,0.8589743589743589,0.8589743589743589,0.0,0.0,0.0,0.8589743589688528,134,22,0,0
sem_erro,xgboost,queda,100,35,35,133,133,73,60,0,133,0,1,1,0.9548872180451128,0.9548872180451128,0.0,0.0,0.0,0.9548872180379333,127,6,0,0
sem_erro,xgboost,queda,100,40,40,117,117,63,54,0,117,0,2,2,0.9401709401709402,0.9401709401709402,0.0,0.0,0.0,0.9401709401629045,110,7,0,0
sem_erro,xgboost,queda,100,45,45,104,104,55,49,0,104,0,1,1,0.9519230769230769,0.9519230769230769,0.0,0.0,0.0,0.9519230769139237,99,5,0,0
sem_erro,xgboost,queda,100,50,50,94,94,51,43,0,94,0,4,4,0.8936170212765957,0.8936170212765957,0.0,0.0,0.0,0.8936170212670892,84,10,0,0
sem_erro,xgboost,queda,100,55,55,85,85,49,36,0,85,0,2,2,0.8588235294117647,0.8588235294117647,0.0,0.0,0.0,0.8588235294016608,73,12,0,0
sem_erro,xgboost,queda,100,60,60,78,78,42,36,0,78,0,2,2,0.8589743589743589,0.8589743589743589,0.0,0.0,0.0,0.8589743589633464,67,11,0,0
sem_erro,xgboost,queda,100,65,65,72,72,38,34,0,72,0,2,2,0.9444444444444444,0.9444444444444444,0.0,0.0,0.0,0.9444444444313271,68,4,0,0
sem_erro,xgboost,queda,100,70,70,67,67,38,29,0,67,0,2,2,0.8507462686567164,0.8507462686567164,0.0,0.0,0.0,0.8507462686440187,57,10,0,0
sem_erro,xgboost,queda,100,75,75,63,63,35,28,0,63,0,2,2,0.9365079365079365,0.9365079365079365,0.0,0.0,0.0,0.9365079364930714,59,4,0,0
sem_erro,xgboost,queda,100,80,80,59,59,32,27,0,59,0,2,2,0.9491525423728814,0.9491525423728814,0.0,0.0,0.0,0.949152542356794,56,3,0,0
sem_erro,xgboost,queda,100,85,85,55,55,30,25,0,55,0,1,1,0.8545454545454545,0.8545454545454545,0.0,0.0,0.0,0.8545454545299174,47,8,0,0
sem_erro,xgboost,queda,100,90,90,52,52,27,25,0,52,0,1,1,0.9423076923076923,0.9423076923076923,0.0,0.0,0.0,0.9423076922895711,49,3,0,0
sem_erro,xgboost,queda,100,95,95,49,49,28,21,0,49,0,2,2,0.9183673469387755,0.9183673469387755,0.0,0.0,0.0,0.9183673469200334,45,4,0,0
sem_erro,xgboost,queda,100,100,100,47,47,24,23,0,47,0,1,1,0.9574468085106383,0.9574468085106383,0.0,0.0,0.0,0.9574468084902672,45,2,0,0
