teste,modelo,falha,janela,passo_cfg,passo_real,amostras_treino,amostras_teste,positivos_treino,negativos_treino,positivos_teste,negativos_teste,eventos_reais_teste,eventos_detectados,diferenca_eventos,accuracy,balanced_accuracy,precision_pos,recall_pos,f1_pos,specificity,tn,fp,fn,tp
sem_erro,catboost,lacuna,20,5,5,947,947,249,698,0,947,0,0,0,1.0,1.0,0.0,0.0,0.0,0.9999999999989441,947,0,0,0
sem_erro,catboost,lacuna,20,10,10,474,474,122,352,0,474,0,0,0,1.0,1.0,0.0,0.0,0.0,0.9999999999978904,474,0,0,0
sem_erro,catboost,lacuna,20,15,15,316,316,87,229,0,316,0,0,0,1.0,1.0,0.0,0.0,0.0,0.9999999999968355,316,0,0,0
sem_erro,catboost,lacuna,20,20,20,237,237,63,174,0,237,0,0,0,1.0,1.0,0.0,0.0,0.0,0.9999999999957806,237,0,0,0
sem_erro,catboost,lacuna,30,5,5,945,945,287,658,0,945,0,0,0,1.0,1.0,0.0,0.0,0.0,0.9999999999989418,945,0,0,0
sem_erro,catboost,lacuna,30,10,10,473,473,141,332,0,473,0,0,0,1.0,1.0,0.0,0.0,0.0,0.9999999999978858,473,0,0,0
sem_erro,catboost,lacuna,30,15,15,315,315,98,217,0,315,0,0,0,1.0,1.0,0.0,0.0,0.0,0.9999999999968254,315,0,0,0
sem_erro,catboost,lacuna,30,20,20,237,237,70,167,0,237,0,0,0,1.0,1.0,0.0,0.0,0.0,0.9999999999957806,237,0,0,0
sem_erro,catboost,lacuna,30,25,25,189,189,57,132,0,189,0,0,0,1.0,1.0,0.0,0.0,0.0,0.999999999994709,189,0,0,0
sem_erro,catboost,lacuna,30,30,30,158,158,47,111,0,158,0,0,0,1.0,1.0,0.0,0.0,0.0,0.999999999993671,158,0,0,0
sem_erro,catboost,lacuna,40,5,5,943,943,324,619,0,943,0,0,0,1.0,1.0,0.0,0.0,0.0,0.9999999999989395,943,0,0,0
sem_erro,catboost,lacuna,40,10,10,472,472,159,313,0,472,0,0,0,1.0,1.0,0.0,0.0,0.0,0.9999999999978814,472,0,0,0
sem_erro,catboost,lacuna,40,15,15,315,315,108,207,0,315,0,0,0,1.0,1.0,0.0,0.0,0.0,0.9999999999968254,315,0,0,0
sem_erro,catboost,lacuna,40,20,20,236,236,81,155,0,236,0,0,0,1.0,1.0,0.0,0.0,0.0,0.9999999999957627,236,0,0,0
sem_erro,catboost,lacuna,40,25,25,189,189,67,122,0,189,0,0,0,1.0,1.0,0.0,0.0,0.0,0.999999999994709,189,0,0,0
sem_erro,catboost,lacuna,40,30,30,158,158,55,103,0,158,0,0,0,1.0,1.0,0.0,0.0,0.0,0.999999999993671,158,0,0,0
sem_erro,catboost,lacuna,40,35,35,135,135,46,89,0,135,0,0,0,1.0,1.0,0.0,0.0,0.0,0.9999999999925927,135,0,0,0
sem_erro,catboost,lacuna,40,40,40,118,118,39,79,0,118,0,0,0,1.0,1.0,0.0,0.0,0.0,0.9999999999915254,118,0,0,0
sem_erro,catboost,lacuna,50,5,5,941,941,359,582,0,941,0,0,0,1.0,1.0,0.0,0.0,0.0,0.9999999999989373,941,0,0,0
sem_erro,catboost,lacuna,50,10,10,471,471,177,294,0,471,0,0,0,1.0,1.0,0.0,0.0,0.0,0.9999999999978769,471,0,0,0
sem_erro,catboost,lacuna,50,15,15,314,314,123,191,0,314,0,0,0,1.0,1.0,0.0,0.0,0.0,0.9999999999968153,314,0,0,0
sem_erro,catboost,lacuna,50,20,20,236,236,88,148,0,236,0,0,0,1.0,1.0,0.0,0.0,0.0,0.9999999999957627,236,0,0,0
sem_erro,catboost,lacuna,50,25,25,189,189,75,114,0,189,0,0,0,1.0,1.0,0.0,0.0,0.0,0.999999999994709,189,0,0,0
sem_erro,catboost,lacuna,50,30,30,157,157,62,95,0,157,0,0,0,1.0,1.0,0.0,0.0,0.0,0.9999999999936307,157,0,0,0
sem_erro,catboost,lacuna,50,35,35,135,135,52,83,0,135,0,0,0,1.0,1.0,0.0,0.0,0.0,0.9999999999925927,135,0,0,0
sem_erro,catboost,lacuna,50,40,40,118,118,45,73,0,118,0,0,0,1.0,1.0,0.0,0.0,0.0,0.9999999999915254,118,0,0,0
sem_erro,catboost,lacuna,50,45,45,105,105,44,61,0,105,0,0,0,1.0,1.0,0.0,0.0,0.0,0.9999999999904762,105,0,0,0
sem_erro,catboost,lacuna,50,50,50,95,95,38,57,0,95,0,0,0,1.0,1.0,0.0,0.0,0.0,0.9999999999894736,95,0,0,0
sem_erro,catboost,lacuna,60,5,5,939,939,391,548,0,939,0,0,0,1.0,1.0,0.0,0.0,0.0,0.9999999999989351,939,0,0,0
sem_erro,catboost,lacuna,60,10,10,470,470,193,277,0,470,0,0,0,1.0,1.0,0.0,0.0,0.0,0.9999999999978724,470,0,0,0
sem_erro,catboost,lacuna,60,15,15,313,313,133,180,0,313,0,0,0,1.0,1.0,0.0,0.0,0.0,0.9999999999968051,313,0,0,0
sem_erro,catboost,lacuna,60,20,20,235,235,97,138,0,235,0,0,0,1.0,1.0,0.0,0.0,0.0,0.9999999999957447,235,0,0,0
sem_erro,catboost,lacuna,60,25,25,188,188,79,109,0,188,0,0,0,1.0,1.0,0.0,0.0,0.0,0.9999999999946809,188,0,0,0
sem_erro,catboost,lacuna,60,30,30,157,157,65,92,0,157,0,0,0,1.0,1.0,0.0,0.0,0.0,0.9999999999936307,157,0,0,0
sem_erro,catboost,lacuna,60,35,35,135,135,59,76,0,135,0,0,0,1.0,1.0,0.0,0.0,0.0,0.9999999999925927,135,0,0,0
sem_erro,catboost,lacuna,60,40,40,118,118,51,67,0,118,0,0,0,1.0,1.0,0.0,0.0,0.0,0.9999999999915254,118,0,0,0
sem_erro,catboost,lacuna,60,45,45,105,105,45,60,0,105,0,0,0,1.0,1.0,0.0,0.0,0.0,0.9999999999904762,105,0,0,0
sem_erro,catboost,lacuna,60,50,50,94,94,39,55,0,94,0,0,0,1.0,1.0,0.0,0.0,0.0,0.9999999999893616,94,0,0,0
sem_erro,catboost,lacuna,60,55,55,86,86,35,51,0,86,0,0,0,1.0,1.0,0.0,0.0,0.0,0.9999999999883721,86,0,0,0
sem_erro,catboost,lacuna,60,60,60,79,79,33,46,0,79,0,0,0,1.0,1.0,0.0,0.0,0.0,0.9999999999873417,79,0,0,0
sem_erro,catboost,lacuna,70,5,5,937,937,423,514,0,937,0,0,0,1.0,1.0,0.0,0.0,0.0,0.9999999999989327,937,0,0,0
sem_erro,catboost,lacuna,70,10,10,469,469,209,260,0,469,0,0,0,1.0,1.0,0.0,0.0,0.0,0.9999999999978678,469,0,0,0
sem_erro,catboost,lacuna,70,15,15,313,313,141,172,0,313,0,0,0,1.0,1.0,0.0,0.0,0.0,0.9999999999968051,313,0,0,0
sem_erro,catboost,lacuna,70,20,20,235,235,104,131,0,235,0,0,0,1.0,1.0,0.0,0.0,0.0,0.9999999999957447,235,0,0,0
sem_erro,catboost,lacuna,70,25,25,188,188,86,102,0,188,0,0,0,1.0,1.0,0.0,0.0,0.0,0.9999999999946809,188,0,0,0
sem_erro,catboost,lacuna,70,30,30,157,157,71,86,0,157,0,0,0,1.0,1.0,0.0,0.0,0.0,0.9999999999936307,157,0,0,0
sem_erro,catboost,lacuna,70,35,35,134,134,60,74,0,134,0,0,0,1.0,1.0,0.0,0.0,0.0,0.9999999999925374,134,0,0,0
sem_erro,catboost,lacuna,70,40,40,118,118,52,66,0,118,0,0,0,1.0,1.0,0.0,0.0,0.0,0.9999999999915254,118,0,0,0
sem_erro,catboost,lacuna,70,45,45,105,105,48,57,0,105,0,0,0,1.0,1.0,0.0,0.0,0.0,0.9999999999904762,105,0,0,0
sem_erro,catboost,lacuna,70,50,50,94,94,43,51,0,94,0,0,0,1.0,1.0,0.0,0.0,0.0,0.9999999999893616,94,0,0,0
sem_erro,catboost,lacuna,70,55,55,86,86,38,48,0,86,0,0,0,1.0,1.0,0.0,0.0,0.0,0.9999999999883721,86,0,0,0
sem_erro,catboost,lacuna,70,60,60,79,79,37,42,0,79,0,0,0,1.0,1.0,0.0,0.0,0.0,0.9999999999873417,79,0,0,0
sem_erro,catboost,lacuna,70,65,65,73,73,34,39,0,73,0,0,0,1.0,1.0,0.0,0.0,0.0,0.9999999999863013,73,0,0,0
sem_erro,catboost,lacuna,70,70,70,67,67,31,36,0,67,0,0,0,1.0,1.0,0.0,0.0,0.0,0.9999999999850746,67,0,0,0
sem_erro,catboost,lacuna,80,5,5,935,935,455,480,0,935,0,0,0,1.0,1.0,0.0,0.0,0.0,0.9999999999989305,935,0,0,0
sem_erro,catboost,lacuna,80,10,10,468,468,225,243,0,468,0,0,0,1.0,1.0,0.0,0.0,0.0,0.9999999999978633,468,0,0,0
sem_erro,catboost,lacuna,80,15,15,312,312,155,157,0,312,0,0,0,1.0,1.0,0.0,0.0,0.0,0.9999999999967949,312,0,0,0
sem_erro,catboost,lacuna,80,20,20,234,234,113,121,0,234,0,0,0,1.0,1.0,0.0,0.0,0.0,0.9999999999957265,234,0,0,0
sem_erro,catboost,lacuna,80,25,25,187,187,92,95,0,187,0,0,0,1.0,1.0,0.0,0.0,0.0,0.9999999999946525,187,0,0,0
sem_erro,catboost,lacuna,80,30,30,156,156,78,78,0,156,0,0,0,1.0,1.0,0.0,0.0,0.0,0.9999999999935898,156,0,0,0
sem_erro,catboost,lacuna,80,35,35,134,134,66,68,0,134,0,0,0,1.0,1.0,0.0,0.0,0.0,0.9999999999925374,134,0,0,0
sem_erro,catboost,lacuna,80,40,40,117,117,55,62,0,117,0,0,0,1.0,1.0,0.0,0.0,0.0,0.999999999991453,117,0,0,0
sem_erro,catboost,lacuna,80,45,45,104,104,52,52,0,104,0,0,0,1.0,1.0,0.0,0.0,0.0,0.9999999999903846,104,0,0,0
sem_erro,catboost,lacuna,80,50,50,94,94,47,47,0,94,0,0,0,1.0,1.0,0.0,0.0,0.0,0.9999999999893616,94,0,0,0
sem_erro,catboost,lacuna,80,55,55,85,85,42,43,0,85,0,0,0,1.0,1.0,0.0,0.0,0.0,0.9999999999882353,85,0,0,0
sem_erro,catboost,lacuna,80,60,60,78,78,41,37,0,78,0,0,0,1.0,1.0,0.0,0.0,0.0,0.9999999999871795,78,0,0,0
sem_erro,catboost,lacuna,80,65,65,72,72,36,36,0,72,0,0,0,1.0,1.0,0.0,0.0,0.0,0.9999999999861111,72,0,0,0
sem_erro,catboost,lacuna,80,70,70,67,67,34,33,0,67,0,0,0,1.0,1.0,0.0,0.0,0.0,0.9999999999850746,67,0,0,0
sem_erro,catboost,lacuna,80,75,75,63,63,31,32,0,63,0,0,0,1.0,1.0,0.0,0.0,0.0,0.999999999984127,63,0,0,0
sem_erro,catboost,lacuna,80,80,80,59,59,25,34,0,59,0,0,0,1.0,1.0,0.0,0.0,0.0,0.9999999999830509,59,0,0,0
sem_erro,catboost,lacuna,90,5,5,933,933,486,447,0,933,0,0,0,1.0,1.0,0.0,0.0,0.0,0.9999999999989282,933,0,0,0
sem_erro,catboost,lacuna,90,10,10,467,467,241,226,0,467,0,0,0,1.0,1.0,0.0,0.0,0.0,0.9999999999978587,467,0,0,0
sem_erro,catboost,lacuna,90,15,15,311,311,164,147,0,311,0,0,0,1.0,1.0,0.0,0.0,0.0,0.9999999999967846,311,0,0,0
sem_erro,catboost,lacuna,90,20,20,234,234,120,114,0,234,0,0,0,1.0,1.0,0.0,0.0,0.0,0.9999999999957265,234,0,0,0
sem_erro,catboost,lacuna,90,25,25,187,187,100,87,0,187,0,0,0,1.0,1.0,0.0,0.0,0.0,0.9999999999946525,187,0,0,0
sem_erro,catboost,lacuna,90,30,30,156,156,81,75,0,156,0,0,0,1.0,1.0,0.0,0.0,0.0,0.9999999999935898,156,0,0,0
sem_erro,catboost,lacuna,90,35,35,134,134,72,62,0,134,0,0,0,1.0,1.0,0.0,0.0,0.0,0.9999999999925374,134,0,0,0
sem_erro,catboost,lacuna,90,40,40,117,117,61,56,0,117,0,0,0,1.0,1.0,0.0,0.0,0.0,0.999999999991453,117,0,0,0
sem_erro,catboost,lacuna,90,45,45,104,104,58,46,0,104,0,0,0,1.0,1.0,0.0,0.0,0.0,0.9999999999903846,104,0,0,0
sem_erro,catboost,lacuna,90,50,50,94,94,52,42,0,94,0,0,0,1.0,1.0,0.0,0.0,0.0,0.9999999999893616,94,0,0,0
sem_erro,catboost,lacuna,90,55,55,85,85,44,41,0,85,0,0,0,1.0,1.0,0.0,0.0,0.0,0.9999999999882353,85,0,0,0
sem_erro,catboost,lacuna,90,60,60,78,78,41,37,0,78,0,0,0,1.0,1.0,0.0,0.0,0.0,0.9999999999871795,78,0,0,0
sem_erro,catboost,lacuna,90,65,65,72,72,37,35,0,72,0,0,0,1.0,1.0,0.0,0.0,0.0,0.9999999999861111,72,0,0,0
sem_erro,catboost,lacuna,90,70,70,67,67,37,30,0,67,0,0,0,1.0,1.0,0.0,0.0,0.0,0.9999999999850746,67,0,0,0
sem_erro,catboost,lacuna,90,75,75,63,63,33,30,0,63,0,0,0,1.0,1.0,0.0,0.0,0.0,0.999999999984127,63,0,0,0
sem_erro,catboost,lacuna,90,80,80,59,59,29,30,0,59,0,0,0,1.0,1.0,0.0,0.0,0.0,0.9999999999830509,59,0,0,0
sem_erro,catboost,lacuna,90,85,85,55,55,31,24,0,55,0,0,0,1.0,1.0,0.0,0.0,0.0,0.9999999999818182,55,0,0,0
sem_erro,catboost,lacuna,90,90,90,52,52,27,25,0,52,0,0,0,1.0,1.0,0.0,0.0,0.0,0.9999999999807693,52,0,0,0
sem_erro,catboost,lacuna,100,5,5,931,931,513,418,0,931,0,0,0,1.0,1.0,0.0,0.0,0.0,0.9999999999989259,931,0,0,0
sem_erro,catboost,lacuna,100,10,10,466,466,255,211,0,466,0,0,0,1.0,1.0,0.0,0.0,0.0,0.999999999997854,466,0,0,0
sem_erro,catboost,lacuna,100,15,15,311,311,171,140,0,311,0,0,0,1.0,1.0,0.0,0.0,0.0,0.9999999999967846,311,0,0,0
sem_erro,catboost,lacuna,100,20,20,233,233,128,105,0,233,0,0,0,1.0,1.0,0.0,0.0,0.0,0.9999999999957082,233,0,0,0
sem_erro,catboost,lacuna,100,25,25,187,187,107,80,0,187,0,0,0,1.0,1.0,0.0,0.0,0.0,0.9999999999946525,187,0,0,0
sem_erro,catboost,lacuna,100,30,30,156,156,87,69,0,156,0,0,0,1.0,1.0,0.0,0.0,0.0,0.9999999999935898,156,0,0,0
sem_erro,catboost,lacuna,100,35,35,133,133,73,60,0,133,0,0,0,1.0,1.0,0.0,0.0,0.0,0.9999999999924812,133,0,0,0
sem_erro,catboost,lacuna,100,40,40,117,117,66,51,0,117,0,0,0,1.0,1.0,0.0,0.0,0.0,0.999999999991453,117,0,0,0
sem_erro,catboost,lacuna,100,45,45,104,104,59,45,0,104,0,0,0,1.0,1.0,0.0,0.0,0.0,0.9999999999903846,104,0,0,0
sem_erro,catboost,lacuna,100,50,50,94,94,54,40,0,94,0,0,0,1.0,1.0,0.0,0.0,0.0,0.9999999999893616,94,0,0,0
sem_erro,catboost,lacuna,100,55,55,85,85,48,37,0,85,0,0,0,1.0,1.0,0.0,0.0,0.0,0.9999999999882353,85,0,0,0
sem_erro,catboost,lacuna,100,60,60,78,78,43,35,0,78,0,0,0,1.0,1.0,0.0,0.0,0.0,0.9999999999871795,78,0,0,0
sem_erro,catboost,lacuna,100,65,65,72,72,39,33,0,72,0,0,0,1.0,1.0,0.0,0.0,0.0,0.9999999999861111,72,0,0,0
sem_erro,catboost,lacuna,100,70,70,67,67,39,28,0,67,0,0,0,1.0,1.0,0.0,0.0,0.0,0.9999999999850746,67,0,0,0
sem_erro,catboost,lacuna,100,75,75,63,63,34,29,0,63,0,0,0,1.0,1.0,0.0,0.0,0.0,0.999999999984127,63,0,0,0
sem_erro,catboost,lacuna,100,80,80,59,59,32,27,0,59,0,0,0,1.0,1.0,0.0,0.0,0.0,0.9999999999830509,59,0,0,0
sem_erro,catboost,lacuna,100,85,85,55,55,33,22,0,55,0,0,0,1.0,1.0,0.0,0.0,0.0,0.9999999999818182,55,0,0,0
sem_erro,catboost,lacuna,100,90,90,52,52,28,24,0,52,0,0,0,1.0,1.0,0.0,0.0,0.0,0.9999999999807693,52,0,0,0
sem_erro,catboost,lacuna,100,95,95,49,49,26,23,0,49,0,0,0,1.0,1.0,0.0,0.0,0.0,0.9999999999795919,49,0,0,0
sem_erro,catboost,lacuna,100,100,100,47,47,27,20,0,47,0,0,0,1.0,1.0,0.0,0.0,0.0,0.9999999999787235,47,0,0,0
sem_erro,catboost,oscilacao,20,5,5,947,947,358,589,0,947,0,10,10,0.9873284054910243,0.9873284054910243,0.0,0.0,0.0,0.9873284054899817,935,12,0,0
sem_erro,catboost,oscilacao,20,10,10,474,474,179,295,0,474,0,9,9,0.9746835443037974,0.9746835443037974,0.0,0.0,0.0,0.9746835443017412,462,12,0,0
sem_erro,catboost,oscilacao,20,15,15,316,316,117,199,0,316,0,6,6,0.9810126582278481,0.9810126582278481,0.0,0.0,0.0,0.9810126582247437,310,6,0,0
sem_erro,catboost,oscilacao,20,20,20,237,237,90,147,0,237,0,11,11,0.9367088607594937,0.9367088607594937,0.0,0.0,0.0,0.9367088607555414,222,15,0,0
sem_erro,catboost,oscilacao,30,5,5,945,945,397,548,0,945,0,15,15,0.9767195767195768,0.9767195767195768,0.0,0.0,0.0,0.9767195767185431,923,22,0,0
sem_erro,catboost,oscilacao,30,10,10,473,473,199,274,0,473,0,12,12,0.9619450317124736,0.9619450317124736,0.0,0.0,0.0,0.9619450317104399,455,18,0,0
sem_erro,catboost,oscilacao,30,15,15,315,315,130,185,0,315,0,11,11,0.9492063492063492,0.9492063492063492,0.0,0.0,0.0,0.9492063492033359,299,16,0,0
sem_erro,catboost,oscilacao,30,20,20,237,237,101,136,0,237,0,7,7,0.9493670886075949,0.9493670886075949,0.0,0.0,0.0,0.9493670886035892,225,12,0,0
sem_erro,catboost,oscilacao,30,25,25,189,189,80,109,0,189,0,11,11,0.9417989417989417,0.9417989417989417,0.0,0.0,0.0,0.9417989417939588,178,11,0,0
sem_erro,catboost,oscilacao,30,30,30,158,158,66,92,0,158,0,7,7,0.9493670886075949,0.9493670886075949,0.0,0.0,0.0,0.9493670886015864,150,8,0,0
sem_erro,catboost,oscilacao,40,5,5,943,943,435,508,0,943,0,32,32,0.9384941675503712,0.9384941675503712,0.0,0.0,0.0,0.938494167549376,885,58,0,0
sem_erro,catboost,oscilacao,40,10,10,472,472,218,254,0,472,0,22,22,0.9173728813559322,0.9173728813559322,0.0,0.0,0.0,0.9173728813539886,433,39,0,0
sem_erro,catboost,oscilacao,40,15,15,315,315,145,170,0,315,0,21,21,0.8825396825396825,0.8825396825396825,0.0,0.0,0.0,0.8825396825368809,278,37,0,0
sem_erro,catboost,oscilacao,40,20,20,236,236,109,127,0,236,0,13,13,0.8813559322033898,0.8813559322033898,0.0,0.0,0.0,0.8813559321996554,208,28,0,0
sem_erro,catboost,oscilacao,40,25,25,189,189,89,100,0,189,0,13,13,0.8994708994708994,0.8994708994708994,0.0,0.0,0.0,0.8994708994661404,170,19,0,0
sem_erro,catboost,oscilacao,40,30,30,158,158,73,85,0,158,0,14,14,0.879746835443038,0.879746835443038,0.0,0.0,0.0,0.87974683543747,139,19,0,0
sem_erro,catboost,oscilacao,40,35,35,135,135,62,73,0,135,0,12,12,0.8814814814814815,0.8814814814814815,0.0,0.0,0.0,0.8814814814749521,119,16,0,0
sem_erro,catboost,oscilacao,40,40,40,118,118,54,64,0,118,0,11,11,0.8898305084745762,0.8898305084745762,0.0,0.0,0.0,0.8898305084670353,105,13,0,0
sem_erro,catboost,oscilacao,50,5,5,941,941,471,470,0,941,0,31,31,0.9192348565356004,0.9192348565356004,0.0,0.0,0.0,0.9192348565346236,865,76,0,0
sem_erro,catboost,oscilacao,50,10,10,471,471,236,235,0,471,0,28,28,0.89171974522293,0.89171974522293,0.0,0.0,0.0,0.8917197452210367,420,51,0,0
sem_erro,catboost,oscilacao,50,15,15,314,314,156,158,0,314,0,17,17,0.89171974522293,0.89171974522293,0.0,0.0,0.0,0.8917197452200901,280,34,0,0
sem_erro,catboost,oscilacao,50,20,20,236,236,120,116,0,236,0,15,15,0.864406779661017,0.864406779661017,0.0,0.0,0.0,0.8644067796573542,204,32,0,0
sem_erro,catboost,oscilacao,50,25,25,189,189,97,92,0,189,0,17,17,0.8359788359788359,0.8359788359788359,0.0,0.0,0.0,0.8359788359744128,158,31,0,0
sem_erro,catboost,oscilacao,50,30,30,157,157,78,79,0,157,0,18,18,0.8152866242038217,0.8152866242038217,0.0,0.0,0.0,0.8152866241986289,128,29,0,0
sem_erro,catboost,oscilacao,50,35,35,135,135,68,67,0,135,0,16,16,0.837037037037037,0.837037037037037,0.0,0.0,0.0,0.8370370370308369,113,22,0,0
sem_erro,catboost,oscilacao,50,40,40,118,118,60,58,0,118,0,12,12,0.847457627118644,0.847457627118644,0.0,0.0,0.0,0.8474576271114622,100,18,0,0
sem_erro,catboost,oscilacao,50,45,45,105,105,52,53,0,105,0,12,12,0.7714285714285715,0.7714285714285715,0.0,0.0,0.0,0.7714285714212245,81,24,0,0
sem_erro,catboost,oscilacao,50,50,50,95,95,50,45,0,95,0,19,19,0.7052631578947368,0.7052631578947368,0.0,0.0,0.0,0.705263157887313,67,28,0,0
sem_erro,catboost,oscilacao,60,5,5,939,939,505,434,0,939,0,37,37,0.8541001064962727,0.8541001064962727,0.0,0.0,0.0,0.854100106495363,802,137,0,0
sem_erro,catboost,oscilacao,60,10,10,470,470,253,217,0,470,0,34,34,0.8297872340425532,0.8297872340425532,0.0,0.0,0.0,0.8297872340407877,390,80,0,0
sem_erro,catboost,oscilacao,60,15,15,313,313,167,146,0,313,0,25,25,0.8338658146964856,0.8338658146964856,0.0,0.0,0.0,0.8338658146938216,261,52,0,0
sem_erro,catboost,oscilacao,60,20,20,235,235,126,109,0,235,0,24,24,0.8,0.8,0.0,0.0,0.0,0.7999999999965958,188,47,0,0
sem_erro,catboost,oscilacao,60,25,25,188,188,101,87,0,188,0,22,22,0.7925531914893617,0.7925531914893617,0.0,0.0,0.0,0.792553191485146,149,39,0,0
sem_erro,catboost,oscilacao,60,30,30,157,157,84,73,0,157,0,25,25,0.7261146496815286,0.7261146496815286,0.0,0.0,0.0,0.7261146496769038,114,43,0,0
sem_erro,catboost,oscilacao,60,35,35,135,135,72,63,0,135,0,19,19,0.7111111111111111,0.7111111111111111,0.0,0.0,0.0,0.7111111111058437,96,39,0,0
sem_erro,catboost,oscilacao,60,40,40,118,118,64,54,0,118,0,17,17,0.8220338983050848,0.8220338983050848,0.0,0.0,0.0,0.8220338982981183,97,21,0,0
sem_erro,catboost,oscilacao,60,45,45,105,105,56,49,0,105,0,13,13,0.7714285714285715,0.7714285714285715,0.0,0.0,0.0,0.7714285714212245,81,24,0,0
sem_erro,catboost,oscilacao,60,50,50,94,94,51,43,0,94,0,16,16,0.723404255319149,0.723404255319149,0.0,0.0,0.0,0.7234042553114531,68,26,0,0
sem_erro,catboost,oscilacao,60,55,55,86,86,44,42,0,86,0,17,17,0.7441860465116279,0.7441860465116279,0.0,0.0,0.0,0.7441860465029746,64,22,0,0
sem_erro,catboost,oscilacao,60,60,60,79,79,41,38,0,79,0,12,12,0.6835443037974683,0.6835443037974683,0.0,0.0,0.0,0.6835443037888158,54,25,0,0
sem_erro,catboost,oscilacao,70,5,5,937,937,534,403,0,937,0,47,47,0.8068303094983992,0.8068303094983992,0.0,0.0,0.0,0.8068303094975381,756,181,0,0
sem_erro,catboost,oscilacao,70,10,10,469,469,268,201,0,469,0,30,30,0.7974413646055437,0.7974413646055437,0.0,0.0,0.0,0.7974413646038434,374,95,0,0
sem_erro,catboost,oscilacao,70,15,15,313,313,178,135,0,313,0,33,33,0.744408945686901,0.744408945686901,0.0,0.0,0.0,0.7444089456845226,233,80,0,0
sem_erro,catboost,oscilacao,70,20,20,235,235,136,99,0,235,0,25,25,0.7361702127659574,0.7361702127659574,0.0,0.0,0.0,0.7361702127628248,173,62,0,0
sem_erro,catboost,oscilacao,70,25,25,188,188,108,80,0,188,0,19,19,0.7340425531914894,0.7340425531914894,0.0,0.0,0.0,0.7340425531875849,138,50,0,0
sem_erro,catboost,oscilacao,70,30,30,157,157,90,67,0,157,0,19,19,0.7197452229299363,0.7197452229299363,0.0,0.0,0.0,0.719745222925352,113,44,0,0
sem_erro,catboost,oscilacao,70,35,35,134,134,76,58,0,134,0,21,21,0.7238805970149254,0.7238805970149254,0.0,0.0,0.0,0.7238805970095233,97,37,0,0
sem_erro,catboost,oscilacao,70,40,40,118,118,69,49,0,118,0,13,13,0.711864406779661,0.711864406779661,0.0,0.0,0.0,0.7118644067736283,84,34,0,0
sem_erro,catboost,oscilacao,70,45,45,105,105,59,46,0,105,0,19,19,0.6857142857142857,0.6857142857142857,0.0,0.0,0.0,0.6857142857077551,72,33,0,0
sem_erro,catboost,oscilacao,70,50,50,94,94,54,40,0,94,0,18,18,0.5851063829787234,0.5851063829787234,0.0,0.0,0.0,0.5851063829724988,55,39,0,0
sem_erro,catboost,oscilacao,70,55,55,86,86,48,38,0,86,0,20,20,0.5930232558139535,0.5930232558139535,0.0,0.0,0.0,0.5930232558070578,51,35,0,0
sem_erro,catboost,oscilacao,70,60,60,79,79,45,34,0,79,0,10,10,0.620253164556962,0.620253164556962,0.0,0.0,0.0,0.6202531645491107,49,30,0,0
sem_erro,catboost,oscilacao,70,65,65,73,73,40,33,0,73,0,11,11,0.6712328767123288,0.6712328767123288,0.0,0.0,0.0,0.6712328767031338,49,24,0,0
sem_erro,catboost,oscilacao,70,70,70,67,67,36,31,0,67,0,17,17,0.5373134328358209,0.5373134328358209,0.0,0.0,0.0,0.5373134328278013,36,31,0,0
sem_erro,catboost,oscilacao,80,5,5,935,935,562,373,0,935,0,35,35,0.786096256684492,0.786096256684492,0.0,0.0,0.0,0.7860962566836512,735,200,0,0
sem_erro,catboost,oscilacao,80,10,10,468,468,282,186,0,468,0,32,32,0.7649572649572649,0.7649572649572649,0.0,0.0,0.0,0.7649572649556304,358,110,0,0
sem_erro,catboost,oscilacao,80,15,15,312,312,187,125,0,312,0,25,25,0.7339743589743589,0.7339743589743589,0.0,0.0,0.0,0.7339743589720065,229,83,0,0
sem_erro,catboost,oscilacao,80,20,20,234,234,141,93,0,234,0,31,31,0.6752136752136753,0.6752136752136753,0.0,0.0,0.0,0.6752136752107897,158,76,0,0
sem_erro,catboost,oscilacao,80,25,25,187,187,113,74,0,187,0,29,29,0.6417112299465241,0.6417112299465241,0.0,0.0,0.0,0.6417112299430925,120,67,0,0
sem_erro,catboost,oscilacao,80,30,30,156,156,94,62,0,156,0,23,23,0.6794871794871795,0.6794871794871795,0.0,0.0,0.0,0.6794871794828239,106,50,0,0
sem_erro,catboost,oscilacao,80,35,35,134,134,81,53,0,134,0,14,14,0.7164179104477612,0.7164179104477612,0.0,0.0,0.0,0.7164179104424149,96,38,0,0
sem_erro,catboost,oscilacao,80,40,40,117,117,70,47,0,117,0,18,18,0.5811965811965812,0.5811965811965812,0.0,0.0,0.0,0.5811965811916137,68,49,0,0
sem_erro,catboost,oscilacao,80,45,45,104,104,61,43,0,104,0,15,15,0.6923076923076923,0.6923076923076923,0.0,0.0,0.0,0.6923076923010355,72,32,0,0
sem_erro,catboost,oscilacao,80,50,50,94,94,56,38,0,94,0,18,18,0.6063829787234043,0.6063829787234043,0.0,0.0,0.0,0.6063829787169533,57,37,0,0
sem_erro,catboost,oscilacao,80,55,55,85,85,50,35,0,85,0,12,12,0.6,0.6,0.0,0.0,0.0,0.5999999999929412,51,34,0,0
sem_erro,catboost,oscilacao,80,60,60,78,78,47,31,0,78,0,12,12,0.48717948717948717,0.48717948717948717,0.0,0.0,0.0,0.4871794871732413,38,40,0,0
sem_erro,catboost,oscilacao,80,65,65,72,72,40,32,0,72,0,11,11,0.8055555555555556,0.8055555555555556,0.0,0.0,0.0,0.8055555555443672,58,14,0,0
sem_erro,catboost,oscilacao,80,70,70,67,67,38,29,0,67,0,11,11,0.5671641791044776,0.5671641791044776,0.0,0.0,0.0,0.5671641790960125,38,29,0,0
sem_erro,catboost,oscilacao,80,75,75,63,63,39,24,0,63,0,11,11,0.6507936507936508,0.6507936507936508,0.0,0.0,0.0,0.6507936507833207,41,22,0,0
sem_erro,catboost,oscilacao,80,80,80,59,59,34,25,0,59,0,7,7,0.7966101694915254,0.7966101694915254,0.0,0.0,0.0,0.7966101694780237,47,12,0,0
sem_erro,catboost,oscilacao,90,5,5,933,933,587,346,0,933,0,29,29,0.7191854233654876,0.7191854233654876,0.0,0.0,0.0,0.7191854233647168,671,262,0,0
sem_erro,catboost,oscilacao,90,10,10,467,467,295,172,0,467,0,36,36,0.7173447537473233,0.7173447537473233,0.0,0.0,0.0,0.7173447537457873,335,132,0,0
sem_erro,catboost,oscilacao,90,15,15,311,311,193,118,0,311,0,18,18,0.729903536977492,0.729903536977492,0.0,0.0,0.0,0.729903536975145,227,84,0,0
sem_erro,catboost,oscilacao,90,20,20,234,234,149,85,0,234,0,23,23,0.6410256410256411,0.6410256410256411,0.0,0.0,0.0,0.6410256410229016,150,84,0,0
sem_erro,catboost,oscilacao,90,25,25,187,187,119,68,0,187,0,15,15,0.6844919786096256,0.6844919786096256,0.0,0.0,0.0,0.6844919786059653,128,59,0,0
sem_erro,catboost,oscilacao,90,30,30,156,156,97,59,0,156,0,14,14,0.6666666666666666,0.6666666666666666,0.0,0.0,0.0,0.6666666666623932,104,52,0,0
sem_erro,catboost,oscilacao,90,35,35,134,134,84,50,0,134,0,14,14,0.7313432835820896,0.7313432835820896,0.0,0.0,0.0,0.7313432835766318,98,36,0,0
sem_erro,catboost,oscilacao,90,40,40,117,117,73,44,0,117,0,14,14,0.6068376068376068,0.6068376068376068,0.0,0.0,0.0,0.6068376068324202,71,46,0,0
sem_erro,catboost,oscilacao,90,45,45,104,104,64,40,0,104,0,13,13,0.6442307692307693,0.6442307692307693,0.0,0.0,0.0,0.6442307692245747,67,37,0,0
sem_erro,catboost,oscilacao,90,50,50,94,94,60,34,0,94,0,18,18,0.5957446808510638,0.5957446808510638,0.0,0.0,0.0,0.5957446808447261,56,38,0,0
sem_erro,catboost,oscilacao,90,55,55,85,85,50,35,0,85,0,16,16,0.611764705882353,0.611764705882353,0.0,0.0,0.0,0.6117647058751556,52,33,0,0
sem_erro,catboost,oscilacao,90,60,60,78,78,49,29,0,78,0,9,9,0.5769230769230769,0.5769230769230769,0.0,0.0,0.0,0.5769230769156805,45,33,0,0
sem_erro,catboost,oscilacao,90,65,65,72,72,41,31,0,72,0,13,13,0.7222222222222222,0.7222222222222222,0.0,0.0,0.0,0.7222222222121913,52,20,0,0
sem_erro,catboost,oscilacao,90,70,70,67,67,40,27,0,67,0,11,11,0.5522388059701493,0.5522388059701493,0.0,0.0,0.0,0.5522388059619069,37,30,0,0
sem_erro,catboost,oscilacao,90,75,75,63,63,41,22,0,63,0,9,9,0.6349206349206349,0.6349206349206349,0.0,0.0,0.0,0.6349206349105568,40,23,0,0
sem_erro,catboost,oscilacao,90,80,80,59,59,37,22,0,59,0,8,8,0.5932203389830508,0.5932203389830508,0.0,0.0,0.0,0.5932203389729963,35,24,0,0
sem_erro,catboost,oscilacao,90,85,85,55,55,32,23,0,55,0,10,10,0.6,0.6,0.0,0.0,0.0,0.5999999999890909,33,22,0,0
sem_erro,catboost,oscilacao,90,90,90,52,52,29,23,0,52,0,10,10,0.5769230769230769,0.5769230769230769,0.0,0.0,0.0,0.5769230769119823,30,22,0,0
sem_erro,catboost,oscilacao,100,5,5,931,931,610,321,0,931,0,38,38,0.6756176154672395,0.6756176154672395,0.0,0.0,0.0,0.6756176154665139,629,302,0,0
sem_erro,catboost,oscilacao,100,10,10,466,466,307,159,0,466,0,20,20,0.5858369098712446,0.5858369098712446,0.0,0.0,0.0,0.5858369098699875,273,193,0,0
sem_erro,catboost,oscilacao,100,15,15,311,311,203,108,0,311,0,18,18,0.6881028938906752,0.6881028938906752,0.0,0.0,0.0,0.6881028938884627,214,97,0,0
sem_erro,catboost,oscilacao,100,20,20,233,233,154,79,0,233,0,18,18,0.6523605150214592,0.6523605150214592,0.0,0.0,0.0,0.6523605150186594,152,81,0,0
sem_erro,catboost,oscilacao,100,25,25,187,187,124,63,0,187,0,10,10,0.6149732620320856,0.6149732620320856,0.0,0.0,0.0,0.614973262028797,115,72,0,0
sem_erro,catboost,oscilacao,100,30,30,156,156,103,53,0,156,0,11,11,0.532051282051282,0.532051282051282,0.0,0.0,0.0,0.5320512820478716,83,73,0,0
sem_erro,catboost,oscilacao,100,35,35,133,133,87,46,0,133,0,13,13,0.518796992481203,0.518796992481203,0.0,0.0,0.0,0.5187969924773023,69,64,0,0
sem_erro,catboost,oscilacao,100,40,40,117,117,77,40,0,117,0,10,10,0.5384615384615384,0.5384615384615384,0.0,0.0,0.0,0.5384615384569362,63,54,0,0
sem_erro,catboost,oscilacao,100,45,45,104,104,68,36,0,104,0,11,11,0.5769230769230769,0.5769230769230769,0.0,0.0,0.0,0.5769230769175295,60,44,0,0
sem_erro,catboost,oscilacao,100,50,50,94,94,64,30,0,94,0,9,9,0.5106382978723404,0.5106382978723404,0.0,0.0,0.0,0.5106382978669081,48,46,0,0
sem_erro,catboost,oscilacao,100,55,55,85,85,53,32,0,85,0,12,12,0.6823529411764706,0.6823529411764706,0.0,0.0,0.0,0.6823529411684429,58,27,0,0
sem_erro,catboost,oscilacao,100,60,60,78,78,51,27,0,78,0,9,9,0.2692307692307692,0.2692307692307692,0.0,0.0,0.0,0.26923076922731753,21,57,0,0
sem_erro,catboost,oscilacao,100,65,65,72,72,44,28,0,72,0,11,11,0.7083333333333334,0.7083333333333334,0.0,0.0,0.0,0.7083333333234954,51,21,0,0
sem_erro,catboost,oscilacao,100,70,70,67,67,42,25,0,67,0,9,9,0.5223880597014925,0.5223880597014925,0.0,0.0,0.0,0.5223880596936957,35,32,0,0
sem_erro,catboost,oscilacao,100,75,75,63,63,42,21,0,63,0,6,6,0.5714285714285714,0.5714285714285714,0.0,0.0,0.0,0.5714285714195012,36,27,0,0
sem_erro,catboost,oscilacao,100,80,80,59,59,41,18,0,59,0,10,10,0.423728813559322,0.423728813559322,0.0,0.0,0.0,0.4237288135521402,25,34,0,0
sem_erro,catboost,oscilacao,100,85,85,55,55,37,18,0,55,0,10,10,0.3090909090909091,0.3090909090909091,0.0,0.0,0.0,0.3090909090852893,17,38,0,0
sem_erro,catboost,oscilacao,100,90,90,52,52,31,21,0,52,0,8,8,0.5769230769230769,0.5769230769230769,0.0,0.0,0.0,0.5769230769119823,30,22,0,0
sem_erro,catboost,oscilacao,100,95,95,49,49,32,17,0,49,0,10,10,0.46938775510204084,0.46938775510204084,0.0,0.0,0.0,0.4693877550924615,23,26,0,0
sem_erro,catboost,oscilacao,100,100,100,47,47,33,14,0,47,0,3,3,0.1702127659574468,0.1702127659574468,0.0,0.0,0.0,0.17021276595382528,8,39,0,0
sem_erro,catboost,queda,20,5,5,947,947,225,722,0,947,0,32,32,0.9017951425554382,0.9017951425554382,0.0,0.0,0.0,0.901795142554486,854,93,0,0
sem_erro,catboost,queda,20,10,10,474,474,112,362,0,474,0,17,17,0.9008438818565401,0.9008438818565401,0.0,0.0,0.0,0.9008438818546396,427,47,0,0
sem_erro,catboost,queda,20,15,15,316,316,72,244,0,316,0,11,11,0.9145569620253164,0.9145569620253164,0.0,0.0,0.0,0.9145569620224223,289,27,0,0
sem_erro,catboost,queda,20,20,20,237,237,56,181,0,237,0,13,13,0.8860759493670886,0.8860759493670886,0.0,0.0,0.0,0.8860759493633499,210,27,0,0
sem_erro,catboost,queda,30,5,5,945,945,262,683,0,945,0,27,27,0.8677248677248677,0.8677248677248677,0.0,0.0,0.0,0.8677248677239495,820,125,0,0
sem_erro,catboost,queda,30,10,10,473,473,131,342,0,473,0,16,16,0.86892177589852,0.86892177589852,0.0,0.0,0.0,0.8689217758966831,411,62,0,0
sem_erro,catboost,queda,30,15,15,315,315,87,228,0,315,0,14,14,0.9111111111111111,0.9111111111111111,0.0,0.0,0.0,0.9111111111082187,287,28,0,0
sem_erro,catboost,queda,30,20,20,237,237,67,170,0,237,0,13,13,0.8860759493670886,0.8860759493670886,0.0,0.0,0.0,0.8860759493633499,210,27,0,0
sem_erro,catboost,queda,30,25,25,189,189,52,137,0,189,0,12,12,0.8941798941798942,0.8941798941798942,0.0,0.0,0.0,0.8941798941751631,169,20,0,0
sem_erro,catboost,queda,30,30,30,158,158,45,113,0,158,0,9,9,0.9050632911392406,0.9050632911392406,0.0,0.0,0.0,0.9050632911335124,143,15,0,0
sem_erro,catboost,queda,40,5,5,943,943,294,649,0,943,0,18,18,0.8759278897136797,0.8759278897136797,0.0,0.0,0.0,0.8759278897127509,826,117,0,0
sem_erro,catboost,queda,40,10,10,472,472,147,325,0,472,0,15,15,0.8771186440677966,0.8771186440677966,0.0,0.0,0.0,0.8771186440659383,414,58,0,0
sem_erro,catboost,queda,40,15,15,315,315,99,216,0,315,0,10,10,0.8920634920634921,0.8920634920634921,0.0,0.0,0.0,0.8920634920606602,281,34,0,0
sem_erro,catboost,queda,40,20,20,236,236,73,163,0,236,0,14,14,0.847457627118644,0.847457627118644,0.0,0.0,0.0,0.8474576271150532,200,36,0,0
sem_erro,catboost,queda,40,25,25,189,189,56,133,0,189,0,9,9,0.8994708994708994,0.8994708994708994,0.0,0.0,0.0,0.8994708994661404,170,19,0,0
sem_erro,catboost,queda,40,30,30,158,158,50,108,0,158,0,8,8,0.9050632911392406,0.9050632911392406,0.0,0.0,0.0,0.9050632911335124,143,15,0,0
sem_erro,catboost,queda,40,35,35,135,135,42,93,0,135,0,10,10,0.8962962962962963,0.8962962962962963,0.0,0.0,0.0,0.8962962962896571,121,14,0,0
sem_erro,catboost,queda,40,40,40,118,118,37,81,0,118,0,10,10,0.8559322033898306,0.8559322033898306,0.0,0.0,0.0,0.8559322033825768,101,17,0,0
sem_erro,catboost,queda,50,5,5,941,941,325,616,0,941,0,24,24,0.8852284803400637,0.8852284803400637,0.0,0.0,0.0,0.885228480339123,833,108,0,0
sem_erro,catboost,queda,50,10,10,471,471,163,308,0,471,0,16,16,0.8895966029723992,0.8895966029723992,0.0,0.0,0.0,0.8895966029705105,419,52,0,0
sem_erro,catboost,queda,50,15,15,314,314,106,208,0,314,0,12,12,0.9012738853503185,0.9012738853503185,0.0,0.0,0.0,0.9012738853474482,283,31,0,0
sem_erro,catboost,queda,50,20,20,236,236,83,153,0,236,0,12,12,0.902542372881356,0.902542372881356,0.0,0.0,0.0,0.9025423728775317,213,23,0,0
sem_erro,catboost,queda,50,25,25,189,189,64,125,0,189,0,11,11,0.8994708994708994,0.8994708994708994,0.0,0.0,0.0,0.8994708994661404,170,19,0,0
sem_erro,catboost,queda,50,30,30,157,157,55,102,0,157,0,8,8,0.8726114649681529,0.8726114649681529,0.0,0.0,0.0,0.8726114649625949,137,20,0,0
sem_erro,catboost,queda,50,35,35,135,135,49,86,0,135,0,10,10,0.8888888888888888,0.8888888888888888,0.0,0.0,0.0,0.8888888888823046,120,15,0,0
sem_erro,catboost,queda,50,40,40,118,118,41,77,0,118,0,9,9,0.8728813559322034,0.8728813559322034,0.0,0.0,0.0,0.8728813559248061,103,15,0,0
sem_erro,catboost,queda,50,45,45,105,105,33,72,0,105,0,5,5,0.9333333333333333,0.9333333333333333,0.0,0.0,0.0,0.9333333333244445,98,7,0,0
sem_erro,catboost,queda,50,50,50,95,95,34,61,0,95,0,10,10,0.8736842105263158,0.8736842105263158,0.0,0.0,0.0,0.8736842105171191,83,12,0,0
sem_erro,catboost,queda,60,5,5,939,939,353,586,0,939,0,24,24,0.8764643237486688,0.8764643237486688,0.0,0.0,0.0,0.8764643237477354,823,116,0,0
sem_erro,catboost,queda,60,10,10,470,470,177,293,0,470,0,15,15,0.8787234042553191,0.8787234042553191,0.0,0.0,0.0,0.8787234042534495,413,57,0,0
sem_erro,catboost,queda,60,15,15,313,313,118,195,0,313,0,10,10,0.8881789137380192,0.8881789137380192,0.0,0.0,0.0,0.8881789137351815,278,35,0,0
sem_erro,catboost,queda,60,20,20,235,235,88,147,0,235,0,14,14,0.825531914893617,0.825531914893617,0.0,0.0,0.0,0.8255319148901041,194,41,0,0
sem_erro,catboost,queda,60,25,25,188,188,71,117,0,188,0,7,7,0.8776595744680851,0.8776595744680851,0.0,0.0,0.0,0.8776595744634168,165,23,0,0
sem_erro,catboost,queda,60,30,30,157,157,61,96,0,157,0,7,7,0.9171974522292994,0.9171974522292994,0.0,0.0,0.0,0.9171974522234574,144,13,0,0
sem_erro,catboost,queda,60,35,35,135,135,54,81,0,135,0,13,13,0.7925925925925926,0.7925925925925926,0.0,0.0,0.0,0.7925925925867215,107,28,0,0
sem_erro,catboost,queda,60,40,40,118,118,45,73,0,118,0,11,11,0.8220338983050848,0.8220338983050848,0.0,0.0,0.0,0.8220338982981183,97,21,0,0
sem_erro,catboost,queda,60,45,45,105,105,38,67,0,105,0,8,8,0.8857142857142857,0.8857142857142857,0.0,0.0,0.0,0.8857142857058503,93,12,0,0
sem_erro,catboost,queda,60,50,50,94,94,38,56,0,94,0,8,8,0.851063829787234,0.851063829787234,0.0,0.0,0.0,0.8510638297781802,80,14,0,0
sem_erro,catboost,queda,60,55,55,86,86,33,53,0,86,0,8,8,0.8604651162790697,0.8604651162790697,0.0,0.0,0.0,0.8604651162690643,74,12,0,0
sem_erro,catboost,queda,60,60,60,79,79,31,48,0,79,0,8,8,0.8987341772151899,0.8987341772151899,0.0,0.0,0.0,0.8987341772038134,71,8,0,0
sem_erro,catboost,queda,70,5,5,937,937,379,558,0,937,0,20,20,0.8932764140875133,0.8932764140875133,0.0,0.0,0.0,0.89327641408656,837,100,0,0
sem_erro,catboost,queda,70,10,10,469,469,190,279,0,469,0,18,18,0.9019189765458422,0.9019189765458422,0.0,0.0,0.0,0.9019189765439192,423,46,0,0
sem_erro,catboost,queda,70,15,15,313,313,129,184,0,313,0,15,15,0.8817891373801917,0.8817891373801917,0.0,0.0,0.0,0.8817891373773745,276,37,0,0
sem_erro,catboost,queda,70,20,20,235,235,96,139,0,235,0,14,14,0.8808510638297873,0.8808510638297873,0.0,0.0,0.0,0.880851063826039,207,28,0,0
sem_erro,catboost,queda,70,25,25,188,188,73,115,0,188,0,8,8,0.9468085106382979,0.9468085106382979,0.0,0.0,0.0,0.9468085106332617,178,10,0,0
sem_erro,catboost,queda,70,30,30,157,157,66,91,0,157,0,10,10,0.8598726114649682,0.8598726114649682,0.0,0.0,0.0,0.8598726114594913,135,22,0,0
sem_erro,catboost,queda,70,35,35,134,134,56,78,0,134,0,12,12,0.8208955223880597,0.8208955223880597,0.0,0.0,0.0,0.8208955223819336,110,24,0,0
sem_erro,catboost,queda,70,40,40,118,118,51,67,0,118,0,11,11,0.8220338983050848,0.8220338983050848,0.0,0.0,0.0,0.8220338982981183,97,21,0,0
sem_erro,catboost,queda,70,45,45,105,105,43,62,0,105,0,10,10,0.819047619047619,0.819047619047619,0.0,0.0,0.0,0.8190476190398186,86,19,0,0
sem_erro,catboost,queda,70,50,50,94,94,39,55,0,94,0,4,4,0.9468085106382979,0.9468085106382979,0.0,0.0,0.0,0.9468085106282254,89,5,0,0
sem_erro,catboost,queda,70,55,55,86,86,35,51,0,86,0,5,5,0.8488372093023255,0.8488372093023255,0.0,0.0,0.0,0.8488372092924553,73,13,0,0
sem_erro,catboost,queda,70,60,60,79,79,34,45,0,79,0,10,10,0.7848101265822784,0.7848101265822784,0.0,0.0,0.0,0.7848101265723442,62,17,0,0
sem_erro,catboost,queda,70,65,65,73,73,31,42,0,73,0,10,10,0.8493150684931506,0.8493150684931506,0.0,0.0,0.0,0.8493150684815162,62,11,0,0
sem_erro,catboost,queda,70,70,70,67,67,30,37,0,67,0,8,8,0.8507462686567164,0.8507462686567164,0.0,0.0,0.0,0.8507462686440187,57,10,0,0
sem_erro,catboost,queda,80,5,5,935,935,405,530,0,935,0,19,19,0.8941176470588236,0.8941176470588236,0.0,0.0,0.0,0.8941176470578672,836,99,0,0
sem_erro,catboost,queda,80,10,10,468,468,203,265,0,468,0,20,20,0.8867521367521367,0.8867521367521367,0.0,0.0,0.0,0.886752136750242,415,53,0,0
sem_erro,catboost,queda,80,15,15,312,312,133,179,0,312,0,14,14,0.8814102564102564,0.8814102564102564,0.0,0.0,0.0,0.8814102564074314,275,37,0,0
sem_erro,catboost,queda,80,20,20,234,234,101,133,0,234,0,15,15,0.8461538461538461,0.8461538461538461,0.0,0.0,0.0,0.8461538461502301,198,36,0,0
sem_erro,catboost,queda,80,25,25,187,187,81,106,0,187,0,14,14,0.8502673796791443,0.8502673796791443,0.0,0.0,0.0,0.8502673796745975,159,28,0,0
sem_erro,catboost,queda,80,30,30,156,156,68,88,0,156,0,10,10,0.8846153846153846,0.8846153846153846,0.0,0.0,0.0,0.8846153846097141,138,18,0,0
sem_erro,catboost,queda,80,35,35,134,134,58,76,0,134,0,12,12,0.8283582089552238,0.8283582089552238,0.0,0.0,0.0,0.8283582089490422,111,23,0,0
sem_erro,catboost,queda,80,40,40,117,117,52,65,0,117,0,11,11,0.7863247863247863,0.7863247863247863,0.0,0.0,0.0,0.7863247863180656,92,25,0,0
sem_erro,catboost,queda,80,45,45,104,104,43,61,0,104,0,5,5,0.9134615384615384,0.9134615384615384,0.0,0.0,0.0,0.9134615384527551,95,9,0,0
sem_erro,catboost,queda,80,50,50,94,94,39,55,0,94,0,7,7,0.9042553191489362,0.9042553191489362,0.0,0.0,0.0,0.9042553191393164,85,9,0,0
sem_erro,catboost,queda,80,55,55,85,85,37,48,0,85,0,7,7,0.7764705882352941,0.7764705882352941,0.0,0.0,0.0,0.7764705882261591,66,19,0,0
sem_erro,catboost,queda,80,60,60,78,78,35,43,0,78,0,10,10,0.782051282051282,0.782051282051282,0.0,0.0,0.0,0.7820512820412557,61,17,0,0
sem_erro,catboost,queda,80,65,65,72,72,33,39,0,72,0,8,8,0.8333333333333334,0.8333333333333334,0.0,0.0,0.0,0.8333333333217592,60,12,0,0
sem_erro,catboost,queda,80,70,70,67,67,31,36,0,67,0,6,6,0.8507462686567164,0.8507462686567164,0.0,0.0,0.0,0.8507462686440187,57,10,0,0
sem_erro,catboost,queda,80,75,75,63,63,26,37,0,63,0,1,1,0.9682539682539683,0.9682539682539683,0.0,0.0,0.0,0.9682539682385992,61,2,0,0
sem_erro,catboost,queda,80,80,80,59,59,27,32,0,59,0,8,8,0.7457627118644068,0.7457627118644068,0.0,0.0,0.0,0.7457627118517668,44,15,0,0
sem_erro,catboost,queda,90,5,5,933,933,431,502,0,933,0,27,27,0.8638799571275455,0.8638799571275455,0.0,0.0,0.0,0.8638799571266197,806,127,0,0
sem_erro,catboost,queda,90,10,10,467,467,216,251,0,467,0,20,20,0.8736616702355461,0.8736616702355461,0.0,0.0,0.0,0.8736616702336752,408,59,0,0
sem_erro,catboost,queda,90,15,15,311,311,144,167,0,311,0,11,11,0.8488745980707395,0.8488745980707395,0.0,0.0,0.0,0.8488745980680101,264,47,0,0
sem_erro,catboost,queda,90,20,20,234,234,109,125,0,234,0,18,18,0.811965811965812,0.811965811965812,0.0,0.0,0.0,0.8119658119623421,190,44,0,0
sem_erro,catboost,queda,90,25,25,187,187,84,103,0,187,0,8,8,0.9197860962566845,0.9197860962566845,0.0,0.0,0.0,0.9197860962517659,172,15,0,0
sem_erro,catboost,queda,90,30,30,156,156,74,82,0,156,0,8,8,0.8717948717948718,0.8717948717948718,0.0,0.0,0.0,0.8717948717892834,136,20,0,0
sem_erro,catboost,queda,90,35,35,134,134,64,70,0,134,0,11,11,0.8134328358208955,0.8134328358208955,0.0,0.0,0.0,0.8134328358148252,109,25,0,0
sem_erro,catboost,queda,90,40,40,117,117,54,63,0,117,0,11,11,0.7606837606837606,0.7606837606837606,0.0,0.0,0.0,0.7606837606772591,89,28,0,0
sem_erro,catboost,queda,90,45,45,104,104,46,58,0,104,0,7,7,0.875,0.875,0.0,0.0,0.0,0.8749999999915865,91,13,0,0
sem_erro,catboost,queda,90,50,50,94,94,42,52,0,94,0,6,6,0.8936170212765957,0.8936170212765957,0.0,0.0,0.0,0.8936170212670892,84,10,0,0
sem_erro,catboost,queda,90,55,55,85,85,40,45,0,85,0,7,7,0.8117647058823529,0.8117647058823529,0.0,0.0,0.0,0.8117647058728027,69,16,0,0
sem_erro,catboost,queda,90,60,60,78,78,39,39,0,78,0,8,8,0.8076923076923077,0.8076923076923077,0.0,0.0,0.0,0.8076923076819527,63,15,0,0
sem_erro,catboost,queda,90,65,65,72,72,34,38,0,72,0,6,6,0.8333333333333334,0.8333333333333334,0.0,0.0,0.0,0.8333333333217592,60,12,0,0
sem_erro,catboost,queda,90,70,70,67,67,36,31,0,67,0,10,10,0.746268656716418,0.746268656716418,0.0,0.0,0.0,0.7462686567052795,50,17,0,0
sem_erro,catboost,queda,90,75,75,63,63,28,35,0,63,0,4,4,0.9206349206349206,0.9206349206349206,0.0,0.0,0.0,0.9206349206203074,58,5,0,0
sem_erro,catboost,queda,90,80,80,59,59,28,31,0,59,0,6,6,0.8813559322033898,0.8813559322033898,0.0,0.0,0.0,0.8813559321884517,52,7,0,0
sem_erro,catboost,queda,90,85,85,55,55,26,29,0,55,0,6,6,0.7818181818181819,0.7818181818181819,0.0,0.0,0.0,0.781818181803967,43,12,0,0
sem_erro,catboost,queda,90,90,90,52,52,26,26,0,52,0,6,6,0.8269230769230769,0.8269230769230769,0.0,0.0,0.0,0.8269230769071746,43,9,0,0
sem_erro,catboost,queda,100,5,5,931,931,457,474,0,931,0,22,22,0.8678839957035446,0.8678839957035446,0.0,0.0,0.0,0.8678839957026124,808,123,0,0
sem_erro,catboost,queda,100,10,10,466,466,229,237,0,466,0,20,20,0.8798283261802575,0.8798283261802575,0.0,0.0,0.0,0.8798283261783695,410,56,0,0
sem_erro,catboost,queda,100,15,15,311,311,155,156,0,311,0,18,18,0.8585209003215434,0.8585209003215434,0.0,0.0,0.0,0.8585209003187829,267,44,0,0
sem_erro,catboost,queda,100,20,20,233,233,114,119,0,233,0,14,14,0.8240343347639485,0.8240343347639485,0.0,0.0,0.0,0.8240343347604119,192,41,0,0
sem_erro,catboost,queda,100,25,25,187,187,91,96,0,187,0,12,12,0.8770053475935828,0.8770053475935828,0.0,0.0,0.0,0.877005347588893,164,23,0,0
sem_erro,catboost,queda,100,30,30,156,156,79,77,0,156,0,12,12,0.8525641025641025,0.8525641025641025,0.0,0.0,0.0,0.8525641025586375,133,23,0,0
sem_erro,catboost,queda,100,35,35,133,133,69,64,0,133,0,11,11,0.7518796992481203,0.7518796992481203,0.0,0.0,0.0,0.7518796992424671,100,33,0,0
sem_erro,catboost,queda,100,40,40,117,117,58,59,0,117,0,13,13,0.7692307692307693,0.7692307692307693,0.0,0.0,0.0,0.7692307692241945,90,27,0,0
sem_erro,catboost,queda,100,45,45,104,104,51,53,0,104,0,9,9,0.7980769230769231,0.7980769230769231,0.0,0.0,0.0,0.7980769230692493,83,21,0,0
sem_erro,catboost,queda,100,50,50,94,94,48,46,0,94,0,6,6,0.8085106382978723,0.8085106382978723,0.0,0.0,0.0,0.8085106382892712,76,18,0,0
sem_erro,catboost,queda,100,55,55,85,85,41,44,0,85,0,9,9,0.8117647058823529,0.8117647058823529,0.0,0.0,0.0,0.8117647058728027,69,16,0,0
sem_erro,catboost,queda,100,60,60,78,78,41,37,0,78,0,10,10,0.7435897435897436,0.7435897435897436,0.0,0.0,0.0,0.7435897435802103,58,20,0,0
sem_erro,catboost,queda,100,65,65,72,72,37,35,0,72,0,7,7,0.75,0.75,0.0,0.0,0.0,0.7499999999895833,54,18,0,0
sem_erro,catboost,queda,100,70,70,67,67,36,31,0,67,0,9,9,0.8059701492537313,0.8059701492537313,0.0,0.0,0.0,0.8059701492417018,54,13,0,0
sem_erro,catboost,queda,100,75,75,63,63,32,31,0,63,0,7,7,0.8095238095238095,0.8095238095238095,0.0,0.0,0.0,0.80952380951096,51,12,0,0
sem_erro,catboost,queda,100,80,80,59,59,30,29,0,59,0,5,5,0.8813559322033898,0.8813559322033898,0.0,0.0,0.0,0.8813559321884517,52,7,0,0
sem_erro,catboost,queda,100,85,85,55,55,27,28,0,55,0,7,7,0.8,0.8,0.0,0.0,0.0,0.7999999999854546,44,11,0,0
sem_erro,catboost,queda,100,90,90,52,52,27,25,0,52,0,5,5,0.8653846153846154,0.8653846153846154,0.0,0.0,0.0,0.8653846153679734,45,7,0,0
sem_erro,catboost,queda,100,95,95,49,49,23,26,0,49,0,6,6,0.7959183673469388,0.7959183673469388,0.0,0.0,0.0,0.7959183673306957,39,10,0,0
sem_erro,catboost,queda,100,100,100,47,47,22,25,0,47,0,6,6,0.8085106382978723,0.8085106382978723,0.0,0.0,0.0,0.80851063828067,38,9,0,0
sem_erro,mlp,lacuna,20,5,5,947,947,249,698,0,947,0,0,0,1.0,1.0,0.0,0.0,0.0,0.9999999999989441,947,0,0,0
sem_erro,mlp,lacuna,20,10,10,474,474,122,352,0,474,0,0,0,1.0,1.0,0.0,0.0,0.0,0.9999999999978904,474,0,0,0
sem_erro,mlp,lacuna,20,15,15,316,316,87,229,0,316,0,2,2,0.9936708860759493,0.9936708860759493,0.0,0.0,0.0,0.9936708860728048,314,2,0,0
sem_erro,mlp,lacuna,20,20,20,237,237,63,174,0,237,0,0,0,1.0,1.0,0.0,0.0,0.0,0.9999999999957806,237,0,0,0
sem_erro,mlp,lacuna,30,5,5,945,945,287,658,0,945,0,0,0,1.0,1.0,0.0,0.0,0.0,0.9999999999989418,945,0,0,0
sem_erro,mlp,lacuna,30,10,10,473,473,141,332,0,473,0,0,0,1.0,1.0,0.0,0.0,0.0,0.9999999999978858,473,0,0,0
sem_erro,mlp,lacuna,30,15,15,315,315,98,217,0,315,0,0,0,1.0,1.0,0.0,0.0,0.0,0.9999999999968254,315,0,0,0
sem_erro,mlp,lacuna,30,20,20,237,237,70,167,0,237,0,0,0,1.0,1.0,0.0,0.0,0.0,0.9999999999957806,237,0,0,0
sem_erro,mlp,lacuna,30,25,25,189,189,57,132,0,189,0,1,1,0.9947089947089947,0.9947089947089947,0.0,0.0,0.0,0.9947089947037318,188,1,0,0
sem_erro,mlp,lacuna,30,30,30,158,158,47,111,0,158,0,0,0,1.0,1.0,0.0,0.0,0.0,0.999999999993671,158,0,0,0
sem_erro,mlp,lacuna,40,5,5,943,943,324,619,0,943,0,6,6,0.985153764581124,0.985153764581124,0.0,0.0,0.0,0.9851537645800794,929,14,0,0
sem_erro,mlp,lacuna,40,10,10,472,472,159,313,0,472,0,1,1,0.9978813559322034,0.9978813559322034,0.0,0.0,0.0,0.9978813559300893,471,1,0,0
sem_erro,mlp,lacuna,40,15,15,315,315,108,207,0,315,0,5,5,0.9841269841269841,0.9841269841269841,0.0,0.0,0.0,0.9841269841238599,310,5,0,0
sem_erro,mlp,lacuna,40,20,20,236,236,81,155,0,236,0,1,1,0.9957627118644068,0.9957627118644068,0.0,0.0,0.0,0.9957627118601875,235,1,0,0
sem_erro,mlp,lacuna,40,25,25,189,189,67,122,0,189,0,3,3,0.9788359788359788,0.9788359788359788,0.0,0.0,0.0,0.9788359788307999,185,4,0,0
sem_erro,mlp,lacuna,40,30,30,158,158,55,103,0,158,0,2,2,0.9810126582278481,0.9810126582278481,0.0,0.0,0.0,0.9810126582216392,155,3,0,0
sem_erro,mlp,lacuna,40,35,35,135,135,46,89,0,135,0,2,2,0.9777777777777777,0.9777777777777777,0.0,0.0,0.0,0.9777777777705351,132,3,0,0
sem_erro,mlp,lacuna,40,40,40,118,118,39,79,0,118,0,3,3,0.9745762711864406,0.9745762711864406,0.0,0.0,0.0,0.9745762711781816,115,3,0,0
sem_erro,mlp,lacuna,50,5,5,941,941,359,582,0,941,0,8,8,0.9744952178533475,0.9744952178533475,0.0,0.0,0.0,0.974495217852312,917,24,0,0
sem_erro,mlp,lacuna,50,10,10,471,471,177,294,0,471,0,0,0,1.0,1.0,0.0,0.0,0.0,0.9999999999978769,471,0,0,0
sem_erro,mlp,lacuna,50,15,15,314,314,123,191,0,314,0,14,14,0.9267515923566879,0.9267515923566879,0.0,0.0,0.0,0.9267515923537365,291,23,0,0
sem_erro,mlp,lacuna,50,20,20,236,236,88,148,0,236,0,0,0,1.0,1.0,0.0,0.0,0.0,0.9999999999957627,236,0,0,0
sem_erro,mlp,lacuna,50,25,25,189,189,75,114,0,189,0,7,7,0.9259259259259259,0.9259259259259259,0.0,0.0,0.0,0.9259259259210268,175,14,0,0
sem_erro,mlp,lacuna,50,30,30,157,157,62,95,0,157,0,3,3,0.9426751592356688,0.9426751592356688,0.0,0.0,0.0,0.9426751592296646,148,9,0,0
sem_erro,mlp,lacuna,50,35,35,135,135,52,83,0,135,0,6,6,0.9259259259259259,0.9259259259259259,0.0,0.0,0.0,0.9259259259190673,125,10,0,0
sem_erro,mlp,lacuna,50,40,40,118,118,45,73,0,118,0,3,3,0.9661016949152542,0.9661016949152542,0.0,0.0,0.0,0.9661016949070669,114,4,0,0
sem_erro,mlp,lacuna,50,45,45,105,105,44,61,0,105,0,9,9,0.8761904761904762,0.8761904761904762,0.0,0.0,0.0,0.8761904761821315,92,13,0,0
sem_erro,mlp,lacuna,50,50,50,95,95,38,57,0,95,0,9,9,0.8631578947368421,0.8631578947368421,0.0,0.0,0.0,0.8631578947277562,82,13,0,0
sem_erro,mlp,lacuna,60,5,5,939,939,391,548,0,939,0,3,3,0.9914802981895634,0.9914802981895634,0.0,0.0,0.0,0.9914802981885075,931,8,0,0
sem_erro,mlp,lacuna,60,10,10,470,470,193,277,0,470,0,1,1,0.997872340425532,0.997872340425532,0.0,0.0,0.0,0.9978723404234088,469,1,0,0
sem_erro,mlp,lacuna,60,15,15,313,313,133,180,0,313,0,10,10,0.9201277955271565,0.9201277955271565,0.0,0.0,0.0,0.9201277955242169,288,25,0,0
sem_erro,mlp,lacuna,60,20,20,235,235,97,138,0,235,0,2,2,0.9914893617021276,0.9914893617021276,0.0,0.0,0.0,0.9914893616979086,233,2,0,0
sem_erro,mlp,lacuna,60,25,25,188,188,79,109,0,188,0,6,6,0.9361702127659575,0.9361702127659575,0.0,0.0,0.0,0.9361702127609779,176,12,0,0
sem_erro,mlp,lacuna,60,30,30,157,157,65,92,0,157,0,6,6,0.9299363057324841,0.9299363057324841,0.0,0.0,0.0,0.9299363057265609,146,11,0,0
sem_erro,mlp,lacuna,60,35,35,135,135,59,76,0,135,0,9,9,0.9259259259259259,0.9259259259259259,0.0,0.0,0.0,0.9259259259190673,125,10,0,0
sem_erro,mlp,lacuna,60,40,40,118,118,51,67,0,118,0,7,7,0.9152542372881356,0.9152542372881356,0.0,0.0,0.0,0.9152542372803791,108,10,0,0
sem_erro,mlp,lacuna,60,45,45,105,105,45,60,0,105,0,7,7,0.8952380952380953,0.8952380952380953,0.0,0.0,0.0,0.8952380952295691,94,11,0,0
sem_erro,mlp,lacuna,60,50,50,94,94,39,55,0,94,0,11,11,0.7872340425531915,0.7872340425531915,0.0,0.0,0.0,0.7872340425448167,74,20,0,0
sem_erro,mlp,lacuna,60,55,55,86,86,35,51,0,86,0,7,7,0.8953488372093024,0.8953488372093024,0.0,0.0,0.0,0.8953488371988912,77,9,0,0
sem_erro,mlp,lacuna,60,60,60,79,79,33,46,0,79,0,2,2,0.9367088607594937,0.9367088607594937,0.0,0.0,0.0,0.9367088607476366,74,5,0,0
sem_erro,mlp,lacuna,70,5,5,937,937,423,514,0,937,0,7,7,0.9615795090715048,0.9615795090715048,0.0,0.0,0.0,0.9615795090704786,901,36,0,0
sem_erro,mlp,lacuna,70,10,10,469,469,209,260,0,469,0,2,2,0.9829424307036247,0.9829424307036247,0.0,0.0,0.0,0.982942430701529,461,8,0,0
sem_erro,mlp,lacuna,70,15,15,313,313,141,172,0,313,0,3,3,0.9680511182108626,0.9680511182108626,0.0,0.0,0.0,0.9680511182077698,303,10,0,0
sem_erro,mlp,lacuna,70,20,20,235,235,104,131,0,235,0,1,1,0.9957446808510638,0.9957446808510638,0.0,0.0,0.0,0.9957446808468267,234,1,0,0
sem_erro,mlp,lacuna,70,25,25,188,188,86,102,0,188,0,4,4,0.9468085106382979,0.9468085106382979,0.0,0.0,0.0,0.9468085106332617,178,10,0,0
sem_erro,mlp,lacuna,70,30,30,157,157,71,86,0,157,0,3,3,0.9490445859872612,0.9490445859872612,0.0,0.0,0.0,0.9490445859812163,149,8,0,0
sem_erro,mlp,lacuna,70,35,35,134,134,60,74,0,134,0,2,2,0.9626865671641791,0.9626865671641791,0.0,0.0,0.0,0.962686567156995,129,5,0,0
sem_erro,mlp,lacuna,70,40,40,118,118,52,66,0,118,0,2,2,0.9576271186440678,0.9576271186440678,0.0,0.0,0.0,0.9576271186359523,113,5,0,0
sem_erro,mlp,lacuna,70,45,45,105,105,48,57,0,105,0,5,5,0.9142857142857143,0.9142857142857143,0.0,0.0,0.0,0.9142857142770068,96,9,0,0
sem_erro,mlp,lacuna,70,50,50,94,94,43,51,0,94,0,4,4,0.925531914893617,0.925531914893617,0.0,0.0,0.0,0.925531914883771,87,7,0,0
sem_erro,mlp,lacuna,70,55,55,86,86,38,48,0,86,0,5,5,0.9069767441860465,0.9069767441860465,0.0,0.0,0.0,0.9069767441755002,78,8,0,0
sem_erro,mlp,lacuna,70,60,60,79,79,37,42,0,79,0,2,2,0.9620253164556962,0.9620253164556962,0.0,0.0,0.0,0.9620253164435186,76,3,0,0
sem_erro,mlp,lacuna,70,65,65,73,73,34,39,0,73,0,2,2,0.958904109589041,0.958904109589041,0.0,0.0,0.0,0.9589041095759053,70,3,0,0
sem_erro,mlp,lacuna,70,70,70,67,67,31,36,0,67,0,1,1,0.9701492537313433,0.9701492537313433,0.0,0.0,0.0,0.9701492537168634,65,2,0,0
sem_erro,mlp,lacuna,80,5,5,935,935,455,480,0,935,0,17,17,0.9540106951871657,0.9540106951871657,0.0,0.0,0.0,0.9540106951861455,892,43,0,0
sem_erro,mlp,lacuna,80,10,10,468,468,225,243,0,468,0,3,3,0.9807692307692307,0.9807692307692307,0.0,0.0,0.0,0.9807692307671352,459,9,0,0
sem_erro,mlp,lacuna,80,15,15,312,312,155,157,0,312,0,17,17,0.8525641025641025,0.8525641025641025,0.0,0.0,0.0,0.85256410256137,266,46,0,0
sem_erro,mlp,lacuna,80,20,20,234,234,113,121,0,234,0,13,13,0.8717948717948718,0.8717948717948718,0.0,0.0,0.0,0.8717948717911462,204,30,0,0
sem_erro,mlp,lacuna,80,25,25,187,187,92,95,0,187,0,8,8,0.8823529411764706,0.8823529411764706,0.0,0.0,0.0,0.8823529411717522,165,22,0,0
sem_erro,mlp,lacuna,80,30,30,156,156,78,78,0,156,0,15,15,0.7884615384615384,0.7884615384615384,0.0,0.0,0.0,0.7884615384564843,123,33,0,0
sem_erro,mlp,lacuna,80,35,35,134,134,66,68,0,134,0,16,16,0.753731343283582,0.753731343283582,0.0,0.0,0.0,0.7537313432779573,101,33,0,0
sem_erro,mlp,lacuna,80,40,40,117,117,55,62,0,117,0,8,8,0.8803418803418803,0.8803418803418803,0.0,0.0,0.0,0.880341880334356,103,14,0,0
sem_erro,mlp,lacuna,80,45,45,104,104,52,52,0,104,0,14,14,0.6826923076923077,0.6826923076923077,0.0,0.0,0.0,0.6826923076857433,71,33,0,0
sem_erro,mlp,lacuna,80,50,50,94,94,47,47,0,94,0,11,11,0.8297872340425532,0.8297872340425532,0.0,0.0,0.0,0.8297872340337257,78,16,0,0
sem_erro,mlp,lacuna,80,55,55,85,85,42,43,0,85,0,11,11,0.6941176470588235,0.6941176470588235,0.0,0.0,0.0,0.6941176470506574,59,26,0,0
sem_erro,mlp,lacuna,80,60,60,78,78,41,37,0,78,0,9,9,0.8205128205128205,0.8205128205128205,0.0,0.0,0.0,0.8205128205023011,64,14,0,0
sem_erro,mlp,lacuna,80,65,65,72,72,36,36,0,72,0,15,15,0.6944444444444444,0.6944444444444444,0.0,0.0,0.0,0.6944444444347994,50,22,0,0
sem_erro,mlp,lacuna,80,70,70,67,67,34,33,0,67,0,6,6,0.8805970149253731,0.8805970149253731,0.0,0.0,0.0,0.8805970149122299,59,8,0,0
sem_erro,mlp,lacuna,80,75,75,63,63,31,32,0,63,0,11,11,0.6666666666666666,0.6666666666666666,0.0,0.0,0.0,0.6666666666560846,42,21,0,0
sem_erro,mlp,lacuna,80,80,80,59,59,25,34,0,59,0,5,5,0.8135593220338984,0.8135593220338984,0.0,0.0,0.0,0.8135593220201092,48,11,0,0
sem_erro,mlp,lacuna,90,5,5,933,933,486,447,0,933,0,14,14,0.9314040728831725,0.9314040728831725,0.0,0.0,0.0,0.9314040728821743,869,64,0,0
sem_erro,mlp,lacuna,90,10,10,467,467,241,226,0,467,0,16,16,0.9079229122055674,0.9079229122055674,0.0,0.0,0.0,0.9079229122036233,424,43,0,0
sem_erro,mlp,lacuna,90,15,15,311,311,164,147,0,311,0,17,17,0.7459807073954984,0.7459807073954984,0.0,0.0,0.0,0.7459807073930997,232,79,0,0
sem_erro,mlp,lacuna,90,20,20,234,234,120,114,0,234,0,7,7,0.9615384615384616,0.9615384615384616,0.0,0.0,0.0,0.9615384615343524,225,9,0,0
sem_erro,mlp,lacuna,90,25,25,187,187,100,87,0,187,0,26,26,0.7112299465240641,0.7112299465240641,0.0,0.0,0.0,0.7112299465202608,133,54,0,0
sem_erro,mlp,lacuna,90,30,30,156,156,81,75,0,156,0,15,15,0.7371794871794872,0.7371794871794872,0.0,0.0,0.0,0.7371794871747617,115,41,0,0
sem_erro,mlp,lacuna,90,35,35,134,134,72,62,0,134,0,16,16,0.5746268656716418,0.5746268656716418,0.0,0.0,0.0,0.5746268656673535,77,57,0,0
sem_erro,mlp,lacuna,90,40,40,117,117,61,56,0,117,0,6,6,0.905982905982906,0.905982905982906,0.0,0.0,0.0,0.9059829059751625,106,11,0,0
sem_erro,mlp,lacuna,90,45,45,104,104,58,46,0,104,0,13,13,0.7211538461538461,0.7211538461538461,0.0,0.0,0.0,0.7211538461469119,75,29,0,0
sem_erro,mlp,lacuna,90,50,50,94,94,52,42,0,94,0,12,12,0.6914893617021277,0.6914893617021277,0.0,0.0,0.0,0.6914893616947714,65,29,0,0
sem_erro,mlp,lacuna,90,55,55,85,85,44,41,0,85,0,11,11,0.7647058823529411,0.7647058823529411,0.0,0.0,0.0,0.7647058823439447,65,20,0,0
sem_erro,mlp,lacuna,90,60,60,78,78,41,37,0,78,0,3,3,0.8846153846153846,0.8846153846153846,0.0,0.0,0.0,0.8846153846040433,69,9,0,0
sem_erro,mlp,lacuna,90,65,65,72,72,37,35,0,72,0,7,7,0.8194444444444444,0.8194444444444444,0.0,0.0,0.0,0.8194444444330632,59,13,0,0
sem_erro,mlp,lacuna,90,70,70,67,67,37,30,0,67,0,10,10,0.6865671641791045,0.6865671641791045,0.0,0.0,0.0,0.6865671641688572,46,21,0,0
sem_erro,mlp,lacuna,90,75,75,63,63,33,30,0,63,0,10,10,0.6031746031746031,0.6031746031746031,0.0,0.0,0.0,0.603174603165029,38,25,0,0
sem_erro,mlp,lacuna,90,80,80,59,59,29,30,0,59,0,10,10,0.7627118644067796,0.7627118644067796,0.0,0.0,0.0,0.7627118643938524,45,14,0,0
sem_erro,mlp,lacuna,90,85,85,55,55,31,24,0,55,0,8,8,0.6,0.6,0.0,0.0,0.0,0.5999999999890909,33,22,0,0
sem_erro,mlp,lacuna,90,90,90,52,52,27,25,0,52,0,7,7,0.8076923076923077,0.8076923076923077,0.0,0.0,0.0,0.8076923076767752,42,10,0,0
sem_erro,mlp,lacuna,100,5,5,931,931,513,418,0,931,0,9,9,0.9419978517722879,0.9419978517722879,0.0,0.0,0.0,0.941997851771276,877,54,0,0
sem_erro,mlp,lacuna,100,10,10,466,466,255,211,0,466,0,3,3,0.9527896995708155,0.9527896995708155,0.0,0.0,0.0,0.9527896995687709,444,22,0,0
sem_erro,mlp,lacuna,100,15,15,311,311,171,140,0,311,0,22,22,0.7363344051446945,0.7363344051446945,0.0,0.0,0.0,0.736334405142327,229,82,0,0
sem_erro,mlp,lacuna,100,20,20,233,233,128,105,0,233,0,10,10,0.8798283261802575,0.8798283261802575,0.0,0.0,0.0,0.8798283261764814,205,28,0,0
sem_erro,mlp,lacuna,100,25,25,187,187,107,80,0,187,0,12,12,0.8556149732620321,0.8556149732620321,0.0,0.0,0.0,0.8556149732574566,160,27,0,0
sem_erro,mlp,lacuna,100,30,30,156,156,87,69,0,156,0,10,10,0.8461538461538461,0.8461538461538461,0.0,0.0,0.0,0.8461538461484222,132,24,0,0
sem_erro,mlp,lacuna,100,35,35,133,133,73,60,0,133,0,9,9,0.8345864661654135,0.8345864661654135,0.0,0.0,0.0,0.8345864661591386,111,22,0,0
sem_erro,mlp,lacuna,100,40,40,117,117,66,51,0,117,0,13,13,0.7948717948717948,0.7948717948717948,0.0,0.0,0.0,0.794871794865001,93,24,0,0
sem_erro,mlp,lacuna,100,45,45,104,104,59,45,0,104,0,4,4,0.9230769230769231,0.9230769230769231,0.0,0.0,0.0,0.9230769230680473,96,8,0,0
sem_erro,mlp,lacuna,100,50,50,94,94,54,40,0,94,0,15,15,0.6276595744680851,0.6276595744680851,0.0,0.0,0.0,0.6276595744614079,59,35,0,0
sem_erro,mlp,lacuna,100,55,55,85,85,48,37,0,85,0,5,5,0.9294117647058824,0.9294117647058824,0.0,0.0,0.0,0.929411764694948,79,6,0,0
sem_erro,mlp,lacuna,100,60,60,78,78,43,35,0,78,0,5,5,0.8461538461538461,0.8461538461538461,0.0,0.0,0.0,0.8461538461429979,66,12,0,0
sem_erro,mlp,lacuna,100,65,65,72,72,39,33,0,72,0,15,15,0.5972222222222222,0.5972222222222222,0.0,0.0,0.0,0.5972222222139274,43,29,0,0
sem_erro,mlp,lacuna,100,70,70,67,67,39,28,0,67,0,7,7,0.8507462686567164,0.8507462686567164,0.0,0.0,0.0,0.8507462686440187,57,10,0,0
sem_erro,mlp,lacuna,100,75,75,63,63,34,29,0,63,0,9,9,0.6349206349206349,0.6349206349206349,0.0,0.0,0.0,0.6349206349105568,40,23,0,0
sem_erro,mlp,lacuna,100,80,80,59,59,32,27,0,59,0,5,5,0.864406779661017,0.864406779661017,0.0,0.0,0.0,0.864406779646366,51,8,0,0
sem_erro,mlp,lacuna,100,85,85,55,55,33,22,0,55,0,12,12,0.6545454545454545,0.6545454545454545,0.0,0.0,0.0,0.6545454545335537,36,19,0,0
sem_erro,mlp,lacuna,100,90,90,52,52,28,24,0,52,0,3,3,0.9230769230769231,0.9230769230769231,0.0,0.0,0.0,0.9230769230591717,48,4,0,0
sem_erro,mlp,lacuna,100,95,95,49,49,26,23,0,49,0,3,3,0.9183673469387755,0.9183673469387755,0.0,0.0,0.0,0.9183673469200334,45,4,0,0
sem_erro,mlp,lacuna,100,100,100,47,47,27,20,0,47,0,9,9,0.5319148936170213,0.5319148936170213,0.0,0.0,0.0,0.531914893605704,25,22,0,0
sem_erro,mlp,oscilacao,20,5,5,947,947,358,589,0,947,0,40,40,0.9398099260823654,0.9398099260823654,0.0,0.0,0.0,0.9398099260813729,890,57,0,0
sem_erro,mlp,oscilacao,20,10,10,474,474,179,295,0,474,0,31,31,0.9135021097046413,0.9135021097046413,0.0,0.0,0.0,0.9135021097027142,433,41,0,0
sem_erro,mlp,oscilacao,20,15,15,316,316,117,199,0,316,0,13,13,0.939873417721519,0.939873417721519,0.0,0.0,0.0,0.9398734177185447,297,19,0,0
sem_erro,mlp,oscilacao,20,20,20,237,237,90,147,0,237,0,16,16,0.8776371308016878,0.8776371308016878,0.0,0.0,0.0,0.8776371307979847,208,29,0,0
sem_erro,mlp,oscilacao,30,5,5,945,945,397,548,0,945,0,51,51,0.8952380952380953,0.8952380952380953,0.0,0.0,0.0,0.8952380952371479,846,99,0,0
sem_erro,mlp,oscilacao,30,10,10,473,473,199,274,0,473,0,36,36,0.8816067653276956,0.8816067653276956,0.0,0.0,0.0,0.8816067653258317,417,56,0,0
sem_erro,mlp,oscilacao,30,15,15,315,315,130,185,0,315,0,22,22,0.9047619047619048,0.9047619047619048,0.0,0.0,0.0,0.9047619047590325,285,30,0,0
sem_erro,mlp,oscilacao,30,20,20,237,237,101,136,0,237,0,24,24,0.8270042194092827,0.8270042194092827,0.0,0.0,0.0,0.8270042194057933,196,41,0,0
sem_erro,mlp,oscilacao,30,25,25,189,189,80,109,0,189,0,14,14,0.8994708994708994,0.8994708994708994,0.0,0.0,0.0,0.8994708994661404,170,19,0,0
sem_erro,mlp,oscilacao,30,30,30,158,158,66,92,0,158,0,18,18,0.8227848101265823,0.8227848101265823,0.0,0.0,0.0,0.8227848101213748,130,28,0,0
sem_erro,mlp,oscilacao,40,5,5,943,943,435,508,0,943,0,70,70,0.823966065747614,0.823966065747614,0.0,0.0,0.0,0.8239660657467403,777,166,0,0
sem_erro,mlp,oscilacao,40,10,10,472,472,218,254,0,472,0,42,42,0.8050847457627118,0.8050847457627118,0.0,0.0,0.0,0.8050847457610062,380,92,0,0
sem_erro,mlp,oscilacao,40,15,15,315,315,145,170,0,315,0,28,28,0.8444444444444444,0.8444444444444444,0.0,0.0,0.0,0.8444444444417637,266,49,0,0
sem_erro,mlp,oscilacao,40,20,20,236,236,109,127,0,236,0,29,29,0.7669491525423728,0.7669491525423728,0.0,0.0,0.0,0.7669491525391231,181,55,0,0
sem_erro,mlp,oscilacao,40,25,25,189,189,89,100,0,189,0,9,9,0.9153439153439153,0.9153439153439153,0.0,0.0,0.0,0.9153439153390723,173,16,0,0
sem_erro,mlp,oscilacao,40,30,30,158,158,73,85,0,158,0,25,25,0.7531645569620253,0.7531645569620253,0.0,0.0,0.0,0.7531645569572585,119,39,0,0
sem_erro,mlp,oscilacao,40,35,35,135,135,62,73,0,135,0,15,15,0.8666666666666667,0.8666666666666667,0.0,0.0,0.0,0.8666666666602469,117,18,0,0
sem_erro,mlp,oscilacao,40,40,40,118,118,54,64,0,118,0,12,12,0.864406779661017,0.864406779661017,0.0,0.0,0.0,0.8644067796536914,102,16,0,0
sem_erro,mlp,oscilacao,50,5,5,941,941,471,470,0,941,0,68,68,0.7481402763018066,0.7481402763018066,0.0,0.0,0.0,0.7481402763010115,704,237,0,0
sem_erro,mlp,oscilacao,50,10,10,471,471,236,235,0,471,0,42,42,0.7664543524416136,0.7664543524416136,0.0,0.0,0.0,0.7664543524399863,361,110,0,0
sem_erro,mlp,oscilacao,50,15,15,314,314,156,158,0,314,0,34,34,0.8184713375796179,0.8184713375796179,0.0,0.0,0.0,0.8184713375770113,257,57,0,0
sem_erro,mlp,oscilacao,50,20,20,236,236,120,116,0,236,0,27,27,0.7669491525423728,0.7669491525423728,0.0,0.0,0.0,0.7669491525391231,181,55,0,0
sem_erro,mlp,oscilacao,50,25,25,189,189,97,92,0,189,0,19,19,0.8042328042328042,0.8042328042328042,0.0,0.0,0.0,0.804232804228549,152,37,0,0
sem_erro,mlp,oscilacao,50,30,30,157,157,78,79,0,157,0,27,27,0.6050955414012739,0.6050955414012739,0.0,0.0,0.0,0.6050955413974198,95,62,0,0
sem_erro,mlp,oscilacao,50,35,35,135,135,68,67,0,135,0,22,22,0.7333333333333333,0.7333333333333333,0.0,0.0,0.0,0.7333333333279013,99,36,0,0
sem_erro,mlp,oscilacao,50,40,40,118,118,60,58,0,118,0,15,15,0.788135593220339,0.788135593220339,0.0,0.0,0.0,0.7881355932136599,93,25,0,0
sem_erro,mlp,oscilacao,50,45,45,105,105,52,53,0,105,0,17,17,0.6761904761904762,0.6761904761904762,0.0,0.0,0.0,0.6761904761840363,71,34,0,0
sem_erro,mlp,oscilacao,50,50,50,95,95,50,45,0,95,0,16,16,0.7368421052631579,0.7368421052631579,0.0,0.0,0.0,0.7368421052554016,70,25,0,0
sem_erro,mlp,oscilacao,60,5,5,939,939,505,434,0,939,0,69,69,0.7454739084132055,0.7454739084132055,0.0,0.0,0.0,0.7454739084124117,700,239,0,0
sem_erro,mlp,oscilacao,60,10,10,470,470,253,217,0,470,0,41,41,0.7680851063829788,0.7680851063829788,0.0,0.0,0.0,0.7680851063813445,361,109,0,0
sem_erro,mlp,oscilacao,60,15,15,313,313,167,146,0,313,0,32,32,0.7731629392971247,0.7731629392971247,0.0,0.0,0.0,0.7731629392946544,242,71,0,0
sem_erro,mlp,oscilacao,60,20,20,235,235,126,109,0,235,0,26,26,0.7404255319148936,0.7404255319148936,0.0,0.0,0.0,0.7404255319117429,174,61,0,0
sem_erro,mlp,oscilacao,60,25,25,188,188,101,87,0,188,0,18,18,0.7872340425531915,0.7872340425531915,0.0,0.0,0.0,0.7872340425490041,148,40,0,0
sem_erro,mlp,oscilacao,60,30,30,157,157,84,73,0,157,0,23,23,0.7515923566878981,0.7515923566878981,0.0,0.0,0.0,0.751592356683111,118,39,0,0
sem_erro,mlp,oscilacao,60,35,35,135,135,72,63,0,135,0,24,24,0.7111111111111111,0.7111111111111111,0.0,0.0,0.0,0.7111111111058437,96,39,0,0
sem_erro,mlp,oscilacao,60,40,40,118,118,64,54,0,118,0,17,17,0.8135593220338984,0.8135593220338984,0.0,0.0,0.0,0.8135593220270038,96,22,0,0
sem_erro,mlp,oscilacao,60,45,45,105,105,56,49,0,105,0,19,19,0.7238095238095238,0.7238095238095238,0.0,0.0,0.0,0.7238095238026303,76,29,0,0
sem_erro,mlp,oscilacao,60,50,50,94,94,51,43,0,94,0,14,14,0.7553191489361702,0.7553191489361702,0.0,0.0,0.0,0.7553191489281349,71,23,0,0
sem_erro,mlp,oscilacao,60,55,55,86,86,44,42,0,86,0,11,11,0.7441860465116279,0.7441860465116279,0.0,0.0,0.0,0.7441860465029746,64,22,0,0
sem_erro,mlp,oscilacao,60,60,60,79,79,41,38,0,79,0,9,9,0.7974683544303798,0.7974683544303798,0.0,0.0,0.0,0.7974683544202852,63,16,0,0
sem_erro,mlp,oscilacao,70,5,5,937,937,534,403,0,937,0,60,60,0.7321237993596584,0.7321237993596584,0.0,0.0,0.0,0.7321237993588772,686,251,0,0
sem_erro,mlp,oscilacao,70,10,10,469,469,268,201,0,469,0,47,47,0.673773987206823,0.673773987206823,0.0,0.0,0.0,0.6737739872053864,316,153,0,0
sem_erro,mlp,oscilacao,70,15,15,313,313,178,135,0,313,0,29,29,0.7252396166134185,0.7252396166134185,0.0,0.0,0.0,0.7252396166111015,227,86,0,0
sem_erro,mlp,oscilacao,70,20,20,235,235,136,99,0,235,0,38,38,0.6340425531914894,0.6340425531914894,0.0,0.0,0.0,0.6340425531887913,149,86,0,0
sem_erro,mlp,oscilacao,70,25,25,188,188,108,80,0,188,0,28,28,0.6702127659574468,0.6702127659574468,0.0,0.0,0.0,0.6702127659538819,126,62,0,0
sem_erro,mlp,oscilacao,70,30,30,157,157,90,67,0,157,0,23,23,0.6687898089171974,0.6687898089171974,0.0,0.0,0.0,0.6687898089129377,105,52,0,0
sem_erro,mlp,oscilacao,70,35,35,134,134,76,58,0,134,0,23,23,0.7089552238805971,0.7089552238805971,0.0,0.0,0.0,0.7089552238753064,95,39,0,0
sem_erro,mlp,oscilacao,70,40,40,118,118,69,49,0,118,0,16,16,0.711864406779661,0.711864406779661,0.0,0.0,0.0,0.7118644067736283,84,34,0,0
sem_erro,mlp,oscilacao,70,45,45,105,105,59,46,0,105,0,20,20,0.4666666666666667,0.4666666666666667,0.0,0.0,0.0,0.46666666666222223,49,56,0,0
sem_erro,mlp,oscilacao,70,50,50,94,94,54,40,0,94,0,21,21,0.6276595744680851,0.6276595744680851,0.0,0.0,0.0,0.6276595744614079,59,35,0,0
sem_erro,mlp,oscilacao,70,55,55,86,86,48,38,0,86,0,16,16,0.7209302325581395,0.7209302325581395,0.0,0.0,0.0,0.7209302325497566,62,24,0,0
sem_erro,mlp,oscilacao,70,60,60,79,79,45,34,0,79,0,18,18,0.5949367088607594,0.5949367088607594,0.0,0.0,0.0,0.5949367088532286,47,32,0,0
sem_erro,mlp,oscilacao,70,65,65,73,73,40,33,0,73,0,15,15,0.6712328767123288,0.6712328767123288,0.0,0.0,0.0,0.6712328767031338,49,24,0,0
sem_erro,mlp,oscilacao,70,70,70,67,67,36,31,0,67,0,11,11,0.7164179104477612,0.7164179104477612,0.0,0.0,0.0,0.7164179104370684,48,19,0,0
sem_erro,mlp,oscilacao,80,5,5,935,935,562,373,0,935,0,58,58,0.5935828877005348,0.5935828877005348,0.0,0.0,0.0,0.5935828876998999,555,380,0,0
sem_erro,mlp,oscilacao,80,10,10,468,468,282,186,0,468,0,44,44,0.6025641025641025,0.6025641025641025,0.0,0.0,0.0,0.602564102562815,282,186,0,0
sem_erro,mlp,oscilacao,80,15,15,312,312,187,125,0,312,0,39,39,0.6153846153846154,0.6153846153846154,0.0,0.0,0.0,0.615384615382643,192,120,0,0
sem_erro,mlp,oscilacao,80,20,20,234,234,141,93,0,234,0,32,32,0.5256410256410257,0.5256410256410257,0.0,0.0,0.0,0.5256410256387793,123,111,0,0
sem_erro,mlp,oscilacao,80,25,25,187,187,113,74,0,187,0,27,27,0.5828877005347594,0.5828877005347594,0.0,0.0,0.0,0.5828877005316423,109,78,0,0
sem_erro,mlp,oscilacao,80,30,30,156,156,94,62,0,156,0,21,21,0.4551282051282051,0.4551282051282051,0.0,0.0,0.0,0.4551282051252877,71,85,0,0
sem_erro,mlp,oscilacao,80,35,35,134,134,81,53,0,134,0,21,21,0.7014925373134329,0.7014925373134329,0.0,0.0,0.0,0.7014925373081978,94,40,0,0
sem_erro,mlp,oscilacao,80,40,40,117,117,70,47,0,117,0,19,19,0.6410256410256411,0.6410256410256411,0.0,0.0,0.0,0.6410256410201621,75,42,0,0
sem_erro,mlp,oscilacao,80,45,45,104,104,61,43,0,104,0,21,21,0.5576923076923077,0.5576923076923077,0.0,0.0,0.0,0.5576923076869452,58,46,0,0
sem_erro,mlp,oscilacao,80,50,50,94,94,56,38,0,94,0,17,17,0.7127659574468085,0.7127659574468085,0.0,0.0,0.0,0.7127659574392259,67,27,0,0
sem_erro,mlp,oscilacao,80,55,55,85,85,50,35,0,85,0,14,14,0.6823529411764706,0.6823529411764706,0.0,0.0,0.0,0.6823529411684429,58,27,0,0
sem_erro,mlp,oscilacao,80,60,60,78,78,47,31,0,78,0,14,14,0.38461538461538464,0.38461538461538464,0.0,0.0,0.0,0.38461538461045364,30,48,0,0
sem_erro,mlp,oscilacao,80,65,65,72,72,40,32,0,72,0,15,15,0.5833333333333334,0.5833333333333334,0.0,0.0,0.0,0.5833333333252314,42,30,0,0
sem_erro,mlp,oscilacao,80,70,70,67,67,38,29,0,67,0,7,7,0.746268656716418,0.746268656716418,0.0,0.0,0.0,0.7462686567052795,50,17,0,0
sem_erro,mlp,oscilacao,80,75,75,63,63,39,24,0,63,0,15,15,0.5555555555555556,0.5555555555555556,0.0,0.0,0.0,0.5555555555467372,35,28,0,0
sem_erro,mlp,oscilacao,80,80,80,59,59,34,25,0,59,0,10,10,0.6101694915254238,0.6101694915254238,0.0,0.0,0.0,0.6101694915150819,36,23,0,0
sem_erro,mlp,oscilacao,90,5,5,933,933,587,346,0,933,0,56,56,0.5166130760986066,0.5166130760986066,0.0,0.0,0.0,0.516613076098053,482,451,0,0
sem_erro,mlp,oscilacao,90,10,10,467,467,295,172,0,467,0,39,39,0.4860813704496788,0.4860813704496788,0.0,0.0,0.0,0.486081370448638,227,240,0,0
sem_erro,mlp,oscilacao,90,15,15,311,311,193,118,0,311,0,27,27,0.6495176848874598,0.6495176848874598,0.0,0.0,0.0,0.6495176848853713,202,109,0,0
sem_erro,mlp,oscilacao,90,20,20,234,234,149,85,0,234,0,31,31,0.5128205128205128,0.5128205128205128,0.0,0.0,0.0,0.5128205128183213,120,114,0,0
sem_erro,mlp,oscilacao,90,25,25,187,187,119,68,0,187,0,27,27,0.4385026737967914,0.4385026737967914,0.0,0.0,0.0,0.4385026737944465,82,105,0,0
sem_erro,mlp,oscilacao,90,30,30,156,156,97,59,0,156,0,24,24,0.46153846153846156,0.46153846153846156,0.0,0.0,0.0,0.461538461535503,72,84,0,0
sem_erro,mlp,oscilacao,90,35,35,134,134,84,50,0,134,0,23,23,0.6044776119402985,0.6044776119402985,0.0,0.0,0.0,0.6044776119357875,81,53,0,0
sem_erro,mlp,oscilacao,90,40,40,117,117,73,44,0,117,0,19,19,0.5384615384615384,0.5384615384615384,0.0,0.0,0.0,0.5384615384569362,63,54,0,0
sem_erro,mlp,oscilacao,90,45,45,104,104,64,40,0,104,0,19,19,0.5480769230769231,0.5480769230769231,0.0,0.0,0.0,0.5480769230716531,57,47,0,0
sem_erro,mlp,oscilacao,90,50,50,94,94,60,34,0,94,0,21,21,0.48936170212765956,0.48936170212765956,0.0,0.0,0.0,0.48936170212245356,46,48,0,0
sem_erro,mlp,oscilacao,90,55,55,85,85,50,35,0,85,0,17,17,0.5882352941176471,0.5882352941176471,0.0,0.0,0.0,0.5882352941107266,50,35,0,0
sem_erro,mlp,oscilacao,90,60,60,78,78,49,29,0,78,0,7,7,0.2564102564102564,0.2564102564102564,0.0,0.0,0.0,0.2564102564069691,20,58,0,0
sem_erro,mlp,oscilacao,90,65,65,72,72,41,31,0,72,0,15,15,0.6111111111111112,0.6111111111111112,0.0,0.0,0.0,0.6111111111026234,44,28,0,0
sem_erro,mlp,oscilacao,90,70,70,67,67,40,27,0,67,0,15,15,0.5074626865671642,0.5074626865671642,0.0,0.0,0.0,0.50746268655959,34,33,0,0
sem_erro,mlp,oscilacao,90,75,75,63,63,41,22,0,63,0,9,9,0.3968253968253968,0.3968253968253968,0.0,0.0,0.0,0.396825396819098,25,38,0,0
sem_erro,mlp,oscilacao,90,80,80,59,59,37,22,0,59,0,13,13,0.4576271186440678,0.4576271186440678,0.0,0.0,0.0,0.45762711863631145,27,32,0,0
sem_erro,mlp,oscilacao,90,85,85,55,55,32,23,0,55,0,7,7,0.6181818181818182,0.6181818181818182,0.0,0.0,0.0,0.6181818181705786,34,21,0,0
sem_erro,mlp,oscilacao,90,90,90,52,52,29,23,0,52,0,11,11,0.5,0.5,0.0,0.0,0.0,0.49999999999038464,26,26,0,0
sem_erro,mlp,oscilacao,100,5,5,931,931,610,321,0,931,0,43,43,0.4983888292158969,0.4983888292158969,0.0,0.0,0.0,0.49838882921536154,464,467,0,0
sem_erro,mlp,oscilacao,100,10,10,466,466,307,159,0,466,0,30,30,0.48497854077253216,0.48497854077253216,0.0,0.0,0.0,0.4849785407714915,226,240,0,0
sem_erro,mlp,oscilacao,100,15,15,311,311,203,108,0,311,0,24,24,0.5209003215434084,0.5209003215434084,0.0,0.0,0.0,0.5209003215417335,162,149,0,0
sem_erro,mlp,oscilacao,100,20,20,233,233,154,79,0,233,0,25,25,0.44206008583690987,0.44206008583690987,0.0,0.0,0.0,0.44206008583501266,103,130,0,0
sem_erro,mlp,oscilacao,100,25,25,187,187,124,63,0,187,0,18,18,0.37433155080213903,0.37433155080213903,0.0,0.0,0.0,0.3743315508001373,70,117,0,0
sem_erro,mlp,oscilacao,100,30,30,156,156,103,53,0,156,0,16,16,0.46153846153846156,0.46153846153846156,0.0,0.0,0.0,0.461538461535503,72,84,0,0
sem_erro,mlp,oscilacao,100,35,35,133,133,87,46,0,133,0,16,16,0.3157894736842105,0.3157894736842105,0.0,0.0,0.0,0.3157894736818362,42,91,0,0
sem_erro,mlp,oscilacao,100,40,40,117,117,77,40,0,117,0,13,13,0.3504273504273504,0.3504273504273504,0.0,0.0,0.0,0.3504273504243553,41,76,0,0
sem_erro,mlp,oscilacao,100,45,45,104,104,68,36,0,104,0,14,14,0.46153846153846156,0.46153846153846156,0.0,0.0,0.0,0.46153846153402367,48,56,0,0
sem_erro,mlp,oscilacao,100,50,50,94,94,64,30,0,94,0,9,9,0.26595744680851063,0.26595744680851063,0.0,0.0,0.0,0.2659574468056813,25,69,0,0
sem_erro,mlp,oscilacao,100,55,55,85,85,53,32,0,85,0,14,14,0.611764705882353,0.611764705882353,0.0,0.0,0.0,0.6117647058751556,52,33,0,0
sem_erro,mlp,oscilacao,100,60,60,78,78,51,27,0,78,0,11,11,0.38461538461538464,0.38461538461538464,0.0,0.0,0.0,0.38461538461045364,30,48,0,0
sem_erro,mlp,oscilacao,100,65,65,72,72,44,28,0,72,0,17,17,0.4722222222222222,0.4722222222222222,0.0,0.0,0.0,0.47222222221566357,34,38,0,0
sem_erro,mlp,oscilacao,100,70,70,67,67,42,25,0,67,0,10,10,0.2835820895522388,0.2835820895522388,0.0,0.0,0.0,0.28358208954800623,19,48,0,0
sem_erro,mlp,oscilacao,100,75,75,63,63,42,21,0,63,0,6,6,0.38095238095238093,0.38095238095238093,0.0,0.0,0.0,0.3809523809463341,24,39,0,0
sem_erro,mlp,oscilacao,100,80,80,59,59,41,18,0,59,0,5,5,0.1864406779661017,0.1864406779661017,0.0,0.0,0.0,0.1864406779629417,11,48,0,0
sem_erro,mlp,oscilacao,100,85,85,55,55,37,18,0,55,0,4,4,0.16363636363636364,0.16363636363636364,0.0,0.0,0.0,0.16363636363338843,9,46,0,0
sem_erro,mlp,oscilacao,100,90,90,52,52,31,21,0,52,0,8,8,0.6538461538461539,0.6538461538461539,0.0,0.0,0.0,0.6538461538335799,34,18,0,0
sem_erro,mlp,oscilacao,100,95,95,49,49,32,17,0,49,0,7,7,0.4489795918367347,0.4489795918367347,0.0,0.0,0.0,0.44897959182757186,22,27,0,0
sem_erro,mlp,oscilacao,100,100,100,47,47,33,14,0,47,0,8,8,0.40425531914893614,0.40425531914893614,0.0,0.0,0.0,0.404255319140335,19,28,0,0
sem_erro,mlp,queda,20,5,5,947,947,225,722,0,947,0,29,29,0.9239704329461457,0.9239704329461457,0.0,0.0,0.0,0.92397043294517,875,72,0,0
sem_erro,mlp,queda,20,10,10,474,474,112,362,0,474,0,19,19,0.9219409282700421,0.9219409282700421,0.0,0.0,0.0,0.9219409282680971,437,37,0,0
sem_erro,mlp,queda,20,15,15,316,316,72,244,0,316,0,18,18,0.8987341772151899,0.8987341772151899,0.0,0.0,0.0,0.8987341772123458,284,32,0,0
sem_erro,mlp,queda,20,20,20,237,237,56,181,0,237,0,12,12,0.9029535864978903,0.9029535864978903,0.0,0.0,0.0,0.9029535864940804,214,23,0,0
sem_erro,mlp,queda,30,5,5,945,945,262,683,0,945,0,36,36,0.8973544973544973,0.8973544973544973,0.0,0.0,0.0,0.8973544973535478,848,97,0,0
sem_erro,mlp,queda,30,10,10,473,473,131,342,0,473,0,28,28,0.8858350951374208,0.8858350951374208,0.0,0.0,0.0,0.8858350951355479,419,54,0,0
sem_erro,mlp,queda,30,15,15,315,315,87,228,0,315,0,17,17,0.9111111111111111,0.9111111111111111,0.0,0.0,0.0,0.9111111111082187,287,28,0,0
sem_erro,mlp,queda,30,20,20,237,237,67,170,0,237,0,18,18,0.8945147679324894,0.8945147679324894,0.0,0.0,0.0,0.8945147679287152,212,25,0,0
sem_erro,mlp,queda,30,25,25,189,189,52,137,0,189,0,10,10,0.9312169312169312,0.9312169312169312,0.0,0.0,0.0,0.9312169312120042,176,13,0,0
sem_erro,mlp,queda,30,30,30,158,158,45,113,0,158,0,12,12,0.9050632911392406,0.9050632911392406,0.0,0.0,0.0,0.9050632911335124,143,15,0,0
sem_erro,mlp,queda,40,5,5,943,943,294,649,0,943,0,35,35,0.9013785790031813,0.9013785790031813,0.0,0.0,0.0,0.9013785790022255,850,93,0,0
sem_erro,mlp,queda,40,10,10,472,472,147,325,0,472,0,27,27,0.885593220338983,0.885593220338983,0.0,0.0,0.0,0.8855932203371069,418,54,0,0
sem_erro,mlp,queda,40,15,15,315,315,99,216,0,315,0,13,13,0.9047619047619048,0.9047619047619048,0.0,0.0,0.0,0.9047619047590325,285,30,0,0
sem_erro,mlp,queda,40,20,20,236,236,73,163,0,236,0,11,11,0.8983050847457628,0.8983050847457628,0.0,0.0,0.0,0.8983050847419564,212,24,0,0
sem_erro,mlp,queda,40,25,25,189,189,56,133,0,189,0,10,10,0.8994708994708994,0.8994708994708994,0.0,0.0,0.0,0.8994708994661404,170,19,0,0
sem_erro,mlp,queda,40,30,30,158,158,50,108,0,158,0,9,9,0.9177215189873418,0.9177215189873418,0.0,0.0,0.0,0.9177215189815334,145,13,0,0
sem_erro,mlp,queda,40,35,35,135,135,42,93,0,135,0,7,7,0.9259259259259259,0.9259259259259259,0.0,0.0,0.0,0.9259259259190673,125,10,0,0
sem_erro,mlp,queda,40,40,40,118,118,37,81,0,118,0,7,7,0.8898305084745762,0.8898305084745762,0.0,0.0,0.0,0.8898305084670353,105,13,0,0
sem_erro,mlp,queda,50,5,5,941,941,325,616,0,941,0,33,33,0.8799149840595112,0.8799149840595112,0.0,0.0,0.0,0.879914984058576,828,113,0,0
sem_erro,mlp,queda,50,10,10,471,471,163,308,0,471,0,32,32,0.8280254777070064,0.8280254777070064,0.0,0.0,0.0,0.8280254777052484,390,81,0,0
sem_erro,mlp,queda,50,15,15,314,314,106,208,0,314,0,18,18,0.9140127388535032,0.9140127388535032,0.0,0.0,0.0,0.9140127388505923,287,27,0,0
sem_erro,mlp,queda,50,20,20,236,236,83,153,0,236,0,15,15,0.902542372881356,0.902542372881356,0.0,0.0,0.0,0.9025423728775317,213,23,0,0
sem_erro,mlp,queda,50,25,25,189,189,64,125,0,189,0,16,16,0.8412698412698413,0.8412698412698413,0.0,0.0,0.0,0.8412698412653902,159,30,0,0
sem_erro,mlp,queda,50,30,30,157,157,55,102,0,157,0,16,16,0.802547770700637,0.802547770700637,0.0,0.0,0.0,0.8025477706955252,126,31,0,0
sem_erro,mlp,queda,50,35,35,135,135,49,86,0,135,0,7,7,0.9185185185185185,0.9185185185185185,0.0,0.0,0.0,0.9185185185117147,124,11,0,0
sem_erro,mlp,queda,50,40,40,118,118,41,77,0,118,0,8,8,0.8983050847457628,0.8983050847457628,0.0,0.0,0.0,0.89830508473815,106,12,0,0
sem_erro,mlp,queda,50,45,45,105,105,33,72,0,105,0,11,11,0.8380952380952381,0.8380952380952381,0.0,0.0,0.0,0.8380952380872562,88,17,0,0
sem_erro,mlp,queda,50,50,50,95,95,34,61,0,95,0,11,11,0.8315789473684211,0.8315789473684211,0.0,0.0,0.0,0.8315789473596675,79,16,0,0
sem_erro,mlp,queda,60,5,5,939,939,353,586,0,939,0,24,24,0.9478168264110756,0.9478168264110756,0.0,0.0,0.0,0.9478168264100663,890,49,0,0
sem_erro,mlp,queda,60,10,10,470,470,177,293,0,470,0,19,19,0.9106382978723404,0.9106382978723404,0.0,0.0,0.0,0.910638297870403,428,42,0,0
sem_erro,mlp,queda,60,15,15,313,313,118,195,0,313,0,13,13,0.939297124600639,0.939297124600639,0.0,0.0,0.0,0.939297124597638,294,19,0,0
sem_erro,mlp,queda,60,20,20,235,235,88,147,0,235,0,12,12,0.8978723404255319,0.8978723404255319,0.0,0.0,0.0,0.8978723404217113,211,24,0,0
sem_erro,mlp,queda,60,25,25,188,188,71,117,0,188,0,11,11,0.925531914893617,0.925531914893617,0.0,0.0,0.0,0.925531914888694,174,14,0,0
sem_erro,mlp,queda,60,30,30,157,157,61,96,0,157,0,10,10,0.910828025477707,0.910828025477707,0.0,0.0,0.0,0.9108280254719057,143,14,0,0
sem_erro,mlp,queda,60,35,35,135,135,54,81,0,135,0,14,14,0.8444444444444444,0.8444444444444444,0.0,0.0,0.0,0.8444444444381893,114,21,0,0
sem_erro,mlp,queda,60,40,40,118,118,45,73,0,118,0,7,7,0.9067796610169492,0.9067796610169492,0.0,0.0,0.0,0.9067796610092645,107,11,0,0
sem_erro,mlp,queda,60,45,45,105,105,38,67,0,105,0,6,6,0.9238095238095239,0.9238095238095239,0.0,0.0,0.0,0.9238095238007256,97,8,0,0
sem_erro,mlp,queda,60,50,50,94,94,38,56,0,94,0,8,8,0.8829787234042553,0.8829787234042553,0.0,0.0,0.0,0.8829787233948619,83,11,0,0
sem_erro,mlp,queda,60,55,55,86,86,33,53,0,86,0,4,4,0.9418604651162791,0.9418604651162791,0.0,0.0,0.0,0.9418604651053272,81,5,0,0
sem_erro,mlp,queda,60,60,60,79,79,31,48,0,79,0,4,4,0.9240506329113924,0.9240506329113924,0.0,0.0,0.0,0.9240506328996955,73,6,0,0
sem_erro,mlp,queda,70,5,5,937,937,379,558,0,937,0,20,20,0.9338313767342583,0.9338313767342583,0.0,0.0,0.0,0.9338313767332617,875,62,0,0
sem_erro,mlp,queda,70,10,10,469,469,190,279,0,469,0,16,16,0.9253731343283582,0.9253731343283582,0.0,0.0,0.0,0.9253731343263851,434,35,0,0
sem_erro,mlp,queda,70,15,15,313,313,129,184,0,313,0,19,19,0.9009584664536742,0.9009584664536742,0.0,0.0,0.0,0.9009584664507957,282,31,0,0
sem_erro,mlp,queda,70,20,20,235,235,96,139,0,235,0,14,14,0.8936170212765957,0.8936170212765957,0.0,0.0,0.0,0.8936170212727932,210,25,0,0
sem_erro,mlp,queda,70,25,25,188,188,73,115,0,188,0,12,12,0.8882978723404256,0.8882978723404256,0.0,0.0,0.0,0.8882978723357006,167,21,0,0
sem_erro,mlp,queda,70,30,30,157,157,66,91,0,157,0,10,10,0.8853503184713376,0.8853503184713376,0.0,0.0,0.0,0.8853503184656984,139,18,0,0
sem_erro,mlp,queda,70,35,35,134,134,56,78,0,134,0,7,7,0.9029850746268657,0.9029850746268657,0.0,0.0,0.0,0.902985074620127,121,13,0,0
sem_erro,mlp,queda,70,40,40,118,118,51,67,0,118,0,9,9,0.864406779661017,0.864406779661017,0.0,0.0,0.0,0.8644067796536914,102,16,0,0
sem_erro,mlp,queda,70,45,45,105,105,43,62,0,105,0,6,6,0.9238095238095239,0.9238095238095239,0.0,0.0,0.0,0.9238095238007256,97,8,0,0
sem_erro,mlp,queda,70,50,50,94,94,39,55,0,94,0,6,6,0.9042553191489362,0.9042553191489362,0.0,0.0,0.0,0.9042553191393164,85,9,0,0
sem_erro,mlp,queda,70,55,55,86,86,35,51,0,86,0,7,7,0.8372093023255814,0.8372093023255814,0.0,0.0,0.0,0.8372093023158463,72,14,0,0
sem_erro,mlp,queda,70,60,60,79,79,34,45,0,79,0,9,9,0.8227848101265823,0.8227848101265823,0.0,0.0,0.0,0.8227848101161672,65,14,0,0
sem_erro,mlp,queda,70,65,65,73,73,31,42,0,73,0,4,4,0.9178082191780822,0.9178082191780822,0.0,0.0,0.0,0.9178082191655095,67,6,0,0
sem_erro,mlp,queda,70,70,70,67,67,30,37,0,67,0,7,7,0.835820895522388,0.835820895522388,0.0,0.0,0.0,0.8358208955099131,56,11,0,0
sem_erro,mlp,queda,80,5,5,935,935,405,530,0,935,0,54,54,0.8898395721925134,0.8898395721925134,0.0,0.0,0.0,0.8898395721915617,832,103,0,0
sem_erro,mlp,queda,80,10,10,468,468,203,265,0,468,0,31,31,0.8952991452991453,0.8952991452991453,0.0,0.0,0.0,0.8952991452972323,419,49,0,0
sem_erro,mlp,queda,80,15,15,312,312,133,179,0,312,0,26,26,0.8557692307692307,0.8557692307692307,0.0,0.0,0.0,0.8557692307664879,267,45,0,0
sem_erro,mlp,queda,80,20,20,234,234,101,133,0,234,0,11,11,0.8803418803418803,0.8803418803418803,0.0,0.0,0.0,0.8803418803381182,206,28,0,0
sem_erro,mlp,queda,80,25,25,187,187,81,106,0,187,0,15,15,0.8716577540106952,0.8716577540106952,0.0,0.0,0.0,0.871657754006034,163,24,0,0
sem_erro,mlp,queda,80,30,30,156,156,68,88,0,156,0,12,12,0.8846153846153846,0.8846153846153846,0.0,0.0,0.0,0.8846153846097141,138,18,0,0
sem_erro,mlp,queda,80,35,35,134,134,58,76,0,134,0,10,10,0.8805970149253731,0.8805970149253731,0.0,0.0,0.0,0.8805970149188016,118,16,0,0
sem_erro,mlp,queda,80,40,40,117,117,52,65,0,117,0,10,10,0.7948717948717948,0.7948717948717948,0.0,0.0,0.0,0.794871794865001,93,24,0,0
sem_erro,mlp,queda,80,45,45,104,104,43,61,0,104,0,7,7,0.8942307692307693,0.8942307692307693,0.0,0.0,0.0,0.8942307692221708,93,11,0,0
sem_erro,mlp,queda,80,50,50,94,94,39,55,0,94,0,3,3,0.9468085106382979,0.9468085106382979,0.0,0.0,0.0,0.9468085106282254,89,5,0,0
sem_erro,mlp,queda,80,55,55,85,85,37,48,0,85,0,8,8,0.8,0.8,0.0,0.0,0.0,0.7999999999905882,68,17,0,0
sem_erro,mlp,queda,80,60,60,78,78,35,43,0,78,0,8,8,0.8461538461538461,0.8461538461538461,0.0,0.0,0.0,0.8461538461429979,66,12,0,0
sem_erro,mlp,queda,80,65,65,72,72,33,39,0,72,0,8,8,0.7916666666666666,0.7916666666666666,0.0,0.0,0.0,0.7916666666556712,57,15,0,0
sem_erro,mlp,queda,80,70,70,67,67,31,36,0,67,0,7,7,0.835820895522388,0.835820895522388,0.0,0.0,0.0,0.8358208955099131,56,11,0,0
sem_erro,mlp,queda,80,75,75,63,63,26,37,0,63,0,4,4,0.9206349206349206,0.9206349206349206,0.0,0.0,0.0,0.9206349206203074,58,5,0,0
sem_erro,mlp,queda,80,80,80,59,59,27,32,0,59,0,6,6,0.7966101694915254,0.7966101694915254,0.0,0.0,0.0,0.7966101694780237,47,12,0,0
sem_erro,mlp,queda,90,5,5,933,933,431,502,0,933,0,40,40,0.879957127545552,0.879957127545552,0.0,0.0,0.0,0.8799571275446089,821,112,0,0
sem_erro,mlp,queda,90,10,10,467,467,216,251,0,467,0,31,31,0.8650963597430407,0.8650963597430407,0.0,0.0,0.0,0.8650963597411883,404,63,0,0
sem_erro,mlp,queda,90,15,15,311,311,144,167,0,311,0,20,20,0.9003215434083601,0.9003215434083601,0.0,0.0,0.0,0.9003215434054652,280,31,0,0
sem_erro,mlp,queda,90,20,20,234,234,109,125,0,234,0,16,16,0.8034188034188035,0.8034188034188035,0.0,0.0,0.0,0.8034188034153701,188,46,0,0
sem_erro,mlp,queda,90,25,25,187,187,84,103,0,187,0,20,20,0.8235294117647058,0.8235294117647058,0.0,0.0,0.0,0.823529411760302,154,33,0,0
sem_erro,mlp,queda,90,30,30,156,156,74,82,0,156,0,13,13,0.8589743589743589,0.8589743589743589,0.0,0.0,0.0,0.8589743589688528,134,22,0,0
sem_erro,mlp,queda,90,35,35,134,134,64,70,0,134,0,7,7,0.917910447761194,0.917910447761194,0.0,0.0,0.0,0.917910447754344,123,11,0,0
sem_erro,mlp,queda,90,40,40,117,117,54,63,0,117,0,11,11,0.6581196581196581,0.6581196581196581,0.0,0.0,0.0,0.6581196581140332,77,40,0,0
sem_erro,mlp,queda,90,45,45,104,104,46,58,0,104,0,6,6,0.8942307692307693,0.8942307692307693,0.0,0.0,0.0,0.8942307692221708,93,11,0,0
sem_erro,mlp,queda,90,50,50,94,94,42,52,0,94,0,12,12,0.8297872340425532,0.8297872340425532,0.0,0.0,0.0,0.8297872340337257,78,16,0,0
sem_erro,mlp,queda,90,55,55,85,85,40,45,0,85,0,7,7,0.8470588235294118,0.8470588235294118,0.0,0.0,0.0,0.8470588235194463,72,13,0,0
sem_erro,mlp,queda,90,60,60,78,78,39,39,0,78,0,8,8,0.8076923076923077,0.8076923076923077,0.0,0.0,0.0,0.8076923076819527,63,15,0,0
sem_erro,mlp,queda,90,65,65,72,72,34,38,0,72,0,9,9,0.8333333333333334,0.8333333333333334,0.0,0.0,0.0,0.8333333333217592,60,12,0,0
sem_erro,mlp,queda,90,70,70,67,67,36,31,0,67,0,15,15,0.6119402985074627,0.6119402985074627,0.0,0.0,0.0,0.6119402984983292,41,26,0,0
sem_erro,mlp,queda,90,75,75,63,63,28,35,0,63,0,3,3,0.9365079365079365,0.9365079365079365,0.0,0.0,0.0,0.9365079364930714,59,4,0,0
sem_erro,mlp,queda,90,80,80,59,59,28,31,0,59,0,10,10,0.6779661016949152,0.6779661016949152,0.0,0.0,0.0,0.6779661016834243,40,19,0,0
sem_erro,mlp,queda,90,85,85,55,55,26,29,0,55,0,7,7,0.8727272727272727,0.8727272727272727,0.0,0.0,0.0,0.872727272711405,48,7,0,0
sem_erro,mlp,queda,90,90,90,52,52,26,26,0,52,0,6,6,0.8653846153846154,0.8653846153846154,0.0,0.0,0.0,0.8653846153679734,45,7,0,0
sem_erro,mlp,queda,100,5,5,931,931,457,474,0,931,0,36,36,0.9033297529538131,0.9033297529538131,0.0,0.0,0.0,0.9033297529528428,841,90,0,0
sem_erro,mlp,queda,100,10,10,466,466,229,237,0,466,0,32,32,0.869098712446352,0.869098712446352,0.0,0.0,0.0,0.8690987124444869,405,61,0,0
sem_erro,mlp,queda,100,15,15,311,311,155,156,0,311,0,27,27,0.7813504823151125,0.7813504823151125,0.0,0.0,0.0,0.7813504823126002,243,68,0,0
sem_erro,mlp,queda,100,20,20,233,233,114,119,0,233,0,21,21,0.8154506437768241,0.8154506437768241,0.0,0.0,0.0,0.8154506437733243,190,43,0,0
sem_erro,mlp,queda,100,25,25,187,187,91,96,0,187,0,25,25,0.7112299465240641,0.7112299465240641,0.0,0.0,0.0,0.7112299465202608,133,54,0,0
sem_erro,mlp,queda,100,30,30,156,156,79,77,0,156,0,17,17,0.8076923076923077,0.8076923076923077,0.0,0.0,0.0,0.8076923076871302,126,30,0,0
sem_erro,mlp,queda,100,35,35,133,133,69,64,0,133,0,12,12,0.8120300751879699,0.8120300751879699,0.0,0.0,0.0,0.8120300751818645,108,25,0,0
sem_erro,mlp,queda,100,40,40,117,117,58,59,0,117,0,19,19,0.6581196581196581,0.6581196581196581,0.0,0.0,0.0,0.6581196581140332,77,40,0,0
sem_erro,mlp,queda,100,45,45,104,104,51,53,0,104,0,13,13,0.8076923076923077,0.8076923076923077,0.0,0.0,0.0,0.8076923076845414,84,20,0,0
sem_erro,mlp,queda,100,50,50,94,94,48,46,0,94,0,14,14,0.6276595744680851,0.6276595744680851,0.0,0.0,0.0,0.6276595744614079,59,35,0,0
sem_erro,mlp,queda,100,55,55,85,85,41,44,0,85,0,10,10,0.8117647058823529,0.8117647058823529,0.0,0.0,0.0,0.8117647058728027,69,16,0,0
sem_erro,mlp,queda,100,60,60,78,78,41,37,0,78,0,10,10,0.7435897435897436,0.7435897435897436,0.0,0.0,0.0,0.7435897435802103,58,20,0,0
sem_erro,mlp,queda,100,65,65,72,72,37,35,0,72,0,13,13,0.7777777777777778,0.7777777777777778,0.0,0.0,0.0,0.7777777777669753,56,16,0,0
sem_erro,mlp,queda,100,70,70,67,67,36,31,0,67,0,11,11,0.7313432835820896,0.7313432835820896,0.0,0.0,0.0,0.731343283571174,49,18,0,0
sem_erro,mlp,queda,100,75,75,63,63,32,31,0,63,0,13,13,0.7301587301587301,0.7301587301587301,0.0,0.0,0.0,0.7301587301471404,46,17,0,0
sem_erro,mlp,queda,100,80,80,59,59,30,29,0,59,0,10,10,0.7288135593220338,0.7288135593220338,0.0,0.0,0.0,0.7288135593096812,43,16,0,0
sem_erro,mlp,queda,100,85,85,55,55,27,28,0,55,0,9,9,0.8363636363636363,0.8363636363636363,0.0,0.0,0.0,0.8363636363484298,46,9,0,0
sem_erro,mlp,queda,100,90,90,52,52,27,25,0,52,0,10,10,0.7692307692307693,0.7692307692307693,0.0,0.0,0.0,0.7692307692159763,40,12,0,0
sem_erro,mlp,queda,100,95,95,49,49,23,26,0,49,0,10,10,0.7142857142857143,0.7142857142857143,0.0,0.0,0.0,0.7142857142711371,35,14,0,0
sem_erro,mlp,queda,100,100,100,47,47,22,25,0,47,0,5,5,0.7872340425531915,0.7872340425531915,0.0,0.0,0.0,0.7872340425364419,37,10,0,0
sem_erro,random_forest,lacuna,20,5,5,947,947,249,698,0,947,0,0,0,1.0,1.0,0.0,0.0,0.0,0.9999999999989441,947,0,0,0
sem_erro,random_forest,lacuna,20,10,10,474,474,122,352,0,474,0,0,0,1.0,1.0,0.0,0.0,0.0,0.9999999999978904,474,0,0,0
sem_erro,random_forest,lacuna,20,15,15,316,316,87,229,0,316,0,0,0,1.0,1.0,0.0,0.0,0.0,0.9999999999968355,316,0,0,0
sem_erro,random_forest,lacuna,20,20,20,237,237,63,174,0,237,0,0,0,1.0,1.0,0.0,0.0,0.0,0.9999999999957806,237,0,0,0
sem_erro,random_forest,lacuna,30,5,5,945,945,287,658,0,945,0,0,0,1.0,1.0,0.0,0.0,0.0,0.9999999999989418,945,0,0,0
sem_erro,random_forest,lacuna,30,10,10,473,473,141,332,0,473,0,0,0,1.0,1.0,0.0,0.0,0.0,0.9999999999978858,473,0,0,0
sem_erro,random_forest,lacuna,30,15,15,315,315,98,217,0,315,0,0,0,1.0,1.0,0.0,0.0,0.0,0.9999999999968254,315,0,0,0
sem_erro,random_forest,lacuna,30,20,20,237,237,70,167,0,237,0,0,0,1.0,1.0,0.0,0.0,0.0,0.9999999999957806,237,0,0,0
sem_erro,random_forest,lacuna,30,25,25,189,189,57,132,0,189,0,0,0,1.0,1.0,0.0,0.0,0.0,0.999999999994709,189,0,0,0
sem_erro,random_forest,lacuna,30,30,30,158,158,47,111,0,158,0,0,0,1.0,1.0,0.0,0.0,0.0,0.999999999993671,158,0,0,0
sem_erro,random_forest,lacuna,40,5,5,943,943,324,619,0,943,0,0,0,1.0,1.0,0.0,0.0,0.0,0.9999999999989395,943,0,0,0
sem_erro,random_forest,lacuna,40,10,10,472,472,159,313,0,472,0,0,0,1.0,1.0,0.0,0.0,0.0,0.9999999999978814,472,0,0,0
sem_erro,random_forest,lacuna,40,15,15,315,315,108,207,0,315,0,0,0,1.0,1.0,0.0,0.0,0.0,0.9999999999968254,315,0,0,0
sem_erro,random_forest,lacuna,40,20,20,236,236,81,155,0,236,0,0,0,1.0,1.0,0.0,0.0,0.0,0.9999999999957627,236,0,0,0
sem_erro,random_forest,lacuna,40,25,25,189,189,67,122,0,189,0,0,0,1.0,1.0,0.0,0.0,0.0,0.999999999994709,189,0,0,0
sem_erro,random_forest,lacuna,40,30,30,158,158,55,103,0,158,0,0,0,1.0,1.0,0.0,0.0,0.0,0.999999999993671,158,0,0,0
sem_erro,random_forest,lacuna,40,35,35,135,135,46,89,0,135,0,0,0,1.0,1.0,0.0,0.0,0.0,0.9999999999925927,135,0,0,0
sem_erro,random_forest,lacuna,40,40,40,118,118,39,79,0,118,0,0,0,1.0,1.0,0.0,0.0,0.0,0.9999999999915254,118,0,0,0
sem_erro,random_forest,lacuna,50,5,5,941,941,359,582,0,941,0,0,0,1.0,1.0,0.0,0.0,0.0,0.9999999999989373,941,0,0,0
sem_erro,random_forest,lacuna,50,10,10,471,471,177,294,0,471,0,0,0,1.0,1.0,0.0,0.0,0.0,0.9999999999978769,471,0,0,0
sem_erro,random_forest,lacuna,50,15,15,314,314,123,191,0,314,0,0,0,1.0,1.0,0.0,0.0,0.0,0.9999999999968153,314,0,0,0
sem_erro,random_forest,lacuna,50,20,20,236,236,88,148,0,236,0,0,0,1.0,1.0,0.0,0.0,0.0,0.9999999999957627,236,0,0,0
sem_erro,random_forest,lacuna,50,25,25,189,189,75,114,0,189,0,0,0,1.0,1.0,0.0,0.0,0.0,0.999999999994709,189,0,0,0
sem_erro,random_forest,lacuna,50,30,30,157,157,62,95,0,157,0,0,0,1.0,1.0,0.0,0.0,0.0,0.9999999999936307,157,0,0,0
sem_erro,random_forest,lacuna,50,35,35,135,135,52,83,0,135,0,0,0,1.0,1.0,0.0,0.0,0.0,0.9999999999925927,135,0,0,0
sem_erro,random_forest,lacuna,50,40,40,118,118,45,73,0,118,0,0,0,1.0,1.0,0.0,0.0,0.0,0.9999999999915254,118,0,0,0
sem_erro,random_forest,lacuna,50,45,45,105,105,44,61,0,105,0,0,0,1.0,1.0,0.0,0.0,0.0,0.9999999999904762,105,0,0,0
sem_erro,random_forest,lacuna,50,50,50,95,95,38,57,0,95,0,0,0,1.0,1.0,0.0,0.0,0.0,0.9999999999894736,95,0,0,0
sem_erro,random_forest,lacuna,60,5,5,939,939,391,548,0,939,0,0,0,1.0,1.0,0.0,0.0,0.0,0.9999999999989351,939,0,0,0
sem_erro,random_forest,lacuna,60,10,10,470,470,193,277,0,470,0,0,0,1.0,1.0,0.0,0.0,0.0,0.9999999999978724,470,0,0,0
sem_erro,random_forest,lacuna,60,15,15,313,313,133,180,0,313,0,0,0,1.0,1.0,0.0,0.0,0.0,0.9999999999968051,313,0,0,0
sem_erro,random_forest,lacuna,60,20,20,235,235,97,138,0,235,0,0,0,1.0,1.0,0.0,0.0,0.0,0.9999999999957447,235,0,0,0
sem_erro,random_forest,lacuna,60,25,25,188,188,79,109,0,188,0,0,0,1.0,1.0,0.0,0.0,0.0,0.9999999999946809,188,0,0,0
sem_erro,random_forest,lacuna,60,30,30,157,157,65,92,0,157,0,0,0,1.0,1.0,0.0,0.0,0.0,0.9999999999936307,157,0,0,0
sem_erro,random_forest,lacuna,60,35,35,135,135,59,76,0,135,0,0,0,1.0,1.0,0.0,0.0,0.0,0.9999999999925927,135,0,0,0
sem_erro,random_forest,lacuna,60,40,40,118,118,51,67,0,118,0,0,0,1.0,1.0,0.0,0.0,0.0,0.9999999999915254,118,0,0,0
sem_erro,random_forest,lacuna,60,45,45,105,105,45,60,0,105,0,0,0,1.0,1.0,0.0,0.0,0.0,0.9999999999904762,105,0,0,0
sem_erro,random_forest,lacuna,60,50,50,94,94,39,55,0,94,0,0,0,1.0,1.0,0.0,0.0,0.0,0.9999999999893616,94,0,0,0
sem_erro,random_forest,lacuna,60,55,55,86,86,35,51,0,86,0,0,0,1.0,1.0,0.0,0.0,0.0,0.9999999999883721,86,0,0,0
sem_erro,random_forest,lacuna,60,60,60,79,79,33,46,0,79,0,0,0,1.0,1.0,0.0,0.0,0.0,0.9999999999873417,79,0,0,0
sem_erro,random_forest,lacuna,70,5,5,937,937,423,514,0,937,0,0,0,1.0,1.0,0.0,0.0,0.0,0.9999999999989327,937,0,0,0
sem_erro,random_forest,lacuna,70,10,10,469,469,209,260,0,469,0,0,0,1.0,1.0,0.0,0.0,0.0,0.9999999999978678,469,0,0,0
sem_erro,random_forest,lacuna,70,15,15,313,313,141,172,0,313,0,0,0,1.0,1.0,0.0,0.0,0.0,0.9999999999968051,313,0,0,0
sem_erro,random_forest,lacuna,70,20,20,235,235,104,131,0,235,0,0,0,1.0,1.0,0.0,0.0,0.0,0.9999999999957447,235,0,0,0
sem_erro,random_forest,lacuna,70,25,25,188,188,86,102,0,188,0,0,0,1.0,1.0,0.0,0.0,0.0,0.9999999999946809,188,0,0,0
sem_erro,random_forest,lacuna,70,30,30,157,157,71,86,0,157,0,0,0,1.0,1.0,0.0,0.0,0.0,0.9999999999936307,157,0,0,0
sem_erro,random_forest,lacuna,70,35,35,134,134,60,74,0,134,0,0,0,1.0,1.0,0.0,0.0,0.0,0.9999999999925374,134,0,0,0
sem_erro,random_forest,lacuna,70,40,40,118,118,52,66,0,118,0,0,0,1.0,1.0,0.0,0.0,0.0,0.9999999999915254,118,0,0,0
sem_erro,random_forest,lacuna,70,45,45,105,105,48,57,0,105,0,0,0,1.0,1.0,0.0,0.0,0.0,0.9999999999904762,105,0,0,0
sem_erro,random_forest,lacuna,70,50,50,94,94,43,51,0,94,0,0,0,1.0,1.0,0.0,0.0,0.0,0.9999999999893616,94,0,0,0
sem_erro,random_forest,lacuna,70,55,55,86,86,38,48,0,86,0,0,0,1.0,1.0,0.0,0.0,0.0,0.9999999999883721,86,0,0,0
sem_erro,random_forest,lacuna,70,60,60,79,79,37,42,0,79,0,0,0,1.0,1.0,0.0,0.0,0.0,0.9999999999873417,79,0,0,0
sem_erro,random_forest,lacuna,70,65,65,73,73,34,39,0,73,0,1,1,0.9863013698630136,0.9863013698630136,0.0,0.0,0.0,0.9863013698495027,72,1,0,0
sem_erro,random_forest,lacuna,70,70,70,67,67,31,36,0,67,0,0,0,1.0,1.0,0.0,0.0,0.0,0.9999999999850746,67,0,0,0
sem_erro,random_forest,lacuna,80,5,5,935,935,455,480,0,935,0,0,0,1.0,1.0,0.0,0.0,0.0,0.9999999999989305,935,0,0,0
sem_erro,random_forest,lacuna,80,10,10,468,468,225,243,0,468,0,0,0,1.0,1.0,0.0,0.0,0.0,0.9999999999978633,468,0,0,0
sem_erro,random_forest,lacuna,80,15,15,312,312,155,157,0,312,0,0,0,1.0,1.0,0.0,0.0,0.0,0.9999999999967949,312,0,0,0
sem_erro,random_forest,lacuna,80,20,20,234,234,113,121,0,234,0,0,0,1.0,1.0,0.0,0.0,0.0,0.9999999999957265,234,0,0,0
sem_erro,random_forest,lacuna,80,25,25,187,187,92,95,0,187,0,0,0,1.0,1.0,0.0,0.0,0.0,0.9999999999946525,187,0,0,0
sem_erro,random_forest,lacuna,80,30,30,156,156,78,78,0,156,0,0,0,1.0,1.0,0.0,0.0,0.0,0.9999999999935898,156,0,0,0
sem_erro,random_forest,lacuna,80,35,35,134,134,66,68,0,134,0,0,0,1.0,1.0,0.0,0.0,0.0,0.9999999999925374,134,0,0,0
sem_erro,random_forest,lacuna,80,40,40,117,117,55,62,0,117,0,0,0,1.0,1.0,0.0,0.0,0.0,0.999999999991453,117,0,0,0
sem_erro,random_forest,lacuna,80,45,45,104,104,52,52,0,104,0,0,0,1.0,1.0,0.0,0.0,0.0,0.9999999999903846,104,0,0,0
sem_erro,random_forest,lacuna,80,50,50,94,94,47,47,0,94,0,0,0,1.0,1.0,0.0,0.0,0.0,0.9999999999893616,94,0,0,0
sem_erro,random_forest,lacuna,80,55,55,85,85,42,43,0,85,0,0,0,1.0,1.0,0.0,0.0,0.0,0.9999999999882353,85,0,0,0
sem_erro,random_forest,lacuna,80,60,60,78,78,41,37,0,78,0,0,0,1.0,1.0,0.0,0.0,0.0,0.9999999999871795,78,0,0,0
sem_erro,random_forest,lacuna,80,65,65,72,72,36,36,0,72,0,0,0,1.0,1.0,0.0,0.0,0.0,0.9999999999861111,72,0,0,0
sem_erro,random_forest,lacuna,80,70,70,67,67,34,33,0,67,0,0,0,1.0,1.0,0.0,0.0,0.0,0.9999999999850746,67,0,0,0
sem_erro,random_forest,lacuna,80,75,75,63,63,31,32,0,63,0,0,0,1.0,1.0,0.0,0.0,0.0,0.999999999984127,63,0,0,0
sem_erro,random_forest,lacuna,80,80,80,59,59,25,34,0,59,0,2,2,0.9661016949152542,0.9661016949152542,0.0,0.0,0.0,0.9661016948988796,57,2,0,0
sem_erro,random_forest,lacuna,90,5,5,933,933,486,447,0,933,0,0,0,1.0,1.0,0.0,0.0,0.0,0.9999999999989282,933,0,0,0
sem_erro,random_forest,lacuna,90,10,10,467,467,241,226,0,467,0,0,0,1.0,1.0,0.0,0.0,0.0,0.9999999999978587,467,0,0,0
sem_erro,random_forest,lacuna,90,15,15,311,311,164,147,0,311,0,0,0,1.0,1.0,0.0,0.0,0.0,0.9999999999967846,311,0,0,0
sem_erro,random_forest,lacuna,90,20,20,234,234,120,114,0,234,0,0,0,1.0,1.0,0.0,0.0,0.0,0.9999999999957265,234,0,0,0
sem_erro,random_forest,lacuna,90,25,25,187,187,100,87,0,187,0,0,0,1.0,1.0,0.0,0.0,0.0,0.9999999999946525,187,0,0,0
sem_erro,random_forest,lacuna,90,30,30,156,156,81,75,0,156,0,0,0,1.0,1.0,0.0,0.0,0.0,0.9999999999935898,156,0,0,0
sem_erro,random_forest,lacuna,90,35,35,134,134,72,62,0,134,0,0,0,1.0,1.0,0.0,0.0,0.0,0.9999999999925374,134,0,0,0
sem_erro,random_forest,lacuna,90,40,40,117,117,61,56,0,117,0,0,0,1.0,1.0,0.0,0.0,0.0,0.999999999991453,117,0,0,0
sem_erro,random_forest,lacuna,90,45,45,104,104,58,46,0,104,0,0,0,1.0,1.0,0.0,0.0,0.0,0.9999999999903846,104,0,0,0
sem_erro,random_forest,lacuna,90,50,50,94,94,52,42,0,94,0,1,1,0.9893617021276596,0.9893617021276596,0.0,0.0,0.0,0.9893617021171344,93,1,0,0
sem_erro,random_forest,lacuna,90,55,55,85,85,44,41,0,85,0,0,0,1.0,1.0,0.0,0.0,0.0,0.9999999999882353,85,0,0,0
sem_erro,random_forest,lacuna,90,60,60,78,78,41,37,0,78,0,0,0,1.0,1.0,0.0,0.0,0.0,0.9999999999871795,78,0,0,0
sem_erro,random_forest,lacuna,90,65,65,72,72,37,35,0,72,0,0,0,1.0,1.0,0.0,0.0,0.0,0.9999999999861111,72,0,0,0
sem_erro,random_forest,lacuna,90,70,70,67,67,37,30,0,67,0,7,7,0.8507462686567164,0.8507462686567164,0.0,0.0,0.0,0.8507462686440187,57,10,0,0
sem_erro,random_forest,lacuna,90,75,75,63,63,33,30,0,63,0,5,5,0.8412698412698413,0.8412698412698413,0.0,0.0,0.0,0.8412698412564878,53,10,0,0
sem_erro,random_forest,lacuna,90,80,80,59,59,29,30,0,59,0,4,4,0.9322033898305084,0.9322033898305084,0.0,0.0,0.0,0.9322033898147085,55,4,0,0
sem_erro,random_forest,lacuna,90,85,85,55,55,31,24,0,55,0,1,1,0.9818181818181818,0.9818181818181818,0.0,0.0,0.0,0.9818181818003306,54,1,0,0
sem_erro,random_forest,lacuna,90,90,90,52,52,27,25,0,52,0,4,4,0.9038461538461539,0.9038461538461539,0.0,0.0,0.0,0.9038461538287722,47,5,0,0
sem_erro,random_forest,lacuna,100,5,5,931,931,513,418,0,931,0,0,0,1.0,1.0,0.0,0.0,0.0,0.9999999999989259,931,0,0,0
sem_erro,random_forest,lacuna,100,10,10,466,466,255,211,0,466,0,0,0,1.0,1.0,0.0,0.0,0.0,0.999999999997854,466,0,0,0
sem_erro,random_forest,lacuna,100,15,15,311,311,171,140,0,311,0,0,0,1.0,1.0,0.0,0.0,0.0,0.9999999999967846,311,0,0,0
sem_erro,random_forest,lacuna,100,20,20,233,233,128,105,0,233,0,0,0,1.0,1.0,0.0,0.0,0.0,0.9999999999957082,233,0,0,0
sem_erro,random_forest,lacuna,100,25,25,187,187,107,80,0,187,0,0,0,1.0,1.0,0.0,0.0,0.0,0.9999999999946525,187,0,0,0
sem_erro,random_forest,lacuna,100,30,30,156,156,87,69,0,156,0,0,0,1.0,1.0,0.0,0.0,0.0,0.9999999999935898,156,0,0,0
sem_erro,random_forest,lacuna,100,35,35,133,133,73,60,0,133,0,0,0,1.0,1.0,0.0,0.0,0.0,0.9999999999924812,133,0,0,0
sem_erro,random_forest,lacuna,100,40,40,117,117,66,51,0,117,0,0,0,1.0,1.0,0.0,0.0,0.0,0.999999999991453,117,0,0,0
sem_erro,random_forest,lacuna,100,45,45,104,104,59,45,0,104,0,3,3,0.9711538461538461,0.9711538461538461,0.0,0.0,0.0,0.9711538461445081,101,3,0,0
sem_erro,random_forest,lacuna,100,50,50,94,94,54,40,0,94,0,5,5,0.9468085106382979,0.9468085106382979,0.0,0.0,0.0,0.9468085106282254,89,5,0,0
sem_erro,random_forest,lacuna,100,55,55,85,85,48,37,0,85,0,2,2,0.9764705882352941,0.9764705882352941,0.0,0.0,0.0,0.9764705882238062,83,2,0,0
sem_erro,random_forest,lacuna,100,60,60,78,78,43,35,0,78,0,0,0,1.0,1.0,0.0,0.0,0.0,0.9999999999871795,78,0,0,0
sem_erro,random_forest,lacuna,100,65,65,72,72,39,33,0,72,0,7,7,0.9027777777777778,0.9027777777777778,0.0,0.0,0.0,0.9027777777652392,65,7,0,0
sem_erro,random_forest,lacuna,100,70,70,67,67,39,28,0,67,0,7,7,0.835820895522388,0.835820895522388,0.0,0.0,0.0,0.8358208955099131,56,11,0,0
sem_erro,random_forest,lacuna,100,75,75,63,63,34,29,0,63,0,7,7,0.6825396825396826,0.6825396825396826,0.0,0.0,0.0,0.6825396825288487,43,20,0,0
sem_erro,random_forest,lacuna,100,80,80,59,59,32,27,0,59,0,4,4,0.9322033898305084,0.9322033898305084,0.0,0.0,0.0,0.9322033898147085,55,4,0,0
sem_erro,random_forest,lacuna,100,85,85,55,55,33,22,0,55,0,5,5,0.8545454545454545,0.8545454545454545,0.0,0.0,0.0,0.8545454545299174,47,8,0,0
sem_erro,random_forest,lacuna,100,90,90,52,52,28,24,0,52,0,6,6,0.8461538461538461,0.8461538461538461,0.0,0.0,0.0,0.846153846137574,44,8,0,0
sem_erro,random_forest,lacuna,100,95,95,49,49,26,23,0,49,0,6,6,0.8571428571428571,0.8571428571428571,0.0,0.0,0.0,0.8571428571253645,42,7,0,0
sem_erro,random_forest,lacuna,100,100,100,47,47,27,20,0,47,0,10,10,0.574468085106383,0.574468085106383,0.0,0.0,0.0,0.5744680850941603,27,20,0,0
sem_erro,random_forest,oscilacao,20,5,5,947,947,358,589,0,947,0,6,6,0.9936642027455121,0.9936642027455121,0.0,0.0,0.0,0.9936642027444629,941,6,0,0
sem_erro,random_forest,oscilacao,20,10,10,474,474,179,295,0,474,0,2,2,0.9915611814345991,0.9915611814345991,0.0,0.0,0.0,0.9915611814325073,470,4,0,0
sem_erro,random_forest,oscilacao,20,15,15,316,316,117,199,0,316,0,3,3,0.990506329113924,0.990506329113924,0.0,0.0,0.0,0.9905063291107896,313,3,0,0
sem_erro,random_forest,oscilacao,20,20,20,237,237,90,147,0,237,0,9,9,0.9620253164556962,0.9620253164556962,0.0,0.0,0.0,0.962025316451637,228,9,0,0
sem_erro,random_forest,oscilacao,30,5,5,945,945,397,548,0,945,0,9,9,0.9809523809523809,0.9809523809523809,0.0,0.0,0.0,0.980952380951343,927,18,0,0
sem_erro,random_forest,oscilacao,30,10,10,473,473,199,274,0,473,0,9,9,0.9704016913319239,0.9704016913319239,0.0,0.0,0.0,0.9704016913298723,459,14,0,0
sem_erro,random_forest,oscilacao,30,15,15,315,315,130,185,0,315,0,5,5,0.9746031746031746,0.9746031746031746,0.0,0.0,0.0,0.9746031746000806,307,8,0,0
sem_erro,random_forest,oscilacao,30,20,20,237,237,101,136,0,237,0,7,7,0.9535864978902954,0.9535864978902954,0.0,0.0,0.0,0.9535864978862718,226,11,0,0
sem_erro,random_forest,oscilacao,30,25,25,189,189,80,109,0,189,0,6,6,0.9682539682539683,0.9682539682539683,0.0,0.0,0.0,0.9682539682488452,183,6,0,0
sem_erro,random_forest,oscilacao,30,30,30,158,158,66,92,0,158,0,10,10,0.9177215189873418,0.9177215189873418,0.0,0.0,0.0,0.9177215189815334,145,13,0,0
sem_erro,random_forest,oscilacao,40,5,5,943,943,435,508,0,943,0,18,18,0.9512195121951219,0.9512195121951219,0.0,0.0,0.0,0.9512195121941133,897,46,0,0
sem_erro,random_forest,oscilacao,40,10,10,472,472,218,254,0,472,0,16,16,0.9427966101694916,0.9427966101694916,0.0,0.0,0.0,0.942796610167494,445,27,0,0
sem_erro,random_forest,oscilacao,40,15,15,315,315,145,170,0,315,0,15,15,0.9174603174603174,0.9174603174603174,0.0,0.0,0.0,0.917460317457405,289,26,0,0
sem_erro,random_forest,oscilacao,40,20,20,236,236,109,127,0,236,0,14,14,0.902542372881356,0.902542372881356,0.0,0.0,0.0,0.9025423728775317,213,23,0,0
sem_erro,random_forest,oscilacao,40,25,25,189,189,89,100,0,189,0,14,14,0.9259259259259259,0.9259259259259259,0.0,0.0,0.0,0.9259259259210268,175,14,0,0
sem_erro,random_forest,oscilacao,40,30,30,158,158,73,85,0,158,0,13,13,0.9113924050632911,0.9113924050632911,0.0,0.0,0.0,0.911392405057523,144,14,0,0
sem_erro,random_forest,oscilacao,40,35,35,135,135,62,73,0,135,0,11,11,0.9185185185185185,0.9185185185185185,0.0,0.0,0.0,0.9185185185117147,124,11,0,0
sem_erro,random_forest,oscilacao,40,40,40,118,118,54,64,0,118,0,7,7,0.940677966101695,0.940677966101695,0.0,0.0,0.0,0.940677966093723,111,7,0,0
sem_erro,random_forest,oscilacao,50,5,5,941,941,471,470,0,941,0,31,31,0.8926673751328374,0.8926673751328374,0.0,0.0,0.0,0.8926673751318888,840,101,0,0
sem_erro,random_forest,oscilacao,50,10,10,471,471,236,235,0,471,0,25,25,0.8959660297239915,0.8959660297239915,0.0,0.0,0.0,0.8959660297220893,422,49,0,0
sem_erro,random_forest,oscilacao,50,15,15,314,314,156,158,0,314,0,21,21,0.8821656050955414,0.8821656050955414,0.0,0.0,0.0,0.882165605092732,277,37,0,0
sem_erro,random_forest,oscilacao,50,20,20,236,236,120,116,0,236,0,20,20,0.8771186440677966,0.8771186440677966,0.0,0.0,0.0,0.87711864406408,207,29,0,0
sem_erro,random_forest,oscilacao,50,25,25,189,189,97,92,0,189,0,19,19,0.8253968253968254,0.8253968253968254,0.0,0.0,0.0,0.8253968253924583,156,33,0,0
sem_erro,random_forest,oscilacao,50,30,30,157,157,78,79,0,157,0,20,20,0.8471337579617835,0.8471337579617835,0.0,0.0,0.0,0.8471337579563878,133,24,0,0
sem_erro,random_forest,oscilacao,50,35,35,135,135,68,67,0,135,0,13,13,0.8740740740740741,0.8740740740740741,0.0,0.0,0.0,0.8740740740675995,118,17,0,0
sem_erro,random_forest,oscilacao,50,40,40,118,118,60,58,0,118,0,14,14,0.847457627118644,0.847457627118644,0.0,0.0,0.0,0.8474576271114622,100,18,0,0
sem_erro,random_forest,oscilacao,50,45,45,105,105,52,53,0,105,0,10,10,0.8952380952380953,0.8952380952380953,0.0,0.0,0.0,0.8952380952295691,94,11,0,0
sem_erro,random_forest,oscilacao,50,50,50,95,95,50,45,0,95,0,17,17,0.6842105263157895,0.6842105263157895,0.0,0.0,0.0,0.6842105263085873,65,30,0,0
sem_erro,random_forest,oscilacao,60,5,5,939,939,505,434,0,939,0,38,38,0.8168264110756124,0.8168264110756124,0.0,0.0,0.0,0.8168264110747425,767,172,0,0
sem_erro,random_forest,oscilacao,60,10,10,470,470,253,217,0,470,0,30,30,0.8021276595744681,0.8021276595744681,0.0,0.0,0.0,0.8021276595727614,377,93,0,0
sem_erro,random_forest,oscilacao,60,15,15,313,313,167,146,0,313,0,22,22,0.8370607028753994,0.8370607028753994,0.0,0.0,0.0,0.837060702872725,262,51,0,0
sem_erro,random_forest,oscilacao,60,20,20,235,235,126,109,0,235,0,27,27,0.7659574468085106,0.7659574468085106,0.0,0.0,0.0,0.7659574468052512,180,55,0,0
sem_erro,random_forest,oscilacao,60,25,25,188,188,101,87,0,188,0,20,20,0.8191489361702128,0.8191489361702128,0.0,0.0,0.0,0.8191489361658556,154,34,0,0
sem_erro,random_forest,oscilacao,60,30,30,157,157,84,73,0,157,0,23,23,0.7579617834394905,0.7579617834394905,0.0,0.0,0.0,0.7579617834346627,119,38,0,0
sem_erro,random_forest,oscilacao,60,35,35,135,135,72,63,0,135,0,25,25,0.7555555555555555,0.7555555555555555,0.0,0.0,0.0,0.7555555555499589,102,33,0,0
sem_erro,random_forest,oscilacao,60,40,40,118,118,64,54,0,118,0,17,17,0.7711864406779662,0.7711864406779662,0.0,0.0,0.0,0.7711864406714306,91,27,0,0
sem_erro,random_forest,oscilacao,60,45,45,105,105,56,49,0,105,0,12,12,0.8476190476190476,0.8476190476190476,0.0,0.0,0.0,0.8476190476109751,89,16,0,0
sem_erro,random_forest,oscilacao,60,50,50,94,94,51,43,0,94,0,18,18,0.7127659574468085,0.7127659574468085,0.0,0.0,0.0,0.7127659574392259,67,27,0,0
sem_erro,random_forest,oscilacao,60,55,55,86,86,44,42,0,86,0,12,12,0.8488372093023255,0.8488372093023255,0.0,0.0,0.0,0.8488372092924553,73,13,0,0
sem_erro,random_forest,oscilacao,60,60,60,79,79,41,38,0,79,0,13,13,0.7848101265822784,0.7848101265822784,0.0,0.0,0.0,0.7848101265723442,62,17,0,0
sem_erro,random_forest,oscilacao,70,5,5,937,937,534,403,0,937,0,44,44,0.7620064034151548,0.7620064034151548,0.0,0.0,0.0,0.7620064034143416,714,223,0,0
sem_erro,random_forest,oscilacao,70,10,10,469,469,268,201,0,469,0,37,37,0.7398720682302772,0.7398720682302772,0.0,0.0,0.0,0.7398720682286997,347,122,0,0
sem_erro,random_forest,oscilacao,70,15,15,313,313,178,135,0,313,0,31,31,0.7380191693290735,0.7380191693290735,0.0,0.0,0.0,0.7380191693267156,231,82,0,0
sem_erro,random_forest,oscilacao,70,20,20,235,235,136,99,0,235,0,26,26,0.7319148936170212,0.7319148936170212,0.0,0.0,0.0,0.7319148936139068,172,63,0,0
sem_erro,random_forest,oscilacao,70,25,25,188,188,108,80,0,188,0,23,23,0.7659574468085106,0.7659574468085106,0.0,0.0,0.0,0.7659574468044364,144,44,0,0
sem_erro,random_forest,oscilacao,70,30,30,157,157,90,67,0,157,0,24,24,0.7006369426751592,0.7006369426751592,0.0,0.0,0.0,0.7006369426706966,110,47,0,0
sem_erro,random_forest,oscilacao,70,35,35,134,134,76,58,0,134,0,20,20,0.753731343283582,0.753731343283582,0.0,0.0,0.0,0.7537313432779573,101,33,0,0
sem_erro,random_forest,oscilacao,70,40,40,118,118,69,49,0,118,0,19,19,0.7372881355932204,0.7372881355932204,0.0,0.0,0.0,0.7372881355869721,87,31,0,0
sem_erro,random_forest,oscilacao,70,45,45,105,105,59,46,0,105,0,21,21,0.6476190476190476,0.6476190476190476,0.0,0.0,0.0,0.6476190476128798,68,37,0,0
sem_erro,random_forest,oscilacao,70,50,50,94,94,54,40,0,94,0,19,19,0.5638297872340425,0.5638297872340425,0.0,0.0,0.0,0.5638297872280443,53,41,0,0
sem_erro,random_forest,oscilacao,70,55,55,86,86,48,38,0,86,0,15,15,0.7325581395348837,0.7325581395348837,0.0,0.0,0.0,0.7325581395263656,63,23,0,0
sem_erro,random_forest,oscilacao,70,60,60,79,79,45,34,0,79,0,15,15,0.7215189873417721,0.7215189873417721,0.0,0.0,0.0,0.721518987332639,57,22,0,0
sem_erro,random_forest,oscilacao,70,65,65,73,73,40,33,0,73,0,11,11,0.7808219178082192,0.7808219178082192,0.0,0.0,0.0,0.780821917797523,57,16,0,0
sem_erro,random_forest,oscilacao,70,70,70,67,67,36,31,0,67,0,12,12,0.6268656716417911,0.6268656716417911,0.0,0.0,0.0,0.6268656716324348,42,25,0,0
sem_erro,random_forest,oscilacao,80,5,5,935,935,562,373,0,935,0,30,30,0.7176470588235294,0.7176470588235294,0.0,0.0,0.0,0.7176470588227619,671,264,0,0
sem_erro,random_forest,oscilacao,80,10,10,468,468,282,186,0,468,0,28,28,0.6709401709401709,0.6709401709401709,0.0,0.0,0.0,0.6709401709387374,314,154,0,0
sem_erro,random_forest,oscilacao,80,15,15,312,312,187,125,0,312,0,30,30,0.7083333333333334,0.7083333333333334,0.0,0.0,0.0,0.7083333333310631,221,91,0,0
sem_erro,random_forest,oscilacao,80,20,20,234,234,141,93,0,234,0,30,30,0.6495726495726496,0.6495726495726496,0.0,0.0,0.0,0.6495726495698737,152,82,0,0
sem_erro,random_forest,oscilacao,80,25,25,187,187,113,74,0,187,0,26,26,0.6363636363636364,0.6363636363636364,0.0,0.0,0.0,0.6363636363602334,119,68,0,0
sem_erro,random_forest,oscilacao,80,30,30,156,156,94,62,0,156,0,25,25,0.5384615384615384,0.5384615384615384,0.0,0.0,0.0,0.5384615384580869,84,72,0,0
sem_erro,random_forest,oscilacao,80,35,35,134,134,81,53,0,134,0,23,23,0.7164179104477612,0.7164179104477612,0.0,0.0,0.0,0.7164179104424149,96,38,0,0
sem_erro,random_forest,oscilacao,80,40,40,117,117,70,47,0,117,0,17,17,0.6153846153846154,0.6153846153846154,0.0,0.0,0.0,0.6153846153793556,72,45,0,0
sem_erro,random_forest,oscilacao,80,45,45,104,104,61,43,0,104,0,18,18,0.6153846153846154,0.6153846153846154,0.0,0.0,0.0,0.6153846153786982,64,40,0,0
sem_erro,random_forest,oscilacao,80,50,50,94,94,56,38,0,94,0,15,15,0.6276595744680851,0.6276595744680851,0.0,0.0,0.0,0.6276595744614079,59,35,0,0
sem_erro,random_forest,oscilacao,80,55,55,85,85,50,35,0,85,0,15,15,0.6470588235294118,0.6470588235294118,0.0,0.0,0.0,0.6470588235217993,55,30,0,0
sem_erro,random_forest,oscilacao,80,60,60,78,78,47,31,0,78,0,14,14,0.5128205128205128,0.5128205128205128,0.0,0.0,0.0,0.5128205128139381,40,38,0,0
sem_erro,random_forest,oscilacao,80,65,65,72,72,40,32,0,72,0,12,12,0.7638888888888888,0.7638888888888888,0.0,0.0,0.0,0.7638888888782793,55,17,0,0
sem_erro,random_forest,oscilacao,80,70,70,67,67,38,29,0,67,0,10,10,0.7014925373134329,0.7014925373134329,0.0,0.0,0.0,0.7014925373029628,47,20,0,0
sem_erro,random_forest,oscilacao,80,75,75,63,63,39,24,0,63,0,13,13,0.49206349206349204,0.49206349206349204,0.0,0.0,0.0,0.49206349205568156,31,32,0,0
sem_erro,random_forest,oscilacao,80,80,80,59,59,34,25,0,59,0,10,10,0.7627118644067796,0.7627118644067796,0.0,0.0,0.0,0.7627118643938524,45,14,0,0
sem_erro,random_forest,oscilacao,90,5,5,933,933,587,346,0,933,0,34,34,0.602357984994641,0.602357984994641,0.0,0.0,0.0,0.6023579849939953,562,371,0,0
sem_erro,random_forest,oscilacao,90,10,10,467,467,295,172,0,467,0,31,31,0.5781584582441114,0.5781584582441114,0.0,0.0,0.0,0.5781584582428734,270,197,0,0
sem_erro,random_forest,oscilacao,90,15,15,311,311,193,118,0,311,0,30,30,0.6141479099678456,0.6141479099678456,0.0,0.0,0.0,0.6141479099658709,191,120,0,0
sem_erro,random_forest,oscilacao,90,20,20,234,234,149,85,0,234,0,26,26,0.5683760683760684,0.5683760683760684,0.0,0.0,0.0,0.5683760683736394,133,101,0,0
sem_erro,random_forest,oscilacao,90,25,25,187,187,119,68,0,187,0,25,25,0.5882352941176471,0.5882352941176471,0.0,0.0,0.0,0.5882352941145015,110,77,0,0
sem_erro,random_forest,oscilacao,90,30,30,156,156,97,59,0,156,0,23,23,0.5512820512820513,0.5512820512820513,0.0,0.0,0.0,0.5512820512785175,86,70,0,0
sem_erro,random_forest,oscilacao,90,35,35,134,134,84,50,0,134,0,21,21,0.6940298507462687,0.6940298507462687,0.0,0.0,0.0,0.6940298507410894,93,41,0,0
sem_erro,random_forest,oscilacao,90,40,40,117,117,73,44,0,117,0,20,20,0.6324786324786325,0.6324786324786325,0.0,0.0,0.0,0.6324786324732267,74,43,0,0
sem_erro,random_forest,oscilacao,90,45,45,104,104,64,40,0,104,0,16,16,0.5288461538461539,0.5288461538461539,0.0,0.0,0.0,0.5288461538410688,55,49,0,0
sem_erro,random_forest,oscilacao,90,50,50,94,94,60,34,0,94,0,19,19,0.5531914893617021,0.5531914893617021,0.0,0.0,0.0,0.5531914893558171,52,42,0,0
sem_erro,random_forest,oscilacao,90,55,55,85,85,50,35,0,85,0,14,14,0.6352941176470588,0.6352941176470588,0.0,0.0,0.0,0.6352941176395848,54,31,0,0
sem_erro,random_forest,oscilacao,90,60,60,78,78,49,29,0,78,0,12,12,0.3333333333333333,0.3333333333333333,0.0,0.0,0.0,0.3333333333290598,26,52,0,0
sem_erro,random_forest,oscilacao,90,65,65,72,72,41,31,0,72,0,14,14,0.6527777777777778,0.6527777777777778,0.0,0.0,0.0,0.6527777777687114,47,25,0,0
sem_erro,random_forest,oscilacao,90,70,70,67,67,40,27,0,67,0,15,15,0.582089552238806,0.582089552238806,0.0,0.0,0.0,0.582089552230118,39,28,0,0
sem_erro,random_forest,oscilacao,90,75,75,63,63,41,22,0,63,0,11,11,0.4444444444444444,0.4444444444444444,0.0,0.0,0.0,0.4444444444373898,28,35,0,0
sem_erro,random_forest,oscilacao,90,80,80,59,59,37,22,0,59,0,9,9,0.4067796610169492,0.4067796610169492,0.0,0.0,0.0,0.4067796610100546,24,35,0,0
sem_erro,random_forest,oscilacao,90,85,85,55,55,32,23,0,55,0,9,9,0.5272727272727272,0.5272727272727272,0.0,0.0,0.0,0.5272727272631406,29,26,0,0
sem_erro,random_forest,oscilacao,90,90,90,52,52,29,23,0,52,0,13,13,0.6346153846153846,0.6346153846153846,0.0,0.0,0.0,0.6346153846031806,33,19,0,0
sem_erro,random_forest,oscilacao,100,5,5,931,931,610,321,0,931,0,39,39,0.5284640171858217,0.5284640171858217,0.0,0.0,0.0,0.528464017185254,492,439,0,0
sem_erro,random_forest,oscilacao,100,10,10,466,466,307,159,0,466,0,27,27,0.4334763948497854,0.4334763948497854,0.0,0.0,0.0,0.4334763948488552,202,264,0,0
sem_erro,random_forest,oscilacao,100,15,15,311,311,203,108,0,311,0,30,30,0.42765273311897106,0.42765273311897106,0.0,0.0,0.0,0.427652733117596,133,178,0,0
sem_erro,random_forest,oscilacao,100,20,20,233,233,154,79,0,233,0,21,21,0.3648068669527897,0.3648068669527897,0.0,0.0,0.0,0.364806866951224,85,148,0,0
sem_erro,random_forest,oscilacao,100,25,25,187,187,124,63,0,187,0,22,22,0.4385026737967914,0.4385026737967914,0.0,0.0,0.0,0.4385026737944465,82,105,0,0
sem_erro,random_forest,oscilacao,100,30,30,156,156,103,53,0,156,0,12,12,0.28846153846153844,0.28846153846153844,0.0,0.0,0.0,0.28846153845968936,45,111,0,0
sem_erro,random_forest,oscilacao,100,35,35,133,133,87,46,0,133,0,15,15,0.3157894736842105,0.3157894736842105,0.0,0.0,0.0,0.3157894736818362,42,91,0,0
sem_erro,random_forest,oscilacao,100,40,40,117,117,77,40,0,117,0,15,15,0.39316239316239315,0.39316239316239315,0.0,0.0,0.0,0.3931623931590328,46,71,0,0
sem_erro,random_forest,oscilacao,100,45,45,104,104,68,36,0,104,0,12,12,0.36538461538461536,0.36538461538461536,0.0,0.0,0.0,0.36538461538110206,38,66,0,0
sem_erro,random_forest,oscilacao,100,50,50,94,94,64,30,0,94,0,14,14,0.32978723404255317,0.32978723404255317,0.0,0.0,0.0,0.3297872340390448,31,63,0,0
sem_erro,random_forest,oscilacao,100,55,55,85,85,53,32,0,85,0,15,15,0.4588235294117647,0.4588235294117647,0.0,0.0,0.0,0.4588235294063668,39,46,0,0
sem_erro,random_forest,oscilacao,100,60,60,78,78,51,27,0,78,0,8,8,0.2948717948717949,0.2948717948717949,0.0,0.0,0.0,0.29487179486801446,23,55,0,0
sem_erro,random_forest,oscilacao,100,65,65,72,72,44,28,0,72,0,13,13,0.5138888888888888,0.5138888888888888,0.0,0.0,0.0,0.5138888888817515,37,35,0,0
sem_erro,random_forest,oscilacao,100,70,70,67,67,42,25,0,67,0,14,14,0.373134328358209,0.373134328358209,0.0,0.0,0.0,0.37313432835263977,25,42,0,0
sem_erro,random_forest,oscilacao,100,75,75,63,63,42,21,0,63,0,7,7,0.3333333333333333,0.3333333333333333,0.0,0.0,0.0,0.3333333333280423,21,42,0,0
sem_erro,random_forest,oscilacao,100,80,80,59,59,41,18,0,59,0,7,7,0.3389830508474576,0.3389830508474576,0.0,0.0,0.0,0.33898305084171215,20,39,0,0
sem_erro,random_forest,oscilacao,100,85,85,55,55,37,18,0,55,0,5,5,0.2545454545454545,0.2545454545454545,0.0,0.0,0.0,0.25454545454082644,14,41,0,0
sem_erro,random_forest,oscilacao,100,90,90,52,52,31,21,0,52,0,8,8,0.4807692307692308,0.4807692307692308,0.0,0.0,0.0,0.48076923075998523,25,27,0,0
sem_erro,random_forest,oscilacao,100,95,95,49,49,32,17,0,49,0,9,9,0.4489795918367347,0.4489795918367347,0.0,0.0,0.0,0.44897959182757186,22,27,0,0
sem_erro,random_forest,oscilacao,100,100,100,47,47,33,14,0,47,0,7,7,0.2978723404255319,0.2978723404255319,0.0,0.0,0.0,0.29787234041919425,14,33,0,0
sem_erro,random_forest,queda,20,5,5,947,947,225,722,0,947,0,22,22,0.9123548046462513,0.9123548046462513,0.0,0.0,0.0,0.912354804645288,864,83,0,0
sem_erro,random_forest,queda,20,10,10,474,474,112,362,0,474,0,13,13,0.9156118143459916,0.9156118143459916,0.0,0.0,0.0,0.9156118143440599,434,40,0,0
sem_erro,random_forest,queda,20,15,15,316,316,72,244,0,316,0,8,8,0.9272151898734177,0.9272151898734177,0.0,0.0,0.0,0.9272151898704836,293,23,0,0
sem_erro,random_forest,queda,20,20,20,237,237,56,181,0,237,0,11,11,0.9029535864978903,0.9029535864978903,0.0,0.0,0.0,0.9029535864940804,214,23,0,0
sem_erro,random_forest,queda,30,5,5,945,945,262,683,0,945,0,24,24,0.8857142857142857,0.8857142857142857,0.0,0.0,0.0,0.8857142857133484,837,108,0,0
sem_erro,random_forest,queda,30,10,10,473,473,131,342,0,473,0,15,15,0.8942917547568711,0.8942917547568711,0.0,0.0,0.0,0.8942917547549804,423,50,0,0
sem_erro,random_forest,queda,30,15,15,315,315,87,228,0,315,0,13,13,0.9015873015873016,0.9015873015873016,0.0,0.0,0.0,0.9015873015844394,284,31,0,0
sem_erro,random_forest,queda,30,20,20,237,237,67,170,0,237,0,11,11,0.890295358649789,0.890295358649789,0.0,0.0,0.0,0.8902953586460326,211,26,0,0
sem_erro,random_forest,queda,30,25,25,189,189,52,137,0,189,0,10,10,0.9047619047619048,0.9047619047619048,0.0,0.0,0.0,0.9047619047571177,171,18,0,0
sem_erro,random_forest,queda,30,30,30,158,158,45,113,0,158,0,10,10,0.8924050632911392,0.8924050632911392,0.0,0.0,0.0,0.8924050632854912,141,17,0,0
sem_erro,random_forest,queda,40,5,5,943,943,294,649,0,943,0,17,17,0.887592788971368,0.887592788971368,0.0,0.0,0.0,0.8875927889704267,837,106,0,0
sem_erro,random_forest,queda,40,10,10,472,472,147,325,0,472,0,13,13,0.8813559322033898,0.8813559322033898,0.0,0.0,0.0,0.8813559322015225,416,56,0,0
sem_erro,random_forest,queda,40,15,15,315,315,99,216,0,315,0,10,10,0.8920634920634921,0.8920634920634921,0.0,0.0,0.0,0.8920634920606602,281,34,0,0
sem_erro,random_forest,queda,40,20,20,236,236,73,163,0,236,0,10,10,0.8686440677966102,0.8686440677966102,0.0,0.0,0.0,0.8686440677929295,205,31,0,0
sem_erro,random_forest,queda,40,25,25,189,189,56,133,0,189,0,9,9,0.8994708994708994,0.8994708994708994,0.0,0.0,0.0,0.8994708994661404,170,19,0,0
sem_erro,random_forest,queda,40,30,30,158,158,50,108,0,158,0,8,8,0.8987341772151899,0.8987341772151899,0.0,0.0,0.0,0.8987341772095018,142,16,0,0
sem_erro,random_forest,queda,40,35,35,135,135,42,93,0,135,0,8,8,0.9037037037037037,0.9037037037037037,0.0,0.0,0.0,0.9037037036970097,122,13,0,0
sem_erro,random_forest,queda,40,40,40,118,118,37,81,0,118,0,8,8,0.864406779661017,0.864406779661017,0.0,0.0,0.0,0.8644067796536914,102,16,0,0
sem_erro,random_forest,queda,50,5,5,941,941,325,616,0,941,0,19,19,0.9043570669500531,0.9043570669500531,0.0,0.0,0.0,0.9043570669490921,851,90,0,0
sem_erro,random_forest,queda,50,10,10,471,471,163,308,0,471,0,12,12,0.8874734607218684,0.8874734607218684,0.0,0.0,0.0,0.8874734607199841,418,53,0,0
sem_erro,random_forest,queda,50,15,15,314,314,106,208,0,314,0,12,12,0.9012738853503185,0.9012738853503185,0.0,0.0,0.0,0.9012738853474482,283,31,0,0
sem_erro,random_forest,queda,50,20,20,236,236,83,153,0,236,0,12,12,0.8983050847457628,0.8983050847457628,0.0,0.0,0.0,0.8983050847419564,212,24,0,0
sem_erro,random_forest,queda,50,25,25,189,189,64,125,0,189,0,10,10,0.9047619047619048,0.9047619047619048,0.0,0.0,0.0,0.9047619047571177,171,18,0,0
sem_erro,random_forest,queda,50,30,30,157,157,55,102,0,157,0,7,7,0.9044585987261147,0.9044585987261147,0.0,0.0,0.0,0.9044585987203538,142,15,0,0
sem_erro,random_forest,queda,50,35,35,135,135,49,86,0,135,0,9,9,0.8962962962962963,0.8962962962962963,0.0,0.0,0.0,0.8962962962896571,121,14,0,0
sem_erro,random_forest,queda,50,40,40,118,118,41,77,0,118,0,6,6,0.8813559322033898,0.8813559322033898,0.0,0.0,0.0,0.8813559321959207,104,14,0,0
sem_erro,random_forest,queda,50,45,45,105,105,33,72,0,105,0,5,5,0.9238095238095239,0.9238095238095239,0.0,0.0,0.0,0.9238095238007256,97,8,0,0
sem_erro,random_forest,queda,50,50,50,95,95,34,61,0,95,0,11,11,0.8421052631578947,0.8421052631578947,0.0,0.0,0.0,0.8421052631490304,80,15,0,0
sem_erro,random_forest,queda,60,5,5,939,939,353,586,0,939,0,18,18,0.9094781682641108,0.9094781682641108,0.0,0.0,0.0,0.9094781682631422,854,85,0,0
sem_erro,random_forest,queda,60,10,10,470,470,177,293,0,470,0,12,12,0.9106382978723404,0.9106382978723404,0.0,0.0,0.0,0.910638297870403,428,42,0,0
sem_erro,random_forest,queda,60,15,15,313,313,118,195,0,313,0,10,10,0.8913738019169329,0.8913738019169329,0.0,0.0,0.0,0.8913738019140851,279,34,0,0
sem_erro,random_forest,queda,60,20,20,235,235,88,147,0,235,0,8,8,0.9063829787234042,0.9063829787234042,0.0,0.0,0.0,0.9063829787195473,213,22,0,0
sem_erro,random_forest,queda,60,25,25,188,188,71,117,0,188,0,8,8,0.8936170212765957,0.8936170212765957,0.0,0.0,0.0,0.8936170212718425,168,20,0,0
sem_erro,random_forest,queda,60,30,30,157,157,61,96,0,157,0,8,8,0.9044585987261147,0.9044585987261147,0.0,0.0,0.0,0.9044585987203538,142,15,0,0
sem_erro,random_forest,queda,60,35,35,135,135,54,81,0,135,0,9,9,0.8444444444444444,0.8444444444444444,0.0,0.0,0.0,0.8444444444381893,114,21,0,0
sem_erro,random_forest,queda,60,40,40,118,118,45,73,0,118,0,9,9,0.8898305084745762,0.8898305084745762,0.0,0.0,0.0,0.8898305084670353,105,13,0,0
sem_erro,random_forest,queda,60,45,45,105,105,38,67,0,105,0,8,8,0.8952380952380953,0.8952380952380953,0.0,0.0,0.0,0.8952380952295691,94,11,0,0
sem_erro,random_forest,queda,60,50,50,94,94,38,56,0,94,0,6,6,0.8829787234042553,0.8829787234042553,0.0,0.0,0.0,0.8829787233948619,83,11,0,0
sem_erro,random_forest,queda,60,55,55,86,86,33,53,0,86,0,6,6,0.9186046511627907,0.9186046511627907,0.0,0.0,0.0,0.9186046511521092,79,7,0,0
sem_erro,random_forest,queda,60,60,60,79,79,31,48,0,79,0,7,7,0.8987341772151899,0.8987341772151899,0.0,0.0,0.0,0.8987341772038134,71,8,0,0
sem_erro,random_forest,queda,70,5,5,937,937,379,558,0,937,0,18,18,0.9167556029882604,0.9167556029882604,0.0,0.0,0.0,0.916755602987282,859,78,0,0
sem_erro,random_forest,queda,70,10,10,469,469,190,279,0,469,0,10,10,0.9104477611940298,0.9104477611940298,0.0,0.0,0.0,0.9104477611920886,427,42,0,0
sem_erro,random_forest,queda,70,15,15,313,313,129,184,0,313,0,11,11,0.8977635782747604,0.8977635782747604,0.0,0.0,0.0,0.8977635782718921,281,32,0,0
sem_erro,random_forest,queda,70,20,20,235,235,96,139,0,235,0,10,10,0.9106382978723404,0.9106382978723404,0.0,0.0,0.0,0.9106382978684654,214,21,0,0
sem_erro,random_forest,queda,70,25,25,188,188,73,115,0,188,0,6,6,0.9042553191489362,0.9042553191489362,0.0,0.0,0.0,0.9042553191441264,170,18,0,0
sem_erro,random_forest,queda,70,30,30,157,157,66,91,0,157,0,10,10,0.8662420382165605,0.8662420382165605,0.0,0.0,0.0,0.8662420382110431,136,21,0,0
sem_erro,random_forest,queda,70,35,35,134,134,56,78,0,134,0,10,10,0.8880597014925373,0.8880597014925373,0.0,0.0,0.0,0.8880597014859101,119,15,0,0
sem_erro,random_forest,queda,70,40,40,118,118,51,67,0,118,0,8,8,0.8898305084745762,0.8898305084745762,0.0,0.0,0.0,0.8898305084670353,105,13,0,0
sem_erro,random_forest,queda,70,45,45,105,105,43,62,0,105,0,8,8,0.8857142857142857,0.8857142857142857,0.0,0.0,0.0,0.8857142857058503,93,12,0,0
sem_erro,random_forest,queda,70,50,50,94,94,39,55,0,94,0,4,4,0.925531914893617,0.925531914893617,0.0,0.0,0.0,0.925531914883771,87,7,0,0
sem_erro,random_forest,queda,70,55,55,86,86,35,51,0,86,0,3,3,0.9069767441860465,0.9069767441860465,0.0,0.0,0.0,0.9069767441755002,78,8,0,0
sem_erro,random_forest,queda,70,60,60,79,79,34,45,0,79,0,8,8,0.8607594936708861,0.8607594936708861,0.0,0.0,0.0,0.8607594936599904,68,11,0,0
sem_erro,random_forest,queda,70,65,65,73,73,31,42,0,73,0,6,6,0.9178082191780822,0.9178082191780822,0.0,0.0,0.0,0.9178082191655095,67,6,0,0
sem_erro,random_forest,queda,70,70,70,67,67,30,37,0,67,0,4,4,0.8805970149253731,0.8805970149253731,0.0,0.0,0.0,0.8805970149122299,59,8,0,0
sem_erro,random_forest,queda,80,5,5,935,935,405,530,0,935,0,25,25,0.9122994652406418,0.9122994652406418,0.0,0.0,0.0,0.912299465239666,853,82,0,0
sem_erro,random_forest,queda,80,10,10,468,468,203,265,0,468,0,13,13,0.9123931623931624,0.9123931623931624,0.0,0.0,0.0,0.9123931623912128,427,41,0,0
sem_erro,random_forest,queda,80,15,15,312,312,133,179,0,312,0,10,10,0.9230769230769231,0.9230769230769231,0.0,0.0,0.0,0.9230769230739645,288,24,0,0
sem_erro,random_forest,queda,80,20,20,234,234,101,133,0,234,0,9,9,0.8888888888888888,0.8888888888888888,0.0,0.0,0.0,0.8888888888850902,208,26,0,0
sem_erro,random_forest,queda,80,25,25,187,187,81,106,0,187,0,9,9,0.9251336898395722,0.9251336898395722,0.0,0.0,0.0,0.925133689834625,173,14,0,0
sem_erro,random_forest,queda,80,30,30,156,156,68,88,0,156,0,6,6,0.8974358974358975,0.8974358974358975,0.0,0.0,0.0,0.8974358974301447,140,16,0,0
sem_erro,random_forest,queda,80,35,35,134,134,58,76,0,134,0,8,8,0.8656716417910447,0.8656716417910447,0.0,0.0,0.0,0.8656716417845846,116,18,0,0
sem_erro,random_forest,queda,80,40,40,117,117,52,65,0,117,0,5,5,0.8803418803418803,0.8803418803418803,0.0,0.0,0.0,0.880341880334356,103,14,0,0
sem_erro,random_forest,queda,80,45,45,104,104,43,61,0,104,0,4,4,0.9326923076923077,0.9326923076923077,0.0,0.0,0.0,0.9326923076833394,97,7,0,0
sem_erro,random_forest,queda,80,50,50,94,94,39,55,0,94,0,6,6,0.9148936170212766,0.9148936170212766,0.0,0.0,0.0,0.9148936170115437,86,8,0,0
sem_erro,random_forest,queda,80,55,55,85,85,37,48,0,85,0,4,4,0.8705882352941177,0.8705882352941177,0.0,0.0,0.0,0.8705882352838754,74,11,0,0
sem_erro,random_forest,queda,80,60,60,78,78,35,43,0,78,0,6,6,0.8589743589743589,0.8589743589743589,0.0,0.0,0.0,0.8589743589633464,67,11,0,0
sem_erro,random_forest,queda,80,65,65,72,72,33,39,0,72,0,5,5,0.9305555555555556,0.9305555555555556,0.0,0.0,0.0,0.9305555555426311,67,5,0,0
sem_erro,random_forest,queda,80,70,70,67,67,31,36,0,67,0,4,4,0.8805970149253731,0.8805970149253731,0.0,0.0,0.0,0.8805970149122299,59,8,0,0
sem_erro,random_forest,queda,80,75,75,63,63,26,37,0,63,0,0,0,1.0,1.0,0.0,0.0,0.0,0.999999999984127,63,0,0,0
sem_erro,random_forest,queda,80,80,80,59,59,27,32,0,59,0,4,4,0.8813559322033898,0.8813559322033898,0.0,0.0,0.0,0.8813559321884517,52,7,0,0
sem_erro,random_forest,queda,90,5,5,933,933,431,502,0,933,0,26,26,0.8981779206859593,0.8981779206859593,0.0,0.0,0.0,0.8981779206849966,838,95,0,0
sem_erro,random_forest,queda,90,10,10,467,467,216,251,0,467,0,14,14,0.9014989293361885,0.9014989293361885,0.0,0.0,0.0,0.901498929334258,421,46,0,0
sem_erro,random_forest,queda,90,15,15,311,311,144,167,0,311,0,9,9,0.9003215434083601,0.9003215434083601,0.0,0.0,0.0,0.9003215434054652,280,31,0,0
sem_erro,random_forest,queda,90,20,20,234,234,109,125,0,234,0,9,9,0.8803418803418803,0.8803418803418803,0.0,0.0,0.0,0.8803418803381182,206,28,0,0
sem_erro,random_forest,queda,90,25,25,187,187,84,103,0,187,0,8,8,0.9090909090909091,0.9090909090909091,0.0,0.0,0.0,0.9090909090860477,170,17,0,0
sem_erro,random_forest,queda,90,30,30,156,156,74,82,0,156,0,6,6,0.9102564102564102,0.9102564102564102,0.0,0.0,0.0,0.9102564102505754,142,14,0,0
sem_erro,random_forest,queda,90,35,35,134,134,64,70,0,134,0,10,10,0.8432835820895522,0.8432835820895522,0.0,0.0,0.0,0.8432835820832592,113,21,0,0
sem_erro,random_forest,queda,90,40,40,117,117,54,63,0,117,0,7,7,0.8717948717948718,0.8717948717948718,0.0,0.0,0.0,0.8717948717874205,102,15,0,0
sem_erro,random_forest,queda,90,45,45,104,104,46,58,0,104,0,7,7,0.8846153846153846,0.8846153846153846,0.0,0.0,0.0,0.8846153846068787,92,12,0,0
sem_erro,random_forest,queda,90,50,50,94,94,42,52,0,94,0,7,7,0.8617021276595744,0.8617021276595744,0.0,0.0,0.0,0.8617021276504074,81,13,0,0
sem_erro,random_forest,queda,90,55,55,85,85,40,45,0,85,0,5,5,0.8705882352941177,0.8705882352941177,0.0,0.0,0.0,0.8705882352838754,74,11,0,0
sem_erro,random_forest,queda,90,60,60,78,78,39,39,0,78,0,5,5,0.8717948717948718,0.8717948717948718,0.0,0.0,0.0,0.8717948717836949,68,10,0,0
sem_erro,random_forest,queda,90,65,65,72,72,34,38,0,72,0,5,5,0.9305555555555556,0.9305555555555556,0.0,0.0,0.0,0.9305555555426311,67,5,0,0
sem_erro,random_forest,queda,90,70,70,67,67,36,31,0,67,0,7,7,0.835820895522388,0.835820895522388,0.0,0.0,0.0,0.8358208955099131,56,11,0,0
sem_erro,random_forest,queda,90,75,75,63,63,28,35,0,63,0,3,3,0.9523809523809523,0.9523809523809523,0.0,0.0,0.0,0.9523809523658353,60,3,0,0
sem_erro,random_forest,queda,90,80,80,59,59,28,31,0,59,0,5,5,0.864406779661017,0.864406779661017,0.0,0.0,0.0,0.864406779646366,51,8,0,0
sem_erro,random_forest,queda,90,85,85,55,55,26,29,0,55,0,5,5,0.8545454545454545,0.8545454545454545,0.0,0.0,0.0,0.8545454545299174,47,8,0,0
sem_erro,random_forest,queda,90,90,90,52,52,26,26,0,52,0,6,6,0.8269230769230769,0.8269230769230769,0.0,0.0,0.0,0.8269230769071746,43,9,0,0
sem_erro,random_forest,queda,100,5,5,931,931,457,474,0,931,0,19,19,0.882921589688507,0.882921589688507,0.0,0.0,0.0,0.8829215896875586,822,109,0,0
sem_erro,random_forest,queda,100,10,10,466,466,229,237,0,466,0,11,11,0.8841201716738197,0.8841201716738197,0.0,0.0,0.0,0.8841201716719225,412,54,0,0
sem_erro,random_forest,queda,100,15,15,311,311,155,156,0,311,0,13,13,0.8713826366559485,0.8713826366559485,0.0,0.0,0.0,0.8713826366531467,271,40,0,0
sem_erro,random_forest,queda,100,20,20,233,233,114,119,0,233,0,9,9,0.871244635193133,0.871244635193133,0.0,0.0,0.0,0.8712446351893939,203,30,0,0
sem_erro,random_forest,queda,100,25,25,187,187,91,96,0,187,0,11,11,0.8983957219251337,0.8983957219251337,0.0,0.0,0.0,0.8983957219203295,168,19,0,0
sem_erro,random_forest,queda,100,30,30,156,156,79,77,0,156,0,8,8,0.8525641025641025,0.8525641025641025,0.0,0.0,0.0,0.8525641025586375,133,23,0,0
sem_erro,random_forest,queda,100,35,35,133,133,69,64,0,133,0,8,8,0.7894736842105263,0.7894736842105263,0.0,0.0,0.0,0.7894736842045905,105,28,0,0
sem_erro,random_forest,queda,100,40,40,117,117,58,59,0,117,0,7,7,0.8376068376068376,0.8376068376068376,0.0,0.0,0.0,0.8376068375996786,98,19,0,0
sem_erro,random_forest,queda,100,45,45,104,104,51,53,0,104,0,8,8,0.8846153846153846,0.8846153846153846,0.0,0.0,0.0,0.8846153846068787,92,12,0,0
sem_erro,random_forest,queda,100,50,50,94,94,48,46,0,94,0,9,9,0.8297872340425532,0.8297872340425532,0.0,0.0,0.0,0.8297872340337257,78,16,0,0
sem_erro,random_forest,queda,100,55,55,85,85,41,44,0,85,0,4,4,0.8823529411764706,0.8823529411764706,0.0,0.0,0.0,0.88235294116609,75,10,0,0
sem_erro,random_forest,queda,100,60,60,78,78,41,37,0,78,0,6,6,0.8333333333333334,0.8333333333333334,0.0,0.0,0.0,0.8333333333226496,65,13,0,0
sem_erro,random_forest,queda,100,65,65,72,72,37,35,0,72,0,4,4,0.8472222222222222,0.8472222222222222,0.0,0.0,0.0,0.8472222222104552,61,11,0,0
sem_erro,random_forest,queda,100,70,70,67,67,36,31,0,67,0,5,5,0.8059701492537313,0.8059701492537313,0.0,0.0,0.0,0.8059701492417018,54,13,0,0
sem_erro,random_forest,queda,100,75,75,63,63,32,31,0,63,0,7,7,0.8571428571428571,0.8571428571428571,0.0,0.0,0.0,0.8571428571292518,54,9,0,0
sem_erro,random_forest,queda,100,80,80,59,59,30,29,0,59,0,8,8,0.7966101694915254,0.7966101694915254,0.0,0.0,0.0,0.7966101694780237,47,12,0,0
sem_erro,random_forest,queda,100,85,85,55,55,27,28,0,55,0,5,5,0.8363636363636363,0.8363636363636363,0.0,0.0,0.0,0.8363636363484298,46,9,0,0
sem_erro,random_forest,queda,100,90,90,52,52,27,25,0,52,0,6,6,0.8461538461538461,0.8461538461538461,0.0,0.0,0.0,0.846153846137574,44,8,0,0
sem_erro,random_forest,queda,100,95,95,49,49,23,26,0,49,0,6,6,0.7959183673469388,0.7959183673469388,0.0,0.0,0.0,0.7959183673306957,39,10,0,0
sem_erro,random_forest,queda,100,100,100,47,47,22,25,0,47,0,3,3,0.8297872340425532,0.8297872340425532,0.0,0.0,0.0,0.8297872340248982,39,8,0,0
sem_erro,xgboost,lacuna,20,5,5,947,947,249,698,0,947,0,0,0,1.0,1.0,0.0,0.0,0.0,0.9999999999989441,947,0,0,0
sem_erro,xgboost,lacuna,20,10,10,474,474,122,352,0,474,0,0,0,1.0,1.0,0.0,0.0,0.0,0.9999999999978904,474,0,0,0
sem_erro,xgboost,lacuna,20,15,15,316,316,87,229,0,316,0,0,0,1.0,1.0,0.0,0.0,0.0,0.9999999999968355,316,0,0,0
sem_erro,xgboost,lacuna,20,20,20,237,237,63,174,0,237,0,0,0,1.0,1.0,0.0,0.0,0.0,0.9999999999957806,237,0,0,0
sem_erro,xgboost,lacuna,30,5,5,945,945,287,658,0,945,0,0,0,1.0,1.0,0.0,0.0,0.0,0.9999999999989418,945,0,0,0
sem_erro,xgboost,lacuna,30,10,10,473,473,141,332,0,473,0,0,0,1.0,1.0,0.0,0.0,0.0,0.9999999999978858,473,0,0,0
sem_erro,xgboost,lacuna,30,15,15,315,315,98,217,0,315,0,0,0,1.0,1.0,0.0,0.0,0.0,0.9999999999968254,315,0,0,0
sem_erro,xgboost,lacuna,30,20,20,237,237,70,167,0,237,0,0,0,1.0,1.0,0.0,0.0,0.0,0.9999999999957806,237,0,0,0
sem_erro,xgboost,lacuna,30,25,25,189,189,57,132,0,189,0,0,0,1.0,1.0,0.0,0.0,0.0,0.999999999994709,189,0,0,0
sem_erro,xgboost,lacuna,30,30,30,158,158,47,111,0,158,0,0,0,1.0,1.0,0.0,0.0,0.0,0.999999999993671,158,0,0,0
sem_erro,xgboost,lacuna,40,5,5,943,943,324,619,0,943,0,0,0,1.0,1.0,0.0,0.0,0.0,0.9999999999989395,943,0,0,0
sem_erro,xgboost,lacuna,40,10,10,472,472,159,313,0,472,0,0,0,1.0,1.0,0.0,0.0,0.0,0.9999999999978814,472,0,0,0
sem_erro,xgboost,lacuna,40,15,15,315,315,108,207,0,315,0,0,0,1.0,1.0,0.0,0.0,0.0,0.9999999999968254,315,0,0,0
sem_erro,xgboost,lacuna,40,20,20,236,236,81,155,0,236,0,0,0,1.0,1.0,0.0,0.0,0.0,0.9999999999957627,236,0,0,0
sem_erro,xgboost,lacuna,40,25,25,189,189,67,122,0,189,0,0,0,1.0,1.0,0.0,0.0,0.0,0.999999999994709,189,0,0,0
sem_erro,xgboost,lacuna,40,30,30,158,158,55,103,0,158,0,0,0,1.0,1.0,0.0,0.0,0.0,0.999999999993671,158,0,0,0
sem_erro,xgboost,lacuna,40,35,35,135,135,46,89,0,135,0,0,0,1.0,1.0,0.0,0.0,0.0,0.9999999999925927,135,0,0,0
sem_erro,xgboost,lacuna,40,40,40,118,118,39,79,0,118,0,0,0,1.0,1.0,0.0,0.0,0.0,0.9999999999915254,118,0,0,0
sem_erro,xgboost,lacuna,50,5,5,941,941,359,582,0,941,0,0,0,1.0,1.0,0.0,0.0,0.0,0.9999999999989373,941,0,0,0
sem_erro,xgboost,lacuna,50,10,10,471,471,177,294,0,471,0,0,0,1.0,1.0,0.0,0.0,0.0,0.9999999999978769,471,0,0,0
sem_erro,xgboost,lacuna,50,15,15,314,314,123,191,0,314,0,0,0,1.0,1.0,0.0,0.0,0.0,0.9999999999968153,314,0,0,0
sem_erro,xgboost,lacuna,50,20,20,236,236,88,148,0,236,0,0,0,1.0,1.0,0.0,0.0,0.0,0.9999999999957627,236,0,0,0
sem_erro,xgboost,lacuna,50,25,25,189,189,75,114,0,189,0,0,0,1.0,1.0,0.0,0.0,0.0,0.999999999994709,189,0,0,0
sem_erro,xgboost,lacuna,50,30,30,157,157,62,95,0,157,0,0,0,1.0,1.0,0.0,0.0,0.0,0.9999999999936307,157,0,0,0
sem_erro,xgboost,lacuna,50,35,35,135,135,52,83,0,135,0,0,0,1.0,1.0,0.0,0.0,0.0,0.9999999999925927,135,0,0,0
sem_erro,xgboost,lacuna,50,40,40,118,118,45,73,0,118,0,0,0,1.0,1.0,0.0,0.0,0.0,0.9999999999915254,118,0,0,0
sem_erro,xgboost,lacuna,50,45,45,105,105,44,61,0,105,0,0,0,1.0,1.0,0.0,0.0,0.0,0.9999999999904762,105,0,0,0
sem_erro,xgboost,lacuna,50,50,50,95,95,38,57,0,95,0,0,0,1.0,1.0,0.0,0.0,0.0,0.9999999999894736,95,0,0,0
sem_erro,xgboost,lacuna,60,5,5,939,939,391,548,0,939,0,0,0,1.0,1.0,0.0,0.0,0.0,0.9999999999989351,939,0,0,0
sem_erro,xgboost,lacuna,60,10,10,470,470,193,277,0,470,0,0,0,1.0,1.0,0.0,0.0,0.0,0.9999999999978724,470,0,0,0
sem_erro,xgboost,lacuna,60,15,15,313,313,133,180,0,313,0,0,0,1.0,1.0,0.0,0.0,0.0,0.9999999999968051,313,0,0,0
sem_erro,xgboost,lacuna,60,20,20,235,235,97,138,0,235,0,0,0,1.0,1.0,0.0,0.0,0.0,0.9999999999957447,235,0,0,0
sem_erro,xgboost,lacuna,60,25,25,188,188,79,109,0,188,0,0,0,1.0,1.0,0.0,0.0,0.0,0.9999999999946809,188,0,0,0
sem_erro,xgboost,lacuna,60,30,30,157,157,65,92,0,157,0,0,0,1.0,1.0,0.0,0.0,0.0,0.9999999999936307,157,0,0,0
sem_erro,xgboost,lacuna,60,35,35,135,135,59,76,0,135,0,0,0,1.0,1.0,0.0,0.0,0.0,0.9999999999925927,135,0,0,0
sem_erro,xgboost,lacuna,60,40,40,118,118,51,67,0,118,0,0,0,1.0,1.0,0.0,0.0,0.0,0.9999999999915254,118,0,0,0
sem_erro,xgboost,lacuna,60,45,45,105,105,45,60,0,105,0,0,0,1.0,1.0,0.0,0.0,0.0,0.9999999999904762,105,0,0,0
sem_erro,xgboost,lacuna,60,50,50,94,94,39,55,0,94,0,0,0,1.0,1.0,0.0,0.0,0.0,0.9999999999893616,94,0,0,0
sem_erro,xgboost,lacuna,60,55,55,86,86,35,51,0,86,0,0,0,1.0,1.0,0.0,0.0,0.0,0.9999999999883721,86,0,0,0
sem_erro,xgboost,lacuna,60,60,60,79,79,33,46,0,79,0,0,0,1.0,1.0,0.0,0.0,0.0,0.9999999999873417,79,0,0,0
sem_erro,xgboost,lacuna,70,5,5,937,937,423,514,0,937,0,0,0,1.0,1.0,0.0,0.0,0.0,0.9999999999989327,937,0,0,0
sem_erro,xgboost,lacuna,70,10,10,469,469,209,260,0,469,0,0,0,1.0,1.0,0.0,0.0,0.0,0.9999999999978678,469,0,0,0
sem_erro,xgboost,lacuna,70,15,15,313,313,141,172,0,313,0,0,0,1.0,1.0,0.0,0.0,0.0,0.9999999999968051,313,0,0,0
sem_erro,xgboost,lacuna,70,20,20,235,235,104,131,0,235,0,0,0,1.0,1.0,0.0,0.0,0.0,0.9999999999957447,235,0,0,0
sem_erro,xgboost,lacuna,70,25,25,188,188,86,102,0,188,0,0,0,1.0,1.0,0.0,0.0,0.0,0.9999999999946809,188,0,0,0
sem_erro,xgboost,lacuna,70,30,30,157,157,71,86,0,157,0,0,0,1.0,1.0,0.0,0.0,0.0,0.9999999999936307,157,0,0,0
sem_erro,xgboost,lacuna,70,35,35,134,134,60,74,0,134,0,0,0,1.0,1.0,0.0,0.0,0.0,0.9999999999925374,134,0,0,0
sem_erro,xgboost,lacuna,70,40,40,118,118,52,66,0,118,0,0,0,1.0,1.0,0.0,0.0,0.0,0.9999999999915254,118,0,0,0
sem_erro,xgboost,lacuna,70,45,45,105,105,48,57,0,105,0,0,0,1.0,1.0,0.0,0.0,0.0,0.9999999999904762,105,0,0,0
sem_erro,xgboost,lacuna,70,50,50,94,94,43,51,0,94,0,0,0,1.0,1.0,0.0,0.0,0.0,0.9999999999893616,94,0,0,0
sem_erro,xgboost,lacuna,70,55,55,86,86,38,48,0,86,0,0,0,1.0,1.0,0.0,0.0,0.0,0.9999999999883721,86,0,0,0
sem_erro,xgboost,lacuna,70,60,60,79,79,37,42,0,79,0,0,0,1.0,1.0,0.0,0.0,0.0,0.9999999999873417,79,0,0,0
sem_erro,xgboost,lacuna,70,65,65,73,73,34,39,0,73,0,0,0,1.0,1.0,0.0,0.0,0.0,0.9999999999863013,73,0,0,0
sem_erro,xgboost,lacuna,70,70,70,67,67,31,36,0,67,0,0,0,1.0,1.0,0.0,0.0,0.0,0.9999999999850746,67,0,0,0
sem_erro,xgboost,lacuna,80,5,5,935,935,455,480,0,935,0,0,0,1.0,1.0,0.0,0.0,0.0,0.9999999999989305,935,0,0,0
sem_erro,xgboost,lacuna,80,10,10,468,468,225,243,0,468,0,0,0,1.0,1.0,0.0,0.0,0.0,0.9999999999978633,468,0,0,0
sem_erro,xgboost,lacuna,80,15,15,312,312,155,157,0,312,0,0,0,1.0,1.0,0.0,0.0,0.0,0.9999999999967949,312,0,0,0
sem_erro,xgboost,lacuna,80,20,20,234,234,113,121,0,234,0,0,0,1.0,1.0,0.0,0.0,0.0,0.9999999999957265,234,0,0,0
sem_erro,xgboost,lacuna,80,25,25,187,187,92,95,0,187,0,0,0,1.0,1.0,0.0,0.0,0.0,0.9999999999946525,187,0,0,0
sem_erro,xgboost,lacuna,80,30,30,156,156,78,78,0,156,0,0,0,1.0,1.0,0.0,0.0,0.0,0.9999999999935898,156,0,0,0
sem_erro,xgboost,lacuna,80,35,35,134,134,66,68,0,134,0,0,0,1.0,1.0,0.0,0.0,0.0,0.9999999999925374,134,0,0,0
sem_erro,xgboost,lacuna,80,40,40,117,117,55,62,0,117,0,0,0,1.0,1.0,0.0,0.0,0.0,0.999999999991453,117,0,0,0
sem_erro,xgboost,lacuna,80,45,45,104,104,52,52,0,104,0,0,0,1.0,1.0,0.0,0.0,0.0,0.9999999999903846,104,0,0,0
sem_erro,xgboost,lacuna,80,50,50,94,94,47,47,0,94,0,0,0,1.0,1.0,0.0,0.0,0.0,0.9999999999893616,94,0,0,0
sem_erro,xgboost,lacuna,80,55,55,85,85,42,43,0,85,0,0,0,1.0,1.0,0.0,0.0,0.0,0.9999999999882353,85,0,0,0
sem_erro,xgboost,lacuna,80,60,60,78,78,41,37,0,78,0,0,0,1.0,1.0,0.0,0.0,0.0,0.9999999999871795,78,0,0,0
sem_erro,xgboost,lacuna,80,65,65,72,72,36,36,0,72,0,0,0,1.0,1.0,0.0,0.0,0.0,0.9999999999861111,72,0,0,0
sem_erro,xgboost,lacuna,80,70,70,67,67,34,33,0,67,0,0,0,1.0,1.0,0.0,0.0,0.0,0.9999999999850746,67,0,0,0
sem_erro,xgboost,lacuna,80,75,75,63,63,31,32,0,63,0,0,0,1.0,1.0,0.0,0.0,0.0,0.999999999984127,63,0,0,0
sem_erro,xgboost,lacuna,80,80,80,59,59,25,34,0,59,0,0,0,1.0,1.0,0.0,0.0,0.0,0.9999999999830509,59,0,0,0
sem_erro,xgboost,lacuna,90,5,5,933,933,486,447,0,933,0,0,0,1.0,1.0,0.0,0.0,0.0,0.9999999999989282,933,0,0,0
sem_erro,xgboost,lacuna,90,10,10,467,467,241,226,0,467,0,0,0,1.0,1.0,0.0,0.0,0.0,0.9999999999978587,467,0,0,0
sem_erro,xgboost,lacuna,90,15,15,311,311,164,147,0,311,0,0,0,1.0,1.0,0.0,0.0,0.0,0.9999999999967846,311,0,0,0
sem_erro,xgboost,lacuna,90,20,20,234,234,120,114,0,234,0,0,0,1.0,1.0,0.0,0.0,0.0,0.9999999999957265,234,0,0,0
sem_erro,xgboost,lacuna,90,25,25,187,187,100,87,0,187,0,0,0,1.0,1.0,0.0,0.0,0.0,0.9999999999946525,187,0,0,0
sem_erro,xgboost,lacuna,90,30,30,156,156,81,75,0,156,0,0,0,1.0,1.0,0.0,0.0,0.0,0.9999999999935898,156,0,0,0
sem_erro,xgboost,lacuna,90,35,35,134,134,72,62,0,134,0,0,0,1.0,1.0,0.0,0.0,0.0,0.9999999999925374,134,0,0,0
sem_erro,xgboost,lacuna,90,40,40,117,117,61,56,0,117,0,0,0,1.0,1.0,0.0,0.0,0.0,0.999999999991453,117,0,0,0
sem_erro,xgboost,lacuna,90,45,45,104,104,58,46,0,104,0,0,0,1.0,1.0,0.0,0.0,0.0,0.9999999999903846,104,0,0,0
sem_erro,xgboost,lacuna,90,50,50,94,94,52,42,0,94,0,0,0,1.0,1.0,0.0,0.0,0.0,0.9999999999893616,94,0,0,0
sem_erro,xgboost,lacuna,90,55,55,85,85,44,41,0,85,0,0,0,1.0,1.0,0.0,0.0,0.0,0.9999999999882353,85,0,0,0
sem_erro,xgboost,lacuna,90,60,60,78,78,41,37,0,78,0,0,0,1.0,1.0,0.0,0.0,0.0,0.9999999999871795,78,0,0,0
sem_erro,xgboost,lacuna,90,65,65,72,72,37,35,0,72,0,0,0,1.0,1.0,0.0,0.0,0.0,0.9999999999861111,72,0,0,0
sem_erro,xgboost,lacuna,90,70,70,67,67,37,30,0,67,0,0,0,1.0,1.0,0.0,0.0,0.0,0.9999999999850746,67,0,0,0
sem_erro,xgboost,lacuna,90,75,75,63,63,33,30,0,63,0,0,0,1.0,1.0,0.0,0.0,0.0,0.999999999984127,63,0,0,0
sem_erro,xgboost,lacuna,90,80,80,59,59,29,30,0,59,0,0,0,1.0,1.0,0.0,0.0,0.0,0.9999999999830509,59,0,0,0
sem_erro,xgboost,lacuna,90,85,85,55,55,31,24,0,55,0,0,0,1.0,1.0,0.0,0.0,0.0,0.9999999999818182,55,0,0,0
sem_erro,xgboost,lacuna,90,90,90,52,52,27,25,0,52,0,0,0,1.0,1.0,0.0,0.0,0.0,0.9999999999807693,52,0,0,0
sem_erro,xgboost,lacuna,100,5,5,931,931,513,418,0,931,0,0,0,1.0,1.0,0.0,0.0,0.0,0.9999999999989259,931,0,0,0
sem_erro,xgboost,lacuna,100,10,10,466,466,255,211,0,466,0,0,0,1.0,1.0,0.0,0.0,0.0,0.999999999997854,466,0,0,0
sem_erro,xgboost,lacuna,100,15,15,311,311,171,140,0,311,0,0,0,1.0,1.0,0.0,0.0,0.0,0.9999999999967846,311,0,0,0
sem_erro,xgboost,lacuna,100,20,20,233,233,128,105,0,233,0,0,0,1.0,1.0,0.0,0.0,0.0,0.9999999999957082,233,0,0,0
sem_erro,xgboost,lacuna,100,25,25,187,187,107,80,0,187,0,0,0,1.0,1.0,0.0,0.0,0.0,0.9999999999946525,187,0,0,0
sem_erro,xgboost,lacuna,100,30,30,156,156,87,69,0,156,0,0,0,1.0,1.0,0.0,0.0,0.0,0.9999999999935898,156,0,0,0
sem_erro,xgboost,lacuna,100,35,35,133,133,73,60,0,133,0,0,0,1.0,1.0,0.0,0.0,0.0,0.9999999999924812,133,0,0,0
sem_erro,xgboost,lacuna,100,40,40,117,117,66,51,0,117,0,0,0,1.0,1.0,0.0,0.0,0.0,0.999999999991453,117,0,0,0
sem_erro,xgboost,lacuna,100,45,45,104,104,59,45,0,104,0,0,0,1.0,1.0,0.0,0.0,0.0,0.9999999999903846,104,0,0,0
sem_erro,xgboost,lacuna,100,50,50,94,94,54,40,0,94,0,0,0,1.0,1.0,0.0,0.0,0.0,0.9999999999893616,94,0,0,0
sem_erro,xgboost,lacuna,100,55,55,85,85,48,37,0,85,0,0,0,1.0,1.0,0.0,0.0,0.0,0.9999999999882353,85,0,0,0
sem_erro,xgboost,lacuna,100,60,60,78,78,43,35,0,78,0,0,0,1.0,1.0,0.0,0.0,0.0,0.9999999999871795,78,0,0,0
sem_erro,xgboost,lacuna,100,65,65,72,72,39,33,0,72,0,0,0,1.0,1.0,0.0,0.0,0.0,0.9999999999861111,72,0,0,0
sem_erro,xgboost,lacuna,100,70,70,67,67,39,28,0,67,0,0,0,1.0,1.0,0.0,0.0,0.0,0.9999999999850746,67,0,0,0
sem_erro,xgboost,lacuna,100,75,75,63,63,34,29,0,63,0,0,0,1.0,1.0,0.0,0.0,0.0,0.999999999984127,63,0,0,0
sem_erro,xgboost,lacuna,100,80,80,59,59,32,27,0,59,0,0,0,1.0,1.0,0.0,0.0,0.0,0.9999999999830509,59,0,0,0
sem_erro,xgboost,lacuna,100,85,85,55,55,33,22,0,55,0,0,0,1.0,1.0,0.0,0.0,0.0,0.9999999999818182,55,0,0,0
sem_erro,xgboost,lacuna,100,90,90,52,52,28,24,0,52,0,0,0,1.0,1.0,0.0,0.0,0.0,0.9999999999807693,52,0,0,0
sem_erro,xgboost,lacuna,100,95,95,49,49,26,23,0,49,0,0,0,1.0,1.0,0.0,0.0,0.0,0.9999999999795919,49,0,0,0
sem_erro,xgboost,lacuna,100,100,100,47,47,27,20,0,47,0,0,0,1.0,1.0,0.0,0.0,0.0,0.9999999999787235,47,0,0,0
sem_erro,xgboost,oscilacao,20,5,5,947,947,358,589,0,947,0,19,19,0.9714889123548046,0.9714889123548046,0.0,0.0,0.0,0.9714889123537788,920,27,0,0
sem_erro,xgboost,oscilacao,20,10,10,474,474,179,295,0,474,0,18,18,0.9472573839662447,0.9472573839662447,0.0,0.0,0.0,0.9472573839642463,449,25,0,0
sem_erro,xgboost,oscilacao,20,15,15,316,316,117,199,0,316,0,10,10,0.9683544303797469,0.9683544303797469,0.0,0.0,0.0,0.9683544303766825,306,10,0,0
sem_erro,xgboost,oscilacao,20,20,20,237,237,90,147,0,237,0,17,17,0.9071729957805907,0.9071729957805907,0.0,0.0,0.0,0.907172995776763,215,22,0,0
sem_erro,xgboost,oscilacao,30,5,5,945,945,397,548,0,945,0,26,26,0.9492063492063492,0.9492063492063492,0.0,0.0,0.0,0.9492063492053447,897,48,0,0
sem_erro,xgboost,oscilacao,30,10,10,473,473,199,274,0,473,0,30,30,0.9069767441860465,0.9069767441860465,0.0,0.0,0.0,0.906976744184129,429,44,0,0
sem_erro,xgboost,oscilacao,30,15,15,315,315,130,185,0,315,0,20,20,0.9111111111111111,0.9111111111111111,0.0,0.0,0.0,0.9111111111082187,287,28,0,0
sem_erro,xgboost,oscilacao,30,20,20,237,237,101,136,0,237,0,16,16,0.9029535864978903,0.9029535864978903,0.0,0.0,0.0,0.9029535864940804,214,23,0,0
sem_erro,xgboost,oscilacao,30,25,25,189,189,80,109,0,189,0,19,19,0.8465608465608465,0.8465608465608465,0.0,0.0,0.0,0.8465608465563674,160,29,0,0
sem_erro,xgboost,oscilacao,30,30,30,158,158,66,92,0,158,0,15,15,0.8544303797468354,0.8544303797468354,0.0,0.0,0.0,0.8544303797414277,135,23,0,0
sem_erro,xgboost,oscilacao,40,5,5,943,943,435,508,0,943,0,48,48,0.9034994697773064,0.9034994697773064,0.0,0.0,0.0,0.9034994697763483,852,91,0,0
sem_erro,xgboost,oscilacao,40,10,10,472,472,218,254,0,472,0,29,29,0.875,0.875,0.0,0.0,0.0,0.8749999999981463,413,59,0,0
sem_erro,xgboost,oscilacao,40,15,15,315,315,145,170,0,315,0,27,27,0.8444444444444444,0.8444444444444444,0.0,0.0,0.0,0.8444444444417637,266,49,0,0
sem_erro,xgboost,oscilacao,40,20,20,236,236,109,127,0,236,0,22,22,0.8050847457627118,0.8050847457627118,0.0,0.0,0.0,0.8050847457593006,190,46,0,0
sem_erro,xgboost,oscilacao,40,25,25,189,189,89,100,0,189,0,15,15,0.8571428571428571,0.8571428571428571,0.0,0.0,0.0,0.8571428571383221,162,27,0,0
sem_erro,xgboost,oscilacao,40,30,30,158,158,73,85,0,158,0,15,15,0.8417721518987342,0.8417721518987342,0.0,0.0,0.0,0.8417721518934066,133,25,0,0
sem_erro,xgboost,oscilacao,40,35,35,135,135,62,73,0,135,0,17,17,0.8222222222222222,0.8222222222222222,0.0,0.0,0.0,0.8222222222161317,111,24,0,0
sem_erro,xgboost,oscilacao,40,40,40,118,118,54,64,0,118,0,14,14,0.8389830508474576,0.8389830508474576,0.0,0.0,0.0,0.8389830508403475,99,19,0,0
sem_erro,xgboost,oscilacao,50,5,5,941,941,471,470,0,941,0,45,45,0.8809776833156217,0.8809776833156217,0.0,0.0,0.0,0.8809776833146855,829,112,0,0
sem_erro,xgboost,oscilacao,50,10,10,471,471,236,235,0,471,0,30,30,0.8492569002123143,0.8492569002123143,0.0,0.0,0.0,0.8492569002105111,400,71,0,0
sem_erro,xgboost,oscilacao,50,15,15,314,314,156,158,0,314,0,28,28,0.8503184713375797,0.8503184713375797,0.0,0.0,0.0,0.8503184713348716,267,47,0,0
sem_erro,xgboost,oscilacao,50,20,20,236,236,120,116,0,236,0,25,25,0.7796610169491526,0.7796610169491526,0.0,0.0,0.0,0.7796610169458489,184,52,0,0
sem_erro,xgboost,oscilacao,50,25,25,189,189,97,92,0,189,0,23,23,0.7513227513227513,0.7513227513227513,0.0,0.0,0.0,0.7513227513187761,142,47,0,0
sem_erro,xgboost,oscilacao,50,30,30,157,157,78,79,0,157,0,27,27,0.732484076433121,0.732484076433121,0.0,0.0,0.0,0.7324840764284556,115,42,0,0
sem_erro,xgboost,oscilacao,50,35,35,135,135,68,67,0,135,0,16,16,0.8148148148148148,0.8148148148148148,0.0,0.0,0.0,0.8148148148087793,110,25,0,0
sem_erro,xgboost,oscilacao,50,40,40,118,118,60,58,0,118,0,14,14,0.8135593220338984,0.8135593220338984,0.0,0.0,0.0,0.8135593220270038,96,22,0,0
sem_erro,xgboost,oscilacao,50,45,45,105,105,52,53,0,105,0,15,15,0.7333333333333333,0.7333333333333333,0.0,0.0,0.0,0.7333333333263492,77,28,0,0
sem_erro,xgboost,oscilacao,50,50,50,95,95,50,45,0,95,0,21,21,0.5263157894736842,0.5263157894736842,0.0,0.0,0.0,0.5263157894681441,50,45,0,0
sem_erro,xgboost,oscilacao,60,5,5,939,939,505,434,0,939,0,48,48,0.7965921192758253,0.7965921192758253,0.0,0.0,0.0,0.796592119274977,748,191,0,0
sem_erro,xgboost,oscilacao,60,10,10,470,470,253,217,0,470,0,39,39,0.7659574468085106,0.7659574468085106,0.0,0.0,0.0,0.7659574468068809,360,110,0,0
sem_erro,xgboost,oscilacao,60,15,15,313,313,167,146,0,313,0,26,26,0.7859424920127795,0.7859424920127795,0.0,0.0,0.0,0.7859424920102686,246,67,0,0
sem_erro,xgboost,oscilacao,60,20,20,235,235,126,109,0,235,0,29,29,0.7021276595744681,0.7021276595744681,0.0,0.0,0.0,0.7021276595714804,165,70,0,0
sem_erro,xgboost,oscilacao,60,25,25,188,188,101,87,0,188,0,29,29,0.7074468085106383,0.7074468085106383,0.0,0.0,0.0,0.7074468085068754,133,55,0,0
sem_erro,xgboost,oscilacao,60,30,30,157,157,84,73,0,157,0,27,27,0.6815286624203821,0.6815286624203821,0.0,0.0,0.0,0.6815286624160413,107,50,0,0
sem_erro,xgboost,oscilacao,60,35,35,135,135,72,63,0,135,0,20,20,0.6444444444444445,0.6444444444444445,0.0,0.0,0.0,0.6444444444396709,87,48,0,0
sem_erro,xgboost,oscilacao,60,40,40,118,118,64,54,0,118,0,20,20,0.711864406779661,0.711864406779661,0.0,0.0,0.0,0.7118644067736283,84,34,0,0
sem_erro,xgboost,oscilacao,60,45,45,105,105,56,49,0,105,0,11,11,0.7238095238095238,0.7238095238095238,0.0,0.0,0.0,0.7238095238026303,76,29,0,0
sem_erro,xgboost,oscilacao,60,50,50,94,94,51,43,0,94,0,19,19,0.5319148936170213,0.5319148936170213,0.0,0.0,0.0,0.5319148936113626,50,44,0,0
sem_erro,xgboost,oscilacao,60,55,55,86,86,44,42,0,86,0,15,15,0.6046511627906976,0.6046511627906976,0.0,0.0,0.0,0.6046511627836668,52,34,0,0
sem_erro,xgboost,oscilacao,60,60,60,79,79,41,38,0,79,0,15,15,0.569620253164557,0.569620253164557,0.0,0.0,0.0,0.5696202531573465,45,34,0,0
sem_erro,xgboost,oscilacao,70,5,5,937,937,534,403,0,937,0,51,51,0.7417289220917823,0.7417289220917823,0.0,0.0,0.0,0.7417289220909907,695,242,0,0
sem_erro,xgboost,oscilacao,70,10,10,469,469,268,201,0,469,0,34,34,0.7100213219616205,0.7100213219616205,0.0,0.0,0.0,0.7100213219601066,333,136,0,0
sem_erro,xgboost,oscilacao,70,15,15,313,313,178,135,0,313,0,37,37,0.6421725239616614,0.6421725239616614,0.0,0.0,0.0,0.6421725239596097,201,112,0,0
sem_erro,xgboost,oscilacao,70,20,20,235,235,136,99,0,235,0,25,25,0.6595744680851063,0.6595744680851063,0.0,0.0,0.0,0.6595744680822997,155,80,0,0
sem_erro,xgboost,oscilacao,70,25,25,188,188,108,80,0,188,0,27,27,0.6117021276595744,0.6117021276595744,0.0,0.0,0.0,0.6117021276563208,115,73,0,0
sem_erro,xgboost,oscilacao,70,30,30,157,157,90,67,0,157,0,23,23,0.554140127388535,0.554140127388535,0.0,0.0,0.0,0.5541401273850055,87,70,0,0
sem_erro,xgboost,oscilacao,70,35,35,134,134,76,58,0,134,0,26,26,0.582089552238806,0.582089552238806,0.0,0.0,0.0,0.582089552234462,78,56,0,0
sem_erro,xgboost,oscilacao,70,40,40,118,118,69,49,0,118,0,18,18,0.576271186440678,0.576271186440678,0.0,0.0,0.0,0.5762711864357943,68,50,0,0
sem_erro,xgboost,oscilacao,70,45,45,105,105,59,46,0,105,0,20,20,0.4857142857142857,0.4857142857142857,0.0,0.0,0.0,0.48571428570965985,51,54,0,0
sem_erro,xgboost,oscilacao,70,50,50,94,94,54,40,0,94,0,14,14,0.3617021276595745,0.3617021276595745,0.0,0.0,0.0,0.36170212765572657,34,60,0,0
sem_erro,xgboost,oscilacao,70,55,55,86,86,48,38,0,86,0,15,15,0.47674418604651164,0.47674418604651164,0.0,0.0,0.0,0.4767441860409681,41,45,0,0
sem_erro,xgboost,oscilacao,70,60,60,79,79,45,34,0,79,0,12,12,0.5443037974683544,0.5443037974683544,0.0,0.0,0.0,0.5443037974614645,43,36,0,0
sem_erro,xgboost,oscilacao,70,65,65,73,73,40,33,0,73,0,9,9,0.5205479452054794,0.5205479452054794,0.0,0.0,0.0,0.5205479451983487,38,35,0,0
sem_erro,xgboost,oscilacao,70,70,70,67,67,36,31,0,67,0,17,17,0.47761194029850745,0.47761194029850745,0.0,0.0,0.0,0.4776119402913789,32,35,0,0
sem_erro,xgboost,oscilacao,80,5,5,935,935,562,373,0,935,0,36,36,0.7411764705882353,0.7411764705882353,0.0,0.0,0.0,0.7411764705874426,693,242,0,0
sem_erro,xgboost,oscilacao,80,10,10,468,468,282,186,0,468,0,30,30,0.6923076923076923,0.6923076923076923,0.0,0.0,0.0,0.692307692306213,324,144,0,0
sem_erro,xgboost,oscilacao,80,15,15,312,312,187,125,0,312,0,31,31,0.6987179487179487,0.6987179487179487,0.0,0.0,0.0,0.6987179487157092,218,94,0,0
sem_erro,xgboost,oscilacao,80,20,20,234,234,141,93,0,234,0,27,27,0.5811965811965812,0.5811965811965812,0.0,0.0,0.0,0.5811965811940975,136,98,0,0
sem_erro,xgboost,oscilacao,80,25,25,187,187,113,74,0,187,0,25,25,0.5775401069518716,0.5775401069518716,0.0,0.0,0.0,0.5775401069487832,108,79,0,0
sem_erro,xgboost,oscilacao,80,30,30,156,156,94,62,0,156,0,17,17,0.4423076923076923,0.4423076923076923,0.0,0.0,0.0,0.44230769230485706,69,87,0,0
sem_erro,xgboost,oscilacao,80,35,35,134,134,81,53,0,134,0,21,21,0.5447761194029851,0.5447761194029851,0.0,0.0,0.0,0.5447761193989197,73,61,0,0
sem_erro,xgboost,oscilacao,80,40,40,117,117,70,47,0,117,0,18,18,0.5299145299145299,0.5299145299145299,0.0,0.0,0.0,0.5299145299100008,62,55,0,0
sem_erro,xgboost,oscilacao,80,45,45,104,104,61,43,0,104,0,14,14,0.5673076923076923,0.5673076923076923,0.0,0.0,0.0,0.5673076923022374,59,45,0,0
sem_erro,xgboost,oscilacao,80,50,50,94,94,56,38,0,94,0,18,18,0.425531914893617,0.425531914893617,0.0,0.0,0.0,0.4255319148890901,40,54,0,0
sem_erro,xgboost,oscilacao,80,55,55,85,85,50,35,0,85,0,10,10,0.4,0.4,0.0,0.0,0.0,0.3999999999952941,34,51,0,0
sem_erro,xgboost,oscilacao,80,60,60,78,78,47,31,0,78,0,9,9,0.32051282051282054,0.32051282051282054,0.0,0.0,0.0,0.3205128205087114,25,53,0,0
sem_erro,xgboost,oscilacao,80,65,65,72,72,40,32,0,72,0,14,14,0.5138888888888888,0.5138888888888888,0.0,0.0,0.0,0.5138888888817515,37,35,0,0
sem_erro,xgboost,oscilacao,80,70,70,67,67,38,29,0,67,0,10,10,0.5671641791044776,0.5671641791044776,0.0,0.0,0.0,0.5671641790960125,38,29,0,0
sem_erro,xgboost,oscilacao,80,75,75,63,63,39,24,0,63,0,11,11,0.4603174603174603,0.4603174603174603,0.0,0.0,0.0,0.4603174603101537,29,34,0,0
sem_erro,xgboost,oscilacao,80,80,80,59,59,34,25,0,59,0,13,13,0.5423728813559322,0.5423728813559322,0.0,0.0,0.0,0.5423728813467394,32,27,0,0
sem_erro,xgboost,oscilacao,90,5,5,933,933,587,346,0,933,0,42,42,0.6570203644158628,0.6570203644158628,0.0,0.0,0.0,0.6570203644151587,613,320,0,0
sem_erro,xgboost,oscilacao,90,10,10,467,467,295,172,0,467,0,39,39,0.588865096359743,0.588865096359743,0.0,0.0,0.0,0.588865096358482,275,192,0,0
sem_erro,xgboost,oscilacao,90,15,15,311,311,193,118,0,311,0,28,28,0.6141479099678456,0.6141479099678456,0.0,0.0,0.0,0.6141479099658709,191,120,0,0
sem_erro,xgboost,oscilacao,90,20,20,234,234,149,85,0,234,0,24,24,0.5427350427350427,0.5427350427350427,0.0,0.0,0.0,0.5427350427327233,127,107,0,0
sem_erro,xgboost,oscilacao,90,25,25,187,187,119,68,0,187,0,27,27,0.5614973262032086,0.5614973262032086,0.0,0.0,0.0,0.561497326200206,105,82,0,0
sem_erro,xgboost,oscilacao,90,30,30,156,156,97,59,0,156,0,13,13,0.44871794871794873,0.44871794871794873,0.0,0.0,0.0,0.44871794871507237,70,86,0,0
sem_erro,xgboost,oscilacao,90,35,35,134,134,84,50,0,134,0,19,19,0.5970149253731343,0.5970149253731343,0.0,0.0,0.0,0.5970149253686791,80,54,0,0
sem_erro,xgboost,oscilacao,90,40,40,117,117,73,44,0,117,0,18,18,0.5213675213675214,0.5213675213675214,0.0,0.0,0.0,0.5213675213630652,61,56,0,0
sem_erro,xgboost,oscilacao,90,45,45,104,104,64,40,0,104,0,16,16,0.38461538461538464,0.38461538461538464,0.0,0.0,0.0,0.3846153846116864,40,64,0,0
sem_erro,xgboost,oscilacao,90,50,50,94,94,60,34,0,94,0,20,20,0.4148936170212766,0.4148936170212766,0.0,0.0,0.0,0.41489361701686284,39,55,0,0
sem_erro,xgboost,oscilacao,90,55,55,85,85,50,35,0,85,0,12,12,0.4235294117647059,0.4235294117647059,0.0,0.0,0.0,0.42352941175972314,36,49,0,0
sem_erro,xgboost,oscilacao,90,60,60,78,78,49,29,0,78,0,14,14,0.3076923076923077,0.3076923076923077,0.0,0.0,0.0,0.3076923076883629,24,54,0,0
sem_erro,xgboost,oscilacao,90,65,65,72,72,41,31,0,72,0,10,10,0.2916666666666667,0.2916666666666667,0.0,0.0,0.0,0.2916666666626157,21,51,0,0
sem_erro,xgboost,oscilacao,90,70,70,67,67,40,27,0,67,0,7,7,0.4925373134328358,0.4925373134328358,0.0,0.0,0.0,0.4925373134254845,33,34,0,0
sem_erro,xgboost,oscilacao,90,75,75,63,63,41,22,0,63,0,9,9,0.3333333333333333,0.3333333333333333,0.0,0.0,0.0,0.3333333333280423,21,42,0,0
sem_erro,xgboost,oscilacao,90,80,80,59,59,37,22,0,59,0,9,9,0.3559322033898305,0.3559322033898305,0.0,0.0,0.0,0.3559322033837978,21,38,0,0
sem_erro,xgboost,oscilacao,90,85,85,55,55,32,23,0,55,0,13,13,0.38181818181818183,0.38181818181818183,0.0,0.0,0.0,0.3818181818112397,21,34,0,0
sem_erro,xgboost,oscilacao,90,90,90,52,52,29,23,0,52,0,6,6,0.17307692307692307,0.17307692307692307,0.0,0.0,0.0,0.17307692307359468,9,43,0,0
sem_erro,xgboost,oscilacao,100,5,5,931,931,610,321,0,931,0,39,39,0.5800214822771214,0.5800214822771214,0.0,0.0,0.0,0.5800214822764984,540,391,0,0
sem_erro,xgboost,oscilacao,100,10,10,466,466,307,159,0,466,0,19,19,0.4978540772532189,0.4978540772532189,0.0,0.0,0.0,0.49785407725215053,232,234,0,0
sem_erro,xgboost,oscilacao,100,15,15,311,311,203,108,0,311,0,24,24,0.5466237942122186,0.5466237942122186,0.0,0.0,0.0,0.546623794210461,170,141,0,0
sem_erro,xgboost,oscilacao,100,20,20,233,233,154,79,0,233,0,23,23,0.5364806866952789,0.5364806866952789,0.0,0.0,0.0,0.5364806866929765,125,108,0,0
sem_erro,xgboost,oscilacao,100,25,25,187,187,124,63,0,187,0,19,19,0.49732620320855614,0.49732620320855614,0.0,0.0,0.0,0.49732620320589666,93,94,0,0
sem_erro,xgboost,oscilacao,100,30,30,156,156,103,53,0,156,0,16,16,0.391025641025641,0.391025641025641,0.0,0.0,0.0,0.3910256410231345,61,95,0,0
sem_erro,xgboost,oscilacao,100,35,35,133,133,87,46,0,133,0,18,18,0.3609022556390977,0.3609022556390977,0.0,0.0,0.0,0.36090225563638423,48,85,0,0
sem_erro,xgboost,oscilacao,100,40,40,117,117,77,40,0,117,0,16,16,0.4358974358974359,0.4358974358974359,0.0,0.0,0.0,0.43589743589371027,51,66,0,0
sem_erro,xgboost,oscilacao,100,45,45,104,104,68,36,0,104,0,13,13,0.3173076923076923,0.3173076923076923,0.0,0.0,0.0,0.3173076923046413,33,71,0,0
sem_erro,xgboost,oscilacao,100,50,50,94,94,64,30,0,94,0,14,14,0.3723404255319149,0.3723404255319149,0.0,0.0,0.0,0.3723404255279538,35,59,0,0
sem_erro,xgboost,oscilacao,100,55,55,85,85,53,32,0,85,0,11,11,0.32941176470588235,0.32941176470588235,0.0,0.0,0.0,0.3294117647020069,28,57,0,0
sem_erro,xgboost,oscilacao,100,60,60,78,78,51,27,0,78,0,11,11,0.2948717948717949,0.2948717948717949,0.0,0.0,0.0,0.29487179486801446,23,55,0,0
sem_erro,xgboost,oscilacao,100,65,65,72,72,44,28,0,72,0,10,10,0.3472222222222222,0.3472222222222222,0.0,0.0,0.0,0.3472222222173997,25,47,0,0
sem_erro,xgboost,oscilacao,100,70,70,67,67,42,25,0,67,0,15,15,0.34328358208955223,0.34328358208955223,0.0,0.0,0.0,0.3432835820844286,23,44,0,0
sem_erro,xgboost,oscilacao,100,75,75,63,63,42,21,0,63,0,5,5,0.23809523809523808,0.23809523809523808,0.0,0.0,0.0,0.23809523809145883,15,48,0,0
sem_erro,xgboost,oscilacao,100,80,80,59,59,41,18,0,59,0,6,6,0.23728813559322035,0.23728813559322035,0.0,0.0,0.0,0.2372881355891985,14,45,0,0
sem_erro,xgboost,oscilacao,100,85,85,55,55,37,18,0,55,0,6,6,0.2,0.2,0.0,0.0,0.0,0.19999999999636364,11,44,0,0
sem_erro,xgboost,oscilacao,100,90,90,52,52,31,21,0,52,0,7,7,0.23076923076923078,0.23076923076923078,0.0,0.0,0.0,0.23076923076479292,12,40,0,0
sem_erro,xgboost,oscilacao,100,95,95,49,49,32,17,0,49,0,9,9,0.3673469387755102,0.3673469387755102,0.0,0.0,0.0,0.36734693876801333,18,31,0,0
sem_erro,xgboost,oscilacao,100,100,100,47,47,33,14,0,47,0,5,5,0.10638297872340426,0.10638297872340426,0.0,0.0,0.0,0.10638297872114079,5,42,0,0
sem_erro,xgboost,queda,20,5,5,947,947,225,722,0,947,0,34,34,0.866948257655755,0.866948257655755,0.0,0.0,0.0,0.8669482576548395,821,126,0,0
sem_erro,xgboost,queda,20,10,10,474,474,112,362,0,474,0,20,20,0.8734177215189873,0.8734177215189873,0.0,0.0,0.0,0.8734177215171447,414,60,0,0
sem_erro,xgboost,queda,20,15,15,316,316,72,244,0,316,0,18,18,0.879746835443038,0.879746835443038,0.0,0.0,0.0,0.879746835440254,278,38,0,0
sem_erro,xgboost,queda,20,20,20,237,237,56,181,0,237,0,14,14,0.8776371308016878,0.8776371308016878,0.0,0.0,0.0,0.8776371307979847,208,29,0,0
sem_erro,xgboost,queda,30,5,5,945,945,262,683,0,945,0,28,28,0.834920634920635,0.834920634920635,0.0,0.0,0.0,0.8349206349197514,789,156,0,0
sem_erro,xgboost,queda,30,10,10,473,473,131,342,0,473,0,19,19,0.8245243128964059,0.8245243128964059,0.0,0.0,0.0,0.8245243128946628,390,83,0,0
sem_erro,xgboost,queda,30,15,15,315,315,87,228,0,315,0,16,16,0.8698412698412699,0.8698412698412699,0.0,0.0,0.0,0.8698412698385085,274,41,0,0
sem_erro,xgboost,queda,30,20,20,237,237,67,170,0,237,0,16,16,0.8312236286919831,0.8312236286919831,0.0,0.0,0.0,0.8312236286884759,197,40,0,0
sem_erro,xgboost,queda,30,25,25,189,189,52,137,0,189,0,16,16,0.8624338624338624,0.8624338624338624,0.0,0.0,0.0,0.8624338624292993,163,26,0,0
sem_erro,xgboost,queda,30,30,30,158,158,45,113,0,158,0,13,13,0.8481012658227848,0.8481012658227848,0.0,0.0,0.0,0.8481012658174172,134,24,0,0
sem_erro,xgboost,queda,40,5,5,943,943,294,649,0,943,0,26,26,0.8271474019088016,0.8271474019088016,0.0,0.0,0.0,0.8271474019079246,780,163,0,0
sem_erro,xgboost,queda,40,10,10,472,472,147,325,0,472,0,20,20,0.8326271186440678,0.8326271186440678,0.0,0.0,0.0,0.8326271186423038,393,79,0,0
sem_erro,xgboost,queda,40,15,15,315,315,99,216,0,315,0,15,15,0.8603174603174604,0.8603174603174604,0.0,0.0,0.0,0.8603174603147292,271,44,0,0
sem_erro,xgboost,queda,40,20,20,236,236,73,163,0,236,0,15,15,0.8220338983050848,0.8220338983050848,0.0,0.0,0.0,0.8220338983016016,194,42,0,0
sem_erro,xgboost,queda,40,25,25,189,189,56,133,0,189,0,12,12,0.873015873015873,0.873015873015873,0.0,0.0,0.0,0.8730158730112539,165,24,0,0
sem_erro,xgboost,queda,40,30,30,158,158,50,108,0,158,0,8,8,0.8987341772151899,0.8987341772151899,0.0,0.0,0.0,0.8987341772095018,142,16,0,0
sem_erro,xgboost,queda,40,35,35,135,135,42,93,0,135,0,11,11,0.8888888888888888,0.8888888888888888,0.0,0.0,0.0,0.8888888888823046,120,15,0,0
sem_erro,xgboost,queda,40,40,40,118,118,37,81,0,118,0,14,14,0.8220338983050848,0.8220338983050848,0.0,0.0,0.0,0.8220338982981183,97,21,0,0
sem_erro,xgboost,queda,50,5,5,941,941,325,616,0,941,0,34,34,0.8044633368756642,0.8044633368756642,0.0,0.0,0.0,0.8044633368748093,757,184,0,0
sem_erro,xgboost,queda,50,10,10,471,471,163,308,0,471,0,22,22,0.8046709129511678,0.8046709129511678,0.0,0.0,0.0,0.8046709129494594,379,92,0,0
sem_erro,xgboost,queda,50,15,15,314,314,106,208,0,314,0,13,13,0.8503184713375797,0.8503184713375797,0.0,0.0,0.0,0.8503184713348716,267,47,0,0
sem_erro,xgboost,queda,50,20,20,236,236,83,153,0,236,0,16,16,0.8220338983050848,0.8220338983050848,0.0,0.0,0.0,0.8220338983016016,194,42,0,0
sem_erro,xgboost,queda,50,25,25,189,189,64,125,0,189,0,12,12,0.8571428571428571,0.8571428571428571,0.0,0.0,0.0,0.8571428571383221,162,27,0,0
sem_erro,xgboost,queda,50,30,30,157,157,55,102,0,157,0,12,12,0.8471337579617835,0.8471337579617835,0.0,0.0,0.0,0.8471337579563878,133,24,0,0
sem_erro,xgboost,queda,50,35,35,135,135,49,86,0,135,0,12,12,0.8296296296296296,0.8296296296296296,0.0,0.0,0.0,0.8296296296234843,112,23,0,0
sem_erro,xgboost,queda,50,40,40,118,118,41,77,0,118,0,12,12,0.8135593220338984,0.8135593220338984,0.0,0.0,0.0,0.8135593220270038,96,22,0,0
sem_erro,xgboost,queda,50,45,45,105,105,33,72,0,105,0,10,10,0.8476190476190476,0.8476190476190476,0.0,0.0,0.0,0.8476190476109751,89,16,0,0
sem_erro,xgboost,queda,50,50,50,95,95,34,61,0,95,0,11,11,0.8210526315789474,0.8210526315789474,0.0,0.0,0.0,0.8210526315703047,78,17,0,0
sem_erro,xgboost,queda,60,5,5,939,939,353,586,0,939,0,37,37,0.805111821086262,0.805111821086262,0.0,0.0,0.0,0.8051118210854046,756,183,0,0
sem_erro,xgboost,queda,60,10,10,470,470,177,293,0,470,0,25,25,0.7893617021276595,0.7893617021276595,0.0,0.0,0.0,0.7893617021259801,371,99,0,0
sem_erro,xgboost,queda,60,15,15,313,313,118,195,0,313,0,15,15,0.8562300319488818,0.8562300319488818,0.0,0.0,0.0,0.8562300319461462,268,45,0,0
sem_erro,xgboost,queda,60,20,20,235,235,88,147,0,235,0,17,17,0.7702127659574468,0.7702127659574468,0.0,0.0,0.0,0.7702127659541693,181,54,0,0
sem_erro,xgboost,queda,60,25,25,188,188,71,117,0,188,0,12,12,0.8297872340425532,0.8297872340425532,0.0,0.0,0.0,0.8297872340381395,156,32,0,0
sem_erro,xgboost,queda,60,30,30,157,157,61,96,0,157,0,11,11,0.8343949044585988,0.8343949044585988,0.0,0.0,0.0,0.8343949044532841,131,26,0,0
sem_erro,xgboost,queda,60,35,35,135,135,54,81,0,135,0,13,13,0.7703703703703704,0.7703703703703704,0.0,0.0,0.0,0.7703703703646639,104,31,0,0
sem_erro,xgboost,queda,60,40,40,118,118,45,73,0,118,0,16,16,0.7627118644067796,0.7627118644067796,0.0,0.0,0.0,0.762711864400316,90,28,0,0
sem_erro,xgboost,queda,60,45,45,105,105,38,67,0,105,0,9,9,0.8571428571428571,0.8571428571428571,0.0,0.0,0.0,0.8571428571346938,90,15,0,0
sem_erro,xgboost,queda,60,50,50,94,94,38,56,0,94,0,6,6,0.8617021276595744,0.8617021276595744,0.0,0.0,0.0,0.8617021276504074,81,13,0,0
sem_erro,xgboost,queda,60,55,55,86,86,33,53,0,86,0,9,9,0.8372093023255814,0.8372093023255814,0.0,0.0,0.0,0.8372093023158463,72,14,0,0
sem_erro,xgboost,queda,60,60,60,79,79,31,48,0,79,0,10,10,0.759493670886076,0.759493670886076,0.0,0.0,0.0,0.759493670876462,60,19,0,0
sem_erro,xgboost,queda,70,5,5,937,937,379,558,0,937,0,26,26,0.8452508004268944,0.8452508004268944,0.0,0.0,0.0,0.8452508004259923,792,145,0,0
sem_erro,xgboost,queda,70,10,10,469,469,190,279,0,469,0,23,23,0.8294243070362474,0.8294243070362474,0.0,0.0,0.0,0.8294243070344789,389,80,0,0
sem_erro,xgboost,queda,70,15,15,313,313,129,184,0,313,0,16,16,0.8083067092651757,0.8083067092651757,0.0,0.0,0.0,0.8083067092625933,253,60,0,0
sem_erro,xgboost,queda,70,20,20,235,235,96,139,0,235,0,15,15,0.8297872340425532,0.8297872340425532,0.0,0.0,0.0,0.8297872340390222,195,40,0,0
sem_erro,xgboost,queda,70,25,25,188,188,73,115,0,188,0,8,8,0.8723404255319149,0.8723404255319149,0.0,0.0,0.0,0.8723404255272749,164,24,0,0
sem_erro,xgboost,queda,70,30,30,157,157,66,91,0,157,0,11,11,0.8471337579617835,0.8471337579617835,0.0,0.0,0.0,0.8471337579563878,133,24,0,0
sem_erro,xgboost,queda,70,35,35,134,134,56,78,0,134,0,12,12,0.8059701492537313,0.8059701492537313,0.0,0.0,0.0,0.8059701492477167,108,26,0,0
sem_erro,xgboost,queda,70,40,40,118,118,51,67,0,118,0,12,12,0.7711864406779662,0.7711864406779662,0.0,0.0,0.0,0.7711864406714306,91,27,0,0
sem_erro,xgboost,queda,70,45,45,105,105,43,62,0,105,0,10,10,0.7714285714285715,0.7714285714285715,0.0,0.0,0.0,0.7714285714212245,81,24,0,0
sem_erro,xgboost,queda,70,50,50,94,94,39,55,0,94,0,4,4,0.925531914893617,0.925531914893617,0.0,0.0,0.0,0.925531914883771,87,7,0,0
sem_erro,xgboost,queda,70,55,55,86,86,35,51,0,86,0,9,9,0.813953488372093,0.813953488372093,0.0,0.0,0.0,0.8139534883626284,70,16,0,0
sem_erro,xgboost,queda,70,60,60,79,79,34,45,0,79,0,9,9,0.7468354430379747,0.7468354430379747,0.0,0.0,0.0,0.746835443028521,59,20,0,0
sem_erro,xgboost,queda,70,65,65,73,73,31,42,0,73,0,7,7,0.863013698630137,0.863013698630137,0.0,0.0,0.0,0.8630136986183148,63,10,0,0
sem_erro,xgboost,queda,70,70,70,67,67,30,37,0,67,0,8,8,0.7761194029850746,0.7761194029850746,0.0,0.0,0.0,0.7761194029734907,52,15,0,0
sem_erro,xgboost,queda,80,5,5,935,935,405,530,0,935,0,32,32,0.8213903743315508,0.8213903743315508,0.0,0.0,0.0,0.8213903743306723,768,167,0,0
sem_erro,xgboost,queda,80,10,10,468,468,203,265,0,468,0,22,22,0.8098290598290598,0.8098290598290598,0.0,0.0,0.0,0.8098290598273294,379,89,0,0
sem_erro,xgboost,queda,80,15,15,312,312,133,179,0,312,0,16,16,0.8333333333333334,0.8333333333333334,0.0,0.0,0.0,0.8333333333306624,260,52,0,0
sem_erro,xgboost,queda,80,20,20,234,234,101,133,0,234,0,19,19,0.7692307692307693,0.7692307692307693,0.0,0.0,0.0,0.7692307692274819,180,54,0,0
sem_erro,xgboost,queda,80,25,25,187,187,81,106,0,187,0,14,14,0.7914438502673797,0.7914438502673797,0.0,0.0,0.0,0.7914438502631475,148,39,0,0
sem_erro,xgboost,queda,80,30,30,156,156,68,88,0,156,0,9,9,0.8205128205128205,0.8205128205128205,0.0,0.0,0.0,0.8205128205075609,128,28,0,0
sem_erro,xgboost,queda,80,35,35,134,134,58,76,0,134,0,11,11,0.746268656716418,0.746268656716418,0.0,0.0,0.0,0.7462686567108489,100,34,0,0
sem_erro,xgboost,queda,80,40,40,117,117,52,65,0,117,0,11,11,0.8461538461538461,0.8461538461538461,0.0,0.0,0.0,0.846153846146614,99,18,0,0
sem_erro,xgboost,queda,80,45,45,104,104,43,61,0,104,0,6,6,0.8653846153846154,0.8653846153846154,0.0,0.0,0.0,0.8653846153762943,90,14,0,0
sem_erro,xgboost,queda,80,50,50,94,94,39,55,0,94,0,5,5,0.9042553191489362,0.9042553191489362,0.0,0.0,0.0,0.9042553191393164,85,9,0,0
sem_erro,xgboost,queda,80,55,55,85,85,37,48,0,85,0,8,8,0.7647058823529411,0.7647058823529411,0.0,0.0,0.0,0.7647058823439447,65,20,0,0
sem_erro,xgboost,queda,80,60,60,78,78,35,43,0,78,0,11,11,0.7051282051282052,0.7051282051282052,0.0,0.0,0.0,0.705128205119165,55,23,0,0
sem_erro,xgboost,queda,80,65,65,72,72,33,39,0,72,0,7,7,0.8472222222222222,0.8472222222222222,0.0,0.0,0.0,0.8472222222104552,61,11,0,0
sem_erro,xgboost,queda,80,70,70,67,67,31,36,0,67,0,8,8,0.7611940298507462,0.7611940298507462,0.0,0.0,0.0,0.7611940298393851,51,16,0,0
sem_erro,xgboost,queda,80,75,75,63,63,26,37,0,63,0,1,1,0.9682539682539683,0.9682539682539683,0.0,0.0,0.0,0.9682539682385992,61,2,0,0
sem_erro,xgboost,queda,80,80,80,59,59,27,32,0,59,0,7,7,0.7457627118644068,0.7457627118644068,0.0,0.0,0.0,0.7457627118517668,44,15,0,0
sem_erro,xgboost,queda,90,5,5,933,933,431,502,0,933,0,33,33,0.8210075026795284,0.8210075026795284,0.0,0.0,0.0,0.8210075026786484,766,167,0,0
sem_erro,xgboost,queda,90,10,10,467,467,216,251,0,467,0,24,24,0.7965738758029979,0.7965738758029979,0.0,0.0,0.0,0.7965738758012921,372,95,0,0
sem_erro,xgboost,queda,90,15,15,311,311,144,167,0,311,0,13,13,0.8263665594855305,0.8263665594855305,0.0,0.0,0.0,0.8263665594828734,257,54,0,0
sem_erro,xgboost,queda,90,20,20,234,234,109,125,0,234,0,17,17,0.782051282051282,0.782051282051282,0.0,0.0,0.0,0.7820512820479399,183,51,0,0
sem_erro,xgboost,queda,90,25,25,187,187,84,103,0,187,0,11,11,0.8235294117647058,0.8235294117647058,0.0,0.0,0.0,0.823529411760302,154,33,0,0
sem_erro,xgboost,queda,90,30,30,156,156,74,82,0,156,0,15,15,0.782051282051282,0.782051282051282,0.0,0.0,0.0,0.782051282046269,122,34,0,0
sem_erro,xgboost,queda,90,35,35,134,134,64,70,0,134,0,11,11,0.7313432835820896,0.7313432835820896,0.0,0.0,0.0,0.7313432835766318,98,36,0,0
sem_erro,xgboost,queda,90,40,40,117,117,54,63,0,117,0,11,11,0.7863247863247863,0.7863247863247863,0.0,0.0,0.0,0.7863247863180656,92,25,0,0
sem_erro,xgboost,queda,90,45,45,104,104,46,58,0,104,0,8,8,0.8365384615384616,0.8365384615384616,0.0,0.0,0.0,0.8365384615304179,87,17,0,0
sem_erro,xgboost,queda,90,50,50,94,94,42,52,0,94,0,6,6,0.8297872340425532,0.8297872340425532,0.0,0.0,0.0,0.8297872340337257,78,16,0,0
sem_erro,xgboost,queda,90,55,55,85,85,40,45,0,85,0,8,8,0.8,0.8,0.0,0.0,0.0,0.7999999999905882,68,17,0,0
sem_erro,xgboost,queda,90,60,60,78,78,39,39,0,78,0,10,10,0.7307692307692307,0.7307692307692307,0.0,0.0,0.0,0.7307692307598619,57,21,0,0
sem_erro,xgboost,queda,90,65,65,72,72,34,38,0,72,0,8,8,0.8333333333333334,0.8333333333333334,0.0,0.0,0.0,0.8333333333217592,60,12,0,0
sem_erro,xgboost,queda,90,70,70,67,67,36,31,0,67,0,8,8,0.6865671641791045,0.6865671641791045,0.0,0.0,0.0,0.6865671641688572,46,21,0,0
sem_erro,xgboost,queda,90,75,75,63,63,28,35,0,63,0,4,4,0.9206349206349206,0.9206349206349206,0.0,0.0,0.0,0.9206349206203074,58,5,0,0
sem_erro,xgboost,queda,90,80,80,59,59,28,31,0,59,0,6,6,0.7966101694915254,0.7966101694915254,0.0,0.0,0.0,0.7966101694780237,47,12,0,0
sem_erro,xgboost,queda,90,85,85,55,55,26,29,0,55,0,7,7,0.7818181818181819,0.7818181818181819,0.0,0.0,0.0,0.781818181803967,43,12,0,0
sem_erro,xgboost,queda,90,90,90,52,52,26,26,0,52,0,9,9,0.7307692307692307,0.7307692307692307,0.0,0.0,0.0,0.7307692307551775,38,14,0,0
sem_erro,xgboost,queda,100,5,5,931,931,457,474,0,931,0,26,26,0.7873254564983888,0.7873254564983888,0.0,0.0,0.0,0.7873254564975432,733,198,0,0
sem_erro,xgboost,queda,100,10,10,466,466,229,237,0,466,0,20,20,0.7875536480686696,0.7875536480686696,0.0,0.0,0.0,0.7875536480669795,367,99,0,0
sem_erro,xgboost,queda,100,15,15,311,311,155,156,0,311,0,24,24,0.7588424437299035,0.7588424437299035,0.0,0.0,0.0,0.7588424437274636,236,75,0,0
sem_erro,xgboost,queda,100,20,20,233,233,114,119,0,233,0,16,16,0.7296137339055794,0.7296137339055794,0.0,0.0,0.0,0.729613733902448,170,63,0,0
sem_erro,xgboost,queda,100,25,25,187,187,91,96,0,187,0,12,12,0.7754010695187166,0.7754010695187166,0.0,0.0,0.0,0.7754010695145701,145,42,0,0
sem_erro,xgboost,queda,100,30,30,156,156,79,77,0,156,0,15,15,0.7564102564102564,0.7564102564102564,0.0,0.0,0.0,0.7564102564054077,118,38,0,0
sem_erro,xgboost,queda,100,35,35,133,133,69,64,0,133,0,7,7,0.6992481203007519,0.6992481203007519,0.0,0.0,0.0,0.6992481202954944,93,40,0,0
sem_erro,xgboost,queda,100,40,40,117,117,58,59,0,117,0,12,12,0.6666666666666666,0.6666666666666666,0.0,0.0,0.0,0.6666666666609686,78,39,0,0
sem_erro,xgboost,queda,100,45,45,104,104,51,53,0,104,0,10,10,0.7307692307692307,0.7307692307692307,0.0,0.0,0.0,0.7307692307622041,76,28,0,0
sem_erro,xgboost,queda,100,50,50,94,94,48,46,0,94,0,7,7,0.7127659574468085,0.7127659574468085,0.0,0.0,0.0,0.7127659574392259,67,27,0,0
sem_erro,xgboost,queda,100,55,55,85,85,41,44,0,85,0,7,7,0.7294117647058823,0.7294117647058823,0.0,0.0,0.0,0.729411764697301,62,23,0,0
sem_erro,xgboost,queda,100,60,60,78,78,41,37,0,78,0,10,10,0.6282051282051282,0.6282051282051282,0.0,0.0,0.0,0.6282051281970743,49,29,0,0
sem_erro,xgboost,queda,100,65,65,72,72,37,35,0,72,0,7,7,0.7083333333333334,0.7083333333333334,0.0,0.0,0.0,0.7083333333234954,51,21,0,0
sem_erro,xgboost,queda,100,70,70,67,67,36,31,0,67,0,7,7,0.746268656716418,0.746268656716418,0.0,0.0,0.0,0.7462686567052795,50,17,0,0
sem_erro,xgboost,queda,100,75,75,63,63,32,31,0,63,0,5,5,0.8412698412698413,0.8412698412698413,0.0,0.0,0.0,0.8412698412564878,53,10,0,0
sem_erro,xgboost,queda,100,80,80,59,59,30,29,0,59,0,8,8,0.7966101694915254,0.7966101694915254,0.0,0.0,0.0,0.7966101694780237,47,12,0,0
sem_erro,xgboost,queda,100,85,85,55,55,27,28,0,55,0,7,7,0.7636363636363637,0.7636363636363637,0.0,0.0,0.0,0.7636363636224794,42,13,0,0
sem_erro,xgboost,queda,100,90,90,52,52,27,25,0,52,0,6,6,0.7115384615384616,0.7115384615384616,0.0,0.0,0.0,0.7115384615247782,37,15,0,0
sem_erro,xgboost,queda,100,95,95,49,49,23,26,0,49,0,4,4,0.7551020408163265,0.7551020408163265,0.0,0.0,0.0,0.7551020408009164,37,12,0,0
sem_erro,xgboost,queda,100,100,100,47,47,22,25,0,47,0,7,7,0.7021276595744681,0.7021276595744681,0.0,0.0,0.0,0.7021276595595293,33,14,0,0
